0.0,21.82,17.2,10.73,24.13,18.73,8.95,20.7,30.9,23.36,32.31,20.03,16.83,21.5,20.34,27.76,19.22,30.59,8.81,26.92,19.43,20.29,23.31,11.28,5.16,9.59,28.23,8.69,22.4,20.17,29.66,19.71,27.16,21.76,19.25,26.13,31.38,20.8,3.16,19.99,13.82,20.16,21.55,19.44,28.41,19.53,18.12,31.44,20.42,1.51,14.69,24.23,26.53,33.89,26.68,18.88,30.79,19.74,21.61,21.31,19.14,20.7,28.97,36.46,20.93,29.96,3.72,30.15,30.66,23.68,19.53,20.17,9.59,5.63,20.81,20.27,17.36,19.34,27.55,4.22,25.54,28.49,8.74,25.81,24.0,19.9,23.74,5.72,24.82,19.63,21.61,29.59,23.73,19.9,21.25,25.69,29.49,23.27,17.73,20.71,17.53,20.93,15.82,18.4,18.63,16.6,17.94,19.33,20.64,16.35,18.24,14.4,16.28,16.71,14.16,15.56,16.93,19.1,14.92,19.16,17.2,18.03,15.79,17.99,2.75,4.82,6.37,34.26,6.48,10.29,7.26,9.39,13.03,12.82,4.74,10.43,6.53,12.22,8.64,14.92,12.27,6.5,12.48,10.97,13.34,10.29,14.76,18.79,21.88,16.99,21.84,18.68,15.36,14.75,19.56,21.29,21.35,18.22,21.11,16.46,13.88,15.24,24.49,12.44,15.73,24.45,17.56,19.74,16.45,25.35,20.64,23.89,24.76,26.39,20.89,19.13,18.33,14.89,22.25,20.71,18.82,24.92,25.16,26.06,23.12,19.03,24.12,23.12,23.54,24.82,25.9,25.03,21.94,25.85,23.55,26.34,27.67,31.49,34.15,33.04,31.65,25.37,29.52,34.79,34.22,25.23,29.54,32.69,28.95,29.57,22.87,22.73,22.34,18.26,21.57,22.88,23.07,32.68,35.49,35.66,32.84,32.78,29.81,33.98,34.21,31.47,32.15,32.74,32.17,34.71,23.78,25.95,28.15,28.54,24.47,25.8,35.03,27.36,25.31,26.19,34.59,25.45,23.27,30.24,34.99,26.78,23.14,24.45,22.72,22.01,36.38,25.09,24.24,23.89,27.45,26.96,25.92,28.41,25.77,29.23,21.34,22.73,31.44,31.9,27.57,29.8,23.03,23.94,26.87,28.75,22.08,33.4,21.67,29.54,27.74,29.26,28.85,30.2,28.96,30.77,31.03,32.28,32.11,29.32,36.05,34.43,26.55,29.33,30.32,34.38,23.11,35.08,26.16,27.55,30.95,21.67,27.51,30.13,30.65,24.0,24.96,33.39,32.95,37.46,31.4,31.07,30.16,38.28,32.23,30.43,25.37,32.73,23.77,36.12,35.41,36.65,39.18,40.39,41.54,35.08,34.05,42.46,35.5,40.05,35.81,40.99,43.0,34.25,39.64
21.82,0.0,12.22,23.15,16.95,13.75,15.83,14.47,14.25,16.17,10.49,8.94,10.6,21.66,16.59,14.82,31.48,8.77,21.23,21.32,6.35,14.14,1.49,23.7,19.23,22.01,14.01,15.42,15.21,15.19,7.41,15.27,4.99,1.24,13.02,19.09,15.63,12.61,18.74,16.45,10.01,11.01,14.36,8.35,6.58,31.79,11.82,21.0,20.58,22.62,8.27,2.4,4.71,21.34,21.43,9.81,25.48,15.95,14.42,14.12,12.91,13.51,7.15,14.64,11.61,8.14,19.34,8.33,8.84,1.86,9.87,12.98,22.01,16.67,9.72,12.09,7.75,10.11,5.73,19.46,3.72,15.91,14.52,21.02,17.67,12.72,16.56,18.14,19.85,13.4,11.33,7.77,16.54,9.09,1.61,19.9,7.66,16.09,11.43,13.52,6.43,12.86,9.59,6.92,7.54,9.8,5.92,12.42,3.23,7.28,4.32,8.89,7.42,6.19,8.7,9.0,5.19,7.71,7.33,3.28,9.01,8.97,6.19,30.25,22.07,18.41,19.93,28.95,17.71,14.41,15.84,12.92,13.19,12.98,17.5,19.53,20.06,12.38,22.17,15.08,12.43,16.69,16.47,14.49,17.34,23.82,25.5,29.52,16.57,27.73,22.0,18.84,22.82,21.32,19.72,15.98,21.51,28.95,17.58,24.16,10.07,10.26,17.29,24.86,10.75,17.25,12.58,25.41,31.45,18.15,35.64,21.52,36.19,19.19,15.9,14.15,13.35,30.39,15.92,15.0,11.64,17.73,17.97,18.87,15.92,12.86,16.92,15.92,16.34,19.5,22.35,17.83,14.75,16.35,17.22,21.03,22.36,26.18,28.8,28.34,26.33,20.06,24.0,29.47,27.88,19.92,24.23,27.38,23.63,24.25,10.08,11.64,11.25,5.18,8.49,2.36,2.56,22.24,25.05,25.22,24.32,22.34,19.36,23.54,23.77,21.03,21.7,22.3,25.44,24.27,16.59,16.53,20.96,16.0,17.28,18.62,22.48,20.17,14.22,15.1,22.04,17.03,16.09,17.69,22.44,15.7,12.05,13.36,15.53,10.92,24.22,14.0,13.15,16.7,18.24,15.87,5.25,6.59,3.95,18.78,11.06,9.17,12.94,13.25,15.34,14.42,11.86,15.91,16.43,15.47,15.75,12.66,9.87,19.1,13.96,13.92,18.4,11.7,13.82,8.95,9.21,18.78,18.61,12.74,22.56,21.04,16.86,15.83,11.92,20.99,10.03,21.58,15.07,17.64,17.45,10.58,15.27,16.63,17.15,12.91,11.88,11.57,11.13,12.82,9.58,9.24,7.91,13.64,10.41,8.18,7.93,10.91,7.4,14.3,13.59,14.83,17.36,18.57,19.72,13.25,16.34,20.64,13.68,18.23,13.98,19.17,21.18,12.43,17.82
17.2,12.22,0.0,17.01,11.42,1.77,9.68,13.81,22.54,10.64,22.91,9.98,9.94,16.08,14.92,17.7,25.34,21.19,15.08,21.5,10.03,14.87,13.91,17.56,13.09,15.87,18.17,9.28,9.68,3.21,19.83,14.29,17.41,12.36,12.36,21.18,23.02,12.44,13.63,14.56,8.77,11.81,8.83,9.38,19.01,25.65,11.65,23.08,15.0,17.51,4.82,14.83,17.13,21.17,21.26,10.52,25.37,14.32,8.89,8.59,12.25,7.98,19.57,27.06,12.57,20.56,13.2,20.75,21.26,14.28,6.81,7.45,15.87,10.53,10.75,11.91,7.61,6.62,18.15,12.02,16.14,15.77,8.37,20.39,18.58,7.19,11.03,12.0,19.4,12.74,13.26,20.19,11.01,8.12,11.85,21.99,20.09,10.56,11.25,7.99,8.52,12.57,8.93,9.39,9.54,9.62,7.91,10.97,11.24,5.37,8.84,7.51,8.18,6.69,5.87,8.38,7.92,7.95,6.72,9.76,8.84,9.68,7.43,24.1,16.96,13.3,13.78,28.84,11.56,4.88,9.7,6.78,7.61,7.4,12.39,13.95,14.48,6.79,16.59,9.5,6.84,11.58,10.89,8.91,11.76,18.24,19.92,23.94,16.46,22.15,16.42,13.26,17.24,15.74,14.14,15.87,15.93,23.37,15.69,18.57,8.82,2.53,11.77,18.72,1.56,11.73,1.69,19.89,22.54,12.63,26.73,16.0,30.67,13.67,3.92,2.17,1.36,21.01,16.83,15.29,6.11,12.2,12.44,13.34,10.4,3.49,11.4,5.42,10.82,19.39,20.48,12.31,9.22,16.03,18.13,20.92,22.25,26.07,28.72,27.62,26.23,19.95,24.1,29.36,28.8,19.81,24.12,27.27,23.53,24.14,14.51,12.67,12.28,8.86,12.17,13.48,13.67,24.33,27.14,27.3,26.41,24.43,21.45,25.62,25.85,23.11,23.79,24.39,26.75,26.36,11.06,13.23,15.43,15.83,11.75,13.08,22.31,14.64,15.25,16.13,21.87,12.73,10.55,17.52,22.27,14.06,13.08,14.39,10.0,11.95,23.66,15.04,14.18,11.17,17.39,16.83,17.56,19.01,16.38,20.87,12.99,14.38,23.09,23.55,19.21,21.44,14.68,15.58,18.52,20.4,16.66,25.05,13.31,21.19,19.38,20.91,20.49,21.84,20.6,21.37,21.63,22.22,22.05,19.27,25.99,24.37,16.49,19.27,20.26,24.32,13.71,25.02,16.1,18.1,20.89,11.61,17.45,20.07,20.59,13.94,15.56,23.99,23.56,25.24,22.0,21.67,20.33,26.07,22.83,20.6,17.02,23.33,15.41,26.72,26.01,25.99,29.78,30.99,32.14,25.68,23.99,33.06,26.1,30.65,26.41,31.59,33.6,24.85,30.24
10.73,23.15,17.01,0.0,24.07,18.67,9.93,24.86,33.23,23.29,33.6,20.71,20.99,25.66,24.49,28.43,8.33,31.88,2.96,31.08,20.72,24.45,24.61,2.21,5.74,3.51,28.9,9.53,22.33,20.1,30.52,23.87,28.11,23.05,23.4,31.87,33.71,23.13,9.29,24.14,17.98,22.5,21.48,20.11,29.7,8.64,22.28,33.78,24.58,11.47,15.81,25.52,27.83,33.82,30.84,21.21,34.95,23.9,21.54,21.25,23.29,20.63,30.27,37.76,23.27,31.26,7.77,31.44,31.95,24.98,19.47,20.1,1.7,6.48,21.48,22.61,17.07,19.27,28.84,6.58,26.84,28.43,9.58,29.97,28.16,19.84,26.43,5.15,28.97,23.79,23.95,30.88,23.66,19.9,22.54,29.85,30.78,23.21,21.88,20.64,19.21,23.27,19.97,20.08,19.3,20.76,18.61,21.66,21.94,16.06,19.53,18.55,18.88,17.38,16.85,19.71,18.61,19.1,17.41,20.46,19.53,20.37,18.12,7.1,11.17,7.63,6.43,38.42,7.58,11.13,10.06,10.23,17.19,16.98,8.9,19.69,16.49,16.37,18.6,19.08,16.42,9.11,16.63,14.65,17.5,20.25,24.02,28.05,26.04,26.26,26.0,22.84,26.82,25.32,23.72,25.45,25.51,27.48,25.27,28.15,18.03,15.18,24.42,3.37,15.66,17.65,17.5,8.85,5.53,16.2,9.72,13.0,13.87,15.06,20.82,19.07,18.26,4.0,26.41,24.86,18.76,24.85,27.84,28.75,18.99,18.96,19.99,21.34,23.29,28.97,30.05,24.96,21.87,26.72,27.71,30.5,31.83,35.65,38.3,37.2,35.8,29.53,33.68,38.94,38.38,29.39,33.7,36.85,33.11,33.72,25.2,23.4,23.01,19.55,22.86,24.17,24.36,35.02,37.83,38.0,37.0,35.12,32.14,36.32,36.55,33.81,34.48,35.08,36.32,37.05,23.71,25.88,28.39,28.48,24.4,25.74,34.96,30.04,25.98,26.86,34.53,25.39,23.21,30.18,34.92,26.71,23.81,25.12,22.65,22.68,36.31,25.77,24.91,23.83,28.12,27.63,28.25,29.71,27.07,31.56,23.68,25.07,33.78,34.24,29.9,32.14,25.37,26.28,29.21,31.09,26.24,35.74,24.01,31.88,30.07,31.6,31.18,32.53,31.29,32.06,32.32,32.95,32.78,29.99,36.72,35.1,27.22,30.0,30.99,35.05,24.4,35.75,26.83,28.22,31.62,22.34,28.18,30.8,31.32,24.67,26.25,34.68,34.25,35.94,32.7,32.36,31.02,36.76,33.53,31.3,27.71,34.02,26.1,37.41,36.7,37.94,40.48,41.69,42.83,36.37,34.72,43.75,36.8,41.34,37.1,42.28,44.3,35.55,40.94
24.13,16.95,11.42,24.07,0.0,12.89,16.57,19.13,27.39,3.65,23.31,13.42,15.27,22.97,21.81,13.74,29.68,21.58,21.97,28.26,14.44,18.8,18.32,24.45,19.98,22.76,13.75,16.17,3.88,14.33,24.08,21.18,21.82,16.76,17.68,26.03,27.88,17.29,20.52,21.45,14.67,16.66,2.58,10.59,22.1,29.98,16.5,27.94,21.89,24.4,11.72,19.24,21.54,12.88,28.37,15.37,32.26,21.21,3.38,10.5,17.57,4.29,22.66,28.71,17.43,21.75,20.09,22.4,19.64,18.69,8.02,5.54,22.76,17.42,12.02,16.77,9.98,7.82,22.56,18.91,20.55,7.48,15.26,27.96,22.34,4.33,3.2,18.89,26.79,18.06,18.11,19.68,1.65,9.32,16.26,26.84,21.0,2.79,16.11,4.14,13.54,17.43,14.25,14.41,10.74,14.48,11.15,15.82,15.65,10.91,13.24,13.55,13.04,10.69,12.76,13.66,12.62,9.16,12.0,14.17,13.69,14.53,12.28,28.44,23.85,20.19,20.68,35.73,18.46,15.15,16.59,13.67,14.5,14.29,19.28,20.84,21.37,13.69,23.48,16.39,13.74,18.47,17.78,15.8,18.65,25.13,26.81,30.83,23.35,29.04,23.31,20.15,24.13,22.63,21.03,22.76,22.82,30.26,22.58,25.47,14.73,9.42,9.6,25.61,9.89,13.64,11.73,21.8,26.21,14.54,30.4,17.91,15.15,15.58,15.05,13.29,12.49,25.15,20.59,19.66,6.69,1.63,4.62,5.52,12.31,9.24,13.31,12.31,12.72,26.29,27.37,10.28,3.99,20.88,21.88,27.81,29.14,32.96,35.62,34.51,33.12,26.84,30.94,36.25,35.69,26.7,31.01,34.16,30.42,31.04,19.36,11.59,12.05,13.27,16.58,17.89,18.08,29.18,31.99,32.16,31.26,29.28,26.3,30.48,30.71,27.97,28.64,29.24,32.38,31.21,1.58,4.93,5.95,7.53,3.46,3.61,14.02,6.82,9.47,9.46,13.58,4.44,2.26,9.23,13.97,5.77,9.42,14.17,1.74,10.55,15.36,8.67,8.58,5.3,9.8,8.54,22.41,22.1,20.78,25.72,17.84,19.23,27.94,28.4,24.06,26.3,19.53,20.44,23.37,25.25,20.41,29.9,18.17,26.04,24.23,25.76,25.34,26.7,25.45,18.75,23.28,17.8,17.63,14.84,20.01,19.95,10.8,14.74,15.84,19.9,18.11,19.04,12.05,9.81,16.47,14.78,12.17,15.65,16.17,13.72,15.33,27.08,21.93,28.33,22.4,24.76,25.27,29.15,25.92,25.55,21.87,26.42,20.26,28.37,27.66,21.57,30.4,26.92,28.07,27.33,19.57,28.98,21.96,26.57,22.97,27.51,29.53,26.5,26.17
18.73,13.75,1.77,18.67,12.89,0.0,11.22,15.35,24.07,12.18,24.44,11.51,11.48,17.62,16.45,19.24,26.87,22.72,16.62,23.03,11.56,16.4,15.45,19.09,14.62,17.4,19.7,10.81,11.21,1.44,21.36,15.83,18.95,13.89,13.89,22.71,24.56,13.97,15.17,16.1,10.3,13.34,10.36,10.92,20.54,27.18,13.18,24.62,16.53,19.04,6.36,16.36,18.67,22.7,22.79,12.05,26.91,15.85,10.42,10.13,13.78,9.51,21.11,28.6,14.11,22.1,14.73,22.28,22.79,15.82,8.35,8.98,17.4,12.06,12.28,13.45,9.14,8.15,19.69,13.55,17.68,17.31,9.91,21.92,20.11,8.72,12.56,13.53,20.93,14.27,14.79,21.72,12.54,9.65,13.38,23.52,21.62,12.09,12.79,9.52,10.05,14.11,10.46,10.92,11.07,11.16,9.45,12.5,12.78,6.9,10.37,9.04,9.72,8.22,7.4,9.92,9.45,9.49,8.25,11.3,10.37,11.21,8.96,25.64,18.49,14.83,15.32,30.37,13.1,5.49,11.23,8.31,9.14,8.93,13.92,15.48,16.01,8.33,18.12,11.03,8.38,13.11,12.42,10.44,13.29,19.77,21.45,25.47,17.99,23.68,17.95,14.8,18.77,17.28,15.67,17.4,17.47,24.9,17.22,20.11,10.36,4.06,13.3,20.25,3.09,13.26,3.22,21.42,24.07,14.16,28.27,17.53,32.2,15.2,2.15,0.71,1.36,22.54,18.36,16.82,7.64,13.73,13.97,14.87,11.93,3.5,12.93,3.65,12.35,20.93,22.01,13.85,10.75,17.56,19.66,22.45,23.79,27.6,30.26,29.15,27.76,21.48,25.63,30.9,30.33,21.34,25.65,28.81,25.06,25.68,16.04,14.21,13.82,10.39,13.7,15.01,15.2,25.86,28.67,28.84,27.94,25.96,22.98,27.16,27.39,24.65,25.32,25.92,28.28,27.89,12.59,14.76,16.96,17.36,13.28,14.62,23.84,16.17,16.79,17.67,23.41,14.27,12.09,19.06,23.8,15.6,14.62,15.93,11.53,13.48,25.19,16.57,15.72,12.71,18.92,18.37,19.09,20.55,17.91,22.4,14.52,15.91,24.62,25.08,20.74,22.98,16.21,17.12,20.05,21.93,18.19,26.58,14.85,22.72,20.91,22.44,22.02,23.38,22.13,22.91,23.17,23.75,23.58,20.8,27.53,25.91,18.02,20.81,21.8,25.85,15.24,26.56,17.64,19.63,22.43,13.15,18.98,21.6,22.12,15.48,17.09,25.52,25.09,26.78,23.54,23.2,21.86,27.6,24.37,22.14,18.55,24.86,16.94,28.25,27.54,27.52,31.32,32.53,33.68,27.21,25.53,34.59,27.64,32.18,27.94,33.12,35.14,26.39,31.78
8.95,15.83,9.68,9.93,16.57,11.22,0.0,14.68,24.88,15.97,26.28,13.38,10.82,15.49,14.32,21.11,18.27,24.56,8.01,20.91,13.4,14.27,17.28,10.48,6.01,8.79,21.57,1.8,15.0,12.78,23.64,13.7,20.78,15.72,13.23,20.11,25.36,14.78,5.8,13.97,7.8,14.15,14.16,12.79,22.37,18.57,12.1,25.42,14.4,9.67,8.48,18.19,20.5,26.5,20.66,12.86,24.78,13.72,14.22,13.92,13.12,13.31,22.94,30.43,14.92,23.93,6.13,24.12,24.63,17.65,12.14,12.78,8.79,3.46,14.15,14.26,9.74,11.95,21.52,4.94,19.51,21.1,2.26,19.79,17.99,12.51,16.35,4.92,18.8,13.61,15.6,23.56,16.33,12.58,15.22,19.68,23.45,15.88,11.71,13.32,11.88,14.91,9.8,12.76,11.98,10.59,11.28,13.31,14.61,8.74,12.2,8.38,10.27,10.05,8.15,9.54,11.29,11.77,8.91,13.13,11.18,12.02,9.78,17.03,9.12,4.12,6.71,28.25,4.49,3.8,1.69,2.9,7.02,6.81,4.56,9.29,9.82,6.2,11.93,8.9,6.25,2.64,6.23,4.25,7.09,13.58,13.62,17.64,15.87,15.85,15.82,12.67,16.64,15.15,13.55,15.27,15.34,17.07,15.09,17.98,7.86,7.85,17.09,11.64,8.34,17.06,10.17,18.78,15.47,17.96,19.66,21.33,23.8,19.0,13.5,11.74,10.94,13.93,16.24,14.69,11.43,17.52,17.77,18.67,15.73,11.64,16.73,15.73,16.14,18.8,19.88,17.64,14.55,19.84,17.53,20.32,21.66,25.48,28.13,27.02,25.63,19.36,23.51,28.77,28.21,19.22,23.53,26.68,22.93,23.55,16.85,16.08,15.69,12.22,15.54,16.85,17.04,26.67,29.48,29.64,26.82,26.77,23.79,27.96,28.19,25.45,26.13,26.73,26.15,28.7,16.38,18.56,20.76,21.15,17.08,18.41,27.64,19.96,18.66,19.54,27.2,18.06,15.88,22.85,27.59,19.39,16.49,17.8,15.33,15.35,28.98,18.44,17.59,16.5,20.79,20.3,19.9,22.38,19.74,23.21,15.33,16.72,25.43,25.89,21.55,23.78,17.02,17.93,20.86,22.74,16.06,27.39,15.65,23.53,21.72,23.25,22.83,24.18,22.94,24.74,25.0,25.62,25.45,22.67,29.4,27.78,19.89,22.68,23.67,27.72,17.07,28.43,19.51,20.89,24.3,15.02,20.85,23.47,23.99,17.35,18.92,27.36,26.92,28.61,25.37,25.03,24.14,29.43,26.2,24.42,19.36,26.7,17.75,30.09,29.38,30.62,33.15,34.36,35.51,29.04,27.4,36.43,29.47,34.02,29.77,34.96,36.97,28.22,33.61
20.7,14.47,13.81,24.86,19.13,15.35,14.68,0.0,16.24,18.23,24.86,12.58,4.0,9.21,5.51,20.31,33.2,23.14,22.94,9.52,11.97,3.06,15.86,25.41,19.89,23.72,20.78,16.83,17.26,16.59,20.29,4.2,17.58,14.3,3.4,8.72,16.72,11.49,17.57,5.38,8.84,10.59,16.42,11.99,20.95,33.5,9.23,14.68,8.61,21.44,8.88,16.77,19.08,24.98,10.29,10.48,14.4,4.87,16.48,16.17,1.61,15.57,21.93,29.01,11.35,22.51,19.54,23.06,23.21,16.23,11.92,15.04,23.72,18.08,13.35,10.97,10.84,12.16,20.1,18.28,18.09,19.55,15.92,8.4,6.6,14.77,18.61,19.85,7.41,2.9,12.31,22.14,18.59,12.45,13.8,8.29,22.03,18.14,8.83,15.58,10.07,10.86,4.92,10.95,11.18,7.71,10.48,9.75,13.19,8.5,10.78,7.72,8.83,9.26,8.73,6.66,9.48,11.65,7.47,11.71,8.42,9.64,8.34,31.96,20.89,17.23,21.11,17.87,18.9,15.81,16.28,14.33,8.35,8.89,16.33,14.51,17.16,9.48,19.27,6.38,9.43,15.52,13.57,11.59,11.1,20.92,14.05,18.07,5.49,16.28,9.83,7.3,11.37,9.87,7.55,4.9,7.44,17.5,6.5,11.99,8.89,11.67,19.35,26.57,12.15,19.31,13.99,27.47,30.4,20.21,34.59,23.58,38.25,21.25,17.31,15.56,14.75,28.86,4.85,3.92,13.69,19.78,20.03,20.93,17.98,14.92,18.98,17.98,18.4,8.43,9.51,19.89,16.81,8.45,6.14,9.95,11.28,15.1,17.72,17.26,15.26,8.98,13.13,18.39,16.8,8.84,13.15,16.3,12.56,13.17,13.56,15.28,14.89,10.8,14.12,15.43,15.62,15.93,18.74,18.9,16.45,16.03,13.05,17.22,17.45,14.71,15.39,15.99,15.78,17.96,18.64,20.82,23.02,19.63,19.34,20.67,26.12,22.22,17.86,18.74,25.68,20.32,18.14,21.33,26.08,19.34,15.69,17.0,17.59,14.56,27.47,17.64,16.79,18.76,20.0,19.5,16.34,20.96,18.32,9.71,11.76,13.16,16.78,17.24,11.31,15.14,13.73,9.7,10.66,14.09,4.67,18.74,12.09,12.79,13.08,14.6,12.09,15.54,14.3,23.32,23.58,24.83,24.65,21.87,28.6,26.98,19.1,21.88,22.87,26.93,15.65,27.63,18.71,20.09,23.5,14.22,20.05,22.68,23.19,16.55,17.5,26.34,25.5,22.8,23.95,24.02,20.21,23.62,25.19,18.91,15.8,25.68,14.19,28.67,27.96,29.2,31.73,32.94,34.09,27.62,26.6,35.01,28.05,32.6,28.35,33.54,35.55,26.8,32.19
30.9,14.25,22.54,33.23,27.39,24.07,24.88,16.24,0.0,26.55,13.46,20.9,18.27,19.74,16.04,18.99,45.3,11.74,31.73,10.53,20.25,13.74,14.27,34.2,30.29,32.51,18.18,25.93,25.59,25.69,7.77,14.88,10.03,15.49,16.3,8.3,1.86,12.41,27.97,15.91,19.23,12.09,24.74,20.31,10.76,45.6,15.35,10.2,19.14,31.84,18.35,12.25,12.09,33.3,10.64,15.61,19.2,15.4,24.8,24.49,14.73,23.89,9.41,17.61,13.29,11.11,29.94,10.54,13.01,13.53,20.25,23.36,32.52,27.18,21.68,12.48,19.16,20.48,12.0,28.68,10.72,25.02,25.02,10.23,10.2,23.09,26.93,28.64,9.05,15.8,10.58,11.94,26.92,20.77,15.86,9.1,11.19,26.46,14.96,23.9,16.77,13.14,17.25,19.23,19.5,14.97,18.8,14.27,17.48,17.78,19.06,18.11,15.5,17.58,18.39,16.05,17.75,19.97,16.56,17.54,14.41,14.8,16.62,44.06,31.29,27.63,30.43,22.67,28.21,24.91,26.68,23.43,22.42,22.21,26.72,25.04,29.28,21.6,31.4,19.49,21.65,25.92,25.69,23.71,26.56,33.04,24.58,28.6,14.71,26.81,21.36,17.84,21.9,20.41,20.67,14.12,17.97,28.03,17.03,23.52,19.29,20.77,27.67,35.36,21.25,27.63,23.09,35.79,41.83,28.53,46.02,31.9,46.57,29.57,26.41,24.65,23.85,40.76,14.05,13.14,22.01,28.1,28.35,29.25,26.3,23.24,27.3,26.3,26.72,12.75,11.55,28.21,25.13,10.41,10.79,14.75,16.08,19.9,22.52,22.06,20.06,13.78,13.21,23.19,21.6,13.64,17.95,21.1,17.36,17.97,10.94,23.6,23.21,19.08,22.39,16.62,13.34,11.45,14.34,12.85,13.52,11.54,8.57,12.74,13.03,10.23,10.91,11.5,14.64,14.57,26.97,29.14,31.34,27.95,27.66,28.99,34.44,30.55,26.18,24.24,34.0,28.64,26.46,29.65,34.4,27.66,24.01,25.32,25.91,22.88,28.9,25.96,25.11,27.08,22.42,24.09,9.56,10.15,11.78,7.99,12.15,10.26,1.87,1.01,6.33,1.1,11.11,10.52,5.64,2.14,12.23,2.51,10.96,8.3,4.49,5.54,7.61,3.11,2.51,13.12,12.18,23.46,22.78,16.92,27.23,24.01,21.04,20.01,16.1,23.96,23.93,26.26,22.12,21.81,22.14,22.54,19.45,20.8,21.32,22.1,18.77,13.82,15.31,7.97,12.55,11.5,7.69,8.79,12.67,6.39,6.88,13.16,8.49,17.27,16.56,17.8,20.33,21.54,22.69,16.23,19.31,23.61,16.65,21.2,16.96,22.14,24.15,15.4,20.79
23.36,16.17,10.64,23.29,3.65,12.18,15.97,18.23,26.55,0.0,26.63,10.49,14.58,22.28,21.12,16.21,28.96,24.91,21.28,27.57,13.74,18.11,17.63,23.76,19.29,22.07,16.22,15.48,2.34,13.64,23.55,20.49,21.13,16.07,16.99,25.34,27.19,16.6,19.83,20.76,13.98,15.97,5.06,9.9,22.72,29.27,15.81,27.25,21.2,23.71,11.02,18.54,20.85,15.35,27.68,14.68,31.57,20.52,1.84,9.81,16.88,2.74,23.29,30.78,16.74,24.28,19.4,24.47,22.11,18.0,7.32,4.85,22.07,16.73,11.26,16.08,9.28,7.13,21.87,18.22,19.86,9.95,14.57,27.27,21.65,4.3,2.49,18.2,26.1,17.37,17.42,22.15,2.47,8.63,15.57,26.15,23.8,2.02,15.42,3.68,12.85,16.74,13.56,13.72,10.05,13.79,10.46,15.13,14.96,10.22,12.55,12.86,12.35,10.0,12.07,12.97,11.93,8.46,11.3,13.48,13.0,13.84,11.59,27.73,23.16,19.5,19.98,35.04,17.77,14.46,15.9,12.98,13.81,13.6,18.59,20.15,20.68,13.0,22.79,15.7,13.04,17.78,17.09,15.11,17.96,24.44,26.12,30.14,22.66,28.35,22.62,19.46,23.44,21.94,20.34,22.07,22.13,29.57,21.89,24.77,14.04,8.73,8.89,24.92,9.2,12.95,11.03,21.11,25.5,13.85,29.69,17.22,14.43,14.89,14.36,12.6,11.8,24.43,19.9,18.97,6.0,3.72,3.9,4.81,11.62,8.55,12.62,11.62,12.03,25.6,26.68,9.57,5.51,20.19,21.19,27.12,28.45,32.27,34.93,33.82,32.43,26.15,30.25,35.56,35.0,26.01,30.32,33.47,29.73,30.34,18.67,14.06,14.52,12.57,15.89,17.2,17.39,28.49,31.3,31.47,30.57,28.59,25.61,29.79,30.02,27.28,27.95,28.55,31.69,30.52,5.23,7.4,7.63,10.0,5.93,7.26,16.49,6.1,11.94,11.93,16.05,6.91,4.73,11.7,16.44,8.24,11.89,16.64,4.21,13.02,17.83,11.14,11.05,7.46,12.27,11.01,21.72,22.73,20.09,25.03,17.15,18.54,27.25,27.71,23.37,25.61,18.84,19.75,22.68,24.56,19.72,29.21,17.48,25.35,23.54,25.07,24.65,26.0,24.76,21.22,25.35,20.27,20.1,17.31,22.48,22.42,13.27,17.21,18.31,22.37,17.42,21.51,14.52,12.28,18.94,12.12,14.64,18.12,18.64,16.19,17.8,27.71,24.4,28.96,25.72,25.38,24.05,29.78,26.55,24.32,21.18,27.05,19.57,30.44,29.73,24.04,32.87,29.39,30.54,29.39,22.04,31.45,24.43,29.04,25.44,29.98,32.0,28.57,28.64
32.31,10.49,22.91,33.6,23.31,24.44,26.28,24.86,13.46,26.63,0.0,18.95,21.05,29.48,25.79,10.97,41.93,2.38,31.68,20.27,16.8,23.49,10.46,34.15,29.68,32.46,10.17,25.87,25.66,25.64,5.92,24.62,8.08,11.69,23.47,18.04,14.58,16.83,29.19,25.65,20.46,14.09,23.07,18.8,5.1,42.24,17.94,19.94,31.03,33.07,18.72,8.44,6.44,20.37,20.38,16.73,28.95,25.15,24.87,24.57,23.36,23.96,4.05,10.45,14.7,3.4,29.79,4.13,4.99,9.72,20.32,23.43,32.46,27.12,17.55,17.07,18.2,20.56,6.35,29.91,6.92,17.01,24.97,19.97,19.94,23.17,25.55,28.59,18.79,23.85,14.42,3.92,23.99,19.54,12.06,18.85,3.56,25.13,17.54,23.97,16.88,15.95,20.04,17.37,17.99,17.55,16.37,15.51,13.68,17.73,14.77,19.34,17.87,16.64,19.15,18.63,15.64,18.16,17.78,13.73,17.0,15.92,16.64,40.7,32.52,28.86,30.38,32.41,28.16,24.86,26.29,23.37,23.64,23.43,27.95,29.98,30.51,22.83,32.62,25.53,22.88,27.14,26.92,24.94,27.79,34.27,35.95,39.97,24.45,38.18,32.45,29.29,33.27,31.77,30.17,23.86,27.71,39.4,26.77,34.61,20.52,20.71,27.74,35.31,21.2,27.7,23.03,35.86,41.9,28.6,46.09,31.97,46.64,29.64,26.35,24.6,23.8,40.84,23.79,22.88,22.09,24.38,26.96,27.86,26.37,23.31,27.37,26.37,26.79,22.49,21.3,28.28,24.48,20.15,20.53,24.49,25.82,29.64,32.27,31.8,29.8,23.52,22.95,32.94,31.34,23.38,27.69,30.85,27.1,27.72,13.17,17.97,16.87,15.63,15.53,12.81,13.01,21.19,24.0,24.16,23.27,21.29,18.31,22.48,22.71,19.97,20.65,21.25,24.38,23.22,22.13,18.67,26.6,18.13,20.15,24.26,21.51,25.64,16.54,16.22,17.75,19.16,21.34,19.83,21.47,17.84,18.38,16.23,22.22,17.25,16.02,18.55,17.87,25.78,14.4,16.08,8.34,5.11,7.52,17.73,14.15,12.26,11.89,12.45,16.07,13.37,14.95,19.0,15.38,14.41,21.98,11.87,12.96,18.05,12.9,12.86,17.35,10.64,12.77,5.11,5.02,10.58,11.28,8.9,14.35,11.14,13.02,11.69,8.08,11.08,17.07,13.38,14.1,13.8,9.26,20.31,11.43,10.81,11.18,14.08,10.75,8.82,7.29,10.07,1.95,6.5,7.11,10.9,7.67,7.39,11.01,8.16,10.49,10.1,9.39,4.92,12.14,8.67,9.81,9.06,6.43,10.73,3.78,8.32,4.08,9.26,11.28,8.24,7.92
20.03,8.94,9.98,20.71,13.42,11.51,13.38,12.58,20.9,10.49,18.95,0.0,8.78,20.17,14.76,8.62,31.07,16.92,18.78,21.77,5.71,12.31,10.51,21.25,16.78,19.56,9.09,12.97,9.4,12.98,16.43,13.45,14.01,8.95,11.19,19.54,21.39,10.81,16.92,14.63,8.19,10.17,8.55,1.21,15.6,31.37,10.01,21.45,19.09,20.79,5.82,11.42,13.73,13.29,21.88,8.88,23.65,14.12,8.61,10.26,11.08,7.7,16.17,23.66,10.94,17.09,16.89,17.34,14.98,10.88,4.25,7.17,19.56,14.22,1.67,10.28,4.97,2.64,14.75,15.71,12.74,7.86,12.06,21.47,15.85,6.91,10.75,15.69,20.3,11.57,11.62,15.02,13.81,1.29,8.44,20.35,16.34,10.28,9.62,7.71,5.66,10.94,7.76,6.42,1.82,7.99,3.72,9.33,7.84,4.82,5.43,7.07,6.01,3.74,6.25,7.18,4.81,3.01,5.31,6.36,7.21,8.04,4.78,29.83,20.24,16.58,17.48,27.12,15.26,11.96,13.39,10.47,11.7,11.49,15.68,18.04,18.57,10.88,20.68,13.58,10.93,14.87,14.98,13.0,15.84,22.33,24.0,28.03,14.74,26.24,20.5,17.35,21.32,19.83,18.23,14.15,20.02,27.46,15.75,22.66,8.24,8.07,13.43,22.41,8.54,13.4,10.37,21.56,27.6,14.3,31.79,17.67,32.34,15.34,13.7,11.94,11.14,26.53,14.1,13.17,5.83,14.2,12.16,13.06,12.07,7.89,13.07,12.07,12.48,17.68,18.76,13.98,8.94,14.39,15.39,19.2,20.53,24.35,26.98,26.51,24.51,18.23,24.46,27.65,26.05,18.09,22.4,25.55,21.81,22.43,12.87,3.59,3.2,4.54,7.85,10.07,10.26,22.69,25.5,25.67,24.77,22.79,19.81,23.99,24.22,21.48,22.16,22.75,25.89,24.72,11.94,8.49,16.42,7.95,9.96,14.07,14.43,14.36,6.17,7.05,14.0,8.98,11.16,9.65,14.39,7.65,4.0,5.31,12.04,2.87,15.78,5.96,5.1,10.9,8.31,7.82,14.27,15.61,12.97,19.23,11.35,12.74,21.45,21.91,17.58,19.81,13.04,13.95,16.88,18.76,13.93,23.41,11.68,19.55,17.74,19.27,18.85,20.21,18.97,14.09,18.23,13.14,12.97,10.19,16.91,15.29,7.41,10.19,11.18,15.24,9.39,15.94,7.02,8.41,11.81,2.53,8.37,10.99,11.51,4.87,10.21,20.58,17.28,21.84,17.74,18.26,16.92,22.66,19.43,17.2,15.38,19.92,13.77,23.31,22.6,16.91,25.74,22.26,23.41,22.27,14.91,24.32,17.3,21.92,18.31,22.86,24.87,21.45,21.51
16.83,10.6,9.94,20.99,15.27,11.48,10.82,4.0,18.27,14.58,21.05,8.78,0.0,9.81,6.11,16.44,29.33,19.27,19.07,10.12,8.11,3.66,11.99,21.54,16.02,19.85,16.91,12.96,13.4,12.73,16.21,4.8,13.71,10.43,2.54,9.32,18.21,7.62,13.7,5.98,4.97,6.72,12.55,8.12,17.09,29.63,5.36,15.29,9.21,17.58,5.01,12.91,15.21,21.11,10.89,6.61,15.0,5.47,12.61,12.3,2.43,11.7,17.65,25.14,7.48,18.64,15.67,18.83,19.34,12.36,8.06,11.17,19.86,14.21,9.49,7.1,6.97,8.29,16.23,14.41,14.22,15.68,12.05,9.0,7.2,10.9,14.74,15.98,8.01,2.92,8.44,18.27,14.73,8.58,9.93,8.89,18.16,14.27,4.96,11.71,6.21,6.99,1.05,7.08,7.31,3.84,6.61,5.88,9.32,4.64,6.92,3.85,4.96,5.39,4.86,2.79,5.61,7.78,3.6,7.84,4.55,5.77,4.47,28.09,17.02,13.36,17.24,18.47,15.03,11.94,12.41,10.46,8.15,7.94,12.46,14.49,15.02,7.33,17.13,3.39,7.38,11.65,11.43,9.45,12.29,18.78,14.65,18.67,6.09,16.88,11.43,7.91,11.97,10.47,10.74,5.5,8.04,18.1,7.1,13.59,5.02,7.8,15.48,22.7,8.28,15.44,10.12,23.6,26.53,16.34,30.72,19.71,34.38,17.38,13.44,11.69,10.88,25.0,5.45,4.52,9.82,15.92,16.16,17.06,14.11,11.05,15.11,14.11,14.53,9.03,10.11,16.02,12.94,9.05,6.74,10.55,11.88,15.7,18.32,17.86,15.86,9.58,13.73,19.0,17.4,9.44,13.75,16.9,13.16,13.78,9.69,11.41,11.02,6.94,10.25,11.56,11.75,16.53,19.34,19.51,17.05,16.63,13.65,17.83,18.06,15.32,15.99,16.59,16.38,18.56,14.78,16.95,19.15,15.77,15.47,16.8,22.25,18.36,13.99,14.87,21.81,16.45,14.27,17.46,22.21,15.47,11.82,13.13,13.72,10.69,23.6,13.77,12.92,14.89,16.13,15.64,12.47,17.09,14.45,10.31,7.9,9.29,18.27,18.73,14.39,16.63,9.86,10.3,11.26,15.58,5.28,20.23,8.22,13.39,14.56,16.09,12.69,17.02,15.78,19.45,19.71,20.96,20.78,18.0,24.73,23.11,15.23,18.01,19.0,23.06,11.78,23.76,14.84,16.22,19.63,10.35,16.19,18.81,19.32,12.68,13.63,22.07,21.63,24.28,20.08,19.75,16.71,25.11,20.91,16.98,11.93,21.41,10.32,24.8,24.09,25.33,27.86,29.07,30.22,23.76,22.73,31.14,24.18,28.73,24.49,29.67,31.68,22.93,28.32
21.5,21.66,16.08,25.66,22.97,17.62,15.49,9.21,19.74,22.28,29.48,20.17,9.81,0.0,5.82,26.62,33.83,29.45,23.57,12.96,18.29,6.33,22.17,26.05,20.53,24.36,27.09,16.39,20.89,18.67,23.74,5.98,26.02,20.62,9.26,12.17,20.17,19.66,18.2,4.2,12.68,19.03,20.05,18.3,27.27,34.14,16.98,18.13,1.08,16.93,13.18,23.09,25.39,32.39,12.72,17.74,16.84,5.78,20.1,19.81,7.69,19.2,25.37,35.33,19.79,28.82,20.18,29.01,29.52,22.55,18.03,18.67,24.36,20.4,19.67,19.13,15.86,17.84,26.41,18.92,24.41,26.99,18.32,11.85,10.04,18.4,22.24,20.49,10.86,8.76,20.47,28.45,22.22,19.34,20.11,11.73,28.35,21.77,16.59,19.2,16.39,19.79,10.78,17.26,17.49,15.46,16.8,18.19,19.51,14.85,17.1,13.26,15.14,15.57,13.02,14.42,15.79,17.88,13.78,18.03,16.06,16.9,14.65,32.6,21.53,17.87,21.74,18.3,19.54,18.21,16.92,16.73,8.88,9.42,16.96,7.23,11.94,10.0,14.06,6.9,9.95,16.15,7.62,12.11,7.03,15.7,6.76,10.78,7.92,8.99,2.64,3.1,4.08,2.59,4.24,7.33,1.77,10.22,4.12,5.7,12.74,13.74,22.98,27.21,14.23,22.95,16.06,31.11,31.03,23.85,35.22,27.22,41.89,24.89,19.38,17.63,16.82,29.5,8.29,6.75,17.32,23.41,23.65,24.56,21.62,17.52,22.61,21.62,22.03,10.86,11.94,23.53,20.44,11.9,9.59,12.38,13.72,17.53,15.85,14.75,17.01,11.41,15.56,20.83,15.93,11.27,15.58,16.73,14.99,15.61,21.73,21.59,21.2,17.12,20.43,21.74,21.93,21.19,22.19,22.35,18.88,19.47,16.5,22.23,20.9,18.16,18.84,19.43,18.21,21.4,22.27,24.44,26.64,27.04,22.96,24.3,33.53,25.85,24.17,25.05,33.09,23.95,21.77,28.74,33.48,25.28,22.0,23.31,21.21,20.87,34.87,23.96,23.1,22.39,26.31,25.82,24.78,27.28,24.64,13.15,20.2,21.6,20.23,20.69,14.76,18.59,21.9,13.15,14.11,17.54,8.12,22.19,20.53,16.24,16.52,18.05,15.54,18.99,17.74,29.63,29.89,31.14,30.97,28.18,34.91,33.29,25.41,28.19,29.18,33.24,21.97,33.94,25.02,26.41,29.81,20.53,26.37,28.99,29.51,22.86,23.82,29.79,31.82,26.24,30.27,27.47,23.66,27.07,28.63,22.36,24.24,29.13,22.63,34.98,34.27,35.51,38.05,39.25,40.4,33.94,32.91,41.32,34.37,38.91,34.67,39.85,41.86,33.11,38.5
20.34,16.59,14.92,24.49,21.81,16.45,14.32,5.51,16.04,21.12,25.79,14.76,6.11,5.82,0.0,22.47,33.06,24.01,22.8,9.26,14.14,2.63,18.02,25.27,19.75,23.58,22.94,15.61,20.11,17.89,20.04,2.28,19.74,16.47,5.56,8.47,16.47,13.66,17.43,1.98,11.9,12.75,19.27,14.15,23.02,33.36,11.39,14.43,5.22,21.3,12.41,18.94,21.24,31.61,9.02,12.64,13.14,1.42,19.33,19.03,3.99,18.42,21.68,29.88,13.52,23.38,19.4,22.81,25.28,18.4,17.25,17.89,23.58,19.62,15.52,13.13,15.08,17.06,22.26,18.14,20.26,26.21,17.54,8.15,6.34,17.62,21.46,19.71,7.16,5.06,14.47,24.21,21.44,14.61,15.96,8.04,23.45,20.99,11.0,18.43,12.24,13.02,7.08,13.11,13.34,9.87,12.65,11.91,15.36,14.07,12.95,12.48,10.99,11.42,12.24,8.83,11.64,13.81,9.63,13.88,10.58,11.8,10.5,31.82,20.75,17.09,20.97,16.6,18.76,17.43,16.14,15.95,8.1,8.64,16.19,11.12,15.84,9.22,17.95,6.12,9.18,15.38,8.29,11.34,7.7,19.6,10.65,14.68,4.22,12.89,7.44,3.91,7.97,6.48,5.49,3.63,4.04,14.11,3.11,9.6,11.96,12.96,22.2,26.43,13.45,22.17,15.28,30.33,30.26,23.07,34.45,26.44,41.11,24.11,18.61,16.85,16.05,28.72,4.59,3.05,16.54,22.63,22.88,23.78,20.84,16.75,21.84,20.84,21.25,7.16,8.24,22.75,19.66,8.2,5.89,8.68,10.02,13.83,16.46,15.99,13.99,7.72,11.86,17.13,15.53,7.57,11.88,15.04,11.29,11.91,17.38,17.44,17.05,12.97,16.28,17.59,17.78,17.49,18.49,18.65,15.18,15.78,12.8,18.53,17.2,14.46,15.14,15.74,14.51,17.71,21.49,23.67,25.87,26.26,22.19,23.52,32.75,25.07,20.02,20.9,32.31,23.17,20.99,27.96,32.7,24.5,17.85,19.16,20.44,16.72,34.09,19.81,18.95,21.61,22.16,21.67,18.5,22.41,20.49,9.45,13.93,15.32,16.53,16.99,11.06,14.89,17.55,9.45,10.41,13.84,4.42,18.49,14.25,12.54,12.82,14.35,11.84,15.29,14.04,25.39,24.45,26.99,26.82,24.03,30.76,29.14,21.26,24.04,25.03,29.09,17.82,29.79,20.87,22.26,25.66,16.38,22.22,24.84,25.36,18.71,19.67,26.09,27.57,22.55,24.82,23.77,19.96,23.37,24.93,18.66,18.85,25.43,16.35,29.54,28.83,30.07,32.6,33.81,34.96,28.49,31.58,35.88,28.92,33.47,29.22,34.41,36.42,27.67,33.06
27.76,14.82,17.7,28.43,13.74,19.24,21.11,20.31,18.99,16.21,10.97,8.62,16.44,26.62,22.47,0.0,38.79,8.95,26.5,25.8,7.49,20.04,14.83,28.98,24.51,27.29,1.12,20.7,16.37,20.71,11.44,21.18,12.44,16.06,18.92,23.57,20.11,18.53,24.64,22.35,15.91,18.46,13.21,8.94,9.46,39.1,17.74,25.47,26.81,28.52,13.55,12.81,10.8,13.62,25.91,16.61,31.38,21.85,15.86,17.99,18.81,15.58,10.03,16.08,19.07,9.12,24.62,9.77,7.01,14.09,11.97,14.9,27.29,21.95,7.23,18.01,12.7,12.21,10.71,23.44,11.29,7.15,19.79,25.5,25.47,14.95,15.69,23.42,24.32,19.3,18.78,7.05,14.13,9.91,16.42,24.38,8.37,15.27,17.35,14.76,11.06,18.67,15.49,11.55,9.55,15.72,11.44,17.06,12.27,12.55,9.86,14.79,13.73,11.47,13.98,14.9,9.82,10.74,13.04,10.79,14.93,15.77,12.51,37.56,27.97,24.31,25.2,34.85,22.98,19.68,21.12,18.2,19.43,19.21,23.4,25.76,26.29,18.61,28.4,21.31,18.66,22.59,22.7,20.72,23.57,30.05,31.73,35.75,22.47,33.96,28.23,25.08,29.05,27.56,25.95,21.88,27.75,35.18,23.48,30.39,15.97,15.79,21.16,30.14,16.26,21.12,18.1,29.28,35.32,22.02,39.51,25.39,27.63,23.07,21.42,19.67,18.86,34.26,21.82,20.9,13.56,14.52,17.1,18.0,19.79,15.61,20.79,19.8,20.21,25.4,26.83,21.71,14.62,22.12,23.12,26.93,28.26,32.08,34.7,34.24,32.23,25.96,28.48,35.37,33.78,25.82,30.13,33.28,29.54,30.15,17.53,7.65,6.55,8.28,7.43,17.18,17.37,26.72,29.53,29.69,28.79,26.81,23.84,28.01,28.24,25.5,26.18,26.77,29.91,28.74,12.27,8.81,16.74,8.27,10.29,14.4,14.76,15.78,6.68,6.36,14.32,9.3,11.48,9.97,14.71,7.97,8.06,5.91,12.36,6.93,10.61,8.69,8.01,15.92,4.54,6.22,12.71,9.47,11.89,23.26,18.51,16.62,17.42,17.98,21.6,18.9,19.32,21.68,20.91,19.94,21.65,17.4,17.32,23.58,18.43,18.39,22.88,16.17,18.29,6.12,10.65,5.17,4.99,2.21,8.94,7.32,3.16,2.22,3.21,7.27,8.97,7.97,4.24,3.94,3.84,9.99,1.57,3.02,3.53,3.76,1.59,14.45,9.3,15.7,9.77,12.12,12.64,16.52,13.29,12.92,15.38,13.79,14.86,15.74,15.03,8.94,17.76,14.29,15.43,14.69,6.94,16.35,9.33,13.94,10.34,14.88,16.9,13.87,13.54
19.22,31.48,25.34,8.33,29.68,26.87,18.27,33.2,45.3,28.96,41.93,31.07,29.33,33.83,33.06,38.79,0.0,40.21,11.29,39.41,29.05,32.78,32.94,9.87,14.07,11.84,38.18,17.86,29.69,28.44,38.86,32.2,36.44,31.38,31.74,40.21,42.05,31.47,17.62,32.48,26.31,30.83,28.85,29.4,38.03,2.09,30.61,42.11,32.91,18.68,24.14,33.85,36.16,41.19,39.17,29.55,43.28,32.23,28.9,22.02,31.63,28.0,38.6,46.09,31.6,39.59,16.1,39.77,40.28,33.31,26.83,27.47,10.03,14.81,30.76,30.94,27.61,26.64,37.18,14.92,35.17,35.79,17.92,38.3,36.49,27.2,27.09,13.48,37.31,32.12,32.28,39.22,28.42,28.14,30.87,38.18,39.11,27.58,30.22,28.0,27.54,31.6,28.31,28.42,29.55,29.09,26.94,30.0,30.27,24.4,27.86,26.89,27.21,28.33,25.19,28.05,26.94,29.07,25.74,28.79,27.87,28.7,26.45,1.24,17.79,15.96,14.76,46.75,15.92,19.46,18.39,18.56,25.52,25.31,17.23,28.45,24.55,24.71,26.66,27.41,24.76,17.44,24.97,22.99,25.83,28.31,32.78,33.22,34.37,34.57,34.33,31.17,35.15,33.65,32.05,33.78,33.84,35.79,33.6,36.49,26.37,23.51,25.2,8.71,24.0,18.31,25.83,9.51,4.37,16.86,3.46,13.66,14.53,15.73,29.15,27.4,26.59,4.5,34.74,33.2,26.12,29.66,28.51,29.41,19.65,24.88,20.65,22.0,23.96,37.31,38.39,25.74,29.24,35.05,36.04,38.83,40.16,43.98,46.64,45.53,44.14,37.86,42.01,47.28,46.71,37.72,42.03,45.18,41.44,42.06,33.53,32.69,32.3,27.88,31.19,32.5,32.7,43.35,46.16,46.33,45.33,43.45,40.48,44.65,44.88,42.14,42.82,43.41,44.66,45.38,31.07,33.24,29.05,35.84,31.76,31.4,42.32,30.7,35.27,36.15,41.89,32.75,30.57,37.54,42.28,34.08,33.1,34.41,30.01,31.96,43.67,35.05,34.2,31.19,37.4,36.85,36.59,38.04,35.4,39.9,32.01,33.4,42.11,42.57,38.24,40.47,33.7,34.61,37.54,39.42,34.57,44.07,32.34,40.21,38.41,39.93,39.51,40.87,39.63,40.4,40.66,42.23,42.06,39.28,46.01,44.39,36.5,39.29,40.28,44.33,32.73,45.04,36.12,38.11,40.91,31.63,37.46,40.08,40.6,33.96,34.58,43.01,42.58,44.27,41.03,40.69,39.36,45.09,41.86,39.63,36.04,42.36,34.44,45.75,45.03,46.0,48.81,50.02,51.17,44.7,44.01,52.09,45.13,49.68,45.43,50.62,52.63,43.88,49.27
30.59,8.77,21.19,31.88,21.58,22.72,24.56,23.14,11.74,24.91,2.38,16.92,19.27,29.45,24.01,8.95,40.21,0.0,29.95,18.54,15.08,21.76,8.74,32.43,27.96,30.74,8.44,24.15,23.94,23.92,4.19,22.9,6.36,9.97,21.74,16.32,12.86,15.11,27.47,23.93,18.74,12.37,21.34,17.08,3.38,40.52,16.21,18.22,29.31,31.35,17.0,6.72,4.71,21.76,18.66,15.0,27.22,23.42,23.15,22.84,21.64,22.24,2.33,8.73,12.98,1.68,28.07,2.41,3.27,8.0,18.6,21.71,30.74,25.4,15.83,15.35,16.48,18.83,4.62,28.18,5.2,15.29,23.24,18.25,18.22,21.45,23.82,26.87,17.07,22.13,12.7,2.2,22.27,17.82,10.34,17.12,1.83,23.41,15.82,22.25,15.16,14.22,18.31,15.65,16.27,15.83,14.64,13.79,11.95,16.0,13.05,17.62,16.14,14.92,17.43,16.91,13.92,16.44,16.06,12.01,15.28,14.2,14.92,38.98,30.79,27.13,28.66,30.69,26.44,23.13,24.57,21.65,21.92,21.71,26.23,28.26,28.79,21.1,30.9,23.81,21.15,25.42,25.2,23.22,26.07,32.55,34.23,38.25,22.73,36.46,30.73,27.57,31.55,30.05,28.45,22.14,25.99,37.68,25.05,32.88,18.79,18.99,26.02,33.59,19.48,25.98,21.31,34.14,40.18,26.88,44.37,30.25,44.92,27.92,24.63,22.88,22.07,39.12,22.06,21.16,20.37,22.66,25.24,26.14,24.65,21.59,25.65,24.65,25.07,20.77,19.57,26.56,22.75,18.43,18.81,22.77,24.1,27.92,30.54,30.08,28.08,21.8,21.23,31.21,29.62,21.66,25.97,29.12,25.38,25.99,11.44,16.25,15.15,13.91,13.81,11.09,11.28,19.47,22.27,22.44,21.54,19.56,16.59,20.76,20.99,18.25,18.93,19.52,22.66,21.49,20.4,16.95,24.88,16.41,18.43,22.54,22.89,23.92,14.82,14.5,19.54,17.44,19.62,18.11,22.85,16.11,16.66,14.51,20.5,15.53,17.82,16.82,16.15,24.06,12.68,14.35,6.62,3.38,5.8,16.01,12.43,10.54,10.17,10.73,14.35,11.64,13.23,17.28,13.65,12.69,20.25,10.15,11.24,16.32,11.18,11.14,15.63,8.92,11.04,3.38,3.29,12.38,13.08,7.18,16.15,12.93,11.3,10.27,6.36,12.88,15.35,15.18,12.38,12.08,11.06,18.59,9.71,11.07,11.58,12.36,9.03,7.1,5.57,8.35,1.47,4.77,5.39,9.17,5.94,5.67,9.29,6.44,8.77,8.38,7.67,6.71,11.45,10.46,11.61,7.34,8.23,12.53,5.57,10.12,5.87,11.06,13.07,6.51,9.71
8.81,21.23,15.08,2.96,21.97,16.62,8.01,22.94,31.73,21.28,31.68,18.78,19.07,23.57,22.8,26.5,11.29,29.95,0.0,29.15,18.79,22.52,22.68,3.51,3.81,2.75,26.97,7.6,20.4,18.18,28.6,21.95,26.18,21.12,21.48,29.95,31.79,21.21,7.36,22.22,16.05,20.57,19.56,18.19,27.77,11.6,20.35,31.85,22.65,9.54,13.88,23.59,25.9,31.9,28.91,19.29,33.03,21.97,19.62,19.32,21.37,18.71,28.34,35.83,21.34,29.33,5.84,29.52,30.03,23.05,17.54,18.18,3.0,4.55,19.55,20.68,15.14,17.35,26.92,4.66,24.91,26.5,7.66,28.04,26.23,17.91,21.75,3.22,27.05,21.86,22.02,28.96,21.73,17.98,20.62,27.92,28.85,21.28,19.96,18.72,17.28,21.34,18.05,18.16,17.38,18.83,16.68,19.74,20.01,14.14,17.6,16.63,16.95,15.45,14.93,17.79,16.69,17.17,15.48,18.53,17.61,18.44,16.2,10.06,9.24,5.71,4.5,36.49,5.66,9.2,8.13,8.3,15.26,15.05,6.97,17.77,14.56,14.45,16.67,17.15,14.5,7.18,14.71,12.73,15.58,18.32,22.1,26.12,24.11,24.33,24.07,20.92,24.89,23.4,21.79,23.52,23.59,25.55,23.34,26.23,16.11,13.25,22.49,4.67,13.74,20.61,15.57,11.81,8.49,19.16,12.69,15.96,16.83,18.03,18.9,17.14,16.34,6.96,24.48,22.94,16.83,22.92,23.17,24.07,21.95,17.04,22.95,21.13,21.54,27.05,28.13,23.04,19.95,24.79,25.78,28.57,29.91,33.72,36.38,35.27,33.88,27.6,31.75,37.02,36.45,27.46,31.77,34.93,31.18,31.8,23.28,21.48,21.09,17.62,20.94,22.25,22.44,33.1,35.9,36.07,35.07,33.19,30.22,34.39,34.62,31.88,32.56,33.15,34.4,35.12,21.78,23.96,26.16,26.55,22.48,23.81,33.04,25.36,24.06,24.94,32.6,23.46,21.28,28.25,32.99,24.79,21.89,23.2,20.73,20.75,34.38,23.84,22.99,21.9,26.19,25.7,26.33,27.78,25.14,29.64,21.75,23.14,31.85,32.31,27.98,30.21,23.45,24.35,27.28,29.16,24.31,33.81,22.08,29.95,28.15,29.67,29.26,30.61,29.37,30.14,30.4,31.02,30.85,28.07,34.8,33.18,25.29,28.08,29.07,33.12,22.47,33.83,24.91,26.29,29.7,20.42,26.25,28.87,29.39,22.75,24.32,32.76,32.32,34.01,30.77,30.43,29.1,34.83,31.6,29.37,25.78,32.1,24.18,35.49,34.78,36.02,38.55,39.76,40.91,34.44,32.8,41.83,34.87,39.42,35.17,40.36,42.37,33.62,39.01
26.92,21.32,21.5,31.08,28.26,23.03,20.91,9.52,10.53,27.57,20.27,21.77,10.12,12.96,9.26,25.8,39.41,18.54,29.15,0.0,21.17,6.96,21.28,31.86,26.34,30.16,24.93,22.2,26.5,24.47,14.52,8.1,16.78,23.5,9.52,2.95,10.95,13.33,24.01,9.13,14.96,16.03,25.66,21.23,17.51,39.95,16.27,8.91,12.36,27.89,19.27,19.26,18.84,34.22,1.56,16.53,10.13,8.63,25.72,25.41,7.95,24.81,16.16,24.36,14.21,17.86,25.98,17.29,19.76,20.54,21.17,24.28,30.17,26.21,22.59,13.4,20.08,21.4,18.75,24.72,17.73,28.79,24.13,1.53,3.42,24.01,27.85,26.29,2.27,9.02,11.5,18.69,27.84,21.69,22.99,1.84,17.94,27.38,15.88,24.82,17.69,14.06,11.04,20.15,20.42,15.88,19.72,15.19,22.39,18.7,19.98,13.84,16.42,18.5,14.85,12.78,18.67,20.89,17.47,20.91,15.33,15.72,17.54,38.4,27.34,23.68,27.55,13.6,25.34,24.02,22.73,22.54,14.69,15.22,22.77,18.26,23.49,15.81,25.6,12.71,15.76,21.96,15.44,17.92,14.85,27.25,17.8,21.82,7.53,20.03,14.58,11.06,15.12,13.63,13.89,7.22,11.19,21.25,10.25,16.74,15.01,19.55,28.59,33.01,20.03,28.55,21.87,36.71,36.84,29.45,41.03,32.82,47.49,30.49,25.19,23.43,22.63,35.31,7.27,6.36,22.93,29.02,29.27,30.17,27.22,24.16,28.22,27.22,27.64,3.67,2.48,29.13,26.05,3.63,4.01,5.67,7.01,10.83,13.45,12.99,10.98,4.71,2.92,14.12,12.53,4.57,8.88,12.03,8.28,8.9,11.86,24.52,24.13,20.0,23.31,24.62,19.58,10.16,12.97,13.13,12.17,10.26,7.28,11.45,11.68,8.94,9.62,10.22,11.5,12.19,27.89,30.06,32.26,28.87,28.58,29.91,35.36,31.47,27.1,27.98,34.92,29.56,27.38,30.57,35.32,28.58,24.93,26.24,26.83,23.8,36.71,26.88,26.03,28.0,29.24,28.74,16.01,16.9,18.79,3.94,15.38,13.5,11.01,11.47,5.54,9.37,12.03,4.88,4.89,8.32,5.45,12.97,12.9,7.02,7.31,8.83,6.32,9.77,8.53,19.87,18.93,30.21,29.53,23.67,33.98,30.76,28.34,26.76,22.85,30.71,24.85,33.01,27.95,28.56,28.89,23.46,26.2,27.55,28.07,25.79,26.7,20.57,22.06,17.03,19.3,18.25,14.44,17.85,19.42,13.14,13.34,19.91,14.53,24.02,23.31,24.55,27.08,28.29,29.44,22.98,26.06,30.36,23.4,27.95,23.71,28.89,30.9,22.15,27.54
19.43,6.35,10.03,20.72,14.44,11.56,13.4,11.97,20.25,13.74,16.8,5.71,8.11,18.29,14.14,7.49,29.05,15.08,18.79,21.17,0.0,11.65,7.82,21.22,16.75,19.52,8.61,12.94,12.72,12.7,13.74,12.79,11.33,6.27,10.53,18.87,20.71,10.13,16.26,13.97,7.53,9.49,11.88,5.04,12.92,29.3,9.34,20.77,18.1,20.13,5.79,8.74,11.04,18.03,21.21,7.32,23.0,13.47,11.94,11.63,10.42,11.03,13.49,20.98,10.26,14.47,16.86,14.66,11.63,8.2,6.19,10.5,19.53,14.19,6.4,9.6,5.27,6.43,12.06,16.97,10.06,12.6,12.03,20.8,15.19,10.23,14.07,15.65,19.62,10.91,10.94,11.67,14.05,5.77,5.76,19.67,14.0,13.6,8.94,11.03,3.94,10.26,7.1,4.43,4.22,7.31,2.61,8.66,5.16,4.79,2.75,6.41,4.93,3.71,6.22,6.52,2.7,4.4,4.85,3.68,6.53,6.48,3.71,27.76,19.58,15.92,17.44,26.46,15.22,11.92,13.36,10.44,10.71,10.5,15.02,17.05,17.58,9.89,19.69,12.59,9.94,14.21,13.99,12.01,14.85,21.34,23.01,27.04,14.08,25.25,19.51,16.36,20.33,18.84,17.24,13.49,19.03,26.47,15.09,21.67,7.58,7.78,14.8,22.37,8.26,14.77,10.1,22.93,28.97,15.67,33.16,19.04,33.71,16.71,13.42,11.66,10.86,27.9,13.44,12.51,9.15,15.24,15.49,16.39,13.44,10.38,14.44,13.44,13.85,17.02,18.1,15.35,12.27,13.71,14.73,18.54,19.87,23.69,26.32,25.85,23.85,17.57,23.78,26.99,25.39,17.43,21.74,24.9,21.15,21.77,12.2,8.33,7.93,1.17,2.52,7.39,7.58,22.02,24.82,24.99,24.09,22.11,19.14,23.31,23.54,20.8,21.48,22.07,25.21,24.04,14.1,13.22,18.48,12.68,14.8,16.13,19.16,17.68,10.9,11.79,18.73,13.71,13.6,14.38,19.12,12.38,8.73,10.05,13.05,7.6,18.1,10.69,9.83,14.22,12.03,12.55,11.59,12.92,10.29,18.56,10.67,12.06,20.77,21.23,16.9,19.13,12.37,13.27,16.2,18.08,13.27,19.0,11.0,18.87,17.07,18.59,18.18,19.53,18.29,10.74,15.54,12.66,12.48,9.7,16.43,14.81,10.65,9.71,10.7,14.76,4.05,15.46,11.76,11.43,11.33,7.26,9.06,10.51,11.02,9.6,5.9,17.9,13.92,19.15,15.92,15.58,14.24,19.98,16.75,14.52,14.26,17.24,13.74,20.63,19.92,16.43,23.7,21.77,22.92,19.59,14.43,23.84,16.81,21.43,17.83,22.37,24.38,18.76,21.02
20.29,14.14,14.87,24.45,18.8,16.4,14.27,3.06,13.74,18.11,23.49,12.31,3.66,6.33,2.63,20.04,32.78,21.76,22.52,6.96,11.65,0.0,15.57,25.22,19.7,23.53,20.49,15.57,16.98,17.84,17.73,1.32,17.29,14.02,3.11,6.16,14.16,11.2,17.38,2.49,8.55,10.3,16.13,11.7,20.71,33.31,8.94,12.12,5.73,21.26,8.59,16.49,18.79,24.69,7.73,10.19,11.84,1.99,16.19,15.88,1.54,15.28,19.37,27.57,11.06,21.07,19.35,20.5,22.97,15.94,11.64,14.75,23.54,19.58,13.07,10.68,10.55,11.87,19.81,18.09,17.8,19.26,17.5,5.84,4.03,14.49,18.33,19.66,4.85,2.61,12.02,21.9,18.31,12.16,13.51,5.73,21.14,17.85,8.54,15.29,9.79,10.57,4.63,10.66,10.89,7.42,10.2,9.46,12.9,8.22,10.5,7.43,8.54,8.97,8.44,6.37,9.19,11.36,7.18,11.42,8.13,9.35,8.05,31.77,20.7,17.04,20.92,15.31,18.71,17.39,16.09,15.9,8.05,8.59,16.14,11.63,16.86,9.18,18.97,6.08,9.13,15.33,8.81,11.29,8.22,20.62,11.17,15.19,2.93,13.4,7.95,4.42,8.49,6.99,7.26,2.34,4.56,14.62,3.62,10.11,8.6,12.92,19.06,26.38,13.4,19.02,15.24,27.18,30.21,19.92,34.4,23.29,37.96,20.96,18.56,16.8,16.0,28.68,2.28,1.36,13.41,19.5,19.74,20.64,17.69,16.7,18.69,17.69,18.11,5.86,6.94,19.6,16.52,5.89,3.58,7.39,8.72,12.54,15.16,14.7,12.69,6.42,10.57,15.83,14.24,6.28,10.59,13.74,10.0,10.61,15.07,14.99,14.6,10.52,13.83,15.14,15.33,13.37,16.18,16.34,13.89,13.47,10.49,14.66,14.89,12.15,12.83,13.43,13.21,15.4,18.36,20.53,22.73,19.35,19.05,20.38,25.83,21.94,17.57,18.45,25.39,20.03,17.85,21.04,25.79,19.05,15.4,16.71,17.3,14.27,27.18,17.35,16.5,18.47,19.71,19.22,16.05,20.1,18.03,7.14,11.48,12.87,14.22,14.68,8.75,12.58,15.24,7.14,8.1,11.53,2.11,16.18,11.8,10.23,10.51,12.04,9.53,12.98,11.73,23.08,22.14,24.54,24.37,21.58,28.31,26.69,18.81,21.59,22.58,26.64,15.37,27.34,18.42,19.81,23.21,13.93,19.77,22.39,22.91,16.26,17.22,23.78,25.26,20.24,22.51,21.46,17.65,21.06,22.62,16.35,16.54,23.12,13.9,27.23,26.52,27.76,30.29,31.5,32.65,26.18,26.31,33.57,26.61,31.16,26.91,32.1,34.11,25.36,30.75
23.31,1.49,13.91,24.61,18.32,15.45,17.28,15.86,14.27,17.63,10.46,10.51,11.99,22.17,18.02,14.83,32.94,8.74,22.68,21.28,7.82,15.57,0.0,25.19,20.72,23.5,14.02,16.91,16.7,16.68,7.42,16.77,5.01,2.73,14.51,19.11,15.65,13.76,20.23,17.94,11.5,11.02,15.85,9.84,6.6,33.28,13.31,21.01,22.07,24.11,9.76,2.42,4.73,22.83,21.45,11.3,26.97,17.44,15.91,15.61,14.4,15.0,7.17,14.66,11.63,8.15,20.83,8.34,8.85,1.88,11.36,14.47,23.5,18.16,11.21,13.58,9.24,11.6,5.74,20.95,3.74,17.4,16.01,21.04,21.01,14.21,18.05,19.63,19.86,14.89,11.35,7.78,18.03,10.58,3.1,19.91,7.68,17.58,12.92,15.01,7.92,12.87,11.08,8.41,9.03,11.29,7.41,12.44,4.72,8.77,5.81,10.38,8.91,7.68,10.19,10.49,6.68,9.2,8.82,4.77,10.5,10.46,7.68,31.74,23.56,19.9,21.42,30.44,19.2,15.9,17.33,14.41,14.68,14.47,18.99,21.02,21.55,13.87,23.66,16.57,13.92,18.18,17.96,15.98,18.83,25.31,26.99,31.01,18.06,29.22,23.49,20.33,24.31,22.81,21.21,17.47,23.0,30.44,19.07,25.65,11.56,11.75,18.78,26.35,12.24,18.74,14.07,26.9,32.94,19.64,37.13,23.01,37.68,20.68,17.39,15.64,14.84,31.88,17.41,16.49,13.13,19.22,19.46,20.36,17.41,14.35,18.41,17.41,17.83,20.99,22.36,19.32,16.24,16.37,18.71,22.52,23.85,27.67,30.29,29.83,27.82,21.55,24.02,30.96,29.37,21.41,25.72,28.87,25.12,25.74,10.09,13.13,12.74,6.67,9.98,3.86,4.05,22.26,25.06,25.23,24.33,22.35,19.38,23.55,23.78,21.04,21.72,22.31,25.45,24.28,18.08,18.02,22.45,17.49,18.77,20.11,23.97,21.66,15.71,16.59,23.53,18.52,17.58,19.18,23.93,17.19,13.54,14.85,17.02,12.41,24.24,15.5,14.64,18.19,18.26,17.36,5.27,6.61,3.97,18.8,11.08,9.19,12.96,13.26,15.35,14.44,11.88,15.93,16.45,15.48,17.24,12.68,9.88,19.11,13.97,13.93,18.42,11.71,13.83,8.96,9.22,18.8,18.62,12.76,22.57,21.06,16.88,15.85,11.94,21.0,11.52,21.6,17.96,17.65,17.47,12.07,15.29,16.65,17.16,14.4,14.61,11.58,11.15,12.83,9.6,9.26,7.92,13.66,10.43,8.2,7.94,10.92,7.42,14.31,13.6,14.84,17.38,18.59,19.73,13.27,16.35,20.65,13.7,18.24,14.0,19.18,21.2,12.44,17.84
11.28,23.7,17.56,2.21,24.45,19.09,10.48,25.41,34.2,23.76,34.15,21.25,21.54,26.05,25.27,28.98,9.87,32.43,3.51,31.86,21.22,25.22,25.19,0.0,6.29,2.96,29.45,10.08,22.88,20.65,31.07,24.42,28.66,23.6,23.95,32.42,34.26,23.68,9.84,24.69,18.53,23.05,22.03,20.66,30.25,10.18,22.83,34.33,25.13,12.02,16.36,26.07,28.38,34.37,31.39,21.76,35.5,24.45,22.09,21.8,23.84,21.18,30.82,38.31,23.82,31.81,8.32,31.99,32.5,25.53,20.02,20.65,1.15,7.03,22.03,23.16,17.62,19.82,29.39,7.13,27.39,28.98,10.13,30.52,28.71,20.39,27.97,5.7,29.52,24.34,24.5,31.43,24.21,20.45,23.09,30.4,31.33,23.76,22.43,21.19,19.76,23.82,20.52,20.63,19.85,21.31,19.16,22.21,22.49,16.61,20.08,19.1,19.43,17.93,17.4,20.26,19.16,19.65,17.96,21.01,20.08,20.92,18.67,8.64,11.72,8.18,6.98,38.97,8.13,11.68,10.61,10.78,17.74,17.53,9.45,20.24,17.04,16.92,19.15,19.63,16.97,9.66,17.18,15.2,18.05,20.8,24.57,28.6,26.59,26.81,26.55,23.39,27.37,25.87,24.27,26.0,26.06,28.03,25.82,28.7,18.58,15.73,24.97,1.16,16.21,19.18,18.05,10.38,7.1,17.74,11.29,14.54,15.41,16.6,21.37,19.62,18.81,5.54,26.96,25.41,19.31,25.4,29.38,30.28,20.53,19.51,21.52,22.88,24.83,29.52,30.6,25.52,22.42,27.27,28.26,31.05,32.38,36.2,38.85,37.75,36.35,30.08,34.23,39.49,38.93,29.94,34.25,37.4,33.66,34.27,25.75,23.95,23.56,20.1,23.41,24.72,24.91,35.57,38.38,38.55,37.55,35.67,32.69,36.87,37.1,34.36,35.03,35.63,36.87,37.6,24.26,26.43,29.93,29.03,24.95,26.29,35.51,31.58,26.53,27.41,35.08,25.94,23.76,30.73,35.47,27.26,24.36,25.67,23.2,23.23,36.86,26.32,25.46,24.38,28.67,28.18,28.8,30.26,27.62,32.11,24.23,25.62,34.33,34.79,30.45,32.69,25.92,26.83,29.76,31.64,26.79,36.29,24.56,32.43,30.62,32.15,31.73,33.08,31.84,32.62,32.87,33.5,33.33,30.54,37.27,35.65,27.77,30.55,31.54,35.6,24.95,36.3,27.38,28.77,32.17,22.89,28.73,31.35,31.87,25.22,26.8,35.23,34.8,36.49,33.25,32.91,31.57,37.31,34.08,31.85,28.26,34.57,26.65,37.96,37.25,38.49,41.03,42.24,43.38,36.92,35.27,44.3,37.35,41.89,37.65,42.83,44.85,36.1,41.49
5.16,19.23,13.09,5.74,19.98,14.62,6.01,19.89,30.29,19.29,29.68,16.78,16.02,20.53,19.75,24.51,14.07,27.96,3.81,26.34,16.75,19.7,20.72,6.29,0.0,4.59,24.98,5.61,18.41,16.19,28.84,18.9,26.34,19.13,18.43,25.32,30.57,19.98,4.32,19.17,13.01,19.35,17.57,16.2,25.78,14.37,17.31,30.63,19.61,5.89,11.89,21.6,23.91,29.91,25.87,18.06,29.98,18.93,17.62,17.33,18.32,16.72,26.35,33.84,20.12,27.34,2.2,27.52,28.03,21.06,15.55,16.19,4.6,2.56,17.56,19.46,13.15,15.36,24.93,1.61,22.92,24.51,5.67,25.0,23.19,15.92,19.76,1.12,24.01,18.82,20.8,26.96,19.74,15.98,18.62,24.88,26.86,19.29,16.91,16.72,15.29,20.12,15.0,17.59,15.38,15.79,14.69,18.51,18.02,12.14,15.61,13.59,15.47,13.46,13.35,14.74,16.12,15.18,14.11,16.54,16.38,17.22,14.98,12.83,5.6,2.66,1.3,33.45,3.57,7.21,5.09,6.31,12.22,12.01,3.93,14.72,10.92,11.4,13.03,14.11,11.45,4.14,11.66,9.68,12.53,14.68,19.05,23.08,21.07,21.29,21.03,17.87,21.85,20.35,18.75,20.48,20.54,22.51,20.3,23.18,13.06,11.26,20.5,7.44,11.75,20.47,13.58,14.58,11.27,21.36,15.46,18.74,19.61,20.8,16.9,15.15,14.34,9.74,21.44,19.9,14.84,20.93,21.17,22.08,19.14,15.04,20.13,19.14,19.55,24.0,25.09,21.05,17.96,25.04,22.74,25.53,26.86,30.68,33.33,32.23,30.84,24.56,28.71,33.97,33.41,24.42,28.73,31.88,28.14,28.75,22.05,19.49,19.09,15.63,18.94,20.25,20.44,31.87,34.68,34.85,32.03,31.97,28.99,33.17,33.4,30.66,31.34,31.93,31.36,33.9,19.79,21.96,24.16,24.56,20.48,21.82,31.05,23.37,22.06,22.95,30.61,21.47,19.29,26.26,31.0,22.8,19.89,21.21,18.73,18.76,32.39,21.85,20.99,19.91,24.2,23.71,25.1,25.79,23.15,28.41,20.53,21.92,30.63,31.09,26.75,28.99,22.22,23.13,26.06,27.94,21.27,32.59,20.86,28.73,26.92,28.45,28.03,29.39,28.14,28.15,28.41,29.03,28.86,26.08,32.81,31.18,23.3,26.09,27.08,31.13,20.48,31.83,22.92,24.3,27.7,18.42,24.26,26.88,27.4,20.76,22.33,30.76,30.33,32.02,28.78,28.44,29.34,32.84,29.61,29.62,24.56,30.1,22.95,33.49,32.78,34.02,36.56,37.77,38.92,32.45,30.8,39.83,32.88,37.43,33.18,38.37,40.38,31.63,37.02
9.59,22.01,15.87,3.51,22.76,17.4,8.79,23.72,32.51,22.07,32.46,19.56,19.85,24.36,23.58,27.29,11.84,30.74,2.75,30.16,19.52,23.53,23.5,2.96,4.59,0.0,27.76,8.39,21.19,18.96,29.38,22.73,26.97,21.91,22.26,30.73,32.57,21.99,8.15,23.0,16.83,21.36,20.34,18.97,28.56,12.15,21.13,32.63,23.44,10.32,14.67,24.38,26.68,32.68,29.7,20.07,33.81,22.75,20.4,20.1,22.15,19.49,29.13,36.62,22.12,30.11,6.63,30.3,30.81,23.84,18.32,18.96,1.95,5.34,20.34,21.47,15.93,18.13,27.7,5.44,25.7,27.29,8.44,28.82,27.02,18.7,22.54,4.01,27.83,22.64,22.81,29.74,22.52,18.76,21.4,28.71,29.64,22.07,20.74,19.5,18.07,22.12,18.83,18.94,18.16,19.62,17.46,20.52,20.8,14.92,18.39,17.41,17.73,16.24,15.71,18.57,17.47,17.96,16.27,19.31,18.39,19.23,16.98,10.6,10.03,6.49,5.29,37.28,6.44,9.99,8.92,9.09,16.05,15.84,7.75,18.55,15.35,15.23,17.46,17.93,15.28,7.96,15.49,13.51,16.36,19.11,22.88,26.9,24.9,25.11,24.85,21.7,25.67,24.18,22.58,24.3,24.37,26.34,24.12,27.01,16.89,14.04,23.28,4.12,14.52,21.15,16.36,12.35,9.04,19.7,13.23,16.51,17.38,18.57,19.68,17.92,17.12,7.51,25.27,23.72,17.62,23.71,23.95,24.85,21.91,17.82,22.91,21.91,22.33,27.83,28.91,23.82,20.73,25.58,26.56,29.36,30.69,34.51,37.16,36.05,34.66,28.39,32.54,37.8,37.24,28.25,32.56,35.71,31.96,32.58,24.06,22.26,21.87,18.41,21.72,23.03,23.22,33.88,36.69,36.85,35.85,33.98,31.0,35.17,35.4,32.66,33.34,33.94,35.18,35.91,22.57,24.74,26.94,27.34,23.26,24.6,33.82,26.15,24.84,25.72,33.38,24.24,22.06,29.03,33.78,25.57,22.67,23.98,21.51,21.54,35.17,24.62,23.77,22.68,26.98,26.49,27.11,28.56,25.93,30.42,22.54,23.93,32.64,33.1,28.76,30.99,24.23,25.14,28.07,29.95,25.1,34.6,22.86,30.74,28.93,30.46,30.04,31.39,30.15,30.92,31.18,31.81,31.64,28.85,35.58,33.96,26.08,28.86,29.85,33.91,23.26,34.61,25.69,27.07,30.48,21.2,27.04,29.66,30.18,23.53,25.11,33.54,33.11,34.79,31.55,31.22,29.88,35.62,32.39,30.16,26.57,32.88,24.96,36.27,35.56,36.8,39.34,40.54,41.69,35.23,33.58,42.61,35.65,40.2,35.96,41.14,43.15,34.4,39.79
28.23,14.01,18.17,28.9,13.75,19.7,21.57,20.78,18.18,16.22,10.17,9.09,16.91,27.09,22.94,1.12,38.18,8.44,26.97,24.93,8.61,20.49,14.02,29.45,24.98,27.76,0.0,21.17,16.37,21.17,10.64,21.64,11.64,15.25,19.39,22.76,19.3,19.0,25.11,22.82,16.38,17.65,13.21,9.41,8.66,39.56,18.21,24.67,27.28,28.99,14.02,12.0,10.0,13.62,25.1,17.08,33.67,22.32,15.87,18.45,19.28,15.58,9.23,15.28,18.26,8.31,25.09,8.96,6.2,13.28,12.44,15.37,27.76,22.42,7.69,18.47,13.17,12.68,9.91,23.9,10.48,7.15,20.26,24.69,24.66,14.96,15.69,23.88,23.52,19.77,17.98,6.24,14.14,10.38,15.62,23.57,7.56,15.27,17.81,14.76,13.85,19.5,15.96,14.62,10.02,16.18,11.91,19.07,17.24,13.02,10.98,15.26,14.2,11.94,14.44,15.37,10.93,11.2,13.5,11.91,15.4,16.24,12.98,38.02,28.44,24.77,25.67,37.14,23.45,20.15,21.58,18.66,19.89,19.68,23.87,26.23,26.76,19.08,28.87,21.78,19.12,23.06,23.17,21.19,24.04,30.52,32.2,36.22,22.94,34.43,28.7,25.54,29.52,28.02,26.42,22.34,28.21,35.65,23.94,30.85,16.43,16.26,21.63,30.6,16.73,21.59,18.57,29.75,35.79,22.49,39.98,25.86,27.64,23.53,21.89,20.13,19.33,34.73,22.29,21.36,14.02,14.53,17.11,18.01,20.26,16.08,21.26,20.26,20.68,27.21,26.02,22.17,14.62,23.0,25.26,29.21,30.55,34.36,36.99,36.52,34.52,28.25,27.67,37.66,36.06,28.11,32.42,35.57,31.82,32.44,16.72,8.12,7.02,9.4,8.54,16.37,16.57,25.91,28.72,28.89,27.99,26.01,23.03,27.21,27.44,24.7,25.37,25.97,29.11,27.94,12.27,8.81,16.75,8.28,10.29,14.4,14.76,15.78,6.68,6.37,14.32,9.31,11.49,9.97,14.72,7.98,8.53,6.38,12.37,7.39,10.11,8.69,8.02,15.93,4.55,6.22,11.9,8.67,11.08,22.45,17.71,15.82,16.61,17.18,20.79,18.09,18.51,22.56,20.1,19.14,22.12,16.59,16.52,22.77,17.63,17.59,22.07,15.37,17.49,5.31,9.84,4.67,4.5,1.41,8.44,6.82,3.16,1.72,2.4,6.77,10.08,7.47,4.25,3.94,3.34,10.45,1.58,2.52,3.04,4.23,2.7,13.64,8.5,14.89,8.96,11.32,11.84,15.72,12.49,12.11,14.57,12.98,14.05,14.93,14.22,7.05,15.87,12.4,13.54,13.89,6.44,14.46,7.44,12.05,8.45,12.99,15.0,13.06,11.64
8.69,15.42,9.28,9.53,16.17,10.81,1.8,16.83,25.93,15.48,25.87,12.97,12.96,16.39,15.61,20.7,17.86,24.15,7.6,22.2,12.94,15.57,16.91,10.08,5.61,8.39,21.17,0.0,14.6,12.38,22.8,17.55,20.38,15.32,15.37,24.14,25.99,15.41,5.92,17.82,8.88,14.77,13.76,12.39,21.97,18.17,14.61,26.05,18.26,9.42,8.08,17.79,20.1,26.1,24.51,13.48,28.63,17.57,13.81,13.52,15.26,12.91,22.54,30.03,15.54,23.53,5.72,23.71,24.22,17.25,11.74,12.38,8.39,3.05,13.75,14.88,9.34,11.55,21.12,4.54,19.11,20.7,1.86,23.64,21.84,12.11,15.95,4.52,22.65,15.75,16.22,23.15,15.93,12.17,14.81,24.95,23.05,15.48,14.22,12.91,11.48,15.54,11.94,12.36,11.57,12.59,10.88,13.93,14.21,8.33,11.8,10.77,11.15,9.65,9.13,11.35,10.88,11.37,9.68,12.73,11.81,12.64,10.39,16.63,9.12,4.24,6.31,32.1,4.09,3.4,1.81,2.5,10.87,10.66,4.68,10.36,10.89,10.05,13.0,12.75,10.1,2.76,7.3,5.32,8.17,14.65,14.69,18.71,19.72,16.92,19.67,16.52,20.49,19.0,17.4,19.12,19.19,18.14,18.94,21.83,8.93,7.45,16.69,11.24,7.94,16.66,9.77,18.38,15.06,17.56,19.25,20.93,23.4,18.6,13.09,11.34,10.53,13.53,20.09,18.54,11.03,17.12,17.36,18.27,15.33,11.23,16.32,15.33,15.74,22.65,23.73,17.24,14.15,18.99,21.38,24.18,25.51,29.33,31.98,30.87,29.48,23.21,27.36,32.62,32.06,23.07,27.38,30.53,26.78,27.4,17.47,15.68,15.28,11.82,15.13,16.44,16.64,27.29,30.1,30.27,29.37,27.39,24.41,28.59,28.82,26.08,26.76,27.35,30.0,29.32,15.98,18.15,20.35,20.75,16.67,18.01,27.24,19.56,18.25,19.14,26.8,17.66,15.48,22.45,27.19,18.99,16.08,17.4,14.92,14.95,28.58,18.04,17.18,16.1,20.39,19.9,20.53,21.98,19.34,23.83,15.95,17.34,26.05,26.51,22.18,24.41,17.64,18.55,21.48,23.36,19.91,28.01,16.28,24.15,22.34,23.87,23.45,24.81,23.57,24.34,24.6,25.22,25.05,22.27,29.0,27.37,19.49,22.28,23.27,27.32,16.67,28.02,19.11,20.49,23.89,14.61,20.45,23.07,23.59,16.95,18.52,26.95,26.52,28.21,24.97,24.63,23.29,29.03,25.8,23.57,19.98,26.29,18.37,29.68,28.97,30.21,32.75,33.96,35.11,28.64,27.0,36.02,29.07,33.62,29.37,34.56,36.57,27.82,33.21
22.4,15.21,9.68,22.33,3.88,11.21,15.0,17.26,25.59,2.34,25.66,9.4,13.4,20.89,20.11,16.37,29.69,23.94,20.4,26.5,12.72,16.98,16.7,22.88,18.41,21.19,16.37,14.6,0.0,12.59,22.5,19.44,20.08,15.02,15.94,24.29,26.14,15.56,18.78,19.72,12.93,14.92,3.66,8.85,21.68,29.87,14.76,26.2,20.15,22.66,9.98,17.5,19.8,15.5,26.63,13.63,30.53,19.47,1.78,8.76,15.83,2.69,22.24,29.73,15.69,23.23,18.35,23.42,22.26,16.95,6.28,3.8,21.02,15.68,10.21,15.03,8.24,6.08,20.82,17.17,18.81,10.11,13.52,26.22,20.6,2.84,2.64,17.15,25.05,16.32,16.37,22.3,2.62,7.58,14.52,25.1,22.75,2.17,14.37,1.71,11.8,15.69,12.51,12.68,9.0,12.74,9.41,14.08,13.91,9.17,11.51,11.81,11.3,8.95,11.02,11.93,10.88,7.42,10.26,12.43,11.96,12.79,10.54,28.33,22.11,18.45,18.94,33.99,16.72,13.41,14.85,11.93,12.76,12.55,17.54,19.1,19.63,11.95,21.74,14.65,12.0,16.73,16.04,14.06,16.91,23.39,25.07,29.09,21.61,27.3,21.57,18.41,22.39,20.89,19.29,21.02,21.08,28.52,20.84,23.73,12.99,7.68,11.94,23.87,8.15,11.9,9.99,20.06,26.1,12.8,30.29,16.17,14.59,13.84,13.31,11.55,10.75,25.03,18.85,17.92,4.95,3.87,4.06,4.96,10.57,7.5,11.57,10.57,10.99,24.55,25.63,12.48,4.05,19.14,20.14,26.07,27.4,31.22,33.88,32.77,31.38,25.1,29.2,34.52,33.95,24.96,29.27,32.42,28.68,29.3,17.62,14.21,11.75,11.53,14.84,16.15,16.34,27.44,30.25,30.42,29.52,27.54,24.56,28.74,28.97,26.23,26.91,27.5,30.64,29.47,5.39,7.56,7.78,10.16,6.08,7.41,16.64,6.25,12.09,12.08,16.2,7.06,4.88,11.85,16.6,8.39,12.04,13.86,4.37,13.17,17.99,11.29,11.2,6.0,12.43,11.17,20.67,21.68,19.04,23.98,16.1,17.49,26.2,26.66,22.33,24.56,17.79,18.7,21.63,23.51,18.67,28.16,16.43,24.3,22.49,24.02,23.6,24.96,23.71,21.37,24.3,20.42,20.25,17.47,22.64,22.57,13.43,17.36,18.47,22.52,16.38,21.67,14.68,12.43,19.09,11.08,14.8,18.27,18.79,13.41,17.95,26.66,24.56,27.91,24.67,24.34,23.0,28.74,25.5,23.27,20.13,26.0,18.52,29.39,28.68,24.19,32.45,29.54,30.69,28.35,22.2,31.61,24.58,29.2,25.59,30.14,32.15,27.52,28.79
20.17,15.19,3.21,20.1,14.33,1.44,12.78,16.59,25.69,13.64,25.64,12.98,12.73,18.67,17.89,20.71,28.44,23.92,18.18,24.47,12.7,17.84,16.68,20.65,16.19,18.96,21.17,12.38,12.59,0.0,22.8,17.26,20.39,15.33,15.33,24.15,25.99,15.41,16.6,17.53,11.74,14.78,11.8,12.36,21.98,28.62,14.62,26.06,17.97,20.48,7.8,17.8,20.11,24.14,24.23,13.49,28.34,17.29,11.86,11.57,15.22,10.95,22.55,30.04,15.55,23.53,16.17,23.72,24.23,17.26,9.78,10.42,18.84,13.5,13.72,14.89,10.58,9.59,21.12,14.99,19.12,18.75,11.34,23.36,21.55,10.16,14.0,14.97,22.37,15.71,16.23,23.16,13.98,11.09,14.82,24.96,23.06,13.53,14.23,10.96,11.49,15.55,11.9,12.36,12.51,12.6,10.89,13.94,14.22,8.34,11.81,10.48,11.16,9.66,8.84,11.36,10.89,10.92,9.69,12.74,11.81,12.65,10.4,27.08,19.93,16.27,16.76,31.81,14.54,6.93,12.67,9.75,10.58,10.37,15.36,16.92,17.45,9.77,19.56,12.47,9.82,14.55,13.86,11.88,14.73,21.21,22.89,26.91,19.43,25.12,19.39,16.23,20.21,18.71,17.11,18.84,18.9,26.34,18.66,21.55,11.8,5.5,14.74,21.69,4.53,7.33,4.66,15.49,25.51,8.23,29.7,11.6,33.64,9.27,1.12,2.15,2.8,23.98,19.8,18.26,9.08,15.17,15.41,16.31,6.0,4.93,7.0,2.99,13.79,22.37,23.45,15.28,12.19,19.0,21.1,23.89,25.22,29.04,31.7,30.59,29.2,22.92,27.07,32.34,31.77,22.78,27.09,30.24,26.5,27.12,17.48,15.65,15.25,11.83,15.14,16.45,16.64,27.3,30.11,30.27,29.38,27.4,24.42,28.59,28.82,26.08,26.76,27.36,29.72,29.33,14.03,16.2,18.4,18.8,14.72,16.06,25.28,17.61,18.22,19.11,24.84,15.71,13.53,20.49,25.24,17.03,16.05,17.37,12.97,14.92,26.63,18.01,17.15,14.14,20.36,19.81,20.53,21.99,19.35,23.84,15.96,17.35,26.06,26.52,22.18,24.42,17.65,18.56,21.49,23.37,19.63,28.02,16.28,24.16,22.35,23.88,23.46,24.81,23.57,24.34,24.6,25.19,25.02,22.24,28.97,27.34,19.46,22.25,23.24,27.29,16.68,28.0,19.08,21.07,23.86,14.58,20.42,23.04,23.56,16.92,18.53,26.96,26.53,28.21,24.98,24.64,23.3,29.04,25.81,23.58,19.99,26.3,18.38,29.69,28.98,28.96,32.76,33.97,35.11,28.65,26.97,36.03,29.08,33.62,29.38,34.56,36.58,27.83,33.22
29.66,7.41,19.83,30.52,24.08,21.36,23.64,20.29,7.77,23.55,5.92,16.43,16.21,23.74,20.04,11.44,38.86,4.19,28.6,14.52,13.74,17.73,7.42,31.07,28.84,29.38,10.64,22.8,22.5,22.8,0.0,18.94,3.19,8.65,18.67,12.35,8.89,12.23,26.18,19.96,17.45,9.49,22.96,15.76,3.21,39.2,13.34,14.26,23.2,30.06,16.57,5.4,4.55,23.95,14.69,12.12,23.26,19.46,23.02,22.71,18.79,22.11,1.86,10.07,10.1,3.57,28.16,2.99,5.46,6.68,18.46,21.58,29.42,24.08,18.02,12.47,15.16,18.7,4.46,26.9,3.88,17.48,21.92,14.28,14.26,21.31,25.15,25.55,13.11,19.85,9.82,4.4,24.47,16.5,9.02,13.16,3.64,24.68,12.94,22.11,13.84,11.34,15.24,14.33,14.95,12.95,13.32,10.91,10.63,14.68,11.73,16.33,13.22,13.6,16.61,14.03,12.6,15.12,14.77,10.69,12.4,11.32,13.6,37.66,29.51,25.85,27.34,26.73,25.12,21.81,24.9,20.33,20.63,20.42,24.94,26.97,27.5,19.82,29.61,22.52,19.87,24.13,23.91,21.93,24.78,31.26,28.64,32.66,18.77,30.87,25.42,21.89,25.96,24.46,24.72,18.17,22.02,32.09,21.09,27.58,17.51,17.67,25.88,32.27,18.16,25.85,19.99,34.01,40.05,26.75,44.24,30.12,44.79,27.79,23.31,21.56,20.75,38.98,18.1,17.2,20.23,24.86,26.57,27.47,24.52,21.46,25.52,24.52,24.93,16.8,15.61,26.43,23.35,14.47,14.85,18.8,20.14,23.96,26.58,26.12,24.11,17.84,17.26,27.25,25.66,17.7,22.01,25.16,21.41,22.03,8.56,18.44,17.35,12.59,15.9,9.77,6.5,15.5,18.31,18.48,17.58,15.6,12.62,16.8,17.03,14.29,14.97,15.56,18.7,17.53,22.6,19.14,27.07,18.6,20.62,24.73,25.09,28.76,17.01,16.7,24.65,19.64,21.82,20.3,25.04,18.31,18.85,16.71,22.7,17.72,21.36,19.02,18.34,25.3,14.87,16.55,3.74,2.6,4.94,12.04,9.55,7.66,6.2,6.77,10.38,7.68,10.35,14.57,9.69,8.73,16.29,6.18,8.36,12.36,7.22,7.18,11.66,4.96,7.08,5.58,4.64,15.91,15.24,9.37,19.69,16.47,13.49,12.46,8.55,16.42,17.44,18.72,14.58,14.27,14.6,17.99,11.9,13.26,13.78,14.55,11.22,6.28,7.76,6.71,5.01,3.96,1.43,7.53,5.12,1.7,6.41,5.62,5.89,9.73,9.01,10.25,12.79,14.0,15.15,8.68,11.77,16.07,9.11,13.66,9.41,14.6,16.61,7.86,13.25
19.71,15.27,14.29,23.87,21.18,15.83,13.7,4.2,14.88,20.49,24.62,13.45,4.8,5.98,2.28,21.18,32.2,22.9,21.95,8.1,12.79,1.32,16.77,24.42,18.9,22.73,21.64,17.55,19.44,17.26,18.94,0.0,18.43,15.15,4.24,7.3,15.29,12.34,16.8,2.14,11.28,11.43,18.65,12.84,21.85,32.74,10.08,13.26,5.38,20.68,11.78,17.62,19.93,25.83,8.43,11.33,12.55,1.64,18.7,18.41,2.68,17.8,20.5,28.71,12.2,22.21,18.78,21.63,24.1,17.08,12.77,17.27,22.96,19.0,14.2,11.82,11.69,13.01,20.95,17.52,18.94,20.4,16.92,6.98,5.17,17.0,20.84,19.09,5.99,3.75,13.16,23.03,20.82,13.3,14.64,6.86,22.28,20.37,9.68,17.8,10.92,11.71,5.77,11.8,12.03,8.56,11.33,10.6,14.04,9.35,11.63,8.57,9.68,10.11,11.62,7.51,10.33,12.5,8.32,12.56,9.27,10.48,9.19,31.2,20.13,16.47,20.34,16.02,18.13,16.81,15.52,15.33,7.48,8.02,15.56,11.28,16.29,8.6,18.4,5.5,8.55,14.75,12.69,10.71,7.86,20.05,10.82,14.84,3.64,13.05,8.96,4.07,8.14,6.64,6.68,3.04,4.21,14.27,3.27,11.11,11.34,12.34,21.58,25.81,12.83,21.55,14.66,29.7,29.63,22.44,33.82,25.82,40.49,23.49,17.98,16.23,15.42,28.1,3.42,2.5,15.92,22.01,22.25,23.16,20.22,16.12,21.21,20.22,20.63,6.57,7.65,22.13,19.03,7.02,4.72,8.09,9.43,13.24,15.87,15.41,13.4,7.13,11.28,16.54,14.94,6.99,11.3,14.45,10.7,11.32,16.21,16.13,15.74,11.65,14.96,16.28,16.47,14.51,17.31,17.48,14.59,14.6,11.63,15.8,16.03,13.29,13.97,14.56,13.92,16.53,20.87,23.04,25.24,20.48,21.56,22.9,26.97,24.45,18.71,19.59,26.53,22.55,20.37,22.18,26.92,23.88,16.54,17.85,19.81,15.41,28.31,18.49,17.64,20.99,20.84,20.35,17.19,21.24,19.17,8.28,12.61,14.01,15.36,15.82,9.89,13.72,16.38,8.28,9.24,12.67,3.25,17.32,12.94,11.36,11.65,13.18,10.67,14.11,12.87,24.22,23.28,25.68,25.5,22.72,29.45,27.83,19.94,22.73,23.72,27.78,16.5,28.48,19.56,20.94,24.35,15.07,20.9,23.52,24.04,17.4,18.35,24.92,26.4,21.37,23.65,22.59,18.79,22.2,23.76,17.49,17.68,24.26,15.04,28.36,27.65,28.89,31.43,32.64,33.79,27.32,27.45,34.7,27.75,32.3,28.05,33.24,35.25,26.5,31.89
27.16,4.99,17.41,28.11,21.82,18.95,20.78,17.58,10.03,21.13,8.08,14.01,13.71,26.02,19.74,12.44,36.44,6.36,26.18,16.78,11.33,17.29,5.01,28.66,26.34,26.97,11.64,20.38,20.08,20.39,3.19,18.43,0.0,6.23,16.17,14.62,11.16,9.73,23.68,19.6,14.95,6.99,19.36,13.34,4.21,36.78,10.84,16.52,25.52,27.56,14.07,2.99,2.45,24.95,16.95,9.62,25.52,19.1,19.41,19.11,16.06,18.51,4.78,12.27,7.6,5.77,25.66,5.96,6.47,4.27,14.86,17.98,27.01,21.67,14.71,9.97,12.74,15.1,3.36,24.4,1.46,18.48,19.51,16.55,16.52,17.71,21.55,23.13,15.37,16.55,7.32,5.4,21.53,14.08,6.6,15.42,5.29,21.08,10.44,18.51,11.42,8.85,12.74,11.91,12.53,10.45,10.91,8.41,8.22,12.27,9.31,13.83,10.72,11.18,14.11,11.53,10.18,12.7,12.27,8.28,9.9,8.82,11.18,35.24,27.01,23.35,24.92,28.99,22.7,19.4,22.4,17.91,18.13,17.92,22.44,24.47,25.0,17.32,27.11,20.02,17.37,21.63,21.41,19.43,22.28,28.76,30.44,34.46,21.03,32.67,26.94,23.78,27.76,26.27,24.66,20.44,21.67,33.89,20.73,29.1,15.01,15.25,22.28,29.85,15.74,22.25,17.58,30.4,36.44,23.14,40.63,26.52,41.19,24.19,20.9,19.14,18.34,35.38,20.36,19.46,16.63,22.72,22.96,23.87,20.92,17.86,21.91,20.92,21.33,19.07,17.87,22.83,19.74,12.34,17.11,21.07,22.4,26.22,28.84,28.38,26.37,20.1,19.53,29.51,27.92,19.96,24.27,27.42,23.68,24.29,6.07,16.63,16.24,10.17,13.48,7.36,4.0,17.76,20.57,20.74,19.84,17.86,14.89,19.06,19.29,16.55,17.23,17.82,20.96,19.79,21.58,20.14,25.95,19.6,21.62,23.61,26.09,25.16,18.01,17.7,25.65,20.64,21.08,21.3,26.05,19.31,17.04,17.71,20.52,15.91,21.85,20.02,19.34,21.7,15.87,17.55,1.24,4.22,2.52,14.31,7.05,5.16,8.46,9.03,11.32,9.94,7.85,11.9,11.95,10.99,18.55,8.45,5.86,14.62,9.48,9.44,13.92,7.22,9.34,6.58,6.84,16.41,16.24,10.37,20.18,18.67,14.49,13.46,9.55,18.62,15.02,19.21,15.58,15.27,15.08,15.57,12.9,14.26,14.78,15.55,12.22,9.2,8.76,8.97,7.21,6.87,3.69,9.79,8.04,3.96,3.91,8.54,3.39,11.93,11.22,12.46,14.99,16.2,17.35,10.88,13.97,18.27,11.31,15.86,11.61,16.8,18.81,10.06,15.45
21.76,1.24,12.36,23.05,16.76,13.89,15.72,14.3,15.49,16.07,11.69,8.95,10.43,20.62,16.47,16.06,31.38,9.97,21.12,23.5,6.27,14.02,2.73,23.6,19.13,21.91,15.25,15.32,15.02,15.33,8.65,15.15,6.23,0.0,12.95,20.34,16.88,12.55,18.68,16.39,9.94,12.25,14.3,8.29,7.83,31.72,11.76,22.24,20.51,22.55,8.21,3.65,5.95,21.28,22.67,9.74,25.41,15.88,14.35,14.05,12.84,13.45,8.39,15.88,12.86,9.38,19.28,9.57,10.08,3.1,9.8,12.92,21.95,16.61,9.65,12.02,7.69,10.04,6.97,19.39,4.96,15.85,14.45,22.26,17.61,12.65,16.49,18.07,21.09,13.33,12.57,9.01,16.47,9.02,1.54,21.14,8.91,16.02,11.36,13.45,6.36,12.68,9.52,6.85,7.47,9.73,5.85,11.08,3.16,7.21,4.25,8.82,7.35,6.13,8.63,8.94,5.12,7.65,7.27,3.22,8.95,8.9,6.13,30.18,22.0,18.34,19.86,28.88,17.64,14.34,15.77,12.86,13.13,12.92,17.44,19.46,20.0,12.31,22.11,15.01,12.36,16.63,16.4,14.42,17.27,23.76,25.43,29.46,16.5,27.66,21.93,18.78,22.75,21.26,19.66,15.91,21.45,28.89,17.51,24.09,10.0,10.2,17.22,24.79,10.68,17.19,12.52,25.35,31.38,18.09,35.58,21.46,36.13,19.13,15.84,14.08,13.28,30.32,15.86,14.93,11.57,17.66,17.9,18.81,15.86,12.8,16.86,15.86,16.27,19.44,20.52,17.77,14.69,16.13,17.15,20.96,22.29,26.11,28.73,28.27,26.27,19.99,25.25,29.4,27.81,19.85,24.16,27.31,23.57,24.19,11.32,11.58,11.18,5.12,8.43,1.5,1.7,23.48,26.29,26.46,25.56,23.58,20.61,24.78,25.01,22.27,22.95,23.54,26.68,25.51,16.52,16.47,20.89,15.93,17.21,18.55,22.41,20.1,14.15,15.04,21.98,16.96,16.02,17.63,22.37,15.63,11.98,13.3,15.46,10.85,23.76,13.94,13.08,16.64,16.29,15.8,6.5,7.83,5.19,20.03,12.3,10.41,14.18,14.49,16.58,15.66,13.11,15.69,17.67,16.71,15.68,13.91,11.11,20.34,15.2,15.16,19.64,12.94,15.06,10.19,10.45,20.02,19.85,13.99,23.8,22.28,18.1,17.08,13.17,22.23,9.96,22.83,15.01,18.88,18.7,10.51,16.52,17.87,18.39,12.85,11.81,12.81,12.38,14.06,10.82,10.49,9.15,14.89,11.65,9.42,9.17,12.15,8.65,15.54,14.83,16.07,18.6,19.81,20.96,14.5,17.58,21.88,14.92,19.47,15.23,20.41,22.42,13.67,19.06
19.25,13.02,12.36,23.4,17.68,13.89,13.23,3.4,16.3,16.99,23.47,11.19,2.54,9.26,5.56,18.92,31.74,21.74,21.48,9.52,10.53,3.11,14.51,23.95,18.43,22.26,19.39,15.37,15.94,15.33,18.67,4.24,16.17,12.95,0.0,8.72,16.72,10.04,16.11,5.38,7.38,9.13,14.96,10.54,19.5,32.05,7.77,14.69,8.61,19.99,7.43,15.32,17.63,23.53,10.29,9.02,14.4,4.87,15.02,14.72,1.83,14.11,20.07,27.56,9.9,21.06,18.09,21.24,21.75,14.78,10.47,13.58,22.27,16.63,11.9,9.51,9.38,10.71,18.64,16.83,16.64,18.1,14.47,8.4,6.6,13.32,17.16,18.4,7.41,1.85,10.85,20.68,17.14,11.0,12.34,8.29,20.58,16.69,7.38,14.12,8.62,9.4,3.47,9.5,9.72,6.25,9.03,8.29,11.74,7.05,9.33,6.26,7.38,7.8,7.28,5.21,8.02,10.19,6.02,10.26,6.96,8.18,6.88,30.51,19.44,15.78,19.65,17.87,17.44,14.36,14.83,12.87,10.93,10.35,14.87,14.51,17.43,9.75,19.54,5.63,9.8,14.06,13.84,11.86,11.1,21.19,14.05,18.07,5.49,16.28,10.83,7.3,11.37,9.87,10.14,4.9,7.44,17.5,6.5,12.99,7.44,10.21,17.89,25.12,10.7,17.85,12.53,26.01,28.94,18.75,33.13,22.12,36.79,19.8,15.86,14.1,13.3,27.41,4.85,3.92,12.24,18.33,18.57,19.47,16.52,13.46,17.52,16.53,16.94,8.43,9.51,18.44,15.35,8.45,6.14,9.95,11.28,15.1,17.72,17.26,15.26,8.98,13.13,18.39,16.8,8.84,13.15,16.3,12.56,13.18,12.11,13.83,13.43,9.35,12.66,13.97,14.16,15.93,18.74,18.9,16.45,16.03,13.05,17.22,17.45,14.72,15.39,15.99,15.78,17.96,17.19,19.36,21.56,18.18,17.88,19.22,24.66,20.77,16.4,17.29,24.23,18.87,16.69,19.88,24.62,17.88,14.23,15.55,16.13,13.1,26.01,16.19,15.33,17.31,18.54,18.05,14.88,19.51,16.87,9.71,10.31,11.7,16.78,17.24,11.32,15.14,12.28,9.7,10.66,14.09,4.67,18.74,10.64,12.79,13.08,14.6,12.09,15.54,14.3,21.87,22.12,23.37,23.2,20.42,27.14,25.52,17.64,20.42,21.42,25.47,14.2,26.17,17.26,18.64,22.04,12.76,18.6,21.22,21.74,15.1,16.05,24.48,24.05,22.8,22.5,22.16,19.12,23.62,23.33,18.91,14.34,23.82,12.73,27.21,26.5,27.74,30.28,31.49,32.64,26.17,25.14,33.55,26.6,31.14,26.9,32.08,34.1,25.35,30.74
26.13,19.09,21.18,31.87,26.03,22.71,20.11,8.72,8.3,25.34,18.04,19.54,9.32,12.17,8.47,23.57,40.21,16.32,29.95,2.95,18.87,6.16,19.11,32.42,25.32,30.73,22.76,24.14,24.29,24.15,12.35,7.3,14.62,20.34,8.72,0.0,8.72,11.1,23.22,8.33,17.93,13.8,23.43,19.0,15.28,39.15,14.04,6.69,11.57,27.09,17.04,17.03,16.62,31.99,3.06,14.3,11.63,7.83,23.49,23.18,7.16,22.58,13.93,22.14,11.98,15.63,25.19,15.06,17.53,18.31,18.94,22.05,29.37,25.87,20.37,11.17,17.85,19.17,16.53,23.93,15.51,26.56,23.71,2.65,2.63,21.79,25.63,25.5,1.48,8.22,9.27,16.46,25.61,19.46,20.76,1.53,15.71,25.16,13.65,22.59,15.47,11.83,10.25,17.92,18.19,13.66,17.5,12.97,20.16,16.47,17.75,16.81,14.19,16.27,17.08,14.74,16.45,18.66,15.25,18.68,13.11,13.49,15.31,37.61,26.54,22.88,26.76,15.1,24.55,23.6,21.93,22.12,13.89,14.43,21.98,17.47,22.7,15.01,24.81,11.91,14.97,21.17,14.64,17.13,14.05,26.46,17.01,21.03,7.14,19.24,13.79,10.26,14.33,12.83,13.09,6.54,10.4,20.46,9.46,15.95,17.98,19.46,26.36,32.22,19.94,26.32,21.78,34.48,40.52,27.22,44.71,30.59,45.26,28.26,25.1,23.34,22.54,34.51,6.47,5.57,20.71,26.8,27.04,27.94,24.99,21.93,25.99,24.99,25.41,5.18,3.98,26.9,23.82,2.0,2.38,7.18,8.51,12.33,14.95,14.49,12.48,6.21,5.63,15.62,14.03,6.07,10.38,13.53,9.78,10.4,9.63,22.29,21.9,17.77,21.09,22.4,17.35,7.93,10.74,10.91,10.01,8.03,5.05,9.23,9.46,6.72,7.4,7.99,11.13,9.96,25.66,27.83,30.03,26.65,26.35,27.68,33.13,29.24,24.87,25.75,32.69,27.33,25.15,28.34,33.09,26.35,22.7,24.01,24.6,21.57,34.48,24.66,23.8,25.77,27.01,26.52,13.78,14.67,16.57,1.71,13.15,11.28,8.79,9.24,3.32,7.14,9.8,3.25,2.66,6.09,4.66,10.75,10.67,4.79,5.08,6.6,4.09,7.54,6.3,17.64,16.7,27.98,27.3,21.44,31.75,28.53,26.11,24.53,20.62,28.48,22.62,30.78,25.72,26.34,26.66,21.23,23.97,25.33,25.84,23.56,24.47,18.34,19.83,14.8,17.08,16.02,12.21,15.62,17.19,10.91,11.11,17.68,12.31,21.79,21.08,22.32,24.86,26.07,27.21,20.75,23.83,28.13,21.18,25.72,21.48,26.66,28.68,19.92,25.32
31.38,15.63,23.02,33.71,27.88,24.56,25.36,16.72,1.86,27.19,14.58,21.39,18.21,20.17,16.47,20.11,42.05,12.86,31.79,10.95,20.71,14.16,15.65,34.26,30.57,32.57,19.3,25.99,26.14,25.99,8.89,15.29,11.16,16.88,16.72,8.72,0.0,14.21,29.77,16.39,21.03,16.91,26.54,22.11,11.88,47.4,17.15,10.68,19.62,33.64,20.15,13.63,13.22,35.1,11.12,17.41,19.68,15.89,26.6,26.29,15.21,25.69,10.53,18.74,15.09,12.23,31.74,11.66,14.13,14.91,22.05,25.16,34.32,28.98,23.47,14.28,20.96,22.28,13.13,30.48,12.11,29.67,26.82,10.71,10.68,24.89,28.73,30.44,9.53,16.28,11.06,13.06,28.72,22.57,17.24,9.59,12.31,28.26,16.76,25.7,18.57,14.94,19.05,21.03,21.3,16.76,20.6,16.07,18.86,19.58,20.86,19.91,17.3,19.38,20.19,17.85,19.55,21.77,18.35,21.79,16.21,16.6,18.42,45.86,33.09,29.43,32.23,23.15,30.01,26.71,28.48,25.22,24.22,24.01,28.52,30.55,31.08,23.4,33.2,19.97,23.45,27.71,27.49,25.51,28.36,34.84,25.06,29.08,15.19,27.29,21.85,18.32,22.38,20.89,21.15,14.6,18.45,28.52,17.51,24.0,21.09,22.57,29.47,37.16,23.05,29.43,24.89,37.59,43.63,30.33,47.82,33.7,48.37,31.37,28.21,26.45,25.65,42.56,14.53,13.62,23.81,29.9,30.15,31.05,28.1,25.04,29.1,28.1,28.52,13.23,12.04,30.01,26.93,10.89,11.27,15.23,16.56,20.38,23.01,22.54,20.54,14.26,13.69,23.68,22.08,14.12,18.43,21.58,17.84,18.46,11.42,25.4,25.01,20.88,24.19,18.0,13.95,11.93,12.74,11.25,14.01,12.03,9.05,13.22,11.44,10.71,11.39,11.99,15.12,12.98,28.77,30.94,33.14,29.75,29.46,30.79,36.24,32.35,27.98,28.86,35.8,30.44,28.26,31.45,36.2,29.46,25.81,27.12,27.71,24.68,30.02,27.76,26.91,28.88,23.54,29.63,10.38,11.27,13.17,8.47,12.97,11.08,2.69,2.86,6.81,1.84,11.59,11.0,6.12,2.63,12.72,4.36,12.46,8.79,4.97,6.5,8.09,3.94,3.34,14.24,13.3,24.58,23.9,18.04,28.35,25.13,22.16,21.13,17.22,25.08,25.73,27.38,23.24,22.93,23.26,24.34,20.57,21.92,22.44,26.67,19.89,14.94,16.43,9.83,13.68,12.62,8.81,10.65,13.79,7.51,7.71,14.28,9.31,18.39,17.68,18.92,21.46,22.66,23.81,17.35,20.43,24.73,17.77,22.32,18.08,23.26,25.27,16.52,21.91
20.8,12.61,12.44,23.13,17.29,13.97,14.78,11.49,12.41,16.6,16.83,10.81,7.62,19.66,13.66,18.53,31.47,15.11,21.21,13.33,10.13,11.2,13.76,23.68,19.98,21.99,19.0,15.41,15.56,15.41,12.23,12.34,9.73,12.55,10.04,11.1,14.21,0.0,17.5,13.66,8.77,4.65,14.28,9.85,12.92,35.14,4.89,13.32,19.34,21.38,7.89,11.7,11.16,22.84,13.76,5.14,22.32,13.16,14.34,14.03,10.11,13.43,13.49,20.98,2.44,14.48,19.48,14.67,15.18,12.98,9.78,12.9,22.05,16.72,11.21,1.8,8.7,10.02,12.07,18.22,10.17,17.41,14.56,13.35,13.32,12.63,16.47,18.18,12.17,10.61,2.37,14.11,16.45,10.31,11.61,12.23,14.0,16.0,4.49,13.43,6.31,2.46,6.79,8.77,9.04,4.5,8.34,3.81,11.01,7.32,8.6,7.65,5.04,7.11,7.93,5.59,7.29,9.51,6.09,9.53,3.95,4.34,6.16,33.6,20.83,17.17,19.97,25.79,17.75,14.45,16.22,12.96,11.95,11.74,16.26,18.29,18.82,11.14,20.93,13.84,11.19,15.45,15.23,13.25,16.1,22.58,24.26,28.28,13.77,26.49,20.76,17.6,21.58,20.09,18.48,13.18,15.72,27.71,14.78,22.92,8.83,10.3,17.2,24.9,10.79,17.17,12.62,25.33,31.37,18.07,35.56,21.44,36.11,19.11,15.95,14.19,13.39,30.3,13.13,12.2,11.55,17.64,17.89,18.79,15.84,12.78,16.84,15.84,16.25,15.87,14.68,17.75,14.67,5.91,7.79,17.87,19.2,23.02,25.64,25.18,23.18,16.9,16.33,26.32,24.72,16.76,21.07,24.22,20.48,21.1,3.62,13.14,12.75,8.62,11.93,13.24,12.02,14.57,17.38,17.54,16.64,14.67,11.69,15.86,16.09,13.35,14.03,14.62,17.76,16.59,16.5,18.67,20.88,17.49,17.2,18.53,23.98,20.08,15.72,16.6,23.54,18.18,16.0,19.19,23.93,17.2,13.55,14.86,15.45,12.41,25.32,15.5,14.65,16.62,17.85,17.36,8.45,12.93,11.24,11.11,5.83,5.27,13.33,13.79,7.25,11.68,3.79,5.47,8.76,10.64,15.36,15.29,4.66,11.43,9.62,11.14,10.73,12.08,10.84,15.29,15.55,22.69,22.51,19.09,26.46,24.84,16.95,19.74,18.26,24.79,13.47,25.49,16.57,17.95,21.36,12.08,17.91,20.53,21.05,14.41,15.32,17.91,17.47,19.34,15.92,15.58,12.69,20.16,16.75,15.45,7.91,17.25,6.3,20.64,19.93,21.17,23.7,24.91,26.06,19.59,22.68,26.98,20.02,24.57,20.32,25.51,27.52,18.77,24.16
3.16,18.74,13.63,9.29,20.52,15.17,5.8,17.57,27.97,19.83,29.19,16.92,13.7,18.2,17.43,24.64,17.62,27.47,7.36,24.01,16.26,17.38,20.23,9.84,4.32,8.15,25.11,5.92,18.78,16.6,26.18,16.8,23.68,18.68,16.11,23.22,29.77,17.5,0.0,16.83,10.66,17.01,18.39,16.29,25.25,17.93,14.96,28.28,17.26,3.88,11.53,21.07,23.38,30.73,23.52,15.72,27.64,16.58,18.45,18.16,15.98,17.54,25.82,33.31,17.77,26.81,2.5,26.99,27.5,20.53,16.37,17.01,8.15,4.19,17.65,17.11,14.2,16.18,24.39,2.71,22.39,25.34,7.3,22.65,20.85,16.75,20.59,4.28,21.66,16.47,18.46,26.43,20.57,16.75,18.09,22.54,26.33,20.12,14.57,17.55,14.37,17.77,12.66,15.24,15.47,13.45,14.78,16.17,17.49,13.2,15.08,11.24,13.13,13.55,11.0,12.4,13.77,15.94,11.76,16.01,14.04,14.88,12.63,16.39,3.32,1.66,5.53,31.11,3.33,8.84,4.11,7.94,9.88,9.67,1.58,12.38,8.9,9.06,11.01,11.76,9.11,3.34,9.32,7.34,10.19,12.66,16.71,20.73,18.73,18.94,18.68,15.53,19.5,18.01,16.41,18.13,18.2,20.16,17.95,20.84,10.72,12.09,21.33,11.0,12.57,21.29,14.41,18.14,14.82,22.19,19.01,22.29,23.16,23.23,17.73,15.97,15.17,13.29,19.1,17.55,15.67,21.76,22.0,22.9,19.96,15.87,20.96,19.96,20.38,21.66,22.74,21.87,18.78,22.7,20.39,23.18,24.52,28.33,30.99,29.88,28.49,22.22,26.37,31.63,31.06,22.08,26.39,29.54,25.79,26.41,19.71,19.58,19.18,15.1,18.41,19.72,19.91,29.53,32.34,32.5,29.68,29.63,26.65,30.82,31.05,28.31,28.99,29.59,29.01,31.56,20.62,22.79,24.99,25.39,21.31,22.65,31.87,24.2,22.15,23.04,31.43,22.3,20.12,27.08,31.83,23.62,19.98,21.3,19.56,18.85,33.22,21.94,21.08,20.73,24.29,23.8,22.76,25.26,22.62,26.07,18.19,19.58,28.29,28.75,24.41,26.64,19.88,20.78,23.72,25.6,18.92,30.25,18.51,26.39,24.58,26.11,25.69,27.04,25.8,27.62,27.87,29.12,28.95,26.17,32.89,31.27,23.39,26.17,27.16,31.22,19.95,31.92,23.0,24.39,27.79,18.51,24.35,26.97,27.49,20.85,21.8,30.23,29.8,34.3,28.25,27.91,27.0,35.13,29.08,27.27,22.22,29.57,20.61,32.96,32.25,33.49,36.03,37.24,38.38,31.92,30.89,39.3,32.35,36.89,32.65,37.83,39.85,31.1,36.49
19.99,16.45,14.56,24.14,21.45,16.1,13.97,5.38,15.91,20.76,25.65,14.63,5.98,4.2,1.98,22.35,32.48,23.93,22.22,9.13,13.97,2.49,17.94,24.69,19.17,23.0,22.82,17.82,19.72,17.53,19.96,2.14,19.6,16.39,5.38,8.33,16.39,13.66,16.83,0.0,11.55,12.61,18.92,14.02,22.89,33.01,11.25,14.3,3.6,20.95,12.05,18.8,21.11,31.26,8.89,12.5,13.0,1.94,18.97,18.68,3.86,18.07,21.54,29.75,13.38,23.24,19.05,22.67,25.14,18.26,16.9,17.54,23.23,19.27,15.38,12.99,14.73,16.71,22.13,17.79,20.12,25.86,17.19,8.01,6.21,17.27,21.11,19.36,7.02,4.93,14.33,24.07,21.09,14.48,15.82,7.9,23.32,20.64,10.86,18.07,12.1,12.88,6.95,12.98,13.2,9.74,12.51,11.77,15.22,13.72,12.81,12.13,10.86,11.28,11.89,8.69,11.5,13.67,9.5,13.74,10.44,11.66,10.37,31.47,20.4,16.74,20.61,16.47,18.41,17.08,15.79,15.6,7.75,8.29,15.83,9.5,14.22,8.87,16.33,5.77,8.82,15.02,6.68,10.98,6.09,17.98,9.04,13.06,4.09,11.27,5.82,2.29,6.36,4.86,3.88,3.49,2.43,12.49,1.56,7.98,11.61,12.61,21.85,26.08,13.1,21.82,14.93,29.98,29.9,22.72,34.09,26.09,40.76,23.76,18.25,16.5,15.69,28.37,4.46,2.91,16.19,22.28,22.52,23.43,20.49,16.39,21.48,20.49,20.9,7.02,8.1,22.4,19.31,8.06,5.75,8.55,9.88,13.7,16.32,15.86,13.85,7.58,11.73,16.99,15.4,7.44,11.75,14.9,11.15,11.77,17.24,17.31,16.91,12.83,16.14,17.45,17.64,17.35,18.35,18.52,15.04,15.64,12.66,18.39,17.07,14.33,15.0,15.6,14.37,17.57,21.14,23.31,25.51,25.91,21.83,23.17,32.4,24.72,19.89,20.77,31.96,22.82,20.64,27.61,32.35,24.15,17.72,19.03,20.08,16.58,33.74,19.67,18.81,21.26,22.02,21.53,18.37,22.28,20.35,9.32,13.79,15.18,16.39,16.85,10.93,14.75,17.41,9.31,10.27,13.7,4.29,18.35,14.12,12.4,12.69,14.21,11.7,15.15,13.91,25.25,24.31,26.85,26.68,23.9,30.63,29.0,21.12,23.91,24.9,28.95,17.68,29.66,20.74,22.12,25.52,16.25,22.08,24.7,25.22,18.58,19.53,25.95,27.44,22.41,24.68,23.63,19.82,23.23,24.8,18.52,18.72,25.29,16.21,29.4,28.69,29.93,32.47,33.67,34.82,28.36,31.44,35.74,28.78,33.33,29.09,34.27,36.28,27.53,32.92
13.82,10.01,8.77,17.98,14.67,10.3,7.8,8.84,19.23,13.98,20.46,8.19,4.97,12.68,11.9,15.91,26.31,18.74,16.05,14.96,7.53,8.55,11.5,18.53,13.01,16.83,16.38,8.88,12.93,11.74,17.45,11.28,14.95,9.94,7.38,17.93,21.03,8.77,10.66,11.55,0.0,8.26,11.97,7.54,16.51,26.6,6.22,19.54,12.51,14.55,4.43,12.33,14.63,20.53,15.69,6.98,19.81,11.83,12.03,11.72,7.24,11.12,17.07,24.56,9.03,18.06,12.64,18.25,18.76,11.78,7.48,10.59,16.83,12.87,8.91,8.37,6.39,7.71,15.65,11.38,13.64,15.1,11.26,13.81,12.0,10.32,14.17,12.95,12.82,7.73,9.71,17.69,14.15,8.0,9.35,13.69,17.58,13.69,5.82,11.13,5.63,9.03,3.92,6.5,6.73,4.7,6.03,7.43,8.74,4.06,6.34,2.31,4.38,4.81,2.26,3.65,5.03,7.2,3.02,7.26,5.3,6.13,3.89,25.06,13.99,10.33,14.21,23.28,12.0,11.15,9.39,9.67,5.12,4.91,9.43,11.46,11.99,4.3,14.1,7.01,4.35,8.62,8.4,6.42,9.26,15.75,17.42,21.45,10.9,19.66,13.93,10.77,14.75,13.25,11.65,10.3,13.44,20.88,13.2,16.08,1.86,6.68,14.9,19.67,7.17,14.86,9.0,23.02,23.5,15.76,27.69,19.13,33.8,16.8,12.32,10.57,9.77,21.97,10.25,9.32,9.25,15.34,15.58,16.48,13.53,10.47,14.53,13.53,13.95,13.83,14.91,15.44,12.36,12.48,11.55,15.35,16.69,20.5,26.23,25.13,20.66,14.39,18.54,23.8,22.2,14.25,18.56,21.71,17.96,18.58,10.97,10.83,10.44,6.36,9.67,10.98,11.17,20.78,23.59,23.76,22.86,20.88,17.91,22.08,22.31,19.57,20.25,20.84,21.18,22.81,14.2,16.37,18.57,15.19,14.89,16.22,21.67,17.78,13.41,14.29,21.23,15.87,13.69,16.88,21.63,14.89,11.24,12.55,13.14,10.11,23.02,13.19,12.34,14.31,15.55,15.06,14.02,16.51,13.87,17.33,9.44,10.83,19.54,20.0,15.67,17.9,11.13,12.04,14.97,16.85,10.08,21.5,9.77,17.64,15.84,17.36,16.94,18.3,17.06,18.87,19.13,20.38,20.2,17.42,24.15,22.53,14.65,17.43,18.42,22.48,11.21,23.18,14.26,15.64,19.05,9.77,15.61,18.23,18.74,12.1,13.05,21.49,21.05,25.56,19.5,19.17,18.26,26.38,20.33,18.53,13.47,20.83,11.87,24.22,23.51,24.75,27.28,28.49,29.64,23.18,22.15,30.56,23.6,28.15,23.91,29.09,31.1,22.35,27.74
20.16,11.01,11.81,22.5,16.66,13.34,14.15,10.59,12.09,15.97,14.09,10.17,6.72,19.03,12.75,18.46,30.83,12.37,20.57,16.03,9.49,10.3,11.02,23.05,19.35,21.36,17.65,14.77,14.92,14.78,9.49,11.43,6.99,12.25,9.13,13.8,16.91,4.65,17.01,12.61,8.26,0.0,13.46,9.04,10.23,34.33,3.84,15.58,18.53,20.57,7.08,9.0,8.47,22.03,16.02,2.63,24.58,12.11,13.52,13.22,9.07,12.61,10.8,18.29,2.42,11.78,18.66,11.97,12.48,10.28,8.97,12.08,21.24,15.9,10.4,4.41,7.88,9.21,9.37,17.4,7.48,16.6,13.74,15.61,15.58,11.82,15.66,17.37,14.43,9.56,4.72,11.41,15.64,9.5,12.62,14.49,11.31,15.19,3.45,12.62,5.0,2.53,5.75,7.95,8.22,3.46,7.53,1.42,10.19,6.5,7.79,6.84,3.72,6.3,7.11,4.54,6.48,8.69,5.28,8.71,2.9,1.82,5.34,32.78,20.01,16.35,19.15,28.05,16.93,13.63,15.41,12.15,11.14,10.93,15.45,17.48,18.01,10.32,20.12,13.03,10.37,14.64,14.42,12.44,15.28,21.77,23.45,27.47,12.73,25.68,19.95,16.79,20.77,19.27,17.67,12.13,14.67,26.9,13.73,22.1,8.01,9.49,16.39,24.09,9.97,16.35,11.81,24.51,30.55,17.25,34.74,20.62,35.29,18.29,15.13,13.38,12.57,29.49,12.08,11.15,10.74,16.83,17.07,17.97,15.02,11.96,16.02,15.02,15.44,18.13,16.94,16.93,13.85,8.53,10.4,20.13,21.46,25.28,27.9,27.44,25.44,19.16,18.59,28.58,26.98,19.02,23.33,26.48,22.74,23.36,3.46,12.33,11.93,7.81,11.12,13.37,9.32,16.83,19.64,19.8,18.9,16.92,13.95,18.12,18.35,15.61,16.29,16.88,20.02,18.85,15.69,17.86,20.06,16.68,16.38,17.72,23.16,19.27,14.9,15.78,22.73,17.37,15.19,18.38,23.12,16.38,12.73,14.04,14.63,11.6,24.51,14.69,13.83,15.81,17.04,16.55,5.75,10.24,8.54,13.37,1.18,2.57,10.23,13.1,8.72,13.94,5.25,8.08,11.02,12.9,11.91,14.75,1.51,13.69,11.88,11.2,12.99,8.98,11.1,12.59,12.85,22.43,22.25,16.39,26.2,24.69,16.14,19.48,15.57,24.63,12.66,25.23,15.75,17.14,21.1,11.26,18.92,20.28,20.79,13.6,14.51,15.21,14.78,15.27,13.23,12.89,9.99,16.1,14.06,10.27,5.21,14.55,3.6,17.94,17.23,18.47,21.01,22.22,23.36,16.9,19.98,24.28,17.33,21.87,17.63,22.81,24.83,16.07,21.47
21.55,14.36,8.83,21.48,2.58,10.36,14.16,16.42,24.74,5.06,23.07,8.55,12.55,20.05,19.27,13.21,28.85,21.34,19.56,25.66,11.88,16.13,15.85,22.03,17.57,20.34,13.21,13.76,3.66,11.8,22.96,18.65,19.36,14.3,14.96,23.43,26.54,14.28,18.39,18.92,11.97,13.46,0.0,8.0,20.83,29.03,13.92,25.35,19.31,21.82,9.13,16.65,18.96,12.34,25.79,12.79,29.68,18.62,3.28,7.92,14.99,2.37,21.4,28.18,14.84,21.21,17.51,21.86,19.1,16.11,5.43,2.96,20.18,14.84,11.49,14.18,7.39,5.24,19.97,16.32,17.97,6.94,12.68,25.38,19.75,1.75,4.53,16.3,24.2,15.48,15.52,19.14,2.98,6.74,13.67,24.26,20.46,4.11,13.52,1.55,10.95,14.84,11.67,11.83,8.16,11.89,8.57,13.24,13.07,8.33,10.66,10.97,10.45,8.1,10.18,11.08,10.04,6.57,9.41,11.59,11.11,11.95,9.7,27.48,21.26,17.6,18.09,33.15,15.87,12.57,14.0,11.09,11.92,11.71,16.7,18.26,18.79,11.1,20.9,13.8,11.15,15.89,15.2,13.21,16.06,22.55,24.22,28.25,20.77,26.46,20.72,17.57,21.54,20.05,18.45,20.17,20.24,27.68,19.99,22.88,12.14,6.83,11.09,23.02,7.31,11.05,9.14,19.21,25.25,11.95,29.44,15.32,16.47,12.99,12.46,10.71,9.9,24.19,18.0,17.07,4.1,3.37,5.94,6.84,9.72,6.65,10.72,9.72,10.14,23.7,24.78,11.63,1.41,18.29,19.3,25.22,26.56,30.38,33.03,31.92,30.53,24.26,28.36,33.67,33.11,24.12,28.43,31.58,27.83,28.45,16.78,11.05,11.52,10.68,13.99,15.3,15.49,26.6,29.41,29.57,28.67,26.69,23.72,27.89,28.12,25.38,26.06,26.65,29.79,28.62,2.23,4.4,6.6,6.99,2.92,4.25,13.48,5.63,8.93,8.92,13.04,3.9,1.72,8.69,13.44,5.23,8.88,13.63,1.17,10.01,14.83,8.13,8.04,2.9,9.27,8.0,19.83,20.84,18.2,23.14,15.25,16.65,25.36,25.81,21.48,23.71,16.95,17.85,20.79,22.66,17.83,27.32,15.58,23.46,21.65,23.17,22.76,24.11,22.87,18.21,22.74,17.26,17.09,14.31,19.48,19.41,10.27,14.2,15.3,19.36,15.53,18.5,11.52,9.27,15.93,10.23,11.63,15.11,15.63,13.18,14.79,25.81,21.4,27.07,21.86,23.49,22.15,27.89,24.66,22.43,19.29,25.15,17.68,27.83,27.12,21.03,29.86,26.38,27.53,26.79,19.03,28.45,21.42,26.04,22.43,26.98,28.99,25.96,25.63
19.44,8.35,9.38,20.11,10.59,10.92,12.79,11.99,20.31,9.9,18.8,1.21,8.12,18.3,14.15,8.94,29.4,17.08,18.19,21.23,5.04,11.7,9.84,20.66,16.2,18.97,9.41,12.39,8.85,12.36,15.76,12.84,13.34,8.29,10.54,19.0,22.11,9.85,16.29,14.02,7.54,9.04,8.0,0.0,15.01,30.78,9.42,20.86,18.49,20.2,5.23,10.83,13.14,13.61,21.29,8.29,23.06,13.53,8.02,9.67,10.49,7.11,15.58,23.07,10.35,16.57,16.3,16.75,15.29,10.29,3.66,6.58,18.97,13.63,1.98,9.69,4.38,3.89,14.15,15.12,12.15,8.18,11.47,20.88,15.26,6.32,10.16,15.1,19.71,10.98,11.03,15.34,10.14,2.5,7.85,19.76,16.09,9.69,9.03,7.12,5.07,10.35,7.17,5.83,1.23,7.4,3.12,8.74,7.25,4.23,4.84,6.47,5.42,3.15,5.66,6.58,4.22,2.42,4.72,5.77,6.61,7.45,4.19,29.24,19.65,15.99,16.88,26.53,14.66,11.36,12.8,9.88,11.11,10.9,15.08,17.44,17.97,10.29,20.09,12.99,10.34,14.27,14.38,12.4,15.25,21.74,23.41,27.44,14.15,25.64,19.91,16.76,20.73,19.24,17.64,13.56,19.43,26.87,15.16,22.07,7.65,7.47,12.84,21.82,7.95,12.81,9.78,20.96,27.0,13.7,31.19,17.08,31.75,14.75,13.1,11.35,10.54,25.94,13.51,12.58,5.24,11.33,11.57,12.47,11.48,7.29,12.47,11.48,11.89,17.08,18.17,13.39,8.35,13.8,14.8,18.61,19.94,23.76,26.38,25.92,23.92,17.64,23.86,27.05,25.46,17.5,21.81,24.96,21.22,21.83,12.28,3.91,3.52,3.95,7.26,9.48,9.67,22.1,24.91,25.08,24.18,22.2,19.22,23.4,23.63,20.89,21.56,22.16,25.3,24.13,12.26,8.8,14.56,8.26,10.28,12.22,14.75,13.77,6.49,7.37,14.31,9.3,11.48,9.96,14.7,7.97,4.32,5.63,9.13,3.19,16.09,6.27,5.42,10.3,8.62,8.13,13.68,15.02,12.38,18.64,10.76,12.15,20.86,21.32,16.98,19.22,12.45,13.36,16.29,18.17,13.33,22.82,11.09,18.96,17.15,18.68,18.26,19.61,18.37,14.41,17.63,13.46,13.28,10.5,17.23,15.61,7.73,10.51,11.5,15.56,8.8,16.26,7.34,8.72,12.13,2.85,8.68,11.3,11.82,5.18,10.52,19.99,17.59,21.24,18.01,17.67,16.33,22.07,18.84,16.61,14.79,19.33,13.18,22.72,22.01,17.23,26.05,22.57,23.72,21.68,15.23,24.64,17.61,22.23,18.63,23.17,25.18,20.86,21.82
28.41,6.58,19.01,29.7,22.1,20.54,22.37,20.95,10.76,22.72,5.1,15.6,17.09,27.27,23.02,9.46,38.03,3.38,27.77,17.51,12.92,20.71,6.6,30.25,25.78,28.56,8.66,21.97,21.68,21.98,3.21,21.85,4.21,7.83,19.5,15.28,11.88,12.92,25.25,22.89,16.51,10.23,20.83,15.01,0.0,38.37,14.07,17.24,27.16,29.2,14.86,4.58,2.57,21.97,17.68,12.86,26.24,22.44,21.01,20.7,19.49,20.1,1.8,9.29,10.84,2.79,25.93,2.97,3.48,5.86,16.45,19.57,28.6,23.26,16.04,13.21,14.34,16.69,2.48,26.04,3.06,15.5,21.1,17.27,17.24,19.3,23.14,24.72,16.09,19.98,10.55,2.42,22.49,15.67,8.19,16.14,2.31,22.67,13.68,20.1,13.01,12.08,16.17,13.5,14.12,13.68,12.5,11.65,9.81,13.86,10.9,15.47,14.0,12.78,15.28,14.77,11.77,14.3,13.92,9.87,13.13,12.05,12.78,36.83,28.65,24.99,26.51,29.71,24.29,20.99,22.42,19.51,19.78,19.57,24.09,26.11,26.65,18.96,28.76,21.66,19.01,23.28,23.06,21.07,23.92,30.41,32.08,36.11,21.75,34.31,28.58,25.43,29.4,27.91,26.31,21.16,25.01,35.54,24.07,30.74,16.65,16.85,23.87,31.44,17.33,23.84,19.17,32.0,38.04,24.74,42.23,28.11,42.78,25.78,22.49,20.73,19.93,36.97,21.09,20.18,18.22,22.88,24.56,25.46,22.51,19.45,23.51,22.51,22.92,19.79,18.59,24.42,21.34,15.58,17.83,21.79,23.12,26.94,29.56,29.1,27.1,20.82,20.25,30.23,28.64,20.68,24.99,28.14,24.4,25.01,9.3,16.46,15.37,11.77,15.08,8.95,9.14,18.49,21.29,21.46,20.56,18.58,15.61,19.78,20.01,17.27,17.95,18.54,21.68,20.51,20.62,17.16,25.09,16.62,18.64,22.75,23.11,26.75,15.03,14.72,22.67,17.66,19.84,18.32,23.06,16.33,16.87,14.73,20.72,15.74,18.87,17.04,16.36,23.29,12.89,14.57,4.47,1.24,3.66,15.03,10.28,8.39,9.19,9.75,13.37,10.66,11.09,15.13,12.68,11.71,19.27,9.17,9.09,15.34,10.2,10.16,14.65,7.94,10.06,3.6,3.86,13.43,13.26,7.39,17.2,15.69,11.51,10.48,6.57,15.64,16.61,16.23,12.6,12.29,12.1,17.16,9.92,11.28,11.8,12.57,9.24,6.22,5.78,7.47,4.23,3.89,4.41,8.29,5.06,4.69,7.15,5.56,6.63,8.95,8.23,9.48,12.01,13.22,14.37,7.9,10.99,15.29,8.33,12.88,8.63,13.82,15.83,7.08,12.47
19.53,31.79,25.65,8.64,29.98,27.18,18.57,33.5,45.6,29.27,42.24,31.37,29.63,34.14,33.36,39.1,2.09,40.52,11.6,39.95,29.3,33.31,33.28,10.18,14.37,12.15,39.56,18.17,29.87,28.62,39.2,32.74,36.78,31.72,32.05,39.15,47.4,35.14,17.93,33.01,26.6,34.33,29.03,30.78,38.37,0.0,30.92,42.41,33.22,18.98,24.45,34.16,36.46,41.49,39.48,29.85,43.59,32.53,29.21,22.33,31.93,28.3,38.91,46.4,31.91,39.89,16.41,40.08,40.59,33.62,27.13,27.77,10.34,15.12,31.07,31.25,27.92,26.94,37.48,15.22,35.48,36.09,18.22,38.6,36.8,27.51,27.4,13.79,37.61,32.42,32.59,39.52,28.72,28.44,31.18,38.49,39.42,27.88,30.52,28.31,27.85,31.9,28.61,28.72,29.86,29.4,27.25,30.3,30.58,24.7,28.17,27.19,27.52,28.63,25.49,28.35,27.25,29.37,26.05,29.1,28.17,29.01,26.76,1.54,18.1,16.27,15.07,47.06,16.22,19.77,18.7,18.87,25.83,25.62,17.53,28.76,24.86,25.01,26.97,27.71,25.06,17.74,25.27,23.29,26.14,28.62,33.09,33.69,34.68,35.04,34.63,31.48,35.45,33.96,32.36,34.08,34.15,36.26,33.9,36.79,26.67,23.82,25.5,9.02,24.3,18.61,26.14,9.81,4.67,17.16,3.39,13.97,14.84,16.03,29.46,27.7,26.9,4.81,35.05,33.5,26.43,29.97,28.81,29.71,19.95,25.18,20.95,22.31,24.26,37.61,38.69,26.05,29.54,35.36,36.34,39.14,40.47,44.29,46.94,45.84,44.44,38.17,42.32,47.58,47.02,38.03,42.34,45.49,41.74,42.36,33.84,32.99,32.6,28.19,31.5,32.81,33.0,43.66,46.47,46.63,45.63,43.76,40.78,44.95,45.18,42.44,43.12,43.72,44.96,45.69,31.38,33.55,29.36,36.15,32.07,31.7,42.63,31.01,35.57,36.45,42.19,33.05,30.87,37.84,42.59,34.38,33.4,34.71,30.32,32.27,43.98,35.36,34.5,31.49,37.71,37.16,36.89,38.34,35.71,40.2,32.32,33.71,42.42,42.88,38.54,40.77,34.01,34.92,37.85,39.73,34.88,44.38,32.64,40.52,38.71,40.24,39.82,41.17,39.93,40.7,40.96,42.54,42.37,39.59,46.31,44.69,36.81,39.59,40.58,44.64,33.04,45.34,36.42,38.42,41.21,31.93,37.77,40.39,40.91,34.27,34.89,43.32,42.89,44.57,41.34,41.0,39.66,45.4,42.17,39.94,36.35,42.66,34.74,46.05,45.34,46.31,49.12,50.32,51.47,45.01,44.31,52.39,45.44,49.98,45.74,50.92,52.93,44.18,49.57
18.12,11.82,11.65,22.28,16.5,13.18,12.1,9.23,15.35,15.81,17.94,10.01,5.36,16.98,11.39,17.74,30.61,16.21,20.35,16.27,9.34,8.94,13.31,22.83,17.31,21.13,18.21,14.61,14.76,14.62,13.34,10.08,10.84,11.76,7.77,14.04,17.15,4.89,14.96,11.25,6.22,3.84,13.92,9.42,14.07,30.92,0.0,15.35,16.87,18.91,6.02,12.8,12.27,22.31,15.78,4.29,20.3,10.77,13.8,13.5,7.73,12.9,14.6,22.09,4.57,15.58,17.0,15.77,16.28,14.08,9.25,12.37,21.19,16.18,10.68,4.18,8.16,9.49,13.17,15.74,11.28,16.88,14.02,15.38,15.35,12.1,15.94,17.31,14.2,8.22,5.52,15.21,15.92,9.78,11.08,14.25,15.11,15.47,1.32,12.9,5.78,4.07,4.4,8.23,8.5,2.12,7.81,2.96,10.48,6.78,8.07,5.18,4.51,6.58,6.19,3.2,6.76,8.97,4.61,9.0,2.54,3.49,5.62,29.42,18.36,14.69,18.57,23.77,16.36,13.91,13.75,12.43,9.48,9.27,13.79,15.82,16.35,8.66,18.46,11.37,8.71,12.98,12.76,10.78,13.63,20.11,21.79,25.81,11.39,24.02,18.29,15.13,19.11,17.61,16.01,10.79,13.33,25.24,12.39,20.44,6.35,9.77,16.67,24.03,10.26,16.64,12.09,24.79,30.83,17.53,35.02,20.91,35.58,18.58,15.41,13.66,12.85,26.33,10.74,9.81,11.02,17.11,17.35,18.26,15.31,12.25,16.3,15.31,15.72,14.32,16.7,17.22,14.14,8.29,12.04,15.84,17.18,20.99,23.62,23.15,21.15,14.88,18.36,24.29,22.69,14.74,19.04,22.2,18.45,19.07,6.77,12.61,12.21,8.09,11.4,12.71,12.9,16.59,19.4,19.57,18.67,16.69,13.72,17.89,18.12,15.38,16.06,16.65,19.79,18.62,15.97,18.14,20.34,16.96,16.66,18.0,23.45,19.55,15.19,16.07,23.01,17.65,15.47,18.66,23.4,16.66,13.02,14.33,14.91,11.88,24.79,14.97,14.11,16.09,17.32,16.83,9.55,14.03,12.34,13.14,4.98,6.37,15.35,15.81,11.48,13.71,6.94,7.85,10.78,12.66,10.57,17.31,5.3,13.45,11.65,13.17,12.75,14.11,12.87,16.39,16.65,22.15,21.98,19.2,25.93,24.3,16.42,19.21,19.37,24.25,12.94,24.96,16.04,17.42,20.82,11.55,17.38,20.0,20.52,13.88,14.79,19.01,18.58,21.37,17.03,16.69,13.79,22.19,17.86,14.07,9.01,18.35,7.4,21.74,21.03,22.27,24.81,26.01,27.16,20.7,23.78,28.08,21.12,25.67,21.43,26.61,28.62,19.87,25.26
31.44,21.0,23.08,33.78,27.94,24.62,25.42,14.68,10.2,27.25,19.94,21.45,15.29,18.13,14.43,25.47,42.11,18.22,31.85,8.91,20.77,12.12,21.01,34.33,30.63,32.63,24.67,26.05,26.2,26.06,14.26,13.26,16.52,22.24,14.69,6.69,10.68,13.32,28.28,14.3,19.54,15.58,25.35,20.86,17.24,42.41,15.35,0.0,17.53,32.44,18.95,18.93,18.52,33.9,9.03,16.2,10.39,13.79,25.39,25.09,13.12,24.48,15.83,24.04,13.88,17.54,30.53,16.96,19.43,20.21,20.84,23.96,33.11,27.77,22.27,13.07,19.75,21.08,18.43,29.27,17.41,28.47,25.61,8.62,8.59,23.69,27.53,29.24,7.44,14.19,11.17,18.37,27.51,21.37,22.67,7.49,17.61,27.06,15.55,24.49,17.37,13.73,17.85,19.82,20.09,15.56,19.4,14.87,22.07,18.37,19.66,18.71,16.1,18.17,18.99,16.64,18.35,20.56,17.15,20.58,15.01,15.39,17.21,44.66,31.89,28.23,31.03,13.86,28.81,25.5,27.28,24.02,19.85,22.8,27.32,23.43,29.88,22.2,31.99,17.88,22.24,26.51,26.29,24.31,20.02,33.64,22.97,26.99,13.1,25.2,19.75,16.23,20.29,18.79,19.06,12.51,16.36,26.42,15.42,21.91,19.89,21.36,28.26,35.96,21.85,28.23,23.68,36.38,42.42,29.12,46.61,32.5,47.17,30.17,27.0,25.25,24.44,41.36,12.43,11.53,22.61,28.7,28.94,29.85,26.9,23.84,27.89,26.9,27.31,12.02,9.94,28.81,25.72,8.8,9.18,9.95,9.61,11.09,13.71,13.25,11.24,10.91,11.6,14.38,12.79,12.75,11.48,12.29,9.32,9.16,11.54,24.2,23.8,19.68,22.99,24.3,19.26,1.37,4.18,4.35,3.45,1.74,2.65,2.67,2.9,2.45,1.11,1.43,4.57,3.4,27.56,29.73,31.93,28.55,28.25,29.59,35.03,31.14,26.77,27.66,34.6,29.24,27.06,30.25,34.99,28.25,24.6,25.92,26.5,23.47,36.38,26.56,25.7,27.68,28.91,28.42,15.68,16.57,18.47,4.34,15.06,13.18,10.69,11.15,5.46,9.05,11.71,10.05,4.57,8.0,10.62,12.65,12.58,4.26,6.98,8.51,3.58,9.44,8.2,19.55,18.61,29.88,29.21,23.34,33.66,30.44,28.01,26.43,22.52,30.39,24.53,32.69,27.63,28.24,28.57,23.13,25.87,27.23,27.75,25.47,26.38,20.25,21.73,16.7,18.98,17.92,14.12,17.53,19.09,12.82,13.01,19.59,14.21,23.69,22.98,24.22,26.76,27.97,29.12,22.65,25.74,30.04,23.08,27.63,23.38,28.57,30.58,21.83,27.22
20.42,20.58,15.0,24.58,21.89,16.53,14.4,8.61,19.14,21.2,31.03,19.09,9.21,1.08,5.22,26.81,32.91,29.31,22.65,12.36,18.1,5.73,22.07,25.13,19.61,23.44,27.28,18.26,20.15,17.97,23.2,5.38,25.52,20.51,8.61,11.57,19.62,19.34,17.26,3.6,12.51,18.53,19.31,18.49,27.16,33.22,16.87,17.53,0.0,15.84,12.1,22.0,24.31,31.3,12.12,16.65,16.23,5.18,19.02,18.72,7.09,18.11,26.75,34.24,18.71,27.74,19.09,27.93,28.44,21.46,16.94,17.58,23.28,19.32,18.58,18.05,14.77,16.75,25.33,17.83,23.32,25.91,17.24,11.25,9.44,17.32,21.16,19.4,10.26,8.16,19.39,27.37,21.14,18.25,19.03,11.13,27.26,20.69,15.5,18.12,15.3,18.71,10.18,16.18,16.41,14.38,15.71,17.1,18.42,13.76,16.01,12.18,14.06,14.49,11.94,13.33,14.71,16.8,12.7,16.94,14.98,15.81,13.57,31.51,20.44,16.78,20.66,17.22,18.45,17.13,15.84,15.64,7.79,8.33,15.88,6.14,10.86,8.92,12.97,5.82,8.87,15.07,6.53,11.03,5.94,14.62,5.68,9.7,7.32,7.91,2.46,2.01,3.0,1.5,3.16,6.73,1.17,9.13,3.51,4.62,11.65,12.66,21.9,26.12,13.14,21.86,14.98,30.02,29.95,22.76,34.14,26.13,40.8,23.8,18.3,16.54,15.74,28.42,7.69,6.15,16.24,22.33,22.57,23.47,20.53,16.44,21.53,20.53,20.95,10.25,11.34,22.44,19.35,11.29,8.99,11.78,13.11,16.93,14.77,13.66,15.92,10.81,14.96,20.22,14.84,10.67,14.98,15.65,14.39,15.0,20.64,20.51,20.12,16.03,19.35,20.66,20.85,20.58,21.58,21.75,18.28,18.87,15.9,21.63,20.3,17.56,18.24,18.83,17.61,20.8,21.19,23.36,25.56,25.96,21.88,23.22,32.44,24.77,23.09,23.97,32.0,22.86,20.69,27.65,32.4,24.19,20.92,22.23,20.13,19.79,33.79,22.87,22.02,21.3,25.22,24.73,23.7,26.19,23.55,12.55,19.12,20.51,19.63,20.09,14.16,17.98,20.81,12.54,13.5,16.94,7.52,21.59,19.45,15.63,15.92,17.45,14.94,18.38,17.14,28.55,28.81,30.06,29.88,27.1,33.83,32.21,24.33,27.11,28.1,32.16,20.88,32.86,23.94,25.32,28.73,19.45,25.28,27.91,28.42,21.78,22.73,31.17,30.73,25.64,29.18,28.84,23.06,26.47,30.01,21.75,23.15,30.51,21.54,33.9,33.19,34.43,36.96,38.17,39.32,32.85,31.83,40.24,33.28,37.83,33.58,38.77,40.78,32.03,37.42
1.51,22.62,17.51,11.47,24.4,19.04,9.67,21.44,31.84,23.71,33.07,20.79,17.58,16.93,21.3,28.52,18.68,31.35,9.54,27.89,20.13,21.26,24.11,12.02,5.89,10.32,28.99,9.42,22.66,20.48,30.06,20.68,27.56,22.55,19.99,27.09,33.64,21.38,3.88,20.95,14.55,20.57,21.82,20.2,29.2,18.98,18.91,32.44,15.84,0.0,15.42,24.96,27.27,34.62,27.41,19.61,31.53,20.47,22.34,22.05,19.87,21.43,29.71,37.2,21.66,30.7,4.45,30.88,31.39,24.42,20.26,20.9,10.33,6.37,21.54,21.01,18.09,20.07,28.29,4.96,26.28,29.23,9.48,26.54,24.74,20.64,24.48,6.45,25.55,20.36,22.35,30.32,24.46,20.64,21.98,26.43,30.22,24.01,18.46,21.44,18.26,21.66,16.55,19.14,19.36,17.34,18.67,20.06,21.38,17.09,18.97,15.13,17.02,17.44,14.89,16.29,17.66,19.83,15.66,19.9,17.93,18.77,16.52,17.44,2.2,5.55,7.11,32.28,7.22,11.02,8.0,10.12,13.77,13.56,5.47,10.02,6.12,12.95,8.23,15.65,13.0,7.23,13.45,10.56,14.31,9.88,14.35,18.37,22.62,16.58,17.53,19.42,14.95,14.34,20.3,22.02,16.78,17.8,21.84,16.05,14.61,15.98,25.22,13.17,16.46,25.18,18.3,19.19,15.91,26.08,20.1,23.34,24.21,27.12,21.62,19.87,19.06,14.34,22.99,21.44,19.56,25.65,25.89,26.79,23.85,19.76,24.85,23.85,24.27,25.55,26.63,25.76,22.67,26.59,24.28,27.07,28.41,32.22,29.84,28.73,32.38,26.11,30.26,35.52,29.91,25.97,30.28,30.72,29.68,30.3,23.6,23.47,23.07,18.99,22.3,23.61,23.8,33.42,36.23,36.39,33.57,33.52,30.54,34.71,34.94,32.2,32.88,33.48,32.9,35.45,24.51,26.68,28.88,29.28,25.2,26.54,35.76,28.09,26.04,26.93,35.33,26.19,24.01,30.98,35.72,27.51,23.87,25.19,23.45,22.74,37.11,25.83,24.97,24.63,28.18,27.69,26.65,29.15,26.51,29.96,22.08,23.47,32.18,32.64,28.3,30.53,23.77,24.68,27.61,29.49,22.81,34.14,22.4,30.28,28.47,30.0,29.58,30.93,29.69,31.51,31.77,33.01,32.84,30.06,36.79,35.16,27.28,30.07,31.06,35.11,23.84,35.81,26.9,28.28,31.68,22.4,28.24,30.86,31.38,24.74,25.69,34.12,33.69,38.19,32.14,31.8,30.89,39.02,32.97,31.17,26.11,33.46,24.5,36.85,36.14,37.38,39.92,41.13,42.28,35.81,34.78,43.19,36.24,40.78,36.54,41.72,43.74,34.99,40.38
14.69,8.27,4.82,15.81,11.72,6.36,8.48,8.88,18.35,11.02,18.72,5.82,5.01,13.18,12.41,13.55,24.14,17.0,13.88,19.27,5.79,8.59,9.76,16.36,11.89,14.67,14.02,8.08,9.98,7.8,16.57,11.78,14.07,8.21,7.43,17.04,20.15,7.89,11.53,12.05,4.43,7.08,9.13,5.23,14.86,24.45,6.02,18.95,12.1,15.42,0.0,10.64,12.95,18.23,15.76,6.34,19.87,11.83,9.24,8.94,7.3,8.33,15.39,22.88,8.39,16.38,13.11,16.56,17.07,10.1,4.5,7.8,14.95,9.61,6.6,7.73,2.19,4.74,13.97,11.85,11.96,12.8,7.46,13.87,12.06,7.54,11.38,11.08,12.88,7.79,9.07,16.0,11.36,5.03,7.66,17.8,15.9,10.91,5.56,8.34,4.44,8.39,3.98,5.31,4.42,4.44,3.73,6.78,7.06,1.13,4.65,3.28,3.68,2.5,2.47,3.39,3.84,4.22,1.72,5.58,4.66,5.49,2.6,23.19,14.46,10.8,12.87,23.34,10.65,7.35,9.86,5.86,5.12,4.91,9.9,11.46,11.99,4.3,14.1,7.01,4.35,9.09,8.4,6.42,9.26,15.75,17.42,21.45,10.96,19.66,13.93,10.77,14.74,13.25,11.65,10.37,13.44,20.88,13.2,16.08,4.46,2.88,12.12,17.8,3.36,12.08,5.2,20.24,21.63,12.98,25.82,16.35,31.02,14.02,8.52,6.76,5.96,20.09,10.31,9.39,6.46,12.55,12.79,13.69,10.75,6.66,11.75,10.75,11.17,13.89,14.97,12.66,9.57,11.84,11.61,15.42,16.75,20.57,26.23,25.13,20.72,14.45,18.6,23.86,26.31,14.31,18.62,21.77,18.03,18.64,10.32,8.53,8.13,4.67,7.98,9.29,9.49,20.14,22.95,23.12,22.22,20.24,17.27,21.44,21.67,18.93,19.61,20.2,23.34,22.17,11.41,13.58,15.78,12.88,12.1,13.43,19.37,14.99,11.1,11.99,18.93,13.08,10.9,14.58,19.32,14.41,8.93,10.25,10.35,7.8,20.71,10.89,10.03,11.52,13.24,12.75,13.38,14.83,12.19,16.69,8.8,10.19,18.9,19.36,15.03,17.26,10.49,11.4,14.33,16.21,10.14,20.86,9.13,17.0,15.2,16.72,16.3,17.66,16.42,17.19,17.45,18.07,17.9,15.12,21.85,20.22,12.34,15.13,16.12,20.17,9.52,20.88,11.96,13.34,16.74,7.46,13.3,15.92,16.44,9.8,11.37,19.8,19.37,21.06,17.82,17.48,16.15,21.88,18.65,16.42,12.83,19.14,11.22,22.54,21.82,23.06,25.6,26.81,27.96,21.49,19.85,28.88,21.92,26.47,22.22,27.41,29.42,20.67,26.06
24.23,2.4,14.83,25.52,19.24,16.36,18.19,16.77,12.25,18.54,8.44,11.42,12.91,23.09,18.94,12.81,33.85,6.72,23.59,19.26,8.74,16.49,2.42,26.07,21.6,24.38,12.0,17.79,17.5,17.8,5.4,17.62,2.99,3.65,15.32,17.03,13.63,11.7,21.07,18.8,12.33,9.0,16.65,10.83,4.58,34.16,12.8,18.93,22.0,24.96,10.64,0.0,2.7,23.75,19.43,11.63,27.99,18.35,16.83,16.52,15.31,15.92,5.15,12.64,9.61,6.13,21.75,6.32,6.83,1.68,12.27,15.39,24.42,19.08,12.12,11.98,10.16,12.51,3.72,21.86,1.72,18.84,16.92,19.02,18.99,15.12,18.96,20.54,17.84,15.8,9.32,5.76,18.94,11.49,4.01,17.89,5.66,18.49,12.45,15.92,8.83,10.85,11.99,9.32,9.94,12.46,8.32,10.42,5.63,9.68,6.72,11.3,9.82,8.6,11.1,11.41,7.59,10.12,9.74,5.69,11.9,10.82,8.6,32.65,24.47,20.81,22.33,31.46,20.11,16.81,18.24,15.33,15.6,15.39,19.91,21.94,22.47,14.78,24.58,17.48,14.83,19.1,18.88,16.89,19.74,26.23,27.9,31.93,18.97,30.14,24.4,21.25,25.22,23.73,22.13,18.38,23.92,31.36,19.98,26.56,12.47,12.67,19.69,27.26,13.15,19.66,14.99,27.82,33.86,20.56,38.05,23.93,38.6,21.6,18.31,16.55,15.75,32.79,18.33,17.4,14.04,20.13,20.38,21.28,18.33,15.27,19.33,18.33,18.74,21.54,20.34,20.24,17.16,14.35,19.58,23.54,24.87,28.69,31.31,30.85,28.85,22.57,22.0,31.98,30.39,22.43,26.74,29.89,26.15,26.76,8.07,14.05,13.65,7.59,10.9,4.77,4.96,20.24,23.04,23.21,22.31,20.33,17.36,21.53,21.76,19.02,19.7,20.29,23.43,22.26,18.99,18.94,23.36,18.4,19.69,21.02,24.89,22.57,16.62,18.06,24.45,19.43,18.49,20.1,24.84,18.1,14.45,15.77,17.94,13.32,22.22,16.41,15.55,19.11,16.24,17.91,3.25,4.58,1.95,16.78,9.05,7.16,10.94,11.24,13.33,12.41,9.86,13.91,14.42,13.46,18.16,10.66,7.86,17.09,11.95,11.91,16.4,9.69,11.81,6.94,7.2,16.77,16.6,10.74,20.55,19.03,14.86,13.83,9.92,18.98,12.44,19.58,15.94,15.63,15.45,12.98,13.27,14.62,15.14,15.92,12.59,9.56,9.13,10.81,7.57,7.24,5.9,11.64,8.41,6.18,5.92,8.9,5.4,12.29,11.58,12.82,15.36,16.56,17.71,11.25,14.33,18.63,11.67,16.22,11.98,17.16,19.17,10.42,15.81
26.53,4.71,17.13,27.83,21.54,18.67,20.5,19.08,12.09,20.85,6.44,13.73,15.21,25.39,21.24,10.8,36.16,4.71,25.9,18.84,11.04,18.79,4.73,28.38,23.91,26.68,10.0,20.1,19.8,20.11,4.55,19.93,2.45,5.95,17.63,16.62,13.22,11.16,23.38,21.11,14.63,8.47,18.96,13.14,2.57,36.46,12.27,18.52,24.31,27.27,12.95,2.7,0.0,23.31,19.01,11.1,27.58,20.66,19.13,18.83,17.62,18.22,3.14,10.63,9.07,4.13,24.05,4.31,4.82,3.98,14.58,17.69,26.72,21.38,14.43,11.45,12.46,14.82,1.44,24.17,0.99,16.84,19.23,18.6,18.58,17.43,21.27,22.85,17.43,18.11,8.79,3.75,21.25,13.8,6.32,17.48,3.65,20.8,11.91,18.23,11.14,10.32,14.3,11.63,12.25,11.92,10.63,9.88,7.94,11.99,9.03,13.6,12.13,10.9,13.41,13.01,9.9,12.42,12.04,7.99,11.37,10.29,10.9,34.96,26.78,23.12,24.64,31.05,22.42,19.12,20.55,17.63,17.9,17.69,22.21,24.24,24.77,17.09,26.88,19.79,17.14,21.4,21.18,19.2,22.05,28.53,30.21,34.23,21.28,32.44,26.71,23.55,27.53,26.04,24.43,20.69,26.23,33.66,22.29,28.87,14.78,14.97,22.0,29.57,15.46,21.96,17.29,30.12,36.16,22.86,40.35,26.23,40.9,23.9,20.62,18.86,18.06,35.1,22.42,19.71,16.35,22.44,22.68,23.58,20.63,17.57,21.63,20.63,21.05,21.13,19.93,22.55,19.46,13.81,19.17,23.13,24.46,28.28,30.9,30.44,28.43,22.16,21.59,31.57,29.98,22.02,26.33,29.48,25.74,26.35,7.54,16.35,16.7,9.89,13.2,7.08,7.27,19.82,22.63,22.8,21.9,19.92,16.95,21.12,21.35,18.61,19.29,19.88,23.02,21.85,21.3,18.5,25.67,17.96,19.98,23.33,24.45,24.88,16.37,16.05,24.01,18.99,20.8,19.66,24.4,17.66,16.76,16.06,20.24,15.63,20.21,18.38,17.7,21.42,14.23,15.91,2.71,2.58,1.71,16.37,8.52,6.63,10.52,11.09,12.8,12.0,9.32,13.37,14.01,13.05,20.61,10.51,7.33,16.68,11.54,11.5,15.98,9.28,11.4,4.94,5.2,14.77,14.6,8.73,18.54,17.03,12.85,11.82,7.91,16.98,14.74,17.57,13.93,13.63,13.44,15.29,11.26,12.62,13.14,13.91,10.58,7.55,7.12,8.81,5.57,5.23,5.75,9.63,6.4,6.02,5.39,6.89,4.86,10.28,9.57,10.81,13.35,14.56,15.71,9.24,12.33,16.62,9.67,14.22,9.97,15.15,17.17,8.42,13.81
33.89,21.34,21.17,33.82,12.88,22.7,26.5,24.98,33.3,15.35,20.37,13.29,21.11,32.39,31.61,13.62,41.19,21.76,31.9,34.22,18.03,24.69,22.83,34.37,29.91,32.68,13.62,26.1,15.5,24.14,23.95,25.83,24.95,21.28,23.53,31.99,35.1,22.84,30.73,31.26,20.53,22.03,12.34,13.61,21.97,41.49,22.31,33.9,31.3,34.62,18.23,23.75,23.31,0.0,34.28,21.28,36.05,30.96,14.99,20.26,23.48,14.71,22.54,26.73,23.34,21.62,29.85,22.27,19.51,23.28,16.65,15.3,32.52,27.18,11.9,22.68,17.37,16.88,23.22,28.66,23.79,7.36,25.02,33.87,28.25,14.09,14.82,28.64,32.69,23.97,24.02,19.55,13.27,14.58,20.84,32.75,20.87,14.4,22.02,13.89,18.06,23.34,20.16,18.82,14.22,20.39,16.11,21.73,20.24,17.22,17.83,19.46,18.41,16.14,18.65,19.57,17.21,15.41,17.71,18.76,19.6,20.44,17.18,39.82,33.6,29.94,30.43,39.52,28.21,24.91,26.34,23.43,24.26,24.05,29.04,30.6,31.13,23.44,33.24,26.14,23.49,28.23,27.54,25.55,28.4,34.89,36.56,40.59,27.14,38.8,33.06,29.91,33.88,32.39,30.79,26.55,32.58,40.02,32.33,35.22,20.64,19.17,23.43,35.36,19.65,23.39,21.48,31.55,37.59,24.29,41.78,27.66,26.76,25.33,24.8,23.05,22.24,36.53,26.5,25.57,16.44,13.66,16.23,17.14,22.06,18.99,23.06,22.06,22.48,30.07,31.16,23.97,13.75,26.79,27.79,31.6,32.93,36.75,39.37,44.26,36.91,30.63,36.85,40.04,38.45,30.49,34.8,37.95,34.21,34.82,25.27,11.46,11.93,16.94,20.25,22.47,22.66,35.09,37.9,38.06,37.17,35.19,32.21,36.38,36.62,33.88,34.55,35.15,38.29,37.12,11.4,7.94,15.88,5.64,9.42,13.53,1.14,14.91,9.35,9.33,1.03,8.44,10.62,6.27,1.62,7.11,9.29,14.04,11.5,10.42,2.49,8.54,8.45,15.06,9.68,8.42,25.21,21.98,24.39,31.63,23.75,25.14,29.92,30.49,29.97,32.21,25.44,26.35,29.28,31.16,26.32,29.9,24.07,31.95,30.14,31.67,31.25,28.68,31.36,18.62,23.15,10.57,10.74,14.72,6.45,14.59,10.68,11.1,15.72,14.54,21.79,6.09,11.93,9.68,11.12,14.66,12.05,10.22,9.28,13.59,15.2,26.95,21.81,28.21,22.27,24.63,25.15,29.03,25.8,25.42,27.89,26.29,27.36,28.24,27.53,16.21,25.04,21.56,22.71,27.2,14.21,23.62,16.6,21.21,17.61,22.15,24.17,26.38,20.81
26.68,21.43,21.26,30.84,28.37,22.79,20.66,10.29,10.64,27.68,20.38,21.88,10.89,12.72,9.02,25.91,39.17,18.66,28.91,1.56,21.21,7.73,21.45,31.39,25.87,29.7,25.1,24.51,26.63,24.23,14.69,8.43,16.95,22.67,10.29,3.06,11.12,13.76,23.52,8.89,15.69,16.02,25.79,21.29,17.68,39.48,15.78,9.03,12.12,27.41,15.76,19.43,19.01,34.28,0.0,16.64,8.7,8.38,25.83,25.52,8.72,24.92,16.27,24.47,14.32,17.97,25.74,17.4,19.87,20.65,21.28,24.39,29.93,25.97,22.71,13.51,20.19,21.51,18.86,24.48,17.85,28.9,23.89,1.64,3.53,24.12,27.97,26.05,2.38,9.79,11.61,18.8,27.95,21.8,23.1,1.95,18.05,27.49,15.99,24.93,17.8,14.17,11.81,20.26,20.53,16.0,19.83,15.3,22.5,15.4,20.09,14.61,16.53,18.61,15.62,13.56,18.78,21.0,14.36,21.02,15.44,15.83,17.65,38.16,27.09,23.43,27.31,12.17,25.1,23.78,22.48,22.29,14.44,14.98,22.53,18.02,23.25,15.57,25.36,12.47,15.52,21.72,15.2,17.68,14.61,27.01,17.56,21.58,6.11,19.79,14.34,10.81,14.88,13.38,13.65,5.79,10.95,21.01,10.01,16.5,15.79,19.31,28.7,32.77,19.79,28.66,21.63,36.82,36.6,29.56,40.79,32.93,47.6,30.6,24.95,23.19,22.39,35.07,8.06,6.51,23.05,29.14,29.38,30.28,27.33,23.09,28.33,27.33,27.75,2.25,1.05,29.24,26.16,3.74,4.12,4.25,5.58,9.4,12.02,11.56,9.56,3.28,3.44,12.69,11.1,3.14,7.45,10.6,6.86,7.47,11.97,24.63,24.24,20.11,23.42,24.73,19.69,10.27,13.08,13.25,10.75,10.37,7.39,11.57,11.8,9.06,9.73,10.33,10.08,12.3,28.0,30.17,32.37,28.99,28.69,30.02,35.47,31.58,27.21,28.09,35.03,29.67,27.49,30.68,35.43,28.69,25.04,26.35,26.94,23.91,36.82,26.99,26.14,28.11,29.35,28.86,16.12,17.01,18.91,4.05,15.49,13.61,11.12,11.58,5.66,9.48,12.14,4.99,5.0,8.43,5.57,13.08,13.01,7.13,7.42,8.94,6.43,9.88,8.64,19.98,19.04,30.32,29.64,23.78,34.09,30.87,28.45,26.87,22.96,30.82,24.96,33.12,28.06,28.67,29.0,23.57,26.31,27.66,28.18,25.9,26.81,20.68,22.17,17.14,19.41,18.36,14.55,17.96,19.53,13.25,13.45,20.02,14.65,24.13,23.42,24.66,27.19,28.4,29.55,23.09,26.17,30.47,23.51,28.06,23.82,29.0,31.01,22.26,27.65
18.88,9.81,10.52,21.21,15.37,12.05,12.86,10.48,15.61,14.68,16.73,8.88,6.61,17.74,12.64,16.61,29.55,15.0,19.29,16.53,7.32,10.19,11.3,21.76,18.06,20.07,17.08,13.48,13.63,13.49,12.12,11.33,9.62,9.74,9.02,14.3,17.41,5.14,15.72,12.5,6.98,2.63,12.79,8.29,12.86,29.85,4.29,16.2,16.65,19.61,6.34,11.63,11.1,21.28,16.64,0.0,21.49,11.96,12.59,12.28,8.92,11.68,13.47,20.96,3.48,14.45,17.73,14.64,15.15,12.95,8.03,11.15,20.3,14.97,9.46,4.87,6.95,8.27,12.04,16.47,10.15,15.66,12.81,16.06,16.04,10.88,14.72,16.43,14.89,9.41,4.33,14.08,14.7,8.56,9.86,14.94,13.98,14.25,3.9,11.68,4.05,2.98,5.6,5.45,7.29,3.31,6.59,1.87,9.26,5.57,6.85,5.9,2.78,5.37,6.18,4.4,5.54,7.76,4.34,7.78,2.53,1.03,4.41,31.85,19.08,15.42,18.22,24.96,16.0,12.7,14.47,11.21,10.2,9.99,14.51,16.54,17.07,9.39,19.18,12.09,9.44,13.7,13.48,11.5,14.35,20.83,22.51,26.53,12.58,24.74,19.01,15.86,19.83,18.34,16.73,11.99,18.53,25.96,13.59,21.17,7.08,8.55,15.45,23.15,9.04,15.42,10.87,23.58,29.62,16.32,33.81,19.69,34.36,17.36,14.2,12.44,11.64,28.55,11.94,11.01,9.8,15.89,16.14,17.04,14.09,11.03,15.09,14.09,14.5,18.59,17.39,16.0,12.92,8.98,10.86,17.04,18.37,22.19,24.81,24.35,22.35,16.07,19.05,25.48,23.89,19.48,20.24,23.39,19.65,20.27,5.01,11.39,11.0,6.87,10.18,11.49,11.68,17.28,20.09,20.26,19.36,17.38,14.4,18.58,18.81,16.07,16.75,17.34,20.48,19.31,14.75,16.92,19.13,15.74,15.45,16.78,22.23,18.33,13.97,14.85,21.79,16.43,14.25,17.44,22.18,15.45,11.8,13.11,13.7,10.67,23.57,13.75,12.9,14.87,16.1,15.61,8.42,12.9,11.21,13.82,3.85,5.24,12.89,16.5,12.17,14.4,5.75,8.54,11.47,13.35,11.76,18.0,4.17,14.14,12.33,13.86,13.44,11.65,13.55,15.26,15.52,20.94,20.76,19.06,24.71,23.09,15.21,17.99,18.24,23.04,11.72,23.74,14.82,16.2,19.61,10.33,16.16,18.78,19.3,12.66,13.57,17.88,17.45,17.94,15.89,15.56,12.66,18.76,16.73,12.94,7.88,17.22,6.27,20.61,19.9,21.14,23.68,24.88,26.03,19.57,22.65,26.95,19.99,24.54,20.3,25.48,27.49,18.74,24.13
30.79,25.48,25.37,34.95,32.26,26.91,24.78,14.4,19.2,31.57,28.95,23.65,15.0,16.84,13.14,31.38,43.28,27.22,33.03,10.13,23.0,11.84,26.97,35.5,29.98,33.81,33.67,28.63,30.53,28.34,23.26,12.55,25.52,25.41,14.4,11.63,19.68,22.32,27.64,13.0,19.81,24.58,29.68,23.06,26.24,43.59,20.3,10.39,16.23,31.53,19.87,27.99,27.58,36.05,8.7,21.49,0.0,12.5,27.48,27.18,12.84,26.58,24.83,33.04,22.89,26.54,29.86,25.97,28.44,27.24,22.93,26.05,34.04,30.08,24.36,22.08,21.85,23.17,27.43,28.6,26.41,30.56,28.0,10.21,12.1,25.78,29.62,30.17,10.95,13.91,20.18,27.37,29.6,23.46,24.8,10.51,26.61,29.15,19.84,26.58,21.08,22.74,15.93,21.96,22.19,18.72,21.49,23.87,24.2,19.51,21.79,18.72,19.84,20.26,19.74,17.67,20.48,22.65,18.48,22.72,19.42,20.64,19.35,42.28,31.21,27.55,31.42,3.86,29.21,27.89,26.6,26.41,18.56,19.1,26.64,22.14,27.37,19.68,29.48,16.58,19.63,25.83,19.31,21.79,18.72,31.13,20.66,23.5,10.22,21.71,15.79,14.93,18.99,17.5,17.76,9.91,15.06,22.93,14.12,16.61,19.9,23.42,30.35,36.89,23.91,30.32,25.74,38.48,40.71,31.22,44.9,34.59,49.26,32.26,29.06,27.31,26.5,39.18,12.17,10.63,24.7,30.79,31.03,31.94,28.99,27.2,29.99,28.99,29.4,6.53,7.92,30.9,27.82,12.31,13.47,4.45,4.12,1.0,3.71,3.25,1.24,5.42,11.55,4.3,2.79,7.26,5.98,2.29,3.83,2.65,20.54,26.29,25.9,21.81,25.12,26.43,26.63,9.25,11.46,14.01,6.94,12.0,12.91,10.29,12.56,12.71,11.37,11.09,6.27,11.42,29.65,31.82,34.02,30.64,30.34,31.68,37.13,33.23,28.87,29.75,36.69,31.33,29.15,32.34,37.08,30.35,26.7,28.01,28.59,25.56,38.47,28.65,27.8,29.77,31.0,30.51,24.69,25.57,27.47,12.61,24.06,22.18,19.69,20.15,14.22,18.05,20.71,13.56,13.57,17.0,12.0,21.65,21.58,14.52,15.98,17.51,13.84,18.45,17.2,28.55,27.61,35.83,35.66,32.35,39.61,39.44,30.1,32.89,31.52,39.39,26.66,38.64,29.72,31.1,34.51,25.23,31.06,33.68,34.2,27.56,28.51,29.25,30.73,25.71,27.98,26.93,23.12,26.53,28.09,21.82,22.01,28.59,23.21,32.7,31.99,33.23,35.76,36.97,38.12,31.65,34.74,39.04,32.08,36.63,32.38,37.57,39.58,30.83,36.22
19.74,15.95,14.32,23.9,21.21,15.85,13.72,4.87,15.4,20.52,25.15,14.12,5.47,5.78,1.42,21.85,32.23,23.42,21.97,8.63,13.47,1.99,17.44,24.45,18.93,22.75,22.32,17.57,19.47,17.29,19.46,1.64,19.1,15.88,4.87,7.83,15.89,13.16,16.58,1.94,11.83,12.11,18.62,13.53,22.44,32.53,10.77,13.79,5.18,20.47,11.83,18.35,20.66,30.96,8.38,11.96,12.5,0.0,18.73,18.43,3.36,17.82,21.04,29.24,12.88,22.74,18.8,22.17,24.64,17.76,16.65,17.29,22.98,19.03,14.88,12.49,14.48,16.46,21.62,17.54,19.62,21.08,16.94,7.51,5.71,17.02,20.86,19.11,6.52,4.42,13.83,23.57,20.85,13.98,15.32,7.4,22.82,20.39,10.36,17.83,11.6,12.38,6.44,12.47,12.7,9.23,12.01,11.27,14.72,13.47,12.31,9.24,10.36,10.78,11.65,8.19,11.0,13.17,8.99,13.24,9.94,11.16,9.86,31.22,20.15,16.49,20.37,15.97,18.16,16.84,15.54,15.35,7.5,8.04,15.59,11.08,16.31,8.62,18.42,5.52,8.58,14.78,8.26,10.74,7.66,20.07,10.62,14.64,3.59,12.85,7.4,3.87,7.94,6.44,6.7,2.99,4.01,14.07,3.07,9.56,11.36,12.36,21.61,25.83,12.85,21.57,14.68,29.73,29.66,22.47,33.85,25.84,40.51,23.51,18.01,16.25,15.45,28.12,3.96,2.41,15.94,22.04,22.28,23.18,20.24,16.15,21.24,20.24,20.66,6.52,7.6,22.15,19.06,7.56,5.25,8.04,9.38,13.19,15.82,15.35,13.35,7.08,11.23,16.49,14.89,6.94,11.25,14.4,10.65,11.27,16.74,16.81,16.41,12.33,15.64,16.95,17.14,16.85,17.85,18.01,14.54,15.14,12.16,17.89,16.56,13.82,14.5,15.1,13.87,17.07,20.9,23.07,25.27,21.16,21.59,22.92,27.64,24.48,19.38,20.26,27.21,22.57,20.39,22.86,27.6,23.9,17.21,18.52,19.84,16.08,28.99,19.17,18.31,21.01,21.52,21.03,17.86,21.77,19.85,8.82,13.29,14.68,15.89,16.35,10.42,14.25,16.91,8.81,9.77,13.2,3.78,17.85,13.62,11.9,12.19,13.71,11.2,14.65,13.41,24.75,23.81,26.35,26.18,23.4,30.12,28.5,20.62,23.4,24.39,28.45,17.18,29.15,20.23,21.62,25.02,15.74,21.58,24.2,24.72,18.08,19.03,25.45,26.93,21.91,24.18,23.13,19.32,22.73,24.3,18.02,18.21,24.79,15.71,28.9,28.19,29.43,31.96,33.17,34.32,27.86,30.94,35.24,28.28,32.83,28.59,33.77,35.78,27.03,32.42
21.61,14.42,8.89,21.54,3.38,10.42,14.22,16.48,24.8,1.84,24.87,8.61,12.61,20.1,19.33,15.86,28.9,23.15,19.62,25.72,11.94,16.19,15.91,22.09,17.62,20.4,15.87,13.81,1.78,11.86,23.02,18.7,19.41,14.35,15.02,23.49,26.6,14.34,18.45,18.97,12.03,13.52,3.28,8.02,21.01,29.21,13.8,25.39,19.02,22.34,9.24,16.83,19.13,14.99,25.83,12.59,27.48,18.73,0.0,7.97,15.04,0.91,21.46,28.95,14.9,22.44,17.57,22.63,21.75,16.17,5.49,3.01,20.23,14.9,9.42,14.24,7.45,5.3,20.03,16.38,18.03,9.6,12.74,25.44,19.81,2.47,2.14,16.36,24.26,15.54,15.58,22.07,2.12,6.8,13.73,24.31,21.97,1.67,13.58,1.85,11.01,14.9,11.72,11.89,8.21,11.95,8.63,13.3,13.13,8.38,10.72,11.03,10.51,8.16,10.23,11.14,10.1,6.63,9.47,11.65,11.17,12.0,9.76,27.54,21.32,17.66,18.15,33.21,15.93,12.63,14.06,11.14,11.98,11.77,16.76,18.31,18.84,11.16,20.96,13.86,11.21,15.95,15.25,13.27,16.12,22.6,24.28,28.3,20.82,26.51,20.78,17.63,21.6,20.11,18.5,20.23,20.3,27.74,20.05,22.94,12.2,6.89,11.15,23.08,7.36,11.11,9.2,19.27,25.31,12.01,29.5,15.38,14.08,13.05,12.52,10.76,9.96,24.25,18.06,17.13,4.16,3.36,3.55,4.45,9.78,6.71,10.78,9.78,10.2,23.76,24.84,11.69,3.67,18.35,19.36,25.28,26.62,30.43,33.09,31.98,30.59,24.32,28.42,33.73,33.16,24.18,28.48,31.64,27.89,28.51,16.84,11.35,10.96,10.74,14.05,15.36,15.55,26.66,29.46,29.63,28.73,26.75,23.78,27.95,28.18,25.44,26.12,26.71,29.85,28.68,4.88,7.05,7.28,9.65,5.57,6.91,16.13,5.75,11.59,11.58,15.7,6.56,4.38,11.35,16.09,7.89,11.53,13.07,3.86,10.63,17.48,10.79,10.7,5.62,11.92,10.66,19.89,20.9,18.26,23.2,15.31,16.7,25.41,25.87,21.54,23.77,17.0,17.91,20.84,22.72,17.89,27.37,15.64,23.51,21.71,23.23,22.82,24.17,22.93,20.87,23.51,19.92,19.74,16.96,22.13,22.07,12.92,16.86,17.96,22.02,15.59,21.16,14.17,11.92,18.59,10.29,14.29,17.76,18.28,12.62,17.45,25.87,24.05,27.12,23.89,23.55,22.21,27.95,24.72,22.49,19.34,25.21,17.74,28.6,27.89,23.69,31.67,29.03,30.18,27.56,21.69,31.1,24.07,28.69,25.09,29.63,31.64,26.73,28.28
21.31,14.12,8.59,21.25,10.5,10.13,13.92,16.17,24.49,9.81,24.57,10.26,12.3,19.81,19.03,17.99,22.02,22.84,19.32,25.41,11.63,15.88,15.61,21.8,17.33,20.1,18.45,13.52,8.76,11.57,22.71,18.41,19.11,14.05,14.72,23.18,26.29,14.03,18.16,18.68,11.72,13.22,7.92,9.67,20.7,22.33,13.5,25.09,18.72,22.05,8.94,16.52,18.83,20.26,25.52,12.28,27.18,18.43,7.97,0.0,14.7,7.49,21.11,28.6,14.56,22.1,17.23,22.29,22.8,15.82,6.32,6.96,19.9,14.56,10.25,13.9,7.1,6.13,19.69,16.05,17.68,15.28,12.4,25.09,19.47,6.69,10.53,16.03,23.92,15.19,15.24,21.73,10.51,7.63,13.38,23.97,21.62,10.06,13.24,7.49,10.67,14.56,11.38,11.54,9.04,11.61,9.45,12.95,12.78,8.04,10.37,10.68,10.17,7.82,9.9,10.79,9.75,8.56,9.12,11.3,10.82,11.66,9.41,20.79,20.99,17.33,17.81,30.74,15.59,12.29,13.73,10.81,11.64,11.43,16.42,17.98,18.51,10.83,20.62,13.53,10.87,15.61,14.92,12.94,15.79,22.27,23.95,27.97,18.36,26.18,20.45,17.29,21.27,19.77,18.17,17.77,19.96,27.4,19.72,22.6,11.86,6.56,4.2,21.75,7.03,4.36,8.86,12.52,18.56,5.26,22.75,8.63,23.31,6.3,12.19,10.43,9.63,17.49,17.72,16.79,5.61,11.7,11.94,12.85,3.03,6.38,4.03,3.03,3.45,21.29,22.38,4.74,8.73,18.01,19.01,22.82,24.15,27.97,32.76,31.65,28.13,21.85,28.07,31.26,32.83,21.71,26.02,29.17,25.43,26.04,16.49,12.18,11.79,10.39,13.7,15.02,15.21,26.31,29.12,29.28,28.39,26.41,23.43,27.6,27.84,25.1,25.77,26.37,29.51,28.34,10.56,12.73,14.93,15.33,11.25,12.59,21.81,14.14,14.76,15.64,21.38,12.24,10.06,17.03,21.77,13.57,12.59,13.9,9.5,11.45,23.16,14.54,13.69,10.68,16.89,16.34,19.54,20.55,17.91,22.85,14.97,16.36,25.07,25.53,21.19,23.43,16.66,17.57,20.5,22.38,17.54,27.03,15.29,23.17,21.36,22.89,22.47,23.82,22.58,22.91,23.17,21.72,21.55,18.77,25.5,23.88,15.99,18.78,19.77,23.82,15.24,24.53,15.61,17.6,20.4,11.12,16.95,19.57,20.09,13.45,17.09,25.53,25.09,26.78,23.54,23.2,21.87,27.6,24.37,22.14,19.0,24.87,17.39,28.26,27.55,25.5,31.32,32.53,33.68,27.21,23.5,34.6,27.64,32.19,27.94,33.13,35.14,26.39,31.78
19.14,12.91,12.25,23.29,17.57,13.78,13.12,1.61,14.73,16.88,23.36,11.08,2.43,7.69,3.99,18.81,31.63,21.64,21.37,7.95,10.42,1.54,14.4,23.84,18.32,22.15,19.28,15.26,15.83,15.22,18.79,2.68,16.06,12.84,1.83,7.16,15.21,10.11,15.98,3.86,7.24,9.07,14.99,10.49,19.49,31.93,7.73,13.12,7.09,19.87,7.3,15.31,17.62,23.48,8.72,8.92,12.84,3.36,15.04,14.7,0.0,14.0,20.36,27.45,9.79,20.95,17.98,21.49,21.64,14.67,10.36,13.48,22.16,16.52,11.79,9.4,9.27,10.6,18.54,16.72,16.53,17.99,14.36,6.84,5.03,13.21,17.05,18.29,5.85,1.33,10.74,20.57,17.03,10.89,12.23,6.72,20.47,16.58,7.27,14.01,8.51,9.29,3.36,9.39,9.61,6.14,8.92,8.18,11.63,6.94,9.22,6.15,7.27,7.69,7.17,5.1,7.91,10.08,5.91,10.15,6.85,8.07,6.78,30.4,19.33,15.67,19.54,16.31,17.34,14.25,14.72,12.76,9.37,9.91,14.76,12.95,18.18,10.49,20.29,7.39,10.45,13.95,10.12,12.61,9.53,21.94,12.48,16.51,3.93,14.72,9.27,5.74,9.8,8.31,8.57,3.33,5.87,15.94,4.94,11.43,7.33,10.11,17.78,25.01,10.59,17.75,12.43,25.9,28.83,18.64,33.02,22.02,36.69,19.69,15.75,13.99,13.19,27.3,3.28,2.36,12.13,18.22,18.46,19.37,16.42,13.36,17.41,16.42,16.83,6.86,7.94,18.33,15.24,6.88,4.58,8.39,9.72,13.54,16.16,15.7,13.69,7.42,11.57,16.83,15.24,7.28,11.59,14.74,10.99,11.61,12.0,13.72,13.32,9.24,12.55,13.86,14.05,14.37,17.18,17.34,14.88,14.46,11.49,15.66,15.89,13.15,13.83,14.42,14.21,16.39,17.08,19.25,21.45,18.07,17.77,19.11,24.56,20.66,16.29,17.18,24.12,18.76,16.58,19.77,24.51,17.77,14.12,15.44,16.02,12.99,25.9,16.08,15.22,17.2,18.43,17.94,14.78,19.4,16.76,8.14,10.2,11.59,15.22,15.68,9.75,13.58,12.17,8.14,9.1,12.53,3.11,17.18,10.53,11.22,11.51,13.04,10.53,13.97,12.73,21.76,22.02,23.26,23.09,20.31,27.04,25.41,17.53,20.32,21.31,25.36,14.09,26.07,17.15,18.53,21.93,12.65,18.49,21.11,21.63,14.99,15.94,24.78,23.94,21.23,22.39,22.45,18.65,22.06,23.62,17.35,14.23,24.12,12.62,27.1,26.39,27.63,30.17,31.38,32.53,26.06,25.04,33.44,26.49,31.03,26.79,31.97,33.99,25.24,30.63
20.7,13.51,7.98,20.63,4.29,9.51,13.31,15.57,23.89,2.74,23.96,7.7,11.7,19.2,18.42,15.58,28.0,22.24,18.71,24.81,11.03,15.28,15.0,21.18,16.72,19.49,15.58,12.91,2.69,10.95,22.11,17.8,18.51,13.45,14.11,22.58,25.69,13.43,17.54,18.07,11.12,12.61,2.37,7.11,20.1,28.3,12.9,24.48,18.11,21.43,8.33,15.92,18.22,14.71,24.92,11.68,26.58,17.82,0.91,7.49,14.0,0.0,20.55,28.04,13.99,21.54,16.66,21.72,21.47,15.26,4.58,2.11,19.33,13.99,8.52,13.33,6.54,4.39,19.12,15.47,17.12,9.32,11.83,24.53,18.9,1.56,3.04,15.45,23.35,14.63,14.67,21.16,3.03,5.89,12.82,23.41,21.06,2.57,12.67,0.96,10.1,13.99,10.82,10.98,7.31,11.04,7.72,12.39,12.22,7.48,9.81,10.12,9.6,7.25,9.33,10.23,9.19,5.72,8.56,10.74,10.26,11.1,8.85,26.63,20.41,16.75,17.24,32.3,15.02,11.72,13.15,10.24,11.07,10.86,15.85,17.4,17.94,10.25,20.05,12.95,10.3,15.04,14.35,12.36,15.21,21.7,23.37,27.4,19.92,25.61,19.87,16.72,20.69,19.2,17.6,19.32,19.39,26.83,19.14,22.03,11.29,5.98,10.24,22.17,6.46,10.2,8.29,18.36,24.4,11.1,28.59,14.47,14.99,12.14,11.61,9.86,9.05,23.34,17.15,16.22,3.25,4.27,4.46,5.36,8.87,5.8,9.87,8.87,9.29,22.85,23.93,10.78,2.76,17.44,18.45,24.37,25.71,29.53,32.18,31.07,29.68,23.41,27.51,32.82,32.26,23.27,27.58,30.73,26.98,27.6,15.93,10.44,10.05,9.83,13.14,14.45,14.64,25.75,28.56,28.72,27.82,25.84,22.87,27.04,27.27,24.53,25.21,25.8,28.94,27.77,4.6,6.77,8.18,9.37,5.29,6.63,15.85,6.66,11.31,11.29,15.41,6.27,4.09,11.06,15.81,7.6,11.25,12.16,3.54,9.72,17.2,10.5,10.41,4.71,11.64,10.38,18.98,19.99,17.35,22.29,14.4,15.8,24.51,24.96,20.63,22.86,16.1,17.0,19.94,21.81,16.98,26.47,14.73,22.61,20.8,22.32,21.91,23.26,22.02,20.58,22.6,19.63,19.46,16.68,21.85,21.78,12.64,16.57,17.68,21.73,14.68,20.88,13.89,11.64,18.3,9.38,14.01,17.48,18.0,11.71,17.16,24.96,23.77,26.22,22.98,22.64,21.3,27.04,23.81,21.58,18.44,24.3,16.83,27.69,26.98,23.4,30.76,28.75,29.9,26.65,21.41,30.82,23.79,28.41,24.8,29.35,31.36,25.83,28.0
28.97,7.15,19.57,30.27,22.66,21.11,22.94,21.93,9.41,23.29,4.05,16.17,17.65,25.37,21.68,10.03,38.6,2.33,28.34,16.16,13.49,19.37,7.17,30.82,26.35,29.13,9.23,22.54,22.24,22.55,1.86,20.5,4.78,8.39,20.07,13.93,10.53,13.49,25.82,21.54,17.07,10.8,21.4,15.58,1.8,38.91,14.6,15.83,26.75,29.71,15.39,5.15,3.14,22.54,16.27,13.47,24.83,21.04,21.46,21.11,20.36,20.55,0.0,8.21,11.4,1.71,26.5,1.26,4.05,6.43,17.02,20.14,29.17,23.83,16.61,13.78,14.91,17.26,3.05,26.61,3.62,16.07,21.67,15.92,15.89,19.87,23.71,25.29,14.74,21.49,11.12,2.98,23.05,16.24,8.76,14.79,1.78,23.24,14.24,20.67,13.58,12.65,16.74,14.07,14.69,14.25,13.07,12.21,10.38,14.43,11.47,16.04,14.57,13.34,15.85,15.34,12.34,14.86,14.48,10.44,13.7,12.62,13.35,37.4,29.22,25.56,27.08,28.36,24.86,21.56,22.99,20.07,20.35,20.14,24.65,26.68,27.21,19.53,29.33,22.23,19.58,23.84,23.62,21.64,24.49,30.97,32.65,36.67,20.4,34.88,29.15,23.53,29.97,28.48,26.87,19.81,23.66,36.11,22.72,31.31,17.22,17.42,24.44,32.01,17.9,24.41,19.74,32.56,38.6,25.3,42.79,28.68,43.35,26.35,23.06,21.3,20.5,37.54,19.74,18.83,18.79,23.44,25.12,26.03,23.08,20.02,24.07,23.08,23.49,18.44,17.24,24.99,21.9,16.1,16.48,20.44,21.77,25.59,28.21,27.75,25.75,19.47,18.9,28.88,27.29,19.33,23.64,26.79,23.05,23.66,9.87,17.03,15.93,12.33,15.64,9.52,9.71,17.14,19.95,20.11,19.21,17.23,14.26,18.43,18.66,15.92,16.6,17.19,20.33,19.16,21.19,17.73,25.66,17.19,19.21,23.32,23.68,27.32,15.6,15.28,23.24,18.22,20.4,18.89,23.63,16.9,17.44,15.29,21.28,16.31,19.49,17.61,16.93,23.86,13.46,15.14,5.04,1.19,4.22,13.68,10.85,8.96,7.84,8.4,12.02,9.32,11.65,15.7,11.33,10.36,17.92,7.82,9.66,14.0,8.85,8.81,13.3,6.59,8.71,4.17,2.77,14.05,14.75,7.96,17.82,14.61,12.08,11.05,7.14,14.55,17.18,16.85,13.16,12.86,12.73,17.73,10.49,11.85,12.37,13.14,9.81,4.77,6.35,6.02,3.15,2.45,3.06,6.85,3.61,3.34,7.72,4.11,7.19,7.86,7.15,8.39,10.93,12.14,13.28,6.82,9.9,14.2,7.25,11.79,7.55,12.73,14.75,6.0,11.39
36.46,14.64,27.06,37.76,28.71,28.6,30.43,29.01,17.61,30.78,10.45,23.66,25.14,35.33,29.88,16.08,46.09,8.73,35.83,24.36,20.98,27.57,14.66,38.31,33.84,36.62,15.28,30.03,29.73,30.04,10.07,28.71,12.27,15.88,27.56,22.14,18.74,20.98,33.31,29.75,24.56,18.29,28.18,23.07,9.29,46.4,22.09,24.04,34.24,37.2,22.88,12.64,10.63,26.73,24.47,20.96,33.04,29.24,28.95,28.6,27.45,28.04,8.21,0.0,18.9,8.07,33.99,7.68,10.07,13.92,24.51,27.63,36.66,31.32,22.63,21.27,22.4,24.75,10.54,34.1,11.12,22.09,29.16,24.16,24.14,27.36,31.2,32.78,22.99,28.04,18.61,9.0,29.07,23.73,16.25,23.04,8.14,30.73,21.74,28.16,21.07,20.14,24.23,21.56,22.18,21.74,20.56,19.71,17.87,21.92,18.96,23.54,22.06,20.84,23.35,22.83,19.83,22.36,21.98,17.93,21.19,20.11,20.84,44.89,36.71,33.05,34.57,36.61,32.35,29.05,30.49,27.57,27.84,27.63,32.15,34.18,34.71,27.02,36.82,29.72,27.07,31.34,31.12,29.14,31.98,38.47,40.14,44.17,28.65,42.38,36.64,33.49,37.46,35.97,34.37,28.05,31.91,43.6,30.97,38.8,24.71,24.91,31.93,39.5,25.39,31.9,27.23,40.06,46.1,32.8,50.29,36.17,50.84,33.84,30.55,28.79,27.99,45.03,27.98,27.08,26.28,29.46,32.62,33.52,30.57,27.51,31.57,30.57,30.98,26.69,25.49,32.48,29.4,24.35,24.73,28.69,30.02,33.84,36.46,36.0,33.99,27.72,27.15,37.13,35.54,27.58,31.89,35.04,31.29,31.91,17.36,23.05,21.95,19.83,23.14,17.01,17.2,25.38,28.19,29.53,27.46,25.48,22.5,26.68,26.91,24.17,24.85,25.44,28.58,27.41,27.2,23.75,31.68,23.21,25.23,29.34,27.87,30.72,21.62,21.3,24.1,24.24,26.42,24.91,27.82,22.91,23.46,21.31,27.3,22.33,22.38,23.62,22.95,31.35,19.48,21.15,12.54,9.3,11.72,21.92,18.34,16.45,16.08,16.65,20.27,17.56,19.15,23.2,19.57,18.61,26.17,16.07,17.15,22.24,17.1,17.06,21.54,14.84,16.96,10.18,6.65,16.94,17.64,13.98,20.71,17.49,18.1,17.07,13.16,17.44,24.68,19.74,19.18,18.88,15.62,25.23,16.51,17.16,17.53,19.16,15.83,13.01,12.37,14.27,9.51,10.69,11.31,15.09,11.86,11.58,15.21,12.35,14.69,1.31,2.61,11.28,2.72,7.14,9.48,1.57,12.79,10.4,11.14,7.99,9.76,8.93,10.95,2.71,7.59
20.93,11.61,12.57,23.27,17.43,14.11,14.92,11.35,13.29,16.74,14.7,10.94,7.48,19.79,13.52,19.07,31.6,12.98,21.34,14.21,10.26,11.06,11.63,23.82,20.12,22.12,18.26,15.54,15.69,15.55,10.1,12.2,7.6,12.86,9.9,11.98,15.09,2.44,17.77,13.38,9.03,2.42,14.84,10.35,10.84,31.91,4.57,13.88,18.71,21.66,8.39,9.61,9.07,23.34,14.32,3.48,22.89,12.88,14.9,14.56,9.79,13.99,11.4,18.9,0.0,12.39,19.52,12.58,13.09,10.89,9.83,12.94,22.1,16.76,11.25,2.68,8.74,10.06,9.98,18.26,8.09,17.45,14.6,12.35,12.32,12.67,16.51,18.22,11.17,10.41,1.45,12.02,16.49,10.35,13.22,11.23,11.92,16.04,4.3,13.48,5.85,1.18,6.6,8.81,9.08,4.31,8.38,1.6,11.05,7.36,8.64,7.69,4.58,7.16,7.97,5.39,7.33,9.55,6.13,9.57,3.76,2.68,6.2,33.64,20.87,17.21,20.01,24.79,17.79,14.49,16.26,13.0,12.0,11.78,16.3,18.33,18.86,11.18,20.97,13.88,11.23,15.49,15.27,13.29,16.14,22.62,24.3,28.32,13.58,26.53,20.8,17.65,21.62,20.13,18.52,12.99,15.53,27.76,14.59,22.96,8.87,10.34,17.25,24.94,10.83,17.21,12.67,25.37,31.41,18.11,35.6,21.48,36.15,19.15,15.99,14.23,13.43,30.34,12.94,12.01,11.59,17.68,17.93,18.83,15.88,12.82,16.88,15.88,16.3,14.87,13.67,17.79,14.71,6.79,12.91,16.87,18.2,22.02,24.64,24.18,22.18,15.9,15.33,25.31,23.72,15.76,20.07,23.22,19.48,20.1,1.54,13.18,12.79,8.66,11.97,13.98,9.93,13.57,16.38,16.54,15.64,13.66,10.69,14.86,15.09,12.35,13.03,13.62,16.76,15.59,16.54,18.72,20.92,17.53,17.24,18.57,24.02,20.12,15.76,16.64,23.58,18.22,16.04,19.23,23.98,17.24,13.59,14.9,15.49,12.46,25.37,15.54,14.69,16.66,17.9,17.4,6.36,10.84,9.15,10.11,3.6,3.18,10.83,12.78,6.1,10.68,2.63,6.35,7.76,9.63,14.36,14.29,2.58,10.43,8.62,10.14,9.73,9.59,9.84,13.2,13.46,23.03,22.86,17.0,26.81,25.29,17.0,20.09,16.18,25.24,13.51,25.84,16.61,17.99,21.71,12.12,19.53,20.88,21.4,14.45,15.36,15.82,15.38,15.88,13.83,13.5,10.6,16.7,14.66,10.88,5.82,15.16,4.21,18.55,17.84,19.08,21.61,22.82,23.97,17.51,20.59,24.89,17.93,22.48,18.24,23.42,25.43,16.68,22.07
29.96,8.14,20.56,31.26,21.75,22.1,23.93,22.51,11.11,24.28,3.4,17.09,18.64,28.82,23.38,9.12,39.59,1.68,29.33,17.86,14.47,21.07,8.15,31.81,27.34,30.11,8.31,23.53,23.23,23.53,3.57,22.21,5.77,9.38,21.06,15.63,12.23,14.48,26.81,23.24,18.06,11.78,21.21,16.57,2.79,39.89,15.58,17.54,27.74,30.7,16.38,6.13,4.13,21.62,17.97,14.45,26.54,22.74,22.44,22.1,20.95,21.54,1.71,8.07,12.39,0.0,27.45,1.78,3.14,7.37,17.97,21.08,30.11,24.78,15.69,14.72,15.85,18.21,4.0,27.56,4.57,15.15,22.62,17.62,17.59,20.82,23.69,26.24,16.44,21.5,12.07,2.07,22.14,17.19,9.71,16.5,1.21,23.27,15.19,21.62,14.53,13.6,17.69,15.02,15.64,15.2,14.02,13.16,11.33,15.38,12.42,16.99,15.52,14.29,16.8,16.29,13.29,15.81,15.43,11.39,14.65,13.57,14.29,38.35,30.17,26.51,28.03,30.06,25.81,22.51,23.94,21.02,21.29,21.08,25.6,27.63,28.16,20.48,30.27,23.18,20.53,24.79,24.57,22.59,25.44,31.92,33.6,37.62,22.1,35.83,30.1,26.95,30.92,29.43,27.82,21.51,25.36,37.05,24.42,32.26,18.17,18.36,25.39,32.96,18.85,25.35,20.68,33.51,39.55,26.25,43.74,29.62,44.29,27.3,24.01,22.25,21.45,38.49,21.44,20.53,19.74,22.53,25.1,26.01,24.02,20.97,25.02,24.03,24.44,20.14,18.95,25.94,22.85,17.8,18.18,22.14,23.48,27.29,29.92,29.45,27.45,21.18,20.6,30.59,28.99,21.03,25.34,28.5,24.75,25.37,10.82,16.12,15.02,13.28,13.67,10.47,10.66,18.84,21.65,21.81,20.92,18.94,15.96,20.13,20.36,17.62,18.3,18.9,22.04,20.87,20.27,16.81,24.75,16.28,18.29,22.4,22.76,23.78,14.68,14.37,22.32,17.31,19.49,17.97,22.72,15.98,16.52,14.38,20.37,15.39,18.84,16.69,16.01,23.93,12.55,14.22,5.99,2.76,5.17,15.38,11.8,9.91,9.54,10.1,13.72,11.02,12.6,16.65,13.03,12.07,19.63,9.52,10.61,15.7,10.55,10.52,15.0,8.29,10.42,3.25,2.67,13.4,14.1,7.05,17.17,13.95,11.16,10.14,6.22,13.9,15.21,16.2,12.25,11.94,12.08,18.45,9.57,10.93,11.45,12.22,8.89,6.47,5.43,7.72,2.49,4.15,4.77,8.55,5.32,5.04,8.67,5.81,8.14,7.76,7.04,7.74,10.82,11.48,12.63,6.71,9.25,13.55,6.59,11.14,6.89,12.08,14.09,5.89,10.73
3.72,19.34,13.2,7.77,20.09,14.73,6.13,19.54,29.94,19.4,29.79,16.89,15.67,20.18,19.4,24.62,16.1,28.07,5.84,25.98,16.86,19.35,20.83,8.32,2.2,6.63,25.09,5.72,18.35,16.17,28.16,18.78,25.66,19.28,18.09,25.19,31.74,19.48,2.5,19.05,12.64,18.66,17.51,16.3,25.93,16.41,17.0,30.53,19.09,4.45,13.11,21.75,24.05,29.85,25.74,17.73,29.86,18.8,17.57,17.23,17.98,16.66,26.5,33.99,19.52,27.45,0.0,28.98,29.49,22.52,15.66,16.3,6.63,2.67,17.67,19.11,13.26,15.47,26.39,1.26,24.38,24.62,5.78,24.64,22.84,16.03,19.87,2.76,23.65,18.46,20.45,28.42,19.85,16.09,20.08,24.53,28.32,19.4,16.56,16.83,16.36,19.76,14.65,17.24,15.49,15.44,14.8,18.16,19.48,12.25,17.07,13.23,15.12,13.57,13.0,14.39,15.76,15.29,13.76,18.0,16.03,16.87,14.63,14.86,4.15,2.31,3.41,33.1,3.22,7.32,4.73,6.42,11.87,11.66,3.57,13.38,9.47,11.05,11.59,13.75,11.1,3.78,11.31,9.33,12.18,13.24,17.71,21.73,20.72,19.94,20.67,17.52,21.49,20.0,18.4,20.12,20.19,21.16,19.94,22.83,12.71,11.37,20.61,9.48,11.86,20.58,13.69,16.61,13.3,21.48,17.49,20.77,21.64,22.52,17.01,15.26,14.45,11.77,21.09,19.54,14.95,21.04,21.28,22.19,19.25,15.15,20.24,19.25,19.66,23.65,24.73,21.16,18.07,24.69,22.38,25.17,26.51,30.33,32.98,31.87,30.48,24.21,28.36,33.62,33.06,24.07,28.38,31.53,27.78,28.4,21.7,19.6,19.2,17.09,20.4,21.71,21.9,31.52,34.33,34.49,31.67,31.62,28.64,32.81,33.04,30.3,30.98,31.58,31.0,33.55,19.9,22.07,24.27,24.67,20.59,21.93,31.16,23.48,22.17,23.06,30.72,21.58,19.4,26.37,31.11,22.91,20.0,21.32,18.84,18.87,32.5,21.96,21.1,20.02,24.31,23.82,24.75,27.25,24.61,28.06,20.18,21.57,30.28,30.74,26.4,28.63,21.87,22.78,25.71,27.59,20.91,32.24,20.5,28.38,26.57,28.1,27.68,29.03,27.79,29.61,29.87,29.14,28.97,26.19,32.92,31.29,23.41,26.2,27.19,31.24,21.94,31.94,23.03,24.41,27.81,18.53,24.37,26.99,27.51,20.87,23.79,32.22,31.79,36.29,30.24,29.9,28.99,37.12,31.07,29.27,24.21,31.56,22.6,34.95,34.24,35.48,38.02,39.23,40.38,33.91,30.92,41.29,34.34,38.88,34.64,39.82,41.84,33.09,38.48
30.15,8.33,20.75,31.44,22.4,22.28,24.12,23.06,10.54,24.47,4.13,17.34,18.83,29.01,22.81,9.77,39.77,2.41,29.52,17.29,14.66,20.5,8.34,31.99,27.52,30.3,8.96,23.71,23.42,23.72,2.99,21.63,5.96,9.57,21.24,15.06,11.66,14.67,26.99,22.67,18.25,11.97,21.86,16.75,2.97,40.08,15.77,16.96,27.93,30.88,16.56,6.32,4.31,22.27,17.4,14.64,25.97,22.17,22.63,22.29,21.49,21.72,1.26,7.68,12.58,1.78,28.98,0.0,3.75,7.6,18.2,21.31,30.34,25.0,16.31,14.95,16.08,18.43,4.23,27.78,4.8,15.77,22.84,17.05,17.02,21.05,24.89,26.47,15.87,21.73,12.3,2.69,22.76,17.42,9.94,15.93,1.83,24.42,15.42,21.85,14.76,13.82,17.92,15.25,15.87,15.43,14.24,13.39,11.56,15.6,12.65,17.22,15.74,14.52,17.03,16.51,13.52,16.04,15.66,11.61,14.88,13.8,14.52,38.58,30.4,26.74,28.26,29.49,26.04,22.73,24.17,21.25,21.52,21.31,25.83,27.86,28.39,20.71,30.5,23.41,20.75,25.02,24.8,22.82,25.67,32.15,33.83,37.85,21.53,36.06,30.33,27.17,31.15,29.65,28.05,20.94,24.79,37.28,23.85,32.48,18.4,18.59,25.62,33.19,19.08,25.58,20.91,33.74,39.78,26.48,43.97,29.85,44.52,27.52,24.23,22.48,21.67,38.72,20.87,19.96,19.97,23.15,26.3,27.2,24.25,21.19,25.25,24.25,24.67,19.57,18.38,26.16,23.08,17.23,17.61,21.57,22.9,26.72,29.34,28.88,26.88,20.6,20.03,30.02,28.42,20.46,24.77,27.92,24.18,24.8,11.04,16.73,15.64,13.51,16.82,10.69,10.89,18.27,21.08,21.24,20.34,18.37,15.39,19.56,19.79,17.05,17.73,18.32,21.46,20.29,20.89,17.43,25.36,16.89,18.91,23.02,23.38,24.4,15.3,14.99,22.94,17.93,20.11,18.59,23.33,16.6,17.14,15.0,20.99,16.01,19.54,17.31,16.63,25.03,13.16,14.84,6.22,2.32,5.4,14.81,12.03,10.14,8.97,9.53,13.15,10.45,12.83,16.88,12.46,11.49,19.06,8.95,10.84,15.13,9.98,9.94,14.43,7.72,9.85,3.87,2.25,14.1,14.8,7.66,17.87,14.65,11.78,10.75,6.84,14.6,18.36,16.9,12.87,12.56,12.78,18.91,10.19,11.55,12.07,12.84,9.51,5.9,6.05,7.15,3.19,3.58,4.19,7.98,4.74,4.47,8.89,5.24,8.37,7.33,6.62,8.44,10.4,12.18,13.33,6.29,9.95,14.25,7.29,11.84,7.6,12.78,14.79,5.47,11.43
30.66,8.84,21.26,31.95,19.64,22.79,24.63,23.21,13.01,22.11,4.99,14.98,19.34,29.52,25.28,7.01,40.28,3.27,30.03,19.76,11.63,22.97,8.85,32.5,28.03,30.81,6.2,24.22,22.26,24.23,5.46,24.1,6.47,10.08,21.75,17.53,14.13,15.18,27.5,25.14,18.76,12.48,19.1,15.29,3.48,40.59,16.28,19.43,28.44,31.39,17.07,6.83,4.82,19.51,19.87,15.15,28.44,24.64,21.75,22.8,21.64,21.47,4.05,10.07,13.09,3.14,29.49,3.75,0.0,8.11,18.33,21.82,30.85,25.51,13.58,15.46,16.59,18.57,4.73,28.29,5.31,13.04,23.35,19.52,19.49,21.55,21.58,26.98,18.34,22.24,12.8,1.07,20.03,16.27,10.44,18.4,2.39,21.16,15.93,20.65,15.27,14.33,18.42,15.75,15.91,15.94,14.75,13.9,12.06,16.11,13.16,17.73,16.25,15.03,17.54,17.02,14.02,16.55,16.17,12.12,15.38,14.3,15.03,39.08,30.9,27.24,28.76,31.96,26.54,23.24,24.68,21.76,22.03,21.82,26.34,28.37,28.9,21.21,31.01,23.91,21.26,25.53,25.31,23.33,26.17,32.66,34.33,38.36,24.0,36.57,30.83,27.68,31.65,30.16,28.56,23.41,27.26,37.79,26.32,32.99,18.9,19.1,26.13,33.7,19.58,26.09,21.42,34.25,40.29,26.99,44.48,30.36,33.52,28.03,24.74,22.98,22.18,39.22,23.34,22.43,20.47,20.42,22.99,23.9,24.76,21.7,25.76,24.76,25.18,22.04,20.85,26.67,20.51,17.83,20.08,24.04,25.37,29.19,31.82,31.35,29.35,23.07,22.5,32.49,30.89,22.93,27.24,30.39,26.65,27.27,11.55,14.01,12.91,14.02,11.56,11.2,11.39,20.74,23.55,23.71,22.82,20.84,17.86,22.03,22.26,19.52,20.2,20.8,23.93,22.76,18.16,14.7,22.64,14.17,16.18,20.29,20.65,21.67,12.57,12.26,20.21,15.2,17.38,15.86,20.61,13.87,14.41,12.27,18.26,13.28,16.41,14.58,13.9,21.82,10.44,12.11,6.73,3.49,5.91,17.28,12.53,10.64,11.44,12.0,15.62,12.92,13.34,17.39,14.93,13.96,21.53,11.42,11.34,17.6,12.45,12.41,16.9,10.19,12.32,1.14,4.67,10.97,10.8,4.94,14.75,13.12,9.05,8.03,4.11,13.07,13.1,13.78,10.14,9.83,9.64,16.34,7.46,8.82,9.34,10.11,6.78,8.47,2.3,9.72,3.79,6.14,6.66,10.54,7.31,6.94,9.4,7.81,8.88,9.76,9.05,9.03,12.82,12.78,13.93,8.71,10.55,14.84,7.89,12.43,8.19,13.37,15.39,7.89,12.03
23.68,1.86,14.28,24.98,18.69,15.82,17.65,16.23,13.53,18.0,9.72,10.88,12.36,22.55,18.4,14.09,33.31,8.0,23.05,20.54,8.2,15.94,1.88,25.53,21.06,23.84,13.28,17.25,16.95,17.26,6.68,17.08,4.27,3.1,14.78,18.31,14.91,12.98,20.53,18.26,11.78,10.28,16.11,10.29,5.86,33.62,14.08,20.21,21.46,24.42,10.1,1.68,3.98,23.28,20.65,12.95,27.24,17.76,16.17,15.82,14.67,15.26,6.43,13.92,10.89,7.37,22.52,7.6,8.11,0.0,11.73,14.85,23.87,18.54,11.58,13.26,9.61,11.97,5.0,21.32,3.0,20.12,16.38,20.3,20.27,14.58,18.42,20.0,19.12,15.26,10.6,7.04,18.4,10.95,2.49,19.17,6.94,17.95,13.73,15.38,8.29,12.13,11.45,8.78,9.4,11.66,7.78,11.7,4.1,9.14,6.18,10.75,9.28,8.05,10.56,10.86,7.05,9.57,9.19,4.16,10.88,12.1,8.05,32.11,23.93,20.27,21.79,30.81,19.57,16.27,17.7,14.78,15.06,14.84,19.36,21.39,21.92,14.24,24.03,16.94,14.29,18.55,18.33,16.35,19.2,25.68,27.36,31.38,18.43,29.59,23.86,20.71,24.68,23.19,21.58,17.84,23.38,30.81,19.44,26.02,11.93,12.12,19.15,26.72,12.61,19.11,14.44,27.27,33.31,20.01,37.5,23.38,38.05,21.06,17.77,16.01,15.21,32.25,17.79,16.86,13.5,19.59,19.83,20.74,17.78,14.73,18.78,17.79,18.2,22.82,21.62,19.7,16.61,15.63,19.08,22.89,24.22,28.04,30.66,30.2,28.2,21.92,23.28,31.33,29.74,21.78,26.09,29.24,25.5,26.11,9.35,13.5,13.11,7.04,10.35,4.23,4.42,21.51,24.32,24.49,23.59,21.61,18.64,22.81,23.04,20.3,20.98,21.57,24.71,23.54,18.45,18.4,22.82,17.86,19.14,20.48,24.34,22.03,16.08,16.96,23.91,18.89,17.95,19.56,24.3,17.56,13.91,15.22,17.39,12.78,23.5,15.87,15.01,18.57,17.52,19.19,4.53,5.86,3.23,18.06,10.33,8.44,12.22,12.52,14.61,13.69,11.14,15.19,15.7,14.74,17.61,11.94,9.14,18.37,13.23,13.19,17.68,10.97,13.09,8.22,8.48,18.05,17.88,12.02,21.83,20.31,16.14,15.11,11.2,20.26,11.89,20.86,17.22,16.91,16.73,12.44,14.55,15.9,16.42,14.77,13.87,10.84,10.41,12.09,8.85,8.52,7.18,12.92,9.68,7.46,7.2,10.18,6.68,13.57,12.86,14.1,16.63,17.84,18.99,12.53,15.61,19.91,12.95,17.5,13.26,18.44,20.45,11.7,17.09
19.53,9.87,6.81,19.47,8.02,8.35,12.14,11.92,20.25,7.32,20.32,4.25,8.06,18.03,17.25,11.97,26.83,18.6,17.54,21.17,6.19,11.64,11.36,20.02,15.55,18.32,12.44,11.74,6.28,9.78,18.46,12.77,14.86,9.8,10.47,18.94,22.05,9.78,16.37,16.9,7.48,8.97,5.43,3.66,16.45,27.13,9.25,20.84,16.94,20.26,4.5,12.27,14.58,16.65,21.28,8.03,22.93,16.65,5.49,6.32,10.36,4.58,17.02,24.51,9.83,17.97,15.66,18.2,18.33,11.73,0.0,4.01,18.24,12.91,5.06,9.52,2.62,1.24,15.2,14.39,13.2,11.25,10.75,20.72,15.09,3.74,7.58,14.37,19.54,10.82,10.86,17.24,7.57,2.43,8.9,19.6,17.14,7.11,8.86,4.55,6.29,10.18,7.01,7.17,3.85,7.23,4.26,8.58,8.3,3.56,5.89,6.31,5.79,3.33,6.04,6.42,5.27,2.26,4.75,6.82,6.45,7.29,5.04,25.55,19.33,15.67,16.16,26.37,13.94,10.64,12.07,9.15,9.99,9.78,14.77,16.32,16.85,9.17,18.97,11.87,9.22,13.96,13.26,11.28,14.13,20.61,22.29,26.31,13.99,24.52,18.79,15.64,19.61,18.12,16.51,13.39,18.31,25.75,18.06,20.95,7.48,4.9,9.16,21.09,5.37,9.12,7.21,17.28,23.32,10.02,27.51,13.39,28.06,11.06,10.53,8.77,7.97,22.26,13.34,12.41,2.66,8.75,9.0,9.9,7.79,4.72,8.79,7.79,8.21,16.92,18.0,9.7,5.78,13.63,14.64,18.44,19.78,23.59,26.22,29.99,23.75,17.48,23.7,26.89,25.29,17.34,21.65,24.8,21.05,21.67,12.12,6.98,6.59,5.08,8.39,10.53,10.72,21.94,24.75,24.91,24.01,22.03,19.06,23.23,23.46,20.72,21.4,21.99,25.13,23.96,7.62,9.79,11.99,11.34,8.31,9.64,17.82,11.2,9.56,10.44,17.38,9.29,7.11,13.03,17.78,10.62,7.39,8.7,6.56,6.26,19.17,9.34,8.49,7.73,11.7,11.21,15.17,16.07,13.43,18.48,10.59,11.99,20.7,21.15,16.82,19.05,12.29,13.19,16.13,18.0,13.17,22.66,10.92,18.8,16.99,18.51,18.1,19.45,18.21,17.48,18.68,16.53,16.36,13.57,20.3,18.68,10.8,13.58,14.57,18.63,9.93,19.33,10.41,11.79,15.2,5.92,11.76,14.38,14.89,8.25,13.6,21.04,20.66,22.29,19.06,18.72,17.38,23.12,19.89,17.66,14.63,20.38,13.02,23.77,23.06,20.3,26.84,25.65,26.79,22.73,18.3,27.71,20.69,25.3,21.7,26.24,28.26,21.91,24.9
20.17,12.98,7.45,20.1,5.54,8.98,12.78,15.04,23.36,4.85,23.43,7.17,11.17,18.67,17.89,14.9,27.47,21.71,18.18,24.28,10.5,14.75,14.47,20.65,16.19,18.96,15.37,12.38,3.8,10.42,21.58,17.27,17.98,12.92,13.58,22.05,25.16,12.9,17.01,17.54,10.59,12.08,2.96,6.58,19.57,27.77,12.37,23.96,17.58,20.9,7.8,15.39,17.69,15.3,24.39,11.15,26.05,17.29,3.01,6.96,13.48,2.11,20.14,27.63,12.94,21.08,16.3,21.31,21.82,14.85,4.01,0.0,18.8,13.46,7.99,12.8,6.01,3.86,18.6,14.94,16.59,9.9,11.3,24.0,18.37,1.31,5.15,14.92,22.82,14.1,14.14,20.63,5.13,5.36,12.29,22.88,20.53,4.68,12.14,2.11,9.57,13.46,10.29,10.45,6.78,10.51,7.19,11.86,11.69,6.95,9.28,9.59,9.07,6.72,8.8,9.7,8.66,5.19,8.03,10.21,9.73,10.57,8.32,26.1,19.88,16.22,16.71,31.77,14.49,11.19,12.62,9.71,10.54,10.33,15.32,16.88,17.41,9.72,19.52,12.42,9.77,14.51,13.82,11.83,14.68,21.17,22.84,26.87,19.39,25.08,19.34,16.19,20.16,18.67,17.07,18.79,18.86,26.3,18.61,21.5,10.76,5.45,9.71,21.64,5.93,9.67,7.76,17.83,23.87,10.57,28.06,13.94,17.09,11.61,11.08,9.33,8.52,22.81,16.62,15.69,2.72,6.32,6.56,7.47,8.34,5.27,9.34,8.34,8.76,22.32,23.4,10.25,3.34,16.92,17.92,23.85,25.18,29.0,31.65,30.54,29.15,22.88,26.98,32.29,31.73,22.74,27.05,30.2,26.45,27.07,15.4,9.91,9.52,9.3,12.61,13.92,14.11,25.22,28.03,28.19,27.29,25.31,22.34,26.51,26.74,24.0,24.68,25.27,28.41,27.24,5.18,7.35,9.55,9.95,5.87,7.21,16.43,8.76,11.89,11.88,16.0,6.86,4.68,11.65,16.39,8.19,10.32,11.63,4.12,9.19,17.78,11.09,11.0,5.3,12.22,10.96,18.45,19.46,16.82,21.76,13.87,15.27,23.98,24.43,20.1,22.33,15.57,16.47,19.41,21.29,16.45,25.94,14.2,22.08,20.27,21.79,21.38,22.73,21.49,20.41,22.08,19.46,19.29,16.5,22.43,21.61,13.22,16.51,17.5,21.56,14.15,21.46,14.47,12.22,18.13,8.85,14.59,17.31,17.83,11.18,16.0,24.43,24.0,25.69,22.45,22.11,20.77,26.51,23.28,21.05,17.91,23.77,16.3,27.16,26.45,23.23,30.23,28.58,29.72,26.12,21.23,30.64,23.62,28.23,26.85,29.17,31.19,25.3,27.83
9.59,22.01,15.87,1.7,22.76,17.4,8.79,23.72,32.52,22.07,32.46,19.56,19.86,24.36,23.58,27.29,10.03,30.74,3.0,30.17,19.53,23.54,23.5,1.15,4.6,1.95,27.76,8.39,21.02,18.84,29.42,22.96,27.01,21.95,22.27,29.37,34.32,22.05,8.15,23.23,16.83,21.24,20.18,18.97,28.6,10.34,21.19,33.11,23.28,10.33,14.95,24.42,26.72,32.52,29.93,20.3,34.04,22.98,20.23,19.9,22.16,19.33,29.17,36.66,22.1,30.11,6.63,30.34,30.85,23.87,18.24,18.8,0.0,5.34,20.34,21.47,15.93,18.14,27.71,5.44,25.7,27.29,8.45,28.83,27.02,18.7,22.54,4.01,27.84,22.65,22.81,29.74,22.52,18.76,21.4,28.71,29.64,22.07,20.74,19.5,18.07,22.13,18.83,18.95,18.16,19.62,17.47,20.52,20.8,14.92,18.39,17.42,17.74,16.24,15.72,18.57,17.47,17.96,16.27,19.32,18.4,19.23,16.98,8.8,10.03,6.49,5.29,37.28,6.45,9.99,8.92,9.09,16.05,15.84,7.76,18.56,15.35,15.24,17.46,17.94,15.28,7.97,15.5,13.51,16.36,19.11,22.88,26.91,24.9,25.12,24.86,21.7,25.68,24.18,22.58,24.31,24.37,26.34,24.13,27.01,16.89,14.04,23.28,2.31,14.53,19.35,16.36,10.55,7.23,17.9,11.42,14.7,15.57,16.76,19.68,17.93,17.12,5.7,25.27,23.73,17.62,23.71,23.95,24.86,20.69,17.82,21.69,23.04,22.33,27.84,28.92,23.83,20.74,25.58,26.57,29.36,30.69,34.51,37.17,36.06,34.67,28.39,32.54,37.8,37.24,28.25,32.56,35.71,31.97,32.58,24.06,22.27,21.87,18.41,21.72,23.03,23.22,33.88,36.69,36.86,35.86,33.98,31.0,35.18,35.41,32.67,33.35,33.94,35.19,35.91,22.57,24.74,30.09,27.34,23.26,24.6,33.82,26.15,24.84,25.73,33.39,24.25,22.07,29.04,33.78,25.58,22.67,23.99,21.51,21.54,35.17,24.63,23.77,22.69,26.98,26.49,27.11,28.57,25.93,30.42,22.54,23.93,32.64,33.1,28.77,31.0,24.23,25.14,28.07,29.95,25.1,34.6,22.87,30.74,28.93,30.46,30.04,31.4,30.15,30.93,31.19,31.81,31.64,28.86,35.58,33.96,26.08,28.86,29.85,33.91,23.26,34.61,25.7,27.08,30.48,21.2,27.04,29.66,30.18,23.54,25.11,33.54,33.11,34.8,31.56,31.22,29.88,35.62,32.39,30.16,26.57,32.88,24.96,36.27,35.56,36.8,39.34,40.55,41.7,35.23,33.58,42.61,35.66,40.21,35.96,41.14,43.16,34.41,39.8
5.63,16.67,10.53,6.48,17.42,12.06,3.46,18.08,27.18,16.73,27.12,14.22,14.21,20.4,19.62,21.95,14.81,25.4,4.55,26.21,14.19,19.58,18.16,7.03,2.56,5.34,22.42,3.05,15.68,13.5,24.08,19.0,21.67,16.61,16.63,25.87,28.98,16.72,4.19,19.27,12.87,15.9,14.84,13.63,23.26,15.12,16.18,27.77,19.32,6.37,9.61,19.08,21.38,27.18,25.97,14.97,30.08,19.03,14.9,14.56,16.52,13.99,23.83,31.32,16.76,24.78,2.67,25.0,25.51,18.54,12.91,13.46,5.34,0.0,15.0,16.13,10.59,12.8,22.37,1.48,20.36,21.95,3.11,24.9,23.09,13.36,17.2,1.47,23.9,17.0,17.47,24.4,17.18,13.43,16.06,26.2,24.3,16.73,15.47,14.16,12.73,16.79,13.19,13.61,12.82,13.84,12.13,15.18,15.46,9.58,13.05,12.02,12.4,10.9,10.38,12.6,12.13,12.62,10.93,13.98,13.06,13.89,11.64,13.57,6.07,2.53,3.25,33.35,1.11,4.65,3.47,3.75,12.12,11.91,3.8,14.6,11.39,11.3,13.5,14.0,11.35,4.01,11.54,9.56,12.4,15.15,18.93,22.95,20.97,21.16,20.92,17.77,21.74,20.25,18.65,20.37,20.44,22.38,20.19,23.08,12.93,8.7,17.94,8.19,9.19,17.91,11.02,15.32,12.01,18.81,16.2,19.48,20.35,19.85,14.34,12.59,11.78,10.48,21.34,19.79,12.28,18.37,18.61,19.52,16.58,12.48,17.58,16.58,16.99,23.9,24.98,18.49,15.4,20.24,22.63,25.43,26.76,30.58,33.23,32.13,30.73,24.46,28.61,33.87,33.31,24.32,28.63,31.78,28.03,28.65,18.72,16.93,16.53,13.07,16.38,17.69,17.89,28.54,31.35,31.52,30.62,28.64,25.67,29.84,30.07,27.33,28.01,28.6,31.25,30.57,17.23,19.4,21.6,22.0,17.92,19.26,28.49,20.81,19.51,20.39,28.05,18.91,16.73,23.7,28.44,20.24,17.33,18.65,16.17,16.2,29.83,19.29,18.43,17.35,21.64,21.15,21.78,23.23,20.59,25.09,17.2,18.59,27.3,27.76,23.43,25.66,18.89,19.8,22.73,24.61,21.17,29.26,17.53,25.4,23.6,25.12,24.7,26.06,24.82,25.59,25.85,26.47,26.3,23.52,30.25,28.62,20.74,23.53,24.52,28.57,17.92,29.28,20.36,21.74,25.14,15.86,21.7,24.32,24.84,18.2,19.77,28.2,27.77,29.46,26.22,25.88,24.55,30.28,27.05,24.82,21.23,27.54,19.63,30.94,30.22,31.46,34.0,35.21,36.36,29.89,28.25,37.28,30.32,34.87,30.62,35.81,37.82,29.07,34.46
20.81,9.72,10.75,21.48,12.02,12.28,14.15,13.35,21.68,11.26,17.55,1.67,9.49,19.67,15.52,7.23,30.76,15.83,19.55,22.59,6.4,13.07,11.21,22.03,17.56,20.34,7.69,13.75,10.21,13.72,18.02,14.2,14.71,9.65,11.9,20.37,23.47,11.21,17.65,15.38,8.91,10.4,11.49,1.98,16.04,31.07,10.68,22.27,18.58,21.54,6.6,12.12,14.43,11.9,22.71,9.46,24.36,14.88,9.42,10.25,11.79,8.52,16.61,22.63,11.25,15.69,17.67,16.31,13.58,11.58,5.06,7.99,20.34,15.0,0.0,11.05,5.74,5.26,15.52,16.48,13.51,6.47,12.84,22.25,16.62,7.68,13.97,16.46,21.07,12.35,12.39,13.63,12.41,2.96,9.21,21.12,14.95,13.55,10.39,8.48,6.43,11.71,8.53,7.2,2.6,8.76,4.49,10.11,8.61,5.6,6.2,7.84,6.78,4.51,7.02,7.95,5.58,3.78,6.08,7.13,7.98,8.81,5.56,30.6,21.01,17.35,18.25,27.89,16.03,12.73,14.16,11.24,12.47,12.26,16.45,18.81,19.34,11.65,21.45,14.36,11.7,15.64,15.75,13.77,16.61,23.1,24.78,28.8,15.51,27.01,21.28,18.12,22.1,20.6,19.0,14.92,20.79,28.23,16.52,23.43,9.01,8.84,14.21,23.18,9.31,14.17,11.15,22.33,28.37,15.07,32.56,18.44,25.91,16.11,14.47,12.71,11.91,27.31,14.87,13.94,6.6,12.8,15.38,16.28,12.84,8.66,13.84,12.84,13.26,18.45,19.53,14.75,9.72,15.16,16.17,19.97,21.31,25.12,27.75,27.28,25.28,19.01,25.23,28.42,26.82,18.86,23.17,26.33,22.58,23.2,13.65,2.2,1.81,5.31,8.62,10.85,11.04,23.46,26.27,26.44,25.54,23.56,20.59,24.76,24.99,22.25,22.93,23.52,26.66,25.49,10.55,7.09,15.02,6.55,8.57,12.68,13.04,14.06,4.78,5.66,12.6,7.58,9.76,8.25,12.99,6.26,2.61,3.92,10.64,1.47,14.38,4.56,3.71,14.2,6.91,6.42,15.04,16.05,13.74,20.01,12.12,13.51,22.22,22.68,18.35,20.58,13.81,14.72,17.65,19.53,14.7,24.18,12.45,20.32,18.52,20.04,19.63,20.98,19.74,12.69,17.23,11.74,11.57,8.79,15.52,13.9,6.01,8.8,9.79,13.84,10.16,14.55,5.63,7.01,10.42,3.03,6.97,9.59,10.11,3.47,8.81,21.02,15.88,22.28,16.34,18.7,17.7,23.1,19.87,17.97,16.15,20.36,14.55,22.31,21.6,15.51,24.34,20.86,22.01,21.27,13.52,22.93,15.9,20.52,16.92,21.46,23.47,20.45,20.11
20.27,12.09,11.91,22.61,16.77,13.45,14.26,10.97,12.48,16.08,17.07,10.28,7.1,19.13,13.13,18.01,30.94,15.35,20.68,13.4,9.6,10.68,13.58,23.16,19.46,21.47,18.47,14.88,15.03,14.89,12.47,11.82,9.97,12.02,9.51,11.17,14.28,1.8,17.11,12.99,8.37,4.41,14.18,9.69,13.21,31.25,4.18,13.07,18.05,21.01,7.73,11.98,11.45,22.68,13.51,4.87,22.08,12.49,14.24,13.9,9.4,13.33,13.78,21.27,2.68,14.72,19.11,14.95,15.46,13.26,9.52,12.8,21.47,16.13,11.05,0.0,8.64,9.97,12.3,18.16,10.41,17.35,14.5,12.7,12.67,12.58,16.42,18.13,11.52,10.55,2.61,14.34,16.4,10.25,11.56,11.58,14.24,15.95,4.44,13.38,6.26,1.92,6.74,8.71,8.98,4.45,8.29,2.44,10.95,7.26,8.55,7.6,4.98,7.06,7.87,5.53,7.24,9.45,6.04,9.47,3.9,3.42,6.1,33.54,20.77,17.11,19.91,25.14,17.69,14.39,16.16,12.91,11.9,11.69,16.21,18.24,18.77,11.08,20.88,13.78,11.13,15.4,15.18,13.2,16.04,22.53,24.2,28.23,17.18,26.44,20.7,17.55,21.52,20.03,18.43,16.59,15.66,27.66,14.73,22.86,8.77,10.25,17.15,24.85,10.73,17.11,12.57,25.27,31.31,18.01,35.5,21.38,36.05,19.05,15.89,14.14,13.33,30.25,16.52,15.61,11.5,17.59,17.83,18.73,15.78,12.72,16.78,15.78,16.2,15.22,14.03,17.69,14.61,4.89,6.76,17.22,18.55,22.37,24.99,24.53,22.53,16.25,15.68,25.66,24.07,16.11,20.42,23.57,19.83,20.45,3.86,13.08,12.69,8.57,11.88,13.19,13.38,13.92,16.73,16.89,15.99,14.01,11.04,15.21,15.44,12.7,13.38,13.97,17.11,15.94,16.45,18.62,20.82,17.44,17.14,18.48,23.92,20.03,15.66,16.54,23.49,18.13,15.95,19.13,23.88,17.14,13.49,14.8,15.39,12.36,25.27,15.45,14.59,16.56,17.8,17.31,8.68,13.17,11.47,10.46,4.91,5.5,12.68,13.13,6.22,11.03,4.03,4.44,8.11,9.98,14.71,14.64,5.24,10.78,8.97,10.49,10.08,11.43,10.19,15.53,15.78,22.63,22.46,19.32,26.4,24.78,16.9,19.68,18.5,24.73,13.41,25.43,16.51,17.9,21.3,12.02,17.86,20.48,21.0,14.35,15.26,18.14,17.71,18.69,16.16,15.82,16.1,19.51,16.99,14.8,8.14,17.48,6.53,20.87,20.16,21.4,23.94,25.15,26.29,19.83,22.92,27.21,20.26,24.8,20.56,25.74,27.76,19.01,24.4
17.36,7.75,7.61,17.07,9.98,9.14,9.74,10.84,19.16,9.28,18.2,4.97,6.97,15.86,15.08,12.7,27.61,16.48,15.14,20.08,5.27,10.55,9.24,17.62,13.15,15.93,13.17,9.34,8.24,10.58,15.16,11.69,12.74,7.69,9.38,17.85,20.96,8.7,14.2,14.73,6.39,7.88,7.39,4.38,14.34,27.92,8.16,19.75,14.77,18.09,2.19,10.16,12.46,17.37,20.19,6.95,21.85,14.48,7.45,7.1,9.27,6.54,14.91,22.4,8.74,15.85,13.26,16.08,16.59,9.61,2.62,6.01,15.93,10.59,5.74,8.64,0.0,2.92,13.44,11.97,11.43,12.0,8.33,18.95,13.32,5.59,9.43,11.95,17.77,9.05,9.1,15.47,9.41,3.21,7.13,17.83,15.37,8.96,7.09,6.39,4.53,8.41,5.24,5.4,4.03,5.46,3.2,6.81,6.53,1.19,4.12,4.54,4.02,1.56,3.28,4.65,3.5,2.4,2.98,5.05,4.68,5.52,3.27,26.56,17.31,13.65,13.74,24.6,11.52,8.22,9.65,6.73,7.96,7.75,12.74,14.3,14.83,7.15,16.94,9.85,7.19,11.93,11.24,9.26,12.11,18.59,20.27,24.29,12.22,22.5,16.77,13.61,17.59,16.09,14.49,11.62,16.28,23.72,13.22,18.92,5.72,2.36,10.16,18.67,4.56,10.13,6.4,18.29,24.32,11.03,28.51,14.4,29.07,12.07,9.72,7.96,7.16,23.26,11.57,10.65,4.51,10.6,10.84,11.75,8.8,5.74,9.79,8.8,9.21,15.15,16.23,10.71,7.63,11.87,12.87,16.68,18.01,21.83,24.45,23.99,21.98,15.71,21.93,25.12,23.53,15.57,19.88,23.03,19.28,19.9,10.35,7.73,7.33,4.14,7.45,8.76,8.95,20.17,22.98,23.14,22.25,20.27,17.29,21.46,21.69,18.95,19.63,20.23,23.36,22.2,9.46,11.63,13.83,12.08,10.15,11.49,18.57,13.04,10.3,11.19,18.13,11.14,8.96,13.78,18.52,12.47,8.13,9.45,8.4,7.0,19.91,10.09,9.23,9.58,12.44,11.95,13.4,14.3,11.66,16.71,8.83,10.22,18.93,19.39,15.05,17.28,10.52,11.42,14.36,16.24,11.4,20.89,9.15,17.03,15.22,16.75,16.33,17.68,16.44,16.66,16.92,17.27,17.1,14.32,21.05,19.42,11.54,14.33,15.32,19.37,8.99,20.08,11.16,12.54,15.94,6.66,12.5,15.12,15.64,9.0,10.84,19.27,18.84,20.53,17.29,16.95,15.61,21.35,18.12,15.89,12.86,18.61,11.25,22.0,21.29,21.04,25.07,26.28,27.43,20.96,19.05,28.34,21.39,25.93,21.69,26.87,28.89,20.14,25.53
19.34,10.11,6.62,19.27,7.82,8.15,11.95,12.16,20.48,7.13,20.56,2.64,8.29,17.84,17.06,12.21,26.64,18.83,17.35,21.4,6.43,11.87,11.6,19.82,15.36,18.13,12.68,11.55,6.08,9.59,18.7,13.01,15.1,10.04,10.71,19.17,22.28,10.02,16.18,16.71,7.71,9.21,5.24,3.89,16.69,26.94,9.49,21.08,16.75,20.07,4.74,12.51,14.82,16.88,21.51,8.27,23.17,16.46,5.3,6.13,10.6,4.39,17.26,24.75,10.06,18.21,15.47,18.43,18.57,11.97,1.24,3.86,18.14,12.8,5.26,9.97,2.92,0.0,15.47,14.2,13.46,11.52,10.56,20.98,15.36,3.55,7.39,14.18,19.81,11.08,11.13,17.51,7.37,2.06,9.17,19.86,17.41,6.92,9.13,4.35,6.56,10.45,7.27,7.44,4.11,7.5,4.52,8.84,8.56,3.82,6.16,6.58,6.06,3.6,6.31,6.69,5.53,2.53,5.02,7.08,6.72,7.55,5.3,25.36,19.14,15.48,15.97,26.63,13.75,10.45,11.88,8.96,9.79,9.58,14.57,16.13,16.66,8.98,18.77,11.68,9.03,13.76,13.07,11.09,13.94,20.42,22.1,26.12,14.25,24.33,18.6,15.45,19.42,17.93,16.32,13.66,18.12,25.55,17.87,20.76,7.75,4.71,8.97,20.9,5.18,8.93,7.02,17.09,23.13,9.83,27.32,13.2,27.87,10.87,10.34,8.58,7.78,22.07,13.61,12.68,2.47,8.56,8.81,9.71,7.6,4.53,8.6,7.6,8.02,17.19,18.27,9.51,5.59,13.9,14.9,18.71,20.04,23.86,26.49,29.8,24.02,17.74,23.97,27.16,25.56,17.6,21.91,25.06,21.32,21.94,12.38,7.25,6.86,5.35,8.66,10.8,10.99,22.2,25.01,25.18,24.28,22.3,19.32,23.5,23.73,20.99,21.67,22.26,25.4,24.23,7.42,9.59,11.8,11.6,8.12,9.45,18.09,11.0,9.83,10.71,17.65,9.1,6.92,13.3,18.04,10.43,7.66,8.97,6.37,6.52,19.43,9.61,8.76,7.54,11.96,11.47,15.44,16.33,13.69,18.75,10.86,12.25,20.96,21.42,17.09,19.32,12.55,13.46,16.39,18.27,13.44,22.92,11.19,19.06,17.26,18.78,18.36,19.72,18.48,17.74,18.95,16.79,16.62,13.84,20.57,18.95,11.06,13.85,14.84,18.89,10.2,19.6,10.68,12.06,15.47,6.19,12.02,14.64,15.16,8.52,13.86,21.31,20.93,22.56,19.32,18.99,17.65,23.39,20.15,17.92,14.89,20.65,13.28,24.04,23.33,20.56,27.1,25.91,27.06,23.0,18.57,27.98,20.95,25.57,21.97,26.51,28.52,22.17,25.16
27.55,5.73,18.15,28.84,22.56,19.69,21.52,20.1,12.0,21.87,6.35,14.75,16.23,26.41,22.26,10.71,37.18,4.62,26.92,18.75,12.06,19.81,5.74,29.39,24.93,27.7,9.91,21.12,20.82,21.12,4.46,20.95,3.36,6.97,18.64,16.53,13.13,12.07,24.39,22.13,15.65,9.37,19.97,14.15,2.48,37.48,13.17,18.43,25.33,28.29,13.97,3.72,1.44,23.22,18.86,12.04,27.43,21.62,20.03,19.69,18.54,19.12,3.05,10.54,9.98,4.0,26.39,4.23,4.73,5.0,15.2,18.6,27.71,22.37,15.52,12.3,13.44,15.47,0.0,25.18,2.2,16.75,20.24,18.51,18.49,18.45,22.29,23.87,17.34,19.13,9.7,3.66,22.27,14.82,7.34,17.39,3.56,21.82,12.82,19.25,12.16,11.22,15.32,12.65,13.27,12.83,11.64,10.79,8.96,13.0,10.05,14.62,13.14,11.92,14.43,13.91,10.92,13.44,13.06,9.01,12.28,11.2,11.92,35.98,27.8,24.14,25.66,30.96,23.44,20.13,21.57,18.65,18.92,18.71,23.23,25.26,25.79,18.11,27.9,20.81,18.15,22.42,22.2,20.22,23.07,29.55,31.23,35.25,23.0,33.46,27.73,24.57,28.55,27.05,25.45,22.4,27.24,34.68,23.3,29.88,15.8,15.99,23.02,30.59,16.48,22.98,18.31,31.14,37.18,23.88,41.37,27.25,41.92,24.92,21.63,19.88,19.07,36.12,22.33,21.43,17.37,23.46,23.7,24.6,21.65,18.59,22.65,21.65,22.07,21.04,19.84,23.56,20.48,14.72,19.08,23.04,24.37,28.19,30.81,30.35,28.34,22.07,21.5,31.48,29.89,21.93,26.24,29.39,25.64,26.26,8.44,17.71,16.61,10.91,14.22,8.09,8.29,19.73,22.54,22.71,21.81,19.83,16.85,21.03,21.26,18.52,19.2,19.79,22.93,21.76,21.87,18.41,26.69,17.87,19.89,24.35,24.36,25.9,16.28,15.96,23.92,18.9,21.08,19.57,24.31,17.57,18.12,15.97,21.26,16.99,20.12,18.29,17.61,22.43,14.14,15.82,3.62,2.49,2.53,16.28,9.43,7.54,10.43,11.0,13.7,11.91,10.23,14.28,13.92,12.96,20.52,10.42,8.24,16.59,11.45,11.41,15.89,9.19,11.31,4.85,5.11,14.68,14.51,8.64,18.45,16.94,12.76,11.73,7.82,16.89,15.76,17.48,13.84,13.54,13.35,16.31,11.17,12.53,13.05,13.82,10.49,7.46,7.03,8.72,5.48,5.14,5.66,9.54,6.31,5.93,6.29,6.8,5.77,10.19,9.48,10.72,13.26,14.47,15.62,9.15,12.24,16.53,9.58,14.12,9.88,15.06,17.08,8.33,13.72
4.22,19.46,12.02,6.58,18.91,13.55,4.94,18.28,28.68,18.22,29.91,15.71,14.41,18.92,18.14,23.44,14.92,28.18,4.66,24.72,16.97,18.09,20.95,7.13,1.61,5.44,23.9,4.54,17.17,14.99,26.9,17.52,24.4,19.39,16.83,23.93,30.48,18.22,2.71,17.79,11.38,17.4,16.32,15.12,26.04,15.22,15.74,29.27,17.83,4.96,11.85,21.86,24.17,28.66,24.48,16.47,28.6,17.54,16.38,16.05,16.72,15.47,26.61,34.1,18.26,27.56,1.26,27.78,28.29,21.32,14.39,14.94,5.44,1.48,16.48,18.16,11.97,14.2,25.18,0.0,23.12,23.44,4.59,23.38,21.58,14.85,18.69,1.57,22.39,17.2,19.19,27.16,18.67,14.91,18.82,23.27,27.06,18.22,15.3,15.65,15.1,18.5,13.39,15.98,14.31,14.18,13.61,16.9,18.22,11.07,15.81,11.97,13.86,12.39,11.74,13.13,14.5,14.11,12.5,16.74,14.77,15.61,13.37,13.68,4.66,1.05,2.83,31.84,1.96,6.14,3.47,5.24,10.61,10.4,2.31,13.11,9.98,9.79,12.09,12.49,9.84,2.52,10.05,8.07,10.92,13.74,17.44,21.46,19.46,19.67,19.41,16.26,20.23,18.74,17.14,18.86,18.93,20.9,18.68,21.57,11.45,10.19,19.43,8.29,10.67,19.39,12.51,15.43,12.12,20.29,16.31,19.58,20.45,21.33,15.83,14.07,13.27,10.58,19.83,18.28,13.77,19.86,20.1,21.0,18.06,13.97,19.06,18.06,18.48,22.39,23.47,19.97,16.88,23.43,21.12,23.91,25.25,29.07,31.72,30.61,29.22,22.95,27.1,32.36,31.8,22.81,27.12,30.27,26.52,27.14,20.44,18.41,18.02,15.83,19.14,20.45,20.64,30.26,33.07,33.23,30.41,30.36,27.38,31.55,31.78,29.04,29.72,30.32,29.74,32.29,18.72,20.89,23.09,23.49,19.41,20.75,29.97,22.3,20.99,21.87,29.53,20.39,18.21,25.18,29.93,21.72,18.82,20.13,17.66,17.69,31.32,20.77,19.92,18.83,23.13,22.64,23.49,25.99,23.35,26.8,18.92,20.31,29.02,29.48,25.14,27.37,20.61,21.52,24.45,26.33,19.65,30.98,19.24,27.12,25.31,26.84,26.42,27.77,26.53,28.35,28.61,27.96,27.78,25.0,31.73,30.11,22.23,25.01,26.0,30.06,20.68,30.76,21.84,23.22,26.63,17.35,23.19,25.81,26.32,19.68,22.53,30.96,30.53,35.03,28.98,28.64,27.73,35.86,29.81,28.01,22.95,30.3,21.34,33.69,32.98,34.22,36.76,37.97,39.12,32.65,29.73,40.03,33.08,37.62,33.38,38.56,40.58,31.83,37.22
25.54,3.72,16.14,26.84,20.55,17.68,19.51,18.09,10.72,19.86,6.92,12.74,14.22,24.41,20.26,11.29,35.17,5.2,24.91,17.73,10.06,17.8,3.74,27.39,22.92,25.7,10.48,19.11,18.81,19.12,3.88,18.94,1.46,4.96,16.64,15.51,12.11,10.17,22.39,20.12,13.64,7.48,17.97,12.15,3.06,35.48,11.28,17.41,23.32,26.28,11.96,1.72,0.99,23.79,17.85,10.15,26.41,19.62,18.03,17.68,16.53,17.12,3.62,11.12,8.09,4.57,24.38,4.8,5.31,3.0,13.2,16.59,25.7,20.36,13.51,10.41,11.43,13.46,2.2,23.12,0.0,17.32,18.24,17.49,17.47,16.44,20.28,21.86,16.32,17.12,7.8,4.24,20.26,12.81,5.33,16.37,4.14,19.81,10.93,17.24,10.15,9.33,13.31,10.64,11.26,10.93,9.64,8.9,6.95,11.0,8.04,12.61,11.14,9.91,12.42,12.02,8.91,11.44,11.06,7.01,10.38,9.3,9.92,33.97,25.79,22.13,23.65,29.94,21.43,18.13,19.56,16.64,16.92,16.71,21.22,23.25,23.78,16.1,25.9,18.8,16.15,20.41,20.19,18.21,21.06,27.54,29.22,33.24,20.29,31.45,25.72,22.57,26.54,25.05,23.44,19.7,25.24,32.68,21.3,27.88,13.79,13.99,21.01,28.58,14.47,20.98,16.31,29.13,35.17,21.87,39.36,25.25,39.92,22.92,19.63,17.87,17.07,34.11,21.31,18.72,15.36,21.45,21.69,22.6,19.65,16.59,20.64,19.65,20.06,20.02,18.82,21.56,18.48,12.83,18.06,22.02,23.35,27.17,29.79,29.33,27.32,21.05,20.48,30.46,28.87,20.91,25.22,28.37,24.63,25.24,6.55,15.37,14.97,8.9,12.22,6.09,6.28,18.71,21.52,21.69,20.79,18.81,15.84,20.01,20.24,17.5,18.18,18.77,21.91,20.74,20.31,18.98,24.68,18.45,20.46,22.34,24.93,23.89,16.85,16.54,24.49,19.48,19.81,20.14,24.89,18.15,15.77,16.55,19.25,14.64,20.7,17.73,16.87,20.43,14.72,16.39,1.73,3.06,1.06,15.26,7.53,5.64,9.41,9.72,11.81,10.89,8.34,12.38,12.9,11.94,19.5,9.14,6.34,15.57,10.43,10.39,14.87,8.17,10.29,5.42,5.68,15.25,15.08,9.22,19.03,17.51,13.33,12.31,8.4,17.46,13.75,18.06,14.42,14.11,13.93,14.3,11.75,13.1,13.62,14.39,11.07,8.04,7.6,9.29,6.05,5.72,4.38,10.12,6.88,4.65,4.4,7.38,3.88,10.77,10.06,11.3,13.83,15.04,16.19,9.73,12.81,17.11,10.15,14.7,10.46,15.64,17.65,8.9,14.29
28.49,15.91,15.77,28.43,7.48,17.31,21.1,19.55,25.02,9.95,17.01,7.86,15.68,26.99,26.21,7.15,35.79,15.29,26.5,28.79,12.6,19.26,17.4,28.98,24.51,27.29,7.15,20.7,10.11,18.75,17.48,20.4,18.48,15.85,18.1,26.56,29.67,17.41,25.34,25.86,15.1,16.6,6.94,8.18,15.5,36.09,16.88,28.47,25.91,29.23,12.8,18.84,16.84,7.36,28.9,15.66,30.56,21.08,9.6,15.28,17.99,9.32,16.07,22.09,17.45,15.15,24.62,15.77,13.04,20.12,11.25,9.9,27.29,21.95,6.47,17.35,12.0,11.52,16.75,23.44,17.32,0.0,19.62,28.44,22.82,8.69,9.42,23.25,27.27,18.54,18.59,13.08,7.87,9.15,15.41,27.32,14.4,9.01,16.59,8.5,12.63,17.91,14.73,13.39,8.79,14.96,10.68,16.3,14.81,11.79,12.4,14.03,12.98,10.71,13.22,14.14,11.78,9.98,12.28,13.33,14.17,15.01,11.75,34.43,28.21,24.55,25.03,34.09,22.81,19.51,20.95,18.03,18.86,18.65,23.64,25.2,25.73,18.05,27.84,20.75,18.09,22.83,22.14,20.16,23.01,29.49,31.17,35.19,21.71,33.4,27.67,24.51,28.49,26.99,25.39,21.12,27.18,34.62,26.94,29.82,15.21,13.78,18.03,29.97,14.25,18.0,16.08,26.16,32.19,18.9,36.39,22.27,21.37,19.94,19.41,17.65,16.85,31.13,21.07,20.14,11.05,8.26,10.84,11.74,16.67,13.6,17.67,16.67,17.08,24.64,25.73,18.58,8.35,21.36,22.36,26.17,27.5,31.32,33.94,38.87,31.48,25.2,31.42,34.61,33.02,25.06,29.37,32.52,28.78,29.39,19.84,6.03,6.5,11.51,14.57,17.04,17.23,29.66,32.47,32.64,31.74,29.76,26.78,30.96,31.19,28.45,29.12,29.72,32.86,31.69,6.0,2.55,10.48,2.01,4.03,8.14,8.49,9.52,3.92,3.9,8.06,3.04,5.22,3.71,8.45,1.71,3.86,7.23,6.1,4.99,9.84,3.11,3.02,9.66,3.9,2.99,18.74,15.51,17.92,26.2,18.32,19.71,23.45,24.02,24.54,26.78,20.01,20.92,23.85,25.73,20.89,23.43,18.65,26.52,24.71,24.43,25.82,22.21,24.33,12.15,16.68,11.2,11.03,8.25,14.98,13.35,4.21,8.14,9.25,13.3,16.11,14.01,5.6,3.21,9.87,9.23,5.58,9.05,9.57,8.16,8.73,20.48,15.34,21.74,15.8,18.16,18.68,22.56,19.33,18.95,21.42,19.82,20.89,21.77,21.06,14.97,23.8,20.32,21.47,20.73,12.98,22.39,15.36,19.98,16.37,20.92,22.93,19.91,19.57
8.74,14.52,8.37,9.58,15.26,9.91,2.26,15.92,25.02,14.57,24.97,12.06,12.05,18.32,17.54,19.79,17.92,23.24,7.66,24.13,12.03,17.5,16.01,10.13,5.67,8.44,20.26,1.86,13.52,11.34,21.92,16.92,19.51,14.45,14.47,23.71,26.82,14.56,7.3,17.19,11.26,13.74,12.68,11.47,21.1,18.22,14.02,25.61,17.24,9.48,7.46,16.92,19.23,25.02,23.89,12.81,28.0,16.94,12.74,12.4,14.36,11.83,21.67,29.16,14.6,22.62,5.78,22.84,23.35,16.38,10.75,11.3,8.45,3.11,12.84,14.5,8.33,10.56,20.24,4.59,18.24,19.62,0.0,22.74,20.93,11.2,15.04,4.57,21.74,14.84,15.31,22.25,15.02,11.27,13.9,24.04,22.14,14.57,13.31,12.0,10.57,14.63,11.03,11.45,10.66,11.68,9.97,13.03,13.3,7.43,10.89,9.86,10.24,8.74,8.22,10.44,9.97,10.46,8.77,11.82,10.9,11.73,9.49,16.68,9.18,5.64,6.36,31.19,4.14,1.54,2.27,1.59,9.96,9.75,5.14,16.3,16.83,9.14,18.94,11.85,9.19,3.22,13.24,11.26,14.1,20.59,22.26,26.29,18.81,24.5,18.77,15.61,19.58,18.09,16.49,18.22,18.28,25.72,18.03,20.92,11.17,6.54,15.78,11.29,7.03,15.75,8.86,18.43,15.12,16.65,19.31,20.02,23.45,17.69,12.18,10.43,9.63,13.58,19.18,17.63,10.12,16.21,16.46,17.36,14.42,10.33,15.42,14.42,14.83,21.74,22.82,16.33,13.24,18.08,20.48,23.27,24.6,28.42,31.07,29.97,28.57,22.3,26.45,31.71,31.15,22.16,26.47,29.62,25.88,26.49,16.57,14.77,14.38,10.91,14.22,15.54,15.73,26.38,29.19,29.36,28.46,26.48,23.51,27.68,27.91,25.17,25.85,26.44,29.09,28.41,15.07,17.24,19.45,19.84,15.77,17.1,26.33,18.65,17.35,18.23,25.89,16.75,14.57,21.54,26.28,18.08,15.18,16.49,14.02,14.04,27.67,17.13,16.28,15.19,19.48,18.99,19.62,21.07,18.43,22.93,15.04,16.43,25.14,25.6,21.27,23.5,16.73,17.64,20.57,22.45,19.01,27.1,15.37,23.24,21.44,22.96,22.55,23.9,22.66,23.43,23.69,24.31,24.14,21.36,28.09,26.47,18.58,21.37,22.36,26.41,15.76,27.12,18.2,19.58,22.99,13.71,19.54,22.16,22.68,16.04,17.61,26.05,25.61,27.3,24.06,23.72,22.39,28.12,24.89,22.66,19.07,25.39,17.47,28.78,28.07,29.31,31.84,33.05,34.2,27.73,26.09,35.12,28.16,32.71,28.46,33.65,35.66,26.91,32.3
25.81,21.02,20.39,29.97,27.96,21.92,19.79,8.4,10.23,27.27,19.97,21.47,9.0,11.85,8.15,25.5,38.3,18.25,28.04,1.53,20.8,5.84,21.04,30.52,25.0,28.82,24.69,23.64,26.22,23.36,14.28,6.98,16.55,22.26,8.4,2.65,10.71,13.35,22.65,8.01,13.81,15.61,25.38,20.88,17.27,38.6,15.38,8.62,11.25,26.54,13.87,19.02,18.6,33.87,1.64,16.06,10.21,7.51,25.44,25.09,6.84,24.53,15.92,24.16,12.35,17.62,24.64,17.05,19.52,20.3,20.72,24.0,28.83,24.9,22.25,12.7,18.95,20.98,18.51,23.38,17.49,28.44,22.74,0.0,2.35,23.58,27.42,25.22,1.84,7.95,11.06,18.26,27.4,21.26,22.56,1.4,17.5,26.95,15.44,24.38,17.26,13.62,9.97,19.71,19.98,15.45,19.29,14.76,21.96,13.55,19.55,12.76,15.99,18.06,13.78,11.71,18.24,20.45,12.52,20.48,14.9,15.28,17.1,37.33,26.26,22.6,26.48,13.68,24.27,22.95,21.65,21.46,13.61,14.15,21.7,17.19,22.42,14.74,24.53,11.63,14.69,20.89,14.37,16.85,13.77,26.18,16.73,20.75,7.61,18.96,13.51,9.98,14.05,12.55,12.81,6.26,10.12,20.18,9.18,15.67,13.94,18.48,28.15,31.94,18.96,28.12,20.8,36.27,35.77,29.01,39.96,32.39,47.06,30.06,24.12,22.36,21.56,34.23,6.19,5.29,22.5,28.59,28.83,29.74,26.78,23.73,27.78,26.79,27.2,3.75,2.56,28.7,25.61,2.96,3.34,5.75,7.09,10.91,13.53,13.07,11.06,4.79,4.21,14.2,12.61,4.65,8.96,12.11,8.36,8.98,11.43,24.09,23.69,19.57,22.88,24.19,19.15,9.73,12.53,12.7,12.25,9.82,6.85,11.02,11.25,8.51,9.19,9.78,11.58,11.75,27.45,29.62,31.82,28.44,28.14,29.48,34.92,31.03,26.66,27.55,34.49,29.13,26.95,30.14,34.88,28.14,24.49,25.81,26.39,23.36,36.27,26.45,25.59,27.57,28.8,28.31,15.57,16.46,18.36,3.5,14.95,13.07,10.58,11.04,5.11,8.94,11.6,4.21,4.46,7.89,4.38,12.54,12.47,6.58,6.87,8.4,5.89,9.33,8.09,19.44,18.5,29.77,29.1,23.23,33.55,30.33,27.9,26.32,22.41,30.28,24.42,32.58,27.52,28.13,28.46,23.02,25.76,27.12,27.64,25.36,26.27,20.14,21.62,16.59,18.87,17.81,14.01,17.42,18.98,12.71,12.9,19.48,14.1,23.58,22.87,24.11,26.65,27.86,29.01,22.54,25.63,29.92,22.97,27.52,23.27,28.46,30.47,21.72,27.11
24.0,17.67,18.58,28.16,22.34,20.11,17.99,6.6,10.2,21.65,19.94,15.85,7.2,10.04,6.34,25.47,36.49,18.22,26.23,3.42,15.19,4.03,21.01,28.71,23.19,27.02,24.66,21.84,20.6,21.55,14.26,5.17,16.52,17.61,6.6,2.63,10.68,13.32,20.85,6.21,12.0,15.58,19.75,15.26,17.24,36.8,15.35,8.59,9.44,24.74,12.06,18.99,18.58,28.25,3.53,16.04,12.1,5.71,19.81,19.47,5.03,18.9,15.89,24.14,12.32,17.59,22.84,17.02,19.49,20.27,15.09,18.37,27.02,23.09,16.62,12.67,13.32,15.36,18.49,21.58,17.47,22.82,20.93,2.35,0.0,17.97,21.81,23.38,1.32,6.1,11.17,18.36,21.8,15.65,17.0,2.19,17.61,21.34,12.03,18.78,13.28,13.73,8.12,14.15,14.38,10.91,13.68,14.87,16.39,11.71,13.99,10.92,12.03,12.46,11.93,9.86,12.68,14.85,10.67,14.91,15.01,15.39,11.54,35.48,24.42,20.76,24.63,15.57,22.42,21.1,19.81,19.62,11.77,12.31,19.85,15.35,20.57,12.89,22.68,9.79,12.84,19.04,12.52,15.0,11.93,24.33,14.88,18.9,5.01,17.11,11.67,8.14,12.2,10.71,10.97,4.42,8.27,18.33,7.33,13.82,12.09,16.63,22.55,30.1,17.11,22.51,18.95,30.67,33.92,23.41,38.11,26.78,41.45,24.45,22.27,20.52,19.71,32.39,4.35,3.44,16.89,22.98,23.23,24.13,21.18,18.12,22.18,21.18,21.6,5.64,4.45,23.09,20.01,2.35,2.33,7.64,8.98,12.79,15.42,14.95,12.95,6.68,6.1,16.09,14.49,6.54,10.84,14.0,10.25,10.87,11.54,18.48,18.09,14.01,17.32,18.63,19.25,9.83,12.64,12.81,11.91,9.93,6.96,11.13,11.36,8.62,9.3,9.89,13.03,11.86,21.85,24.02,26.22,22.84,22.54,23.87,29.32,25.43,21.06,21.94,28.88,23.52,21.34,24.53,29.28,22.54,18.89,20.2,20.79,17.76,30.67,20.84,19.99,21.96,23.2,22.71,15.68,16.57,18.47,3.61,15.05,13.18,10.69,11.15,5.22,9.04,11.7,3.6,4.56,8.0,2.54,12.65,12.57,6.69,6.98,8.51,5.99,9.44,8.2,19.55,18.61,29.88,29.21,23.34,33.66,30.44,22.3,26.43,22.52,30.39,18.85,32.68,21.91,23.29,28.56,17.42,25.87,27.23,27.75,19.75,20.7,20.24,21.73,16.7,18.98,17.92,14.12,17.53,19.09,12.81,13.01,19.58,14.21,23.69,22.98,24.22,26.76,27.97,29.12,22.65,25.74,30.03,23.08,27.62,23.38,28.56,30.58,21.83,27.22
19.9,12.72,7.19,19.84,4.33,8.72,12.51,14.77,23.09,4.3,23.17,6.91,10.9,18.4,17.62,14.95,27.2,21.45,17.91,24.01,10.23,14.49,14.21,20.39,15.92,18.7,14.96,12.11,2.84,10.16,21.31,17.0,17.71,12.65,13.32,21.79,24.89,12.63,16.75,17.27,10.32,11.82,1.75,6.32,19.3,27.51,12.1,23.69,17.32,20.64,7.54,15.12,17.43,14.09,24.12,10.88,25.78,17.02,2.47,6.69,13.21,1.56,19.87,27.36,12.67,20.82,16.03,21.05,21.55,14.58,3.74,1.31,18.7,13.36,7.68,12.58,5.59,3.55,18.45,14.85,16.44,8.69,11.2,23.58,17.97,0.0,4.6,14.66,22.56,13.83,13.88,20.37,4.72,5.09,12.03,22.61,20.26,4.13,11.88,1.15,9.31,13.2,10.02,10.18,6.51,10.25,6.92,11.59,11.42,6.68,9.01,9.32,8.81,6.46,8.53,9.43,8.39,4.92,7.77,9.94,9.46,10.3,8.05,25.84,19.62,15.96,16.45,31.5,14.23,10.92,12.36,9.44,10.27,10.06,15.05,16.61,17.14,9.46,19.25,12.16,9.5,14.24,13.55,11.57,14.42,20.9,22.58,26.6,19.12,24.81,19.08,15.92,19.9,18.4,16.8,18.53,18.59,26.03,18.35,21.24,10.5,5.19,9.44,21.38,5.66,9.41,7.5,17.57,23.61,10.31,27.8,13.68,16.55,11.35,10.82,9.06,8.26,22.54,16.36,15.43,2.46,5.11,6.02,6.92,8.08,5.01,9.08,8.08,8.49,22.06,23.14,9.99,2.14,16.65,17.65,23.58,24.91,28.73,31.39,30.28,28.89,22.61,26.71,32.02,31.46,22.47,26.78,29.93,26.19,26.81,15.13,9.65,9.25,9.04,12.35,13.66,13.85,24.95,27.76,27.93,27.03,25.05,22.07,26.25,26.48,23.74,24.41,25.01,28.15,26.98,3.97,6.14,8.35,8.74,4.67,6.0,15.23,8.22,10.68,10.67,14.79,5.65,3.47,10.44,15.18,6.98,10.63,11.37,2.92,8.92,16.57,9.88,9.79,4.09,11.01,9.75,18.18,19.19,16.55,21.49,13.61,15.0,23.71,24.17,19.83,22.07,15.3,16.21,19.14,21.02,16.18,25.67,13.94,21.81,20.0,21.53,21.11,22.47,21.22,19.96,21.81,19.01,18.84,16.05,21.22,21.16,12.01,15.95,17.05,21.11,13.88,20.25,13.26,11.02,17.68,8.59,13.38,16.86,17.38,10.92,16.54,24.17,23.73,25.42,22.18,21.84,20.51,26.24,23.01,20.78,17.64,23.51,16.03,26.9,26.19,22.78,29.96,28.13,29.28,25.85,20.78,30.19,23.17,27.78,24.18,28.72,30.74,25.03,27.38
23.74,16.56,11.03,26.43,3.2,12.56,16.35,18.61,26.93,2.49,25.55,10.75,14.74,22.24,21.46,15.69,27.09,23.82,21.75,27.85,14.07,18.33,18.05,27.97,19.76,22.54,15.69,15.95,2.64,14.0,25.15,20.84,21.55,16.49,17.16,25.63,28.73,16.47,20.59,21.11,14.17,15.66,4.53,10.16,23.14,27.4,15.94,27.53,21.16,24.48,11.38,18.96,21.27,14.82,27.97,14.72,29.62,20.86,2.14,10.53,17.05,3.04,23.71,31.2,16.51,23.69,19.87,24.89,21.58,18.42,7.58,5.15,22.54,17.2,13.97,16.42,9.43,7.39,22.29,18.69,20.28,9.42,15.04,27.42,21.81,4.6,0.0,18.5,26.4,17.67,17.72,21.62,1.94,8.93,15.87,26.45,22.94,1.18,15.72,3.99,13.15,17.04,13.86,14.02,10.35,14.09,10.76,15.43,15.26,10.52,12.85,13.16,12.65,10.3,12.37,13.27,12.23,8.77,11.61,13.78,13.3,14.14,11.89,25.86,23.46,19.8,20.29,35.34,18.07,14.76,16.2,13.28,14.11,13.9,18.89,20.45,20.98,13.3,23.09,16.0,13.35,18.08,17.39,15.41,18.26,24.74,26.42,30.44,22.96,28.65,22.92,19.76,23.74,22.24,20.64,22.37,22.43,29.87,22.19,25.08,14.34,9.03,7.01,26.81,9.5,13.25,11.34,21.54,23.62,14.15,27.81,17.52,12.56,15.19,14.66,12.9,12.1,22.56,20.2,19.27,6.3,3.19,1.41,2.32,11.92,8.85,12.92,11.92,12.33,25.9,26.98,7.7,5.94,20.49,21.49,27.42,28.75,32.57,35.23,34.12,32.73,26.45,30.55,35.86,35.3,26.31,30.62,33.77,30.03,30.65,18.97,13.53,14.0,12.88,16.19,17.5,17.69,28.79,31.6,31.77,30.87,28.89,25.91,30.09,30.32,27.58,28.25,28.85,31.99,30.82,4.71,6.88,5.14,9.48,5.4,6.73,15.96,3.61,11.41,11.4,15.52,6.38,4.2,11.17,15.92,7.71,11.36,16.11,3.69,12.49,17.31,10.61,10.52,7.24,11.75,10.49,22.02,23.03,20.39,25.33,17.45,18.84,27.55,28.01,23.67,25.91,19.14,20.05,22.98,24.86,20.02,29.51,17.78,25.65,23.84,25.37,24.95,26.31,25.06,20.69,25.65,19.74,19.57,16.79,21.96,21.89,12.75,16.68,17.79,21.84,17.72,20.99,14.0,11.75,18.41,12.43,14.12,17.59,18.11,15.66,17.27,28.01,23.88,29.26,24.34,25.68,24.35,30.08,26.85,24.62,21.48,27.35,19.87,30.74,30.03,23.51,32.34,28.86,30.01,29.7,21.52,30.93,23.9,28.52,24.91,29.46,31.47,28.87,28.11
5.72,18.14,12.0,5.15,18.89,13.53,4.92,19.85,28.64,18.2,28.59,15.69,15.98,20.49,19.71,23.42,13.48,26.87,3.22,26.29,15.65,19.66,19.63,5.7,1.12,4.01,23.88,4.52,17.15,14.97,25.55,19.09,23.13,18.07,18.4,25.5,30.44,18.18,4.28,19.36,12.95,17.37,16.3,15.1,24.72,13.79,17.31,29.24,19.4,6.45,11.08,20.54,22.85,28.64,26.05,16.43,30.17,19.11,16.36,16.03,18.29,15.45,25.29,32.78,18.22,26.24,2.76,26.47,26.98,20.0,14.37,14.92,4.01,1.47,16.46,18.13,11.95,14.18,23.87,1.57,21.86,23.25,4.57,25.22,23.38,14.66,18.5,0.0,23.96,18.77,18.94,25.87,18.65,14.89,17.53,24.84,25.77,18.2,16.87,15.63,14.2,18.25,14.96,15.07,14.29,15.75,13.6,16.65,16.93,11.05,14.52,13.54,13.86,12.37,11.84,14.7,13.6,14.09,12.4,15.45,14.52,15.36,13.11,12.25,6.16,2.62,1.82,33.41,2.57,6.12,5.05,5.22,12.18,11.97,3.88,14.68,11.48,11.36,13.59,14.06,11.41,4.09,11.62,9.64,12.49,15.24,19.01,23.04,21.03,21.24,20.98,17.83,21.8,20.31,18.71,20.43,20.5,22.47,20.25,23.14,13.02,10.17,19.41,6.86,10.65,19.37,12.49,14.0,10.68,20.27,14.87,18.15,19.02,20.21,15.81,14.05,13.25,9.15,21.4,19.85,13.75,19.84,20.08,20.98,18.04,13.95,19.04,18.04,18.46,23.96,25.04,19.95,16.86,21.71,22.69,25.49,26.82,30.64,33.29,32.18,30.79,24.52,28.67,33.93,33.37,24.38,28.69,31.84,28.09,28.71,20.19,18.39,18.0,14.54,17.85,19.16,19.35,30.01,32.82,32.98,31.98,30.11,27.13,31.3,31.53,28.79,29.47,30.07,31.31,32.04,18.7,20.87,23.07,23.47,19.39,20.73,29.95,22.28,20.97,21.85,29.51,20.37,18.2,25.16,29.91,21.7,18.8,20.11,17.64,17.67,31.3,20.76,19.9,18.81,23.11,22.62,23.24,24.69,22.06,26.55,18.67,20.06,28.77,29.23,24.89,27.12,20.36,21.27,24.2,26.08,21.23,30.73,18.99,26.87,25.06,26.59,26.17,27.52,26.28,27.05,27.31,27.94,27.77,24.98,31.71,30.09,22.21,24.99,25.98,30.04,19.39,30.74,21.82,23.21,26.61,17.33,23.17,25.79,26.31,19.66,21.24,29.67,29.24,30.92,27.69,27.35,26.01,31.75,28.52,26.29,22.7,29.01,21.09,32.4,31.69,32.93,35.47,36.67,37.82,31.36,29.71,38.74,31.79,36.33,32.09,37.27,39.28,30.53,35.92
24.82,19.85,19.4,28.97,26.79,20.93,18.8,7.41,9.05,26.1,18.79,20.3,8.01,10.86,7.16,24.32,37.31,17.07,27.05,2.27,19.62,4.85,19.86,29.52,24.01,27.83,23.52,22.65,25.05,22.37,13.11,5.99,15.37,21.09,7.41,1.48,9.53,12.17,21.66,7.02,12.82,14.43,24.2,19.71,16.09,37.61,14.2,7.44,10.26,25.55,12.88,17.84,17.43,32.69,2.38,14.89,10.95,6.52,24.26,23.92,5.85,23.35,14.74,22.99,11.17,16.44,23.65,15.87,18.34,19.12,19.54,22.82,27.84,23.9,21.07,11.52,17.77,19.81,17.34,22.39,16.32,27.27,21.74,1.84,1.32,22.56,26.4,23.96,0.0,6.91,10.02,17.21,26.36,20.22,21.52,1.04,16.46,25.91,14.4,23.34,16.22,12.58,8.94,18.67,18.94,14.41,18.25,13.72,20.91,12.52,18.51,11.73,14.95,17.02,12.75,10.68,17.2,19.41,11.49,19.43,13.86,14.24,16.06,36.3,25.23,21.57,25.45,14.42,23.24,21.91,20.62,20.43,12.58,13.12,20.67,16.16,21.39,13.7,23.5,10.6,13.66,19.86,13.34,15.82,12.74,25.15,15.7,19.72,5.83,17.93,12.48,8.95,13.02,11.52,11.78,5.23,9.08,19.15,8.15,14.64,12.91,17.44,27.11,30.91,17.93,27.07,19.76,35.23,34.74,27.97,38.93,31.34,46.01,29.01,23.09,21.33,20.53,33.2,5.16,4.26,21.46,27.55,27.79,28.69,25.74,22.68,26.74,25.74,26.16,4.49,3.3,27.66,24.57,1.53,1.91,6.49,7.83,11.64,14.27,13.81,11.8,5.53,4.95,14.94,13.34,5.39,9.7,12.85,9.1,9.72,10.39,23.05,22.65,18.53,21.84,23.15,18.11,8.68,11.49,11.66,10.76,8.78,5.81,9.98,10.21,7.47,8.15,8.74,11.88,10.71,26.41,28.58,30.78,27.4,27.1,28.44,33.88,29.99,25.62,26.51,33.45,28.09,25.91,29.1,33.84,27.1,23.45,24.77,25.35,22.32,35.23,25.41,24.55,26.53,27.76,27.27,14.53,15.42,17.32,2.46,13.9,12.03,9.54,10.0,4.07,7.89,10.56,2.78,3.41,6.85,3.35,11.5,11.43,5.54,5.83,7.36,4.85,8.29,7.05,18.4,17.46,28.73,28.06,22.19,32.51,29.29,26.86,25.28,21.37,29.24,23.38,31.54,26.47,27.09,27.41,21.98,24.72,26.08,26.6,24.32,25.23,19.1,20.58,15.55,17.83,16.77,12.97,16.38,17.94,11.66,11.86,18.44,13.06,22.54,21.83,23.07,25.61,26.82,27.97,21.5,24.59,28.88,21.93,26.48,22.23,27.41,29.43,20.68,26.07
19.63,13.4,12.74,23.79,18.06,14.27,13.61,2.9,15.8,17.37,23.85,11.57,2.92,8.76,5.06,19.3,32.12,22.13,21.86,9.02,10.91,2.61,14.89,24.34,18.82,22.64,19.77,15.75,16.32,15.71,19.85,3.75,16.55,13.33,1.85,8.22,16.28,10.61,16.47,4.93,7.73,9.56,15.48,10.98,19.98,32.42,8.22,14.19,8.16,20.36,7.79,15.8,18.11,23.97,9.79,9.41,13.91,4.42,15.54,15.19,1.33,14.63,21.49,28.04,10.41,21.5,18.46,21.73,22.24,15.26,10.82,14.1,22.65,17.0,12.35,10.55,9.05,11.08,19.13,17.2,17.12,18.54,14.84,7.95,6.1,13.83,17.67,18.77,6.91,0.0,11.24,21.06,17.52,11.38,12.72,7.79,20.96,17.07,7.76,14.5,9.0,9.78,3.85,9.88,10.11,6.64,9.41,8.68,12.12,7.43,9.71,6.64,7.76,8.18,7.66,5.59,8.4,10.57,6.4,10.64,7.34,8.56,7.27,30.89,19.82,16.16,20.04,17.38,17.83,14.74,15.21,13.26,10.44,10.98,15.26,14.02,17.82,10.13,19.93,8.46,10.18,14.45,14.22,12.24,10.6,21.58,13.55,17.58,4.99,15.78,10.34,6.81,10.87,9.38,9.64,4.4,6.94,17.01,6.0,12.49,7.82,10.6,18.27,25.5,11.08,18.24,12.92,26.4,29.32,19.14,33.52,22.51,37.18,20.18,16.24,14.48,13.68,27.79,4.35,3.42,12.62,18.71,18.95,19.86,16.91,13.85,17.91,16.91,17.32,7.93,9.01,18.82,15.74,7.95,5.65,9.45,10.79,14.6,17.23,16.76,14.76,8.49,12.64,17.9,16.3,8.35,12.65,15.81,12.06,12.68,12.49,14.21,13.82,9.73,13.04,14.35,14.55,15.43,18.24,18.41,15.95,15.53,12.56,16.73,16.96,14.22,14.9,15.49,15.28,17.46,17.57,19.74,21.94,18.56,18.26,19.6,25.05,21.15,16.79,17.67,24.61,19.25,17.07,20.26,25.0,18.27,14.62,15.93,16.51,13.48,26.39,16.57,15.72,17.69,18.92,18.43,15.27,19.89,17.25,9.21,10.69,12.08,16.29,16.75,10.82,14.64,12.66,9.2,10.16,13.6,4.18,18.25,11.02,12.29,12.58,14.11,11.59,15.04,13.8,22.25,22.51,23.75,23.58,20.8,27.53,25.91,18.02,20.81,21.8,25.85,14.58,26.56,17.64,19.02,22.43,13.15,18.98,21.6,22.12,15.48,16.43,24.86,24.43,22.3,22.88,22.54,19.71,23.13,23.71,18.41,14.72,24.2,13.12,27.6,26.88,28.12,30.66,31.87,33.02,26.55,25.53,33.94,26.98,31.53,27.28,32.47,34.48,25.73,31.12
21.61,11.33,13.26,23.95,18.11,14.79,15.6,12.31,10.58,17.42,14.42,11.62,8.44,20.47,14.47,18.78,32.28,12.7,22.02,11.5,10.94,12.02,11.35,24.5,20.8,22.81,17.98,16.22,16.37,16.23,9.82,13.16,7.32,12.57,10.85,9.27,11.06,2.37,18.46,14.33,9.71,4.72,15.52,11.03,10.55,32.59,5.52,11.17,19.39,22.35,9.07,9.32,8.79,24.02,11.61,4.33,20.18,13.83,15.58,15.24,10.74,14.67,11.12,18.61,1.45,12.07,20.45,12.3,12.8,10.6,10.86,14.14,22.81,17.47,12.39,2.61,9.1,11.13,9.7,19.19,7.8,18.59,15.31,11.06,11.17,13.88,17.72,18.94,10.02,11.24,0.0,11.74,17.31,11.17,12.94,10.02,11.63,16.86,5.35,14.29,7.17,1.53,7.65,9.62,9.89,5.36,9.2,2.56,11.86,8.17,9.46,8.51,5.9,7.97,8.78,6.44,8.15,10.36,6.95,10.38,4.81,3.54,7.01,34.45,21.68,18.02,20.82,23.59,18.6,15.3,17.08,13.82,12.81,12.6,17.12,19.15,19.68,11.99,21.79,14.7,12.04,16.31,16.09,14.11,16.95,23.44,25.11,29.14,15.63,27.35,21.62,18.46,22.43,20.94,19.34,15.03,16.58,28.57,15.64,23.77,9.68,11.16,18.06,25.76,11.64,18.02,13.48,26.18,32.22,18.92,36.41,22.29,36.96,19.96,16.8,15.05,14.24,31.16,14.96,14.06,12.41,18.5,18.74,19.64,16.69,13.63,17.69,16.69,17.11,13.67,12.47,18.6,15.52,5.91,11.71,15.67,17.0,20.82,23.44,22.98,20.97,14.7,14.13,24.11,22.52,14.56,18.87,22.02,18.27,18.89,1.25,14.0,13.6,9.48,12.79,13.7,9.65,12.36,15.17,15.34,14.44,12.46,9.48,13.66,13.89,11.15,11.83,12.42,15.56,14.39,17.36,19.53,21.73,18.35,18.05,19.39,24.83,20.94,16.57,17.45,24.4,19.04,16.86,20.05,24.79,18.05,14.4,15.71,16.3,13.27,26.18,16.36,15.5,17.48,18.71,18.22,6.08,10.56,8.86,8.9,4.77,2.89,10.55,11.58,4.89,9.48,1.42,5.47,6.55,8.43,13.15,13.08,2.29,9.22,7.41,8.94,8.52,9.3,8.63,12.92,13.18,22.75,22.58,16.71,26.52,25.01,17.81,19.8,15.89,24.96,14.33,25.55,17.42,18.81,21.42,12.93,19.24,20.6,21.12,15.27,16.17,15.53,15.1,15.6,13.55,13.21,10.32,16.42,14.38,10.59,5.53,14.88,3.93,18.27,17.55,18.79,21.33,22.54,23.69,17.22,20.31,24.61,17.65,22.2,17.95,23.14,25.15,16.4,21.79
29.59,7.77,20.19,30.88,19.68,21.72,23.56,22.14,11.94,22.15,3.92,15.02,18.27,28.45,24.21,7.05,39.22,2.2,28.96,18.69,11.67,21.9,7.78,31.43,26.96,29.74,6.24,23.15,22.3,23.16,4.4,23.03,5.4,9.01,20.68,16.46,13.06,14.11,26.43,24.07,17.69,11.41,19.14,15.34,2.42,39.52,15.21,18.37,27.37,30.32,16.0,5.76,3.75,19.55,18.8,14.08,27.37,23.57,22.07,21.73,20.57,21.16,2.98,9.0,12.02,2.07,28.42,2.69,1.07,7.04,17.24,20.63,29.74,24.4,13.63,14.34,15.47,17.51,3.66,27.16,4.24,13.08,22.25,18.26,18.36,20.37,21.62,25.87,17.21,21.06,11.74,0.0,20.07,16.31,9.38,17.33,1.32,21.2,14.86,21.29,14.2,13.26,17.35,14.69,15.95,14.87,13.68,12.83,10.99,15.04,12.09,16.66,15.18,13.96,16.47,15.95,12.96,15.48,15.1,11.05,14.32,13.23,13.96,38.02,29.83,26.17,27.69,30.89,25.47,22.17,23.61,20.69,20.96,20.75,25.27,27.3,27.83,20.14,29.94,22.85,20.19,24.46,24.24,22.26,25.1,31.59,33.26,37.29,22.93,35.5,29.77,26.61,30.58,29.09,27.49,22.34,26.19,36.72,25.25,31.92,17.83,18.03,25.06,32.63,18.51,25.02,20.35,33.18,39.22,25.92,43.41,29.29,33.57,26.96,23.67,21.92,21.11,38.16,22.27,21.36,19.4,20.46,23.04,23.94,23.69,20.63,24.69,23.69,24.11,20.97,19.78,25.6,20.55,16.76,19.01,22.97,24.31,28.12,30.75,30.28,28.28,22.0,21.43,31.42,29.82,21.86,26.17,29.33,25.58,26.2,10.48,14.05,12.95,12.95,11.61,10.13,10.32,19.67,22.48,22.64,21.75,19.77,16.79,20.96,21.19,18.45,19.13,19.73,22.86,21.7,18.2,14.75,22.68,14.21,16.22,20.33,20.69,21.71,12.61,12.3,20.25,15.24,17.42,15.9,20.65,13.91,14.46,12.31,18.3,13.32,16.46,14.62,13.95,21.86,10.48,12.15,5.66,2.42,4.84,16.21,11.47,9.57,10.37,10.93,14.55,11.85,12.27,16.32,13.86,12.89,20.46,10.35,10.27,16.53,11.38,11.34,15.83,9.12,11.25,1.18,3.6,11.02,10.84,4.98,14.79,13.17,9.1,8.07,4.16,13.12,13.15,13.82,10.18,9.87,9.69,16.38,7.51,8.86,9.38,10.16,6.83,7.4,3.37,8.65,2.72,5.08,5.59,9.48,6.24,5.87,8.33,6.74,7.81,8.69,7.98,7.96,11.75,11.71,12.86,7.65,9.48,13.77,6.82,11.37,7.12,12.31,14.32,6.82,10.96
23.73,16.54,11.01,23.66,1.65,12.54,16.33,18.59,26.92,2.47,23.99,13.81,14.73,22.22,21.44,14.13,28.42,22.27,21.73,27.84,14.05,18.31,18.03,24.21,19.74,22.52,14.14,15.93,2.62,13.98,24.47,20.82,21.53,16.47,17.14,25.61,28.72,16.45,20.57,21.09,14.15,15.64,2.98,10.14,22.49,28.72,15.92,27.51,21.14,24.46,11.36,18.94,21.25,13.27,27.95,14.7,29.6,20.85,2.12,10.51,17.03,3.03,23.05,29.07,16.49,22.14,19.85,22.76,20.03,18.4,7.57,5.13,22.52,17.18,12.41,16.4,9.41,7.37,22.27,18.67,20.26,7.87,15.02,27.4,21.8,4.72,1.94,18.65,26.36,17.52,17.31,20.07,0.0,8.91,15.85,26.43,21.39,1.53,15.7,4.53,13.13,17.02,13.84,14.01,10.33,14.07,10.74,15.41,15.24,10.5,12.84,13.14,12.63,10.28,12.35,13.26,12.21,8.75,11.59,13.76,13.29,14.12,11.87,27.18,23.44,19.78,20.27,35.32,18.05,14.74,16.18,13.26,14.09,13.88,18.87,20.43,20.96,13.28,23.07,15.98,13.33,18.06,17.37,15.39,18.24,24.72,26.4,30.42,22.94,28.63,22.9,19.74,23.72,22.22,20.62,22.35,22.42,29.85,22.17,25.06,14.32,9.01,8.34,25.2,9.48,13.23,11.32,21.39,24.95,14.13,29.14,17.5,13.89,15.17,14.64,12.88,12.08,23.89,20.18,19.25,6.28,1.64,3.36,4.26,11.9,8.83,12.9,11.9,12.32,25.88,26.96,9.02,4.39,20.47,21.47,27.4,28.73,32.55,35.21,34.1,32.71,26.43,30.54,35.85,35.28,26.29,30.6,33.76,30.01,30.63,18.95,11.98,12.45,12.86,16.17,17.48,17.67,28.77,31.58,31.75,30.85,28.87,25.89,30.07,30.3,27.56,28.24,28.83,31.97,30.8,3.15,5.32,7.53,7.92,3.85,5.18,14.41,5.56,9.86,9.85,13.97,4.83,2.65,9.62,14.36,6.16,9.81,14.56,2.13,10.94,15.75,9.06,8.97,5.69,10.19,8.93,22.01,22.49,20.37,25.31,17.43,18.82,27.53,27.99,23.66,25.89,19.12,20.03,22.96,24.84,20.0,29.49,17.76,25.63,23.82,25.35,24.93,26.29,25.04,19.14,23.67,18.19,18.02,15.23,20.4,20.34,11.19,15.13,16.23,20.29,17.71,19.43,12.44,10.2,16.86,15.17,12.56,16.04,16.56,14.11,15.72,27.47,22.32,28.72,22.79,25.15,24.33,29.55,26.31,24.6,21.46,26.81,19.85,28.76,28.05,21.96,30.79,27.31,28.46,27.72,19.96,29.37,22.35,26.96,23.36,27.9,29.92,26.89,26.56
19.9,9.09,8.12,19.9,9.32,9.65,12.58,12.45,20.77,8.63,19.54,1.29,8.58,19.34,14.61,9.91,28.14,17.82,17.98,21.69,5.77,12.16,10.58,20.45,15.98,18.76,10.38,12.17,7.58,11.09,16.5,13.3,14.08,9.02,11.0,19.46,22.57,10.31,16.75,14.48,8.0,9.5,6.74,2.5,15.67,28.44,9.78,21.37,18.25,20.64,5.03,11.49,13.8,14.58,21.8,8.56,23.46,13.98,6.8,7.63,10.89,5.89,16.24,23.73,10.35,17.19,16.09,17.42,16.27,10.95,2.43,5.36,18.76,13.43,2.96,10.25,3.21,2.06,14.82,14.91,12.81,9.15,11.27,21.26,15.65,5.09,8.93,14.89,20.22,11.38,11.17,16.31,8.91,0.0,8.65,20.16,16.88,8.42,9.43,5.85,5.86,10.75,7.57,6.63,3.22,7.8,3.92,9.14,8.04,4.12,5.63,6.87,6.36,3.9,6.6,6.98,5.01,2.82,5.32,6.56,7.01,7.85,5.6,26.86,20.63,16.97,17.46,26.93,15.24,11.94,13.37,10.46,11.29,11.08,16.07,17.63,18.16,10.47,20.27,13.17,10.52,15.26,14.57,12.59,15.43,21.92,23.59,27.62,14.55,25.83,20.09,16.94,20.91,19.42,17.82,13.96,19.61,27.05,15.56,22.25,8.05,6.2,10.46,22.39,6.68,10.42,8.51,18.58,24.62,11.32,28.81,14.69,29.36,12.36,11.83,10.08,9.27,23.56,13.91,12.98,3.97,10.06,10.3,11.2,9.09,6.02,10.09,9.09,9.51,17.48,18.57,11.01,7.08,14.2,15.2,19.01,20.34,24.16,26.78,26.32,24.32,18.04,24.26,27.45,25.86,17.9,22.21,25.36,21.62,22.23,12.68,4.88,4.49,4.74,8.05,10.28,10.47,22.5,25.31,25.48,24.58,22.6,19.62,23.8,24.03,21.29,21.96,22.56,25.7,24.53,8.92,9.77,13.29,9.24,9.61,10.95,15.72,12.5,7.46,8.34,15.28,10.27,8.41,10.93,15.68,8.94,5.29,6.6,7.86,4.16,17.07,7.24,6.39,9.03,9.6,9.11,14.47,15.81,13.17,19.04,11.16,12.55,21.26,21.72,17.38,19.62,12.85,13.76,16.69,18.57,13.73,23.22,11.49,19.36,17.55,19.08,18.66,20.02,18.77,15.38,18.43,14.43,14.25,11.47,18.2,16.58,8.7,11.48,12.47,16.53,9.59,17.23,8.31,9.69,13.1,3.82,9.66,12.28,12.79,6.15,11.5,20.79,18.56,22.04,18.8,18.46,17.13,22.86,19.63,17.4,15.19,20.13,13.58,23.52,22.81,18.2,26.58,23.55,24.69,22.48,16.2,25.61,18.59,23.2,19.6,24.14,26.16,21.65,22.8
21.25,1.61,11.85,22.54,16.26,13.38,15.22,13.8,15.86,15.57,12.06,8.44,9.93,20.11,15.96,16.42,30.87,10.34,20.62,22.99,5.76,13.51,3.1,23.09,18.62,21.4,15.62,14.81,14.52,14.82,9.02,14.64,6.6,1.54,12.34,20.76,17.24,11.61,18.09,15.82,9.35,12.62,13.67,7.85,8.19,31.18,11.08,22.67,19.03,21.98,7.66,4.01,6.32,20.84,23.1,9.86,24.8,15.32,13.73,13.38,12.23,12.82,8.76,16.25,13.22,9.71,20.08,9.94,10.44,2.49,8.9,12.29,21.4,16.06,9.21,11.56,7.13,9.17,7.34,18.82,5.33,15.41,13.9,22.56,17.0,12.03,15.87,17.53,21.52,12.72,12.94,9.38,15.85,8.65,0.0,21.52,9.33,15.45,10.79,12.88,5.79,12.11,8.95,6.28,6.9,9.16,5.28,10.5,1.94,6.64,3.68,8.25,6.78,5.55,8.06,8.36,4.55,7.07,6.69,2.0,8.38,8.33,5.56,29.61,21.43,17.77,19.29,28.31,17.07,13.77,15.2,12.28,12.56,12.35,16.86,18.89,19.42,11.74,21.54,14.44,11.79,16.05,15.83,13.85,16.7,23.18,24.86,28.88,15.93,27.09,21.36,18.21,22.18,20.69,19.08,15.34,20.88,28.32,16.94,23.52,9.43,9.62,16.65,24.22,10.11,16.62,11.95,24.77,30.81,17.51,35.0,20.89,35.56,18.56,15.27,13.51,12.71,29.75,15.29,14.36,11.0,17.09,17.33,18.24,15.29,12.23,16.28,15.29,15.7,18.86,19.95,17.2,14.11,15.56,16.58,20.39,21.72,25.54,28.16,27.7,25.7,19.42,25.63,28.83,27.24,19.28,23.59,26.74,23.0,23.61,11.74,11.01,10.61,4.54,7.85,2.72,2.91,23.86,26.67,26.84,25.94,23.96,20.98,25.16,25.39,22.65,23.33,23.92,27.06,25.89,15.95,15.9,20.32,15.36,16.64,17.98,21.84,19.53,13.58,14.46,21.41,16.39,15.45,17.06,21.8,15.06,11.41,12.72,14.89,10.28,23.19,13.37,12.51,16.07,15.72,15.23,6.92,8.25,5.62,20.4,12.72,10.83,14.61,14.91,17.0,16.08,13.53,15.12,18.05,17.13,15.11,14.33,11.53,20.72,15.62,15.58,20.02,13.36,15.48,10.61,10.87,20.44,20.27,14.41,24.22,22.7,14.82,17.5,13.59,22.65,9.39,23.25,14.43,15.82,19.12,9.94,16.94,18.29,18.81,12.28,11.24,13.23,12.8,14.48,11.24,10.91,9.57,15.31,12.07,9.85,9.59,12.57,9.07,15.96,15.25,16.49,19.02,20.23,21.38,14.92,18.0,22.3,15.34,19.89,15.65,20.83,22.84,14.09,19.48
25.69,19.9,21.99,29.85,26.84,23.52,19.68,8.29,9.1,26.15,18.85,20.35,8.89,11.73,8.04,24.38,38.18,17.12,27.92,1.84,19.67,5.73,19.91,30.4,24.88,28.71,23.57,24.95,25.1,24.96,13.16,6.86,15.42,21.14,8.29,1.53,9.59,12.23,22.54,7.9,13.69,14.49,24.26,19.76,16.14,38.49,14.25,7.49,11.13,26.43,17.8,17.89,17.48,32.75,1.95,14.94,10.51,7.4,24.31,23.97,6.72,23.41,14.79,23.04,11.23,16.5,24.53,15.93,18.4,19.17,19.6,22.88,28.71,26.2,21.12,11.58,17.83,19.86,17.39,23.27,16.37,27.32,24.04,1.4,2.19,22.61,26.45,24.84,1.04,7.79,10.02,17.33,26.43,20.16,21.52,0.0,16.52,25.96,14.46,23.39,16.27,12.64,9.81,18.73,19.0,14.46,18.3,13.77,20.97,17.28,18.56,12.61,15.0,17.08,13.62,11.55,17.25,19.47,16.05,19.49,13.91,14.3,16.12,37.18,26.11,22.45,26.32,13.98,24.11,24.41,21.5,22.92,13.46,14.0,21.54,17.04,22.26,14.58,24.38,11.48,14.53,20.73,14.21,16.69,13.62,26.02,16.57,20.59,6.7,18.8,13.36,9.83,13.89,12.4,12.66,6.11,9.96,20.03,9.02,15.51,13.78,18.32,27.16,31.79,18.8,27.13,20.64,35.29,35.61,28.03,39.8,31.4,46.07,29.07,23.96,22.21,21.4,34.08,6.04,5.13,21.51,27.6,27.85,28.75,25.8,22.74,26.8,25.8,26.21,4.06,2.87,27.71,24.63,2.4,2.78,6.06,7.39,11.21,13.83,13.37,11.37,5.09,4.52,14.5,12.91,4.95,9.26,12.41,8.67,9.29,10.44,23.1,22.71,18.58,21.89,23.2,18.16,8.74,11.55,11.71,10.82,8.84,5.86,10.03,10.26,7.52,8.2,8.8,11.89,10.77,26.46,28.64,30.84,27.45,27.16,28.49,33.94,30.04,25.68,26.56,33.5,28.14,25.96,29.15,33.89,27.16,23.51,24.82,25.41,22.38,35.28,25.46,24.61,26.58,27.81,27.32,14.59,15.47,17.37,2.51,13.96,12.08,9.59,10.05,4.12,7.95,10.61,3.65,3.47,6.9,4.23,11.55,11.48,5.6,5.89,7.41,4.9,8.35,7.11,18.45,17.51,28.79,28.11,22.25,32.56,29.34,26.92,25.34,21.43,29.29,23.43,31.59,26.53,27.14,27.47,22.04,24.78,26.13,26.65,24.37,25.28,19.15,20.63,15.61,17.88,16.83,13.02,16.43,18.0,11.72,11.91,18.49,13.11,22.6,21.89,23.13,25.66,26.87,28.02,21.56,24.64,28.94,21.98,26.53,22.29,27.47,29.48,20.73,26.12
29.49,7.66,20.09,30.78,21.0,21.62,23.45,22.03,11.19,23.8,3.56,16.34,18.16,28.35,23.45,8.37,39.11,1.83,28.85,17.94,14.0,21.14,7.68,31.33,26.86,29.64,7.56,23.05,22.75,23.06,3.64,22.28,5.29,8.91,20.58,15.71,12.31,14.0,26.33,23.32,17.58,11.31,20.46,16.09,2.31,39.42,15.11,17.61,27.26,30.22,15.9,5.66,3.65,20.87,18.05,13.98,26.61,22.82,21.97,21.62,20.47,21.06,1.78,8.14,11.92,1.21,28.32,1.83,2.39,6.94,17.14,20.53,29.64,24.3,14.95,14.24,15.37,17.41,3.56,27.06,4.14,14.4,22.14,17.5,17.61,20.26,22.94,25.77,16.46,20.96,11.63,1.32,21.39,16.88,9.33,16.52,0.0,22.52,14.75,21.18,14.09,13.16,17.25,14.58,15.2,14.76,13.58,12.72,10.89,14.94,11.98,16.55,15.08,13.86,16.36,15.85,12.85,15.38,15.0,10.95,14.21,13.13,13.86,37.91,29.73,26.07,27.59,30.14,25.37,22.07,23.5,20.59,20.86,20.65,25.17,27.19,27.73,20.04,29.84,22.74,20.09,24.36,24.13,22.15,25.0,31.49,33.16,37.19,22.18,35.39,29.66,26.51,30.48,28.99,27.39,21.58,25.44,36.62,24.5,31.82,17.73,17.93,24.95,32.52,18.41,24.92,20.25,33.08,39.11,25.82,43.3,29.19,43.86,26.86,23.57,21.81,21.01,38.05,21.51,20.61,19.3,21.78,24.36,25.26,23.59,20.53,24.58,23.59,24.0,20.22,19.02,25.5,21.87,17.88,18.26,22.22,23.55,27.37,29.99,29.53,27.52,21.25,20.68,30.66,29.07,21.11,25.42,28.57,24.82,25.44,10.38,15.37,14.27,12.85,12.93,10.03,10.22,18.91,21.72,21.89,20.99,19.01,16.03,20.21,20.44,17.7,18.38,18.97,22.11,20.94,19.52,16.07,24.0,15.53,17.54,21.65,22.01,23.03,13.93,13.62,21.58,16.56,18.74,17.22,21.97,15.23,15.78,13.63,19.62,14.64,17.78,15.94,15.27,23.18,11.8,13.47,5.55,2.32,4.74,15.46,11.36,9.47,9.61,10.18,13.8,11.09,12.16,16.21,13.1,12.14,19.7,9.6,10.17,15.77,10.63,10.59,15.07,8.37,10.49,2.5,2.74,12.34,12.16,6.3,16.11,14.11,10.42,9.39,5.48,14.06,14.47,15.14,11.5,11.19,11.01,17.7,8.83,10.18,10.7,11.48,8.15,6.54,4.69,7.8,2.65,4.22,4.84,8.62,5.39,5.11,8.23,5.89,7.71,7.83,7.12,7.89,10.89,11.64,12.79,6.79,9.41,13.71,6.75,11.3,7.05,12.24,14.25,5.96,10.89
23.27,16.09,10.56,23.21,2.79,12.09,15.88,18.14,26.46,2.02,25.13,10.28,14.27,21.77,20.99,15.27,27.58,23.41,21.28,27.38,13.6,17.85,17.58,23.76,19.29,22.07,15.27,15.48,2.17,13.53,24.68,20.37,21.08,16.02,16.69,25.16,28.26,16.0,20.12,20.64,13.69,15.19,4.11,9.69,22.67,27.88,15.47,27.06,20.69,24.01,10.91,18.49,20.8,14.4,27.49,14.25,29.15,20.39,1.67,10.06,16.58,2.57,23.24,30.73,16.04,23.27,19.4,24.42,21.16,17.95,7.11,4.68,22.07,16.73,13.55,15.95,8.96,6.92,21.82,18.22,19.81,9.01,14.57,26.95,21.34,4.13,1.18,18.2,25.91,17.07,16.86,21.2,1.53,8.42,15.45,25.96,22.52,0.0,15.25,3.51,12.68,16.57,13.39,13.55,9.88,13.62,10.29,14.96,14.79,10.05,12.38,12.69,12.18,9.83,11.9,12.8,11.76,8.29,11.13,13.31,12.83,13.67,11.42,26.34,22.99,19.33,19.82,34.87,17.6,14.29,15.73,12.81,13.64,13.43,18.42,19.98,20.51,12.83,22.62,15.53,12.87,17.61,16.92,14.94,17.79,24.27,25.95,29.97,22.49,28.18,22.45,19.29,23.27,21.77,20.17,21.9,21.96,29.4,21.72,24.6,13.87,8.56,7.5,27.3,9.03,12.78,10.86,20.94,24.11,13.68,28.3,17.05,13.05,14.72,14.19,12.43,11.63,23.05,19.73,18.8,5.83,2.77,2.6,3.5,11.45,8.38,12.45,11.45,11.86,25.43,26.51,8.18,5.52,20.02,21.02,26.95,28.28,32.1,34.76,33.65,32.26,25.98,30.08,35.39,34.83,25.84,30.15,33.3,29.56,30.17,18.5,13.11,13.58,12.4,15.72,17.03,17.22,28.32,31.13,31.3,30.4,28.42,25.44,29.62,29.85,27.11,27.78,28.38,31.52,30.35,4.29,6.46,6.32,9.06,4.98,6.32,15.54,4.79,11.0,10.98,15.1,5.96,3.78,10.75,15.5,7.29,10.94,15.69,3.27,12.07,16.89,10.19,10.1,6.83,11.33,10.07,21.55,22.56,19.92,24.86,16.98,18.37,27.08,27.54,23.2,25.44,18.67,19.58,22.51,24.39,19.55,29.04,17.31,25.18,23.37,24.9,24.48,25.83,24.59,20.27,25.18,19.32,19.15,16.37,21.54,21.47,12.33,16.26,17.37,21.42,17.25,20.57,13.58,11.33,17.99,11.95,13.7,17.17,17.69,15.24,16.85,27.54,23.46,28.79,23.92,25.21,23.88,29.61,26.38,24.15,21.01,26.88,19.4,30.27,29.56,23.09,31.92,28.44,29.59,29.22,21.1,30.51,23.48,28.1,24.49,29.04,31.05,28.4,27.69
17.73,11.43,11.25,21.88,16.11,12.79,11.71,8.83,14.96,15.42,17.54,9.62,4.96,16.59,11.0,17.35,30.22,15.82,19.96,15.88,8.94,8.54,12.92,22.43,16.91,20.74,17.81,14.22,14.37,14.23,12.94,9.68,10.44,11.36,7.38,13.65,16.76,4.49,14.57,10.86,5.82,3.45,13.52,9.03,13.68,30.52,1.32,15.55,15.5,18.46,5.56,12.45,11.91,22.02,15.99,3.9,19.84,10.36,13.58,13.24,7.27,12.67,14.24,21.74,4.3,15.19,16.56,15.42,15.93,13.73,8.86,12.14,20.74,15.47,10.39,4.44,7.09,9.13,12.82,15.3,10.93,16.59,13.31,15.44,12.03,11.88,15.72,16.87,14.4,7.76,5.35,14.86,15.7,9.43,10.79,14.46,14.75,15.25,0.0,12.51,5.38,3.68,4.01,7.84,8.11,1.72,7.42,2.57,10.08,6.39,7.67,4.78,4.11,6.19,5.8,2.8,6.37,8.58,4.21,8.6,2.14,3.09,5.23,29.03,17.96,14.3,18.18,23.37,15.97,13.52,13.35,12.04,9.09,8.88,13.4,15.42,15.95,8.27,18.07,10.97,8.32,12.59,12.36,10.38,13.23,19.72,21.39,25.42,10.99,23.62,17.89,14.74,18.71,17.22,15.62,10.4,12.94,24.85,12.0,20.05,5.96,9.38,16.28,23.64,9.86,16.24,11.7,24.4,30.44,17.14,34.63,20.51,35.18,18.18,15.02,13.26,12.46,25.93,10.35,9.42,10.63,16.72,16.96,17.86,14.91,11.85,15.91,14.91,15.33,13.92,16.31,16.82,13.74,7.9,11.64,15.45,16.78,20.6,23.22,22.76,20.76,14.48,17.96,23.89,22.3,14.34,18.65,21.8,18.06,18.67,6.38,12.21,11.82,7.69,11.0,12.32,12.51,16.2,19.01,19.17,18.28,16.3,13.32,17.49,17.72,14.98,15.66,16.26,19.4,18.23,15.58,17.75,19.95,16.57,16.27,17.6,23.05,19.16,14.79,15.67,22.61,17.25,15.07,18.26,23.01,16.27,12.62,13.93,14.52,11.49,24.4,14.58,13.72,15.69,16.93,16.44,9.16,13.64,11.94,12.74,4.58,5.98,14.96,15.42,11.08,13.31,6.55,7.46,10.39,12.27,10.17,16.92,4.91,13.06,11.25,12.78,12.36,13.71,12.47,16.0,16.26,21.76,21.59,18.8,25.53,23.91,16.03,18.81,18.97,23.86,12.54,24.56,15.64,17.03,20.43,11.15,16.99,19.61,20.13,13.48,14.39,18.62,18.18,20.97,16.63,16.29,13.4,21.8,17.46,13.67,8.62,17.96,7.01,21.35,20.63,21.88,24.41,25.62,26.77,20.3,23.39,27.69,20.73,25.28,21.03,26.22,28.23,19.48,24.87
20.71,13.52,7.99,20.64,4.14,9.52,13.32,15.58,23.9,3.68,23.97,7.71,11.71,19.2,18.43,14.76,28.0,22.25,18.72,24.82,11.03,15.29,15.01,21.19,16.72,19.5,14.76,12.91,1.71,10.96,22.11,17.8,18.51,13.45,14.12,22.59,25.7,13.43,17.55,18.07,11.13,12.62,1.55,7.12,20.1,28.31,12.9,24.49,18.12,21.44,8.34,15.92,18.23,13.89,24.93,11.68,26.58,17.83,1.85,7.49,14.01,0.96,20.67,28.16,13.48,21.62,16.83,21.85,20.65,15.38,4.55,2.11,19.5,14.16,8.48,13.38,6.39,4.35,19.25,15.65,17.24,8.5,12.0,24.38,18.78,1.15,3.99,15.63,23.34,14.5,14.29,21.29,4.53,5.85,12.88,23.39,21.18,3.51,12.51,0.0,10.11,14.0,10.82,10.99,7.31,11.05,7.72,12.39,12.22,7.48,9.82,10.13,9.61,7.26,9.33,10.24,9.19,5.73,8.57,10.74,10.27,11.1,8.85,26.64,20.42,16.76,17.25,32.3,15.03,11.73,13.16,10.24,11.07,10.86,15.85,17.41,17.94,10.26,20.05,12.96,10.31,15.04,14.35,12.37,15.22,21.7,23.38,27.4,19.92,25.61,19.88,16.72,20.7,19.21,17.6,19.33,19.4,26.83,19.15,22.04,11.3,5.99,10.25,22.18,6.46,10.21,8.3,18.37,24.41,11.11,28.6,14.48,15.93,12.15,11.62,9.86,9.06,23.34,17.16,16.23,3.26,5.34,5.4,6.3,8.88,5.81,9.88,8.88,9.3,22.86,23.94,10.79,2.36,17.45,18.45,24.38,25.72,29.53,32.19,31.08,29.69,23.41,27.52,32.83,32.26,23.27,27.58,30.74,26.99,27.61,15.93,10.45,10.06,9.84,13.15,14.46,14.65,25.75,28.56,28.73,27.83,25.85,22.87,27.05,27.28,24.54,25.22,25.81,28.95,27.78,4.2,6.37,8.57,8.96,4.89,6.22,15.45,7.6,10.9,10.89,15.01,5.87,3.69,10.66,15.41,7.2,10.85,12.17,3.14,11.98,16.8,10.1,10.01,4.31,11.24,9.97,18.99,19.99,17.36,22.3,14.41,15.8,24.51,24.97,20.64,22.87,16.1,17.01,19.94,21.82,16.99,26.47,14.74,22.61,20.81,22.33,21.91,23.27,22.03,20.18,22.61,19.23,19.06,16.28,21.45,21.38,12.24,16.17,17.27,21.33,14.69,20.48,13.49,11.24,17.9,9.39,13.61,17.08,17.6,11.72,16.76,24.97,23.37,26.22,22.98,22.65,21.31,27.05,23.81,21.58,18.44,24.31,16.83,27.7,26.99,23.0,30.76,28.35,29.5,26.66,21.0,30.42,23.39,28.01,24.4,28.95,30.96,25.83,27.6
17.53,6.43,8.52,19.21,13.54,10.05,11.88,10.07,16.77,12.85,16.88,5.66,6.21,16.39,12.24,11.06,27.54,15.16,17.28,17.69,3.94,9.79,7.92,19.76,15.29,18.07,13.85,11.48,11.8,11.49,13.84,10.92,11.42,6.36,8.62,15.47,18.57,6.31,14.37,12.1,5.63,5.0,10.95,5.07,13.01,27.85,5.78,17.37,15.3,18.26,4.44,8.83,11.14,18.06,17.8,4.05,21.08,11.6,11.01,10.67,8.51,10.1,13.58,21.07,5.85,14.53,16.36,14.76,15.27,8.29,6.29,9.57,18.07,12.73,6.43,6.26,4.53,6.56,12.16,15.1,10.15,12.63,10.57,17.26,13.28,9.31,13.15,14.2,16.22,9.0,7.17,14.2,13.13,5.86,5.79,16.27,14.09,12.68,5.38,10.11,0.0,5.4,5.33,2.29,4.27,3.8,3.58,4.29,5.16,3.32,2.75,4.64,1.71,2.55,4.48,4.75,1.24,4.45,3.08,3.68,3.02,3.27,1.77,26.29,17.81,14.15,15.97,24.7,13.75,10.45,11.88,8.96,8.94,8.73,13.25,15.28,15.81,8.12,17.92,10.83,8.17,12.44,12.22,10.24,13.09,19.57,21.25,25.27,12.32,23.48,17.75,14.59,18.57,17.07,15.47,11.72,17.26,24.7,13.32,19.9,5.81,6.3,13.36,20.9,6.79,13.33,8.62,21.49,27.52,14.23,31.72,17.6,32.27,15.27,11.95,10.19,9.39,26.46,11.67,10.74,7.71,13.8,14.04,14.95,12.0,8.94,13.0,12.0,12.41,15.25,18.61,13.91,10.83,10.2,12.97,16.77,18.11,21.92,24.55,24.08,22.08,15.81,20.27,25.22,23.62,15.67,19.98,23.13,19.38,20.0,7.43,8.38,7.98,2.77,6.08,7.39,7.58,18.5,21.31,21.48,20.58,18.6,15.62,19.8,20.03,17.29,17.97,18.56,21.7,20.53,12.66,13.27,17.03,12.73,13.36,14.69,19.21,16.24,10.95,11.84,18.78,14.34,12.16,14.43,19.17,12.43,8.78,10.1,11.6,7.65,20.56,10.74,9.88,12.78,13.09,12.6,11.59,12.93,10.29,15.04,6.27,7.66,17.26,17.72,13.39,15.62,8.85,9.76,12.69,14.57,11.5,19.22,6.59,15.36,13.55,15.08,14.66,16.02,14.77,15.28,15.54,17.92,17.75,14.97,21.69,20.07,12.19,14.97,15.96,20.02,7.62,20.72,11.8,13.19,16.59,7.31,13.15,15.77,16.29,9.65,9.47,17.9,17.47,19.15,15.92,15.58,14.24,19.98,16.75,14.52,10.3,17.24,8.69,20.63,19.92,21.16,23.7,24.91,26.05,19.59,19.69,26.97,20.02,24.56,20.32,25.5,27.52,18.76,24.16
20.93,12.86,12.57,23.27,17.43,14.11,14.91,10.86,13.14,16.74,15.95,10.94,6.99,19.79,13.02,18.67,31.6,14.22,21.34,14.06,10.26,10.57,12.87,23.82,20.12,22.12,19.5,15.54,15.69,15.55,11.34,11.71,8.85,12.68,9.4,11.83,14.94,2.46,17.77,12.88,9.03,2.53,14.84,10.35,12.08,31.9,4.07,13.73,18.71,21.66,8.39,10.85,10.32,23.34,14.17,2.98,22.74,12.38,14.9,14.56,9.29,13.99,12.65,20.14,1.18,13.6,19.76,13.82,14.33,12.13,10.18,13.46,22.13,16.79,11.71,1.92,8.41,10.45,11.22,18.5,9.33,17.91,14.63,13.62,13.73,13.2,17.04,18.25,12.58,9.78,1.53,13.26,17.02,10.75,12.11,12.64,13.16,16.57,3.68,14.0,5.4,0.0,6.1,8.31,8.58,3.82,7.89,1.2,10.55,6.86,8.15,7.2,4.08,6.66,7.47,4.9,6.84,9.05,5.64,9.07,3.26,2.18,5.7,33.14,20.37,16.71,19.51,25.94,17.29,13.99,15.76,12.51,11.5,11.29,15.81,17.84,18.37,10.68,20.48,13.39,10.73,15.0,14.78,12.8,15.64,22.13,23.8,27.83,13.09,26.04,20.31,17.15,21.12,19.63,18.03,12.49,15.03,27.26,14.09,22.46,8.37,9.85,16.75,24.45,10.33,16.71,12.17,24.87,30.91,17.61,35.1,20.98,35.65,18.65,15.49,13.74,12.93,29.85,12.44,11.51,11.1,17.19,17.43,18.33,15.38,12.32,16.38,15.38,15.8,16.01,14.82,17.29,14.21,6.05,7.93,18.01,19.35,23.16,25.79,25.32,23.32,17.05,16.47,26.46,24.86,16.91,21.22,24.37,20.62,21.24,2.78,12.68,12.29,8.17,11.48,12.79,11.17,14.71,17.52,17.68,16.79,14.81,11.83,16.01,16.24,13.5,14.17,14.77,17.91,16.74,16.05,18.22,20.42,17.04,16.74,18.08,23.52,19.63,15.26,16.14,23.09,17.73,15.55,18.74,23.48,16.74,13.09,14.4,14.99,11.96,24.87,15.05,14.19,16.16,17.4,16.91,7.6,12.08,10.39,11.25,3.67,4.42,13.47,13.93,6.42,11.83,2.94,5.61,8.9,10.78,15.5,15.43,4.0,11.57,9.76,11.29,10.87,12.22,10.98,14.44,14.7,22.23,22.06,18.24,26.0,26.53,16.5,19.28,17.41,26.48,13.02,25.03,16.11,17.5,20.9,11.62,17.46,20.08,20.6,13.96,14.86,17.06,16.62,19.48,15.07,14.73,11.84,20.31,15.9,12.11,7.06,16.4,5.45,19.79,19.08,20.32,22.85,24.06,25.21,18.75,21.83,26.13,19.17,23.72,19.48,24.66,26.67,17.92,23.31
15.82,9.59,8.93,19.97,14.25,10.46,9.8,4.92,17.25,13.56,20.04,7.76,1.05,10.78,7.08,15.49,28.31,18.31,18.05,11.04,7.1,4.63,11.08,20.52,15.0,18.83,15.96,11.94,12.51,11.9,15.24,5.77,12.74,9.52,3.47,10.25,19.05,6.79,12.66,6.95,3.92,5.75,11.67,7.17,16.17,28.61,4.4,17.85,10.18,16.55,3.98,11.99,14.3,20.16,11.81,5.6,15.93,6.44,11.72,11.38,3.36,10.82,16.74,24.23,6.6,17.69,14.65,17.92,18.42,11.45,7.01,10.29,18.83,13.19,8.53,6.74,5.24,7.27,15.32,13.39,13.31,14.73,11.03,9.97,8.12,10.02,13.86,14.96,8.94,3.85,7.65,17.35,13.84,7.57,8.95,9.81,17.25,13.39,4.01,10.82,5.33,6.1,0.0,6.07,6.29,2.82,5.6,4.86,8.31,3.62,5.9,2.83,3.95,4.37,3.85,1.78,4.59,6.76,2.59,6.83,3.53,4.75,3.45,27.08,16.01,12.35,16.22,19.4,14.01,10.93,11.4,9.44,7.13,6.92,11.44,13.47,14.0,6.32,16.11,4.32,6.37,10.63,10.41,8.43,11.28,17.76,15.57,19.6,7.02,17.8,12.36,8.83,12.89,11.4,11.66,6.42,8.96,19.03,8.02,14.52,4.01,6.78,14.46,21.69,7.27,14.42,9.1,22.58,25.51,15.32,29.7,18.69,33.36,16.37,12.43,10.67,9.87,23.98,6.37,5.44,8.81,14.9,15.14,16.04,13.09,10.04,14.09,13.1,13.51,9.95,11.03,15.01,11.92,9.97,7.67,11.47,12.81,16.62,19.25,18.78,16.78,10.51,14.66,19.92,18.32,10.37,14.68,17.83,14.08,14.7,8.68,10.4,10.0,5.92,9.23,10.54,10.73,18.5,21.3,21.47,17.97,18.59,15.62,19.79,20.02,17.28,17.96,18.55,17.3,20.52,13.76,15.93,18.13,14.75,14.45,15.79,21.23,17.34,12.97,13.86,20.8,15.44,13.26,16.45,21.19,14.45,10.8,12.12,12.7,9.67,22.58,12.76,11.9,13.88,15.11,14.62,11.45,16.08,13.44,11.23,6.88,8.27,17.25,17.71,13.38,15.61,8.85,9.75,12.69,14.56,6.2,19.21,7.21,15.35,13.55,15.07,14.66,16.01,14.77,18.44,18.69,19.94,19.77,16.99,23.71,22.09,14.21,16.99,17.99,22.04,10.77,22.74,13.83,15.21,18.61,9.33,15.17,17.79,18.31,11.67,12.62,21.05,20.62,23.27,19.07,18.73,15.69,24.09,19.9,15.97,10.91,20.39,9.3,23.78,23.07,24.31,26.85,28.06,29.21,22.74,21.71,30.12,23.17,27.71,23.47,28.65,30.67,21.92,27.31
18.4,6.92,9.39,20.08,14.41,10.92,12.76,10.95,19.23,13.72,17.37,6.42,7.08,17.26,13.11,11.55,28.42,15.65,18.16,20.15,4.43,10.66,8.41,20.63,17.59,18.94,14.62,12.36,12.68,12.36,14.33,11.8,11.91,6.85,9.5,17.92,21.03,8.77,15.24,12.98,6.5,7.95,11.83,5.83,13.5,28.72,8.23,19.82,16.18,19.14,5.31,9.32,11.63,18.82,20.26,5.45,21.96,12.47,11.89,11.54,9.39,10.98,14.07,21.56,8.81,15.02,17.24,15.25,15.75,8.78,7.17,10.45,18.95,13.61,7.2,8.71,5.4,7.44,12.65,15.98,10.64,13.39,11.45,19.71,14.15,10.18,14.02,15.07,18.67,9.88,9.62,14.69,14.01,6.63,6.28,18.73,14.58,13.55,7.84,10.99,2.29,8.31,6.07,0.0,4.97,6.32,3.99,5.69,5.64,4.18,3.24,5.41,3.11,3.42,5.35,5.52,1.73,5.15,3.85,4.16,5.53,4.66,2.71,27.16,18.59,14.93,16.84,25.47,14.62,11.31,12.75,9.83,9.71,9.5,14.02,16.05,16.58,8.9,18.69,11.6,8.94,13.21,12.99,11.01,13.86,20.34,22.02,26.04,13.09,24.25,18.52,15.36,19.34,17.84,16.24,12.49,18.03,25.47,14.09,20.67,6.59,7.17,14.23,21.77,7.66,14.2,9.49,22.35,28.39,15.09,32.58,18.46,33.14,16.14,12.81,11.06,10.25,27.33,12.44,11.52,8.58,14.67,14.91,15.82,12.86,9.81,13.86,12.87,13.28,16.02,17.1,14.78,11.69,12.72,13.74,17.54,18.88,22.7,25.32,24.86,22.85,16.58,22.78,25.99,24.4,16.44,20.75,23.9,20.15,20.77,11.2,9.08,8.68,3.26,6.57,7.88,8.07,21.02,23.83,23.99,23.1,21.12,18.14,22.31,22.54,19.8,20.48,21.08,24.21,23.05,13.53,13.97,17.9,13.43,14.22,15.56,19.92,17.11,11.66,12.54,19.48,14.46,13.03,15.13,19.87,13.13,9.49,10.8,12.47,8.35,21.26,11.44,10.58,13.65,13.79,13.3,12.08,13.41,10.78,17.56,7.66,9.06,19.78,20.24,15.9,18.13,11.37,12.28,15.21,17.09,12.27,21.74,7.99,17.88,16.07,17.6,17.18,18.53,17.29,15.77,16.03,18.62,18.45,15.67,22.4,20.77,12.89,15.68,16.67,20.72,8.11,21.43,12.51,13.89,17.29,8.02,13.85,16.47,16.99,10.35,9.96,18.39,17.96,19.64,16.4,16.07,14.73,20.47,17.23,15.01,11.7,17.73,10.09,21.12,20.41,21.65,24.19,25.39,26.54,20.08,20.4,27.46,20.5,25.05,20.81,25.99,28.0,19.25,24.64
18.63,7.54,9.54,19.3,10.74,11.07,11.98,11.18,19.5,10.05,17.99,1.82,7.31,17.49,13.34,9.55,29.55,16.27,17.38,20.42,4.22,10.89,9.03,19.85,15.38,18.16,10.02,11.57,9.0,12.51,14.95,12.03,12.53,7.47,9.72,18.19,21.3,9.04,15.47,13.2,6.73,8.22,8.16,1.23,14.12,29.86,8.5,20.09,16.41,19.36,4.42,9.94,12.25,14.22,20.53,7.29,22.19,12.7,8.21,9.04,9.61,7.31,14.69,22.18,9.08,15.64,15.49,15.87,15.91,9.4,3.85,6.78,18.16,12.82,2.6,8.98,4.03,4.11,13.27,14.31,11.26,8.79,10.66,19.98,14.38,6.51,10.35,14.29,18.94,10.11,9.89,15.95,10.33,3.22,6.9,19.0,15.2,9.88,8.11,7.31,4.27,8.58,6.29,4.97,0.0,6.54,2.27,7.88,6.39,3.37,3.98,5.61,4.56,2.29,4.8,5.73,3.36,2.07,3.86,4.91,5.76,6.59,3.33,28.89,18.79,15.13,16.03,25.67,13.81,10.5,11.94,9.02,10.25,10.04,14.23,16.59,17.12,9.43,19.23,12.13,9.48,13.42,13.53,11.54,14.39,20.88,22.55,26.58,13.29,24.79,19.05,15.9,19.87,18.38,16.78,12.7,18.57,26.01,14.3,21.21,6.79,6.36,12.49,20.96,6.85,12.46,8.68,20.62,26.66,13.36,30.85,16.73,31.4,14.4,12.0,10.25,9.44,25.59,12.65,11.72,5.39,11.48,11.72,12.63,11.13,8.07,12.13,11.13,11.54,16.23,17.31,13.04,8.5,12.94,13.94,17.75,19.08,22.9,25.52,25.06,23.06,16.78,23.0,26.19,24.6,16.64,20.95,24.1,20.36,20.98,11.42,4.52,4.13,3.09,6.4,8.62,8.81,21.24,24.05,24.22,23.32,21.34,18.36,22.54,22.77,20.03,20.71,21.3,24.44,23.27,10.34,9.41,14.71,8.88,10.89,12.37,15.36,13.92,7.1,7.98,14.92,9.91,12.09,10.57,15.32,8.58,4.93,6.24,9.28,3.8,16.71,6.88,6.03,10.46,9.24,8.75,12.82,14.16,11.52,17.78,9.9,11.29,20.0,20.46,16.12,18.36,11.59,12.5,15.43,17.31,12.47,21.96,10.23,18.1,16.29,17.82,17.4,18.76,17.51,15.02,16.78,14.07,13.89,11.11,17.84,16.22,8.34,11.12,12.11,16.17,7.94,16.87,7.95,9.33,12.74,3.46,9.3,11.92,12.43,5.79,11.14,19.13,18.2,20.39,17.15,16.81,15.47,21.21,17.98,15.75,13.93,18.47,12.32,21.86,21.15,17.84,24.93,23.19,24.33,20.82,15.84,25.25,18.23,22.84,19.24,23.78,25.8,20.0,22.44
16.6,9.8,9.62,20.76,14.48,11.16,10.59,7.71,14.97,13.79,17.55,7.99,3.84,15.46,9.87,15.72,29.09,15.83,18.83,15.88,7.31,7.42,11.29,21.31,15.79,19.62,16.18,12.59,12.74,12.6,12.95,8.56,10.45,9.73,6.25,13.66,16.76,4.5,13.45,9.74,4.7,3.46,11.89,7.4,13.68,29.4,2.12,15.56,14.38,17.34,4.44,12.46,11.92,20.39,16.0,3.31,18.72,9.23,11.95,11.61,6.14,11.04,14.25,21.74,4.31,15.2,15.44,15.43,15.94,11.66,7.23,10.51,19.62,13.84,8.76,4.45,5.46,7.5,12.83,14.18,10.93,14.96,11.68,15.45,10.91,10.25,14.09,15.75,14.41,6.64,5.36,14.87,14.07,7.8,9.16,14.46,14.76,13.62,1.72,11.05,3.8,3.82,2.82,6.32,6.54,0.0,5.85,2.58,8.52,4.09,6.11,3.63,2.57,4.63,4.64,1.65,4.8,7.02,3.05,7.04,1.24,2.46,3.67,27.87,16.8,13.14,17.02,22.21,14.81,11.4,12.19,9.91,7.93,7.72,12.24,14.27,14.8,7.11,16.91,9.81,7.16,11.43,11.21,9.23,12.07,18.56,20.23,24.26,9.83,22.47,16.73,13.58,17.55,16.06,14.46,9.24,11.78,23.69,10.84,18.89,4.8,7.25,14.72,22.48,7.74,14.68,9.57,22.84,26.31,15.58,30.5,18.95,33.62,16.62,12.9,11.14,10.34,24.77,9.19,8.26,9.06,15.15,15.4,16.3,13.35,10.29,14.35,13.35,13.77,12.77,16.32,15.26,12.18,7.91,10.48,14.29,15.62,19.44,22.07,21.6,19.6,13.32,17.97,22.74,21.14,13.18,17.49,20.64,16.9,17.52,6.39,10.65,10.26,6.13,9.44,10.75,10.95,16.21,19.02,19.18,18.29,16.31,13.33,17.5,17.73,14.99,15.67,16.27,19.4,18.24,14.02,16.19,18.39,15.0,14.71,16.04,21.49,17.6,13.23,14.11,21.05,15.69,13.51,16.7,21.45,14.71,11.06,12.37,12.96,9.93,22.84,13.01,12.16,14.13,15.37,14.88,9.17,13.65,11.95,12.75,4.59,5.98,14.97,15.43,11.09,13.32,6.56,7.46,10.4,12.28,9.02,16.93,4.92,13.07,11.26,12.79,12.37,13.72,12.48,16.01,16.27,20.2,20.02,17.24,23.97,22.35,14.47,17.25,18.98,22.3,10.98,23.0,14.08,15.46,18.87,9.59,15.43,18.05,18.56,11.92,12.83,18.62,18.19,20.98,16.64,16.3,13.41,21.81,17.47,13.68,8.62,17.96,7.02,21.35,20.64,21.88,24.42,25.63,26.78,20.31,23.4,27.7,20.74,25.29,21.04,26.23,28.24,19.49,24.88
17.94,5.92,7.91,18.61,11.15,9.45,11.28,10.48,18.8,10.46,16.37,3.72,6.61,16.8,12.65,11.44,26.94,14.64,16.68,19.72,2.61,10.2,7.41,19.16,14.69,17.46,11.91,10.88,9.41,10.89,13.32,11.33,10.91,5.85,9.03,17.5,20.6,8.34,14.78,12.51,6.03,7.53,8.57,3.12,12.5,27.25,7.81,19.4,15.71,18.67,3.73,8.32,10.63,16.11,19.83,6.59,21.49,12.01,8.63,9.45,8.92,7.72,13.07,20.56,8.38,14.02,14.8,14.24,14.75,7.78,4.26,7.19,17.47,12.13,4.49,8.29,3.2,4.52,11.64,13.61,9.64,10.68,9.97,19.29,13.68,6.92,10.76,13.6,18.25,9.41,9.2,13.68,10.74,3.92,5.28,18.3,13.58,10.29,7.42,7.72,3.58,7.89,5.6,3.99,2.27,5.85,0.0,7.22,4.72,2.71,2.31,4.95,3.9,1.63,4.14,5.06,2.27,2.4,3.2,3.24,5.09,5.93,2.67,25.69,18.13,14.47,15.37,25.01,13.15,9.84,11.28,8.36,9.59,9.38,13.56,15.92,16.46,8.77,18.57,11.47,8.82,12.75,12.86,10.88,13.73,20.22,21.89,25.92,12.63,24.12,18.39,15.24,19.21,17.72,16.12,12.04,17.91,25.35,13.64,20.55,6.13,5.7,12.73,20.3,6.19,12.69,8.02,20.85,26.89,13.59,31.08,16.96,31.63,14.63,11.34,9.59,8.78,25.83,11.99,11.06,7.08,13.17,13.41,14.31,11.36,8.3,12.36,11.36,11.78,15.56,16.65,13.27,10.19,12.28,13.28,17.09,18.42,22.24,24.86,24.4,22.4,16.12,22.34,25.53,23.94,15.98,20.29,23.44,19.7,20.31,10.76,6.33,5.94,1.44,4.75,6.95,7.14,20.58,23.39,23.56,22.66,20.68,17.7,21.88,22.11,19.37,20.04,20.64,23.78,22.61,12.03,11.22,16.4,10.69,12.7,14.05,17.17,15.61,8.91,9.79,16.73,11.72,11.52,12.38,17.13,10.39,6.74,8.05,10.97,5.61,18.52,8.7,7.84,12.14,11.05,10.56,11.15,12.49,9.85,17.12,9.24,10.63,19.34,19.8,15.46,17.7,10.93,11.84,14.77,16.65,11.81,21.3,9.57,17.44,15.63,17.16,16.74,18.1,16.85,14.85,15.11,15.88,15.71,12.92,19.65,18.03,10.15,12.93,13.92,17.98,6.28,18.68,9.76,11.15,14.55,5.27,11.11,13.73,14.25,7.6,8.13,17.46,17.03,18.72,15.48,15.14,13.8,19.54,16.31,14.08,13.27,16.8,11.66,20.19,19.48,19.65,23.26,24.47,25.62,19.15,17.65,26.53,19.58,24.13,19.88,25.06,27.08,18.33,23.72
19.33,12.42,10.97,21.66,15.82,12.5,13.31,9.75,14.27,15.13,15.51,9.33,5.88,18.19,11.91,17.06,30.0,13.79,19.74,15.19,8.66,9.46,12.44,22.21,18.51,20.52,19.07,13.93,14.08,13.94,10.91,10.6,8.41,11.08,8.29,12.97,16.07,3.81,16.17,11.77,7.43,1.42,13.24,8.74,11.65,30.3,2.96,14.87,17.1,20.06,6.78,10.42,9.88,21.73,15.3,1.87,23.87,11.27,13.3,12.95,8.18,12.39,12.21,19.71,1.6,13.16,18.16,13.39,13.9,11.7,8.58,11.86,20.52,15.18,10.11,2.44,6.81,8.84,10.79,16.9,8.9,16.3,13.03,14.76,14.87,11.59,15.43,16.65,13.72,8.68,2.56,12.83,15.41,9.14,10.5,13.77,12.72,14.96,2.57,12.39,4.29,1.2,4.86,5.69,7.88,2.58,7.22,0.0,9.44,5.75,7.04,6.09,2.97,5.55,6.36,3.79,5.73,7.94,4.53,7.96,2.15,1.07,4.59,32.04,19.26,15.6,18.41,26.46,16.19,12.88,14.66,11.4,10.39,10.18,14.7,16.73,17.26,9.57,19.37,12.28,9.62,13.89,13.67,11.69,14.53,21.02,22.7,26.72,11.98,24.93,19.2,16.04,20.02,18.52,16.92,11.38,13.92,26.15,12.98,21.35,7.26,8.74,15.64,23.34,9.23,15.6,11.06,23.76,29.8,16.5,33.99,19.87,34.54,17.54,14.38,12.63,11.82,28.74,11.33,10.4,9.99,16.08,16.32,17.22,14.27,11.21,15.27,14.27,14.69,16.53,15.34,16.19,13.1,6.57,8.45,18.53,19.87,23.68,26.31,25.84,23.84,17.57,16.99,26.98,25.38,17.43,21.73,24.89,21.14,21.76,3.14,11.58,11.18,7.06,10.37,11.68,10.71,15.23,18.04,18.2,17.31,15.33,12.35,16.52,16.75,14.02,14.69,15.29,18.43,17.26,14.94,17.11,19.31,15.93,15.63,16.97,22.41,18.52,14.15,15.04,21.98,16.62,14.44,17.63,22.37,15.63,11.98,13.3,13.88,10.85,23.76,13.94,13.08,15.06,16.29,15.8,7.14,11.62,9.93,11.77,2.57,3.96,11.61,14.45,7.7,12.35,3.97,6.13,9.42,11.3,11.16,15.95,2.89,12.09,10.28,11.81,11.39,10.37,11.5,13.98,14.24,21.12,20.95,17.78,24.89,23.27,15.39,18.17,16.95,23.22,11.91,23.92,15.0,16.39,19.79,10.51,16.35,18.97,19.49,12.85,13.76,16.6,16.16,16.66,14.61,14.27,11.38,17.48,15.44,11.65,6.6,15.94,4.99,19.33,18.62,19.86,22.39,23.6,24.75,18.28,21.37,25.67,18.71,23.26,19.01,24.2,26.21,17.46,22.85
20.64,3.23,11.24,21.94,15.65,12.78,14.61,13.19,17.48,14.96,13.68,7.84,9.32,19.51,15.36,12.27,30.27,11.95,20.01,22.39,5.16,12.9,4.72,22.49,18.02,20.8,17.24,14.21,13.91,14.22,10.63,14.04,8.22,3.16,11.74,20.16,18.86,11.01,17.49,15.22,8.74,10.19,13.07,7.25,9.81,30.58,10.48,22.07,18.42,21.38,7.06,5.63,7.94,20.24,22.5,9.26,24.2,14.72,13.13,12.78,11.63,12.22,10.38,17.87,11.05,11.33,19.48,11.56,12.06,4.1,8.3,11.69,20.8,15.46,8.61,10.95,6.53,8.56,8.96,18.22,6.95,14.81,13.3,21.96,16.39,11.42,15.26,16.93,20.91,12.12,11.86,10.99,15.24,8.04,1.94,20.97,10.89,14.79,10.08,12.22,5.16,10.55,8.31,5.64,6.39,8.52,4.72,9.44,0.0,6.01,3.06,7.63,6.15,4.93,7.44,7.74,3.92,6.45,6.07,1.63,7.75,7.7,4.93,28.98,20.8,17.14,18.66,27.68,16.44,13.14,14.58,11.66,11.93,11.72,16.24,18.27,18.8,11.11,20.91,13.81,11.16,15.43,15.21,13.23,16.07,22.56,24.23,28.26,15.3,26.47,20.73,17.58,21.55,20.06,18.46,14.71,20.25,27.69,16.31,22.89,8.8,9.0,16.03,23.6,9.48,15.99,11.32,24.15,30.19,16.89,34.38,20.26,34.93,17.93,14.64,12.88,12.08,29.12,14.66,13.73,10.37,16.46,16.71,17.61,14.66,11.6,15.66,14.66,15.08,18.24,19.32,16.57,13.49,14.93,15.96,19.76,21.1,24.91,27.54,27.07,25.07,18.79,25.0,28.21,26.61,18.65,22.96,26.12,22.37,22.99,13.37,10.38,9.99,3.92,7.23,4.35,4.54,23.24,26.05,26.21,25.31,23.33,20.36,24.53,24.76,22.02,22.7,23.29,26.43,25.26,15.32,15.27,19.7,14.73,16.02,17.35,21.22,18.9,12.96,13.84,20.78,15.76,14.82,16.43,21.17,14.44,10.79,12.1,14.27,9.65,22.56,12.74,11.89,15.44,15.09,14.6,8.54,9.88,7.24,19.78,14.35,12.46,16.23,16.54,18.12,17.71,15.15,14.49,17.43,19.3,14.49,15.95,13.16,20.1,17.25,17.21,19.4,14.99,17.11,12.24,12.5,17.37,17.2,16.04,21.14,24.33,14.19,14.42,15.21,24.28,8.77,20.17,13.81,15.19,16.04,9.32,13.77,15.22,15.74,11.65,10.62,14.86,14.42,16.11,12.87,12.54,11.2,16.93,13.7,11.47,11.22,14.2,10.7,17.59,16.88,18.12,20.65,21.86,23.01,16.55,19.63,23.93,16.97,21.52,17.28,22.46,24.47,15.72,21.11
16.35,7.28,5.37,16.06,10.91,6.9,8.74,8.5,17.78,10.22,17.73,4.82,4.64,14.85,14.07,12.55,24.4,16.0,14.14,18.7,4.79,8.22,8.77,16.61,12.14,14.92,13.02,8.33,9.17,8.34,14.68,9.35,12.27,7.21,7.05,16.47,19.58,7.32,13.2,13.72,4.06,6.5,8.33,4.23,13.86,24.7,6.78,18.37,13.76,17.09,1.13,9.68,11.99,17.22,15.4,5.57,19.51,13.47,8.38,8.04,6.94,7.48,14.43,21.92,7.36,15.38,12.25,15.6,16.11,9.14,3.56,6.95,14.92,9.58,5.6,7.26,1.19,3.82,13.0,11.07,11.0,11.79,7.43,13.55,11.71,6.68,10.52,11.05,12.52,7.43,8.17,15.04,10.5,4.12,6.64,17.28,14.94,10.05,6.39,7.48,3.32,6.86,3.62,4.18,3.37,4.09,2.71,5.75,6.01,0.0,3.64,2.9,2.99,1.49,2.09,3.02,2.73,3.32,1.35,4.57,3.65,4.49,2.24,23.15,16.4,12.74,12.83,22.96,10.61,7.31,8.74,5.82,7.05,6.84,11.83,13.39,13.92,6.23,16.03,8.94,6.28,11.02,10.33,8.35,11.2,17.68,19.36,23.38,10.58,21.59,15.86,12.7,16.68,15.18,13.58,9.99,15.37,22.81,15.13,18.01,4.08,3.16,11.08,17.76,3.65,11.04,5.48,19.2,21.59,11.94,25.78,15.31,29.98,12.98,8.81,7.05,6.25,20.05,9.94,9.01,5.43,11.52,11.76,12.66,9.71,6.95,10.71,9.71,10.13,13.52,14.6,11.62,8.54,10.83,11.23,15.04,16.37,20.19,22.81,27.06,20.35,14.07,20.9,23.48,21.89,13.93,18.24,21.39,17.65,18.27,9.32,7.52,7.13,3.67,6.98,8.29,8.48,19.14,21.95,22.11,21.21,19.23,16.26,20.43,20.66,17.92,18.6,19.19,22.33,21.16,10.38,12.55,14.75,11.87,11.07,12.4,18.36,13.96,10.1,10.98,17.92,12.05,9.87,13.57,18.31,11.58,7.93,9.24,9.32,6.79,19.7,9.88,9.03,10.49,12.23,11.74,12.37,13.82,11.18,15.68,7.79,9.19,17.9,18.35,14.02,16.25,9.49,10.39,13.33,15.2,9.76,19.86,8.12,15.99,14.19,15.71,15.3,16.65,15.41,16.18,16.44,17.07,16.89,14.11,20.84,19.22,11.33,14.12,15.11,19.16,8.51,19.87,10.95,12.33,15.74,6.46,12.29,14.91,15.43,8.79,10.36,18.8,18.36,20.05,16.81,16.47,15.14,20.87,17.64,15.41,11.83,18.14,10.22,21.53,20.82,22.06,24.59,25.8,26.95,20.49,18.84,27.87,20.91,25.46,21.22,26.4,28.41,19.66,25.05
18.24,4.32,8.84,19.53,13.24,10.37,12.2,10.78,19.06,12.55,14.77,5.43,6.92,17.1,12.95,9.86,27.86,13.05,17.6,19.98,2.75,10.5,5.81,20.08,15.61,18.39,10.98,11.8,11.51,11.81,11.73,11.63,9.31,4.25,9.33,17.75,20.86,8.6,15.08,12.81,6.34,7.79,10.66,4.84,10.9,28.17,8.07,19.66,16.01,18.97,4.65,6.72,9.03,17.83,20.09,6.85,21.79,12.31,10.72,10.37,9.22,9.81,11.47,18.96,8.64,12.42,17.07,12.65,13.16,6.18,5.89,9.28,18.39,13.05,6.2,8.55,4.12,6.16,10.05,15.81,8.04,12.4,10.89,19.55,13.99,9.01,12.85,14.52,18.51,9.71,9.46,12.09,12.84,5.63,3.68,18.56,11.98,12.38,7.67,9.82,2.75,8.15,5.9,3.24,3.98,6.11,2.31,7.04,3.06,3.64,0.0,5.32,3.84,2.62,5.13,5.43,1.62,4.14,3.76,1.58,5.44,5.4,2.62,26.68,18.5,14.84,16.36,25.38,14.14,10.83,12.27,9.35,9.62,9.41,13.93,15.96,16.49,8.81,18.6,11.51,8.85,13.12,12.9,10.92,13.77,20.25,21.93,25.95,13.0,24.16,18.43,15.27,19.25,17.75,16.15,12.4,17.94,25.38,14.0,20.58,6.5,6.69,13.72,21.29,7.18,13.68,9.01,21.84,27.88,14.58,32.07,17.95,32.62,15.62,12.33,10.58,9.77,26.82,12.35,11.42,8.07,14.16,14.4,15.3,12.35,9.29,13.35,12.35,12.77,15.93,17.01,14.26,11.18,12.63,13.65,17.45,18.79,22.61,25.23,24.77,22.76,16.49,22.69,25.9,24.31,16.35,20.66,23.81,20.06,20.68,11.11,8.07,7.68,1.61,4.92,5.29,5.48,20.93,23.74,23.9,23.01,21.03,18.05,22.22,22.45,19.71,20.39,20.99,24.12,22.96,13.02,12.96,17.39,12.42,13.71,15.04,18.91,16.6,10.65,11.53,18.47,13.46,12.51,14.12,18.87,12.13,8.48,9.79,11.96,7.35,20.26,10.43,9.58,13.13,12.79,12.3,9.49,10.83,8.19,17.47,9.59,10.98,17.18,17.48,15.81,18.04,11.28,12.19,15.12,17.0,12.18,16.9,9.91,17.79,15.98,17.51,17.09,15.93,17.2,13.19,13.45,15.06,14.89,12.11,18.83,17.21,11.89,12.11,16.16,17.16,6.46,17.86,11.5,12.88,13.73,7.01,11.46,12.91,13.43,9.34,8.31,15.8,15.37,17.06,13.82,13.48,12.14,17.88,14.65,12.42,12.16,15.14,11.64,18.53,17.82,19.06,21.6,22.81,23.96,17.49,20.58,24.87,17.92,22.47,18.22,23.41,25.42,16.67,22.06
14.4,8.89,7.51,18.55,13.55,9.04,8.38,7.72,18.11,12.86,19.34,7.07,3.85,13.26,12.48,14.79,26.89,17.62,16.63,13.84,6.41,7.43,10.38,19.1,13.59,17.41,15.26,10.77,11.81,10.48,16.33,8.57,13.83,8.82,6.26,16.81,19.91,7.65,11.24,12.13,2.31,6.84,10.97,6.47,15.47,27.19,5.18,18.71,12.18,15.13,3.28,11.3,13.6,19.46,14.61,5.9,18.72,9.24,11.03,10.68,6.15,10.12,16.04,23.54,7.69,16.99,13.23,17.22,17.73,10.75,6.31,9.59,17.42,12.02,7.84,7.6,4.54,6.58,14.62,11.97,12.61,14.03,9.86,12.76,10.92,9.32,13.16,13.54,11.73,6.64,8.51,16.66,13.14,6.87,8.25,12.61,16.55,12.69,4.78,10.13,4.64,7.2,2.83,5.41,5.61,3.63,4.95,6.09,7.63,2.9,5.32,0.0,3.22,3.64,2.45,2.49,3.86,6.03,1.86,6.1,4.13,4.97,2.72,25.68,14.61,10.95,14.83,22.11,12.62,10.03,10.0,8.55,5.74,5.53,10.04,12.07,12.6,4.92,14.72,7.62,4.97,9.24,9.01,7.03,9.88,16.36,18.04,22.07,9.73,20.27,14.54,11.39,15.36,13.87,12.27,9.14,14.06,21.5,10.74,16.7,1.81,5.56,13.73,20.29,6.05,13.69,7.88,21.85,24.11,14.59,28.31,17.96,32.63,15.64,11.2,9.45,8.65,22.58,9.09,8.16,8.08,14.17,14.41,15.31,12.36,9.3,13.36,12.36,12.78,12.66,13.75,14.28,11.19,11.32,10.38,14.19,15.52,19.34,21.96,21.5,19.5,13.22,17.37,22.63,21.04,13.08,17.39,20.54,16.8,17.41,9.8,9.67,9.27,5.19,8.5,9.81,10.0,19.62,22.43,22.59,21.7,19.72,16.74,20.91,21.14,18.4,19.08,19.68,20.02,21.65,13.03,15.2,17.4,14.02,13.72,15.06,20.5,16.61,12.24,13.13,20.07,14.71,12.53,15.72,20.46,13.72,10.07,11.39,11.97,8.94,21.85,12.03,11.17,13.15,14.38,13.89,12.85,15.35,12.71,16.16,8.28,9.67,18.38,18.84,14.5,16.73,9.97,10.88,13.81,15.69,8.91,20.34,8.6,16.48,14.67,16.2,15.78,17.13,15.89,17.71,17.96,19.21,19.04,16.26,22.98,21.36,13.48,16.26,17.26,21.31,10.04,22.01,13.1,14.48,17.88,8.6,14.44,17.06,17.58,10.94,11.89,20.32,19.89,24.39,18.34,18.0,17.09,25.22,19.17,17.36,12.31,19.66,10.7,23.05,22.34,23.58,26.12,27.33,28.48,22.01,20.98,29.39,22.44,26.98,22.74,27.92,29.94,21.19,26.58
16.28,7.42,8.18,18.88,13.04,9.72,10.27,8.83,15.5,12.35,17.87,6.01,4.96,15.14,10.99,13.73,27.21,16.14,16.95,16.42,4.93,8.54,8.91,19.43,15.47,17.73,14.2,11.15,11.3,11.16,13.22,9.68,10.72,7.35,7.38,14.19,17.3,5.04,13.13,10.86,4.38,3.72,10.45,5.42,14.0,27.52,4.51,16.1,14.06,17.02,3.68,9.82,12.13,18.41,16.53,2.78,19.84,10.36,10.51,10.17,7.27,9.6,14.57,22.06,4.58,15.52,15.12,15.74,16.25,9.28,5.79,9.07,17.74,12.4,6.78,4.98,4.02,6.06,13.14,13.86,11.14,12.98,10.24,15.99,12.03,8.81,12.65,13.86,14.95,7.76,5.9,15.18,12.63,6.36,6.78,15.0,15.08,12.18,4.11,9.61,1.71,4.08,3.95,3.11,4.56,2.57,3.9,2.97,6.15,2.99,3.84,3.22,0.0,2.76,3.76,3.28,2.45,4.74,2.09,4.68,1.7,1.94,1.68,29.72,16.48,12.82,16.09,23.36,13.87,10.56,11.87,9.08,7.6,7.39,11.91,13.94,14.47,6.79,16.58,9.49,6.83,11.1,10.88,8.9,11.75,18.23,19.91,23.93,10.98,22.14,16.41,13.25,17.23,15.73,14.13,10.38,15.92,23.36,11.98,18.56,4.48,6.42,13.32,21.02,6.91,13.28,8.74,21.44,27.48,14.18,31.67,17.55,32.22,15.23,12.06,10.31,9.5,26.42,10.33,9.41,7.67,13.76,14.0,14.9,11.95,8.9,12.95,11.96,12.37,13.91,17.29,13.87,10.78,8.88,11.63,15.43,16.77,20.59,23.21,22.75,20.74,14.47,18.94,23.88,22.29,14.33,18.64,21.79,18.04,18.66,6.11,8.67,8.28,3.78,7.09,8.4,8.59,17.18,19.99,20.15,19.26,17.28,14.3,18.47,18.7,15.96,16.64,17.24,20.37,19.21,12.62,14.79,16.99,13.02,13.31,14.65,19.51,16.2,11.25,12.13,19.07,14.3,12.12,14.72,19.46,12.73,9.08,10.39,11.56,7.94,20.85,11.03,10.18,12.74,13.38,12.89,9.52,13.93,11.3,13.72,4.94,6.33,15.94,16.4,12.06,14.29,7.53,8.43,11.37,13.25,10.16,17.9,5.27,14.04,12.23,13.76,13.34,14.69,13.45,16.29,16.55,18.21,18.04,15.26,21.99,20.37,12.48,15.27,16.26,20.31,8.63,21.02,12.1,13.48,16.89,7.61,13.44,16.06,16.58,9.94,10.48,18.91,18.48,21.95,16.92,16.59,13.76,22.78,17.75,14.03,8.97,18.25,7.37,21.64,20.93,22.17,24.7,25.91,27.06,20.6,19.99,27.98,21.02,25.57,21.33,26.51,28.52,19.77,25.16
16.71,6.19,6.69,17.38,10.69,8.22,10.05,9.26,17.58,10.0,16.64,3.74,5.39,15.57,11.42,11.47,28.33,14.92,15.45,18.5,3.71,8.97,7.68,17.93,13.46,16.24,11.94,9.65,8.95,9.66,13.6,10.11,11.18,6.13,7.8,16.27,19.38,7.11,13.55,11.28,4.81,6.3,8.1,3.15,12.78,28.63,6.58,18.17,14.49,17.44,2.5,8.6,10.9,16.14,18.61,5.37,20.26,10.78,8.16,7.82,7.69,7.25,13.34,20.84,7.16,14.29,13.57,14.52,15.03,8.05,3.33,6.72,16.24,10.9,4.51,7.06,1.56,3.6,11.92,12.39,9.91,10.71,8.74,18.06,12.46,6.46,10.3,12.37,17.02,8.18,7.97,13.96,10.28,3.9,5.55,17.08,13.86,9.83,6.19,7.26,2.55,6.66,4.37,3.42,2.29,4.63,1.63,5.55,4.93,1.49,2.62,3.64,2.76,0.0,2.87,3.79,1.97,2.53,1.93,3.52,3.82,4.66,1.4,27.2,16.86,13.2,14.1,23.74,11.88,8.57,10.01,7.09,8.32,8.11,12.3,14.65,15.19,7.5,17.3,10.2,7.55,11.49,11.6,9.61,12.46,18.95,20.62,24.65,11.36,22.86,17.12,13.97,17.94,16.45,14.85,10.77,16.64,24.08,12.37,19.28,4.86,4.43,10.81,19.03,4.92,10.77,6.75,18.93,24.97,11.67,29.16,15.04,29.71,12.71,10.07,8.32,7.51,23.91,10.72,9.79,5.16,11.25,11.49,12.39,9.44,6.38,10.44,9.44,9.86,14.3,15.38,11.35,8.27,11.01,12.01,15.82,17.15,20.97,23.59,23.13,21.13,14.85,21.07,24.26,22.67,14.71,19.02,22.17,18.43,19.04,9.49,6.46,6.07,2.61,5.92,7.23,7.42,19.31,22.12,22.29,21.39,19.41,16.43,20.61,20.84,18.1,18.78,19.37,22.51,21.34,10.11,12.28,14.48,10.82,10.8,12.13,17.3,13.69,9.04,9.92,16.87,11.78,9.6,12.52,17.26,10.52,6.87,8.18,9.05,5.74,18.65,8.83,7.97,10.22,11.18,10.69,11.43,12.77,10.13,15.85,7.97,9.36,18.07,18.53,14.19,16.43,9.66,10.57,13.5,15.38,10.54,20.03,8.3,16.17,14.36,15.89,15.47,16.83,15.58,15.13,15.38,16.01,15.84,13.06,19.78,18.16,10.28,13.06,14.05,18.11,7.46,18.81,9.89,11.28,14.68,5.4,11.24,13.86,14.38,7.74,9.31,17.74,17.31,19.0,15.76,15.42,14.08,19.82,16.59,14.36,12.0,17.08,10.39,20.47,19.76,21.0,23.54,24.75,25.9,19.43,17.78,26.81,19.86,24.4,20.16,25.34,27.36,18.61,24.0
14.16,8.7,5.87,16.85,12.76,7.4,8.15,8.73,18.39,12.07,19.15,6.25,4.86,13.02,12.24,13.98,25.19,17.43,14.93,14.85,6.22,8.44,10.19,17.4,13.35,15.71,14.44,9.13,11.02,8.84,16.61,11.62,14.11,8.63,7.28,17.08,20.19,7.93,11.0,11.89,2.26,7.11,10.18,5.66,15.28,25.49,6.19,18.99,11.94,14.89,2.47,11.1,13.41,18.65,15.62,6.18,19.74,11.65,10.23,9.9,7.17,9.33,15.85,23.35,7.97,16.8,13.0,17.03,17.54,10.56,6.04,8.8,15.72,10.38,7.02,7.87,3.28,6.31,14.43,11.74,12.42,13.22,8.22,13.78,11.93,8.53,12.37,11.84,12.75,7.66,8.78,16.47,12.35,6.6,8.06,13.62,16.36,11.9,5.8,9.33,4.48,7.47,3.85,5.35,4.8,4.64,4.14,6.36,7.44,2.09,5.13,2.45,3.76,2.87,0.0,3.36,3.81,5.48,1.69,5.92,4.41,5.24,2.57,25.5,14.43,10.77,14.65,23.38,12.44,8.55,9.82,7.06,5.56,5.35,9.87,11.89,12.42,4.74,14.54,7.44,4.79,9.06,8.83,6.85,9.7,16.19,17.86,21.89,11.0,20.09,14.36,11.21,15.18,13.69,12.09,10.41,13.88,21.32,13.63,16.52,2.43,4.08,13.18,20.11,4.56,13.14,6.4,21.3,23.93,14.04,28.13,17.41,32.08,15.08,9.72,7.96,7.16,22.4,10.36,9.43,7.53,13.62,13.86,14.76,11.81,7.86,12.81,11.81,12.23,13.94,15.02,13.72,10.64,11.59,11.65,15.46,16.79,20.61,23.24,25.56,20.77,14.49,18.64,23.91,22.31,14.35,18.66,21.81,18.07,18.69,10.08,8.87,8.47,5.01,8.32,9.63,9.82,19.89,22.7,22.87,21.97,19.99,17.02,21.19,21.42,18.68,19.36,19.95,23.09,21.92,12.48,14.65,16.85,13.22,13.17,14.5,19.7,16.06,11.44,12.33,19.27,14.15,11.97,14.92,19.66,12.92,9.27,10.59,11.42,8.14,21.05,11.23,10.37,12.59,13.58,13.09,13.13,15.17,12.53,16.44,8.55,9.94,18.65,19.11,14.78,17.01,10.24,11.15,14.08,15.96,10.19,20.61,8.88,16.75,14.95,16.47,16.06,17.41,16.17,17.53,17.79,18.41,18.24,15.46,22.19,20.56,12.68,15.47,16.46,20.51,9.86,21.21,12.3,13.68,17.08,7.8,13.64,16.26,16.78,10.14,11.71,20.14,19.71,21.4,18.16,17.82,17.37,22.22,18.99,17.64,12.58,19.48,10.98,22.87,22.16,23.4,25.94,27.15,28.3,21.83,20.18,29.21,22.26,26.81,22.56,27.75,29.76,21.01,26.4
15.56,9.0,8.38,19.71,13.66,9.92,9.54,6.66,16.05,12.97,18.63,7.18,2.79,14.42,8.83,14.9,28.05,16.91,17.79,12.78,6.52,6.37,10.49,20.26,14.74,18.57,15.37,11.35,11.93,11.36,14.03,7.51,11.53,8.94,5.21,14.74,17.85,5.59,12.4,8.69,3.65,4.54,11.08,6.58,14.77,28.35,3.2,16.64,13.33,16.29,3.39,11.41,13.01,19.57,13.56,4.4,17.67,8.19,11.14,10.79,5.1,10.23,15.34,22.83,5.39,16.29,14.39,16.51,17.02,10.86,6.42,9.7,18.57,12.6,7.95,5.53,4.65,6.69,13.91,13.13,12.02,14.14,10.44,11.71,9.86,9.43,13.27,14.7,10.68,5.59,6.44,15.95,13.26,6.98,8.36,11.55,15.85,12.8,2.8,10.24,4.75,4.9,1.78,5.52,5.73,1.65,5.06,3.79,7.74,3.02,5.43,2.49,3.28,3.79,3.36,0.0,4.01,6.18,2.01,6.25,2.35,3.57,2.88,26.82,15.76,12.1,15.97,21.17,13.76,10.35,11.15,8.87,6.88,6.67,11.19,13.22,13.75,6.07,15.86,8.77,6.11,10.38,10.16,8.18,11.03,17.51,19.19,23.21,8.79,21.42,15.69,12.53,16.51,15.01,13.41,8.19,10.73,22.64,9.79,17.84,3.75,6.21,13.88,21.43,6.69,13.85,8.53,22.01,25.26,14.75,29.45,18.12,32.79,15.79,11.85,10.09,9.29,23.73,8.14,7.21,8.23,14.32,14.56,15.47,12.52,9.46,13.52,12.52,12.93,11.72,12.8,14.43,11.35,9.02,9.44,13.24,14.58,18.39,21.02,20.55,18.55,12.28,16.43,21.69,20.09,12.14,16.45,19.6,15.85,16.47,7.5,9.82,9.43,5.34,8.65,9.96,10.16,17.32,20.13,20.29,19.4,17.42,14.44,18.61,18.84,16.1,16.78,17.38,20.51,19.34,13.18,15.35,17.55,14.17,13.87,15.21,20.66,16.76,12.4,13.28,20.22,14.86,12.68,15.87,20.61,13.88,10.23,11.54,12.12,9.09,22.0,12.18,11.33,13.3,14.53,14.04,10.28,14.76,12.86,13.86,5.7,7.09,16.08,16.54,12.2,14.43,7.67,8.57,11.51,13.39,7.97,18.04,6.03,14.18,12.37,13.9,13.48,14.83,13.59,17.12,17.38,19.36,19.19,16.41,23.14,21.52,13.63,16.42,17.41,21.46,10.19,22.17,13.25,14.63,18.04,8.76,14.59,17.21,17.73,11.09,12.04,19.73,19.3,22.09,17.75,17.41,14.52,22.91,18.58,14.79,9.73,19.07,8.13,22.46,21.75,22.99,25.53,26.74,27.89,21.42,21.14,28.8,21.85,26.4,22.15,27.34,29.35,20.6,25.99
16.93,5.19,7.92,18.61,12.62,9.45,11.29,9.48,17.75,11.93,15.64,4.81,5.61,15.79,11.64,9.82,26.94,13.92,16.69,18.67,2.7,9.19,6.68,19.16,16.12,17.47,10.93,10.88,10.88,10.89,12.6,10.33,10.18,5.12,8.02,16.45,19.55,7.29,13.77,11.5,5.03,6.48,10.04,4.22,11.77,27.25,6.76,18.35,14.71,17.66,3.84,7.59,9.9,17.21,18.78,5.54,20.48,11.0,10.1,9.75,7.91,9.19,12.34,19.83,7.33,13.29,15.76,13.52,14.02,7.05,5.27,8.66,17.47,12.13,5.58,7.24,3.5,5.53,10.92,14.5,8.91,11.78,9.97,18.24,12.68,8.39,12.23,13.6,17.2,8.4,8.15,12.96,12.21,5.01,4.55,17.25,12.85,11.76,6.37,9.19,1.24,6.84,4.59,1.73,3.36,4.8,2.27,5.73,3.92,2.73,1.62,3.86,2.45,1.97,3.81,4.01,0.0,3.54,2.36,2.43,4.04,3.99,1.22,25.66,17.09,13.43,15.34,23.97,13.12,9.82,11.26,8.34,8.22,8.01,12.53,14.56,15.09,7.4,17.2,10.1,7.45,11.72,11.5,9.52,12.36,18.85,20.52,24.55,11.59,22.76,17.02,13.87,17.84,16.35,14.75,11.0,16.54,23.98,12.6,19.18,5.09,5.68,12.74,20.27,6.16,12.7,8.0,20.86,26.9,13.6,31.09,16.97,31.64,14.64,11.32,9.56,8.76,25.84,10.95,10.02,7.09,13.18,13.42,14.32,11.37,8.31,12.37,11.37,11.79,14.53,15.61,13.28,10.2,11.22,12.25,16.05,17.39,21.2,23.83,23.36,21.36,15.08,21.29,24.5,22.9,14.94,19.25,22.41,18.66,19.28,9.71,7.47,7.08,1.53,4.84,6.15,6.34,19.53,22.33,22.5,21.6,19.62,16.65,20.82,21.05,18.31,18.99,19.58,22.72,21.55,12.04,12.36,16.41,11.83,12.73,14.07,18.31,15.62,10.05,10.93,17.87,12.86,11.53,13.52,18.27,11.53,7.88,9.19,10.98,6.75,19.66,9.84,8.98,12.15,12.19,11.7,10.35,11.68,9.05,16.07,8.18,9.58,18.28,18.74,14.41,16.64,9.88,10.78,13.72,15.59,10.78,17.76,8.51,16.38,14.58,16.1,15.69,17.04,15.8,14.04,14.3,14.98,14.81,12.02,18.75,17.13,11.29,12.03,13.02,17.08,6.38,17.78,10.9,12.29,13.65,6.41,12.25,12.83,13.35,8.74,8.23,16.66,16.23,17.91,14.67,14.34,13.0,18.74,15.5,13.28,13.02,16.0,10.61,19.39,18.68,19.92,22.46,23.66,24.81,18.35,16.75,25.73,18.77,23.32,19.08,24.26,26.27,17.52,22.91
19.1,7.71,7.95,19.1,9.16,9.49,11.77,11.65,19.97,8.46,18.16,3.01,7.78,17.88,13.81,10.74,29.07,16.44,17.17,20.89,4.4,11.36,9.2,19.65,15.18,17.96,11.2,11.37,7.42,10.92,15.12,12.5,12.7,7.65,10.19,18.66,21.77,9.51,15.94,13.67,7.2,8.69,6.57,2.42,14.3,29.37,8.97,20.56,16.8,19.83,4.22,10.12,12.42,15.41,21.0,7.76,22.65,13.17,6.63,8.56,10.08,5.72,14.86,22.36,9.55,15.81,15.29,16.04,16.55,9.57,2.26,5.19,17.96,12.62,3.78,9.45,2.4,2.53,13.44,14.11,11.44,9.98,10.46,20.45,14.85,4.92,8.77,14.09,19.41,10.57,10.36,15.48,8.75,2.82,7.07,19.47,15.38,8.29,8.58,5.73,4.45,9.05,6.76,5.15,2.07,7.02,2.4,7.94,6.45,3.32,4.14,6.03,4.74,2.53,5.48,6.18,3.54,0.0,4.53,5.07,6.23,7.06,3.5,27.25,21.04,17.38,15.88,26.14,13.66,10.36,11.79,8.87,11.7,11.49,16.48,18.03,18.56,10.88,20.68,13.58,10.93,15.67,14.97,12.99,15.84,22.32,24.0,28.02,13.76,26.23,20.5,17.35,21.32,19.83,18.22,13.17,20.02,27.46,14.77,22.66,7.26,6.61,10.86,20.81,7.08,10.82,8.92,18.98,25.02,11.72,29.21,15.09,29.76,12.76,12.24,10.48,9.68,23.96,13.12,12.19,3.81,9.9,10.14,11.04,9.49,6.43,10.49,9.49,9.91,16.7,17.78,11.4,6.92,13.41,14.41,18.22,19.55,23.37,25.99,25.53,23.53,17.25,23.47,26.66,25.07,17.11,21.42,24.57,20.83,21.45,11.89,5.76,5.36,3.26,6.57,8.79,8.98,21.71,24.52,24.69,23.79,21.81,18.83,23.01,23.24,20.5,21.18,21.77,24.91,23.74,8.76,10.65,13.13,10.11,9.45,10.79,16.6,12.34,8.34,9.22,16.16,11.14,8.26,11.81,16.55,9.81,6.17,7.48,7.7,5.03,17.94,8.12,7.26,8.88,10.47,9.98,12.99,14.32,11.69,18.25,10.37,11.76,20.47,20.93,16.59,18.83,12.06,12.97,15.9,17.78,12.94,22.43,10.7,18.57,16.76,18.29,17.87,19.23,17.98,16.25,16.94,15.3,15.13,12.35,19.08,17.45,9.57,12.36,13.35,17.4,8.1,18.11,9.19,10.57,13.97,4.7,10.53,13.15,13.67,7.03,9.95,19.3,18.87,20.55,17.31,16.98,15.64,21.38,18.14,15.92,14.4,18.64,12.79,22.03,21.32,19.07,25.1,24.42,25.57,20.99,17.08,26.49,19.46,24.08,20.48,25.02,27.03,20.16,23.67
14.92,7.33,6.72,17.41,12.0,8.25,8.91,7.47,16.56,11.3,17.78,5.31,3.6,13.78,9.63,13.04,25.74,16.06,15.48,17.47,4.85,7.18,8.82,17.96,14.11,16.27,13.5,9.68,10.26,9.69,14.77,8.32,12.27,7.27,6.02,15.25,18.35,6.09,11.76,9.5,3.02,5.28,9.41,4.72,13.92,26.05,4.61,17.15,12.7,15.66,1.72,9.74,12.04,17.71,14.36,4.34,18.48,8.99,9.47,9.12,5.91,8.56,14.48,21.98,6.13,15.43,13.76,15.66,16.17,9.19,4.75,8.03,16.27,10.93,6.08,6.04,2.98,5.02,13.06,12.5,11.06,12.28,8.77,12.52,10.67,7.77,11.61,12.4,11.49,6.4,6.95,15.1,11.59,5.32,6.69,16.05,15.0,11.13,4.21,8.57,3.08,5.64,2.59,3.85,3.86,3.05,3.2,4.53,6.07,1.35,3.76,1.86,2.09,1.93,1.69,2.01,2.36,4.53,0.0,4.74,3.04,3.88,1.27,24.46,15.06,11.4,14.14,21.94,11.92,8.62,10.45,7.13,6.19,5.98,10.5,12.53,13.06,5.37,15.17,8.07,5.42,9.69,9.47,7.48,10.33,16.82,18.49,22.52,9.56,20.73,14.99,11.84,15.81,14.32,12.72,8.97,14.51,21.95,10.57,17.15,3.06,4.47,12.34,19.07,4.96,12.31,6.79,20.47,22.9,13.21,27.09,16.58,31.25,14.25,10.12,8.36,7.56,21.36,8.92,7.99,6.69,12.78,13.02,13.93,10.98,7.92,11.98,10.98,11.39,12.5,13.58,12.89,9.81,10.23,10.21,14.02,15.35,19.17,21.8,21.33,19.33,13.05,17.2,22.47,20.87,12.91,17.22,20.37,16.63,17.25,8.71,8.03,7.64,3.84,7.15,8.46,8.65,18.53,21.34,21.5,20.61,18.63,15.65,19.82,20.05,17.31,17.99,18.59,21.72,20.55,11.64,13.81,16.01,12.39,12.34,13.67,18.87,15.22,10.61,11.49,18.43,13.32,11.14,14.08,18.83,12.09,8.44,9.75,10.58,7.31,20.22,10.39,9.54,11.76,12.75,12.26,11.76,13.99,11.35,15.07,7.19,8.58,17.29,17.75,13.41,15.64,8.88,9.78,12.72,14.6,8.75,19.25,7.51,15.39,13.58,15.11,14.69,16.04,14.8,16.35,16.61,17.58,17.4,14.62,21.35,19.73,11.85,14.63,15.62,19.68,8.68,20.38,11.46,12.84,16.25,6.97,12.81,15.43,15.94,9.3,10.53,18.97,18.53,23.3,16.98,16.64,16.0,24.12,17.81,16.27,11.22,18.31,9.61,21.7,20.99,22.23,24.76,25.97,27.12,20.66,19.35,28.04,21.08,25.63,21.39,26.57,28.58,19.83,25.22
19.16,3.28,9.76,20.46,14.17,11.3,13.13,11.71,17.54,13.48,13.73,6.36,7.84,18.03,13.88,10.79,28.79,12.01,18.53,20.91,3.68,11.42,4.77,21.01,16.54,19.31,11.91,12.73,12.43,12.74,10.69,12.56,8.28,3.22,10.26,18.68,21.79,9.53,16.01,13.74,7.26,8.71,11.59,5.77,9.87,29.1,9.0,20.58,16.94,19.9,5.58,5.69,7.99,18.76,21.02,7.78,22.72,13.24,11.65,11.3,10.15,10.74,10.44,17.93,9.57,11.39,18.0,11.61,12.12,4.16,6.82,10.21,19.32,13.98,7.13,9.47,5.05,7.08,9.01,16.74,7.01,13.33,11.82,20.48,14.91,9.94,13.78,15.45,19.43,10.64,10.38,11.05,13.76,6.56,2.0,19.49,10.95,13.31,8.6,10.74,3.68,9.07,6.83,4.16,4.91,7.04,3.24,7.96,1.63,4.57,1.58,6.1,4.68,3.52,5.92,6.25,2.43,5.07,4.74,0.0,6.27,6.22,3.45,27.51,19.32,15.66,17.18,26.2,14.96,11.66,13.1,10.18,10.45,10.24,14.76,16.79,17.32,9.63,19.43,12.34,9.68,13.95,13.73,11.75,14.59,21.08,22.75,26.78,13.82,24.99,19.26,16.1,20.07,18.58,16.98,13.23,18.77,26.21,14.83,21.41,7.32,7.52,14.55,22.12,8.0,14.51,9.84,22.67,28.71,15.41,32.9,18.78,33.45,16.45,13.16,11.41,10.6,27.64,13.18,12.25,8.89,14.98,15.23,16.13,13.18,10.12,14.18,13.18,13.6,16.76,17.84,15.09,12.01,13.46,14.48,18.28,19.62,23.43,26.06,25.59,23.59,17.32,23.52,26.73,25.13,17.17,21.48,24.64,20.89,21.51,13.43,8.9,8.51,2.44,5.75,4.4,4.6,21.76,24.57,24.73,23.83,21.85,18.88,23.05,23.28,20.54,21.22,21.81,24.95,23.78,13.85,13.79,18.22,13.25,14.54,15.87,19.74,17.43,11.48,12.36,19.3,14.28,13.34,14.95,19.69,12.96,9.31,10.62,12.79,8.17,21.08,11.26,10.41,13.96,13.61,13.12,8.6,9.94,7.3,18.3,10.41,12.52,16.29,16.6,16.64,18.87,12.11,13.01,15.95,17.83,13.01,16.01,10.74,18.62,16.81,18.33,17.92,15.05,18.03,12.3,12.56,15.89,15.72,16.09,19.66,18.04,12.71,12.94,15.27,17.99,7.29,18.69,12.33,13.71,14.56,7.84,12.29,13.74,14.26,10.17,9.14,14.91,14.48,16.17,12.93,12.59,11.26,16.99,13.76,11.53,11.28,14.26,10.75,17.65,16.93,18.17,20.71,21.92,23.07,16.6,19.69,23.99,17.03,21.58,17.33,22.52,24.53,15.78,21.17
17.2,9.01,8.84,19.53,13.69,10.37,11.18,8.42,14.41,13.0,17.0,7.21,4.55,16.06,10.58,14.93,27.87,15.28,17.61,15.33,6.53,8.13,10.5,20.08,16.38,18.39,15.4,11.81,11.96,11.81,12.4,9.27,9.9,8.95,6.96,13.11,16.21,3.95,14.04,10.44,5.3,2.9,11.11,6.61,13.13,28.17,2.54,15.01,14.98,17.93,4.66,11.9,11.37,19.6,15.44,2.53,19.42,9.94,11.17,10.82,6.85,10.26,13.7,21.19,3.76,14.65,16.03,14.88,15.38,10.88,6.45,9.73,18.4,13.06,7.98,3.9,4.68,6.72,12.28,14.77,10.38,14.17,10.9,14.9,15.01,9.46,13.3,14.52,13.86,7.34,4.81,14.32,13.29,7.01,8.38,13.91,14.21,12.83,2.14,10.27,3.02,3.26,3.53,5.53,5.76,1.24,5.09,2.15,7.75,3.65,5.44,4.13,1.7,3.82,4.41,2.35,4.04,6.23,3.04,6.27,0.0,1.68,2.88,30.32,17.55,13.89,16.69,22.89,14.47,11.17,12.94,9.69,8.68,8.47,12.99,15.02,15.55,7.86,17.66,10.56,7.91,12.18,11.96,9.98,12.82,19.31,20.98,25.01,10.51,23.22,17.48,14.33,18.3,16.81,15.21,9.92,12.46,24.44,11.52,19.64,5.55,7.03,13.93,21.63,7.51,13.89,9.35,22.05,28.09,14.79,32.28,18.16,32.83,15.83,12.67,10.91,10.11,27.03,9.87,8.94,8.28,14.37,14.61,15.51,12.56,9.5,13.56,12.56,12.98,17.04,15.84,14.47,11.39,7.43,11.16,14.97,16.3,20.12,22.74,22.28,20.28,14.0,17.5,23.41,21.82,13.86,18.17,21.32,17.58,18.19,5.92,9.86,9.47,5.35,8.66,9.97,10.16,15.73,18.54,18.71,17.81,15.83,12.86,17.03,17.26,14.52,15.2,15.79,18.93,17.76,13.23,15.4,17.6,14.22,13.92,15.26,20.7,16.81,12.44,13.32,20.26,14.9,12.72,15.91,20.66,13.92,10.27,11.58,12.17,9.14,22.05,12.23,11.37,13.34,14.58,14.09,8.69,13.18,11.48,12.28,4.12,5.51,14.49,14.95,10.62,12.85,6.08,6.99,9.92,11.8,9.69,16.45,4.45,12.59,10.79,12.31,11.9,13.25,12.01,15.53,15.79,19.41,19.24,16.45,23.18,21.56,13.68,16.46,17.45,21.51,10.19,22.21,13.29,14.68,18.08,8.8,14.64,17.26,17.78,11.13,12.04,18.15,17.72,20.51,16.17,15.83,12.93,21.33,17.0,13.21,8.15,17.49,6.54,20.88,20.17,21.41,23.95,25.16,26.3,19.84,21.18,27.22,20.27,24.81,20.57,25.75,27.77,19.01,24.41
18.03,8.97,9.68,20.37,14.53,11.21,12.02,9.64,14.8,13.84,15.92,8.04,5.77,16.9,11.8,15.77,28.7,14.2,18.44,15.72,6.48,9.35,10.46,20.92,17.22,19.23,16.24,12.64,12.79,12.65,11.32,10.48,8.82,8.9,8.18,13.49,16.6,4.34,14.88,11.66,6.13,1.82,11.95,7.45,12.05,29.01,3.49,15.39,15.81,18.77,5.49,10.82,10.29,20.44,15.83,1.03,20.64,11.16,12.0,11.66,8.07,11.1,12.62,20.11,2.68,13.57,16.87,13.8,14.3,12.1,7.29,10.57,19.23,13.89,8.81,3.42,5.52,7.55,11.2,15.61,9.3,15.01,11.73,15.28,15.39,10.3,14.14,15.36,14.24,8.56,3.54,13.23,14.12,7.85,8.33,14.3,13.13,13.67,3.09,11.1,3.27,2.18,4.75,4.66,6.59,2.46,5.93,1.07,7.7,4.49,5.4,4.97,1.94,4.66,5.24,3.57,3.99,7.06,3.88,6.22,1.68,0.0,3.56,31.01,18.24,14.58,17.38,24.12,15.16,11.86,13.63,10.37,9.36,9.15,13.67,15.7,16.23,8.55,18.34,11.25,8.6,12.86,12.64,10.66,13.51,19.99,21.67,25.69,11.74,23.9,18.17,15.01,18.99,17.49,15.89,11.15,17.68,25.12,12.75,20.33,6.24,7.71,14.61,22.31,8.2,14.58,10.03,22.74,28.77,15.48,32.97,18.85,33.52,16.52,13.35,11.6,10.8,27.71,11.1,10.17,8.96,15.05,15.29,16.2,13.25,10.19,14.24,13.25,13.66,17.93,16.74,15.16,12.08,8.33,10.21,16.2,17.53,21.35,23.97,23.51,21.51,15.23,18.39,24.64,23.05,15.09,19.4,22.55,18.81,19.42,4.36,10.55,10.16,6.03,9.34,10.65,10.84,16.63,19.44,19.6,18.71,16.73,13.75,17.92,18.15,15.41,16.09,16.69,19.82,18.66,13.91,16.08,18.28,14.9,14.6,15.94,21.39,17.49,13.13,14.01,20.95,15.59,13.41,16.6,21.34,14.61,10.96,12.27,12.85,9.82,22.73,12.91,12.06,14.03,15.26,14.77,7.77,12.25,10.55,13.17,3.19,4.58,12.24,15.85,11.51,13.74,5.1,7.88,10.82,12.7,10.92,17.35,3.52,13.49,11.68,13.21,12.79,10.99,12.9,14.61,14.87,20.09,19.92,17.14,23.87,22.25,14.36,17.15,17.58,22.19,10.88,22.9,13.98,15.36,18.77,9.49,15.32,17.94,18.46,11.82,12.73,17.22,16.79,17.29,15.24,14.9,12.01,18.11,16.07,12.28,7.22,16.57,5.62,19.96,19.24,20.48,23.02,24.23,25.38,18.91,22.0,26.3,19.34,23.89,19.64,24.83,26.84,18.09,23.48
15.79,6.19,7.43,18.12,12.28,8.96,9.78,8.34,16.62,11.59,16.64,4.78,4.47,14.65,10.5,12.51,26.45,14.92,16.2,17.54,3.71,8.05,7.68,18.67,14.98,16.98,12.98,10.39,10.54,10.4,13.6,9.19,11.18,6.13,6.88,15.31,18.42,6.16,12.63,10.37,3.89,5.34,9.7,4.19,12.78,26.76,5.62,17.21,13.57,16.52,2.6,8.6,10.9,17.18,17.65,4.41,19.35,9.86,9.76,9.41,6.78,8.85,13.35,20.84,6.2,14.29,14.63,14.52,15.03,8.05,5.04,8.32,16.98,11.64,5.56,6.1,3.27,5.3,11.92,13.37,9.92,11.75,9.49,17.1,11.54,8.05,11.89,13.11,16.06,7.27,7.01,13.96,11.87,5.6,5.56,16.12,13.86,11.42,5.23,8.85,1.77,5.7,3.45,2.71,3.33,3.67,2.67,4.59,4.93,2.24,2.62,2.72,1.68,1.4,2.57,2.88,1.22,3.5,1.27,3.45,2.88,3.56,0.0,28.71,15.96,12.3,15.08,22.84,12.86,9.55,11.35,8.07,7.08,6.87,11.39,13.42,13.95,6.27,16.06,8.97,6.32,10.58,10.36,8.38,11.23,17.71,19.39,23.41,10.46,21.62,15.89,12.74,16.71,15.22,13.61,9.87,15.41,22.84,11.47,18.05,3.96,5.41,12.31,20.01,5.9,12.28,7.73,20.43,26.47,13.17,30.66,16.55,31.22,14.22,11.05,9.3,8.49,25.41,9.81,8.89,6.66,12.75,12.99,13.9,10.95,7.89,11.94,10.95,11.36,13.39,14.48,12.86,9.77,10.09,11.11,14.92,16.25,20.07,22.69,22.23,20.23,13.95,20.15,23.36,21.77,13.81,18.12,21.27,17.53,18.14,8.57,7.46,7.07,2.57,5.88,7.19,7.38,18.39,21.2,21.37,20.47,18.49,15.51,19.69,19.92,17.18,17.86,18.45,21.59,20.42,11.61,12.35,15.98,11.81,12.3,13.64,18.3,15.19,10.04,10.92,17.86,13.29,11.11,13.51,18.25,11.51,7.87,9.18,10.55,6.73,19.64,9.82,8.96,11.73,12.17,11.68,11.62,12.72,10.08,14.93,7.05,8.44,17.15,17.61,13.27,15.51,8.74,9.65,12.58,14.46,9.64,19.11,7.38,15.25,13.44,14.97,14.55,15.91,14.66,15.08,15.34,17.0,16.83,14.05,20.78,19.15,11.27,14.06,15.05,19.1,7.42,19.81,10.89,12.27,15.68,6.4,12.23,14.85,15.37,8.73,9.26,17.7,17.26,18.95,15.71,15.38,14.04,19.78,16.54,14.31,11.08,17.04,9.47,20.43,19.72,20.96,23.49,24.7,25.85,19.39,18.78,26.77,19.81,24.36,20.12,25.3,27.31,18.56,23.95
17.99,30.25,24.1,7.1,28.44,25.64,17.03,31.96,44.06,27.73,40.7,29.83,28.09,32.6,31.82,37.56,1.24,38.98,10.06,38.4,27.76,31.77,31.74,8.64,12.83,10.6,38.02,16.63,28.33,27.08,37.66,31.2,35.24,30.18,30.51,37.61,45.86,33.6,16.39,31.47,25.06,32.78,27.48,29.24,36.83,1.54,29.42,44.66,31.51,17.44,23.19,32.65,34.96,39.82,38.16,31.85,42.28,31.22,27.54,20.79,30.4,26.63,37.4,44.89,33.64,38.35,14.86,38.58,39.08,32.11,25.55,26.1,8.8,13.57,30.6,33.54,26.56,25.36,35.98,13.68,33.97,34.43,16.68,37.33,35.48,25.84,25.86,12.25,36.3,30.89,34.45,38.02,27.18,26.86,29.61,37.18,37.91,26.34,29.03,26.64,26.29,33.14,27.08,27.16,28.89,27.87,25.69,32.04,28.98,23.15,26.68,25.68,29.72,27.2,25.5,26.82,25.66,27.25,24.46,27.51,30.32,31.01,28.71,0.0,16.56,14.73,13.53,45.52,14.68,18.23,17.15,17.33,24.29,24.08,15.99,27.22,23.32,23.47,25.43,26.17,23.52,16.2,23.73,21.75,24.6,27.08,31.55,30.69,33.14,32.04,33.09,29.94,33.91,32.42,30.82,32.54,32.61,33.26,32.36,35.25,25.13,22.28,23.96,7.48,22.76,17.07,24.6,8.27,3.13,15.62,2.91,12.43,13.3,14.49,27.92,26.16,25.36,3.27,33.51,31.96,24.88,28.43,27.27,28.17,18.41,23.64,19.41,20.77,22.72,36.07,37.15,24.51,28.0,33.82,34.8,37.59,38.93,42.75,45.4,44.29,42.9,36.63,40.78,46.04,45.48,36.49,40.8,43.95,40.2,40.82,32.3,31.45,31.06,26.65,29.96,31.27,31.46,42.12,44.93,45.09,44.09,42.22,39.24,43.41,43.64,40.9,41.58,42.18,43.42,44.15,29.84,32.01,27.82,34.6,30.53,30.16,41.09,29.47,34.03,34.91,40.65,31.51,29.33,36.3,41.05,32.84,31.86,33.17,28.78,30.73,42.44,33.82,32.96,29.95,36.17,35.61,35.35,36.8,34.17,38.66,30.78,32.17,40.88,41.34,37.0,39.23,32.47,33.38,36.31,38.19,33.33,42.84,31.1,38.98,37.17,38.7,38.28,39.63,38.39,39.16,39.42,41.0,40.83,38.04,44.77,43.15,35.27,38.05,39.04,43.1,31.5,43.8,34.88,36.88,39.67,30.39,36.23,38.85,39.37,32.72,33.35,41.78,41.35,43.03,39.79,39.46,38.12,43.86,40.62,38.4,34.81,41.12,33.2,44.51,43.8,44.77,47.57,48.78,49.93,43.47,42.77,50.85,43.89,48.44,44.2,49.38,51.39,42.64,48.03
2.75,22.07,16.96,11.17,23.85,18.49,9.12,20.89,31.29,23.16,32.52,20.24,17.02,21.53,20.75,27.97,17.79,30.79,9.24,27.34,19.58,20.7,23.56,11.72,5.6,10.03,28.44,9.12,22.11,19.93,29.51,20.13,27.01,22.0,19.44,26.54,33.09,20.83,3.32,20.4,13.99,20.01,21.26,19.65,28.65,18.1,18.36,31.89,20.44,2.2,14.46,24.47,26.78,33.6,27.09,19.08,31.21,20.15,21.32,20.99,19.33,20.41,29.22,36.71,20.87,30.17,4.15,30.4,30.9,23.93,19.33,19.88,10.03,6.07,21.01,20.77,17.31,19.14,27.8,4.66,25.79,28.21,9.18,26.26,24.42,19.62,23.46,6.16,25.23,19.82,21.68,29.83,23.44,20.63,21.43,26.11,29.73,22.99,17.96,20.42,17.81,20.37,16.01,18.59,18.79,16.8,18.13,19.26,20.8,16.4,18.5,14.61,16.48,16.86,14.43,15.76,17.09,21.04,15.06,19.32,17.55,18.24,15.96,16.56,0.0,4.98,6.79,34.43,6.65,10.7,7.43,9.8,13.2,12.99,4.91,11.98,8.08,12.38,10.19,15.09,12.43,6.67,12.65,10.66,13.51,11.84,16.31,20.37,22.05,18.54,22.01,18.85,16.91,21.33,19.73,21.46,21.52,19.76,21.28,24.16,14.04,15.41,24.65,12.86,15.9,24.62,17.73,18.31,15.02,25.52,19.21,22.46,23.33,26.56,21.05,19.3,18.5,13.46,22.42,20.88,18.99,25.08,25.33,26.23,23.29,19.2,24.29,23.29,23.7,24.98,26.07,25.2,22.11,26.02,23.72,26.51,27.84,31.66,34.31,33.21,31.82,25.54,29.69,34.95,34.39,25.4,29.71,32.86,29.12,29.73,23.03,22.9,22.51,18.42,21.74,23.05,23.24,32.85,35.66,35.83,33.01,32.95,29.97,34.15,34.38,31.64,32.32,32.91,32.34,34.88,23.94,26.11,28.31,28.71,24.64,25.97,35.2,27.52,25.48,26.36,34.76,25.62,23.44,30.41,35.15,26.95,23.31,24.62,22.89,22.18,36.54,25.26,24.41,24.06,27.62,27.12,26.08,28.58,25.94,29.39,21.51,22.9,31.61,32.07,27.74,29.97,23.2,24.11,27.04,28.92,22.25,33.57,21.84,29.71,27.9,29.43,29.01,30.37,29.12,30.94,31.2,32.45,32.27,29.49,36.22,34.6,26.72,29.5,30.49,34.55,23.27,35.25,26.33,27.71,31.12,21.84,27.67,30.3,30.81,24.17,25.12,33.56,33.12,37.63,31.57,31.23,30.32,38.45,32.4,30.6,25.54,32.9,23.93,36.29,35.58,36.82,39.35,40.56,41.71,35.24,34.22,42.63,35.67,40.22,35.97,41.16,43.17,34.42,39.81
4.82,18.41,13.3,7.63,20.19,14.83,4.12,17.23,27.63,19.5,28.86,16.58,13.36,17.87,17.09,24.31,15.96,27.13,5.71,23.68,15.92,17.04,19.9,8.18,2.66,6.49,24.77,4.24,18.45,16.27,25.85,16.47,23.35,18.34,15.78,22.88,29.43,17.17,1.66,16.74,10.33,16.35,17.6,15.99,24.99,16.27,14.69,28.23,16.78,5.55,10.8,20.81,23.12,29.94,23.43,15.42,27.55,16.49,17.66,17.33,15.67,16.75,25.56,33.05,17.21,26.51,2.31,26.74,27.24,20.27,15.67,16.22,6.49,2.53,17.35,17.11,13.65,15.48,24.14,1.05,22.13,24.55,5.64,22.6,20.76,15.96,19.8,2.62,21.57,16.16,18.02,26.17,19.78,16.97,17.77,22.45,26.07,19.33,14.3,16.76,14.15,16.71,12.35,14.93,15.13,13.14,14.47,15.6,17.14,12.74,14.84,10.95,12.82,13.2,10.77,12.1,13.43,17.38,11.4,15.66,13.89,14.58,12.3,14.73,4.98,0.0,3.88,30.79,1.67,7.18,2.43,6.29,9.56,9.35,1.26,12.06,10.56,8.74,12.67,11.44,8.79,1.48,9.0,7.02,9.87,14.32,16.39,20.42,18.41,18.62,18.36,15.21,19.18,17.69,16.09,17.82,17.88,19.85,17.63,20.52,10.4,11.77,21.01,9.34,12.26,20.98,14.09,16.48,13.16,21.87,17.36,20.63,21.5,22.92,17.41,15.66,14.85,11.63,18.78,17.23,15.35,21.44,21.68,22.59,19.65,15.55,20.64,19.65,20.06,21.34,22.42,21.56,18.46,22.38,20.08,22.87,24.2,28.02,30.67,29.57,28.17,21.9,26.05,31.31,30.75,21.76,26.07,29.22,25.47,26.09,19.39,19.26,18.87,14.78,18.09,19.4,19.6,29.21,32.02,32.18,29.36,29.31,26.33,30.51,30.74,28.0,28.67,29.27,28.69,31.24,20.3,22.47,24.67,25.07,20.99,22.33,31.55,23.88,21.84,22.72,31.12,21.98,19.8,26.77,31.51,23.31,19.67,20.98,19.24,18.53,32.9,21.62,20.77,20.42,23.97,23.48,22.44,24.94,22.3,25.75,17.87,19.26,27.97,28.43,24.09,26.33,19.56,20.47,23.4,25.28,18.61,29.93,18.2,26.07,24.26,25.79,25.37,26.72,25.48,27.3,27.56,28.8,28.63,25.85,32.58,30.96,23.07,25.86,26.85,30.9,19.63,31.61,22.69,24.07,27.48,18.2,24.03,26.65,27.17,20.53,21.48,29.91,29.48,33.98,27.93,27.59,26.68,34.81,28.76,26.96,21.9,29.25,20.29,32.64,31.93,33.17,35.71,36.92,38.07,31.6,30.58,38.99,32.03,36.58,32.33,37.52,39.53,30.78,36.17
6.37,19.93,13.78,6.43,20.68,15.32,6.71,21.11,30.43,19.98,30.38,17.48,17.24,21.74,20.97,25.2,14.76,28.66,4.5,27.55,17.44,20.92,21.42,6.98,1.3,5.29,25.67,6.31,18.94,16.76,27.34,20.34,24.92,19.86,19.65,26.76,32.23,19.97,5.53,20.61,14.21,19.15,18.09,16.88,26.51,15.07,18.57,31.03,20.66,7.11,12.87,22.33,24.64,30.43,27.31,18.22,31.42,20.37,18.15,17.81,19.54,17.24,27.08,34.57,20.01,28.03,3.41,28.26,28.76,21.79,16.16,16.71,5.29,3.25,18.25,19.91,13.74,15.97,25.66,2.83,23.65,25.03,6.36,26.48,24.63,16.45,20.29,1.82,25.45,20.04,20.82,27.69,20.27,17.46,19.29,26.32,27.59,19.82,18.18,17.25,15.97,19.51,16.22,16.84,16.03,17.02,15.37,18.41,18.66,12.83,16.36,14.83,16.09,14.1,14.65,15.97,15.34,15.88,14.14,17.18,16.69,17.38,15.08,13.53,6.79,3.88,0.0,34.66,4.36,7.9,6.3,7.01,13.43,13.22,5.14,15.94,12.13,12.62,14.24,15.32,12.67,5.35,12.88,10.9,13.75,15.89,20.27,24.29,22.28,22.5,22.24,19.09,23.06,21.57,19.96,21.69,21.76,23.72,21.51,24.4,14.28,11.96,21.2,8.14,12.44,21.16,14.28,15.28,11.96,22.06,16.15,19.43,20.3,21.49,17.6,15.84,15.04,10.43,22.65,21.11,15.54,21.63,21.87,22.77,19.83,15.74,20.83,19.83,20.25,25.22,26.3,21.74,18.65,23.5,23.95,26.74,28.08,31.89,34.55,33.44,32.05,25.78,29.92,35.19,34.62,25.63,29.94,33.1,29.35,29.97,21.98,20.18,19.79,16.33,19.64,20.95,21.14,31.8,34.61,34.77,33.24,31.89,28.92,33.09,33.32,30.58,31.26,31.85,32.57,33.82,20.49,22.66,24.86,25.25,21.18,22.51,31.74,24.07,22.76,23.64,31.3,22.16,19.98,26.95,31.7,23.49,20.59,21.9,19.43,19.46,33.09,22.54,21.69,20.6,24.9,24.4,25.03,26.48,23.84,28.34,20.45,21.85,30.56,31.02,26.68,28.91,22.15,23.05,25.99,27.87,22.48,32.52,20.78,28.66,26.85,28.37,27.96,29.31,28.07,28.84,29.1,29.73,29.55,26.77,33.5,31.88,24.0,26.78,27.77,31.83,21.18,32.53,23.61,24.99,28.4,19.12,24.95,27.58,28.09,21.45,23.02,31.46,31.02,32.71,29.47,29.14,27.8,33.54,30.3,28.07,24.49,30.8,22.88,34.19,33.48,34.72,37.25,38.46,39.61,33.15,31.5,40.53,33.57,38.12,33.88,39.06,41.07,32.32,37.71
34.26,28.95,28.84,38.42,35.73,30.37,28.25,17.87,22.67,35.04,32.41,27.12,18.47,18.3,16.6,34.85,46.75,30.69,36.49,13.6,26.46,15.31,30.44,38.97,33.45,37.28,37.14,32.1,33.99,31.81,26.73,16.02,28.99,28.88,17.87,15.1,23.15,25.79,31.11,16.47,23.28,28.05,33.15,26.53,29.71,47.06,23.77,13.86,17.22,32.28,23.34,31.46,31.05,39.52,12.17,24.96,3.86,15.97,33.21,30.74,16.31,32.3,28.36,36.61,24.79,30.06,33.1,29.49,31.96,30.81,26.37,31.77,37.28,33.35,27.89,25.14,24.6,26.63,30.96,31.84,29.94,34.09,31.19,13.68,15.57,31.5,35.34,33.41,14.42,17.38,23.59,30.89,35.32,26.93,28.31,13.98,30.14,34.87,23.37,32.3,24.7,25.94,19.4,25.47,25.67,22.21,25.01,26.46,27.68,22.96,25.38,22.11,23.36,23.74,23.38,21.17,23.97,26.14,21.94,26.2,22.89,24.12,22.84,45.52,34.43,30.79,34.66,0.0,32.68,31.36,30.07,29.88,22.03,22.57,30.11,22.99,27.71,23.15,29.82,20.05,23.1,29.3,23.1,25.26,22.5,31.47,20.97,23.8,13.69,22.01,16.1,18.57,19.84,18.35,19.72,13.38,18.15,23.24,17.59,16.92,23.37,26.89,33.82,40.36,27.37,33.78,29.21,41.94,44.18,34.68,48.37,38.05,52.72,35.73,32.53,30.78,29.97,42.65,15.64,14.1,28.17,34.26,34.5,35.4,32.45,30.67,33.45,32.46,32.87,9.99,11.39,34.37,31.28,15.78,16.94,7.92,7.58,4.86,1.03,3.55,2.87,8.89,15.01,8.15,3.09,10.72,9.45,1.65,7.29,6.12,24.01,29.76,29.36,25.28,28.59,29.9,30.09,12.72,14.92,17.48,10.41,15.47,16.38,13.76,16.03,16.18,14.84,14.56,9.74,14.89,33.12,35.29,37.49,34.11,33.81,35.15,40.59,36.7,32.33,33.22,40.16,34.8,32.62,35.81,40.55,33.81,30.16,31.48,32.06,29.03,41.94,32.12,31.26,33.24,34.47,33.98,28.15,29.04,30.94,16.08,27.53,25.65,23.16,23.62,17.69,21.52,24.18,17.03,17.04,20.47,15.47,25.12,25.05,17.99,19.45,20.98,17.31,21.91,20.67,32.02,31.08,39.3,39.13,35.81,43.08,42.91,33.57,36.36,34.99,42.86,30.13,42.1,33.19,34.57,37.97,28.69,34.53,37.15,37.67,31.03,31.98,32.72,34.2,29.17,31.45,30.39,26.59,30.0,31.56,25.29,25.48,32.06,26.68,36.16,35.45,36.69,39.23,40.44,41.59,35.12,38.21,42.5,35.55,40.1,35.85,41.04,43.05,34.3,39.69
6.48,17.71,11.56,7.58,18.46,13.1,4.49,18.9,28.21,17.77,28.16,15.26,15.03,19.54,18.76,22.98,15.92,26.44,5.66,25.34,15.22,18.71,19.2,8.13,3.57,6.44,23.45,4.09,16.72,14.54,25.12,18.13,22.7,17.64,17.44,24.55,30.01,17.75,3.33,18.41,12.0,16.93,15.87,14.66,24.29,16.22,16.36,28.81,18.45,7.22,10.65,20.11,22.42,28.21,25.1,16.0,29.21,18.16,15.93,15.59,17.34,15.02,24.86,32.35,17.79,25.81,3.22,26.04,26.54,19.57,13.94,14.49,6.45,1.11,16.03,17.69,11.52,13.75,23.44,1.96,21.43,22.81,4.14,24.27,22.42,14.23,18.07,2.57,23.24,17.83,18.6,25.47,18.05,15.24,17.07,24.11,25.37,17.6,15.97,15.03,13.75,17.29,14.01,14.62,13.81,14.81,13.15,16.19,16.44,10.61,14.14,12.62,13.87,11.88,12.44,13.76,13.12,13.66,11.92,14.96,14.47,15.16,12.86,14.68,6.65,1.67,4.36,32.68,0.0,5.68,4.09,4.79,11.23,11.02,2.93,13.73,12.23,10.41,14.34,13.11,10.46,3.14,10.67,8.69,11.54,15.99,18.06,22.08,20.07,20.29,20.03,16.88,20.85,19.36,17.75,19.48,19.55,21.51,19.3,22.19,12.07,9.74,18.98,9.29,10.22,18.94,12.06,16.43,13.12,19.84,17.31,20.58,21.45,20.88,15.38,13.62,12.82,11.58,20.45,18.9,13.32,19.41,19.65,20.55,17.61,13.52,18.61,17.61,18.03,23.01,24.09,19.52,16.43,21.28,21.74,24.53,25.87,29.68,32.34,31.23,29.84,23.57,27.72,32.98,32.41,23.43,27.73,30.89,27.14,27.76,19.76,17.96,17.57,14.11,17.42,18.73,18.92,29.58,32.39,32.55,31.03,29.68,26.7,30.87,31.1,28.36,29.04,29.63,30.36,31.6,18.27,20.44,22.64,23.03,18.96,20.29,29.52,21.85,20.54,21.42,29.08,19.94,17.76,24.73,29.48,21.27,18.37,19.68,17.21,17.24,30.87,20.32,19.47,18.38,22.68,22.18,22.81,24.26,21.62,26.12,18.23,19.63,28.34,28.8,24.46,26.69,19.93,20.83,23.77,25.65,20.27,30.3,18.56,26.44,24.63,26.16,25.74,27.09,25.85,26.62,26.88,27.51,27.33,24.55,31.28,29.66,21.78,24.56,25.55,29.61,18.96,30.31,21.39,22.77,26.18,16.9,22.74,25.36,25.87,19.23,20.8,29.24,28.8,30.49,27.25,26.92,25.58,31.32,28.08,25.85,22.27,28.58,20.66,31.97,31.26,32.5,35.03,36.24,37.39,30.93,29.28,38.31,31.35,35.9,31.66,36.84,38.85,30.1,35.49
10.29,14.41,4.88,11.13,15.15,5.49,3.8,15.81,24.91,14.46,24.86,11.96,11.94,18.21,17.43,19.68,19.46,23.13,9.2,24.02,11.92,17.39,15.9,11.68,7.21,9.99,20.15,3.4,13.41,6.93,21.81,16.81,19.4,14.34,14.36,23.6,26.71,14.45,8.84,17.08,11.15,13.63,12.57,11.36,20.99,19.77,13.91,25.5,17.13,11.02,7.35,16.81,19.12,24.91,23.78,12.7,27.89,16.84,12.63,12.29,14.25,11.72,21.56,29.05,14.49,22.51,7.32,22.73,23.24,16.27,10.64,11.19,9.99,4.65,12.73,14.39,8.22,10.45,20.13,6.14,18.13,19.51,1.54,22.95,21.1,10.92,14.76,6.12,21.91,14.74,15.3,22.17,14.74,11.94,13.77,24.41,22.07,14.29,13.52,11.73,10.45,13.99,10.93,11.31,10.5,11.4,9.84,12.88,13.14,7.31,10.83,10.03,10.56,8.57,8.55,10.35,9.82,10.36,8.62,11.66,11.17,11.86,9.55,18.23,10.7,7.18,7.9,31.36,5.68,0.0,3.82,3.14,9.85,9.64,6.68,16.19,16.72,9.03,18.83,11.74,9.08,4.77,13.13,11.15,13.99,20.48,22.15,26.18,18.7,24.39,18.66,15.5,19.48,17.98,16.38,18.11,18.17,25.61,17.93,20.81,11.06,6.43,15.67,12.84,6.92,15.64,6.33,19.97,16.66,16.54,20.85,19.91,25.0,17.58,7.65,5.89,5.09,15.13,19.07,17.52,10.01,16.1,16.35,17.25,14.31,10.22,15.31,9.14,14.72,21.63,22.71,16.22,13.13,17.97,20.37,23.16,24.49,28.31,30.96,29.86,28.46,22.19,26.34,31.6,31.04,22.05,26.36,29.51,25.77,26.38,16.46,14.66,14.27,10.8,14.12,15.43,15.62,26.28,29.08,29.25,28.35,26.37,23.4,27.57,27.8,25.06,25.74,26.33,28.98,28.3,14.96,17.13,19.34,19.73,15.66,16.99,26.22,18.54,17.24,18.12,25.78,16.64,14.46,21.43,26.17,17.97,15.07,16.38,13.91,13.93,27.56,17.02,16.17,15.08,19.37,18.88,19.51,20.96,18.32,22.82,14.93,16.32,25.03,25.49,21.16,23.39,16.62,17.53,20.46,22.34,18.9,26.99,15.26,23.13,21.33,22.85,22.44,23.79,22.55,23.32,23.58,24.2,24.03,21.25,27.98,26.36,18.47,21.26,22.25,26.3,15.65,27.01,18.09,19.47,22.88,13.6,19.43,22.05,22.57,15.93,17.5,25.94,25.5,27.19,23.95,23.61,22.28,28.01,24.78,22.55,18.96,25.28,17.36,28.67,27.96,29.2,31.73,32.94,34.09,27.62,25.98,35.01,28.05,32.6,28.35,33.54,35.55,26.8,32.19
7.26,15.84,9.7,10.06,16.59,11.23,1.69,16.28,26.68,15.9,26.29,13.39,12.41,16.92,16.14,21.12,18.39,24.57,8.13,22.73,13.36,16.09,17.33,10.61,5.09,8.92,21.58,1.81,14.85,12.67,24.9,15.52,22.4,15.77,14.83,21.93,28.48,16.22,4.11,15.79,9.39,15.41,14.0,12.8,22.42,18.7,13.75,27.28,15.84,8.0,9.86,18.24,20.55,26.34,22.48,14.47,26.6,15.54,14.06,13.73,14.72,13.15,22.99,30.49,16.26,23.94,4.73,24.17,24.68,17.7,12.07,12.62,8.92,3.47,14.16,16.16,9.65,11.88,21.57,3.47,19.56,20.95,2.27,21.65,19.81,12.36,16.2,5.05,20.62,15.21,17.08,23.61,16.18,13.37,15.2,21.5,23.5,15.73,13.35,13.16,11.88,15.76,11.4,12.75,11.94,12.19,11.28,14.66,14.58,8.74,12.27,10.0,11.87,10.01,9.82,11.15,11.26,11.79,10.45,13.1,12.94,13.63,11.35,17.15,7.43,2.43,6.3,30.07,4.09,3.82,0.0,2.92,8.59,8.38,2.87,11.1,11.63,7.78,13.74,10.48,7.82,0.95,8.04,6.06,8.9,15.39,15.43,19.45,17.44,17.66,17.4,14.24,18.22,16.72,15.12,16.85,16.91,18.88,16.67,19.55,9.43,7.87,17.11,11.77,8.35,17.07,10.19,18.9,15.59,17.97,19.78,21.34,23.93,19.01,13.51,11.75,10.95,14.06,17.81,16.27,11.45,17.54,17.78,18.68,15.74,11.65,16.74,15.74,16.16,20.38,21.46,17.65,14.56,21.41,19.11,21.9,23.23,27.05,29.71,28.6,27.21,20.93,25.08,30.34,29.78,20.79,25.1,28.25,24.51,25.13,18.42,16.09,15.7,12.24,15.55,16.86,17.05,28.24,31.05,31.22,28.4,28.34,25.37,29.54,29.77,27.03,27.71,28.3,27.73,30.27,16.4,18.57,20.77,21.17,17.09,18.43,27.65,19.98,18.67,19.55,27.21,18.08,15.9,22.86,27.61,19.4,16.5,17.81,15.34,15.37,29.0,18.46,17.6,16.51,20.81,20.32,21.48,22.4,19.76,24.79,16.9,18.29,27.0,27.46,23.13,25.36,18.59,19.5,22.43,24.31,17.64,28.96,17.23,25.1,23.3,24.82,24.4,25.76,24.52,24.75,25.01,25.64,25.47,22.68,29.41,27.79,19.91,22.69,23.68,27.74,17.09,28.44,19.52,20.91,24.31,15.03,20.87,23.49,24.01,17.36,18.94,27.37,26.94,28.62,25.39,25.05,25.72,29.45,26.22,25.99,20.93,26.71,19.33,30.1,29.39,30.63,33.17,34.38,35.52,29.06,27.41,36.44,29.49,34.03,29.79,34.97,36.99,28.23,33.63
9.39,12.92,6.78,10.23,13.67,8.31,2.9,14.33,23.43,12.98,23.37,10.47,10.46,16.73,15.95,18.2,18.56,21.65,8.3,22.54,10.44,15.9,14.41,10.78,6.31,9.09,18.66,2.5,11.93,9.75,20.33,15.33,17.91,12.86,12.87,22.12,25.22,12.96,7.94,15.6,9.67,12.15,11.09,9.88,19.51,18.87,12.43,24.02,15.64,10.12,5.86,15.33,17.63,23.43,22.29,11.21,26.41,15.35,11.14,10.81,12.76,10.24,20.07,27.57,13.0,21.02,6.42,21.25,21.76,14.78,9.15,9.71,9.09,3.75,11.24,12.91,6.73,8.96,18.65,5.24,16.64,18.03,1.59,21.46,19.62,9.44,13.28,5.22,20.43,13.26,13.82,20.69,13.26,10.46,12.28,22.92,20.59,12.81,12.04,10.24,8.96,12.51,9.44,9.83,9.02,9.91,8.36,11.4,11.66,5.82,9.35,8.55,9.08,7.09,7.06,8.87,8.34,8.87,7.13,10.18,9.69,10.37,8.07,17.33,9.8,6.29,7.01,29.88,4.79,3.14,2.92,0.0,8.37,8.16,5.79,14.7,15.23,7.55,17.35,10.25,7.6,3.87,11.64,9.66,12.51,19.0,20.67,24.7,17.22,22.9,17.17,14.02,17.99,16.5,14.9,16.62,16.69,24.13,16.44,19.33,9.58,4.95,14.19,11.94,5.43,14.15,7.27,19.08,15.76,15.05,19.95,18.42,24.1,16.1,10.59,8.84,8.03,14.23,17.59,16.04,8.53,14.62,14.86,15.76,12.82,8.73,13.82,12.83,13.24,20.15,21.23,14.74,11.64,16.49,18.88,21.67,23.01,26.82,29.48,28.37,26.98,20.71,24.86,30.12,29.55,20.57,24.88,28.03,24.28,24.9,14.97,13.18,12.78,9.32,12.63,13.94,14.13,24.79,27.6,27.77,26.87,24.89,21.91,26.09,26.32,23.58,24.25,24.85,27.5,26.82,13.48,15.65,17.85,18.25,14.17,15.51,24.73,17.06,15.75,16.63,24.3,15.16,12.98,19.95,24.69,16.49,13.58,14.89,12.42,12.45,26.08,15.54,14.68,13.6,17.89,17.4,18.02,19.48,16.84,21.33,13.45,14.84,23.55,24.01,19.67,21.91,15.14,16.05,18.98,20.86,17.41,25.51,13.78,21.65,19.84,21.37,20.95,22.31,21.06,21.84,22.1,22.72,22.55,19.77,26.49,24.87,16.99,19.77,20.76,24.82,14.17,25.52,16.6,17.99,21.39,12.11,17.95,20.57,21.09,14.45,16.02,24.45,24.02,25.71,22.47,22.13,20.79,26.53,23.3,21.07,17.48,23.79,15.87,27.18,26.47,27.71,30.25,31.46,32.61,26.14,24.49,33.52,26.57,31.11,26.87,32.05,34.07,25.32,30.71
13.03,13.19,7.61,17.19,14.5,9.14,7.02,8.35,22.42,13.81,23.64,11.7,8.15,8.88,8.1,19.43,25.52,21.92,15.26,14.69,10.71,8.05,14.68,17.74,12.22,16.05,19.89,10.87,12.76,10.58,20.63,7.48,18.13,13.13,10.93,13.89,24.22,11.95,9.88,7.75,5.12,11.14,11.92,11.11,19.78,25.83,9.48,19.85,7.79,13.77,5.12,15.6,17.9,24.26,14.44,10.2,18.56,7.5,11.98,11.64,9.37,11.07,20.35,27.84,12.0,21.29,11.87,21.52,22.03,15.06,9.99,10.54,16.05,12.12,12.47,11.9,7.96,9.79,18.92,10.61,16.92,18.86,9.96,13.61,11.77,10.27,14.11,12.18,12.58,10.44,12.81,20.96,14.09,11.29,12.56,13.46,20.86,13.64,9.09,11.07,8.94,11.5,7.13,9.71,10.25,7.93,9.59,10.39,11.93,7.05,9.62,5.74,7.6,8.32,5.56,6.88,8.22,11.7,6.19,10.45,8.68,9.36,7.08,24.29,13.2,9.56,13.43,22.03,11.23,9.85,8.59,8.37,0.0,1.26,8.88,9.07,9.6,1.92,11.71,2.7,1.44,8.07,6.01,4.03,6.88,13.36,13.12,17.14,9.66,15.35,9.62,6.47,10.44,8.95,7.34,9.07,9.14,16.57,8.89,11.78,4.65,5.66,14.9,19.13,6.14,14.86,7.98,23.02,22.95,15.76,27.14,19.13,33.8,16.8,11.3,9.55,8.74,21.42,10.03,8.49,9.24,15.33,15.57,16.47,13.53,9.44,14.53,13.53,13.95,12.6,13.68,15.44,12.35,13.64,11.33,14.12,15.46,19.27,21.93,20.82,19.43,13.16,17.3,22.57,22.0,13.01,17.32,20.48,16.73,17.35,13.65,13.51,13.12,9.04,12.35,13.66,13.85,23.46,26.27,26.44,20.62,23.56,20.59,23.97,24.99,22.25,22.93,23.52,19.95,25.49,14.19,16.36,18.56,18.96,14.88,16.22,25.44,17.77,16.09,16.97,25.01,15.87,13.69,20.66,25.4,17.19,13.92,15.23,13.13,12.79,26.79,15.87,15.02,14.31,18.23,17.74,16.7,19.19,16.55,14.89,12.12,13.51,22.22,22.68,18.35,20.58,13.81,14.72,17.65,19.53,9.86,24.18,12.45,20.32,18.52,20.04,19.62,20.98,19.74,21.55,21.81,23.06,22.88,20.1,26.83,25.21,17.33,20.11,21.1,25.16,13.89,25.86,16.94,18.32,21.73,12.45,18.29,20.91,21.42,14.78,15.73,24.17,23.73,28.24,22.18,21.85,20.94,29.06,23.01,21.21,16.15,23.51,14.55,26.9,26.19,27.43,29.96,31.17,32.32,25.86,24.83,33.24,26.28,30.83,26.59,31.77,33.78,25.03,30.42
12.82,12.98,7.4,16.98,14.29,8.93,6.81,8.89,22.21,13.6,23.43,11.49,7.94,9.42,8.64,19.21,25.31,21.71,15.05,15.22,10.5,8.59,14.47,17.53,12.01,15.84,19.68,10.66,12.55,10.37,20.42,8.02,17.92,12.92,10.35,14.43,24.01,11.74,9.67,8.29,4.91,10.93,11.71,10.9,19.57,25.62,9.27,22.8,8.33,13.56,4.91,15.39,17.69,24.05,14.98,9.99,19.1,8.04,11.77,11.43,9.91,10.86,20.14,27.63,11.78,21.08,11.66,21.31,21.82,14.84,9.78,10.33,15.84,11.91,12.26,11.69,7.75,9.58,18.71,10.4,16.71,18.65,9.75,14.15,12.31,10.06,13.9,11.97,13.12,10.98,12.6,20.75,13.88,11.08,12.35,14.0,20.65,13.43,8.88,10.86,8.73,11.29,6.92,9.5,10.04,7.72,9.38,10.18,11.72,6.84,9.41,5.53,7.39,8.11,5.35,6.67,8.01,11.49,5.98,10.24,8.47,9.15,6.87,24.08,12.99,9.35,13.22,22.57,11.02,9.64,8.38,8.16,1.26,0.0,9.34,7.82,8.35,2.38,10.46,3.14,2.33,8.53,4.19,2.78,5.06,12.11,13.56,17.59,10.11,15.8,10.06,6.91,10.88,9.39,7.79,9.51,9.58,17.02,9.33,12.22,5.12,6.12,15.36,19.59,6.61,15.33,8.44,23.49,23.41,16.23,27.6,19.6,34.27,17.27,11.76,10.01,9.2,21.88,10.48,8.93,9.7,15.79,16.03,16.94,14.0,9.9,14.99,14.0,14.41,13.04,14.12,15.91,12.82,14.08,11.77,14.57,15.9,19.72,22.37,21.26,19.87,13.6,17.75,23.01,22.45,13.46,17.77,20.92,17.17,17.79,14.11,13.97,13.58,9.5,12.81,14.12,14.31,23.37,26.74,26.9,21.06,24.02,21.05,24.41,25.45,22.71,23.39,23.98,20.39,25.95,14.65,16.82,19.02,19.42,15.34,16.68,25.91,18.23,16.55,17.43,25.47,16.33,14.15,21.12,25.86,17.66,14.38,15.69,13.59,13.25,27.25,16.34,15.48,14.77,18.69,18.2,17.16,19.66,17.02,15.34,12.58,13.98,22.69,23.14,18.81,21.04,14.28,15.18,18.12,19.99,10.31,24.65,12.91,20.79,18.98,20.5,20.09,21.44,20.2,22.01,22.27,23.52,23.35,20.56,27.29,25.67,17.79,20.57,21.56,25.62,14.35,26.32,17.4,18.79,22.19,12.91,18.75,21.37,21.89,15.24,16.2,24.63,24.2,28.7,22.65,22.31,21.4,29.52,23.48,21.67,16.62,23.97,15.01,27.36,26.65,27.89,30.43,31.64,32.78,26.32,25.29,33.7,26.75,31.29,27.05,32.23,34.24,25.49,30.88
4.74,17.5,12.39,8.9,19.28,13.92,4.56,16.33,26.72,18.59,27.95,15.68,12.46,16.96,16.19,23.4,17.23,26.23,6.97,22.77,15.02,16.14,18.99,9.45,3.93,7.75,23.87,4.68,17.54,15.36,24.94,15.56,22.44,17.44,14.87,21.98,28.52,16.26,1.58,15.83,9.43,15.45,16.7,15.08,24.09,17.53,13.79,27.32,15.88,5.47,9.9,19.91,22.21,29.04,22.53,14.51,26.64,15.59,16.76,16.42,14.76,15.85,24.65,32.15,16.3,25.6,3.57,25.83,26.34,19.36,14.77,15.32,7.76,3.8,16.45,16.21,12.74,14.57,23.23,2.31,21.22,23.64,5.14,21.7,19.85,15.05,18.89,3.88,20.67,15.26,17.12,25.27,18.87,16.07,16.86,21.54,25.17,18.42,13.4,15.85,13.25,15.81,11.44,14.02,14.23,12.24,13.56,14.7,16.24,11.83,13.93,10.04,11.91,12.3,9.87,11.19,12.53,16.48,10.5,14.76,12.99,13.67,11.39,15.99,4.91,1.26,5.14,30.11,2.93,6.68,2.87,5.79,8.88,9.34,0.0,11.14,10.48,7.82,12.59,10.52,7.87,2.1,8.08,6.1,8.95,14.24,15.47,19.49,17.48,17.7,17.44,14.29,18.26,16.77,15.16,16.89,16.96,18.92,16.71,19.6,9.48,10.85,20.09,10.59,11.33,20.05,13.17,17.72,14.41,20.95,18.6,24.32,22.75,21.99,16.49,14.73,13.93,12.88,17.86,16.31,14.43,20.52,20.76,21.66,18.72,14.63,19.72,18.72,19.14,20.42,21.5,20.63,17.54,21.46,19.15,21.94,23.28,27.09,29.75,28.64,27.25,20.98,25.13,30.39,29.82,20.84,25.14,28.3,24.55,25.17,18.47,18.34,17.94,13.86,17.17,18.48,18.67,28.29,31.1,31.26,28.44,28.39,25.41,29.58,29.81,27.07,27.75,28.34,27.77,30.31,19.38,21.55,23.75,24.15,20.07,21.41,30.63,22.96,20.91,21.79,30.19,21.05,18.88,25.84,30.59,22.38,18.74,20.05,18.32,17.61,31.98,20.7,19.84,19.49,23.05,22.56,21.52,24.02,21.38,24.83,16.94,18.34,27.05,27.51,23.17,25.4,18.64,19.54,22.48,24.36,17.68,29.01,17.27,25.15,23.34,24.86,24.45,25.8,24.56,26.37,26.63,27.88,27.71,24.93,31.65,30.03,22.15,24.93,25.92,29.98,18.71,30.68,21.76,23.15,26.55,17.27,23.11,25.73,26.25,19.61,20.56,28.99,28.56,33.06,27.01,26.67,25.76,33.88,27.84,26.03,20.98,28.33,19.37,31.72,31.01,32.25,34.79,36.0,37.14,30.68,29.65,38.06,31.11,35.65,31.41,36.59,38.61,29.86,35.25
10.43,19.53,13.95,19.69,20.84,15.48,9.29,14.51,25.04,20.15,29.98,18.04,14.49,7.23,11.12,25.76,28.45,28.26,17.77,18.26,17.05,11.63,21.02,20.24,14.72,18.55,26.23,10.36,19.1,16.92,26.97,11.28,24.47,19.46,14.51,17.47,30.55,18.29,12.38,9.5,11.46,17.48,18.26,17.44,26.11,28.76,15.82,23.43,6.14,10.02,11.46,21.94,24.24,30.6,18.02,16.54,22.14,11.08,18.31,17.98,12.95,17.4,26.68,34.18,18.33,27.63,13.38,27.86,28.37,21.39,16.32,16.88,18.56,14.6,18.81,18.24,14.3,16.13,25.26,13.11,23.25,25.2,16.3,17.19,15.35,16.61,20.45,14.68,16.16,14.02,19.15,27.3,20.43,17.63,18.89,17.04,27.19,19.98,15.42,17.41,15.28,17.84,13.47,16.05,16.59,14.27,15.92,16.73,18.27,13.39,15.96,12.07,13.94,14.65,11.89,13.22,14.56,18.03,12.53,16.79,15.02,15.7,13.42,27.22,11.98,12.06,15.94,22.99,13.73,16.19,11.1,14.7,9.07,7.82,11.14,0.0,5.04,7.15,7.15,11.61,8.26,10.46,7.93,5.04,8.8,8.8,4.65,8.67,13.22,6.88,7.83,7.8,5.25,4.64,6.48,12.63,7.08,8.1,9.42,6.35,11.04,12.05,21.29,21.52,12.53,21.25,14.37,29.41,25.68,22.15,29.87,25.52,40.19,23.19,17.69,15.94,15.13,24.12,13.6,12.05,15.63,21.72,21.96,22.86,19.92,15.83,20.92,19.92,20.34,16.16,17.24,21.84,18.74,17.2,14.89,17.68,19.02,22.83,20.13,19.03,21.29,16.72,20.87,26.13,20.21,16.58,20.88,21.01,20.29,20.91,20.04,19.9,19.51,15.43,18.74,20.05,20.24,26.49,27.49,27.65,24.18,24.78,21.8,27.53,26.2,23.46,24.14,24.74,23.51,26.71,20.58,22.75,24.95,25.35,21.27,22.61,31.83,24.16,22.48,23.36,31.4,22.26,20.08,27.05,31.79,23.59,20.31,21.62,19.52,19.18,33.18,22.26,21.41,20.7,24.62,24.13,23.09,25.58,22.94,18.45,18.51,19.9,28.61,29.07,24.74,26.97,20.2,18.45,19.41,25.92,13.42,30.57,18.84,21.54,24.91,26.43,20.84,27.37,26.13,27.94,28.2,29.45,29.28,26.49,33.22,31.6,23.72,26.5,27.49,31.55,20.28,32.25,23.33,24.72,28.12,18.84,24.68,27.3,27.82,21.17,22.12,30.56,30.12,34.63,28.57,28.24,27.33,35.45,29.4,27.6,22.54,29.9,20.94,33.29,32.58,33.82,36.35,37.56,38.71,32.25,31.22,39.63,32.67,37.22,32.98,38.16,40.17,31.42,36.81
6.53,20.06,14.48,16.49,21.37,16.01,9.82,17.16,29.28,20.68,30.51,18.57,15.02,11.94,15.84,26.29,24.55,28.79,14.56,23.49,17.58,16.86,21.55,17.04,10.92,15.35,26.76,10.89,19.63,17.45,27.5,16.29,25.0,20.0,17.43,22.7,31.08,18.82,8.9,14.22,11.99,18.01,18.79,17.97,26.65,24.86,16.35,29.88,10.86,6.12,11.99,22.47,24.77,31.13,23.25,17.07,27.37,16.31,18.84,18.51,18.18,17.94,27.21,34.71,18.86,28.16,9.47,28.39,28.9,21.92,16.85,17.41,15.35,11.39,19.34,18.77,14.83,16.66,25.79,9.98,23.78,25.73,16.83,22.42,20.57,17.14,20.98,11.48,21.39,17.82,19.68,27.83,20.96,18.16,19.42,22.26,27.73,20.51,15.95,17.94,15.81,18.37,14.0,16.58,17.12,14.8,16.46,17.26,18.8,13.92,16.49,12.6,14.47,15.19,12.42,13.75,15.09,18.56,13.06,17.32,15.55,16.23,13.95,23.32,8.08,10.56,12.13,27.71,12.23,16.72,11.63,15.23,9.6,8.35,10.48,5.04,0.0,7.68,2.11,11.45,8.79,12.26,8.46,5.57,9.33,3.76,9.37,13.39,18.41,11.6,12.55,12.52,9.97,9.36,11.2,17.82,11.79,12.82,14.14,11.07,11.58,12.58,21.82,18.2,13.07,21.79,14.9,25.06,21.78,22.68,25.97,26.06,30.09,23.73,18.22,16.47,15.66,20.22,18.78,17.24,16.16,22.25,22.49,23.4,20.46,16.36,21.45,20.46,20.87,21.34,22.43,22.37,19.27,22.38,20.08,22.87,24.2,28.02,24.85,23.75,26.01,21.9,26.05,31.31,24.93,21.76,26.07,25.73,25.48,26.09,20.57,20.43,20.04,15.96,19.27,20.58,20.77,30.39,33.19,33.36,29.37,30.48,27.51,31.68,31.91,29.17,29.85,30.44,28.7,32.41,21.11,23.28,25.48,25.88,21.8,23.14,32.36,24.69,23.01,23.89,31.93,22.79,20.61,27.58,32.32,24.12,20.84,22.15,20.05,19.71,33.71,22.8,21.94,21.23,25.15,24.66,23.62,26.11,23.48,23.64,19.04,20.44,29.14,29.6,25.27,27.5,20.74,21.64,24.58,26.45,18.61,31.1,19.37,27.24,25.44,26.96,26.55,27.9,26.66,28.47,28.73,29.98,29.81,27.02,33.75,32.13,24.25,27.03,28.02,32.08,20.81,32.78,23.86,25.25,28.65,19.37,25.21,27.83,28.35,21.7,22.66,31.09,30.66,35.16,29.1,28.77,27.86,35.98,29.93,28.13,23.08,30.43,21.47,33.82,33.11,34.35,36.88,38.09,39.24,32.78,31.75,40.16,33.2,37.75,33.51,38.69,40.7,31.95,37.34
12.22,12.38,6.79,16.37,13.69,8.33,6.2,9.48,21.6,13.0,22.83,10.88,7.33,10.0,9.22,18.61,24.71,21.1,14.45,15.81,9.89,9.18,13.87,16.92,11.4,15.23,19.08,10.05,11.95,9.77,19.82,8.6,17.32,12.31,9.75,15.01,23.4,11.14,9.06,8.87,4.3,10.32,11.1,10.29,18.96,25.01,8.66,22.2,8.92,12.95,4.3,14.78,17.09,23.44,15.57,9.39,19.68,8.62,11.16,10.83,10.49,10.25,19.53,27.02,11.18,20.48,11.05,20.71,21.21,14.24,9.17,9.72,15.24,11.3,11.65,11.08,7.15,8.98,18.11,9.79,16.1,18.05,9.14,14.74,12.89,9.46,13.3,11.36,13.7,10.13,11.99,20.14,13.28,10.47,11.74,14.58,20.04,12.83,8.27,10.26,8.12,10.68,6.32,8.9,9.43,7.11,8.77,9.57,11.11,6.23,8.81,4.92,6.79,7.5,4.74,6.07,7.4,10.88,5.37,9.63,7.86,8.55,6.27,23.47,12.38,8.74,12.62,23.15,10.41,9.03,7.78,7.55,1.92,2.38,7.82,7.15,7.68,0.0,9.8,3.76,1.11,7.31,4.09,2.11,4.96,11.44,11.48,15.51,10.73,13.72,10.68,7.53,11.5,10.01,8.41,10.13,10.2,14.94,9.95,12.84,3.89,4.9,14.14,18.36,5.38,14.1,7.22,22.26,22.19,15.0,26.38,18.37,33.04,16.04,10.54,8.78,7.98,20.65,11.1,9.55,8.48,14.57,14.81,15.71,12.77,8.68,13.77,12.77,13.19,13.66,14.74,14.68,11.59,14.7,12.39,15.18,16.52,20.33,22.99,21.88,20.49,14.22,18.37,23.63,23.06,14.08,18.39,21.54,17.79,18.41,12.88,12.75,12.36,8.27,11.58,12.89,13.09,22.7,25.51,25.68,21.68,22.8,19.82,24.0,24.23,21.49,22.16,22.76,21.01,24.73,13.43,15.6,17.8,18.2,14.12,15.45,24.68,17.01,15.33,16.21,24.24,15.1,12.92,19.89,24.64,16.43,13.16,14.47,12.37,12.02,26.03,15.11,14.26,13.54,17.46,16.97,15.93,18.43,15.79,15.96,11.36,12.75,21.46,21.92,17.58,19.82,13.05,13.96,16.89,18.77,10.92,23.42,11.69,19.56,17.75,19.28,18.86,20.22,18.97,20.79,21.05,22.29,22.12,19.34,26.07,24.45,16.56,19.35,20.34,24.39,13.12,25.1,16.18,17.56,20.97,11.69,17.52,20.14,20.66,14.02,14.97,23.4,22.97,27.47,21.42,21.08,20.17,28.3,22.25,20.45,15.39,22.74,13.78,26.14,25.42,26.66,29.2,30.41,31.56,25.09,24.07,32.48,25.52,30.07,25.82,31.01,33.02,24.27,29.66
8.64,22.17,16.59,18.6,23.48,18.12,11.93,19.27,31.4,22.79,32.62,20.68,17.13,14.06,17.95,28.4,26.66,30.9,16.67,25.6,19.69,18.97,23.66,19.15,13.03,17.46,28.87,13.0,21.74,19.56,29.61,18.4,27.11,22.11,19.54,24.81,33.2,20.93,11.01,16.33,14.1,20.12,20.9,20.09,28.76,26.97,18.46,31.99,12.97,8.23,14.1,24.58,26.88,33.24,25.36,19.18,29.48,18.42,20.96,20.62,20.29,20.05,29.33,36.82,20.97,30.27,11.59,30.5,31.01,24.03,18.97,19.52,17.46,13.5,21.45,20.88,16.94,18.77,27.9,12.09,25.9,27.84,18.94,24.53,22.68,19.25,23.09,13.59,23.5,19.93,21.79,29.94,23.07,20.27,21.54,24.38,29.84,22.62,18.07,20.05,17.92,20.48,16.11,18.69,19.23,16.91,18.57,19.37,20.91,16.03,18.6,14.72,16.58,17.3,14.54,15.86,17.2,20.68,15.17,19.43,17.66,18.34,16.06,25.43,10.19,12.67,14.24,29.82,14.34,18.83,13.74,17.35,11.71,10.46,12.59,7.15,2.11,9.8,0.0,13.56,10.9,14.37,10.58,7.68,11.44,1.65,11.48,15.5,20.52,13.71,14.66,14.63,12.08,11.47,13.31,19.93,13.91,14.93,16.25,13.18,13.69,14.69,23.93,20.31,15.18,23.9,17.01,27.18,23.89,24.8,28.08,28.17,32.2,25.84,20.33,18.58,17.77,22.33,20.89,19.35,18.27,24.36,24.6,25.51,22.57,18.47,23.56,22.57,22.98,23.46,24.54,24.48,21.39,24.49,22.19,24.98,26.31,30.13,26.96,25.86,28.12,24.01,28.16,33.42,27.04,23.87,28.18,27.84,27.59,28.2,22.68,22.54,22.15,18.07,21.38,22.69,22.88,32.5,35.31,35.47,31.48,32.59,29.62,33.79,34.02,31.28,31.96,32.55,30.81,34.52,23.22,25.39,27.59,27.99,23.91,25.25,34.48,26.8,25.12,26.0,34.04,24.9,22.72,29.69,34.43,26.23,22.95,24.26,22.16,21.82,35.82,24.91,24.05,23.34,27.26,26.77,25.73,28.23,25.59,25.75,21.15,22.55,31.26,31.71,27.38,29.61,22.85,23.75,26.69,28.56,20.72,33.22,21.48,29.36,27.55,29.07,28.66,30.01,28.77,30.58,30.84,32.09,31.92,29.14,35.86,34.24,26.36,29.14,30.13,34.19,22.92,34.89,25.97,27.36,30.76,21.48,27.32,29.94,30.46,23.81,24.77,33.2,32.77,37.27,31.22,30.88,29.97,38.09,32.05,30.24,25.19,32.54,23.58,35.93,35.22,36.46,39.0,40.2,41.35,34.89,33.86,42.27,35.32,39.86,35.62,40.8,42.81,34.06,39.45
14.92,15.08,9.5,19.08,16.39,11.03,8.9,6.38,19.49,15.7,25.53,13.58,3.39,6.9,6.12,21.31,27.41,23.81,17.15,12.71,12.59,6.08,16.57,19.63,14.11,17.93,21.78,12.75,14.65,12.47,22.52,5.5,20.02,15.01,5.63,11.91,19.97,13.84,11.76,5.77,7.01,13.03,13.8,12.99,21.66,27.71,11.37,17.88,5.82,15.65,7.01,17.48,19.79,26.14,12.47,12.09,16.58,5.52,13.86,13.53,7.39,12.95,22.23,29.72,13.88,23.18,13.75,23.41,23.91,16.94,11.87,12.42,17.94,14.0,14.36,13.78,9.85,11.68,20.81,12.49,18.8,20.75,11.85,11.63,9.79,12.16,16.0,14.06,10.6,8.46,14.7,22.85,15.98,13.17,14.44,11.48,22.74,15.53,10.97,12.96,10.83,13.39,4.32,11.6,12.13,9.81,11.47,12.28,13.81,8.94,11.51,7.62,9.49,10.2,7.44,8.77,10.1,13.58,8.07,12.34,10.56,11.25,8.97,26.17,15.09,11.44,15.32,20.05,13.11,11.74,10.48,10.25,2.7,3.14,10.52,11.61,11.45,3.76,13.56,0.0,3.76,9.96,7.9,5.92,8.15,15.25,11.14,15.17,7.69,13.38,7.65,4.49,8.46,6.97,5.37,7.1,7.16,14.6,6.91,9.8,6.54,7.55,16.79,21.01,8.03,16.75,9.87,24.91,24.84,17.65,29.03,21.02,35.69,18.69,13.19,11.43,10.63,23.31,8.06,6.51,11.13,17.22,17.46,18.36,15.42,11.33,16.42,15.42,15.84,10.62,11.7,17.33,14.24,11.66,9.36,12.15,13.48,17.3,19.95,18.85,17.45,11.18,15.33,20.59,20.03,11.04,15.35,18.5,14.76,15.37,15.53,15.4,15.01,10.92,14.23,15.54,15.74,20.95,21.95,22.12,18.64,19.24,16.26,22.0,20.67,17.93,18.61,19.2,17.97,21.17,16.08,18.25,20.45,20.85,16.77,18.1,27.33,19.66,17.98,18.86,26.89,17.75,15.57,22.54,27.29,19.08,15.81,17.12,15.02,14.67,28.68,17.76,16.91,16.19,20.11,19.62,18.58,21.08,18.44,12.92,14.01,15.4,20.0,20.45,14.53,18.35,15.7,12.91,13.87,17.31,7.89,21.96,14.34,16.0,16.29,17.81,15.3,18.75,17.51,23.44,23.7,24.94,24.77,21.99,28.72,27.1,19.21,22.0,22.99,27.04,15.77,27.75,18.83,20.21,23.62,14.34,20.17,22.79,23.31,16.67,17.62,26.05,25.62,26.01,24.07,23.73,22.82,26.83,24.9,22.12,18.04,25.4,16.43,28.79,28.07,29.31,31.85,33.06,34.21,27.74,26.72,35.13,28.17,32.72,28.47,33.66,35.67,26.92,32.31
12.27,12.43,6.84,16.42,13.74,8.38,6.25,9.43,21.65,13.04,22.88,10.93,7.38,9.95,9.18,18.66,24.76,21.15,14.5,15.76,9.94,9.13,13.92,16.97,11.45,15.28,19.12,10.1,12.0,9.82,19.87,8.55,17.37,12.36,9.8,14.97,23.45,11.19,9.11,8.82,4.35,10.37,11.15,10.34,19.01,25.06,8.71,22.24,8.87,13.0,4.35,14.83,17.14,23.49,15.52,9.44,19.63,8.58,11.21,10.87,10.45,10.3,19.58,27.07,11.23,20.53,11.1,20.75,21.26,14.29,9.22,9.77,15.28,11.35,11.7,11.13,7.19,9.03,18.15,9.84,16.15,18.09,9.19,14.69,12.84,9.5,13.35,11.41,13.66,10.18,12.04,20.19,13.33,10.52,11.79,14.53,20.09,12.87,8.32,10.31,8.17,10.73,6.37,8.94,9.48,7.16,8.82,9.62,11.16,6.28,8.85,4.97,6.83,7.55,4.79,6.11,7.45,10.93,5.42,9.68,7.91,8.6,6.32,23.52,12.43,8.79,12.67,23.1,10.46,9.08,7.82,7.6,1.44,2.33,7.87,8.26,8.79,1.11,10.9,3.76,0.0,7.26,5.2,3.22,6.06,12.55,14.22,18.25,10.77,16.46,10.73,7.57,11.54,10.05,8.45,10.18,10.24,17.68,10.0,12.88,3.84,4.84,14.09,18.31,5.33,14.05,7.16,22.21,22.14,14.95,26.33,18.32,32.99,15.99,10.49,8.73,7.93,20.6,11.14,9.59,8.42,14.51,14.76,15.66,12.72,8.63,13.72,12.72,13.14,13.7,14.78,14.63,11.54,14.74,12.44,15.23,16.56,20.38,23.03,21.93,20.53,14.26,18.41,23.67,23.11,14.12,18.43,21.58,17.84,18.45,12.83,12.7,12.3,8.22,11.53,12.84,13.03,22.65,25.46,25.62,21.72,22.75,19.77,23.94,24.17,21.43,22.11,22.71,21.05,24.68,13.38,15.55,17.75,18.14,14.07,15.4,24.63,16.96,15.27,16.16,24.19,15.05,12.87,19.84,24.58,16.38,13.1,14.42,12.32,11.97,25.97,15.06,14.2,13.49,17.41,16.92,15.88,18.38,15.74,16.0,11.31,12.7,21.41,21.87,17.53,19.76,13.0,13.91,16.84,18.72,10.97,23.37,11.63,19.51,17.7,19.23,18.81,20.16,18.92,20.74,21.0,22.24,22.07,19.29,26.02,24.39,16.51,19.3,20.29,24.34,13.07,25.05,16.13,17.51,20.91,11.63,17.47,20.09,20.61,13.97,14.92,23.35,22.92,27.42,21.37,21.03,20.12,28.25,22.2,20.4,15.34,22.69,13.73,26.08,25.37,26.61,29.15,30.36,31.51,25.04,24.02,32.42,25.47,30.01,25.77,30.95,32.97,24.22,29.61
6.5,16.69,11.58,9.11,18.47,13.11,2.64,15.52,25.92,17.78,27.14,14.87,11.65,16.15,15.38,22.59,17.44,25.42,7.18,21.96,14.21,15.33,18.18,9.66,4.14,7.96,23.06,2.76,16.73,14.55,24.13,14.75,21.63,16.63,14.06,21.17,27.71,15.45,3.34,15.02,8.62,14.64,15.89,14.27,23.28,17.74,12.98,26.51,15.07,7.23,9.09,19.1,21.4,28.23,21.72,13.7,25.83,14.78,15.95,15.61,13.95,15.04,23.84,31.34,15.49,24.79,3.78,25.02,25.53,18.55,13.96,14.51,7.97,4.01,15.64,15.4,11.93,13.76,22.42,2.52,20.41,22.83,3.22,20.89,19.04,14.24,18.08,4.09,19.86,14.45,16.31,24.46,18.06,15.26,16.05,20.73,24.36,17.61,12.59,15.04,12.44,15.0,10.63,13.21,13.42,11.43,12.75,13.89,15.43,11.02,13.12,9.24,11.1,11.49,9.06,10.38,11.72,15.67,9.69,13.95,12.18,12.86,10.58,16.2,6.67,1.48,5.35,29.3,3.14,4.77,0.95,3.87,8.07,8.53,2.1,10.46,12.26,7.31,14.37,9.96,7.26,0.0,7.27,5.29,8.14,14.62,14.66,18.68,16.68,16.89,16.63,13.48,17.45,15.96,14.35,16.08,16.15,18.11,15.9,18.79,8.67,10.04,19.28,10.81,10.52,19.24,12.36,17.95,14.64,20.14,18.83,23.51,22.98,21.18,15.68,13.92,13.12,13.11,17.05,15.5,13.62,19.71,19.95,20.85,17.91,13.82,18.91,17.91,18.33,19.61,20.69,19.82,16.73,20.65,18.34,21.13,22.47,26.28,28.94,27.83,26.44,20.17,24.32,29.58,29.01,20.03,24.33,27.49,23.74,24.36,17.66,17.53,17.13,13.05,16.36,17.67,17.86,27.48,30.29,30.45,27.63,27.58,24.6,28.77,29.0,26.26,26.94,27.54,26.96,29.5,18.57,20.74,22.94,23.34,19.26,20.6,29.82,22.15,20.1,20.98,29.38,20.25,18.07,25.03,29.78,21.57,17.93,19.24,17.51,16.8,31.17,19.89,19.03,18.68,22.24,21.75,20.71,23.21,20.57,24.02,16.14,17.53,26.24,26.7,22.36,24.59,17.83,18.73,21.67,23.55,16.87,28.2,16.46,24.34,22.53,24.06,23.64,24.99,23.75,25.56,25.82,27.07,26.9,24.12,30.84,29.22,21.34,24.12,25.11,29.17,17.9,29.87,20.95,22.34,25.74,16.46,22.3,24.92,25.44,18.8,19.75,28.18,27.75,32.25,26.2,25.86,24.95,33.07,27.03,25.22,20.17,27.52,18.56,30.91,30.2,31.44,33.98,35.19,36.33,29.87,28.84,37.25,30.3,34.84,30.6,35.78,37.8,29.05,34.44
12.48,16.47,10.89,16.63,17.78,12.42,6.23,13.57,25.69,17.09,26.92,14.98,11.43,7.62,8.29,22.7,24.97,25.2,14.71,15.44,13.99,8.81,17.96,17.18,11.66,15.49,23.17,7.3,16.04,13.86,23.91,12.69,21.41,16.4,13.84,14.64,27.49,15.23,9.32,6.68,8.4,14.42,15.2,14.38,23.06,25.27,12.76,26.29,6.53,13.45,8.4,18.88,21.18,27.54,15.2,13.48,19.31,8.26,15.25,14.92,10.12,14.35,23.62,31.12,15.27,24.57,11.31,24.8,25.31,18.33,13.26,13.82,15.5,11.54,15.75,15.18,11.24,13.07,22.2,10.05,20.19,22.14,13.24,14.37,12.52,13.55,17.39,11.62,13.34,14.22,16.09,24.24,17.37,14.57,15.83,14.21,24.13,16.92,12.36,14.35,12.22,14.78,10.41,12.99,13.53,11.21,12.86,13.67,15.21,10.33,12.9,9.01,10.88,11.6,8.83,10.16,11.5,14.97,9.47,13.73,11.96,12.64,10.36,23.73,12.65,9.0,12.88,23.1,10.67,13.13,8.04,11.64,6.01,4.19,8.08,7.93,8.46,4.09,10.58,7.9,5.2,7.27,0.0,2.89,1.32,12.22,12.26,16.29,10.4,14.5,8.23,4.95,5.44,7.56,4.3,9.81,6.09,15.72,6.59,10.39,7.99,8.99,18.23,18.46,9.47,18.2,11.31,26.35,22.28,19.09,26.47,22.46,37.14,20.14,14.63,12.88,12.07,20.75,10.77,9.22,12.57,18.66,18.9,19.81,16.86,12.77,17.86,16.87,17.28,13.33,14.41,18.78,15.68,14.37,12.07,14.86,16.19,20.01,20.54,19.43,21.69,13.89,18.04,23.3,20.61,13.75,18.06,21.42,17.47,18.08,16.98,16.84,16.45,12.37,15.68,16.99,17.18,26.8,29.6,29.77,21.36,26.89,23.92,28.09,28.32,25.58,26.26,26.85,20.68,28.82,17.52,19.69,21.89,22.29,18.21,19.55,28.77,21.1,19.42,20.3,28.34,19.2,17.02,23.99,28.73,20.53,17.25,18.56,16.46,16.12,30.12,19.21,18.35,17.64,21.56,21.07,20.03,22.52,19.89,15.63,15.45,16.84,25.55,26.01,21.68,23.91,17.15,18.05,20.99,22.86,10.6,27.51,15.78,23.65,21.85,23.37,22.96,24.31,23.07,24.88,25.14,26.39,26.22,23.43,30.16,28.54,20.66,23.44,24.43,28.49,17.22,29.19,20.27,21.66,25.06,15.78,21.62,24.24,24.76,18.11,19.07,27.5,27.07,31.57,25.51,25.18,24.27,32.39,26.34,24.54,19.48,26.84,17.88,30.23,29.52,30.76,33.29,34.5,35.65,29.19,28.16,36.57,29.61,34.16,29.92,35.1,37.11,28.36,33.75
10.97,14.49,8.91,14.65,15.8,10.44,4.25,11.59,23.71,15.11,24.94,13.0,9.45,12.11,11.34,20.72,22.99,23.22,12.73,17.92,12.01,11.29,15.98,15.2,9.68,13.51,21.19,5.32,14.06,11.88,21.93,10.71,19.43,14.42,11.86,17.13,25.51,13.25,7.34,10.98,6.42,12.44,13.21,12.4,21.07,23.29,10.78,24.31,11.03,10.56,6.42,16.89,19.2,25.55,17.68,11.5,21.79,10.74,13.27,12.94,12.61,12.36,21.64,29.14,13.29,22.59,9.33,22.82,23.33,16.35,11.28,11.83,13.51,9.56,13.77,13.2,9.26,11.09,20.22,8.07,18.21,20.16,11.26,16.85,15.0,11.57,15.41,9.64,15.82,12.24,14.11,22.26,15.39,12.59,13.85,16.69,22.15,14.94,10.38,12.37,10.24,12.8,8.43,11.01,11.54,9.23,10.88,11.69,13.23,8.35,10.92,7.03,8.9,9.61,6.85,8.18,9.52,12.99,7.48,11.75,9.98,10.66,8.38,21.75,10.66,7.02,10.9,25.26,8.69,11.15,6.06,9.66,4.03,2.78,6.1,5.04,5.57,2.11,7.68,5.92,3.22,5.29,2.89,0.0,3.76,9.33,9.37,13.39,12.84,11.6,12.8,9.64,9.97,9.36,10.52,12.25,12.31,12.82,12.06,14.95,6.0,7.01,16.25,16.47,7.49,16.21,9.33,24.37,20.3,17.11,24.49,20.48,35.15,18.15,12.65,10.9,10.09,18.77,13.21,11.66,10.59,16.68,16.92,17.82,14.88,10.79,15.88,14.88,15.3,15.77,16.85,16.8,13.7,16.81,14.51,17.3,18.63,22.45,25.1,24.0,22.6,16.33,20.48,25.74,25.18,16.19,20.5,23.65,19.91,20.52,15.0,14.86,14.47,10.39,13.7,15.01,15.2,24.81,27.62,27.79,23.79,24.91,21.94,26.11,26.34,23.6,24.28,24.87,23.12,26.84,15.54,17.71,19.91,20.31,16.23,17.57,26.79,19.12,17.44,18.32,26.36,17.22,15.04,22.01,26.75,18.54,15.27,16.58,14.48,14.14,28.14,17.22,16.37,15.66,19.58,19.09,18.05,20.54,17.9,18.07,13.47,14.86,23.57,24.03,19.7,21.93,15.16,16.07,19.0,20.88,13.04,25.53,13.8,21.67,19.87,21.39,20.97,22.33,21.09,22.9,23.16,24.41,24.23,21.45,28.18,26.56,18.68,21.46,22.45,26.51,15.24,27.21,18.29,19.67,23.08,13.8,19.64,22.26,22.77,16.13,17.08,25.52,25.08,29.59,23.53,23.2,22.29,30.41,24.36,22.56,17.5,24.86,15.9,28.25,27.54,28.78,31.31,32.52,33.67,27.21,26.18,34.59,27.63,32.18,27.94,33.12,35.13,26.38,31.77
13.34,17.34,11.76,17.5,18.65,13.29,7.09,11.1,26.56,17.96,27.79,15.84,12.29,7.03,7.7,23.57,25.83,26.07,15.58,14.85,14.85,8.22,18.83,18.05,12.53,16.36,24.04,8.17,16.91,14.73,24.78,7.86,22.28,17.27,11.1,14.05,28.36,16.1,10.19,6.09,9.26,15.28,16.06,15.25,23.92,26.14,13.63,20.02,5.94,14.31,9.26,19.74,22.05,28.4,14.61,14.35,18.72,7.66,16.12,15.79,9.53,15.21,24.49,31.98,16.14,25.44,12.18,25.67,26.17,19.2,14.13,14.68,16.36,12.4,16.61,16.04,12.11,13.94,23.07,10.92,21.06,23.01,14.1,13.77,11.93,14.42,18.26,12.49,12.74,10.6,16.95,25.1,18.24,15.43,16.7,13.62,25.0,17.79,13.23,15.22,13.09,15.64,11.28,13.86,14.39,12.07,13.73,14.53,16.07,11.2,13.77,9.88,11.75,12.46,9.7,11.03,12.36,15.84,10.33,14.59,12.82,13.51,11.23,24.6,13.51,9.87,13.75,22.5,11.54,13.99,8.9,12.51,6.88,5.06,8.95,8.8,9.33,4.96,11.44,8.15,6.06,8.14,1.32,3.76,0.0,13.09,11.14,15.16,9.81,13.37,7.64,4.36,4.85,6.97,3.7,9.21,5.5,14.59,6.0,9.8,8.85,9.86,19.1,19.32,10.34,19.06,12.18,27.22,23.15,19.96,27.34,23.33,38.0,21.0,15.5,13.74,12.94,21.61,10.18,8.63,13.44,19.53,19.77,20.67,17.73,13.64,18.73,17.73,18.15,12.74,13.82,19.64,16.55,13.78,11.47,14.27,15.6,19.42,19.95,18.84,21.1,13.3,17.45,22.71,20.02,13.16,17.47,20.83,16.87,17.49,17.84,17.71,17.32,13.23,16.54,17.86,18.05,23.07,24.07,24.24,20.76,21.36,18.38,24.11,22.79,20.05,20.72,21.32,20.09,23.29,18.39,20.56,22.76,23.16,19.08,20.42,29.64,21.97,20.29,21.17,29.2,20.06,17.88,24.85,29.6,21.39,18.12,19.43,17.33,16.98,30.99,20.07,19.22,18.5,22.42,21.93,20.89,23.39,20.75,15.04,16.32,17.71,26.42,26.88,22.54,24.78,18.01,15.03,15.99,23.73,10.01,28.38,16.65,18.12,22.71,24.24,17.42,25.18,23.93,25.75,26.01,27.26,27.08,24.3,31.03,29.41,21.52,24.31,25.3,29.35,18.08,30.06,21.14,22.52,25.93,16.65,22.48,25.1,25.62,18.98,19.93,28.37,27.93,32.44,26.38,26.04,25.13,33.26,27.21,25.41,20.35,27.71,18.74,31.1,30.38,31.62,34.16,35.37,36.52,30.05,29.03,37.44,30.48,35.03,30.78,35.97,37.98,29.23,34.62
10.29,23.82,18.24,20.25,25.13,19.77,13.58,20.92,33.04,24.44,34.27,22.33,18.78,15.7,19.6,30.05,28.31,32.55,18.32,27.25,21.34,20.62,25.31,20.8,14.68,19.11,30.52,14.65,23.39,21.21,31.26,20.05,28.76,23.76,21.19,26.46,34.84,22.58,12.66,17.98,15.75,21.77,22.55,21.74,30.41,28.62,20.11,33.64,14.62,9.88,15.75,26.23,28.53,34.89,27.01,20.83,31.13,20.07,22.6,22.27,21.94,21.7,30.97,38.47,22.62,31.92,13.24,32.15,32.66,25.68,20.61,21.17,19.11,15.15,23.1,22.53,18.59,20.42,29.55,13.74,27.54,29.49,20.59,26.18,24.33,20.9,24.74,15.24,25.15,21.58,23.44,31.59,24.72,21.92,23.18,26.02,31.49,24.27,19.72,21.7,19.57,22.13,17.76,20.34,20.88,18.56,20.22,21.02,22.56,17.68,20.25,16.36,18.23,18.95,16.19,17.51,18.85,22.32,16.82,21.08,19.31,19.99,17.71,27.08,11.84,14.32,15.89,31.47,15.99,20.48,15.39,19.0,13.36,12.11,14.24,8.8,3.76,11.44,1.65,15.25,12.55,14.62,12.22,9.33,13.09,0.0,13.13,17.15,22.17,15.36,16.31,16.28,13.73,13.12,14.96,21.58,15.56,16.58,17.9,14.83,15.34,16.34,25.58,21.96,16.83,25.55,18.66,28.82,25.54,26.44,29.73,29.82,33.85,27.49,21.98,20.23,19.42,23.98,22.54,21.0,19.92,26.01,26.25,27.16,24.22,20.12,25.21,24.22,24.63,25.1,26.19,26.13,23.04,26.14,23.84,26.63,27.96,31.78,28.61,27.51,29.77,25.66,29.81,35.07,28.69,25.52,29.83,29.49,29.24,29.85,24.33,24.19,23.8,19.72,23.03,24.34,24.53,34.15,36.96,37.12,33.13,34.24,31.27,35.44,35.67,32.93,33.61,34.2,32.46,36.17,24.87,27.04,29.24,29.64,25.56,26.9,36.12,28.45,26.77,27.65,35.69,26.55,24.37,31.34,36.08,27.88,24.6,25.91,23.81,23.47,37.47,26.56,25.7,24.99,28.91,28.42,27.38,29.87,27.24,27.4,22.8,24.2,32.91,33.36,29.03,31.26,24.5,25.4,28.34,30.21,22.37,34.87,23.13,31.0,29.2,30.72,30.31,31.66,30.42,32.23,32.49,33.74,33.57,30.78,37.51,35.89,28.01,30.79,31.78,35.84,24.57,36.54,27.62,29.01,32.41,23.13,28.97,31.59,32.11,25.46,26.42,34.85,34.42,38.92,32.86,32.53,31.62,39.74,33.7,31.89,26.84,34.19,25.23,37.58,36.87,38.11,40.65,41.85,43.0,36.54,35.51,43.92,36.96,41.51,37.27,42.45,44.46,35.71,41.1
14.76,25.5,19.92,24.02,26.81,21.45,13.62,14.05,24.58,26.12,35.95,24.0,14.65,6.76,10.65,31.73,32.78,34.23,22.1,17.8,23.01,11.17,26.99,24.57,19.05,22.88,32.2,14.69,25.07,22.89,28.64,10.82,30.44,25.43,14.05,17.01,25.06,24.26,16.71,9.04,17.42,23.45,24.22,23.41,32.08,33.09,21.79,22.97,5.68,14.35,17.42,27.9,30.21,36.56,17.56,22.51,20.66,10.62,24.28,23.95,12.48,23.37,32.65,40.14,24.3,33.6,17.71,33.83,34.33,27.36,22.29,22.84,22.88,18.93,24.78,24.2,20.27,22.1,31.23,17.44,29.22,31.17,22.26,16.73,14.88,22.58,26.42,19.01,15.7,13.55,25.11,33.26,26.4,23.59,24.86,16.57,33.16,25.95,21.39,23.38,21.25,23.8,15.57,22.02,22.55,20.23,21.89,22.7,24.23,19.36,21.93,18.04,19.91,20.62,17.86,19.19,20.52,24.0,18.49,22.75,20.98,21.67,19.39,31.55,16.31,16.39,20.27,20.97,18.06,22.15,15.43,20.67,13.12,13.56,15.47,4.65,9.37,11.48,11.48,11.14,14.22,14.66,12.26,9.37,11.14,13.13,0.0,4.37,12.76,2.58,7.36,7.34,4.78,4.17,6.02,12.17,6.61,3.8,8.95,5.14,16.98,17.98,27.22,25.84,18.47,27.19,20.3,35.35,30.01,28.09,34.2,31.46,46.13,29.13,23.63,21.87,21.07,28.45,13.13,11.58,21.56,27.65,27.9,28.8,25.86,21.77,26.86,25.86,26.27,15.69,16.77,27.77,24.68,16.73,14.43,17.22,18.55,21.67,18.53,17.42,19.68,16.25,20.4,24.96,18.6,16.11,20.42,19.41,19.83,20.44,25.97,25.84,25.44,21.36,24.67,25.98,26.17,26.02,27.02,27.19,23.72,24.31,21.33,27.07,25.74,23.0,23.68,24.27,23.05,26.24,26.51,28.69,30.89,31.28,27.21,28.54,37.77,30.09,28.41,29.3,37.33,28.19,26.01,32.98,37.72,29.52,26.24,27.56,25.46,25.11,39.11,28.2,27.34,26.63,30.55,30.06,29.02,31.52,28.88,17.99,24.45,25.84,25.07,25.53,19.6,23.42,26.14,17.98,18.94,22.38,12.96,27.03,24.77,21.07,21.36,22.89,20.37,23.82,22.58,33.88,34.14,35.38,35.21,32.43,39.16,37.53,29.65,32.44,33.43,37.48,26.21,38.19,29.27,30.65,34.05,24.77,30.61,33.23,33.75,27.11,28.06,36.49,36.06,31.08,34.51,34.17,28.49,31.9,35.34,27.19,28.48,35.83,26.87,39.22,38.51,39.75,42.29,43.5,44.65,38.18,37.16,45.56,38.61,43.15,38.91,44.09,46.11,37.36,42.75
18.79,29.52,23.94,28.05,30.83,25.47,17.64,18.07,28.6,30.14,39.97,28.03,18.67,10.78,14.68,35.75,33.22,38.25,26.12,21.82,27.04,15.19,31.01,28.6,23.08,26.9,36.22,18.71,29.09,26.91,32.66,14.84,34.46,29.46,18.07,21.03,29.08,28.28,20.73,13.06,21.45,27.47,28.25,27.44,36.11,33.69,25.81,26.99,9.7,18.37,21.45,31.93,34.23,40.59,21.58,26.53,23.5,14.64,28.3,27.97,16.51,27.4,36.67,44.17,28.32,37.62,21.73,37.85,38.36,31.38,26.31,26.87,26.91,22.95,28.8,28.23,24.29,26.12,35.25,21.46,33.24,35.19,26.29,20.75,18.9,26.6,30.44,23.04,19.72,17.58,29.14,37.29,30.42,27.62,28.88,20.59,37.19,29.97,25.42,27.4,25.27,27.83,19.6,26.04,26.58,24.26,25.92,26.72,28.26,23.38,25.95,22.07,23.93,24.65,21.89,23.21,24.55,28.02,22.52,26.78,25.01,25.69,23.41,30.69,20.37,20.42,24.29,23.8,22.08,26.18,19.45,24.7,17.14,17.59,19.49,8.67,13.39,15.51,15.5,15.17,18.25,18.68,16.29,13.39,15.16,17.15,4.37,0.0,16.78,3.91,10.41,11.36,8.81,8.2,10.04,16.19,10.63,5.13,12.98,7.98,21.0,22.01,31.25,30.06,22.49,31.21,24.33,32.43,29.15,32.11,35.02,35.48,37.46,33.15,27.65,25.89,25.09,27.59,17.15,15.61,25.59,31.68,31.92,32.82,29.88,25.79,30.88,29.88,30.3,19.72,20.8,31.79,28.7,20.76,18.45,21.24,22.58,24.51,21.36,20.26,22.52,20.27,24.42,27.8,21.44,20.13,24.44,22.24,23.85,24.47,29.99,29.86,29.47,25.38,28.7,30.01,30.2,30.05,31.05,31.21,27.74,28.34,25.36,31.09,29.76,27.02,27.7,28.3,27.07,30.26,30.54,32.71,34.91,35.31,31.23,32.57,41.79,34.12,32.44,33.32,41.35,32.22,30.04,37.0,41.75,33.54,30.27,31.58,29.48,29.14,43.14,32.22,31.37,30.65,34.58,34.08,33.05,35.54,32.9,22.01,28.47,29.86,29.09,29.55,23.62,27.45,30.16,22.01,22.97,26.4,16.98,31.05,28.8,25.1,25.38,26.91,24.4,27.85,26.6,37.9,38.16,39.41,39.23,36.45,43.18,41.56,33.68,36.46,37.45,41.51,30.23,42.21,33.29,34.67,38.08,28.8,34.64,37.26,37.77,31.13,32.08,40.52,40.08,35.1,38.53,38.19,32.52,35.93,39.36,31.22,32.5,39.86,30.89,43.25,42.54,43.78,46.31,47.52,48.67,42.2,41.18,49.59,42.63,47.18,42.93,48.12,50.13,41.38,46.77
21.88,16.57,16.46,26.04,23.35,17.99,15.87,5.49,14.71,22.66,24.45,14.74,6.09,7.92,4.22,22.47,34.37,22.73,24.11,7.53,14.08,2.93,18.06,26.59,21.07,24.9,22.94,19.72,21.61,19.43,18.77,3.64,21.03,16.5,5.49,7.14,15.19,13.77,18.73,4.09,10.9,12.73,20.77,14.15,21.75,34.68,11.39,13.1,7.32,22.62,10.96,18.97,21.28,27.14,6.11,12.58,10.22,3.59,20.82,18.36,3.93,19.92,20.4,28.65,13.58,22.1,20.72,21.53,24.0,18.43,13.99,19.39,24.9,20.97,15.51,17.18,12.22,14.25,23.0,19.46,20.29,21.71,18.81,7.61,5.01,19.12,22.96,21.03,5.83,4.99,15.63,22.93,22.94,14.55,15.93,6.7,22.18,22.49,10.99,19.92,12.32,13.09,7.02,13.09,13.29,9.83,12.63,11.98,15.3,10.58,13.0,9.73,10.98,11.36,11.0,8.79,11.59,13.76,9.56,13.82,10.51,11.74,10.46,33.14,22.05,18.41,22.28,13.69,20.07,18.7,17.44,17.22,9.66,10.11,17.48,13.22,18.41,10.73,20.52,7.69,10.77,16.68,10.4,12.84,9.81,22.17,12.76,16.78,0.0,14.99,9.54,6.02,10.08,8.59,8.85,0.59,6.15,16.21,5.21,11.7,10.99,14.51,21.44,27.97,14.99,21.4,16.83,29.56,31.8,22.3,35.99,25.67,40.34,23.34,20.15,18.39,17.59,30.27,3.26,1.72,15.79,21.88,22.12,23.02,20.07,18.29,21.07,20.08,20.49,4.25,5.33,21.99,18.9,6.86,4.56,5.77,7.1,10.92,13.54,13.08,11.08,4.8,8.95,14.21,12.62,4.66,8.97,12.12,8.38,8.99,16.05,17.38,16.98,12.9,16.21,17.52,17.71,14.58,16.78,17.32,12.27,14.44,11.47,15.62,15.87,13.13,13.81,14.4,11.6,16.75,20.74,22.91,25.11,21.73,21.43,22.77,28.21,24.32,19.95,20.84,27.78,22.42,20.24,23.43,28.17,21.43,17.78,19.1,19.68,16.65,29.56,19.74,18.88,20.86,22.09,21.6,18.43,21.08,20.42,8.12,13.86,15.25,15.2,15.66,9.73,13.55,16.21,8.11,9.07,12.51,3.09,17.16,14.19,11.2,11.49,13.02,10.51,13.95,12.71,24.06,23.12,26.92,26.75,23.97,30.69,29.07,21.19,23.97,24.96,29.02,17.75,29.72,20.8,22.19,25.59,16.31,22.15,24.77,25.29,18.65,19.6,24.76,26.24,21.21,23.49,22.43,18.63,22.04,23.6,17.32,17.52,24.1,16.28,28.2,27.49,28.73,31.27,32.48,33.63,27.16,30.25,34.54,27.59,32.14,27.89,33.07,35.09,26.34,31.73
16.99,27.73,22.15,26.26,29.04,23.68,15.85,16.28,26.81,28.35,38.18,26.24,16.88,8.99,12.89,33.96,34.57,36.46,24.33,20.03,25.25,13.4,29.22,26.81,21.29,25.11,34.43,16.92,27.3,25.12,30.87,13.05,32.67,27.66,16.28,19.24,27.29,26.49,18.94,11.27,19.66,25.68,26.46,25.64,34.31,35.04,24.02,25.2,7.91,16.58,19.66,30.14,32.44,38.8,19.79,24.74,21.71,12.85,26.51,26.18,14.72,25.61,34.88,42.38,26.53,35.83,19.94,36.06,36.57,29.59,24.52,25.08,25.12,21.16,27.01,26.44,22.5,24.33,33.46,19.67,31.45,33.4,24.5,18.96,17.11,24.81,28.65,21.24,17.93,15.78,27.35,35.5,28.63,25.83,27.09,18.8,35.39,28.18,23.62,25.61,23.48,26.04,17.8,24.25,24.79,22.47,24.12,24.93,26.47,21.59,24.16,20.27,22.14,22.86,20.09,21.42,22.76,26.23,20.73,24.99,23.22,23.9,21.62,32.04,18.54,18.62,22.5,22.01,20.29,24.39,17.66,22.9,15.35,15.8,17.7,6.88,11.6,13.72,13.71,13.38,16.46,16.89,14.5,11.6,13.37,15.36,2.58,3.91,14.99,0.0,8.62,9.57,7.02,6.41,8.25,14.4,8.84,1.22,11.18,6.18,19.21,20.22,29.46,28.08,20.7,29.42,22.54,37.58,30.5,30.32,36.38,33.69,48.36,31.36,25.86,24.1,23.3,28.94,15.36,13.82,23.8,29.89,30.13,31.03,28.09,24.0,29.09,28.09,28.51,17.93,19.01,30.0,26.91,18.96,16.66,19.45,20.78,22.72,19.57,18.47,20.73,18.48,22.63,26.01,19.65,18.34,22.65,20.45,22.06,22.68,28.2,28.07,27.68,23.59,26.9,28.21,28.41,28.26,29.25,29.42,25.95,26.54,23.57,29.3,27.97,25.23,25.91,26.5,25.28,28.47,28.75,30.92,33.12,33.52,29.44,30.77,40.0,32.33,30.65,31.53,39.56,30.42,28.24,35.21,39.96,31.75,28.48,29.79,27.69,27.34,41.35,30.43,29.58,28.86,32.78,32.29,31.25,33.75,31.11,20.22,26.68,28.07,27.3,27.76,21.83,25.66,28.37,20.22,21.18,24.61,15.19,29.26,27.01,23.3,23.59,25.12,22.61,26.05,24.81,36.11,36.37,37.61,37.44,34.66,41.39,39.77,31.88,34.67,35.66,39.71,28.44,40.42,31.5,32.88,36.29,27.01,32.84,35.46,35.98,29.34,30.29,38.72,38.29,33.31,36.74,36.4,30.73,34.14,37.57,29.43,30.71,38.07,29.1,41.46,40.74,41.98,44.52,45.73,46.88,40.41,39.39,47.8,40.84,45.39,41.14,46.33,48.34,39.59,44.98
21.84,22.0,16.42,26.0,23.31,17.95,15.82,9.83,21.36,22.62,32.45,20.5,11.43,2.64,7.44,28.23,34.33,30.73,24.07,14.58,19.51,7.95,23.49,26.55,21.03,24.85,28.7,19.67,21.57,19.39,25.42,8.96,26.94,21.93,10.83,13.79,21.85,20.76,18.68,5.82,13.93,19.95,20.72,19.91,28.58,34.63,18.29,19.75,2.46,17.53,13.93,24.4,26.71,33.06,14.34,19.01,15.79,7.4,20.78,20.45,9.27,19.87,29.15,36.64,20.8,30.1,20.67,30.33,30.83,23.86,18.79,19.34,24.86,20.92,21.28,20.7,16.77,18.6,27.73,19.41,25.72,27.67,18.77,13.51,11.67,19.08,22.92,20.98,12.48,10.34,21.62,29.77,22.9,20.09,21.36,13.36,29.66,22.45,17.89,19.88,17.75,20.31,12.36,18.52,19.05,16.73,18.39,19.2,20.73,15.86,18.43,14.54,16.41,17.12,14.36,15.69,17.02,20.5,14.99,19.26,17.48,18.17,15.89,33.09,22.01,18.36,22.24,16.1,20.03,18.66,17.4,17.17,9.62,10.06,17.44,7.83,12.55,10.68,14.66,7.65,10.73,16.63,8.23,12.8,7.64,16.31,7.36,10.41,9.54,8.62,0.0,3.67,4.94,3.44,4.82,8.8,3.24,10.0,5.58,3.68,13.31,14.31,23.56,27.78,14.8,23.52,16.63,31.68,31.61,24.42,35.8,27.79,42.46,25.46,19.96,18.2,17.4,30.07,9.76,8.22,17.89,23.98,24.23,25.13,22.19,18.1,23.19,22.19,22.61,12.32,13.41,24.1,21.01,13.36,11.06,13.85,15.18,16.97,13.83,12.73,14.99,12.88,17.03,20.27,13.91,12.74,17.05,14.71,16.46,17.07,22.3,22.17,21.77,17.69,21.0,22.31,22.5,22.65,23.65,23.82,20.35,20.94,17.97,23.7,22.37,19.63,20.31,20.9,19.68,22.87,22.85,25.02,27.22,27.61,23.54,24.87,34.1,26.43,24.75,25.63,33.66,24.52,22.34,29.31,34.05,25.85,22.58,23.89,21.79,21.44,35.44,24.53,23.67,22.96,26.88,26.39,25.35,27.85,25.21,14.62,20.78,22.17,21.7,22.16,16.23,20.05,22.47,14.61,15.57,19.01,9.59,23.66,21.1,17.7,17.99,19.52,17.0,20.45,19.21,30.21,30.47,31.71,31.54,28.76,35.49,33.86,25.98,28.77,29.76,33.81,22.54,34.52,25.6,26.98,30.38,21.11,26.94,29.56,30.08,23.44,24.39,32.82,32.39,27.71,30.84,30.5,25.12,28.54,31.67,23.82,24.81,32.16,23.2,35.55,34.84,36.08,38.62,39.83,40.98,34.51,33.49,41.89,34.94,39.49,35.24,40.42,42.44,33.69,39.08
18.68,18.84,13.26,22.84,20.15,14.8,12.67,7.3,17.84,19.46,29.29,17.35,7.91,3.1,3.91,25.08,31.17,27.57,20.92,11.06,16.36,4.42,20.33,23.39,17.87,21.7,25.54,16.52,18.41,16.23,21.89,4.07,23.78,18.78,7.3,10.26,18.32,17.6,15.53,2.29,10.77,16.79,17.57,16.76,25.43,31.48,15.13,16.23,2.01,19.42,10.77,21.25,23.55,29.91,10.81,15.86,14.93,3.87,17.63,17.29,5.74,16.72,23.53,33.49,17.65,26.95,17.52,27.17,27.68,20.71,15.64,16.19,21.7,17.77,18.12,17.55,13.61,15.45,24.57,16.26,22.57,24.51,15.61,9.98,8.14,15.92,19.76,17.83,8.95,6.81,18.46,26.61,19.74,16.94,18.21,9.83,26.51,19.29,14.74,16.72,14.59,17.15,8.83,15.36,15.9,13.58,15.24,16.04,17.58,12.7,15.27,11.39,13.25,13.97,11.21,12.53,13.87,17.35,11.84,16.1,14.33,15.01,12.74,29.94,18.85,15.21,19.09,18.57,16.88,15.5,14.24,14.02,6.47,6.91,14.29,7.8,12.52,7.53,14.63,4.49,7.57,13.48,4.95,9.64,4.36,16.28,7.34,11.36,6.02,9.57,3.67,0.0,2.73,3.31,1.58,5.42,1.71,10.93,2.21,6.14,10.17,11.18,20.42,24.65,11.66,20.38,13.5,28.54,28.47,21.28,32.66,24.65,39.32,22.32,16.82,15.07,14.26,26.94,6.39,4.84,14.76,20.85,21.09,21.99,19.05,14.96,20.05,19.06,19.47,8.95,10.03,20.97,17.87,9.99,7.68,10.47,11.81,15.63,16.29,15.18,17.44,9.51,13.66,18.92,16.36,9.37,13.68,17.17,13.08,13.7,19.17,19.03,18.64,14.56,17.87,19.18,19.37,19.28,20.28,20.44,16.97,17.57,14.59,20.32,18.99,16.26,16.93,17.53,16.3,19.5,19.71,21.88,24.08,24.48,20.4,21.74,30.96,23.29,21.61,22.49,30.53,21.39,19.21,26.18,30.92,22.72,19.44,20.75,18.65,18.31,32.31,21.39,20.54,19.83,23.75,23.26,22.22,24.71,22.07,11.25,17.64,19.03,18.32,18.78,12.86,16.68,19.33,11.24,12.2,15.63,6.21,20.28,17.97,14.33,14.62,16.14,13.63,17.08,15.84,27.07,27.33,28.58,28.41,25.62,32.35,30.73,22.85,25.63,26.62,30.68,19.41,31.38,22.46,23.85,27.25,17.97,23.81,26.43,26.95,20.3,21.25,29.69,29.25,24.34,27.7,27.37,21.75,25.16,28.53,20.45,21.67,29.03,20.07,32.42,31.71,32.95,35.48,36.69,37.84,31.38,30.35,38.76,31.8,36.35,32.11,37.29,39.3,30.55,35.94
15.36,22.82,17.24,26.82,24.13,18.77,16.64,11.37,21.9,23.44,33.27,21.32,11.97,4.08,7.97,29.05,35.15,31.55,24.89,15.12,20.33,8.49,24.31,27.37,21.85,25.67,29.52,20.49,22.39,20.21,25.96,8.14,27.76,22.75,11.37,14.33,22.38,21.58,19.5,6.36,14.75,20.77,21.54,20.73,29.4,35.45,19.11,20.29,3.0,14.95,14.74,25.22,27.53,33.88,14.88,19.83,18.99,7.94,21.6,21.27,9.8,20.69,29.97,37.46,21.62,30.92,21.49,31.15,31.65,24.68,19.61,20.16,25.68,21.74,22.1,21.52,17.59,19.42,28.55,20.23,26.54,28.49,19.58,14.05,12.2,19.9,23.74,21.8,13.02,10.87,22.43,30.58,23.72,20.91,22.18,13.89,30.48,23.27,18.71,20.7,18.57,21.12,12.89,19.34,19.87,17.55,19.21,20.02,21.55,16.68,19.25,15.36,17.23,17.94,15.18,16.51,17.84,21.32,15.81,20.07,18.3,18.99,16.71,33.91,16.91,19.18,23.06,19.84,20.85,19.48,18.22,17.99,10.44,10.88,18.26,5.25,9.97,11.5,12.08,8.46,11.54,17.45,5.44,9.97,4.85,13.73,4.78,8.81,10.08,7.02,4.94,2.73,0.0,1.49,1.23,9.49,3.93,8.24,6.27,6.84,14.3,15.3,24.54,28.77,15.79,24.51,17.62,32.67,32.6,25.41,36.79,28.78,43.45,26.45,20.95,19.19,18.39,31.06,10.45,8.9,18.88,24.97,25.22,26.12,23.18,19.09,24.18,23.18,23.59,13.01,14.1,25.09,22.0,14.05,11.75,14.54,15.87,19.69,16.99,15.88,18.14,13.57,17.72,22.98,17.06,13.43,17.74,17.87,17.15,17.76,23.29,23.16,22.76,18.68,21.99,23.3,23.49,23.34,24.34,24.51,21.04,21.63,18.65,24.39,23.06,20.32,21.0,21.59,20.37,23.56,23.84,26.01,28.21,28.6,24.53,25.86,35.09,27.42,25.73,26.62,34.65,25.51,23.33,30.3,35.04,26.84,23.56,24.88,22.78,22.43,36.43,25.52,24.66,23.95,27.87,27.38,26.34,28.84,26.2,15.31,21.77,23.16,22.39,22.85,16.92,20.74,23.46,15.3,16.26,19.7,10.28,24.35,22.09,18.39,18.68,20.21,17.69,21.14,19.9,31.2,31.46,32.7,32.53,29.75,36.48,34.85,26.97,29.76,30.75,34.8,23.53,35.51,26.59,27.97,31.37,22.09,27.93,30.55,31.07,24.43,25.38,33.81,33.38,28.4,31.83,31.49,25.81,29.22,32.66,24.51,25.8,33.15,24.19,36.54,35.83,37.07,39.61,40.82,41.97,35.5,34.48,42.88,35.93,40.47,36.23,41.41,43.43,34.68,40.07
14.75,21.32,15.74,25.32,22.63,17.28,15.15,9.87,20.41,21.94,31.77,19.83,10.47,2.59,6.48,27.56,33.65,30.05,23.4,13.63,18.84,6.99,22.81,25.87,20.35,24.18,28.02,19.0,20.89,18.71,24.46,6.64,26.27,21.26,9.87,12.83,20.89,20.09,18.01,4.86,13.25,19.27,20.05,19.24,27.91,33.96,17.61,18.79,1.5,14.34,13.25,23.73,26.04,32.39,13.38,18.34,17.5,6.44,20.11,19.77,8.31,19.2,28.48,35.97,20.13,29.43,20.0,29.65,30.16,23.19,18.12,18.67,24.18,20.25,20.6,20.03,16.09,17.93,27.05,18.74,25.05,26.99,18.09,12.55,10.71,18.4,22.24,20.31,11.52,9.38,20.94,29.09,22.22,19.42,20.69,12.4,28.99,21.77,17.22,19.21,17.07,19.63,11.4,17.84,18.38,16.06,17.72,18.52,20.06,15.18,17.75,13.87,15.73,16.45,13.69,15.01,16.35,19.83,14.32,18.58,16.81,17.49,15.22,32.42,21.33,17.69,21.57,18.35,19.36,17.98,16.72,16.5,8.95,9.39,16.77,4.64,9.36,10.01,11.47,6.97,10.05,15.96,7.56,9.36,6.97,13.12,4.17,8.2,8.59,6.41,3.44,3.31,1.49,0.0,2.73,7.99,2.44,7.63,4.78,5.34,12.81,13.81,23.05,27.28,14.29,23.01,16.13,31.17,31.1,23.91,35.29,27.28,41.95,24.96,19.45,17.7,16.89,29.57,8.96,7.41,17.39,23.48,23.72,24.63,21.68,17.59,22.68,21.69,22.1,11.52,12.6,23.6,20.5,12.56,10.25,13.04,14.38,18.19,15.5,14.39,16.65,12.08,16.23,21.49,15.57,11.94,16.25,16.37,15.65,16.27,21.8,21.66,21.27,17.19,20.5,21.81,22.0,21.85,22.85,23.01,19.54,20.14,17.16,22.89,21.56,18.82,19.5,20.1,18.87,22.07,22.34,24.51,26.71,27.11,23.03,24.37,33.59,25.92,24.24,25.12,33.16,24.02,21.84,28.81,33.55,25.35,22.07,23.38,21.28,20.94,34.94,24.03,23.17,22.46,26.38,25.89,24.85,27.34,24.71,13.82,20.27,21.66,20.89,21.35,15.42,19.25,21.97,13.81,14.77,18.2,8.78,22.85,20.6,16.9,17.19,18.71,16.2,19.65,18.41,29.7,29.96,31.21,31.04,28.25,34.98,33.36,25.48,28.26,29.25,33.31,22.04,34.01,25.09,26.48,29.88,20.6,26.44,29.06,29.58,22.93,23.89,32.32,31.89,26.91,30.33,30.0,24.32,27.73,31.16,23.02,24.3,31.66,22.7,35.05,34.34,35.58,38.11,39.32,40.47,34.01,32.98,41.39,34.43,38.98,34.74,39.92,41.93,33.18,38.57
19.56,19.72,14.14,23.72,21.03,15.67,13.55,7.55,20.67,20.34,30.17,18.23,10.74,4.24,5.49,25.95,32.05,28.45,21.79,13.89,17.24,7.26,21.21,24.27,18.75,22.58,26.42,17.4,19.29,17.11,24.72,6.68,24.66,19.66,10.14,13.09,21.15,18.48,16.41,3.88,11.65,17.67,18.45,17.64,26.31,32.36,16.01,19.06,3.16,20.3,11.65,22.13,24.43,30.79,13.65,16.73,17.76,6.7,18.5,18.17,8.57,17.6,26.87,34.37,18.52,27.82,18.4,28.05,28.56,21.58,16.51,17.07,22.58,18.65,19.0,18.43,14.49,16.32,25.45,17.14,23.44,25.39,16.49,12.81,10.97,16.8,20.64,18.71,11.78,9.64,19.34,27.49,20.62,17.82,19.08,12.66,27.39,20.17,15.62,17.6,15.47,18.03,11.66,16.24,16.78,14.46,16.12,16.92,18.46,13.58,16.15,12.27,14.13,14.85,12.09,13.41,14.75,18.22,12.72,16.98,15.21,15.89,13.61,30.82,19.73,16.09,19.96,19.72,17.75,16.38,15.12,14.9,7.34,7.79,15.16,6.48,11.2,8.41,13.31,5.37,8.45,14.35,4.3,10.52,3.7,14.96,6.02,10.04,8.85,8.25,4.82,1.58,1.23,2.73,0.0,8.37,4.37,9.47,3.79,7.02,11.32,12.33,21.57,25.79,12.81,21.53,14.65,29.69,29.62,22.43,33.81,25.8,40.47,23.47,17.97,16.21,15.41,28.09,9.34,7.79,15.91,22.0,22.24,23.14,20.2,16.11,21.2,20.2,20.62,11.9,12.98,22.11,19.02,12.94,10.63,13.43,14.76,18.58,17.17,16.06,18.32,12.46,16.61,21.87,17.24,12.32,16.63,18.05,16.03,16.65,20.31,20.18,19.79,15.71,19.02,20.33,20.52,22.23,23.23,23.4,19.92,20.52,17.54,23.27,21.95,19.21,19.88,20.48,19.25,22.45,20.86,23.03,25.23,25.63,21.55,22.89,32.11,24.44,22.76,23.64,31.67,22.54,20.36,27.32,32.07,23.86,20.59,21.9,19.8,19.46,33.46,22.54,21.69,20.97,24.9,24.4,23.37,25.86,23.22,14.2,18.79,20.18,21.27,21.73,15.81,19.63,20.48,14.19,15.15,18.58,9.17,23.23,19.12,17.28,17.57,19.09,16.58,20.03,18.79,28.22,28.48,29.73,29.55,26.77,33.5,31.88,24.0,26.78,27.77,31.83,20.55,32.53,23.61,24.99,28.4,19.12,24.96,27.58,28.09,21.45,22.4,30.84,30.4,27.29,28.85,28.51,24.7,28.11,29.68,23.4,22.82,30.18,21.21,33.57,32.86,34.1,36.63,37.84,38.99,32.52,31.5,39.91,32.95,37.5,33.25,38.44,40.45,31.7,37.09
21.29,15.98,15.87,25.45,22.76,17.4,15.27,4.9,14.12,22.07,23.86,14.15,5.5,7.33,3.63,21.88,33.78,22.14,23.52,7.22,13.49,2.34,17.47,26.0,20.48,24.3,22.34,19.12,21.02,18.84,18.17,3.04,20.44,15.91,4.9,6.54,14.6,13.18,18.13,3.49,10.3,12.13,20.17,13.56,21.16,34.08,10.79,12.51,6.73,22.02,10.37,18.38,20.69,26.55,5.79,11.99,9.91,2.99,20.23,17.77,3.33,19.32,19.81,28.05,12.99,21.51,20.12,20.94,23.41,17.84,13.39,18.79,24.31,20.37,14.92,16.59,11.62,13.66,22.4,18.86,19.7,21.12,18.22,6.26,4.42,18.53,22.37,20.43,5.23,4.4,15.03,22.34,22.35,13.96,15.34,6.11,21.58,21.9,10.4,19.33,11.72,12.49,6.42,12.49,12.7,9.24,12.04,11.38,14.71,9.99,12.4,9.14,10.38,10.77,10.41,8.19,11.0,13.17,8.97,13.23,9.92,11.15,9.87,32.54,21.46,17.82,21.69,13.38,19.48,18.11,16.85,16.62,9.07,9.51,16.89,12.63,17.82,10.13,19.93,7.1,10.18,16.08,9.81,12.25,9.21,21.58,12.17,16.19,0.59,14.4,8.8,5.42,9.49,7.99,8.37,0.0,5.56,15.62,4.62,11.11,10.39,13.92,20.85,27.38,14.4,20.81,16.24,28.97,31.21,21.71,35.4,25.08,39.75,22.75,19.56,17.8,17.0,29.67,2.67,1.12,15.2,21.29,21.53,22.43,19.48,17.7,20.48,19.48,19.9,3.93,5.01,21.39,18.31,6.27,3.96,5.45,6.79,10.6,13.23,12.76,10.76,4.49,8.64,13.9,12.3,4.35,8.65,11.81,8.06,8.68,15.45,16.78,16.39,12.31,15.62,16.93,17.12,14.26,16.47,16.73,11.95,13.85,10.87,15.3,15.28,12.54,13.22,13.81,11.28,15.78,20.15,22.32,24.52,21.14,20.84,22.18,27.62,23.73,19.36,20.24,27.18,21.82,19.64,22.83,27.58,20.84,17.19,18.5,19.09,16.06,28.97,19.15,18.29,20.26,21.5,21.01,17.84,20.49,19.83,7.53,13.27,14.66,14.61,15.06,9.14,12.96,15.62,7.52,8.48,11.91,2.5,16.57,13.59,10.61,10.9,12.42,9.91,13.36,12.12,23.46,22.52,26.33,26.16,23.37,30.1,28.48,20.6,23.38,24.37,28.43,17.16,29.13,20.21,21.6,25.0,15.72,21.56,24.18,24.7,18.05,19.01,24.16,25.65,20.62,22.9,21.84,18.03,21.44,23.01,16.73,16.93,23.5,15.69,27.61,26.9,28.14,30.68,31.88,33.03,26.57,29.65,33.95,27.0,31.54,27.3,32.48,34.49,25.74,31.13
21.35,21.51,15.93,25.51,22.82,17.47,15.34,7.44,17.97,22.13,27.71,20.02,8.04,1.77,4.04,27.75,33.84,25.99,23.59,11.19,19.03,4.56,23.0,26.06,20.54,24.37,28.21,19.19,21.08,18.9,22.02,4.21,21.67,21.45,7.44,10.4,18.45,15.72,18.2,2.43,13.44,14.67,20.24,19.43,25.01,34.15,13.33,16.36,1.17,16.78,13.44,23.92,26.23,32.58,10.95,18.53,15.06,4.01,20.3,19.96,5.87,19.39,23.66,31.91,15.53,25.36,20.19,24.79,27.26,23.38,18.31,18.86,24.37,20.44,20.79,15.66,16.28,18.12,27.24,18.93,25.24,27.18,18.28,10.12,8.27,18.59,22.43,20.5,9.08,6.94,16.58,26.19,22.42,19.61,20.88,9.96,25.44,21.96,12.94,19.4,17.26,15.03,8.96,18.03,18.57,11.78,17.91,13.92,20.25,15.37,17.94,14.06,15.92,16.64,13.88,10.73,16.54,20.02,14.51,18.77,12.46,17.68,15.41,32.61,21.52,17.88,21.76,18.15,19.55,18.17,16.91,16.69,9.14,9.58,16.96,7.08,11.79,10.2,13.91,7.16,10.24,16.15,6.09,12.31,5.5,15.56,6.61,10.63,6.15,8.84,3.24,1.71,3.93,2.44,4.37,5.56,0.0,10.06,2.34,5.55,12.59,13.59,22.83,27.06,14.08,22.8,15.91,30.96,30.88,23.7,35.07,27.07,41.74,24.74,19.23,17.48,16.67,29.35,6.52,4.97,17.17,23.26,23.5,24.41,21.47,17.37,22.46,21.47,21.88,9.08,10.16,23.38,20.29,10.12,7.82,10.61,11.94,15.76,15.7,14.6,15.91,9.64,13.79,19.05,15.78,9.5,13.81,16.58,13.22,13.83,19.3,21.44,21.05,16.97,20.28,21.59,21.78,19.41,20.41,20.58,17.11,17.7,14.72,20.46,19.13,16.39,17.07,17.66,16.43,19.63,22.12,24.29,26.49,26.89,22.81,24.15,33.38,25.7,24.02,24.9,32.94,23.8,21.62,28.59,33.33,25.13,21.85,23.16,21.06,20.72,34.72,23.81,22.95,22.24,26.16,25.67,24.63,24.34,24.49,11.38,20.05,21.45,18.46,18.92,12.99,16.81,19.47,11.37,12.33,15.77,6.35,20.42,20.38,14.46,14.75,16.28,13.76,17.21,15.97,29.48,26.37,30.99,30.82,28.03,34.76,33.14,25.26,28.04,29.03,33.09,21.82,33.79,24.87,26.26,29.66,20.38,26.22,28.84,29.36,22.71,23.67,28.01,31.67,24.47,26.75,25.69,21.88,25.29,26.86,20.58,20.78,27.35,22.48,31.46,30.75,31.99,34.53,35.74,36.88,30.42,32.76,37.8,30.85,35.39,31.15,36.33,38.35,29.6,34.99
18.22,28.95,23.37,27.48,30.26,24.9,17.07,17.5,28.03,29.57,39.4,27.46,18.1,10.22,14.11,35.18,35.79,37.68,25.55,21.25,26.47,14.62,30.44,28.03,22.51,26.34,35.65,18.14,28.52,26.34,32.09,14.27,33.89,28.89,17.5,20.46,28.52,27.71,20.16,12.49,20.88,26.9,27.68,26.87,35.54,36.26,25.24,26.42,9.13,17.8,20.88,31.36,33.66,40.02,21.01,25.96,22.93,14.07,27.74,27.4,15.94,26.83,36.11,43.6,27.76,37.05,21.16,37.28,37.79,30.81,25.75,26.3,26.34,22.38,28.23,27.66,23.72,25.55,34.68,20.9,32.68,34.62,25.72,20.18,18.33,26.03,29.87,22.47,19.15,17.01,28.57,36.72,29.85,27.05,28.32,20.03,36.62,29.4,24.85,26.83,24.7,27.26,19.03,25.47,26.01,23.69,25.35,26.15,27.69,22.81,25.38,21.5,23.36,24.08,21.32,22.64,23.98,27.46,21.95,26.21,24.44,25.12,22.84,33.26,19.76,19.85,23.72,23.24,21.51,25.61,18.88,24.13,16.57,17.02,18.92,8.1,12.82,14.94,14.93,14.6,17.68,18.11,15.72,12.82,14.59,16.58,3.8,5.13,16.21,1.22,10.0,10.93,8.24,7.63,9.47,15.62,10.06,0.0,12.41,7.41,20.43,21.44,30.68,29.3,21.92,30.64,23.76,38.8,31.73,31.54,37.6,34.91,49.58,32.58,27.08,25.32,24.52,30.17,16.58,15.04,25.02,31.11,31.35,32.25,29.31,25.22,30.31,29.31,29.73,19.15,20.23,31.22,28.13,20.19,17.88,20.67,22.01,23.94,20.8,19.69,21.95,19.71,23.85,27.23,20.87,19.56,23.87,21.68,23.28,23.9,29.42,29.29,28.9,24.82,28.13,29.44,29.63,29.48,30.48,30.64,27.17,27.77,24.79,30.52,29.19,26.45,27.13,27.73,26.5,29.7,29.97,32.14,34.34,34.74,30.66,32.0,41.22,33.55,31.87,32.75,40.78,31.65,29.47,36.43,41.18,32.97,29.7,31.01,28.91,28.57,42.57,31.65,30.8,30.09,34.01,33.52,32.48,34.97,32.33,21.44,27.9,29.29,28.52,28.98,23.05,26.88,29.59,21.44,22.4,25.83,16.41,30.48,28.23,24.53,24.81,26.34,23.83,27.28,26.03,37.33,37.59,38.84,38.66,35.88,42.61,40.99,33.11,35.89,36.88,40.94,29.66,41.64,32.72,34.1,37.51,28.23,34.07,36.69,37.2,30.56,31.51,39.95,39.51,34.54,37.96,37.62,31.95,35.36,38.79,30.65,31.93,39.29,30.33,42.68,41.97,43.21,45.74,46.95,48.1,41.64,40.61,49.02,42.06,46.61,42.37,47.55,49.56,40.81,46.2
21.11,17.58,15.69,25.27,22.58,17.22,15.09,6.5,17.03,21.89,26.77,15.75,7.1,4.12,3.11,23.48,33.6,25.05,23.34,10.25,15.09,3.62,19.07,25.82,20.3,24.12,23.94,18.94,20.84,18.66,21.09,3.27,20.73,17.51,6.5,9.46,17.51,14.78,17.95,1.56,13.2,13.73,19.99,15.16,24.07,33.9,12.39,15.42,3.51,21.84,13.2,19.98,22.29,32.33,10.01,13.59,14.12,3.07,20.05,19.72,4.94,19.14,22.72,30.97,14.59,24.42,19.94,23.85,26.32,19.44,18.06,18.61,24.13,20.19,16.52,14.73,13.22,17.87,23.3,18.68,21.3,26.94,18.03,9.18,7.33,18.35,22.19,20.25,8.15,6.0,15.64,25.25,22.17,15.56,16.94,9.02,24.5,21.72,12.0,19.15,13.32,14.09,8.02,14.09,14.3,10.84,13.64,12.98,16.31,15.13,14.0,10.74,11.98,12.37,13.63,9.79,12.6,14.77,10.57,14.83,11.52,12.75,11.47,32.36,21.28,17.63,21.51,17.59,19.3,17.93,16.67,16.44,8.89,9.33,16.71,9.42,14.14,9.95,16.25,6.91,10.0,15.9,6.59,12.06,6.0,17.9,8.95,12.98,5.21,11.18,5.58,2.21,6.27,4.78,3.79,4.62,2.34,12.41,0.0,7.89,12.73,13.73,22.98,27.2,14.22,22.94,16.05,31.1,31.03,23.84,35.22,27.21,41.88,24.88,19.38,17.62,16.82,29.49,5.58,4.04,17.31,23.4,23.65,24.55,21.61,17.52,22.61,21.61,22.03,8.14,9.23,23.52,20.43,9.18,6.88,9.67,11.0,14.82,17.44,16.94,14.98,8.7,12.85,18.11,16.52,8.56,12.87,16.02,12.28,12.89,18.37,18.43,18.04,13.96,17.27,18.58,18.77,18.48,19.47,19.64,16.17,16.76,13.79,19.52,18.19,15.45,16.13,16.72,15.5,18.69,22.27,24.44,26.64,27.03,22.96,24.29,33.52,25.85,21.01,21.89,33.08,23.94,21.76,28.73,33.48,25.27,18.84,20.15,21.21,17.71,34.87,20.79,19.94,22.38,23.15,22.65,19.49,23.4,21.47,10.44,14.91,16.31,17.52,17.98,12.05,15.87,18.53,10.43,11.39,14.83,5.41,19.48,15.24,13.52,13.81,15.34,12.83,16.27,15.03,26.38,25.44,27.98,27.8,25.02,31.75,30.13,22.25,25.03,26.02,30.08,18.8,30.78,21.86,23.24,26.65,17.37,23.21,25.83,26.34,19.7,20.65,27.08,28.56,23.53,25.81,24.75,20.95,24.36,25.92,19.64,19.84,26.42,17.34,30.52,29.81,31.05,33.59,34.8,35.95,29.48,32.57,36.86,29.91,34.46,30.21,35.39,37.41,28.66,34.05
16.46,24.16,18.57,28.15,25.47,20.11,17.98,11.99,23.52,24.77,34.61,22.66,13.59,5.7,9.6,30.39,36.49,32.88,26.23,16.74,21.67,10.11,25.65,28.7,23.18,27.01,30.85,21.83,23.73,21.55,27.58,11.11,29.1,24.09,12.99,15.95,24.0,22.92,20.84,7.98,16.08,22.1,22.88,22.07,30.74,36.79,20.44,21.91,4.62,16.05,16.08,26.56,28.87,35.22,16.5,21.17,16.61,9.56,22.94,22.6,11.43,22.03,31.31,38.8,22.96,32.26,22.83,32.48,32.99,26.02,20.95,21.5,27.01,23.08,23.43,22.86,18.92,20.76,29.88,21.57,27.88,29.82,20.92,15.67,13.82,21.24,25.08,23.14,14.64,12.49,23.77,31.92,25.06,22.25,23.52,15.51,31.82,24.6,20.05,22.04,19.9,22.46,14.52,20.67,21.21,18.89,20.55,21.35,22.89,18.01,20.58,16.7,18.56,19.28,16.52,17.84,19.18,22.66,17.15,21.41,19.64,20.33,18.05,35.25,24.16,20.52,24.4,16.92,22.19,20.81,19.55,19.33,11.78,12.22,19.6,6.35,11.07,12.84,13.18,9.8,12.88,18.79,10.39,14.95,9.8,14.83,5.14,7.98,11.7,6.18,3.68,6.14,6.84,5.34,7.02,11.11,5.55,7.41,7.89,0.0,15.64,16.65,25.89,30.11,17.13,25.85,18.97,34.01,33.94,26.75,38.13,30.12,44.79,27.79,22.29,20.53,19.73,32.4,12.09,10.55,20.23,26.32,26.56,27.46,24.52,20.43,25.52,24.52,24.94,14.66,15.74,26.43,23.34,15.69,13.39,16.18,17.51,17.62,14.48,13.37,15.63,15.21,19.36,20.91,14.55,15.07,19.38,15.35,18.79,19.4,24.63,24.5,24.11,20.02,23.33,24.64,24.84,24.99,25.98,26.15,22.68,23.27,20.3,26.03,24.7,21.96,22.64,23.23,22.01,25.2,25.18,27.35,29.55,29.95,25.87,27.2,36.43,28.76,27.08,27.96,35.99,26.85,24.67,31.64,36.39,28.18,24.91,26.22,24.12,23.77,37.78,26.86,26.01,25.29,29.21,28.72,27.68,30.18,27.54,16.95,23.11,24.5,24.03,24.49,18.56,22.38,24.8,16.95,17.91,21.34,11.92,25.99,23.44,20.03,20.32,21.85,19.34,22.78,21.54,32.54,32.8,34.04,33.87,31.09,37.82,36.2,28.31,31.1,32.09,36.14,24.87,36.85,27.93,29.31,32.72,23.44,29.27,31.89,32.41,25.77,26.72,35.15,34.72,30.04,33.17,32.83,27.46,30.87,34.0,26.16,27.14,34.49,25.53,37.89,37.17,38.41,40.95,42.16,43.31,36.84,35.82,44.23,37.27,41.82,37.57,42.76,44.77,36.02,41.41
13.88,10.07,8.82,18.03,14.73,10.36,7.86,8.89,19.29,14.04,20.52,8.24,5.02,12.74,11.96,15.97,26.37,18.79,16.11,15.01,7.58,8.6,11.56,18.58,13.06,16.89,16.43,8.93,12.99,11.8,17.51,11.34,15.01,10.0,7.44,17.98,21.09,8.83,10.72,11.61,1.86,8.01,12.14,7.65,16.65,26.67,6.35,19.89,11.65,14.61,4.46,12.47,14.78,20.64,15.79,7.08,19.9,11.36,12.2,11.86,7.33,11.29,17.22,24.71,8.87,18.17,12.71,18.4,18.9,11.93,7.48,10.76,16.89,12.93,9.01,8.77,5.72,7.75,15.8,11.45,13.79,15.21,11.17,13.94,12.09,10.5,14.34,13.02,12.91,7.82,9.68,17.83,14.32,8.05,9.43,13.78,17.73,13.87,5.96,11.3,5.81,8.37,4.01,6.59,6.79,4.8,6.13,7.26,8.8,4.08,6.5,1.81,4.48,4.86,2.43,3.75,5.09,7.26,3.06,7.32,5.55,6.24,3.96,25.13,14.04,10.4,14.28,23.37,12.07,11.06,9.43,9.58,4.65,5.12,9.48,11.04,11.58,3.89,13.69,6.54,3.84,8.67,7.99,6.0,8.85,15.34,16.98,21.0,10.99,19.21,13.31,10.17,14.3,12.81,11.32,10.39,12.59,20.43,12.73,15.64,0.0,6.74,14.95,19.73,7.22,14.92,9.06,23.08,23.55,15.82,27.74,19.19,33.86,16.86,12.38,10.62,9.82,22.02,10.31,9.38,9.3,15.39,15.63,16.54,13.59,10.52,14.58,13.59,14.0,13.89,14.97,15.5,12.42,12.54,11.6,15.41,16.74,20.56,26.29,25.18,20.72,14.44,18.59,23.85,22.26,14.3,18.61,21.76,18.02,18.64,11.02,10.89,10.5,6.41,9.72,11.03,11.22,20.84,23.65,23.81,22.92,20.94,17.96,22.13,22.36,19.62,20.3,20.9,21.24,22.87,14.25,16.42,18.62,15.24,14.94,16.28,21.73,17.83,13.47,14.35,21.29,15.93,13.75,16.94,21.68,14.94,11.3,12.61,13.19,10.16,23.07,13.25,12.39,14.37,15.6,15.11,14.07,16.57,13.93,17.38,9.5,10.89,19.6,20.06,15.72,17.96,11.19,12.1,15.03,16.91,10.13,21.56,9.82,17.7,15.89,17.42,17.0,18.35,17.11,18.93,19.19,20.43,20.26,17.48,24.21,22.58,14.7,17.49,18.48,22.53,11.26,23.24,14.32,15.7,19.11,9.83,15.66,18.28,18.8,12.16,13.11,21.54,21.11,25.61,19.56,19.22,18.31,26.44,20.39,18.59,13.53,20.88,11.92,24.27,23.56,24.8,27.34,28.55,29.7,23.23,22.21,30.61,23.66,28.21,23.96,29.15,31.16,22.41,27.8
15.24,10.26,2.53,15.18,9.42,4.06,7.85,11.67,20.77,8.73,20.71,8.07,7.8,13.74,12.96,15.79,23.51,18.99,13.25,19.55,7.78,12.92,11.75,15.73,11.26,14.04,16.26,7.45,7.68,5.5,17.67,12.34,15.25,10.2,10.21,19.46,22.57,10.3,12.09,12.61,6.68,9.49,6.83,7.47,16.85,23.82,9.77,21.36,12.66,15.98,2.88,12.67,14.97,19.17,19.31,8.55,23.42,12.36,6.89,6.56,10.11,5.98,17.42,24.91,10.34,18.36,11.37,18.59,19.1,12.12,4.9,5.45,14.04,8.7,8.84,10.25,2.36,4.71,15.99,10.19,13.99,13.78,6.54,18.48,16.63,5.19,9.03,10.17,17.44,10.6,11.16,18.03,9.01,6.2,9.62,18.32,17.93,8.56,9.38,5.99,6.3,9.85,6.78,7.17,6.36,7.25,5.7,8.74,9.0,3.16,6.69,5.56,6.42,4.43,4.08,6.21,5.68,6.61,4.47,7.52,7.03,7.71,5.41,22.28,15.41,11.77,11.96,26.89,9.74,6.43,7.87,4.95,5.66,6.12,10.85,12.05,12.58,4.9,14.69,7.55,4.84,10.04,8.99,7.01,9.86,16.34,17.98,22.01,14.51,20.22,14.31,11.18,15.3,13.81,12.33,13.92,13.59,21.44,13.73,16.65,6.74,0.0,9.81,16.77,1.06,9.78,2.89,17.94,20.6,10.68,24.79,14.05,28.72,11.72,6.21,4.46,3.65,19.07,14.89,13.34,4.15,10.24,10.49,11.39,8.45,4.36,9.45,8.45,8.86,17.45,18.53,10.36,7.27,14.08,16.19,18.98,20.31,24.13,26.78,25.68,24.28,18.01,22.16,27.42,26.86,17.87,22.18,25.33,21.59,22.2,12.57,10.72,10.33,6.92,10.23,11.54,11.73,22.39,25.2,25.36,24.46,22.48,19.51,23.68,23.91,21.17,21.85,22.44,24.8,24.41,9.1,11.27,13.47,13.87,9.8,11.13,20.36,12.68,13.3,14.18,19.92,10.78,8.6,15.57,20.31,12.11,11.13,12.44,8.04,10.0,21.7,13.08,12.23,9.22,15.44,14.88,15.62,17.07,14.43,18.93,11.04,12.44,21.15,21.6,17.27,19.5,12.74,13.64,16.58,18.45,14.72,23.11,11.37,19.25,17.44,18.96,18.55,19.9,18.66,19.43,19.69,20.27,20.09,17.31,24.04,22.42,14.54,17.32,18.31,22.37,11.76,23.07,14.15,16.15,18.94,9.66,15.5,18.12,18.63,11.99,13.61,22.05,21.61,23.3,20.06,19.73,18.39,24.12,20.89,18.66,15.08,21.39,13.47,24.78,24.07,24.04,27.84,29.05,30.2,23.74,22.04,31.12,24.16,28.71,24.47,29.65,31.66,22.91,28.3
24.49,17.29,11.77,24.42,9.6,13.3,17.09,19.35,27.67,8.89,27.74,13.43,15.48,22.98,22.2,21.16,25.2,26.02,22.49,28.59,14.8,19.06,18.78,24.97,20.5,23.28,21.63,16.69,11.94,14.74,25.88,21.58,22.28,17.22,17.89,26.36,29.47,17.2,21.33,21.85,14.9,16.39,11.09,12.84,23.87,25.5,16.67,28.26,21.9,25.22,12.12,19.69,22.0,23.43,28.7,15.45,30.35,21.61,11.15,4.2,17.78,10.24,24.44,31.93,17.25,25.39,20.61,25.62,26.13,19.15,9.16,9.71,23.28,17.94,14.21,17.15,10.16,8.97,23.02,19.43,21.01,18.03,15.78,28.15,22.55,9.44,7.01,19.41,27.11,18.27,18.06,25.06,8.34,10.46,16.65,27.16,24.95,7.5,16.28,10.25,13.36,16.75,14.46,14.23,12.49,14.72,12.73,15.64,16.03,11.08,13.72,13.73,13.32,10.81,13.18,13.88,12.74,10.86,12.34,14.55,13.93,14.61,12.31,23.96,24.65,21.01,21.2,33.82,18.98,15.67,17.11,14.19,14.9,15.36,20.09,21.29,21.82,14.14,23.93,16.79,14.09,19.28,18.23,16.25,19.1,25.58,27.22,31.25,21.44,29.46,23.56,20.42,24.54,23.05,21.57,20.85,22.83,30.68,22.98,25.89,14.95,9.81,0.0,24.92,10.2,7.53,12.04,15.69,21.73,5.01,25.92,11.8,12.18,9.47,15.36,13.6,12.8,20.67,20.89,19.96,8.78,9.59,8.43,9.33,6.2,9.55,7.2,6.2,6.62,24.47,25.55,1.17,11.9,21.18,22.19,25.99,27.33,31.14,35.93,34.82,31.3,25.02,31.25,34.44,36.0,24.88,29.19,32.35,28.6,29.22,19.67,15.35,14.96,13.57,16.88,18.19,18.38,29.48,32.29,32.46,31.56,29.58,26.61,30.78,31.01,28.27,28.95,29.54,32.68,31.51,13.74,15.91,12.15,18.5,14.43,15.76,24.99,10.63,17.93,18.81,24.55,15.41,13.23,20.2,24.95,16.74,15.76,17.07,12.68,14.63,26.34,17.72,16.86,13.85,20.07,19.51,22.72,23.72,21.09,26.03,18.14,19.53,28.24,28.7,24.37,26.6,19.83,20.74,23.67,25.55,20.72,30.2,18.47,26.34,24.54,26.06,25.65,27.0,25.76,26.08,26.34,24.9,24.73,21.94,28.67,27.05,19.17,21.95,22.94,27.0,18.42,27.7,18.78,20.78,23.57,14.29,20.13,22.75,23.27,16.62,20.27,28.7,28.27,29.95,26.72,26.38,25.04,30.78,27.55,25.32,22.17,28.04,20.57,31.43,30.72,28.67,34.5,35.7,36.85,30.39,26.67,37.77,30.82,35.36,31.12,36.3,38.31,29.56,34.95
12.44,24.86,18.72,3.37,25.61,20.25,11.64,26.57,35.36,24.92,35.31,22.41,22.7,27.21,26.43,30.14,8.71,33.59,4.67,33.01,22.37,26.38,26.35,1.16,7.44,4.12,30.6,11.24,23.87,21.69,32.27,25.81,29.85,24.79,25.12,32.22,37.16,24.9,11.0,26.08,19.67,24.09,23.02,21.82,31.44,9.02,24.03,35.96,26.12,13.17,17.8,27.26,29.57,35.36,32.77,23.15,36.89,25.83,23.08,21.75,25.01,22.17,32.01,39.5,24.94,32.96,9.48,33.19,33.7,26.72,21.09,21.64,2.31,8.19,23.18,24.85,18.67,20.9,30.59,8.29,28.58,29.97,11.29,31.94,30.1,21.38,26.81,6.86,30.91,25.5,25.76,32.63,25.2,22.39,24.22,31.79,32.52,27.3,23.64,22.18,20.9,24.45,21.69,21.77,20.96,22.48,20.3,23.34,23.6,17.76,21.29,20.29,21.02,19.03,20.11,21.43,20.27,20.81,19.07,22.12,21.63,22.31,20.01,7.48,12.86,9.34,8.14,40.36,9.29,12.84,11.77,11.94,19.13,19.59,10.59,21.52,18.2,18.36,20.31,21.01,18.31,10.81,18.46,16.47,19.32,21.96,25.84,30.06,27.97,28.08,27.78,24.65,28.77,27.28,25.79,27.38,27.06,29.3,27.2,30.11,19.73,16.77,24.92,0.0,17.37,18.03,19.21,9.23,5.94,16.58,10.13,13.38,14.25,15.45,22.53,20.77,19.97,4.38,28.12,26.57,20.47,26.56,28.22,29.13,19.37,20.67,20.37,21.72,23.67,30.68,31.76,25.46,23.58,28.43,29.41,32.21,33.54,37.36,40.01,38.9,37.51,31.24,35.39,40.65,40.09,31.1,35.41,38.56,34.81,35.43,26.91,25.11,24.72,21.26,24.57,25.88,26.07,36.73,39.54,39.7,38.7,36.83,33.85,38.02,38.25,35.51,36.19,36.79,38.03,38.76,25.42,27.59,28.77,30.19,26.11,27.45,36.67,30.42,27.69,28.57,36.23,27.09,24.91,31.88,36.63,28.42,25.52,26.83,24.36,24.39,38.02,27.47,26.62,25.53,29.83,29.34,29.96,31.41,28.78,33.27,25.39,26.78,35.49,35.95,31.61,33.84,27.08,27.99,30.92,32.8,27.95,37.45,25.71,33.59,31.78,33.31,32.89,34.24,33.0,33.77,34.03,34.66,34.49,31.7,38.43,36.81,28.93,31.71,32.7,36.76,26.11,37.46,28.54,29.93,33.33,24.05,29.89,32.51,33.03,26.38,27.96,36.39,35.96,37.64,34.4,34.07,32.73,38.47,35.24,33.01,29.42,35.73,27.81,39.12,38.41,39.65,42.19,43.39,44.54,38.08,36.43,45.46,38.5,43.05,38.81,43.99,46.0,37.25,42.64
15.73,10.75,1.56,15.66,9.89,3.09,8.34,12.15,21.25,9.2,21.2,8.54,8.28,14.23,13.45,16.26,24.0,19.48,13.74,20.03,8.26,13.4,12.24,16.21,11.75,14.52,16.73,7.94,8.15,4.53,18.16,12.83,15.74,10.68,10.7,19.94,23.05,10.79,12.57,13.1,7.17,9.97,7.31,7.95,17.33,24.3,10.26,21.85,13.14,16.46,3.36,13.15,15.46,19.65,19.79,9.04,23.91,12.85,7.36,7.03,10.59,6.46,17.9,25.39,10.83,18.85,11.86,19.08,19.58,12.61,5.37,5.93,14.53,9.19,9.31,10.73,4.56,5.18,16.48,10.67,14.47,14.25,7.03,18.96,17.11,5.66,9.5,10.65,17.93,11.08,11.64,18.51,9.48,6.68,10.11,18.8,18.41,9.03,9.86,6.46,6.79,10.33,7.27,7.66,6.85,7.74,6.19,9.23,9.48,3.65,7.18,6.05,6.91,4.92,4.56,6.69,6.16,7.08,4.96,8.0,7.51,8.2,5.9,22.76,15.9,12.26,12.44,27.37,10.22,6.92,8.35,5.43,6.14,6.61,11.33,12.53,13.07,5.38,15.18,8.03,5.33,10.52,9.47,7.49,10.34,16.83,18.47,22.49,14.99,20.7,14.8,11.66,15.79,14.29,12.81,14.4,14.08,21.92,14.22,17.13,7.22,1.06,10.2,17.37,0.0,10.26,1.92,18.42,21.07,11.16,25.26,14.53,29.2,12.2,5.24,3.49,2.69,19.54,15.36,13.82,4.64,10.73,10.97,11.87,8.93,4.84,9.93,6.74,9.35,17.93,19.01,10.84,7.75,14.56,16.66,19.45,20.78,24.6,27.26,26.15,24.76,18.48,22.63,27.89,27.33,18.34,22.65,25.8,22.06,22.68,13.04,11.21,10.81,7.39,10.7,12.01,12.2,22.86,25.67,25.83,24.94,22.96,19.98,24.15,24.38,21.64,22.32,22.92,25.28,24.89,9.59,11.76,13.96,14.36,10.28,11.62,20.84,13.17,13.78,14.67,20.4,11.26,9.09,16.05,20.8,12.59,11.61,12.93,8.53,10.48,22.19,13.57,12.71,9.7,15.92,15.37,16.09,17.54,14.91,19.4,11.52,12.91,21.62,22.08,17.74,19.97,13.21,14.12,17.05,18.93,15.19,23.58,11.84,19.72,17.91,19.44,19.02,20.37,19.13,19.9,20.16,20.75,20.58,17.8,24.52,22.9,15.02,17.8,18.79,22.85,12.24,23.55,14.63,16.63,19.42,10.14,15.98,18.6,19.12,12.48,14.09,22.52,22.09,23.77,20.54,20.2,18.86,24.6,21.37,19.14,15.55,21.86,13.94,25.25,24.54,24.52,28.32,29.52,30.67,24.21,22.52,31.59,24.64,29.18,24.94,30.12,32.13,23.38,28.77
24.45,17.25,11.73,17.65,13.64,13.26,17.06,19.31,27.63,12.95,27.7,13.4,15.44,22.95,22.17,21.12,18.31,25.98,20.61,28.55,14.77,19.02,18.74,19.18,20.47,21.15,21.59,16.66,11.9,7.33,25.85,21.55,22.25,17.19,17.85,26.32,29.43,17.17,21.29,21.82,14.86,16.35,11.05,12.81,23.84,18.61,16.64,28.23,21.86,25.18,12.08,19.66,21.96,23.39,28.66,15.42,30.32,21.57,11.11,4.36,17.75,10.2,24.41,31.9,17.21,25.35,20.58,25.58,26.09,19.11,9.12,9.67,19.35,17.91,14.17,17.11,10.13,8.93,22.98,19.39,20.98,18.0,15.75,28.12,22.51,9.41,13.25,19.37,27.07,18.24,18.02,25.02,13.23,10.42,16.62,27.13,24.92,12.78,16.24,10.21,13.33,16.71,14.42,14.2,12.46,14.68,12.69,15.6,15.99,11.04,13.68,13.69,13.28,10.77,13.14,13.85,12.7,10.82,12.31,14.51,13.89,14.58,12.28,17.07,24.62,20.98,21.16,33.78,18.94,15.64,17.07,14.15,14.86,15.33,20.05,21.25,21.79,14.1,23.9,16.75,14.05,19.24,18.2,16.21,19.06,25.55,27.19,31.21,21.4,29.42,23.52,20.38,24.51,23.01,21.53,20.81,22.8,30.64,22.94,25.85,14.92,9.78,7.53,18.03,10.26,0.0,11.71,8.8,14.84,1.54,19.03,4.91,17.78,2.58,8.04,13.27,12.47,13.78,20.56,19.63,8.45,14.54,14.79,15.69,1.98,7.21,2.98,4.33,6.29,24.14,25.22,8.07,11.57,20.85,21.85,25.66,26.99,30.81,35.6,34.49,30.97,24.69,30.92,34.11,35.67,24.55,28.86,32.01,28.27,28.89,19.33,15.02,14.63,13.24,16.55,17.86,18.05,29.15,31.96,32.13,31.23,29.25,26.27,30.45,30.68,27.94,28.62,29.21,32.35,31.18,13.4,15.58,17.78,18.17,14.1,15.43,24.66,16.98,17.6,18.48,24.22,15.08,12.9,19.87,24.61,16.41,15.43,16.74,12.35,14.3,26.0,17.38,16.53,13.52,19.74,19.18,22.39,23.39,20.76,25.7,17.81,19.2,27.91,28.37,24.04,26.27,19.5,20.41,23.34,25.22,20.39,29.87,18.14,26.01,24.21,25.73,25.31,26.67,25.43,25.75,26.01,24.57,24.4,21.61,28.34,26.72,18.84,21.62,22.61,26.67,18.09,27.37,18.45,20.45,23.24,13.96,19.8,22.42,22.94,16.29,19.94,28.37,27.94,29.62,26.38,26.05,24.71,30.45,27.21,24.98,21.84,27.71,20.23,31.1,30.39,28.34,34.16,35.37,36.52,30.06,26.34,37.44,30.48,35.03,30.79,35.97,37.98,29.23,34.62
17.56,12.58,1.69,17.5,11.73,3.22,10.17,13.99,23.09,11.03,23.03,10.37,10.12,16.06,15.28,18.1,25.83,21.31,15.57,21.87,10.1,15.24,14.07,18.05,13.58,16.36,18.57,9.77,9.99,4.66,19.99,14.66,17.58,12.52,12.53,21.78,24.89,12.62,14.41,14.93,9.0,11.81,9.14,9.78,19.17,26.14,12.09,23.68,14.98,18.3,5.2,14.99,17.29,21.48,21.63,10.87,25.74,14.68,9.2,8.86,12.43,8.29,19.74,27.23,12.67,20.68,13.69,20.91,21.42,14.44,7.21,7.76,16.36,11.02,11.15,12.57,6.4,7.02,18.31,12.51,16.31,16.08,8.86,20.8,18.95,7.5,11.34,12.49,19.76,12.92,13.48,20.35,11.32,8.51,11.95,20.64,20.25,10.86,11.7,8.3,8.62,12.17,9.1,9.49,8.68,9.57,8.02,11.06,11.32,5.48,9.01,7.88,8.74,6.75,6.4,8.53,8.0,8.92,6.79,9.84,9.35,10.03,7.73,24.6,17.73,14.09,14.28,29.21,12.06,6.33,10.19,7.27,7.98,8.44,13.17,14.37,14.9,7.22,17.01,9.87,7.16,12.36,11.31,9.33,12.18,18.66,20.3,24.33,16.83,22.54,16.63,13.5,17.62,16.13,14.65,16.24,15.91,23.76,16.05,18.97,9.06,2.89,12.04,19.21,1.92,11.71,0.0,20.26,22.91,13.0,27.1,16.37,31.04,14.04,5.38,3.62,2.82,21.38,17.2,15.65,6.47,12.56,12.81,13.71,10.77,4.95,11.77,6.87,11.18,19.76,20.84,12.68,9.59,16.39,18.49,21.28,22.62,26.44,29.09,27.98,26.59,20.32,24.47,29.73,29.17,20.18,24.49,27.64,23.89,24.51,14.88,13.04,12.65,9.22,12.53,13.85,14.04,24.69,27.5,27.67,26.77,24.79,21.82,25.99,26.22,23.48,24.16,24.75,27.11,26.72,11.42,13.59,15.79,16.19,12.12,13.45,22.68,15.0,15.62,16.5,22.24,13.1,10.92,17.89,22.63,14.43,13.45,14.76,10.37,12.32,24.02,15.4,14.55,11.54,17.76,17.2,17.93,19.38,16.74,21.24,13.35,14.74,23.45,23.91,19.58,21.81,15.04,15.95,18.88,20.76,17.02,25.41,13.68,21.55,19.75,21.27,20.86,22.21,20.97,21.74,22.0,22.59,22.41,19.63,26.36,24.74,16.86,19.64,20.63,24.69,14.07,25.39,16.47,18.47,21.26,11.98,17.82,20.44,20.95,14.31,15.92,24.36,23.92,25.61,22.37,22.03,20.7,26.43,23.2,20.97,17.38,23.7,15.78,27.09,26.37,26.36,30.15,31.36,32.51,26.04,24.36,33.43,26.47,31.02,26.77,31.96,33.97,25.22,30.61
19.74,25.41,19.89,8.85,21.8,21.42,18.78,27.47,35.79,21.11,35.86,21.56,23.6,31.11,30.33,29.28,9.51,34.14,11.81,36.71,22.93,27.18,26.9,10.38,14.58,12.35,29.75,18.38,20.06,15.49,34.01,29.7,30.4,25.35,26.01,34.48,37.59,25.33,18.14,29.98,23.02,24.51,19.21,20.96,32.0,9.81,24.79,36.38,30.02,19.19,20.24,27.82,30.12,31.55,36.82,23.58,38.48,29.73,19.27,12.52,25.9,18.36,32.56,40.06,25.37,33.51,16.61,33.74,34.25,27.27,17.28,17.83,10.55,15.32,22.33,25.27,18.29,17.09,31.14,15.43,29.13,26.16,18.43,36.27,30.67,17.57,21.54,14.0,35.23,26.4,26.18,33.18,21.39,18.58,24.77,35.29,33.08,20.94,24.4,18.37,21.49,24.87,22.58,22.35,20.62,22.84,20.85,23.76,24.15,19.2,21.84,21.85,21.44,18.93,21.3,22.01,20.86,18.98,20.47,22.67,22.05,22.74,20.43,8.27,18.31,16.48,15.28,41.94,16.43,19.97,18.9,19.08,23.02,23.49,17.72,29.41,25.06,22.26,27.18,24.91,22.21,17.95,26.35,24.37,27.22,28.82,35.35,32.43,29.56,37.58,31.68,28.54,32.67,31.17,29.69,28.97,30.96,38.8,31.1,34.01,23.08,17.94,15.69,9.23,18.42,8.8,20.26,0.0,6.04,7.35,10.23,4.15,8.98,6.22,16.2,21.43,20.63,4.98,28.72,27.79,16.61,22.7,22.96,23.86,10.14,15.37,11.14,12.49,14.45,32.3,33.38,16.23,19.73,29.01,30.01,33.82,35.15,38.97,43.76,42.65,39.13,32.85,39.07,42.26,43.83,32.71,37.02,40.17,36.43,37.05,27.49,23.18,22.79,21.4,24.71,26.02,26.21,37.31,40.12,40.29,39.39,37.41,34.43,38.61,38.84,36.1,36.78,37.37,40.51,39.34,21.56,23.73,23.5,26.33,22.26,23.59,32.82,25.15,25.76,26.64,32.38,23.24,21.06,28.03,32.77,24.57,23.59,24.9,20.51,22.46,34.16,25.54,24.69,21.68,27.9,27.34,30.54,31.55,28.91,33.85,25.97,27.36,36.07,36.53,32.19,34.43,27.66,28.57,31.5,33.38,28.54,38.03,26.3,34.17,32.36,33.89,33.47,34.83,33.58,33.91,34.17,32.73,32.55,29.77,36.5,34.88,27.0,29.78,30.77,34.83,26.24,35.53,26.61,28.61,31.4,22.12,27.96,30.58,31.09,24.45,28.09,36.53,36.09,37.78,34.54,34.21,32.87,38.6,35.37,33.14,30.0,35.87,28.39,39.26,38.55,36.5,42.32,43.53,44.68,38.22,34.5,45.6,38.64,43.19,38.95,44.13,46.14,37.39,42.78
16.45,31.45,22.54,5.53,26.21,24.07,15.47,30.4,41.83,25.5,41.9,27.6,26.53,31.03,30.26,35.32,4.37,40.18,8.49,36.84,28.97,30.21,32.94,7.1,11.27,9.04,35.79,15.06,26.1,25.51,40.05,29.63,36.44,31.38,28.94,40.52,43.63,31.37,14.82,29.9,23.5,30.55,25.25,27.0,38.04,4.67,30.83,42.42,29.95,15.91,21.63,33.86,36.16,37.59,36.6,29.62,40.71,29.66,25.31,18.56,28.83,24.4,38.6,46.1,31.41,39.55,13.3,39.78,40.29,33.31,23.32,23.87,7.23,12.01,28.37,31.31,24.32,23.13,37.18,12.12,35.17,32.19,15.12,35.77,33.92,23.61,23.62,10.68,34.74,29.32,32.22,39.22,24.95,24.62,30.81,35.61,39.11,24.11,30.44,24.41,27.52,30.91,25.51,28.39,26.66,26.31,26.89,29.8,30.19,21.59,27.88,24.11,27.48,24.97,23.93,25.26,26.9,25.02,22.9,28.71,28.09,28.77,26.47,3.13,15.02,13.16,11.96,44.18,13.12,16.66,15.59,15.76,22.95,23.41,14.41,25.68,21.78,22.19,23.89,24.84,22.14,14.64,22.28,20.3,23.15,25.54,30.01,29.15,31.8,30.5,31.61,28.47,32.6,31.1,29.62,31.21,30.88,31.73,31.03,33.94,23.55,20.6,21.73,5.94,21.07,14.84,22.91,6.04,0.0,13.39,4.19,10.19,11.06,12.26,22.24,24.63,23.82,1.69,31.97,30.43,22.65,26.2,25.04,25.94,16.18,21.41,17.18,18.53,20.49,34.53,35.62,22.27,25.77,35.05,33.27,36.06,37.39,41.21,43.86,42.76,41.37,35.09,39.24,44.5,43.94,34.95,39.26,42.41,38.67,39.28,33.53,29.22,28.83,27.43,30.75,32.06,32.25,43.35,46.16,46.33,45.43,43.45,40.47,44.65,44.88,42.14,42.81,43.41,41.89,45.38,27.6,29.77,25.58,32.37,28.29,27.93,38.86,27.23,31.8,32.68,38.42,29.28,27.1,34.07,38.81,30.61,29.63,30.94,26.54,28.5,40.2,31.58,30.73,27.72,33.93,33.38,36.58,37.59,34.95,39.89,32.01,33.4,42.11,42.57,38.23,40.47,33.7,34.61,37.54,39.42,31.8,44.07,32.34,40.21,38.4,39.93,39.51,40.87,39.62,39.95,40.21,38.77,38.59,35.81,42.54,40.92,33.04,35.82,36.81,40.87,32.28,41.57,32.65,34.64,37.44,28.16,33.99,36.61,37.13,30.49,34.13,42.57,42.13,43.82,40.58,40.24,38.91,44.64,41.41,39.18,36.04,41.91,34.43,45.3,44.59,42.54,48.36,49.57,50.72,44.25,40.54,51.64,44.68,49.23,44.98,50.17,52.18,43.43,48.82
25.35,18.15,12.63,16.2,14.54,14.16,17.96,20.21,28.53,13.85,28.6,14.3,16.34,23.85,23.07,22.02,16.86,26.88,19.16,29.45,15.67,19.92,19.64,17.74,21.36,19.7,22.49,17.56,12.8,8.23,26.75,22.44,23.14,18.09,18.75,27.22,30.33,18.07,22.19,22.72,15.76,17.25,11.95,13.7,24.74,17.16,17.53,29.12,22.76,26.08,12.98,20.56,22.86,24.29,29.56,16.32,31.22,22.47,12.01,5.26,18.64,11.1,25.3,32.8,18.11,26.25,21.48,26.48,26.99,20.01,10.02,10.57,17.9,18.81,15.07,18.01,11.03,9.83,23.88,20.29,21.87,18.9,16.65,29.01,23.41,10.31,14.15,20.27,27.97,19.14,18.92,25.92,14.13,11.32,17.51,28.03,25.82,13.68,17.14,11.11,14.23,17.61,15.32,15.09,13.36,15.58,13.59,16.5,16.89,11.94,14.58,14.59,14.18,11.67,14.04,14.75,13.6,11.72,13.21,15.41,14.79,15.48,13.17,15.62,25.52,21.87,22.06,34.68,19.84,16.54,17.97,15.05,15.76,16.23,20.95,22.15,22.68,15.0,24.8,17.65,14.95,20.14,19.09,17.11,19.96,26.44,28.09,32.11,22.3,30.32,24.42,21.28,25.41,23.91,22.43,21.71,23.7,31.54,23.84,26.75,15.82,10.68,5.01,16.58,11.16,1.54,13.0,7.35,13.39,0.0,17.58,3.46,16.33,1.13,8.94,14.17,13.37,12.33,21.46,20.53,9.35,15.44,15.69,16.59,2.88,8.11,3.88,5.23,7.19,25.04,26.12,8.97,12.47,21.75,22.75,26.56,27.89,31.71,36.5,35.39,31.87,25.59,31.81,35.0,36.57,25.45,29.76,32.91,29.17,29.79,20.23,15.92,15.53,14.14,17.45,18.76,18.95,30.05,32.86,33.03,32.13,30.15,27.17,31.35,31.58,28.84,29.52,30.11,33.25,32.08,14.3,16.47,18.67,19.07,15.0,16.33,25.56,17.88,18.5,19.38,25.12,15.98,13.8,20.77,25.51,17.31,16.33,17.64,13.25,15.2,26.9,18.28,17.43,14.42,20.64,20.08,23.28,24.29,21.65,26.59,18.71,20.1,28.81,29.27,24.94,27.17,20.4,21.31,24.24,26.12,21.28,30.77,19.04,26.91,25.1,26.63,26.21,27.57,26.32,26.65,26.91,25.47,25.29,22.51,29.24,27.62,19.74,22.52,23.51,27.57,18.99,28.27,19.35,21.35,24.14,14.86,20.7,23.32,23.83,17.19,20.83,29.27,28.83,30.52,27.28,26.95,25.61,31.34,28.11,25.88,22.74,28.61,21.13,32.0,31.29,29.24,35.06,36.27,37.42,30.96,27.24,38.34,31.38,35.93,31.69,36.87,38.88,30.13,35.52
20.64,35.64,26.73,9.72,30.4,28.27,19.66,34.59,46.02,29.69,46.09,31.79,30.72,35.22,34.45,39.51,3.46,44.37,12.69,41.03,33.16,34.4,37.13,11.29,15.46,13.23,39.98,19.25,30.29,29.7,44.24,33.82,40.63,35.58,33.13,44.71,47.82,35.56,19.01,34.09,27.69,34.74,29.44,31.19,42.23,3.39,35.02,46.61,34.14,20.1,25.82,38.05,40.35,41.78,40.79,33.81,44.9,33.85,29.5,22.75,33.02,28.59,42.79,50.29,35.6,43.74,17.49,43.97,44.48,37.5,27.51,28.06,11.42,16.2,32.56,35.5,28.51,27.32,41.37,16.31,39.36,36.39,19.31,39.96,38.11,27.8,27.81,14.87,38.93,33.52,36.41,43.41,29.14,28.81,35.0,39.8,43.3,28.3,34.63,28.6,31.72,35.1,29.7,32.58,30.85,30.5,31.08,33.99,34.38,25.78,32.07,28.31,31.67,29.16,28.13,29.45,31.09,29.21,27.09,32.9,32.28,32.97,30.66,2.91,19.21,17.36,16.15,48.37,17.31,20.85,19.78,19.95,27.14,27.6,18.6,29.87,25.97,26.38,28.08,29.03,26.33,18.83,26.47,24.49,27.34,29.73,34.2,35.02,35.99,36.38,35.8,32.66,36.79,35.29,33.81,35.4,35.07,37.6,35.22,38.13,27.74,24.79,25.92,10.13,25.26,19.03,27.1,10.23,4.19,17.58,0.0,14.38,15.25,16.45,26.43,29.07,28.27,5.88,36.42,34.87,26.84,30.39,29.23,30.13,20.37,25.6,21.37,22.72,24.68,38.98,40.06,26.46,29.96,39.24,37.72,40.51,41.84,45.66,48.31,47.21,45.81,39.54,43.69,48.95,48.39,39.4,43.71,46.86,43.12,43.73,37.72,33.41,33.02,31.63,34.94,36.25,36.44,47.54,50.35,50.52,49.62,47.64,44.66,48.84,49.07,46.33,47.01,47.6,46.33,49.57,31.79,33.96,29.77,36.56,32.49,32.12,43.05,31.42,35.99,36.87,42.61,33.47,31.29,38.26,43.0,34.8,33.82,35.13,30.73,32.69,44.39,35.77,34.92,31.91,38.13,37.57,40.77,41.78,39.14,44.08,36.2,37.59,46.3,46.76,42.42,44.66,37.89,38.8,41.73,43.61,36.25,48.26,36.53,44.4,42.59,44.12,43.7,45.06,43.81,44.14,44.4,42.96,42.78,40.0,46.73,45.11,37.23,40.01,41.0,45.06,36.47,45.76,36.84,38.84,41.63,32.35,38.19,40.81,41.32,34.68,38.32,46.76,46.32,48.01,44.77,44.43,43.1,48.83,45.6,43.37,40.23,46.1,38.62,49.49,48.78,46.73,52.55,53.76,54.91,48.45,44.73,55.83,48.87,53.42,49.18,54.36,56.37,47.62,53.01
23.89,21.52,16.0,13.0,17.91,17.53,21.33,23.58,31.9,17.22,31.97,17.67,19.71,27.22,26.44,25.39,13.66,30.25,15.96,32.82,19.04,23.29,23.01,14.54,18.74,16.51,25.86,20.93,16.17,11.6,30.12,25.82,26.52,21.46,22.12,30.59,33.7,21.44,22.29,26.09,19.13,20.62,15.32,17.08,28.11,13.97,20.91,32.5,26.13,23.34,16.35,23.93,26.23,27.66,32.93,19.69,34.59,25.84,15.38,8.63,22.02,14.47,28.68,36.17,21.48,29.62,20.77,29.85,30.36,23.38,13.39,13.94,14.7,19.48,18.44,21.38,14.4,13.2,27.25,19.58,25.25,22.27,20.02,32.39,26.78,13.68,17.52,18.15,31.34,22.51,22.29,29.29,17.5,14.69,20.89,31.4,29.19,17.05,20.51,14.48,17.6,20.98,18.69,18.46,16.73,18.95,16.96,19.87,20.26,15.31,17.95,17.96,17.55,15.04,17.41,18.12,16.97,15.09,16.58,18.78,18.16,18.85,16.55,12.43,22.46,20.63,19.43,38.05,20.58,19.91,21.34,18.42,19.13,19.6,24.32,25.52,26.06,18.37,28.17,21.02,18.32,23.51,22.46,20.48,23.33,29.82,31.46,35.48,25.67,33.69,27.79,24.65,28.78,27.28,25.8,25.08,27.07,34.91,27.21,30.12,19.19,14.05,11.8,13.38,14.53,4.91,16.37,4.15,10.19,3.46,14.38,0.0,13.14,2.33,12.32,17.54,16.74,9.13,24.83,23.9,12.72,18.81,19.06,19.96,6.25,11.48,7.25,8.6,10.56,28.41,29.49,12.34,15.84,25.12,26.12,29.93,31.26,35.08,39.87,38.76,35.24,28.96,35.19,38.38,39.94,28.82,33.13,36.28,32.54,33.16,23.6,19.29,18.9,17.51,20.82,22.13,22.32,33.42,36.23,36.4,35.5,33.52,30.54,34.72,34.95,32.21,32.89,33.48,36.62,35.45,17.67,19.85,22.05,22.44,18.37,19.7,28.93,21.25,21.87,22.75,28.49,19.35,17.17,24.14,28.88,20.68,19.7,21.01,16.62,18.57,30.27,21.65,20.8,17.79,24.01,23.45,26.66,27.66,25.02,29.96,22.08,23.47,32.18,32.64,28.31,30.54,23.77,24.68,27.61,29.49,24.66,34.14,22.41,30.28,28.48,30.0,29.58,30.94,29.7,30.02,30.28,28.84,28.67,25.88,32.61,30.99,23.11,25.89,26.88,30.94,22.36,31.64,22.72,24.72,27.51,18.23,24.07,26.69,27.21,20.56,24.21,32.64,32.21,33.89,30.65,30.32,28.98,34.72,31.48,29.25,26.11,31.98,24.5,35.37,34.66,32.61,38.43,39.64,40.79,34.33,30.61,41.71,34.75,39.3,35.06,40.24,42.25,33.5,38.89
24.76,36.19,30.67,13.87,15.15,32.2,23.8,38.25,46.57,14.43,46.64,32.34,34.38,41.89,41.11,27.63,14.53,44.92,16.83,47.49,33.71,37.96,37.68,15.41,19.61,17.38,27.64,23.4,14.59,33.64,44.79,40.49,41.19,36.13,36.79,45.26,48.37,36.11,23.16,40.76,33.8,35.29,16.47,31.75,42.78,14.84,35.58,47.17,40.8,24.21,31.02,38.6,40.9,26.76,47.6,34.36,49.26,40.51,14.08,23.31,36.69,14.99,43.35,50.84,36.15,44.29,21.64,44.52,33.52,38.05,28.06,17.09,15.57,20.35,25.91,36.05,29.07,27.87,41.92,20.45,39.92,21.37,23.45,47.06,41.45,16.55,12.56,19.02,46.01,37.18,36.96,33.57,13.89,29.36,35.56,46.07,43.86,13.05,35.18,15.93,32.27,35.65,33.36,33.14,31.4,33.62,31.63,34.54,34.93,29.98,32.62,32.63,32.22,29.71,32.08,32.79,31.64,29.76,31.25,33.45,32.83,33.52,31.22,13.3,23.33,21.5,20.3,52.72,21.45,25.0,23.93,24.1,33.8,34.27,22.75,40.19,30.09,33.04,32.2,35.69,32.99,22.98,37.14,35.15,38.0,33.85,46.13,37.46,40.34,48.36,42.46,39.32,43.45,41.95,40.47,39.75,41.74,49.58,41.88,44.79,33.86,28.72,12.18,14.25,29.2,17.78,31.04,8.98,11.06,16.33,15.25,13.14,0.0,15.2,34.05,32.29,31.49,10.0,39.58,38.65,18.24,15.13,13.97,14.88,19.12,28.24,20.12,24.9,25.31,43.15,44.24,12.86,17.88,39.87,40.87,44.68,46.01,49.83,54.62,53.51,49.99,43.71,49.93,53.12,54.69,43.57,47.88,51.03,47.29,47.9,38.35,25.48,25.94,32.25,35.56,36.88,37.07,48.17,50.98,51.14,50.25,48.27,45.29,49.46,49.7,46.96,47.63,48.23,51.37,50.2,16.65,18.82,14.52,21.42,17.34,16.86,27.9,16.17,23.36,23.35,27.47,18.33,16.15,23.12,27.86,19.65,23.3,28.05,15.63,24.44,29.25,22.56,22.47,19.19,23.69,22.43,41.4,42.41,39.77,44.71,36.83,38.22,46.93,47.39,43.05,45.29,38.52,39.43,42.36,44.24,39.4,48.89,37.16,45.03,43.22,44.75,44.33,45.68,44.44,32.63,45.03,31.68,31.51,28.73,33.9,33.84,24.69,28.63,29.73,33.78,37.1,32.93,25.94,23.69,30.36,32.98,26.06,29.53,30.05,27.6,29.22,47.39,35.82,48.64,45.4,45.06,43.73,49.46,46.23,44.0,40.86,46.73,39.25,50.12,49.41,35.45,44.28,40.8,41.95,49.07,33.46,42.87,35.84,40.46,36.86,41.4,43.41,48.25,40.05
26.39,19.19,13.67,15.06,15.58,15.2,19.0,21.25,29.57,14.89,29.64,15.34,17.38,24.89,24.11,23.07,15.73,27.92,18.03,30.49,16.71,20.96,20.68,16.6,20.8,18.57,23.53,18.6,13.84,9.27,27.79,23.49,24.19,19.13,19.8,28.26,31.37,19.11,23.23,23.76,16.8,18.29,12.99,14.75,25.78,16.03,18.58,30.17,23.8,27.12,14.02,21.6,23.9,25.33,30.6,17.36,32.26,23.51,13.05,6.3,19.69,12.14,26.35,33.84,19.15,27.3,22.52,27.52,28.03,21.06,11.06,11.61,16.76,19.85,16.11,19.05,12.07,10.87,24.92,21.33,22.92,19.94,17.69,30.06,24.45,11.35,15.19,20.21,29.01,20.18,19.96,26.96,15.17,12.36,18.56,29.07,26.86,14.72,18.18,12.15,15.27,18.65,16.37,16.14,14.4,16.62,14.63,17.54,17.93,12.98,15.62,15.64,15.23,12.71,15.08,15.79,14.64,12.76,14.25,16.45,15.83,16.52,14.22,14.49,26.56,22.92,21.49,35.73,20.88,17.58,19.01,16.1,16.8,17.27,21.99,23.19,23.73,16.04,25.84,18.69,15.99,21.18,20.14,18.15,21.0,27.49,29.13,33.15,23.34,31.36,25.46,22.32,26.45,24.96,23.47,22.75,24.74,32.58,24.88,27.79,16.86,11.72,9.47,15.45,12.2,2.58,14.04,6.22,12.26,1.13,16.45,2.33,15.2,0.0,9.99,15.21,14.41,11.19,22.5,21.57,10.39,16.48,16.73,17.63,3.92,9.15,4.92,6.28,8.23,26.08,27.16,10.01,13.51,22.79,23.8,27.6,28.94,32.75,37.54,36.43,32.91,26.63,32.86,36.05,37.61,26.49,30.8,33.96,30.21,30.83,21.27,16.96,16.57,15.18,18.49,19.8,19.99,31.09,33.9,34.07,33.17,31.19,28.22,32.39,32.62,29.88,30.56,31.15,34.29,33.12,15.35,17.52,19.72,20.11,16.04,17.37,26.6,18.93,19.54,20.42,26.16,17.02,14.84,21.81,26.55,18.35,17.37,18.68,14.29,16.24,27.94,19.33,18.47,15.46,21.68,21.12,24.33,25.33,22.7,27.64,19.75,21.14,29.85,30.31,25.98,28.21,21.44,22.35,25.28,27.16,22.33,31.81,20.08,27.95,26.15,27.67,27.25,28.61,27.37,27.69,27.95,26.51,26.34,23.55,30.28,28.66,20.78,23.56,24.55,28.61,20.03,29.31,20.39,22.39,25.18,15.9,21.74,24.36,24.88,18.23,21.88,30.31,29.88,31.56,28.32,27.99,26.65,32.39,29.15,26.93,23.78,29.65,22.18,33.04,32.33,30.28,36.1,37.31,38.46,32.0,28.28,39.38,32.42,36.97,32.73,37.91,39.92,31.17,36.56
20.89,15.9,3.92,20.82,15.05,2.15,13.5,17.31,26.41,14.36,26.35,13.7,13.44,19.38,18.61,21.42,29.15,24.63,18.9,25.19,13.42,18.56,17.39,21.37,16.9,19.68,21.89,13.09,13.31,1.12,23.31,17.98,20.9,15.84,15.86,25.1,28.21,15.95,17.73,18.25,12.32,15.13,12.46,13.1,22.49,29.46,15.41,27.0,18.3,21.62,8.52,18.31,20.62,24.8,24.95,14.2,29.06,18.01,12.52,12.19,15.75,11.61,23.06,30.55,15.99,24.01,17.01,24.23,24.74,17.77,10.53,11.08,19.68,14.34,14.47,15.89,9.72,10.34,21.63,15.83,19.63,19.41,12.18,24.12,22.27,10.82,14.66,15.81,23.09,16.24,16.8,23.67,14.64,11.83,15.27,23.96,23.57,14.19,15.02,11.62,11.95,15.49,12.43,12.81,12.0,12.9,11.34,14.38,14.64,8.81,12.33,11.2,12.06,10.07,9.72,11.85,11.32,12.24,10.12,13.16,12.67,13.35,11.05,27.92,21.05,17.41,17.6,32.53,15.38,7.65,13.51,10.59,11.3,11.76,16.49,17.69,18.22,10.54,20.33,13.19,10.49,15.68,14.63,12.65,15.5,21.98,23.63,27.65,20.15,25.86,19.96,16.82,20.95,19.45,17.97,19.56,19.23,27.08,19.38,22.29,12.38,6.21,15.36,22.53,5.24,8.04,5.38,16.2,22.24,8.94,26.43,12.32,34.05,9.99,0.0,2.86,3.52,24.7,20.52,18.97,9.79,15.88,16.13,17.03,6.72,5.65,7.71,3.71,14.51,23.08,24.16,16.0,12.91,19.71,21.82,24.61,25.94,29.76,32.41,31.31,29.91,23.64,27.79,33.05,32.49,23.5,27.81,30.96,27.22,27.83,18.2,16.36,15.97,12.55,15.86,17.17,17.36,28.02,30.83,30.99,30.09,28.11,25.14,29.31,29.54,26.8,27.48,28.07,30.43,30.04,14.75,16.92,19.12,19.51,15.44,16.77,26.0,18.33,18.94,19.82,25.56,16.42,14.24,21.21,25.95,17.75,16.77,18.08,13.69,15.64,27.34,18.73,17.87,14.86,21.08,20.52,21.25,22.7,20.06,24.56,16.67,18.07,26.78,27.23,22.9,25.13,18.37,19.27,22.21,24.08,20.35,28.74,17.0,24.88,23.07,24.59,24.18,25.53,24.29,25.06,25.32,25.91,25.74,22.95,29.68,28.06,20.18,22.96,23.95,28.01,17.39,28.71,19.79,21.79,24.58,15.3,21.14,23.76,24.28,17.63,19.24,27.68,27.24,28.93,25.69,25.35,24.02,29.75,26.52,24.29,20.71,27.02,19.1,30.41,29.7,29.68,33.47,34.68,35.83,29.37,27.68,36.75,29.79,34.34,30.1,35.28,37.29,28.54,33.93
19.13,14.15,2.17,19.07,13.29,0.71,11.74,15.56,24.65,12.6,24.6,11.94,11.69,17.63,16.85,19.67,27.4,22.88,17.14,23.43,11.66,16.8,15.64,19.62,15.15,17.92,20.13,11.34,11.55,2.15,21.56,16.23,19.14,14.08,14.1,23.34,26.45,14.19,15.97,16.5,10.57,13.38,10.71,11.35,20.73,27.7,13.66,25.25,16.54,19.87,6.76,16.55,18.86,23.05,23.19,12.44,27.31,16.25,10.76,10.43,13.99,9.86,21.3,28.79,14.23,22.25,15.26,22.48,22.98,16.01,8.77,9.33,17.93,12.59,12.71,14.14,7.96,8.58,19.88,14.07,17.87,17.65,10.43,22.36,20.52,9.06,12.9,14.05,21.33,14.48,15.05,21.92,12.88,10.08,13.51,22.21,21.81,12.43,13.26,9.86,10.19,13.74,10.67,11.06,10.25,11.14,9.59,12.63,12.88,7.05,10.58,9.45,10.31,8.32,7.96,10.09,9.56,10.48,8.36,11.41,10.91,11.6,9.3,26.16,19.3,15.66,15.84,30.78,13.62,5.89,11.75,8.84,9.55,10.01,14.73,15.94,16.47,8.78,18.58,11.43,8.73,13.92,12.88,10.9,13.74,20.23,21.87,25.89,18.39,24.1,18.2,15.07,19.19,17.7,16.21,17.8,17.48,25.32,17.62,20.53,10.62,4.46,13.6,20.77,3.49,13.27,3.62,21.43,24.63,14.17,29.07,17.54,32.29,15.21,2.86,0.0,1.76,22.94,18.76,17.22,8.04,14.13,14.37,15.27,12.33,3.89,13.33,4.36,12.75,21.33,22.41,14.24,11.15,17.96,20.06,22.85,24.18,28.0,30.66,29.55,28.16,21.88,26.03,31.3,30.73,21.74,26.05,29.21,25.46,26.08,16.44,14.61,14.21,10.79,14.1,15.41,15.6,26.26,29.07,29.24,28.34,26.36,23.38,27.56,27.79,25.05,25.72,26.32,28.68,28.29,12.99,15.16,17.36,17.76,13.68,15.02,24.24,16.57,17.19,18.07,23.81,14.67,12.49,19.45,24.2,15.99,15.02,16.33,11.93,13.88,25.59,16.97,16.11,13.11,19.32,18.77,19.49,20.95,18.31,22.8,14.92,16.31,25.02,25.48,21.14,23.38,16.61,17.52,20.45,22.33,18.59,26.98,15.25,23.12,21.31,22.84,22.42,23.77,22.53,23.31,23.56,24.15,23.98,21.2,27.93,26.3,18.42,21.21,22.2,26.25,15.64,26.96,18.04,20.03,22.82,13.55,19.38,22.0,22.52,15.88,17.49,25.92,25.49,27.18,23.94,23.6,22.26,28.0,24.77,22.54,18.95,25.26,17.34,28.65,27.94,27.92,31.72,32.93,34.07,27.61,25.93,34.99,28.04,32.58,28.34,33.52,35.54,26.79,32.18
18.33,13.35,1.36,18.26,12.49,1.36,10.94,14.75,23.85,11.8,23.8,11.14,10.88,16.82,16.05,18.86,26.59,22.07,16.34,22.63,10.86,16.0,14.84,18.81,14.34,17.12,19.33,10.53,10.75,2.8,20.75,15.42,18.34,13.28,13.3,22.54,25.65,13.39,15.17,15.69,9.77,12.57,9.9,10.54,19.93,26.9,12.85,24.44,15.74,19.06,5.96,15.75,18.06,22.24,22.39,11.64,26.5,15.45,9.96,9.63,13.19,9.05,20.5,27.99,13.43,21.45,14.45,21.67,22.18,15.21,7.97,8.52,17.12,11.78,11.91,13.33,7.16,7.78,19.07,13.27,17.07,16.85,9.63,21.56,19.71,8.26,12.1,13.25,20.53,13.68,14.24,21.11,12.08,9.27,12.71,21.4,21.01,11.63,12.46,9.06,9.39,12.93,9.87,10.25,9.44,10.34,8.78,11.82,12.08,6.25,9.77,8.65,9.5,7.51,7.16,9.29,8.76,9.68,7.56,10.6,10.11,10.8,8.49,25.36,18.5,14.85,15.04,29.97,12.82,5.09,10.95,8.03,8.74,9.2,13.93,15.13,15.66,7.98,17.77,10.63,7.93,13.12,12.07,10.09,12.94,19.42,21.07,25.09,17.59,23.3,17.4,14.26,18.39,16.89,15.41,17.0,16.67,24.52,16.82,19.73,9.82,3.65,12.8,19.97,2.69,12.47,2.82,20.63,23.82,13.37,28.27,16.74,31.49,14.41,3.52,1.76,0.0,22.14,17.96,16.41,7.24,13.33,13.57,14.47,11.53,2.13,12.53,5.01,11.95,20.52,21.6,13.44,10.35,17.16,19.26,22.05,23.38,27.2,29.85,28.75,27.36,21.08,25.23,30.49,29.93,20.94,25.25,28.4,24.66,25.27,15.64,13.8,13.41,9.99,13.3,14.61,14.8,25.46,28.27,28.43,27.53,25.56,22.58,26.75,26.98,24.24,24.92,25.52,27.88,27.48,12.19,14.36,16.56,16.95,12.88,14.21,23.44,15.77,16.38,17.26,23.0,13.86,11.68,18.65,23.4,15.19,14.21,15.52,11.13,13.08,24.79,16.17,15.31,12.3,18.52,17.96,18.69,20.14,17.5,22.0,14.11,15.51,24.22,24.68,20.34,22.57,15.81,16.71,19.65,21.53,17.79,26.18,14.44,22.32,20.51,22.04,21.62,22.97,21.73,22.5,22.76,23.35,23.18,20.39,27.12,25.5,17.62,20.4,21.39,25.45,14.84,26.15,17.23,19.23,22.02,12.74,18.58,21.2,21.72,15.07,16.68,25.12,24.68,26.37,23.13,22.8,21.46,27.2,23.96,21.73,18.15,24.46,16.54,27.85,27.14,27.12,30.91,32.12,33.27,26.81,25.12,34.19,27.23,31.78,27.54,32.72,34.73,25.98,31.37
14.89,30.39,21.01,4.0,25.15,22.54,13.93,28.86,40.76,24.43,40.84,26.53,25.0,29.5,28.72,34.26,4.5,39.12,6.96,35.31,27.9,28.68,31.88,5.54,9.74,7.51,34.73,13.53,25.03,23.98,38.98,28.1,35.38,30.32,27.41,34.51,42.56,30.3,13.29,28.37,21.97,29.49,24.19,25.94,36.97,4.81,26.33,41.36,28.42,14.34,20.09,32.79,35.1,36.53,35.07,28.55,39.18,28.12,24.25,17.49,27.3,23.34,37.54,45.03,30.34,38.49,11.77,38.72,39.22,32.25,22.26,22.81,5.7,10.48,27.31,30.25,23.26,22.07,36.12,10.58,34.11,31.13,13.58,34.23,32.39,22.54,22.56,9.15,33.2,27.79,31.16,38.16,23.89,23.56,29.75,34.08,38.05,23.05,25.93,23.34,26.46,29.85,23.98,27.33,25.59,24.77,25.83,28.74,29.12,20.05,26.82,22.58,26.42,23.91,22.4,23.73,25.84,23.96,21.36,27.64,27.03,27.71,25.41,3.27,13.46,11.63,10.43,42.65,11.58,15.13,14.06,14.23,21.42,21.88,12.88,24.12,20.22,20.65,22.33,23.31,20.6,13.11,20.75,18.77,21.61,23.98,28.45,27.59,30.27,28.94,30.07,26.94,31.06,29.57,28.09,29.67,29.35,30.17,29.49,32.4,22.02,19.07,20.67,4.38,19.54,13.78,21.38,4.98,1.69,12.33,5.88,9.13,10.0,11.19,24.7,22.94,22.14,0.0,30.41,28.87,21.59,25.13,23.97,24.88,15.12,20.35,16.12,17.47,19.42,32.97,34.06,21.21,24.7,33.99,31.71,34.5,35.83,39.65,42.3,41.2,39.81,33.53,37.68,42.94,42.38,33.39,37.7,40.85,37.11,37.72,32.47,28.16,27.76,26.37,29.68,30.99,31.19,42.29,45.1,45.26,41.0,42.39,39.41,43.58,43.81,41.07,41.75,42.35,40.33,44.32,26.54,28.71,24.52,31.31,27.23,26.86,37.79,26.17,30.74,31.62,37.36,28.22,26.04,33.01,37.75,29.54,28.57,29.88,25.48,27.43,39.14,30.52,29.66,26.66,32.87,32.32,35.52,36.53,33.89,38.83,30.95,32.34,41.05,41.51,37.17,39.4,32.64,33.55,36.48,38.36,30.24,43.01,31.27,39.15,37.34,38.87,38.45,39.8,38.56,38.89,39.15,37.7,37.53,34.75,41.48,39.85,31.97,34.76,35.75,39.8,31.22,40.51,31.59,33.58,36.37,27.1,32.93,35.55,36.07,29.43,33.07,41.5,41.07,42.76,39.52,39.18,37.84,43.58,40.35,38.12,34.98,40.84,33.37,44.23,43.52,41.47,47.3,48.51,49.66,43.19,39.48,50.57,43.62,48.17,43.92,49.11,51.12,42.37,47.76
22.25,15.92,16.83,26.41,20.59,18.36,16.24,4.85,14.05,19.9,23.79,14.1,5.45,8.29,4.59,21.82,34.74,22.06,24.48,7.27,13.44,2.28,17.41,26.96,21.44,25.27,22.29,20.09,18.85,19.8,18.1,3.42,20.36,15.86,4.85,6.47,14.53,13.13,19.1,4.46,10.25,12.08,18.0,13.51,21.09,35.05,10.74,12.43,7.69,22.99,10.31,18.33,22.42,26.5,8.06,11.94,12.17,3.96,18.06,17.72,3.28,17.15,19.74,27.98,12.94,21.44,21.09,20.87,23.34,17.79,13.34,16.62,25.27,21.34,14.87,16.52,11.57,13.61,22.33,19.83,21.31,21.07,19.18,6.19,4.35,16.36,20.2,21.4,5.16,4.35,14.96,22.27,20.18,13.91,15.29,6.04,21.51,19.73,10.35,17.16,11.67,12.44,6.37,12.44,12.65,9.19,11.99,11.33,14.66,9.94,12.35,9.09,10.33,10.72,10.36,8.14,10.95,13.12,8.92,13.18,9.87,11.1,9.81,33.51,22.42,18.78,22.65,15.64,20.45,19.07,17.81,17.59,10.03,10.48,17.86,13.6,18.78,11.1,20.89,8.06,11.14,17.05,10.77,13.21,10.18,22.54,13.13,17.15,3.26,15.36,9.76,6.39,10.45,8.96,9.34,2.67,6.52,16.58,5.58,12.09,10.31,14.89,20.89,28.12,15.36,20.56,17.2,28.72,31.97,21.46,36.42,24.83,39.58,22.5,20.52,18.76,17.96,30.41,0.0,1.69,15.14,21.23,21.48,22.38,19.43,16.37,20.43,19.43,19.85,6.2,7.28,21.34,18.26,6.2,3.89,7.72,9.05,12.87,15.49,15.03,13.03,6.75,10.9,16.16,14.57,6.61,10.92,14.07,10.33,10.94,15.38,16.73,16.34,12.26,15.57,16.88,17.07,13.68,16.49,16.65,14.22,13.78,10.8,14.97,15.2,12.46,13.14,13.74,13.55,15.71,20.1,22.27,24.47,21.09,20.79,22.12,27.57,23.68,19.31,20.19,27.13,21.77,19.59,22.78,27.53,20.79,17.14,18.45,19.04,16.01,28.92,19.09,18.24,20.21,21.45,20.96,17.79,20.42,19.77,7.46,13.22,14.61,14.53,14.99,9.06,12.89,15.55,7.45,8.41,11.84,2.42,16.49,13.54,10.54,10.83,12.35,9.84,13.29,12.05,23.39,22.45,26.28,26.1,23.32,30.05,28.43,20.55,23.33,24.32,28.38,17.1,29.08,20.16,21.54,24.95,15.67,21.51,24.13,24.64,18.0,18.95,24.09,25.58,20.55,22.82,21.77,17.96,21.37,22.94,16.66,16.86,23.43,15.64,27.54,26.83,28.07,30.6,31.81,32.96,26.5,29.58,33.88,26.92,31.47,27.23,32.41,34.42,25.67,31.06
20.71,15.0,15.29,24.86,19.66,16.82,14.69,3.92,13.14,18.97,22.88,13.17,4.52,6.75,3.05,20.9,33.2,21.16,22.94,6.36,12.51,1.36,16.49,25.41,19.9,23.72,21.36,18.54,17.92,18.26,17.2,2.5,19.46,14.93,3.92,5.57,13.62,12.2,17.55,2.91,9.32,11.15,17.07,12.58,20.18,33.5,9.81,11.53,6.15,21.44,9.39,17.4,19.71,25.57,6.51,11.01,10.63,2.41,17.13,16.79,2.36,16.22,18.83,27.08,12.01,20.53,19.54,19.96,22.43,16.86,12.41,15.69,23.73,19.79,13.94,15.61,10.65,12.68,21.43,18.28,18.72,20.14,17.63,5.29,3.44,15.43,19.27,19.85,4.26,3.42,14.06,21.36,19.25,12.98,14.36,5.13,20.61,18.8,9.42,16.23,10.74,11.51,5.44,11.52,11.72,8.26,11.06,10.4,13.73,9.01,11.42,8.16,9.41,9.79,9.43,7.21,10.02,12.19,7.99,12.25,8.94,10.17,8.89,31.96,20.88,17.23,21.11,14.1,18.9,17.52,16.27,16.04,8.49,8.93,16.31,12.05,17.24,9.55,19.35,6.51,9.59,15.5,9.22,11.66,8.63,21.0,11.58,15.61,1.72,13.82,8.22,4.84,8.9,7.41,7.79,1.12,4.97,15.04,4.04,10.55,9.38,13.34,19.96,26.57,13.82,19.63,15.65,27.79,30.43,20.53,34.87,23.9,38.65,21.57,18.97,17.22,16.41,28.87,1.69,0.0,14.22,20.31,20.55,21.45,18.5,17.12,19.5,18.5,18.92,4.65,5.73,20.41,17.33,5.29,2.99,6.17,7.51,11.33,13.95,13.49,11.48,5.21,9.36,14.62,13.03,5.07,9.38,12.53,8.78,9.4,14.47,15.8,15.41,11.33,14.64,15.95,16.14,12.77,15.58,15.75,12.67,12.87,9.89,16.02,14.3,11.56,12.24,12.83,12.0,14.8,19.17,21.34,23.54,20.16,19.86,21.2,26.64,22.75,18.38,19.26,26.21,20.85,18.67,21.86,26.6,19.86,16.21,17.52,18.11,15.08,27.99,18.17,17.31,19.28,20.52,20.03,16.86,19.51,18.85,6.55,12.29,13.68,13.63,14.09,8.16,11.98,14.64,6.54,7.5,10.94,1.52,15.59,12.62,9.63,9.92,11.45,8.93,12.38,11.14,22.49,21.54,25.35,25.18,22.4,29.12,27.5,19.62,22.4,23.39,27.45,16.18,28.15,19.23,20.62,24.02,14.74,20.58,23.2,23.72,17.08,18.03,23.18,24.67,19.64,21.92,20.86,17.05,20.46,22.03,15.75,15.95,22.52,14.71,26.63,25.92,27.16,29.7,30.91,32.05,25.59,28.68,32.97,26.02,30.56,26.32,31.5,33.52,24.77,30.16
18.82,11.64,6.11,18.76,6.69,7.64,11.43,13.69,22.01,6.0,22.09,5.83,9.82,17.32,16.54,13.56,26.12,20.37,16.83,22.93,9.15,13.41,13.13,19.31,14.84,17.62,14.02,11.03,4.95,9.08,20.23,15.92,16.63,11.57,12.24,20.71,23.81,11.55,15.67,16.19,9.25,10.74,4.1,5.24,18.22,26.43,11.02,22.61,16.24,19.56,6.46,14.04,16.35,16.44,23.05,9.8,24.7,15.94,4.16,5.61,12.13,3.25,18.79,26.28,11.59,19.74,14.95,19.97,20.47,13.5,2.66,2.72,17.62,12.28,6.6,11.5,4.51,2.47,17.37,13.77,15.36,11.05,10.12,22.5,16.89,2.46,6.3,13.75,21.46,12.62,12.41,19.4,6.28,3.97,11.0,21.51,19.3,5.83,10.63,3.26,7.71,11.1,8.81,8.58,5.39,9.06,7.08,9.99,10.37,5.43,8.07,8.08,7.67,5.16,7.53,8.23,7.09,3.81,6.69,8.89,8.28,8.96,6.66,24.88,18.99,15.35,15.54,28.17,13.32,10.01,11.45,8.53,9.24,9.7,14.43,15.63,16.16,8.48,18.27,11.13,8.42,13.62,12.57,10.59,13.44,19.92,21.56,25.59,15.79,23.8,17.89,14.76,18.88,17.39,15.91,15.2,17.17,25.02,17.31,20.23,9.3,4.15,8.78,20.47,4.64,8.45,6.47,16.61,22.65,9.35,26.84,12.72,18.24,10.39,9.79,8.04,7.24,21.59,15.14,14.22,0.0,7.47,7.71,8.61,7.0,3.93,8.0,7.0,7.41,20.98,22.06,8.91,4.49,15.57,16.57,22.5,23.83,27.65,30.31,29.2,27.81,21.53,25.63,30.94,30.38,21.39,25.7,28.85,25.11,25.73,14.05,8.57,8.17,7.96,11.27,12.58,12.77,23.87,26.68,26.85,25.95,23.97,20.99,25.17,25.4,22.66,23.33,23.93,27.07,25.9,6.33,8.5,10.7,11.1,7.02,8.36,17.58,9.91,11.15,12.03,17.14,8.01,5.83,12.79,17.54,9.33,8.98,10.29,5.27,7.84,18.93,10.93,10.07,6.44,13.37,12.11,17.1,18.11,15.47,20.41,12.53,13.92,22.63,23.09,18.75,20.99,14.22,15.13,18.06,19.94,15.1,24.59,12.86,20.73,18.92,20.45,20.03,21.39,20.14,19.06,20.73,18.11,17.94,15.16,21.89,20.26,12.38,15.17,16.16,20.21,12.8,20.92,12.0,13.37,16.78,7.51,13.34,15.96,16.48,9.84,14.65,23.09,22.65,24.34,21.1,20.76,19.43,25.16,21.93,19.7,16.56,22.43,14.95,25.82,25.11,21.88,28.88,27.23,28.38,24.78,19.89,29.3,22.27,26.89,25.51,27.83,29.84,23.95,26.48
24.92,17.73,12.2,24.85,1.63,13.73,17.52,19.78,28.1,3.72,24.38,14.2,15.92,23.41,22.63,14.52,29.66,22.66,22.92,29.02,15.24,19.5,19.22,25.4,20.93,23.71,14.53,17.12,3.87,15.17,24.86,22.01,22.72,17.66,18.33,26.8,29.9,17.64,21.76,22.28,15.34,16.83,3.37,11.33,22.88,29.97,17.11,28.7,22.33,25.65,12.55,20.13,22.44,13.66,29.14,15.89,30.79,22.04,3.36,11.7,18.22,4.27,23.44,29.46,17.68,22.53,21.04,23.15,20.42,19.59,8.75,6.32,23.71,18.37,12.8,17.59,10.6,8.56,23.46,19.86,21.45,8.26,16.21,28.59,22.98,5.11,3.19,19.84,27.55,18.71,18.5,20.46,1.64,10.06,17.09,27.6,21.78,2.77,16.72,5.34,13.8,17.19,14.9,14.67,11.48,15.15,13.17,16.08,16.46,11.52,14.16,14.17,13.76,11.25,13.62,14.32,13.18,9.9,12.78,14.98,14.37,15.05,12.75,28.43,25.08,21.44,21.63,34.26,19.41,16.1,17.54,14.62,15.33,15.79,20.52,21.72,22.25,14.57,24.36,17.22,14.51,19.71,18.66,16.68,19.53,26.01,27.65,31.68,21.88,29.89,23.98,20.85,24.97,23.48,22.0,21.29,23.26,31.11,23.4,26.32,15.39,10.24,9.59,26.56,10.73,14.54,12.56,22.7,26.2,15.44,30.39,18.81,15.13,16.48,15.88,14.13,13.33,25.13,21.23,20.31,7.47,0.0,4.6,5.51,13.09,10.02,14.09,13.09,13.5,27.07,28.15,10.27,4.77,21.66,22.66,28.59,29.92,33.74,36.4,35.29,33.9,27.62,31.72,37.04,36.47,27.48,31.79,34.94,31.2,31.82,20.14,12.37,12.83,14.05,17.36,18.67,18.86,29.96,32.77,32.94,32.04,30.06,27.08,31.26,31.49,28.75,29.43,30.02,33.16,31.99,3.54,5.71,7.91,8.31,4.24,5.57,14.8,4.82,10.25,10.24,14.36,5.22,3.04,10.01,14.75,6.55,10.2,14.95,2.52,11.33,16.14,9.45,9.36,6.08,10.58,9.32,23.19,22.88,21.56,26.5,18.62,20.01,28.72,29.18,24.84,27.08,20.31,21.22,24.15,26.03,21.19,30.68,18.95,26.82,25.01,26.54,26.12,27.48,26.23,19.53,24.06,18.58,18.41,15.62,20.79,20.73,11.58,15.52,16.62,20.68,18.89,19.82,12.83,10.59,17.25,15.56,12.95,16.43,16.95,14.5,16.11,27.86,22.71,29.11,23.18,25.54,26.05,29.94,26.7,26.33,22.65,27.2,21.04,29.15,28.44,22.35,31.18,27.7,28.85,28.11,20.35,29.76,22.74,27.35,23.75,28.29,30.31,27.28,26.95
25.16,17.97,12.44,27.84,4.62,13.97,17.77,20.03,28.35,3.9,26.96,12.16,16.16,23.65,22.88,17.1,28.51,25.24,23.17,29.27,15.49,19.74,19.46,29.38,21.17,23.95,17.11,17.36,4.06,15.41,26.57,22.25,22.96,17.9,18.57,27.04,30.15,17.89,22.0,22.52,15.58,17.07,5.94,11.57,24.56,28.81,17.35,28.94,22.57,25.89,12.79,20.38,22.68,16.23,29.38,16.14,31.03,22.28,3.55,11.94,18.46,4.46,25.12,32.62,17.93,25.1,21.28,26.3,22.99,19.83,9.0,6.56,23.95,18.61,15.38,17.83,10.84,8.81,23.7,20.1,21.69,10.84,16.46,28.83,23.23,6.02,1.41,20.08,27.79,18.95,18.74,23.04,3.36,10.3,17.33,27.85,24.36,2.6,16.96,5.4,14.04,17.43,15.14,14.91,11.72,15.4,13.41,16.32,16.71,11.76,14.4,14.41,14.0,11.49,13.86,14.56,13.42,10.14,13.02,15.23,14.61,15.29,12.99,27.27,25.33,21.68,21.87,34.5,19.65,16.35,17.78,14.86,15.57,16.03,20.76,21.96,22.49,14.81,24.6,17.46,14.76,19.95,18.9,16.92,19.77,26.25,27.9,31.92,22.12,30.13,24.23,21.09,25.22,23.72,22.24,21.53,23.5,31.35,23.65,26.56,15.63,10.49,8.43,28.22,10.97,14.79,12.81,22.96,25.04,15.69,29.23,19.06,13.97,16.73,16.13,14.37,13.57,23.97,21.48,20.55,7.71,4.6,0.0,1.76,13.33,10.26,14.33,13.33,13.75,27.31,28.39,9.11,7.35,21.9,22.91,28.83,30.17,33.98,36.64,35.53,34.14,27.87,31.97,37.28,36.71,27.73,32.03,35.19,31.44,32.06,20.39,14.95,15.41,14.29,17.6,18.91,19.1,30.2,33.01,33.18,32.28,30.3,27.33,31.5,31.73,28.99,29.67,30.26,33.4,32.23,6.12,8.29,4.58,10.89,6.81,6.64,17.37,3.05,12.83,12.82,16.94,7.8,5.62,12.59,17.33,9.13,12.77,17.52,5.1,13.91,18.72,12.03,11.94,8.66,13.16,11.9,23.44,24.44,21.81,26.75,18.86,20.25,28.96,29.42,25.09,27.32,20.55,21.46,24.39,26.27,21.44,30.92,19.19,27.06,25.26,26.78,26.37,27.72,26.48,22.11,27.06,21.16,20.98,18.2,23.37,23.31,14.16,18.1,19.2,23.26,19.14,22.4,15.41,13.16,19.83,13.84,15.53,19.0,19.52,17.07,18.69,29.42,25.29,30.67,25.76,27.1,25.76,31.5,28.27,26.04,22.89,28.76,21.29,32.15,31.44,24.93,33.75,30.27,31.42,31.11,22.93,32.34,25.31,29.93,26.33,30.87,32.88,30.28,29.52
26.06,18.87,13.34,28.75,5.52,14.87,18.67,20.93,29.25,4.81,27.86,13.06,17.06,24.56,23.78,18.0,29.41,26.14,24.07,30.17,16.39,20.64,20.36,30.28,22.08,24.85,18.01,18.27,4.96,16.31,27.47,23.16,23.87,18.81,19.47,27.94,31.05,18.79,22.9,23.43,16.48,17.97,6.84,12.47,25.46,29.71,18.26,29.85,23.47,26.79,13.69,21.28,23.58,17.14,30.28,17.04,31.94,23.18,4.45,12.85,19.37,5.36,26.03,33.52,18.83,26.01,22.19,27.2,23.9,20.74,9.9,7.47,24.86,19.52,16.28,18.73,11.75,9.71,24.6,21.0,22.6,11.74,17.36,29.74,24.13,6.92,2.32,20.98,28.69,19.86,19.64,23.94,4.26,11.2,18.24,28.75,25.26,3.5,17.86,6.3,14.95,18.33,16.04,15.82,12.63,16.3,14.31,17.22,17.61,12.66,15.3,15.31,14.9,12.39,14.76,15.47,14.32,11.04,13.93,16.13,15.51,16.2,13.9,28.17,26.23,22.59,22.77,35.4,20.55,17.25,18.68,15.76,16.47,16.94,21.66,22.86,23.4,15.71,25.51,18.36,15.66,20.85,19.81,17.82,20.67,27.16,28.8,32.82,23.02,31.03,25.13,21.99,26.12,24.63,23.14,22.43,24.41,32.25,24.55,27.46,16.54,11.39,9.33,29.13,11.87,15.69,13.71,23.86,25.94,16.59,30.13,19.96,14.88,17.63,17.03,15.27,14.47,24.88,22.38,21.45,8.61,5.51,1.76,0.0,14.23,11.16,15.23,14.23,14.65,28.21,29.29,10.01,8.25,22.81,23.81,29.74,31.07,34.89,37.54,36.43,35.04,28.77,32.87,38.18,37.62,28.63,32.94,36.09,32.34,32.96,21.29,13.22,13.68,15.19,18.5,19.81,20.0,31.11,33.92,34.08,33.18,31.2,28.23,32.4,32.63,29.89,30.57,31.16,34.3,33.13,3.67,6.56,3.39,9.16,5.08,5.45,15.64,1.86,11.1,11.09,15.21,6.07,6.52,10.86,15.6,7.4,11.05,15.8,6.0,12.18,16.99,10.3,10.21,9.56,11.43,10.17,24.34,25.35,22.71,27.65,19.76,21.16,29.87,30.32,25.99,28.22,21.46,22.36,25.3,27.18,22.34,31.83,20.09,27.97,26.16,27.68,27.27,28.62,27.38,20.38,27.97,19.43,19.25,16.47,21.64,21.58,12.43,16.37,17.47,21.53,20.04,20.67,13.68,11.43,18.1,14.74,13.8,17.28,17.79,15.35,16.96,30.32,23.56,31.58,24.03,28.0,26.66,32.4,29.17,26.94,23.8,29.66,22.19,33.05,32.34,23.2,32.02,28.55,29.69,32.01,21.2,30.61,23.59,28.2,24.6,29.14,31.15,31.19,27.8
23.12,15.92,10.4,18.99,12.31,11.93,15.73,17.98,26.3,11.62,26.37,12.07,14.11,21.62,20.84,19.79,19.65,24.65,21.95,27.22,13.44,17.69,17.41,20.53,19.14,21.91,20.26,15.33,10.57,6.0,24.52,20.22,20.92,15.86,16.52,24.99,28.1,15.84,19.96,20.49,13.53,15.02,9.72,11.48,22.51,19.95,15.31,26.9,20.53,23.85,10.75,18.33,20.63,22.06,27.33,14.09,28.99,20.24,9.78,3.03,16.42,8.87,23.08,30.57,15.88,24.02,19.25,24.25,24.76,17.78,7.79,8.34,20.69,16.58,12.84,15.78,8.8,7.6,21.65,18.06,19.65,16.67,14.42,26.78,21.18,8.08,11.92,18.04,25.74,16.91,16.69,23.69,11.9,9.09,15.29,25.8,23.59,11.45,14.91,8.88,12.0,15.38,13.09,12.86,11.13,13.35,11.36,14.27,14.66,9.71,12.35,12.36,11.95,9.44,11.81,12.52,11.37,9.49,10.98,13.18,12.56,13.25,10.95,18.41,23.29,19.65,19.83,32.45,17.61,14.31,15.74,12.82,13.53,14.0,18.72,19.92,20.46,12.77,22.57,15.42,12.72,17.91,16.86,14.88,17.73,24.22,25.86,29.88,20.07,28.09,22.19,19.05,23.18,21.68,20.2,19.48,21.47,29.31,21.61,24.52,13.59,8.45,6.2,19.37,8.93,1.98,10.77,10.14,16.18,2.88,20.37,6.25,19.12,3.92,6.72,12.33,11.53,15.12,19.43,18.5,7.0,13.09,13.33,14.23,0.0,5.88,1.0,3.0,4.96,22.81,23.89,6.74,10.24,19.52,20.52,24.33,25.66,29.48,34.27,33.16,29.64,23.36,29.59,32.78,34.34,23.22,27.53,30.68,26.94,27.56,18.0,13.69,13.3,11.91,15.22,16.53,16.72,27.82,30.63,30.8,29.9,27.92,24.94,29.12,29.35,26.61,27.29,27.88,31.02,29.85,12.07,14.25,16.45,16.84,12.77,14.1,23.33,15.65,16.27,17.15,22.89,13.75,11.57,18.54,23.28,15.08,14.1,15.41,11.02,12.97,24.67,16.05,15.2,12.19,18.41,17.85,21.06,22.06,19.42,24.36,16.48,17.87,26.58,27.04,22.71,24.94,18.17,19.08,22.01,23.89,19.06,28.54,16.81,24.68,22.88,24.4,23.98,25.34,24.1,24.42,24.68,23.24,23.07,20.28,27.01,25.39,17.51,20.29,21.28,25.34,16.76,26.04,17.12,19.12,21.91,12.63,18.47,21.09,21.6,14.96,18.61,27.04,26.61,28.29,25.05,24.72,23.38,29.12,25.88,23.65,20.51,26.38,18.9,29.77,29.06,27.01,32.83,34.04,35.19,28.73,25.01,36.11,29.15,33.7,29.46,34.64,36.65,27.9,33.29
19.03,12.86,3.49,18.96,9.24,3.5,11.64,14.92,23.24,8.55,23.31,7.89,11.05,17.52,16.75,15.61,24.88,21.59,17.04,24.16,10.38,16.7,14.35,19.51,15.04,17.82,16.08,11.23,7.5,4.93,21.46,16.12,17.86,12.8,13.46,21.93,25.04,12.78,15.87,16.39,10.47,11.96,6.65,7.29,19.45,25.18,12.25,23.84,16.44,19.76,6.66,15.27,17.57,18.99,23.09,11.03,27.2,16.15,6.71,6.38,13.36,5.8,20.02,27.51,12.82,20.97,15.15,21.19,21.7,14.73,4.72,5.27,17.82,12.48,8.66,12.72,5.74,4.53,18.59,13.97,16.59,13.6,10.33,23.73,18.12,5.01,8.85,13.95,22.68,13.85,13.63,20.63,8.83,6.02,12.23,22.74,20.53,8.38,11.85,5.81,8.94,12.32,10.04,9.81,8.07,10.29,8.3,11.21,11.6,6.95,9.29,9.3,8.9,6.38,7.86,9.46,8.31,6.43,7.92,10.12,9.5,10.19,7.89,23.64,19.2,15.55,15.74,30.67,13.52,10.22,11.65,8.73,9.44,9.9,14.63,15.83,16.36,8.68,18.47,11.33,8.63,13.82,12.77,10.79,13.64,20.12,21.77,25.79,18.29,24.0,18.1,14.96,19.09,17.59,16.11,17.7,17.37,25.22,17.52,20.43,10.52,4.36,9.55,20.67,4.84,7.21,4.95,15.37,21.41,8.11,25.6,11.48,28.24,9.15,5.65,3.89,2.13,20.35,16.37,17.12,3.93,10.02,10.26,11.16,5.88,0.0,6.88,5.35,8.76,21.17,22.25,10.26,7.17,16.46,17.46,22.7,24.03,27.85,30.5,29.4,28.0,21.73,26.52,31.14,30.58,21.59,25.9,29.05,25.3,25.92,14.94,10.62,10.23,8.85,12.16,13.47,13.66,24.76,27.57,27.74,26.84,24.86,21.88,26.06,26.29,23.55,24.23,24.82,27.96,26.79,9.0,11.17,13.37,13.77,9.7,11.03,20.26,12.58,13.2,14.08,19.82,10.68,8.5,15.47,20.21,12.01,11.03,12.34,7.94,9.9,21.6,12.98,12.13,9.12,15.34,14.78,17.99,19.0,16.36,21.3,13.42,14.81,23.52,23.98,19.64,21.88,15.11,16.02,18.95,20.83,15.99,25.48,13.75,21.62,19.81,21.34,20.92,22.28,21.03,21.36,21.62,20.17,19.99,17.21,23.94,22.32,14.44,17.22,18.21,22.27,13.69,22.97,14.05,16.05,18.84,9.56,15.4,18.02,18.53,11.89,15.54,23.98,23.54,25.23,21.99,21.66,20.32,26.05,22.82,20.59,17.45,23.32,15.84,26.71,26.0,23.94,29.77,30.98,32.13,25.67,21.94,33.05,26.09,30.64,26.4,31.58,33.59,24.84,30.23
24.12,16.92,11.4,19.99,13.31,12.93,16.73,18.98,27.3,12.62,27.37,13.07,15.11,22.61,21.84,20.79,20.65,25.65,22.95,28.22,14.44,18.69,18.41,21.52,20.13,22.91,21.26,16.32,11.57,7.0,25.52,21.21,21.91,16.86,17.52,25.99,29.1,16.84,20.96,21.48,14.53,16.02,10.72,12.47,23.51,20.95,16.3,27.89,21.53,24.85,11.75,19.33,21.63,23.06,28.33,15.09,29.99,21.24,10.78,4.03,17.41,9.87,24.07,31.57,16.88,25.02,20.24,25.25,25.76,18.78,8.79,9.34,21.69,17.58,13.84,16.78,9.79,8.6,22.65,19.06,20.64,17.67,15.42,27.78,22.18,9.08,12.92,19.04,26.74,17.91,17.69,24.69,12.9,10.09,16.28,26.8,24.58,12.45,15.91,9.88,13.0,16.38,14.09,13.86,12.13,14.35,12.36,15.27,15.66,10.71,13.35,13.36,12.95,10.44,12.81,13.52,12.37,10.49,11.98,14.18,13.56,14.24,11.94,19.41,24.29,20.64,20.83,33.45,18.61,15.31,16.74,13.82,14.53,14.99,19.72,20.92,21.45,13.77,23.56,16.42,13.72,18.91,17.86,15.88,18.73,25.21,26.86,30.88,21.07,29.09,23.19,20.05,24.18,22.68,21.2,20.48,22.46,30.31,22.61,25.52,14.58,9.45,7.2,20.37,9.93,2.98,11.77,11.14,17.18,3.88,21.37,7.25,20.12,4.92,7.71,13.33,12.53,16.12,20.43,19.5,8.0,14.09,14.33,15.23,1.0,6.88,0.0,4.0,5.96,23.81,24.89,7.74,11.24,20.52,21.52,25.33,26.66,30.48,35.27,34.16,30.64,24.36,30.58,33.77,35.34,24.22,28.53,31.68,27.94,28.55,19.0,14.69,14.3,12.91,16.22,17.53,17.72,28.82,31.63,31.8,30.9,28.92,25.94,30.12,30.35,27.61,28.28,28.88,32.02,30.85,13.07,15.24,17.44,17.84,13.77,15.1,24.33,16.65,17.27,18.15,23.89,14.75,12.57,19.54,24.28,16.08,15.1,16.41,12.01,13.97,25.67,17.05,16.2,13.19,19.41,18.85,22.05,23.06,20.42,25.36,17.48,18.87,27.58,28.04,23.7,25.94,19.17,20.08,23.01,24.89,20.05,29.54,17.81,25.68,23.87,25.4,24.98,26.34,25.09,25.42,25.68,24.24,24.06,21.28,28.01,26.39,18.51,21.29,22.28,26.34,17.75,27.04,18.12,20.12,22.91,13.63,19.47,22.09,22.6,15.96,19.6,28.04,27.6,29.29,26.05,25.71,24.38,30.11,26.88,24.65,21.51,27.38,19.9,30.77,30.06,28.01,33.83,35.04,36.19,29.73,26.01,37.11,30.15,34.7,30.46,35.64,37.65,28.9,34.29
23.12,15.92,5.42,21.34,12.31,3.65,15.73,17.98,26.3,11.62,26.37,12.07,14.11,21.62,20.84,19.8,22.0,24.65,21.13,27.22,13.44,17.69,17.41,22.88,19.14,21.91,20.26,15.33,10.57,2.99,24.52,20.22,20.92,15.86,16.53,24.99,28.1,15.84,19.96,20.49,13.53,15.02,9.72,11.48,22.51,22.31,15.31,26.9,20.53,23.85,10.75,18.33,20.63,22.06,27.33,14.09,28.99,20.24,9.78,3.03,16.42,8.87,23.08,30.57,15.88,24.03,19.25,24.25,24.76,17.79,7.79,8.34,23.04,16.58,12.84,15.78,8.8,7.6,21.65,18.06,19.65,16.67,14.42,26.79,21.18,8.08,11.92,18.04,25.74,16.91,16.69,23.69,11.9,9.09,15.29,25.8,23.59,11.45,14.91,8.88,12.0,15.38,13.1,12.87,11.13,13.35,11.36,14.27,14.66,9.71,12.35,12.36,11.96,9.44,11.81,12.52,11.37,9.49,10.98,13.18,12.56,13.25,10.95,20.77,23.29,19.65,19.83,32.46,17.61,9.14,15.74,12.83,13.53,14.0,18.72,19.92,20.46,12.77,22.57,15.42,12.72,17.91,16.87,14.88,17.73,24.22,25.86,29.88,20.08,28.09,22.19,19.06,23.18,21.69,20.2,19.48,21.47,29.31,21.61,24.52,13.59,8.45,6.2,21.72,6.74,4.33,6.87,12.49,18.53,5.23,22.72,8.6,24.9,6.28,3.71,4.36,5.01,17.47,19.43,18.5,7.0,13.09,13.33,14.23,3.0,5.35,4.0,0.0,4.96,22.81,23.89,6.74,10.24,19.52,20.52,24.33,25.66,29.48,34.27,33.16,29.64,23.36,29.59,32.78,34.34,23.22,27.53,30.69,26.94,27.56,18.0,13.69,13.3,11.91,15.22,16.53,16.72,27.82,30.63,30.8,29.9,27.92,24.95,29.12,29.35,26.61,27.29,27.88,31.02,29.85,12.08,14.25,16.45,16.84,12.77,14.1,23.33,15.66,16.27,17.15,22.89,13.75,11.57,18.54,23.28,15.08,14.1,15.41,11.02,12.97,24.67,16.06,15.2,12.19,18.41,17.85,21.06,22.06,19.43,24.37,16.48,17.87,26.58,27.04,22.71,24.94,18.17,19.08,22.01,23.89,19.06,28.54,16.81,24.68,22.88,24.4,23.98,25.34,24.1,24.42,24.68,23.24,23.07,20.28,27.01,25.39,17.51,20.29,21.28,25.34,16.76,26.04,17.12,19.12,21.91,12.63,18.47,21.09,21.61,14.96,18.61,27.04,26.61,28.29,25.05,24.72,23.38,29.12,25.88,23.66,20.51,26.38,18.91,29.77,29.06,27.01,32.83,34.04,35.19,28.73,25.01,36.11,29.15,33.7,29.46,34.64,36.65,27.9,33.29
23.54,16.34,10.82,23.29,12.72,12.35,16.14,18.4,26.72,12.03,26.79,12.48,14.53,22.03,21.25,20.21,23.96,25.07,21.54,27.64,13.85,18.11,17.83,24.83,19.55,22.33,20.68,15.74,10.99,13.79,24.93,20.63,21.33,16.27,16.94,25.41,28.52,16.25,20.38,20.9,13.95,15.44,10.14,11.89,22.92,24.26,15.72,27.31,20.95,24.27,11.17,18.74,21.05,22.48,27.75,14.5,29.4,20.66,10.2,3.45,16.83,9.29,23.49,30.98,16.3,24.44,19.66,24.67,25.18,18.2,8.21,8.76,22.33,16.99,13.26,16.2,9.21,8.02,22.07,18.48,20.06,17.08,14.83,27.2,21.6,8.49,12.33,18.46,26.16,17.32,17.11,24.11,12.32,9.51,15.7,26.21,24.0,11.86,15.33,9.3,12.41,15.8,13.51,13.28,11.54,13.77,11.78,14.69,15.08,10.13,12.77,12.78,12.37,9.86,12.23,12.93,11.79,9.91,11.39,13.6,12.98,13.66,11.36,22.72,23.7,20.06,20.25,32.87,18.03,14.72,16.16,13.24,13.95,14.41,19.14,20.34,20.87,13.19,22.98,15.84,13.14,18.33,17.28,15.3,18.15,24.63,26.27,30.3,20.49,28.51,22.61,19.47,23.59,22.1,20.62,19.9,21.88,29.73,22.03,24.94,14.0,8.86,6.62,23.67,9.35,6.29,11.18,14.45,20.49,7.19,24.68,10.56,25.31,8.23,14.51,12.75,11.95,19.42,19.85,18.92,7.41,13.5,13.75,14.65,4.96,8.76,5.96,4.96,0.0,17.85,18.93,8.37,5.28,14.56,15.57,19.37,20.71,24.52,29.31,28.2,24.68,18.41,24.63,27.82,29.38,18.26,22.57,25.73,21.98,22.6,13.05,8.73,8.34,6.95,10.26,11.57,11.76,22.87,25.67,25.84,24.94,22.96,19.99,24.16,24.39,21.65,22.33,22.92,26.06,24.89,7.12,9.29,11.49,11.88,7.81,9.14,18.37,10.7,11.31,12.19,17.93,8.79,6.61,13.58,18.33,10.12,9.14,10.45,6.06,8.01,19.72,11.1,10.24,7.23,13.45,12.89,16.1,17.11,14.47,19.41,11.52,12.91,21.62,22.08,17.75,19.98,13.21,14.12,17.05,18.93,14.1,23.58,11.85,19.72,17.92,19.44,19.03,20.38,19.14,19.46,19.72,18.28,18.11,15.32,22.05,20.43,12.55,15.33,16.32,20.38,11.8,21.08,12.16,14.16,16.95,7.67,13.51,16.13,16.65,10.0,13.65,22.08,21.65,23.33,20.1,19.76,18.42,24.16,20.93,18.7,15.55,21.42,13.95,24.81,24.1,22.05,27.88,29.09,30.23,23.77,20.05,31.15,24.2,28.74,24.5,29.68,31.69,22.94,28.33
24.82,19.5,19.39,28.97,26.29,20.93,18.8,8.43,12.75,25.6,22.49,17.68,9.03,10.86,7.16,25.4,37.31,20.77,27.05,3.67,17.02,5.86,20.99,29.52,24.0,27.83,27.21,22.65,24.55,22.37,16.8,6.57,19.07,19.44,8.43,5.18,13.23,15.87,21.66,7.02,13.83,18.13,23.7,17.08,19.79,37.61,14.32,12.02,10.25,25.55,13.89,21.54,21.13,30.07,2.25,18.59,6.53,6.52,23.76,21.29,6.86,22.85,18.44,26.69,14.87,20.14,23.65,19.57,22.04,22.82,16.92,22.32,27.84,23.9,18.45,15.22,15.15,17.19,21.04,22.39,20.02,24.64,21.74,3.75,5.64,22.06,25.9,23.96,4.49,7.93,13.67,20.97,25.88,17.48,18.86,4.06,20.22,25.43,13.92,22.86,15.25,16.01,9.95,16.02,16.23,12.77,15.56,16.53,18.24,13.52,15.93,12.66,13.91,14.3,13.94,11.72,14.53,16.7,12.5,16.76,17.04,17.93,13.39,36.07,24.98,21.34,25.22,9.99,23.01,21.63,20.38,20.15,12.6,13.04,20.42,16.16,21.34,13.66,23.46,10.62,13.7,19.61,13.33,15.77,12.74,25.1,15.69,19.72,4.25,17.93,12.32,8.95,13.01,11.52,11.9,3.93,9.08,19.15,8.14,14.66,13.89,17.45,24.47,30.68,17.93,24.14,19.76,32.3,34.53,25.04,38.98,28.41,43.15,26.08,23.08,21.33,20.52,32.97,6.2,4.65,20.98,27.07,27.31,28.21,22.81,21.17,23.81,22.81,17.85,0.0,1.47,24.92,21.84,5.85,7.49,2.07,3.41,7.22,9.85,9.38,7.38,1.1,5.09,10.52,8.92,1.28,5.27,8.43,4.68,5.3,14.08,20.31,19.92,15.83,19.15,20.46,20.65,10.88,13.09,15.64,8.57,13.63,9.5,11.92,14.19,11.17,13.0,12.72,7.9,13.05,23.67,25.85,28.05,24.66,24.37,25.7,31.15,27.25,22.89,23.77,30.71,25.35,23.17,26.36,31.1,24.37,20.72,22.03,22.62,19.59,32.5,22.67,21.82,23.79,25.02,24.53,18.23,19.12,21.02,6.16,17.6,15.73,13.24,13.7,7.77,11.59,14.25,7.11,7.11,10.55,6.02,15.2,15.12,9.24,9.53,11.06,8.54,11.99,10.75,22.1,21.15,29.86,29.68,25.89,33.63,32.99,24.13,26.91,25.07,32.93,20.68,32.66,23.74,25.12,28.53,19.25,25.08,27.7,28.22,21.58,22.53,22.79,24.28,19.25,21.53,20.47,16.66,20.07,21.64,15.36,15.56,22.13,16.76,26.24,25.53,26.77,29.31,30.52,31.66,25.2,28.28,32.58,25.63,30.17,25.93,31.11,33.13,24.38,29.77
25.9,22.35,20.48,30.05,27.37,22.01,19.88,9.51,11.55,26.68,21.3,18.76,10.11,11.94,8.24,26.83,38.39,19.57,28.13,2.48,18.1,6.94,22.36,30.6,25.09,28.91,26.02,23.73,25.63,23.45,15.61,7.65,17.87,20.52,9.51,3.98,12.04,14.68,22.74,8.1,14.91,16.94,24.78,18.17,18.59,38.69,16.7,9.94,11.34,26.63,14.97,20.34,19.93,31.16,1.05,17.39,7.92,7.6,24.84,22.38,7.94,23.93,17.24,25.49,13.67,18.95,24.73,18.38,20.85,21.62,18.0,23.4,28.92,24.98,19.53,14.03,16.23,18.27,19.84,23.47,18.82,25.73,22.82,2.56,4.45,23.14,26.98,25.04,3.3,9.01,12.47,19.78,26.96,18.57,19.95,2.87,19.02,26.51,16.31,23.94,18.61,14.82,11.03,17.1,17.31,16.32,16.65,15.34,19.32,14.6,17.01,13.75,17.29,15.38,15.02,12.8,15.61,17.78,13.58,17.84,15.84,16.74,14.48,37.15,26.07,22.42,26.3,11.39,24.09,22.71,21.46,21.23,13.68,14.12,21.5,17.24,22.43,14.74,24.54,11.7,14.78,20.69,14.41,16.85,13.82,26.19,16.77,20.8,5.33,19.01,13.41,10.03,14.1,12.6,12.98,5.01,10.16,20.23,9.23,15.74,14.97,18.53,25.55,31.76,19.01,25.22,20.84,33.38,35.62,26.12,40.06,29.49,44.24,27.16,24.16,22.41,21.6,34.06,7.28,5.73,22.06,28.15,28.39,29.29,23.89,22.25,24.89,23.89,18.93,1.47,0.0,26.0,22.92,4.66,5.04,3.47,4.8,8.62,11.24,10.78,8.77,2.5,3.9,11.91,10.32,2.36,6.67,9.82,6.08,6.69,12.89,21.39,21.0,16.92,20.23,21.54,20.61,12.27,14.48,14.16,9.96,11.29,8.31,13.32,12.71,9.97,10.65,11.25,9.29,13.22,24.76,26.93,29.13,25.75,25.45,26.78,32.23,28.34,23.97,24.85,31.79,26.43,24.25,27.44,32.19,25.45,21.8,23.11,23.7,20.67,33.58,23.75,22.9,24.87,26.11,25.62,17.04,17.92,19.82,4.96,16.41,14.53,12.04,12.5,6.57,10.4,13.06,5.91,5.92,9.35,7.1,14.0,13.93,8.05,8.34,9.86,7.35,10.8,9.56,20.9,19.96,31.24,30.56,24.7,35.01,31.79,25.21,27.79,23.88,31.74,21.76,34.04,24.82,26.2,29.92,20.33,27.23,28.58,29.1,22.66,23.61,21.6,23.08,18.06,20.33,19.28,15.47,18.88,20.45,14.17,14.36,20.94,15.56,25.05,24.34,25.58,28.11,29.32,30.47,24.01,27.09,31.39,24.43,28.98,24.74,29.92,31.93,23.18,28.57
25.03,17.83,12.31,24.96,10.28,13.85,17.64,19.89,28.21,9.57,28.28,13.98,16.02,23.53,22.75,21.71,25.74,26.56,23.04,29.13,15.35,19.6,19.32,25.52,21.05,23.82,22.17,17.24,12.48,15.28,26.43,22.13,22.83,17.77,18.44,26.9,30.01,17.75,21.87,22.4,15.44,16.93,11.63,13.39,24.42,26.05,17.22,28.81,22.44,25.76,12.66,20.24,22.55,23.97,29.24,16.0,30.9,22.15,11.69,4.74,18.33,10.78,24.99,32.48,17.79,25.94,21.16,26.16,26.67,19.7,9.7,10.25,23.83,18.49,14.75,17.69,10.71,9.51,23.56,19.97,21.56,18.58,16.33,28.7,23.09,9.99,7.7,19.95,27.66,18.82,18.6,25.6,9.02,11.01,17.2,27.71,25.5,8.18,16.82,10.79,13.91,17.29,15.01,14.78,13.04,15.26,13.27,16.19,16.57,11.62,14.26,14.28,13.87,11.35,13.72,14.43,13.28,11.4,12.89,15.09,14.47,15.16,12.86,24.51,25.2,21.56,21.74,34.37,19.52,16.22,17.65,14.74,15.44,15.91,20.63,21.84,22.37,14.68,24.48,17.33,14.63,19.82,18.78,16.8,19.64,26.13,27.77,31.79,21.99,30.0,24.1,20.97,25.09,23.6,22.11,21.39,23.38,31.22,23.52,26.43,15.5,10.36,1.17,25.46,10.84,8.07,12.68,16.23,22.27,8.97,26.46,12.34,12.86,10.01,16.0,14.24,13.44,21.21,21.34,20.41,8.91,10.27,9.11,10.01,6.74,10.26,7.74,6.74,8.37,24.92,26.0,0.0,12.44,21.73,22.73,26.54,27.87,31.69,36.47,35.37,31.84,25.57,31.79,34.98,36.55,25.43,29.74,32.89,29.15,29.76,20.21,15.9,15.51,14.11,17.42,18.73,18.93,30.03,32.84,33.0,32.11,30.13,27.15,31.32,31.55,28.81,29.49,30.09,33.23,32.06,14.28,16.45,12.84,19.05,14.97,16.31,25.53,11.31,18.48,19.36,25.1,15.96,13.78,20.75,25.49,17.29,16.31,17.62,13.22,15.17,26.88,18.26,17.41,14.4,20.61,20.06,23.26,24.27,21.63,26.57,18.69,20.08,28.79,29.25,24.91,27.14,20.38,21.29,24.22,26.1,21.26,30.75,19.01,26.89,25.08,26.61,26.19,27.54,26.3,26.63,26.89,25.44,25.27,22.49,29.22,27.6,19.71,22.5,23.49,27.54,18.96,28.25,19.33,21.32,24.12,14.84,20.67,23.29,23.81,17.17,20.81,29.24,28.81,30.5,27.26,26.92,25.59,31.32,28.09,25.86,22.72,28.58,21.11,31.98,31.26,29.21,35.04,36.25,37.4,30.93,27.22,38.32,31.36,35.91,31.66,36.85,38.86,30.11,35.5
21.94,14.75,9.22,21.87,3.99,10.75,14.55,16.81,25.13,5.51,24.48,8.94,12.94,20.44,19.66,14.62,29.24,22.75,19.95,26.05,12.27,16.52,16.24,22.42,17.96,20.73,14.62,14.15,4.05,12.19,23.35,19.03,19.74,14.69,15.35,23.82,26.93,14.67,18.78,19.31,12.36,13.85,1.41,8.35,21.34,29.54,14.14,25.72,19.35,22.67,9.57,17.16,19.46,13.75,26.16,12.92,27.82,19.06,3.67,8.73,15.24,2.76,21.9,29.4,14.71,22.85,18.07,23.08,20.51,16.61,5.78,3.34,20.74,15.4,9.72,14.61,7.63,5.59,20.48,16.88,18.48,8.35,13.24,25.61,20.01,2.14,5.94,16.86,24.57,15.74,15.52,20.55,4.39,7.08,14.11,24.63,21.87,5.52,13.74,2.36,10.83,14.21,11.92,11.69,8.5,12.18,10.19,13.1,13.49,8.54,11.18,11.19,10.78,8.27,10.64,11.35,10.2,6.92,9.81,12.01,11.39,12.08,9.77,28.0,22.11,18.46,18.65,31.28,16.43,13.13,14.56,11.64,12.35,12.82,17.54,18.74,19.27,11.59,21.39,14.24,11.54,16.73,15.68,13.7,16.55,23.04,24.68,28.7,18.9,26.91,21.01,17.87,22.0,20.5,19.02,18.31,20.29,28.13,20.43,23.34,12.42,7.27,11.9,23.58,7.75,11.57,9.59,19.73,25.77,12.47,29.96,15.84,17.88,13.51,12.91,11.15,10.35,24.7,18.26,17.33,4.49,4.77,7.35,8.25,10.24,7.17,11.24,10.24,5.28,21.84,22.92,12.44,0.0,18.68,19.69,25.61,26.95,30.76,33.42,32.31,30.92,24.65,28.75,34.06,33.5,24.51,28.82,31.97,28.22,28.84,17.17,12.46,12.93,11.07,14.38,15.69,15.88,26.99,29.8,29.96,29.06,27.08,24.11,28.28,28.51,25.77,26.45,27.04,30.18,29.01,3.64,5.81,8.01,8.4,4.33,5.66,14.89,7.04,10.34,10.33,14.45,5.31,3.13,10.1,14.85,6.64,10.29,15.04,2.58,11.42,16.24,9.54,9.45,2.15,10.68,9.41,20.22,21.23,18.59,23.53,15.64,17.04,25.75,26.2,21.87,24.1,17.34,18.24,21.18,23.05,18.22,27.71,15.97,23.84,22.04,23.56,23.15,24.5,23.26,19.62,23.84,18.67,18.5,15.72,20.88,20.82,11.68,15.61,16.71,20.77,15.92,19.91,12.92,10.68,17.34,10.62,13.04,16.52,17.04,14.59,16.2,26.2,22.81,27.45,23.27,23.88,22.54,28.28,25.05,22.82,19.68,25.54,18.07,28.93,28.22,22.44,31.27,27.79,28.94,27.89,20.44,29.86,22.83,27.45,23.84,28.39,30.4,27.07,27.04
25.85,16.35,16.03,26.72,20.88,17.56,19.84,8.45,10.41,20.19,20.15,14.39,9.05,11.9,8.2,22.12,35.05,18.43,24.79,3.63,13.71,5.89,16.37,27.27,25.04,25.58,23.0,18.99,19.14,19.0,14.47,7.02,12.34,16.13,8.45,2.0,10.89,5.91,22.7,8.06,12.48,8.53,18.29,13.8,15.58,35.36,8.29,8.8,11.29,26.59,11.84,14.35,13.81,26.79,3.74,8.98,12.31,7.56,18.35,18.01,6.88,17.44,16.1,24.35,6.79,17.8,24.69,17.23,17.83,15.63,13.63,16.92,25.58,20.24,15.16,4.89,11.87,13.9,14.72,23.43,12.83,21.36,18.08,2.96,2.35,16.65,20.49,21.71,1.53,7.95,5.91,16.76,20.47,14.2,15.56,2.4,17.88,20.02,7.9,17.45,10.2,6.05,9.97,12.72,12.94,7.91,12.28,6.57,14.93,10.83,12.63,11.32,8.88,11.01,11.59,9.02,11.22,13.41,10.23,13.46,7.43,8.33,10.09,33.82,26.02,22.38,23.5,15.78,21.28,17.97,21.41,16.49,13.64,14.08,21.46,17.2,22.38,14.7,24.49,11.66,14.74,20.65,14.37,16.81,13.78,26.14,16.73,20.76,6.86,18.96,13.36,9.99,14.05,12.56,12.94,6.27,10.12,20.19,9.18,15.69,12.54,14.08,21.18,28.43,14.56,20.85,16.39,29.01,35.05,21.75,39.24,25.12,39.87,22.79,19.71,17.96,17.16,33.99,6.2,5.29,15.57,21.66,21.9,22.81,19.52,16.46,20.52,19.52,14.56,5.85,4.66,21.73,18.68,0.0,1.88,7.85,9.19,13.0,15.63,15.16,13.16,6.89,6.31,16.3,14.7,6.75,11.06,14.21,10.46,11.08,6.28,17.2,16.8,12.68,15.99,17.3,14.67,10.04,12.85,13.02,12.12,10.14,7.17,11.34,11.57,8.83,9.51,10.1,13.24,12.07,20.56,22.73,24.93,21.55,21.25,22.59,28.03,24.14,19.77,20.66,27.6,22.24,20.06,23.25,27.99,21.25,17.6,18.92,19.5,16.47,29.38,19.56,18.7,20.68,21.91,21.42,11.1,15.58,13.89,3.82,9.79,7.92,10.9,11.36,5.43,9.25,6.45,1.25,4.77,8.21,4.39,12.86,7.32,6.9,7.19,8.72,6.2,9.65,8.41,17.94,18.82,26.74,26.57,21.74,30.52,30.65,21.01,23.79,20.92,30.6,17.53,29.54,20.63,22.01,25.41,16.13,21.97,24.59,25.11,18.47,19.38,20.45,20.12,16.91,19.19,18.13,14.33,17.74,19.3,13.02,10.56,19.8,8.95,23.9,23.19,24.43,26.97,28.18,29.33,22.86,25.95,30.24,23.29,27.83,23.59,28.77,30.79,22.04,27.43
23.55,17.22,18.13,27.71,21.88,19.66,17.53,6.14,10.79,21.19,20.53,15.39,6.74,9.59,5.89,23.12,36.04,18.81,25.78,4.01,14.73,3.58,18.71,28.26,22.74,26.56,25.26,21.38,20.14,21.1,14.85,4.72,17.11,17.15,6.14,2.38,11.27,7.79,20.39,5.75,11.55,10.4,19.3,14.8,17.83,36.34,12.04,9.18,8.99,24.28,11.61,19.58,19.17,27.79,4.12,10.86,13.47,5.25,19.36,19.01,4.58,18.45,16.48,24.73,12.91,18.18,22.38,17.61,20.08,19.08,14.64,17.92,26.57,22.63,16.17,6.76,12.87,14.9,19.08,21.12,18.06,22.36,20.48,3.34,2.33,17.65,21.49,22.69,1.91,5.65,11.71,19.01,21.47,15.2,16.58,2.78,18.26,21.02,11.64,18.45,12.97,7.93,7.67,13.74,13.94,10.48,13.28,8.45,15.96,11.23,13.65,10.38,11.63,12.01,11.65,9.44,12.25,14.41,10.21,14.48,11.16,10.21,11.11,34.8,23.72,20.08,23.95,16.94,21.74,20.37,19.11,18.88,11.33,11.77,19.15,14.89,20.08,12.39,22.19,9.36,12.44,18.34,12.07,14.51,11.47,23.84,14.43,18.45,4.56,16.66,11.06,7.68,11.75,10.25,10.63,3.96,7.82,17.88,6.88,13.39,11.6,16.19,22.19,29.41,16.66,21.85,18.49,30.01,33.27,22.75,37.72,26.12,40.87,23.8,21.82,20.06,19.26,31.71,3.89,2.99,16.57,22.66,22.91,23.81,20.52,17.46,21.52,20.52,15.57,7.49,5.04,22.73,19.69,1.88,0.0,9.02,10.35,14.17,16.79,16.33,14.32,8.05,6.69,17.46,15.87,7.91,12.22,15.37,11.62,12.24,12.13,18.03,17.64,13.55,16.86,18.17,18.36,10.42,13.23,13.4,12.5,10.52,7.55,11.72,11.95,9.21,9.89,10.48,14.84,12.45,21.39,23.56,25.76,22.38,22.08,23.42,28.87,24.97,20.61,21.49,28.43,23.07,20.89,24.08,28.82,22.08,18.44,19.75,20.33,17.3,30.21,20.39,19.54,21.51,22.74,22.25,16.27,17.16,19.06,4.2,15.64,13.77,11.28,11.74,5.81,9.63,12.3,3.13,5.16,8.59,2.08,13.24,13.17,7.28,7.57,9.1,6.59,10.03,8.79,20.14,19.2,27.57,27.4,23.93,31.35,31.03,21.84,24.63,23.11,30.98,18.4,30.38,21.46,22.84,26.25,16.97,22.8,25.42,25.94,19.3,20.25,20.84,22.32,17.29,19.57,18.51,14.71,18.12,19.68,13.4,13.6,20.18,14.8,24.28,23.57,24.81,27.35,28.56,29.71,23.24,26.33,30.62,23.67,28.22,23.97,29.15,31.17,22.42,27.81
26.34,21.03,20.92,30.5,27.81,22.45,20.32,9.95,14.75,27.12,24.49,19.2,10.55,12.38,8.68,26.93,38.83,22.77,28.57,5.67,18.54,7.39,22.52,31.05,25.53,29.36,29.21,24.18,26.07,23.89,18.8,8.09,21.07,20.96,9.95,7.18,15.23,17.87,23.18,8.55,15.35,20.13,25.22,18.61,21.79,39.14,15.84,9.95,11.78,27.07,15.42,23.54,23.13,31.6,4.25,17.04,4.45,8.04,25.28,22.82,8.39,24.37,20.44,28.69,16.87,22.14,25.17,21.57,24.04,22.89,18.44,23.85,29.36,25.43,19.97,17.22,16.68,18.71,23.04,23.91,22.02,26.17,23.27,5.75,7.64,23.58,27.42,25.49,6.49,9.45,15.67,22.97,27.4,19.01,20.39,6.06,22.22,26.95,15.45,24.38,16.77,18.01,11.47,17.54,17.75,14.29,17.09,18.53,19.76,15.04,17.45,14.19,15.43,15.82,15.46,13.24,16.05,18.22,14.02,18.28,14.97,16.2,14.92,37.59,26.51,22.87,26.74,7.92,24.53,23.16,21.9,21.67,14.12,14.57,21.94,17.68,22.87,15.18,24.98,12.15,15.23,21.13,14.86,17.3,14.27,26.63,17.22,21.24,5.77,19.45,13.85,10.47,14.54,13.04,13.43,5.45,10.61,20.67,9.67,16.18,15.41,18.98,25.99,32.21,19.45,25.66,21.28,33.82,36.06,26.56,40.51,29.93,44.68,27.6,24.61,22.85,22.05,34.5,7.72,6.17,22.5,28.59,28.83,29.74,24.33,22.7,25.33,24.33,19.37,2.07,3.47,26.54,25.61,7.85,9.02,0.0,1.33,5.15,7.77,7.31,5.31,0.97,7.09,8.44,6.85,2.8,3.2,6.35,2.61,3.23,16.08,21.83,21.44,17.36,20.67,21.98,22.17,8.81,11.01,13.57,6.5,11.56,12.47,9.85,12.12,12.27,10.93,10.65,5.83,10.98,25.2,27.37,29.57,26.19,25.89,27.23,32.67,28.78,24.41,25.29,32.23,26.87,24.7,27.88,32.63,25.89,22.24,23.55,24.14,21.11,34.02,24.2,23.34,25.31,26.55,26.06,20.23,21.12,23.02,8.16,19.6,17.73,15.24,15.7,9.77,13.59,16.25,9.11,9.11,12.55,7.55,17.2,17.12,11.24,11.53,13.06,10.54,13.99,12.75,24.1,23.15,31.38,31.21,27.89,35.15,34.99,25.65,28.43,27.07,34.93,22.21,34.18,25.26,26.65,30.05,20.77,26.61,29.23,29.75,23.1,24.06,24.79,26.28,21.25,23.53,22.47,18.66,22.07,23.64,17.36,17.56,24.13,18.76,28.24,27.53,28.77,31.31,32.52,33.66,27.2,30.28,34.58,27.63,32.17,27.93,33.11,35.13,26.38,31.77
27.67,22.36,22.25,31.83,29.14,23.79,21.66,11.28,16.08,28.45,25.82,20.53,11.88,13.72,10.02,28.26,40.16,24.1,29.91,7.01,19.87,8.72,23.85,32.38,26.86,30.69,30.55,25.51,27.4,25.22,20.14,9.43,22.4,22.29,11.28,8.51,16.56,19.2,24.52,9.88,16.69,21.46,26.56,19.94,23.12,40.47,17.18,9.61,13.11,28.41,16.75,24.87,24.46,32.93,5.58,18.37,4.12,9.38,26.62,24.15,9.72,25.71,21.77,30.02,18.2,23.48,26.51,22.9,25.37,24.22,19.78,25.18,30.69,26.76,21.31,18.55,18.01,20.04,24.37,25.25,23.35,27.5,24.6,7.09,8.98,24.91,28.75,26.82,7.83,10.79,17.0,24.31,28.73,20.34,21.72,7.39,23.55,28.28,16.78,25.72,18.11,19.35,12.81,18.88,19.08,15.62,18.42,19.87,21.1,16.37,18.79,15.52,16.77,17.15,16.79,14.58,17.39,19.55,15.35,19.62,16.3,17.53,16.25,38.93,27.84,24.2,28.08,7.58,25.87,24.49,23.23,23.01,15.46,15.9,23.28,19.02,24.2,16.52,26.31,13.48,16.56,22.47,16.19,18.63,15.6,27.96,18.55,22.58,7.1,20.78,15.18,11.81,15.87,14.38,14.76,6.79,11.94,22.01,11.0,17.51,16.74,20.31,27.33,33.54,20.78,26.99,22.62,35.15,37.39,27.89,41.84,31.26,46.01,28.94,25.94,24.18,23.38,35.83,9.05,7.51,23.83,29.92,30.17,31.07,25.66,24.03,26.66,25.66,20.71,3.41,4.8,27.87,26.95,9.19,10.35,1.33,0.0,4.81,7.44,6.97,4.97,2.3,8.43,8.11,6.51,4.14,1.87,6.02,2.27,2.89,17.42,23.17,22.78,18.69,22.0,23.31,23.5,8.47,10.68,13.23,6.16,11.22,12.13,9.51,11.78,11.93,10.59,10.31,5.49,10.64,26.53,28.7,30.9,27.52,27.22,28.56,34.01,30.11,25.75,26.63,33.57,28.21,26.03,29.22,33.96,27.22,23.58,24.89,25.47,22.44,35.35,25.53,24.68,26.65,27.88,27.39,21.57,22.45,24.35,9.49,20.94,19.06,16.57,17.03,11.1,14.93,17.59,10.44,10.45,13.88,8.88,18.53,18.46,12.58,12.86,14.39,13.06,15.33,14.08,25.43,24.49,32.71,32.54,29.22,36.49,36.32,26.98,29.77,28.4,36.27,23.54,35.52,26.6,27.98,31.39,22.11,27.94,30.56,31.08,24.44,25.39,26.13,27.61,22.58,24.86,23.81,20.0,23.41,24.97,18.7,18.89,25.47,20.09,29.58,28.86,30.11,32.64,33.85,35.0,28.53,31.62,35.92,28.96,33.51,29.26,34.45,36.46,27.71,33.1
31.49,26.18,26.07,35.65,32.96,27.6,25.48,15.1,19.9,32.27,29.64,24.35,15.7,17.53,13.83,32.08,43.98,27.92,33.72,10.83,23.69,12.54,27.67,36.2,30.68,34.51,34.36,29.33,31.22,29.04,23.96,13.24,26.22,26.11,15.1,12.33,20.38,23.02,28.33,13.7,20.5,25.28,30.38,23.76,26.94,44.29,20.99,11.09,16.93,32.22,20.57,28.69,28.28,36.75,9.4,22.19,1.0,13.19,30.43,27.97,13.54,29.53,25.59,33.84,22.02,27.29,30.33,26.72,29.19,28.04,23.59,29.0,34.51,30.58,25.12,22.37,21.83,23.86,28.19,29.07,27.17,31.32,28.42,10.91,12.79,28.73,32.57,30.64,11.64,14.6,20.82,28.12,32.55,24.16,25.54,11.21,27.37,32.1,20.6,29.53,21.92,23.16,16.62,22.7,22.9,19.44,22.24,23.68,24.91,20.19,22.61,19.34,20.59,20.97,20.61,18.39,21.2,23.37,19.17,23.43,20.12,21.35,20.07,42.75,31.66,28.02,31.89,4.86,29.68,28.31,27.05,26.82,19.27,19.72,27.09,22.83,28.02,20.33,30.13,17.3,20.38,26.28,20.01,22.45,19.42,31.78,21.67,24.51,10.92,22.72,16.97,15.63,19.69,18.19,18.58,10.6,15.76,23.94,14.82,17.62,20.56,24.13,31.14,37.36,24.6,30.81,26.44,38.97,41.21,31.71,45.66,35.08,49.83,32.75,29.76,28.0,27.2,39.65,12.87,11.33,27.65,33.74,33.98,34.89,29.48,27.85,30.48,29.48,24.52,7.22,8.62,31.69,30.76,13.0,14.17,5.15,4.81,0.0,4.71,4.25,2.25,6.12,12.24,3.67,3.79,7.95,6.68,3.29,4.52,3.35,21.24,26.98,26.59,22.51,25.82,27.13,27.32,9.94,12.15,14.7,7.64,12.7,13.61,10.99,13.25,13.4,12.06,11.79,6.97,12.12,30.35,32.52,34.72,31.34,31.04,32.38,37.82,33.93,29.56,30.44,37.39,32.03,29.85,33.04,37.78,31.04,27.39,28.7,29.29,26.26,39.17,29.35,28.49,30.46,31.7,31.21,25.38,26.27,28.17,13.31,24.75,22.88,20.39,20.85,14.92,18.74,21.4,14.26,14.26,17.7,12.7,22.35,22.27,15.21,16.68,18.21,14.54,19.14,17.9,29.25,28.31,36.53,36.36,33.04,40.3,40.14,30.8,33.58,32.22,40.09,27.36,39.33,30.41,31.8,35.2,25.92,31.76,34.38,34.9,28.26,29.21,29.94,31.43,26.4,28.68,27.62,23.82,27.23,28.79,22.51,22.71,29.29,23.91,33.39,32.68,33.92,36.46,37.67,38.82,32.35,35.44,39.73,32.78,37.32,33.08,38.26,40.28,31.53,36.92
34.15,28.8,28.72,38.3,35.62,30.26,28.13,17.72,22.52,34.93,32.27,26.98,18.32,15.85,16.46,34.7,46.64,30.54,36.38,13.45,26.32,15.16,30.29,38.85,33.33,37.16,36.99,31.98,33.88,31.7,26.58,15.87,28.84,28.73,17.72,14.95,23.01,25.64,30.99,16.32,26.23,27.9,33.03,26.38,29.56,46.94,23.62,13.71,14.77,29.84,26.23,31.31,30.9,39.37,12.02,24.81,3.71,15.82,33.09,32.76,16.16,32.18,28.21,36.46,24.64,29.92,32.98,29.34,31.82,30.66,26.22,31.65,37.17,33.23,27.75,24.99,24.45,26.49,30.81,31.72,29.79,33.94,31.07,13.53,15.42,31.39,35.23,33.29,14.27,17.23,23.44,30.75,35.21,26.78,28.16,13.83,29.99,34.76,23.22,32.19,24.55,25.79,19.25,25.32,25.52,22.07,24.86,26.31,27.54,22.81,25.23,21.96,23.21,23.59,23.24,21.02,23.83,25.99,21.8,26.06,22.74,23.97,22.69,45.4,34.31,30.67,34.55,1.03,32.34,30.96,29.71,29.48,21.93,22.37,29.75,20.13,24.85,22.99,26.96,19.95,23.03,28.94,20.54,25.1,19.95,28.61,18.53,21.36,13.54,19.57,13.83,16.29,16.99,15.5,17.17,13.23,15.7,20.8,17.44,14.48,26.29,26.78,35.93,40.01,27.26,35.6,29.09,43.76,43.86,36.5,48.31,39.87,54.62,37.54,32.41,30.66,29.85,42.3,15.49,13.95,30.31,36.4,36.64,37.54,34.27,30.5,35.27,34.27,29.31,9.85,11.24,36.47,33.42,15.63,16.79,7.77,7.44,4.71,0.0,1.38,2.72,8.74,14.87,8.01,2.95,10.58,9.3,1.5,7.15,5.97,23.86,29.61,29.22,25.13,28.44,29.75,29.95,12.57,14.78,17.33,10.26,15.32,16.23,13.61,15.88,16.03,14.69,14.41,9.59,14.74,35.3,37.47,39.67,33.96,36.0,37.33,40.45,38.88,32.19,33.07,40.01,36.98,34.8,35.66,40.4,38.31,30.02,31.33,34.24,28.88,41.79,31.97,31.12,35.42,34.32,33.83,28.01,28.89,30.79,15.93,27.38,25.5,23.01,23.47,17.54,21.37,24.03,16.88,16.89,20.32,15.32,24.97,24.9,17.84,19.3,20.83,17.16,21.77,20.52,31.87,30.93,39.15,38.98,35.67,42.93,42.76,33.42,36.21,34.84,42.71,29.98,41.96,33.04,34.42,37.83,28.55,34.38,37.0,37.52,30.88,31.83,32.57,34.05,29.03,31.3,30.25,26.44,29.85,31.41,25.14,25.33,31.91,26.53,36.02,35.31,36.55,39.08,40.29,41.44,34.97,38.06,42.36,35.4,39.95,35.7,40.89,42.9,34.15,39.54
33.04,28.34,27.62,37.2,34.51,29.15,27.02,17.26,22.06,33.82,31.8,26.51,17.86,14.75,15.99,34.24,45.53,30.08,35.27,12.99,25.85,14.7,29.83,37.75,32.23,36.05,36.52,30.87,32.77,30.59,26.12,15.41,28.38,28.27,17.26,14.49,22.54,25.18,29.88,15.86,25.13,27.44,31.92,25.92,29.1,45.84,23.15,13.25,13.66,28.73,25.13,30.85,30.44,44.26,11.56,24.35,3.25,15.35,31.98,31.65,15.7,31.07,27.75,36.0,24.18,29.45,31.87,28.88,31.35,30.2,29.99,30.54,36.06,32.13,27.28,24.53,23.99,29.8,30.35,30.61,29.33,38.87,29.97,13.07,14.95,30.28,34.12,32.18,13.81,16.76,22.98,30.28,34.1,26.32,27.7,13.37,29.53,33.65,22.76,31.08,24.08,25.32,18.78,24.86,25.06,21.6,24.4,25.84,27.07,27.06,24.77,21.5,22.75,23.13,25.56,20.55,23.36,25.53,21.33,25.59,22.28,23.51,22.23,44.29,33.21,29.57,33.44,3.55,31.23,29.86,28.6,28.37,20.82,21.26,28.64,19.03,23.75,21.88,25.86,18.85,21.93,27.83,19.43,24.0,18.84,27.51,17.42,20.26,13.08,18.47,12.73,15.18,15.88,14.39,16.06,12.76,14.6,19.69,16.94,13.37,25.18,25.68,34.82,38.9,26.15,34.49,27.98,42.65,42.76,35.39,47.21,38.76,53.51,36.43,31.31,29.55,28.75,41.2,15.03,13.49,29.2,35.29,35.53,36.43,33.16,29.4,34.16,33.16,28.2,9.38,10.78,35.37,32.31,15.16,16.33,7.31,6.97,4.25,1.38,0.0,2.26,8.28,14.4,7.54,1.18,10.11,8.84,1.99,6.68,5.51,23.4,29.15,28.75,24.67,27.98,29.29,29.48,12.1,14.31,16.86,9.8,14.86,15.77,13.15,15.41,15.56,14.22,13.95,9.13,14.28,34.2,36.37,38.57,38.96,34.89,36.22,45.45,37.78,31.72,32.6,45.01,35.87,33.69,40.66,45.41,37.2,29.55,30.86,33.14,28.42,46.8,31.51,30.65,34.31,33.86,33.37,27.54,28.43,30.33,15.47,26.91,25.04,22.55,23.01,17.08,20.9,23.56,16.42,16.42,19.86,14.86,24.51,24.44,17.37,18.84,20.37,16.7,21.3,20.06,31.41,30.47,38.69,38.52,35.2,42.46,42.3,32.96,35.74,34.38,42.25,29.52,41.49,32.57,33.96,37.36,28.08,33.92,36.54,37.06,30.42,31.37,32.1,33.59,28.56,30.84,29.78,25.98,29.39,30.95,24.67,24.87,31.45,26.07,35.55,34.84,36.08,38.62,39.83,40.98,34.51,37.6,41.89,34.94,39.48,35.24,40.42,42.44,33.69,39.08
31.65,26.33,26.23,35.8,33.12,27.76,25.63,15.26,20.06,32.43,29.8,24.51,15.86,17.01,13.99,32.23,44.14,28.08,33.88,10.98,23.85,12.69,27.82,36.35,30.84,34.66,34.52,29.48,31.38,29.2,24.11,13.4,26.37,26.27,15.26,12.48,20.54,23.18,28.49,13.85,20.66,25.44,30.53,23.92,27.1,44.44,21.15,11.24,15.92,32.38,20.72,28.85,28.43,36.91,9.56,22.35,1.24,13.35,30.59,28.13,13.69,29.68,25.75,33.99,22.18,27.45,30.48,26.88,29.35,28.2,23.75,29.15,34.67,30.73,25.28,22.53,21.98,24.02,28.34,29.22,27.32,31.48,28.57,11.06,12.95,28.89,32.73,30.79,11.8,14.76,20.97,28.28,32.71,24.32,25.7,11.37,27.52,32.26,20.76,29.69,22.08,23.32,16.78,22.85,23.06,19.6,22.4,23.84,25.07,20.35,22.76,19.5,20.74,21.13,20.77,18.55,21.36,23.53,19.33,23.59,20.28,21.51,20.23,42.9,31.82,28.17,32.05,2.87,29.84,28.46,27.21,26.98,19.43,19.87,27.25,21.29,26.01,20.49,28.12,17.45,20.53,26.44,21.69,22.6,21.1,29.77,19.68,22.52,11.08,20.73,14.99,17.44,18.14,16.65,18.32,10.76,15.91,21.95,14.98,15.63,20.72,24.28,31.3,37.51,24.76,30.97,26.59,39.13,41.37,31.87,45.81,35.24,49.99,32.91,29.91,28.16,27.36,39.81,13.03,11.48,27.81,33.9,34.14,35.04,29.64,28.0,30.64,29.64,24.68,7.38,8.77,31.84,30.92,13.16,14.32,5.31,4.97,2.25,2.72,2.26,0.0,6.27,12.4,5.54,1.8,8.11,6.84,1.3,4.68,3.5,21.39,27.14,26.75,22.67,25.98,27.29,27.48,10.1,12.31,14.86,7.79,12.86,13.77,11.14,13.41,13.56,12.22,11.94,7.12,12.28,30.51,32.68,34.88,31.5,31.2,32.53,37.98,34.09,29.72,30.6,37.54,32.18,30.0,33.19,37.94,31.2,27.55,28.86,29.45,26.42,39.33,29.5,28.65,30.62,31.86,31.37,25.54,26.43,28.33,13.47,24.91,23.03,20.54,21.0,15.08,18.9,21.56,14.41,14.42,17.85,12.85,22.5,22.43,15.37,16.84,18.36,14.69,19.3,18.06,29.4,28.46,36.69,36.51,33.2,40.46,40.29,30.96,33.74,32.38,40.24,27.52,39.49,30.57,31.95,35.36,26.08,31.92,34.54,35.05,28.41,29.36,30.1,31.59,26.56,28.83,27.78,23.97,27.38,28.95,22.67,22.87,29.44,24.07,33.55,32.84,34.08,36.61,37.82,38.97,32.51,35.59,39.89,32.93,37.48,33.24,38.42,40.43,31.68,37.07
25.37,20.06,19.95,29.53,26.84,21.48,19.36,8.98,13.78,26.15,23.52,18.23,9.58,11.41,7.72,25.96,37.86,21.8,27.6,4.71,17.57,6.42,21.55,30.08,24.56,28.39,28.25,23.21,25.1,22.92,17.84,7.13,20.1,19.99,8.98,6.21,14.26,16.9,22.22,7.58,14.39,19.16,24.26,17.64,20.82,38.17,14.88,10.91,10.81,26.11,14.45,22.57,22.16,30.63,3.28,16.07,5.42,7.08,24.32,21.85,7.42,23.41,19.47,27.72,15.9,21.18,24.21,20.6,23.07,21.92,17.48,22.88,28.39,24.46,19.01,16.25,15.71,17.74,22.07,22.95,21.05,25.2,22.3,4.79,6.68,22.61,26.45,24.52,5.53,8.49,14.7,22.0,26.43,18.04,19.42,5.09,21.25,25.98,14.48,23.41,15.81,17.05,10.51,16.58,16.78,13.32,16.12,17.57,18.79,14.07,16.49,13.22,14.47,14.85,14.49,12.28,15.08,17.25,13.05,17.32,14.0,15.23,13.95,36.63,25.54,21.9,25.78,8.89,23.57,22.19,20.93,20.71,13.16,13.6,20.98,16.72,21.9,14.22,24.01,11.18,14.26,20.17,13.89,16.33,13.3,25.66,16.25,20.27,4.8,18.48,12.88,9.51,13.57,12.08,12.46,4.49,9.64,19.71,8.7,15.21,14.44,18.01,25.02,31.24,18.48,24.69,20.32,32.85,35.09,25.59,39.54,28.96,43.71,26.63,23.64,21.88,21.08,33.53,6.75,5.21,21.53,27.62,27.87,28.77,23.36,21.73,24.36,23.36,18.41,1.1,2.5,25.57,24.65,6.89,8.05,0.97,2.3,6.12,8.74,8.28,6.27,0.0,6.12,9.41,7.82,1.83,4.17,7.32,3.58,4.19,15.12,20.87,20.47,16.39,19.7,21.01,21.2,9.77,11.98,14.53,7.46,12.53,10.54,10.82,13.08,13.23,11.89,11.62,6.79,11.95,24.23,26.4,28.6,25.22,24.92,26.26,31.71,27.81,23.45,24.33,31.27,25.91,23.73,26.92,31.66,24.92,21.28,22.59,23.17,20.14,33.05,23.23,22.37,24.35,25.58,25.09,19.27,20.15,22.05,7.19,18.64,16.76,14.27,14.73,8.8,12.63,15.29,8.14,8.15,11.58,6.58,16.23,16.16,10.28,10.56,12.09,9.58,13.02,11.78,23.13,22.19,30.41,30.24,26.92,34.19,34.02,24.68,27.47,26.1,33.97,21.24,33.22,24.3,25.68,29.08,19.8,25.64,28.26,28.78,22.14,23.09,23.83,25.31,20.28,22.56,21.5,17.7,21.11,22.67,16.4,16.59,23.17,17.79,27.28,26.56,27.8,30.34,31.55,32.7,26.23,29.32,33.62,26.66,31.21,26.96,32.15,34.16,25.41,30.8
29.52,24.0,24.1,33.68,30.94,25.63,23.51,13.13,13.21,30.25,22.95,24.46,13.73,15.56,11.86,28.48,42.01,21.23,31.75,2.92,23.78,10.57,24.02,34.23,28.71,32.54,27.67,27.36,29.2,27.07,17.26,11.28,19.53,25.25,13.13,5.63,13.69,16.33,26.37,11.73,18.54,18.59,28.36,23.86,20.25,42.32,18.36,11.6,14.96,30.26,18.6,22.0,21.59,36.85,3.44,19.05,11.55,11.23,28.42,28.07,11.57,27.51,18.9,27.15,15.33,20.6,28.36,20.03,22.5,23.28,23.7,26.98,32.54,28.61,25.23,15.68,21.93,23.97,21.5,27.1,20.48,31.42,26.45,4.21,6.1,26.71,30.55,28.67,4.95,12.64,14.13,21.43,30.54,24.26,25.63,4.52,20.68,30.08,17.96,27.52,20.27,16.47,14.66,22.78,23.0,17.97,22.34,16.99,25.0,20.9,22.69,17.37,18.94,21.07,18.64,16.43,21.29,23.47,17.2,23.52,17.5,18.39,20.15,40.78,29.69,26.05,29.92,15.01,27.72,26.34,25.08,24.86,17.3,17.75,25.13,20.87,26.05,18.37,28.16,15.33,18.41,24.32,18.04,20.48,17.45,29.81,20.4,24.42,8.95,22.63,17.03,13.66,17.72,16.23,16.61,8.64,13.79,23.85,12.85,19.36,18.59,22.16,31.25,35.39,22.63,30.92,24.47,39.07,39.24,31.81,43.69,35.19,49.93,32.86,27.79,26.03,25.23,37.68,10.9,9.36,25.63,31.72,31.97,32.87,29.59,26.52,30.58,29.59,24.63,5.09,3.9,31.79,28.75,6.31,6.69,7.09,8.43,12.24,14.87,14.4,12.4,6.12,0.0,15.54,13.94,5.98,10.29,13.45,9.7,10.32,14.54,27.2,26.81,22.69,26.0,27.31,22.26,12.84,15.65,15.82,13.59,12.94,9.96,14.14,14.37,11.63,12.31,12.9,12.92,14.87,30.57,32.74,34.94,31.56,31.26,32.6,38.04,34.15,29.78,30.66,37.6,32.24,30.06,33.25,38.0,31.26,27.61,28.92,29.51,26.48,39.39,29.57,28.71,30.68,31.92,31.43,18.69,19.58,21.48,6.62,18.06,16.19,13.7,14.16,8.23,12.05,14.71,7.57,7.57,11.01,8.14,15.66,15.58,9.7,9.99,11.51,9.0,12.45,11.21,22.56,21.61,32.89,32.21,26.35,36.66,33.45,31.02,29.44,25.53,33.39,27.53,35.69,30.63,31.25,31.57,26.14,28.88,30.24,30.75,28.47,29.38,23.25,24.74,19.71,21.99,20.93,17.12,20.53,22.1,15.82,16.02,22.59,17.22,26.7,25.99,27.23,29.77,30.98,32.12,25.66,28.74,33.04,26.09,30.63,26.39,31.57,33.59,24.84,30.23
34.79,29.47,29.36,38.94,36.25,30.9,28.77,18.39,23.19,35.56,32.94,27.65,19.0,20.83,17.13,35.37,47.28,31.21,37.02,14.12,26.99,15.83,30.96,39.49,33.97,37.8,37.66,32.62,34.52,32.34,27.25,16.54,29.51,29.4,18.39,15.62,23.68,26.32,31.63,16.99,23.8,28.58,33.67,27.05,30.23,47.58,24.29,14.38,20.22,35.52,23.86,31.98,31.57,40.04,12.69,25.48,4.3,16.49,33.73,31.26,16.83,32.82,28.88,37.13,25.31,30.59,33.62,30.02,32.49,31.33,26.89,32.29,37.8,33.87,28.42,25.66,25.12,27.16,31.48,32.36,30.46,34.61,31.71,14.2,16.09,32.02,35.86,33.93,14.94,17.9,24.11,31.42,35.85,27.45,28.83,14.5,30.66,35.39,23.89,32.83,25.22,26.46,19.92,25.99,26.19,22.74,25.53,26.98,28.21,23.48,25.9,22.63,23.88,24.26,23.91,21.69,24.5,26.66,22.47,26.73,23.41,24.64,23.36,46.04,34.95,31.31,35.19,8.15,32.98,31.6,30.34,30.12,22.57,23.01,30.39,26.13,31.31,23.63,33.42,20.59,23.67,29.58,23.3,25.74,22.71,35.07,24.96,27.8,14.21,26.01,20.27,18.92,22.98,21.49,21.87,13.9,19.05,27.23,18.11,20.91,23.85,27.42,34.44,40.65,27.89,34.11,29.73,42.26,44.5,35.0,48.95,38.38,53.12,36.05,33.05,31.3,30.49,42.94,16.16,14.62,30.94,37.04,37.28,38.18,32.78,31.14,33.77,32.78,27.82,10.52,11.91,34.98,34.06,16.3,17.46,8.44,8.11,3.67,8.01,7.54,5.54,9.41,15.54,0.0,7.08,11.25,9.98,6.59,7.82,6.64,24.53,30.28,29.89,25.8,29.11,30.42,30.62,13.24,15.45,18.0,10.93,15.99,16.9,14.28,16.55,16.7,15.36,15.08,10.26,15.41,33.64,35.81,38.01,34.63,34.34,35.67,41.12,37.22,32.86,33.74,40.68,35.32,33.14,36.33,41.07,34.34,30.69,32.0,32.59,29.55,42.46,32.64,31.79,33.76,34.99,34.5,28.68,29.56,31.46,16.6,28.05,26.17,23.68,24.14,18.21,22.04,24.7,17.55,17.56,20.99,15.99,25.64,25.57,18.51,19.97,21.5,17.83,22.44,21.19,32.54,31.6,39.82,39.65,36.34,43.6,43.43,34.09,36.88,35.51,43.38,30.65,42.63,33.71,35.09,38.5,29.22,35.05,37.67,38.19,31.55,32.5,33.24,34.72,29.7,31.97,30.92,27.11,30.52,32.08,25.81,26.0,32.58,27.2,36.69,35.98,37.22,39.75,40.96,42.11,35.64,38.73,43.03,36.07,40.62,36.37,41.56,43.57,34.82,40.21
34.22,27.88,28.8,38.38,35.69,30.33,28.21,16.8,21.6,35.0,31.34,26.05,17.4,15.93,15.53,33.78,46.71,29.62,36.45,12.53,25.39,14.24,29.37,38.93,33.41,37.24,36.06,32.06,33.95,31.77,25.66,14.94,27.92,27.81,16.8,14.03,22.08,24.72,31.06,15.4,22.2,26.98,33.11,25.46,28.64,47.02,22.69,12.79,14.84,29.91,26.31,30.39,29.98,38.45,11.1,23.89,2.79,14.89,33.16,32.83,15.24,32.26,27.29,35.54,23.72,28.99,33.06,28.42,30.89,29.74,25.29,31.73,37.24,33.31,26.82,24.07,23.53,25.56,29.89,31.8,28.87,33.02,31.15,12.61,14.49,31.46,35.3,33.37,13.34,16.3,22.52,29.82,35.28,25.86,27.24,12.91,29.07,34.83,22.3,32.26,23.62,24.86,18.32,24.4,24.6,21.14,23.94,25.38,26.61,21.89,24.31,21.04,22.29,22.67,22.31,20.09,22.9,25.07,20.87,25.13,21.82,23.05,21.77,45.48,34.39,30.75,34.62,3.09,32.41,31.04,29.78,29.55,22.0,22.45,29.82,20.21,24.93,23.06,27.04,20.03,23.11,29.01,20.61,25.18,20.02,28.69,18.6,21.44,12.62,19.65,13.91,16.36,17.06,15.57,17.24,12.3,15.78,20.87,16.52,14.55,22.26,26.86,36.0,40.09,27.33,35.67,29.17,43.83,43.94,36.57,48.39,39.94,54.69,37.61,32.49,30.73,29.93,42.38,14.57,13.03,30.38,36.47,36.71,37.62,34.34,30.58,35.34,34.34,29.38,8.92,10.32,36.55,33.5,14.7,15.87,6.85,6.51,3.79,2.95,1.18,1.8,7.82,13.94,7.08,0.0,9.65,8.38,1.53,6.22,5.05,22.94,28.68,28.29,24.21,27.52,28.83,29.02,11.64,13.85,16.4,9.34,14.4,15.31,12.69,14.95,15.1,13.76,13.49,8.67,13.82,35.38,37.55,39.75,33.04,36.07,37.41,39.52,38.96,31.26,32.14,39.09,37.05,34.87,34.74,39.48,38.38,29.09,30.4,34.32,27.96,40.87,31.05,30.19,35.49,33.4,32.91,27.08,27.97,29.87,15.01,26.45,24.58,22.09,22.55,16.62,20.44,23.1,15.96,15.96,19.4,14.4,24.05,23.97,16.91,18.38,19.91,16.24,20.84,19.6,30.95,30.01,38.23,38.06,34.74,42.0,41.84,32.5,35.28,33.92,41.79,29.06,41.03,32.11,33.5,36.9,27.62,33.46,36.08,36.6,29.96,30.91,31.64,33.13,28.1,30.38,29.32,25.52,28.93,30.49,24.21,24.41,30.99,25.61,35.09,34.38,35.62,38.16,39.37,40.52,34.05,37.14,41.43,34.48,39.02,34.78,39.96,41.98,33.23,38.62
25.23,19.92,19.81,29.39,26.7,21.34,19.22,8.84,13.64,26.01,23.38,18.09,9.44,11.27,7.57,25.82,37.72,21.66,27.46,4.57,17.43,6.28,21.41,29.94,24.42,28.25,28.11,23.07,24.96,22.78,17.7,6.99,19.96,19.85,8.84,6.07,14.12,16.76,22.08,7.44,14.25,19.02,24.12,17.5,20.68,38.03,14.74,12.75,10.67,25.97,14.31,22.43,22.02,30.49,3.14,19.48,7.26,6.94,24.18,21.71,7.28,23.27,19.33,27.58,15.76,21.03,24.07,20.46,22.93,21.78,17.34,22.74,28.25,24.32,18.86,16.11,15.57,17.6,21.93,22.81,20.91,25.06,22.16,4.65,6.54,22.47,26.31,24.38,5.39,8.35,14.56,21.86,26.29,17.9,19.28,4.95,21.11,25.84,14.34,23.27,15.67,16.91,10.37,16.44,16.64,13.18,15.98,17.43,18.65,13.93,16.35,13.08,14.33,14.71,14.35,12.14,14.94,17.11,12.91,17.17,13.86,15.09,13.81,36.49,25.4,21.76,25.63,10.72,23.43,22.05,20.79,20.57,13.01,13.46,20.84,16.58,21.76,14.08,23.87,11.04,14.12,20.03,13.75,16.19,13.16,25.52,16.11,20.13,4.66,18.34,12.74,9.37,13.43,11.94,12.32,4.35,9.5,19.56,8.56,15.07,14.3,17.87,24.88,31.1,18.34,24.55,20.18,32.71,34.95,25.45,39.4,28.82,43.57,26.49,23.5,21.74,20.94,33.39,6.61,5.07,21.39,27.48,27.73,28.63,23.22,21.59,24.22,23.22,18.26,1.28,2.36,25.43,24.51,6.75,7.91,2.8,4.14,7.95,10.58,10.11,8.11,1.83,5.98,11.25,9.65,0.0,6.0,9.16,5.41,6.03,14.98,20.73,20.33,16.25,19.56,20.87,21.06,11.61,13.82,16.37,9.3,14.36,10.4,12.65,14.92,12.06,13.73,13.45,8.63,13.78,24.09,26.26,28.46,25.08,24.78,26.12,31.56,27.67,23.3,24.19,31.13,25.77,23.59,26.78,31.52,24.78,21.13,22.45,23.03,20.0,32.91,23.09,22.23,24.21,25.44,24.95,19.12,20.01,21.91,7.05,18.5,16.62,14.13,14.59,8.66,12.49,15.15,8.0,8.01,11.44,6.44,16.09,16.02,10.13,10.42,11.95,9.44,12.88,11.64,22.99,22.05,30.27,30.1,26.78,34.05,33.88,24.54,27.33,25.96,33.83,21.1,33.07,24.16,25.54,28.94,19.66,25.5,28.12,28.64,22.0,22.95,23.69,25.17,20.14,22.42,21.36,17.56,20.97,22.53,16.26,16.45,23.03,17.65,27.13,26.42,27.66,30.2,31.41,32.56,26.09,29.18,33.47,26.52,31.07,26.82,32.01,34.02,25.27,30.66
29.54,24.23,24.12,33.7,31.01,25.65,23.53,13.15,17.95,30.32,27.69,22.4,13.75,15.58,11.88,30.13,42.03,25.97,31.77,8.88,21.74,10.59,25.72,34.25,28.73,32.56,32.42,27.38,29.27,27.09,22.01,11.3,24.27,24.16,13.15,10.38,18.43,21.07,26.39,11.75,18.56,23.33,28.43,21.81,24.99,42.34,19.04,11.48,14.98,30.28,18.62,26.74,26.33,34.8,7.45,20.24,5.98,11.25,28.48,26.02,11.59,27.58,23.64,31.89,20.07,25.34,28.38,24.77,27.24,26.09,21.65,27.05,32.56,28.63,23.17,20.42,19.88,21.91,26.24,27.12,25.22,29.37,26.47,8.96,10.84,26.78,30.62,28.69,9.7,12.65,18.87,26.17,30.6,22.21,23.59,9.26,25.42,30.15,18.65,27.58,19.98,21.22,14.68,20.75,20.95,17.49,20.29,21.73,22.96,18.24,20.66,17.39,18.64,19.02,18.66,16.45,19.25,21.42,17.22,21.48,18.17,19.4,18.12,40.8,29.71,26.07,29.94,9.45,27.73,26.36,25.1,24.88,17.32,17.77,25.14,20.88,26.07,18.39,28.18,15.35,18.43,24.33,18.06,20.5,17.47,29.83,20.42,24.44,8.97,22.65,17.05,13.68,17.74,16.25,16.63,8.65,13.81,23.87,12.87,19.38,18.61,22.18,29.19,35.41,22.65,28.86,24.49,37.02,39.26,29.76,43.71,33.13,47.88,30.8,27.81,26.05,25.25,37.7,10.92,9.38,25.7,31.79,32.03,32.94,27.53,25.9,28.53,27.53,22.57,5.27,6.67,29.74,28.82,11.06,12.22,3.2,1.87,6.68,9.3,8.84,6.84,4.17,10.29,9.98,8.38,6.0,0.0,7.88,4.14,4.76,19.29,25.04,24.64,20.56,23.87,25.18,25.37,10.34,12.54,15.1,8.03,13.09,14.0,11.38,13.65,13.8,12.46,12.18,7.36,12.51,28.4,30.57,32.77,29.39,29.09,30.43,35.87,31.98,27.61,28.5,35.44,30.08,27.9,31.09,35.83,29.09,25.44,26.76,27.34,24.31,37.22,27.4,26.54,28.52,29.75,29.26,23.43,24.32,26.22,11.36,22.8,20.93,18.44,18.9,12.97,16.79,19.46,12.31,12.32,15.75,10.75,20.4,20.33,14.44,14.73,16.26,14.93,17.19,15.95,27.3,26.36,34.58,34.41,31.09,38.35,38.19,28.85,31.63,30.27,38.14,25.41,37.38,28.46,29.85,33.25,23.97,29.81,32.43,32.95,26.31,27.26,28.0,29.48,24.45,26.73,25.67,21.87,25.28,26.84,20.56,20.76,27.34,21.96,31.44,30.73,31.97,34.51,35.72,36.87,30.4,33.49,37.78,30.83,35.38,31.13,36.31,38.33,29.58,34.97
32.69,27.38,27.27,36.85,34.16,28.81,26.68,16.3,21.1,33.47,30.85,25.55,16.9,16.73,15.04,33.28,45.18,29.12,34.93,12.03,24.9,13.74,28.87,37.4,31.88,35.71,35.57,30.53,32.42,30.24,25.16,14.45,27.42,27.31,16.3,13.53,21.58,24.22,29.54,14.9,21.71,26.48,31.58,24.96,28.14,45.49,22.2,12.29,15.65,30.72,21.77,29.89,29.48,37.95,10.6,23.39,2.29,14.4,31.64,29.17,14.74,30.73,26.79,35.04,23.22,28.5,31.53,27.92,30.39,29.24,24.8,30.2,35.71,31.78,26.33,23.57,23.03,25.06,29.39,30.27,28.37,32.52,29.62,12.11,14.0,29.93,33.77,31.84,12.85,15.81,22.02,29.33,33.76,25.36,26.74,12.41,28.57,33.3,21.8,30.74,23.13,24.37,17.83,23.9,24.1,20.64,23.44,24.89,26.12,21.39,23.81,20.54,21.79,22.17,21.81,19.6,22.41,24.57,20.37,24.64,21.32,22.55,21.27,43.95,32.86,29.22,33.1,1.65,30.89,29.51,28.25,28.03,20.48,20.92,28.3,21.01,25.73,21.54,27.84,18.5,21.58,27.49,21.42,23.65,20.83,29.49,19.41,22.24,12.12,20.45,14.71,17.17,17.87,16.37,18.05,11.81,16.58,21.68,16.02,15.35,21.76,25.33,32.35,38.56,25.8,32.01,27.64,40.17,42.41,32.91,46.86,36.28,51.03,33.96,30.96,29.21,28.4,40.85,14.07,12.53,28.85,34.94,35.19,36.09,30.68,29.05,31.68,30.69,25.73,8.43,9.82,32.89,31.97,14.21,15.37,6.35,6.02,3.29,1.5,1.99,1.3,7.32,13.45,6.59,1.53,9.16,7.88,0.0,5.73,4.55,22.44,28.19,27.8,23.71,27.02,28.33,28.53,11.15,13.36,15.91,8.84,13.9,14.81,12.19,14.46,14.61,13.27,12.99,8.17,13.32,31.55,33.72,35.92,32.54,32.24,33.58,39.03,35.13,30.77,31.65,38.59,33.23,31.05,34.24,38.98,32.25,28.6,29.91,30.49,27.46,40.37,30.55,29.7,31.67,32.9,32.41,26.59,27.47,29.37,14.51,25.96,24.08,21.59,22.05,16.12,19.95,22.61,15.46,15.47,18.9,13.9,23.55,23.48,16.42,17.88,19.41,15.74,20.35,19.1,30.45,29.51,37.73,37.56,34.25,41.51,41.34,32.0,34.79,33.42,41.29,28.56,40.54,31.62,33.0,36.41,27.13,32.96,35.58,36.1,29.46,30.41,31.15,32.63,27.61,29.88,28.83,25.02,28.43,29.99,23.72,23.91,30.49,25.11,34.6,33.89,35.13,37.66,38.87,40.02,33.55,36.64,40.94,33.98,38.53,34.28,39.47,41.48,32.73,38.12
28.95,23.63,23.53,33.11,30.42,25.06,22.93,12.56,17.36,29.73,27.1,21.81,13.16,14.99,11.29,29.54,41.44,25.38,31.18,8.28,21.15,10.0,25.12,33.66,28.14,31.96,31.82,26.78,28.68,26.5,21.41,10.7,23.68,23.57,12.56,9.78,17.84,20.48,25.79,11.15,17.96,22.74,27.83,21.22,24.4,41.74,18.45,9.32,14.39,29.68,18.03,26.15,25.74,34.21,6.86,19.65,3.83,10.65,27.89,25.43,10.99,26.98,23.05,31.29,19.48,24.75,27.78,24.18,26.65,25.5,21.05,26.45,31.97,28.03,22.58,19.83,19.28,21.32,25.64,26.52,24.63,28.78,25.88,8.36,10.25,26.19,30.03,28.09,9.1,12.06,18.27,25.58,30.01,21.62,23.0,8.67,24.82,29.56,18.06,26.99,19.38,20.62,14.08,20.15,20.36,16.9,19.7,21.14,22.37,17.65,20.06,16.8,18.04,18.43,18.07,15.85,18.66,20.83,16.63,20.89,17.58,18.81,17.53,40.2,29.12,25.47,29.35,7.29,27.14,25.77,24.51,24.28,16.73,17.17,24.55,20.29,25.48,17.79,27.59,14.76,17.84,23.74,17.47,19.91,16.87,29.24,19.83,23.85,8.38,22.06,16.46,13.08,17.15,15.65,16.03,8.06,13.22,23.28,12.28,18.79,18.02,21.59,28.6,34.81,22.06,28.27,23.89,36.43,38.67,29.17,43.12,32.54,47.29,30.21,27.22,25.46,24.66,37.11,10.33,8.78,25.11,31.2,31.44,32.34,26.94,25.3,27.94,26.94,21.98,4.68,6.08,29.15,28.22,10.46,11.62,2.61,2.27,4.52,7.15,6.68,4.68,3.58,9.7,7.82,6.22,5.41,4.14,5.73,0.0,2.6,18.69,24.44,24.05,19.97,23.28,24.59,24.78,8.18,10.38,12.94,5.87,10.93,11.84,9.22,11.49,11.64,10.3,10.02,5.2,10.35,27.81,29.98,32.18,28.8,28.5,29.83,35.28,31.39,27.02,27.9,34.84,29.48,27.3,30.49,35.24,28.5,24.85,26.16,26.75,23.72,36.63,26.81,25.95,27.92,29.16,28.67,22.84,23.73,25.63,10.77,22.21,20.33,17.85,18.3,12.38,16.2,18.86,11.71,11.72,15.15,10.16,19.81,19.73,13.45,14.14,15.66,12.77,16.6,15.36,26.7,25.76,33.99,33.82,30.5,37.76,37.59,28.26,31.04,29.68,37.54,24.82,36.79,27.87,29.26,32.66,23.38,29.22,31.84,32.36,25.71,26.67,27.4,28.89,23.86,26.14,25.08,21.27,24.68,26.25,19.97,20.17,26.74,21.37,30.85,30.14,31.38,33.92,35.13,36.27,29.81,32.89,37.19,30.24,34.78,30.54,35.72,37.73,28.98,34.37
29.57,24.25,24.14,33.72,31.04,25.68,23.55,13.17,17.97,30.34,27.72,22.43,13.78,15.61,11.91,30.15,42.06,25.99,31.8,8.9,21.77,10.61,25.74,34.27,28.75,32.58,32.44,27.4,29.3,27.12,22.03,11.32,24.29,24.19,13.18,10.4,18.46,21.1,26.41,11.77,18.58,23.36,28.45,21.83,25.01,42.36,19.07,9.16,15.0,30.3,18.64,26.76,26.35,34.82,7.47,20.27,2.65,11.27,28.51,26.04,11.61,27.6,23.66,31.91,20.1,25.37,28.4,24.8,27.27,26.11,21.67,27.07,32.58,28.65,23.2,20.45,19.9,21.94,26.26,27.14,25.24,29.39,26.49,8.98,10.87,26.81,30.65,28.71,9.72,12.68,18.89,26.2,30.63,22.23,23.61,9.29,25.44,30.17,18.67,27.61,20.0,21.24,14.7,20.77,20.98,17.52,20.31,21.76,22.99,18.27,20.68,17.41,18.66,19.04,18.69,16.47,19.28,21.45,17.25,21.51,18.19,19.42,18.14,40.82,29.73,26.09,29.97,6.12,27.76,26.38,25.13,24.9,17.35,17.79,25.17,20.91,26.09,18.41,28.2,15.37,18.45,24.36,18.08,20.52,17.49,29.85,20.44,24.47,8.99,22.68,17.07,13.7,17.76,16.27,16.65,8.68,13.83,23.9,12.89,19.4,18.64,22.2,29.22,35.43,22.68,28.89,24.51,37.05,39.28,29.79,43.73,33.16,47.9,30.83,27.83,26.08,25.27,37.72,10.94,9.4,25.73,31.82,32.06,32.96,27.56,25.92,28.55,27.56,22.6,5.3,6.69,29.76,28.84,11.08,12.24,3.23,2.89,3.35,5.97,5.51,3.5,4.19,10.32,6.64,5.05,6.03,4.76,4.55,2.6,0.0,19.31,25.06,24.67,20.58,23.89,25.21,25.4,8.02,10.23,12.78,5.71,10.77,11.69,9.06,11.33,11.48,10.14,9.86,5.04,10.19,28.42,30.59,32.8,29.41,29.12,30.45,35.9,32.0,27.64,28.52,35.46,30.1,27.92,31.11,35.85,29.12,25.47,26.78,27.37,24.34,37.24,27.42,26.57,28.54,29.77,29.28,23.46,24.34,26.24,11.38,22.83,20.95,18.46,18.92,12.99,16.82,19.48,12.33,12.34,15.77,10.77,20.42,20.35,13.29,14.76,16.28,12.61,17.22,15.98,27.32,26.38,34.61,34.43,31.12,38.38,38.21,28.87,31.66,30.3,38.16,25.43,37.41,28.49,29.87,33.28,24.0,29.83,32.45,32.97,26.33,27.28,28.02,29.5,24.48,26.75,25.7,21.89,25.3,26.87,20.59,20.78,27.36,21.98,31.47,30.76,32.0,34.53,35.74,36.89,30.43,33.51,37.81,30.85,35.4,31.16,36.34,38.35,29.6,34.99
22.87,10.08,14.51,25.2,19.36,16.04,16.85,13.56,10.94,18.67,13.17,12.87,9.69,21.73,17.38,17.53,33.53,11.44,23.28,11.86,12.2,15.07,10.09,25.75,22.05,24.06,16.72,17.47,17.62,17.48,8.56,16.21,6.07,11.32,12.11,9.63,11.42,3.62,19.71,17.24,10.97,3.46,16.78,12.28,9.3,33.84,6.77,11.54,20.64,23.6,10.32,8.07,7.54,25.27,11.97,5.01,20.54,16.74,16.84,16.49,12.0,15.93,9.87,17.36,1.54,10.82,21.7,11.04,11.55,9.35,12.12,15.4,24.06,18.72,13.65,3.86,10.35,12.38,8.44,20.44,6.55,19.84,16.57,11.43,11.54,15.13,18.97,20.19,10.39,12.49,1.25,10.48,18.95,12.68,11.74,10.44,10.38,18.5,6.38,15.93,7.43,2.78,8.68,11.2,11.42,6.39,10.76,3.14,13.37,9.32,11.11,9.8,6.11,9.49,10.08,7.5,9.71,11.89,8.71,13.43,5.92,4.36,8.57,32.3,23.03,19.39,21.98,24.01,19.76,16.46,18.42,14.97,13.65,14.11,18.47,20.04,20.57,12.88,22.68,15.53,12.83,17.66,16.98,15.0,17.84,24.33,25.97,29.99,16.05,28.2,22.3,19.17,23.29,21.8,20.31,15.45,19.3,29.42,18.37,24.63,11.02,12.57,19.67,26.91,13.04,19.33,14.88,27.49,33.53,20.23,37.72,23.6,38.35,21.27,18.2,16.44,15.64,32.47,15.38,14.47,14.05,20.14,20.39,21.29,18.0,14.94,19.0,18.0,13.05,14.08,12.89,20.21,17.17,6.28,12.13,16.08,17.42,21.24,23.86,23.4,21.39,15.12,14.54,24.53,22.94,14.98,19.29,22.44,18.69,19.31,0.0,15.25,14.86,10.73,14.04,12.44,8.4,12.73,15.54,15.7,14.8,12.82,9.85,14.02,14.25,11.51,12.19,12.78,15.92,14.75,18.61,20.78,22.98,19.6,19.3,20.64,26.09,22.19,17.83,18.71,25.65,20.29,18.11,21.3,26.04,19.31,15.66,16.97,17.55,14.52,26.94,17.61,16.76,18.73,20.96,19.47,4.82,9.31,7.61,9.27,3.52,1.64,9.3,11.94,5.26,9.84,1.79,5.83,6.92,8.79,13.52,13.45,1.04,9.59,7.78,9.3,8.89,8.05,9.0,11.67,11.92,21.5,21.32,15.46,25.27,23.76,19.58,18.55,14.64,23.7,15.58,24.3,20.66,20.36,20.17,14.19,17.99,19.35,19.86,16.52,17.31,14.28,13.85,14.34,12.3,11.96,9.06,15.17,13.13,9.34,4.28,13.62,2.67,17.01,16.3,17.54,20.08,21.29,22.43,15.97,19.06,23.35,16.4,20.94,16.7,21.88,23.9,15.15,20.54
22.73,11.64,12.67,23.4,11.59,14.21,16.08,15.28,23.6,14.06,17.97,3.59,11.41,21.59,17.44,7.65,32.69,16.25,21.48,24.52,8.33,14.99,13.13,23.95,19.49,22.26,8.12,15.68,14.21,15.65,18.44,16.13,16.63,11.58,13.83,22.29,25.4,13.14,19.58,17.31,10.83,12.33,11.05,3.91,16.46,32.99,12.61,24.2,20.51,23.47,8.53,14.05,16.35,11.46,24.63,11.39,26.29,16.81,11.35,12.18,13.72,10.44,17.03,23.05,13.18,16.12,19.6,16.73,14.01,13.5,6.98,9.91,22.27,16.93,2.2,13.08,7.73,7.25,17.71,18.41,15.37,6.03,14.77,24.09,18.48,9.65,13.53,18.39,23.05,14.21,14.0,14.05,11.98,4.88,11.01,23.1,15.37,13.11,12.21,10.45,8.38,12.68,10.4,9.08,4.52,10.65,6.33,11.58,10.38,7.52,8.07,9.67,8.67,6.46,8.87,9.82,7.47,5.76,8.03,8.9,9.86,10.55,7.46,31.45,22.9,19.26,20.18,29.76,17.96,14.66,16.09,13.18,13.51,13.97,18.34,19.9,20.43,12.75,22.54,15.4,12.7,17.53,16.84,14.86,17.71,24.19,25.84,29.86,17.38,28.07,22.17,19.03,23.16,21.66,20.18,16.78,21.44,29.29,18.43,24.5,10.89,10.72,15.35,25.11,11.21,15.02,13.04,23.18,29.22,15.92,33.41,19.29,25.48,16.96,16.36,14.61,13.8,28.16,16.73,15.8,8.57,12.37,14.95,13.22,13.69,10.62,14.69,13.69,8.73,20.31,21.39,15.9,12.46,17.2,18.03,21.83,23.17,26.98,29.61,29.15,27.14,20.87,27.2,30.28,28.68,20.73,25.04,28.19,24.44,25.06,15.25,0.0,2.23,7.24,10.55,12.77,12.96,25.39,28.2,28.37,27.47,25.49,22.51,26.69,26.92,24.18,24.85,25.45,28.59,27.42,10.11,6.66,14.59,6.12,8.13,12.24,12.6,13.62,4.34,5.22,12.17,7.15,9.33,7.82,12.56,5.82,2.17,4.34,10.21,1.04,13.95,4.13,3.27,13.77,6.48,5.99,16.97,16.47,15.67,21.93,14.05,15.44,24.15,24.61,20.27,22.51,15.74,16.65,19.58,21.46,16.62,24.4,14.38,22.25,20.44,21.97,21.55,22.9,21.66,13.12,17.65,12.17,11.99,9.21,15.94,14.32,6.44,9.22,10.21,14.27,12.09,14.97,6.05,7.94,10.84,4.96,7.4,10.02,10.53,3.89,9.24,21.45,16.3,22.7,16.77,19.12,19.64,23.52,20.29,19.92,18.08,20.79,16.47,22.74,22.03,15.94,24.77,21.29,22.43,21.69,13.94,23.35,16.33,20.94,17.34,21.88,23.9,20.87,20.54
22.34,11.25,12.28,23.01,12.05,13.82,15.69,14.89,23.21,14.52,16.87,3.2,11.02,21.2,17.05,6.55,32.3,15.15,21.09,24.13,7.93,14.6,12.74,23.56,19.09,21.87,7.02,15.28,11.75,15.25,17.35,15.74,16.24,11.18,13.43,21.9,25.01,12.75,19.18,16.91,10.44,11.93,11.52,3.52,15.37,32.6,12.21,23.8,20.12,23.07,8.13,13.65,16.7,11.93,24.24,11.0,25.9,16.41,10.96,11.79,13.32,10.05,15.93,21.95,12.79,15.02,19.2,15.64,12.91,13.11,6.59,9.52,21.87,16.53,1.81,12.69,7.33,6.86,16.61,18.02,14.97,6.5,14.38,23.69,18.09,9.25,14.0,18.0,22.65,13.82,13.6,12.95,12.45,4.49,10.61,22.71,14.27,13.58,11.82,10.06,7.98,12.29,10.0,8.68,4.13,10.26,5.94,11.18,9.99,7.13,7.68,9.27,8.28,6.07,8.47,9.43,7.08,5.36,7.64,8.51,9.47,10.16,7.07,31.06,22.51,18.87,19.79,29.36,17.57,14.27,15.7,12.78,13.12,13.58,17.94,19.51,20.04,12.36,22.15,15.01,12.3,17.13,16.45,14.47,17.32,23.8,25.44,29.47,16.98,27.68,21.77,18.64,22.76,21.27,19.79,16.39,21.05,28.9,18.04,24.11,10.5,10.33,14.96,24.72,10.81,14.63,12.65,22.79,28.83,15.53,33.02,18.9,25.94,16.57,15.97,14.21,13.41,27.76,16.34,15.41,8.17,12.83,15.41,13.68,13.3,10.23,14.3,13.3,8.34,19.92,21.0,15.51,12.93,16.8,17.64,21.44,22.78,26.59,29.22,28.75,26.75,20.47,26.81,29.89,28.29,20.33,24.64,27.8,24.05,24.67,14.86,2.23,0.0,6.84,10.16,12.38,12.57,25.0,27.81,27.97,27.08,25.1,22.12,26.29,26.52,23.78,24.46,25.06,28.19,27.03,10.58,7.12,15.05,6.58,8.6,12.71,13.07,14.09,4.81,5.69,12.63,7.61,9.79,8.28,13.02,6.29,2.64,3.24,10.67,1.5,14.41,4.59,3.74,14.23,5.82,6.45,16.58,15.37,15.28,21.54,13.66,15.05,23.76,24.22,19.88,22.11,15.35,16.25,19.19,21.07,16.23,23.3,13.98,21.86,20.05,21.58,21.16,22.51,21.27,12.02,16.55,11.07,10.9,8.11,14.84,13.22,5.34,8.12,9.11,13.17,11.69,13.87,4.95,6.34,9.74,4.57,6.3,8.92,9.44,2.79,8.14,20.35,15.2,21.6,15.67,18.03,18.54,22.42,19.19,18.82,17.69,19.69,16.08,21.64,20.93,14.84,23.67,20.19,21.34,20.6,12.84,22.25,15.23,19.84,16.24,20.78,22.8,19.77,19.44
18.26,5.18,8.86,19.55,13.27,10.39,12.22,10.8,19.08,12.57,15.63,4.54,6.94,17.12,12.97,8.28,27.88,13.91,17.62,20.0,1.17,10.52,6.67,20.1,15.63,18.41,9.4,11.82,11.53,11.83,12.59,11.65,10.17,5.12,9.35,17.77,20.88,8.62,15.1,12.83,6.36,7.81,10.68,3.95,11.77,28.19,8.09,19.68,16.03,18.99,4.67,7.59,9.89,16.94,20.11,6.87,21.81,12.33,10.74,10.39,9.24,9.83,12.33,19.83,8.66,13.28,17.09,13.51,14.02,7.04,5.08,9.3,18.41,13.07,5.31,8.57,4.14,5.35,10.91,15.83,8.9,11.51,10.91,19.57,14.01,9.04,12.88,14.54,18.53,9.73,9.48,12.95,12.86,4.74,4.54,18.58,12.85,12.4,7.69,9.84,2.77,8.17,5.92,3.26,3.09,6.13,1.44,7.06,3.92,3.67,1.61,5.19,3.78,2.61,5.01,5.34,1.53,3.26,3.84,2.44,5.35,6.03,2.57,26.65,18.42,14.78,16.33,25.28,14.11,10.8,12.24,9.32,9.04,9.5,13.86,15.43,15.96,8.27,18.07,10.92,8.22,13.05,12.37,10.39,13.23,19.72,21.36,25.38,12.9,23.59,17.69,14.56,18.68,17.19,15.71,12.31,16.97,24.82,13.96,20.02,6.41,6.92,13.57,21.26,7.39,13.24,9.22,21.4,27.43,14.14,31.63,17.51,32.25,15.18,12.55,10.79,9.99,26.37,12.26,11.33,7.96,14.05,14.29,15.19,11.91,8.85,12.91,11.91,6.95,15.83,16.92,14.11,11.07,12.68,13.55,17.36,18.69,22.51,25.13,24.67,22.67,16.39,22.69,25.8,24.21,16.25,20.56,23.71,19.97,20.58,10.73,7.24,6.84,0.0,3.31,6.22,6.41,20.85,23.65,23.82,22.92,20.94,17.97,22.14,22.37,19.63,20.31,20.9,24.04,22.87,12.93,12.05,17.31,11.51,13.63,14.96,17.99,16.51,9.73,10.62,17.56,12.54,12.43,13.21,17.95,11.21,7.56,8.88,11.88,6.43,19.34,9.52,8.66,13.05,11.87,11.38,10.42,11.75,9.12,17.39,9.5,10.89,19.6,20.06,15.73,17.96,11.2,12.1,15.03,16.91,12.1,17.83,9.83,17.7,15.9,17.42,17.01,18.36,17.12,11.53,14.37,13.45,13.28,10.5,17.22,15.6,10.97,10.5,11.49,15.55,4.85,16.25,10.59,11.97,12.12,6.09,9.85,11.3,11.82,8.43,6.7,16.73,16.3,17.98,14.74,14.41,13.07,18.81,15.58,13.35,13.09,16.07,12.57,19.46,18.75,17.22,22.53,23.73,24.88,18.42,15.22,25.8,18.84,23.39,19.15,24.33,26.34,17.59,22.98
21.57,8.49,12.17,22.86,16.58,13.7,15.54,14.12,22.39,15.89,15.53,7.85,10.25,20.43,16.28,7.43,31.19,13.81,20.94,23.31,2.52,13.83,9.98,23.41,18.94,21.72,8.54,15.13,14.84,15.14,15.9,14.96,13.48,8.43,12.66,21.09,24.19,11.93,18.41,16.14,9.67,11.12,13.99,7.26,15.08,31.5,11.4,22.99,19.35,22.3,7.98,10.9,13.2,20.25,23.42,10.18,25.12,15.64,14.05,13.7,12.55,13.14,15.64,23.14,11.97,13.67,20.4,16.82,11.56,10.35,8.39,12.61,21.72,16.38,8.62,11.88,7.45,8.66,14.22,19.14,12.22,14.57,14.22,22.88,17.32,12.35,16.19,17.85,21.84,13.04,12.79,11.61,16.17,8.05,7.85,21.89,12.93,15.72,11.0,13.15,6.08,11.48,9.23,6.57,6.4,9.44,4.75,10.37,7.23,6.98,4.92,8.5,7.09,5.92,8.32,8.65,4.84,6.57,7.15,5.75,8.66,9.34,5.88,29.96,21.74,18.09,19.64,28.59,17.42,14.12,15.55,12.63,12.35,12.81,17.17,18.74,19.27,11.58,21.38,14.23,11.53,16.36,15.68,13.7,16.54,23.03,24.67,28.7,16.21,26.9,21.0,17.87,21.99,20.5,19.02,15.62,20.28,28.13,17.27,23.33,9.72,10.23,16.88,24.57,10.7,16.55,12.53,24.71,30.75,17.45,34.94,20.82,35.56,18.49,15.86,14.1,13.3,29.68,15.57,14.64,11.27,17.36,17.6,18.5,15.22,12.16,16.22,15.22,10.26,19.15,20.23,17.42,14.38,15.99,16.86,20.67,22.0,25.82,28.44,27.98,25.98,19.7,26.0,29.11,27.52,19.56,23.87,27.02,23.28,23.89,14.04,10.55,10.16,3.31,0.0,9.53,9.72,24.16,26.96,27.13,26.23,24.25,21.28,25.45,25.68,22.94,23.62,24.21,27.35,26.18,16.24,15.36,20.62,14.82,16.94,18.27,21.3,19.82,13.04,13.93,20.87,15.85,15.74,16.52,21.26,14.52,10.87,12.19,15.19,9.74,18.04,12.83,11.97,16.36,11.97,13.64,13.73,15.07,12.43,20.7,12.81,14.21,22.92,23.37,19.04,21.27,14.51,15.41,18.35,20.22,15.41,21.14,13.14,21.01,19.21,20.73,20.32,21.67,20.43,10.68,17.68,12.59,12.42,9.64,16.37,14.75,10.59,9.65,10.64,14.69,1.54,15.4,11.67,11.36,11.27,9.4,9.0,10.44,10.96,11.19,5.84,20.04,13.86,21.29,14.33,17.72,16.38,22.12,18.89,16.66,16.4,19.38,15.88,22.77,22.06,16.36,25.84,21.71,22.86,21.73,14.37,23.78,16.75,21.37,17.77,22.31,24.32,20.9,20.96
22.88,2.36,13.48,24.17,17.89,15.01,16.85,15.43,16.62,17.2,12.81,10.07,11.56,21.74,17.59,17.18,32.5,11.09,22.25,24.62,7.39,15.14,3.86,24.72,20.25,23.03,16.37,16.44,16.15,16.45,9.77,16.28,7.36,1.5,13.97,22.4,18.0,13.24,19.72,17.45,10.98,13.37,15.3,9.48,8.95,32.81,12.71,24.3,20.66,23.61,9.29,4.77,7.08,22.47,24.73,11.49,26.43,16.95,15.36,15.02,13.86,14.45,9.52,17.01,13.98,10.47,21.71,10.69,11.2,4.23,10.53,13.92,23.03,17.69,10.85,13.19,8.76,10.8,8.09,20.45,6.09,17.04,15.54,24.19,18.63,13.66,17.5,19.16,23.15,14.35,13.7,10.13,17.48,10.28,2.72,23.2,10.03,17.03,12.32,14.46,7.39,12.79,10.54,7.88,8.62,10.75,6.95,11.68,4.35,8.29,5.29,9.81,8.4,7.23,9.63,9.96,6.15,8.79,8.46,4.4,9.97,10.65,7.19,31.27,23.05,19.4,20.95,29.9,18.73,15.43,16.86,13.94,13.66,14.12,18.48,20.05,20.58,12.89,22.69,15.54,12.84,17.67,16.99,15.01,17.86,24.34,25.98,30.01,17.52,28.21,22.31,19.18,23.3,21.81,20.33,16.93,21.59,29.44,18.58,24.64,11.03,11.54,18.19,25.88,12.01,17.86,13.85,26.02,32.06,18.76,36.25,22.13,36.88,19.8,17.17,15.41,14.61,30.99,16.88,15.95,12.58,18.67,18.91,19.81,16.53,13.47,17.53,16.53,11.57,20.46,21.54,18.73,15.69,17.3,18.17,21.98,23.31,27.13,29.75,29.29,27.29,21.01,27.31,30.42,28.83,20.87,25.18,28.33,24.59,25.21,12.44,12.77,12.38,6.22,9.53,0.0,1.94,24.61,27.42,27.58,26.68,24.7,21.73,25.9,26.13,23.39,24.07,24.66,27.8,26.63,17.65,17.59,22.02,17.05,18.34,19.67,23.54,21.23,15.28,16.16,23.1,18.08,17.14,18.75,23.49,16.76,13.11,14.42,16.59,11.97,24.88,15.06,14.21,17.76,17.41,16.92,7.62,8.96,6.32,21.15,13.43,11.54,15.31,15.61,17.7,16.79,14.23,16.81,18.8,17.83,16.81,15.03,12.24,21.47,16.32,16.28,20.77,14.06,16.18,11.31,11.57,21.15,20.97,15.11,24.92,23.41,19.23,18.2,14.29,23.35,11.09,23.95,16.13,20.01,19.82,11.64,17.64,19.0,19.51,13.97,12.94,13.93,13.5,15.18,11.95,11.61,10.27,16.01,12.78,10.55,10.29,13.27,9.77,16.66,15.95,17.19,19.73,20.94,22.08,15.62,18.7,23.0,16.05,20.59,16.35,21.53,23.55,14.8,20.19
23.07,2.56,13.67,24.36,18.08,15.2,17.04,15.62,13.34,17.39,13.01,10.26,11.75,21.93,17.78,17.37,32.7,11.28,22.44,19.58,7.58,15.33,4.05,24.91,20.44,23.22,16.57,16.64,16.34,16.64,6.5,16.47,4.0,1.7,14.16,17.35,13.95,12.02,19.91,17.64,11.17,9.32,15.49,9.67,9.14,33.0,12.9,19.26,20.85,23.8,9.49,4.96,7.27,22.66,19.69,11.68,26.63,17.14,15.55,15.21,14.05,14.64,9.71,17.2,9.93,10.66,21.9,10.89,11.39,4.42,10.72,14.11,23.22,17.89,11.04,13.38,8.95,10.99,8.29,20.64,6.28,17.23,15.73,19.15,19.25,13.85,17.69,19.35,18.11,14.55,9.65,10.32,17.67,10.47,2.91,18.16,10.22,17.22,12.51,14.65,7.58,11.17,10.73,8.07,8.81,10.95,7.14,10.71,4.54,8.48,5.48,10.0,8.59,7.42,9.82,10.16,6.34,8.98,8.65,4.6,10.16,10.84,7.38,31.46,23.24,19.6,21.14,30.09,18.92,15.62,17.05,14.13,13.85,14.31,18.67,20.24,20.77,13.09,22.88,15.74,13.03,17.86,17.18,15.2,18.05,24.53,26.17,30.2,17.71,28.41,22.5,19.37,23.49,22.0,20.52,17.12,21.78,29.63,18.77,24.84,11.22,11.73,18.38,26.07,12.2,18.05,14.04,26.21,32.25,18.95,36.44,22.32,37.07,19.99,17.36,15.6,14.8,31.19,17.07,16.14,12.77,18.86,19.1,20.0,16.72,13.66,17.72,16.72,11.76,20.65,20.61,18.93,15.88,14.67,18.36,22.17,23.5,27.32,29.95,29.48,27.48,21.2,22.26,30.62,29.02,21.06,25.37,28.53,24.78,25.4,8.4,12.96,12.57,6.41,9.72,1.94,0.0,20.56,23.37,23.53,22.64,20.66,17.68,21.85,22.08,19.34,20.02,20.62,23.76,22.59,17.84,17.78,22.21,17.24,18.53,19.86,23.73,21.42,15.47,16.35,23.29,18.28,17.33,18.94,23.68,16.95,13.3,14.61,16.78,12.17,25.07,15.25,14.4,17.95,17.6,17.11,3.57,9.15,6.51,17.1,9.38,7.49,11.26,12.34,13.65,12.74,10.18,14.23,14.75,13.79,17.0,11.76,8.19,17.42,12.27,12.24,16.72,10.02,12.14,11.51,11.77,21.34,21.17,15.3,25.11,23.6,19.42,18.39,14.48,23.55,11.28,24.14,16.32,20.2,20.01,11.83,17.83,19.19,19.71,14.16,13.13,14.12,13.69,12.28,12.14,11.8,7.0,13.1,12.97,7.27,6.25,13.46,5.72,16.85,16.14,17.38,19.92,21.13,22.28,15.81,18.9,23.19,16.24,20.78,16.54,21.72,23.74,14.99,20.38
32.68,22.24,24.33,35.02,29.18,25.86,26.67,15.93,11.45,28.49,21.19,22.69,16.53,21.19,17.49,26.72,43.35,19.47,33.1,10.16,22.02,13.37,22.26,35.57,31.87,33.88,25.91,27.29,27.44,27.3,15.5,14.51,17.76,23.48,15.93,7.93,11.93,14.57,29.53,17.35,20.78,16.83,26.6,22.1,18.49,43.66,16.59,1.37,20.58,33.42,20.14,20.24,19.82,35.09,10.27,17.28,9.25,16.85,26.66,26.31,14.37,25.75,17.14,25.38,13.57,18.84,31.52,18.27,20.74,21.51,21.94,25.22,33.88,28.54,23.46,13.92,20.17,22.2,19.73,30.26,18.71,29.66,26.38,9.73,9.83,24.95,28.79,30.01,8.68,15.43,12.36,19.67,28.77,22.5,23.86,8.74,18.91,28.32,16.2,25.75,18.5,14.71,18.5,21.02,21.24,16.21,20.58,15.23,23.24,19.14,20.93,19.62,17.18,19.31,19.89,17.32,19.53,21.71,18.53,21.76,15.73,16.63,18.39,42.12,32.85,29.21,31.8,12.72,29.58,26.28,28.24,24.79,23.46,23.37,28.29,26.49,30.39,22.7,32.5,20.95,22.65,27.48,26.8,24.81,23.07,34.15,26.02,30.05,14.58,28.26,22.65,19.28,23.34,21.85,22.23,14.26,19.41,29.48,18.48,24.99,20.84,22.39,29.48,36.73,22.86,29.15,24.69,37.31,43.35,30.05,47.54,33.42,48.17,31.09,28.02,26.26,25.46,42.29,13.68,12.77,23.87,29.96,30.2,31.11,27.82,24.76,28.82,27.82,22.87,10.88,12.27,30.03,26.99,10.04,10.42,8.81,8.47,9.94,12.57,12.1,10.1,9.77,12.84,13.24,11.64,11.61,10.34,11.15,8.18,8.02,12.73,25.39,25.0,20.85,24.16,24.61,20.56,0.0,2.69,4.99,2.31,2.99,3.9,1.53,3.54,3.69,2.35,2.07,3.43,4.04,28.81,30.98,33.18,29.8,29.5,30.83,36.28,32.39,28.02,28.9,35.84,30.48,28.3,31.49,36.24,29.5,25.85,27.16,27.75,24.72,37.63,27.8,26.95,28.92,30.16,29.67,16.93,17.82,19.72,5.58,16.3,14.42,11.93,12.39,6.7,10.29,12.95,11.3,5.81,9.24,11.87,13.89,13.82,5.5,8.23,9.75,4.82,10.69,9.45,20.79,19.85,31.13,30.45,24.59,34.9,31.68,29.26,27.68,23.77,31.63,25.77,33.93,28.87,29.48,29.81,24.38,27.12,28.47,28.99,26.71,27.62,21.49,22.98,17.95,20.22,19.17,15.36,18.77,20.34,14.06,14.26,20.83,15.46,24.94,24.23,25.47,28.0,29.21,30.36,23.9,26.98,31.28,24.32,28.87,24.63,29.81,31.82,23.07,28.46
35.49,25.05,27.14,37.83,31.99,28.67,29.48,18.74,14.34,31.3,24.0,25.5,19.34,22.19,18.49,29.53,46.16,22.27,35.9,12.97,24.82,16.18,25.06,38.38,34.68,36.69,28.72,30.1,30.25,30.11,18.31,17.31,20.57,26.29,18.74,10.74,12.74,17.38,32.34,18.35,23.59,19.64,29.41,24.91,21.29,46.47,19.4,4.18,21.58,36.23,22.95,23.04,22.63,37.9,13.08,20.09,11.46,17.85,29.46,29.12,17.18,28.56,19.95,28.19,16.38,21.65,34.33,21.08,23.55,24.32,24.75,28.03,36.69,31.35,26.27,16.73,22.98,25.01,22.54,33.07,21.52,32.47,29.19,12.53,12.64,27.76,31.6,32.82,11.49,18.24,15.17,22.48,31.58,25.31,26.67,11.55,21.72,31.13,19.01,28.56,21.31,17.52,21.3,23.83,24.05,19.02,23.39,18.04,26.05,21.95,23.74,22.43,19.99,22.12,22.7,20.13,22.33,24.52,21.34,24.57,18.54,19.44,21.2,44.93,35.66,32.02,34.61,14.92,32.39,29.08,31.05,27.6,26.27,26.74,31.1,27.49,33.19,25.51,35.31,21.95,25.46,30.29,29.6,27.62,24.07,36.96,27.02,31.05,16.78,29.25,23.65,20.28,24.34,22.85,23.23,16.47,20.41,30.48,19.47,25.98,23.65,25.2,32.29,39.54,25.67,31.96,27.5,40.12,46.16,32.86,50.35,36.23,50.98,33.9,30.83,29.07,28.27,45.1,16.49,15.58,26.68,32.77,33.01,33.92,30.63,27.57,31.63,30.63,25.67,13.09,14.48,32.84,29.8,12.85,13.23,11.01,10.68,12.15,14.78,14.31,12.31,11.98,15.65,15.45,13.85,13.82,12.54,13.36,10.38,10.23,15.54,28.2,27.81,23.65,26.96,27.42,23.37,2.69,0.0,2.76,4.52,5.79,6.71,2.85,1.31,6.5,5.16,2.89,5.63,1.06,31.61,33.79,35.99,32.6,32.31,33.64,39.09,35.19,30.83,31.71,38.65,33.29,31.11,34.3,39.05,32.31,28.66,29.97,30.56,27.53,40.44,30.61,29.76,31.73,32.97,32.47,19.74,20.62,22.52,8.39,19.11,17.23,15.16,15.33,9.51,14.31,15.76,14.11,8.62,12.05,14.68,16.83,16.63,8.31,11.04,12.56,7.63,13.5,12.26,23.6,22.66,33.94,33.26,27.4,37.71,34.49,32.07,30.49,26.58,34.44,28.58,36.74,31.68,32.29,32.62,27.19,29.93,31.28,31.8,29.52,30.43,24.3,25.78,18.24,23.03,21.98,18.17,19.06,23.15,16.87,17.06,23.64,18.26,27.75,27.04,28.28,30.81,32.02,33.17,26.71,29.79,34.09,27.13,31.68,27.44,32.62,34.63,25.88,31.27
35.66,25.22,27.3,38.0,32.16,28.84,29.64,18.9,12.85,31.47,24.16,25.67,19.51,22.35,18.65,29.69,46.33,22.44,36.07,13.13,24.99,16.34,25.23,38.55,34.85,36.85,28.89,30.27,30.42,30.27,18.48,17.48,20.74,26.46,18.9,10.91,11.25,17.54,32.5,18.52,23.76,19.8,29.57,25.08,21.46,46.63,19.57,4.35,21.75,36.39,23.12,23.21,22.8,38.06,13.25,20.26,14.01,18.01,29.63,29.28,17.34,28.72,20.11,29.53,16.54,21.81,34.49,21.24,23.71,24.49,24.91,28.19,36.86,31.52,26.44,16.89,23.14,25.18,22.71,33.23,21.69,32.64,29.36,12.7,12.81,27.93,31.77,32.98,11.66,18.41,15.34,22.64,31.75,25.48,26.84,11.71,21.89,31.3,19.17,28.73,21.48,17.68,21.47,23.99,24.22,19.18,23.56,18.2,26.21,22.11,23.9,22.59,20.15,22.29,22.87,20.29,22.5,24.69,21.5,24.73,18.71,19.6,21.37,45.09,35.83,32.18,34.77,17.48,32.55,29.25,31.22,27.77,26.44,26.9,31.26,27.65,33.36,25.68,35.47,22.12,25.62,30.45,29.77,27.79,24.24,37.12,27.19,31.21,17.32,29.42,23.82,20.44,24.51,23.01,23.4,16.73,20.58,30.64,19.64,26.15,23.81,25.36,32.46,39.7,25.83,32.13,27.67,40.29,46.33,33.03,50.52,36.4,51.14,34.07,30.99,29.24,28.43,45.26,16.65,15.75,26.85,32.94,33.18,34.08,30.8,27.74,31.8,30.8,25.84,15.64,14.16,33.0,29.96,13.02,13.4,13.57,13.23,14.7,17.33,16.86,14.86,14.53,15.82,18.0,16.4,16.37,15.1,15.91,12.94,12.78,15.7,28.37,27.97,23.82,27.13,27.58,23.53,4.99,2.76,0.0,7.07,5.96,6.87,6.29,1.45,6.66,5.33,3.06,8.19,2.99,31.78,33.95,36.15,32.77,32.47,33.81,39.25,35.36,30.99,31.88,38.82,33.46,31.28,34.47,39.21,32.47,28.82,30.14,30.72,27.69,40.6,30.78,29.92,31.9,33.13,32.64,19.9,20.79,22.69,8.56,19.27,17.4,13.67,13.84,9.68,12.82,15.92,14.27,8.78,12.22,14.84,15.34,16.8,8.48,11.2,12.73,7.8,13.66,12.42,23.77,22.83,34.1,33.43,27.56,37.88,34.66,32.23,30.65,26.74,34.61,28.75,36.91,31.84,32.46,32.78,27.35,30.09,31.45,31.97,29.69,30.6,24.82,25.95,16.75,23.2,22.49,18.34,17.57,23.66,17.03,17.23,24.16,18.43,29.18,27.2,28.44,32.25,32.19,33.34,26.87,29.96,34.25,27.3,31.85,27.6,32.78,34.8,26.05,31.44
32.84,24.32,26.41,37.0,31.26,27.94,26.82,16.45,13.52,30.57,23.27,24.77,17.05,18.88,15.18,28.79,45.33,21.54,35.07,12.17,24.09,13.89,24.33,37.55,32.03,35.85,27.99,29.37,29.52,29.38,17.58,14.59,19.84,25.56,16.45,10.01,14.01,16.64,29.68,15.04,22.86,18.9,28.67,24.18,20.56,45.63,18.67,3.45,18.28,33.57,22.22,22.31,21.9,37.17,10.75,19.36,6.94,14.54,28.73,28.39,14.88,27.82,19.21,27.46,15.64,20.92,31.67,20.34,22.82,23.59,24.01,27.29,35.86,30.62,25.54,15.99,22.25,24.28,21.81,30.41,20.79,31.74,28.46,12.25,11.91,27.03,30.87,31.98,10.76,15.95,14.44,21.75,30.85,24.58,25.94,10.82,20.99,30.4,18.28,27.83,20.58,16.79,17.97,23.1,23.32,18.29,22.66,17.31,25.31,21.21,23.01,21.7,19.26,21.39,21.97,19.4,21.6,23.79,20.61,23.83,17.81,18.71,20.47,44.09,33.01,29.36,33.24,10.41,31.03,28.35,28.4,26.87,20.62,21.06,28.44,24.18,29.37,21.68,31.48,18.64,21.72,27.63,21.36,23.79,20.76,33.13,23.72,27.74,12.27,25.95,20.35,16.97,21.04,19.54,19.92,11.95,17.11,27.17,16.17,22.68,22.92,24.46,31.56,38.7,24.94,31.23,26.77,39.39,45.43,32.13,49.62,35.5,50.25,33.17,30.09,28.34,27.53,41.0,14.22,12.67,25.95,32.04,32.28,33.18,29.9,26.84,30.9,29.9,24.94,8.57,9.96,32.11,29.06,12.12,12.5,6.5,6.16,7.64,10.26,9.8,7.79,7.46,13.59,10.93,9.34,9.3,8.03,8.84,5.87,5.71,14.8,27.47,27.08,22.92,26.23,26.68,22.64,2.31,4.52,7.07,0.0,5.06,5.97,3.35,5.62,5.77,4.43,4.15,1.12,4.48,30.88,33.05,35.25,31.87,31.58,32.91,38.36,34.46,30.1,30.98,37.92,32.56,30.38,33.57,38.31,31.58,27.93,29.24,29.82,26.79,39.7,29.88,29.03,31.0,32.23,31.74,19.01,19.89,21.79,7.66,18.38,16.5,14.01,14.47,8.78,12.37,15.03,13.37,7.89,11.32,14.04,15.97,15.9,7.58,10.3,11.83,6.9,12.77,11.52,22.87,21.93,33.21,32.53,26.67,36.98,33.76,31.33,29.76,25.84,33.71,27.85,36.01,30.95,31.56,31.89,26.46,29.19,30.55,31.07,28.79,29.7,23.57,25.05,20.03,22.3,21.25,17.44,20.85,22.41,16.14,16.33,22.91,17.53,27.02,26.31,27.55,30.08,31.29,32.44,25.97,29.06,33.36,26.4,30.95,26.7,31.89,33.9,25.15,30.54
32.78,22.34,24.43,35.12,29.28,25.96,26.77,16.03,11.54,28.59,21.29,22.79,16.63,19.47,15.78,26.81,43.45,19.56,33.19,10.26,22.11,13.47,22.35,35.67,31.97,33.98,26.01,27.39,27.54,27.4,15.6,14.6,17.86,23.58,16.03,8.03,12.03,14.67,29.63,15.64,20.88,16.92,26.69,22.2,18.58,43.76,16.69,1.74,18.87,33.52,20.24,20.33,19.92,35.19,10.37,17.38,12.0,15.14,26.75,26.41,14.46,25.84,17.23,25.48,13.66,18.94,31.62,18.37,20.84,21.61,22.03,25.31,33.98,28.64,23.56,14.01,20.27,22.3,19.83,30.36,18.81,29.76,26.48,9.82,9.93,25.05,28.89,30.11,8.78,15.53,12.46,19.77,28.87,22.6,23.96,8.84,19.01,28.42,16.3,25.85,18.6,14.81,18.59,21.12,21.34,16.31,20.68,15.33,23.33,19.23,21.03,19.72,17.28,19.41,19.99,17.42,19.62,21.81,18.63,21.85,15.83,16.73,18.49,42.22,32.95,29.31,31.89,15.47,29.68,26.37,28.34,24.89,23.56,24.02,28.39,24.78,30.48,22.8,32.59,19.24,22.75,27.58,26.89,24.91,21.36,34.24,24.31,28.34,14.44,26.54,20.94,17.57,21.63,20.14,20.52,13.85,17.7,27.77,16.76,23.27,20.94,22.48,29.58,36.83,22.96,29.25,24.79,37.41,43.45,30.15,47.64,33.52,48.27,31.19,28.11,26.36,25.56,42.39,13.78,12.87,23.97,30.06,30.3,31.2,27.92,24.86,28.92,27.92,22.96,13.63,11.29,30.13,27.08,10.14,10.52,11.56,11.22,12.7,15.32,14.86,12.86,12.53,12.94,15.99,14.4,14.36,13.09,13.9,10.93,10.77,12.82,25.49,25.1,20.94,24.25,24.7,20.66,2.99,5.79,5.96,5.06,0.0,3.99,4.28,4.51,3.79,2.45,3.04,6.18,5.01,28.9,31.07,33.27,29.89,29.6,30.93,36.38,32.48,28.12,29.0,35.94,30.58,28.4,31.59,36.33,29.6,25.95,27.26,27.85,24.81,37.72,27.9,27.05,29.02,30.25,29.76,17.03,17.91,19.81,5.68,16.4,14.52,12.03,12.49,6.8,10.39,13.05,11.39,5.91,9.34,11.97,13.99,13.92,5.6,8.32,9.85,4.92,10.79,9.54,20.89,19.95,31.23,30.55,24.69,35.0,31.78,29.35,27.78,23.86,31.73,25.87,34.03,28.97,29.58,29.91,24.48,27.21,28.57,29.09,26.81,27.72,21.59,23.07,18.05,20.32,19.27,15.46,18.87,20.43,14.16,14.35,20.93,15.55,25.04,24.33,25.57,28.1,29.31,30.46,23.99,27.08,31.38,24.42,28.97,24.72,29.91,31.92,23.17,28.56
29.81,19.36,21.45,32.14,26.3,22.98,23.79,13.05,8.57,25.61,18.31,19.81,13.65,16.5,12.8,23.84,40.48,16.59,30.22,7.28,19.14,10.49,19.38,32.69,28.99,31.0,23.03,24.41,24.56,24.42,12.62,11.63,14.89,20.61,13.05,5.05,9.05,11.69,26.65,12.66,17.91,13.95,23.72,19.22,15.61,40.78,13.72,2.65,15.9,30.54,17.27,17.36,16.95,32.21,7.39,14.4,12.91,12.16,23.78,23.43,11.49,22.87,14.26,22.5,10.69,15.96,28.64,15.39,17.86,18.64,19.06,22.34,31.0,25.67,20.59,11.04,17.29,19.32,16.85,27.38,15.84,26.78,23.51,6.85,6.96,22.07,25.91,27.13,5.81,12.56,9.48,16.79,25.89,19.62,20.98,5.86,16.03,25.44,13.32,22.87,15.62,11.83,15.62,18.14,18.36,13.33,17.7,12.35,20.36,16.26,18.05,16.74,14.3,16.43,17.02,14.44,16.65,18.83,15.65,18.88,12.86,13.75,15.51,39.24,29.97,26.33,28.92,16.38,26.7,23.4,25.37,21.91,20.59,21.05,25.41,21.8,27.51,19.82,29.62,16.26,19.77,24.6,23.92,21.94,18.38,31.27,21.33,25.36,11.47,23.57,17.97,14.59,18.65,17.16,17.54,10.87,14.72,24.79,13.79,20.3,17.96,19.51,26.61,33.85,19.98,26.27,21.82,34.43,40.47,27.17,44.66,30.54,45.29,28.22,25.14,23.38,22.58,39.41,10.8,9.89,20.99,27.08,27.33,28.23,24.94,21.88,25.94,24.95,19.99,9.5,8.31,27.15,24.11,7.17,7.55,12.47,12.13,13.61,16.23,15.77,13.77,10.54,9.96,16.9,15.31,10.4,14.0,14.81,11.84,11.69,9.85,22.51,22.12,17.97,21.28,21.73,17.68,3.9,6.71,6.87,5.97,3.99,0.0,5.19,5.42,1.91,3.36,3.95,7.09,5.92,25.93,28.1,30.3,26.92,26.62,27.95,33.4,29.51,25.14,26.02,32.96,27.6,25.42,28.61,33.36,26.62,22.97,24.28,24.87,21.84,34.75,24.93,24.07,26.04,27.28,26.79,14.05,14.94,16.84,2.71,13.42,11.54,9.06,9.51,3.82,7.41,10.07,8.42,2.93,6.36,8.99,11.02,10.94,2.62,5.35,6.87,1.27,7.81,6.57,17.91,16.97,28.25,27.57,21.71,32.02,28.8,26.38,24.8,20.89,28.75,22.89,31.05,25.99,26.6,26.93,21.5,24.24,25.6,26.11,23.83,24.74,18.61,20.1,15.07,17.35,16.29,12.48,15.89,17.46,11.18,11.38,17.95,12.58,22.06,21.35,22.59,25.13,26.34,27.48,21.02,24.1,28.4,21.45,25.99,21.75,26.93,28.94,20.19,25.58
33.98,23.54,25.62,36.32,30.48,27.16,27.96,17.22,12.74,29.79,22.48,23.99,17.83,22.23,18.53,28.01,44.65,20.76,34.39,11.45,23.31,14.66,23.55,36.87,33.17,35.17,27.21,28.59,28.74,28.59,16.8,15.8,19.06,24.78,17.22,9.23,13.22,15.86,30.82,18.39,22.08,18.12,27.89,23.4,19.78,44.95,17.89,2.67,21.63,34.71,21.44,21.53,21.12,36.38,11.57,18.58,10.29,17.89,27.95,27.6,15.66,27.04,18.43,26.68,14.86,20.13,32.81,19.56,22.03,22.81,23.23,26.51,35.18,29.84,24.76,15.21,21.46,23.5,21.03,31.55,20.01,30.96,27.68,11.02,11.13,26.25,30.09,31.3,9.98,16.73,13.66,20.96,30.07,23.8,25.16,10.03,20.21,29.62,17.49,27.05,19.8,16.01,19.79,22.31,22.54,17.5,21.88,16.52,24.53,20.43,22.22,20.91,18.47,20.61,21.19,18.61,20.82,23.01,19.82,23.05,17.03,17.92,19.69,43.41,34.15,30.51,33.09,13.76,30.87,27.57,29.54,26.09,23.97,24.41,29.58,27.53,31.68,24.0,33.79,22.0,23.94,28.77,28.09,26.11,24.11,35.44,27.07,31.09,15.62,29.3,23.7,20.32,24.39,22.89,23.27,15.3,20.46,30.52,19.52,26.03,22.13,23.68,30.78,38.02,24.15,30.45,25.99,38.61,44.65,31.35,48.84,34.72,49.46,32.39,29.31,27.56,26.75,43.58,14.97,16.02,25.17,31.26,31.5,32.4,29.12,26.06,30.12,29.12,24.16,11.92,13.32,31.32,28.28,11.34,11.72,9.85,9.51,10.99,13.61,13.15,11.14,10.82,14.14,14.28,12.69,12.65,11.38,12.19,9.22,9.06,14.02,26.69,26.29,22.14,25.45,25.9,21.85,1.53,2.85,6.29,3.35,4.28,5.19,0.0,4.84,4.98,3.65,3.37,4.47,2.82,30.1,32.27,34.47,31.09,30.79,32.13,37.57,33.68,29.31,30.2,37.14,31.78,29.6,32.79,37.53,30.79,27.14,28.46,29.04,26.01,38.92,29.1,28.24,30.22,31.45,30.96,18.22,19.11,21.01,6.88,17.59,15.72,13.23,13.69,8.0,11.58,14.24,12.59,7.1,10.54,13.16,15.19,15.12,6.8,9.52,11.05,6.12,11.98,10.74,22.09,21.15,32.42,31.75,25.88,36.2,32.98,30.55,28.97,25.06,32.93,27.07,35.23,30.16,30.78,31.1,25.67,28.41,29.77,30.29,28.01,28.92,22.79,24.27,19.24,21.52,20.46,16.66,20.07,21.63,15.35,15.55,22.13,16.75,26.23,25.52,26.76,29.3,30.51,31.66,25.19,28.28,32.57,25.62,30.17,25.92,31.1,33.12,24.37,29.76
34.21,23.77,25.85,36.55,30.71,27.39,28.19,17.45,13.03,30.02,22.71,24.22,18.06,20.9,17.2,28.24,44.88,20.99,34.62,11.68,23.54,14.89,23.78,37.1,33.4,35.4,27.44,28.82,28.97,28.82,17.03,16.03,19.29,25.01,17.45,9.46,11.44,16.09,31.05,17.07,22.31,18.35,28.12,23.63,20.01,45.18,18.12,2.9,20.3,34.94,21.67,21.76,21.35,36.62,11.8,18.81,12.56,16.56,28.18,27.84,15.89,27.27,18.66,26.91,15.09,20.36,33.04,19.79,22.26,23.04,23.46,26.74,35.41,30.07,24.99,15.44,21.69,23.73,21.26,31.78,20.24,31.19,27.91,11.25,11.36,26.48,30.32,31.53,10.21,16.96,13.89,21.19,30.3,24.03,25.39,10.26,20.44,29.85,17.72,27.28,20.03,16.24,20.02,22.54,22.77,17.73,22.11,16.75,24.76,20.66,22.45,21.14,18.7,20.84,21.42,18.84,21.05,23.24,20.05,23.28,17.26,18.15,19.92,43.64,34.38,30.74,33.32,16.03,31.1,27.8,29.77,26.32,24.99,25.45,29.81,26.2,31.91,24.23,34.02,20.67,24.17,29.0,28.32,26.34,22.79,35.67,25.74,29.76,15.87,27.97,22.37,18.99,23.06,21.56,21.95,15.28,19.13,29.19,18.19,24.7,22.36,23.91,31.01,38.25,24.38,30.68,26.22,38.84,44.88,31.58,49.07,34.95,49.7,32.62,29.54,27.79,26.98,43.81,15.2,14.3,25.4,31.49,31.73,32.63,29.35,26.29,30.35,29.35,24.39,14.19,12.71,31.55,28.51,11.57,11.95,12.12,11.78,13.25,15.88,15.41,13.41,13.08,14.37,16.55,14.95,14.92,13.65,14.46,11.49,11.33,14.25,26.92,26.52,22.37,25.68,26.13,22.08,3.54,1.31,1.45,5.62,4.51,5.42,4.84,0.0,5.21,3.88,1.61,6.74,1.54,30.33,32.5,34.7,31.32,31.02,32.36,37.8,33.91,29.54,30.43,37.37,32.01,29.83,33.02,37.76,31.02,27.37,28.69,29.27,26.24,39.15,29.33,28.47,30.45,31.68,31.19,18.45,19.34,21.24,7.11,17.82,15.95,13.85,14.02,8.23,11.81,14.48,12.82,7.34,10.77,13.39,15.52,15.35,7.03,9.75,11.28,6.35,12.21,10.97,22.32,21.38,32.65,31.98,26.11,36.43,33.21,30.78,29.2,25.29,33.16,27.3,35.46,30.4,31.01,31.34,25.9,28.64,30.0,30.52,28.24,29.15,23.02,24.5,16.93,21.75,20.69,16.89,17.75,21.86,15.59,15.78,22.36,16.98,26.46,25.75,26.99,29.53,30.74,31.89,25.42,28.51,32.8,25.85,30.4,26.15,31.34,33.35,24.6,29.99
31.47,21.03,23.11,33.81,27.97,24.65,25.45,14.71,10.23,27.28,19.97,21.48,15.32,18.16,14.46,25.5,42.14,18.25,31.88,8.94,20.8,12.15,21.04,34.36,30.66,32.66,24.7,26.08,26.23,26.08,14.29,13.29,16.55,22.27,14.72,6.72,10.71,13.35,28.31,14.33,19.57,15.61,25.38,20.89,17.27,42.44,15.38,2.45,17.56,32.2,18.93,19.02,18.61,33.88,9.06,16.07,12.71,13.82,25.44,25.1,13.15,24.53,15.92,24.17,12.35,17.62,30.3,17.05,19.52,20.3,20.72,24.0,32.67,27.33,22.25,12.7,18.95,20.99,18.52,29.04,17.5,28.45,25.17,8.51,8.62,23.74,27.58,28.79,7.47,14.22,11.15,18.45,27.56,21.29,22.65,7.52,17.7,27.11,14.98,24.54,17.29,13.5,17.28,19.8,20.03,14.99,19.37,14.02,22.02,17.92,19.71,18.4,15.96,18.1,18.68,16.1,18.31,20.5,17.31,20.54,14.52,15.41,17.18,40.9,31.64,28.0,30.58,16.18,28.36,25.06,27.03,23.58,22.25,22.71,27.07,23.46,29.17,21.49,31.28,17.93,21.43,26.26,25.58,23.6,20.05,32.93,23.0,27.02,13.13,25.23,19.63,16.26,20.32,18.82,19.21,12.54,16.39,26.45,15.45,21.96,19.62,21.17,28.27,35.51,21.64,27.94,23.48,36.1,42.14,28.84,46.33,32.21,46.96,29.88,26.8,25.05,24.24,41.07,12.46,11.56,22.66,28.75,28.99,29.89,26.61,23.55,27.61,26.61,21.65,11.17,9.97,28.81,25.77,8.83,9.21,12.27,11.93,13.4,16.03,15.56,13.56,13.23,11.63,16.7,15.1,12.06,13.8,14.61,11.64,11.48,11.51,24.18,23.78,19.63,22.94,23.39,19.34,3.69,6.5,6.66,5.77,3.79,1.91,4.98,5.21,0.0,2.12,3.75,6.89,5.72,27.59,29.76,31.96,28.58,28.28,29.62,35.06,31.17,26.8,27.69,34.63,29.27,27.09,30.28,35.02,28.28,24.63,25.95,26.53,23.5,36.41,26.59,25.73,27.71,28.94,28.45,15.71,16.6,18.5,4.37,15.08,13.21,10.72,11.18,5.49,9.07,11.74,10.08,4.6,8.03,10.65,12.68,12.61,4.29,7.01,8.54,3.61,9.47,8.23,19.58,18.64,29.91,29.24,23.37,33.69,30.47,28.04,26.46,22.55,30.42,24.56,32.72,27.66,28.27,28.6,23.16,25.9,27.26,27.78,25.5,26.41,20.28,21.76,16.73,19.01,17.95,14.15,17.56,19.12,12.85,13.04,19.62,14.24,23.72,23.01,24.25,26.79,28.0,29.15,22.68,25.77,30.06,23.11,27.66,23.41,28.6,30.61,21.86,27.25
32.15,21.7,23.79,34.48,28.64,25.32,26.13,15.39,10.91,27.95,20.65,22.16,15.99,18.84,15.14,26.18,42.82,18.93,32.56,9.62,21.48,12.83,21.72,35.03,31.34,33.34,25.37,26.76,26.91,26.76,14.97,13.97,17.23,22.95,15.39,7.4,11.39,14.03,28.99,15.0,20.25,16.29,26.06,21.56,17.95,43.12,16.06,1.11,18.24,32.88,19.61,19.7,19.29,34.55,9.73,16.75,11.37,14.5,26.12,25.77,13.83,25.21,16.6,24.85,13.03,18.3,30.98,17.73,20.2,20.98,21.4,24.68,33.35,28.01,22.93,13.38,19.63,21.67,19.2,29.72,18.18,29.12,25.85,9.19,9.3,24.41,28.25,29.47,8.15,14.9,11.83,19.13,28.24,21.96,23.33,8.2,18.38,27.78,15.66,25.22,17.97,14.17,17.96,20.48,20.71,15.67,20.04,14.69,22.7,18.6,20.39,19.08,16.64,18.78,19.36,16.78,18.99,21.18,17.99,21.22,15.2,16.09,17.86,41.58,32.32,28.67,31.26,14.84,29.04,25.74,27.71,24.25,22.93,23.39,27.75,24.14,29.85,22.16,31.96,18.61,22.11,26.94,26.26,24.28,20.72,33.61,23.68,27.7,13.81,25.91,20.31,16.93,21.0,19.5,19.88,13.22,17.07,27.13,16.13,22.64,20.3,21.85,28.95,36.19,22.32,28.62,24.16,36.78,42.81,29.52,47.01,32.89,47.63,30.56,27.48,25.72,24.92,41.75,13.14,12.24,23.33,29.43,29.67,30.57,27.29,24.23,28.28,27.29,22.33,13.0,10.65,29.49,26.45,9.51,9.89,10.93,10.59,12.06,14.69,14.22,12.22,11.89,12.31,15.36,13.76,13.73,12.46,13.27,10.3,10.14,12.19,24.85,24.46,20.31,23.62,24.07,20.02,2.35,5.16,5.33,4.43,2.45,3.36,3.65,3.88,2.12,0.0,2.41,5.55,4.38,28.27,30.44,32.64,29.26,28.96,30.3,35.74,31.85,27.48,28.36,35.31,29.95,27.77,30.96,35.7,28.96,25.31,26.62,27.21,24.18,37.09,27.27,26.41,28.38,29.62,29.13,16.39,17.28,19.18,5.05,15.76,13.89,11.4,11.86,6.17,9.75,12.41,10.76,5.27,8.71,11.33,13.36,13.28,4.96,7.69,9.22,4.29,10.15,8.91,20.26,19.31,30.59,29.92,24.05,34.36,31.15,28.72,27.14,23.23,31.09,25.24,33.39,28.33,28.95,29.27,23.84,26.58,27.94,28.46,26.18,27.08,20.95,22.44,17.41,19.69,18.63,14.82,18.24,19.8,13.52,13.72,20.29,14.92,24.4,23.69,24.93,27.47,28.68,29.83,23.36,26.45,30.74,23.79,28.33,24.09,29.27,31.29,22.54,27.93
32.74,22.3,24.39,35.08,29.24,25.92,26.73,15.99,11.5,28.55,21.25,22.75,16.59,19.43,15.74,26.77,43.41,19.52,33.15,10.22,22.07,13.43,22.31,35.63,31.93,33.94,25.97,27.35,27.5,27.36,15.56,14.56,17.82,23.54,15.99,7.99,11.99,14.62,29.59,15.6,20.84,16.88,26.65,22.16,18.54,43.72,16.65,1.43,18.83,33.48,20.2,20.29,19.88,35.15,10.33,17.34,11.09,15.1,26.71,26.37,14.42,25.8,17.19,25.44,13.62,18.9,31.58,18.32,20.8,21.57,21.99,25.27,33.94,28.6,23.52,13.97,20.23,22.26,19.79,30.32,18.77,29.72,26.44,9.78,9.89,25.01,28.85,30.07,8.74,15.49,12.42,19.73,28.83,22.56,23.92,8.8,18.97,28.38,16.26,25.81,18.56,14.77,18.55,21.08,21.3,16.27,20.64,15.29,23.29,19.19,20.99,19.68,17.24,19.37,19.95,17.38,19.58,21.77,18.59,21.81,15.79,16.69,18.45,42.18,32.91,29.27,31.85,14.56,29.63,26.33,28.3,24.85,23.52,23.98,28.34,24.74,30.44,22.76,32.55,19.2,22.71,27.54,26.85,24.87,21.32,34.2,24.27,28.3,14.4,26.5,20.9,17.53,21.59,20.1,20.48,13.81,17.66,27.73,16.72,23.23,20.9,22.44,29.54,36.79,22.92,29.21,24.75,37.37,43.41,30.11,47.6,33.48,48.23,31.15,28.07,26.32,25.52,42.35,13.74,12.83,23.93,30.02,30.26,31.16,27.88,24.82,28.88,27.88,22.92,12.72,11.25,30.09,27.04,10.1,10.48,10.65,10.31,11.79,14.41,13.95,11.94,11.62,12.9,15.08,13.49,13.45,12.18,12.99,10.02,9.86,12.78,25.45,25.06,20.9,24.21,24.66,20.62,2.07,2.89,3.06,4.15,3.04,3.95,3.37,1.61,3.75,2.41,0.0,5.27,2.11,28.86,31.03,33.23,29.85,29.56,30.89,36.34,32.44,28.08,28.96,35.9,30.54,28.36,31.55,36.29,29.56,25.91,27.22,27.81,24.77,37.68,27.86,27.01,28.98,30.21,29.72,16.99,17.87,19.77,5.64,16.36,14.48,11.99,12.45,6.76,10.35,13.01,11.35,5.87,9.3,11.93,13.95,13.88,5.56,8.28,9.81,4.88,10.75,9.5,20.85,19.91,31.19,30.51,24.65,34.96,31.74,29.31,27.74,23.82,31.69,25.83,33.99,28.93,29.54,29.87,24.44,27.17,28.53,29.05,26.77,27.68,21.55,23.03,18.01,20.28,19.23,15.42,18.83,20.39,14.12,14.31,20.89,15.51,25.0,24.29,25.53,28.06,29.27,30.42,23.95,27.04,31.34,24.38,28.93,24.68,29.87,31.88,23.13,28.52
32.17,25.44,26.75,36.32,32.38,28.28,26.15,15.78,14.64,31.69,24.38,25.89,16.38,18.21,14.51,29.91,44.66,22.66,34.4,11.5,25.21,13.21,25.45,36.87,31.36,35.18,29.11,30.0,30.64,29.72,18.7,13.92,20.96,26.68,15.78,11.13,15.12,17.76,29.01,14.37,21.18,20.02,29.79,25.3,21.68,44.96,19.79,4.57,17.61,32.9,23.34,23.43,23.02,38.29,10.08,20.48,6.27,13.87,29.85,29.51,14.21,28.94,20.33,28.58,16.76,22.04,31.0,21.46,23.93,24.71,25.13,28.41,35.19,31.25,26.66,17.11,23.36,25.4,22.93,29.74,21.91,32.86,29.09,11.58,13.03,28.15,31.99,31.31,11.88,15.28,15.56,22.86,31.97,25.7,27.06,11.89,22.11,31.52,19.4,28.95,21.7,17.91,17.3,24.21,24.44,19.4,23.78,18.43,26.43,22.33,24.12,20.02,20.37,22.51,23.09,20.51,22.72,24.91,21.72,24.95,18.93,19.82,21.59,43.42,32.34,28.69,32.57,9.74,30.36,28.98,27.73,27.5,19.95,20.39,27.77,23.51,28.7,21.01,30.81,17.97,21.05,26.96,20.68,23.12,20.09,32.46,23.05,27.07,11.6,25.28,19.68,16.3,20.37,18.87,19.25,11.28,16.43,26.5,15.5,22.01,21.24,24.8,32.68,38.03,25.28,32.35,27.11,40.51,41.89,33.25,46.33,36.62,51.37,34.29,30.43,28.68,27.88,40.33,13.55,12.0,27.07,33.16,33.4,34.3,31.02,27.96,32.02,31.02,26.06,7.9,9.29,33.23,30.18,13.24,14.84,5.83,5.49,6.97,9.59,9.13,7.12,6.79,12.92,10.26,8.67,8.63,7.36,8.17,5.2,5.04,15.92,28.59,28.19,24.04,27.35,27.8,23.76,3.43,5.63,8.19,1.12,6.18,7.09,4.47,6.74,6.89,5.55,5.27,0.0,5.6,32.0,34.17,36.37,32.99,32.69,34.03,39.48,35.58,31.22,32.1,39.04,33.68,31.5,34.69,39.43,32.69,29.04,30.36,30.94,27.91,40.82,31.0,30.14,32.12,33.35,32.86,20.13,21.01,22.91,8.78,19.5,17.62,15.13,15.59,9.9,13.49,16.15,14.49,9.01,12.44,13.37,17.09,17.02,8.7,11.42,12.95,8.02,13.88,12.64,23.99,23.05,34.32,33.65,27.78,38.1,34.88,32.45,30.87,26.96,34.83,28.97,37.13,32.07,32.68,33.01,27.58,30.31,31.67,32.19,29.91,30.82,24.69,26.17,21.14,23.42,22.36,18.56,21.97,23.53,17.26,17.45,24.03,18.65,28.14,27.42,28.66,31.2,32.41,33.56,27.09,30.18,34.48,27.52,32.07,27.82,33.01,35.02,26.27,31.66
34.71,24.27,26.36,37.05,31.21,27.89,28.7,17.96,14.57,30.52,23.22,24.72,18.56,21.4,17.71,28.74,45.38,21.49,35.12,12.19,24.04,15.4,24.28,37.6,33.9,35.91,27.94,29.32,29.47,29.33,17.53,16.53,19.79,25.51,17.96,9.96,12.98,16.59,31.56,17.57,22.81,18.85,28.62,24.13,20.51,45.69,18.62,3.4,20.8,35.45,22.17,22.26,21.85,37.12,12.3,19.31,11.42,17.07,28.68,28.34,16.39,27.77,19.16,27.41,15.59,20.87,33.55,20.29,22.76,23.54,23.96,27.24,35.91,30.57,25.49,15.94,22.2,24.23,21.76,32.29,20.74,31.69,28.41,11.75,11.86,26.98,30.82,32.04,10.71,17.46,14.39,21.7,30.8,24.53,25.89,10.77,20.94,30.35,18.23,27.78,20.53,16.74,20.52,23.05,23.27,18.24,22.61,17.26,25.26,21.16,22.96,21.65,19.21,21.34,21.92,19.34,21.55,23.74,20.55,23.78,17.76,18.66,20.42,44.15,34.88,31.24,33.82,14.89,31.6,28.3,30.27,26.82,25.49,25.95,30.31,26.71,32.41,24.73,34.52,21.17,24.68,29.5,28.82,26.84,23.29,36.17,26.24,30.26,16.75,28.47,22.87,19.5,23.56,22.07,22.45,15.78,19.63,29.7,18.69,25.2,22.87,24.41,31.51,38.76,24.89,31.18,26.72,39.34,45.38,32.08,49.57,35.45,50.2,33.12,30.04,28.29,27.48,44.32,15.71,14.8,25.9,31.99,32.23,33.13,29.85,26.79,30.85,29.85,24.89,13.05,13.22,32.06,29.01,12.07,12.45,10.98,10.64,12.12,14.74,14.28,12.28,11.95,14.87,15.41,13.82,13.78,12.51,13.32,10.35,10.19,14.75,27.42,27.03,22.87,26.18,26.63,22.59,4.04,1.06,2.99,4.48,5.01,5.92,2.82,1.54,5.72,4.38,2.11,5.6,0.0,30.83,33.0,35.2,31.82,31.52,32.86,38.31,34.41,30.05,30.93,37.87,32.51,30.33,33.52,38.26,31.53,27.88,29.19,29.77,26.74,39.65,29.83,28.98,30.95,32.18,31.69,18.96,19.84,21.74,7.61,18.33,16.45,13.96,15.56,8.73,12.32,14.98,13.32,7.84,11.27,13.9,17.07,15.85,7.53,10.25,11.78,6.85,12.72,11.47,22.82,21.88,33.16,32.48,26.62,36.93,33.71,31.28,29.71,25.79,33.66,27.8,35.96,30.9,31.51,31.84,26.41,29.14,30.5,31.02,28.74,29.65,23.52,25.0,18.47,22.25,21.2,17.39,19.3,22.36,16.09,16.28,22.86,17.48,26.97,26.26,27.5,30.03,31.24,32.39,25.92,29.01,33.31,26.35,30.9,26.65,31.84,33.85,25.1,30.49
23.78,16.59,11.06,23.71,1.58,12.59,16.38,18.64,26.97,5.23,22.13,11.94,14.78,22.27,21.49,12.27,31.07,20.4,21.78,27.89,14.1,18.36,18.08,24.26,19.79,22.57,12.27,15.98,5.39,14.03,22.6,20.87,21.58,16.52,17.19,25.66,28.77,16.5,20.62,21.14,14.2,15.69,2.23,12.26,20.62,31.38,15.97,27.56,21.19,24.51,11.41,18.99,21.3,11.4,28.0,14.75,29.65,20.9,4.88,10.56,17.08,4.6,21.19,27.2,16.54,20.27,19.9,20.89,18.16,18.45,7.62,5.18,22.57,17.23,10.55,16.45,9.46,7.42,21.87,18.72,20.31,6.0,15.07,27.45,21.85,3.97,4.71,18.7,26.41,17.57,17.36,18.2,3.15,8.92,15.95,26.46,19.52,4.29,15.58,4.2,12.66,16.05,13.76,13.53,10.34,14.02,12.03,14.94,15.32,10.38,13.02,13.03,12.62,10.11,12.48,13.18,12.04,8.76,11.64,13.85,13.23,13.91,11.61,29.84,23.94,20.3,20.49,33.12,18.27,14.96,16.4,13.48,14.19,14.65,19.38,20.58,21.11,13.43,23.22,16.08,13.38,18.57,17.52,15.54,18.39,24.87,26.51,30.54,20.74,28.75,22.85,19.71,23.84,22.34,20.86,20.15,22.12,29.97,22.27,25.18,14.25,9.1,13.74,25.42,9.59,13.4,11.42,21.56,27.6,14.3,31.79,17.67,16.65,15.35,14.75,12.99,12.19,26.54,20.1,19.17,6.33,3.54,6.12,3.67,12.07,9.0,13.07,12.08,7.12,23.67,24.76,14.28,3.64,20.56,21.39,25.2,26.53,30.35,35.3,34.2,30.51,24.23,30.57,33.64,35.38,24.09,28.4,31.55,27.81,28.42,18.61,10.11,10.58,12.93,16.24,17.65,17.84,28.81,31.61,31.78,30.88,28.9,25.93,30.1,30.33,27.59,28.27,28.86,32.0,30.83,0.0,3.46,5.04,6.05,1.98,2.7,12.54,4.08,7.99,7.98,12.1,2.96,1.16,7.75,12.5,4.29,7.94,12.69,1.38,9.07,13.89,7.19,7.1,4.94,8.33,7.06,22.06,20.63,20.42,25.36,17.48,18.87,27.58,28.04,23.71,25.94,19.17,20.08,23.01,24.89,20.06,29.54,17.81,25.68,23.87,25.4,24.98,26.34,25.1,17.27,21.8,16.32,16.15,13.37,18.54,18.47,9.33,13.26,14.36,18.42,17.76,17.57,10.58,8.33,14.99,13.31,10.7,14.17,14.69,12.24,13.85,25.6,20.46,26.85,20.92,23.28,23.8,27.68,24.45,24.07,21.51,24.94,19.9,26.89,26.18,20.09,28.92,25.44,26.59,25.85,18.09,27.51,20.48,25.1,21.49,26.04,28.05,25.02,24.69
25.95,16.53,13.23,25.88,4.93,14.76,18.56,20.82,29.14,7.4,18.67,8.49,16.95,24.44,23.67,8.81,33.24,16.95,23.96,30.06,13.22,20.53,18.02,26.43,21.96,24.74,8.81,18.15,7.56,16.2,19.14,23.04,20.14,16.47,19.36,27.83,30.94,18.67,22.79,23.31,16.37,17.86,4.4,8.8,17.16,33.55,18.14,29.73,23.36,26.68,13.58,18.94,18.5,7.94,30.17,16.92,31.82,23.07,7.05,12.73,19.25,6.77,17.73,23.75,18.72,16.81,22.07,17.43,14.7,18.4,9.79,7.35,24.74,19.4,7.09,18.62,11.63,9.59,18.41,20.89,18.98,2.55,17.24,29.62,24.02,6.14,6.88,20.87,28.58,19.74,19.53,14.75,5.32,9.77,15.9,28.64,16.07,6.46,17.75,6.37,13.27,18.22,15.93,13.97,9.41,16.19,11.22,17.11,15.27,12.55,12.96,15.2,14.79,12.28,14.65,15.35,12.36,10.65,13.81,13.79,15.4,16.08,12.35,32.01,26.11,22.47,22.66,35.29,20.44,17.13,18.57,15.65,16.36,16.82,21.55,22.75,23.28,15.6,25.39,18.25,15.55,20.74,19.69,17.71,20.56,27.04,28.69,32.71,22.91,30.92,25.02,21.88,26.01,24.51,23.03,22.32,24.29,32.14,24.44,27.35,16.42,11.27,15.91,27.59,11.76,15.58,13.59,23.73,29.77,16.47,33.96,19.85,18.82,17.52,16.92,15.16,14.36,28.71,22.27,21.34,8.5,5.71,8.29,6.56,14.25,11.17,15.24,14.25,9.29,25.85,26.93,16.45,5.81,22.73,23.56,27.37,28.7,32.52,37.47,36.37,32.68,26.4,32.74,35.81,37.55,26.26,30.57,33.72,29.98,30.59,20.78,6.66,7.12,12.05,15.36,17.59,17.78,30.98,33.79,33.95,33.05,31.07,28.1,32.27,32.5,29.76,30.44,31.03,34.17,33.0,3.46,0.0,7.93,2.6,1.48,5.59,9.08,6.97,4.54,4.53,8.64,0.49,2.67,4.29,9.04,0.83,4.48,9.23,3.55,5.62,10.43,3.74,3.64,7.11,4.87,3.61,20.4,17.17,19.58,27.54,19.65,21.04,25.11,25.68,25.88,28.11,21.34,22.25,25.18,27.06,22.23,25.1,19.98,27.85,26.05,27.57,27.15,23.87,27.27,13.81,18.35,12.86,12.69,9.91,15.08,15.02,5.87,9.81,10.91,14.96,16.98,14.11,7.12,4.87,11.54,9.85,7.24,10.71,11.23,8.78,10.39,22.14,17.0,23.4,17.46,19.82,20.34,24.22,20.99,20.62,23.68,21.48,22.07,23.43,22.72,16.63,25.46,21.98,23.13,22.39,14.64,24.05,17.02,21.64,18.04,22.58,24.59,21.57,21.23
28.15,20.96,15.43,28.39,5.95,16.96,20.76,23.02,31.34,7.63,26.6,16.42,19.15,26.64,25.87,16.74,29.05,24.88,26.16,32.26,18.48,22.73,22.45,29.93,24.16,26.94,16.75,20.35,7.78,18.4,27.07,25.24,25.95,20.89,21.56,30.03,33.14,20.88,24.99,25.51,18.57,20.06,6.6,14.56,25.09,29.36,20.34,31.93,25.56,28.88,15.78,23.36,25.67,15.88,32.37,19.13,34.02,25.27,7.28,14.93,21.45,8.18,25.66,31.68,20.92,24.75,24.27,25.36,22.64,22.82,11.99,9.55,30.09,21.6,15.02,20.82,13.83,11.8,26.69,23.09,24.68,10.48,19.45,31.82,26.22,8.35,5.14,23.07,30.78,21.94,21.73,22.68,7.53,13.29,20.32,30.84,24.0,6.32,19.95,8.57,17.03,20.42,18.13,17.9,14.71,18.39,16.4,19.31,19.7,14.75,17.39,17.4,16.99,14.48,16.85,17.55,16.41,13.13,16.01,18.22,17.6,18.28,15.98,27.82,28.31,24.67,24.86,37.49,22.64,19.34,20.77,17.85,18.56,19.02,23.75,24.95,25.48,17.8,27.59,20.45,17.75,22.94,21.89,19.91,22.76,29.24,30.89,34.91,25.11,33.12,27.22,24.08,28.21,26.71,25.23,24.52,26.49,34.34,26.64,29.55,18.62,13.47,12.15,28.77,13.96,17.78,15.79,23.5,25.58,18.67,29.77,22.05,14.52,19.72,19.12,17.36,16.56,24.52,24.47,23.54,10.7,7.91,4.58,3.39,16.45,13.37,17.44,16.45,11.49,28.05,29.13,12.84,8.01,24.93,25.76,29.57,30.9,34.72,39.67,38.57,34.88,28.6,34.94,38.01,39.75,28.46,32.77,35.92,32.18,32.8,22.98,14.59,15.05,17.31,20.62,22.02,22.21,33.18,35.99,36.15,35.25,33.27,30.3,34.47,34.7,31.96,32.64,33.23,36.37,35.2,5.04,7.93,0.0,10.53,6.45,2.34,17.01,1.72,12.47,12.46,16.58,7.44,6.09,12.23,16.97,8.77,12.42,17.16,5.75,13.55,18.36,11.67,11.58,9.31,12.8,11.54,26.43,25.1,24.8,29.74,21.85,23.24,31.95,32.41,28.08,30.31,23.54,24.45,27.38,29.26,24.43,33.91,22.18,30.05,28.25,29.77,29.35,30.71,29.47,21.75,26.28,20.8,20.62,17.84,23.01,22.95,13.8,17.74,18.84,22.9,22.13,22.04,15.05,12.8,19.47,17.78,15.17,18.65,19.16,16.72,18.33,30.08,24.93,31.33,25.4,27.75,28.27,32.15,28.92,28.55,25.88,29.42,24.28,31.37,30.65,24.57,33.39,29.91,31.06,30.32,22.57,31.98,24.95,29.57,25.97,30.51,32.52,29.5,29.16
28.54,16.0,15.83,28.48,7.53,17.36,21.15,19.63,27.95,10.0,18.13,7.95,15.77,27.04,26.26,8.27,35.84,16.41,26.55,28.87,12.68,19.35,17.49,29.03,24.56,27.34,8.28,20.75,10.16,18.8,18.6,20.48,19.6,15.93,18.18,26.65,29.75,17.49,25.39,25.91,15.19,16.68,6.99,8.26,16.62,36.15,16.96,28.55,25.96,29.28,12.88,18.4,17.96,5.64,28.99,15.74,30.64,21.16,9.65,15.33,18.07,9.37,17.19,23.21,17.53,16.28,24.67,16.89,14.17,17.86,11.34,9.95,27.34,22.0,6.55,17.44,12.08,11.6,17.87,23.49,18.45,2.01,19.84,28.44,22.84,8.74,9.48,23.47,27.4,18.56,18.35,14.21,7.92,9.24,15.36,27.45,15.53,9.06,16.57,8.96,12.73,17.04,14.75,13.43,8.88,15.0,10.69,15.93,14.73,11.87,12.42,14.02,13.02,10.82,13.22,14.17,11.83,10.11,12.39,13.25,14.22,14.9,11.81,34.6,28.71,25.07,25.25,34.11,23.03,19.73,21.17,18.25,18.96,19.42,24.15,25.35,25.88,18.2,27.99,20.85,18.14,23.34,22.29,20.31,23.16,29.64,31.28,35.31,21.73,33.52,27.61,24.48,28.6,27.11,25.63,21.14,26.89,34.74,27.03,29.95,15.24,13.87,18.5,30.19,14.36,18.17,16.19,26.33,32.37,19.07,36.56,22.44,21.42,20.11,19.51,17.76,16.95,31.31,21.09,20.16,11.1,8.31,10.89,9.16,16.84,13.77,17.84,16.84,11.88,24.66,25.75,19.05,8.4,21.55,22.38,26.19,27.52,31.34,33.96,38.96,31.5,25.22,31.56,34.63,33.04,25.08,29.39,32.54,28.8,29.41,19.6,6.12,6.58,11.51,14.82,17.05,17.24,29.8,32.6,32.77,31.87,29.89,26.92,31.09,31.32,28.58,29.26,29.85,32.99,31.82,6.05,2.6,10.53,0.0,4.08,8.19,6.78,9.57,4.0,3.99,6.34,3.09,5.27,1.99,6.74,1.76,3.95,8.69,6.15,5.08,8.13,3.2,3.11,9.71,4.33,3.07,19.87,16.63,19.05,26.29,18.4,19.79,24.58,25.14,24.63,26.86,20.09,21.0,23.93,25.81,20.98,24.56,18.73,26.6,24.8,26.32,25.91,23.33,26.02,13.28,17.81,12.33,12.15,9.37,12.78,14.48,5.33,9.27,10.37,14.43,16.44,11.81,6.58,4.33,11.0,9.31,6.7,10.18,10.69,8.25,9.86,21.61,16.46,22.86,16.93,19.28,19.8,23.68,20.45,20.08,22.54,20.95,22.02,22.9,22.18,16.1,24.92,21.44,22.59,21.85,14.1,23.51,16.49,21.1,17.5,22.04,24.05,21.03,20.69
24.47,17.28,11.75,24.4,3.46,13.28,17.08,19.34,27.66,5.93,20.15,9.96,15.47,22.96,22.19,10.29,31.76,18.43,22.48,28.58,14.8,19.05,18.77,24.95,20.48,23.26,10.29,16.67,6.08,14.72,20.62,21.56,21.62,17.21,17.88,26.35,29.46,17.2,21.31,21.83,14.89,16.38,2.92,10.28,18.64,32.07,16.66,28.25,21.88,25.2,12.1,19.69,19.98,9.42,28.69,15.45,30.34,21.59,5.57,11.25,17.77,5.29,19.21,25.23,17.24,18.29,20.59,18.91,16.18,19.14,8.31,5.87,23.26,17.92,8.57,17.14,10.15,8.12,19.89,19.41,20.46,4.03,15.77,28.14,22.54,4.67,5.4,19.39,27.1,18.26,18.05,16.22,3.85,9.61,16.64,27.16,17.54,4.98,16.27,4.89,13.36,16.74,14.45,14.22,10.89,14.71,12.7,15.63,16.02,11.07,13.71,13.72,13.31,10.8,13.17,13.87,12.73,9.45,12.34,14.54,13.92,14.6,12.3,30.53,24.64,20.99,21.18,33.81,18.96,15.66,17.09,14.17,14.88,15.34,20.07,21.27,21.8,14.12,23.91,16.77,14.07,19.26,18.21,16.23,19.08,25.56,27.21,31.23,21.43,29.44,23.54,20.4,24.53,23.03,21.55,20.84,22.81,30.66,22.96,25.87,14.94,9.8,14.43,26.11,10.28,14.1,12.12,22.26,28.29,15.0,32.49,18.37,17.34,16.04,15.44,13.68,12.88,27.23,20.79,19.86,7.02,4.24,6.81,5.08,12.77,9.7,13.77,12.77,7.81,24.37,25.45,14.97,4.33,21.25,22.08,25.89,27.22,31.04,36.0,34.89,31.2,24.92,31.26,34.34,36.07,24.78,29.09,32.24,28.5,29.12,19.3,8.13,8.6,13.63,16.94,18.34,18.53,29.5,32.31,32.47,31.58,29.6,26.62,30.79,31.02,28.28,28.96,29.56,32.69,31.52,1.98,1.48,6.45,4.08,0.0,4.11,10.56,5.49,6.02,6.0,10.12,0.98,1.2,5.77,10.52,2.31,5.96,10.71,2.08,7.09,11.91,5.21,5.12,5.63,6.35,5.09,21.88,18.65,21.06,26.06,18.17,19.56,28.27,28.73,24.4,26.63,19.86,20.77,23.7,25.58,20.75,30.23,18.5,26.37,24.57,26.09,25.68,27.03,25.79,15.29,19.82,14.34,14.17,11.39,16.56,16.49,7.35,11.28,12.39,16.44,18.46,15.59,8.6,6.35,13.01,11.33,8.72,12.19,12.71,10.26,11.87,23.62,18.48,24.88,18.94,21.3,21.82,25.7,22.47,22.09,22.2,22.96,20.6,24.91,24.2,18.11,26.94,23.46,24.61,23.87,16.12,25.53,18.5,23.12,19.51,24.06,26.07,23.05,22.71
25.8,18.62,13.08,25.74,3.61,14.62,18.41,20.67,28.99,7.26,24.26,14.07,16.8,24.3,23.52,14.4,31.4,22.54,23.81,29.91,16.13,20.38,20.11,26.29,21.82,24.6,14.4,18.01,7.41,16.06,24.73,22.9,23.61,18.55,19.22,27.68,30.79,18.53,22.65,23.17,16.22,17.72,4.25,12.22,22.75,31.7,18.0,29.59,23.22,26.54,13.43,21.02,23.33,13.53,30.02,16.78,31.68,22.92,6.91,12.59,19.11,6.63,23.32,29.34,18.57,22.4,21.93,23.02,20.29,20.48,9.64,7.21,24.6,19.26,12.68,18.48,11.49,9.45,24.35,20.75,22.34,8.14,17.1,29.48,23.87,6.0,6.73,20.73,28.44,19.6,19.39,20.33,5.18,10.95,17.98,28.49,21.65,6.32,17.6,6.22,14.69,18.08,15.79,15.56,12.37,16.04,14.05,16.97,17.35,12.4,15.04,15.06,14.65,12.13,14.5,15.21,14.07,10.79,13.67,15.87,15.26,15.94,13.64,30.16,25.97,22.33,22.51,35.15,20.29,16.99,18.43,15.51,16.22,16.68,21.41,22.61,23.14,15.45,25.25,18.1,15.4,20.6,19.55,17.57,20.42,26.9,28.54,32.57,22.77,30.77,24.87,21.74,25.86,24.37,22.89,22.18,24.15,32.0,24.29,27.2,16.28,11.13,15.76,27.45,11.62,15.43,13.45,23.59,27.93,16.33,32.12,19.7,16.86,17.37,16.77,15.02,14.21,26.86,22.12,21.2,8.36,5.57,6.64,5.45,14.1,11.03,15.1,14.1,9.14,25.7,26.78,16.31,5.66,22.59,23.42,27.23,28.56,32.38,37.33,36.22,32.53,26.26,32.6,35.67,37.41,26.12,30.43,33.58,29.83,30.45,20.64,12.24,12.71,14.96,18.27,19.67,19.86,30.83,33.64,33.81,32.91,30.93,27.95,32.13,32.36,29.62,30.3,30.89,34.03,32.86,2.7,5.59,2.34,8.19,4.11,0.0,14.67,3.78,10.13,10.11,14.23,5.09,3.75,9.88,14.63,6.42,10.07,14.82,3.41,11.2,16.02,9.32,9.23,6.97,10.46,9.2,24.08,22.76,22.45,27.39,19.51,20.9,29.61,30.07,25.73,27.97,21.2,22.11,25.04,26.92,22.08,31.57,19.83,27.71,25.9,27.43,27.01,28.36,27.12,19.4,23.93,18.45,18.28,15.5,20.67,20.6,11.46,15.39,16.5,20.55,19.78,19.7,12.71,10.46,17.12,15.44,12.83,16.3,16.82,14.37,15.98,27.73,22.59,28.99,23.05,25.41,25.93,29.81,26.58,26.2,23.54,27.07,21.93,29.02,28.31,22.22,31.05,27.57,28.72,27.98,20.23,29.64,22.61,27.23,23.62,28.17,30.18,27.16,26.82
35.03,22.48,22.31,34.96,14.02,23.84,27.64,26.12,34.44,16.49,21.51,14.43,22.25,33.53,32.75,14.76,42.32,22.89,33.04,35.36,19.16,25.83,23.97,35.51,31.05,33.82,14.76,27.24,16.64,25.28,25.09,26.97,26.09,22.41,24.66,33.13,36.24,23.98,31.87,32.4,21.67,23.16,13.48,14.75,23.11,42.63,23.45,35.03,32.44,35.76,19.37,24.89,24.45,1.14,35.47,22.23,37.13,27.64,16.13,21.81,24.56,15.85,23.68,27.87,24.02,22.76,31.16,23.38,20.65,24.34,17.82,16.43,33.82,28.49,13.04,23.92,18.57,18.09,24.36,29.97,24.93,8.49,26.33,34.92,29.32,15.23,15.96,29.95,33.88,25.05,24.83,20.69,14.41,15.72,21.84,33.94,22.01,15.54,23.05,15.45,19.21,23.52,21.23,19.92,15.36,21.49,17.17,22.41,21.22,18.36,18.91,20.5,19.51,17.3,19.7,20.66,18.31,16.6,18.87,19.74,20.7,21.39,18.3,41.09,35.2,31.55,31.74,40.59,29.52,26.22,27.65,24.73,25.44,25.91,30.63,31.83,32.36,24.68,34.48,27.33,24.63,29.82,28.77,26.79,29.64,36.12,37.77,41.79,28.21,40.0,34.1,30.96,35.09,33.59,32.11,27.62,33.38,41.22,33.52,36.43,21.73,20.36,24.99,36.67,20.84,24.66,22.68,32.82,38.86,25.56,43.05,28.93,27.9,26.6,26.0,24.24,23.44,37.79,27.57,26.64,17.58,14.8,17.37,15.64,23.33,20.26,24.33,23.33,18.37,31.15,32.23,25.53,14.89,28.03,28.87,32.67,34.01,37.82,40.45,45.45,37.98,31.71,38.04,41.12,39.52,31.56,35.87,39.03,35.28,35.9,26.09,12.6,13.07,17.99,21.3,23.54,23.73,36.28,39.09,39.25,38.36,36.38,33.4,37.57,37.8,35.06,35.74,36.34,39.48,38.31,12.54,9.08,17.01,6.78,10.56,14.67,0.0,16.05,10.48,10.47,2.17,9.58,11.76,7.41,1.28,8.25,10.43,15.18,12.64,11.56,3.4,9.68,9.59,16.19,10.82,9.55,26.35,23.12,25.53,32.77,24.89,26.28,31.06,31.63,31.11,33.34,26.58,27.49,30.42,32.3,27.46,31.04,25.21,33.09,31.28,32.81,32.39,29.82,32.5,19.76,24.29,11.71,11.88,15.86,7.36,15.73,11.82,12.24,16.85,15.68,22.92,7.0,13.07,10.82,12.26,15.8,13.19,11.36,10.42,14.73,16.34,28.09,22.95,29.34,23.41,25.77,26.29,30.17,26.94,26.56,29.02,27.43,28.5,29.38,28.67,17.35,26.17,22.7,23.84,28.34,15.35,24.76,17.74,22.35,18.75,23.29,25.31,27.51,21.95
27.36,20.17,14.64,30.04,6.82,16.17,19.96,22.22,30.55,6.1,25.64,14.36,18.36,25.85,25.07,15.78,30.7,23.92,25.36,31.47,17.68,21.94,21.66,31.58,23.37,26.15,15.78,19.56,6.25,17.61,28.76,24.45,25.16,20.1,20.77,29.24,32.35,20.08,24.2,24.72,17.78,19.27,5.63,13.77,26.75,31.01,19.55,31.14,24.77,28.09,14.99,22.57,24.88,14.91,31.58,18.33,33.23,24.48,5.75,14.14,20.66,6.66,27.32,30.72,20.12,23.78,23.48,24.4,21.67,22.03,11.2,8.76,26.15,20.81,14.06,20.03,13.04,11.0,25.9,22.3,23.89,9.52,18.65,31.03,25.43,8.22,3.61,22.28,29.99,21.15,20.94,21.71,5.56,12.5,19.53,30.04,23.03,4.79,19.16,7.6,16.24,19.63,17.34,17.11,13.92,17.6,15.61,18.52,18.9,13.96,16.6,16.61,16.2,13.69,16.06,16.76,15.62,12.34,15.22,17.43,16.81,17.49,15.19,29.47,27.52,23.88,24.07,36.7,21.85,18.54,19.98,17.06,17.77,18.23,22.96,24.16,24.69,17.01,26.8,19.66,16.96,22.15,21.1,19.12,21.97,28.45,30.09,34.12,24.32,32.33,26.43,23.29,27.42,25.92,24.44,23.73,25.7,33.55,25.85,28.76,17.83,12.68,10.63,30.42,13.17,16.98,15.0,25.15,27.23,17.88,31.42,21.25,16.17,18.93,18.33,16.57,15.77,26.17,23.68,22.75,9.91,4.82,3.05,1.86,15.65,12.58,16.65,15.66,10.7,27.25,28.34,11.31,7.04,24.14,24.97,28.78,30.11,33.93,38.88,37.78,34.09,27.81,34.15,37.22,38.96,27.67,31.98,35.13,31.39,32.0,22.19,13.62,14.09,16.51,19.82,21.23,21.42,32.39,35.19,35.36,34.46,32.48,29.51,33.68,33.91,31.17,31.85,32.44,35.58,34.41,4.08,6.97,1.72,9.57,5.49,3.78,16.05,0.0,11.51,11.49,15.61,6.47,5.13,11.26,16.01,7.8,11.45,16.2,4.79,12.58,17.4,10.7,10.61,8.35,11.84,10.58,25.64,26.64,24.0,28.94,21.06,22.45,31.16,31.62,27.29,29.52,22.75,23.66,26.59,28.47,23.64,33.12,21.39,29.26,27.45,28.98,28.56,29.92,28.68,20.78,25.31,19.83,19.66,16.88,22.05,21.98,12.84,16.77,17.88,21.93,21.34,21.08,14.09,11.84,18.5,16.04,14.21,17.68,18.2,15.75,17.36,31.62,23.97,32.87,24.43,29.3,27.96,33.7,30.46,28.23,25.09,30.96,23.48,30.4,29.69,23.6,32.43,28.95,30.1,29.36,21.61,31.02,23.99,28.61,25.0,29.55,31.56,28.54,28.2
25.31,14.22,15.25,25.98,9.47,16.79,18.66,17.86,26.18,11.94,16.54,6.17,13.99,24.17,20.02,6.68,35.27,14.82,24.06,27.1,10.9,17.57,15.71,26.53,22.06,24.84,6.68,18.25,12.09,18.22,17.01,18.71,18.01,14.15,16.4,24.87,27.98,15.72,22.15,19.89,13.41,14.9,8.93,6.49,15.03,35.57,15.19,26.77,23.09,26.04,11.1,16.62,16.37,9.35,27.21,13.97,28.87,19.38,11.59,14.76,16.29,11.31,15.6,21.62,15.76,14.68,22.17,15.3,12.57,16.08,9.56,11.89,24.84,19.51,4.78,15.66,10.3,9.83,16.28,20.99,16.85,3.92,17.35,26.66,21.06,10.68,11.41,20.97,25.62,16.79,16.57,12.61,9.86,7.46,13.58,25.68,13.93,11.0,14.79,10.9,10.95,15.26,12.97,11.66,7.1,13.23,8.91,14.15,12.96,10.1,10.65,12.24,11.25,9.04,11.44,12.4,10.05,8.34,10.61,11.48,12.44,13.13,10.04,34.03,25.48,21.84,22.76,32.33,20.54,17.24,18.67,15.75,16.09,16.55,20.91,22.48,23.01,15.33,25.12,17.98,15.27,20.1,19.42,17.44,20.29,26.77,28.41,32.44,19.95,30.65,24.75,21.61,25.73,24.24,22.76,19.36,24.02,31.87,21.01,27.08,13.47,13.3,17.93,27.69,13.78,17.6,15.62,25.76,31.8,18.5,35.99,21.87,23.36,19.54,18.94,17.19,16.38,30.74,19.31,18.38,11.15,10.25,12.83,11.1,16.27,13.2,17.27,16.27,11.31,22.89,23.97,18.48,10.34,19.77,20.61,24.41,25.75,29.56,32.19,31.72,29.72,23.45,29.78,32.86,31.26,23.3,27.61,30.77,27.02,27.64,17.83,4.34,4.81,9.73,13.04,15.28,15.47,28.02,30.83,30.99,30.1,28.12,25.14,29.31,29.54,26.8,27.48,28.08,31.22,30.05,7.99,4.54,12.47,4.0,6.02,10.13,10.48,11.51,0.0,0.88,10.05,5.03,7.21,5.7,10.44,3.7,2.17,6.02,8.09,3.3,11.83,2.01,1.33,11.65,2.14,1.65,18.27,15.04,17.45,24.51,16.63,18.02,22.98,23.55,22.85,25.08,18.32,19.23,22.16,24.04,19.2,22.97,16.95,24.83,23.02,24.55,24.13,21.74,24.24,11.68,16.21,10.73,10.56,7.78,14.51,12.88,3.52,7.68,8.78,12.83,14.66,13.54,4.39,3.6,9.41,7.54,5.11,8.58,9.1,6.47,8.26,20.01,14.87,21.27,15.33,17.69,18.21,22.09,18.86,18.48,20.95,19.35,20.42,21.3,20.59,14.5,23.33,19.85,21.0,20.26,12.51,21.92,14.89,19.51,15.91,20.45,22.46,19.44,19.1
26.19,15.1,16.13,26.86,9.46,17.67,19.54,18.74,24.24,11.93,16.22,7.05,14.87,25.05,20.9,6.36,36.15,14.5,24.94,27.98,11.79,18.45,16.59,27.41,22.95,25.72,6.37,19.14,12.08,19.11,16.7,19.59,17.7,15.04,17.29,25.75,28.86,16.6,23.04,20.77,14.29,15.78,8.92,7.37,14.72,36.45,16.07,27.66,23.97,26.93,11.99,18.06,16.05,9.33,28.09,14.85,29.75,20.26,11.58,15.64,17.18,11.29,15.28,21.3,16.64,14.37,23.06,14.99,12.26,16.96,10.44,11.88,25.73,20.39,5.66,16.54,11.19,10.71,15.96,21.87,16.54,3.9,18.23,27.55,21.94,10.67,11.4,21.85,26.51,17.67,17.45,12.3,9.85,8.34,14.46,26.56,13.62,10.98,15.67,10.89,11.84,16.14,13.86,12.54,7.98,14.11,9.79,15.04,13.84,10.98,11.53,13.13,12.13,9.92,12.33,13.28,10.93,9.22,11.49,12.36,13.32,14.01,10.92,34.91,26.36,22.72,23.64,33.22,21.42,18.12,19.55,16.63,16.97,17.43,21.79,23.36,23.89,16.21,26.0,18.86,16.16,20.98,20.3,18.32,21.17,27.65,29.3,33.32,20.84,31.53,25.63,22.49,26.62,25.12,23.64,20.24,24.9,32.75,21.89,27.96,14.35,14.18,18.81,28.57,14.67,18.48,16.5,26.64,32.68,19.38,36.87,22.75,23.35,20.42,19.82,18.07,17.26,31.62,20.19,19.26,12.03,10.24,12.82,11.09,17.15,14.08,18.15,17.15,12.19,23.77,24.85,19.36,10.33,20.66,21.49,25.29,26.63,30.44,33.07,32.6,30.6,24.33,30.66,33.74,32.14,24.19,28.5,31.65,27.9,28.52,18.71,5.22,5.69,10.62,13.93,16.16,16.35,28.9,31.71,31.88,30.98,29.0,26.02,30.2,30.43,27.69,28.36,28.96,32.1,30.93,7.98,4.53,12.46,3.99,6.0,10.11,10.47,11.49,0.88,0.0,10.03,5.02,7.2,5.68,10.43,3.69,3.05,5.71,8.08,4.18,11.82,2.89,2.21,11.64,1.82,1.33,17.96,14.72,17.14,25.39,17.51,18.9,22.67,23.23,23.73,25.97,19.2,20.11,23.04,24.92,20.08,22.65,17.83,25.71,23.9,25.43,25.01,21.42,25.12,11.37,15.9,10.42,10.25,7.46,14.19,12.57,3.2,7.36,8.46,12.52,15.33,13.22,4.07,3.29,9.09,8.42,4.79,8.27,8.79,7.35,7.95,19.7,14.55,20.95,15.02,17.38,17.89,21.78,18.54,18.17,20.63,19.04,20.11,20.99,20.28,14.19,23.02,19.54,20.69,19.95,12.19,21.6,14.58,19.19,15.59,20.13,22.15,19.12,18.79
34.59,22.04,21.87,34.53,13.58,23.41,27.2,25.68,34.0,16.05,17.75,14.0,21.81,33.09,32.31,14.32,41.89,19.54,32.6,34.92,18.73,25.39,23.53,35.08,30.61,33.38,14.32,26.8,16.2,24.84,24.65,26.53,25.65,21.98,24.23,32.69,35.8,23.54,31.43,31.96,21.23,22.73,13.04,14.31,22.67,42.19,23.01,34.6,32.0,35.33,18.93,24.45,24.01,1.03,35.03,21.79,36.69,27.21,15.7,21.38,24.12,15.41,23.24,24.1,23.58,22.32,30.72,22.94,20.21,23.91,17.38,16.0,33.39,28.05,12.6,23.49,18.13,17.65,23.92,29.53,24.49,8.06,25.89,34.49,28.88,14.79,15.52,29.51,33.45,24.61,24.4,20.25,13.97,15.28,21.41,33.5,21.58,15.1,22.61,15.01,18.78,23.09,20.8,19.48,14.92,21.05,16.73,21.98,20.78,17.92,18.47,20.07,19.07,16.87,19.27,20.22,17.87,16.16,18.43,19.3,20.26,20.95,17.86,40.65,34.76,31.12,31.3,40.16,29.08,25.78,27.21,24.3,25.01,25.47,30.19,31.4,31.93,24.24,34.04,26.89,24.19,29.38,28.34,26.36,29.2,35.69,37.33,41.35,27.78,39.56,33.66,30.53,34.65,33.16,31.67,27.18,32.94,40.78,33.08,35.99,21.29,19.92,24.55,36.23,20.4,24.22,22.24,32.38,38.42,25.12,42.61,28.49,27.47,26.16,25.56,23.81,23.0,37.36,27.13,26.21,17.14,14.36,16.94,15.21,22.89,19.82,23.89,22.89,17.93,30.71,31.79,25.1,14.45,27.6,28.43,32.23,33.57,37.39,40.01,45.01,37.54,31.27,37.6,40.68,39.09,31.13,35.44,38.59,34.84,35.46,25.65,12.17,12.63,17.56,20.87,23.1,23.29,35.84,38.65,38.82,37.92,35.94,32.96,37.14,37.37,34.63,35.31,35.9,39.04,37.87,12.1,8.64,16.58,6.34,10.12,14.23,2.17,15.61,10.05,10.03,0.0,9.14,11.32,6.98,2.32,7.81,9.99,14.74,12.2,11.13,1.73,9.25,9.15,15.76,10.38,9.12,25.91,22.68,25.09,32.33,24.45,25.84,30.62,31.19,30.67,32.91,26.14,27.05,29.98,31.86,27.02,30.61,24.78,32.65,30.84,32.37,31.95,29.38,32.06,19.32,23.86,7.94,9.83,15.42,5.69,11.96,11.38,11.81,16.42,11.91,22.49,5.33,12.63,10.38,8.5,15.36,12.75,10.92,9.98,14.29,15.9,27.65,22.51,28.91,19.11,25.33,25.85,29.73,26.5,26.12,28.59,26.99,28.06,25.41,28.23,13.58,22.41,18.93,20.08,27.9,11.59,21.0,13.97,18.59,14.99,19.53,21.54,27.08,18.18
25.45,17.03,12.73,25.39,4.44,14.27,18.06,20.32,28.64,6.91,19.16,8.98,16.45,23.95,23.17,9.3,32.75,17.44,23.46,29.56,13.71,20.03,18.52,25.94,21.47,24.24,9.31,17.66,7.06,15.71,19.64,22.55,20.64,16.96,18.87,27.33,30.44,18.18,22.3,22.82,15.87,17.37,3.9,9.3,17.66,33.05,17.65,29.24,22.86,26.19,13.08,19.43,18.99,8.44,29.67,16.43,31.33,22.57,6.56,12.24,18.76,6.27,18.22,24.24,18.22,17.31,21.58,17.93,15.2,18.89,9.29,6.86,24.25,18.91,7.58,18.13,11.14,9.1,18.9,20.39,19.48,3.04,16.75,29.13,23.52,5.65,6.38,20.37,28.09,19.25,19.04,15.24,4.83,10.27,16.39,28.14,16.56,5.96,17.25,5.87,14.34,17.73,15.44,14.46,9.91,15.69,11.72,16.62,15.76,12.05,13.46,14.71,14.3,11.78,14.15,14.86,12.86,11.14,13.32,14.28,14.9,15.59,13.29,31.51,25.62,21.98,22.16,34.8,19.94,16.64,18.08,15.16,15.87,16.33,21.05,22.26,22.79,15.1,24.9,17.75,15.05,20.25,19.2,17.22,20.06,26.55,28.19,32.22,22.42,30.42,24.52,21.39,25.51,24.02,22.54,21.82,23.8,31.65,23.94,26.85,15.93,10.78,15.41,27.09,11.26,15.08,13.1,23.24,29.28,15.98,33.47,19.35,18.33,17.02,16.42,14.67,13.86,28.22,21.77,20.85,8.01,5.22,7.8,6.07,13.75,10.68,14.75,13.75,8.79,25.35,26.43,15.96,5.31,22.24,23.07,26.87,28.21,32.03,36.98,35.87,32.18,25.91,32.24,35.32,37.05,25.77,30.08,33.23,29.48,30.1,20.29,7.15,7.61,12.54,15.85,18.08,18.28,30.48,33.29,33.46,32.56,30.58,27.6,31.78,32.01,29.27,29.95,30.54,33.68,32.51,2.96,0.49,7.44,3.09,0.98,5.09,9.58,6.47,5.03,5.02,9.14,0.0,2.18,4.79,9.53,1.33,4.98,9.73,3.06,6.11,10.92,4.23,4.14,6.62,5.36,4.1,20.9,17.66,20.08,27.04,19.16,20.55,29.26,29.72,25.38,27.61,20.85,21.76,24.69,26.57,21.73,25.59,19.48,27.36,25.55,27.08,26.66,28.01,26.77,14.31,18.84,13.36,13.19,10.4,15.57,15.51,6.36,10.3,11.4,15.46,17.47,14.6,7.61,5.37,12.03,10.34,7.73,11.21,11.73,9.28,10.89,22.64,17.49,23.89,17.96,20.32,20.83,24.71,21.48,21.11,23.19,21.98,21.58,23.93,23.22,17.13,25.96,22.48,23.63,22.89,15.13,24.54,17.52,22.13,18.53,23.07,25.09,22.06,21.73
23.27,16.09,10.55,23.21,2.26,12.09,15.88,18.14,26.46,4.73,21.34,11.16,14.27,21.77,20.99,11.48,30.57,19.62,21.28,27.38,13.6,17.85,17.58,23.76,19.29,22.06,11.49,15.48,4.88,13.53,21.82,20.37,21.08,16.02,16.69,25.15,28.26,16.0,20.12,20.64,13.69,15.19,1.72,11.48,19.84,30.87,15.47,27.06,20.69,24.01,10.9,18.49,20.8,10.62,27.49,14.25,29.15,20.39,4.38,10.06,16.58,4.09,20.4,26.42,16.04,19.49,19.4,20.11,17.38,17.95,7.11,4.68,22.07,16.73,9.76,15.95,8.96,6.92,21.08,18.21,19.81,5.22,14.57,26.95,21.34,3.47,4.2,18.2,25.91,17.07,16.86,17.42,2.65,8.41,15.45,25.96,18.74,3.78,15.07,3.69,12.16,15.55,13.26,13.03,12.09,13.51,11.52,14.44,14.82,9.87,12.51,12.53,12.12,9.6,11.97,12.68,11.53,8.26,11.14,13.34,12.72,13.41,11.11,29.33,23.44,19.8,19.98,32.62,17.76,14.46,15.9,12.98,13.69,14.15,18.88,20.08,20.61,12.92,22.72,15.57,12.87,18.07,17.02,15.04,17.88,24.37,26.01,30.04,20.24,28.24,22.34,19.21,23.33,21.84,20.36,19.64,21.62,29.47,21.76,24.67,13.75,8.6,13.23,24.91,9.09,12.9,10.92,21.06,27.1,13.8,31.29,17.17,16.15,14.84,14.24,12.49,11.68,26.04,19.59,18.67,5.83,3.04,5.62,6.52,11.57,8.5,12.57,11.57,6.61,23.17,24.25,13.78,3.13,20.06,20.89,24.7,26.03,29.85,34.8,33.69,30.0,23.73,30.06,33.14,34.87,23.59,27.9,31.05,27.3,27.92,18.11,9.33,9.79,12.43,15.74,17.14,17.33,28.3,31.11,31.28,30.38,28.4,25.42,29.6,29.83,27.09,27.77,28.36,31.5,30.33,1.16,2.67,6.09,5.27,1.2,3.75,11.76,5.13,7.21,7.2,11.32,2.18,0.0,6.97,11.71,3.51,7.16,11.91,0.88,8.29,13.1,6.41,6.32,4.44,7.54,6.28,21.55,19.84,19.92,24.86,16.98,18.37,27.08,27.54,23.2,25.43,18.67,19.58,22.51,24.39,19.55,29.04,17.3,25.18,23.37,24.9,24.48,25.83,24.59,16.49,21.02,15.54,15.37,12.58,17.75,17.69,8.54,12.48,13.58,17.64,17.25,16.78,9.79,7.55,14.21,12.52,9.91,13.39,13.91,11.46,13.07,24.82,19.67,26.07,20.14,22.5,23.01,26.89,23.66,23.29,21.01,24.16,19.4,26.11,25.4,19.31,28.14,24.66,25.8,25.06,17.31,26.72,19.7,24.31,20.71,25.25,27.27,24.24,23.91
30.24,17.69,17.52,30.18,9.23,19.06,22.85,21.33,29.65,11.7,19.83,9.65,17.46,28.74,27.96,9.97,37.54,18.11,28.25,30.57,14.38,21.04,19.18,30.73,26.26,29.03,9.97,22.45,11.85,20.49,20.3,22.18,21.3,17.63,19.88,28.34,31.45,19.19,27.08,27.61,16.88,18.38,8.69,9.96,18.32,37.84,18.66,30.25,27.65,30.98,14.58,20.1,19.66,6.27,30.68,17.44,32.34,22.86,11.35,17.03,19.77,11.06,18.89,24.91,19.23,17.97,26.37,18.59,15.86,19.56,13.03,11.65,29.04,23.7,8.25,19.13,13.78,13.3,19.57,25.18,20.14,3.71,21.54,30.14,24.53,10.44,11.17,25.16,29.1,20.26,20.05,15.9,9.62,10.93,17.06,29.15,17.22,10.75,18.26,10.66,14.43,18.74,16.45,15.13,10.57,16.7,12.38,17.63,16.43,13.57,14.12,15.72,14.72,12.52,14.92,15.87,13.52,11.81,14.08,14.95,15.91,16.6,13.51,36.3,30.41,26.77,26.95,35.81,24.73,21.43,22.86,19.95,20.66,21.12,25.84,27.05,27.58,19.89,29.69,22.54,19.84,25.03,23.99,22.01,24.85,31.34,32.98,37.0,23.43,35.21,29.31,26.18,30.3,28.81,27.32,22.83,28.59,36.43,28.73,31.64,16.94,15.57,20.2,31.88,16.05,19.87,17.89,28.03,34.07,20.77,38.26,24.14,23.12,21.81,21.21,19.45,18.65,33.01,22.78,21.86,12.79,10.01,12.59,10.86,18.54,15.47,19.54,18.54,13.58,26.36,27.44,20.75,10.1,23.25,24.08,27.88,29.22,33.04,35.66,40.66,33.19,26.92,33.25,36.33,34.74,26.78,31.09,34.24,30.49,31.11,21.3,7.82,8.28,13.21,16.52,18.75,18.94,31.49,34.3,34.47,33.57,31.59,28.61,32.79,33.02,30.28,30.96,31.55,34.69,33.52,7.75,4.29,12.23,1.99,5.77,9.88,7.41,11.26,5.7,5.68,6.98,4.79,6.97,0.0,7.37,3.46,5.64,10.39,7.85,6.78,8.76,4.89,4.8,11.41,6.03,4.77,21.56,18.33,20.74,27.98,20.1,21.49,26.27,26.84,26.32,28.56,21.79,22.7,25.63,27.51,22.67,26.26,20.43,28.3,26.49,28.02,27.6,25.03,27.71,14.97,19.5,13.41,13.85,11.07,13.41,16.18,7.03,10.97,12.07,16.12,18.14,12.44,8.28,6.03,12.7,11.01,8.4,11.87,12.39,9.94,11.55,23.3,18.16,24.56,18.62,20.98,21.5,25.38,22.15,21.77,24.24,22.64,23.71,24.59,23.88,17.79,26.62,23.14,24.29,23.55,15.8,25.21,18.18,22.8,19.2,23.74,25.75,22.73,22.39
34.99,22.44,22.27,34.92,13.97,23.8,27.59,26.08,34.4,16.44,21.47,14.39,22.21,33.48,32.7,14.71,42.28,22.85,32.99,35.32,19.12,25.79,23.93,35.47,31.0,33.78,14.72,27.19,16.6,25.24,25.04,26.92,26.05,22.37,24.62,33.09,36.2,23.93,31.83,32.35,21.63,23.12,13.44,14.7,23.06,42.59,23.4,34.99,32.4,35.72,19.32,24.84,24.4,1.62,35.43,22.18,37.08,27.6,16.09,21.77,24.51,15.81,23.63,27.82,23.98,22.72,31.11,23.33,20.61,24.3,17.78,16.39,33.78,28.44,12.99,23.88,18.52,18.04,24.31,29.93,24.89,8.45,26.28,34.88,29.28,15.18,15.92,29.91,33.84,25.0,24.79,20.65,14.36,15.68,21.8,33.89,21.97,15.5,23.01,15.41,19.17,23.48,21.19,19.87,15.32,21.45,17.13,22.37,21.17,18.31,18.87,20.46,19.46,17.26,19.66,20.61,18.27,16.55,18.83,19.69,20.66,21.34,18.25,41.05,35.15,31.51,31.7,40.55,29.48,26.17,27.61,24.69,25.4,25.86,30.59,31.79,32.32,24.64,34.43,27.29,24.58,29.78,28.73,26.75,29.6,36.08,37.72,41.75,28.17,39.96,34.05,30.92,35.04,33.55,32.07,27.58,33.33,41.18,33.48,36.39,21.68,20.31,24.95,36.63,20.8,24.61,22.63,32.77,38.81,25.51,43.0,28.88,27.86,26.55,25.95,24.2,23.4,37.75,27.53,26.6,17.54,14.75,17.33,15.6,23.28,20.21,24.28,23.28,18.33,31.1,32.19,25.49,14.85,27.99,28.82,32.63,33.96,37.78,40.4,45.41,37.94,31.66,38.0,41.07,39.48,31.52,35.83,38.98,35.24,35.85,26.04,12.56,13.02,17.95,21.26,23.49,23.68,36.24,39.05,39.21,38.31,36.33,33.36,37.53,37.76,35.02,35.7,36.29,39.43,38.26,12.5,9.04,16.97,6.74,10.52,14.63,1.28,16.01,10.44,10.43,2.32,9.53,11.71,7.37,0.0,8.2,10.39,15.14,12.59,11.52,4.1,9.64,9.55,16.15,10.77,9.51,26.31,23.07,25.49,32.73,24.84,26.23,31.02,31.58,31.07,33.3,26.54,27.44,30.38,32.25,27.42,31.0,25.17,33.04,31.24,32.76,32.35,29.77,32.46,19.72,24.25,11.66,11.83,15.81,8.07,15.69,11.77,12.2,16.81,15.63,22.88,10.69,13.02,10.78,12.22,15.75,13.14,11.31,10.37,14.69,16.3,28.05,22.9,29.3,23.37,25.72,26.24,30.12,26.89,26.52,28.98,27.39,28.46,29.34,28.63,17.3,26.13,22.65,23.8,28.29,15.31,24.72,17.69,22.31,18.71,23.25,25.26,27.47,21.9
26.78,15.7,14.06,26.71,5.77,15.6,19.39,19.34,27.66,8.24,17.84,7.65,15.47,25.28,24.5,7.97,34.08,16.11,24.79,28.58,12.38,19.05,17.19,27.26,22.8,25.57,7.98,18.99,8.39,17.03,18.31,23.88,19.31,15.63,17.88,26.35,29.46,17.2,23.62,24.15,14.89,16.38,5.23,7.97,16.33,34.38,16.66,28.25,24.19,27.51,14.41,18.1,17.66,7.11,28.69,15.45,30.35,23.9,7.89,13.57,17.77,7.6,16.9,22.91,17.24,15.98,22.91,16.6,13.87,17.56,10.62,8.19,25.58,20.24,6.26,17.14,12.47,10.43,17.57,21.72,18.15,1.71,18.08,28.14,22.54,6.98,7.71,21.7,27.1,18.27,18.05,13.91,6.16,8.94,15.06,27.16,15.23,7.29,16.27,7.2,12.43,16.74,14.45,13.13,8.58,14.71,10.39,15.63,14.44,11.58,12.13,13.72,12.73,10.52,12.92,13.88,11.53,9.81,12.09,12.96,13.92,14.61,11.51,32.84,26.95,23.31,23.49,33.81,21.27,17.97,19.4,16.49,17.19,17.66,22.38,23.59,24.12,16.43,26.23,19.08,16.38,21.57,20.53,18.54,21.39,27.88,29.52,33.54,21.43,31.75,25.85,22.72,26.84,25.35,23.86,20.84,25.13,32.97,25.27,28.18,14.94,12.11,16.74,28.42,12.59,16.41,14.43,24.57,30.61,17.31,34.8,20.68,19.65,18.35,17.75,15.99,15.19,29.54,20.79,19.86,9.33,6.55,9.13,7.4,15.08,12.01,16.08,15.08,10.12,24.37,25.45,17.29,6.64,21.25,22.08,25.89,27.22,31.04,38.31,37.2,31.2,24.92,31.26,34.34,38.38,24.78,29.09,32.25,28.5,29.12,19.31,5.82,6.29,11.21,14.52,16.76,16.95,29.5,32.31,32.47,31.58,29.6,26.62,30.79,31.02,28.28,28.96,29.56,32.69,31.53,4.29,0.83,8.77,1.76,2.31,6.42,8.25,7.8,3.7,3.69,7.81,1.33,3.51,3.46,8.2,0.0,3.65,8.4,4.39,4.78,9.59,2.9,2.81,7.95,4.03,2.77,19.57,16.33,18.75,25.99,18.11,19.5,24.28,24.85,24.33,26.56,19.8,20.7,23.64,25.52,20.68,24.26,18.43,26.31,24.5,26.03,25.61,23.04,25.72,12.98,17.51,12.03,11.86,9.08,14.24,14.18,5.04,8.97,10.07,14.13,16.14,13.27,6.28,4.04,10.7,9.01,6.4,9.88,10.4,7.95,9.56,21.31,16.17,22.56,16.63,18.99,19.51,23.39,20.15,19.78,22.24,20.65,21.72,22.6,21.89,15.8,24.63,21.15,22.3,21.56,13.8,23.21,16.19,20.81,17.2,21.75,23.76,20.73,20.4
23.14,12.05,13.08,23.81,9.42,14.62,16.49,15.69,24.01,11.89,18.38,4.0,11.82,22.0,17.85,8.06,33.1,16.66,21.89,24.93,8.73,15.4,13.54,24.36,19.89,22.67,8.53,16.08,12.04,16.05,18.85,16.54,17.04,11.98,14.23,22.7,25.81,13.55,19.98,17.72,11.24,12.73,8.88,4.32,16.87,33.4,13.02,24.6,20.92,23.87,8.93,14.45,16.76,9.29,25.04,11.8,26.7,17.21,11.53,12.59,14.12,11.25,17.44,23.46,13.59,16.52,20.0,17.14,14.41,13.91,7.39,10.32,22.67,17.33,2.61,13.49,8.13,7.66,18.12,18.82,15.77,3.86,15.18,24.49,18.89,10.63,11.36,18.8,23.45,14.62,14.4,14.46,9.81,5.29,11.41,23.51,15.78,10.94,12.62,10.85,8.78,13.09,10.8,9.49,4.93,11.06,6.74,11.98,10.79,7.93,8.48,10.07,9.08,6.87,9.27,10.23,7.88,6.17,8.44,9.31,10.27,10.96,7.87,31.86,23.31,19.67,20.59,30.16,18.37,15.07,16.5,13.58,13.92,14.38,18.74,20.31,20.84,13.16,22.95,15.81,13.1,17.93,17.25,15.27,18.12,24.6,26.24,30.27,17.78,28.48,22.58,19.44,23.56,22.07,20.59,17.19,21.85,29.7,18.84,24.91,11.3,11.13,15.76,25.52,11.61,15.43,13.45,23.59,29.63,16.33,33.82,19.7,23.3,17.37,16.77,15.02,14.21,28.57,17.14,16.21,8.98,10.2,12.77,11.05,14.1,11.03,15.1,14.1,9.14,20.72,21.8,16.31,10.29,17.6,18.44,22.24,23.58,27.39,30.02,29.55,27.55,21.28,27.61,30.69,29.09,21.13,25.44,28.6,24.85,25.47,15.66,2.17,2.64,7.56,10.87,13.11,13.3,25.85,28.66,28.82,27.93,25.95,22.97,27.14,27.37,24.63,25.31,25.91,29.04,27.88,7.94,4.48,12.42,3.95,5.96,10.07,10.43,11.45,2.17,3.05,9.99,4.98,7.16,5.64,10.39,3.65,0.0,4.75,8.04,1.13,11.78,1.95,1.1,11.6,4.31,3.82,17.38,16.88,16.08,22.34,14.46,15.85,24.56,25.02,20.68,22.91,16.15,17.06,19.99,21.87,17.03,24.81,14.78,22.66,20.85,22.38,21.96,23.31,22.07,13.52,18.06,12.58,12.4,9.62,16.35,14.73,5.69,9.63,10.62,14.68,12.49,15.38,6.56,5.77,11.25,5.37,7.28,10.42,10.94,4.3,9.64,21.85,16.71,23.11,17.18,19.53,20.05,23.93,20.7,20.33,18.49,21.19,16.88,23.14,22.43,16.34,25.17,21.69,22.84,22.1,14.35,23.76,16.73,21.35,17.75,22.29,24.3,21.28,20.94
24.45,13.36,14.39,25.12,14.17,15.93,17.8,17.0,25.32,16.64,16.23,5.31,13.13,23.31,19.16,5.91,34.41,14.51,23.2,26.24,10.05,16.71,14.85,25.67,21.21,23.98,6.38,17.4,13.86,17.37,16.71,17.85,17.71,13.3,15.55,24.01,27.12,14.86,21.3,19.03,12.55,14.04,13.63,5.63,14.73,34.71,14.33,25.92,22.23,25.19,10.25,15.77,16.06,14.04,26.35,13.11,28.01,18.52,13.07,13.9,15.44,12.16,15.29,21.31,14.9,14.38,21.32,15.0,12.27,15.22,8.7,11.63,23.99,18.65,3.92,14.8,9.45,8.97,15.97,20.13,16.55,7.23,16.49,25.81,20.2,11.37,16.11,20.11,24.77,15.93,15.71,12.31,14.56,6.6,12.72,24.82,13.63,15.69,13.93,12.17,10.1,14.4,12.12,10.8,6.24,12.37,8.05,13.3,12.1,9.24,9.79,11.39,10.39,8.18,10.59,11.54,9.19,7.48,9.75,10.62,11.58,12.27,9.18,33.17,24.62,20.98,21.9,31.48,19.68,16.38,17.81,14.89,15.23,15.69,20.05,21.62,22.15,14.47,24.26,17.12,14.42,19.24,18.56,16.58,19.43,25.91,27.56,31.58,19.1,29.79,23.89,20.75,24.88,23.38,21.9,18.5,23.16,31.01,20.15,26.22,12.61,12.44,17.07,26.83,12.93,16.74,14.76,24.9,30.94,17.64,35.13,21.01,28.05,18.68,18.08,16.33,15.52,29.88,18.45,17.52,10.29,14.95,17.52,15.8,15.41,12.34,16.41,15.41,10.45,22.03,23.11,17.62,15.04,18.92,19.75,23.55,24.89,28.7,31.33,30.86,28.86,22.59,28.92,32.0,30.4,22.45,26.76,29.91,26.16,26.78,16.97,4.34,3.24,8.88,12.19,14.42,14.61,27.16,29.97,30.14,29.24,27.26,24.28,28.46,28.69,25.95,26.62,27.22,30.36,29.19,12.69,9.23,17.16,8.69,10.71,14.82,15.18,16.2,6.02,5.71,14.74,9.73,11.91,10.39,15.14,8.4,4.75,0.0,12.79,3.62,16.53,6.7,5.85,16.34,3.88,5.56,17.97,14.73,17.15,23.65,15.77,17.16,22.68,23.24,21.99,24.23,17.46,18.37,21.3,23.18,18.34,22.66,16.09,23.97,22.16,23.69,23.27,21.43,23.38,11.38,15.91,10.43,10.26,7.47,14.2,12.58,3.4,7.48,8.47,12.53,13.81,13.23,3.02,4.4,9.1,6.68,4.36,8.28,8.8,2.15,7.5,19.71,14.56,20.96,15.03,17.39,17.9,21.79,18.55,18.18,20.64,19.05,20.12,21.0,20.29,14.2,23.03,19.55,20.7,19.96,12.2,21.61,14.59,19.2,15.6,20.14,22.16,19.13,18.8
22.72,15.53,10.0,22.65,1.74,11.53,15.33,17.59,25.91,4.21,22.22,12.04,13.72,21.21,20.44,12.36,30.01,20.5,20.73,26.83,13.05,17.3,17.02,23.2,18.73,21.51,12.37,14.92,4.37,12.97,22.7,19.81,20.52,15.46,16.13,24.6,27.71,15.45,19.56,20.08,13.14,14.63,1.17,9.13,20.72,30.32,14.91,26.5,20.13,23.45,10.35,17.94,20.24,11.5,26.94,13.7,28.59,19.84,3.86,9.5,16.02,3.54,21.28,27.3,15.49,20.37,18.84,20.99,18.26,17.39,6.56,4.12,21.51,16.17,10.64,15.39,8.4,6.37,21.26,17.66,19.25,6.1,14.02,26.39,20.79,2.92,3.69,17.64,25.35,16.51,16.3,18.3,2.13,7.86,14.89,25.41,19.62,3.27,14.52,3.14,11.6,14.99,12.7,12.47,9.28,12.96,10.97,13.88,14.27,9.32,11.96,11.97,11.56,9.05,11.42,12.12,10.98,7.7,10.58,12.79,12.17,12.85,10.55,28.78,22.89,19.24,19.43,32.06,17.21,13.91,15.34,12.42,13.13,13.59,18.32,19.52,20.05,12.37,22.16,15.02,12.32,17.51,16.46,14.48,17.33,23.81,25.46,29.48,19.68,27.69,21.79,18.65,22.78,21.28,19.8,19.09,21.06,28.91,21.21,24.12,13.19,8.04,12.68,24.36,8.53,12.35,10.37,20.51,26.54,13.25,30.73,16.62,15.63,14.29,13.69,11.93,11.13,25.48,19.04,18.11,5.27,2.52,5.1,6.0,11.02,7.94,12.01,11.02,6.06,22.62,23.7,13.22,2.58,19.5,20.33,24.14,25.47,29.29,34.24,33.14,29.45,23.17,29.51,32.59,34.32,23.03,27.34,30.49,26.75,27.37,17.55,10.21,10.67,11.88,15.19,16.59,16.78,27.75,30.56,30.72,29.82,27.85,24.87,29.04,29.27,26.53,27.21,27.81,30.94,29.77,1.38,3.55,5.75,6.15,2.08,3.41,12.64,4.79,8.09,8.08,12.2,3.06,0.88,7.85,12.59,4.39,8.04,12.79,0.0,9.17,13.98,7.29,7.2,3.88,8.42,7.16,21.0,20.72,19.37,24.31,16.42,17.81,26.52,26.98,22.65,24.88,18.11,19.02,21.95,23.83,19.0,28.48,16.75,24.62,22.82,24.34,23.93,25.28,24.04,17.37,21.9,16.42,16.25,13.46,18.63,18.57,9.42,13.36,14.46,18.52,16.7,17.66,10.67,8.43,15.09,13.4,10.79,14.27,14.79,12.34,13.95,25.7,20.55,26.95,21.02,23.38,23.89,27.77,24.54,24.17,20.45,25.04,18.85,26.99,26.28,20.19,29.02,25.54,26.68,25.94,18.19,27.6,20.58,25.19,21.59,26.13,28.15,25.12,24.79
22.01,10.92,11.95,22.68,10.55,13.48,15.35,14.56,22.88,13.02,17.25,2.87,10.69,20.87,16.72,6.93,31.96,15.53,20.75,23.8,7.6,14.27,12.41,23.23,18.76,21.54,7.39,14.95,13.17,14.92,17.72,15.41,15.91,10.85,13.1,21.57,24.68,12.41,18.85,16.58,10.11,11.6,10.01,3.19,15.74,32.27,11.88,23.47,19.79,22.74,7.8,13.32,15.63,10.42,23.91,10.67,25.56,16.08,10.63,11.45,12.99,9.72,16.31,22.33,12.46,15.39,18.87,16.01,13.28,12.78,6.26,9.19,21.54,16.2,1.47,12.36,7.0,6.52,16.99,17.69,14.64,4.99,14.04,23.36,17.76,8.92,12.49,17.67,22.32,13.48,13.27,13.32,10.94,4.16,10.28,22.38,14.64,12.07,11.49,11.98,7.65,11.96,9.67,8.35,3.8,9.93,5.61,10.85,9.65,6.79,7.35,8.94,7.94,5.74,8.14,9.09,6.75,5.03,7.31,8.17,9.14,9.82,6.73,30.73,22.18,18.53,19.46,29.03,17.24,13.93,15.37,12.45,12.79,13.25,17.61,19.18,19.71,12.02,21.82,14.67,11.97,16.8,16.12,14.14,16.98,23.47,25.11,29.14,16.65,27.34,21.44,18.31,22.43,20.94,19.46,16.06,20.72,28.57,17.71,23.77,10.16,10.0,14.63,24.39,10.48,14.3,12.32,22.46,28.5,15.2,32.69,18.57,24.44,16.24,15.64,13.88,13.08,27.43,16.01,15.08,7.84,11.33,13.91,12.18,12.97,9.9,13.97,12.97,8.01,19.59,20.67,15.17,11.42,16.47,17.3,21.11,22.44,26.26,28.88,28.42,26.42,20.14,26.48,29.55,27.96,20.0,24.31,27.46,23.72,24.34,14.52,1.04,1.5,6.43,9.74,11.97,12.17,24.72,27.53,27.69,26.79,24.81,21.84,26.01,26.24,23.5,24.18,24.77,27.91,26.74,9.07,5.62,13.55,5.08,7.09,11.2,11.56,12.58,3.3,4.18,11.13,6.11,8.29,6.78,11.52,4.78,1.13,3.62,9.17,0.0,12.91,3.09,2.23,12.73,5.44,4.95,16.24,15.75,14.94,21.21,13.32,14.72,23.43,23.88,19.55,21.78,15.02,15.92,18.86,20.73,15.9,23.67,13.65,21.52,19.72,21.24,20.83,22.18,20.94,12.39,16.92,11.44,11.27,8.49,15.22,13.59,5.71,8.5,9.49,13.54,11.36,14.25,5.33,6.9,10.11,4.23,6.67,9.29,9.81,3.17,8.51,20.72,15.58,21.98,16.04,18.4,18.92,22.8,19.57,19.19,17.36,20.06,15.75,22.01,21.3,15.21,24.04,20.56,21.71,20.97,13.22,22.63,15.6,20.22,16.61,21.16,23.17,20.15,19.81
36.38,24.22,23.66,36.31,15.36,25.19,28.98,27.47,28.9,17.83,16.02,15.78,23.6,34.87,34.09,10.61,43.67,17.82,34.38,36.71,18.1,27.18,24.24,36.86,32.39,35.17,10.11,28.58,17.99,26.63,21.36,28.31,21.85,23.76,26.01,34.48,30.02,25.32,33.22,33.74,23.02,24.51,14.83,16.09,18.87,43.98,24.79,36.38,33.79,37.11,20.71,22.22,20.21,2.49,36.82,23.57,38.47,28.99,17.48,23.16,25.9,17.2,19.49,22.38,25.37,18.84,32.5,19.54,16.41,23.5,19.17,17.78,35.17,29.83,14.38,25.27,19.91,19.43,20.12,31.32,20.7,9.84,27.67,36.27,30.67,16.57,17.31,31.3,35.23,26.39,26.18,16.46,15.75,17.07,23.19,35.28,17.78,16.89,24.4,16.8,20.56,24.87,22.58,21.26,16.71,22.84,18.52,23.76,22.56,19.7,20.26,21.85,20.85,18.65,21.05,22.0,19.66,17.94,20.22,21.08,22.05,22.73,19.64,42.44,36.54,32.9,33.09,41.94,30.87,27.56,29.0,26.08,26.79,27.25,31.98,33.18,33.71,26.03,35.82,28.68,25.97,31.17,30.12,28.14,30.99,37.47,39.11,43.14,29.56,41.35,35.44,32.31,36.43,34.94,33.46,28.97,34.72,42.57,34.87,37.78,23.07,21.7,26.34,38.02,22.19,26.0,24.02,34.16,40.2,26.9,44.39,30.27,29.25,27.94,27.34,25.59,24.79,39.14,28.92,27.99,18.93,16.14,18.72,16.99,24.67,21.6,25.67,24.67,19.72,32.5,33.58,26.88,16.24,29.38,30.21,34.02,35.35,39.17,41.79,46.8,39.33,33.05,39.39,42.46,40.87,32.91,37.22,40.37,36.63,37.24,26.94,13.95,14.41,19.34,18.04,24.88,25.07,37.63,40.44,40.6,39.7,37.72,34.75,38.92,39.15,36.41,37.09,37.68,40.82,39.65,13.89,10.43,18.36,8.13,11.91,16.02,3.4,17.4,11.83,11.82,1.73,10.92,13.1,8.76,4.1,9.59,11.78,16.53,13.98,12.91,0.0,11.03,10.94,17.54,12.16,10.9,22.11,18.88,21.3,34.12,26.23,26.03,27.33,27.89,32.46,28.81,28.72,28.83,31.77,29.85,28.81,27.31,26.73,34.43,28.34,28.3,33.74,26.08,28.21,15.53,20.46,6.22,8.1,11.62,3.97,10.24,12.66,9.2,12.62,10.19,19.57,3.6,13.74,12.17,6.77,17.14,11.07,8.31,8.68,13.72,12.19,24.26,18.71,25.51,17.39,21.94,22.55,26.34,23.1,22.83,24.79,23.6,24.27,23.69,24.99,11.86,20.69,17.21,18.35,23.95,9.86,19.27,12.25,16.86,13.26,17.8,19.82,23.68,16.46
25.09,14.0,15.04,25.77,8.67,16.57,18.44,17.64,25.96,11.14,18.55,5.96,13.77,23.96,19.81,8.69,35.05,16.82,23.84,26.88,10.69,17.35,15.5,26.32,21.85,24.62,8.69,18.04,11.29,18.01,19.02,18.49,20.02,13.94,16.19,24.66,27.76,15.5,21.94,19.67,13.19,14.69,8.13,6.27,17.04,35.36,14.97,26.56,22.87,25.83,10.89,16.41,18.38,8.54,26.99,13.75,28.65,19.17,10.79,14.54,16.08,10.5,17.61,23.62,15.54,16.69,21.96,17.31,14.58,15.87,9.34,11.09,24.63,19.29,4.56,15.45,10.09,9.61,18.29,20.77,17.73,3.11,17.13,26.45,20.84,9.88,10.61,20.76,25.41,16.57,16.36,14.62,9.06,7.24,13.37,25.46,15.94,10.19,14.58,10.1,10.74,15.05,12.76,11.44,6.88,13.01,8.7,13.94,12.74,9.88,10.43,12.03,11.03,8.83,11.23,12.18,9.84,8.12,10.39,11.26,12.23,12.91,9.82,33.82,25.26,21.62,22.54,32.12,20.32,17.02,18.46,15.54,15.87,16.34,20.7,22.26,22.8,15.11,24.91,17.76,15.06,19.89,19.21,17.22,20.07,26.56,28.2,32.22,19.74,30.43,24.53,21.39,25.52,24.03,22.54,19.15,23.81,31.65,20.79,26.86,13.25,13.08,17.72,27.47,13.57,17.38,15.4,25.54,31.58,18.28,35.77,21.65,22.56,19.33,18.73,16.97,16.17,30.52,19.09,18.17,10.93,9.45,12.03,10.3,16.05,12.98,17.05,16.06,11.1,22.67,23.75,18.26,9.54,19.56,20.39,24.2,25.53,29.35,31.97,31.51,29.5,23.23,29.57,32.64,31.05,23.09,27.4,30.55,26.81,27.42,17.61,4.13,4.59,9.52,12.83,15.06,15.25,27.8,30.61,30.78,29.88,27.9,24.93,29.1,29.33,26.59,27.27,27.86,31.0,29.83,7.19,3.74,11.67,3.2,5.21,9.32,9.68,10.7,2.01,2.89,9.25,4.23,6.41,4.89,9.64,2.9,1.95,6.7,7.29,3.09,11.03,0.0,1.12,10.85,4.14,2.76,20.28,17.05,18.03,24.3,16.41,17.8,26.51,26.97,22.64,24.87,18.1,19.01,21.94,23.82,18.99,24.97,16.74,24.61,22.81,24.33,23.91,25.27,24.03,13.69,18.22,12.74,12.57,9.79,16.51,14.89,5.53,9.68,10.78,14.84,14.45,15.54,6.39,5.44,11.41,7.32,7.12,10.59,11.11,6.25,10.27,22.02,16.88,23.27,17.34,19.7,20.22,24.1,20.87,20.49,20.44,21.36,18.83,23.31,22.6,16.51,25.34,21.86,23.01,22.27,14.51,23.93,16.9,21.52,17.91,22.46,24.47,21.44,21.11
24.24,13.15,14.18,24.91,8.58,15.72,17.59,16.79,25.11,11.05,17.87,5.1,12.92,23.1,18.95,8.01,34.2,16.15,22.99,26.03,9.83,16.5,14.64,25.46,20.99,23.77,8.02,17.18,11.2,17.15,18.34,17.64,19.34,13.08,15.33,23.8,26.91,14.65,21.08,18.81,12.34,13.83,8.04,5.42,16.36,34.5,14.11,25.7,22.02,24.97,10.03,15.55,17.7,8.45,26.14,12.9,27.8,18.31,10.7,13.69,15.22,10.41,16.93,22.95,14.69,16.01,21.1,16.63,13.9,15.01,8.49,11.0,23.77,18.43,3.71,14.59,9.23,8.76,17.61,19.92,16.87,3.02,16.28,25.59,19.99,9.79,10.52,19.9,24.55,15.72,15.5,13.95,8.97,6.39,12.51,24.61,15.27,10.1,13.72,10.01,9.88,14.19,11.9,10.58,6.03,12.16,7.84,13.08,11.89,9.03,9.58,11.17,10.18,7.97,10.37,11.33,8.98,7.26,9.54,10.41,11.37,12.06,8.96,32.96,24.41,20.77,21.69,31.26,19.47,16.17,17.6,14.68,15.02,15.48,19.84,21.41,21.94,14.26,24.05,16.91,14.2,19.03,18.35,16.37,19.22,25.7,27.34,31.37,18.88,29.58,23.67,20.54,24.66,23.17,21.69,18.29,22.95,30.8,19.94,26.01,12.39,12.23,16.86,26.62,12.71,16.53,14.55,24.69,30.73,17.43,34.92,20.8,22.47,18.47,17.87,16.11,15.31,29.66,18.24,17.31,10.07,9.36,11.94,10.21,15.2,12.13,16.2,15.2,10.24,21.82,22.9,17.41,9.45,18.7,19.54,23.34,24.68,28.49,31.12,30.65,28.65,22.37,28.71,31.79,30.19,22.23,26.54,29.7,25.95,26.57,16.76,3.27,3.74,8.66,11.97,14.21,14.4,26.95,29.76,29.92,29.03,27.05,24.07,28.24,28.47,25.73,26.41,27.01,30.14,28.98,7.1,3.64,11.58,3.11,5.12,9.23,9.59,10.61,1.33,2.21,9.15,4.14,6.32,4.8,9.55,2.81,1.1,5.85,7.2,2.23,10.94,1.12,0.0,10.76,3.47,2.98,18.48,16.37,17.17,23.44,15.56,16.95,25.66,26.12,21.78,24.01,17.25,18.15,21.09,22.97,18.13,24.3,15.88,23.76,21.95,23.48,23.06,24.41,23.17,13.01,17.55,12.06,11.89,9.11,15.84,14.22,4.85,9.01,10.11,14.16,13.59,14.87,5.72,4.93,10.74,6.46,6.44,9.91,10.43,5.4,9.59,21.34,16.2,22.6,16.66,19.02,19.54,23.42,20.19,19.82,19.59,20.68,17.98,22.63,21.92,15.83,24.66,21.18,22.33,21.59,13.84,23.25,16.22,20.84,17.24,21.78,23.79,20.77,20.43
23.89,16.7,11.17,23.83,5.3,12.71,16.5,18.76,27.08,7.46,25.78,10.9,14.89,22.39,21.61,15.92,31.19,24.06,21.9,28.0,14.22,18.47,18.19,24.38,19.91,22.68,15.93,16.1,6.0,14.14,25.3,20.99,21.7,16.64,17.31,25.77,28.88,16.62,20.73,21.26,14.31,15.81,2.9,10.3,23.29,31.49,16.09,27.68,21.3,24.63,11.52,19.11,21.42,15.06,28.11,14.87,29.77,21.01,5.62,10.68,17.2,4.71,23.86,31.35,16.66,23.93,20.02,25.03,21.82,18.57,7.73,5.3,22.69,17.35,14.2,16.56,9.58,7.54,22.43,18.83,20.43,9.66,15.19,27.57,21.96,4.09,7.24,18.81,26.53,17.69,17.48,21.86,5.69,9.03,16.07,26.58,23.18,6.83,15.69,4.31,12.78,16.16,13.88,13.65,10.46,14.13,12.14,15.06,15.44,10.49,13.13,13.15,12.74,10.22,12.59,13.3,12.15,8.88,11.76,13.96,13.34,14.03,11.73,29.95,24.06,20.42,20.6,33.24,18.38,15.08,16.51,13.6,14.31,14.77,19.49,20.7,21.23,13.54,23.34,16.19,13.49,18.68,17.64,15.66,18.5,24.99,26.63,30.65,20.86,28.86,22.96,19.83,23.95,22.46,20.97,20.26,22.24,30.09,22.38,25.29,14.37,9.22,13.85,25.53,9.7,13.52,11.54,21.68,27.72,14.42,31.91,17.79,19.19,15.46,14.86,13.11,12.3,26.66,20.21,19.28,6.44,6.08,8.66,9.56,12.19,9.12,13.19,12.19,7.23,23.79,24.87,14.4,2.15,20.68,21.51,25.31,26.65,30.46,35.42,34.31,30.62,24.35,30.68,33.76,35.49,24.21,28.52,31.67,27.92,28.54,18.73,13.77,14.23,13.05,16.36,17.76,17.95,28.92,31.73,31.9,31.0,29.02,26.04,30.22,30.45,27.71,28.38,28.98,32.12,30.95,4.94,7.11,9.31,9.71,5.63,6.97,16.19,8.35,11.65,11.64,15.76,6.62,4.44,11.41,16.15,7.95,11.6,16.34,3.88,12.73,17.54,10.85,10.76,0.0,11.98,10.72,22.17,23.18,20.54,25.48,17.6,18.99,27.7,28.16,23.82,26.05,19.29,20.2,23.13,25.01,20.17,29.66,17.92,25.8,23.99,25.52,25.1,26.45,25.21,20.93,25.8,19.98,19.8,17.02,22.19,22.13,12.98,16.92,18.02,22.08,17.87,21.22,14.23,11.98,18.65,12.57,14.35,17.83,18.34,15.9,17.51,28.15,24.11,29.41,24.58,25.83,24.49,30.23,27.0,24.77,21.63,27.49,20.02,30.88,30.17,23.75,32.57,29.1,30.24,29.84,21.75,31.16,24.14,28.75,25.15,29.69,31.7,29.02,28.34
27.45,18.24,17.39,28.12,9.8,18.92,20.79,20.0,22.42,12.27,14.4,8.31,16.13,26.31,22.16,4.54,37.4,12.68,26.19,29.24,12.03,19.71,18.26,28.67,24.2,26.98,4.55,20.39,12.43,20.36,14.87,20.84,15.87,16.29,18.54,27.01,23.54,17.85,24.29,22.02,15.55,17.04,9.27,8.62,12.89,37.71,17.32,28.91,25.22,28.18,13.24,16.24,14.23,9.68,29.35,16.1,31.0,21.52,11.92,16.89,18.43,11.64,13.46,19.48,17.9,12.55,24.31,13.16,10.44,17.52,11.7,12.22,26.98,21.64,6.91,17.8,12.44,11.96,14.14,23.13,14.72,3.9,19.48,28.8,23.2,11.01,11.75,23.11,27.76,18.92,18.71,10.48,10.19,9.6,15.72,27.81,11.8,11.33,16.93,11.24,13.09,17.4,15.11,13.79,9.24,15.37,11.05,16.29,15.09,12.23,12.79,14.38,13.38,11.18,13.58,14.53,12.19,10.47,12.75,13.61,14.58,15.26,12.17,36.17,27.62,23.97,24.9,34.47,22.68,19.37,20.81,17.89,18.23,18.69,23.05,24.62,25.15,17.46,27.26,20.11,17.41,22.24,21.56,19.58,22.42,28.91,30.55,34.58,22.09,32.78,26.88,23.75,27.87,26.38,24.9,21.5,26.16,34.01,23.15,29.21,15.6,15.44,20.07,29.83,15.92,19.74,17.76,27.9,33.93,20.64,38.13,24.01,23.69,21.68,21.08,19.32,18.52,32.87,21.45,20.52,13.37,10.58,13.16,11.43,18.41,15.34,19.41,18.41,13.45,25.02,26.11,20.61,10.68,21.91,22.74,26.55,27.88,31.7,34.32,33.86,31.86,25.58,31.92,34.99,33.4,25.44,29.75,32.9,29.16,29.77,20.96,6.48,5.82,11.87,11.97,17.41,17.6,30.16,32.97,33.13,32.23,30.25,27.28,31.45,31.68,28.94,29.62,30.21,33.35,32.18,8.33,4.87,12.8,4.33,6.35,10.46,10.82,11.84,2.14,1.82,10.38,5.36,7.54,6.03,10.77,4.03,4.31,3.88,8.42,5.44,12.16,4.14,3.47,11.98,0.0,1.68,16.14,12.9,15.32,26.65,18.76,20.05,20.85,21.41,24.99,22.33,20.46,21.36,24.3,23.37,21.34,20.83,20.75,26.96,21.86,21.82,26.27,19.6,21.72,9.55,14.08,8.6,8.42,5.64,12.37,10.75,1.38,5.54,6.64,10.7,13.51,11.4,2.25,1.46,7.27,9.67,2.97,6.45,6.96,4.73,6.13,17.88,12.73,19.13,13.2,15.55,16.07,19.95,16.72,16.35,18.81,17.22,18.29,19.17,18.45,12.37,21.19,17.72,18.86,18.12,10.37,19.78,12.76,17.37,13.77,18.31,20.32,17.3,16.96
26.96,15.87,16.83,27.63,8.54,18.37,20.3,19.5,24.09,11.01,16.08,7.82,15.64,25.82,21.67,6.22,36.85,14.35,25.7,28.74,12.55,19.22,17.36,28.18,23.71,26.49,6.22,19.9,11.17,19.81,16.55,20.35,17.55,15.8,18.05,26.52,29.63,17.36,23.8,21.53,15.06,16.55,8.0,8.13,14.57,37.16,16.83,28.42,24.73,27.69,12.75,17.91,15.91,8.42,28.86,15.61,30.51,21.03,10.66,16.34,17.94,10.38,15.14,21.15,17.4,14.22,23.82,14.84,12.11,19.19,11.21,10.96,26.49,21.15,6.42,17.31,11.95,11.47,15.82,22.64,16.39,2.99,18.99,28.31,22.71,9.75,10.49,22.62,27.27,18.43,18.22,12.15,8.93,9.11,15.23,27.32,13.47,10.07,16.44,9.97,12.6,16.91,14.62,13.3,8.75,14.88,10.56,15.8,14.6,11.74,12.3,13.89,12.89,10.69,13.09,14.04,11.7,9.98,12.26,13.12,14.09,14.77,11.68,35.61,27.12,23.48,24.4,33.98,22.18,18.88,20.32,17.4,17.74,18.2,22.56,24.13,24.66,16.97,26.77,19.62,16.92,21.75,21.07,19.09,21.93,28.42,30.06,34.08,21.6,32.29,26.39,23.26,27.38,25.89,24.4,21.01,25.67,33.52,22.65,28.72,15.11,14.88,19.51,29.34,15.37,19.18,17.2,27.34,33.38,20.08,37.57,23.45,22.43,21.12,20.52,18.77,17.96,32.32,20.96,20.03,12.11,9.32,11.9,10.17,17.85,14.78,18.85,17.85,12.89,24.53,25.62,20.06,9.41,21.42,22.25,26.06,27.39,31.21,33.83,33.37,31.37,25.09,31.43,34.5,32.91,24.95,29.26,32.41,28.67,29.28,19.47,5.99,6.45,11.38,13.64,16.92,17.11,29.67,32.47,32.64,31.74,29.76,26.79,30.96,31.19,28.45,29.13,29.72,32.86,31.69,7.06,3.61,11.54,3.07,5.09,9.2,9.55,10.58,1.65,1.33,9.12,4.1,6.28,4.77,9.51,2.77,3.82,5.56,7.16,4.95,10.9,2.76,2.98,10.72,1.68,0.0,17.81,14.58,16.99,26.16,18.27,19.66,22.52,23.09,24.5,24.0,19.96,20.87,23.8,25.68,20.85,22.5,18.6,26.47,24.67,23.5,25.78,21.28,23.4,11.22,15.75,10.27,10.1,7.32,14.04,12.42,3.06,7.21,8.32,12.37,15.18,13.07,3.92,3.14,8.94,9.18,4.65,8.12,8.64,6.41,7.8,19.55,14.41,20.8,14.87,17.23,17.75,21.63,18.4,18.02,20.48,18.89,19.96,20.84,20.13,14.04,22.87,19.39,20.54,19.8,12.04,21.46,14.43,19.05,15.44,19.99,22.0,18.97,18.64
25.92,5.25,17.56,28.25,22.41,19.09,19.9,16.34,9.56,21.72,8.34,14.27,12.47,24.78,18.5,12.71,36.59,6.62,26.33,16.01,11.59,16.05,5.27,28.8,25.1,27.11,11.9,20.53,20.67,20.53,3.74,17.19,1.24,6.5,14.88,13.78,10.38,8.45,22.76,18.37,14.02,5.75,19.83,13.68,4.47,36.89,9.55,15.68,23.7,26.65,13.38,3.25,2.71,25.21,16.12,8.42,24.69,17.86,19.89,19.54,14.78,18.98,5.04,12.54,6.36,5.99,24.75,6.22,6.73,4.53,15.17,18.45,27.11,21.78,15.04,8.68,13.4,15.44,3.62,23.49,1.73,18.74,19.62,15.57,15.68,18.18,22.02,23.24,14.53,15.27,6.08,5.66,22.01,14.47,6.92,14.59,5.55,21.55,9.16,18.99,11.59,7.6,11.45,12.08,12.82,9.17,11.15,7.14,8.54,12.37,9.49,12.85,9.52,11.43,13.13,10.28,10.35,12.99,11.76,8.6,8.69,7.77,11.62,35.35,26.08,22.44,25.03,28.15,22.81,19.51,21.48,18.02,16.7,17.16,21.52,23.09,23.62,15.93,25.73,18.58,15.88,20.71,20.03,18.05,20.89,27.38,29.02,33.05,18.43,31.25,25.35,22.22,26.34,24.85,23.37,17.84,24.63,32.48,19.49,27.68,14.07,15.62,22.72,29.96,16.09,22.39,17.93,30.54,36.58,23.28,40.77,26.66,41.4,24.33,21.25,19.49,18.69,35.52,17.79,16.86,17.1,23.19,23.44,24.34,21.06,17.99,22.05,21.06,16.1,18.23,17.04,23.26,20.22,11.1,16.27,20.23,21.57,25.38,28.01,27.54,25.54,19.27,18.69,28.68,27.08,19.12,23.43,26.59,22.84,23.46,4.82,16.97,16.58,10.42,13.73,7.62,3.57,16.93,19.74,19.9,19.01,17.03,14.05,18.22,18.45,15.71,16.39,16.99,20.13,18.96,22.06,20.4,26.43,19.87,21.88,24.08,26.35,25.64,18.27,17.96,25.91,20.9,21.55,21.56,26.31,19.57,17.38,17.97,21.0,16.24,22.11,20.28,18.48,22.17,16.14,17.81,0.0,4.48,2.79,13.53,5.81,3.92,7.69,9.58,10.08,9.17,6.61,10.66,11.18,10.21,17.78,9.0,4.62,13.85,8.7,8.66,13.15,6.44,8.57,6.84,7.1,16.67,16.5,10.64,20.45,18.93,14.75,13.73,9.81,18.88,15.28,19.48,15.84,15.53,15.34,15.83,13.16,14.52,15.04,15.81,12.48,9.46,9.02,9.52,7.47,7.13,4.24,10.34,8.3,4.51,2.67,8.8,2.15,12.19,11.48,12.72,15.25,16.46,17.61,11.15,14.23,18.53,11.57,16.12,11.88,17.06,19.07,10.32,15.71
28.41,6.59,19.01,29.71,22.1,20.55,22.38,20.96,10.15,22.73,5.11,15.61,17.09,27.28,22.41,9.47,38.04,3.38,27.78,16.9,12.92,20.1,6.61,30.26,25.79,28.56,8.67,21.98,21.68,21.99,2.6,21.24,4.22,7.83,19.51,14.67,11.27,12.93,25.26,22.28,16.51,10.24,20.84,15.02,1.24,38.34,14.03,16.57,26.19,29.15,14.83,4.58,2.58,21.98,17.01,12.9,25.57,21.77,20.9,20.55,19.4,19.99,1.19,9.3,10.84,2.76,27.25,2.32,3.49,5.86,16.07,19.46,28.57,23.23,16.05,13.17,14.3,16.33,2.49,25.99,3.06,15.51,21.07,16.46,16.57,19.19,23.03,24.69,15.42,19.89,10.56,2.42,22.49,15.81,8.25,15.47,2.32,22.56,13.64,19.99,12.93,12.08,16.08,13.41,14.16,13.65,12.49,11.62,9.88,13.82,10.83,15.35,13.93,12.77,15.17,14.76,11.68,14.32,13.99,9.94,13.18,12.25,12.72,36.8,28.58,24.94,26.48,29.04,24.26,20.96,22.4,19.48,19.19,19.66,24.02,25.58,26.11,18.43,28.23,21.08,18.38,23.21,22.52,20.54,23.39,29.87,31.52,35.54,21.08,33.75,27.85,24.71,28.84,27.34,25.86,20.49,24.34,34.97,23.4,30.18,16.57,17.07,23.72,31.41,17.54,23.39,19.38,31.55,37.59,24.29,41.78,27.66,42.41,25.33,22.7,20.95,20.14,36.53,20.42,19.51,18.11,22.88,24.44,25.35,22.06,19.0,23.06,22.06,17.11,19.12,17.92,24.27,21.23,15.58,17.16,21.12,22.45,26.27,28.89,28.43,26.43,20.15,19.58,29.56,27.97,20.01,24.32,27.47,23.73,24.34,9.31,16.47,15.37,11.75,15.07,8.96,9.15,17.82,20.62,20.79,19.89,17.91,14.94,19.11,19.34,16.6,17.28,17.87,21.01,19.84,20.63,17.17,25.1,16.63,18.65,22.76,23.12,26.64,15.04,14.72,22.68,17.66,19.84,18.33,23.07,16.33,16.88,14.73,20.72,15.75,18.88,17.05,16.37,23.18,12.9,14.58,4.48,0.0,3.66,14.42,10.29,8.4,8.58,9.14,12.76,10.05,11.09,15.14,12.06,11.1,18.66,8.56,9.1,14.73,9.59,9.55,14.04,7.33,9.45,3.61,3.87,13.44,13.27,7.4,17.21,15.7,11.52,10.49,6.58,15.65,16.62,16.24,12.6,12.3,12.11,17.17,9.93,11.29,11.81,12.58,9.25,5.6,5.79,6.86,4.24,3.28,3.8,7.68,4.45,4.08,7.16,4.94,6.63,8.95,8.24,9.48,12.02,13.23,14.38,7.91,11.0,15.29,8.34,12.88,8.64,13.82,15.84,7.09,12.48
25.77,3.95,16.38,27.07,20.78,17.91,19.74,18.32,11.78,20.09,7.52,12.97,14.45,24.64,20.49,11.89,35.4,5.8,25.14,18.79,10.29,18.03,3.97,27.62,23.15,25.93,11.08,19.34,19.04,19.35,4.94,19.17,2.52,5.19,16.87,16.57,13.17,11.24,22.62,20.35,13.87,8.54,18.2,12.38,3.66,35.71,12.34,18.47,23.55,26.51,12.19,1.95,1.71,24.39,18.91,11.21,27.47,19.85,18.26,17.91,16.76,17.35,4.22,11.72,9.15,5.17,24.61,5.4,5.91,3.23,13.43,16.82,25.93,20.59,13.74,11.47,11.66,13.69,2.53,23.35,1.06,17.92,18.43,18.36,18.47,16.55,20.39,22.06,17.32,17.25,8.86,4.84,20.37,13.17,5.62,17.37,4.74,19.92,11.94,17.36,10.29,10.39,13.44,10.78,11.52,11.95,9.85,9.93,7.24,11.18,8.19,12.71,11.3,10.13,12.53,12.86,9.05,11.69,11.35,7.3,11.48,10.55,10.08,34.17,25.94,22.3,23.84,30.94,21.62,18.32,19.76,16.84,16.55,17.02,21.38,22.94,23.48,15.79,25.59,18.44,15.74,20.57,19.89,17.9,20.75,27.24,28.88,32.9,20.42,31.11,25.21,22.07,26.2,24.71,23.22,19.83,24.49,32.33,21.47,27.54,13.93,14.43,21.09,28.78,14.91,20.76,16.74,28.91,34.95,21.65,39.14,25.02,39.77,22.7,20.06,18.31,17.5,33.89,19.77,18.85,15.47,21.56,21.81,22.71,19.42,16.36,20.42,19.43,14.47,21.02,19.82,21.63,18.59,13.89,19.06,23.02,24.35,28.17,30.79,30.33,28.33,22.05,21.48,31.46,29.87,21.91,26.22,29.37,25.63,26.24,7.61,15.67,15.28,9.12,12.43,6.32,6.51,19.72,22.52,22.69,21.79,19.81,16.84,21.01,21.24,18.5,19.18,19.77,22.91,21.74,20.42,19.58,24.8,19.05,21.06,22.45,25.53,24.0,17.45,17.14,25.09,20.08,19.92,20.74,25.49,18.75,16.08,17.15,19.37,14.94,21.3,18.03,17.17,20.54,15.32,16.99,2.79,3.66,0.0,16.32,8.59,6.7,10.48,10.78,12.87,11.95,9.4,13.45,13.96,13.0,20.56,10.2,7.4,16.63,11.49,11.45,15.93,9.23,11.35,6.02,6.28,15.85,15.68,9.82,19.63,18.11,13.93,12.91,9.0,18.06,13.98,18.66,15.02,14.71,14.53,14.53,12.35,13.7,14.22,15.0,11.67,8.64,8.2,9.89,6.65,6.32,5.44,10.72,7.48,5.71,5.46,7.98,4.94,11.37,10.66,11.9,14.43,15.64,16.79,10.33,13.41,17.71,10.75,15.3,11.06,16.24,18.25,9.5,14.89
29.23,18.78,20.87,31.56,25.72,22.4,23.21,9.71,7.99,25.03,17.73,19.23,10.31,13.15,9.45,23.26,39.9,16.01,29.64,3.94,18.56,7.14,18.8,32.11,28.41,30.42,22.45,23.83,23.98,23.84,12.04,8.28,14.31,20.03,9.71,1.71,8.47,11.11,26.07,9.32,17.33,13.37,23.14,18.64,15.03,40.2,13.14,4.34,12.55,29.96,16.69,16.78,16.37,31.63,4.05,13.82,12.61,8.82,23.2,22.85,8.14,22.29,13.68,21.92,10.11,15.38,28.06,14.81,17.28,18.06,18.48,21.76,30.42,25.09,20.01,10.46,16.71,18.75,16.28,26.8,15.26,26.2,22.93,3.5,3.61,21.49,25.33,26.55,2.46,9.21,8.9,16.21,25.31,19.04,20.4,2.51,15.46,24.86,12.74,22.3,15.04,11.25,11.23,17.56,17.78,12.75,17.12,11.77,19.78,15.68,17.47,16.16,13.72,15.85,16.44,13.86,16.07,18.25,15.07,18.3,12.28,13.17,14.93,38.66,29.39,25.75,28.34,16.08,26.12,22.82,24.79,21.33,14.89,15.34,24.83,18.45,23.64,15.96,25.75,12.92,16.0,24.02,15.63,18.07,15.04,27.4,17.99,22.01,8.12,20.22,14.62,11.25,15.31,13.82,14.2,7.53,11.38,21.44,10.44,16.95,17.38,18.93,26.03,33.27,19.4,25.7,21.24,33.85,39.89,26.59,44.08,29.96,44.71,27.64,24.56,22.8,22.0,38.83,7.46,6.55,20.41,26.5,26.75,27.65,24.36,21.3,25.36,24.37,19.41,6.16,4.96,26.57,23.53,3.82,4.2,8.16,9.49,13.31,15.93,15.47,13.47,7.19,6.62,16.6,15.01,7.05,11.36,14.51,10.77,11.38,9.27,21.93,21.54,17.39,20.7,21.15,17.1,5.58,8.39,8.56,7.66,5.68,2.71,6.88,7.11,4.37,5.05,5.64,8.78,7.61,25.36,27.54,29.74,26.29,26.06,27.39,32.77,28.94,24.51,25.39,32.33,27.04,24.86,27.98,32.73,25.99,22.34,23.65,24.31,21.21,34.12,24.3,23.44,25.48,26.65,26.16,13.53,14.42,16.32,0.0,12.84,10.96,8.48,8.93,3.01,6.83,9.49,5.07,2.35,5.78,5.64,10.44,10.36,2.2,4.77,6.29,1.76,7.23,5.99,17.33,16.39,27.67,26.99,21.13,31.44,28.22,25.8,24.22,20.31,28.17,22.31,30.47,25.41,26.03,26.35,20.92,23.66,25.02,25.53,23.25,24.16,18.03,19.52,14.49,16.77,15.71,11.9,15.31,16.88,10.6,10.8,17.37,12.0,21.48,20.77,22.01,24.55,25.76,26.9,20.44,23.52,27.82,20.87,25.41,21.17,26.35,28.36,19.61,25.01
21.34,11.06,12.99,23.68,17.84,14.52,15.33,11.76,12.15,17.15,14.15,11.35,7.9,20.2,13.93,18.51,32.01,12.43,21.75,15.38,10.67,11.48,11.08,24.23,20.53,22.54,17.71,15.95,16.1,15.96,9.55,12.61,7.05,12.3,10.31,13.15,12.97,5.83,18.19,13.79,9.44,1.18,15.25,10.76,10.28,32.32,4.98,15.06,19.12,22.08,8.8,9.05,8.52,23.75,15.49,3.85,24.06,13.29,15.31,14.97,10.2,14.4,10.85,18.34,3.6,11.8,20.18,12.03,12.53,10.33,10.59,13.87,22.54,17.2,12.12,4.91,8.83,10.86,9.43,18.92,7.53,18.32,15.04,14.95,15.05,13.61,17.45,18.67,13.9,10.69,4.77,11.47,17.43,11.16,12.72,13.96,11.36,16.98,4.58,14.41,6.27,3.67,6.88,7.66,9.9,4.59,9.24,2.57,14.35,7.79,9.59,8.28,4.94,7.97,8.55,5.7,8.18,10.37,7.19,10.41,4.12,3.19,7.05,30.78,21.51,17.87,20.45,27.53,18.23,14.93,16.9,13.45,12.12,12.58,16.94,18.51,19.04,11.36,21.15,14.01,11.31,16.14,15.45,13.47,16.32,22.8,24.45,28.47,13.86,26.68,20.78,17.64,21.77,20.27,18.79,13.27,20.05,27.9,14.91,23.11,9.5,11.04,18.14,25.39,11.52,17.81,13.35,25.97,32.01,18.71,36.2,22.08,36.83,19.75,16.67,14.92,14.11,30.95,13.22,12.29,12.53,18.62,18.86,19.76,16.48,13.42,17.48,16.48,11.52,17.6,16.41,18.69,15.64,9.79,15.64,19.6,20.94,24.75,27.38,26.91,24.91,18.64,18.06,28.05,26.45,18.5,22.8,25.96,22.21,22.83,3.52,14.05,13.66,9.5,12.81,13.43,9.38,16.3,19.11,19.27,18.38,16.4,13.42,17.59,17.82,15.08,15.76,16.36,19.5,18.33,17.48,19.65,21.85,18.4,18.17,19.51,24.89,21.06,16.63,17.51,24.45,19.16,16.98,20.1,24.84,18.11,14.46,15.77,16.42,13.32,26.23,16.41,15.56,17.6,18.76,18.27,5.81,10.29,8.59,12.84,0.0,2.62,10.28,13.15,8.78,11.76,5.3,9.35,10.43,12.31,13.09,14.8,1.56,13.1,11.3,11.26,12.41,9.04,11.16,12.65,12.91,22.48,22.31,16.44,26.25,24.74,17.32,19.53,15.62,24.69,13.83,25.28,16.93,18.32,21.15,12.44,18.97,20.33,20.85,14.77,15.68,15.26,14.83,15.33,13.28,12.94,10.05,16.15,14.11,10.32,5.26,14.61,3.66,18.0,17.28,18.52,21.06,22.27,23.42,16.95,20.04,24.34,17.38,21.93,17.68,22.87,24.88,16.13,21.52
22.73,9.17,14.38,25.07,19.23,15.91,16.72,13.16,10.26,18.54,12.26,12.74,9.29,21.6,15.32,16.62,33.4,10.54,23.14,13.5,12.06,12.87,9.19,25.62,21.92,23.93,15.82,17.34,17.49,17.35,7.66,14.01,5.16,10.41,11.7,11.28,11.08,5.27,19.58,15.18,10.83,2.57,16.65,12.15,8.39,33.71,6.37,13.18,20.51,23.47,10.19,7.16,6.63,25.14,13.61,5.24,22.18,14.68,16.7,16.36,11.59,15.8,8.96,16.45,3.18,9.91,21.57,10.14,10.64,8.44,11.99,15.27,23.93,18.59,13.51,5.5,10.22,12.25,7.54,20.31,5.64,19.71,16.43,13.07,13.18,15.0,18.84,20.06,12.03,12.08,2.89,9.57,18.82,12.55,10.83,12.08,9.47,18.37,5.98,15.8,7.66,4.42,8.27,9.06,11.29,5.98,10.63,3.96,12.46,9.19,10.98,9.67,6.33,9.36,9.94,7.09,9.58,11.76,8.58,12.52,5.51,4.58,8.44,32.17,22.9,19.26,21.85,25.65,19.63,16.32,18.29,14.84,13.51,13.98,18.34,19.9,20.44,12.75,22.55,15.4,12.7,17.53,16.84,14.86,17.71,24.2,25.84,29.86,15.25,28.07,22.17,19.03,23.16,21.66,20.18,14.66,21.45,29.29,16.31,24.5,10.89,12.44,19.53,26.78,12.91,19.2,14.74,27.36,33.4,20.1,37.59,23.47,38.22,21.14,18.07,16.31,15.51,32.34,14.61,13.68,13.92,20.01,20.25,21.16,17.87,14.81,18.87,17.87,12.91,15.73,14.53,20.08,17.04,7.92,13.77,17.73,19.06,22.88,25.5,25.04,23.03,16.76,16.19,26.17,24.58,16.62,20.93,24.08,20.33,20.95,1.64,15.44,15.05,10.89,14.21,11.54,7.49,14.42,17.23,17.4,16.5,14.52,11.54,15.72,15.95,13.21,13.89,14.48,17.62,16.45,18.87,21.04,23.24,19.79,19.56,20.9,26.28,22.45,18.02,18.9,25.84,20.55,18.37,21.49,26.23,19.5,15.85,17.16,17.81,14.72,26.03,17.8,16.95,18.99,20.05,19.66,3.92,8.4,6.7,10.96,2.62,0.0,8.39,11.26,6.9,9.87,3.43,7.48,8.56,10.44,15.16,12.91,1.43,11.23,9.42,9.37,10.53,7.14,9.27,10.76,11.02,20.59,20.42,14.55,24.36,22.85,18.67,17.64,13.73,22.8,15.23,23.39,19.76,19.45,19.26,13.83,17.08,18.44,18.96,16.17,16.4,13.37,12.94,13.44,11.39,11.05,8.16,14.26,12.22,8.43,3.37,12.71,1.77,16.11,15.39,16.63,19.17,20.38,21.53,15.06,18.15,22.45,15.49,20.04,15.79,20.98,22.99,14.24,19.63
31.44,12.94,23.09,33.78,27.94,24.62,25.43,16.78,1.87,27.25,11.89,21.45,18.27,20.23,16.53,17.42,42.11,10.17,31.85,11.01,20.77,14.22,12.96,34.33,30.63,32.64,16.61,26.05,26.2,26.06,6.2,15.36,8.46,14.18,16.78,8.79,2.69,13.33,28.29,16.39,19.54,10.23,25.36,20.86,9.19,42.42,15.35,10.69,19.63,32.18,18.9,10.94,10.52,29.92,11.12,12.89,19.69,15.89,25.41,25.07,15.22,24.51,7.84,16.08,10.83,9.54,30.28,8.97,11.44,12.22,20.7,23.98,32.64,27.3,22.22,12.68,18.93,20.96,10.43,29.02,9.41,23.45,25.14,10.58,10.69,23.71,27.55,28.77,9.54,16.29,10.55,10.37,27.53,21.26,14.61,9.59,9.61,27.08,14.96,24.51,17.26,13.47,17.25,19.78,20.0,14.97,19.34,11.61,16.23,17.9,17.18,18.38,15.94,18.07,18.65,16.08,18.28,20.47,17.29,16.29,14.49,12.24,17.15,40.88,31.61,27.97,30.56,23.16,28.34,25.03,27.0,23.55,22.22,22.69,27.05,28.61,29.14,21.46,31.26,20.0,21.41,26.24,25.55,23.57,26.42,32.91,25.07,29.09,15.2,27.3,21.7,18.32,22.39,20.89,21.27,14.61,18.46,28.52,17.52,24.03,19.6,21.15,28.24,35.49,21.62,27.91,23.45,36.07,42.11,28.81,46.3,32.18,46.93,29.85,26.78,25.02,24.22,41.05,14.53,13.63,22.63,28.72,28.96,29.87,26.58,23.52,27.58,26.58,21.62,13.24,12.04,28.79,25.75,10.9,11.28,15.24,16.57,20.39,23.01,22.55,20.54,14.27,13.7,23.68,22.09,14.13,18.44,21.59,17.85,18.46,9.3,24.15,23.76,19.6,22.92,15.31,11.26,11.93,15.16,13.67,14.01,12.03,9.06,13.23,13.85,10.72,11.4,11.99,15.13,13.96,27.58,25.11,31.95,24.58,28.27,29.61,31.06,31.16,22.98,22.67,30.62,29.26,27.08,26.27,31.02,24.28,24.56,22.68,26.52,23.43,27.33,26.51,25.66,27.7,20.85,22.52,7.69,8.58,10.48,8.48,10.28,8.39,0.0,2.87,6.88,1.48,11.66,11.07,6.18,2.53,12.78,4.38,9.09,8.85,3.71,3.67,8.15,1.25,1.35,11.55,10.61,21.89,21.21,15.35,25.66,22.44,19.47,18.44,14.53,22.39,24.48,24.69,20.55,20.24,20.57,23.09,17.88,19.23,19.75,20.53,17.2,12.25,13.74,8.71,10.98,9.93,6.12,9.53,11.1,4.82,5.02,11.59,6.62,15.7,14.99,16.23,18.76,19.97,21.12,14.66,17.74,22.04,15.08,19.63,15.39,20.57,22.58,13.83,19.22
31.9,13.25,23.55,34.24,28.4,25.08,25.89,17.24,1.01,27.71,12.45,21.91,18.73,20.69,16.99,17.98,42.57,10.73,32.31,11.47,21.23,14.68,13.26,34.79,31.09,33.1,17.18,26.51,26.66,26.52,6.77,15.82,9.03,14.49,17.24,9.24,2.86,13.79,28.75,16.85,20.0,13.1,25.81,21.32,9.75,42.88,15.81,11.15,20.09,32.64,19.36,11.24,11.09,30.49,11.58,16.5,20.15,16.35,25.87,25.53,15.68,24.96,8.4,16.65,12.78,10.1,30.74,9.53,12.0,12.52,21.15,24.43,33.1,27.76,22.68,13.13,19.39,21.42,11.0,29.48,9.72,24.02,25.6,11.04,11.15,24.17,28.01,29.23,10.0,16.75,11.58,10.93,27.99,21.72,14.91,10.05,10.18,27.54,15.42,24.97,17.72,13.93,17.71,20.24,20.46,15.43,19.8,14.45,16.54,18.35,17.48,18.84,16.4,18.53,19.11,16.54,18.74,20.93,17.75,16.6,14.95,15.85,17.61,41.34,32.07,28.43,31.02,23.62,28.8,25.49,27.46,24.01,22.68,23.14,27.51,29.07,29.6,21.92,31.71,20.45,21.87,26.7,26.01,24.03,26.88,33.36,25.53,29.55,15.66,27.76,22.16,18.78,22.85,21.35,21.73,15.06,18.92,28.98,17.98,24.49,20.06,21.6,28.7,35.95,22.08,28.37,23.91,36.53,42.57,29.27,46.76,32.64,47.39,30.31,27.23,25.48,24.68,41.51,14.99,14.09,23.09,29.18,29.42,30.32,27.04,23.98,28.04,27.04,22.08,13.7,12.5,29.25,26.2,11.36,11.74,15.7,17.03,20.85,23.47,23.01,21.0,14.73,14.16,24.14,22.55,14.59,18.9,22.05,18.3,18.92,11.94,24.61,24.22,20.06,23.37,15.61,12.34,12.39,15.33,13.84,14.47,12.49,9.51,13.69,14.02,11.18,11.86,12.45,15.59,15.56,28.04,25.68,32.41,25.14,28.73,30.07,31.63,31.62,23.55,23.23,31.19,29.72,27.54,26.84,31.58,24.85,25.02,23.24,26.98,23.88,27.89,26.97,26.12,28.16,21.41,23.09,9.58,9.14,10.78,8.93,13.15,11.26,2.87,0.0,7.33,2.1,12.12,11.52,6.64,3.15,13.24,1.5,11.96,9.31,5.5,6.54,8.61,4.12,3.52,12.12,11.18,22.45,21.78,15.91,26.23,23.01,20.03,19.0,15.09,22.96,24.94,25.26,21.11,20.81,21.13,23.54,18.44,19.8,20.32,21.09,17.76,12.82,14.3,6.96,11.55,10.49,6.69,7.79,11.66,5.38,7.89,12.16,9.5,16.26,15.55,16.79,19.33,20.54,21.69,15.22,18.31,22.6,15.65,20.2,15.95,21.13,23.15,14.4,19.79
27.57,15.34,19.21,29.9,24.06,20.74,21.55,11.31,6.33,23.37,16.07,17.58,14.39,14.76,11.06,21.6,38.24,14.35,27.98,5.54,16.9,8.75,15.35,30.45,26.75,28.76,20.79,22.18,22.33,22.18,10.38,9.89,11.32,16.58,11.32,3.32,6.81,7.25,24.41,10.93,15.67,8.72,21.48,16.98,13.37,38.54,11.48,5.46,14.16,28.3,15.03,13.33,12.8,29.97,5.66,12.17,14.22,10.42,21.54,21.19,9.75,20.63,12.02,20.27,6.1,13.72,26.4,13.15,15.62,14.61,16.82,20.1,28.77,23.43,18.35,6.22,15.05,17.09,13.7,25.14,11.81,24.54,21.27,5.11,5.22,19.83,23.67,24.89,4.07,10.82,4.89,14.55,23.66,17.38,17.0,4.12,13.8,23.2,11.08,20.64,13.39,6.42,13.38,15.9,16.12,11.09,15.46,7.7,18.12,14.02,15.81,14.5,12.06,14.19,14.78,12.2,14.41,16.59,13.41,16.64,10.62,11.51,13.27,37.0,27.74,24.09,26.68,17.69,24.46,21.16,23.13,19.67,18.35,18.81,23.17,24.74,25.27,17.58,27.38,14.53,17.53,22.36,21.68,19.7,22.54,29.03,19.6,23.62,9.73,21.83,16.23,12.86,16.92,15.42,15.81,9.14,12.99,23.05,12.05,18.56,15.72,17.27,24.37,31.61,17.74,24.04,19.58,32.19,38.23,24.94,42.42,28.31,43.05,25.98,22.9,21.14,20.34,37.17,9.06,8.16,18.75,24.84,25.09,25.99,22.71,19.64,23.7,22.71,17.75,7.77,6.57,24.91,21.87,5.43,5.81,9.77,11.1,14.92,17.54,17.08,15.08,8.8,8.23,18.21,16.62,8.66,12.97,16.12,12.38,12.99,5.26,20.27,19.88,15.73,19.04,17.7,13.65,6.7,9.51,9.68,8.78,6.8,3.82,8.0,8.23,5.49,6.17,6.76,9.9,8.73,23.71,25.88,28.08,24.63,24.4,25.73,31.11,27.29,22.85,23.73,30.67,25.38,23.2,26.32,31.07,24.33,20.68,21.99,22.65,19.55,32.46,22.64,21.78,23.82,24.99,24.5,10.08,12.76,12.87,3.01,8.78,6.9,6.88,7.33,0.0,5.23,5.43,4.84,2.3,4.18,7.25,8.83,6.3,3.56,3.17,4.69,2.86,5.63,4.39,15.73,14.79,26.07,25.39,19.53,29.84,26.62,24.2,22.62,18.71,26.57,20.71,28.87,23.81,24.42,24.75,19.32,22.06,23.41,23.93,21.65,22.56,16.43,17.91,12.89,15.16,14.11,10.3,13.71,15.28,9.0,9.19,15.77,7.93,19.88,19.17,20.41,22.94,24.15,25.3,18.84,21.92,26.22,19.26,23.81,19.57,24.75,26.76,18.01,23.4
29.8,14.42,21.44,32.14,26.3,22.98,23.78,15.14,1.1,25.61,13.37,19.81,16.63,18.59,14.89,18.9,40.47,11.64,30.21,9.37,19.13,12.58,14.44,32.69,28.99,30.99,18.09,24.41,24.56,24.42,7.68,13.72,9.94,15.66,15.14,7.14,1.84,11.68,26.64,14.75,17.9,13.94,23.71,19.22,10.66,40.77,13.71,9.05,17.98,30.53,17.26,12.41,12.0,32.21,9.48,14.4,18.05,14.25,23.77,23.43,13.58,22.86,9.32,17.56,10.68,11.02,28.63,10.45,12.92,13.69,19.05,22.33,31.0,25.66,20.58,11.03,17.28,19.32,11.91,27.37,10.89,26.78,23.5,8.94,9.04,22.07,25.91,27.12,7.89,14.64,9.48,11.85,25.89,19.62,16.08,7.95,11.09,25.44,13.31,22.87,15.62,11.83,15.61,18.13,18.36,13.32,17.7,12.35,17.71,16.25,18.04,16.73,14.29,16.43,17.01,14.43,16.64,18.83,15.64,18.87,12.85,13.74,15.51,39.23,29.97,26.33,28.91,21.52,26.69,23.39,25.36,21.91,20.58,21.04,25.4,26.97,27.5,19.82,29.61,18.35,19.76,24.59,23.91,21.93,24.78,31.26,23.42,27.45,13.55,25.66,20.05,16.68,20.74,19.25,19.63,12.96,16.81,26.88,15.87,22.38,17.96,19.5,26.6,33.84,19.97,26.27,21.81,34.43,40.47,27.17,44.66,30.54,45.29,28.21,25.13,23.38,22.57,39.4,12.89,11.98,20.99,27.08,27.32,28.22,24.94,21.88,25.94,24.94,19.98,11.59,10.4,27.14,24.1,9.25,9.63,13.59,14.93,18.74,21.37,20.9,18.9,12.63,12.05,22.04,20.44,12.49,16.79,19.95,16.2,16.82,9.84,22.51,22.11,17.96,21.27,16.79,12.74,10.29,14.31,12.82,12.37,10.39,7.41,11.58,11.81,9.07,9.75,10.35,13.49,12.32,25.94,28.11,30.31,26.86,26.63,27.97,33.34,29.52,25.08,25.97,32.91,27.61,25.43,28.56,33.3,26.56,22.91,24.23,24.88,21.78,28.81,24.87,24.01,26.05,22.33,24.0,9.17,10.05,11.95,6.83,11.76,9.87,1.48,2.1,5.23,0.0,10.01,9.42,4.54,1.05,11.14,3.6,10.88,7.21,3.39,4.92,6.51,2.72,2.12,13.03,12.09,23.37,22.69,16.83,27.14,23.92,20.94,19.92,16.0,23.87,22.83,26.17,22.03,21.72,22.05,21.44,19.35,20.71,21.23,23.77,18.67,13.73,15.21,9.07,12.46,11.41,7.6,9.89,12.57,6.3,6.49,13.07,8.1,17.18,16.47,17.71,20.24,21.45,22.6,16.13,19.22,23.52,16.56,21.11,16.86,22.05,24.06,15.31,20.7
23.03,11.86,14.68,25.37,19.53,16.21,17.02,13.73,11.11,18.84,14.95,13.04,9.86,21.9,17.55,19.32,33.7,13.23,23.45,12.03,12.37,15.24,11.88,25.92,22.22,24.23,18.51,17.64,17.79,17.65,10.35,16.38,7.85,13.11,12.28,9.8,11.59,3.79,19.88,17.41,11.13,5.25,16.95,12.45,11.09,34.01,6.94,11.71,20.81,23.77,10.49,9.86,9.32,25.44,12.14,5.75,20.71,16.91,17.0,16.66,12.17,16.1,11.65,19.15,2.63,12.6,21.87,12.83,13.34,11.14,12.29,15.57,24.23,18.89,13.81,4.03,10.52,12.55,10.23,20.61,8.34,20.01,16.73,11.6,11.7,15.3,19.14,20.36,10.56,12.66,1.42,12.27,19.12,12.85,13.53,10.61,12.16,18.67,6.55,16.1,8.85,2.94,8.85,11.37,11.59,6.56,10.93,3.97,15.15,9.49,11.28,9.97,7.53,9.66,10.24,7.67,9.88,12.06,8.88,12.11,6.08,5.1,8.74,32.47,23.2,19.56,22.15,24.18,19.93,16.62,18.59,15.14,13.81,14.28,18.64,20.2,20.74,13.05,22.85,15.7,13.0,17.83,17.15,15.16,18.01,24.5,26.14,30.16,16.21,28.37,22.47,19.33,23.46,21.97,20.48,15.62,19.47,29.59,18.53,24.8,11.19,12.74,19.83,27.08,13.21,19.5,15.04,27.66,33.7,20.4,37.89,23.77,38.52,21.44,18.37,16.61,15.81,32.64,15.55,14.64,14.22,20.31,20.55,21.46,18.17,15.11,19.17,18.17,13.21,14.25,13.06,20.38,17.34,6.45,12.3,16.25,17.59,21.4,24.03,23.56,21.56,15.29,14.71,24.7,23.1,15.15,19.46,22.61,18.86,19.48,1.79,15.74,15.35,11.2,14.51,14.23,10.18,12.95,15.76,15.92,15.03,13.05,10.07,14.24,14.48,11.74,12.41,13.01,16.15,14.98,19.17,21.34,23.54,20.09,19.86,21.2,26.58,22.75,18.32,19.2,26.14,20.85,18.67,21.79,26.54,19.8,16.15,17.46,18.11,15.02,28.72,18.1,17.25,19.29,20.46,19.96,6.61,11.09,9.4,9.49,5.3,3.43,11.66,12.12,5.43,10.01,0.0,6.0,7.08,8.96,13.68,13.61,2.83,9.75,7.95,9.47,9.06,9.84,9.17,13.45,13.71,23.28,23.11,17.25,27.06,25.54,21.36,20.34,16.43,25.49,15.75,26.09,18.85,22.14,21.95,14.36,19.78,21.13,21.65,16.69,19.09,16.07,15.63,16.13,14.08,13.75,10.85,16.95,14.91,11.12,6.07,15.41,4.46,18.8,18.09,19.33,21.86,23.07,24.22,17.76,20.84,25.14,18.18,22.73,18.49,23.67,25.68,16.93,22.32
23.94,15.91,15.58,26.28,20.44,17.12,17.93,9.7,10.52,19.75,19.0,13.95,10.3,13.15,9.45,21.68,34.61,17.28,24.35,4.88,13.27,7.14,15.93,26.83,23.13,25.14,22.56,18.55,18.7,18.56,14.57,8.28,11.9,15.69,9.7,3.25,11.0,5.47,20.78,9.31,12.04,8.08,17.85,13.36,15.13,34.92,7.85,10.05,12.54,24.68,11.4,13.91,13.37,26.35,4.99,8.54,13.56,8.81,17.91,17.57,8.14,17.0,15.7,23.2,6.35,16.65,22.78,16.88,17.39,15.19,13.19,16.47,25.14,19.8,14.72,4.44,11.42,13.46,14.28,21.52,12.38,20.92,17.64,4.21,3.6,16.21,20.05,21.27,2.78,9.2,5.47,16.32,20.03,13.76,15.12,3.65,16.21,19.58,7.46,17.01,9.76,5.61,9.75,12.28,12.5,7.46,11.84,6.13,14.49,10.39,12.19,10.88,8.43,10.57,11.15,8.57,10.78,12.97,9.78,13.01,6.99,7.88,9.65,33.38,24.11,20.47,23.05,17.03,20.83,17.53,19.5,16.05,14.72,15.18,19.54,18.45,21.64,13.96,23.75,12.91,13.91,18.73,18.05,16.07,15.03,25.4,17.98,22.01,8.11,20.22,14.61,11.24,15.3,13.81,14.19,7.52,11.37,21.44,10.43,16.95,12.1,13.64,20.74,27.99,14.12,20.41,15.95,28.57,34.61,21.31,38.8,24.68,39.43,22.35,19.27,17.52,16.71,33.55,7.45,6.54,15.13,21.22,21.46,22.36,19.08,16.02,20.08,19.08,14.12,7.11,5.91,21.29,18.24,1.25,3.13,9.11,10.44,14.26,16.88,16.42,14.41,8.14,7.57,17.55,15.96,8.0,12.31,15.46,11.71,12.33,5.83,16.65,16.25,12.1,15.41,16.81,14.23,11.3,14.11,14.27,13.37,11.39,8.42,12.59,12.82,10.08,10.76,11.35,14.49,13.32,20.08,22.25,24.45,21.0,20.77,22.11,27.49,23.66,19.23,20.11,27.05,21.76,19.58,22.7,27.44,20.7,17.06,18.37,19.02,15.92,28.83,19.01,18.15,20.2,21.36,20.87,10.66,15.14,13.45,5.07,9.35,7.48,11.07,11.52,4.84,9.42,6.0,0.0,6.49,8.37,5.64,13.02,6.87,8.16,7.36,8.88,7.46,9.82,8.58,17.5,17.76,26.3,26.13,21.3,30.07,29.59,20.57,23.35,20.47,29.54,17.09,29.1,20.18,21.57,24.97,15.69,21.53,24.15,24.67,18.03,18.93,20.12,19.68,17.08,18.13,17.79,14.49,17.9,18.96,13.19,10.12,19.46,8.51,22.85,22.14,23.38,25.91,27.12,28.27,21.8,24.89,29.19,22.23,26.78,22.53,27.72,29.73,20.98,26.37
26.87,16.43,18.52,29.21,23.37,20.05,20.86,10.66,5.64,22.68,15.38,16.88,11.26,14.11,10.41,20.91,37.54,13.65,27.28,4.89,16.2,8.1,16.45,29.76,26.06,28.07,20.1,21.48,21.63,21.49,9.69,9.24,11.95,17.67,10.66,2.66,6.12,8.76,23.72,10.27,14.97,11.02,20.79,16.29,12.68,37.85,10.78,4.57,13.5,27.61,14.33,14.42,14.01,29.28,5.0,11.47,13.57,9.77,20.84,20.5,9.1,19.94,11.33,19.57,7.76,13.03,25.71,12.46,14.93,15.7,16.13,19.41,28.07,22.73,17.65,8.11,14.36,16.39,13.92,24.45,12.9,23.85,20.57,4.46,4.56,19.14,22.98,24.2,3.41,10.16,6.55,13.86,22.96,16.69,18.05,3.47,13.1,22.51,10.39,19.94,12.69,8.9,12.69,15.21,15.43,10.4,14.77,9.42,17.43,13.33,15.12,13.81,11.37,13.5,14.08,11.51,13.72,15.9,12.72,15.95,9.92,10.82,12.58,36.31,27.04,23.4,25.99,17.04,23.77,20.46,22.43,18.98,17.65,18.12,22.48,19.41,24.58,16.89,26.69,13.87,16.84,21.67,20.99,19.0,15.99,28.34,18.94,22.97,9.07,21.18,15.57,12.2,16.26,14.77,15.15,8.48,12.33,22.4,11.39,17.91,15.03,16.58,23.67,30.92,17.05,23.34,18.88,31.5,37.54,24.24,41.73,27.61,42.36,25.28,22.21,20.45,19.65,36.48,8.41,7.5,18.06,24.15,24.39,25.3,22.01,18.95,23.01,22.01,17.05,7.11,5.92,24.22,21.18,4.77,5.16,9.11,10.45,14.26,16.89,16.42,14.42,8.15,7.57,17.56,15.96,8.01,12.32,15.47,11.72,12.34,6.92,19.58,19.19,15.03,18.35,18.8,14.75,5.81,8.62,8.78,7.89,5.91,2.93,7.1,7.34,4.6,5.27,5.87,9.01,7.84,23.01,25.18,27.38,23.93,23.7,25.04,30.42,26.59,22.16,23.04,29.98,24.69,22.51,25.63,30.38,23.64,19.99,21.3,21.95,18.86,31.77,21.94,21.09,23.13,24.3,23.8,11.18,12.06,13.96,2.35,10.43,8.56,6.18,6.64,2.3,4.54,7.08,6.49,0.0,3.43,6.6,8.08,8.01,2.67,2.42,3.94,1.97,4.88,3.64,14.98,14.04,25.32,24.64,18.78,29.09,25.87,23.45,21.87,17.96,25.82,19.96,28.12,23.06,23.67,24.0,18.57,21.31,22.66,23.18,20.9,21.81,15.68,17.17,12.14,14.41,13.36,9.55,12.96,14.53,8.25,8.45,15.02,9.64,19.13,18.42,19.66,22.19,23.4,24.55,18.09,21.17,25.47,18.51,23.06,18.82,24.0,26.01,17.26,22.65
28.75,15.47,20.4,31.09,25.25,21.93,22.74,14.09,2.14,24.56,14.41,18.76,15.58,17.54,13.84,19.94,39.42,12.69,29.16,8.32,18.08,11.53,15.48,31.64,27.94,29.95,19.14,23.36,23.51,23.37,8.73,12.67,10.99,16.71,14.09,6.09,2.63,10.64,25.6,13.7,16.85,12.9,22.66,18.17,11.71,39.73,12.66,8.0,16.94,29.49,16.21,13.46,13.05,31.16,8.43,13.35,17.0,13.2,22.72,22.38,12.53,21.81,10.36,18.61,9.63,12.07,27.59,11.49,13.96,14.74,18.0,21.29,29.95,24.61,19.53,9.98,16.24,18.27,12.96,26.33,11.94,25.73,22.45,7.89,8.0,21.02,24.86,26.08,6.85,13.6,8.43,12.89,24.84,18.57,17.13,6.9,12.14,24.39,12.27,21.82,14.57,10.78,14.56,17.09,17.31,12.28,16.65,11.3,19.3,15.2,17.0,15.69,13.25,15.38,15.96,13.39,15.59,17.78,14.6,17.83,11.8,12.7,14.46,38.19,28.92,25.28,27.87,20.47,25.65,22.34,24.31,20.86,19.53,19.99,24.36,25.92,26.45,18.77,28.56,17.31,18.72,23.55,22.86,20.88,23.73,30.21,22.38,26.4,12.51,24.61,19.01,15.63,19.7,18.2,18.58,11.91,15.77,25.83,14.83,21.34,16.91,18.45,25.55,32.8,18.93,25.22,20.76,33.38,39.42,26.12,43.61,29.49,44.24,27.16,24.08,22.33,21.53,38.36,11.84,10.94,19.94,26.03,26.27,27.18,23.89,20.83,24.89,23.89,18.93,10.55,9.35,26.1,23.05,8.21,8.59,12.55,13.88,17.7,20.32,19.86,17.85,11.58,11.01,20.99,19.4,11.44,15.75,18.9,15.15,15.77,8.79,21.46,21.07,16.91,20.22,17.83,13.79,9.24,12.05,12.22,11.32,9.34,6.36,10.54,10.77,8.03,8.71,9.3,12.44,11.27,24.89,27.06,29.26,25.81,25.58,26.92,32.3,28.47,24.04,24.92,31.86,26.57,24.39,27.51,32.25,25.52,21.87,23.18,23.83,20.73,29.85,23.82,22.97,25.01,23.37,25.68,10.21,11.1,13.0,5.78,12.31,10.44,2.53,3.15,4.18,1.05,8.96,8.37,3.43,0.0,10.09,4.65,9.84,6.16,2.35,3.87,5.46,3.77,3.57,14.08,13.14,24.41,23.74,17.87,28.19,24.97,21.99,20.96,17.05,24.92,21.79,27.22,24.89,22.77,23.1,20.39,20.4,21.76,22.28,22.73,19.72,14.78,16.26,10.11,13.51,12.45,8.65,10.94,13.62,7.35,7.54,14.12,9.15,18.22,17.51,18.75,21.29,22.5,23.65,17.18,20.27,24.56,17.61,22.16,17.91,23.1,25.11,16.36,21.75
22.08,15.75,16.66,26.24,20.41,18.19,16.06,4.67,12.23,19.72,21.98,13.93,5.28,8.12,4.42,21.65,34.57,20.25,24.31,5.45,13.27,2.11,17.24,26.79,21.27,25.1,22.12,19.91,18.67,19.63,16.29,3.25,18.55,15.68,4.67,4.66,12.72,15.36,18.92,4.29,10.08,11.91,17.83,13.33,19.27,34.88,10.57,10.62,7.52,22.81,10.14,18.16,20.61,26.32,5.57,11.76,12.0,3.78,17.89,17.54,3.11,16.98,17.92,26.17,14.36,19.63,20.91,19.06,21.53,17.61,13.17,16.45,25.1,21.17,14.7,14.71,11.4,13.44,20.52,19.65,19.5,20.89,19.01,4.38,2.54,16.18,20.02,21.23,3.35,4.18,13.15,20.46,20.0,13.73,15.11,4.23,19.7,19.55,10.17,16.99,11.5,15.5,6.2,12.27,12.47,9.02,11.81,11.16,14.49,9.76,12.18,8.91,10.16,10.54,10.19,7.97,10.78,12.94,8.75,13.01,9.69,10.92,9.64,33.33,22.25,18.61,22.48,15.47,20.27,18.9,17.64,17.41,9.86,10.31,17.68,13.42,18.61,10.92,20.72,7.89,10.97,16.87,10.6,13.04,10.01,22.37,12.96,16.98,3.09,15.19,9.59,6.21,10.28,8.78,9.17,2.5,6.35,16.41,5.41,11.92,10.13,14.72,20.72,27.95,15.19,20.39,17.02,28.54,31.8,21.28,36.25,24.66,39.4,22.33,20.35,18.59,17.79,30.24,2.42,1.52,15.1,21.19,21.44,22.34,19.06,15.99,20.05,19.06,14.1,6.02,7.1,21.26,18.22,4.39,2.08,7.55,8.88,12.7,15.32,14.86,12.85,6.58,8.14,15.99,14.4,6.44,10.75,13.9,10.16,10.77,13.52,16.62,16.23,12.1,15.41,16.81,17.0,11.87,14.68,14.84,14.04,11.97,8.99,13.16,13.39,10.65,11.33,11.93,13.37,13.9,20.06,22.23,24.43,20.98,20.75,22.08,27.46,23.64,19.2,20.08,27.02,21.73,19.55,22.67,27.42,20.68,17.03,18.34,19.0,15.9,28.81,18.99,18.13,20.17,21.34,20.85,17.78,18.66,20.56,5.64,13.09,15.16,12.78,13.24,7.25,11.14,13.68,5.64,6.6,10.09,0.0,14.68,14.61,8.73,9.02,10.54,8.03,11.48,10.24,21.58,20.64,26.1,25.93,23.15,29.88,28.26,20.37,23.16,24.56,28.2,16.93,28.91,19.99,21.37,24.78,15.5,21.33,23.95,24.47,17.83,18.78,22.28,23.76,18.74,21.01,19.96,16.15,19.56,21.13,14.85,15.04,21.62,16.24,25.73,25.02,26.26,28.79,30.0,31.15,24.69,27.77,32.07,25.11,29.66,25.42,30.6,32.61,23.86,29.25
33.4,12.66,25.05,35.74,29.9,26.58,27.39,18.74,2.51,29.21,11.87,23.41,20.23,22.19,18.49,17.4,44.07,10.15,33.81,12.97,19.0,16.18,12.68,36.29,32.59,34.6,16.59,28.01,28.16,28.02,6.18,17.32,8.45,13.91,18.74,10.75,4.36,15.29,30.25,18.35,21.5,14.75,27.32,22.82,9.17,44.38,17.31,12.65,21.59,34.14,20.86,10.66,10.51,29.9,13.08,18.0,21.65,17.85,27.37,27.03,17.18,26.47,7.82,16.07,14.29,9.52,32.24,8.95,11.42,11.94,22.66,25.94,34.6,29.26,24.18,14.64,20.89,22.92,10.42,30.98,9.14,23.43,27.1,12.54,12.65,25.67,29.51,30.73,11.5,18.25,13.08,10.35,29.49,23.22,14.33,11.55,9.6,29.04,16.92,26.47,19.22,15.43,19.21,21.74,21.96,16.93,21.3,15.95,15.95,19.86,16.9,20.34,17.9,20.03,20.61,18.04,17.76,22.43,19.25,16.01,16.45,17.35,19.11,42.84,33.57,29.93,32.52,25.12,30.3,26.99,28.96,25.51,24.18,24.65,29.01,30.57,31.1,23.42,33.22,21.96,23.37,28.2,27.51,25.53,28.38,34.87,27.03,31.05,17.16,29.26,23.66,20.28,24.35,22.85,23.23,16.57,20.42,30.48,19.48,25.99,21.56,23.11,30.2,37.45,23.58,29.87,25.41,38.03,44.07,30.77,48.26,34.14,48.89,31.81,28.74,26.98,26.18,43.01,16.49,15.59,24.59,30.68,30.92,31.83,28.54,25.48,29.54,28.54,23.58,15.2,14.0,30.75,27.71,12.86,13.24,17.2,18.53,22.35,24.97,24.51,22.5,16.23,15.66,25.64,24.05,16.09,20.4,23.55,19.81,20.42,13.45,24.4,23.3,17.83,21.14,15.03,11.76,13.89,16.83,15.34,15.97,13.99,11.02,15.19,15.52,12.68,13.36,13.95,17.09,17.07,29.54,25.1,33.91,24.56,30.23,31.57,31.04,33.12,22.97,22.65,30.61,25.59,29.04,26.26,31.0,24.26,24.81,22.66,28.48,23.67,27.31,24.97,24.3,29.66,20.83,22.5,9.0,8.56,10.2,10.44,14.8,12.91,4.38,1.5,8.83,3.6,13.61,13.02,8.08,4.65,14.68,0.0,13.61,10.81,7.0,8.04,10.11,5.62,5.02,11.53,10.59,21.87,21.19,15.33,25.64,22.42,19.45,18.42,14.51,22.37,22.69,24.67,20.53,20.22,20.55,25.05,17.86,19.22,19.73,20.51,17.18,12.23,13.72,6.38,10.97,9.91,6.1,7.21,11.08,4.8,9.74,11.57,11.15,15.68,14.97,16.21,18.75,19.95,21.1,14.64,17.72,22.02,15.07,19.61,15.37,20.55,22.56,13.81,19.2
21.67,9.87,13.31,24.01,18.17,14.85,15.65,12.09,10.96,17.48,12.96,11.68,8.22,20.53,14.25,17.32,32.34,11.24,22.08,12.9,11.0,11.8,9.88,24.56,20.86,22.86,16.52,16.28,16.43,16.28,8.36,12.94,5.86,11.11,10.64,10.67,12.46,4.66,18.51,14.12,9.77,1.51,15.58,11.09,9.09,32.64,5.3,12.58,19.45,22.4,9.13,7.86,7.33,24.07,13.01,4.17,21.58,13.62,15.64,15.29,10.53,14.73,9.66,17.15,2.58,10.61,20.5,10.84,11.34,9.14,10.92,14.2,22.87,17.53,12.45,5.24,9.15,11.19,8.24,19.24,6.34,18.65,15.37,12.47,12.57,13.94,17.78,18.99,11.43,11.02,2.29,10.27,17.76,11.49,11.53,11.48,10.17,17.31,4.91,14.74,6.59,4.0,7.21,7.99,10.23,4.92,9.57,2.89,13.16,8.12,9.91,8.6,5.27,8.3,8.88,6.03,8.51,10.7,7.51,10.74,4.45,3.52,7.38,31.1,21.84,18.2,20.78,25.05,18.56,15.26,17.23,13.78,12.45,12.91,17.27,18.84,19.37,11.69,21.48,14.34,11.63,16.46,15.78,13.8,16.65,23.13,24.77,28.8,14.19,27.01,21.1,17.97,22.09,20.6,19.12,13.59,20.38,28.23,15.24,23.44,9.82,11.37,18.47,25.71,11.84,18.14,13.68,26.3,32.34,19.04,36.53,22.41,37.16,20.08,17.0,15.25,14.44,31.27,13.54,12.62,12.86,18.95,19.19,20.09,16.81,13.75,17.81,16.81,11.85,15.12,13.93,19.01,15.97,7.32,13.17,17.12,18.46,22.27,24.9,24.44,22.43,16.16,15.58,25.57,23.97,16.02,20.33,23.48,19.73,20.35,1.04,14.38,13.98,9.83,13.14,12.24,8.19,13.82,16.63,16.8,15.9,13.92,10.94,15.12,15.35,12.61,13.28,13.88,17.02,15.85,17.81,19.98,22.18,18.73,18.5,19.83,25.21,21.39,16.95,17.83,24.78,19.48,17.3,20.43,25.17,18.43,14.78,16.09,16.75,13.65,26.73,16.74,15.88,17.92,20.75,18.6,4.62,9.1,7.4,10.36,1.56,1.43,9.09,11.96,6.3,10.88,2.83,6.87,8.01,9.84,14.61,13.61,0.0,10.62,8.82,10.07,9.93,7.84,9.97,11.46,11.72,21.29,21.12,15.25,25.06,23.55,19.37,18.34,14.43,23.5,14.16,24.09,17.26,20.15,19.96,12.77,17.78,19.14,19.66,15.1,17.1,14.07,13.64,14.14,12.09,11.75,8.86,14.96,12.92,9.13,4.07,13.41,2.47,16.8,16.09,17.33,19.87,21.08,22.23,15.76,18.85,23.15,16.19,20.74,16.49,21.68,23.69,14.94,20.33
29.54,19.1,21.19,31.88,26.04,22.72,23.53,12.79,8.3,25.35,18.05,19.55,13.39,16.24,12.54,23.58,40.21,16.32,29.95,7.02,18.87,10.23,19.11,32.43,28.73,30.74,22.77,24.15,24.3,24.16,12.36,11.36,14.62,20.34,12.79,4.79,8.79,11.43,26.39,12.4,17.64,13.69,23.46,18.96,15.34,40.52,13.45,4.26,15.63,30.28,17.0,17.09,16.68,31.95,7.13,14.14,14.52,11.9,23.51,23.17,11.22,22.61,14.0,22.24,10.43,15.7,28.38,15.13,17.6,18.37,18.8,22.08,30.74,25.4,20.32,10.78,17.03,19.06,16.59,27.12,15.57,26.52,23.24,6.58,6.69,21.81,25.65,26.87,5.54,12.29,9.22,16.53,25.63,19.36,20.72,5.6,15.77,25.18,13.06,22.61,15.36,11.57,15.35,17.88,18.1,13.07,17.44,12.09,20.1,15.99,17.79,16.48,14.04,16.17,16.75,14.18,16.38,18.57,15.39,18.62,12.59,13.49,15.25,38.98,29.71,26.07,28.66,17.99,26.44,23.13,25.1,21.65,20.32,20.79,25.15,21.54,27.24,19.56,29.36,16.0,19.51,24.34,23.65,21.67,18.12,31.0,21.07,25.1,11.2,23.3,17.7,14.33,18.39,16.9,17.28,10.61,14.46,24.53,13.52,20.03,17.7,19.25,26.34,33.59,19.72,26.01,21.55,34.17,40.21,26.91,44.4,30.28,45.03,27.95,24.88,23.12,22.32,39.15,10.54,9.63,20.73,26.82,27.06,27.97,24.68,21.62,25.68,24.68,19.72,9.24,8.05,26.89,23.84,6.9,7.28,11.24,12.58,15.21,17.84,17.37,15.37,10.28,9.7,18.51,16.91,10.13,14.44,16.42,13.45,13.29,9.59,22.25,21.86,17.7,21.01,21.47,17.42,5.5,8.31,8.48,7.58,5.6,2.62,6.8,7.03,4.29,4.96,5.56,8.7,7.53,25.68,27.85,30.05,26.6,26.37,27.71,33.09,29.26,24.83,25.71,32.65,27.36,25.18,28.3,33.04,26.31,22.66,23.97,24.62,21.52,34.43,24.61,23.76,25.8,26.96,26.47,13.85,14.73,16.63,2.2,13.1,11.23,8.85,9.31,3.56,7.21,9.75,8.16,2.67,6.16,8.73,10.81,10.62,0.0,5.09,6.61,1.68,7.55,6.31,17.65,16.71,27.99,27.31,21.45,31.76,28.54,26.12,24.54,20.63,28.49,22.63,30.79,25.73,26.34,26.67,21.24,23.98,25.33,25.85,23.57,24.48,18.35,19.83,14.81,17.08,16.03,12.22,15.63,17.2,10.92,11.11,17.69,12.31,21.8,21.09,22.33,24.86,26.07,27.22,20.76,23.84,28.14,21.18,25.73,21.49,26.67,28.68,19.93,25.32
27.74,13.96,19.38,30.07,24.23,20.91,21.72,13.08,4.49,23.54,12.9,17.74,14.56,16.52,12.82,18.43,38.41,11.18,28.15,7.31,17.07,10.51,13.97,30.62,26.92,28.93,17.63,22.34,22.49,22.35,7.22,11.65,9.48,15.2,13.08,5.08,4.97,9.62,24.58,12.69,15.84,11.88,21.65,17.15,10.2,38.71,11.65,6.98,15.92,28.47,15.2,11.95,11.54,30.14,7.42,12.33,15.98,12.19,21.71,21.36,11.51,20.8,8.85,17.1,8.62,10.55,26.57,9.98,12.45,13.23,16.99,20.27,28.93,23.6,18.52,8.97,15.22,17.26,11.45,25.31,10.43,24.71,21.44,6.87,6.98,20.0,23.84,25.06,5.83,12.58,7.41,11.38,23.82,17.55,15.62,5.89,10.63,23.37,11.25,20.81,13.55,9.76,13.55,16.07,16.29,11.26,15.63,10.28,17.25,14.19,15.98,14.67,12.23,14.36,14.95,12.37,14.58,16.76,13.58,16.81,10.79,11.68,13.44,37.17,27.9,24.26,26.85,19.45,24.63,21.33,23.3,19.84,18.52,18.98,23.34,24.91,25.44,17.75,27.55,16.29,17.7,22.53,21.85,19.87,22.71,29.2,21.36,25.38,11.49,23.59,17.99,14.62,18.68,17.19,17.57,10.9,14.75,24.81,13.81,20.32,15.89,17.44,24.54,31.78,17.91,24.21,19.75,32.36,38.4,25.1,42.59,28.48,43.22,26.15,23.07,21.31,20.51,37.34,10.83,9.92,18.92,25.01,25.26,26.16,22.88,19.81,23.87,22.88,17.92,9.53,8.34,25.08,22.04,7.19,7.57,11.53,12.86,16.68,19.3,18.84,16.84,10.56,9.99,19.97,18.38,10.42,14.73,17.88,14.14,14.76,7.78,20.44,20.05,15.9,19.21,16.32,12.27,8.23,11.04,11.2,10.3,8.32,5.35,9.52,9.75,7.01,7.69,8.28,11.42,10.25,23.87,26.05,28.25,24.8,24.57,25.9,31.28,27.45,23.02,23.9,30.84,25.55,23.37,26.49,31.24,24.5,20.85,22.16,22.82,19.72,28.34,22.81,21.95,23.99,21.86,24.67,8.7,9.59,11.49,4.77,11.3,9.42,3.71,5.5,3.17,3.39,7.95,7.36,2.42,2.35,9.02,7.0,8.82,5.09,0.0,1.53,4.45,2.46,1.22,12.57,11.62,22.9,22.23,16.36,26.68,23.46,20.48,19.45,15.54,23.41,20.77,25.7,21.56,21.26,21.58,19.38,18.89,20.25,20.77,21.71,18.21,13.26,14.75,9.72,12.0,10.94,7.13,10.55,12.11,5.83,6.03,12.6,7.64,16.71,16.0,17.24,19.78,20.99,22.14,15.67,18.76,23.05,16.1,20.64,16.4,21.58,23.6,14.85,20.24
29.26,13.92,20.91,31.6,25.76,22.44,23.25,14.6,5.54,25.07,12.86,19.27,16.09,18.05,14.35,18.39,39.93,11.14,29.67,8.83,18.59,12.04,13.93,32.15,28.45,30.46,17.59,23.87,24.02,23.88,7.18,13.18,9.44,15.16,14.6,6.6,6.5,11.14,26.11,14.21,17.36,11.2,23.17,18.68,10.16,40.24,13.17,8.51,17.45,30.0,16.72,11.91,11.5,31.67,8.94,13.86,17.51,13.71,23.23,22.89,13.04,22.32,8.81,17.06,10.14,10.52,28.1,9.94,12.41,13.19,18.51,21.79,30.46,25.12,20.04,10.49,16.75,18.78,11.41,26.84,10.39,24.43,22.96,8.4,8.51,21.53,25.37,26.59,7.36,14.11,8.94,11.34,25.35,19.08,15.58,7.41,10.59,24.9,12.78,22.33,15.08,11.29,15.07,17.6,17.82,12.79,17.16,11.81,17.21,15.71,17.51,16.2,13.76,15.89,16.47,13.9,16.1,18.29,15.11,18.33,12.31,13.21,14.97,38.7,29.43,25.79,28.37,20.98,26.16,22.85,24.82,21.37,20.04,20.5,24.86,26.43,26.96,19.28,29.07,17.81,19.23,24.06,23.37,21.39,24.24,30.72,22.89,26.91,13.02,25.12,19.52,16.14,20.21,18.71,19.09,12.42,16.28,26.34,15.34,21.85,17.42,18.96,26.06,33.31,19.44,25.73,21.27,33.89,39.93,26.63,44.12,30.0,44.75,27.67,24.59,22.84,22.04,38.87,12.35,11.45,20.45,26.54,26.78,27.68,24.4,21.34,25.4,24.4,19.44,11.06,9.86,26.61,23.56,8.72,9.1,13.06,14.39,18.21,20.83,20.37,18.36,12.09,11.51,21.5,19.91,11.95,16.26,19.41,15.66,16.28,9.3,21.97,21.58,17.42,20.73,16.28,12.24,9.75,12.56,12.73,11.83,9.85,6.87,11.05,11.28,8.54,9.22,9.81,12.95,11.78,25.4,27.57,29.77,26.32,26.09,27.43,32.81,28.98,24.55,25.43,32.37,27.08,24.9,28.02,32.76,26.03,22.38,23.69,24.34,21.24,28.3,24.33,23.48,25.52,21.82,23.5,8.66,9.55,11.45,6.29,11.26,9.37,3.67,6.54,4.69,4.92,9.47,8.88,3.94,3.87,10.54,8.04,10.07,6.61,1.53,0.0,5.97,2.42,1.39,12.53,11.59,22.86,22.19,16.32,26.64,23.42,20.44,19.41,15.5,23.37,22.3,25.67,21.52,21.22,21.55,20.9,18.85,20.21,20.73,23.24,18.17,13.23,14.71,9.68,11.96,10.9,7.1,10.51,12.07,5.8,5.99,12.57,7.6,16.67,15.96,17.2,19.74,20.95,22.1,15.63,18.72,23.01,16.06,20.61,16.36,21.55,23.56,14.81,20.2
28.85,18.4,20.49,31.18,25.34,22.02,22.83,12.09,7.61,24.65,17.35,18.85,12.69,15.54,11.84,22.88,39.51,15.63,29.26,6.32,18.18,9.53,18.42,31.73,28.03,30.04,22.07,23.45,23.6,23.46,11.66,10.67,13.92,19.64,12.09,4.09,8.09,10.73,25.69,11.7,16.94,12.99,22.76,18.26,14.65,39.82,12.75,3.58,14.94,29.58,16.3,16.4,15.98,31.25,6.43,13.44,13.84,11.2,22.82,22.47,10.53,21.91,13.3,21.54,9.73,15.0,27.68,14.43,16.9,17.68,18.1,21.38,30.04,24.7,19.63,10.08,16.33,18.36,15.89,26.42,14.87,25.82,22.55,5.89,5.99,21.11,24.95,26.17,4.85,11.59,8.52,15.83,24.93,18.66,20.02,4.9,15.07,24.48,12.36,21.91,14.66,10.87,14.66,17.18,17.4,12.37,16.74,11.39,19.4,15.3,17.09,15.78,13.34,15.47,16.06,13.48,15.69,17.87,14.69,17.92,11.9,12.79,14.55,38.28,29.01,25.37,27.96,17.31,25.74,22.44,24.4,20.95,19.62,20.09,24.45,20.84,26.55,18.86,28.66,15.3,18.81,23.64,22.96,20.97,17.42,30.31,20.37,24.4,10.51,22.61,17.0,13.63,17.69,16.2,16.58,9.91,13.76,23.83,12.83,19.34,17.0,18.55,25.65,32.89,19.02,25.31,20.86,33.47,39.51,26.21,43.7,29.58,44.33,27.25,24.18,22.42,21.62,38.45,9.84,8.93,20.03,26.12,26.37,27.27,23.98,20.92,24.98,23.98,19.03,8.54,7.35,26.19,23.15,6.2,6.59,10.54,13.06,14.54,17.16,16.7,14.69,9.58,9.0,17.83,16.24,9.44,14.93,15.74,12.77,12.61,8.89,21.55,21.16,17.01,20.32,20.77,16.72,4.82,7.63,7.8,6.9,4.92,1.27,6.12,6.35,3.61,4.29,4.88,8.02,6.85,24.98,27.15,29.35,25.91,25.68,27.01,32.39,28.56,24.13,25.01,31.95,26.66,24.48,27.6,32.35,25.61,21.96,23.27,23.93,20.83,33.74,23.91,23.06,25.1,26.27,25.78,13.15,14.04,15.93,1.76,12.41,10.53,8.15,8.61,2.86,6.51,9.06,7.46,1.97,5.46,8.03,10.11,9.93,1.68,4.45,5.97,0.0,6.85,5.61,16.95,16.01,27.29,26.61,20.75,31.06,27.84,25.42,23.84,19.93,27.79,21.93,30.09,25.03,25.64,25.97,20.54,23.28,24.63,25.15,22.87,23.78,17.65,19.14,14.11,16.38,15.33,11.52,14.93,16.5,10.22,10.42,16.99,11.62,21.1,20.39,21.63,24.16,25.37,26.52,20.06,23.14,27.44,20.48,25.03,20.79,25.97,27.98,19.23,24.62
30.2,11.7,21.84,32.53,26.7,23.38,24.18,15.54,3.11,26.0,10.64,20.21,17.02,18.99,15.29,16.17,40.87,8.92,30.61,9.77,19.53,12.98,11.71,33.08,29.39,31.39,15.37,24.81,24.96,24.81,4.96,14.11,7.22,12.94,15.54,7.54,3.94,12.08,27.04,15.15,18.3,8.98,24.11,19.61,7.94,41.17,14.11,9.44,18.38,30.93,17.66,9.69,9.28,28.68,9.88,11.65,18.45,14.65,24.17,23.82,13.97,23.26,6.59,14.84,9.59,8.29,29.03,7.72,10.19,10.97,19.45,22.73,31.4,26.06,20.98,11.43,17.68,19.72,9.19,27.77,8.17,22.21,23.9,9.33,9.44,22.47,26.31,27.52,8.29,15.04,9.3,9.12,26.29,20.02,13.36,8.35,8.37,25.83,13.71,23.27,16.02,12.22,16.01,18.53,18.76,13.72,18.1,10.37,14.99,16.65,15.93,17.13,14.69,16.83,17.41,14.83,17.04,19.23,16.04,15.05,13.25,10.99,15.91,39.63,30.37,26.72,29.31,21.91,27.09,23.79,25.76,22.31,20.98,21.44,25.8,27.37,27.9,20.22,30.01,18.75,20.16,24.99,24.31,22.33,25.18,31.66,23.82,27.85,13.95,26.05,20.45,17.08,21.14,19.65,20.03,13.36,17.21,27.28,16.27,22.78,18.35,19.9,27.0,34.24,20.37,26.67,22.21,34.83,40.87,27.57,45.06,30.94,45.68,28.61,25.53,23.77,22.97,39.8,13.29,12.38,21.39,27.48,27.72,28.62,25.34,22.28,26.34,25.34,20.38,11.99,10.8,27.54,24.5,9.65,10.03,13.99,15.33,19.14,21.77,21.3,19.3,13.02,12.45,22.44,20.84,12.88,17.19,20.35,16.6,17.22,8.05,22.9,22.51,18.36,21.67,14.06,10.02,10.69,13.5,13.66,12.77,10.79,7.81,11.98,12.21,9.47,10.15,10.75,13.88,12.72,26.34,23.87,30.71,23.33,27.03,28.36,29.82,29.92,21.74,21.42,29.38,28.01,25.83,25.03,29.77,23.04,23.31,21.43,25.28,22.18,26.08,25.27,24.41,26.45,19.6,21.28,6.44,7.33,9.23,7.23,9.04,7.14,1.25,4.12,5.63,2.72,9.84,9.82,4.88,3.77,11.48,5.62,7.84,7.55,2.46,2.42,6.85,0.0,2.33,10.31,9.37,20.64,19.97,14.1,24.42,21.2,18.22,17.19,13.28,21.15,23.23,23.45,19.3,19.0,19.32,21.84,16.63,17.99,18.51,19.28,15.95,11.01,12.49,7.46,9.74,8.68,4.88,8.29,9.85,3.57,3.77,10.35,5.38,14.45,13.74,14.98,17.52,18.73,19.88,13.41,16.5,20.79,13.84,18.39,14.14,19.32,21.34,12.59,17.98
28.96,13.82,20.6,31.29,25.45,22.13,22.94,14.3,2.51,24.76,12.77,18.97,15.78,17.74,14.04,18.29,39.63,11.04,29.37,8.53,18.29,11.73,13.83,31.84,28.14,30.15,17.49,23.57,23.71,23.57,7.08,12.87,9.34,15.06,14.3,6.3,3.34,10.84,25.8,13.91,17.06,11.1,22.87,18.37,10.06,39.93,12.87,8.2,17.14,29.69,16.42,11.81,11.4,31.36,8.64,13.55,17.2,13.41,22.93,22.58,12.73,22.02,8.71,16.96,9.84,10.42,27.79,9.85,12.32,13.09,18.21,21.49,30.15,24.82,19.74,10.19,16.44,18.48,11.31,26.53,10.29,24.33,22.66,8.09,8.2,21.22,25.06,26.28,7.05,13.8,8.63,11.25,25.04,18.77,15.48,7.11,10.49,24.59,12.47,22.03,14.77,10.98,14.77,17.29,17.51,12.48,16.85,11.5,17.11,15.41,17.2,15.89,13.45,15.58,16.17,13.59,15.8,17.98,14.8,18.03,12.01,12.9,14.66,38.39,29.12,25.48,28.07,20.67,25.85,22.55,24.52,21.06,19.74,20.2,24.56,26.13,26.66,18.97,28.77,17.51,18.92,23.75,23.07,21.09,23.93,30.42,22.58,26.6,12.71,24.81,19.21,15.84,19.9,18.41,18.79,12.12,15.97,26.03,15.03,21.54,17.11,18.66,25.76,33.0,19.13,25.43,20.97,33.58,39.62,26.32,43.81,29.7,44.44,27.37,24.29,22.53,21.73,38.56,12.05,11.14,20.14,26.23,26.48,27.38,24.1,21.03,25.09,24.1,19.14,10.75,9.56,26.3,23.26,8.41,8.79,12.75,14.08,17.9,20.52,20.06,18.06,11.78,11.21,21.19,19.6,11.64,15.95,19.1,15.36,15.98,9.0,21.66,21.27,17.12,20.43,16.18,12.14,9.45,12.26,12.42,11.52,9.54,6.57,10.74,10.97,8.23,8.91,9.5,12.64,11.47,25.1,27.27,29.47,26.02,25.79,27.12,32.5,28.68,24.24,25.12,32.06,26.77,24.59,27.71,32.46,25.72,22.07,23.38,24.04,20.94,28.21,24.03,23.17,25.21,21.72,23.4,8.57,9.45,11.35,5.99,11.16,9.27,1.35,3.52,4.39,2.12,9.17,8.58,3.64,3.57,10.24,5.02,9.97,6.31,1.22,1.39,5.61,2.33,0.0,12.43,11.49,22.77,22.09,16.22,26.54,23.32,20.34,19.31,15.4,23.27,21.99,25.57,21.43,21.12,21.45,20.6,18.75,20.11,20.63,22.93,18.07,13.13,14.61,9.58,11.86,10.81,7.0,10.41,11.97,5.7,5.89,12.47,7.5,16.58,15.86,17.11,19.64,20.85,22.0,15.53,18.62,22.92,15.96,20.51,16.26,21.45,23.46,14.71,20.1
30.77,8.95,21.37,32.06,18.75,22.91,24.74,23.32,13.12,21.22,5.11,14.09,19.45,29.63,25.39,6.12,40.4,3.38,30.14,19.87,10.74,23.08,8.96,32.62,28.15,30.92,5.31,24.34,21.37,24.34,5.58,24.22,6.58,10.19,21.87,17.64,14.24,15.29,27.62,25.25,18.87,12.59,18.21,14.41,3.6,40.7,16.39,19.55,28.55,31.51,17.19,6.94,4.94,18.62,19.98,15.26,28.55,24.75,20.87,22.91,21.76,20.58,4.17,10.18,13.2,3.25,29.61,3.87,1.14,8.22,17.48,20.41,30.93,25.59,12.69,15.53,16.66,17.74,4.85,28.35,5.42,12.15,23.43,19.44,19.55,19.96,20.69,27.05,18.4,22.25,12.92,1.18,19.14,15.38,10.61,18.45,2.5,20.27,16.0,20.18,15.28,14.44,18.44,15.77,15.02,16.01,14.85,13.98,12.24,16.18,13.19,17.71,16.29,15.13,17.53,17.12,14.04,16.25,16.35,12.3,15.53,14.61,15.08,39.16,30.94,27.3,28.84,32.02,26.62,23.32,24.75,21.84,21.55,22.01,26.37,27.94,28.47,20.79,30.58,23.44,20.74,25.56,24.88,22.9,25.75,32.23,33.88,37.9,24.06,36.11,30.21,27.07,31.2,29.7,28.22,23.46,29.48,37.33,26.38,32.54,18.93,19.43,26.08,33.77,19.9,25.75,21.74,33.91,39.95,26.65,44.14,30.02,32.63,27.69,25.06,23.31,22.5,38.89,23.39,22.49,19.06,19.53,22.11,20.38,24.42,21.36,25.42,24.42,19.46,22.1,20.9,26.63,19.62,17.94,20.14,24.1,25.43,29.25,31.87,31.41,29.4,23.13,22.56,32.54,30.95,22.99,27.3,30.45,26.7,27.32,11.67,13.12,12.02,11.53,10.68,11.31,11.51,20.79,23.6,23.77,22.87,20.89,17.91,22.09,22.32,19.58,20.26,20.85,23.99,22.82,17.27,13.81,21.75,13.28,15.29,19.4,19.76,20.78,11.68,11.37,19.32,14.31,16.49,14.97,19.72,12.98,13.52,11.38,17.37,12.39,15.53,13.69,13.01,20.93,9.55,11.22,6.84,3.61,6.02,17.33,12.65,10.76,11.55,12.12,15.73,13.03,13.45,17.5,14.98,14.08,21.58,11.53,11.46,17.65,12.57,12.53,16.95,10.31,12.43,0.0,4.78,10.08,9.91,4.05,13.86,12.24,8.16,7.14,3.23,12.18,12.21,12.89,9.25,8.94,8.76,15.45,6.58,7.93,8.45,9.22,5.9,8.58,3.44,9.83,3.9,6.26,6.78,10.66,7.43,7.05,9.51,7.92,8.99,9.87,9.16,9.15,12.94,12.89,14.04,8.83,10.31,14.96,8.0,12.55,8.3,13.49,15.5,8.0,12.14
31.03,9.21,21.63,32.32,23.28,23.17,25.0,23.58,12.18,25.35,5.02,18.23,19.71,29.89,24.45,10.65,40.66,3.29,30.4,18.93,15.54,22.14,9.22,32.87,28.41,31.18,9.84,24.6,24.3,24.6,4.64,23.28,6.84,10.45,22.12,16.7,13.3,15.55,27.87,24.31,19.13,12.85,22.74,17.63,3.86,40.96,16.65,18.61,28.81,31.77,17.45,7.2,5.2,23.15,19.04,15.52,27.61,23.81,23.51,23.17,22.02,22.6,2.77,6.65,13.46,2.67,29.87,2.25,4.67,8.48,18.68,22.08,31.19,25.85,17.23,15.78,16.92,18.95,5.11,28.61,5.68,16.68,23.69,18.5,18.61,21.81,25.65,27.31,17.46,22.51,13.18,3.6,23.67,18.43,10.87,17.51,2.74,25.18,16.26,22.61,15.54,14.7,18.69,16.03,16.78,16.27,15.11,14.24,12.5,16.44,13.45,17.96,16.55,15.38,17.79,17.38,14.3,16.94,16.61,12.56,15.79,14.87,15.34,39.42,31.2,27.56,29.1,31.08,26.88,23.58,25.01,22.1,21.81,22.27,26.63,28.2,28.73,21.05,30.84,23.7,21.0,25.82,25.14,23.16,26.01,32.49,34.14,38.16,23.12,36.37,30.47,27.33,31.46,29.96,28.48,22.52,26.37,37.59,25.44,32.8,19.19,19.69,26.34,34.03,20.16,26.01,22.0,34.17,40.21,26.91,44.4,30.28,45.03,27.95,25.32,23.56,22.76,39.15,22.45,21.54,20.73,24.06,27.06,27.97,24.68,21.62,25.68,24.68,19.72,21.15,19.96,26.89,23.84,18.82,19.2,23.15,24.49,28.31,30.93,30.47,28.46,22.19,21.61,31.6,30.01,22.05,26.36,29.51,25.76,26.38,11.92,17.65,16.55,14.37,17.68,11.57,11.77,19.85,22.66,22.83,21.93,19.95,16.97,21.15,21.38,18.64,19.31,19.91,23.05,21.88,21.8,18.35,26.28,17.81,19.82,23.93,24.29,25.31,16.21,15.9,23.86,18.84,21.02,19.5,24.25,17.51,18.06,15.91,21.9,16.92,20.46,18.22,17.55,25.8,14.08,15.75,7.1,3.87,6.28,16.39,12.91,11.02,10.61,11.18,14.79,12.09,13.71,17.76,14.04,13.14,20.64,10.59,11.72,16.71,11.62,11.59,16.01,9.37,11.49,4.78,0.0,14.98,15.68,8.55,18.76,15.54,12.66,11.64,7.73,15.49,19.24,17.79,13.75,13.44,13.66,19.79,11.08,12.43,12.95,13.73,10.4,4.57,6.94,8.84,4.08,5.26,5.88,9.66,3.55,6.15,9.78,3.06,9.25,6.3,5.59,9.32,9.37,13.07,14.22,5.26,10.84,15.13,8.18,12.72,8.48,13.66,15.68,4.44,12.32
32.28,18.78,22.22,32.95,17.8,23.75,25.62,24.83,23.46,20.27,10.58,13.14,20.96,31.14,26.99,5.17,42.23,12.38,31.02,30.21,12.66,24.54,18.8,33.5,29.03,31.81,4.67,25.22,20.42,25.19,15.91,25.68,16.41,20.02,23.37,27.98,24.58,22.69,29.12,26.85,20.38,22.43,17.26,13.46,13.43,42.54,22.15,29.88,30.06,33.01,18.07,16.77,14.77,10.57,30.32,20.94,35.83,26.35,19.92,21.72,23.26,19.63,14.05,16.94,23.03,13.4,29.14,14.1,10.97,18.05,16.53,19.46,31.81,26.47,11.74,22.63,17.27,16.79,14.68,27.96,15.25,11.2,24.31,29.77,29.88,19.01,19.74,27.94,28.73,23.75,22.75,11.02,18.19,14.43,20.44,28.79,12.34,19.32,21.76,19.23,17.92,22.23,19.94,18.62,14.07,20.2,15.88,21.12,17.37,17.07,15.06,19.21,18.21,16.01,18.41,19.36,14.98,15.3,17.58,15.89,19.41,20.09,17.0,41.0,32.45,28.8,29.73,39.3,27.51,24.2,25.64,22.72,23.06,23.52,27.88,29.45,29.98,22.29,32.09,24.94,22.24,27.07,26.39,24.41,27.26,33.74,35.38,39.41,26.92,37.61,31.71,28.58,32.7,31.21,29.73,26.33,30.99,38.84,27.98,34.04,20.43,20.27,24.9,34.66,20.75,24.57,22.59,32.73,38.77,25.47,42.96,28.84,31.68,26.51,25.91,24.15,23.35,37.7,26.28,25.35,18.11,18.58,21.16,19.43,23.24,20.17,24.24,23.24,18.28,29.86,31.24,25.44,18.67,26.74,27.57,31.38,32.71,36.53,39.15,38.69,36.69,30.41,32.89,39.82,38.23,30.27,34.58,37.73,33.99,34.61,21.5,12.17,11.07,13.45,12.59,21.15,21.34,31.13,33.94,34.1,33.21,31.23,28.25,32.42,32.65,29.91,30.59,31.19,34.32,33.16,16.32,12.86,20.8,12.33,14.34,18.45,11.71,19.83,10.73,10.42,7.94,13.36,15.54,13.41,11.66,12.03,12.58,10.43,16.42,11.44,6.22,12.74,12.06,19.98,8.6,10.27,16.67,13.44,15.85,27.67,22.48,20.59,21.89,22.45,26.07,23.37,23.28,26.3,25.32,24.41,26.1,21.87,21.29,27.99,22.9,22.86,27.29,20.64,22.77,10.08,14.98,0.0,2.66,6.18,4.55,4.8,7.21,3.76,7.18,4.75,14.13,3.58,8.3,7.99,1.33,14.5,5.63,2.87,3.24,8.28,6.75,18.82,13.27,20.07,11.94,16.49,17.11,20.89,17.66,17.39,19.35,18.16,18.82,18.24,19.55,6.42,15.24,11.76,12.91,18.5,4.42,13.83,6.8,11.42,7.82,12.36,14.37,18.24,11.01
32.11,18.61,22.05,32.78,17.63,23.58,25.45,24.65,22.78,20.1,11.28,12.97,20.78,30.97,26.82,4.99,42.06,13.08,30.85,29.53,12.48,24.37,18.62,33.33,28.86,31.64,4.5,25.05,20.25,25.02,15.24,25.5,16.24,19.85,23.2,27.3,23.9,22.51,28.95,26.68,20.2,22.25,17.09,13.28,13.26,42.37,21.98,29.21,29.88,32.84,17.9,16.6,14.6,10.74,29.64,20.76,35.66,26.18,19.74,21.55,23.09,19.46,14.75,17.64,22.86,14.1,28.97,14.8,10.8,17.88,16.36,19.29,31.64,26.3,11.57,22.46,17.1,16.62,14.51,27.78,15.08,11.03,24.14,29.1,29.21,18.84,19.57,27.77,28.06,23.58,22.58,10.84,18.02,14.25,20.27,28.11,12.16,19.15,21.59,19.06,17.75,22.06,19.77,18.45,13.89,20.02,15.71,20.95,17.2,16.89,14.89,19.04,18.04,15.84,18.24,19.19,14.81,15.13,17.4,15.72,19.24,19.92,16.83,40.83,32.27,28.63,29.55,39.13,27.33,24.03,25.47,22.55,22.88,23.35,27.71,29.28,29.81,22.12,31.92,24.77,22.07,26.9,26.22,24.23,27.08,33.57,35.21,39.23,26.75,37.44,31.54,28.41,32.53,31.04,29.55,26.16,30.82,38.66,27.8,33.87,20.26,20.09,24.73,34.49,20.58,24.4,22.41,32.55,38.59,25.29,42.78,28.67,31.51,26.34,25.74,23.98,23.18,37.53,26.1,25.18,17.94,18.41,20.98,19.25,23.07,19.99,24.06,23.07,18.11,29.68,30.56,25.27,18.5,26.57,27.4,31.21,32.54,36.36,38.98,38.52,36.51,30.24,32.21,39.65,38.06,30.1,34.41,37.56,33.82,34.43,21.32,11.99,10.9,13.28,12.42,20.97,21.17,30.45,33.26,33.43,32.53,30.55,27.57,31.75,31.98,29.24,29.92,30.51,33.65,32.48,16.15,12.69,20.62,12.15,14.17,18.28,11.88,19.66,10.56,10.25,9.83,13.19,15.37,13.85,11.83,11.86,12.4,10.26,16.25,11.27,8.1,12.57,11.89,19.8,8.42,10.1,16.5,13.27,15.68,26.99,22.31,20.42,21.21,21.78,25.39,22.69,23.11,26.13,24.64,23.74,25.93,21.19,21.12,27.31,22.23,22.19,26.61,19.97,22.09,9.91,15.68,2.66,0.0,6.01,6.44,5.5,7.04,3.58,7.0,5.45,13.96,5.46,8.13,7.82,2.03,14.33,5.45,2.7,1.46,8.1,6.58,18.24,13.1,19.49,12.64,15.92,16.44,20.32,17.09,16.71,19.17,17.58,18.65,18.94,20.25,7.12,15.94,12.46,13.61,19.2,5.12,14.53,7.5,12.12,8.52,13.06,15.07,18.94,11.71
29.32,12.74,19.27,29.99,14.84,20.8,22.67,21.87,16.92,17.31,8.9,10.19,18.0,28.18,24.03,2.21,39.28,7.18,28.07,23.67,9.7,21.58,12.76,30.54,26.08,28.85,1.41,22.27,17.47,22.24,9.37,22.72,10.37,13.99,20.42,21.44,18.04,19.09,26.17,23.9,17.42,16.39,14.31,10.5,7.39,39.59,19.2,23.34,27.1,30.06,15.12,10.74,8.73,14.72,23.78,19.06,32.35,23.4,16.96,18.77,20.31,16.68,7.96,13.98,17.0,7.05,26.19,7.66,4.94,12.02,13.57,16.5,28.86,23.52,8.79,19.32,14.32,13.84,8.64,25.0,9.22,8.25,21.36,23.23,23.34,16.05,16.79,24.98,22.19,20.8,16.71,4.98,15.23,11.47,14.41,22.25,6.3,16.37,18.8,16.28,14.97,18.24,16.99,15.67,11.11,17.24,12.92,17.78,16.04,14.11,12.11,16.26,15.26,13.06,15.46,16.41,12.02,12.35,14.62,16.09,16.45,17.14,14.05,38.04,29.49,25.85,26.77,35.81,24.55,21.25,22.68,19.77,20.1,20.56,24.93,26.49,27.02,19.34,29.14,21.99,19.29,24.12,23.43,21.45,24.3,30.78,32.43,36.45,23.97,34.66,28.76,25.62,29.75,28.25,26.77,23.37,28.03,35.88,25.02,31.09,17.48,17.31,21.94,31.7,17.8,21.61,19.63,29.77,35.81,22.51,40.0,25.88,28.73,23.55,22.95,21.2,20.39,34.75,23.32,22.4,15.16,15.62,18.2,16.47,20.28,17.21,21.28,20.28,15.32,25.89,24.7,22.49,15.72,21.74,23.93,27.89,29.22,33.04,35.67,35.2,33.2,26.92,26.35,36.34,34.74,26.78,31.09,34.25,30.5,31.12,15.46,9.21,8.11,10.5,9.64,15.11,15.3,24.59,27.4,27.56,26.67,24.69,21.71,25.88,26.11,23.37,24.05,24.65,27.78,26.62,13.37,9.91,17.84,9.37,11.39,15.5,15.86,16.88,7.78,7.46,15.42,10.4,12.58,11.07,15.81,9.08,9.62,7.47,13.46,8.49,11.62,9.79,9.11,17.02,5.64,7.32,10.64,7.4,9.82,21.13,16.44,14.55,15.35,15.91,19.53,16.83,17.25,21.3,18.78,17.87,23.15,15.33,15.25,21.45,16.36,16.32,20.75,14.1,16.22,4.05,8.55,6.18,6.01,0.0,9.95,8.33,4.26,3.23,1.14,8.28,11.18,8.98,5.34,5.04,4.85,11.55,2.67,4.03,4.55,5.32,3.8,12.38,7.23,13.63,7.7,10.05,10.57,14.45,11.22,10.85,13.31,11.72,12.79,13.67,12.96,6.72,15.55,12.07,13.22,12.62,6.41,14.14,7.11,11.73,8.12,12.67,14.68,11.8,11.32
36.05,22.56,25.99,36.72,20.01,27.53,29.4,28.6,27.23,22.48,14.35,16.91,24.73,34.91,30.76,8.94,46.01,16.15,34.8,33.98,16.43,28.31,22.57,37.27,32.81,35.58,8.44,29.0,22.64,28.97,19.69,29.45,20.18,23.8,27.14,31.75,28.35,26.46,32.89,30.63,24.15,26.2,19.48,17.23,17.2,46.31,25.93,33.66,33.83,36.79,21.85,20.55,18.54,6.45,34.09,24.71,39.61,30.12,22.13,25.5,27.04,21.85,17.82,20.71,26.81,17.17,32.92,17.87,14.75,21.83,20.3,22.43,35.58,30.25,15.52,26.4,21.05,20.57,18.45,31.73,19.03,14.98,28.09,33.55,33.66,21.22,21.96,31.71,32.51,27.53,26.52,14.79,20.4,18.2,24.22,32.56,16.11,21.54,25.53,21.45,21.69,26.0,23.71,22.4,17.84,23.97,19.65,24.89,21.14,20.84,18.83,22.98,21.99,19.78,22.19,23.14,18.75,19.08,21.35,19.66,23.18,23.87,20.78,44.77,36.22,32.58,33.5,43.08,31.28,27.98,29.41,26.49,26.83,27.29,31.65,33.22,33.75,26.07,35.86,28.72,26.02,30.84,30.16,28.18,31.03,37.51,39.16,43.18,30.69,41.39,35.49,32.35,36.48,34.98,33.5,30.1,34.76,42.61,31.75,37.82,24.21,24.04,28.67,38.43,24.52,28.34,26.36,36.5,42.54,29.24,46.73,32.61,33.9,30.28,29.68,27.93,27.12,41.48,30.05,29.12,21.89,20.79,23.37,21.64,27.01,23.94,28.01,27.01,22.05,33.63,35.01,29.22,20.88,30.52,31.35,35.15,36.49,40.3,42.93,42.46,40.46,34.19,36.66,43.6,42.0,34.05,38.35,41.51,37.76,38.38,25.27,15.94,14.84,17.22,16.37,24.92,25.11,34.9,37.71,37.88,36.98,35.0,32.02,36.2,36.43,33.69,34.36,34.96,38.1,36.93,18.54,15.08,23.01,12.78,16.56,20.67,7.36,22.05,14.51,14.19,5.69,15.57,17.75,13.41,8.07,14.24,16.35,14.2,18.63,15.22,3.97,16.51,15.84,22.19,12.37,14.04,20.45,17.21,19.63,31.44,26.25,24.36,25.66,26.23,29.84,27.14,27.06,30.07,29.09,28.19,29.88,25.64,25.06,31.76,26.68,26.64,31.06,24.42,26.54,13.86,18.76,4.55,6.44,9.95,0.0,8.57,10.99,7.53,10.95,5.56,17.91,1.94,12.07,11.77,5.1,18.28,9.4,6.64,7.02,12.05,10.53,22.59,17.04,23.84,15.72,20.27,20.88,24.67,21.44,21.16,23.12,21.93,22.6,22.02,23.32,10.19,19.02,15.54,16.69,22.28,8.19,17.6,10.58,15.2,11.59,16.13,18.15,22.01,14.79
34.43,21.04,24.37,35.1,19.95,25.91,27.78,26.98,24.01,22.42,11.14,15.29,23.11,33.29,29.14,7.32,44.39,12.93,33.18,30.76,14.81,26.69,21.06,35.65,31.18,33.96,6.82,27.37,22.57,27.34,16.47,27.83,18.67,22.28,25.52,28.53,25.13,24.84,31.27,29.0,22.53,24.69,19.41,15.61,15.69,44.69,24.3,30.44,32.21,35.16,20.22,19.03,17.03,14.59,30.87,23.09,39.44,28.5,22.07,23.88,25.41,21.78,14.61,17.49,25.29,13.95,31.29,14.65,13.12,20.31,18.68,21.61,33.96,28.62,13.9,24.78,19.42,18.95,16.94,30.11,17.51,13.35,26.47,30.33,30.44,21.16,21.89,30.09,29.29,25.91,25.01,13.17,20.34,16.58,22.7,29.34,14.11,21.47,23.91,21.38,20.07,26.53,22.09,20.77,16.22,22.35,18.03,23.27,24.33,19.22,17.21,21.36,20.37,18.16,20.56,21.52,17.13,17.45,19.73,18.04,21.56,22.25,19.15,43.15,34.6,30.96,31.88,42.91,29.66,26.36,27.79,24.87,25.21,25.67,30.03,31.6,32.13,24.45,34.24,27.1,24.39,29.22,28.54,26.56,29.41,35.89,37.53,41.56,29.07,39.77,33.86,30.73,34.85,33.36,31.88,28.48,33.14,40.99,30.13,36.2,22.58,22.42,27.05,36.81,22.9,26.72,24.74,34.88,40.92,27.62,45.11,30.99,33.84,28.66,28.06,26.3,25.5,39.85,28.43,27.5,20.26,20.73,23.31,21.58,25.39,22.32,26.39,25.39,20.43,32.99,31.79,27.6,20.82,30.65,31.03,34.99,36.32,40.14,42.76,42.3,40.29,34.02,33.45,43.43,41.84,33.88,38.19,41.34,37.59,38.21,23.76,14.32,13.22,15.6,14.75,23.41,23.6,31.68,34.49,34.66,33.76,31.78,28.8,32.98,33.21,30.47,31.15,31.74,34.88,33.71,18.47,15.02,22.95,14.48,16.49,20.6,15.73,21.98,12.88,12.57,11.96,15.51,17.69,16.18,15.69,14.18,14.73,12.58,18.57,13.59,10.24,14.89,14.22,22.13,10.75,12.42,18.93,15.7,18.11,28.22,24.74,22.85,22.44,23.01,26.62,23.92,25.54,29.59,25.87,24.97,28.26,22.42,23.55,28.54,23.46,23.42,27.84,21.2,23.32,12.24,15.54,4.8,5.5,8.33,8.57,0.0,9.37,5.91,9.33,1.3,16.28,7.6,10.45,10.14,3.48,16.65,7.78,5.02,5.39,10.43,8.9,19.37,15.42,20.63,12.5,17.05,17.67,21.45,18.22,17.94,21.57,18.71,21.04,18.8,20.1,6.97,15.8,12.32,13.47,19.06,4.97,14.39,7.36,11.98,8.37,12.92,14.93,18.79,11.57
26.55,16.86,16.49,27.22,10.8,18.02,19.89,19.1,21.04,13.27,13.02,7.41,15.23,25.41,21.26,3.16,36.5,11.3,25.29,28.34,10.65,18.81,16.88,27.77,23.3,26.08,3.16,19.49,13.43,19.46,13.49,19.94,14.49,18.1,17.64,26.11,22.16,16.95,23.39,21.12,14.65,16.14,10.27,7.73,11.51,36.81,16.42,28.01,24.33,27.28,12.34,14.86,12.85,10.68,28.45,15.21,30.1,20.62,12.92,15.99,17.53,12.64,12.08,18.1,17.0,11.16,23.41,11.78,9.05,16.14,10.8,13.22,26.08,20.74,6.01,16.9,11.54,11.06,12.76,22.23,13.33,4.21,18.58,27.9,22.3,12.01,12.75,22.21,26.86,18.02,17.81,9.1,11.19,8.7,14.82,26.92,10.42,12.33,16.03,12.24,12.19,16.5,14.21,12.89,8.34,14.47,10.15,15.39,14.19,11.33,11.89,13.48,12.48,10.28,12.68,13.63,11.29,9.57,11.85,12.71,13.68,14.36,11.27,35.27,26.72,23.07,24.0,33.57,21.78,18.47,19.91,16.99,17.33,17.79,22.15,23.72,24.25,16.56,26.36,19.21,16.51,21.34,20.66,18.68,21.52,28.01,29.65,33.68,21.19,31.88,25.98,22.85,26.97,25.48,24.0,20.6,25.26,33.11,22.25,28.31,14.7,14.54,19.17,28.93,15.02,18.84,16.86,27.0,33.04,19.74,37.23,23.11,24.69,20.78,20.18,18.42,17.62,31.97,20.55,19.62,12.38,11.58,14.16,12.43,17.51,14.44,18.51,17.51,12.55,24.13,25.21,19.71,11.68,21.01,21.84,25.65,26.98,30.8,33.42,32.96,30.96,24.68,31.02,34.09,32.5,24.54,28.85,32.0,28.26,28.87,19.58,6.44,5.34,10.97,10.59,19.23,19.42,29.26,32.07,32.23,31.33,29.35,26.38,30.55,30.78,28.04,28.72,29.31,32.45,31.28,9.33,5.87,13.8,5.33,7.35,11.46,11.82,12.84,3.52,3.2,11.38,6.36,8.54,7.03,11.77,5.04,5.69,3.4,9.42,5.71,12.66,5.53,4.85,12.98,1.38,3.06,14.75,11.52,13.93,25.8,17.32,18.67,19.47,20.03,24.2,20.94,21.36,20.57,23.45,21.99,20.37,19.45,19.37,26.12,20.48,20.44,25.42,18.22,20.34,8.16,12.66,7.21,7.04,4.26,10.99,9.37,0.0,4.16,5.26,9.31,12.12,10.02,1.77,1.0,5.89,8.77,1.59,5.06,5.58,4.25,4.74,16.49,11.35,17.75,11.81,14.17,14.69,18.57,15.34,14.97,17.43,15.83,16.9,17.78,17.07,10.98,19.81,16.33,17.48,16.74,8.99,18.4,11.37,15.99,12.39,16.93,18.94,15.92,15.58
29.33,15.83,19.27,30.0,14.74,20.81,22.68,21.88,20.01,17.21,11.69,10.19,18.01,28.19,24.04,2.22,39.29,10.27,28.08,26.76,9.71,21.59,15.85,30.55,26.09,28.86,1.72,22.28,17.36,22.25,12.46,22.73,13.46,17.08,20.42,24.53,21.13,19.74,26.17,23.91,17.43,19.48,14.2,10.51,10.48,39.59,19.21,26.43,27.11,30.07,15.13,13.83,11.82,11.1,26.87,17.99,32.89,23.4,16.86,18.78,20.32,16.57,11.05,17.07,20.09,10.14,26.2,10.75,8.03,15.11,13.58,16.51,28.86,23.53,8.8,19.68,14.33,13.85,11.73,25.01,12.31,8.14,21.37,26.32,26.43,15.95,16.68,24.99,25.28,20.81,19.8,8.07,15.13,11.48,17.5,25.34,9.39,16.26,18.81,16.17,14.97,19.28,16.99,15.68,11.12,17.25,12.93,18.17,14.42,14.12,12.11,16.26,15.27,13.06,15.47,16.42,12.03,12.36,14.63,12.94,16.46,17.15,14.06,38.05,29.5,25.86,26.78,36.36,24.56,21.26,22.69,19.77,20.11,20.57,24.93,26.5,27.03,19.35,29.14,22.0,19.3,24.12,23.44,21.46,24.31,30.79,32.44,36.46,23.97,34.67,28.77,25.63,29.76,28.26,26.78,23.38,28.04,35.89,25.03,31.1,17.49,17.32,21.95,31.71,17.8,21.62,19.64,29.78,35.82,22.52,40.01,25.89,28.63,23.56,22.96,21.21,20.4,34.76,23.33,22.4,15.17,15.52,18.1,16.37,20.29,17.22,21.29,20.29,15.33,26.91,27.79,22.5,15.61,23.79,24.63,28.43,29.77,33.58,36.21,35.74,33.74,27.47,29.44,36.88,35.28,27.33,31.63,34.79,31.04,31.66,18.55,9.22,8.12,10.5,9.65,18.2,18.39,27.68,30.49,30.65,29.76,27.78,24.8,28.97,29.2,26.46,27.14,27.74,30.87,29.71,13.26,9.81,17.74,9.27,11.28,15.39,12.24,16.77,7.68,7.36,11.81,10.3,12.48,10.97,12.2,8.97,9.63,7.48,13.36,8.5,9.2,9.68,9.01,16.92,5.54,7.21,13.73,10.49,12.91,24.22,19.53,17.64,18.44,19.0,22.62,19.92,20.34,23.35,21.87,20.96,23.16,18.42,18.34,24.54,19.45,19.41,23.84,17.19,19.31,7.14,11.64,3.76,3.58,3.23,7.53,5.91,4.16,0.0,4.23,5.86,11.19,6.56,5.24,4.93,2.43,11.56,2.57,1.61,2.12,5.33,3.81,15.47,10.32,16.72,10.79,13.14,13.66,17.54,14.31,13.94,16.4,14.81,15.88,16.76,16.05,7.53,16.35,12.87,14.02,15.71,5.53,14.94,7.91,12.53,8.93,13.47,15.48,14.89,12.12
30.32,11.92,20.26,30.99,15.84,21.8,23.67,22.87,16.1,18.31,8.08,11.18,19.0,29.18,25.03,3.21,40.28,6.36,29.07,22.85,10.7,22.58,11.94,31.54,27.08,29.85,2.4,23.27,18.47,23.24,8.55,23.72,9.55,13.17,21.42,20.62,17.22,18.26,27.16,24.9,18.42,15.57,15.3,11.5,6.57,40.58,19.37,22.52,28.1,31.06,16.12,9.92,7.91,15.72,22.96,18.24,31.52,24.39,17.96,19.77,21.31,17.68,7.14,13.16,16.18,6.22,27.19,6.84,4.11,11.2,14.57,17.5,29.85,24.52,9.79,18.5,15.32,14.84,7.82,26.0,8.4,9.25,22.36,22.41,22.52,17.05,17.79,25.98,21.37,21.8,15.89,4.16,16.23,12.47,13.59,21.43,5.48,17.37,18.97,17.27,15.96,17.41,17.99,16.67,12.11,18.98,13.92,16.95,15.21,15.11,16.16,17.26,16.26,14.05,16.46,17.41,13.02,13.35,15.62,15.27,17.45,17.58,15.05,39.04,30.49,26.85,27.77,34.99,25.55,22.25,23.68,20.76,21.1,21.56,25.92,27.49,28.02,20.34,30.13,22.99,20.29,25.11,24.43,22.45,25.3,31.78,33.43,37.45,24.96,35.66,29.76,26.62,30.75,29.25,27.77,24.37,29.03,36.88,26.02,32.09,18.48,18.31,22.94,32.7,18.79,22.61,20.63,30.77,36.81,23.51,41.0,26.88,29.73,24.55,23.95,22.2,21.39,35.75,24.32,23.39,16.16,16.62,19.2,17.47,21.28,18.21,22.28,21.28,16.32,25.07,23.88,23.49,16.71,20.92,23.11,27.07,28.4,32.22,34.84,34.38,32.38,26.1,25.53,35.51,33.92,25.96,30.27,33.42,29.68,30.3,14.64,10.21,9.11,11.49,10.64,14.29,14.48,23.77,26.58,26.74,25.84,23.86,20.89,25.06,25.29,22.55,23.23,23.82,26.96,25.79,14.36,10.91,18.84,10.37,12.39,16.5,16.85,17.88,8.78,8.46,16.42,11.4,13.58,12.07,16.81,10.07,10.62,8.47,14.46,9.49,12.62,10.78,10.11,18.02,6.64,8.32,9.81,6.58,9.0,20.31,15.62,13.73,14.53,15.09,18.71,16.0,16.43,20.47,17.96,17.05,24.56,14.51,14.43,20.63,15.54,15.5,19.93,13.28,15.4,3.23,7.73,7.18,7.0,1.14,10.95,9.33,5.26,4.23,0.0,9.28,12.18,9.98,6.34,6.04,5.85,12.55,3.67,5.03,5.54,6.32,4.8,11.55,6.41,12.81,6.88,9.23,9.75,13.63,10.4,10.03,12.49,10.9,11.97,12.85,12.13,7.72,15.91,13.07,14.22,11.8,7.41,15.13,8.11,12.73,9.12,13.66,15.68,10.98,12.32
34.38,20.99,24.32,35.05,19.9,25.85,27.72,26.93,23.96,22.37,11.08,15.24,23.06,33.24,29.09,7.27,44.33,12.88,33.12,30.71,14.76,26.64,21.0,35.6,31.13,33.91,6.77,27.32,22.52,27.29,16.42,27.78,18.62,22.23,25.47,28.48,25.08,24.79,31.22,28.95,22.48,24.63,19.36,15.56,15.64,44.64,24.25,30.39,32.16,35.11,20.17,18.98,16.98,14.54,30.82,23.04,39.39,28.45,22.02,23.82,25.36,21.73,14.55,17.44,25.24,13.9,31.24,14.6,13.07,20.26,18.63,21.56,33.91,28.57,13.84,24.73,19.37,18.89,16.89,30.06,17.46,13.3,26.41,30.28,30.39,21.11,21.84,30.04,29.24,25.85,24.96,13.12,20.29,16.53,22.65,29.29,14.06,21.42,23.86,21.33,20.02,26.48,22.04,20.72,16.17,22.3,17.98,23.22,24.28,19.16,17.16,21.31,20.31,18.11,20.51,21.46,17.08,17.4,19.68,17.99,21.51,22.19,19.1,43.1,34.55,30.9,31.83,42.86,29.61,26.3,27.74,24.82,25.16,25.62,29.98,31.55,32.08,24.39,34.19,27.04,24.34,29.17,28.49,26.51,29.35,35.84,37.48,41.51,29.02,39.71,33.81,30.68,34.8,33.31,31.83,28.43,33.09,40.94,30.08,36.14,22.53,22.37,27.0,36.76,22.85,26.67,24.69,34.83,40.87,27.57,45.06,30.94,33.78,28.61,28.01,26.25,25.45,39.8,28.38,27.45,20.21,20.68,23.26,21.53,25.34,22.27,26.34,25.34,20.38,32.93,31.74,27.54,20.77,30.6,30.98,34.93,36.27,40.09,42.71,42.25,40.24,33.97,33.39,43.38,41.79,33.83,38.14,41.29,37.54,38.16,23.7,14.27,13.17,15.55,14.69,23.35,23.55,31.63,34.44,34.61,33.71,31.73,28.75,32.93,33.16,30.42,31.09,31.69,34.83,33.66,18.42,14.96,22.9,14.43,16.44,20.55,15.68,21.93,12.83,12.52,11.91,15.46,17.64,16.12,15.63,14.13,14.68,12.53,18.52,13.54,10.19,14.84,14.16,22.08,10.7,12.37,18.88,15.65,18.06,28.17,24.69,22.8,22.39,22.96,26.57,23.87,25.49,29.54,25.82,24.92,28.2,22.37,23.5,28.49,23.41,23.37,27.79,21.15,23.27,12.18,15.49,4.75,5.45,8.28,5.56,1.3,9.31,5.86,9.28,0.0,16.23,7.55,10.4,10.09,3.43,16.6,7.73,4.97,5.34,10.38,8.85,19.32,15.37,20.57,12.45,17.0,17.61,21.4,18.17,17.89,21.52,18.66,20.99,18.75,20.05,6.92,15.75,12.27,13.42,19.01,4.92,14.33,7.31,11.93,8.32,12.86,14.88,18.74,11.52
23.11,10.03,13.71,24.4,18.11,15.24,17.07,15.65,23.93,17.42,17.07,9.39,11.78,21.97,17.82,8.97,32.73,15.35,22.47,24.85,4.05,15.37,11.52,24.95,20.48,23.26,10.08,16.67,16.38,16.68,17.44,16.5,15.02,9.96,14.2,22.62,25.73,13.47,19.95,17.68,11.21,12.66,15.53,8.8,16.61,33.04,12.94,24.53,20.88,23.84,9.52,12.44,14.74,21.79,24.96,11.72,26.66,17.18,15.59,15.24,14.09,14.68,17.18,24.68,13.51,15.21,21.94,18.36,13.1,11.89,9.93,14.15,23.26,17.92,10.16,13.41,8.99,10.2,15.76,20.68,13.75,16.11,15.76,24.42,18.85,13.88,17.72,19.39,23.38,14.58,14.33,13.15,17.71,9.59,9.39,23.43,14.47,17.25,12.54,14.69,7.62,13.02,10.77,8.11,7.94,10.98,6.28,11.91,8.77,8.51,6.46,10.04,8.63,7.46,9.86,10.19,6.38,8.1,8.68,7.29,10.19,10.88,7.42,31.5,23.27,19.63,21.18,30.13,18.96,15.65,17.09,14.17,13.89,14.35,18.71,20.28,20.81,13.12,22.92,15.77,13.07,17.9,17.22,15.24,18.08,24.57,26.21,30.23,17.75,28.44,22.54,19.41,23.53,22.04,20.55,17.16,21.82,29.66,18.8,24.87,11.26,11.76,18.42,26.11,12.24,18.09,14.07,26.24,32.28,18.99,36.47,22.36,37.1,20.03,17.39,15.64,14.84,31.22,17.1,16.18,12.8,18.89,19.14,20.04,16.76,13.69,17.75,16.76,11.8,20.68,21.76,18.96,15.92,17.53,18.4,22.21,23.54,27.36,29.98,29.52,27.52,21.24,27.53,30.65,29.06,21.1,25.41,28.56,24.82,25.43,15.58,12.09,11.69,4.85,1.54,11.09,11.28,25.77,28.58,28.75,27.85,25.87,22.89,27.07,27.3,24.56,25.24,25.83,28.97,27.8,17.76,16.98,22.13,16.44,18.46,19.78,22.92,21.34,14.66,15.33,22.49,17.47,17.25,18.14,22.88,16.14,12.49,13.81,16.7,11.36,19.57,14.45,13.59,17.87,13.51,15.18,15.28,16.62,13.98,22.31,13.83,15.23,24.48,24.94,20.71,22.83,15.75,17.09,19.96,21.79,16.93,22.69,14.16,22.63,20.77,22.3,21.93,23.23,21.99,12.21,19.24,14.13,13.96,11.18,17.91,16.28,12.12,11.19,12.18,16.23,0.0,16.93,13.21,12.9,12.8,10.94,10.54,11.98,12.5,12.72,7.38,21.58,15.4,22.83,15.86,19.26,17.92,23.66,20.42,18.19,17.94,20.92,17.42,24.31,23.6,17.9,27.37,23.25,24.4,23.27,15.91,25.32,18.29,22.91,19.3,23.85,25.86,22.44,22.5
35.08,21.58,25.02,35.75,19.04,26.56,28.43,27.63,26.26,21.51,13.38,15.94,23.76,33.94,29.79,7.97,45.04,15.18,33.83,33.01,15.46,27.34,21.6,36.3,31.83,34.61,7.47,28.02,21.67,28.0,18.72,28.48,19.21,22.83,26.17,30.78,27.38,25.49,31.92,29.66,23.18,25.23,18.5,16.26,16.23,45.34,24.96,32.69,32.86,35.81,20.88,19.58,17.57,6.09,33.12,23.74,38.64,29.15,21.16,24.53,26.07,20.88,16.85,19.74,25.84,16.2,31.94,16.9,13.78,20.86,19.33,21.46,34.61,29.28,14.55,25.43,20.08,19.6,17.48,30.76,18.06,14.01,27.12,32.58,32.68,20.25,20.99,30.74,31.54,26.56,25.55,13.82,19.43,17.23,23.25,31.59,15.14,20.57,24.56,20.48,20.72,25.03,22.74,21.43,16.87,23.0,18.68,23.92,20.17,19.87,17.86,22.01,21.02,18.81,21.21,22.17,17.78,18.11,20.38,18.69,22.21,22.9,19.81,43.8,35.25,31.61,32.53,42.1,30.31,27.01,28.44,25.52,25.86,26.32,30.68,32.25,32.78,25.1,34.89,27.75,25.05,29.87,29.19,27.21,30.06,36.54,38.19,42.21,29.72,40.42,34.52,31.38,35.51,34.01,32.53,29.13,33.79,41.64,30.78,36.85,23.24,23.07,27.7,37.46,23.55,27.37,25.39,35.53,41.57,28.27,45.76,31.64,32.93,29.31,28.71,26.96,26.15,40.51,29.08,28.15,20.92,19.82,22.4,20.67,26.04,22.97,27.04,26.04,21.08,32.66,34.04,28.25,19.91,29.54,30.38,34.18,35.52,39.33,41.96,41.49,39.49,33.22,35.69,42.63,41.03,33.07,37.38,40.54,36.79,37.41,24.3,14.97,13.87,16.25,15.4,23.95,24.14,33.93,36.74,36.91,36.01,34.03,31.05,35.23,35.46,32.72,33.39,33.99,37.13,35.96,17.57,14.11,22.04,11.81,15.59,19.7,7.0,21.08,13.54,13.22,5.33,14.6,16.78,12.44,10.69,13.27,15.38,13.23,17.66,14.25,3.6,15.54,14.87,21.22,11.4,13.07,19.48,16.24,18.66,30.47,25.28,23.39,24.69,25.26,28.87,26.17,26.09,29.1,28.12,27.22,28.91,24.67,24.09,30.79,25.7,25.67,30.09,23.45,25.57,12.89,17.79,3.58,5.46,8.98,1.94,7.6,10.02,6.56,9.98,7.55,16.93,0.0,11.1,10.8,4.13,17.31,8.43,5.67,6.05,11.08,9.56,21.62,16.07,22.87,14.75,19.3,19.91,23.7,20.47,20.19,22.15,20.96,21.63,21.05,22.35,9.22,18.05,14.57,15.72,21.31,7.22,16.63,9.61,14.22,10.62,15.16,17.18,21.04,13.82
26.16,15.07,16.1,26.83,12.05,17.64,19.51,18.71,22.12,14.52,14.1,7.02,14.84,25.02,20.87,4.24,36.12,12.38,24.91,27.95,11.76,18.42,17.96,27.38,22.92,25.69,4.25,19.11,14.68,19.08,14.58,19.56,15.58,15.01,17.26,25.72,23.24,16.57,23.0,20.74,14.26,15.75,11.52,7.34,12.6,36.42,16.04,27.63,23.94,26.9,11.96,15.94,13.93,11.93,28.06,14.82,29.72,20.23,14.17,15.61,17.15,13.89,13.16,19.18,16.61,12.25,23.03,12.87,10.14,17.22,10.41,14.47,25.7,20.36,5.63,16.51,11.16,10.68,13.84,21.84,14.42,5.6,18.2,27.52,21.91,13.26,14.0,21.82,26.47,17.64,17.42,10.18,12.44,8.31,14.43,26.53,11.5,13.58,15.64,13.49,11.8,16.11,13.83,12.51,7.95,14.08,9.76,15.0,13.81,10.95,11.5,13.1,12.1,9.89,12.3,13.25,10.9,9.19,11.46,12.33,13.29,13.98,10.89,34.88,26.33,22.69,23.61,33.19,21.39,18.09,19.52,16.6,16.94,17.4,21.76,23.33,23.86,16.18,25.97,18.83,16.13,20.95,20.27,18.29,21.14,27.62,29.27,33.29,20.8,31.5,25.6,22.46,26.59,25.09,23.61,20.21,24.87,32.72,21.86,27.93,14.32,14.15,18.78,28.54,14.63,18.45,16.47,26.61,32.65,19.35,36.84,22.72,25.94,20.39,19.79,18.04,17.23,31.59,20.16,19.23,12.0,12.83,15.41,13.68,17.12,14.05,18.12,17.12,12.16,23.74,24.82,19.33,12.92,20.63,21.46,25.26,26.6,30.41,33.04,32.57,30.57,24.3,30.63,33.71,32.11,24.16,28.46,31.62,27.87,28.49,20.66,6.05,4.95,10.59,11.67,16.13,16.32,28.87,31.68,31.84,30.95,28.97,25.99,30.16,30.4,27.66,28.33,28.93,32.07,30.9,10.58,7.12,15.05,6.58,8.6,12.71,13.07,14.09,4.39,4.07,12.63,7.61,9.79,8.28,13.02,6.28,6.56,3.02,10.67,5.33,13.74,6.39,5.72,14.23,2.25,3.92,15.84,12.6,15.02,25.41,16.93,19.76,20.55,21.11,23.81,22.03,18.85,20.18,23.06,24.89,19.99,20.53,17.26,25.73,21.56,21.52,25.03,19.3,21.43,9.25,13.75,8.3,8.13,5.34,12.07,10.45,1.77,5.24,6.34,10.4,13.21,11.1,0.0,2.76,6.97,8.39,2.67,6.15,6.67,3.86,5.83,17.58,12.43,18.83,12.9,15.26,15.77,19.66,16.42,16.05,18.51,16.92,17.99,18.87,18.16,12.07,20.9,17.42,18.57,17.83,10.07,19.48,12.46,17.07,13.47,18.01,20.03,17.0,16.67
27.55,17.64,18.1,28.22,9.81,19.63,20.89,20.09,21.81,12.28,13.8,8.41,16.22,26.41,22.26,3.94,38.11,12.08,26.29,28.56,11.43,19.81,17.65,28.77,24.3,27.07,3.94,20.49,12.43,21.07,14.27,20.94,15.27,18.88,18.64,26.34,22.93,17.95,24.39,22.12,15.64,17.14,9.27,8.72,12.29,38.42,17.42,28.24,25.32,28.28,13.34,15.63,13.63,9.68,28.67,16.2,31.1,21.62,11.92,17.6,18.53,11.64,12.86,18.88,17.99,11.94,24.41,12.56,9.83,16.91,11.79,12.22,27.08,21.74,7.01,17.9,12.54,12.06,13.54,23.22,14.11,3.21,19.58,28.13,23.29,11.02,11.75,23.21,27.09,19.02,18.81,9.87,10.2,9.69,15.82,27.14,11.19,11.33,17.03,11.24,13.19,17.5,15.21,13.89,9.33,15.46,11.15,16.39,15.19,12.33,12.88,14.48,13.48,11.28,13.68,14.63,12.29,10.57,12.84,13.71,14.68,15.36,12.27,36.88,27.71,24.07,24.99,34.57,22.77,19.47,20.91,17.99,18.32,18.79,23.15,24.72,25.25,17.56,27.36,20.21,17.51,22.34,21.66,19.67,22.52,29.01,30.65,34.67,22.19,32.88,26.98,23.85,27.97,26.48,24.99,21.6,26.26,34.1,23.24,29.31,15.7,16.15,20.78,29.93,16.63,20.45,18.47,28.61,34.64,21.35,38.84,24.72,23.69,22.39,21.79,20.03,19.23,33.58,21.54,20.62,13.37,10.59,13.16,11.43,19.12,16.05,20.12,19.12,14.16,25.12,26.2,21.32,10.68,22.01,22.84,26.65,27.98,31.8,34.42,33.96,31.95,25.68,31.25,35.09,33.5,25.54,29.85,33.0,29.26,29.87,20.36,7.94,6.34,11.97,11.36,20.01,20.2,29.48,32.29,32.46,31.56,29.58,26.6,30.78,31.01,28.27,28.95,29.54,32.68,31.51,8.33,4.87,12.8,4.33,6.35,10.46,10.82,11.84,3.6,3.29,10.38,5.37,7.55,6.03,10.78,4.04,5.77,4.4,8.43,6.9,12.17,5.44,4.93,11.98,1.46,3.14,15.53,12.3,14.71,26.03,18.32,19.45,20.24,20.81,24.42,21.72,22.14,21.57,23.67,22.77,21.37,20.22,20.15,26.34,21.26,21.22,25.64,19.0,21.12,8.94,13.44,7.99,7.82,5.04,11.77,10.14,1.0,4.93,6.04,10.09,12.9,10.8,2.76,0.0,6.66,9.77,2.37,5.84,6.36,5.25,5.52,17.27,12.13,18.53,12.59,14.95,15.47,19.35,16.12,15.74,18.21,16.61,17.68,18.56,17.85,11.76,20.59,17.11,18.26,17.52,9.77,19.18,12.15,16.77,13.16,17.71,19.72,16.7,16.36
30.95,17.45,20.89,31.62,16.47,22.43,24.3,23.5,22.14,18.94,9.26,11.81,19.63,29.81,25.66,3.84,40.91,11.06,29.7,28.89,11.33,23.21,17.47,32.17,27.7,30.48,3.34,23.89,19.09,23.86,14.6,24.35,15.08,18.7,22.04,26.66,23.26,21.36,27.79,25.52,19.05,21.1,15.93,12.13,12.1,41.21,20.82,28.57,28.73,31.68,16.74,15.45,13.44,11.12,29.0,19.61,34.51,25.02,18.59,20.4,21.93,18.3,12.73,15.62,21.71,12.08,27.81,12.78,9.64,16.73,15.2,18.13,30.48,25.14,10.42,21.3,15.94,15.47,13.35,26.63,13.93,9.87,22.99,28.46,28.56,17.68,18.41,26.61,27.41,22.43,21.42,9.69,16.86,13.1,19.12,27.47,11.01,17.99,20.43,17.9,16.59,20.9,18.61,17.29,12.74,18.87,14.55,19.79,16.04,15.74,13.73,17.88,16.89,14.68,17.08,18.04,13.65,13.97,16.25,14.56,18.08,18.77,15.68,39.67,31.12,27.48,28.4,37.97,26.18,22.88,24.31,21.39,21.73,22.19,26.55,28.12,28.65,20.97,30.76,23.62,20.91,25.74,25.06,23.08,25.93,32.41,34.05,38.08,25.59,36.29,30.38,27.25,31.37,29.88,28.4,25.0,29.66,37.51,26.65,32.72,19.11,18.94,23.57,33.33,19.42,23.24,21.26,31.4,37.44,24.14,41.63,27.51,30.36,25.18,24.58,22.82,22.02,36.37,24.95,24.02,16.78,17.25,19.83,18.1,21.91,18.84,22.91,21.91,16.95,28.53,29.92,24.12,17.34,25.41,26.25,30.05,31.39,35.2,37.83,37.36,35.36,29.08,31.57,38.5,36.9,28.94,33.25,36.41,32.66,33.28,20.17,10.84,9.74,12.12,11.27,19.82,20.01,29.81,32.62,32.78,31.89,29.91,26.93,31.1,31.34,28.6,29.27,29.87,33.01,31.84,14.99,11.54,19.47,11.0,13.01,17.12,12.26,18.5,9.41,9.09,8.5,12.03,14.21,12.7,12.22,10.7,11.25,9.1,15.09,10.11,6.77,11.41,10.74,18.65,7.27,8.94,15.34,12.11,14.53,26.35,21.15,19.26,20.57,21.13,24.75,22.05,21.95,24.97,24.0,23.1,24.78,20.55,19.96,26.67,21.58,21.55,25.97,19.32,21.45,8.76,13.66,1.33,2.03,4.85,5.1,3.48,5.89,2.43,5.85,3.43,12.8,4.13,6.97,6.66,0.0,13.18,4.3,1.54,1.91,6.95,5.42,17.5,11.94,18.75,10.63,15.18,15.79,19.58,16.34,16.07,18.02,16.84,17.5,16.93,18.23,5.1,13.93,10.45,11.59,17.19,3.1,12.51,5.49,10.1,6.5,11.04,13.06,16.92,9.7
21.67,10.58,11.61,22.34,14.78,13.15,15.02,14.22,22.54,12.12,20.31,2.53,10.35,20.53,16.38,9.99,31.63,18.59,20.42,23.46,7.26,13.93,12.07,22.89,18.42,21.2,10.45,14.61,11.08,14.58,17.99,15.07,15.57,10.51,12.76,21.23,24.34,12.08,18.51,16.25,9.77,11.26,10.23,2.85,17.16,31.93,11.55,23.13,19.45,22.4,7.46,12.98,15.29,14.66,23.57,10.33,25.23,15.74,10.29,11.12,12.65,9.38,17.73,25.23,12.12,18.45,18.53,18.91,16.34,12.44,5.92,8.85,21.2,15.86,3.03,12.02,6.66,6.19,16.31,17.35,14.3,9.23,13.71,23.02,17.42,8.59,12.43,17.33,21.98,13.15,12.93,16.38,15.17,3.82,9.94,22.04,17.7,11.95,11.15,9.39,7.31,11.62,9.33,8.02,3.46,9.59,5.27,10.51,9.32,6.46,7.01,8.6,7.61,5.4,7.8,8.76,6.41,4.7,6.97,7.84,8.8,9.49,6.4,30.39,21.84,18.2,19.12,28.69,16.9,13.6,15.03,12.11,12.45,12.91,17.27,18.84,19.37,11.69,21.48,14.34,11.63,16.46,15.78,13.8,16.65,23.13,24.77,28.8,16.31,27.01,21.11,17.97,22.09,20.6,19.12,15.72,20.38,28.23,17.37,23.44,9.83,9.66,14.29,24.05,10.14,13.96,11.98,22.12,28.16,14.86,32.35,18.23,32.98,15.9,15.3,13.55,12.74,27.1,15.67,14.74,7.51,15.56,13.84,14.74,12.63,9.56,13.63,12.63,7.67,19.25,20.33,14.84,10.62,16.13,16.97,20.77,22.11,25.92,28.55,28.08,26.08,19.8,26.14,29.22,27.62,19.66,23.97,27.13,23.38,24.0,14.19,4.96,4.57,6.09,9.4,11.64,11.83,24.38,27.19,27.35,26.46,24.48,21.5,25.67,25.9,23.16,23.84,24.44,27.58,26.41,13.31,9.85,17.78,9.31,11.33,15.44,15.8,16.04,7.54,8.42,15.36,10.34,12.52,11.01,15.75,9.01,5.37,6.68,13.4,4.23,17.14,7.32,6.46,12.57,9.67,9.18,15.83,17.17,14.53,20.92,12.44,13.83,23.09,23.54,19.32,21.44,14.36,15.69,18.57,20.39,15.5,25.05,12.77,21.24,19.38,20.9,20.54,21.84,20.6,15.45,19.79,14.5,14.33,11.55,18.28,16.65,8.77,11.56,12.55,16.6,10.94,17.31,8.39,9.77,13.18,0.0,9.73,12.35,12.87,6.23,11.57,22.22,18.64,23.47,19.1,19.9,18.56,24.3,21.06,18.84,17.02,21.56,15.41,24.95,24.24,18.27,27.1,23.62,24.77,23.91,16.28,25.69,18.66,23.28,19.68,24.22,26.23,23.08,22.87
27.51,15.27,17.45,28.18,12.17,18.98,20.85,20.05,19.45,14.64,11.43,8.37,16.19,26.37,22.22,1.57,37.46,9.71,26.25,26.2,9.06,19.77,15.29,28.73,24.26,27.04,1.58,20.45,14.8,20.42,11.9,20.9,12.9,16.52,18.6,23.97,20.57,17.91,24.35,22.08,15.61,18.92,11.63,8.68,9.92,37.77,17.38,25.87,25.28,28.24,13.3,13.27,11.26,12.05,26.31,16.16,31.06,21.58,14.29,16.95,18.49,14.01,10.49,16.51,19.53,9.57,24.37,10.19,7.46,14.55,11.76,14.59,27.04,21.7,6.97,17.86,12.5,12.02,11.17,23.19,11.75,5.58,19.54,25.76,25.87,13.38,14.12,23.17,24.72,18.98,19.24,7.51,12.56,9.66,16.94,24.78,8.83,13.7,16.99,13.61,13.15,17.46,15.17,13.85,9.3,15.43,11.11,16.35,13.77,12.29,11.46,14.44,13.44,11.24,13.64,14.59,12.25,10.53,12.81,12.29,14.64,15.32,12.23,36.23,27.67,24.03,24.95,34.53,22.74,19.43,20.87,17.95,18.29,18.75,23.11,24.68,25.21,17.52,27.32,20.17,17.47,22.3,21.62,19.64,22.48,28.97,30.61,34.64,22.15,32.84,26.94,23.81,27.93,26.44,24.96,21.56,26.22,34.07,23.21,29.27,15.66,15.5,20.13,29.89,15.98,19.8,17.82,27.96,33.99,20.7,38.19,24.07,26.06,21.74,21.14,19.38,18.58,32.93,21.51,20.58,13.34,12.95,15.53,13.8,18.47,15.4,19.47,18.47,13.51,25.08,27.23,20.67,13.04,21.97,22.8,26.61,27.94,31.76,34.38,33.92,31.92,25.64,28.88,35.05,33.46,25.5,29.81,32.96,29.22,29.83,17.99,7.4,6.3,9.85,9.0,17.64,17.83,27.12,29.93,30.09,29.19,27.21,24.24,28.41,28.64,25.9,26.58,27.17,30.31,29.14,10.7,7.24,15.17,6.7,8.72,12.83,13.19,14.21,5.11,4.79,12.75,7.73,9.91,8.4,13.14,6.4,7.28,4.36,10.79,6.67,11.07,7.12,6.44,14.35,2.97,4.65,13.16,9.93,12.35,23.66,18.97,17.08,17.88,18.44,22.06,19.35,19.78,21.53,21.31,20.4,21.33,17.86,17.78,23.98,18.89,18.85,23.28,16.63,18.75,6.58,11.08,5.63,5.45,2.67,9.4,7.78,1.59,2.57,3.67,7.73,10.54,8.43,2.67,2.37,4.3,9.73,0.0,3.48,3.99,4.68,3.16,14.9,9.76,16.16,10.23,12.58,13.1,16.98,13.75,13.38,15.84,14.25,15.32,16.2,15.48,9.4,18.22,14.74,15.89,15.15,7.4,16.81,9.78,14.4,10.8,15.34,17.35,14.33,13.99
30.13,16.63,20.07,30.8,15.65,21.6,23.47,22.68,20.8,18.12,10.81,10.99,18.81,28.99,24.84,3.02,40.08,11.07,28.87,27.55,10.51,22.39,16.65,31.35,26.88,29.66,2.52,23.07,18.27,23.04,13.26,23.52,14.26,17.87,21.22,25.33,21.92,20.53,26.97,24.7,18.23,20.28,15.11,11.3,11.28,40.39,20.0,27.23,27.91,30.86,15.92,14.62,12.62,10.22,27.66,18.78,33.68,24.2,17.76,19.57,21.11,17.48,11.85,17.16,20.88,10.93,26.99,11.55,8.82,15.9,14.38,17.31,29.66,24.32,9.59,20.48,15.12,14.64,12.53,25.81,13.1,9.05,22.16,27.12,27.23,16.86,17.59,25.79,26.08,21.6,20.6,8.86,16.04,12.28,18.29,26.13,10.18,17.17,19.61,17.08,15.77,20.08,17.79,16.47,11.92,18.05,13.73,18.97,15.22,14.91,12.91,17.06,16.06,13.86,16.26,17.21,12.83,13.15,15.43,13.74,17.26,17.94,14.85,38.85,30.3,26.65,27.58,37.15,25.36,22.05,23.49,20.57,20.91,21.37,25.73,27.3,27.83,20.14,29.94,22.79,20.09,24.92,24.24,22.26,25.1,31.59,33.23,37.26,24.77,35.46,29.56,26.43,30.55,29.06,27.58,24.18,28.84,36.69,25.83,31.89,18.28,18.12,22.75,32.51,18.6,22.42,20.44,30.58,36.61,23.32,40.81,26.69,29.53,24.36,23.76,22.0,21.2,35.55,24.13,23.2,15.96,16.43,19.0,17.28,21.09,18.02,22.09,21.09,16.13,27.7,28.58,23.29,16.52,24.59,25.42,29.23,30.56,34.38,37.0,36.54,34.54,28.26,30.24,37.67,36.08,28.12,32.43,35.58,31.84,32.45,19.35,10.02,8.92,11.3,10.44,19.0,19.19,28.47,31.28,31.45,30.55,28.57,25.6,29.77,30.0,27.26,27.94,28.53,31.67,30.5,14.17,10.71,18.65,10.18,12.19,16.3,11.36,17.68,8.58,8.27,10.92,11.21,13.39,11.87,11.31,9.88,10.42,8.28,14.27,9.29,8.31,10.59,9.91,17.83,6.45,8.12,14.52,11.29,13.7,25.02,20.33,18.44,19.23,19.8,23.41,20.71,21.13,24.15,22.66,21.76,23.95,19.22,19.14,25.33,20.25,20.21,24.63,17.99,20.11,7.93,12.43,2.87,2.7,4.03,6.64,5.02,5.06,1.61,5.03,4.97,11.98,5.67,6.15,5.84,1.54,12.35,3.48,0.0,1.24,6.12,4.6,16.26,11.12,17.52,12.17,13.94,14.46,18.34,15.11,14.73,17.2,15.6,16.67,18.47,16.84,6.64,15.47,11.99,13.14,16.51,4.64,14.06,7.03,11.65,8.04,12.59,14.6,15.69,11.24
30.65,17.15,20.59,31.32,16.17,22.12,23.99,23.19,21.32,18.64,11.18,11.51,19.32,29.51,25.36,3.53,40.6,11.58,29.39,28.07,11.02,22.91,17.16,31.87,27.4,30.18,3.04,23.59,18.79,23.56,13.78,24.04,14.78,18.39,21.74,25.84,22.44,21.05,27.49,25.22,18.74,20.79,15.63,11.82,11.8,40.91,20.52,27.75,28.42,31.38,16.44,15.14,13.14,9.28,28.18,19.3,34.2,24.72,18.28,20.09,21.63,18.0,12.37,17.53,21.4,11.45,27.51,12.07,9.34,16.42,14.89,17.83,30.18,24.84,10.11,21.0,15.64,15.16,13.05,26.32,13.62,9.57,22.68,27.64,27.75,17.38,18.11,26.31,26.6,22.12,21.12,9.38,16.56,12.79,18.81,26.65,10.7,17.69,20.13,17.6,16.29,20.6,18.31,16.99,12.43,18.56,14.25,19.49,15.74,15.43,13.43,17.58,16.58,14.38,16.78,17.73,13.35,13.67,15.94,14.26,17.78,18.46,15.37,39.37,30.81,27.17,28.09,37.67,25.87,22.57,24.01,21.09,21.42,21.89,26.25,27.82,28.35,20.66,30.46,23.31,20.61,25.44,24.76,22.77,25.62,32.11,33.75,37.77,25.29,35.98,30.08,26.95,31.07,29.58,28.09,24.7,29.36,37.2,26.34,32.41,18.8,18.63,23.27,33.03,19.12,22.94,20.95,31.09,37.13,23.83,41.32,27.21,30.05,24.88,24.28,22.52,21.72,36.07,24.64,23.72,16.48,16.95,19.52,17.79,21.6,18.53,22.6,21.61,16.65,28.22,29.1,23.81,17.04,25.11,25.94,29.75,31.08,34.9,37.52,37.06,35.05,28.78,30.75,38.19,36.6,28.64,32.95,36.1,32.36,32.97,19.86,10.53,9.44,11.82,10.96,19.51,19.71,28.99,31.8,31.97,31.07,29.09,26.11,30.29,30.52,27.78,28.46,29.05,32.19,31.02,14.69,11.23,19.16,10.69,12.71,16.82,10.42,18.2,9.1,8.79,9.98,11.73,13.91,12.39,10.37,10.4,10.94,8.8,14.79,9.81,8.68,11.11,10.43,18.34,6.96,8.64,15.04,11.81,14.22,25.53,20.85,18.96,19.75,20.32,23.93,21.23,21.65,24.67,23.18,22.28,24.47,19.73,19.66,25.85,20.77,20.73,25.15,18.51,20.63,8.45,12.95,3.24,1.46,4.55,7.02,5.39,5.58,2.12,5.54,5.34,12.5,6.05,6.67,6.36,1.91,12.87,3.99,1.24,0.0,6.64,5.12,16.78,11.64,18.03,12.54,14.46,14.98,18.86,15.63,15.25,17.71,16.12,17.19,18.84,17.36,7.01,15.84,12.36,13.51,17.03,5.02,14.43,7.4,12.02,8.41,12.96,14.97,16.2,11.61
24.0,12.91,13.94,24.67,13.72,15.48,17.35,16.55,22.1,16.19,14.08,4.87,12.68,22.86,18.71,3.76,33.96,12.36,22.75,25.79,9.6,16.26,14.4,25.22,20.76,23.53,4.23,16.95,13.41,16.92,14.55,17.4,15.55,12.85,15.1,23.56,26.67,14.41,20.85,18.58,12.1,13.6,13.18,5.18,12.57,34.27,13.88,25.47,21.78,24.74,9.8,15.92,13.91,13.59,25.9,12.66,27.56,18.08,12.62,13.45,14.99,11.71,13.14,19.16,14.45,12.22,20.87,12.84,10.11,14.77,8.25,11.18,23.54,18.2,3.47,14.35,9.0,8.52,13.82,19.68,14.39,8.16,16.04,25.36,19.75,10.92,15.66,19.66,24.32,15.48,15.27,10.16,14.11,6.15,12.28,24.37,11.48,15.24,13.48,11.72,9.65,13.96,11.67,10.35,5.79,11.92,7.6,12.85,11.65,8.79,9.34,10.94,9.94,7.74,10.14,11.09,8.74,7.03,9.3,10.17,11.13,11.82,8.73,32.72,24.17,20.53,21.45,31.03,19.23,15.93,17.36,14.45,14.78,15.24,19.61,21.17,21.7,14.02,23.81,16.67,13.97,18.8,18.11,16.13,18.98,25.46,27.11,31.13,18.65,29.34,23.44,20.3,24.43,22.93,21.45,18.05,22.71,30.56,19.7,25.77,12.16,11.99,16.62,26.38,12.48,16.29,14.31,24.45,30.49,17.19,34.68,20.56,27.6,18.23,17.63,15.88,15.07,29.43,18.0,17.08,9.84,14.5,17.07,15.35,14.96,11.89,15.96,14.96,10.0,21.58,22.66,17.17,14.59,18.47,19.3,23.1,24.44,28.26,30.88,30.42,28.41,22.14,28.47,31.55,29.96,22.0,26.31,29.46,25.71,26.33,16.52,3.89,2.79,8.43,11.19,13.97,14.16,26.71,29.52,29.69,28.79,26.81,23.83,28.01,28.24,25.5,26.18,26.77,29.91,28.74,12.24,8.78,16.72,8.25,10.26,14.37,14.73,15.75,6.47,7.35,14.29,9.28,11.46,9.94,14.69,7.95,4.3,2.15,12.34,3.17,13.72,6.25,5.4,15.9,4.73,6.41,15.81,12.58,15.0,23.25,14.77,16.17,20.53,21.09,21.65,23.77,16.69,18.03,20.9,22.73,17.83,20.51,15.1,23.57,21.71,23.24,22.87,19.28,22.93,9.22,13.73,8.28,8.1,5.32,12.05,10.43,4.25,5.33,6.32,10.38,12.72,11.08,3.86,5.25,6.95,6.23,4.68,6.12,6.64,0.0,5.34,17.55,12.41,18.81,12.88,15.23,15.75,19.63,16.4,16.03,18.49,16.89,17.96,18.84,18.13,12.04,20.87,17.39,18.54,17.8,10.05,19.46,12.43,17.05,13.45,17.99,20.0,16.98,16.64
24.96,11.88,15.56,26.25,15.33,17.09,18.92,17.5,18.77,17.8,10.75,10.21,13.63,23.82,19.67,1.59,34.58,9.03,24.32,26.7,5.9,17.22,14.61,26.8,22.33,25.11,2.7,18.52,17.95,18.53,11.22,18.35,12.22,11.81,16.05,24.47,19.89,15.32,21.8,19.53,13.05,14.51,14.79,10.52,9.24,34.89,14.79,26.38,22.73,25.69,11.37,12.59,10.58,15.2,26.81,13.57,28.51,19.03,17.45,17.09,15.94,17.16,9.81,15.83,15.36,8.89,23.79,9.51,6.78,13.87,13.6,16.0,25.11,19.77,8.81,15.26,10.84,13.86,10.49,22.53,11.07,8.73,17.61,26.27,20.7,16.54,17.27,21.24,25.23,16.43,16.17,6.83,15.72,11.5,11.24,25.28,8.15,16.85,14.39,16.76,9.47,14.86,12.62,9.96,11.14,12.83,8.13,13.76,10.62,10.36,8.31,11.89,10.48,9.31,11.71,12.04,8.23,9.95,10.53,9.14,12.04,12.73,9.26,33.35,25.12,21.48,23.02,31.98,20.8,17.5,18.94,16.02,15.73,16.2,20.56,22.12,22.66,14.97,24.77,17.62,14.92,19.75,19.07,17.08,19.93,26.42,28.06,32.08,19.6,30.29,24.39,21.25,25.38,23.89,22.4,19.01,23.67,31.51,20.65,26.72,13.11,13.61,20.27,27.96,14.09,19.94,15.92,28.09,34.13,20.83,38.32,24.21,29.22,21.88,19.24,17.49,16.68,33.07,18.95,18.03,14.65,16.11,18.69,16.96,18.61,15.54,19.6,18.61,13.65,22.53,23.61,20.81,16.2,19.38,20.25,24.06,25.39,29.21,31.83,31.37,29.36,23.09,29.38,32.5,30.91,22.95,27.26,30.41,26.67,27.28,17.31,9.24,8.14,6.7,5.84,12.94,13.13,27.62,30.43,30.6,29.7,27.72,24.74,28.92,29.15,26.41,27.08,27.68,30.82,29.65,13.85,10.39,18.33,9.86,11.87,15.98,16.34,17.36,8.26,7.95,15.9,10.89,13.07,11.55,16.3,9.56,9.64,7.5,13.95,8.51,12.19,10.27,9.59,17.51,6.13,7.8,12.48,9.25,11.67,24.16,15.68,16.4,17.2,17.76,22.56,18.67,19.09,18.93,21.81,19.72,18.78,17.18,17.1,24.48,18.21,18.17,23.78,15.95,18.07,5.9,10.4,6.75,6.58,3.8,10.53,8.9,4.74,3.81,4.8,8.85,7.38,9.56,5.83,5.52,5.42,11.57,3.16,4.6,5.12,5.34,0.0,14.22,9.08,15.48,9.55,11.9,12.42,16.3,13.07,12.7,15.16,13.57,14.64,15.52,14.8,10.52,19.35,15.87,17.02,14.47,8.53,17.94,10.91,15.53,11.92,16.47,18.48,13.65,15.12
33.39,11.57,23.99,34.68,27.08,25.52,27.36,26.34,13.82,27.71,8.82,20.58,22.07,29.79,26.09,14.45,43.01,7.1,32.76,20.57,17.9,23.78,11.58,35.23,30.76,33.54,13.64,26.95,26.66,26.96,6.28,24.92,9.2,12.81,24.48,18.34,14.94,17.91,30.23,25.95,21.49,15.21,25.81,19.99,6.22,43.32,19.01,20.25,31.17,34.12,19.8,9.56,7.55,26.95,20.68,17.88,29.25,25.45,25.87,25.53,24.78,24.96,4.77,13.01,15.82,6.47,32.22,5.9,8.47,10.84,21.04,24.43,33.54,28.2,21.02,18.14,19.27,21.31,7.46,30.96,8.04,20.48,26.05,20.14,20.24,24.17,28.01,29.67,19.1,24.86,15.53,7.4,27.47,20.79,13.23,19.15,6.54,27.54,18.62,24.97,17.9,17.06,21.05,18.39,19.13,18.62,17.46,16.6,14.86,18.8,15.8,20.32,18.91,17.74,20.14,19.73,16.66,19.3,18.97,14.91,18.15,17.22,17.7,41.78,33.56,29.91,31.46,32.72,29.24,25.94,27.37,24.45,24.17,24.63,28.99,30.56,31.09,23.4,33.2,26.05,23.35,28.18,27.5,25.52,28.37,34.85,36.49,40.52,24.76,38.72,32.82,29.69,33.81,32.32,30.84,24.16,28.01,39.95,27.08,35.15,21.54,22.05,28.7,36.39,22.52,28.37,24.36,36.53,42.57,29.27,46.76,32.64,47.39,30.31,27.68,25.92,25.12,41.5,24.09,23.18,23.09,27.86,29.42,30.32,27.04,23.98,28.04,27.04,22.08,22.79,21.6,29.24,26.2,20.45,20.84,24.79,26.13,29.94,32.57,32.1,30.1,23.83,23.25,33.24,31.64,23.69,28.0,31.15,27.4,28.02,14.28,21.45,20.35,16.73,20.04,13.93,14.12,21.49,24.3,24.82,23.57,21.59,18.61,22.79,23.02,20.28,20.95,21.55,24.69,23.52,25.6,22.14,30.08,21.61,23.62,27.73,28.09,31.62,20.01,19.7,27.65,22.64,24.82,23.3,28.05,21.31,21.85,19.71,25.7,20.72,24.26,22.02,21.34,28.15,17.88,19.55,9.46,5.6,8.64,18.03,15.26,13.37,12.25,12.82,16.43,13.73,16.07,20.12,15.68,14.78,22.28,12.23,14.07,18.35,13.26,13.23,17.65,11.01,13.13,8.58,4.57,18.82,18.24,12.38,22.59,19.37,16.49,15.47,11.55,19.32,21.58,21.62,17.58,17.27,17.5,22.22,14.9,16.26,16.78,17.55,14.22,0.0,10.76,8.96,7.91,2.32,7.48,9.78,1.15,7.75,12.13,1.52,11.61,12.63,11.92,13.16,15.69,16.9,18.05,11.59,14.67,18.97,12.01,16.56,12.32,17.5,19.51,10.76,16.15
32.95,11.13,23.56,34.25,21.93,25.09,26.92,25.5,15.31,24.4,7.29,17.28,21.63,31.82,27.57,9.3,42.58,5.57,32.32,22.06,13.92,25.26,11.15,34.8,30.33,33.11,8.5,26.52,24.56,26.53,7.76,26.4,8.76,12.38,24.05,19.83,16.43,17.47,29.8,27.44,21.05,14.78,21.4,17.59,5.78,42.89,18.58,21.73,30.73,33.69,19.37,9.13,7.12,21.81,22.17,17.45,30.73,26.93,24.05,25.09,23.94,23.77,6.35,12.37,15.38,5.43,31.79,6.05,2.3,10.41,20.66,24.0,33.11,27.77,15.88,17.71,18.84,20.93,7.03,30.53,7.6,15.34,25.61,21.62,21.73,23.73,23.88,29.24,20.58,24.43,15.1,3.37,22.32,18.56,12.8,20.63,4.69,23.46,18.18,23.37,17.47,16.62,20.62,17.96,18.2,18.19,17.03,16.16,14.42,18.36,15.37,19.89,18.48,17.31,19.71,19.3,16.23,18.87,18.53,14.48,17.72,16.79,17.26,41.35,33.12,29.48,31.02,34.2,28.8,25.5,26.94,24.02,23.73,24.2,28.56,30.12,30.66,22.97,32.77,25.62,22.92,27.75,27.07,25.08,27.93,34.42,36.06,40.08,26.24,38.29,32.39,29.25,33.38,31.89,30.4,25.65,31.67,39.51,28.56,34.72,21.11,21.61,28.27,35.96,22.09,27.94,23.92,36.09,42.13,28.83,46.32,32.21,35.82,29.88,27.24,25.49,24.68,41.07,25.58,24.67,22.65,22.71,25.29,23.56,26.61,23.54,27.6,26.61,21.65,24.28,23.08,28.81,22.81,20.12,22.32,26.28,27.61,31.43,34.05,33.59,31.59,25.31,24.74,34.72,33.13,25.17,29.48,32.63,28.89,29.5,13.85,16.3,15.2,16.3,13.86,13.5,13.69,22.98,25.78,25.95,25.05,23.07,20.1,24.27,24.5,21.76,22.44,23.03,26.17,25.0,20.46,17.0,24.93,16.46,18.48,22.59,22.95,23.97,14.87,14.55,22.51,17.49,19.67,18.16,22.9,16.17,16.71,14.56,20.55,15.58,18.71,16.88,16.2,24.11,12.73,14.41,9.02,5.79,8.2,19.52,14.83,12.94,13.74,14.3,17.91,15.21,15.63,19.68,17.17,16.26,23.76,13.72,13.64,19.83,14.75,14.71,19.14,12.49,14.61,3.44,6.94,13.27,13.1,7.23,17.04,15.42,11.35,10.32,6.41,15.37,15.4,16.07,12.43,12.13,11.94,18.64,9.76,11.12,11.64,12.41,9.08,10.76,0.0,12.02,6.08,8.44,8.96,12.84,9.61,9.24,11.7,10.1,11.17,12.05,11.34,11.33,15.12,15.07,16.22,11.01,12.84,17.14,10.18,14.73,10.49,15.67,17.68,10.19,14.32
37.46,12.82,25.24,35.94,28.33,26.78,28.61,22.8,7.97,28.96,10.07,21.84,24.28,26.24,22.55,15.7,44.27,8.35,34.01,17.03,19.15,20.24,12.83,36.49,32.02,34.79,14.89,28.21,27.91,28.21,6.71,21.37,8.97,14.06,22.8,14.8,9.83,19.34,34.3,22.41,25.56,15.27,27.07,21.24,7.47,44.57,21.37,16.7,25.64,38.19,21.06,10.81,8.81,28.21,17.14,17.94,25.71,21.91,27.12,26.78,21.23,26.22,6.02,14.27,15.88,7.72,36.29,7.15,9.72,12.09,22.29,25.69,34.8,29.46,22.28,18.69,20.53,22.56,8.72,35.03,9.29,21.74,27.3,16.59,16.7,25.42,29.26,30.92,15.55,22.3,15.6,8.65,28.72,22.04,14.48,15.61,7.8,28.79,20.97,26.22,19.15,19.48,23.27,19.64,20.39,20.98,18.72,16.66,16.11,20.05,17.06,24.39,21.95,19.0,21.4,22.09,17.91,20.55,23.3,16.17,20.51,17.29,18.95,43.03,37.63,33.98,32.71,29.17,30.49,27.19,28.62,25.71,28.24,28.7,33.06,34.63,35.16,27.47,37.27,26.01,27.42,32.25,31.57,29.59,32.44,38.92,31.08,35.1,21.21,33.31,27.71,24.34,28.4,26.91,27.29,20.62,24.47,34.54,23.53,30.04,25.61,23.3,29.95,37.64,23.77,29.62,25.61,37.78,43.82,30.52,48.01,33.89,48.64,31.56,28.93,27.18,26.37,42.76,20.55,19.64,24.34,29.11,30.67,31.58,28.29,25.23,29.29,28.29,23.33,19.25,18.06,30.5,27.45,16.91,17.29,21.25,22.58,26.4,29.03,28.56,26.56,20.28,19.71,29.7,28.1,20.14,24.45,27.61,23.86,24.48,14.34,22.7,21.6,17.98,21.29,15.18,12.28,17.95,18.24,16.75,20.03,18.05,15.07,19.24,16.93,16.73,17.41,18.01,21.14,18.47,26.85,23.4,31.33,22.86,24.88,28.99,29.34,32.87,21.27,20.95,28.91,23.89,26.07,24.56,29.3,22.56,23.11,20.96,26.95,21.98,25.51,23.27,22.6,29.41,19.13,20.8,9.52,6.86,9.89,14.49,15.33,13.44,8.71,6.96,12.89,9.07,16.13,17.08,12.14,10.11,18.74,6.38,14.14,14.81,9.72,9.68,14.11,7.46,9.58,9.83,8.84,20.07,19.49,13.63,23.84,20.63,17.75,16.72,12.81,20.57,22.83,22.87,18.83,18.53,18.75,23.47,16.16,17.52,18.03,18.81,15.48,8.96,12.02,0.0,9.17,6.64,6.63,0.82,7.81,5.32,10.26,8.3,11.67,13.88,13.17,14.41,16.95,18.16,19.31,12.84,15.93,20.22,13.27,17.81,13.57,18.75,20.77,12.02,17.41
31.4,9.58,22.0,32.7,22.4,23.54,25.37,23.95,12.55,25.72,1.95,17.74,20.08,30.27,24.82,9.77,41.03,1.47,30.77,19.3,15.92,22.51,9.6,33.25,28.78,31.55,8.96,24.97,24.67,24.98,5.01,23.65,7.21,10.82,22.5,17.08,13.68,15.92,28.25,24.68,19.5,13.23,21.86,18.01,4.23,41.34,17.03,18.98,29.18,32.14,17.82,7.57,5.57,22.27,19.41,15.89,27.98,24.18,23.89,23.54,22.39,22.98,3.15,9.51,13.83,2.49,30.24,3.19,3.79,8.85,19.06,22.45,31.56,26.22,16.34,16.16,17.29,19.32,5.48,28.98,6.05,15.8,24.06,18.87,18.98,22.18,24.34,27.69,17.83,22.88,13.55,2.72,22.79,18.8,11.24,17.88,2.65,23.92,16.63,22.98,15.92,15.07,19.07,16.4,17.15,16.64,15.48,14.61,12.87,16.81,13.82,18.34,16.92,15.76,18.16,17.75,14.67,17.31,16.98,12.93,16.17,15.24,15.71,39.79,31.57,27.93,29.47,31.45,27.25,23.95,25.39,22.47,22.18,22.65,27.01,28.57,29.1,21.42,31.22,24.07,21.37,26.2,25.51,23.53,26.38,32.86,34.51,38.53,23.49,36.74,30.84,27.7,31.83,30.33,28.85,22.9,26.75,37.96,25.81,33.17,19.56,20.06,26.72,34.4,20.54,26.38,22.37,34.54,40.58,27.28,44.77,30.65,45.4,28.32,25.69,23.94,23.13,39.52,22.82,21.92,21.1,23.18,25.76,24.03,25.05,21.99,26.05,25.05,20.1,21.53,20.33,27.26,23.27,19.19,19.57,23.53,24.86,28.68,31.3,30.84,28.83,22.56,21.99,31.97,30.38,22.42,26.73,29.88,26.14,26.75,12.3,16.77,15.67,14.74,14.33,11.95,12.14,20.22,23.03,23.2,22.3,20.32,17.35,21.52,21.75,19.01,19.69,20.28,23.42,22.25,20.92,17.46,25.4,16.93,18.94,23.05,23.41,24.43,15.33,15.02,19.11,17.96,20.14,18.62,23.37,16.63,17.18,15.03,21.02,16.04,17.39,17.34,16.66,24.58,13.2,14.87,7.47,4.24,6.65,16.77,13.28,11.39,10.98,11.55,15.16,12.46,14.08,18.13,14.41,13.51,21.01,10.97,12.09,17.08,12.0,11.96,16.38,9.74,11.86,3.9,4.08,11.94,12.64,7.7,15.72,12.5,11.81,10.79,6.88,12.45,15.86,14.75,12.9,12.59,10.63,19.1,10.23,12.17,12.54,12.88,9.55,7.91,6.08,9.17,0.0,5.59,6.21,9.99,6.76,6.48,10.11,7.25,9.58,9.2,8.49,6.28,13.51,10.03,11.18,8.15,7.8,12.09,5.14,9.69,5.44,10.63,12.64,7.33,9.28
31.07,9.24,21.67,32.36,24.76,23.2,25.03,24.02,11.5,25.38,6.5,18.26,19.75,27.47,23.77,12.12,40.69,4.77,30.43,18.25,15.58,21.46,9.26,32.91,28.44,31.22,11.32,24.63,24.34,24.64,3.96,22.59,6.87,10.49,22.16,16.02,12.62,15.58,27.91,23.63,19.17,12.89,23.49,17.67,3.89,41.0,16.69,17.92,28.84,31.8,17.48,7.24,5.23,24.63,18.36,15.56,26.93,23.13,23.55,23.2,22.45,22.64,2.45,10.69,13.5,4.15,29.9,3.58,6.14,8.52,18.72,22.11,31.22,25.88,18.7,15.82,16.95,18.99,5.14,28.64,5.72,18.16,23.72,17.81,17.92,21.84,25.68,27.35,16.77,22.54,13.21,5.08,25.15,18.46,10.91,16.83,4.22,25.21,16.29,22.65,15.58,14.73,18.73,16.07,16.81,16.3,15.14,14.27,12.54,16.47,13.48,18.0,16.59,15.42,17.82,17.41,14.34,16.98,16.64,12.59,15.83,14.9,15.38,39.46,31.23,27.59,29.14,30.39,26.92,23.61,25.05,22.13,21.85,22.31,26.67,28.24,28.77,21.08,30.88,23.73,21.03,25.86,25.18,23.2,26.04,32.53,34.17,38.19,22.43,36.4,30.5,27.37,31.49,30.0,28.51,21.84,25.69,37.62,24.75,32.83,19.22,19.73,26.38,34.07,20.2,26.05,22.03,34.21,40.24,26.95,44.43,30.32,45.06,27.99,25.35,23.6,22.8,39.18,21.77,20.86,20.76,25.54,27.1,28.0,24.72,21.66,25.71,24.72,19.76,20.47,19.28,26.92,23.88,18.13,18.51,22.47,23.81,27.62,30.25,29.78,27.78,21.5,20.93,30.92,29.32,21.36,25.67,28.83,25.08,25.7,11.96,19.12,18.03,14.41,17.72,11.61,11.8,19.17,21.98,22.49,21.25,19.27,16.29,20.46,20.69,17.95,18.63,19.23,22.36,21.2,23.28,19.82,27.75,19.28,21.3,25.41,25.77,29.3,17.69,17.38,25.33,20.32,22.5,20.98,25.72,18.99,19.53,17.39,23.38,18.4,21.94,19.7,19.02,25.83,15.55,17.23,7.13,3.28,6.32,15.71,12.94,11.05,9.93,10.49,14.11,11.41,13.75,17.79,13.36,12.45,19.96,9.91,11.75,16.03,10.94,10.9,15.33,8.68,10.81,6.26,5.26,16.49,15.92,10.05,20.27,17.05,14.17,13.14,9.23,17.0,19.26,19.3,15.26,14.95,15.18,19.9,12.58,13.94,14.46,15.23,11.9,2.32,8.44,6.64,5.59,0.0,5.15,7.46,1.17,5.43,9.81,1.66,9.29,10.31,9.6,10.84,13.37,14.58,15.73,9.27,12.35,16.65,9.69,14.24,10.0,15.18,17.19,8.44,13.83
30.16,7.91,20.33,31.02,25.27,21.86,24.14,20.21,7.69,24.05,7.11,16.92,16.71,23.66,19.96,12.64,39.36,5.39,29.1,14.44,14.24,17.65,7.92,31.57,29.34,29.88,11.84,23.29,23.0,23.3,1.43,18.79,3.69,9.15,19.12,12.21,8.81,12.69,27.0,19.82,18.26,9.99,22.15,16.33,4.41,39.66,13.79,14.12,23.06,30.89,16.15,5.9,5.75,25.15,14.55,12.66,23.12,19.32,22.21,21.87,18.65,21.3,3.06,11.31,10.6,4.77,28.99,4.19,6.66,7.18,17.38,20.77,29.88,24.55,17.7,16.1,15.61,17.65,5.66,27.73,4.38,18.68,22.39,14.01,14.12,20.51,24.35,26.01,12.97,19.71,10.32,5.59,24.33,17.13,9.57,13.02,4.84,23.88,13.4,21.31,14.24,11.84,15.69,14.73,15.47,13.41,13.8,11.38,11.2,15.14,12.14,17.09,13.76,14.08,17.37,14.52,13.0,15.64,16.0,11.26,12.93,12.01,14.04,38.12,30.32,26.68,27.8,26.59,25.58,22.28,25.72,20.79,20.94,21.4,25.76,27.33,27.86,20.17,29.97,22.82,20.12,24.95,24.27,22.29,25.13,31.62,28.49,32.52,18.63,30.73,25.12,21.75,25.81,24.32,24.7,18.03,21.88,31.95,20.95,27.46,18.31,18.39,25.04,32.73,18.86,24.71,20.7,32.87,38.91,25.61,43.1,28.98,43.73,26.65,24.02,22.26,21.46,37.84,17.96,17.05,19.43,26.05,25.76,26.66,23.38,20.32,24.38,23.38,18.42,16.66,15.47,25.59,22.54,14.33,14.71,18.66,20.0,23.82,26.44,25.98,23.97,17.7,17.12,27.11,25.52,17.56,21.87,25.02,21.27,21.89,9.06,19.64,18.54,13.07,16.38,10.27,7.0,15.36,18.17,18.34,17.44,15.46,12.48,16.66,16.89,14.15,14.82,15.42,18.56,17.39,23.8,20.34,28.27,19.8,21.82,25.93,26.29,27.96,18.21,17.89,25.85,20.83,23.01,21.5,26.24,19.51,20.05,17.9,23.89,18.92,22.55,20.22,19.54,24.49,16.07,17.75,4.24,3.8,5.44,11.9,10.05,8.16,6.12,6.69,10.3,7.6,10.85,14.49,9.55,8.65,16.15,6.1,8.86,12.22,7.13,7.1,11.52,4.88,7.0,6.78,5.88,17.11,16.44,10.57,20.88,17.67,14.69,13.66,9.75,17.61,17.92,19.91,15.77,15.47,15.79,18.56,13.1,14.46,14.98,15.75,12.42,7.48,8.96,6.63,6.21,5.15,0.0,7.45,6.32,1.62,6.91,6.82,6.39,10.92,10.21,11.45,13.99,15.2,16.35,9.88,12.97,17.26,10.31,14.86,10.61,15.8,17.81,9.06,14.45
38.28,13.64,26.07,36.76,29.15,27.6,29.43,23.62,8.79,29.78,10.9,22.66,25.11,27.07,23.37,16.52,45.09,9.17,34.83,17.85,19.98,21.06,13.66,37.31,32.84,35.62,15.72,29.03,28.74,29.04,7.53,22.2,9.79,14.89,23.62,15.62,10.65,20.16,35.13,23.23,26.38,16.1,27.89,22.07,8.29,45.4,22.19,17.53,26.47,39.02,21.88,11.64,9.63,29.03,17.96,18.76,26.53,22.73,27.95,27.6,22.06,27.04,6.85,15.09,16.7,8.55,37.12,7.98,10.54,12.92,23.12,26.51,35.62,30.28,23.1,19.51,21.35,23.39,9.54,35.86,10.12,22.56,28.12,17.42,17.53,26.24,30.08,31.75,16.38,23.13,16.42,9.48,29.55,22.86,15.31,16.43,8.62,29.61,21.8,27.05,19.98,20.31,24.09,20.47,21.21,21.81,19.54,17.48,16.93,20.87,17.88,25.22,22.78,19.82,22.22,22.91,18.74,21.38,24.12,16.99,21.33,18.11,19.78,43.86,38.45,34.81,33.54,30.0,31.32,28.01,29.45,26.53,29.06,29.52,33.88,35.45,35.98,28.3,38.09,26.83,28.25,33.07,32.39,30.41,33.26,39.74,31.9,35.93,22.04,34.14,28.54,25.16,29.22,27.73,28.11,21.44,25.29,35.36,24.36,30.87,26.44,24.12,30.78,38.47,24.6,30.45,26.43,38.6,44.64,31.34,48.83,34.72,49.46,32.39,29.75,28.0,27.2,43.58,21.37,20.46,25.16,29.94,31.5,32.4,29.12,26.05,30.11,29.12,24.16,20.07,18.88,31.32,28.28,17.74,18.12,22.07,23.41,27.23,29.85,29.39,27.38,21.11,20.53,30.52,28.93,20.97,25.28,28.43,24.68,25.3,15.17,23.52,22.42,18.81,22.12,16.01,13.1,18.77,19.06,17.57,20.85,18.87,15.89,20.07,17.75,17.56,18.24,18.83,21.97,19.3,27.68,24.22,32.15,23.68,25.7,29.81,30.17,33.7,22.09,21.78,29.73,24.71,26.89,25.38,30.12,23.39,23.93,21.79,27.77,22.8,26.34,24.1,23.42,30.23,19.95,21.63,10.34,7.68,10.72,15.31,16.15,14.26,9.53,7.79,13.71,9.89,16.95,17.9,12.96,10.94,19.56,7.21,14.96,15.63,10.55,10.51,14.93,8.29,10.41,10.66,9.66,20.89,20.32,14.45,24.67,21.45,18.57,17.54,13.63,21.4,23.66,23.7,19.66,19.35,19.58,24.3,16.98,18.34,18.86,19.63,16.3,9.78,12.84,0.82,9.99,7.46,7.45,0.0,8.63,6.15,11.08,9.13,12.49,14.71,14.0,15.24,17.77,18.98,20.13,13.66,16.75,21.05,14.09,18.64,14.39,19.58,21.59,12.84,18.23
32.23,10.41,22.83,33.53,25.92,24.37,26.2,25.19,12.67,26.55,7.67,19.43,20.91,28.63,24.93,13.29,41.86,5.94,31.6,19.42,16.75,22.62,10.43,34.08,29.61,32.39,12.49,25.8,25.5,25.81,5.12,23.76,8.04,11.65,23.33,17.19,13.79,16.75,29.08,24.8,20.33,14.06,24.66,18.84,5.06,42.17,17.86,19.09,30.01,32.97,18.65,8.41,6.4,25.8,19.53,16.73,28.09,24.3,24.72,24.37,23.62,23.81,3.61,11.86,14.66,5.32,31.07,4.74,7.31,9.68,19.89,23.28,32.39,27.05,19.87,16.99,18.12,20.15,6.31,29.81,6.88,19.33,24.89,18.98,19.09,23.01,26.85,28.52,17.94,23.71,14.38,6.24,26.31,19.63,12.07,18.0,5.39,26.38,17.46,23.81,16.75,15.9,19.9,17.23,17.98,17.47,16.31,15.44,13.7,17.64,14.65,19.17,17.75,16.59,18.99,18.58,15.5,18.14,17.81,13.76,17.0,16.07,16.54,40.62,32.4,28.76,30.3,31.56,28.08,24.78,26.22,23.3,23.01,23.48,27.84,29.4,29.93,22.25,32.05,24.9,22.2,27.03,26.34,24.36,27.21,33.7,35.34,39.36,23.6,37.57,31.67,28.53,32.66,31.16,29.68,23.01,26.86,38.79,25.92,34.0,20.39,20.89,27.55,35.24,21.37,27.21,23.2,35.37,41.41,28.11,45.6,31.48,46.23,29.15,26.52,24.77,23.96,40.35,22.94,22.03,21.93,26.7,28.27,29.17,25.88,22.82,26.88,25.88,20.93,21.64,20.45,28.09,25.05,19.3,19.68,23.64,24.97,28.79,31.41,30.95,28.95,22.67,22.1,32.08,30.49,22.53,26.84,29.99,26.25,26.87,13.13,20.29,19.19,15.58,18.89,12.78,12.97,20.34,23.15,23.66,22.41,20.43,17.46,21.63,21.86,19.12,19.8,20.39,23.53,22.36,24.45,20.99,28.92,20.45,22.47,26.58,26.94,30.46,18.86,18.54,26.5,21.48,23.66,22.15,26.89,20.15,20.7,18.55,24.54,19.57,23.1,20.87,20.19,27.0,16.72,18.4,8.3,4.45,7.48,16.88,14.11,12.22,11.1,11.66,15.28,12.57,14.91,18.96,14.53,13.62,21.13,11.08,12.92,17.2,12.11,12.07,16.5,9.85,11.97,7.43,3.55,17.66,17.09,11.22,21.44,18.22,15.34,14.31,10.4,18.17,20.42,20.47,16.42,16.12,16.34,21.06,13.75,15.11,15.63,16.4,13.07,1.15,9.61,7.81,6.76,1.17,6.32,8.63,0.0,6.6,10.98,0.49,10.45,11.48,10.76,12.0,14.54,15.75,16.9,10.43,13.52,17.82,10.86,15.41,11.16,16.35,18.36,9.61,15.0
30.43,8.18,20.6,31.3,25.55,22.14,24.42,18.91,6.39,24.32,7.39,17.2,16.98,22.36,18.66,12.92,39.63,5.67,29.37,13.14,14.52,16.35,8.2,31.85,29.62,30.16,12.11,23.57,23.27,23.58,1.7,17.49,3.96,9.42,18.91,10.91,7.51,15.45,27.27,18.52,18.53,10.27,22.43,16.61,4.69,39.94,14.07,12.82,21.75,31.17,16.42,6.18,6.02,25.42,13.25,12.94,21.82,18.02,22.49,22.14,17.35,21.58,3.34,11.58,10.88,5.04,29.27,4.47,6.94,7.46,17.66,21.05,30.16,24.82,17.97,14.8,15.89,17.92,5.93,28.01,4.65,18.95,22.66,12.71,12.81,20.78,24.62,26.29,11.66,18.41,10.59,5.87,24.6,17.4,9.85,11.72,5.11,24.15,13.67,21.58,14.52,12.11,15.97,15.01,15.75,13.68,14.08,11.65,11.47,15.41,12.42,17.36,14.03,14.36,17.64,14.79,13.28,15.92,16.27,11.53,13.21,12.28,14.31,38.4,30.6,26.96,28.07,25.29,25.85,22.55,25.99,21.07,21.21,21.67,26.03,27.6,28.13,20.45,30.24,22.12,20.4,25.22,24.54,22.56,25.41,31.89,27.19,31.22,17.32,29.43,23.82,20.45,24.51,23.02,23.4,16.73,20.58,30.65,19.64,26.16,18.59,18.66,25.32,33.01,19.14,24.98,20.97,33.14,39.18,25.88,43.37,29.25,44.0,26.93,24.29,22.54,21.73,38.12,16.66,15.75,19.7,26.33,26.04,26.94,23.65,20.59,24.65,23.66,18.7,15.36,14.17,25.86,22.82,13.02,13.4,17.36,18.7,22.51,25.14,24.67,22.67,16.4,15.82,25.81,24.21,16.26,20.56,23.72,19.97,20.59,9.34,19.92,18.82,13.35,16.66,10.55,7.27,14.06,16.87,17.03,16.14,14.16,11.18,15.35,15.59,12.85,13.52,14.12,17.26,16.09,24.07,20.62,28.55,20.08,22.09,26.2,26.56,28.23,18.48,18.17,26.12,21.11,23.29,21.77,26.52,19.78,20.33,18.18,24.17,19.19,22.83,20.49,19.82,24.77,16.35,18.02,4.51,4.08,5.71,10.6,10.32,8.43,4.82,5.38,9.0,6.3,11.12,13.19,8.25,7.35,14.85,4.8,9.13,10.92,5.83,5.8,10.22,3.57,5.7,7.05,6.15,17.39,16.71,10.85,21.16,17.94,14.97,13.94,10.03,17.89,18.19,20.19,16.05,15.74,16.07,18.84,13.38,14.73,15.25,16.03,12.7,7.75,9.24,5.32,6.48,5.43,1.62,6.15,6.6,0.0,6.37,7.09,6.67,11.2,10.49,11.73,14.26,15.47,16.62,10.16,13.24,17.54,10.58,15.13,10.89,16.07,18.08,9.33,14.72
25.37,7.93,17.02,27.71,21.87,18.55,19.36,15.8,6.88,21.18,11.01,15.38,11.93,24.24,18.85,15.38,36.04,9.29,25.78,13.34,14.26,16.54,7.94,28.26,24.56,26.57,14.57,19.98,20.13,19.99,6.41,17.68,3.91,9.17,14.34,11.11,7.71,7.91,22.22,18.72,13.47,5.21,19.29,14.79,7.15,36.35,9.01,13.01,23.15,26.11,12.83,5.92,5.39,27.89,13.45,7.88,22.01,18.21,19.34,19.0,14.23,18.44,7.72,15.21,5.82,8.67,24.21,8.89,9.4,7.2,14.63,17.91,26.57,21.23,16.15,8.14,12.86,14.89,6.29,22.95,4.4,21.42,19.07,12.9,13.01,17.64,21.48,22.7,11.86,14.72,5.53,8.33,21.46,15.19,9.59,11.91,8.23,21.01,8.62,18.44,10.3,7.06,10.91,11.7,13.93,8.62,13.27,6.6,11.22,11.83,12.16,12.31,8.97,12.0,12.58,9.73,13.02,14.4,11.22,11.28,8.15,7.22,11.08,34.81,25.54,21.9,24.49,25.48,22.27,18.96,20.93,17.48,16.15,16.62,20.98,22.54,23.08,15.39,25.19,18.04,15.34,20.17,19.48,17.5,20.35,26.84,28.48,32.5,17.52,30.71,24.81,21.67,25.8,24.3,22.82,16.93,20.78,31.93,19.84,27.14,13.53,15.08,22.17,29.42,15.55,21.84,17.38,30.0,36.04,22.74,40.23,26.11,40.86,23.78,20.71,18.95,18.15,34.98,16.86,15.95,16.56,22.65,22.89,23.8,20.51,17.45,21.51,20.51,15.55,15.56,14.36,22.72,19.68,10.56,13.6,17.56,18.89,22.71,25.33,24.87,22.87,16.59,16.02,26.0,24.41,16.45,20.76,23.91,20.17,20.78,4.28,18.08,17.69,13.09,16.4,10.29,6.25,14.26,17.06,17.23,16.33,14.35,11.38,15.55,15.78,13.04,13.72,14.31,17.45,16.28,21.51,23.68,25.88,22.54,22.2,23.54,29.02,25.09,20.95,20.63,28.59,23.19,21.01,24.24,28.98,22.24,18.49,20.64,20.45,17.36,24.79,20.44,19.59,21.63,18.81,20.48,2.67,7.16,5.46,10.8,5.26,3.37,5.02,7.89,9.19,6.49,6.07,10.12,8.45,7.54,15.04,9.74,4.07,11.11,6.03,5.99,10.42,3.77,5.89,9.51,9.78,19.35,19.17,13.31,23.12,21.57,17.43,16.4,12.49,21.52,17.94,22.15,18.51,18.21,18.02,17.02,15.84,17.2,17.71,18.49,15.16,12.13,11.7,10.26,10.11,9.81,6.91,11.08,10.98,6.37,0.0,11.47,1.61,14.86,14.15,15.39,17.93,19.14,20.28,13.82,16.9,21.2,14.25,18.79,14.55,19.73,21.75,13.0,18.39
32.73,10.91,23.33,34.02,26.42,24.86,26.7,25.68,13.16,27.05,8.16,19.92,21.41,29.13,25.43,13.79,42.36,6.44,32.1,19.91,17.24,23.12,10.92,34.57,30.1,32.88,12.98,26.29,26.0,26.3,5.62,24.26,8.54,12.15,23.82,17.68,14.28,17.25,29.57,25.29,20.83,14.55,25.15,19.33,5.56,42.66,18.35,19.59,30.51,33.46,19.14,8.9,6.89,26.29,20.02,17.22,28.59,24.79,25.21,24.87,24.12,24.3,4.11,12.35,15.16,5.81,31.56,5.24,7.81,10.18,20.38,23.77,32.88,27.54,20.36,17.48,18.61,20.65,6.8,30.3,7.38,19.82,25.39,19.48,19.58,23.51,27.35,29.01,18.44,24.2,14.88,6.74,26.81,20.13,12.57,18.49,5.89,26.88,17.96,24.31,17.24,16.4,20.39,17.73,18.47,17.96,16.8,15.94,14.2,18.14,15.14,19.66,18.25,17.08,19.48,19.07,16.0,18.64,18.31,14.26,17.49,16.57,17.04,41.12,32.9,29.25,30.8,32.06,28.58,25.28,26.71,23.79,23.51,23.97,28.33,29.9,30.43,22.74,32.54,25.4,22.69,27.52,26.84,24.86,27.71,34.19,35.83,39.86,24.1,38.07,32.16,29.03,33.15,31.66,30.18,23.5,27.35,39.29,26.42,34.49,20.88,21.39,28.04,35.73,21.86,27.71,23.7,35.87,41.91,28.61,46.1,31.98,46.73,29.65,27.02,25.26,24.46,40.84,23.43,22.52,22.43,27.2,28.76,29.66,26.38,23.32,27.38,26.38,21.42,22.13,20.94,28.58,25.54,19.8,20.18,24.13,25.47,29.29,31.91,31.45,29.44,23.17,22.59,32.58,30.99,23.03,27.34,30.49,26.74,27.36,13.62,20.79,19.69,16.07,19.38,13.27,13.46,20.83,23.64,24.16,22.91,20.93,17.95,22.13,22.36,19.62,20.29,20.89,24.03,22.86,24.94,21.48,29.42,20.95,22.96,27.07,27.43,30.96,19.35,19.04,26.99,21.98,24.16,22.64,27.39,20.65,21.19,19.05,25.04,20.06,23.6,21.36,20.68,27.49,17.22,18.89,8.8,4.94,7.98,17.37,14.61,12.71,11.59,12.16,15.77,13.07,15.41,19.46,15.02,14.12,21.62,11.57,13.41,17.69,12.6,12.57,16.99,10.35,12.47,7.92,3.06,18.16,17.58,11.72,21.93,18.71,15.83,14.81,10.9,18.66,20.92,20.96,16.92,16.61,16.84,21.56,14.25,15.6,16.12,16.89,13.57,1.52,10.1,8.3,7.25,1.66,6.82,9.13,0.49,7.09,11.47,0.0,10.95,11.97,11.26,12.5,15.04,16.24,17.39,10.93,14.01,18.31,11.35,15.9,11.66,16.84,18.85,10.1,15.49
23.77,7.4,15.41,26.1,20.26,16.94,17.75,14.19,8.49,19.57,10.49,13.77,10.32,22.63,16.35,14.86,34.44,8.77,24.18,14.53,13.74,13.9,7.42,26.65,22.95,24.96,14.05,18.37,18.52,18.38,5.89,15.04,3.39,8.65,12.73,12.31,9.31,6.3,20.61,16.21,11.87,3.6,17.68,13.18,6.63,34.74,7.4,14.21,21.54,24.5,11.22,5.4,4.86,27.36,14.65,6.27,23.21,15.71,17.74,17.39,12.62,16.83,7.19,14.69,4.21,8.14,22.6,8.37,8.88,6.68,13.02,16.3,24.96,19.63,14.55,6.53,11.25,13.28,5.77,21.34,3.88,20.89,17.47,14.1,14.21,16.03,19.87,21.09,13.06,13.12,3.93,7.81,19.85,13.58,9.07,13.11,7.71,19.4,7.01,16.83,8.69,5.45,9.3,10.09,12.32,7.02,11.66,4.99,10.7,10.22,11.64,10.7,7.37,10.39,10.98,8.13,10.61,12.79,9.61,10.75,6.54,5.62,9.47,33.2,23.93,20.29,22.88,26.68,20.66,17.36,19.33,15.87,14.55,15.01,19.37,20.94,21.47,13.78,23.58,16.43,13.73,18.56,17.88,15.9,18.74,25.23,26.87,30.89,16.28,29.1,23.2,20.07,24.19,22.7,21.21,15.69,22.48,30.33,17.34,25.53,11.92,13.47,20.57,27.81,13.94,20.23,15.78,28.39,34.43,21.13,38.62,24.5,39.25,22.18,19.1,17.34,16.54,33.37,15.64,14.71,14.95,21.04,21.29,22.19,18.9,15.84,19.9,18.91,13.95,16.76,15.56,21.11,18.07,8.95,14.8,18.76,20.09,23.91,26.53,26.07,24.07,17.79,17.22,27.2,25.61,17.65,21.96,25.11,21.37,21.98,2.67,16.47,16.08,12.57,15.88,9.77,5.72,15.46,18.26,18.43,17.53,15.55,12.58,16.75,16.98,14.24,14.92,15.51,18.65,17.48,19.9,22.07,24.28,22.02,20.6,21.93,28.5,23.48,20.42,20.11,28.06,21.58,19.4,23.71,28.46,21.72,16.88,20.12,18.85,15.75,24.27,18.83,17.98,20.02,18.29,19.96,2.15,6.63,4.94,12.0,3.66,1.77,6.62,9.5,7.93,8.1,4.46,8.51,9.64,9.15,16.24,11.15,2.47,12.31,7.64,7.6,11.62,5.38,7.5,8.99,9.25,18.82,18.65,12.79,22.6,21.04,16.9,15.88,11.97,20.99,17.42,21.63,17.99,17.68,17.5,15.41,15.32,16.67,17.19,17.96,14.64,11.61,11.17,11.67,9.58,9.29,6.39,12.49,10.45,6.67,1.61,10.95,0.0,14.34,13.63,14.87,17.4,18.61,19.76,13.3,16.38,20.68,13.72,18.27,14.03,19.21,21.22,12.47,17.86
36.12,14.3,26.72,37.41,28.37,28.25,30.09,28.67,17.27,30.44,10.1,23.31,24.8,34.98,29.54,15.74,45.75,8.38,35.49,24.02,20.63,27.23,14.31,37.96,33.49,36.27,14.93,29.68,29.39,29.69,9.73,28.36,11.93,15.54,27.21,21.79,18.39,20.64,32.96,29.4,24.22,17.94,27.83,22.72,8.95,46.05,21.74,23.69,33.9,36.85,22.54,12.29,10.28,28.24,24.13,20.61,32.7,28.9,28.6,28.26,27.1,27.69,7.86,1.31,18.55,7.76,34.95,7.33,9.76,13.57,23.77,27.16,36.27,30.94,22.31,20.87,22.0,24.04,10.19,33.69,10.77,21.77,28.78,23.58,23.69,26.9,30.74,32.4,22.54,27.6,18.27,8.69,28.76,23.52,15.96,22.6,7.83,30.27,21.35,27.7,20.63,19.79,23.78,21.12,21.86,21.35,20.19,19.33,17.59,21.53,18.53,23.05,21.64,20.47,22.87,22.46,19.39,22.03,21.7,17.65,20.88,19.96,20.43,44.51,36.29,32.64,34.19,36.16,31.97,28.67,30.1,27.18,26.9,27.36,31.72,33.29,33.82,26.14,35.93,28.79,26.08,30.91,30.23,28.25,31.1,37.58,39.22,43.25,28.2,41.46,35.55,32.42,36.54,35.05,33.57,27.61,31.46,42.68,30.52,37.89,24.27,24.78,31.43,39.12,25.25,31.1,27.09,39.26,45.3,32.0,49.49,35.37,50.12,33.04,30.41,28.65,27.85,44.23,27.54,26.63,25.82,29.15,32.15,33.05,29.77,26.71,30.77,29.77,24.81,26.24,25.05,31.98,28.93,23.9,24.28,28.24,29.58,33.39,36.02,35.55,33.55,27.28,26.7,36.69,35.09,27.13,31.44,34.6,30.85,31.47,17.01,22.74,21.64,19.46,22.77,16.66,16.85,24.94,27.75,29.18,27.02,25.04,22.06,26.23,26.46,23.72,24.4,25.0,28.14,26.97,26.89,23.43,31.37,22.9,24.91,29.02,29.38,30.4,21.3,20.99,25.41,23.93,26.11,24.59,29.34,22.6,23.14,21.0,26.99,22.01,23.69,23.31,22.63,30.88,19.17,20.84,12.19,8.95,11.37,21.48,18.0,16.11,15.7,16.26,19.88,17.18,18.8,22.85,19.13,18.22,25.73,15.68,16.8,21.8,16.71,16.67,21.1,14.45,16.58,9.87,6.3,18.24,18.94,13.67,22.02,18.8,17.78,16.76,12.85,18.75,24.31,21.05,18.87,18.56,16.93,24.95,16.2,18.47,18.84,18.84,15.52,12.63,12.05,13.88,9.2,10.31,10.92,14.71,11.48,11.2,14.86,11.97,14.34,0.0,2.27,12.58,4.03,8.45,10.79,1.22,14.1,11.71,12.44,9.3,11.07,10.24,12.25,3.93,8.89
35.41,13.59,26.01,36.7,27.66,27.54,29.38,27.96,16.56,29.73,9.39,22.6,24.09,34.27,28.83,15.03,45.03,7.67,34.78,23.31,19.92,26.52,13.6,37.25,32.78,35.56,14.22,28.97,28.68,28.98,9.01,27.65,11.22,14.83,26.5,21.08,17.68,19.93,32.25,28.69,23.51,17.23,27.12,22.01,8.23,45.34,21.03,22.98,33.19,36.14,21.82,11.58,9.57,27.53,23.42,19.9,31.99,28.19,27.89,27.55,26.39,26.98,7.15,2.61,17.84,7.04,34.24,6.62,9.05,12.86,23.06,26.45,35.56,30.22,21.6,20.16,21.29,23.33,9.48,32.98,10.06,21.06,28.07,22.87,22.98,26.19,30.03,31.69,21.83,26.88,17.55,7.98,28.05,22.81,15.25,21.89,7.12,29.56,20.63,26.99,19.92,19.08,23.07,20.41,21.15,20.64,19.48,18.62,16.88,20.82,17.82,22.34,20.93,19.76,22.16,21.75,18.68,21.32,20.99,16.93,20.17,19.24,19.72,43.8,35.58,31.93,33.48,35.45,31.26,27.96,29.39,26.47,26.19,26.65,31.01,32.58,33.11,25.42,35.22,28.07,25.37,30.2,29.52,27.54,30.38,36.87,38.51,42.54,27.49,40.74,34.84,31.71,35.83,34.34,32.86,26.9,30.75,41.97,29.81,37.17,23.56,24.07,30.72,38.41,24.54,30.39,26.37,38.55,44.59,31.29,48.78,34.66,49.41,32.33,29.7,27.94,27.14,43.52,26.83,25.92,25.11,28.44,31.44,32.34,29.06,26.0,30.06,29.06,24.1,25.53,24.34,31.26,28.22,23.19,23.57,27.53,28.86,32.68,35.31,34.84,32.84,26.56,25.99,35.98,34.38,26.42,30.73,33.89,30.14,30.76,16.3,22.03,20.93,18.75,22.06,15.95,16.14,24.23,27.04,27.2,26.31,24.33,21.35,25.52,25.75,23.01,23.69,24.29,27.42,26.26,26.18,22.72,30.65,22.18,24.2,28.31,28.67,29.69,20.59,20.28,28.23,23.22,25.4,23.88,28.63,21.89,22.43,20.29,26.28,21.3,24.99,22.6,21.92,30.17,18.45,20.13,11.48,8.24,10.66,20.77,17.28,15.39,14.99,15.55,19.17,16.47,18.09,22.14,18.42,17.51,25.02,14.97,16.09,21.09,16.0,15.96,20.39,13.74,15.86,9.16,5.59,19.55,20.25,12.96,23.32,20.1,17.07,16.05,12.13,20.05,23.6,22.35,18.16,17.85,18.23,24.24,15.48,16.84,17.36,18.13,14.8,11.92,11.34,13.17,8.49,9.6,10.21,14.0,10.76,10.49,14.15,11.26,13.63,2.27,0.0,13.89,5.33,9.75,12.1,1.15,15.4,13.01,12.55,10.6,12.37,11.54,13.56,4.64,10.2
36.65,14.83,25.99,37.94,21.57,27.52,30.62,29.2,17.8,24.04,4.92,16.91,25.33,35.51,30.07,8.94,46.0,6.71,36.02,24.55,16.43,27.76,14.84,38.49,34.02,36.8,7.05,30.21,24.19,28.96,10.25,28.89,12.46,16.07,27.74,22.32,18.92,21.17,33.49,29.93,24.75,18.47,21.03,17.23,9.48,46.31,22.27,24.22,34.43,37.38,23.06,12.82,10.81,16.21,24.66,21.14,33.23,29.43,23.69,25.5,27.63,23.4,8.39,11.28,19.08,7.74,35.48,8.44,9.03,14.1,20.3,23.23,36.8,31.46,15.51,21.4,21.04,20.56,10.72,34.22,11.3,14.97,29.31,24.11,24.22,22.78,23.51,32.93,23.07,28.12,18.79,7.96,21.96,18.2,16.49,23.13,7.89,23.09,21.88,23.0,21.16,20.32,24.31,21.65,17.84,21.88,19.65,19.86,18.12,22.06,19.06,23.58,22.17,21.0,23.4,22.99,19.92,19.07,22.23,18.17,21.41,20.48,20.96,44.77,36.82,33.17,34.72,36.69,32.5,29.2,30.63,27.71,27.43,27.89,32.25,33.82,34.35,26.66,36.46,29.31,26.61,31.44,30.76,28.78,31.62,38.11,39.75,43.78,28.73,41.98,36.08,32.95,37.07,35.58,34.1,28.14,31.99,43.21,31.05,38.41,24.8,24.04,28.67,39.65,24.52,28.34,26.36,36.5,42.54,29.24,46.73,32.61,35.45,30.28,29.68,27.92,27.12,41.47,28.07,27.16,21.88,22.35,24.93,23.2,27.01,23.94,28.01,27.01,22.05,26.77,25.58,29.21,22.44,24.43,24.81,28.77,30.11,33.92,36.55,36.08,34.08,27.8,27.23,37.22,35.62,27.66,31.97,35.13,31.38,32.0,17.54,15.94,14.84,17.22,16.36,17.19,17.38,25.47,28.28,28.44,27.55,25.57,22.59,26.76,26.99,24.25,24.93,25.53,28.66,27.5,20.09,16.63,24.57,16.1,18.11,22.22,17.35,23.6,14.5,14.19,13.58,17.13,19.31,17.79,17.3,15.8,16.34,14.2,20.19,15.21,11.86,16.51,15.83,23.75,12.37,14.04,12.72,9.48,11.9,22.01,18.52,16.63,16.23,16.79,20.41,17.71,19.33,23.38,19.66,18.75,26.26,16.21,17.33,22.33,17.24,17.2,21.63,14.98,17.11,9.15,9.32,6.42,7.12,6.72,10.19,6.97,10.98,7.53,7.72,6.92,17.9,9.22,12.07,11.76,5.1,18.27,9.4,6.64,7.01,12.04,10.52,13.16,11.33,14.41,6.28,10.84,11.45,15.24,12.0,11.73,15.39,12.5,14.87,12.58,13.89,0.0,9.58,6.1,7.25,12.84,2.27,8.17,1.14,5.76,2.16,6.7,8.71,12.57,5.35
39.18,17.36,29.78,40.48,30.4,31.32,33.15,31.73,20.33,32.87,12.14,25.74,27.86,38.05,32.6,17.76,48.81,11.45,38.55,27.08,23.7,30.29,17.38,41.03,36.56,39.34,15.87,32.75,32.45,32.76,12.79,31.43,14.99,18.6,30.28,24.86,21.46,23.7,36.03,32.47,27.28,21.01,29.86,26.05,12.01,49.12,24.81,26.76,36.96,39.92,25.6,15.36,13.35,25.04,27.19,23.68,35.76,31.96,31.67,31.32,30.17,30.76,10.93,2.72,21.61,10.82,38.02,10.4,12.82,16.63,26.84,30.23,39.34,34.0,24.34,23.94,25.07,27.1,13.26,36.76,13.83,23.8,31.84,26.65,26.76,29.96,32.34,35.47,25.61,30.66,21.33,11.75,30.79,26.58,19.02,25.66,10.89,31.92,24.41,30.76,23.7,22.85,26.85,24.19,24.93,24.42,23.26,22.39,20.65,24.59,21.6,26.12,24.7,23.54,25.94,25.53,22.46,25.1,24.76,20.71,23.95,23.02,23.49,47.57,39.35,35.71,37.25,39.23,35.03,31.73,33.17,30.25,29.96,30.43,34.79,36.35,36.88,29.2,39.0,31.85,29.15,33.98,33.29,31.31,34.16,40.65,42.29,46.31,31.27,44.52,38.62,35.48,39.61,38.11,36.63,30.68,34.53,45.74,33.59,40.95,27.34,27.84,34.5,42.19,28.32,34.16,30.15,42.32,48.36,35.06,52.55,38.43,44.28,36.1,33.47,31.72,30.91,47.3,30.6,29.7,28.88,31.18,33.75,32.02,32.83,29.77,33.83,32.83,27.88,29.31,28.11,35.04,31.27,26.97,27.35,31.31,32.64,36.46,39.08,38.62,36.61,30.34,29.77,39.75,38.16,30.2,34.51,37.66,33.92,34.53,20.08,24.77,23.67,22.53,25.84,19.73,19.92,28.0,30.81,32.25,30.08,28.1,25.13,29.3,29.53,26.79,27.47,28.06,31.2,30.03,28.92,25.46,33.39,24.92,26.94,31.05,26.17,32.43,23.33,23.02,22.41,25.96,28.14,26.62,26.13,24.63,25.17,23.03,29.02,24.04,20.69,25.34,24.66,32.57,21.19,22.87,15.25,12.02,14.43,24.55,21.06,19.17,18.76,19.33,22.94,20.24,21.86,25.91,22.19,21.29,28.79,18.75,19.87,24.86,19.78,19.74,24.16,17.52,19.64,12.94,9.37,15.24,15.94,15.55,19.02,15.8,19.81,16.35,15.91,15.75,27.37,18.05,20.9,20.59,13.93,27.1,18.22,15.47,15.84,20.87,19.35,15.69,15.12,16.95,13.51,13.37,13.99,17.77,14.54,14.26,17.93,15.04,17.4,4.03,5.33,9.58,0.0,5.45,7.79,4.29,11.1,8.71,9.44,6.3,8.07,7.24,9.25,4.35,5.89
40.39,18.57,30.99,41.69,26.92,32.53,34.36,32.94,21.54,29.39,8.67,22.26,29.07,39.25,33.81,14.29,50.02,10.46,39.76,28.29,21.77,31.5,18.59,42.24,37.77,40.54,12.4,33.96,29.54,33.97,14.0,32.64,16.2,19.81,31.49,26.07,22.66,24.91,37.24,33.67,28.49,22.22,26.38,22.57,13.22,50.32,26.01,27.97,38.17,41.13,26.81,16.56,14.56,21.56,28.4,24.88,36.97,33.17,29.03,32.53,31.38,28.75,12.14,7.14,22.82,11.48,39.23,12.18,12.78,17.84,25.65,28.58,40.55,35.21,20.86,25.15,26.28,25.91,14.47,37.97,15.04,20.32,33.05,27.86,27.97,28.13,28.86,36.67,26.82,31.87,22.54,11.71,27.31,23.55,20.23,26.87,11.64,28.44,25.62,28.35,24.91,24.06,28.06,25.39,23.19,25.63,24.47,23.6,21.86,25.8,22.81,27.33,25.91,24.75,27.15,26.74,23.66,24.42,25.97,21.92,25.16,24.23,24.7,48.78,40.56,36.92,38.46,40.44,36.24,32.94,34.38,31.46,31.17,31.64,36.0,37.56,38.09,30.41,40.2,33.06,30.36,35.19,34.5,32.52,35.37,41.85,43.5,47.52,32.48,45.73,39.83,36.69,40.82,39.32,37.84,31.88,35.74,46.95,34.8,42.16,28.55,29.05,35.7,43.39,29.52,35.37,31.36,43.53,49.57,36.27,53.76,39.64,40.8,37.31,34.68,32.93,32.12,48.51,31.81,30.91,27.23,27.7,30.27,28.55,34.04,30.98,35.04,34.04,29.09,30.52,29.32,36.25,27.79,28.18,28.56,32.52,33.85,37.67,40.29,39.83,37.82,31.55,30.98,40.96,39.37,31.41,35.72,38.87,35.13,35.74,21.29,21.29,20.19,23.73,21.71,20.94,21.13,29.21,32.02,32.19,31.29,29.31,26.34,30.51,30.74,28.0,28.68,29.27,32.41,31.24,25.44,21.98,29.91,21.44,23.46,27.57,22.7,28.95,19.85,19.54,18.93,22.48,24.66,23.14,22.65,21.15,21.69,19.55,25.54,20.56,17.21,21.86,21.18,29.1,17.72,19.39,16.46,13.23,15.64,25.76,22.27,20.38,19.97,20.54,24.15,21.45,23.07,27.12,23.4,22.5,30.0,19.95,21.08,26.07,20.99,20.95,25.37,18.73,20.85,12.89,13.07,11.76,12.46,12.07,15.54,12.32,16.33,12.87,13.07,12.27,23.25,14.57,17.42,17.11,10.45,23.62,14.74,11.99,12.36,17.39,15.87,16.9,15.07,18.16,10.03,14.58,15.2,18.98,15.75,15.47,19.14,16.24,18.61,8.45,9.75,6.1,5.45,0.0,2.87,8.71,7.62,3.74,5.96,1.33,4.59,2.27,4.28,8.77,1.83
41.54,19.72,32.14,42.83,28.07,33.68,35.51,34.09,22.69,30.54,9.81,23.41,30.22,40.4,34.96,15.43,51.17,11.61,40.91,29.44,22.92,32.65,19.73,43.38,38.92,41.69,13.54,35.11,30.69,35.11,15.15,33.79,17.35,20.96,32.64,27.21,23.81,26.06,38.38,34.82,29.64,23.36,27.53,23.72,14.37,51.47,27.16,29.12,39.32,42.28,27.96,17.71,15.71,22.71,29.55,26.03,38.12,34.32,30.18,33.68,32.53,29.9,13.28,9.48,23.97,12.63,40.38,13.33,13.93,18.99,26.79,29.72,41.7,36.36,22.01,26.29,27.43,27.06,15.62,39.12,16.19,21.47,34.2,29.01,29.12,29.28,30.01,37.82,27.97,33.02,23.69,12.86,28.46,24.69,21.38,28.02,12.79,29.59,26.77,29.5,26.05,25.21,29.21,26.54,24.33,26.78,25.62,24.75,23.01,26.95,23.96,28.48,27.06,25.9,28.3,27.89,24.81,25.57,27.12,23.07,26.3,25.38,25.85,49.93,41.71,38.07,39.61,41.59,37.39,34.09,35.52,32.61,32.32,32.78,37.14,38.71,39.24,31.56,41.35,34.21,31.51,36.33,35.65,33.67,36.52,43.0,44.65,48.67,33.63,46.88,40.98,37.84,41.97,40.47,38.99,33.03,36.88,48.1,35.95,43.31,29.7,30.2,36.85,44.54,30.67,36.52,32.51,44.68,50.72,37.42,54.91,40.79,41.95,38.46,35.83,34.07,33.27,49.66,32.96,32.05,28.38,28.85,31.42,29.69,35.19,32.13,36.19,35.19,30.23,31.66,30.47,37.4,28.94,29.33,29.71,33.66,35.0,38.82,41.44,40.98,38.97,32.7,32.12,42.11,40.52,32.56,36.87,40.02,36.27,36.89,22.43,22.43,21.34,24.88,22.86,22.08,22.28,30.36,33.17,33.34,32.44,30.46,27.48,31.66,31.89,29.15,29.83,30.42,33.56,32.39,26.59,23.13,31.06,22.59,24.61,28.72,23.84,30.1,21.0,20.69,20.08,23.63,25.8,24.29,23.8,22.3,22.84,20.7,26.68,21.71,18.35,23.01,22.33,30.24,18.86,20.54,17.61,14.38,16.79,26.9,23.42,21.53,21.12,21.69,25.3,22.6,24.22,28.27,24.55,23.65,31.15,21.1,22.23,27.22,22.14,22.1,26.52,19.88,22.0,14.04,14.22,12.91,13.61,13.22,16.69,13.47,17.48,14.02,14.22,13.42,24.4,15.72,18.57,18.26,11.59,24.77,15.89,13.14,13.51,18.54,17.02,18.05,16.22,19.31,11.18,15.73,16.35,20.13,16.9,16.62,20.28,17.39,19.76,10.79,12.1,7.25,7.79,2.87,0.0,11.05,8.77,4.79,7.11,2.38,5.74,3.32,5.34,11.12,2.83
35.08,13.25,25.68,36.37,27.33,27.21,29.04,27.62,16.23,29.39,9.06,22.27,23.76,33.94,28.49,14.69,44.7,7.34,34.44,22.98,19.59,26.18,13.27,36.92,32.45,35.23,13.89,28.64,28.35,28.65,8.68,27.32,10.88,14.5,26.17,20.75,17.35,19.59,31.92,28.36,23.18,16.9,26.79,21.68,7.9,45.01,20.7,22.65,32.85,35.81,21.49,11.25,9.24,27.2,23.09,19.57,31.65,27.86,27.56,27.21,26.06,26.65,6.82,1.57,17.51,6.71,33.91,6.29,8.71,12.53,22.73,26.12,35.23,29.89,21.27,19.83,20.96,23.0,9.15,32.65,9.73,20.73,27.73,22.54,22.65,25.85,29.7,31.36,21.5,26.55,17.22,7.65,27.72,22.48,14.92,21.56,6.79,29.22,20.3,26.66,19.59,18.75,22.74,20.08,20.82,20.31,19.15,18.28,16.55,20.49,17.49,22.01,20.6,19.43,21.83,21.42,18.35,20.99,20.66,16.6,19.84,18.91,19.39,43.47,35.24,31.6,33.15,35.12,30.93,27.62,29.06,26.14,25.86,26.32,30.68,32.25,32.78,25.09,34.89,27.74,25.04,29.87,29.19,27.21,30.05,36.54,38.18,42.2,27.16,40.41,34.51,31.38,35.5,34.01,32.52,26.57,30.42,41.64,29.48,36.84,23.23,23.74,30.39,38.08,24.21,30.06,26.04,38.22,44.25,30.96,48.45,34.33,49.07,32.0,29.37,27.61,26.81,43.19,26.5,25.59,24.78,28.11,31.11,32.01,28.73,25.67,29.73,28.73,23.77,25.2,24.01,30.93,27.89,22.86,23.24,27.2,28.53,32.35,34.97,34.51,32.51,26.23,25.66,35.64,34.05,26.09,30.4,33.55,29.81,30.43,15.97,21.69,20.6,18.42,21.73,15.62,15.81,23.9,26.71,26.87,25.97,23.99,21.02,25.19,25.42,22.68,23.36,23.95,27.09,25.92,25.85,22.39,30.32,21.85,23.87,27.98,28.34,29.36,20.26,19.95,27.9,22.89,25.06,23.55,28.29,21.56,22.1,19.96,25.94,20.97,23.95,22.27,21.59,29.84,18.12,19.8,11.15,7.91,10.33,20.44,16.95,15.06,14.66,15.22,18.84,16.13,17.76,21.8,18.09,17.18,24.69,14.64,15.76,20.76,15.67,15.63,20.06,13.41,15.53,8.83,5.26,18.5,19.2,12.62,22.28,19.06,16.74,15.71,11.8,19.01,23.27,21.31,17.83,17.52,17.19,23.91,15.15,16.51,17.03,17.8,14.47,11.59,11.01,12.84,8.15,9.27,9.88,13.66,10.43,10.16,13.82,10.93,13.3,1.22,1.15,12.84,4.29,8.71,11.05,0.0,14.36,11.97,12.22,9.56,11.33,10.5,12.51,4.31,9.15
34.05,16.34,23.99,34.72,19.57,25.53,27.4,26.6,19.31,22.04,6.43,14.91,22.73,32.91,31.58,6.94,44.01,8.23,32.8,26.06,14.43,26.31,16.35,35.27,30.8,33.58,6.44,27.0,22.2,26.97,11.77,27.45,13.97,17.58,25.14,23.83,20.43,22.68,30.89,31.44,22.15,19.98,19.03,15.23,10.99,44.31,23.78,25.74,31.83,34.78,19.85,14.33,12.33,14.21,26.17,22.65,34.74,30.94,21.69,23.5,25.04,21.41,9.9,12.79,20.59,9.25,30.92,9.95,10.55,15.61,18.3,21.23,33.58,28.25,13.52,22.92,19.05,18.57,12.24,29.73,12.81,12.98,26.09,25.63,25.74,20.78,21.52,29.71,24.59,25.53,20.31,9.48,19.96,16.2,18.0,24.64,9.41,21.1,23.39,21.0,19.69,21.83,21.71,20.4,15.84,23.4,17.65,21.37,19.63,18.84,20.58,20.98,19.99,17.78,20.18,21.14,16.75,17.08,19.35,19.69,21.18,22.0,18.78,42.77,34.22,30.58,31.5,38.21,29.28,25.98,27.41,24.49,24.83,25.29,29.65,31.22,31.75,24.07,33.86,26.72,24.02,28.84,28.16,26.18,29.03,35.51,37.16,41.18,30.25,39.39,33.49,30.35,34.48,32.98,31.5,29.65,32.76,40.61,32.57,35.82,22.21,22.04,26.67,36.43,22.52,26.34,24.36,34.5,40.54,27.24,44.73,30.61,33.46,28.28,27.68,25.93,25.12,39.48,29.58,28.68,19.89,20.35,22.93,21.2,25.01,21.94,26.01,25.01,20.05,28.28,27.09,27.22,20.44,25.95,26.33,30.28,31.62,35.44,38.06,37.6,35.59,29.32,28.74,38.73,37.14,29.18,33.49,36.64,32.89,33.51,19.06,13.94,12.84,15.22,14.37,18.7,18.9,26.98,29.79,29.96,29.06,27.08,24.1,28.28,28.51,25.77,26.45,27.04,30.18,29.01,18.09,14.64,22.57,14.1,16.12,20.23,15.35,21.61,12.51,12.19,11.59,15.13,17.31,15.8,15.31,13.8,14.35,12.2,18.19,13.22,9.86,14.51,13.84,21.75,10.37,12.04,14.23,11.0,13.41,23.52,20.04,18.15,17.74,18.31,21.92,19.22,20.84,24.89,21.17,20.27,27.77,17.72,18.85,23.84,18.76,18.72,23.14,16.5,18.62,10.31,10.84,4.42,5.12,6.41,8.19,4.97,8.99,5.53,7.41,4.92,15.91,7.22,10.07,9.77,3.1,16.28,7.4,4.64,5.02,10.05,8.53,14.67,12.84,15.93,7.8,12.35,12.97,16.75,13.52,13.24,16.9,14.01,16.38,14.1,15.4,2.27,11.1,7.62,8.77,14.36,0.0,9.68,2.66,7.28,3.67,8.22,10.23,14.09,6.87
42.46,20.64,33.06,43.75,28.98,34.59,36.43,35.01,23.61,31.45,10.73,24.32,31.14,41.32,35.88,16.35,52.09,12.53,41.83,30.36,23.84,33.57,20.65,44.3,39.83,42.61,14.46,36.02,31.61,36.03,16.07,34.7,18.27,21.88,33.55,28.13,24.73,26.98,39.3,35.74,30.56,24.28,28.45,24.64,15.29,52.39,28.08,30.04,40.24,43.19,28.88,18.63,16.62,23.62,30.47,26.95,39.04,35.24,31.1,34.6,33.44,30.82,14.2,10.4,24.89,13.55,41.29,14.25,14.84,19.91,27.71,30.64,42.61,37.28,22.93,27.21,28.34,27.98,16.53,40.03,17.11,22.39,35.12,29.92,30.03,30.19,30.93,38.74,28.88,33.94,24.61,13.77,29.37,25.61,22.3,28.94,13.71,30.51,27.69,30.42,26.97,26.13,30.12,27.46,25.25,27.7,26.53,25.67,23.93,27.87,24.87,29.39,27.98,26.81,29.21,28.8,25.73,26.49,28.04,23.99,27.22,26.3,26.77,50.85,42.63,38.99,40.53,42.5,38.31,35.01,36.44,33.52,33.24,33.7,38.06,39.63,40.16,32.48,42.27,35.13,32.42,37.25,36.57,34.59,37.44,43.92,45.56,49.59,34.54,47.8,41.89,38.76,42.88,41.39,39.91,33.95,37.8,49.02,36.86,44.23,30.61,31.12,37.77,45.46,31.59,37.44,33.43,45.6,51.64,38.34,55.83,41.71,42.87,39.38,36.75,34.99,34.19,50.57,33.88,32.97,29.3,29.76,32.34,30.61,36.11,33.05,37.11,36.11,31.15,32.58,31.39,38.32,29.86,30.24,30.62,34.58,35.92,39.73,42.36,41.89,39.89,33.62,33.04,43.03,41.43,33.47,37.78,40.94,37.19,37.81,23.35,23.35,22.25,25.8,23.78,23.0,23.19,31.28,34.09,34.25,33.36,31.38,28.4,32.57,32.8,30.06,30.74,31.34,34.48,33.31,27.51,24.05,31.98,23.51,25.53,29.64,24.76,31.02,21.92,21.6,21.0,24.54,26.72,25.21,24.72,23.21,23.76,21.61,27.6,22.63,19.27,23.93,23.25,31.16,19.78,21.46,18.53,15.29,17.71,27.82,24.34,22.45,22.04,22.6,26.22,23.52,25.14,29.19,25.47,24.56,32.07,22.02,23.15,28.14,23.05,23.01,27.44,20.79,22.92,14.96,15.13,13.83,14.53,14.14,17.6,14.39,18.4,14.94,15.13,14.33,25.32,16.63,19.48,19.18,12.51,25.69,16.81,14.06,14.43,19.46,17.94,18.97,17.14,20.22,12.09,16.65,17.26,21.05,17.82,17.54,21.2,18.31,20.68,11.71,13.01,8.17,8.71,3.74,4.79,11.97,9.68,0.0,8.03,2.41,6.65,2.83,3.08,12.03,3.75
35.5,13.68,26.1,36.8,21.96,27.64,29.47,28.05,16.65,24.43,3.78,17.3,24.18,34.37,28.92,9.33,45.13,5.57,34.87,23.4,16.81,26.61,13.7,37.35,32.88,35.65,7.44,29.07,24.58,29.08,9.11,27.75,11.31,14.92,26.6,21.18,17.77,20.02,32.35,28.78,23.6,17.33,21.42,17.61,8.33,45.44,21.12,23.08,33.28,36.24,21.92,11.67,9.67,16.6,23.51,19.99,32.08,28.28,24.07,27.64,26.49,23.79,7.25,11.14,17.93,6.59,34.34,7.29,7.89,12.95,20.69,23.62,35.66,30.32,15.9,20.26,21.39,20.95,9.58,33.08,10.15,15.36,28.16,22.97,23.08,23.17,23.9,31.79,21.93,26.98,17.65,6.82,22.35,18.59,15.34,21.98,6.75,23.48,20.73,23.39,20.02,19.17,23.17,20.5,18.23,20.74,19.58,18.71,16.97,20.91,17.92,22.44,21.02,19.86,22.26,21.85,18.77,19.46,21.08,17.03,20.27,19.34,19.81,43.89,35.67,32.03,33.57,35.55,31.35,28.05,29.49,26.57,26.28,26.75,31.11,32.67,33.2,25.52,35.32,28.17,25.47,30.3,29.61,27.63,30.48,36.96,38.61,42.63,27.59,40.84,34.94,31.8,35.93,34.43,32.95,27.0,30.85,42.06,29.91,37.27,23.66,24.16,30.82,38.5,24.64,30.48,26.47,38.64,44.68,31.38,48.87,34.75,35.84,32.42,29.79,28.04,27.23,43.62,26.92,26.02,22.27,22.74,25.31,23.59,29.15,26.09,30.15,29.15,24.2,25.63,24.43,31.36,22.83,23.29,23.67,27.63,28.96,32.78,35.4,34.94,32.93,26.66,26.09,36.07,34.48,26.52,30.83,33.98,30.24,30.85,16.4,16.33,15.23,18.84,16.75,16.05,16.24,24.32,27.13,27.3,26.4,24.42,21.45,25.62,25.85,23.11,23.79,24.38,27.52,26.35,20.48,17.02,24.95,16.49,18.5,22.61,17.74,23.99,14.89,14.58,13.97,17.52,19.7,18.18,17.69,16.19,16.73,14.59,20.58,15.6,12.25,16.9,16.22,24.14,12.76,14.43,11.57,8.34,10.75,20.87,17.38,15.49,15.08,15.65,19.26,16.56,18.18,22.23,18.51,17.61,25.11,15.07,16.19,21.18,16.1,16.06,20.48,13.84,15.96,8.0,8.18,6.8,7.5,7.11,10.58,7.36,11.37,7.91,8.11,7.31,18.29,9.61,12.46,12.15,5.49,18.66,9.78,7.03,7.4,12.43,10.91,12.01,10.18,13.27,5.14,9.69,10.31,14.09,10.86,10.58,14.25,11.35,13.72,12.44,12.55,1.14,9.44,5.96,7.11,12.22,2.66,8.03,0.0,5.62,1.38,6.56,8.57,11.43,5.21
40.05,18.23,30.65,41.34,26.57,32.18,34.02,32.6,21.2,29.04,8.32,21.92,28.73,38.91,33.47,13.94,49.68,10.12,39.42,27.95,21.43,31.16,18.24,41.89,37.43,40.2,12.05,33.62,29.2,33.62,13.66,32.3,15.86,19.47,31.14,25.72,22.32,24.57,36.89,33.33,28.15,21.87,26.04,22.23,12.88,49.98,25.67,27.63,37.83,40.78,26.47,16.22,14.22,21.21,28.06,24.54,36.63,32.83,28.69,32.19,31.03,28.41,11.79,7.99,22.48,11.14,38.88,11.84,12.43,17.5,25.3,28.23,40.21,34.87,20.52,24.8,25.93,25.57,14.12,37.62,14.7,19.98,32.71,27.52,27.62,27.78,28.52,36.33,26.48,31.53,22.2,11.37,26.96,23.2,19.89,26.53,11.3,28.1,25.28,28.01,24.56,23.72,27.71,25.05,22.84,25.29,24.13,23.26,21.52,25.46,22.47,26.98,25.57,24.4,26.81,26.4,23.32,24.08,25.63,21.58,24.81,23.89,24.36,48.44,40.22,36.58,38.12,40.1,35.9,32.6,34.03,31.11,30.83,31.29,35.65,37.22,37.75,30.07,39.86,32.72,30.01,34.84,34.16,32.18,35.03,41.51,43.15,47.18,32.14,45.39,39.49,36.35,40.47,38.98,37.5,31.54,35.39,46.61,34.46,41.82,28.21,28.71,35.36,43.05,29.18,35.03,31.02,43.19,49.23,35.93,53.42,39.3,40.46,36.97,34.34,32.58,31.78,48.17,31.47,30.56,26.89,27.35,29.93,28.2,33.7,30.64,34.7,33.7,28.74,30.17,28.98,35.91,27.45,27.83,28.22,32.17,33.51,37.32,39.95,39.48,37.48,31.21,30.63,40.62,39.02,31.07,35.38,38.53,34.78,35.4,20.94,20.94,19.84,23.39,21.37,20.59,20.78,28.87,31.68,31.85,30.95,28.97,25.99,30.17,30.4,27.66,28.33,28.93,32.07,30.9,25.1,21.64,29.57,21.1,23.12,27.23,22.35,28.61,19.51,19.19,18.59,22.13,24.31,22.8,22.31,20.81,21.35,19.2,25.19,20.22,16.86,21.52,20.84,28.75,17.37,19.05,16.12,12.88,15.3,25.41,21.93,20.04,19.63,20.2,23.81,21.11,22.73,26.78,23.06,22.16,29.66,19.61,20.74,25.73,20.64,20.61,25.03,18.39,20.51,12.55,12.72,11.42,12.12,11.73,15.2,11.98,15.99,12.53,12.73,11.93,22.91,14.22,17.07,16.77,10.1,23.28,14.4,11.65,12.02,17.05,15.53,16.56,14.73,17.81,9.69,14.24,14.86,18.64,15.41,15.13,18.79,15.9,18.27,9.3,10.6,5.76,6.3,1.33,2.38,9.56,7.28,2.41,5.62,0.0,4.24,1.51,2.95,9.63,1.34
35.81,13.98,26.41,37.1,22.97,27.94,29.77,28.35,16.96,25.44,4.08,18.31,24.49,34.67,29.22,10.34,45.43,5.87,35.17,23.71,17.83,26.91,14.0,37.65,33.18,35.96,8.45,29.37,25.59,29.38,9.41,28.05,11.61,15.23,26.9,21.48,18.08,20.32,32.65,29.09,23.91,17.63,22.43,18.63,8.63,45.74,21.43,23.38,33.58,36.54,22.22,11.98,9.97,17.61,23.82,20.3,32.38,28.59,25.09,27.94,26.79,24.8,7.55,9.76,18.24,6.89,34.64,7.6,8.19,13.26,21.7,26.85,35.96,30.62,16.92,20.56,21.69,21.97,9.88,33.38,10.46,16.37,28.46,23.27,23.38,24.18,24.91,32.09,22.23,27.28,17.95,7.12,23.36,19.6,15.65,22.29,7.05,24.49,21.03,24.4,20.32,19.48,23.47,20.81,19.24,21.04,19.88,19.01,17.28,21.22,18.22,22.74,21.33,20.16,22.56,22.15,19.08,20.48,21.39,17.33,20.57,19.64,20.12,44.2,35.97,32.33,33.88,35.85,31.66,28.35,29.79,26.87,26.59,27.05,31.41,32.98,33.51,25.82,35.62,28.47,25.77,30.6,29.92,27.94,30.78,37.27,38.91,42.93,27.89,41.14,35.24,32.11,36.23,34.74,33.25,27.3,31.15,42.37,30.21,37.57,23.96,24.47,31.12,38.81,24.94,30.79,26.77,38.95,44.98,31.69,49.18,35.06,36.86,32.73,30.1,28.34,27.54,43.92,27.23,26.32,25.51,23.75,26.33,24.6,29.46,26.4,30.46,29.46,24.5,25.93,24.74,31.66,23.84,23.59,23.97,27.93,29.26,33.08,35.7,35.24,33.24,26.96,26.39,36.37,34.78,26.82,31.13,34.28,30.54,31.16,16.7,17.34,16.24,19.15,17.77,16.35,16.54,24.63,27.44,27.6,26.7,24.72,21.75,25.92,26.15,23.41,24.09,24.68,27.82,26.65,21.49,18.04,25.97,17.5,19.51,23.62,18.75,25.0,15.91,15.59,14.99,18.53,20.71,19.2,18.71,17.2,17.75,15.6,21.59,16.61,13.26,17.91,17.24,25.15,13.77,15.44,11.88,8.64,11.06,21.17,17.68,15.79,15.39,15.95,19.57,16.86,18.49,22.53,18.82,17.91,25.42,15.37,16.49,21.49,16.4,16.36,20.79,14.14,16.26,8.3,8.48,7.82,8.52,8.12,11.59,8.37,12.39,8.93,9.12,8.32,19.3,10.62,13.47,13.16,6.5,19.68,10.8,8.04,8.41,13.45,11.92,12.32,10.49,13.57,5.44,10.0,10.61,14.39,11.16,10.89,14.55,11.66,14.03,11.07,12.37,2.16,8.07,4.59,5.74,11.33,3.67,6.65,1.38,4.24,0.0,5.18,7.2,11.73,3.84
40.99,19.17,31.59,42.28,27.51,33.12,34.96,33.54,22.14,29.98,9.26,22.86,29.67,39.85,34.41,14.88,50.62,11.06,40.36,28.89,22.37,32.1,19.18,42.83,38.37,41.14,12.99,34.56,30.14,34.56,14.6,33.24,16.8,20.41,32.08,26.66,23.26,25.51,37.83,34.27,29.09,22.81,26.98,23.17,13.82,50.92,26.61,28.57,38.77,41.72,27.41,17.16,15.15,22.15,29.0,25.48,37.57,33.77,29.63,33.13,31.97,29.35,12.73,8.93,23.42,12.08,39.82,12.78,13.37,18.44,26.24,29.17,41.14,35.81,21.46,25.74,26.87,26.51,15.06,38.56,15.64,20.92,33.65,28.46,28.56,28.72,29.46,37.27,27.41,32.47,23.14,12.31,27.9,24.14,20.83,27.47,12.24,29.04,26.22,28.95,25.5,24.66,28.65,25.99,23.78,26.23,25.06,24.2,22.46,26.4,23.41,27.92,26.51,25.34,27.75,27.34,24.26,25.02,26.57,22.52,25.75,24.83,25.3,49.38,41.16,37.52,39.06,41.04,36.84,33.54,34.97,32.05,31.77,32.23,36.59,38.16,38.69,31.01,40.8,33.66,30.95,35.78,35.1,33.12,35.97,42.45,44.09,48.12,33.07,46.33,40.42,37.29,41.41,39.92,38.44,32.48,36.33,47.55,35.39,42.76,29.15,29.65,36.3,43.99,30.12,35.97,31.96,44.13,50.17,36.87,54.36,40.24,41.4,37.91,35.28,33.52,32.72,49.11,32.41,31.5,27.83,28.29,30.87,29.14,34.64,31.58,35.64,34.64,29.68,31.11,29.92,36.85,28.39,28.77,29.15,33.11,34.45,38.26,40.89,40.42,38.42,32.15,31.57,41.56,39.96,32.01,36.31,39.47,35.72,36.34,21.88,21.88,20.78,24.33,22.31,21.53,21.72,29.81,32.62,32.78,31.89,29.91,26.93,31.1,31.34,28.6,29.27,29.87,33.01,31.84,26.04,22.58,30.51,22.04,24.06,28.17,23.29,29.55,20.45,20.13,19.53,23.07,25.25,23.74,23.25,21.75,22.29,20.14,26.13,21.16,17.8,22.46,21.78,29.69,18.31,19.99,17.06,13.82,16.24,26.35,22.87,20.98,20.57,21.13,24.75,22.05,23.67,27.72,24.0,23.1,30.6,20.55,21.68,26.67,21.58,21.55,25.97,19.32,21.45,13.49,13.66,12.36,13.06,12.67,16.13,12.92,16.93,13.47,13.66,12.86,23.85,15.16,18.01,17.71,11.04,24.22,15.34,12.59,12.96,17.99,16.47,17.5,15.67,18.75,10.63,15.18,15.8,19.58,16.35,16.07,19.73,16.84,19.21,10.24,11.54,6.7,7.24,2.27,3.32,10.5,8.22,2.83,6.56,1.51,5.18,0.0,3.38,10.56,2.28
43.0,21.18,33.6,44.3,29.53,35.14,36.97,35.55,24.15,32.0,11.28,24.87,31.68,41.86,36.42,16.9,52.63,13.07,42.37,30.9,24.38,34.11,21.2,44.85,40.38,43.15,15.0,36.57,32.15,36.58,16.61,35.25,18.81,22.42,34.1,28.68,25.27,27.52,39.85,36.28,31.1,24.83,28.99,25.18,15.83,52.93,28.62,30.58,40.78,43.74,29.42,19.17,17.17,24.17,31.01,27.49,39.58,35.78,31.64,35.14,33.99,31.36,14.75,10.95,25.43,14.09,41.84,14.79,15.39,20.45,28.26,31.19,43.16,37.82,23.47,27.76,28.89,28.52,17.08,40.58,17.65,22.93,35.66,30.47,30.58,30.74,31.47,39.28,29.43,34.48,25.15,14.32,29.92,26.16,22.84,29.48,14.25,31.05,28.23,30.96,27.52,26.67,30.67,28.0,25.8,28.24,27.08,26.21,24.47,28.41,25.42,29.94,28.52,27.36,29.76,29.35,26.27,27.03,28.58,24.53,27.77,26.84,27.31,51.39,43.17,39.53,41.07,43.05,38.85,35.55,36.99,34.07,33.78,34.24,38.61,40.17,40.7,33.02,42.81,35.67,32.97,37.8,37.11,35.13,37.98,44.46,46.11,50.13,35.09,48.34,42.44,39.3,43.43,41.93,40.45,34.49,38.35,49.56,37.41,44.77,31.16,31.66,38.31,46.0,32.13,37.98,33.97,46.14,52.18,38.88,56.37,42.25,43.41,39.92,37.29,35.54,34.73,51.12,34.42,33.52,29.84,30.31,32.88,31.15,36.65,33.59,37.65,36.65,31.69,33.13,31.93,38.86,30.4,30.79,31.17,35.13,36.46,40.28,42.9,42.44,40.43,34.16,33.59,43.57,41.98,34.02,38.33,41.48,37.73,38.35,23.9,23.9,22.8,26.34,24.32,23.55,23.74,31.82,34.63,34.8,33.9,31.92,28.94,33.12,33.35,30.61,31.29,31.88,35.02,33.85,28.05,24.59,32.52,24.05,26.07,30.18,25.31,31.56,22.46,22.15,21.54,25.09,27.27,25.75,25.26,23.76,24.3,22.16,28.15,23.17,19.82,24.47,23.79,31.7,20.32,22.0,19.07,15.84,18.25,28.36,24.88,22.99,22.58,23.15,26.76,24.06,25.68,29.73,26.01,25.11,32.61,22.56,23.69,28.68,23.6,23.56,27.98,21.34,23.46,15.5,15.68,14.37,15.07,14.68,18.15,14.93,18.94,15.48,15.68,14.88,25.86,17.18,20.03,19.72,13.06,26.23,17.35,14.6,14.97,20.0,18.48,19.51,17.68,20.77,12.64,17.19,17.81,21.59,18.36,18.08,21.75,18.85,21.22,12.25,13.56,8.71,9.25,4.28,5.34,12.51,10.23,3.08,8.57,2.95,7.2,3.38,0.0,12.58,4.29
34.25,12.43,24.85,35.55,26.5,26.39,28.22,26.8,15.4,28.57,8.24,21.45,22.93,33.11,27.67,13.87,43.88,6.51,33.62,22.15,18.76,25.36,12.44,36.1,31.63,34.4,13.06,27.82,27.52,27.83,7.86,26.5,10.06,13.67,25.35,19.92,16.52,18.77,31.1,27.53,22.35,16.07,25.96,20.86,7.08,44.18,19.87,21.83,32.03,34.99,20.67,10.42,8.42,26.38,22.26,18.74,30.83,27.03,26.73,26.39,25.24,25.83,6.0,2.71,16.68,5.89,33.09,5.47,7.89,11.7,21.91,25.3,34.41,29.07,20.45,19.01,20.14,22.17,8.33,31.83,8.9,19.91,26.91,21.72,21.83,25.03,28.87,30.53,20.68,25.73,16.4,6.82,26.89,21.65,14.09,20.73,5.96,28.4,19.48,25.83,18.76,17.92,21.92,19.25,20.0,19.49,18.33,17.46,15.72,19.66,16.67,21.19,19.77,18.61,21.01,20.6,17.52,20.16,19.83,15.78,19.01,18.09,18.56,42.64,34.42,30.78,32.32,34.3,30.1,26.8,28.23,25.32,25.03,25.49,29.86,31.42,31.95,24.27,34.06,26.92,24.22,29.05,28.36,26.38,29.23,35.71,37.36,41.38,26.34,39.59,33.69,30.55,34.68,33.18,31.7,25.74,29.6,40.81,28.66,36.02,22.41,22.91,29.56,37.25,23.38,29.23,25.22,37.39,43.43,30.13,47.62,33.5,48.25,31.17,28.54,26.79,25.98,42.37,25.67,24.77,23.95,27.28,30.28,31.19,27.9,24.84,28.9,27.9,22.94,24.38,23.18,30.11,27.07,22.04,22.42,26.38,27.71,31.53,34.15,33.69,31.68,25.41,24.84,34.82,33.23,25.27,29.58,32.73,28.98,29.6,15.15,20.87,19.77,17.59,20.9,14.8,14.99,23.07,25.88,26.05,25.15,23.17,20.19,24.37,24.6,21.86,22.54,23.13,26.27,25.1,25.02,21.57,29.5,21.03,23.05,27.16,27.51,28.54,19.44,19.12,27.08,22.06,24.24,22.73,27.47,20.73,21.28,19.13,25.12,20.15,23.68,21.44,20.77,29.02,17.3,18.97,10.32,7.09,9.5,19.61,16.13,14.24,13.83,14.4,18.01,15.31,16.93,20.98,17.26,16.36,23.86,13.81,14.94,19.93,14.85,14.81,19.23,12.59,14.71,8.0,4.44,18.24,18.94,11.8,22.01,18.79,15.92,14.89,10.98,18.74,22.44,21.04,17.0,16.7,16.92,23.08,14.33,15.69,16.2,16.98,13.65,10.76,10.19,12.02,7.33,8.44,9.06,12.84,9.61,9.33,13.0,10.1,12.47,3.93,4.64,12.57,4.35,8.77,11.12,4.31,14.09,12.03,11.43,9.63,11.73,10.56,12.58,0.0,9.22
39.64,17.82,30.24,40.94,26.17,31.78,33.61,32.19,20.79,28.64,7.92,21.51,28.32,38.5,33.06,13.54,49.27,9.71,39.01,27.54,21.02,30.75,17.84,41.49,37.02,39.79,11.64,33.21,28.79,33.22,13.25,31.89,15.45,19.06,30.74,25.32,21.91,24.16,36.49,32.92,27.74,21.47,25.63,21.82,12.47,49.57,25.26,27.22,37.42,40.38,26.06,15.81,13.81,20.81,27.65,24.13,36.22,32.42,28.28,31.78,30.63,28.0,11.39,7.59,22.07,10.73,38.48,11.43,12.03,17.09,24.9,27.83,39.8,34.46,20.11,24.4,25.53,25.16,13.72,37.22,14.29,19.57,32.3,27.11,27.22,27.38,28.11,35.92,26.07,31.12,21.79,10.96,26.56,22.8,19.48,26.12,10.89,27.69,24.87,27.6,24.16,23.31,27.31,24.64,22.44,24.88,23.72,22.85,21.11,25.05,22.06,26.58,25.16,24.0,26.4,25.99,22.91,23.67,25.22,21.17,24.41,23.48,23.95,48.03,39.81,36.17,37.71,39.69,35.49,32.19,33.63,30.71,30.42,30.88,35.25,36.81,37.34,29.66,39.45,32.31,29.61,34.44,33.75,31.77,34.62,41.1,42.75,46.77,31.73,44.98,39.08,35.94,40.07,38.57,37.09,31.13,34.99,46.2,34.05,41.41,27.8,28.3,34.95,42.64,28.77,34.62,30.61,42.78,48.82,35.52,53.01,38.89,40.05,36.56,33.93,32.18,31.37,47.76,31.06,30.16,26.48,26.95,29.52,27.8,33.29,30.23,34.29,33.29,28.33,29.77,28.57,35.5,27.04,27.43,27.81,31.77,33.1,36.92,39.54,39.08,37.07,30.8,30.23,40.21,38.62,30.66,34.97,38.12,34.37,34.99,20.54,20.54,19.44,22.98,20.96,20.19,20.38,28.46,31.27,31.44,30.54,28.56,25.58,29.76,29.99,27.25,27.93,28.52,31.66,30.49,24.69,21.23,29.16,20.69,22.71,26.82,21.95,28.2,19.1,18.79,18.18,21.73,23.91,22.39,21.9,20.4,20.94,18.8,24.79,19.81,16.46,21.11,20.43,28.34,16.96,18.64,15.71,12.48,14.89,25.01,21.52,19.63,19.22,19.79,23.4,20.7,22.32,26.37,22.65,21.75,29.25,19.2,20.33,25.32,20.24,20.2,24.62,17.98,20.1,12.14,12.32,11.01,11.71,11.32,14.79,11.57,15.58,12.12,12.32,11.52,22.5,13.82,16.67,16.36,9.7,22.87,13.99,11.24,11.61,16.64,15.12,16.15,14.32,17.41,9.28,13.83,14.45,18.23,15.0,14.72,18.39,15.49,17.86,8.89,10.2,5.35,5.89,1.83,2.83,9.15,6.87,3.75,5.21,1.34,3.84,2.28,4.29,9.22,0.0
