0.0,1.85,4.25,11.17,16.33,23.66,2.72,10.2,9.27,7.31,17.73,12.12,27.21,11.76,11.56,25.66,10.48,18.82,11.64,29.27,19.19,19.77,11.92,26.87,24.91,15.15,12.98,15.63,14.04,11.7,11.81,17.93,21.81,8.73,15.33,14.3,22.0,38.92,10.45,13.08,10.58,11.1,21.41,4.88,11.73,9.51,9.39,14.57,9.83,20.24,9.25,26.17,18.65,11.97,8.52,12.81,16.62,13.09,20.18,16.81,12.49,14.82,17.54,9.25,12.98,13.19,14.32,11.48,9.15,19.0,16.15,8.43,8.18,9.64,8.64,6.28,13.38,11.8,7.62,15.04,14.54,12.02,9.04,14.04,14.7,10.27,11.39,12.11,13.38,12.85,21.87,36.13,18.55,16.32,17.88,20.28,17.38,11.04,13.3,12.49,12.64,34.16,25.26,28.36,25.2,26.37,29.56,30.75,27.6,27.16,27.8,27.5,46.53,41.51,35.59,45.39,47.82,39.94,41.65,45.85,47.6,55.33,36.88,35.53,46.43,43.71,35.9,42.23,37.45,43.93,23.9,23.46,21.42,25.69,19.77,20.53,31.55,32.11,20.06,30.01,38.89,36.81,39.17,40.13,25.36,25.21,42.24,32.61,39.27,37.75,43.51,37.55,42.57,31.35,29.71,35.23,26.08,20.2,18.21,22.42,15.99,26.76,19.3,18.4,21.33,15.3,20.41,20.22,21.91,25.11,22.49,22.02,15.31,20.11,25.21,19.42,18.37,21.65,21.47,18.37,21.1,21.72,20.71,22.46,15.42,18.9,16.6,15.59,15.42,15.65,13.58,15.3,12.45,14.24,13.17,10.43,6.95,9.27,8.24,5.02,11.98,9.63,9.32,11.06,11.08,2.96,2.77,3.18,3.15,5.59,10.76,3.78,3.88,25.16,29.65,34.38,28.18,15.92,13.71,25.45,22.6,23.6,27.24,29.65,26.63,19.67,9.12,23.61,16.88,21.32,21.81,24.06,23.14,28.87,31.07,30.65,16.97,21.04,24.83,26.54,25.08,22.44,27.66,31.89,14.95,23.45,24.47,28.43,12.93,14.52,7.84,4.41,7.11,22.63,4.32,9.82,12.53,21.91,14.59,10.46,8.94,16.33,16.7,8.07,10.99,10.13,12.78,13.44,13.99,12.02,9.52,18.09,14.47,21.5,14.42,12.58,14.43,19.92,22.37,14.55,18.4,19.65,13.79,22.47,21.54,16.59,22.94,17.23,15.05,14.02,16.42,16.83,14.42,21.74,22.4,21.3,15.48,53.0,50.57
1.85,0.0,3.57,12.41,16.87,27.36,1.22,11.44,10.51,10.04,21.42,13.37,25.71,13.0,12.8,24.16,13.65,20.06,12.88,32.96,22.88,20.31,10.42,25.37,23.41,15.7,11.48,19.32,15.51,12.25,13.05,21.63,25.5,9.98,19.03,18.0,25.69,42.62,14.14,14.55,11.83,12.35,21.96,8.86,10.23,10.76,7.88,18.27,10.38,23.93,10.49,24.67,22.35,12.51,9.06,16.5,20.32,14.34,21.64,20.5,14.66,13.32,21.24,10.49,16.68,13.73,14.87,15.18,10.39,22.7,19.84,9.68,9.42,12.16,9.88,7.52,14.63,13.97,8.86,18.73,15.08,12.56,9.58,14.58,15.24,10.82,11.94,12.65,13.92,13.4,23.12,37.37,19.79,17.57,19.12,21.52,18.62,12.28,14.55,13.73,13.88,32.65,25.8,26.86,25.74,26.91,28.05,29.24,28.14,25.65,26.3,26.0,47.77,45.21,39.29,46.64,49.06,43.64,45.35,47.1,48.84,56.57,40.58,39.23,47.68,44.95,39.6,43.47,41.15,45.17,27.6,27.16,25.12,29.38,23.47,24.23,35.25,35.81,23.75,33.71,42.58,40.51,42.87,43.82,29.06,28.91,45.94,36.31,42.96,41.44,47.21,41.25,46.27,35.05,33.41,38.92,24.67,21.66,21.9,22.96,16.54,25.26,19.84,18.94,21.88,15.84,20.95,20.77,22.45,23.61,23.03,20.52,15.85,20.66,23.71,19.96,18.91,22.19,25.16,22.07,24.79,25.41,24.41,26.15,15.96,16.66,20.3,16.13,16.89,16.19,17.27,19.0,13.7,15.48,14.41,8.93,8.19,7.77,9.49,6.26,10.48,8.13,7.82,9.56,9.57,4.88,4.16,4.42,1.65,4.09,12.0,3.84,5.27,28.86,33.35,38.08,31.88,17.16,14.95,29.15,23.84,27.3,30.93,33.35,30.32,20.91,10.37,24.85,18.12,22.56,23.05,27.75,26.84,32.57,34.77,34.35,20.67,22.28,28.53,30.24,28.78,26.13,31.36,35.59,18.65,27.14,28.17,32.13,11.43,13.02,6.34,5.66,5.61,21.12,2.81,8.31,11.02,20.41,13.09,8.96,7.44,14.83,15.2,6.57,9.48,8.63,11.27,11.94,12.49,10.52,8.02,16.59,15.94,20.0,12.92,11.08,12.92,18.42,20.87,13.05,16.9,18.14,12.29,20.96,20.04,15.08,21.44,15.72,13.54,12.52,14.92,15.33,12.92,20.23,20.9,19.8,13.98,54.24,51.81
4.25,3.57,0.0,9.91,15.9,22.4,2.63,8.93,8.01,6.05,16.46,10.86,24.74,10.49,10.3,23.19,9.22,17.56,10.38,28.0,17.92,19.35,9.45,24.4,22.44,14.73,10.51,14.36,14.54,11.28,10.54,16.67,20.54,7.47,14.07,13.04,20.73,37.66,9.18,13.58,9.32,9.84,20.99,6.35,9.26,8.25,6.92,13.31,9.41,18.97,7.99,23.7,17.38,11.54,8.1,11.54,15.36,11.83,18.91,15.54,13.69,12.35,16.27,7.99,11.72,12.76,13.9,10.22,7.88,17.74,14.88,7.17,6.92,11.2,7.38,5.01,12.12,13.0,6.35,13.77,14.11,11.59,8.61,13.62,14.27,9.85,10.97,11.68,12.95,12.43,20.61,34.87,17.29,15.06,16.61,19.01,16.12,9.77,12.04,11.22,11.37,31.69,24.83,25.89,24.78,25.94,27.08,28.28,27.17,24.69,25.33,25.03,45.26,40.25,34.33,44.13,46.55,38.68,40.39,44.59,46.34,54.06,35.62,34.27,45.17,42.45,34.64,40.96,36.19,42.67,22.64,22.2,20.16,24.42,18.51,19.27,30.29,30.85,18.79,28.75,37.62,35.54,37.91,38.86,24.1,23.94,40.98,31.35,38.0,36.48,42.25,36.29,41.31,30.09,28.45,33.96,23.71,18.93,16.94,21.99,15.57,24.29,18.87,17.97,20.91,14.88,19.98,19.8,21.48,22.64,22.07,19.55,14.89,19.69,22.74,18.99,17.94,21.22,20.2,17.11,19.83,20.45,19.45,21.19,14.99,15.69,15.34,15.16,15.92,15.22,12.31,14.04,11.19,12.97,11.91,7.96,5.69,6.8,6.98,3.75,9.51,7.16,6.85,8.59,8.61,1.73,3.3,1.91,3.48,3.12,9.5,1.33,4.41,23.9,28.38,33.11,26.92,14.66,12.45,24.19,21.34,22.34,25.97,28.39,25.36,18.4,7.86,22.35,15.61,20.06,20.55,22.79,21.88,27.61,29.81,29.39,15.71,19.78,23.57,25.28,23.82,21.17,26.4,30.63,13.69,22.18,23.21,27.17,10.46,12.05,5.37,3.15,4.64,20.16,1.85,7.35,10.06,19.44,12.12,7.99,6.47,13.86,14.23,5.6,8.52,7.66,10.31,10.97,11.52,9.55,7.05,15.62,14.97,19.03,11.95,10.11,11.96,17.45,19.9,12.08,15.93,17.18,11.32,20.0,19.07,14.12,20.47,14.76,12.58,11.55,13.95,14.36,11.95,19.27,19.93,18.83,13.01,51.73,49.3
11.17,12.41,9.91,0.0,17.08,20.94,11.49,7.42,6.11,13.57,15.01,1.73,31.52,7.25,1.17,29.97,8.42,11.51,8.86,26.55,16.47,18.02,15.44,31.18,29.22,15.91,16.51,12.91,14.79,12.43,4.5,15.21,19.09,3.19,12.62,6.78,19.28,37.67,7.73,13.83,5.38,6.6,22.17,5.65,15.26,4.31,13.19,8.58,11.21,17.52,5.86,30.48,15.93,12.72,12.6,10.09,13.91,5.78,17.46,14.09,13.0,20.83,14.82,5.86,10.27,13.94,15.08,7.36,5.75,16.29,13.43,7.47,4.4,10.39,7.68,4.9,6.08,11.72,3.56,12.32,15.29,12.77,12.09,13.65,14.13,11.03,12.15,9.82,12.87,13.61,14.57,28.82,11.24,9.02,10.57,12.97,10.07,5.83,2.91,2.09,8.13,38.47,26.01,32.67,25.96,27.12,33.86,28.69,28.35,31.47,32.11,31.81,39.22,40.26,32.88,38.09,40.51,38.69,40.4,38.55,40.29,48.02,37.41,32.82,39.13,36.4,33.19,34.92,38.45,36.62,21.19,20.74,18.7,22.97,17.05,17.82,28.83,29.4,17.34,27.3,36.17,34.09,36.46,37.41,22.65,22.49,39.52,29.9,36.55,35.03,40.8,34.83,39.85,28.64,27.0,32.51,23.36,17.48,15.49,23.17,16.75,31.07,20.05,19.15,22.09,16.05,21.16,20.98,22.66,29.42,23.24,26.33,16.06,19.51,29.52,20.17,19.12,22.4,18.75,15.66,18.38,19.0,18.0,19.74,14.35,16.18,13.89,15.42,16.17,16.4,10.86,9.31,5.15,6.93,5.86,13.47,7.54,14.48,4.85,6.16,15.5,13.16,12.85,14.59,14.6,9.47,7.77,8.24,12.33,11.97,7.98,9.44,6.9,22.45,26.93,31.66,25.46,8.61,6.4,22.74,15.29,20.89,24.52,26.94,23.91,12.36,3.1,16.3,9.57,14.01,14.5,21.34,20.43,26.16,28.36,27.94,10.98,13.73,22.12,23.83,22.37,19.72,24.95,29.17,7.95,20.73,21.75,25.72,16.45,20.53,14.57,7.14,10.63,26.94,10.7,13.34,15.92,26.22,21.62,13.99,15.75,24.3,23.0,11.59,17.0,15.99,16.3,19.46,20.0,18.03,18.4,26.06,15.23,27.52,17.94,16.11,17.95,27.88,30.34,18.07,24.41,25.66,17.31,28.48,27.55,22.6,30.91,20.75,22.73,17.54,19.95,26.66,17.94,29.7,30.36,29.26,19.0,45.69,43.26
16.33,16.87,15.9,17.08,0.0,16.15,15.95,16.46,15.54,9.48,11.57,17.78,19.55,20.22,17.22,12.69,7.46,21.15,17.9,22.46,11.68,10.03,15.72,19.9,19.7,1.65,16.78,8.55,2.95,8.37,14.25,10.42,14.3,16.16,9.18,10.48,14.49,31.41,10.89,4.3,18.34,19.56,11.67,14.69,15.54,17.27,9.1,10.75,7.12,12.83,9.34,18.74,13.54,6.71,8.51,8.33,8.8,11.95,11.36,10.65,6.66,12.71,11.39,11.01,9.16,3.69,4.59,8.24,12.71,10.47,9.99,7.74,14.44,7.07,8.76,13.94,15.83,7.07,13.36,8.32,5.93,5.16,8.0,6.52,7.17,6.16,4.95,5.95,5.85,4.45,24.2,38.46,20.88,18.65,20.2,22.6,19.71,18.8,18.96,18.15,21.1,27.19,15.52,20.58,15.46,16.63,20.25,18.19,17.86,19.65,20.14,20.53,35.26,34.0,28.09,34.12,36.54,32.43,34.15,34.58,36.33,44.06,29.37,28.02,35.16,31.94,28.4,31.49,29.94,32.34,17.1,15.95,13.91,18.88,12.26,13.02,24.04,24.6,12.55,22.5,31.38,29.3,31.66,32.62,17.85,15.68,34.73,25.1,31.76,30.24,36.0,30.04,35.06,23.84,22.91,27.72,14.39,11.38,10.7,12.68,6.25,13.78,9.56,8.66,11.59,5.56,10.67,10.49,12.17,15.57,12.75,16.05,5.57,10.37,13.84,9.68,8.63,11.91,13.96,12.22,13.59,14.21,13.21,14.95,7.9,8.59,10.45,6.54,6.64,5.91,9.76,12.11,14.9,12.06,15.62,9.38,8.99,10.39,12.81,12.84,15.78,13.43,13.12,14.87,14.88,14.57,15.32,13.33,16.79,15.73,17.02,13.11,15.93,17.65,22.14,26.87,20.67,18.25,16.16,17.94,24.93,16.09,19.73,22.14,19.12,21.99,15.36,25.94,19.2,23.65,24.14,16.55,15.63,21.36,23.56,23.14,13.15,23.37,17.32,19.03,17.57,14.93,20.15,24.38,11.13,15.94,16.96,20.92,16.73,12.41,10.48,11.86,11.78,18.82,14.46,13.62,7.8,18.1,13.51,11.57,11.66,14.23,14.89,11.87,8.88,11.9,16.58,11.34,11.89,9.91,10.28,15.98,5.69,19.4,15.95,16.39,18.23,17.81,20.26,18.35,16.29,17.54,17.59,20.36,19.43,14.48,20.83,21.03,14.61,17.82,20.22,18.54,18.22,19.63,20.29,19.19,19.28,55.33,52.89
23.66,27.36,22.4,20.94,16.15,0.0,26.42,19.86,18.94,19.95,12.14,21.6,17.47,21.61,21.04,13.86,14.85,24.97,21.31,7.14,8.1,6.91,26.2,19.42,19.22,14.88,27.26,8.43,14.78,18.81,18.08,6.47,2.84,19.98,9.74,13.79,2.12,27.84,13.6,14.39,19.73,20.95,12.84,18.09,26.01,18.66,19.58,14.06,17.6,4.17,16.22,18.25,9.96,15.08,18.98,11.54,10.92,14.89,6.35,11.22,11.19,27.22,9.8,14.41,12.48,13.53,14.0,13.79,16.11,5.71,9.34,16.27,17.85,15.41,17.3,17.34,15.51,13.78,16.77,9.33,10.95,13.54,18.47,10.08,11.15,17.41,12.66,12.24,11.02,11.66,28.02,42.28,24.7,22.47,24.03,26.43,23.53,20.19,22.78,21.97,22.49,23.22,10.71,15.77,10.65,11.82,15.44,13.38,13.05,18.03,16.97,19.51,31.68,30.43,24.51,30.55,32.97,28.86,30.57,31.01,32.76,40.48,25.8,24.45,31.59,28.36,24.82,27.92,26.37,28.77,1.77,2.96,4.63,3.56,5.02,3.74,11.05,11.61,3.86,9.52,18.39,16.31,18.68,19.63,4.87,3.08,21.74,12.12,18.77,17.25,23.02,17.05,22.07,10.86,7.58,14.73,3.95,6.37,7.12,7.87,11.84,14.95,8.64,9.83,6.31,13.16,11.84,7.63,13.34,16.74,7.94,17.21,13.36,9.36,15.01,10.85,15.46,8.08,10.38,10.79,10.01,6.97,9.63,11.37,9.16,7.7,7.65,9.21,16.73,15.32,13.07,12.67,18.72,15.37,19.44,19.86,17.53,20.86,16.21,18.6,26.26,23.91,23.6,25.34,25.35,21.91,20.21,20.67,27.27,26.2,20.43,21.87,19.34,14.08,18.56,23.29,17.1,22.07,19.98,14.37,28.75,12.52,16.15,18.57,15.54,25.82,19.18,29.76,23.03,27.47,27.96,12.97,12.06,17.79,19.99,19.57,15.21,27.19,13.75,15.46,14.0,11.35,16.58,20.81,14.45,12.36,13.39,17.35,27.2,26.91,20.95,19.58,22.25,20.39,24.93,24.09,22.3,19.12,28.0,26.07,22.14,30.68,29.39,22.35,23.38,22.38,27.05,25.84,26.39,24.42,24.78,32.44,15.79,33.9,28.7,26.86,28.7,34.27,36.72,28.82,30.8,32.04,28.06,34.86,33.93,28.98,37.29,31.5,29.11,28.3,30.7,33.05,28.69,36.09,36.75,35.65,29.75,43.72,42.73
2.72,1.22,2.63,11.49,15.95,26.42,0.0,10.51,9.58,9.1,20.49,12.43,24.77,12.07,11.87,23.23,12.72,19.13,11.95,32.03,21.95,19.38,9.49,24.44,22.48,14.76,10.55,18.39,14.58,11.31,12.12,20.69,24.57,9.04,18.1,17.07,24.76,41.69,13.21,13.62,10.89,11.41,21.02,7.92,9.3,9.82,6.95,17.34,9.45,23.0,9.56,23.74,21.41,11.58,8.13,15.57,19.39,13.4,20.7,19.57,13.73,12.39,20.3,9.56,15.75,12.8,13.94,14.25,9.45,21.77,18.91,8.74,8.49,11.23,8.95,6.59,13.69,13.04,7.93,17.8,14.15,11.63,8.65,13.65,14.31,9.88,11.0,11.72,12.99,12.46,22.18,36.44,18.86,16.63,18.19,20.59,17.69,11.35,13.61,12.8,12.95,31.72,24.87,25.93,24.81,25.98,27.12,28.31,27.21,24.72,25.36,25.07,46.84,44.27,38.36,45.7,48.12,42.71,44.42,46.16,47.91,55.64,39.65,38.3,46.74,44.02,38.67,42.54,40.22,44.24,26.67,26.22,24.18,28.45,22.53,23.3,34.31,34.88,22.82,32.78,41.65,39.57,41.94,42.89,28.13,27.97,45.0,35.38,42.03,40.51,46.28,40.31,45.33,34.12,32.48,37.99,23.74,20.72,20.97,22.03,15.6,24.32,18.91,18.01,20.94,14.91,20.02,19.83,21.52,22.68,22.1,19.59,14.92,19.72,22.78,19.03,17.98,21.26,24.23,21.14,23.86,24.48,23.48,25.22,15.03,15.73,19.37,15.2,15.96,15.26,16.34,18.07,12.76,14.55,13.48,8.0,7.26,6.84,8.55,5.33,9.55,7.2,6.89,8.63,8.64,3.95,4.88,3.49,0.84,3.15,11.07,2.91,5.99,27.93,32.41,37.14,30.94,16.23,14.02,28.22,22.91,26.37,30.0,32.42,29.39,19.98,9.43,23.92,17.19,21.63,22.12,26.82,25.91,31.64,33.84,33.42,19.74,21.35,27.6,29.31,27.85,25.2,30.43,34.65,17.72,26.21,27.23,31.2,10.49,12.08,5.4,4.72,4.68,20.19,1.88,7.38,10.09,19.47,12.16,8.03,6.51,13.9,14.27,5.64,8.55,7.7,10.34,11.01,11.56,9.59,7.08,15.66,15.01,19.07,11.99,10.15,11.99,17.48,19.94,12.11,15.97,17.21,11.36,20.03,19.1,14.15,20.51,14.79,12.61,11.59,13.99,14.4,11.98,19.3,19.96,18.86,13.04,53.31,50.88
10.2,11.44,8.93,7.42,16.46,19.86,10.51,0.0,1.31,7.93,13.9,8.37,30.92,2.63,7.81,29.38,8.72,15.07,1.44,25.44,15.36,16.91,14.46,30.59,28.63,15.31,15.52,11.8,14.2,11.83,8.05,14.1,17.98,4.89,11.5,10.34,18.17,41.22,6.62,13.24,2.54,1.98,21.57,4.67,14.27,3.11,11.93,12.13,10.62,16.41,5.42,29.89,14.82,12.13,12.0,8.98,12.8,9.34,16.35,12.98,11.1,17.36,13.71,5.42,9.16,13.35,14.48,7.66,5.32,15.18,12.32,7.04,2.07,8.24,7.25,3.92,9.63,10.61,3.38,11.21,14.7,12.18,11.49,11.75,13.02,10.43,11.55,9.29,10.97,13.01,18.12,32.38,14.8,12.57,14.12,16.52,13.63,3.34,9.55,8.73,3.51,37.87,25.42,32.08,25.36,26.53,33.27,28.09,27.76,30.87,31.51,31.22,42.77,43.81,31.77,41.64,44.06,42.25,43.96,42.1,43.85,51.57,33.06,31.7,42.68,39.96,32.08,38.47,33.63,40.18,20.07,19.63,17.59,21.86,15.94,16.71,27.72,28.28,16.23,26.18,35.06,32.98,35.35,36.3,21.54,21.38,38.41,28.78,35.44,33.92,39.68,33.72,38.74,27.53,25.88,31.4,22.25,16.37,14.38,22.58,16.15,30.47,19.45,18.56,21.49,15.46,20.57,20.38,22.07,28.83,22.65,25.74,15.47,18.4,28.93,19.58,18.53,21.81,17.64,14.55,17.27,17.89,16.89,18.63,13.24,15.07,12.78,14.3,15.58,15.81,9.75,12.86,8.7,10.48,9.42,10.74,7.11,11.81,4.42,5.18,14.52,12.17,11.86,13.6,13.62,8.49,6.79,7.25,11.35,10.99,2.07,8.45,5.91,21.34,25.82,30.55,24.35,12.17,9.96,21.63,18.85,19.78,23.41,25.83,22.8,15.91,5.37,19.86,13.12,17.57,18.06,20.23,19.32,25.04,27.25,26.83,14.53,17.29,21.01,22.72,21.26,18.61,23.84,28.06,11.51,19.62,20.64,24.6,15.47,17.06,10.38,6.16,9.65,26.34,9.72,12.36,15.32,25.62,21.02,13.0,11.48,18.87,22.41,10.61,13.53,12.67,15.32,15.98,16.53,14.56,12.06,20.63,14.63,24.04,16.96,15.12,16.97,22.46,24.91,17.09,20.94,22.19,16.33,25.01,24.08,19.13,25.48,19.77,17.59,16.56,18.96,19.37,16.96,24.28,24.94,23.84,18.02,49.24,46.81
9.27,10.51,8.01,6.11,15.54,18.94,9.58,1.31,0.0,7.0,12.97,7.06,30.0,2.48,6.5,28.45,7.79,13.76,2.75,24.51,14.43,15.98,13.53,29.66,27.7,14.39,14.6,10.87,13.27,10.91,6.74,13.18,17.05,3.58,10.58,9.03,17.24,39.91,5.69,12.31,1.23,1.83,20.64,3.74,13.35,1.8,11.0,10.82,9.69,15.48,4.5,28.96,13.89,11.2,11.07,8.05,11.87,8.03,15.42,12.05,10.17,16.44,12.78,4.5,8.23,12.42,13.56,6.73,4.39,14.25,11.39,6.11,1.14,7.32,6.32,2.99,8.32,9.68,2.45,10.28,13.77,11.25,10.57,10.83,12.1,9.51,10.63,8.36,10.04,12.08,16.81,31.07,13.49,11.26,12.81,15.21,12.32,2.03,8.24,7.42,3.36,36.94,24.49,31.15,24.43,25.6,32.34,27.17,26.83,29.94,30.59,30.29,41.46,42.5,30.84,40.33,42.75,40.94,42.65,40.79,42.54,50.26,32.13,30.78,41.37,38.65,31.15,37.16,32.7,38.87,19.15,18.71,16.67,20.93,15.01,15.78,26.79,27.36,15.3,25.26,34.13,32.05,34.42,35.37,20.61,20.45,37.49,27.86,34.51,32.99,38.76,32.8,37.82,26.6,24.96,30.47,21.32,15.44,13.45,21.65,15.22,29.54,18.53,17.63,20.56,14.53,19.64,19.46,21.14,27.9,21.72,24.81,14.54,17.47,28.0,18.65,17.6,20.88,16.71,13.62,16.34,16.96,15.96,17.7,12.31,14.14,11.85,13.38,14.65,14.88,8.82,11.55,7.39,9.17,8.11,9.81,6.18,10.88,3.49,4.25,13.59,11.25,10.94,12.68,12.69,7.56,5.86,6.33,10.42,10.06,1.87,7.53,4.99,20.41,24.89,29.62,23.43,10.86,8.65,20.7,17.54,18.85,22.48,24.9,21.87,14.6,4.06,18.55,11.81,16.26,16.75,19.3,18.39,24.12,26.32,25.9,13.22,15.98,20.08,21.79,20.33,17.68,22.91,27.13,10.2,18.69,19.72,23.68,14.54,16.13,9.45,5.23,8.72,25.41,8.79,11.43,14.4,24.69,20.1,12.08,10.56,17.95,21.48,9.68,12.6,11.74,14.39,15.06,15.61,13.63,11.13,19.71,13.7,23.12,16.03,14.2,16.04,21.53,23.98,16.16,20.01,21.26,15.4,24.08,23.15,18.2,24.55,18.84,16.66,15.63,18.04,18.45,16.03,23.35,24.01,22.91,17.09,47.93,45.5
7.31,10.04,6.05,13.57,9.48,19.95,9.1,7.93,7.0,0.0,14.07,13.69,23.99,10.12,13.12,22.44,5.2,17.05,9.37,25.62,15.53,12.97,8.95,23.65,21.69,8.35,10.01,11.97,7.23,4.9,10.16,14.28,18.16,6.4,11.68,10.65,18.35,35.27,6.79,6.27,8.25,9.47,14.61,5.35,8.76,7.18,2.33,10.92,3.03,16.58,3.17,22.95,15.0,5.16,0.97,9.15,12.97,11.45,14.29,13.15,7.31,11.85,13.89,6.91,9.33,6.38,7.52,7.83,4.63,15.35,12.49,3.15,5.91,4.82,3.36,4.01,11.74,6.62,5.28,11.38,7.73,5.21,2.23,7.24,7.89,3.47,4.59,5.3,6.57,6.05,20.11,34.36,16.78,14.56,16.11,18.51,15.61,8.7,14.87,14.05,11.0,30.93,18.45,25.14,18.4,19.56,26.33,21.13,20.79,23.93,24.58,24.28,39.11,37.86,31.94,37.98,40.4,36.29,38.0,38.44,40.19,47.91,33.23,31.88,39.02,35.79,32.25,40.46,33.8,42.16,20.25,19.81,17.77,22.03,16.12,16.88,27.9,28.46,16.4,26.36,35.23,33.16,35.52,36.48,21.71,21.56,38.59,28.96,35.61,34.1,39.86,33.9,38.92,27.7,26.06,31.57,17.32,14.31,14.56,15.61,9.19,23.54,12.49,11.59,14.53,8.49,13.6,13.42,15.1,21.89,15.68,18.8,8.5,13.31,21.99,12.61,11.56,14.84,17.81,14.72,17.44,18.07,17.06,18.8,8.61,9.31,12.95,8.78,8.61,8.84,9.93,11.65,10.81,12.59,11.52,2.61,1.67,3.62,4.73,2.75,9.01,6.66,6.35,8.09,8.11,5.61,6.36,4.37,10.02,8.96,8.49,5.57,6.59,21.51,26.0,30.73,24.53,14.16,12.06,21.8,20.83,19.95,23.58,26.0,22.97,17.9,11.27,21.84,15.11,19.55,20.04,20.4,19.49,25.22,27.42,27.0,13.32,19.27,21.18,22.89,21.43,18.78,24.01,28.24,11.3,19.79,20.82,24.78,9.96,11.55,3.71,3.28,5.0,19.41,7.69,6.85,8.39,18.69,14.09,7.49,4.89,13.36,15.47,5.1,8.02,5.13,9.81,10.47,11.02,9.05,6.55,15.12,7.67,18.53,11.45,9.61,11.46,16.95,19.4,11.58,15.43,16.68,10.82,19.5,18.57,13.62,19.97,14.26,12.08,11.05,13.45,13.86,11.45,18.77,19.43,18.33,12.51,51.23,48.8
17.73,21.42,16.46,15.01,11.57,12.14,20.49,13.9,12.97,14.07,0.0,15.73,21.89,15.73,15.17,15.03,8.98,19.1,15.43,17.69,3.15,9.16,20.32,22.24,22.04,10.39,21.38,4.05,10.29,12.94,8.66,6.35,10.23,14.11,3.01,5.63,10.42,21.85,7.72,9.9,13.86,15.08,14.01,12.22,20.14,12.79,13.71,4.65,11.73,8.66,10.35,21.08,1.76,13.23,13.11,5.66,5.05,6.73,8.6,1.08,6.21,21.34,3.01,8.53,5.6,9.04,8.43,7.91,10.24,7.43,3.0,10.4,11.97,9.53,11.43,11.47,7.35,7.91,10.89,3.46,8.21,9.05,12.6,6.07,5.27,11.54,8.17,8.15,6.17,7.16,22.15,36.41,18.83,16.6,18.15,20.55,17.66,14.31,16.91,16.1,16.61,29.53,17.86,22.92,17.8,18.97,22.59,20.53,20.2,21.99,22.48,22.87,25.69,24.44,18.52,24.56,26.98,22.87,24.58,25.02,26.77,34.49,19.81,18.46,25.6,22.37,18.83,21.93,20.38,22.78,12.33,11.89,9.85,14.11,8.19,8.96,19.97,20.54,8.48,18.44,27.31,25.23,27.6,28.55,13.79,13.63,30.66,21.04,27.69,26.17,31.94,25.97,30.99,19.78,18.14,23.65,14.5,8.62,4.13,15.02,10.1,16.12,11.9,11.0,13.93,9.41,13.01,12.83,14.51,17.91,15.09,18.39,9.42,10.65,16.18,12.02,12.48,14.25,4.39,3.85,4.02,10.14,3.64,5.38,5.49,7.32,5.03,6.56,12.24,9.76,7.2,3.52,8.91,7.21,9.63,13.98,11.66,14.99,10.34,12.73,20.38,18.03,17.73,19.47,19.48,16.04,14.34,14.8,21.39,20.33,14.55,16.0,13.46,8.09,12.58,17.31,11.11,16.2,10.17,8.38,22.88,6.53,10.16,12.58,9.55,19.94,13.31,23.89,17.15,11.03,22.09,6.98,6.07,11.8,14.0,13.58,6.06,21.32,7.76,9.47,8.01,5.36,10.59,14.82,6.02,6.37,7.4,11.36,21.33,21.04,15.08,13.71,16.38,27.45,19.06,18.22,16.43,26.73,22.13,20.2,16.26,24.81,23.51,16.47,17.51,16.51,21.18,19.97,20.52,18.54,18.91,26.57,11.29,28.03,22.82,20.99,22.83,28.39,30.85,22.95,24.92,26.17,22.19,28.99,28.06,23.11,31.42,25.63,23.24,22.42,24.82,27.17,22.82,30.21,30.87,29.77,23.88,37.73,36.74
12.12,13.37,10.86,1.73,17.78,21.6,12.43,8.37,7.06,13.69,15.73,0.0,32.47,8.2,1.49,30.93,9.37,6.53,9.81,27.51,17.42,18.98,16.4,32.14,30.18,16.86,17.46,13.86,15.75,13.38,5.45,16.17,20.05,4.15,13.57,7.74,20.24,38.62,8.68,14.79,6.33,7.55,23.12,6.61,16.21,5.26,14.15,9.53,12.17,18.48,6.81,31.44,16.89,13.68,13.55,11.04,14.86,6.74,18.41,15.04,13.95,21.79,15.78,6.81,11.22,14.9,16.03,8.31,6.7,17.24,14.39,8.43,5.35,11.34,8.64,5.86,7.03,12.68,4.51,13.27,16.24,13.72,13.04,14.61,15.09,11.98,13.1,10.77,13.82,14.56,15.52,29.78,12.2,9.97,11.52,13.92,11.03,6.78,1.96,2.42,9.08,39.42,26.97,33.63,26.91,28.08,34.82,29.64,29.3,32.42,33.06,32.76,40.17,41.21,33.83,39.04,41.46,39.64,41.36,39.5,41.25,48.97,38.36,33.77,40.08,37.36,34.14,35.87,39.41,37.58,22.14,21.7,19.66,23.92,18.01,18.77,29.79,30.35,18.29,28.25,37.12,35.05,37.41,38.37,23.6,23.45,40.48,30.85,37.5,35.99,41.75,35.79,40.81,29.59,27.95,33.47,24.32,18.43,16.45,24.13,17.7,32.02,21.0,20.1,23.04,17.01,22.11,21.93,23.62,30.38,24.2,27.29,17.02,20.46,30.48,21.12,20.08,23.36,19.7,16.61,19.33,19.96,18.95,20.69,15.3,17.13,14.84,16.37,17.13,17.36,11.82,10.26,6.1,7.88,6.82,14.43,8.49,15.43,5.8,7.12,16.46,14.11,13.8,15.54,15.55,10.43,8.72,9.19,13.29,12.93,8.93,10.39,7.85,23.4,27.89,32.62,26.42,9.57,7.36,23.69,16.25,21.84,25.48,27.89,24.86,13.31,4.06,17.26,10.52,14.97,15.46,22.3,21.38,27.11,29.31,28.89,11.93,14.69,23.07,24.78,23.32,20.68,25.9,30.13,8.91,21.69,22.71,26.67,17.41,21.48,15.52,8.1,11.59,27.89,11.65,14.29,16.87,27.17,22.57,14.94,16.71,25.25,23.96,12.55,17.95,16.95,17.25,20.41,20.96,18.98,19.35,27.01,16.18,28.47,18.9,17.06,18.9,28.84,31.29,19.03,25.37,26.61,18.27,29.43,28.5,23.55,31.86,21.7,23.68,18.5,20.9,27.62,18.9,30.66,31.32,30.22,19.95,46.64,44.21
27.21,25.71,24.74,31.52,19.55,17.47,24.77,30.92,30.0,23.99,21.89,32.47,0.0,34.2,31.2,6.86,24.41,35.13,31.89,22.02,17.84,12.93,24.56,2.5,2.3,18.26,25.62,18.18,20.69,23.0,28.24,16.59,18.78,30.14,19.49,23.54,18.06,37.58,24.87,19.73,32.33,33.55,7.88,28.67,24.38,31.25,23.12,23.8,21.14,15.73,26.8,1.33,19.7,21.57,22.52,21.28,20.66,29.52,14.26,20.96,18.41,14.23,19.54,24.99,22.22,18.03,15.54,25.91,26.69,14.7,19.08,23.59,28.43,22.92,24.61,27.92,29.82,19.57,27.35,19.07,17.68,18.03,22.01,18.27,18.93,21.58,17.81,19.14,17.61,17.14,38.18,52.44,34.86,32.64,34.19,36.59,33.69,32.78,32.94,32.13,35.08,9.78,7.07,2.67,8.32,6.97,2.8,4.08,10.34,1.77,2.11,3.13,41.42,40.17,34.25,40.29,42.71,38.6,40.31,40.75,42.5,50.22,35.54,34.19,41.33,38.1,34.56,37.66,36.11,38.51,16.66,18.9,17.55,18.44,17.06,16.66,26.99,27.55,17.35,25.45,34.33,32.25,34.62,35.57,20.81,15.24,37.68,28.05,34.71,33.19,38.95,32.99,38.01,26.8,22.47,30.67,13.95,14.28,16.87,9.6,13.38,6.85,13.01,10.89,11.16,14.7,8.88,12.0,9.6,5.13,11.13,7.75,14.91,13.73,8.29,9.94,9.24,12.45,20.12,20.53,19.75,19.01,19.37,21.11,18.0,16.53,17.39,18.05,22.07,16.86,22.81,22.41,28.88,30.67,29.6,23.4,24.84,24.4,26.79,24.58,24.62,22.27,21.96,23.7,23.72,26.07,27.07,25.08,25.63,24.57,31.01,23.49,29.92,23.82,28.31,33.04,26.84,32.23,30.14,24.11,38.91,22.26,25.89,28.31,25.28,35.98,29.35,39.92,33.19,37.63,38.12,22.71,21.8,27.53,29.73,29.31,24.95,37.35,23.49,25.2,23.74,21.09,26.32,30.55,24.19,22.1,23.13,27.09,25.57,15.62,20.6,23.6,20.62,6.17,23.3,22.46,18.33,6.55,12.91,18.99,20.0,15.59,14.29,19.15,16.24,21.18,25.42,14.37,15.57,15.2,17.71,17.35,21.12,22.61,19.16,20.28,19.82,19.17,21.62,22.83,19.5,20.23,26.43,23.57,22.64,17.69,14.97,22.94,17.82,23.2,24.7,21.75,20.22,20.99,21.65,20.55,23.76,53.46,52.47
11.76,13.0,10.49,7.25,20.22,21.61,12.07,2.63,2.48,10.12,15.73,8.2,34.2,0.0,7.64,33.36,10.44,14.9,4.1,27.16,17.08,18.63,16.02,34.57,32.61,19.29,17.08,13.52,18.18,15.81,7.89,15.82,19.7,4.72,13.22,10.17,19.89,41.06,8.34,17.22,2.37,1.2,25.55,6.23,15.83,2.94,16.58,11.96,14.6,18.13,7.14,33.87,16.54,16.11,15.98,10.7,14.52,9.17,18.07,14.7,12.82,24.22,15.43,7.14,10.87,17.33,18.47,9.37,7.04,16.9,14.04,8.76,3.62,9.96,8.97,5.48,9.46,12.33,4.84,12.93,18.68,16.16,15.47,13.47,14.74,14.41,15.53,11.01,12.69,16.99,17.95,32.21,14.63,12.4,13.95,16.35,13.46,3.17,9.38,8.57,0.88,41.85,29.4,36.06,29.34,30.51,37.25,32.07,31.74,34.85,35.49,35.2,42.61,43.64,33.49,41.47,43.89,42.08,43.79,41.93,43.68,51.4,34.77,33.42,42.51,39.79,33.8,38.31,35.35,40.01,21.79,21.35,19.31,23.58,17.66,18.42,29.44,30.0,17.95,27.9,36.78,34.7,37.06,38.02,23.25,23.1,40.13,30.5,37.16,35.64,41.4,35.44,40.46,29.24,27.6,33.12,23.97,18.09,16.1,26.56,20.13,34.45,23.44,22.54,25.47,19.44,24.55,24.36,26.05,32.81,26.63,29.72,19.45,20.12,32.91,23.56,22.51,25.79,19.36,16.26,18.99,19.61,18.61,20.35,14.96,16.79,14.5,16.02,19.56,19.79,11.47,12.7,8.53,10.32,9.25,16.86,8.82,13.37,6.13,6.73,16.08,13.73,13.42,15.16,15.17,10.05,8.34,8.81,12.91,12.55,4.35,10.01,7.47,23.05,27.54,32.27,26.07,12.0,9.79,23.34,18.68,21.49,25.13,27.54,24.52,15.74,5.2,19.69,12.96,17.4,17.89,21.95,21.03,26.76,28.96,28.54,14.36,17.12,22.73,24.43,22.97,20.33,25.55,29.78,11.34,21.34,22.36,26.32,17.02,23.91,11.93,7.71,11.21,30.32,11.27,13.91,19.31,29.6,25.0,14.56,13.04,27.69,26.39,12.17,20.38,14.23,16.87,22.84,23.39,21.42,13.62,29.45,18.61,30.9,18.52,16.68,18.52,31.27,33.72,18.64,27.8,29.04,17.89,31.86,30.94,25.98,34.29,21.32,19.14,18.12,20.52,20.93,18.51,33.09,33.75,32.65,19.57,49.08,46.64
11.56,12.8,10.3,1.17,17.22,21.04,11.87,7.81,6.5,13.12,15.17,1.49,31.2,7.64,0.0,30.36,8.81,5.04,9.25,26.94,16.86,18.41,15.83,31.57,29.61,16.3,16.89,13.3,15.18,12.82,4.89,15.6,19.48,3.58,13.0,7.17,19.67,38.06,8.12,14.22,5.77,6.99,22.56,6.04,15.65,4.69,13.58,8.97,11.6,17.91,6.25,30.87,16.32,13.11,12.98,10.48,14.3,6.17,17.85,14.48,13.39,21.22,15.21,6.24,10.66,14.33,15.47,7.74,6.14,16.68,13.82,7.86,4.79,10.78,8.07,5.29,6.47,12.11,3.94,12.71,15.68,13.16,12.48,14.04,14.52,11.42,12.54,10.2,13.26,14.0,14.96,29.21,11.63,9.41,10.96,13.36,10.46,6.22,1.93,0.93,8.52,38.85,26.4,33.06,26.34,27.51,34.25,29.08,28.74,31.85,32.5,32.2,39.61,40.65,33.27,38.48,40.9,39.08,40.79,38.94,40.68,48.41,37.79,33.2,39.52,36.79,33.58,35.31,38.84,37.01,21.57,21.13,19.09,23.36,17.44,18.21,29.22,29.78,17.73,27.68,36.56,34.48,36.85,37.8,23.04,22.88,39.91,30.29,36.94,35.42,41.19,35.22,40.24,29.03,27.38,32.9,23.75,17.87,15.88,23.56,17.14,31.46,20.44,19.54,22.48,16.44,21.55,21.37,23.05,29.81,23.63,26.72,16.45,19.9,29.91,20.56,19.51,22.79,19.14,16.05,18.77,19.39,18.39,20.13,14.74,16.57,14.28,15.8,16.56,16.79,11.25,9.7,5.53,7.32,6.25,13.86,7.93,14.87,5.24,6.55,15.89,13.54,13.24,14.98,14.99,9.86,8.16,8.62,12.72,12.36,8.37,9.82,7.29,22.84,27.32,32.05,25.85,9.0,6.79,23.13,15.68,21.28,24.91,27.33,24.3,12.75,3.49,16.69,9.96,14.4,14.89,21.73,20.82,26.54,28.75,28.33,11.37,14.12,22.51,24.22,22.76,20.11,25.34,29.56,8.34,21.12,22.14,26.11,16.84,20.92,14.96,7.53,11.02,27.32,11.09,13.73,16.31,26.61,22.01,14.38,16.14,24.69,23.39,11.98,17.39,16.38,16.69,19.84,20.39,18.42,18.79,26.45,15.62,27.9,18.33,16.5,18.34,28.27,30.73,18.46,24.8,26.05,17.7,28.87,27.94,22.99,31.3,21.14,23.12,17.93,20.33,27.05,18.33,30.09,30.75,29.65,19.39,46.08,43.65
25.66,24.16,23.19,29.97,12.69,13.86,23.23,29.38,28.45,22.44,15.03,30.93,6.86,33.36,30.36,0.0,13.79,33.59,30.34,18.5,10.98,6.07,23.01,7.22,7.02,11.4,24.08,11.31,12.41,14.37,26.69,9.72,12.24,28.6,12.62,16.67,12.43,30.71,16.47,12.02,30.78,32.0,1.01,27.12,22.83,29.71,15.11,16.94,13.13,8.87,15.34,6.05,12.84,12.71,14.51,14.41,13.8,17.77,7.39,14.1,11.55,12.68,12.67,23.44,15.35,11.16,8.68,14.41,25.15,7.83,12.22,13.74,26.88,13.07,14.76,26.37,18.39,12.71,25.8,12.21,10.82,11.17,14.0,11.41,12.06,12.17,10.95,12.28,10.74,10.28,36.64,50.89,33.31,31.09,32.64,35.04,32.14,31.23,31.4,30.58,33.53,14.5,11.56,8.02,11.5,12.67,9.21,10.4,13.9,6.96,7.45,7.85,34.56,33.3,27.39,33.43,35.85,31.74,33.45,33.89,35.63,43.36,28.68,27.33,34.47,31.24,27.7,30.8,29.25,31.65,13.13,13.89,10.68,14.92,10.2,9.8,21.98,22.54,10.49,20.44,29.32,27.24,29.61,30.56,15.8,11.72,32.67,23.04,29.7,28.18,33.94,27.98,33.0,21.79,18.94,25.66,10.43,7.41,10.0,8.72,6.52,1.09,5.6,4.03,7.63,7.84,2.02,6.52,2.74,2.88,8.79,3.64,8.04,6.41,1.43,3.07,2.38,7.95,13.26,13.67,12.89,12.15,12.51,14.25,11.14,9.67,10.52,11.19,14.36,10.0,15.95,15.55,27.34,18.25,28.06,15.38,14.99,16.39,25.25,23.04,23.07,20.73,20.42,22.16,22.17,24.52,25.52,23.53,24.08,23.02,29.46,21.95,28.37,16.96,21.44,26.17,19.97,30.69,28.59,17.25,37.36,15.4,19.03,21.45,18.42,34.43,27.8,38.38,31.64,36.09,36.57,15.85,14.94,20.67,22.87,22.45,18.09,35.81,16.63,18.34,16.88,14.23,19.46,23.68,17.32,15.24,16.26,20.23,24.02,14.07,19.05,22.06,19.07,6.81,21.75,20.91,16.78,5.54,11.36,17.45,18.45,14.04,12.74,17.61,14.69,19.64,23.87,12.82,14.02,13.66,16.16,15.8,13.41,21.06,17.62,18.74,18.27,17.62,20.08,21.28,17.96,18.69,24.88,22.02,21.09,16.14,20.65,21.39,16.27,21.65,23.15,20.21,18.67,19.44,20.1,19.0,22.21,46.6,45.61
10.48,13.65,9.22,8.42,7.46,14.85,12.72,8.72,7.79,5.2,8.98,9.37,24.41,10.44,8.81,13.79,0.0,13.79,10.12,20.51,10.43,11.98,12.59,23.98,22.03,6.26,13.65,6.87,6.17,5.23,5.14,9.17,13.05,7.6,6.57,5.54,13.24,30.16,2.42,5.22,9.78,11.0,12.51,6.91,12.4,8.71,5.97,5.81,3.99,11.48,3.92,23.29,9.89,4.1,5.37,4.05,6.0,4.77,11.42,8.05,3.49,13.64,8.78,3.23,4.22,4.69,5.43,1.06,4.93,10.24,7.39,2.32,6.66,1.45,3.34,6.16,5.74,2.8,5.58,6.28,5.2,4.15,4.86,4.14,4.38,3.03,3.0,1.68,3.36,4.16,16.84,31.1,13.52,11.29,12.84,15.24,12.35,10.24,10.4,9.59,12.54,31.27,16.36,25.48,16.3,17.47,21.09,19.03,18.7,24.27,24.91,24.61,34.01,32.75,26.83,32.87,35.29,31.18,32.89,33.33,35.08,42.81,28.12,26.77,33.91,30.68,27.14,30.24,28.69,31.09,15.14,14.7,12.66,16.93,11.01,11.77,22.79,23.35,11.3,21.25,30.13,28.05,30.41,31.37,16.6,16.45,33.48,23.85,30.51,28.99,34.75,28.79,33.81,22.59,20.95,26.47,17.32,11.44,9.45,13.52,7.09,14.62,10.4,9.5,12.43,6.4,11.51,11.32,13.01,16.41,13.59,19.14,6.41,11.21,14.68,10.52,9.47,12.75,12.71,9.61,12.34,12.96,11.95,13.7,5.52,6.22,7.84,5.69,7.56,6.75,4.82,6.54,6.32,7.12,7.04,6.25,3.57,7.25,5.03,7.42,12.65,10.3,9.99,11.73,11.74,10.73,9.03,9.49,13.66,12.6,9.24,9.97,8.15,16.4,20.89,25.62,19.42,10.89,7.58,16.69,17.57,14.84,18.48,20.89,17.87,14.63,6.8,18.58,11.85,16.29,16.78,15.3,14.38,20.11,22.31,21.89,8.21,16.01,16.07,17.78,16.32,13.68,18.9,23.13,6.19,14.69,15.71,19.67,13.59,13.33,7.34,8.4,8.64,19.74,11.32,10.48,8.72,19.02,14.42,12.49,8.53,17.1,15.81,8.74,9.8,8.77,13.44,12.26,12.81,10.83,11.2,18.86,6.61,20.32,15.09,13.25,15.09,20.69,23.14,15.21,17.22,18.46,14.46,21.28,20.35,15.4,23.71,17.89,15.53,14.69,17.09,19.47,15.08,22.51,23.17,22.07,16.14,47.97,45.54
18.82,20.06,17.56,11.51,21.15,24.97,19.13,15.07,13.76,17.05,19.1,6.53,35.13,14.9,5.04,33.59,13.79,0.0,16.91,30.45,20.37,21.92,23.71,35.08,33.12,19.81,24.77,16.81,18.69,16.33,8.67,19.11,22.99,11.24,16.52,10.95,23.18,31.82,11.63,17.73,13.42,14.65,26.07,13.7,23.52,12.35,17.09,12.75,15.11,21.42,14.13,34.38,19.83,16.62,16.49,13.99,17.81,9.96,21.36,17.99,16.9,24.73,18.72,12.32,14.17,17.84,18.98,12.67,14.02,20.19,17.33,15.16,12.45,14.29,15.96,12.95,9.0,15.62,11.6,16.22,19.19,16.67,15.99,17.55,18.03,14.93,16.05,15.13,16.77,17.51,8.57,22.97,2.62,2.8,1.95,4.37,2.86,13.88,6.96,4.11,16.18,42.36,29.91,36.57,29.85,31.02,37.76,32.59,32.25,35.36,36.01,35.71,33.37,34.4,36.12,32.23,34.65,32.84,34.55,32.69,34.44,42.17,31.55,34.33,33.27,30.55,32.04,29.07,32.6,30.77,25.08,24.64,22.6,26.87,20.95,21.72,32.73,33.29,21.24,31.2,40.07,37.99,40.36,41.31,26.55,26.39,43.42,33.8,40.45,38.93,44.7,38.73,43.75,32.54,30.89,36.41,27.26,21.38,19.39,27.07,20.65,34.97,23.95,23.05,25.99,19.95,25.06,24.88,26.56,33.32,27.14,30.23,19.96,23.41,33.42,24.07,23.02,26.3,22.65,19.56,22.28,22.9,21.9,23.64,18.25,20.08,17.79,19.32,20.07,20.3,14.76,13.48,6.91,9.85,8.58,17.37,15.81,18.38,12.9,14.21,23.77,21.42,21.11,22.85,22.87,17.52,15.82,16.28,20.38,20.02,16.03,17.48,14.95,26.35,30.83,29.58,29.36,6.8,6.68,26.64,9.29,24.79,28.42,30.84,27.81,10.55,10.44,10.31,5.54,12.2,4.64,25.24,24.33,30.06,32.26,18.44,15.15,11.92,26.02,27.73,26.27,23.62,28.85,33.07,10.88,24.63,25.65,29.62,24.72,24.43,18.47,15.19,19.76,30.84,18.75,21.61,19.82,30.12,25.52,23.59,19.65,28.2,26.9,19.86,20.9,19.89,24.57,23.35,23.9,21.93,22.3,29.96,19.13,31.41,26.21,24.37,26.22,31.78,34.24,26.34,28.31,29.56,25.58,32.38,31.45,26.5,34.81,29.02,26.63,25.81,28.21,30.56,26.21,33.6,34.26,33.16,27.27,39.84,37.41
11.64,12.88,10.38,8.86,17.9,21.31,11.95,1.44,2.75,9.37,15.43,9.81,31.89,4.1,9.25,30.34,10.12,16.91,0.0,26.88,16.8,18.35,15.9,32.03,30.07,16.75,16.96,13.24,15.64,13.27,9.49,15.54,19.42,6.33,12.95,11.78,19.61,42.66,8.06,14.68,3.98,3.42,23.01,6.11,15.72,4.55,13.37,13.57,12.06,17.85,6.86,31.33,16.26,13.57,13.44,10.42,14.24,10.78,17.79,14.42,12.54,18.8,15.15,6.86,10.6,14.79,15.93,9.1,6.76,16.62,13.76,8.48,3.51,9.68,8.69,5.36,11.07,12.05,4.82,12.65,16.14,13.62,12.93,13.19,14.46,11.87,12.99,10.73,12.41,14.45,19.56,33.82,16.24,14.01,15.56,17.96,15.07,4.78,10.99,10.18,4.96,39.31,26.86,33.52,26.8,27.97,34.71,29.53,29.2,32.31,32.95,32.66,44.22,45.25,33.21,43.08,45.5,43.69,45.4,43.54,45.29,53.01,34.5,33.15,44.12,41.4,33.52,39.91,35.07,41.62,21.51,21.07,19.03,23.3,17.38,18.15,29.16,29.72,17.67,27.63,36.5,34.42,36.79,37.74,22.98,22.82,39.85,30.23,36.88,35.36,41.13,35.16,40.18,28.97,27.32,32.84,23.69,17.81,15.82,24.02,17.59,31.91,20.9,20.0,22.93,16.9,22.01,21.82,23.51,30.27,24.09,27.18,16.91,19.84,30.37,21.02,19.97,23.25,19.08,15.99,18.71,19.33,18.33,20.07,14.68,16.51,14.22,15.75,17.02,17.25,11.19,14.31,10.14,11.92,10.86,12.18,8.55,13.25,5.86,6.62,15.96,13.61,13.3,15.05,15.06,9.93,8.23,8.69,12.79,12.43,3.51,9.89,7.36,22.78,27.26,31.99,25.79,13.61,11.4,23.07,20.29,21.22,24.85,27.27,24.24,17.35,6.81,21.3,14.56,19.01,19.5,21.67,20.76,26.49,28.69,28.27,15.97,18.73,22.45,24.16,22.7,20.05,25.28,29.5,12.95,21.06,22.08,26.05,16.91,18.5,11.82,7.6,11.09,27.78,11.16,13.8,16.77,27.06,22.46,14.45,12.93,20.32,23.85,12.05,14.97,14.11,16.76,17.43,17.98,16.0,13.5,22.07,16.07,25.49,18.4,16.56,18.41,23.9,26.35,18.53,22.38,23.63,17.77,26.45,25.52,20.57,26.92,21.21,19.03,18.0,20.4,20.82,18.4,25.72,26.38,25.28,19.46,50.69,48.25
29.27,32.96,28.0,26.55,22.46,7.14,32.03,25.44,24.51,25.62,17.69,27.51,22.02,27.16,26.94,18.5,20.51,30.45,26.88,0.0,13.71,12.52,31.8,23.97,23.77,21.28,32.86,14.04,20.39,24.42,23.68,12.08,8.45,25.59,15.35,19.4,7.73,33.44,19.2,20.0,25.34,26.56,17.4,23.7,31.62,24.27,25.19,19.67,23.21,9.78,21.83,22.81,15.57,20.69,24.59,17.14,16.53,20.5,11.96,16.83,16.8,32.82,15.4,20.02,18.08,19.14,18.55,19.39,21.72,11.32,14.95,21.88,23.45,21.01,22.91,22.95,21.12,19.39,22.37,14.94,16.56,19.15,24.08,15.69,16.76,23.02,18.27,17.85,16.62,17.26,33.63,47.89,30.31,28.08,29.63,32.03,29.14,25.79,28.39,27.58,28.09,27.77,15.27,20.32,15.21,16.38,19.99,17.94,9.65,22.59,21.52,24.07,37.29,36.03,30.12,36.16,38.58,34.47,36.18,36.62,38.36,46.09,31.41,30.06,37.2,33.97,30.43,33.53,31.98,34.38,5.37,8.57,10.23,5.94,10.63,9.35,16.66,17.22,9.46,15.12,24.0,21.92,24.29,25.24,10.47,7.64,27.35,17.72,24.38,22.86,28.62,22.66,27.68,16.46,0.94,20.34,8.51,11.98,12.73,12.43,16.4,19.51,13.2,14.38,10.87,17.71,16.39,12.18,17.89,21.29,12.5,21.77,17.92,13.91,19.56,15.4,20.01,12.63,15.99,16.4,15.62,12.58,15.24,16.98,14.77,13.3,13.25,14.82,22.34,19.88,18.68,18.28,24.33,20.98,25.05,25.46,23.14,26.47,21.82,24.21,31.86,29.52,29.21,30.95,30.96,27.52,25.82,26.28,32.87,31.81,26.03,27.48,24.94,19.69,24.17,28.9,22.7,27.68,25.59,19.98,34.36,18.13,21.76,24.18,21.15,31.42,24.79,35.37,28.63,33.08,33.57,18.58,17.67,23.4,25.6,25.18,20.82,32.8,19.36,21.07,19.61,16.96,22.19,26.41,20.05,17.97,18.99,22.96,32.81,32.52,26.56,25.19,27.86,24.94,30.54,29.7,27.91,23.68,33.61,31.68,27.74,36.29,34.99,27.95,28.99,27.99,32.66,31.45,32.0,30.02,30.39,38.05,21.39,39.51,34.3,32.47,34.31,39.87,42.33,34.43,36.4,37.65,33.67,40.47,39.54,34.59,42.9,37.11,34.72,33.9,36.3,38.65,34.3,41.69,42.35,41.25,35.36,49.33,48.34
19.19,22.88,17.92,16.47,11.68,8.1,21.95,15.36,14.43,15.53,3.15,17.42,17.84,17.08,16.86,10.98,10.43,20.37,16.8,13.71,0.0,5.12,21.78,18.2,18.0,10.46,22.84,4.02,10.37,14.39,13.66,2.31,6.19,15.57,5.33,9.38,6.38,19.74,9.18,9.98,15.32,16.54,9.97,13.67,21.59,14.25,15.16,6.37,13.18,4.62,11.8,17.04,1.86,10.66,14.56,7.12,6.5,10.47,4.56,3.79,6.77,22.8,1.69,9.99,8.06,9.12,8.51,9.37,11.69,3.39,4.92,11.86,13.43,10.99,12.88,12.92,11.09,9.36,12.35,4.91,6.54,9.12,14.06,5.66,6.73,12.99,8.24,7.82,6.6,7.24,23.61,30.03,20.28,18.06,19.61,22.01,19.11,15.77,18.37,17.55,18.07,25.49,13.82,18.87,13.76,14.93,18.55,16.49,16.16,17.94,18.44,18.83,23.58,22.32,16.41,22.45,24.87,20.76,22.47,22.91,24.65,32.38,17.7,16.35,23.49,20.26,16.72,19.82,18.27,20.67,8.28,7.84,5.8,10.07,4.15,4.92,15.93,16.49,4.44,14.39,23.27,21.19,23.56,24.51,9.75,9.59,26.62,16.99,23.65,22.13,27.89,21.93,26.95,15.74,14.09,19.61,10.46,4.58,0.98,10.98,8.97,12.08,7.86,6.96,9.89,9.48,8.97,8.78,10.47,13.87,11.05,14.34,9.49,6.61,12.14,7.98,12.59,10.21,2.28,2.69,1.91,6.1,1.53,3.27,4.75,3.28,3.23,4.8,12.32,9.83,8.65,5.24,14.31,10.96,15.02,15.44,13.11,16.45,11.8,14.18,21.84,19.49,19.18,20.92,20.93,17.5,15.79,16.26,22.85,21.79,16.01,17.46,14.92,5.98,10.46,15.19,8.99,17.66,15.56,6.27,24.33,4.42,8.05,10.47,7.44,21.4,14.77,25.34,18.61,23.05,23.54,4.87,3.96,9.69,11.89,11.47,7.78,22.77,5.65,7.36,5.9,3.25,8.48,12.7,10.03,4.26,5.28,9.25,22.79,22.49,16.54,15.16,17.83,17.52,20.51,19.67,17.89,16.25,23.58,21.65,17.72,26.27,24.97,17.93,18.96,17.96,22.63,21.42,21.97,20.0,20.37,28.03,11.37,29.48,24.28,22.44,24.28,29.85,32.3,24.41,26.38,27.62,23.65,30.44,29.52,24.56,32.87,27.08,24.7,23.88,26.28,28.63,24.28,31.67,32.33,31.23,25.34,35.62,34.63
19.77,20.31,19.35,18.02,10.03,6.91,19.38,16.91,15.98,12.97,9.16,18.98,12.93,18.63,18.41,6.07,11.98,21.92,18.35,12.52,5.12,0.0,19.26,13.29,13.09,8.94,20.33,5.45,9.95,11.91,15.09,3.86,6.38,17.0,6.76,10.81,6.57,24.85,10.61,9.56,16.75,17.97,5.06,15.11,19.08,15.68,12.65,11.08,10.67,3.0,13.23,12.13,6.98,10.25,12.05,8.55,7.94,11.91,1.53,8.23,7.3,18.48,6.81,11.42,9.49,8.7,6.22,10.8,13.13,1.97,6.36,11.28,14.86,10.61,12.3,14.36,12.53,10.25,13.78,6.35,8.36,8.71,11.54,6.19,6.47,9.71,8.49,9.82,8.28,7.82,25.04,39.3,21.72,19.49,21.04,23.44,20.55,17.2,19.8,18.98,19.5,20.58,8.91,13.96,8.85,10.02,13.63,11.58,11.24,13.03,13.53,13.92,28.7,27.44,21.53,27.57,29.99,25.87,27.59,28.02,29.77,37.5,22.81,21.46,28.6,25.38,21.84,24.93,23.39,25.79,7.15,8.03,4.82,8.94,4.34,3.93,16.12,16.68,4.63,14.58,23.46,21.38,23.74,24.7,9.93,9.07,26.81,17.18,23.84,22.32,28.08,22.12,27.14,15.92,12.96,19.8,7.78,1.55,4.14,6.07,4.06,7.17,2.94,2.04,4.98,5.38,4.06,3.87,5.56,8.95,6.14,9.43,5.58,1.49,7.23,3.06,7.67,5.3,7.4,7.81,7.03,6.29,6.65,8.39,5.27,3.81,4.66,5.32,11.9,7.54,10.09,9.69,15.74,12.39,16.46,12.92,12.54,13.93,13.23,15.62,19.32,16.98,16.67,18.41,18.42,18.11,17.22,16.87,20.33,19.27,17.44,16.65,16.35,11.1,15.58,20.31,14.11,19.09,16.99,11.39,25.77,9.54,13.17,15.59,12.56,22.83,16.2,26.78,20.04,24.49,24.98,9.99,9.08,14.8,17.0,16.59,12.23,24.21,10.77,12.48,11.01,8.37,13.6,17.82,11.46,9.38,10.4,14.36,20.27,17.67,14.02,15.4,15.32,12.6,18.0,17.16,13.06,11.34,17.15,16.83,15.2,19.84,18.54,15.41,14.14,15.45,20.12,16.6,17.15,15.17,15.54,21.59,10.95,24.66,21.76,19.93,21.77,23.42,25.87,21.89,21.55,24.48,21.13,25.62,24.69,19.74,26.44,24.57,19.87,21.36,23.77,23.81,21.76,25.24,25.9,24.8,22.82,40.74,39.75
11.92,10.42,9.45,15.44,15.72,26.2,9.49,14.46,13.53,8.95,20.32,16.4,24.56,16.02,15.83,23.01,12.59,23.71,15.9,31.8,21.78,19.26,0.0,24.0,22.04,14.33,5.24,17.96,14.14,10.88,16.14,20.26,24.14,12.67,17.66,16.63,24.33,41.25,12.77,13.18,14.52,15.04,20.59,11.55,3.67,13.45,6.52,16.9,9.01,22.57,14.7,23.3,20.98,11.14,7.7,15.13,18.95,17.43,20.27,19.13,13.29,11.95,19.87,12.89,15.31,12.36,13.5,13.81,14.6,21.33,18.48,11.46,12.11,10.8,12.48,10.21,17.72,12.6,11.55,17.36,13.71,11.19,8.21,13.22,13.87,9.45,10.57,11.28,12.55,12.03,26.09,40.34,22.76,20.54,22.09,24.49,21.59,14.97,20.85,20.03,16.57,31.29,24.43,25.49,24.38,25.54,26.68,27.88,26.77,24.29,24.93,24.63,45.1,43.84,37.92,43.96,46.38,42.27,43.98,44.42,46.17,53.89,39.21,37.86,45.0,41.77,38.23,46.44,39.78,48.14,26.23,25.79,23.75,28.01,22.1,22.86,33.88,34.44,22.39,32.34,41.21,39.14,41.5,42.46,27.69,27.54,44.57,34.94,41.6,40.08,45.84,39.88,44.9,33.68,32.04,37.56,23.31,20.29,20.54,21.59,15.17,23.89,18.47,17.57,20.51,14.48,19.58,19.4,21.08,22.24,21.67,19.15,14.49,19.29,22.34,18.59,17.54,20.82,23.79,20.7,23.42,24.05,23.04,24.78,14.59,15.29,18.93,14.76,15.52,14.82,15.91,17.63,16.79,18.57,17.51,7.56,10.34,6.4,12.18,8.95,4.24,2.52,2.68,1.18,3.34,10.43,11.44,9.44,10.0,8.94,14.69,7.86,12.55,27.49,31.98,36.71,30.51,20.14,18.04,27.78,26.81,25.93,29.57,31.98,28.96,23.88,13.06,27.83,21.09,25.54,26.02,26.39,25.47,31.2,33.4,32.98,19.3,25.26,27.16,28.87,27.41,24.77,29.99,34.22,17.28,25.78,26.8,30.76,3.04,10.13,4.97,7.97,4.47,19.76,7.66,3.69,9.66,19.04,11.72,7.59,6.07,13.46,13.83,5.2,8.12,7.26,2.89,10.57,11.12,9.15,6.65,15.22,14.57,11.27,6.68,4.85,6.69,12.67,14.31,6.81,10.6,11.85,6.05,12.23,13.66,8.71,20.07,9.49,7.31,6.28,8.68,9.1,6.68,18.87,14.34,13.24,7.74,57.21,54.78
26.87,25.37,24.4,31.18,19.9,19.42,24.44,30.59,29.66,23.65,22.24,32.14,2.5,34.57,31.57,7.22,23.98,35.08,32.03,23.97,18.2,13.29,24.0,0.0,1.96,18.62,25.28,18.53,20.35,22.67,27.9,16.94,19.46,29.81,19.84,28.39,20.01,37.93,24.53,19.39,31.99,33.21,8.23,28.33,24.04,30.92,22.78,28.66,20.8,16.08,26.46,1.28,20.06,21.23,22.18,26.89,21.02,29.19,14.61,21.31,18.76,13.89,19.89,24.65,27.07,20.55,15.89,25.57,26.35,15.05,19.44,23.25,28.09,22.59,24.27,27.58,29.48,19.92,27.01,19.43,18.04,20.28,21.67,18.62,19.28,21.24,22.36,23.07,17.96,17.5,37.85,52.1,34.52,32.3,33.85,36.25,33.35,32.44,32.61,31.79,34.74,7.7,9.02,3.65,10.27,8.92,4.84,6.03,12.29,2.44,3.09,1.05,41.78,40.52,34.6,40.64,43.06,38.95,40.66,41.1,42.85,50.58,35.89,34.54,41.68,38.45,34.91,38.01,36.46,38.86,18.61,20.85,17.9,20.39,17.42,17.01,28.94,29.5,17.71,27.4,36.28,34.2,36.56,37.52,22.75,17.19,39.63,30.0,36.66,35.14,40.9,34.94,39.96,28.74,24.42,32.62,15.9,14.63,17.22,11.55,13.74,7.21,12.81,11.25,13.1,15.05,9.24,13.74,9.96,5.49,13.08,7.42,15.26,13.63,8.65,10.29,9.6,14.4,20.48,20.89,20.11,19.37,19.72,21.47,18.35,16.88,17.74,18.4,21.73,17.22,27.67,22.77,28.55,30.33,29.26,23.06,24.51,24.06,26.46,24.25,24.28,21.94,21.63,23.37,23.38,25.73,26.73,24.74,25.29,24.23,30.67,23.16,29.58,24.17,28.66,33.39,27.19,31.9,29.8,24.46,38.57,22.61,26.25,28.66,25.64,35.64,29.01,39.58,32.85,37.29,37.78,23.07,22.15,27.88,30.08,29.66,25.31,37.01,23.84,25.55,24.09,21.45,26.67,30.9,29.04,22.46,23.48,27.44,25.23,15.28,20.26,23.27,20.28,5.83,22.96,22.12,17.99,6.21,12.57,18.65,19.66,15.25,13.95,18.82,15.9,20.84,25.08,14.03,15.23,14.87,17.37,17.01,20.78,22.27,18.82,19.95,19.48,18.83,21.29,22.49,19.16,19.9,26.09,23.23,22.3,17.35,14.63,22.6,17.48,22.86,24.36,21.42,19.88,20.65,21.31,20.21,23.42,53.82,52.83
24.91,23.41,22.44,29.22,19.7,19.22,22.48,28.63,27.7,21.69,22.04,30.18,2.3,32.61,29.61,7.02,22.03,33.12,30.07,23.77,18.0,13.09,22.04,1.96,0.0,19.53,23.33,18.33,18.39,20.71,25.94,16.74,19.26,27.85,19.64,26.43,19.81,37.73,22.57,17.43,30.03,31.25,8.03,26.38,22.08,28.96,20.82,26.7,18.84,15.88,24.5,1.26,19.85,19.27,20.22,24.93,20.81,27.23,14.41,21.11,18.56,11.93,19.69,22.69,25.11,18.59,15.69,23.61,24.4,14.85,19.24,21.29,26.13,20.63,22.32,25.63,27.52,22.44,25.05,19.23,17.84,18.32,19.72,18.42,19.08,19.28,20.4,21.11,17.76,17.29,35.89,50.14,32.56,30.34,31.89,34.29,31.39,30.48,30.65,29.83,32.78,9.24,8.82,3.45,10.07,8.72,4.64,5.83,12.09,2.24,2.88,2.59,41.58,40.32,34.4,40.44,42.86,38.75,40.46,40.9,42.65,50.37,35.69,34.34,41.48,38.25,34.71,37.81,36.26,38.66,18.41,20.65,17.7,20.19,17.22,16.81,28.74,29.3,17.5,27.2,36.08,34.0,36.36,37.32,22.55,16.99,39.43,29.8,36.46,34.94,40.7,34.74,39.76,28.54,24.22,32.42,15.7,14.43,17.02,11.35,13.54,7.01,12.61,11.05,12.9,14.85,9.04,13.54,9.75,5.29,12.88,5.46,15.06,13.43,8.45,10.09,9.4,14.2,20.27,20.68,19.9,19.17,19.52,21.26,18.15,16.68,17.54,18.2,19.77,17.02,25.71,27.43,26.59,28.37,27.31,21.1,22.55,22.11,24.5,22.29,22.33,19.98,19.67,21.41,21.42,23.77,24.77,22.78,23.34,22.27,28.71,21.2,27.62,23.97,28.46,33.19,26.99,29.94,27.84,24.26,36.61,22.41,26.05,28.46,25.44,33.68,27.05,37.63,30.89,35.34,35.82,22.87,21.95,27.68,29.88,29.46,29.1,35.06,23.64,25.35,23.89,21.25,26.47,30.7,27.08,22.26,23.28,27.24,23.27,13.32,18.31,21.31,18.32,3.87,21.0,20.16,16.04,4.25,10.61,16.7,17.7,13.29,12.0,16.86,13.94,18.89,23.12,12.07,13.27,12.91,15.41,15.05,18.82,20.31,16.87,17.99,17.52,16.88,19.33,20.53,17.21,17.94,24.13,21.27,20.34,15.39,12.68,20.64,15.52,20.9,22.4,19.46,17.92,18.69,19.36,18.26,21.46,67.01,64.58
15.15,15.7,14.73,15.91,1.65,14.88,14.76,15.31,14.39,8.35,10.39,16.86,18.26,19.29,16.3,11.4,6.26,19.81,16.75,21.28,10.46,8.94,14.33,18.62,19.53,0.0,15.61,7.37,1.3,7.19,13.08,9.25,13.13,14.99,8.01,9.31,13.32,30.24,9.72,2.65,17.17,18.39,10.5,13.52,14.36,16.1,7.93,9.58,5.95,11.66,8.17,17.57,12.36,4.57,7.33,7.16,7.63,10.78,10.18,9.48,5.49,11.07,10.21,9.83,7.99,2.05,3.41,7.07,11.54,9.3,8.82,6.56,13.27,5.9,7.59,12.77,14.66,5.9,12.19,7.15,4.76,3.99,6.83,5.34,6.0,4.99,3.78,4.78,4.68,3.27,23.03,37.29,19.71,17.48,19.03,21.43,18.53,17.62,17.79,16.97,19.92,26.02,14.35,19.4,14.29,15.46,19.07,17.02,16.69,18.47,18.97,19.36,34.08,32.83,26.91,32.95,35.37,31.26,32.97,33.41,35.16,42.88,28.2,26.85,33.99,30.76,27.22,30.32,28.77,31.17,15.92,14.78,12.74,17.71,11.09,11.85,22.87,23.43,11.37,21.33,30.2,28.13,30.49,31.45,16.68,14.51,33.56,23.93,30.58,29.07,34.83,28.87,33.89,22.67,21.73,26.54,13.22,10.2,9.53,11.51,5.08,12.61,8.38,7.48,10.42,4.39,9.5,9.31,11.0,14.4,11.58,16.57,4.4,9.2,12.67,8.51,7.46,10.74,12.78,11.05,12.41,13.04,12.03,13.77,6.72,7.42,9.28,5.37,4.99,4.74,8.58,10.93,13.73,10.88,14.45,8.21,7.82,9.22,11.64,11.66,14.61,12.26,11.95,13.69,13.7,13.4,14.15,12.16,15.62,14.56,15.85,11.93,14.76,16.48,20.97,25.7,19.5,17.08,14.98,16.77,23.76,14.92,18.55,20.97,17.94,20.82,14.19,24.77,18.03,22.48,22.97,15.37,14.46,20.19,22.39,21.97,11.98,22.2,16.15,17.86,16.4,13.75,18.98,23.21,9.96,14.76,15.79,19.75,15.56,10.76,9.31,10.68,10.6,17.18,13.28,12.44,6.15,16.46,11.86,9.92,10.49,12.58,13.24,10.08,7.23,10.73,15.4,9.69,10.24,8.26,8.63,14.34,4.04,17.75,14.31,15.21,14.96,16.16,18.61,17.18,14.64,15.89,16.42,18.71,17.78,12.83,19.19,18.08,12.96,16.65,19.05,16.9,17.05,17.98,18.64,17.54,18.11,54.15,51.72
12.98,11.48,10.51,16.51,16.78,27.26,10.55,15.52,14.6,10.01,21.38,17.46,25.62,17.08,16.89,24.08,13.65,24.77,16.96,32.86,22.84,20.33,5.24,25.28,23.33,15.61,0.0,19.28,15.46,12.2,17.46,21.58,25.46,13.99,18.98,17.95,25.65,42.57,14.1,14.51,15.84,16.36,21.91,12.87,2.44,14.77,7.84,18.22,10.33,23.89,16.03,24.63,22.3,12.47,9.02,16.46,20.28,18.75,21.59,20.46,14.62,10.89,21.19,14.22,16.64,13.69,14.82,15.14,15.92,22.66,19.8,12.78,13.44,12.12,13.81,11.53,19.04,13.93,12.87,18.69,15.03,12.52,9.53,14.54,15.2,10.77,11.89,12.61,13.88,13.35,27.41,41.67,24.09,21.86,23.41,25.81,22.92,16.29,22.17,21.36,17.89,32.61,25.76,26.82,25.7,26.87,28.01,29.2,28.1,25.61,26.25,25.95,46.42,45.16,39.25,45.29,47.71,43.6,45.31,45.75,47.49,55.22,40.53,39.18,46.32,43.1,39.56,47.76,41.11,49.47,27.55,27.11,25.07,29.34,23.42,24.19,35.2,35.76,23.71,33.66,42.54,40.46,42.83,43.78,29.02,28.86,45.89,36.26,42.92,41.4,47.16,41.2,46.22,35.01,33.36,38.88,24.63,21.61,21.86,22.92,16.49,25.21,19.79,18.89,21.83,15.8,20.91,20.72,22.41,23.57,22.99,20.48,15.81,20.61,23.67,19.91,18.87,22.15,25.12,22.03,24.75,25.37,24.37,26.11,15.92,16.61,20.26,16.09,16.85,16.15,17.23,18.96,18.11,19.89,18.83,8.89,11.66,7.72,13.5,10.27,1.52,3.84,4.52,4.39,2.17,11.76,12.76,10.77,11.32,10.26,16.02,9.18,13.87,28.82,33.3,38.03,31.83,21.46,19.37,29.11,28.14,27.26,30.89,33.31,30.28,25.2,14.38,29.15,22.41,26.86,27.35,27.71,26.8,32.52,34.73,34.31,20.62,26.58,28.49,30.2,28.73,26.09,31.32,35.54,18.61,27.1,28.12,32.08,6.25,8.96,6.29,9.29,5.79,21.08,8.99,5.02,10.98,20.36,13.05,8.92,7.4,14.79,15.16,6.52,9.44,8.58,6.1,11.9,9.58,10.47,7.97,16.55,15.9,10.1,5.51,3.68,5.52,11.5,13.14,5.64,9.43,10.68,3.33,11.06,12.49,7.54,18.42,8.32,6.14,3.56,7.51,7.93,5.51,17.21,13.17,12.07,6.57,58.54,56.1
15.63,19.32,14.36,12.91,8.55,8.43,18.39,11.8,10.87,11.97,4.05,13.86,18.18,13.52,13.3,11.31,6.87,16.81,13.24,14.04,4.02,5.45,17.96,18.53,18.33,7.37,19.28,0.0,7.27,10.78,10.05,2.71,6.59,11.95,1.71,5.76,6.78,23.7,5.57,6.88,11.7,12.92,10.37,10.06,17.98,10.63,11.55,6.03,9.57,5.01,8.19,17.43,5.82,11.08,10.95,3.5,2.89,6.86,4.95,3.19,3.19,19.19,3.92,6.38,4.45,6.02,5.41,5.76,8.08,3.78,2.53,8.24,9.81,7.38,9.27,9.31,7.48,5.75,8.73,1.3,4.09,6.02,10.44,2.77,2.25,9.38,5.14,4.23,3.14,4.14,19.99,34.25,16.67,14.44,16.0,18.4,15.5,12.16,14.75,13.94,14.46,25.88,14.21,19.27,14.16,15.32,18.94,16.89,16.55,18.34,18.83,19.23,27.54,26.29,20.37,26.41,28.83,24.72,26.43,26.87,28.62,36.34,21.66,20.31,27.45,24.22,20.68,23.78,22.23,24.63,8.68,8.24,6.2,10.46,4.55,5.31,16.33,16.89,4.83,14.79,23.66,21.59,23.95,24.91,10.14,9.99,27.02,17.39,24.04,22.53,28.29,22.33,27.35,16.13,14.49,20.0,10.86,4.97,2.99,11.37,7.08,12.48,8.25,7.35,10.29,6.38,9.36,9.18,10.86,14.26,11.44,14.74,6.39,7.0,12.53,8.37,9.45,10.6,6.24,4.76,5.87,6.5,5.49,7.23,1.57,2.23,1.38,2.35,9.22,6.73,5.04,4.64,10.69,7.34,11.41,11.83,9.5,12.83,8.18,10.57,18.23,15.88,15.57,17.31,17.32,13.88,12.18,12.64,19.24,18.17,12.39,13.84,11.31,9.94,14.43,19.16,12.96,14.04,11.95,10.23,20.72,8.38,12.01,14.43,11.4,17.79,11.15,21.73,15.0,19.44,19.93,8.83,7.92,13.65,15.85,15.43,7.18,19.16,9.61,11.32,9.86,7.21,12.44,16.67,6.42,8.22,9.25,13.21,19.17,18.88,12.92,11.55,14.22,17.91,16.9,16.06,14.27,16.65,19.97,18.04,14.11,22.65,21.36,14.32,15.35,14.35,19.02,17.81,18.36,16.38,16.75,24.41,8.27,25.87,20.67,18.83,20.67,26.24,28.69,20.79,22.77,24.01,20.03,26.83,25.9,20.95,29.26,23.47,21.08,20.27,22.67,25.02,20.66,28.06,28.72,27.62,21.72,39.58,38.59
14.04,15.51,14.54,14.79,2.95,14.78,14.58,14.2,13.27,7.23,10.29,15.75,20.69,18.18,15.18,12.41,6.17,18.69,15.64,20.39,10.37,9.95,14.14,20.35,18.39,1.3,15.46,7.27,0.0,6.08,11.97,9.13,13.01,13.87,7.89,8.9,13.2,30.13,8.6,1.51,16.06,17.28,11.52,12.4,14.16,14.99,6.82,9.16,4.84,11.44,7.05,19.59,12.25,3.43,6.22,6.75,7.52,13.25,11.2,9.37,5.37,9.93,10.1,8.72,7.58,1.58,4.43,7.05,10.42,9.19,8.71,5.45,12.16,4.79,6.47,11.65,13.55,5.49,11.08,7.03,4.64,1.84,5.71,5.23,5.89,3.88,3.33,4.37,4.57,3.2,21.92,36.17,18.59,16.37,17.92,20.32,17.42,16.51,16.68,15.86,18.81,27.57,15.37,21.78,15.31,16.48,20.09,18.04,17.71,20.57,21.21,20.91,33.97,32.71,26.8,32.84,35.26,31.15,32.86,33.3,35.04,42.77,28.09,26.74,33.88,30.65,27.11,30.21,28.66,31.06,15.11,14.67,12.63,16.89,10.97,11.74,22.75,23.32,11.26,21.22,30.09,28.01,30.38,31.33,16.57,15.53,33.45,23.82,30.47,28.95,34.72,28.75,33.77,22.56,20.92,26.43,14.24,11.22,9.41,12.53,6.1,13.63,9.4,8.5,11.44,5.41,10.52,10.33,12.02,15.42,12.6,15.44,5.42,10.22,13.69,9.53,8.48,11.76,12.67,10.94,12.3,12.92,11.92,13.66,6.61,7.31,9.17,5.26,3.85,5.76,8.17,9.9,12.61,10.47,13.33,7.1,6.71,8.1,10.52,10.55,14.41,12.06,11.75,13.49,13.51,12.28,13.04,11.04,15.42,14.36,14.74,10.82,13.65,16.37,20.85,25.58,19.38,15.96,13.87,16.66,22.64,14.81,18.44,20.86,17.83,19.71,13.08,23.65,16.92,21.36,21.85,15.26,14.35,20.08,22.28,21.86,11.57,21.08,16.04,17.75,16.29,13.64,18.87,23.09,9.55,14.65,15.68,19.64,15.36,9.62,8.19,9.57,10.4,16.04,13.09,12.25,5.01,15.32,10.72,8.78,9.78,11.44,12.11,8.94,6.09,9.62,15.21,8.55,9.1,7.13,7.49,13.2,2.91,16.61,13.17,15.01,13.82,15.02,17.48,16.98,13.51,14.75,16.22,17.57,16.64,11.69,18.05,16.94,11.82,16.45,18.85,15.76,14.22,16.84,17.5,16.4,17.91,53.04,50.61
11.7,12.25,11.28,12.43,8.37,18.81,11.31,11.83,10.91,4.9,12.94,13.38,23.0,15.81,12.82,14.37,5.23,16.33,13.27,24.42,14.39,11.91,10.88,22.67,20.71,7.19,12.2,10.78,6.08,0.0,13.66,17.78,21.66,15.57,15.18,14.15,21.85,38.77,10.29,4.17,17.75,18.97,18.28,14.09,12.64,16.68,8.54,14.42,6.56,20.09,12.22,18.06,18.5,6.01,7.94,12.65,10.74,14.95,14.43,16.65,8.6,8.41,17.39,10.41,12.83,5.33,7.66,11.33,12.12,12.41,16.0,9.01,13.85,8.35,10.03,13.34,15.24,10.15,12.77,14.88,7.87,5.06,7.44,8.46,9.11,7.0,8.12,8.83,7.79,6.42,23.61,37.86,20.28,18.06,19.61,22.01,19.11,18.2,18.37,17.55,20.5,26.04,18.59,20.25,18.53,19.7,21.44,22.63,20.93,19.04,19.68,19.38,42.61,41.36,35.44,41.48,43.9,39.79,41.5,41.94,43.69,51.41,36.73,35.38,42.52,39.29,35.75,43.96,37.3,45.66,23.75,23.31,21.27,25.53,19.62,20.38,31.4,31.96,19.91,29.86,38.73,36.66,39.02,39.98,25.21,18.75,42.09,32.46,39.11,37.6,43.36,37.4,42.42,31.2,29.56,35.08,17.46,14.45,18.06,15.75,9.32,18.64,12.63,11.73,14.66,8.63,13.74,13.56,20.0,17.0,15.82,13.91,8.64,13.45,17.1,12.75,11.7,14.98,21.31,18.22,20.94,21.57,20.56,22.3,9.83,10.53,16.45,8.48,6.51,8.98,13.43,15.15,14.31,16.09,15.03,8.82,10.27,9.83,12.22,12.27,12.89,10.54,10.23,11.97,11.98,14.33,14.76,12.77,13.9,12.84,16.43,11.76,15.34,25.01,29.5,34.23,28.03,17.66,15.56,25.3,24.33,23.45,27.09,29.5,26.47,21.4,14.77,25.35,18.61,23.06,23.54,23.91,22.99,28.72,30.92,30.5,16.82,22.78,24.68,26.39,24.93,22.29,27.51,31.74,14.8,23.3,24.32,28.28,13.84,8.1,9.92,11.29,8.88,14.51,11.56,10.72,3.49,13.79,9.19,7.26,8.26,11.87,10.58,7.42,4.57,9.45,13.68,7.03,7.58,5.6,5.97,13.63,5.56,15.09,11.64,13.49,12.3,15.46,17.91,15.46,11.98,13.23,14.7,16.05,15.12,10.17,18.48,15.42,10.3,14.93,17.33,14.24,12.7,17.28,17.94,16.84,16.39,54.73,52.3
11.81,13.05,10.54,4.5,14.25,18.08,12.12,8.05,6.74,10.16,8.66,5.45,28.24,7.89,4.89,26.69,5.14,8.67,9.49,23.68,13.66,15.09,16.14,27.9,25.94,13.08,17.46,10.05,11.97,13.66,0.0,12.03,15.91,3.78,9.44,3.06,16.1,35.04,4.55,10.65,5.96,7.18,18.99,6.23,16.45,4.89,10.01,4.85,8.03,14.34,7.05,27.3,9.56,9.54,9.42,6.91,10.73,2.06,14.28,7.71,8.18,17.65,11.64,5.24,7.09,10.76,11.9,4.07,6.95,13.11,10.25,8.08,4.98,7.21,8.88,5.48,2.9,8.54,4.14,9.14,12.11,9.59,8.91,8.84,10.95,7.85,8.97,6.53,8.05,10.43,11.94,26.19,8.61,6.39,7.94,10.34,7.44,6.41,6.58,5.76,8.71,35.29,22.83,29.49,22.78,23.94,30.68,25.51,25.17,28.29,28.93,28.63,36.59,37.63,29.7,35.46,37.88,36.06,37.77,35.92,37.66,45.39,30.99,29.64,36.5,33.77,30.01,32.29,31.56,33.99,18.0,17.56,15.52,19.79,13.87,14.64,25.65,26.21,14.16,24.12,32.99,30.91,33.28,34.23,19.47,19.31,36.34,26.72,33.37,31.85,37.62,31.65,36.67,25.46,23.81,29.33,20.18,14.3,12.31,19.99,13.57,27.89,16.87,15.97,18.91,12.87,17.98,17.8,19.48,26.24,20.06,23.15,12.88,16.33,26.34,16.99,15.94,19.22,15.57,12.48,15.2,15.82,14.82,16.56,11.17,13.0,10.71,12.24,12.99,13.22,7.68,5.59,1.96,3.75,2.68,10.29,8.73,11.3,5.43,6.74,16.69,14.34,14.03,15.78,15.79,10.06,8.35,8.82,12.91,12.55,8.56,10.02,7.48,19.27,23.75,28.48,22.28,4.71,3.22,19.56,12.66,17.71,21.34,23.76,20.73,8.45,2.98,13.67,5.66,10.1,11.87,18.16,17.25,22.98,25.18,24.76,7.25,9.82,18.94,20.65,19.19,16.54,21.77,25.99,4.77,17.55,18.57,22.54,17.64,17.35,11.39,7.72,12.69,23.76,11.28,14.53,12.74,23.04,18.44,16.51,12.57,21.12,19.82,12.78,13.82,12.81,17.49,16.27,16.82,14.85,15.22,22.88,12.05,24.34,19.13,17.29,19.14,24.7,27.16,19.26,21.23,22.48,18.5,25.3,24.37,19.42,27.73,21.94,19.55,18.73,21.13,23.48,19.13,26.52,27.18,26.08,20.19,43.06,40.63
17.93,21.63,16.67,15.21,10.42,6.47,20.69,14.1,13.18,14.28,6.35,16.17,16.59,15.82,15.6,9.72,9.17,19.11,15.54,12.08,2.31,3.86,20.26,16.94,16.74,9.25,21.58,2.71,9.13,17.78,12.03,0.0,4.62,14.25,4.01,8.06,4.81,22.11,7.87,8.66,14.0,15.22,8.66,12.36,20.28,12.93,13.85,8.33,11.87,3.05,10.49,15.73,4.23,9.35,13.25,5.81,5.19,9.16,3.25,5.49,5.46,21.49,4.07,8.68,6.75,7.8,7.2,8.06,10.38,2.07,3.61,10.54,12.12,9.68,11.57,11.61,9.78,8.05,11.04,3.6,5.22,7.81,12.74,4.35,5.42,11.68,6.93,6.51,5.29,5.93,22.29,36.55,18.97,16.74,18.3,20.7,17.8,14.46,17.05,16.24,16.76,24.17,12.51,17.56,12.45,13.62,17.23,15.18,14.84,16.63,17.12,17.52,25.95,24.7,18.78,24.82,27.24,23.13,24.84,25.28,27.03,34.75,20.07,18.72,25.86,22.63,19.09,22.19,20.64,23.04,6.71,6.27,4.23,8.5,2.58,3.35,14.36,14.92,2.87,12.83,21.7,19.62,21.99,22.94,8.18,8.02,25.05,15.43,22.08,20.56,26.33,20.36,25.38,14.17,12.52,18.04,8.89,3.27,1.39,9.67,7.66,10.77,6.54,5.64,8.58,8.17,7.65,7.47,9.15,12.55,9.74,13.03,8.18,5.3,10.82,6.66,11.27,8.9,4.65,5.06,4.28,4.53,3.9,5.64,3.43,1.97,1.92,3.48,11.0,8.52,7.34,6.94,12.99,9.64,13.71,14.13,11.8,15.13,10.48,12.87,20.53,18.18,17.87,19.61,19.62,16.18,14.48,14.94,21.54,20.47,14.69,16.14,13.61,8.35,12.83,17.56,11.37,16.34,14.25,8.64,23.02,6.79,10.42,12.84,9.81,20.09,13.45,24.03,17.3,21.74,22.23,7.24,6.33,12.06,14.26,13.84,9.48,21.46,8.02,9.73,8.27,5.62,10.85,15.08,8.72,6.63,7.66,11.62,21.47,21.18,15.22,13.85,16.52,16.2,19.2,18.36,16.57,14.94,22.27,20.34,16.41,24.95,23.66,16.62,17.65,16.65,21.32,20.11,20.66,18.68,19.05,26.71,10.06,28.17,22.97,21.13,22.97,28.54,30.99,23.09,25.07,26.31,22.33,29.13,28.2,23.25,31.56,25.77,23.38,22.57,24.97,27.32,22.96,30.36,31.02,29.92,24.02,37.99,37.0
21.81,25.5,20.54,19.09,14.3,2.84,24.57,17.98,17.05,18.16,10.23,20.05,18.78,19.7,19.48,12.24,13.05,22.99,19.42,8.45,6.19,6.38,24.14,19.46,19.26,13.13,25.46,6.59,13.01,21.66,15.91,4.62,0.0,18.13,7.89,11.94,1.18,25.99,11.74,12.54,17.88,19.1,11.23,16.24,24.16,16.81,17.73,12.21,15.75,3.64,14.37,18.3,8.11,13.23,17.13,9.68,9.07,13.04,5.82,9.37,9.34,25.37,7.94,12.56,10.62,11.68,11.07,11.93,14.26,5.95,7.49,14.42,15.99,13.55,15.45,15.49,13.66,11.93,14.91,7.48,9.1,11.69,16.62,8.23,9.3,15.56,10.81,10.39,9.16,9.8,26.17,40.43,22.85,20.62,22.17,24.57,21.68,18.33,20.93,20.12,20.63,24.52,12.02,17.07,11.96,13.13,16.75,14.69,14.36,19.34,18.28,20.09,29.83,28.57,22.66,28.7,31.12,27.01,28.72,29.16,30.9,38.63,23.95,22.6,29.74,26.51,22.97,26.07,24.52,26.92,3.08,2.64,4.82,4.86,3.17,3.93,10.73,11.29,2.0,9.19,18.06,15.99,18.35,19.31,4.54,4.39,21.42,11.79,18.45,16.93,22.69,16.73,21.75,10.53,8.89,14.41,5.26,5.84,5.27,9.18,10.23,13.34,9.95,8.21,7.62,11.55,10.23,8.94,11.73,15.12,9.25,15.6,12.06,7.87,13.4,9.23,13.84,9.39,8.53,8.94,8.16,5.12,7.78,9.52,7.31,5.84,5.79,7.36,14.88,12.4,11.22,10.82,16.87,13.52,17.59,18.0,15.68,19.01,14.36,16.75,24.4,22.06,21.75,23.49,23.5,20.06,18.36,18.82,25.41,24.35,18.57,20.02,17.48,12.23,16.71,21.44,15.24,20.22,18.13,12.52,26.9,10.67,14.3,16.72,13.69,23.96,17.33,27.91,21.17,25.62,26.11,11.12,10.21,15.94,18.14,17.72,13.36,25.34,11.9,13.61,12.15,9.5,14.73,18.95,12.59,10.51,11.53,15.5,25.35,25.06,19.1,17.73,20.4,18.77,23.08,22.24,20.45,17.51,26.15,24.22,20.28,28.83,27.54,20.49,21.53,20.53,25.2,23.99,24.54,22.56,22.93,30.59,13.93,32.05,26.84,25.01,26.85,32.42,34.87,26.97,28.94,30.19,26.21,33.01,32.08,27.13,35.44,29.65,27.26,26.44,28.85,31.2,26.84,34.23,34.9,33.8,27.9,41.87,40.88
8.73,9.98,7.47,3.19,16.16,19.98,9.04,4.89,3.58,6.4,14.11,4.15,30.14,4.72,3.58,28.6,7.6,11.24,6.33,25.59,15.57,17.0,12.67,29.81,27.85,14.99,13.99,11.95,13.87,15.57,3.78,14.25,18.13,0.0,11.95,6.11,18.61,37.0,7.06,13.17,2.84,4.07,21.5,3.22,12.82,1.77,12.53,7.91,10.55,16.85,3.42,29.82,15.26,12.05,11.93,9.42,13.24,5.12,16.79,13.42,9.09,20.16,14.15,3.42,9.6,13.27,14.41,6.69,3.31,15.62,12.76,5.04,1.96,6.24,5.24,2.47,5.41,11.05,1.12,11.65,14.62,12.1,11.42,9.75,13.47,10.36,11.48,7.28,8.96,12.94,13.9,28.15,10.57,8.35,9.9,12.3,9.4,3.3,5.33,4.51,5.6,37.8,25.34,32.01,25.29,26.46,33.2,28.02,27.68,30.8,31.44,31.14,38.55,39.59,32.21,37.42,39.84,38.02,39.73,37.88,39.62,47.35,36.74,32.15,38.46,35.73,32.52,34.25,37.78,35.95,20.52,20.08,18.04,22.3,16.38,17.15,28.16,28.73,16.67,26.63,35.5,33.42,35.79,36.74,21.98,21.82,38.86,29.23,35.88,34.36,40.13,34.17,39.19,27.97,26.33,31.84,22.69,16.81,14.82,22.5,16.08,30.4,19.38,18.48,21.42,15.39,20.49,20.31,21.99,28.75,22.58,25.67,15.4,18.84,28.85,19.5,18.45,21.73,18.08,14.99,17.71,18.33,17.33,19.07,13.68,15.51,13.22,14.75,15.51,15.74,10.19,8.64,4.48,6.26,5.2,12.8,5.1,13.81,2.41,3.72,13.07,10.72,10.41,12.15,12.16,7.04,5.33,5.8,9.9,9.54,5.45,7.0,4.46,21.78,26.26,30.99,24.8,7.95,5.73,22.07,14.62,20.22,23.85,26.27,23.24,11.69,1.48,15.64,8.9,13.35,13.83,20.67,19.76,25.49,27.69,27.27,10.31,13.07,21.45,23.16,21.7,19.05,24.28,28.5,7.29,20.06,21.09,25.05,14.01,19.86,8.92,4.7,8.2,26.27,8.26,10.9,15.25,25.55,20.95,11.55,10.03,23.63,22.33,9.16,16.33,11.22,13.86,18.79,19.34,17.36,10.61,25.39,14.56,26.85,15.51,13.67,15.51,27.21,29.67,15.63,23.74,24.99,14.88,27.81,26.88,21.93,30.24,18.31,16.13,15.11,17.51,17.92,15.5,29.03,29.69,28.59,16.56,45.02,42.59
15.33,19.03,14.07,12.62,9.18,9.74,18.1,11.5,10.58,11.68,3.01,13.57,19.49,13.22,13.0,12.62,6.57,16.52,12.95,15.35,5.33,6.76,17.66,19.84,19.64,8.01,18.98,1.71,7.89,15.18,9.44,4.01,7.89,11.95,0.0,5.53,8.03,24.95,5.33,7.51,11.47,12.69,11.62,9.82,17.74,10.4,11.31,4.67,9.33,6.27,7.95,18.69,3.93,10.84,10.71,3.27,2.65,6.62,6.21,2.09,3.82,18.95,2.82,6.14,4.21,6.65,6.04,5.52,7.84,5.03,1.85,8.01,9.58,7.14,9.03,9.07,7.24,5.51,8.5,1.06,5.82,6.65,10.2,3.67,2.88,9.14,5.77,5.75,3.77,4.77,19.76,34.01,16.43,14.21,15.76,18.16,15.26,11.92,14.52,13.7,14.22,27.13,15.47,20.52,15.41,16.58,20.19,18.14,17.8,19.59,20.08,20.48,28.8,27.54,21.62,27.66,30.08,25.97,27.68,28.12,29.87,37.6,22.91,21.56,28.7,25.47,21.93,25.03,23.48,25.88,9.93,9.49,7.45,11.72,5.8,6.56,17.58,18.14,6.09,16.04,24.92,22.84,25.2,26.16,11.39,11.24,28.27,18.64,25.3,23.78,29.54,23.58,28.6,17.38,15.74,21.26,12.11,6.23,4.24,12.63,7.71,13.73,9.5,8.6,11.54,7.01,10.61,10.43,12.11,15.51,12.7,15.99,7.02,8.26,13.78,9.62,10.08,11.86,7.5,3.66,7.13,7.75,6.74,8.48,3.09,4.93,2.63,4.16,9.85,7.36,4.8,3.54,10.46,7.11,11.17,11.59,9.26,12.6,7.95,10.33,17.99,15.64,15.33,17.07,17.08,13.64,11.94,12.41,19.0,17.94,12.16,13.61,11.07,11.19,15.68,20.41,14.21,13.8,11.71,11.48,20.48,9.63,13.27,15.68,12.66,17.55,10.92,21.49,14.76,19.2,19.69,10.09,9.17,14.9,17.1,16.68,6.08,18.92,10.86,12.57,11.11,8.47,13.69,17.92,6.18,9.48,10.5,14.46,18.94,18.64,12.69,11.31,13.98,25.05,16.66,15.82,14.04,24.33,19.73,17.8,13.87,22.42,21.12,14.08,15.11,14.11,18.78,17.57,18.12,16.15,16.52,24.18,8.9,25.63,20.43,18.59,20.43,26.0,28.45,20.56,22.53,23.77,19.8,26.59,25.67,20.71,29.02,23.23,20.85,20.03,22.43,24.78,20.43,27.82,28.48,27.38,21.49,40.84,39.85
14.3,18.0,13.04,6.78,10.48,13.79,17.07,10.34,9.03,10.65,5.63,7.74,23.54,10.17,7.17,16.67,5.54,10.95,11.78,19.4,9.38,10.81,16.63,28.39,26.43,9.31,17.95,5.76,8.9,14.15,3.06,8.06,11.94,6.11,5.53,0.0,12.08,26.02,4.33,10.95,8.24,9.46,15.67,8.83,16.74,7.17,10.31,1.82,8.33,10.32,6.95,27.6,6.52,9.84,9.71,2.88,6.7,1.13,10.25,4.68,5.79,17.95,5.63,5.14,1.82,7.66,8.17,4.52,6.85,9.08,5.61,7.01,7.26,6.14,8.03,8.08,2.2,4.52,6.42,5.11,7.95,9.89,9.21,6.45,6.93,8.15,6.24,4.76,5.66,6.9,14.22,28.47,10.89,8.67,10.22,12.62,9.72,8.69,8.86,8.04,10.99,35.58,19.51,24.57,19.46,20.63,24.24,22.19,21.85,28.58,29.23,28.93,29.86,28.6,22.69,28.73,31.15,27.04,28.75,29.19,30.93,38.66,23.98,22.63,29.77,26.54,23.0,26.1,24.55,26.95,13.98,13.54,11.5,15.76,9.85,10.61,21.63,22.19,10.14,20.09,28.97,26.89,29.25,30.21,15.44,15.29,32.32,22.69,29.35,27.83,33.59,27.63,32.65,21.43,19.79,25.31,16.16,10.28,8.29,16.67,9.84,17.78,13.55,12.65,15.59,9.14,14.66,14.48,16.16,19.56,16.75,23.45,9.16,12.31,17.83,13.67,12.21,15.9,8.56,6.46,8.19,11.8,7.81,9.55,7.14,8.97,6.68,8.21,13.29,9.49,2.55,2.55,3.55,2.06,4.27,10.59,8.27,11.6,6.95,9.33,16.99,14.64,14.33,16.07,16.09,12.65,10.94,11.41,18.0,16.94,10.84,12.61,10.07,12.26,16.74,21.47,15.27,6.29,4.81,12.55,14.94,10.7,14.33,16.75,13.72,10.04,5.26,15.96,7.25,11.69,14.16,11.15,10.24,15.97,18.17,17.75,4.22,11.41,11.93,13.64,12.18,9.53,14.76,18.98,2.2,10.54,11.56,15.53,17.94,17.65,11.69,10.32,12.98,24.06,15.67,14.83,13.04,23.34,18.74,16.81,12.87,21.42,20.12,13.08,14.12,13.11,17.79,16.57,17.12,15.15,15.52,23.18,12.35,24.63,19.43,17.59,19.44,25.0,27.46,19.56,21.53,22.78,18.8,25.6,24.67,19.72,28.03,22.24,19.85,19.03,21.43,23.78,19.43,26.82,27.48,26.38,20.49,45.34,42.91
22.0,25.69,20.73,19.28,14.49,2.12,24.76,18.17,17.24,18.35,10.42,20.24,18.06,19.89,19.67,12.43,13.24,23.18,19.61,7.73,6.38,6.57,24.33,20.01,19.81,13.32,25.65,6.78,13.2,21.85,16.1,4.81,1.18,18.61,8.03,12.08,0.0,26.18,11.93,12.73,18.07,19.29,11.42,16.43,24.35,17.0,17.92,12.4,15.94,3.83,14.56,18.84,8.3,13.42,17.32,9.87,9.26,13.23,6.01,9.56,9.53,25.56,8.13,12.75,10.81,11.87,11.26,12.12,14.45,6.14,7.68,14.61,16.18,13.74,15.64,15.68,13.85,12.12,15.1,7.67,9.29,11.88,16.81,8.42,9.49,15.75,11.0,10.58,9.35,9.99,26.36,40.62,23.04,20.81,22.36,24.76,21.87,18.52,21.12,20.31,20.82,23.81,11.3,16.36,11.24,12.41,16.03,13.98,13.64,18.62,17.56,20.1,30.02,28.76,22.85,28.89,31.31,27.2,28.91,29.35,31.09,38.82,24.14,22.79,29.93,26.7,23.16,26.26,24.71,27.11,2.36,1.92,5.01,4.15,3.36,4.12,10.01,10.57,2.19,8.47,17.35,15.27,17.64,18.59,3.83,3.67,20.7,11.07,17.73,16.21,21.97,16.01,21.03,9.82,8.17,13.69,4.54,6.03,5.46,8.46,10.42,13.53,9.23,8.4,6.9,11.74,10.42,8.22,11.92,15.31,8.53,15.79,12.25,8.06,13.59,9.42,14.04,8.67,8.72,9.13,8.35,5.31,7.97,9.71,7.5,6.03,5.98,7.55,15.07,12.59,11.41,11.01,17.06,13.71,17.78,18.19,15.87,19.2,14.55,16.94,24.59,22.25,21.94,23.68,23.69,20.25,18.55,19.01,25.6,24.54,18.76,20.21,17.67,12.42,16.9,21.63,15.43,20.41,18.32,12.71,27.09,10.86,14.49,16.91,13.88,24.15,17.52,28.1,21.36,25.81,26.3,11.31,10.4,16.13,18.33,17.91,13.55,25.53,12.09,13.8,12.34,9.69,14.92,19.14,12.78,10.7,11.72,15.69,25.54,25.25,19.29,17.92,20.59,18.96,23.27,22.43,20.64,17.7,26.34,24.41,20.47,29.02,27.73,20.68,21.72,20.72,25.39,24.18,24.73,22.75,23.12,30.78,14.12,32.24,27.03,25.2,27.04,32.61,35.06,27.16,29.13,30.38,26.4,33.2,32.27,27.32,35.63,29.84,27.45,26.63,29.04,31.39,27.03,34.42,35.09,33.99,28.09,42.06,41.07
38.92,42.62,37.66,37.67,31.41,27.84,41.69,41.22,39.91,35.27,21.85,38.62,37.58,41.06,38.06,30.71,30.16,31.82,42.66,33.44,19.74,24.85,41.25,37.93,37.73,30.24,42.57,23.7,30.13,38.77,35.04,22.11,25.99,37.0,24.95,26.02,26.18,0.0,28.89,29.69,39.45,40.67,29.68,33.39,41.3,38.38,34.87,25.04,32.89,24.33,31.51,36.75,20.53,30.38,34.27,26.83,26.22,27.12,24.27,22.46,26.49,42.51,20.37,29.7,27.77,28.83,28.22,29.08,31.41,23.1,23.17,31.57,38.48,30.7,32.59,32.64,27.74,29.08,37.63,24.63,26.25,28.83,33.77,25.38,26.44,32.71,27.95,27.53,26.31,26.95,24.39,11.19,31.53,30.3,30.86,34.04,29.22,39.91,40.07,39.26,42.21,45.2,33.53,38.59,33.47,34.64,38.26,36.2,35.87,37.66,38.15,38.54,4.74,2.59,5.16,3.61,6.03,1.02,2.73,4.07,5.81,13.54,4.42,3.37,4.65,1.42,4.98,5.22,1.63,6.07,28.0,27.56,25.52,29.78,23.86,24.63,35.64,36.21,24.15,34.11,30.82,30.62,27.54,26.07,29.46,29.3,21.49,32.28,25.96,33.25,20.65,26.18,24.09,35.45,33.81,28.5,30.17,24.29,20.69,30.69,28.68,31.79,27.57,26.67,29.6,29.2,28.68,28.5,30.18,33.58,30.76,34.06,29.21,26.32,31.85,27.69,32.3,29.92,17.43,21.36,18.73,25.81,19.5,20.09,24.46,22.99,22.94,24.51,32.03,29.55,28.37,23.91,33.11,27.6,34.78,35.15,32.83,36.16,31.51,33.89,41.55,39.2,38.89,40.63,40.65,37.21,35.5,35.97,42.56,41.5,42.05,37.17,34.63,18.89,14.09,16.04,14.37,33.01,32.88,13.44,25.11,17.33,13.28,11.31,15.18,21.37,36.47,26.12,33.96,20.79,33.55,17.97,18.72,10.73,8.36,12.31,26.46,19.99,16.06,12.73,18.81,16.46,12.07,7.01,26.41,15.45,14.5,13.76,42.5,42.21,36.25,34.87,37.54,37.23,40.23,39.39,37.6,35.96,43.3,41.37,37.43,45.98,44.68,37.64,38.68,37.67,42.35,41.13,41.68,39.71,40.08,47.74,31.08,49.19,43.99,42.15,44.0,49.56,52.02,44.12,46.09,47.34,43.36,50.16,49.23,44.28,52.59,46.8,44.41,43.59,45.99,48.34,43.99,51.38,52.04,50.94,45.05,16.78,15.79
10.45,14.14,9.18,7.73,10.89,13.6,13.21,6.62,5.69,6.79,7.72,8.68,24.87,8.34,8.12,16.47,2.42,11.63,8.06,19.2,9.18,10.61,12.77,24.53,22.57,9.72,14.1,5.57,8.6,10.29,4.55,7.87,11.74,7.06,5.33,4.33,11.93,28.89,0.0,6.62,15.22,16.44,14.95,11.57,12.41,14.15,5.98,11.89,4.0,17.56,7.43,23.27,15.97,5.51,5.38,10.13,9.87,12.42,14.64,14.13,7.66,13.62,14.86,7.88,10.3,6.73,7.87,8.8,9.59,11.54,13.47,5.83,11.32,5.16,6.85,10.82,12.71,6.97,10.24,12.35,8.08,5.56,4.88,7.58,8.24,3.82,4.93,5.65,6.92,6.39,21.08,35.34,17.76,15.53,17.08,19.48,16.58,15.67,15.84,15.02,17.97,31.25,18.8,25.46,18.74,19.91,26.65,21.47,21.14,24.25,24.89,24.6,40.09,38.83,32.91,38.95,41.37,37.26,38.97,39.41,41.16,48.88,34.2,32.85,39.99,36.76,33.22,41.43,34.77,43.14,21.22,20.78,18.74,23.01,17.09,17.85,28.87,29.43,17.38,27.33,36.21,34.13,36.49,37.45,22.68,18.96,39.56,29.93,36.59,35.07,40.83,34.87,39.89,28.67,27.03,32.55,17.67,14.66,15.53,15.96,9.53,23.85,12.84,11.94,14.87,8.84,13.95,13.77,15.45,22.21,16.03,19.12,8.85,13.65,22.31,12.96,11.91,15.19,18.79,15.69,18.42,19.04,18.03,19.78,8.96,9.66,13.92,9.13,8.96,9.19,10.9,12.62,11.78,13.56,12.5,6.26,7.08,7.27,9.69,9.71,12.66,10.31,10.0,11.74,11.75,11.45,12.2,10.21,13.67,12.61,13.9,9.98,12.81,22.48,26.97,31.7,25.5,15.13,13.03,22.77,21.81,20.92,24.56,26.97,23.95,18.87,12.24,22.82,16.08,20.53,21.02,21.38,20.46,26.19,28.39,27.97,14.29,20.25,22.15,23.86,22.4,19.76,24.98,29.21,12.27,20.77,21.79,25.75,13.61,13.32,7.36,8.73,8.65,19.72,11.33,10.49,8.71,19.0,14.4,12.47,8.54,17.09,15.79,8.75,9.78,8.78,13.45,12.24,12.79,10.82,11.19,18.85,8.01,20.3,15.1,13.26,15.1,20.67,23.12,15.23,17.2,18.44,14.47,21.26,20.34,15.38,23.69,17.9,15.52,14.7,17.1,19.45,15.1,22.49,23.15,22.05,16.16,52.2,49.77
13.08,14.55,13.58,13.83,4.3,14.39,13.62,13.24,12.31,6.27,9.9,14.79,19.73,17.22,14.22,12.02,5.22,17.73,14.68,20.0,9.98,9.56,13.18,19.39,17.43,2.65,14.51,6.88,1.51,4.17,10.65,8.66,12.54,13.17,7.51,10.95,12.73,29.69,6.62,0.0,15.05,16.28,11.17,11.4,13.16,13.98,5.82,11.73,3.84,11.09,6.05,18.58,11.89,2.43,5.22,6.39,7.16,12.25,10.85,9.01,5.02,8.93,9.74,7.72,10.14,1.75,4.08,6.05,9.42,8.83,8.35,4.45,11.16,3.78,5.47,10.65,12.54,5.13,10.08,6.68,4.29,1.48,4.71,4.88,5.53,2.88,2.65,4.03,4.21,2.84,20.91,35.17,17.59,15.36,16.92,19.32,16.42,15.51,15.67,14.86,17.81,26.57,15.01,20.78,14.95,16.12,21.97,17.69,17.35,19.57,20.21,19.91,33.62,32.36,26.44,32.48,34.9,30.79,32.5,32.94,34.69,42.41,27.73,26.38,33.52,30.29,26.75,29.85,28.3,30.7,14.75,14.31,12.27,16.54,10.62,11.38,22.4,22.96,10.91,20.86,29.74,27.66,30.02,30.98,16.21,15.17,33.09,23.46,30.12,28.6,34.36,28.4,33.42,22.2,20.56,26.08,13.88,10.87,9.06,12.17,5.75,13.27,9.05,8.15,11.09,5.05,10.16,9.98,11.66,15.06,12.24,14.43,5.06,9.87,17.62,9.17,8.12,11.4,12.31,10.58,11.94,12.57,11.56,13.3,6.25,6.95,8.81,4.9,2.52,5.4,10.73,12.46,11.61,13.4,12.33,6.09,5.7,7.1,9.52,9.55,13.41,11.06,10.75,12.49,12.5,11.28,12.03,10.04,14.42,13.36,13.74,9.82,12.65,16.01,20.5,25.23,19.03,14.96,12.87,16.3,21.64,14.45,18.09,20.5,17.48,18.71,12.07,22.65,15.92,20.36,20.85,14.91,13.99,19.72,21.92,21.5,14.13,20.08,15.68,17.39,15.93,13.29,18.51,22.74,12.11,14.3,15.32,19.28,14.36,8.62,7.19,8.57,9.4,15.04,12.08,11.24,4.01,14.32,9.72,7.78,8.78,10.44,11.1,7.94,5.09,8.62,14.2,7.55,8.1,6.12,6.49,12.2,1.57,15.61,12.17,14.01,12.82,14.02,16.48,15.98,12.51,13.75,15.22,16.57,15.64,10.69,17.05,15.94,10.82,15.45,17.85,14.76,13.22,15.84,16.5,15.4,16.91,52.04,49.61
10.58,11.83,9.32,5.38,18.34,19.73,10.89,2.54,1.23,8.25,13.86,6.33,32.33,2.37,5.77,30.78,9.78,13.42,3.98,25.34,15.32,16.75,14.52,31.99,30.03,17.17,15.84,11.7,16.06,17.75,5.96,14.0,17.88,2.84,11.47,8.24,18.07,39.45,15.22,15.05,0.0,1.72,23.68,5.07,14.67,1.07,14.71,10.09,12.73,16.26,5.27,32.0,14.67,14.24,14.11,8.82,12.64,7.3,16.19,12.82,10.94,22.35,13.56,5.27,9.0,15.46,16.59,7.5,5.16,15.02,12.17,6.89,2.37,8.09,7.09,4.32,7.59,10.46,2.97,11.05,16.8,14.28,13.6,11.6,12.87,12.54,13.66,9.13,10.81,15.12,16.08,30.34,12.76,10.53,12.08,14.48,11.58,0.8,7.51,6.69,3.25,39.98,27.53,34.19,27.47,28.64,35.38,30.2,29.86,32.98,33.62,33.32,40.73,41.77,31.61,39.6,42.02,40.2,41.92,40.06,41.81,49.53,32.9,31.55,40.64,37.91,31.92,36.43,33.47,38.14,19.92,19.48,17.44,21.7,15.79,16.55,27.57,28.13,16.08,26.03,34.9,32.83,35.19,36.15,21.38,21.23,38.26,28.63,35.28,33.77,39.53,33.57,38.59,27.37,25.73,31.25,22.1,16.21,14.23,24.69,18.26,32.58,21.56,20.66,23.6,17.57,22.67,22.49,24.18,30.94,24.76,27.85,17.58,18.24,31.04,21.68,20.63,23.92,17.48,14.39,17.11,17.74,16.73,18.47,13.08,14.91,12.62,14.15,17.69,17.92,9.6,10.82,6.66,8.44,7.38,14.99,6.95,12.21,4.26,5.57,14.92,12.57,12.26,14.0,14.01,8.89,7.18,7.65,11.75,11.39,3.1,8.85,6.31,21.18,25.67,30.4,24.2,10.13,7.92,21.47,16.81,19.62,23.26,25.67,22.64,13.87,3.33,17.82,11.08,15.53,16.02,20.08,19.16,24.89,27.09,26.67,12.49,15.25,20.85,22.56,21.1,18.45,23.68,27.91,9.47,19.47,20.49,24.45,15.86,22.04,10.77,6.55,10.05,28.45,10.11,12.75,17.43,27.73,23.13,13.4,11.88,25.81,24.52,11.01,18.51,13.07,15.71,20.97,21.52,19.54,12.46,27.57,16.74,29.03,17.36,15.52,17.36,29.4,31.85,17.48,25.93,27.17,16.73,29.99,29.06,24.11,32.42,20.16,17.98,16.96,19.36,19.77,17.35,31.22,31.88,30.78,18.41,47.2,44.77
11.1,12.35,9.84,6.6,19.56,20.95,11.41,1.98,1.83,9.47,15.08,7.55,33.55,1.2,6.99,32.0,11.0,14.65,3.42,26.56,16.54,17.97,15.04,33.21,31.25,18.39,16.36,12.92,17.28,18.97,7.18,15.22,19.1,4.07,12.69,9.46,19.29,40.67,16.44,16.28,1.72,0.0,24.9,5.57,15.18,2.29,15.93,11.31,13.95,17.48,6.49,33.22,15.89,15.46,15.33,10.04,13.86,8.52,17.41,14.04,12.16,23.57,14.78,6.49,10.22,16.68,17.81,8.72,6.38,16.24,13.39,8.11,2.97,9.31,8.32,4.82,8.81,11.68,4.19,12.27,18.02,15.51,14.82,12.82,14.09,13.76,14.88,10.36,12.03,16.34,17.3,31.56,13.98,11.75,13.3,15.7,12.81,2.52,8.73,7.91,2.08,41.2,28.75,35.41,28.69,29.86,36.6,31.42,31.09,34.2,34.84,34.55,41.95,42.99,32.83,40.82,43.24,41.43,43.14,41.28,43.03,50.75,34.12,32.77,41.86,39.14,33.14,37.65,34.69,39.36,21.14,20.7,18.66,22.92,17.01,17.77,28.79,29.35,17.3,27.25,36.13,34.05,36.41,37.37,22.6,22.45,39.48,29.85,36.51,34.99,40.75,34.79,39.81,28.59,26.95,32.47,23.32,17.44,15.45,25.91,19.48,33.8,22.78,21.88,24.82,18.79,23.9,23.71,25.4,32.16,25.98,29.07,18.8,19.47,32.26,22.91,21.86,25.14,18.7,15.61,18.33,18.96,17.95,19.69,14.3,16.13,13.84,15.37,18.91,19.14,10.82,12.04,7.88,9.66,8.6,16.21,8.17,12.71,5.48,6.08,15.43,13.08,12.77,14.51,14.52,9.4,7.69,8.16,12.25,11.89,3.7,9.36,6.82,22.4,26.89,31.62,25.42,11.35,9.14,22.69,18.03,20.84,24.48,26.89,23.87,15.09,4.55,19.04,12.3,16.75,17.24,21.3,20.38,26.11,28.31,27.89,13.71,16.47,22.07,23.78,22.32,19.68,24.9,29.13,10.69,20.69,21.71,25.67,16.37,23.26,11.28,7.06,10.56,29.67,10.62,13.26,18.65,28.95,24.35,13.91,12.39,27.03,25.74,11.52,19.73,13.58,16.22,22.19,22.74,20.77,12.96,28.79,17.96,30.25,17.86,16.03,17.87,30.62,33.07,17.99,27.15,28.39,17.23,31.21,30.28,25.33,33.64,20.67,18.49,17.47,19.87,20.28,17.86,32.44,33.1,32.0,18.92,48.42,45.99
21.41,21.96,20.99,22.17,11.67,12.84,21.02,21.57,20.64,14.61,14.01,23.12,7.88,25.55,22.56,1.01,12.51,26.07,23.01,17.4,9.97,5.06,20.59,8.23,8.03,10.5,21.91,10.37,11.52,18.28,18.99,8.66,11.23,21.5,11.62,15.67,11.42,29.68,14.95,11.17,23.68,24.9,0.0,19.68,20.52,22.26,14.09,15.93,12.11,7.85,14.33,7.07,11.83,11.69,13.49,13.4,12.78,16.76,6.38,13.08,10.53,13.42,11.66,15.99,14.34,10.15,7.66,13.4,17.7,6.82,11.21,12.72,19.43,12.06,13.75,18.93,17.37,11.69,18.35,11.2,9.81,10.15,12.99,10.39,11.05,11.15,9.94,11.26,9.73,9.27,29.19,43.45,25.87,23.64,25.19,27.59,24.7,23.78,23.95,23.13,26.08,15.51,10.54,9.03,10.49,11.66,10.22,11.41,12.88,7.97,8.47,8.86,33.55,32.29,26.37,32.41,34.83,30.72,32.43,32.87,34.62,42.34,27.66,26.31,33.45,30.22,26.68,29.78,28.23,30.63,12.12,12.88,9.67,13.9,9.19,8.78,20.97,21.53,9.48,19.43,28.3,26.23,28.59,29.55,14.78,10.7,31.66,22.03,28.69,27.17,32.93,26.97,31.99,20.77,17.93,24.65,9.42,6.4,8.99,7.7,5.51,2.11,4.58,3.02,6.62,6.82,1.01,5.51,1.72,3.89,7.78,4.37,7.03,5.4,2.16,2.06,2.61,6.93,12.25,12.66,11.88,11.14,11.49,13.24,10.12,8.65,9.51,10.17,13.35,8.99,14.93,14.54,19.89,17.24,20.61,14.37,13.98,15.38,17.8,17.83,20.77,18.42,18.11,19.85,19.86,19.56,20.31,18.32,21.78,20.72,22.01,18.09,20.92,15.94,20.43,25.16,18.96,23.24,21.15,16.23,29.92,14.38,18.02,20.43,17.41,26.98,20.35,30.93,24.19,28.64,29.13,14.84,13.92,19.65,21.85,21.43,17.08,28.36,15.61,17.32,15.86,13.22,18.44,22.67,16.31,14.23,15.25,19.21,21.72,14.81,15.47,16.85,16.76,7.54,19.45,18.61,17.52,6.28,12.09,18.18,16.65,14.77,13.48,18.34,15.43,16.89,21.57,13.55,14.76,14.39,16.89,16.53,12.4,21.79,18.35,19.47,19.01,18.36,20.81,22.01,18.69,19.42,22.58,22.75,21.83,16.87,21.38,22.12,17.01,22.38,23.89,20.94,19.41,20.18,20.84,19.74,22.94,45.59,44.6
4.88,8.86,6.35,5.65,14.69,18.09,7.92,4.67,3.74,5.35,12.22,6.61,28.67,6.23,6.04,27.12,6.91,13.7,6.11,23.7,13.67,15.11,11.55,28.33,26.38,13.52,12.87,10.06,12.4,14.09,6.23,12.36,16.24,3.22,9.82,8.83,16.43,33.39,11.57,11.4,5.07,5.57,19.68,0.0,11.73,3.94,9.38,9.0,8.88,14.67,3.68,28.15,13.08,10.38,7.72,7.24,11.05,7.52,14.61,11.24,9.35,14.82,11.97,3.68,7.41,11.61,12.74,5.91,3.58,13.43,10.58,5.3,2.61,6.5,5.51,1.38,7.81,8.87,2.05,9.47,12.95,10.43,9.75,10.01,11.28,8.69,9.81,7.55,9.23,11.27,16.3,30.56,12.98,10.75,12.31,14.71,11.81,5.47,7.73,6.92,7.07,36.13,23.68,30.34,23.62,24.79,31.53,26.35,26.01,29.13,29.77,29.47,40.96,35.94,30.02,39.82,42.25,34.37,36.08,40.28,42.03,49.76,31.31,29.96,40.86,38.14,30.34,36.66,31.88,38.36,18.33,17.89,15.85,20.12,14.2,14.96,25.98,26.54,14.49,24.44,33.32,31.24,33.6,34.56,19.79,19.64,36.67,27.04,33.7,32.18,37.94,31.98,37.0,25.78,24.14,29.66,20.51,14.63,12.64,20.84,14.41,28.73,17.71,16.81,19.75,13.72,18.82,18.64,20.32,27.09,20.91,24.0,13.73,16.66,27.19,17.83,16.78,20.07,15.9,12.8,15.53,16.15,15.14,16.89,11.49,13.33,11.03,12.56,13.84,14.07,8.01,9.73,6.88,8.67,7.6,8.2,5.02,9.27,2.67,2.64,11.98,9.63,9.32,11.06,11.07,5.95,2.12,4.71,8.81,8.45,5.19,5.91,1.25,19.59,24.08,28.81,22.61,10.35,8.14,19.88,17.03,18.03,21.67,24.08,21.06,14.1,3.55,18.04,11.31,15.75,16.24,18.49,17.57,23.3,25.5,25.08,11.4,15.47,19.26,20.97,19.51,16.87,22.09,26.32,9.38,17.88,18.9,22.86,12.93,14.52,7.84,3.62,7.11,24.6,7.17,9.81,13.58,23.88,14.59,10.46,8.94,16.33,16.7,8.07,10.98,10.13,12.77,13.44,13.99,12.02,9.52,18.09,12.89,21.5,14.42,12.58,14.42,19.92,22.37,14.55,18.4,19.64,13.79,22.46,21.54,16.58,22.94,17.22,15.04,14.02,16.42,16.83,14.42,21.73,22.4,21.3,15.48,47.43,45.0
11.73,10.23,9.26,15.26,15.54,26.01,9.3,14.27,13.35,8.76,20.14,16.21,24.38,15.83,15.65,22.83,12.4,23.52,15.72,31.62,21.59,19.08,3.67,24.04,22.08,14.36,2.44,17.98,14.16,12.64,16.45,20.28,24.16,12.82,17.74,16.74,24.35,41.3,12.41,13.16,14.67,15.18,20.52,11.73,0.0,13.52,6.59,16.98,9.09,22.64,14.78,23.38,21.05,11.22,7.77,15.21,19.03,17.5,20.34,19.21,13.37,10.27,19.94,12.97,15.39,12.44,13.58,13.89,14.67,21.41,18.55,11.54,12.19,10.87,12.56,10.28,17.79,12.68,11.62,17.44,13.79,11.27,8.29,13.29,13.95,9.52,10.64,11.36,12.63,12.1,26.16,40.42,22.84,20.61,22.17,24.56,21.67,15.04,20.92,20.11,16.64,31.36,24.51,25.57,24.45,25.62,26.76,27.95,26.85,24.36,25.0,24.71,45.17,43.91,38.0,44.04,46.46,42.35,44.06,44.5,46.24,53.97,39.29,37.94,45.08,41.85,38.31,46.52,39.86,48.22,26.31,25.86,23.82,28.09,22.17,22.94,33.95,34.52,22.46,32.42,41.29,39.21,41.58,42.53,27.77,27.61,44.64,35.02,41.67,40.15,45.92,39.95,44.97,33.76,32.12,37.63,23.38,20.36,20.61,21.67,15.24,23.96,18.55,17.65,20.58,14.55,19.66,19.47,21.16,22.32,21.74,19.23,14.56,19.36,22.42,18.67,17.62,20.9,23.87,20.78,23.5,24.12,23.12,24.86,14.67,15.37,19.01,14.84,15.6,14.9,15.98,17.71,16.86,18.65,17.58,7.64,10.42,6.48,12.25,9.03,2.45,2.59,3.28,2.82,1.55,10.51,11.51,9.52,10.07,9.01,14.77,7.94,12.62,27.57,32.05,36.78,30.58,20.21,18.12,27.86,26.89,26.01,29.64,32.06,29.03,23.96,13.13,27.9,21.17,25.61,26.1,26.46,25.55,31.28,33.48,33.06,19.38,25.33,27.24,28.95,27.49,24.84,30.07,34.29,17.36,25.85,26.87,30.84,4.68,8.34,5.04,8.05,4.55,19.83,7.74,3.77,9.73,19.11,11.8,7.67,6.15,13.54,13.91,5.28,8.19,7.34,4.53,10.65,8.97,9.23,6.72,15.3,14.65,9.48,4.89,3.06,4.9,10.88,12.52,5.02,8.81,10.06,4.26,10.44,11.87,6.92,17.8,7.7,5.52,4.5,6.9,7.31,4.89,16.59,12.55,11.45,5.95,57.29,54.86
9.51,10.76,8.25,4.31,17.27,18.66,9.82,3.11,1.8,7.18,12.79,5.26,31.25,2.94,4.69,29.71,8.71,12.35,4.55,24.27,14.25,15.68,13.45,30.92,28.96,16.1,14.77,10.63,14.99,16.68,4.89,12.93,16.81,1.77,10.4,7.17,17.0,38.38,14.15,13.98,1.07,2.29,22.26,3.94,13.52,0.0,13.64,9.02,11.66,15.18,4.2,30.93,13.6,13.17,13.04,7.75,11.57,6.23,15.12,11.75,9.87,21.28,12.49,4.2,7.93,14.39,15.52,6.43,4.09,13.95,11.09,5.82,2.94,7.02,6.02,3.24,6.52,9.39,1.9,9.98,15.73,13.21,12.53,10.53,11.8,11.47,12.59,8.06,9.74,14.05,15.01,29.26,11.68,9.46,11.01,13.41,10.51,1.52,6.44,5.62,3.82,38.91,26.46,33.12,26.4,27.57,34.31,29.13,28.79,31.91,32.55,32.25,39.66,40.7,30.54,38.53,40.95,39.13,40.85,38.99,40.74,48.46,31.83,30.48,39.57,36.84,30.85,35.36,32.4,37.06,18.85,18.41,16.37,20.63,14.72,15.48,26.5,27.06,15.0,24.96,33.83,31.76,34.12,35.08,20.31,20.16,37.19,27.56,34.21,32.7,38.46,32.5,37.52,26.3,24.66,30.17,21.03,15.14,13.16,23.62,17.19,31.51,20.49,19.59,22.53,16.5,21.6,21.42,23.1,29.87,23.69,26.78,16.51,17.17,29.97,20.61,19.56,22.85,16.41,13.32,16.04,16.67,15.66,17.4,12.01,13.84,11.55,13.08,16.62,16.85,8.53,9.75,5.59,7.37,6.31,13.92,5.88,11.14,3.19,4.5,13.85,11.5,11.19,12.93,12.94,7.82,6.11,6.58,10.67,10.32,3.67,7.78,5.24,20.11,24.6,29.33,23.13,9.06,6.84,20.4,15.73,18.55,22.18,24.6,21.57,12.8,2.26,16.75,10.01,14.46,14.95,19.0,18.09,23.82,26.02,25.6,11.42,14.18,19.78,21.49,20.03,17.38,22.61,26.84,8.4,18.39,19.42,23.38,14.79,20.97,9.7,5.48,8.98,27.38,9.04,11.68,16.36,26.66,22.06,12.33,10.81,24.74,23.45,9.94,17.44,12.0,14.64,19.9,20.45,18.47,11.38,26.5,15.67,27.96,16.29,14.45,16.29,28.33,30.78,16.41,24.85,26.1,15.66,28.92,27.99,23.04,31.35,19.09,16.91,15.89,18.29,18.7,16.28,30.15,30.81,29.71,17.34,46.13,43.7
9.39,7.88,6.92,13.19,9.1,19.58,6.95,11.93,11.0,2.33,13.71,14.15,23.12,16.58,13.58,15.11,5.97,17.09,13.37,25.19,15.16,12.65,6.52,22.78,20.82,7.93,7.84,11.55,6.82,8.54,10.01,13.85,17.73,12.53,11.31,10.31,17.92,34.87,5.98,5.82,14.71,15.93,14.09,9.38,6.59,13.64,0.0,10.56,2.67,16.22,8.36,22.59,14.63,4.8,1.35,8.79,12.61,11.08,13.92,12.79,6.95,9.69,13.52,6.55,8.97,6.02,7.16,7.47,8.25,14.99,12.13,5.12,9.98,4.45,6.14,8.07,11.37,6.26,8.91,11.02,7.37,4.85,1.87,6.87,7.53,3.1,4.22,4.94,6.21,5.68,19.74,34.0,16.42,14.19,15.75,18.15,15.25,14.34,14.5,13.69,16.64,30.57,18.09,24.78,18.03,19.2,25.97,20.76,20.43,23.57,24.21,23.92,38.75,37.49,31.58,37.62,40.04,35.93,37.64,38.08,39.82,47.55,32.87,31.52,38.66,35.43,31.89,40.1,33.44,41.8,19.89,19.45,17.41,21.67,15.75,16.52,27.53,28.1,16.04,26.0,34.87,32.79,35.16,36.11,21.35,21.19,38.22,28.6,35.25,33.73,39.5,33.53,38.55,27.34,25.7,31.21,16.96,13.95,14.19,15.25,8.82,23.17,12.13,11.23,14.16,8.13,13.24,13.06,14.74,21.53,15.32,18.44,8.14,12.94,21.63,12.25,11.2,14.48,17.45,14.36,17.08,17.7,16.7,18.44,8.25,8.95,12.59,8.42,8.25,8.48,9.56,11.29,10.44,12.23,11.16,1.22,4.0,1.46,8.35,6.81,6.85,4.5,4.19,5.93,5.95,8.29,9.3,7.3,7.86,6.8,12.56,5.72,10.41,21.15,25.63,30.36,24.16,13.79,11.7,21.44,20.47,19.59,23.22,25.64,22.61,17.54,10.9,21.48,14.75,19.19,19.68,20.04,19.13,24.86,27.06,26.64,12.96,18.91,20.82,22.53,21.07,18.42,23.65,27.87,10.94,19.43,20.45,24.42,7.8,9.39,1.55,5.83,2.84,19.04,5.53,4.69,7.4,18.32,9.46,5.33,2.73,11.2,11.57,2.94,5.86,2.97,7.65,8.31,8.86,6.89,4.39,12.96,7.3,16.37,9.29,7.45,9.3,14.79,17.24,9.42,13.27,14.52,8.66,17.34,16.41,11.46,17.81,12.1,9.92,8.89,11.29,11.7,9.29,16.61,17.27,16.17,10.35,50.87,48.44
14.57,18.27,13.31,8.58,10.75,14.06,17.34,12.13,10.82,10.92,4.65,9.53,23.8,11.96,8.97,16.94,5.81,12.75,13.57,19.67,6.37,11.08,16.9,28.66,26.7,9.58,18.22,6.03,9.16,14.42,4.85,8.33,12.21,7.91,4.67,1.82,12.4,25.04,11.89,11.73,10.09,11.31,15.93,9.0,16.98,9.02,10.56,0.0,8.39,10.37,7.0,27.65,5.57,9.89,9.77,2.94,6.75,2.78,10.31,3.73,5.84,18.0,4.68,5.19,1.87,7.71,8.22,4.57,6.9,9.13,4.66,7.06,8.63,6.19,8.09,8.13,3.4,4.57,7.55,5.17,8.0,9.94,9.26,6.5,6.98,8.2,6.3,4.81,5.72,6.95,15.88,30.13,12.55,10.33,11.88,14.28,11.38,10.35,10.52,9.7,12.65,35.64,19.57,24.62,19.51,20.68,24.29,22.24,21.9,28.64,29.28,28.98,28.91,27.65,21.74,27.78,30.2,26.09,27.8,28.24,29.98,37.71,23.03,21.68,28.82,25.59,22.05,25.15,23.6,26.0,14.03,13.59,11.55,15.82,9.9,10.66,21.68,22.24,10.19,20.14,29.02,26.94,29.3,30.26,15.49,15.34,32.37,22.74,29.4,27.88,33.64,27.68,32.7,21.48,19.84,25.36,16.21,10.33,8.34,16.73,9.89,17.83,13.6,12.7,15.64,9.2,14.71,14.53,16.22,19.61,16.8,23.5,9.21,12.36,17.88,13.72,12.26,15.96,7.61,5.51,7.24,11.85,6.86,8.6,7.2,9.03,6.73,8.26,13.34,9.55,2.6,1.6,4.96,3.26,5.68,10.64,8.32,11.65,7.0,9.39,17.04,14.69,14.38,16.13,16.14,12.7,11.0,11.46,18.05,16.99,12.5,12.66,10.12,11.31,15.79,20.52,14.33,7.71,6.22,11.6,16.6,9.75,13.38,15.8,12.77,11.45,6.92,17.62,8.66,13.1,15.81,10.2,9.29,15.02,17.22,16.8,2.24,12.82,10.98,12.69,11.23,8.58,13.81,18.03,2.08,9.59,10.62,14.58,17.99,17.7,11.74,10.37,13.04,24.11,15.72,14.88,13.09,23.39,18.79,16.86,12.92,21.47,20.17,13.13,14.17,13.17,17.84,16.63,17.18,15.2,15.57,23.23,12.4,24.69,19.48,17.65,19.49,25.05,27.51,19.61,21.58,22.83,18.85,25.65,24.72,19.77,28.08,22.29,19.9,19.08,21.48,23.83,19.48,26.87,27.53,26.43,20.54,40.95,44.57
9.83,10.38,9.41,11.21,7.12,17.6,9.45,10.62,9.69,3.03,11.73,12.17,21.14,14.6,11.6,13.13,3.99,15.11,12.06,23.21,13.18,10.67,9.01,20.8,18.84,5.95,10.33,9.57,4.84,6.56,8.03,11.87,15.75,10.55,9.33,8.33,15.94,32.89,4.0,3.84,12.73,13.95,12.11,8.88,9.09,11.66,2.67,8.39,0.0,13.56,5.69,27.03,11.97,9.27,9.15,6.12,9.94,8.42,13.49,10.12,9.03,17.38,10.86,3.88,6.3,10.49,11.63,4.8,5.59,12.32,9.47,7.31,7.32,6.42,7.52,6.81,8.71,7.76,6.24,8.35,11.84,9.32,8.64,9.69,10.17,7.58,8.7,7.26,8.9,10.16,17.08,31.33,13.75,11.53,13.08,15.48,12.58,11.67,11.84,11.02,13.97,35.02,22.56,29.22,22.51,23.67,30.41,25.24,24.9,28.02,28.66,28.36,36.08,34.83,28.91,34.95,37.37,33.26,34.97,35.41,37.16,44.88,30.2,28.85,35.99,32.76,29.22,37.43,30.77,39.13,17.22,16.78,14.74,19.0,13.09,13.85,24.87,25.43,13.37,23.33,32.2,30.13,32.49,33.45,18.68,18.53,35.56,25.93,32.58,31.07,36.83,30.87,35.89,24.67,23.03,28.55,19.4,13.51,11.53,19.72,13.3,27.62,16.6,15.7,18.64,12.6,17.71,17.53,19.21,25.97,19.79,22.88,12.62,15.54,26.07,16.72,15.67,18.95,14.78,11.69,14.41,15.04,14.03,15.77,10.38,12.21,9.92,11.45,12.72,12.95,6.9,8.62,7.78,9.56,8.49,10.02,7.37,11.03,5.69,8.07,16.42,14.07,13.76,15.51,15.52,11.39,9.68,10.15,14.24,13.88,9.9,11.35,8.81,18.48,22.97,27.7,21.5,11.13,9.03,18.77,17.8,16.92,20.56,22.97,19.94,14.87,8.24,18.82,12.08,16.53,17.01,17.38,16.46,22.19,24.39,23.97,10.29,16.24,18.15,19.86,18.4,15.76,20.98,25.21,8.27,16.77,17.79,21.75,17.37,17.08,11.12,9.05,12.42,23.49,12.61,14.26,12.47,22.77,18.17,16.24,12.3,20.85,19.55,12.51,13.55,12.54,17.22,16.01,16.56,14.58,14.95,22.61,11.78,24.07,18.86,17.03,18.87,24.43,26.89,18.99,20.96,22.21,18.23,25.03,24.1,19.15,27.46,21.67,19.28,18.46,20.86,23.21,18.86,26.25,26.91,25.81,19.92,48.2,45.77
20.24,23.93,18.97,17.52,12.83,4.17,23.0,16.41,15.48,16.58,8.66,18.48,15.73,18.13,17.91,8.87,11.48,21.42,17.85,9.78,4.62,3.0,22.57,16.08,15.88,11.66,23.89,5.01,11.44,20.09,14.34,3.05,3.64,16.85,6.27,10.32,3.83,24.33,17.56,11.09,16.26,17.48,7.85,14.67,22.64,15.18,16.22,10.37,13.56,0.0,12.8,14.92,6.54,11.66,15.56,8.11,7.5,11.47,2.44,7.8,7.77,23.79,6.37,10.98,9.05,10.11,9.01,10.36,12.69,1.8,5.92,12.85,14.42,11.98,13.88,13.92,12.09,10.36,13.34,5.91,7.53,10.12,15.05,6.66,7.72,13.99,9.24,8.82,7.59,8.23,24.6,38.86,21.28,19.05,20.6,23.0,20.11,16.76,19.36,18.55,19.06,23.37,11.7,16.76,11.65,12.81,16.43,14.38,14.04,15.83,16.32,16.72,28.26,27.0,21.09,27.13,29.55,25.44,27.15,27.59,29.33,37.06,22.38,21.03,28.17,24.94,21.4,24.5,22.95,25.35,4.41,5.29,2.08,6.2,1.6,1.19,13.38,13.94,1.89,11.84,20.72,18.64,21.0,21.96,7.19,5.72,24.07,14.44,21.1,19.58,25.34,19.38,24.4,13.18,10.22,17.06,6.59,2.46,3.7,8.86,6.86,9.97,5.74,4.84,7.78,8.17,6.85,6.67,8.35,11.75,8.93,12.23,8.38,4.49,10.02,5.86,10.47,8.09,6.96,7.37,6.59,3.55,6.21,7.95,5.74,4.27,4.22,5.79,13.31,10.34,9.65,9.25,15.3,11.95,16.02,16.43,14.11,17.44,12.79,15.18,22.83,20.48,20.18,21.92,21.93,18.49,16.79,17.25,23.84,22.78,17.0,18.45,15.91,10.66,15.14,19.87,13.67,18.65,16.56,10.95,25.33,9.1,12.73,15.15,12.12,22.39,15.76,26.34,19.6,24.05,24.54,9.55,8.64,14.37,16.57,16.15,11.79,23.77,10.33,12.04,10.58,7.93,13.16,17.38,11.02,8.94,9.96,13.93,23.78,23.49,17.53,16.16,18.83,15.4,21.51,20.67,18.88,14.14,24.58,22.65,18.71,27.26,25.96,18.92,19.96,18.96,23.63,22.42,22.97,20.99,21.36,29.02,12.36,30.48,25.27,23.44,25.28,30.84,33.3,25.4,27.37,28.62,24.64,31.44,30.51,25.56,33.87,28.08,25.69,24.87,27.27,29.62,25.27,32.66,33.32,32.22,26.33,40.3,39.31
9.25,10.49,7.99,5.86,9.34,16.22,9.56,5.42,4.5,3.17,10.35,6.81,26.8,7.14,6.25,15.34,3.92,14.13,6.86,21.83,11.8,13.23,14.7,26.46,24.5,8.17,16.03,8.19,7.05,12.22,7.05,10.49,14.37,3.42,7.95,6.95,14.56,31.51,7.43,6.05,5.27,6.49,14.33,3.68,14.78,4.2,8.36,7.0,5.69,12.8,0.0,24.19,11.24,5.0,6.27,5.4,9.22,8.11,12.77,9.4,5.89,14.54,10.13,1.85,5.58,6.22,7.36,4.08,1.67,11.6,8.74,1.83,3.41,3.03,2.04,2.9,8.41,5.2,2.33,7.63,7.57,5.05,5.76,6.54,6.77,3.93,4.43,4.08,5.76,5.89,16.78,31.03,13.45,11.23,12.78,15.18,12.28,5.75,8.01,7.2,8.05,32.17,18.29,26.38,18.24,19.4,23.02,20.97,20.63,25.17,25.81,25.51,35.36,34.11,28.19,34.23,36.65,32.54,34.25,34.69,36.44,44.16,29.48,28.13,35.27,32.04,28.5,37.13,30.05,32.45,16.5,16.06,14.02,18.28,12.37,13.13,24.15,24.71,12.65,22.61,31.48,29.41,31.77,32.72,17.96,17.81,34.84,25.21,31.86,30.34,36.11,30.15,35.17,23.95,22.31,27.82,18.68,12.79,10.8,15.45,9.03,16.56,12.33,11.43,14.37,8.33,13.44,13.26,14.94,18.34,15.52,20.04,8.35,13.15,23.22,12.45,11.4,14.68,14.06,10.97,13.69,14.31,13.31,15.05,7.92,11.49,9.2,8.09,8.45,8.68,6.17,7.9,7.47,8.48,8.19,7.15,1.89,8.15,1.77,4.16,13.5,11.15,10.84,12.59,12.6,7.47,5.77,6.23,10.33,9.97,5.99,7.43,4.9,17.76,22.25,26.98,20.78,10.82,8.73,18.05,17.5,16.2,19.83,22.25,19.22,14.57,3.83,18.51,11.78,16.22,16.71,16.65,15.74,21.47,23.67,23.25,9.57,15.94,17.43,19.14,17.68,15.03,20.26,24.49,7.55,16.04,17.07,21.03,14.45,14.23,8.24,5.14,8.63,20.64,8.7,11.34,9.62,19.92,15.32,13.39,9.43,18.0,16.71,9.59,10.7,9.67,14.3,13.16,13.71,11.73,12.1,19.76,7.51,21.22,15.94,14.1,15.95,21.59,24.04,16.07,18.11,19.36,15.31,22.18,21.25,16.3,24.61,18.75,16.43,15.54,17.94,20.37,15.94,23.4,24.07,22.97,17.0,47.9,45.47
26.17,24.67,23.7,30.48,18.74,18.25,23.74,29.89,28.96,22.95,21.08,31.44,1.33,33.87,30.87,6.05,23.29,34.38,31.33,22.81,17.04,12.13,23.3,1.28,1.26,17.57,24.63,17.43,19.59,18.06,27.3,15.73,18.3,29.82,18.69,27.6,18.84,36.75,23.27,18.58,32.0,33.22,7.07,28.15,23.38,30.93,22.59,27.65,27.03,14.92,24.19,0.0,18.89,20.53,21.48,20.46,19.85,28.49,13.44,20.15,17.6,13.2,18.73,23.95,21.41,19.85,14.73,24.87,25.66,13.88,18.27,22.55,27.39,21.89,23.58,26.89,28.78,18.76,26.31,18.26,16.87,17.22,20.98,17.46,18.11,20.54,17.0,18.33,16.79,16.33,37.15,51.41,33.83,31.6,33.15,35.55,32.65,31.74,31.91,31.09,34.04,8.35,7.85,2.49,9.11,7.75,3.68,4.87,11.13,1.2,1.92,1.69,40.61,39.36,33.44,39.48,41.9,37.79,39.5,39.94,41.69,49.41,34.73,33.38,40.52,37.29,33.75,36.85,35.3,37.7,17.44,19.69,16.74,19.23,16.25,15.85,27.78,28.34,16.54,26.24,35.11,33.03,35.4,36.35,21.59,16.03,38.47,28.84,35.49,33.97,39.74,33.78,38.8,27.58,23.25,31.45,14.74,13.47,16.05,10.38,12.57,6.04,11.65,10.08,11.94,13.89,8.07,12.58,8.79,4.32,11.92,6.72,14.09,12.46,7.48,9.13,8.43,13.23,19.31,19.72,18.94,18.2,18.56,20.3,17.19,15.72,16.58,17.24,21.03,16.05,22.0,21.6,27.85,29.63,28.57,22.36,23.81,23.37,25.76,23.55,23.59,21.24,20.93,22.67,22.68,25.03,26.03,24.04,24.6,23.54,29.97,22.46,28.88,23.01,27.49,32.22,26.03,31.2,29.1,23.3,37.88,21.45,25.08,27.5,24.47,34.94,28.31,38.89,32.15,36.6,37.09,21.9,20.99,26.72,28.92,28.5,24.14,36.32,22.68,24.39,22.93,20.28,25.51,29.73,23.38,21.29,22.32,26.28,24.53,14.58,19.57,22.57,19.58,5.13,22.26,21.42,17.3,5.51,11.87,17.96,18.96,14.55,13.26,18.12,15.2,20.15,24.38,13.33,14.53,14.17,16.67,16.31,20.08,21.57,18.13,19.25,18.78,18.14,20.59,21.79,18.47,19.2,25.4,22.53,21.6,16.65,13.94,21.9,16.78,22.16,23.66,20.72,19.18,19.95,20.62,19.52,22.72,52.65,51.66
18.65,22.35,17.38,15.93,13.54,9.96,21.41,14.82,13.89,15.0,1.76,16.89,19.7,16.54,16.32,12.84,9.89,19.83,16.26,15.57,1.86,6.98,20.98,20.06,19.85,12.36,22.3,5.82,12.25,18.5,9.56,4.23,8.11,15.26,3.93,6.52,8.3,20.53,15.97,11.89,14.67,15.89,11.83,13.08,21.05,13.6,14.63,5.57,11.97,6.54,11.24,18.89,0.0,12.52,14.03,6.58,5.97,7.65,6.42,2.0,8.63,22.27,1.8,9.46,6.52,10.98,10.37,8.84,11.16,5.25,3.92,11.32,12.89,10.46,12.35,12.39,8.27,8.83,11.81,4.38,8.4,10.98,13.52,7.52,6.2,12.46,10.1,9.07,8.46,9.1,23.07,30.85,19.75,17.52,19.08,21.48,18.58,15.24,17.83,17.02,17.54,27.35,15.68,20.73,15.62,16.79,20.41,18.35,18.02,19.8,20.3,20.69,24.4,23.14,17.23,23.27,25.69,21.58,23.29,23.73,25.47,33.2,18.52,17.17,24.31,21.08,17.54,20.64,19.09,21.49,10.14,9.7,7.66,11.93,6.01,6.78,17.79,18.35,6.3,16.25,25.13,23.05,25.42,26.37,11.61,11.45,28.48,18.85,25.51,23.99,29.75,23.79,28.81,17.6,15.95,21.47,12.32,6.44,2.84,12.84,10.83,13.94,9.72,8.82,11.75,11.34,10.83,10.64,12.33,15.73,12.91,16.2,11.35,8.47,14.0,9.84,14.45,12.07,3.1,2.79,2.73,7.96,2.35,4.09,6.61,5.14,5.09,6.66,14.18,11.69,8.12,4.44,9.83,8.13,10.55,14.91,12.58,15.91,11.26,13.65,21.31,18.96,18.65,20.39,20.4,16.96,15.26,15.72,22.32,21.25,15.47,16.92,14.39,6.8,11.28,16.01,9.81,17.12,11.09,7.09,23.8,5.24,8.87,11.29,8.26,20.87,14.23,24.81,18.08,11.95,23.01,5.69,4.78,10.51,12.71,12.29,6.99,19.97,6.47,8.18,6.72,4.07,9.3,13.52,6.95,5.08,6.1,10.07,22.25,21.96,16.0,14.63,17.3,19.38,19.98,19.14,17.35,18.11,23.05,21.12,17.19,25.73,24.44,17.4,18.43,17.43,22.1,20.89,21.44,19.46,19.83,27.49,13.23,28.95,23.75,21.91,23.75,29.32,31.77,23.87,25.85,27.09,23.11,29.91,28.98,24.03,32.34,26.55,24.16,23.35,25.75,28.1,23.74,31.14,31.8,30.7,24.8,36.44,35.45
11.97,12.51,11.54,12.72,6.71,15.08,11.58,12.13,11.2,5.16,13.23,13.68,21.57,16.11,13.11,12.71,4.1,16.62,13.57,20.69,10.66,10.25,11.14,21.23,19.27,4.57,12.47,11.08,3.43,6.01,9.54,9.35,13.23,12.05,10.84,9.84,13.42,30.38,5.51,2.43,14.24,15.46,11.69,10.38,11.22,13.17,4.8,9.89,9.27,11.66,5.0,20.53,12.52,0.0,4.14,5.54,7.81,11.18,11.5,9.66,4.96,10.72,10.4,6.64,9.07,3.47,4.73,4.98,8.35,9.48,9.0,3.37,10.08,2.71,4.4,9.58,11.47,4.27,9.0,7.33,4.94,1.75,3.64,5.53,6.18,1.8,1.78,2.95,4.86,3.5,19.84,34.1,16.52,14.29,15.84,18.24,15.35,14.43,14.6,13.78,16.73,28.36,15.66,22.57,15.61,16.77,20.39,18.34,18.0,21.36,22.0,21.71,34.27,33.01,27.1,33.13,35.55,31.44,33.16,33.59,35.34,43.07,28.38,27.03,34.17,30.94,27.41,30.5,28.95,31.36,15.4,14.96,12.92,17.19,11.27,12.03,23.05,23.61,11.56,21.51,30.39,28.31,30.67,31.63,16.86,15.82,33.74,24.11,30.77,29.25,35.01,29.05,34.07,22.85,21.21,26.73,14.54,11.52,9.71,12.82,6.4,13.93,9.7,8.8,11.74,5.71,10.81,10.63,12.31,15.71,12.89,16.23,5.72,10.52,13.98,9.82,8.77,12.05,12.97,11.23,12.6,13.22,12.22,13.96,6.91,7.6,9.46,5.55,4.65,6.05,9.66,11.39,10.54,12.32,11.26,5.02,4.63,6.03,8.45,8.48,11.42,9.07,8.76,10.5,10.52,10.21,10.96,8.97,12.43,11.37,12.66,8.74,11.57,16.66,21.15,25.88,19.68,13.89,11.8,16.95,20.57,15.1,18.74,21.15,18.13,17.63,11.0,21.58,14.84,19.29,19.78,15.56,14.64,20.37,22.57,22.15,13.05,19.01,16.33,18.04,16.58,13.94,19.16,23.39,11.04,14.95,15.97,19.93,12.37,10.42,6.12,7.5,7.41,16.83,10.1,9.26,5.81,16.11,11.51,9.57,7.3,12.23,12.9,7.51,6.88,7.54,12.22,9.34,9.89,7.92,8.29,13.99,3.7,17.4,13.86,12.02,13.87,15.82,18.27,13.99,14.3,15.54,13.23,18.36,17.44,12.48,18.84,16.67,12.62,13.46,15.86,16.55,13.86,17.63,18.3,17.2,14.92,50.96,48.53
8.52,9.06,8.1,12.6,8.51,18.98,8.13,12.0,11.07,0.97,13.11,13.55,22.52,15.98,12.98,14.51,5.37,16.49,13.44,24.59,14.56,12.05,7.7,22.18,20.22,7.33,9.02,10.95,6.22,7.94,9.42,13.25,17.13,11.93,10.71,9.71,17.32,34.27,5.38,5.22,14.11,15.33,13.49,7.72,7.77,13.04,1.35,9.77,9.15,15.56,6.27,21.48,14.03,4.14,0.0,8.18,12.0,10.47,13.31,12.18,6.34,10.88,12.91,5.94,8.36,5.41,6.54,6.86,7.64,14.38,11.52,4.51,9.37,3.84,5.53,6.35,10.76,5.65,8.29,10.41,6.76,4.24,1.26,6.26,6.92,2.49,3.61,4.33,5.6,5.07,19.13,33.39,15.81,13.58,15.14,17.53,14.64,13.73,13.89,13.08,16.03,29.96,17.48,24.17,17.42,18.59,25.36,20.15,19.82,22.96,23.6,23.31,38.14,36.88,30.97,37.01,39.43,35.32,37.03,37.47,39.21,46.94,32.26,30.91,38.05,34.82,31.28,39.49,32.83,41.19,19.27,18.83,16.79,21.06,15.14,15.91,26.92,27.48,15.43,25.39,34.26,32.18,34.55,35.5,20.74,20.58,37.61,27.99,34.64,33.12,38.89,32.92,37.94,26.73,25.08,30.6,16.35,13.33,13.58,14.64,8.21,22.56,11.52,10.62,13.55,7.52,12.63,12.44,14.13,20.92,14.71,17.83,7.53,12.33,21.02,11.64,10.59,13.87,16.84,13.75,16.47,17.09,16.09,17.83,7.64,8.34,11.98,7.81,7.64,7.87,8.95,10.68,9.83,11.62,10.55,1.64,2.64,2.64,7.74,5.09,8.04,5.69,5.38,7.12,7.13,6.82,7.58,5.59,9.05,7.99,11.95,5.36,8.69,20.54,25.02,29.75,23.55,13.18,11.09,20.83,19.86,18.98,22.61,25.03,22.0,16.93,10.29,20.87,14.14,18.58,19.07,19.43,18.52,24.25,26.45,26.03,12.35,18.3,20.21,21.92,20.46,17.81,23.04,27.26,10.33,18.82,19.84,23.81,8.99,10.57,2.74,4.11,4.03,18.43,6.71,5.87,7.42,17.71,13.11,6.52,3.92,12.39,14.5,4.13,7.04,4.16,8.83,9.5,10.05,8.08,5.58,14.15,6.69,17.56,10.48,8.64,10.48,15.97,18.43,10.6,14.46,15.7,9.85,18.52,17.59,12.64,19.0,13.28,11.1,10.08,12.48,12.89,10.48,17.79,18.45,17.35,11.53,50.26,47.83
12.81,16.5,11.54,10.09,8.33,11.54,15.57,8.98,8.05,9.15,5.66,11.04,21.28,10.7,10.48,14.41,4.05,13.99,10.42,17.14,7.12,8.55,15.13,26.89,24.93,7.16,16.46,3.5,6.75,12.65,6.91,5.81,9.68,9.42,3.27,2.88,9.87,26.83,10.13,6.39,8.82,10.04,13.4,7.24,15.21,7.75,8.79,2.94,6.12,8.11,5.4,20.46,6.58,5.54,8.18,0.0,4.44,4.14,7.99,4.62,3.65,16.46,5.36,3.66,1.72,5.52,6.03,3.03,5.36,6.82,3.96,5.52,7.09,4.65,6.55,6.59,4.76,2.38,6.01,2.85,5.81,8.4,7.72,5.46,4.67,6.66,4.1,2.62,3.52,4.76,17.27,31.53,13.95,11.72,13.27,15.67,12.78,9.43,12.03,11.22,11.73,34.1,17.25,22.31,17.2,18.36,21.98,19.93,19.59,21.38,21.87,27.44,30.58,29.33,23.41,29.45,31.87,27.76,29.47,29.91,31.66,39.38,24.7,23.35,30.49,27.26,23.72,26.82,25.27,27.67,11.72,11.28,9.24,13.5,7.59,8.35,19.37,19.93,7.87,17.83,26.7,24.63,26.99,27.94,13.18,13.03,30.06,20.43,27.08,25.56,31.33,25.37,30.39,19.17,17.53,23.04,13.9,8.01,6.03,14.41,7.7,15.52,11.29,10.39,13.33,7.0,12.4,12.22,13.9,17.3,14.48,21.97,7.02,10.04,15.57,11.41,10.07,13.64,9.28,6.19,8.91,9.53,8.53,10.27,4.88,6.71,4.42,5.95,11.81,7.35,2.32,4.04,7.97,4.62,8.69,9.1,6.78,10.11,5.46,7.85,15.5,13.16,12.85,14.59,14.6,11.16,9.46,9.92,16.51,15.45,9.67,11.12,8.58,12.98,17.47,22.2,16.0,11.32,9.23,13.27,18.0,11.42,15.05,17.47,14.44,15.06,8.43,19.01,12.27,16.72,17.21,11.87,10.96,16.69,18.89,18.47,5.71,16.44,12.65,14.36,12.9,10.25,15.48,19.71,3.69,11.26,12.29,16.25,16.45,16.16,10.2,8.83,11.5,22.57,14.18,13.34,11.55,21.85,17.25,15.32,11.38,19.93,18.63,11.59,12.63,11.63,16.3,15.09,15.64,13.66,14.03,21.69,10.86,23.15,17.94,16.11,17.95,23.51,25.97,18.07,20.04,21.29,17.31,24.11,23.18,18.23,26.54,20.75,18.36,17.54,19.94,22.29,17.94,25.33,26.0,24.89,19.0,42.62,45.96
16.62,20.32,15.36,13.91,8.8,10.92,19.39,12.8,11.87,12.97,5.05,14.86,20.66,14.52,14.3,13.8,6.0,17.81,14.24,16.53,6.5,7.94,18.95,21.02,20.81,7.63,20.28,2.89,7.52,10.74,10.73,5.19,9.07,13.24,2.65,6.7,9.26,26.22,9.87,7.16,12.64,13.86,12.78,11.05,19.03,11.57,12.61,6.75,9.94,7.5,9.22,19.85,5.97,7.81,12.0,4.44,0.0,7.8,7.5,4.13,3.44,20.13,4.86,7.32,5.39,6.27,5.66,6.7,9.02,6.33,3.47,6.84,10.76,5.97,7.86,10.25,8.42,4.92,9.68,1.8,5.44,6.28,11.38,3.3,2.5,6.16,5.4,4.49,3.4,4.39,20.94,35.19,17.61,15.39,16.94,19.34,16.44,13.1,15.69,14.88,15.4,28.43,16.76,21.82,16.7,17.87,21.49,19.43,19.1,20.89,21.38,21.77,30.09,28.83,22.92,28.96,31.38,27.27,28.98,29.42,31.16,38.89,24.21,22.86,30.0,26.77,23.23,26.33,24.78,27.18,11.23,10.78,8.74,13.01,7.09,7.86,18.87,19.44,7.38,17.34,26.21,24.13,26.5,27.45,12.69,12.53,29.56,19.94,26.59,25.07,30.84,24.87,29.89,18.68,17.04,22.55,13.4,7.52,5.53,13.92,7.33,15.02,10.8,9.9,12.83,6.64,11.91,11.73,13.41,16.81,13.99,17.29,6.65,9.55,15.08,10.92,9.71,13.15,8.79,5.7,8.42,9.04,8.04,9.78,2.9,4.31,3.93,3.79,9.47,6.99,5.98,5.58,11.63,8.28,12.35,12.77,8.1,13.77,9.12,11.51,19.17,16.82,16.51,18.25,18.26,14.82,13.12,13.58,20.18,19.12,13.34,14.78,12.25,12.49,16.97,21.7,15.5,14.98,12.89,12.78,21.66,10.93,14.56,16.98,13.95,18.73,12.1,22.67,15.94,20.38,20.87,11.38,10.47,16.2,18.4,17.98,8.12,20.1,12.16,13.87,12.41,9.76,14.99,19.21,7.36,10.77,11.79,15.76,20.11,19.82,13.87,12.49,15.16,26.23,17.84,17.0,15.21,25.51,20.91,18.98,15.05,23.59,22.3,15.26,16.29,15.29,19.96,18.75,19.3,17.33,17.69,25.35,8.52,26.81,21.61,19.77,21.61,27.18,29.63,21.73,23.71,24.95,20.98,27.77,26.84,21.89,30.2,24.41,22.02,21.21,23.61,25.96,21.6,29.0,29.66,28.56,22.66,42.13,41.14
13.09,14.34,11.83,5.78,11.95,14.89,13.4,9.34,8.03,11.45,6.73,6.74,29.52,9.17,6.17,17.77,4.77,9.96,10.78,20.5,10.47,11.91,17.43,29.19,27.23,10.78,18.75,6.86,13.25,14.95,2.06,9.16,13.04,5.12,6.62,1.13,13.23,27.12,12.42,12.25,7.3,8.52,16.76,7.52,17.5,6.23,11.08,2.78,8.42,11.47,8.11,28.49,7.65,11.18,10.47,4.14,7.8,0.0,11.35,5.78,6.89,18.94,6.72,6.53,2.92,12.05,9.27,3.71,8.23,10.18,6.71,6.81,6.27,5.94,7.83,6.77,1.42,5.61,5.42,6.21,9.05,10.88,10.19,7.55,8.03,9.13,10.25,6.17,6.76,8.0,13.22,27.48,9.9,7.67,9.22,11.62,8.73,7.69,7.86,7.05,10.0,36.57,20.61,30.78,20.56,21.72,25.34,23.29,22.95,29.57,30.21,29.92,37.87,29.7,23.79,36.74,39.16,28.14,29.85,37.2,38.95,46.67,25.07,23.72,37.78,35.06,24.1,33.57,25.65,35.28,15.08,14.64,12.6,16.86,10.95,11.71,22.73,23.29,11.23,21.19,30.06,27.99,30.35,31.3,16.54,16.39,33.42,23.79,30.44,28.92,34.69,28.73,33.75,22.53,20.89,26.4,17.26,11.37,9.39,17.77,10.93,18.88,14.65,13.75,16.69,10.24,15.76,15.58,17.26,20.66,17.84,24.44,10.25,13.4,18.93,14.77,13.31,17.0,9.66,7.56,9.29,12.89,8.91,10.65,8.24,10.07,7.78,9.31,14.28,10.59,3.65,3.65,2.56,2.27,3.27,11.58,8.06,12.58,6.71,8.03,17.98,15.63,15.32,17.06,17.07,11.34,9.64,10.1,14.2,13.84,9.84,11.3,8.76,13.36,17.84,22.57,16.37,5.3,3.81,13.65,13.95,11.8,15.43,17.85,14.82,9.04,4.26,14.96,6.25,10.69,13.16,12.25,11.34,17.06,19.27,18.85,5.32,10.41,13.03,14.74,13.28,10.63,15.86,20.08,3.3,11.64,12.66,16.62,18.92,18.63,12.67,9.01,13.97,25.04,12.57,15.81,14.02,24.32,19.72,17.79,13.86,22.4,21.11,14.07,15.1,14.1,18.77,17.56,18.11,16.14,16.5,24.16,13.33,25.62,20.42,18.58,20.42,25.99,28.44,20.54,22.52,23.76,19.79,26.58,25.65,20.7,29.01,23.22,20.83,20.02,22.42,24.77,20.41,27.81,28.47,27.37,21.47,44.34,41.91
20.18,21.64,18.91,17.46,11.36,6.35,20.7,16.35,15.42,14.29,8.6,18.41,14.26,18.07,17.85,7.39,11.42,21.36,17.79,11.96,4.56,1.53,20.27,14.61,14.41,10.18,21.59,4.95,11.2,14.43,14.28,3.25,5.82,16.79,6.21,10.25,6.01,24.27,14.64,10.85,16.19,17.41,6.38,14.61,20.34,15.12,13.92,10.31,13.49,2.44,12.77,13.44,6.42,11.5,13.31,7.99,7.5,11.35,0.0,7.67,6.74,19.8,6.25,10.86,8.93,10.02,7.54,10.24,12.57,1.41,5.8,10.14,14.3,9.27,11.16,13.79,11.96,8.22,13.22,5.79,6.5,10.03,12.86,5.63,5.91,11.03,9.81,7.79,6.56,7.2,24.48,38.73,21.15,18.93,20.48,22.88,19.98,16.64,19.24,18.42,18.94,21.9,10.23,15.28,10.17,11.34,14.96,12.9,12.57,14.35,14.85,15.24,28.14,26.88,20.96,27.0,29.42,25.31,27.02,27.46,29.21,36.94,22.25,20.9,28.04,24.81,21.27,24.37,22.82,25.22,6.59,7.47,4.26,8.38,3.78,3.37,15.56,16.12,4.07,14.02,22.9,20.82,23.18,24.14,9.37,7.9,26.25,16.62,23.28,21.76,27.52,21.56,26.58,15.36,12.4,19.24,9.1,0.99,3.58,7.39,5.38,8.49,4.27,3.37,6.3,6.7,5.38,5.19,6.88,10.28,7.46,10.76,6.91,3.02,8.55,4.39,9.0,6.62,6.84,7.25,6.47,5.73,6.08,7.83,4.71,3.24,4.1,4.76,13.22,8.86,9.52,9.13,15.18,11.83,15.9,14.25,11.4,15.25,12.67,15.05,20.65,18.3,17.99,19.73,19.74,18.37,16.66,17.13,21.66,20.6,16.88,18.33,15.79,10.53,15.02,19.75,13.55,18.53,16.43,10.82,25.2,8.97,12.61,15.02,12.0,22.27,15.64,26.22,19.48,23.93,24.41,9.43,8.51,14.24,16.44,16.02,11.67,23.65,10.2,11.91,10.45,7.81,13.03,17.26,10.9,8.82,9.84,13.8,21.59,18.99,15.34,16.03,16.64,13.93,19.32,18.48,14.39,12.66,18.48,18.15,16.53,21.16,19.86,16.74,15.46,16.77,21.44,17.92,18.47,16.5,16.86,22.92,12.28,25.98,23.09,21.25,23.09,24.74,27.2,23.21,22.88,25.8,22.46,26.94,26.01,21.06,27.77,25.89,21.19,22.69,25.09,25.13,23.08,26.56,27.22,26.12,24.14,40.18,39.19
16.81,20.5,15.54,14.09,10.65,11.22,19.57,12.98,12.05,13.15,1.08,15.04,20.96,14.7,14.48,14.1,8.05,17.99,14.42,16.83,3.79,8.23,19.13,21.31,21.11,9.48,20.46,3.19,9.37,16.65,7.71,5.49,9.37,13.42,2.09,4.68,9.56,22.46,14.13,9.01,12.82,14.04,13.08,11.24,19.21,11.75,12.79,3.73,10.12,7.8,9.4,20.15,2.0,9.66,12.18,4.62,4.13,5.78,7.67,0.0,5.29,20.42,2.09,7.61,4.68,8.12,7.51,6.99,9.32,6.51,2.08,9.48,11.05,8.61,10.51,10.55,6.43,6.99,9.97,2.54,7.29,8.13,11.68,5.15,4.35,10.62,7.25,7.23,5.25,6.24,21.23,35.49,17.91,15.68,17.23,19.63,16.74,13.39,15.99,15.17,15.69,28.61,16.94,22.0,16.88,18.05,21.67,19.61,19.28,21.07,21.56,21.95,26.33,25.07,19.16,25.2,27.62,23.51,25.22,25.66,27.4,35.13,20.45,19.09,26.24,23.01,19.47,22.57,21.02,23.42,11.41,10.96,8.92,13.19,7.27,8.04,19.05,19.62,7.56,17.52,26.39,24.31,26.68,27.63,12.87,12.71,29.74,20.12,26.77,25.25,31.02,25.05,30.07,18.86,17.22,22.73,13.58,7.7,5.71,14.1,9.18,15.2,10.98,10.08,13.01,8.49,12.09,11.9,13.59,16.99,14.17,17.47,8.5,9.73,15.26,11.1,11.56,13.33,5.03,2.93,4.66,9.22,4.28,6.02,4.57,6.4,4.11,5.64,11.32,8.84,6.28,2.6,7.99,6.29,8.71,13.06,10.74,14.07,9.42,11.81,19.46,17.11,16.8,18.55,18.56,15.12,13.42,13.88,20.47,19.41,13.63,15.08,12.54,8.73,13.21,17.94,11.74,15.28,9.24,9.02,21.96,7.17,10.8,13.22,10.19,19.02,12.39,22.97,16.23,10.11,21.17,7.62,6.71,12.43,14.64,14.22,5.14,20.4,8.4,10.11,8.65,6.0,11.23,15.45,5.1,7.01,8.03,12.0,20.41,20.12,14.16,12.79,15.46,26.53,18.14,17.3,15.51,25.81,21.21,19.28,15.34,23.89,22.59,15.55,16.59,15.59,20.26,19.05,19.6,17.62,17.99,25.65,10.37,27.11,21.9,20.07,21.91,27.47,29.93,22.03,24.0,25.25,21.27,28.07,27.14,22.19,30.5,24.71,22.32,21.5,23.9,26.25,21.9,29.29,29.95,28.85,22.96,38.37,37.38
12.49,14.66,13.69,13.0,6.66,11.19,13.73,11.1,10.17,7.31,6.21,13.95,18.41,12.82,13.39,11.55,3.49,16.9,12.54,16.8,6.77,7.3,13.29,18.76,18.56,5.49,14.62,3.19,5.37,8.6,8.18,5.46,9.34,9.09,3.82,5.79,9.53,26.49,7.66,5.02,10.94,12.16,10.53,9.35,13.37,9.87,6.95,5.84,9.03,7.77,5.89,17.6,8.63,4.96,6.34,3.65,3.44,6.89,6.74,5.29,0.0,14.63,6.02,6.42,4.49,4.12,3.51,4.11,7.39,5.53,4.63,4.32,9.12,3.46,5.35,8.62,7.53,2.4,8.04,2.96,3.29,4.13,5.85,1.58,1.81,4.02,3.25,1.97,1.11,2.24,20.04,34.3,16.72,14.49,16.04,18.44,15.54,11.46,14.8,13.98,13.76,26.12,14.45,19.5,14.39,15.56,19.18,17.12,16.79,18.57,19.07,19.46,30.32,29.06,23.15,29.19,31.61,27.5,29.21,29.65,31.39,39.12,24.43,23.08,30.22,27.0,23.46,26.55,25.01,27.41,11.45,11.01,8.97,13.24,7.32,8.09,19.1,19.66,7.61,17.56,26.44,24.36,26.73,27.68,12.92,12.76,29.79,20.16,26.82,25.3,31.06,25.1,30.12,18.91,17.26,22.78,13.32,6.73,5.76,11.61,5.18,12.71,8.48,7.59,10.52,4.49,9.6,9.41,11.1,14.5,11.68,14.97,4.5,9.3,12.77,8.61,7.56,10.84,9.02,6.86,8.65,9.27,8.27,10.01,2.96,3.65,5.09,3.13,7.32,4.84,5.09,6.74,10.74,7.39,11.46,7.24,5.58,8.24,7.49,7.97,13.64,11.29,10.98,12.72,12.73,10.83,11.48,9.59,14.65,13.59,11.7,10.96,10.61,12.72,17.2,21.93,15.73,14.09,11.99,13.01,20.77,11.16,14.79,17.21,14.18,17.83,11.2,21.78,15.04,19.49,19.98,11.61,10.7,16.42,18.63,18.21,8.48,19.21,12.39,14.1,12.63,9.99,15.22,19.44,6.46,11.0,12.02,15.98,14.58,14.32,8.33,9.71,9.63,20.73,12.31,11.47,9.71,20.01,15.41,13.48,9.52,18.09,16.8,9.73,10.79,9.76,14.43,13.25,13.8,11.83,12.19,19.85,6.37,21.31,16.08,14.24,16.08,21.68,24.13,16.2,18.21,19.45,15.45,22.27,21.34,16.39,24.7,18.88,16.52,15.68,18.08,20.46,16.07,23.5,24.16,23.06,17.13,42.36,41.37
14.82,13.32,12.35,20.83,12.71,27.22,12.39,17.36,16.44,11.85,21.34,21.79,14.23,24.22,21.22,12.68,13.64,24.73,18.8,32.82,22.8,18.48,11.95,13.89,11.93,11.07,10.89,19.19,9.93,8.41,17.65,21.49,25.37,20.16,18.95,17.95,25.56,42.51,13.62,8.93,22.35,23.57,13.42,14.82,10.27,21.28,9.69,18.0,17.38,23.79,14.54,13.2,22.27,10.72,10.88,16.46,20.13,18.94,19.8,20.42,14.63,0.0,22.9,15.93,18.35,10.13,12.46,16.85,17.63,24.37,21.51,14.52,15.34,13.86,15.55,13.44,20.75,15.67,18.28,20.4,12.67,9.86,12.95,16.28,16.94,12.51,13.63,14.35,15.62,11.22,29.12,43.38,25.8,23.57,25.12,27.52,24.63,23.71,23.88,23.07,26.02,21.16,20.74,15.37,21.99,20.64,16.56,17.75,24.01,14.16,14.8,14.51,48.13,46.87,40.96,47.0,49.42,45.31,47.02,47.46,49.2,56.93,42.25,40.89,48.04,44.81,41.27,49.47,42.82,51.18,29.26,28.82,26.78,31.05,25.13,25.9,36.91,37.47,25.42,35.37,44.25,42.17,44.54,45.49,30.73,24.11,47.6,37.97,44.63,43.11,48.87,42.91,47.93,36.72,35.07,40.59,22.82,19.8,23.57,21.11,14.12,13.76,17.98,16.42,20.02,13.43,14.41,18.91,15.13,12.12,21.18,9.03,13.44,18.8,12.22,15.46,14.77,20.34,26.83,23.74,26.46,27.08,26.08,27.82,17.66,18.35,21.97,13.28,11.31,13.78,18.94,20.67,19.82,21.6,20.54,10.8,15.78,9.63,17.73,12.18,9.89,9.87,9.56,11.3,8.72,13.66,14.67,12.67,13.23,12.17,17.92,11.09,15.78,30.53,35.01,39.74,33.54,23.17,21.08,30.82,29.85,28.97,32.6,35.02,31.99,26.91,20.28,30.86,24.12,28.57,29.06,29.42,28.51,34.23,36.44,36.02,22.33,28.29,30.2,31.91,30.45,27.8,33.03,37.25,20.32,28.81,29.83,33.79,13.17,2.55,8.2,11.2,8.21,9.63,10.9,10.06,5.44,8.91,1.6,6.59,7.59,3.34,3.71,6.75,3.84,8.78,13.02,1.97,2.5,2.8,5.3,5.1,10.36,9.53,6.09,7.21,6.75,6.92,9.38,9.75,6.43,7.99,11.7,10.5,9.57,4.62,9.95,9.87,4.75,10.12,11.63,8.68,7.15,8.74,9.4,8.3,10.68,60.25,57.81
17.54,21.24,16.27,14.82,11.39,9.8,20.3,13.71,12.78,13.89,3.01,15.78,19.54,15.43,15.21,12.67,8.78,18.72,15.15,15.4,1.69,6.81,19.87,19.89,19.69,10.21,21.19,3.92,10.1,17.39,11.64,4.07,7.94,14.15,2.82,5.63,8.13,20.37,14.86,9.74,13.56,14.78,11.66,11.97,19.94,12.49,13.52,4.68,10.86,6.37,10.13,18.73,1.8,10.4,12.91,5.36,4.86,6.72,6.25,2.09,6.02,22.9,0.0,8.35,6.42,8.85,8.24,7.73,10.05,5.08,2.81,10.21,11.78,9.35,11.24,11.28,7.37,7.72,10.7,3.27,8.23,8.86,12.41,5.88,5.09,11.35,7.98,7.96,5.98,6.97,21.96,30.68,18.64,16.41,17.97,20.36,17.47,14.12,16.72,15.91,16.43,27.18,15.51,20.57,15.45,16.62,20.24,18.19,17.85,19.64,20.13,20.53,24.23,22.98,17.06,23.1,25.52,21.41,23.12,23.56,25.31,33.03,18.35,17.0,24.14,20.91,17.37,20.47,18.92,21.32,9.98,9.54,7.5,11.76,5.85,6.61,17.63,18.19,6.13,16.09,24.96,22.89,25.25,26.2,11.44,11.29,28.32,18.69,25.34,23.82,29.59,23.63,28.65,17.43,15.79,21.3,12.16,6.27,2.67,12.67,10.67,13.78,9.55,8.65,11.59,9.22,10.66,10.48,12.16,15.56,12.74,16.04,9.23,8.3,13.83,9.67,14.28,11.9,2.93,1.0,2.56,7.79,2.18,3.92,5.3,4.97,4.92,6.49,12.05,9.57,7.01,3.55,8.93,7.23,9.65,13.8,11.47,14.8,10.15,12.54,20.2,17.85,17.54,19.28,19.29,15.85,14.15,14.61,21.2,20.14,14.36,15.81,13.28,6.63,11.12,15.85,9.65,16.01,10.19,6.92,22.69,5.07,8.71,11.12,8.09,19.76,13.12,23.7,16.97,21.41,21.9,5.53,4.61,10.34,12.54,12.12,6.09,21.13,6.3,8.01,6.55,3.91,9.13,13.36,6.05,4.92,5.94,9.9,21.14,20.85,14.89,13.52,16.19,19.21,18.87,18.03,16.24,17.94,21.94,20.01,16.08,24.62,23.33,16.29,17.32,16.32,20.99,19.78,20.33,18.35,18.72,26.38,11.11,27.84,22.64,20.8,22.64,28.21,30.66,22.76,24.74,25.98,22.0,28.8,27.87,22.92,31.23,25.44,23.05,22.24,24.64,26.99,22.63,30.03,30.69,29.59,23.69,36.27,35.28
9.25,10.49,7.99,5.86,11.01,14.41,9.56,5.42,4.5,6.91,8.53,6.81,24.99,7.14,6.24,23.44,3.23,12.32,6.86,20.02,9.99,11.42,12.89,24.65,22.69,9.83,14.22,6.38,8.72,10.41,5.24,8.68,12.56,3.42,6.14,5.14,12.75,29.7,7.88,7.72,5.27,6.49,15.99,3.68,12.97,4.2,6.55,5.19,3.88,10.98,1.85,23.95,9.46,6.64,5.94,3.66,7.32,6.53,10.86,7.61,6.42,15.93,8.35,0.0,3.73,7.93,9.06,2.23,1.7,9.75,6.9,3.43,3.44,3.85,3.64,2.93,6.56,5.19,2.36,5.78,9.27,6.75,6.07,7.12,7.6,5.01,6.13,4.69,6.33,7.59,14.93,29.18,11.6,9.38,10.93,13.33,10.43,5.78,9.69,8.87,8.08,32.45,19.99,26.66,19.94,21.11,27.85,22.67,22.33,25.45,26.09,25.79,33.52,32.26,26.34,32.38,34.8,30.69,32.4,32.84,34.59,42.31,27.63,26.28,33.42,30.19,26.65,35.28,28.2,30.6,14.65,14.21,12.17,16.43,10.52,11.28,22.3,22.86,10.81,20.76,29.64,27.56,29.92,30.88,16.11,15.96,32.99,23.36,30.02,28.5,34.26,28.3,33.32,22.1,20.46,25.98,16.83,10.95,8.96,17.15,10.73,25.05,14.03,13.13,16.07,10.04,15.14,14.96,16.64,23.4,17.23,20.32,10.05,12.98,23.5,14.15,13.1,16.38,12.21,9.12,11.84,12.47,11.46,13.2,7.81,9.64,7.35,8.88,10.16,10.39,4.33,6.05,5.63,6.63,6.35,7.45,3.49,8.46,1.8,4.19,13.85,11.51,11.2,12.94,12.95,7.5,5.8,6.27,10.36,10.0,6.02,7.47,4.93,15.91,20.4,25.13,18.93,8.98,6.88,16.2,15.65,14.35,17.99,20.4,17.38,12.72,3.87,16.67,9.93,14.38,14.86,14.81,13.89,19.62,21.82,21.4,7.72,14.1,15.58,17.29,15.83,13.19,18.41,22.64,5.7,14.2,15.22,19.18,14.8,14.51,8.55,5.17,9.85,20.92,8.73,11.69,9.9,20.2,15.6,13.67,9.73,18.28,16.99,9.94,10.98,9.98,14.65,13.44,13.99,12.01,12.38,20.04,9.21,21.5,16.29,14.46,16.3,21.86,24.32,16.42,18.39,19.64,15.66,22.46,21.53,16.58,24.89,19.1,16.71,15.89,18.3,20.64,16.29,23.68,24.35,23.24,17.35,46.05,43.62
12.98,16.68,11.72,10.27,9.16,12.48,15.75,9.16,8.23,9.33,5.6,11.22,22.22,10.87,10.66,15.35,4.22,14.17,10.6,18.08,8.06,9.49,15.31,27.07,25.11,7.99,16.64,4.45,7.58,12.83,7.09,6.75,10.62,9.6,4.21,1.82,10.81,27.77,10.3,10.14,9.0,10.22,14.34,7.41,15.39,7.93,8.97,1.87,6.3,9.05,5.58,21.41,6.52,9.07,8.36,1.72,5.39,2.92,8.93,4.68,4.49,18.35,6.42,3.73,0.0,6.33,6.85,3.2,5.52,7.76,4.9,5.69,7.26,4.82,6.71,6.75,3.53,3.19,6.18,3.79,6.62,8.57,7.88,5.13,5.61,6.82,4.92,3.43,4.34,5.58,17.44,31.69,14.11,11.89,13.44,15.84,12.94,9.6,12.2,11.38,11.9,34.26,18.19,23.25,18.13,19.3,22.92,20.87,20.53,27.26,27.9,27.61,31.52,30.27,24.35,30.39,32.81,28.7,30.41,30.85,32.6,40.32,25.64,24.29,31.43,28.2,24.66,27.76,26.21,28.61,12.66,12.22,10.18,14.44,8.53,9.29,20.31,20.87,8.81,18.77,27.64,25.56,27.93,28.88,14.12,13.97,31.0,21.37,28.02,26.5,32.27,26.31,31.33,20.11,18.47,23.98,14.84,8.95,6.96,15.35,8.51,16.45,12.23,11.33,14.27,7.82,13.34,13.16,14.84,18.24,15.42,22.13,7.83,10.98,16.51,12.35,10.89,14.58,10.22,7.13,9.85,10.47,9.47,11.21,5.82,7.65,5.36,6.89,11.97,8.17,1.28,2.55,5.1,3.4,5.81,9.27,6.94,10.28,5.63,8.01,15.67,13.32,13.01,14.75,14.76,11.32,9.62,10.09,16.68,15.62,9.84,11.29,8.75,13.92,18.4,23.13,16.94,11.49,6.35,14.21,18.16,12.36,15.99,18.41,15.38,15.23,8.6,19.17,12.44,16.88,17.37,12.81,11.9,17.63,19.83,19.41,4.22,16.6,13.59,15.3,13.84,11.19,16.42,20.65,2.3,12.2,13.23,17.19,16.62,16.32,10.37,8.99,11.66,22.73,14.34,13.5,11.72,22.01,17.41,15.48,11.55,20.1,18.8,11.76,12.79,11.79,16.46,15.25,15.8,13.83,14.2,21.86,11.02,23.31,18.11,16.27,18.11,23.68,26.13,18.24,20.21,21.45,17.48,24.27,23.35,18.39,26.7,20.91,18.53,17.71,20.11,22.46,18.11,25.5,26.16,25.06,19.17,48.56,46.13
13.19,13.73,12.76,13.94,3.69,13.53,12.8,13.35,12.42,6.38,9.04,14.9,18.03,17.33,14.33,11.16,4.69,17.84,14.79,19.14,9.12,8.7,12.36,20.55,18.59,2.05,13.69,6.02,1.58,5.33,10.76,7.8,11.68,13.27,6.65,7.66,11.87,28.83,6.73,1.75,15.46,16.68,10.15,11.61,12.44,14.39,6.02,7.71,10.49,10.11,6.22,19.85,10.98,3.47,5.41,5.52,6.27,12.05,10.02,8.12,4.12,10.13,8.85,7.93,6.33,0.0,3.21,5.43,9.55,7.96,7.49,4.58,11.28,3.91,5.6,10.78,12.67,4.26,10.2,5.81,3.42,1.58,4.84,4.01,4.67,3.01,2.11,3.15,3.34,1.98,21.04,35.3,17.72,15.49,17.04,19.44,16.55,15.64,15.8,14.99,17.94,27.75,14.14,21.96,14.09,15.26,18.87,16.82,16.48,20.75,21.39,21.1,32.75,31.49,25.58,31.62,34.04,29.92,31.64,32.07,33.82,41.55,26.86,25.51,32.65,29.43,25.89,28.98,27.44,29.84,13.88,13.44,11.4,15.67,9.75,10.52,21.53,22.09,10.04,19.99,28.87,26.79,29.16,30.11,15.35,14.3,32.22,22.59,29.25,27.73,33.49,27.53,32.55,21.34,19.69,25.21,13.02,10.0,8.19,11.3,4.88,12.41,8.18,7.28,10.22,4.19,9.29,9.11,10.79,14.19,11.38,15.62,4.2,9.0,12.46,8.3,7.25,10.53,11.45,9.71,11.08,11.7,10.7,12.44,5.39,6.08,7.94,4.04,4.04,4.54,6.95,8.67,11.74,9.25,12.46,6.22,5.83,7.23,9.65,9.68,12.62,10.27,9.96,11.71,11.72,11.41,12.16,10.17,13.63,12.57,13.86,9.95,12.78,15.14,19.63,24.36,18.16,15.09,13.0,15.44,21.77,13.59,17.22,19.64,16.61,18.83,12.2,22.78,16.05,20.49,20.98,14.04,13.13,18.85,21.05,20.64,10.34,20.21,14.82,16.53,15.06,12.42,17.65,21.87,8.32,13.43,14.45,18.41,13.57,9.81,7.32,8.7,8.62,16.22,11.3,10.46,5.2,15.5,10.9,8.96,8.5,11.62,12.29,9.12,6.27,8.75,13.42,8.73,9.28,7.31,7.68,13.38,3.09,16.79,13.35,13.23,14.01,15.21,17.66,15.19,13.69,14.93,14.43,17.75,16.83,11.87,18.23,17.12,12.01,14.66,17.06,15.94,15.06,17.02,17.69,16.59,16.12,52.17,49.74
14.32,14.87,13.9,15.08,4.59,14.0,13.94,14.48,13.56,7.52,8.43,16.03,15.54,18.47,15.47,8.68,5.43,18.98,15.93,18.55,8.51,6.22,13.5,15.89,15.69,3.41,14.82,5.41,4.43,7.66,11.9,7.2,11.07,14.41,6.04,8.17,11.26,28.22,7.87,4.08,16.59,17.81,7.66,12.74,13.58,15.52,7.16,8.22,11.63,9.01,7.36,14.73,10.37,4.73,6.54,6.03,5.66,9.27,7.54,7.51,3.51,12.46,8.24,9.06,6.85,3.21,0.0,6.41,10.71,7.88,6.88,5.73,12.44,5.07,6.76,11.94,9.83,4.7,11.36,5.2,2.81,3.16,6.0,3.4,4.06,4.16,2.95,4.27,2.74,2.27,22.2,36.45,18.87,16.65,18.2,20.6,17.7,16.79,16.96,16.14,19.09,23.27,11.61,16.66,11.55,12.72,16.33,14.28,13.94,15.73,16.23,16.62,32.14,30.88,24.97,31.01,33.43,29.32,31.03,31.47,33.21,40.94,26.26,24.91,32.05,28.82,25.28,28.38,26.83,29.23,13.18,12.84,10.73,14.97,9.14,9.84,20.92,21.49,9.43,19.39,28.26,26.18,28.55,29.5,14.74,11.77,31.62,21.99,28.64,27.12,32.89,26.92,31.94,20.73,18.99,24.6,10.48,7.46,7.58,8.77,2.34,9.87,5.64,4.74,7.68,1.65,6.75,6.57,8.25,11.65,8.84,12.13,1.66,6.46,9.92,5.76,4.21,8.0,10.84,9.11,10.47,11.09,10.09,11.83,4.78,5.48,7.34,3.43,6.36,1.49,7.39,8.99,12.9,9.69,13.62,7.38,6.99,8.39,10.81,10.83,13.78,11.43,11.12,12.86,12.87,12.57,13.32,11.33,14.79,13.73,15.02,11.1,13.93,14.54,19.02,23.75,17.56,16.25,14.15,14.83,22.92,12.98,16.61,19.03,16.0,19.99,13.36,23.94,17.2,21.65,22.14,13.43,12.52,18.25,20.45,20.03,10.78,21.37,14.21,15.92,14.46,11.81,17.04,21.26,8.76,12.82,13.84,17.81,14.73,12.13,8.48,9.85,9.77,15.3,12.45,11.61,7.52,14.04,13.22,11.28,9.66,13.94,14.61,9.87,8.59,9.9,14.57,11.05,11.6,9.63,10.0,15.7,5.41,19.11,16.22,14.38,16.22,17.53,19.98,16.35,16.01,17.25,15.59,20.07,19.15,14.19,20.55,19.02,14.33,15.82,18.22,18.26,16.22,19.34,20.01,18.91,17.28,44.18,50.89
11.48,15.18,10.22,7.36,8.24,13.79,14.25,7.66,6.73,7.83,7.91,8.31,25.91,9.37,7.74,14.41,1.06,12.67,9.1,19.39,9.37,10.8,13.81,25.57,23.61,7.07,15.14,5.76,7.05,11.33,4.07,8.06,11.93,6.69,5.52,4.52,12.12,29.08,8.8,6.05,7.5,8.72,13.4,5.91,13.89,6.43,7.47,4.57,4.8,10.36,4.08,24.87,8.84,4.98,6.86,3.03,6.7,3.71,10.24,6.99,4.11,16.85,7.73,2.23,3.2,5.43,6.41,0.0,3.87,9.18,6.32,3.1,5.6,2.23,4.12,5.1,4.68,3.42,4.52,5.21,5.82,6.91,6.23,4.76,4.99,5.17,3.77,2.46,3.98,4.77,15.78,30.04,12.46,10.23,11.78,14.18,11.29,9.17,9.34,8.52,11.47,32.61,16.98,26.81,16.92,18.09,28.0,19.65,19.31,25.61,26.25,25.95,32.94,31.69,25.77,31.81,34.23,30.12,31.83,32.27,34.02,41.74,27.06,25.71,32.85,29.62,26.08,29.18,27.63,30.03,14.08,13.64,11.6,15.86,9.95,10.71,21.73,22.29,10.23,20.19,29.06,26.99,29.35,30.31,15.54,15.39,32.42,22.79,29.44,27.93,33.69,27.73,32.75,21.53,19.89,25.4,16.26,10.37,8.39,14.14,7.71,15.24,11.01,10.11,13.05,7.02,12.12,11.94,13.63,17.02,14.21,20.47,7.03,12.4,23.66,11.13,10.09,13.37,11.64,8.55,11.27,11.9,10.89,12.63,7.24,9.07,6.78,6.31,10.31,7.37,3.76,5.48,5.26,6.06,5.98,7.61,4.35,8.62,3.97,6.36,14.01,11.66,11.35,13.1,13.11,9.67,7.96,8.43,15.02,13.96,8.18,9.63,7.09,15.34,19.83,24.56,18.36,9.83,6.52,15.63,16.51,13.78,17.41,19.83,16.8,13.57,5.74,17.52,10.78,15.23,15.72,14.23,13.32,19.05,21.25,20.83,7.15,14.95,15.01,16.72,15.26,12.61,17.84,22.07,5.13,13.63,14.65,18.61,14.96,14.67,8.71,7.34,10.01,21.08,12.69,11.85,10.06,20.36,15.76,13.83,9.89,18.44,17.14,10.1,11.14,10.13,14.81,13.6,14.15,12.17,12.54,20.2,9.37,21.66,16.45,14.62,16.46,22.02,24.48,16.58,18.55,19.8,15.82,22.62,21.69,16.74,25.05,19.26,16.87,16.05,18.45,20.8,16.45,23.84,24.5,23.4,17.51,46.9,44.47
9.15,10.39,7.88,5.75,12.71,16.11,9.45,5.32,4.39,4.63,10.24,6.7,26.69,7.04,6.14,25.15,4.93,14.02,6.76,21.72,11.69,13.13,14.6,26.35,24.4,11.54,15.92,8.08,10.42,12.12,6.95,10.38,14.26,3.31,7.84,6.85,14.45,31.41,9.59,9.42,5.16,6.38,17.7,3.58,14.67,4.09,8.25,6.9,5.59,12.69,1.67,25.66,11.16,8.35,7.64,5.36,9.02,8.23,12.57,9.32,7.39,17.63,10.05,1.7,5.52,9.55,10.71,3.87,0.0,11.46,8.6,3.33,3.27,4.53,3.53,2.76,8.27,6.9,2.19,7.49,10.98,8.46,7.78,8.04,9.31,6.72,7.84,5.57,7.25,9.3,16.64,30.89,13.31,11.09,12.64,15.04,12.14,5.61,7.87,7.06,7.91,34.16,21.7,28.36,21.65,22.81,29.55,24.38,24.04,27.16,27.8,27.5,35.22,33.97,28.05,34.09,36.51,32.4,34.11,34.55,36.3,44.02,29.34,27.99,35.13,31.9,28.36,36.99,29.91,32.31,16.36,15.92,13.88,18.14,12.23,12.99,24.01,24.57,12.51,22.47,31.34,29.27,31.63,32.59,17.82,17.67,34.7,25.07,31.72,30.21,35.97,30.01,35.03,23.81,22.17,27.68,18.54,12.65,10.67,18.86,12.44,26.76,15.74,14.84,17.78,11.74,16.85,16.67,18.35,25.11,18.93,22.02,11.75,14.68,25.21,15.86,14.81,18.09,13.92,10.83,13.55,14.18,13.17,14.91,9.52,11.35,9.06,10.59,11.86,12.09,6.04,7.76,7.34,8.34,8.05,9.16,3.39,10.17,1.63,4.02,13.36,11.01,10.7,12.45,12.46,7.33,5.63,6.09,10.19,9.83,5.85,7.29,4.76,17.62,22.11,26.84,20.64,10.69,8.59,17.91,17.36,16.06,19.69,22.11,19.08,14.43,3.69,18.38,11.64,16.08,16.57,16.51,15.6,21.33,23.53,23.11,9.43,15.8,17.29,19.0,17.54,14.89,20.12,24.35,7.41,15.9,16.93,20.89,14.31,16.22,10.26,5.0,8.49,22.63,8.56,11.2,11.61,21.91,17.31,11.85,11.44,19.99,18.69,9.45,12.69,11.68,14.16,15.15,15.7,13.72,14.09,21.75,10.92,23.21,15.8,13.97,15.81,23.57,26.03,15.93,20.1,21.35,15.17,24.17,23.24,18.29,26.6,18.61,18.42,15.4,17.8,22.35,15.8,25.39,26.05,24.95,16.86,47.76,45.33
19.0,22.7,17.74,16.29,10.47,5.71,21.77,15.18,14.25,15.35,7.43,17.24,14.7,16.9,16.68,7.83,10.24,20.19,16.62,11.32,3.39,1.97,21.33,15.05,14.85,9.3,22.66,3.78,9.19,12.41,13.11,2.07,5.95,15.62,5.03,9.08,6.14,23.1,11.54,8.83,15.02,16.24,6.82,13.43,21.41,13.95,14.99,9.13,12.32,1.8,11.6,13.88,5.25,9.48,14.38,6.82,6.33,10.18,1.41,6.51,5.53,24.37,5.08,9.75,7.76,7.96,7.88,9.18,11.46,0.0,4.62,8.97,13.13,8.1,9.99,12.62,10.79,7.04,12.05,4.61,5.33,7.92,13.75,4.46,4.74,7.8,7.03,6.61,5.39,6.03,23.31,37.56,19.98,17.76,19.31,21.71,18.81,15.47,18.07,17.25,17.77,22.34,10.67,15.72,10.61,11.78,15.4,13.34,13.01,14.79,15.29,15.68,26.96,25.71,19.79,25.83,28.25,24.14,25.85,26.29,28.04,35.76,21.08,19.73,26.87,23.64,20.1,23.2,21.65,24.05,5.95,7.66,3.62,7.74,3.97,2.73,15.75,16.31,4.26,14.21,23.08,21.01,23.37,24.33,9.56,7.26,26.44,16.81,23.46,21.95,27.71,21.75,26.77,15.55,11.76,19.43,8.13,1.43,2.41,7.83,5.82,8.93,4.71,3.81,6.74,7.14,5.82,5.63,7.32,10.72,7.9,11.19,7.34,3.46,8.99,4.83,9.44,7.06,5.66,6.07,5.29,5.92,4.91,6.65,3.54,2.07,2.93,3.59,11.11,9.3,8.35,7.95,14.01,10.66,14.72,15.14,10.23,16.14,11.49,13.88,21.54,19.19,18.88,20.62,20.63,17.19,15.49,15.96,22.55,21.49,15.71,17.16,14.62,9.36,13.85,18.58,12.38,17.35,15.26,9.65,24.03,7.8,11.44,13.85,10.82,21.1,14.47,25.04,18.31,22.75,23.24,8.26,7.34,13.07,15.27,14.85,10.5,22.47,9.03,10.74,9.28,6.64,11.86,16.09,9.73,7.65,8.67,12.63,22.49,22.19,16.24,14.86,17.53,14.37,20.21,19.37,17.59,13.1,23.28,21.35,17.42,25.97,24.67,17.63,18.66,17.66,22.33,21.12,21.67,19.7,20.07,27.72,10.16,29.18,23.98,22.14,23.98,29.55,32.0,24.11,26.08,27.32,23.35,30.14,29.22,24.26,32.57,26.78,24.4,23.58,25.98,28.33,23.98,31.37,32.03,30.93,25.04,39.0,38.01
16.15,19.84,14.88,13.43,9.99,9.34,18.91,12.32,11.39,12.49,3.0,14.39,19.08,14.04,13.82,12.22,7.39,17.33,13.76,14.95,4.92,6.36,18.48,19.44,19.24,8.82,19.8,2.53,8.71,16.0,10.25,3.61,7.49,12.76,1.85,5.61,7.68,23.17,13.47,8.35,12.17,13.39,11.21,10.58,18.55,11.09,12.13,4.66,9.47,5.92,8.74,18.27,3.92,9.0,11.52,3.96,3.47,6.71,5.8,2.08,4.63,21.51,2.81,6.9,4.9,7.49,6.88,6.32,8.6,4.62,0.0,8.82,10.39,7.95,9.85,9.89,7.35,6.33,9.31,1.88,6.63,7.47,11.02,4.49,3.7,9.96,6.59,6.57,4.59,5.58,20.57,34.83,17.25,15.02,16.57,18.97,16.08,12.73,15.33,14.52,15.03,26.79,15.12,20.18,15.06,16.23,19.85,17.79,17.46,19.25,19.74,20.13,27.04,25.79,19.87,25.91,28.33,24.22,25.93,26.37,28.12,35.84,21.16,19.81,26.95,23.72,20.18,23.28,21.73,24.13,9.59,9.15,7.11,11.37,5.45,6.22,17.23,17.8,5.74,15.7,24.57,22.49,24.86,25.81,11.05,10.89,27.93,18.3,24.95,23.43,29.2,23.23,28.25,17.04,15.4,20.91,11.76,5.88,3.89,12.28,8.52,13.38,9.16,8.26,11.19,7.83,10.27,10.09,11.77,15.17,12.35,15.65,7.84,7.91,13.44,9.28,10.9,11.51,5.74,3.64,5.37,7.4,4.99,6.73,3.91,4.58,2.44,4.98,10.66,8.18,5.62,3.53,11.27,7.21,11.99,12.4,10.08,13.41,8.76,11.15,18.8,16.46,16.15,17.89,17.9,14.46,12.76,13.22,19.81,18.75,12.97,14.42,11.88,9.44,13.93,18.66,12.46,14.62,12.53,9.73,21.3,7.88,11.51,13.93,10.9,18.36,11.73,22.31,15.58,20.02,20.51,8.33,7.42,13.15,15.35,14.93,6.07,19.74,9.11,10.82,9.36,6.71,11.94,16.17,6.03,7.72,8.75,12.71,19.75,19.46,13.5,12.13,14.8,25.87,17.48,16.64,14.85,25.15,20.55,18.62,14.68,23.23,21.94,14.89,15.93,14.93,19.6,18.39,18.94,16.96,17.33,24.99,9.71,26.45,21.24,19.41,21.25,26.82,29.27,21.37,23.34,24.59,20.61,27.41,26.48,21.53,29.84,24.05,21.66,20.84,23.25,25.6,21.24,28.63,29.3,28.2,22.3,39.08,38.09
8.43,9.68,7.17,7.47,7.74,16.27,8.74,7.04,6.11,3.15,10.4,8.43,23.59,8.76,7.86,13.74,2.32,15.16,8.48,21.88,11.86,11.28,11.46,23.25,21.29,6.56,12.78,8.24,5.45,9.01,8.08,10.54,14.42,5.04,8.01,7.01,14.61,31.57,5.83,4.45,6.89,8.11,12.72,5.3,11.54,5.82,5.12,7.06,7.31,12.85,1.83,22.55,11.32,3.37,4.51,5.52,6.84,6.81,10.14,9.48,4.32,14.52,10.21,3.43,5.69,4.58,5.73,3.1,3.33,8.97,8.82,0.0,5.01,1.45,1.24,4.51,7.75,3.61,3.93,7.63,5.99,3.47,4.18,4.96,5.19,2.34,2.84,2.49,4.17,4.3,18.38,32.64,15.06,12.83,14.39,16.79,13.89,7.35,9.62,8.8,9.65,30.58,16.71,24.79,16.65,17.82,21.44,19.38,19.05,23.58,24.23,23.93,35.36,34.11,28.19,34.23,36.65,32.54,34.25,34.69,36.44,44.16,29.48,28.13,35.27,32.04,28.5,31.6,30.05,32.45,16.5,16.06,14.02,18.28,12.37,13.13,24.15,24.71,12.66,22.61,31.48,29.41,31.77,32.73,17.96,17.81,34.84,25.21,31.86,30.35,36.11,30.15,35.17,23.95,22.31,27.83,15.58,10.1,10.81,13.87,7.44,14.97,10.75,9.85,12.78,6.75,11.86,11.67,13.36,16.76,13.94,18.45,6.76,11.56,21.64,10.87,9.82,13.1,14.06,10.97,13.69,14.32,13.31,15.05,6.34,7.03,9.2,6.5,6.87,7.1,6.18,7.9,9.08,8.48,9.8,5.56,1.47,6.57,3.38,3.86,11.96,9.61,9.3,11.04,11.06,6.72,7.38,5.48,9.58,9.22,7.59,6.68,6.5,17.76,22.25,26.98,20.78,12.43,10.34,18.05,19.11,16.2,19.84,22.25,19.22,16.18,5.44,20.12,13.39,17.83,18.32,16.66,15.74,21.47,23.67,23.25,9.57,17.55,17.43,19.14,17.68,15.04,20.26,24.49,7.55,16.05,17.07,21.03,12.91,12.65,6.66,4.39,7.95,19.05,7.95,9.8,8.04,18.34,13.74,11.8,7.84,16.42,15.12,8.05,9.11,8.08,12.76,11.57,12.12,10.15,10.52,18.18,5.92,19.63,14.4,12.56,14.41,20.0,22.46,14.53,16.53,17.78,13.77,20.6,19.67,14.72,23.03,17.21,14.85,14.0,16.4,18.78,14.4,21.82,22.48,21.38,15.46,49.51,47.08
8.18,9.42,6.92,4.4,14.44,17.85,8.49,2.07,1.14,5.91,11.97,5.35,28.43,3.62,4.79,26.88,6.66,12.45,3.51,23.45,13.43,14.86,12.11,28.09,26.13,13.27,13.44,9.81,12.16,13.85,4.98,12.12,15.99,1.96,9.58,7.26,16.18,38.48,11.32,11.16,2.37,2.97,19.43,2.61,12.19,2.94,9.98,8.63,7.32,14.42,3.41,27.39,12.89,10.08,9.37,7.09,10.76,6.27,14.3,11.05,9.12,15.34,11.78,3.44,7.26,11.28,12.44,5.6,3.27,13.13,10.39,5.01,0.0,6.22,5.23,1.9,6.61,8.59,1.36,9.19,12.68,10.16,9.47,9.73,11.0,8.41,9.53,7.27,8.95,10.99,15.1,29.36,11.78,9.55,11.11,13.51,10.61,3.17,6.53,5.72,4.5,35.85,23.4,30.06,23.34,24.51,31.25,26.07,25.74,28.85,29.49,29.2,39.76,40.8,29.75,38.62,41.05,39.23,40.94,39.08,40.83,48.56,31.04,29.68,39.66,36.94,30.06,35.46,31.61,37.16,18.05,17.61,15.57,19.84,13.92,14.69,25.7,26.26,14.21,24.16,33.04,30.96,33.33,34.28,19.52,19.36,36.39,26.76,33.42,31.9,37.67,31.7,36.72,25.51,23.86,29.38,20.23,14.35,12.36,20.56,14.13,28.45,17.44,16.54,19.47,13.44,18.55,18.36,20.05,26.81,20.63,23.72,13.45,16.38,26.91,17.56,16.51,19.79,15.62,12.53,15.25,15.87,14.87,16.61,11.22,13.05,10.76,12.28,13.56,13.79,7.73,9.46,5.68,7.47,6.4,8.72,5.09,9.79,2.4,3.16,12.5,10.15,9.84,11.58,11.6,6.47,4.77,5.23,9.33,8.97,2.63,6.43,3.9,19.32,23.8,28.53,22.33,9.15,6.94,19.61,15.83,17.76,21.39,23.81,20.78,12.9,2.35,16.84,10.11,14.55,15.04,18.21,17.3,23.02,25.23,24.81,11.12,14.27,18.99,20.7,19.24,16.59,21.82,26.04,8.49,17.6,18.62,22.59,13.45,15.04,8.36,4.14,7.63,24.32,7.7,10.34,13.31,23.6,19.0,10.98,9.46,16.85,20.39,8.59,11.51,10.65,13.3,13.96,14.51,12.54,10.04,18.61,12.61,22.02,14.94,13.1,14.95,20.44,22.89,15.07,18.92,20.17,14.31,22.99,22.06,17.11,23.46,17.75,15.57,14.54,16.94,17.35,14.94,22.26,22.92,21.82,16.0,46.23,43.8
9.64,12.16,11.2,10.39,7.07,15.41,11.23,8.24,7.32,4.82,9.53,11.34,22.92,9.96,10.78,13.07,1.45,14.29,9.68,21.01,10.99,10.61,10.8,22.59,20.63,5.9,12.12,7.38,4.79,8.35,7.21,9.68,13.55,6.24,7.14,6.14,13.74,30.7,5.16,3.78,8.09,9.31,12.06,6.5,10.87,7.02,4.45,6.19,6.42,11.98,3.03,21.89,10.46,2.71,3.84,4.65,5.97,5.94,9.27,8.61,3.46,13.86,9.35,3.85,4.82,3.91,5.07,2.23,4.53,8.1,7.95,1.45,6.22,0.0,2.45,5.72,6.94,2.81,5.14,6.83,5.22,2.7,3.41,4.15,4.38,1.58,2.08,1.69,3.37,3.54,17.4,31.65,14.07,11.85,13.4,15.8,12.9,8.56,12.16,11.34,10.86,29.82,15.95,24.03,15.89,17.06,20.67,18.62,18.28,22.82,23.46,23.17,34.56,33.3,27.39,33.43,35.85,31.74,33.45,33.89,35.63,43.36,28.68,27.33,34.47,31.24,27.7,30.8,29.25,31.65,15.7,15.25,13.21,17.48,11.56,12.33,23.34,23.9,11.85,21.81,30.68,28.6,30.97,31.92,17.16,17.0,34.03,24.41,31.06,29.54,35.31,29.34,34.36,23.15,21.5,27.02,14.82,9.3,10.0,13.11,6.68,14.21,9.98,9.08,12.02,5.99,11.09,10.91,12.6,15.99,13.18,17.69,6.0,10.8,20.88,10.1,9.06,12.34,13.26,10.17,12.89,13.51,12.51,14.25,5.53,6.23,8.4,5.7,6.11,6.34,5.37,7.1,8.1,7.67,8.81,4.8,2.68,5.81,4.59,5.07,11.2,8.85,8.54,10.28,10.29,7.93,8.58,6.69,12.21,11.15,8.8,8.52,7.71,16.96,21.44,26.17,19.97,11.45,9.35,17.25,18.12,15.4,19.03,21.45,18.42,15.19,6.65,19.13,12.4,16.84,17.33,15.85,14.94,20.67,22.87,22.45,8.77,16.56,16.63,18.34,16.88,14.23,19.46,23.68,6.75,15.24,16.26,20.23,12.15,11.88,5.9,5.6,7.19,18.29,9.87,9.03,7.28,17.57,12.97,11.04,7.08,15.66,14.36,7.29,8.35,7.32,11.99,10.81,11.36,9.39,9.75,17.41,5.16,18.87,13.64,11.8,13.64,19.24,21.69,13.77,15.77,17.01,13.01,19.83,18.9,13.95,22.26,16.44,14.08,13.24,15.64,18.02,13.64,21.06,21.72,20.62,14.7,48.52,46.09
8.64,9.88,7.38,7.68,8.76,17.3,8.95,7.25,6.32,3.36,11.43,8.64,24.61,8.97,8.07,14.76,3.34,15.96,8.69,22.91,12.88,12.3,12.48,24.27,22.32,7.59,13.81,9.27,6.47,10.03,8.88,11.57,15.45,5.24,9.03,8.03,15.64,32.59,6.85,5.47,7.09,8.32,13.75,5.51,12.56,6.02,6.14,8.09,7.52,13.88,2.04,23.58,12.35,4.4,5.53,6.55,7.86,7.83,11.16,10.51,5.35,15.55,11.24,3.64,6.71,5.6,6.76,4.12,3.53,9.99,9.85,1.24,5.23,2.45,0.0,4.73,10.23,4.62,4.15,8.64,6.99,4.47,5.18,5.96,6.19,3.35,3.85,3.5,5.18,5.31,18.6,32.86,15.28,13.05,14.6,17.0,14.11,7.57,9.84,9.02,9.87,31.59,17.71,25.8,17.66,18.82,22.44,20.39,20.05,24.59,25.23,24.93,36.37,35.11,29.2,35.24,37.66,33.54,35.26,35.7,37.44,45.17,30.48,29.13,36.27,33.05,29.51,32.6,31.06,33.46,17.5,17.06,15.02,19.29,13.37,14.14,25.15,25.71,13.66,23.61,32.49,30.41,32.78,33.73,18.97,18.81,35.84,26.21,32.87,31.35,37.11,31.15,36.17,24.96,23.31,28.83,16.58,11.11,11.81,14.87,8.45,15.98,11.75,10.85,13.79,7.75,12.86,12.68,14.36,17.76,14.94,19.46,7.76,12.57,22.64,11.87,10.82,14.1,15.07,11.98,14.7,15.32,14.32,16.06,7.34,8.03,10.21,7.51,7.87,8.1,7.18,8.91,9.3,9.48,10.02,6.56,1.69,7.57,3.6,4.08,12.96,10.62,10.31,12.05,12.06,6.94,7.69,5.7,9.8,9.44,7.81,6.9,6.72,18.76,23.25,27.98,21.78,12.65,10.56,19.06,19.33,17.21,20.84,23.26,20.23,16.39,5.66,20.34,13.6,18.05,18.54,17.66,16.75,22.47,24.68,24.26,10.57,17.77,18.44,20.15,18.68,16.04,21.27,25.49,8.56,17.05,18.07,22.03,13.91,13.65,7.66,4.61,8.96,20.06,8.16,10.8,9.04,19.34,14.74,12.81,8.84,17.42,16.13,9.05,10.12,9.09,13.76,12.58,13.13,11.15,11.52,19.18,6.93,20.64,15.4,13.57,15.41,21.01,23.46,15.53,17.53,18.78,14.77,21.6,20.67,15.72,24.03,18.21,15.85,15.01,17.41,19.79,15.4,22.82,23.49,22.39,16.46,49.73,47.29
6.28,7.52,5.01,4.9,13.94,17.34,6.59,3.92,2.99,4.01,11.47,5.86,27.92,5.48,5.29,26.37,6.16,12.95,5.36,22.95,12.92,14.36,10.21,27.58,25.63,12.77,11.53,9.31,11.65,13.34,5.48,11.61,15.49,2.47,9.07,8.08,15.68,32.64,10.82,10.65,4.32,4.82,18.93,1.38,10.28,3.24,8.07,8.13,6.81,13.92,2.9,26.89,12.39,9.58,6.35,6.59,10.25,6.77,13.79,10.55,8.62,13.44,11.28,2.93,6.75,10.78,11.94,5.1,2.76,12.62,9.89,4.51,1.9,5.72,4.73,0.0,7.11,8.16,1.34,8.76,12.25,9.73,6.86,9.3,10.58,7.99,9.1,6.84,8.52,10.56,15.6,29.85,12.27,10.05,11.6,14.0,11.1,4.76,7.03,6.21,6.36,35.42,22.97,29.63,22.91,24.08,30.82,25.64,25.31,28.42,29.06,28.77,40.25,35.23,29.32,39.12,41.54,33.67,35.38,39.58,41.33,49.05,30.61,29.26,40.16,37.43,29.63,35.95,31.18,37.65,17.63,17.19,15.15,19.41,13.49,14.26,25.27,25.84,13.78,23.74,32.61,30.53,32.9,33.85,19.09,18.93,35.97,26.34,32.99,31.47,37.24,31.27,36.29,25.08,23.44,28.95,19.8,13.92,11.93,20.13,13.7,28.02,17.01,16.11,19.04,13.01,18.12,17.94,19.62,26.38,20.2,23.29,13.02,15.95,26.48,17.13,16.08,19.36,15.19,12.1,14.82,15.44,14.44,16.18,10.79,12.62,10.33,11.86,13.13,13.36,7.3,9.03,6.18,7.96,6.9,6.82,3.65,7.89,1.97,1.26,10.6,8.25,7.94,9.68,9.7,4.57,3.46,3.33,7.43,7.07,4.48,4.53,2.58,18.89,23.37,28.1,21.91,9.65,7.43,19.18,16.32,17.33,20.96,23.38,20.35,13.39,2.85,17.34,10.6,15.05,15.53,17.78,16.87,22.6,24.8,24.38,10.7,14.77,18.56,20.27,18.81,16.16,21.39,25.61,8.68,17.17,18.2,22.16,11.55,13.14,6.46,2.24,5.73,23.89,5.8,8.44,11.15,23.17,13.22,9.09,7.56,14.95,15.33,6.69,9.61,8.75,11.4,12.07,12.62,10.64,8.14,16.71,12.18,20.13,13.04,11.2,13.05,18.54,20.99,13.17,17.02,18.27,12.41,21.09,20.16,15.21,21.56,15.85,13.67,12.64,15.04,15.46,13.04,20.36,21.02,19.92,14.1,46.72,44.29
13.38,14.63,12.12,6.08,15.83,15.51,13.69,9.63,8.32,11.74,7.35,7.03,29.82,9.46,6.47,18.39,5.74,9.0,11.07,21.12,11.09,12.53,17.72,29.48,27.52,14.66,19.04,7.48,13.55,15.24,2.9,9.78,13.66,5.41,7.24,2.2,13.85,27.74,12.71,12.54,7.59,8.81,17.37,7.81,17.79,6.52,11.37,3.4,8.71,12.09,8.41,28.78,8.27,11.47,10.76,4.76,8.42,1.42,11.96,6.43,7.53,20.75,7.37,6.56,3.53,12.67,9.83,4.68,8.27,10.79,7.35,7.75,6.61,6.94,10.23,7.11,0.0,6.23,5.76,6.83,9.66,11.21,10.53,8.16,8.65,9.47,10.59,6.47,7.38,8.62,12.57,26.82,8.8,6.58,8.13,10.53,7.63,8.03,8.2,7.38,10.33,36.91,21.23,31.12,21.17,22.34,25.96,23.91,23.57,29.91,30.55,30.25,37.22,30.32,24.41,36.09,38.51,28.75,30.47,36.55,38.3,46.02,25.69,24.34,37.13,34.4,24.72,32.92,26.26,34.62,15.7,15.26,13.22,17.48,11.56,12.33,23.34,23.91,11.85,21.81,30.68,28.6,30.97,31.92,17.16,17.0,34.04,24.41,31.06,29.54,35.31,29.35,34.36,23.15,21.51,27.02,17.87,11.99,10.0,18.39,11.55,19.49,15.27,14.37,17.3,10.86,16.38,16.2,17.88,21.28,18.46,24.78,10.87,14.02,19.55,15.39,13.93,17.62,10.28,8.18,9.91,13.51,9.52,11.27,8.86,10.69,8.4,9.93,14.62,11.21,4.27,4.27,2.08,1.13,2.8,11.91,9.03,12.92,7.05,8.37,18.31,15.97,15.66,17.4,17.41,11.68,9.97,10.44,14.54,14.18,10.18,11.64,9.1,13.97,18.46,23.19,16.99,4.82,3.33,14.26,13.29,12.41,16.05,18.46,15.44,8.56,4.6,14.31,5.77,10.22,12.06,12.87,11.95,17.68,19.88,19.46,5.94,9.94,13.64,15.35,13.89,11.25,16.47,20.7,2.16,12.26,13.28,17.24,19.26,18.97,13.01,9.35,14.31,25.38,12.9,16.15,14.36,24.66,20.06,18.13,14.19,22.74,21.45,14.4,15.44,14.44,19.11,17.9,18.45,16.47,16.84,24.5,13.67,25.96,20.75,18.92,20.76,26.33,28.78,20.88,22.85,24.1,20.12,26.92,25.99,21.04,29.35,23.56,21.17,20.35,22.76,25.11,20.75,28.14,28.81,27.71,21.81,43.69,41.26
11.8,13.97,13.0,11.72,7.07,13.78,13.04,10.61,9.68,6.62,7.91,12.68,19.57,12.33,12.11,12.71,2.8,15.62,12.05,19.39,9.36,10.25,12.6,19.92,22.44,5.9,13.93,5.75,5.49,10.15,8.54,8.05,11.93,11.05,5.51,4.52,12.12,29.08,6.97,5.13,10.46,11.68,11.69,8.87,12.68,9.39,6.26,4.57,7.76,10.36,5.2,18.76,8.83,4.27,5.65,2.38,4.92,5.61,8.22,6.99,2.4,15.67,7.72,5.19,3.19,4.26,4.7,3.42,6.9,7.04,6.33,3.61,8.59,2.81,4.62,8.16,6.23,0.0,7.48,5.24,4.53,4.24,5.22,3.03,3.26,3.38,2.82,1.33,2.24,3.48,18.73,32.99,15.41,13.18,14.74,17.14,14.24,10.9,13.49,12.68,13.2,27.35,15.68,20.74,15.62,16.79,20.41,18.36,18.02,19.81,20.3,20.7,32.97,31.71,25.8,31.84,34.26,30.15,31.86,32.3,34.04,41.77,27.09,25.73,32.88,29.65,26.11,29.21,27.66,30.06,14.1,13.66,11.62,15.89,9.97,10.74,21.75,22.31,10.26,20.21,29.09,27.01,29.38,30.33,15.57,15.41,32.44,22.81,29.47,27.95,33.71,27.75,32.77,21.56,19.91,25.43,14.55,8.17,8.41,12.84,6.41,13.94,9.72,8.82,11.76,5.72,10.83,10.65,12.33,15.73,12.91,19.49,5.73,10.54,14.0,9.84,8.79,12.07,11.67,8.58,11.3,11.92,10.92,12.66,4.4,5.1,6.81,4.57,7.43,6.07,3.78,5.51,9.43,6.08,10.15,6.6,4.94,7.61,6.92,9.31,13.0,10.65,10.34,12.08,12.09,10.19,10.92,8.95,14.01,12.95,11.14,10.32,10.05,15.37,19.85,24.58,18.38,12.78,10.69,15.66,19.46,13.81,17.44,19.86,16.83,16.53,9.9,20.47,13.74,18.18,18.67,14.26,13.35,19.07,21.28,20.86,7.17,17.9,15.04,16.75,15.29,12.64,17.87,22.09,5.16,13.65,14.67,18.64,13.95,13.69,7.7,9.08,8.99,20.09,11.68,10.84,9.08,19.37,14.77,12.84,8.88,17.46,16.16,9.09,10.15,9.12,13.8,12.61,13.16,11.19,11.56,19.22,6.49,20.67,15.44,13.6,15.45,21.04,23.49,15.57,17.57,18.81,14.81,21.63,20.71,15.75,24.06,18.24,15.89,15.04,17.44,19.82,15.44,22.86,23.52,22.42,16.5,49.86,47.43
7.62,8.86,6.35,3.56,13.36,16.77,7.93,3.38,2.45,5.28,10.89,4.51,27.35,4.84,3.94,25.8,5.58,11.6,4.82,22.37,12.35,13.78,11.55,27.01,25.05,12.19,12.87,8.73,11.08,12.77,4.14,11.04,14.91,1.12,8.5,6.42,15.1,37.63,10.24,10.08,2.97,4.19,18.35,2.05,11.62,1.9,8.91,7.55,6.24,13.34,2.33,26.31,11.81,9.0,8.29,6.01,9.68,5.42,13.22,9.97,8.04,18.28,10.7,2.36,6.18,10.2,11.36,4.52,2.19,12.05,9.31,3.93,1.36,5.14,4.15,1.34,5.76,7.48,0.0,8.08,11.57,9.05,8.37,8.63,9.9,7.31,8.43,6.17,7.85,9.89,14.26,28.51,10.93,8.71,10.26,12.66,9.76,3.42,5.69,4.87,5.72,34.75,22.3,28.96,22.24,23.41,30.15,24.97,24.63,27.75,28.39,28.09,38.91,39.95,28.64,37.78,40.2,38.38,40.09,38.24,39.99,47.71,29.93,28.58,38.82,36.09,28.95,34.61,30.5,36.31,16.95,16.51,14.47,18.74,12.82,13.58,24.6,25.16,13.11,23.06,31.94,29.86,32.22,33.18,18.41,18.26,35.29,25.66,32.32,30.8,36.56,30.6,35.62,24.4,22.76,28.28,19.13,13.25,11.26,19.46,13.03,27.35,16.33,15.43,18.37,12.34,17.44,17.26,18.94,25.71,19.53,22.62,12.35,15.28,25.8,16.45,15.4,18.68,14.52,11.42,14.15,14.77,13.76,15.51,10.11,11.95,9.65,11.18,12.46,12.69,6.63,8.35,4.84,6.62,5.56,9.75,3.98,9.24,1.29,2.61,11.95,9.6,9.29,11.03,11.04,5.92,4.22,4.68,8.78,8.42,3.94,5.88,3.34,18.21,22.7,27.43,21.23,8.31,6.09,18.5,14.98,16.65,20.29,22.7,19.68,12.05,1.51,16.0,9.26,13.71,14.19,17.11,16.19,21.92,24.12,23.7,10.02,13.43,17.88,19.59,18.13,15.49,20.71,24.94,7.65,16.5,17.52,21.48,12.9,16.81,7.81,3.59,7.08,23.22,7.14,9.78,12.2,22.5,17.9,10.43,8.91,20.58,19.29,8.04,13.28,10.1,12.74,15.74,16.29,14.31,9.49,22.34,11.51,23.8,14.39,12.55,14.39,24.17,26.62,14.52,20.69,21.94,13.76,24.76,23.83,18.88,27.19,17.19,15.02,13.99,16.39,16.8,14.39,25.98,26.65,25.55,15.45,45.38,42.95
15.04,18.73,13.77,12.32,8.32,9.33,17.8,11.21,10.28,11.38,3.46,13.27,19.07,12.93,12.71,12.21,6.28,16.22,12.65,14.94,4.91,6.35,17.36,19.43,19.23,7.15,18.69,1.3,7.03,14.88,9.14,3.6,7.48,11.65,1.06,5.11,7.67,24.63,12.35,6.68,11.05,12.27,11.2,9.47,17.44,9.98,11.02,5.17,8.35,5.91,7.63,18.26,4.38,7.33,10.41,2.85,1.8,6.21,5.79,2.54,2.96,20.4,3.27,5.78,3.79,5.81,5.2,5.21,7.49,4.61,1.88,7.63,9.19,6.83,8.64,8.76,6.83,5.24,8.08,0.0,4.96,5.79,9.79,2.81,2.02,8.73,4.91,4.01,2.92,3.91,19.35,33.6,16.02,13.8,15.35,17.75,14.85,11.51,14.11,13.29,13.81,26.84,15.17,20.23,15.11,16.28,19.9,17.85,17.51,19.3,19.79,20.18,28.5,27.24,21.33,27.37,29.79,25.68,27.39,27.83,29.58,37.3,22.62,21.27,28.41,25.18,21.64,24.74,23.19,25.59,9.64,9.2,7.16,11.42,5.5,6.27,17.28,17.85,5.79,15.75,24.62,22.54,24.91,25.86,11.1,10.94,27.98,18.35,25.0,23.48,29.25,23.28,28.3,17.09,15.45,20.96,11.81,5.93,3.94,12.33,6.85,13.43,9.21,8.31,11.24,6.16,10.32,10.14,11.82,15.22,12.4,15.7,6.17,7.96,13.49,9.33,9.22,11.56,7.2,4.11,6.83,7.45,6.45,8.19,2.41,4.63,2.34,3.3,8.99,6.51,4.39,3.99,10.04,6.7,10.76,11.18,8.85,12.18,7.53,9.92,17.58,15.23,14.92,16.66,16.67,13.23,11.53,12.0,18.59,17.53,11.75,13.2,10.66,10.9,15.38,20.11,13.92,13.39,11.3,11.19,20.07,9.34,12.97,15.39,12.36,17.14,10.51,21.08,14.35,18.79,19.28,9.79,8.88,14.61,16.81,16.39,6.54,18.51,10.57,12.28,10.82,8.17,13.4,17.62,5.77,9.18,10.21,14.17,18.53,18.23,12.28,10.9,13.57,24.64,16.25,15.41,13.63,23.92,19.32,17.39,13.46,22.01,20.71,13.67,14.7,13.7,18.37,17.16,17.71,15.74,16.1,23.76,8.04,25.22,20.02,18.18,20.02,25.59,28.04,20.15,22.12,23.36,19.39,26.18,25.25,20.3,28.61,22.82,20.44,19.62,22.02,24.37,20.02,27.41,28.07,26.97,21.08,40.54,39.55
14.54,15.08,14.11,15.29,5.93,10.95,14.15,14.7,13.77,7.73,8.21,16.24,17.68,18.68,15.68,10.82,5.2,19.19,16.14,16.56,6.54,8.36,13.71,18.04,17.84,4.76,15.03,4.09,4.64,7.87,12.11,5.22,9.1,14.62,5.82,7.95,9.29,26.25,8.08,4.29,16.8,18.02,9.81,12.95,13.79,15.73,7.37,8.0,11.84,7.53,7.57,16.87,8.4,4.94,6.76,5.81,5.44,9.05,6.5,7.29,3.29,12.67,8.23,9.27,6.62,3.42,2.81,5.82,10.98,5.33,6.63,5.99,12.68,5.22,6.99,12.25,9.66,4.53,11.57,4.96,0.0,3.36,6.2,3.19,3.84,4.36,3.15,4.06,2.52,2.06,22.4,36.66,19.08,16.85,18.4,20.8,17.91,16.99,17.16,16.35,19.3,25.35,13.68,18.74,13.63,14.8,18.41,16.36,16.02,17.81,18.3,18.7,30.22,28.96,23.04,29.08,31.5,27.39,29.1,29.54,31.29,39.01,24.33,22.98,30.12,26.89,23.35,26.45,24.9,27.3,11.35,10.91,8.87,13.14,7.22,7.98,19.0,19.56,7.51,17.46,26.34,24.26,26.62,27.58,12.81,13.84,29.69,20.06,26.72,25.2,30.96,25.0,30.02,18.8,17.16,22.68,12.56,9.54,5.66,10.84,4.42,11.95,7.72,6.82,9.76,3.73,8.83,8.65,10.33,13.73,10.92,14.21,3.74,8.54,12.0,7.84,6.79,10.07,8.91,8.89,8.55,9.17,8.16,9.9,2.85,3.55,6.18,1.78,6.56,4.08,7.17,8.78,13.1,9.48,13.82,7.58,7.19,8.59,11.01,11.04,13.98,11.63,11.32,13.07,13.08,12.77,13.52,11.53,14.99,13.93,15.22,11.3,14.13,12.61,17.1,21.83,15.63,16.45,14.36,12.9,23.13,11.05,14.69,17.1,14.08,20.19,13.56,24.14,17.4,21.85,22.34,11.51,10.59,16.32,18.52,18.1,10.57,21.57,12.28,13.99,12.53,9.89,15.11,19.34,8.55,10.9,11.92,15.88,14.93,12.33,8.68,10.06,9.98,18.74,12.66,11.82,7.72,18.02,13.43,11.49,9.86,14.15,14.81,10.07,8.8,10.1,14.78,11.26,11.81,9.83,10.2,15.9,5.61,19.32,16.42,14.58,16.43,17.73,20.18,16.55,16.21,17.46,15.79,20.28,19.35,14.4,20.75,19.23,14.53,16.02,18.42,18.46,16.42,19.55,20.21,19.11,17.48,42.26,41.26
12.02,12.56,11.59,12.77,5.16,13.54,11.63,12.18,11.25,5.21,9.05,13.72,18.03,16.16,13.16,11.17,4.15,16.67,13.62,19.15,9.12,8.71,11.19,20.28,18.32,3.99,12.52,6.02,1.84,5.06,9.59,7.81,11.69,12.1,6.65,9.89,11.88,28.83,5.56,1.48,14.28,15.51,10.15,10.43,11.27,13.21,4.85,9.94,9.32,10.12,5.05,17.22,10.98,1.75,4.24,8.4,6.28,10.88,10.03,8.13,4.13,9.86,8.86,6.75,8.57,1.58,3.16,6.91,8.46,7.92,7.47,3.47,10.16,2.7,4.47,9.73,11.21,4.24,9.05,5.79,3.36,0.0,3.65,3.99,4.64,1.82,1.25,2.75,3.32,1.95,19.86,34.11,16.53,14.31,15.86,18.26,15.36,14.45,14.62,13.8,16.75,27.57,14.12,19.18,14.06,15.23,18.85,16.8,16.46,20.57,21.21,20.91,32.72,31.47,25.55,31.59,34.01,29.9,31.61,32.05,33.8,41.52,26.84,25.49,32.63,29.4,25.86,28.96,27.41,29.81,13.86,13.42,11.38,15.64,9.73,10.49,21.51,22.07,10.02,19.97,28.84,26.77,29.13,30.09,15.32,14.28,32.2,22.57,29.22,27.71,33.47,27.51,32.53,21.31,19.67,25.19,12.99,9.98,8.17,11.28,4.85,12.38,8.16,7.26,10.19,4.16,9.27,9.09,10.77,14.17,11.35,15.44,4.17,8.98,12.44,8.28,7.23,10.51,11.42,9.69,11.05,11.68,10.67,12.41,5.36,6.06,7.92,4.01,3.86,4.51,9.68,11.4,10.56,12.34,11.27,5.04,4.65,6.04,8.47,8.49,11.44,9.09,8.78,10.52,10.53,10.22,10.98,8.99,12.45,11.39,12.68,8.76,11.59,15.12,19.61,24.34,18.14,13.91,11.81,15.41,20.58,13.56,17.2,19.61,16.58,17.65,11.02,21.6,14.86,19.3,19.79,14.02,13.1,18.83,21.03,20.61,13.07,19.02,14.79,16.5,15.04,12.4,17.62,21.85,11.05,13.41,14.43,18.39,12.39,9.62,6.14,7.51,7.43,16.04,10.11,9.27,5.02,15.32,10.72,8.78,7.32,11.44,12.11,7.53,6.09,7.56,12.23,8.55,9.1,7.13,7.5,13.2,2.91,16.61,13.17,12.04,13.88,15.02,17.48,14.0,13.51,14.75,13.25,17.57,16.65,11.69,18.05,16.68,11.83,13.48,15.88,15.76,13.88,16.84,17.5,16.4,14.93,50.98,48.55
9.04,9.58,8.61,12.09,8.0,18.47,8.65,11.49,10.57,2.23,12.6,13.04,22.01,15.47,12.48,14.0,4.86,15.99,12.93,24.08,14.06,11.54,8.21,21.67,19.72,6.83,9.53,10.44,5.71,7.44,8.91,12.74,16.62,11.42,10.2,9.21,16.81,33.77,4.88,4.71,13.6,14.82,12.99,9.75,8.29,12.53,1.87,9.26,8.64,15.05,5.76,20.98,13.52,3.64,1.26,7.72,11.38,10.19,12.86,11.68,5.85,12.95,12.41,6.07,7.88,4.84,6.0,6.23,7.78,13.75,11.02,4.18,9.47,3.41,5.18,6.86,10.53,5.22,8.37,9.79,6.2,3.65,0.0,5.76,6.42,2.0,3.12,3.83,5.1,4.58,18.64,32.89,15.31,13.09,14.64,17.04,14.14,13.23,13.4,12.58,15.53,29.46,16.98,23.67,16.92,18.09,24.86,19.66,19.32,22.46,23.11,22.81,37.64,36.39,30.47,36.51,38.93,34.82,36.53,36.97,38.72,46.44,31.76,30.41,37.55,34.32,30.78,38.99,32.33,40.69,18.78,18.34,16.3,20.56,14.65,15.41,26.43,26.99,14.93,24.89,33.76,31.69,34.05,35.0,20.24,20.09,37.12,27.49,34.14,32.62,38.39,32.43,37.45,26.23,24.59,30.1,15.85,12.84,13.09,14.14,7.72,22.07,11.02,10.12,13.06,7.02,12.13,11.95,13.63,20.42,14.21,17.33,7.03,11.84,20.52,11.14,10.09,13.37,16.34,13.25,15.97,16.59,15.59,17.33,7.14,7.84,11.48,7.31,7.14,7.37,8.45,10.18,9.34,11.12,10.05,2.14,3.91,3.15,7.24,5.6,8.54,6.19,5.88,7.63,7.64,7.33,8.08,6.09,9.55,8.49,11.46,5.87,10.37,20.04,24.53,29.26,23.06,12.68,10.59,20.33,19.36,18.48,22.11,24.53,21.5,16.43,9.8,20.37,13.64,18.08,18.57,18.93,18.02,23.75,25.95,25.53,11.85,17.8,19.71,21.42,19.96,17.31,22.54,26.77,9.83,18.32,19.35,23.31,9.49,11.53,3.24,4.62,4.54,17.93,7.22,6.38,6.92,17.22,12.62,7.03,4.42,15.3,14.0,4.63,7.99,4.67,9.34,10.45,11.0,9.03,6.08,17.06,6.2,18.51,10.98,9.15,10.99,18.88,21.34,11.11,15.41,16.66,10.35,19.48,18.55,13.6,21.91,13.79,11.61,10.58,12.98,13.4,10.98,20.7,21.36,20.26,12.04,49.76,47.33
14.04,14.58,13.62,13.65,6.52,10.08,13.65,11.75,10.83,7.24,6.07,14.61,18.27,13.47,14.04,11.41,4.14,17.55,13.19,15.69,5.66,6.19,13.22,18.62,18.42,5.34,14.54,2.77,5.23,8.46,8.84,4.35,8.23,9.75,3.67,6.45,8.42,25.38,7.58,4.88,11.6,12.82,10.39,10.01,13.29,10.53,6.87,6.5,9.69,6.66,6.54,17.46,7.52,5.53,6.26,5.46,3.3,7.55,5.63,5.15,1.58,16.28,5.88,7.12,5.13,4.01,3.4,4.76,8.04,4.46,4.49,4.96,9.73,4.15,5.96,9.3,8.16,3.03,8.63,2.81,3.19,3.99,5.76,0.0,1.3,3.82,3.05,2.63,1.41,2.05,20.7,34.95,17.37,15.15,16.7,19.1,16.2,12.12,15.46,14.64,14.42,25.92,14.25,19.31,14.19,15.36,18.98,16.92,16.59,18.38,18.87,19.26,29.31,28.05,22.13,28.17,30.59,26.48,28.19,28.63,30.38,38.1,23.42,22.07,29.21,25.98,22.44,25.54,23.99,26.39,10.44,10.0,7.96,12.22,6.31,7.07,18.09,18.65,6.6,16.55,25.43,23.35,25.71,26.67,11.9,11.75,28.78,19.15,25.81,24.29,30.05,24.09,29.11,17.89,16.25,21.77,12.62,5.71,4.75,11.41,4.98,12.51,8.29,7.39,10.32,4.29,9.4,9.22,10.9,14.3,11.48,14.78,4.3,9.1,12.57,8.41,7.36,10.64,8.0,6.72,7.63,8.26,7.25,8.99,1.94,2.64,4.03,2.11,7.12,4.64,5.74,6.61,11.4,8.05,12.11,7.03,6.24,8.04,8.15,8.63,13.43,11.09,10.78,12.52,12.53,12.22,12.97,10.98,14.44,13.38,12.36,10.76,11.27,11.7,16.19,20.92,14.72,14.75,12.65,11.99,21.42,10.14,13.78,16.19,13.17,18.49,11.86,22.44,15.7,20.14,20.63,10.6,9.68,15.41,17.61,17.19,9.15,19.86,11.37,13.08,11.62,8.98,14.2,18.43,7.12,9.99,11.01,14.97,14.38,14.12,8.13,9.51,9.43,20.53,12.11,11.27,9.51,19.81,15.21,13.28,9.31,17.89,16.59,9.52,10.59,9.56,14.23,13.05,13.6,11.62,11.99,19.65,6.18,21.11,15.87,14.04,15.88,21.47,23.93,16.0,18.0,19.25,15.24,22.07,21.14,16.19,24.5,18.68,16.32,15.47,17.88,20.25,15.87,23.29,23.95,22.85,16.93,41.34,40.35
14.7,15.24,14.27,14.13,7.17,11.15,14.31,13.02,12.1,7.89,5.27,15.09,18.93,14.74,14.52,12.06,4.38,18.03,14.46,16.76,6.73,6.47,13.87,19.28,19.08,6.0,15.2,2.25,5.89,9.11,10.95,5.42,9.3,13.47,2.88,6.93,9.49,26.44,8.24,5.53,12.87,14.09,11.05,11.28,13.95,11.8,7.53,6.98,10.17,7.72,6.77,18.11,6.2,6.18,6.92,4.67,2.5,8.03,5.91,4.35,1.81,16.94,5.09,7.6,5.61,4.67,4.06,4.99,9.31,4.74,3.7,5.19,11.0,4.38,6.19,10.58,8.65,3.26,9.9,2.02,3.84,4.64,6.42,1.3,0.0,4.54,3.77,2.86,1.77,2.76,21.16,35.42,17.84,15.61,17.16,19.56,16.67,13.32,15.92,15.11,15.62,26.64,14.97,20.02,14.91,16.08,19.7,17.64,17.31,19.09,19.59,19.98,30.32,29.06,23.15,29.18,31.6,27.49,29.21,29.64,31.39,39.12,24.43,23.08,30.22,27.0,23.46,26.55,25.0,27.4,11.45,11.01,8.97,13.24,7.32,8.08,19.1,19.66,7.61,17.56,26.44,24.36,26.72,27.68,12.91,12.76,29.79,20.16,26.82,25.3,31.06,25.1,30.12,18.9,17.26,22.78,13.63,5.88,5.76,12.13,5.7,13.23,9.01,8.11,11.04,5.01,10.12,9.93,11.62,15.02,12.2,15.5,5.02,9.82,13.29,9.13,8.08,11.36,9.02,5.92,8.65,9.27,8.27,10.01,2.11,2.81,4.16,2.28,7.84,5.36,6.21,5.81,11.86,8.51,12.58,7.75,6.47,8.76,9.35,11.74,14.15,11.8,11.49,13.24,13.25,12.94,13.35,11.7,15.16,14.1,13.56,11.48,12.47,12.71,17.2,21.93,15.73,15.21,13.12,13.0,21.89,11.15,14.79,17.2,14.18,18.95,12.32,22.9,16.16,20.61,21.1,11.61,10.69,16.42,18.62,18.2,8.35,20.33,12.38,14.09,12.63,9.99,15.21,19.44,7.58,11.0,12.02,15.98,15.1,14.84,8.85,10.23,10.15,21.25,12.83,11.99,10.23,20.53,15.93,14.0,10.03,18.61,17.31,10.24,11.31,10.28,14.95,13.77,14.32,12.34,12.71,20.37,6.9,21.83,16.59,14.76,16.6,22.19,24.65,16.72,18.72,19.97,15.96,22.79,21.86,16.91,25.22,19.4,17.04,16.19,18.59,20.97,16.59,24.01,24.67,23.57,17.65,42.36,41.37
10.27,10.82,9.85,11.03,6.16,17.41,9.88,10.43,9.51,3.47,11.54,11.98,21.58,14.41,11.42,12.17,3.03,14.93,11.87,23.02,12.99,9.71,9.45,21.24,19.28,4.99,10.77,9.38,3.88,7.0,7.85,11.68,15.56,10.36,9.14,8.15,15.75,32.71,3.82,2.88,12.54,13.76,11.15,8.69,9.52,11.47,3.1,8.2,7.58,13.99,3.93,20.54,12.46,1.8,2.49,6.66,6.16,9.13,11.03,10.62,4.02,12.51,11.35,5.01,6.82,3.01,4.16,5.17,6.72,7.8,9.96,2.34,8.41,1.58,3.35,7.99,9.47,3.38,7.31,8.73,4.36,1.82,2.0,3.82,4.54,0.0,1.52,2.23,3.5,2.98,19.06,33.31,15.73,13.51,15.06,17.46,14.56,9.1,13.82,13.0,11.4,29.26,15.38,23.47,15.33,16.5,20.11,18.06,17.72,22.26,22.9,22.6,32.91,31.65,25.73,31.77,34.19,30.08,31.79,32.23,33.98,41.71,27.02,25.67,32.81,29.58,26.04,29.14,27.59,29.99,14.04,13.6,11.56,15.83,9.91,10.67,21.69,22.25,10.2,20.15,29.03,26.95,29.31,30.27,15.5,15.54,32.38,22.75,29.41,27.89,33.65,27.69,32.71,21.49,19.85,25.37,14.26,11.24,8.35,12.54,6.12,13.65,9.42,8.52,11.46,5.43,10.53,10.35,12.03,15.43,12.62,17.13,5.44,10.24,20.32,9.54,8.49,11.77,11.61,11.47,11.24,11.86,10.85,12.6,5.54,6.24,9.7,5.71,5.55,5.78,6.67,8.4,9.76,11.54,10.47,4.24,3.22,5.24,5.13,7.69,10.64,8.29,7.98,9.72,9.73,9.42,10.18,8.18,11.65,10.59,9.34,7.96,8.25,15.3,19.79,24.52,18.32,13.1,11.01,15.59,19.78,13.74,17.38,19.79,16.77,16.85,10.22,20.79,14.06,18.5,18.99,14.2,13.28,19.01,21.21,20.79,10.07,18.22,14.97,16.68,15.22,12.58,17.8,22.03,8.05,13.59,14.61,18.57,11.58,11.32,5.33,6.71,6.63,17.73,9.31,8.47,6.71,17.01,12.41,10.48,6.52,15.09,13.8,6.73,7.79,6.76,11.43,10.25,10.8,8.83,9.19,16.85,4.6,18.31,13.08,11.24,13.08,18.68,21.13,13.2,15.21,16.45,12.45,19.27,18.34,13.39,21.7,15.88,13.52,12.68,15.08,17.46,13.07,20.5,21.16,20.06,14.13,50.18,47.75
11.39,11.94,10.97,12.15,4.95,12.66,11.0,11.55,10.63,4.59,8.17,13.1,17.81,15.53,12.54,10.95,3.0,16.05,12.99,18.27,8.24,8.49,10.57,22.36,20.4,3.78,11.89,5.14,3.33,8.12,8.97,6.93,10.81,11.48,5.77,6.24,11.0,27.95,4.93,2.65,13.66,14.88,9.94,9.81,10.64,12.59,4.22,6.3,8.7,9.24,4.43,17.0,10.1,1.78,3.61,4.1,5.4,10.25,9.81,7.25,3.25,13.63,7.98,6.13,4.92,2.11,2.95,3.77,7.84,7.03,6.59,2.84,9.53,2.08,3.85,9.1,10.59,2.82,8.43,4.91,3.15,1.25,3.12,3.05,3.77,1.52,0.0,1.5,2.28,1.45,19.28,33.53,15.95,13.73,15.28,17.68,14.78,13.87,14.03,13.22,16.17,29.48,13.84,18.9,13.79,14.96,18.57,16.52,16.18,17.97,18.46,22.82,31.69,30.43,24.51,30.55,32.97,28.86,30.57,31.01,32.76,40.48,25.8,24.45,31.59,28.36,24.82,27.92,26.37,28.77,12.82,12.38,10.34,14.61,8.69,9.45,20.47,21.03,8.98,18.93,27.81,25.73,28.09,29.05,14.28,14.0,31.16,21.53,28.19,26.67,32.43,26.47,31.49,20.27,18.63,24.15,12.72,9.7,7.13,11.0,4.58,12.11,7.88,6.98,9.92,3.89,8.99,8.81,10.49,13.89,11.08,17.35,3.9,8.7,12.16,8.0,6.95,10.23,10.38,8.65,10.02,10.64,9.63,11.37,4.32,5.02,6.88,3.74,4.98,4.24,5.51,7.23,9.97,7.81,10.69,4.46,4.07,5.46,7.88,7.91,10.86,8.51,8.2,9.94,9.95,9.64,10.4,8.4,11.86,10.8,12.1,8.18,11.01,14.08,18.57,23.3,17.1,13.32,11.23,14.37,20.0,12.52,16.16,18.57,15.55,17.07,10.44,21.01,14.28,18.72,19.21,12.98,12.06,17.79,19.99,19.57,8.9,18.44,13.75,15.46,14.0,11.36,16.58,20.81,6.88,12.37,13.39,17.35,11.8,11.54,5.55,6.93,6.85,17.95,9.53,8.69,6.93,17.23,12.63,10.7,6.73,15.31,14.02,6.94,8.01,6.98,11.65,10.47,11.02,9.04,9.41,17.07,4.03,18.53,13.29,11.46,13.3,18.9,21.35,13.42,15.42,16.67,12.66,19.49,18.56,13.61,21.92,16.1,13.74,12.9,15.3,17.68,13.29,20.71,21.38,20.28,14.35,50.4,47.97
12.11,12.65,11.68,9.82,5.95,12.24,11.72,9.29,8.36,5.3,8.15,10.77,19.14,11.01,10.2,12.28,1.68,15.13,10.73,17.85,7.82,9.82,11.28,23.07,21.11,4.78,12.61,4.23,4.37,8.83,6.53,6.51,10.39,7.28,5.75,4.76,10.58,27.53,5.65,4.03,9.13,10.36,11.26,7.55,11.36,8.06,4.94,4.81,7.26,8.82,4.08,18.33,9.07,2.95,4.33,2.62,4.49,6.17,7.79,7.23,1.97,14.35,7.96,4.69,3.43,3.15,4.27,2.46,5.57,6.61,6.57,2.49,7.27,1.69,3.5,6.84,6.47,1.33,6.17,4.01,4.06,2.75,3.83,2.63,2.86,2.23,1.5,0.0,1.88,2.68,18.24,32.5,14.92,12.69,14.24,16.64,13.75,9.65,11.8,10.98,11.95,30.29,14.88,19.94,14.82,15.99,19.61,17.56,17.22,23.29,19.5,23.63,31.4,30.15,24.23,30.27,32.69,28.58,30.29,30.73,32.48,40.2,25.52,24.17,31.31,28.08,24.54,27.64,26.09,28.49,12.54,12.1,10.06,14.32,8.41,9.17,20.19,20.75,8.7,18.65,27.52,25.45,27.81,28.77,14.0,13.85,30.88,21.25,27.91,26.39,32.15,26.19,31.21,19.99,18.35,23.87,13.75,7.81,6.85,12.04,5.61,13.14,8.92,8.02,10.95,4.92,10.03,9.85,11.53,14.93,12.11,18.16,4.93,9.74,13.2,9.04,7.99,11.27,10.1,8.8,9.73,10.36,9.35,11.09,4.04,4.74,7.03,4.21,6.51,5.27,4.01,5.73,7.72,6.31,8.44,5.27,3.77,6.27,5.68,6.16,11.67,9.32,9.01,10.75,10.76,10.45,11.21,9.21,12.68,11.61,9.89,8.99,8.8,13.8,18.29,23.02,16.82,12.29,8.98,14.09,18.97,12.24,15.88,18.29,15.26,16.03,8.2,19.98,13.24,17.69,18.18,12.7,11.78,17.51,19.71,19.29,7.4,17.41,13.47,15.18,13.72,11.08,16.3,20.53,5.38,12.09,13.11,17.07,12.61,12.35,6.36,7.74,7.66,18.76,10.34,9.5,7.74,18.04,13.44,11.51,7.55,16.12,14.83,7.76,8.82,7.79,12.46,11.28,11.83,9.85,10.22,17.88,5.56,19.34,14.11,12.27,14.11,19.71,22.16,14.23,16.23,17.48,13.47,20.3,19.37,14.42,22.73,16.91,14.55,13.71,16.11,18.49,14.1,21.53,22.19,21.09,15.16,49.36,46.93
13.38,13.92,12.95,12.87,5.85,11.02,12.99,10.97,10.04,6.57,6.17,13.82,17.61,12.69,13.26,10.74,3.36,16.77,12.41,16.62,6.6,8.28,12.55,17.96,17.76,4.68,13.88,3.14,4.57,7.79,8.05,5.29,9.16,8.96,3.77,5.66,9.35,26.31,6.92,4.21,10.81,12.03,9.73,9.23,12.63,9.74,6.21,5.72,8.9,7.59,5.76,16.79,8.46,4.86,5.6,3.52,3.4,6.76,6.56,5.25,1.11,15.62,5.98,6.33,4.34,3.34,2.74,3.98,7.25,5.39,4.59,4.17,8.95,3.37,5.18,8.52,7.38,2.24,7.85,2.92,2.52,3.32,5.1,1.41,1.77,3.5,2.28,1.88,0.0,1.54,19.91,34.17,16.59,14.36,15.91,18.31,15.42,11.33,14.67,13.86,13.63,25.42,13.75,18.8,13.69,14.86,18.48,16.42,16.09,17.87,18.37,18.76,30.21,28.95,23.04,29.08,31.5,27.39,29.1,29.54,31.28,39.01,24.33,22.98,30.12,26.89,23.35,26.45,24.9,27.3,11.35,10.91,8.87,13.13,7.21,7.98,18.99,19.56,7.5,17.46,26.33,24.25,26.62,27.57,12.81,12.65,29.69,20.06,26.71,25.19,30.96,24.99,30.01,18.8,17.16,22.67,12.62,6.62,5.65,10.91,4.48,12.01,7.79,6.89,9.82,3.79,8.9,8.71,10.4,13.8,10.98,14.28,3.8,8.6,12.07,7.91,6.86,10.14,8.91,6.78,8.54,9.16,8.16,9.9,2.85,3.55,5.01,3.02,6.62,4.14,4.96,6.66,10.61,7.26,11.33,6.53,5.45,7.54,7.36,7.84,12.93,10.58,10.27,12.02,12.03,11.72,12.47,10.48,13.94,12.88,11.57,10.26,10.48,12.61,17.09,21.82,15.63,13.96,11.87,12.9,20.64,11.05,14.68,17.1,14.07,17.7,11.07,21.65,14.91,19.36,19.85,11.5,10.59,16.32,18.52,18.1,8.35,19.08,12.28,13.99,12.53,9.88,15.11,19.33,6.33,10.89,11.92,15.88,13.88,13.62,7.63,9.01,8.93,20.03,11.61,10.77,9.01,19.31,14.71,12.78,8.81,17.39,16.09,9.02,10.09,9.05,13.73,12.54,13.09,11.12,11.49,19.15,5.68,20.61,15.37,13.54,15.38,20.97,23.43,15.5,17.5,18.75,14.74,21.57,20.64,15.69,24.0,18.18,15.82,14.97,17.37,19.75,15.37,22.79,23.45,22.35,16.43,42.25,41.26
12.85,13.4,12.43,13.61,4.45,11.66,12.46,13.01,12.08,6.05,7.16,14.56,17.14,16.99,14.0,10.28,4.16,17.51,14.45,17.26,7.24,7.82,12.03,17.5,17.29,3.27,13.35,4.14,3.2,6.42,10.43,5.93,9.8,12.94,4.77,6.9,9.99,26.95,6.39,2.84,15.12,16.34,9.27,11.27,12.1,14.05,5.68,6.95,10.16,8.23,5.89,16.33,9.1,3.5,5.07,4.76,4.39,8.0,7.2,6.24,2.24,11.22,6.97,7.59,5.58,1.98,2.27,4.77,9.3,6.03,5.58,4.3,10.99,3.54,5.31,10.56,8.62,3.48,9.89,3.91,2.06,1.95,4.58,2.05,2.76,2.98,1.45,2.68,1.54,0.0,20.75,35.0,17.42,15.2,16.75,19.15,16.25,15.34,15.5,14.69,17.64,24.91,13.24,18.29,13.18,14.35,17.97,15.91,15.58,17.36,17.86,18.25,30.86,29.61,23.69,29.73,32.15,28.04,29.75,30.19,31.94,39.66,24.98,23.63,30.77,27.54,24.0,27.1,25.55,27.95,12.0,11.56,9.52,13.78,7.87,8.63,19.65,20.21,8.15,18.11,26.98,24.91,27.27,28.23,13.46,13.4,30.34,20.71,27.36,25.85,31.61,25.65,30.67,19.45,17.81,23.32,12.11,9.09,6.31,10.4,3.97,11.5,7.28,6.38,9.31,3.28,8.39,8.2,9.89,13.29,10.47,13.76,3.29,8.09,11.56,7.4,6.35,9.63,9.56,7.83,9.19,9.82,8.81,10.55,3.5,4.2,6.06,2.7,5.15,3.63,6.11,7.71,11.44,8.41,12.16,5.93,5.54,6.93,9.35,9.38,12.33,9.98,9.67,11.41,11.42,11.11,11.87,9.87,13.33,12.27,13.57,9.65,12.48,13.26,17.75,22.48,16.28,14.79,12.7,13.55,21.47,11.7,15.33,17.75,14.72,18.54,11.91,22.48,15.75,20.19,20.68,12.15,11.24,16.97,19.17,18.75,9.5,19.91,12.93,14.64,13.18,10.53,15.76,19.99,7.48,11.54,12.57,16.53,13.27,10.92,7.02,8.4,8.32,17.34,11.0,10.16,6.31,16.62,12.02,10.08,8.2,12.74,13.4,8.42,7.39,8.45,13.12,9.85,10.4,8.42,8.79,14.5,4.2,17.91,14.76,12.93,14.77,16.32,18.77,14.89,14.8,16.05,14.13,18.87,17.94,12.99,19.35,17.57,13.12,14.37,16.77,17.06,14.76,18.14,18.8,17.7,15.82,42.9,49.44
21.87,23.12,20.61,14.57,24.2,28.02,22.18,18.12,16.81,20.11,22.15,15.52,38.18,17.95,14.96,36.64,16.84,8.57,19.56,33.63,23.61,25.04,26.09,37.85,35.89,23.03,27.41,19.99,21.92,23.61,11.94,22.29,26.17,13.9,19.76,14.22,26.36,24.39,21.08,20.91,16.08,17.3,29.19,16.3,26.16,15.01,19.74,15.88,17.08,24.6,16.78,37.15,23.07,19.84,19.13,17.27,20.94,13.22,24.48,21.23,20.04,29.12,21.96,14.93,17.44,21.04,22.2,15.78,16.64,23.31,20.57,18.38,15.1,17.4,18.6,15.6,12.57,18.73,14.26,19.35,22.4,19.86,18.64,20.7,21.16,19.06,19.28,18.24,19.91,20.75,0.0,15.55,8.3,7.07,7.62,10.81,5.98,16.83,17.0,16.18,19.13,45.32,32.86,39.53,32.81,33.98,40.72,35.54,35.2,38.32,38.96,38.66,25.95,26.99,28.7,24.82,27.24,25.42,27.13,25.28,27.02,34.75,24.13,26.91,25.86,23.13,24.62,21.65,25.18,23.35,28.04,27.6,25.56,29.82,23.91,24.67,35.69,36.25,24.19,34.15,43.02,40.95,43.31,44.26,29.5,29.35,45.22,36.75,43.4,41.88,44.39,41.69,47.82,35.49,33.85,39.36,30.22,24.33,22.34,30.03,23.6,37.92,26.9,26.0,28.94,22.91,28.01,27.83,29.51,36.28,30.1,33.19,22.92,26.36,36.37,27.02,25.97,29.26,25.6,22.51,25.23,25.85,24.85,26.59,21.2,23.03,20.74,22.27,23.03,23.26,17.71,16.43,10.04,12.98,11.71,20.32,18.77,21.33,15.85,17.16,26.72,24.38,24.07,25.81,25.82,20.48,18.77,19.24,23.33,22.97,18.98,20.44,17.9,29.3,16.87,22.16,17.14,9.93,9.81,16.22,1.26,27.74,16.06,13.65,17.96,13.67,13.4,2.27,10.88,15.33,10.31,28.19,27.28,13.51,15.51,11.02,18.1,7.55,28.97,15.51,29.22,26.57,14.85,16.33,14.01,27.58,28.61,12.46,27.67,27.38,21.42,18.14,22.72,33.79,21.7,24.56,22.77,33.07,28.47,26.54,22.6,31.15,29.86,22.81,23.85,22.85,27.52,26.31,26.86,24.88,25.25,32.91,22.08,34.37,29.16,27.33,29.17,34.74,37.19,29.29,31.26,32.51,28.53,35.33,34.4,29.45,37.76,31.97,29.58,28.76,31.17,33.52,29.16,36.55,37.22,36.12,30.22,32.42,29.99
36.13,37.37,34.87,28.82,38.46,42.28,36.44,32.38,31.07,34.36,36.41,29.78,52.44,32.21,29.21,50.89,31.1,22.97,33.82,47.89,30.03,39.3,40.34,52.1,50.14,37.29,41.67,34.25,36.17,37.86,26.19,36.55,40.43,28.15,34.01,28.47,40.62,11.19,35.34,35.17,30.34,31.56,43.45,30.56,40.42,29.26,34.0,30.13,31.33,38.86,31.03,51.41,30.85,34.1,33.39,31.53,35.19,27.48,38.73,35.49,34.3,43.38,30.68,29.18,31.69,35.3,36.45,30.04,30.89,37.56,34.83,32.64,29.36,31.65,32.86,29.85,26.82,32.99,28.51,33.6,36.66,34.11,32.89,34.95,35.42,33.31,33.53,32.5,34.17,35.0,15.55,0.0,22.68,21.45,22.0,25.19,20.36,31.05,31.21,30.4,33.35,59.54,47.08,53.75,47.03,48.2,54.94,49.76,49.42,52.54,53.18,52.88,12.73,13.77,15.48,11.6,14.02,12.2,13.91,12.05,13.8,21.53,10.91,13.69,12.63,9.91,11.4,8.43,11.96,10.13,42.26,41.82,39.78,44.04,38.12,38.89,49.9,50.47,38.41,48.37,41.33,41.14,38.05,36.58,43.72,43.56,32.0,42.79,36.48,43.76,31.17,36.69,34.6,49.71,48.07,39.01,44.43,38.55,36.56,44.24,37.82,52.14,41.12,40.22,43.16,37.13,42.23,42.05,43.73,50.49,44.32,47.4,37.14,40.58,50.59,41.24,40.19,43.47,27.76,36.73,29.05,40.07,29.82,30.41,35.42,37.25,34.96,36.49,37.25,37.47,31.93,30.65,24.26,27.2,25.93,34.54,32.98,35.55,30.07,31.38,40.94,38.6,38.29,40.03,40.04,34.69,32.99,33.46,37.55,37.19,33.2,34.66,32.12,29.22,24.42,11.97,24.69,24.15,24.03,23.77,16.26,27.66,23.61,21.64,25.51,27.89,27.62,17.27,25.1,29.55,24.69,28.3,29.05,21.06,18.68,22.64,32.32,21.77,26.39,23.06,29.14,26.79,22.4,17.34,28.22,25.78,24.83,24.09,41.89,41.6,35.64,32.36,36.94,48.01,35.92,38.78,36.99,47.29,42.69,40.76,36.82,45.37,44.07,37.03,38.07,37.07,41.74,40.53,41.08,39.1,39.47,47.13,36.3,48.59,43.38,41.55,43.39,48.95,51.41,43.51,45.48,46.73,42.75,49.55,48.62,43.67,51.98,46.19,43.8,42.98,45.38,47.73,43.38,50.77,51.43,50.33,44.44,24.77,27.14
18.55,19.79,17.29,11.24,20.88,24.7,18.86,14.8,13.49,16.78,18.83,12.2,34.86,14.63,11.63,33.31,13.52,2.62,16.24,30.31,20.28,21.72,22.76,34.52,32.56,19.71,24.09,16.67,18.59,20.28,8.61,18.97,22.85,10.57,16.43,10.89,23.04,31.53,17.76,17.59,12.76,13.98,25.87,12.98,22.84,11.68,16.42,12.55,13.75,21.28,13.45,33.83,19.75,16.52,15.81,13.95,17.61,9.9,21.15,17.91,16.72,25.8,18.64,11.6,14.11,17.72,18.87,12.46,13.31,19.98,17.25,15.06,11.78,14.07,15.28,12.27,8.8,15.41,10.93,16.02,19.08,16.53,15.31,17.37,17.84,15.73,15.95,14.92,16.59,17.42,8.3,22.68,0.0,2.53,1.21,4.86,2.59,13.6,13.77,5.51,15.91,42.09,29.64,36.3,29.58,30.75,37.49,32.31,31.98,35.09,35.74,35.44,33.1,34.13,35.85,31.96,34.38,32.57,34.28,32.42,34.17,41.89,31.28,34.06,33.0,30.28,31.77,28.79,32.33,30.5,24.81,24.37,22.33,26.6,20.68,21.45,32.46,33.02,20.97,30.92,39.8,37.72,40.09,41.04,26.28,26.12,43.15,33.52,40.18,38.66,44.42,38.46,43.48,32.27,30.62,36.14,26.99,21.11,19.12,26.8,20.37,34.69,23.68,22.78,25.71,19.68,24.79,24.61,26.29,33.05,26.87,29.96,19.69,23.14,33.15,23.8,22.75,26.03,22.38,19.29,22.01,22.63,21.63,23.37,17.98,19.81,17.52,19.04,19.8,20.03,14.49,13.21,6.64,9.58,8.31,17.1,15.54,18.11,12.62,13.94,23.5,21.15,20.84,22.58,22.59,17.25,15.55,16.01,20.11,19.75,15.75,17.21,14.67,26.08,30.56,29.31,29.09,6.53,6.41,26.37,9.02,24.52,28.15,30.57,27.54,10.28,10.17,10.03,5.27,11.93,2.17,24.97,24.06,29.78,31.98,18.17,14.88,11.65,25.75,27.46,25.99,23.35,28.58,32.8,10.61,24.36,25.38,29.34,24.45,24.16,18.2,14.92,19.49,30.56,18.48,21.34,19.55,29.84,25.24,23.31,19.38,27.93,26.63,19.59,20.62,19.62,24.3,23.08,23.63,21.66,22.03,29.69,18.85,31.14,25.94,24.1,25.95,31.51,33.96,26.07,28.04,29.28,25.31,32.1,31.18,26.22,34.53,28.74,26.36,25.54,27.94,30.29,25.94,33.33,33.99,32.89,27.0,39.57,37.13
16.32,17.57,15.06,9.02,18.65,22.47,16.63,12.57,11.26,14.56,16.6,9.97,32.64,12.4,9.41,31.09,11.29,2.8,14.01,28.08,18.06,19.49,20.54,32.3,30.34,17.48,21.86,14.44,16.37,18.06,6.39,16.74,20.62,8.35,14.21,8.67,20.81,30.3,15.53,15.36,10.53,11.75,23.64,10.75,20.61,9.46,14.19,10.33,11.53,19.05,11.23,31.6,17.52,14.29,13.58,11.72,15.39,7.67,18.93,15.68,14.49,23.57,16.41,9.38,11.89,15.49,16.65,10.23,11.09,17.76,15.02,12.83,9.55,11.85,13.05,10.05,6.58,13.18,8.71,13.8,16.85,14.31,13.09,15.15,15.61,13.51,13.73,12.69,14.36,15.2,7.07,21.45,2.53,0.0,1.85,5.04,1.36,11.38,11.55,5.68,13.68,39.87,27.42,34.08,27.36,28.53,35.27,30.09,29.75,32.87,33.51,33.21,31.87,32.9,34.62,30.73,33.15,31.34,33.05,31.19,32.94,40.66,30.05,32.83,31.77,29.05,30.54,27.57,31.1,29.27,22.59,22.15,20.11,24.37,18.46,19.22,30.24,30.8,18.74,28.7,37.57,35.49,37.86,38.81,24.05,23.9,40.93,31.3,37.95,36.43,42.2,36.24,41.26,30.04,28.4,33.91,24.77,18.88,16.89,24.58,18.15,32.47,21.45,20.55,23.49,17.46,22.56,22.38,24.06,30.83,24.65,27.74,17.47,20.91,30.92,21.57,20.52,23.8,20.15,17.06,19.78,20.4,19.4,21.14,15.75,17.58,15.29,16.82,17.58,17.81,12.26,10.98,4.41,7.36,6.09,14.87,13.32,15.88,10.4,11.71,21.27,18.93,18.62,20.36,20.37,15.03,13.32,13.79,17.88,17.52,13.53,14.99,12.45,23.85,28.34,28.08,26.87,4.31,4.18,24.14,7.79,22.29,25.92,28.34,25.31,8.05,7.95,8.81,3.04,9.71,4.54,22.74,21.83,27.56,29.76,17.11,12.65,9.43,23.52,25.23,23.77,21.12,26.35,30.58,8.38,22.13,23.16,27.12,22.22,21.93,15.97,12.69,17.27,28.34,16.25,19.11,17.32,27.62,23.02,21.09,17.15,25.7,24.41,17.36,18.4,17.4,22.07,20.86,21.41,19.43,19.8,27.46,16.63,28.92,23.71,21.88,23.72,29.29,31.74,23.84,25.81,27.06,23.08,29.88,28.95,24.0,32.31,26.52,24.13,23.31,25.72,28.07,23.71,31.1,31.77,30.67,24.77,38.34,35.9
17.88,19.12,16.61,10.57,20.2,24.03,18.19,14.12,12.81,16.11,18.15,11.52,34.19,13.95,10.96,32.64,12.84,1.95,15.56,29.63,19.61,21.04,22.09,33.85,31.89,19.03,23.41,16.0,17.92,19.61,7.94,18.3,22.17,9.9,15.76,10.22,22.36,30.86,17.08,16.92,12.08,13.3,25.19,12.31,22.17,11.01,15.75,11.88,13.08,20.6,12.78,33.15,19.08,15.84,15.14,13.27,16.94,9.22,20.48,17.23,16.04,25.12,17.97,10.93,13.44,17.04,18.2,11.78,12.64,19.31,16.57,14.39,11.11,13.4,14.6,11.6,8.13,14.74,10.26,15.35,18.4,15.86,14.64,16.7,17.16,15.06,15.28,14.24,15.91,16.75,7.62,22.0,1.21,1.85,0.0,4.19,1.91,12.93,13.1,4.84,15.23,41.42,28.97,35.63,28.91,30.08,36.82,31.64,31.3,34.42,35.06,34.76,32.42,33.46,35.18,31.29,33.71,31.89,33.6,31.75,33.5,41.22,30.61,33.39,32.33,29.6,31.09,28.12,31.65,29.82,24.14,23.7,21.66,25.92,20.01,20.77,31.79,32.35,20.3,30.25,39.12,37.05,39.41,40.37,25.6,25.45,42.48,32.85,39.5,37.99,43.75,37.79,42.81,31.59,29.95,35.47,26.32,20.43,18.45,26.13,19.7,34.02,23.0,22.1,25.04,19.01,24.11,23.93,25.62,32.38,26.2,29.29,19.02,22.46,32.48,23.12,22.08,25.36,21.7,18.61,21.33,21.96,20.95,22.69,17.3,19.13,16.84,18.37,19.13,19.36,13.82,12.53,5.97,8.91,7.64,16.43,14.87,17.43,11.95,13.26,22.83,20.48,20.17,21.91,21.92,16.58,14.87,15.34,19.43,19.08,15.08,16.54,14.0,25.4,29.89,28.63,28.42,5.86,5.74,25.69,8.35,23.84,27.48,29.89,26.86,9.6,9.5,9.36,4.6,11.26,3.22,24.3,23.38,29.11,31.31,17.5,14.2,10.98,25.07,26.78,25.32,22.68,27.9,32.13,9.93,23.69,24.71,28.67,23.77,23.48,17.52,14.24,18.82,29.89,17.8,20.66,18.87,29.17,24.57,22.64,18.71,27.25,25.96,18.92,19.95,18.95,23.62,22.41,22.96,20.99,21.35,29.01,18.18,30.47,25.27,23.43,25.27,30.84,33.29,25.39,27.37,28.61,24.64,31.43,30.5,25.55,33.86,28.07,25.68,24.87,27.27,29.62,25.26,32.66,33.32,32.22,26.32,38.89,36.46
20.28,21.52,19.01,12.97,22.6,26.43,20.59,16.52,15.21,18.51,20.55,13.92,36.59,16.35,13.36,35.04,15.24,4.37,17.96,32.03,22.01,23.44,24.49,36.25,34.29,21.43,25.81,18.4,20.32,22.01,10.34,20.7,24.57,12.3,18.16,12.62,24.76,34.04,19.48,19.32,14.48,15.7,27.59,14.71,24.56,13.41,18.15,14.28,15.48,23.0,15.18,35.55,21.48,18.24,17.53,15.67,19.34,11.62,22.88,19.63,18.44,27.52,20.36,13.33,15.84,19.44,20.6,14.18,15.04,21.71,18.97,16.79,13.51,15.8,17.0,14.0,10.53,17.14,12.66,17.75,20.8,18.26,17.04,19.1,19.56,17.46,17.68,16.64,18.31,19.15,10.81,25.19,4.86,5.04,4.19,0.0,5.1,17.53,17.7,7.25,19.83,46.02,33.57,40.23,33.51,34.68,41.42,36.24,35.9,39.02,39.66,39.36,35.61,36.64,38.36,34.47,36.89,35.08,36.79,34.93,36.68,44.41,33.79,36.57,35.51,32.79,34.28,31.31,34.84,33.01,28.74,28.3,26.26,30.52,24.61,25.37,36.39,36.95,24.9,34.85,43.72,41.65,44.01,44.97,30.2,30.05,47.08,37.45,44.1,42.59,48.35,42.39,47.41,36.19,34.55,40.07,30.92,25.03,23.05,30.73,24.3,38.62,27.6,26.7,29.64,23.61,28.72,28.53,30.22,36.98,30.8,33.89,23.62,27.06,37.08,27.72,26.68,29.96,26.3,23.21,25.93,26.56,25.55,27.29,21.9,23.73,21.44,22.97,23.73,23.96,18.42,17.13,10.57,13.51,12.24,21.03,19.47,22.03,16.55,17.86,27.43,25.08,24.77,26.51,26.52,21.18,19.47,19.94,24.04,23.68,19.68,21.14,18.6,30.0,34.49,31.82,33.02,10.46,10.34,30.29,11.53,28.44,32.08,34.49,31.46,14.2,14.1,12.55,7.78,15.86,4.23,28.9,27.98,33.71,35.91,20.68,18.8,15.58,29.67,31.38,29.92,27.28,32.5,36.73,14.53,28.29,29.31,33.27,28.37,28.08,22.12,18.84,23.42,34.49,22.4,25.26,23.47,33.77,29.17,27.24,23.31,31.85,30.56,23.52,24.55,23.55,28.22,27.01,27.56,25.59,25.95,33.61,22.78,35.07,29.87,28.03,29.87,35.44,37.89,29.99,31.97,33.21,29.24,36.03,35.1,30.15,38.46,32.67,30.28,29.47,31.87,34.22,29.86,37.26,37.92,36.82,30.92,42.08,39.65
17.38,18.62,16.12,10.07,19.71,23.53,17.69,13.63,12.32,15.61,17.66,11.03,33.69,13.46,10.46,32.14,12.35,2.86,15.07,29.14,19.11,20.55,21.59,33.35,31.39,18.53,22.92,15.5,17.42,19.11,7.44,17.8,21.68,9.4,15.26,9.72,21.87,29.22,16.58,16.42,11.58,12.81,24.7,11.81,21.67,10.51,15.25,11.38,12.58,20.11,12.28,32.65,18.58,15.35,14.64,12.78,16.44,8.73,19.98,16.74,15.54,24.63,17.47,10.43,12.94,16.55,17.7,11.29,12.14,18.81,16.08,13.89,10.61,12.9,14.11,11.1,7.63,14.24,9.76,14.85,17.91,15.36,14.14,16.2,16.67,14.56,14.78,13.75,15.42,16.25,5.98,20.36,2.59,1.36,1.91,5.1,0.0,12.43,12.6,5.74,14.74,40.92,28.47,35.13,28.41,29.58,36.32,31.14,30.81,33.92,34.56,34.27,30.78,31.81,33.53,29.64,32.06,30.25,31.96,30.1,31.85,39.58,28.96,31.74,30.68,27.96,29.45,26.48,30.01,28.18,23.64,23.2,21.16,25.43,19.51,20.28,31.29,31.85,19.8,29.75,38.63,36.55,38.92,39.87,25.1,24.95,41.98,32.35,39.01,37.49,43.25,37.29,42.31,31.09,29.45,34.97,25.82,19.94,17.95,25.63,19.2,33.52,22.51,21.61,24.54,18.51,23.62,23.44,25.12,31.88,25.7,28.79,18.52,21.97,31.98,22.63,21.58,24.86,21.21,18.12,20.84,21.46,20.46,22.2,16.81,18.64,16.35,17.87,18.63,18.86,13.32,12.04,5.47,8.41,7.14,15.93,14.37,16.94,11.45,12.77,22.33,19.98,19.67,21.41,21.42,16.08,14.38,14.84,18.94,18.58,14.58,16.04,13.5,24.9,29.39,26.99,27.92,5.36,5.24,25.19,6.7,23.35,26.98,18.48,26.37,9.11,9.0,7.72,4.1,10.76,4.6,23.8,22.89,18.34,20.34,15.85,13.71,10.48,24.58,26.29,24.82,22.18,27.41,21.16,9.44,23.19,24.21,28.17,23.28,22.99,17.03,13.75,18.32,29.39,17.31,20.16,18.38,28.67,24.07,22.14,18.21,26.76,25.46,18.42,19.45,18.45,23.12,21.91,22.46,20.49,20.86,28.52,17.68,29.97,24.77,22.93,24.77,30.34,32.79,24.9,26.87,28.11,24.14,30.93,30.01,25.05,33.36,27.57,25.19,24.37,26.77,29.12,24.77,32.16,32.82,31.72,25.83,37.25,34.82
11.04,12.28,9.77,5.83,18.8,20.19,11.35,3.34,2.03,8.7,14.31,6.78,32.78,3.17,6.22,31.23,10.24,13.88,4.78,25.79,15.77,17.2,14.97,32.44,30.48,17.62,16.29,12.16,16.51,18.2,6.41,14.46,18.33,3.3,11.92,8.69,18.52,39.91,15.67,15.51,0.8,2.52,23.78,5.47,15.04,1.52,14.34,10.35,11.67,16.76,5.75,31.74,15.24,14.43,13.73,9.43,13.1,7.69,16.64,13.39,11.46,23.71,14.12,5.78,9.6,15.64,16.79,9.17,5.61,15.47,12.73,7.35,3.17,8.56,7.57,4.76,8.03,10.9,3.42,11.51,16.99,14.45,13.23,12.12,13.32,9.1,13.87,9.65,11.33,15.34,16.83,31.05,13.6,11.38,12.93,17.53,12.43,0.0,7.96,7.14,4.05,40.43,27.98,34.64,27.92,29.09,35.83,30.65,30.32,33.43,34.07,33.78,41.19,42.22,32.06,40.05,42.47,40.66,42.37,40.51,42.26,49.98,33.35,32.0,41.09,38.37,32.37,36.88,33.92,38.59,20.37,19.93,17.89,22.16,16.24,17.0,28.02,28.58,16.53,26.48,35.36,33.28,35.64,36.6,21.83,21.68,38.71,29.08,35.74,34.22,39.98,34.02,39.04,27.82,26.18,31.7,22.55,16.67,14.68,25.14,18.71,33.03,22.02,21.12,24.05,18.02,23.13,22.94,24.63,31.39,25.21,28.3,18.03,18.7,31.49,22.14,21.09,24.37,17.94,14.84,17.57,18.19,17.18,18.93,13.53,15.37,13.07,14.6,18.14,18.37,10.05,11.28,7.11,8.89,7.83,15.44,7.4,12.66,4.71,6.03,15.37,13.02,12.71,14.45,14.46,9.34,7.64,8.1,12.2,11.84,3.9,9.3,6.76,21.63,26.12,30.85,24.65,10.58,8.37,21.92,17.26,20.07,23.71,26.12,23.1,14.32,3.78,18.27,11.53,15.98,16.47,20.53,19.61,25.34,27.54,27.12,12.94,15.7,21.3,23.01,21.55,18.91,24.13,28.36,9.92,19.92,20.94,24.9,16.32,22.49,11.23,7.01,10.5,28.9,10.57,13.2,17.89,28.18,23.58,13.85,12.33,26.27,24.97,11.46,18.96,13.52,16.16,21.42,21.97,20.0,12.91,28.02,17.19,29.48,17.81,15.97,17.81,29.85,32.3,17.94,26.38,27.62,17.18,30.44,29.51,24.56,32.87,20.61,18.44,17.41,19.81,20.22,17.81,31.67,32.33,31.23,18.87,47.66,45.22
13.3,14.55,12.04,2.91,18.96,22.78,13.61,9.55,8.24,14.87,16.91,1.96,32.94,9.38,1.93,31.4,10.4,6.96,10.99,28.39,18.37,19.8,20.85,32.61,30.65,17.79,22.17,14.75,16.68,18.37,6.58,17.05,20.93,5.33,14.52,8.86,21.12,40.07,15.84,15.67,7.51,8.73,23.95,7.73,20.92,6.44,14.5,10.52,11.84,19.36,8.01,31.91,17.83,14.6,13.89,12.03,15.69,7.86,19.24,15.99,14.8,23.88,16.72,9.69,12.2,15.8,16.96,9.34,7.87,18.07,15.33,9.62,6.53,12.16,9.84,7.03,8.2,13.49,5.69,14.11,17.16,14.62,13.4,15.46,15.92,13.82,14.03,11.8,14.67,15.5,17.0,31.21,13.77,11.55,13.1,17.7,12.6,7.96,0.0,2.85,10.26,40.6,28.14,34.81,28.09,29.26,36.0,30.82,30.48,33.6,34.24,33.94,41.35,42.39,35.01,40.22,42.64,40.82,42.53,40.68,42.43,50.15,39.54,34.95,41.26,38.53,35.32,37.05,40.59,38.75,23.32,22.88,20.84,25.1,19.19,19.95,30.97,31.53,19.47,29.43,38.3,36.23,38.59,39.54,24.78,24.63,41.66,32.03,38.68,37.16,42.93,36.97,41.99,30.77,29.13,34.64,25.5,19.61,17.62,25.31,18.88,33.2,22.18,21.28,24.22,18.19,23.29,23.11,24.79,31.56,25.38,28.47,18.2,21.64,31.65,22.3,21.25,24.54,20.88,17.79,20.51,21.13,20.13,21.87,16.48,18.31,16.02,17.55,18.31,18.54,12.99,11.44,7.28,9.06,8.0,15.6,9.67,16.61,6.98,8.29,17.64,15.29,14.98,16.72,16.73,11.61,9.9,10.37,14.46,14.11,10.11,11.57,9.03,24.58,29.07,33.8,27.6,10.75,8.53,24.87,17.42,23.02,26.65,29.07,26.04,14.49,5.23,18.44,11.7,16.15,16.63,23.47,22.56,28.29,30.49,30.07,13.11,15.87,24.25,25.96,24.5,21.85,27.08,31.31,10.09,22.86,23.89,27.85,18.58,22.66,16.7,9.27,12.77,29.07,12.83,15.47,18.05,28.35,23.75,16.12,17.88,26.43,25.14,13.73,19.13,18.13,18.43,21.59,22.14,20.16,20.53,28.19,17.36,29.65,20.08,18.24,20.08,30.02,32.47,20.2,26.54,27.79,19.45,30.61,29.68,24.73,33.04,22.88,24.86,19.68,22.08,28.8,20.07,31.83,32.5,31.4,21.13,47.82,45.39
12.49,13.73,11.22,2.09,18.15,21.97,12.8,8.73,7.42,14.05,16.1,2.42,32.13,8.57,0.93,30.58,9.59,4.11,10.18,27.58,17.55,18.98,20.03,31.79,29.83,16.97,21.36,13.94,15.86,17.55,5.76,16.24,20.12,4.51,13.7,8.04,20.31,39.26,15.02,14.86,6.69,7.91,23.13,6.92,20.11,5.62,13.69,9.7,11.02,18.55,7.2,31.09,17.02,13.78,13.08,11.22,14.88,7.05,18.42,15.17,13.98,23.07,15.91,8.87,11.38,14.99,16.14,8.52,7.06,17.25,14.52,8.8,5.72,11.34,9.02,6.21,7.38,12.68,4.87,13.29,16.35,13.8,12.58,14.64,15.11,13.0,13.22,10.98,13.86,14.69,16.18,30.4,5.51,5.68,4.84,7.25,5.74,7.14,2.85,0.0,9.45,39.78,27.33,33.99,27.27,28.44,35.18,30.0,29.67,32.78,33.42,33.13,40.54,41.57,34.2,39.4,41.82,40.01,41.72,39.86,41.61,49.34,38.72,34.13,40.44,37.72,34.51,36.24,39.77,37.94,22.5,22.06,20.02,24.29,18.37,19.13,30.15,30.71,18.66,28.61,37.49,35.41,37.77,38.73,23.96,23.81,40.84,31.21,37.87,36.35,42.11,36.15,41.17,29.95,28.31,33.83,24.68,18.8,16.81,24.49,18.06,32.38,21.37,20.47,23.4,17.37,22.48,22.29,23.98,30.74,24.56,27.65,17.38,20.83,30.84,21.49,20.44,23.72,20.07,16.97,19.7,20.32,19.32,21.06,15.67,17.5,15.2,16.73,17.49,17.72,12.18,10.63,6.46,8.25,7.18,14.79,8.85,15.8,6.16,7.48,16.82,14.47,14.16,15.9,15.92,10.79,9.09,9.55,13.65,13.29,9.29,10.75,8.21,23.76,28.25,32.98,26.78,9.93,7.72,24.05,16.61,22.2,25.84,28.25,25.23,13.67,4.42,17.62,10.89,15.33,7.52,22.66,21.74,27.47,29.67,29.25,12.29,15.05,23.43,25.14,23.68,21.04,26.26,30.49,9.27,22.05,23.07,27.03,17.77,21.84,15.89,8.46,11.95,28.25,12.02,14.66,17.24,27.53,22.93,15.3,17.07,25.62,24.32,12.91,18.31,17.31,17.62,20.77,21.32,19.35,19.72,27.38,16.54,28.83,19.26,17.42,19.27,29.2,31.65,19.39,25.73,26.97,18.63,29.79,28.87,23.91,32.22,22.07,24.05,18.86,21.26,27.98,19.26,31.02,31.68,30.58,20.32,47.01,44.58
12.64,13.88,11.37,8.13,21.1,22.49,12.95,3.51,3.36,11.0,16.61,9.08,35.08,0.88,8.52,33.53,12.54,16.18,4.96,28.09,18.07,19.5,16.57,34.74,32.78,19.92,17.89,14.46,18.81,20.5,8.71,16.76,20.63,5.6,14.22,10.99,20.82,42.21,17.97,17.81,3.25,2.08,26.08,7.07,16.64,3.82,16.64,12.65,13.97,19.06,8.05,34.04,17.54,16.73,16.03,11.73,15.4,10.0,18.94,15.69,13.76,26.02,16.43,8.08,11.9,17.94,19.09,11.47,7.91,17.77,15.03,9.65,4.5,10.86,9.87,6.36,10.33,13.2,5.72,13.81,19.3,16.75,15.53,14.42,15.62,11.4,16.17,11.95,13.63,17.64,19.13,33.35,15.91,13.68,15.23,19.83,14.74,4.05,10.26,9.45,0.0,42.73,30.28,36.94,30.22,31.39,38.13,32.95,32.62,35.73,36.37,36.08,43.49,44.52,34.37,42.35,44.77,42.96,44.67,42.81,44.56,52.29,35.65,34.3,43.39,40.67,34.68,39.19,36.23,40.89,22.67,22.23,20.19,24.46,18.54,19.3,30.32,30.88,18.83,28.78,37.66,35.58,37.94,38.9,24.13,23.98,41.01,31.38,38.04,36.52,42.28,36.32,41.34,30.12,28.48,34.0,24.85,18.97,16.98,27.44,21.01,35.33,24.32,23.42,26.35,20.32,25.43,25.24,26.93,33.69,27.51,30.6,20.33,21.0,33.79,24.44,23.39,26.67,20.24,17.15,19.87,20.49,19.49,21.23,15.84,17.67,15.38,16.9,20.44,20.67,12.35,13.58,9.41,11.2,10.13,17.74,9.7,14.25,7.01,7.61,16.96,14.61,14.3,16.04,16.05,10.93,9.22,9.69,13.79,13.43,5.23,10.89,8.35,23.93,28.42,33.15,26.95,12.88,10.67,24.22,19.56,22.37,26.01,28.42,25.4,16.62,6.08,20.57,13.84,18.28,18.77,22.83,21.92,27.64,29.84,29.42,15.24,18.0,23.61,25.32,23.85,21.21,26.44,30.66,12.22,22.22,23.24,27.2,17.91,24.79,12.81,8.59,12.09,31.2,12.15,14.79,20.19,30.48,25.88,15.44,13.92,28.57,27.27,13.05,21.26,15.11,17.75,23.72,24.27,22.3,14.5,30.33,19.49,31.78,19.4,17.56,19.4,32.15,34.6,19.52,28.68,29.92,18.77,32.74,31.82,26.86,35.17,22.2,20.02,19.0,21.4,21.81,19.4,33.97,34.63,33.53,20.45,49.96,47.53
34.16,32.65,31.69,38.47,27.19,23.22,31.72,37.87,36.94,30.93,29.53,39.42,9.78,41.85,38.85,14.5,31.27,42.36,39.31,27.77,25.49,20.58,31.29,7.7,9.24,26.02,32.61,25.88,27.57,26.04,35.29,24.17,24.52,37.8,27.13,35.58,23.81,45.2,31.25,26.57,39.98,41.2,15.51,36.13,31.36,38.91,30.57,35.64,35.02,23.37,32.17,8.35,27.35,28.36,29.96,34.1,28.43,36.57,21.9,28.61,26.12,21.16,27.18,32.45,34.26,27.75,23.27,32.61,34.16,22.34,26.79,30.58,35.85,29.82,31.59,35.42,36.91,27.35,34.75,26.84,25.35,27.57,29.46,25.92,26.64,29.26,29.48,30.29,25.42,24.91,45.32,59.54,42.09,39.87,41.42,46.02,40.92,40.43,40.6,39.78,42.73,0.0,12.82,8.43,14.07,12.72,11.28,9.83,16.09,9.73,9.63,7.66,49.06,47.8,41.89,47.93,50.35,46.24,47.95,48.39,50.13,57.86,43.18,41.83,48.97,45.74,42.2,45.3,43.75,46.15,22.4,24.65,26.31,24.19,24.7,25.43,32.74,33.3,25.54,31.2,40.08,38.0,40.36,41.32,26.55,20.99,43.43,33.8,40.46,38.94,44.7,38.74,43.76,32.54,28.21,36.42,19.7,21.91,24.5,15.35,21.02,14.49,18.76,18.53,16.9,22.34,16.52,17.75,17.24,12.77,16.88,14.7,22.54,19.47,15.93,17.57,16.88,18.2,27.76,28.17,27.39,26.65,27.01,28.75,25.64,24.17,25.02,25.69,29.01,24.5,34.95,30.05,35.83,37.61,36.55,30.34,31.79,31.35,33.74,31.53,31.57,29.22,28.91,30.65,30.66,33.01,34.01,32.02,32.58,31.52,37.95,30.44,36.86,31.46,35.94,40.67,34.47,39.18,37.09,31.75,45.86,29.9,33.53,35.95,32.92,42.92,36.29,46.87,40.13,44.58,45.07,30.35,29.44,35.17,37.37,36.95,32.59,44.3,31.13,32.84,31.38,28.73,33.96,38.18,36.33,29.74,30.76,34.73,32.52,22.56,27.55,30.55,27.56,13.11,30.24,29.4,25.28,13.49,19.85,25.94,26.94,22.53,21.24,26.1,23.18,28.13,32.36,21.31,22.52,22.15,24.65,24.29,28.07,29.55,26.11,27.23,26.77,26.12,28.57,29.77,26.45,27.18,33.38,30.51,29.59,24.63,17.26,29.88,24.77,30.14,31.65,28.7,27.17,27.94,28.6,27.5,30.7,61.1,60.11
25.26,25.8,24.83,26.01,15.52,10.71,24.87,25.42,24.49,18.45,17.86,26.97,7.07,29.4,26.4,11.56,16.36,29.91,26.86,15.27,13.82,8.91,24.43,9.02,8.82,14.35,25.76,14.21,15.37,18.59,22.83,12.51,12.02,25.34,15.47,19.51,11.3,33.53,18.8,15.01,27.53,28.75,10.54,23.68,24.51,26.46,18.09,19.57,22.56,11.7,18.29,7.85,15.68,15.66,17.48,17.25,16.76,20.61,10.23,16.94,14.45,20.74,15.51,19.99,18.19,14.14,11.61,16.98,21.7,10.67,15.12,16.71,23.4,15.95,17.71,22.97,21.23,15.68,22.3,15.17,13.68,14.12,16.98,14.25,14.97,15.38,13.84,14.88,13.75,13.24,32.86,47.08,29.64,27.42,28.97,33.57,28.47,27.98,28.14,27.33,30.28,12.82,0.0,5.37,1.56,1.42,5.04,2.98,3.58,7.63,6.57,9.11,37.49,36.24,30.32,36.36,38.78,34.67,36.38,36.82,38.57,46.29,31.61,30.26,37.4,34.17,30.63,33.73,32.18,34.58,9.9,12.14,13.81,11.68,14.2,12.92,20.23,20.79,13.04,18.69,27.57,25.49,27.86,28.81,14.05,8.48,30.92,21.3,27.95,26.43,32.2,26.23,31.25,20.04,15.71,23.91,7.2,10.35,12.94,2.84,9.46,12.56,6.26,7.44,4.4,10.77,9.45,5.24,10.95,11.66,4.37,14.83,10.98,6.97,12.62,8.46,13.07,5.69,16.19,16.6,15.82,16.15,15.44,17.18,14.07,12.6,13.46,14.12,17.3,12.94,18.88,18.48,23.84,21.19,24.56,18.32,17.93,19.33,21.75,21.77,24.72,22.37,22.06,23.8,23.81,23.51,24.26,22.27,25.73,24.67,25.96,22.04,24.87,19.89,24.38,29.11,22.91,27.19,25.09,20.18,33.86,18.33,21.97,24.38,21.35,30.93,24.3,34.88,28.14,32.59,33.07,18.79,17.87,23.6,25.8,25.38,21.03,32.31,19.56,21.27,19.81,17.17,22.39,26.62,20.26,18.18,19.2,23.16,25.67,22.14,19.42,20.79,20.71,12.69,23.39,22.55,18.46,13.07,19.43,22.22,20.6,22.11,20.81,20.81,19.53,20.84,25.51,20.89,22.09,20.57,20.94,23.87,16.35,29.13,25.68,25.32,26.34,25.69,28.15,27.29,26.02,26.76,26.53,30.09,29.16,24.21,21.49,29.96,24.34,26.76,29.16,28.27,27.16,27.51,28.17,27.07,28.22,49.53,48.54
28.36,26.86,25.89,32.67,20.58,15.77,25.93,32.08,31.15,25.14,22.92,33.63,2.67,36.06,33.06,8.02,25.48,36.57,33.52,20.32,18.87,13.96,25.49,3.65,3.45,19.4,26.82,19.27,21.78,20.25,29.49,17.56,17.07,32.01,20.52,24.57,16.36,38.59,25.46,20.78,34.19,35.41,9.03,30.34,25.57,33.12,24.78,24.62,29.22,16.76,26.38,2.49,20.73,22.57,24.17,22.31,21.82,30.78,15.28,22.0,19.5,15.37,20.57,26.66,23.25,21.96,16.66,26.81,28.36,15.72,20.18,24.79,30.06,24.03,25.8,29.63,31.12,20.74,28.96,20.23,18.74,19.18,23.67,19.31,20.02,23.47,18.9,19.94,18.8,18.29,39.53,53.75,36.3,34.08,35.63,40.23,35.13,34.64,34.81,33.99,36.94,8.43,5.37,0.0,6.62,5.27,3.83,2.38,8.64,2.27,1.2,3.74,42.55,41.29,35.38,41.42,43.84,39.73,41.44,41.88,43.62,51.35,36.67,35.32,42.46,39.23,35.69,38.79,37.24,39.64,14.95,17.2,18.86,16.74,19.26,17.98,25.29,25.85,18.09,23.75,32.63,30.55,32.91,33.87,19.1,13.54,35.98,26.35,33.01,31.49,37.25,31.29,36.31,25.09,20.76,28.97,12.25,15.4,17.99,7.9,14.51,8.01,11.31,12.05,9.45,15.83,10.04,10.3,10.76,6.29,9.43,8.91,16.03,12.02,9.45,11.09,10.4,10.75,21.25,21.66,20.88,21.21,20.5,22.24,19.13,17.66,18.51,19.18,23.22,17.99,23.94,23.54,30.04,26.24,30.76,24.55,26.0,25.56,27.95,25.74,25.78,23.43,23.12,24.86,24.87,27.22,28.22,26.23,26.79,25.73,32.16,24.65,31.07,24.95,29.43,34.16,27.96,33.39,31.29,25.24,40.07,23.39,27.02,29.44,26.41,37.13,30.5,41.08,34.34,38.79,39.28,23.84,22.93,28.66,30.86,30.44,26.08,38.51,24.62,26.33,24.87,22.22,27.45,31.67,25.31,23.23,24.25,28.22,26.72,16.77,21.76,24.76,21.77,7.32,24.45,23.61,19.49,7.7,14.06,20.15,21.15,16.74,15.45,20.31,17.39,22.34,26.57,15.52,16.73,16.36,18.86,18.5,22.27,23.76,20.32,21.44,20.97,20.33,22.78,23.98,20.66,21.39,27.59,24.72,23.79,18.84,16.13,24.09,18.97,24.35,25.85,22.91,21.37,22.15,22.81,21.71,24.91,54.59,53.6
25.2,25.74,24.78,25.96,15.46,10.65,24.81,25.36,24.43,18.4,17.8,26.91,8.32,29.34,26.34,11.5,16.3,29.85,26.8,15.21,13.76,8.85,24.38,10.27,10.07,14.29,25.7,14.16,15.31,18.53,22.78,12.45,11.96,25.29,15.41,19.46,11.24,33.47,18.74,14.95,27.47,28.69,10.49,23.62,24.45,26.4,18.03,19.51,22.51,11.65,18.24,9.11,15.62,15.61,17.42,17.2,16.7,20.56,10.17,16.88,14.39,21.99,15.45,19.94,18.13,14.09,11.55,16.92,21.65,10.61,15.06,16.65,23.34,15.89,17.66,22.91,21.17,15.62,22.24,15.11,13.63,14.06,16.92,14.19,14.91,15.33,13.79,14.82,13.69,13.18,32.81,47.03,29.58,27.36,28.91,33.51,28.41,27.92,28.09,27.27,30.22,14.07,1.56,6.62,0.0,2.67,6.29,4.24,2.28,8.88,7.82,10.36,37.44,36.18,30.27,36.3,38.72,34.61,36.33,36.76,38.51,46.24,31.55,30.2,37.34,34.12,30.58,33.67,32.12,34.53,9.84,12.09,13.75,11.63,14.14,12.86,20.18,20.74,12.98,18.64,27.51,25.43,27.8,28.75,13.99,8.43,30.87,21.24,27.89,26.37,32.14,26.18,31.2,19.98,15.65,23.85,7.14,10.29,12.88,2.78,9.4,12.51,6.2,7.38,4.34,10.71,9.39,5.18,10.89,12.91,4.32,14.77,10.92,6.91,12.56,8.4,13.01,5.63,16.14,16.55,15.77,16.09,15.39,17.13,14.01,12.54,13.4,14.06,17.24,12.88,18.83,18.43,23.78,21.13,24.5,18.26,17.87,19.27,21.69,21.72,24.66,22.31,22.0,23.74,23.76,23.45,24.2,22.21,25.67,24.61,25.9,21.98,24.81,19.83,24.32,29.05,22.85,27.13,25.04,20.12,33.81,18.27,21.91,24.32,21.3,30.87,24.24,34.82,28.08,32.53,33.02,18.73,17.81,23.54,25.74,25.32,20.97,32.25,19.5,21.21,19.75,17.11,22.33,26.56,20.2,18.12,19.14,23.1,25.61,23.01,19.36,20.74,20.65,13.94,23.34,22.5,18.4,14.32,20.68,22.17,20.54,23.36,22.06,20.75,19.48,20.78,25.46,22.14,22.48,20.51,20.88,25.12,16.29,30.0,27.1,25.26,27.11,26.94,29.4,27.23,26.89,28.01,26.47,30.96,30.03,25.08,22.74,29.91,25.21,26.7,29.1,29.14,27.1,28.76,29.42,28.32,28.16,49.48,48.49
26.37,26.91,25.94,27.12,16.63,11.82,25.98,26.53,25.6,19.56,18.97,28.08,6.97,30.51,27.51,12.67,17.47,31.02,27.97,16.38,14.93,10.02,25.54,8.92,8.72,15.46,26.87,15.32,16.48,19.7,23.94,13.62,13.13,26.46,16.58,20.63,12.41,34.64,19.91,16.12,28.64,29.86,11.66,24.79,25.62,27.57,19.2,20.68,23.67,12.81,19.4,7.75,16.79,16.77,18.59,18.36,17.87,21.72,11.34,18.05,15.56,20.64,16.62,21.11,19.3,15.26,12.72,18.09,22.81,11.78,16.23,17.82,24.51,17.06,18.82,24.08,22.34,16.79,23.41,16.28,14.8,15.23,18.09,15.36,16.08,16.5,14.96,15.99,14.86,14.35,33.98,48.2,30.75,28.53,30.08,34.68,29.58,29.09,29.26,28.44,31.39,12.72,1.42,5.27,2.67,0.0,4.94,2.88,4.69,7.53,6.47,9.01,38.61,37.35,31.43,37.47,39.89,35.78,37.49,37.93,39.68,47.4,32.72,31.37,38.51,35.28,31.74,34.84,33.29,35.69,11.01,13.26,14.92,12.8,15.31,14.03,21.34,21.91,14.15,19.81,28.68,26.6,28.97,29.92,15.16,9.59,32.03,22.41,29.06,27.54,33.31,27.34,32.36,21.15,16.82,25.02,8.31,11.46,14.05,3.95,10.57,13.28,7.37,8.55,5.51,11.88,10.56,6.35,12.06,11.56,5.49,14.18,12.09,8.08,13.73,9.57,14.18,6.8,17.3,17.71,16.94,17.26,16.55,18.29,15.18,13.71,14.57,15.23,18.41,14.05,19.99,19.6,24.95,22.3,25.67,19.43,19.04,20.44,22.86,22.89,25.83,23.48,23.17,24.91,24.92,24.62,25.37,23.38,26.84,25.78,27.07,23.15,25.98,21.0,25.49,30.22,24.02,28.3,26.2,21.29,34.98,19.44,23.08,25.49,22.47,32.04,25.41,35.99,29.25,33.7,34.19,19.9,18.98,24.71,26.91,26.49,22.14,33.42,20.67,22.38,20.92,18.28,23.5,27.73,21.37,19.29,20.31,24.27,26.78,22.04,20.53,21.91,21.82,12.59,24.51,23.67,19.57,12.97,19.33,23.33,21.71,22.01,20.71,21.92,20.64,21.95,26.63,20.79,21.99,21.63,22.05,23.77,17.46,29.03,25.58,26.43,26.24,25.59,28.05,28.4,25.92,26.66,27.64,29.99,29.06,24.11,21.39,29.36,24.24,27.87,30.27,28.17,28.27,27.41,28.07,26.97,29.33,50.65,49.65
29.56,28.05,27.08,33.86,20.25,15.44,27.12,33.27,32.34,26.33,22.59,34.82,2.8,37.25,34.25,9.21,21.09,37.76,34.71,19.99,18.55,13.63,26.68,4.84,4.64,19.07,28.01,18.94,20.09,21.44,30.68,17.23,16.75,33.2,20.19,24.24,16.03,38.26,26.65,21.97,35.38,36.6,10.22,31.53,26.76,34.31,25.97,24.29,30.41,16.43,23.02,3.68,20.41,20.39,25.36,21.98,21.49,25.34,14.96,21.67,19.18,16.56,20.24,27.85,22.92,18.87,16.33,28.0,29.55,15.4,19.85,21.44,31.25,20.67,22.44,30.82,25.96,20.41,30.15,19.9,18.41,18.85,24.86,18.98,19.7,20.11,18.57,19.61,18.48,17.97,40.72,54.94,37.49,35.27,36.82,41.42,36.32,35.83,36.0,35.18,38.13,11.28,5.04,3.83,6.29,4.94,0.0,2.05,8.31,4.11,5.04,5.47,42.22,40.97,35.05,41.09,43.51,39.4,41.11,41.55,43.3,51.02,36.34,34.99,42.13,38.9,35.36,38.46,36.91,39.31,14.63,16.87,18.53,16.41,18.93,17.65,24.96,25.52,17.76,23.42,32.3,30.22,32.58,33.54,18.77,13.21,35.65,26.02,32.68,31.16,36.92,30.96,35.98,24.76,20.44,28.64,11.92,15.08,17.66,7.57,14.18,9.2,10.98,12.17,9.12,15.5,11.23,9.97,11.95,7.48,9.1,10.1,15.7,11.7,10.64,13.19,11.59,10.42,20.92,21.33,20.55,20.88,20.17,21.91,18.8,17.33,18.19,18.85,22.02,17.66,23.61,23.21,31.23,25.91,31.95,25.74,22.66,26.75,29.14,26.93,26.97,24.62,24.31,26.05,26.06,28.41,29.41,27.42,27.98,26.92,33.35,25.84,32.26,24.62,29.1,33.83,27.64,34.58,32.48,24.91,41.26,23.06,26.69,29.11,26.08,38.32,31.69,42.27,35.53,39.98,40.47,23.51,22.6,28.33,30.53,30.11,25.75,39.7,24.29,26.0,24.54,21.89,27.12,31.35,24.99,22.9,23.93,27.89,27.92,17.96,22.95,25.95,22.96,8.51,25.64,24.8,20.68,8.89,15.25,21.34,22.34,17.93,16.64,21.5,18.58,23.53,27.76,16.71,17.92,17.55,20.05,19.69,21.08,24.95,21.51,22.63,22.17,21.52,23.97,25.17,21.85,22.58,28.78,25.91,24.98,20.03,17.32,25.28,20.17,25.54,27.04,24.1,22.56,23.34,24.0,22.9,26.1,54.26,53.27
30.75,29.24,28.28,28.69,18.19,13.38,28.31,28.09,27.17,21.13,20.53,29.64,4.08,32.07,29.08,10.4,19.03,32.59,29.53,17.94,16.49,11.58,27.88,6.03,5.83,17.02,29.2,16.89,18.04,22.63,25.51,15.18,14.69,28.02,18.14,22.19,13.98,36.2,21.47,17.69,30.2,31.42,11.41,26.35,27.95,29.13,20.76,22.24,25.24,14.38,20.97,4.87,18.35,18.34,20.15,19.93,19.43,23.29,12.9,19.61,17.12,17.75,18.19,22.67,20.87,16.82,14.28,19.65,24.38,13.34,17.79,19.38,26.07,18.62,20.39,25.64,23.91,18.36,24.97,17.85,16.36,16.8,19.66,16.92,17.64,18.06,16.52,17.56,16.42,15.91,35.54,49.76,32.31,30.09,31.64,36.24,31.14,30.65,30.82,30.0,32.95,9.83,2.98,2.38,4.24,2.88,2.05,0.0,6.26,4.65,3.58,6.13,40.17,38.91,33.0,39.04,41.46,37.35,39.06,39.5,41.24,48.97,34.29,32.93,40.08,36.85,33.31,36.41,34.86,37.26,12.57,14.82,16.48,14.36,16.88,15.59,22.91,23.47,15.71,21.37,30.24,28.17,30.53,31.49,16.72,11.16,33.6,23.97,30.62,29.11,34.87,28.91,33.93,22.71,18.38,26.58,9.87,13.02,15.61,5.51,12.13,10.39,8.93,10.11,7.07,13.45,12.12,7.92,13.14,8.67,7.05,11.29,13.65,9.64,11.83,11.13,12.78,8.37,18.87,19.28,18.5,18.82,18.12,19.86,16.74,15.28,16.13,16.8,19.97,15.61,21.56,21.16,26.51,23.86,27.23,20.99,20.6,22.0,24.42,24.45,28.16,25.81,25.5,27.24,27.25,26.18,26.93,24.94,29.17,28.11,28.63,24.72,27.55,22.57,27.05,31.78,25.58,29.86,27.77,22.86,36.54,21.01,24.64,27.06,24.03,33.61,26.97,37.55,30.82,35.26,35.75,21.46,20.55,26.27,28.48,28.06,23.7,34.98,22.24,23.95,22.49,19.84,25.07,29.29,22.93,20.85,21.87,25.84,29.11,19.15,22.09,23.47,24.15,9.7,26.83,25.99,21.87,10.08,16.44,22.53,23.53,19.12,17.83,22.69,19.77,24.72,28.95,17.9,19.11,18.74,21.24,20.88,19.02,26.14,22.7,23.82,23.36,22.71,25.16,26.36,23.04,23.77,29.97,27.1,26.18,21.22,18.51,26.47,21.36,26.73,28.24,25.29,23.76,24.53,25.19,24.09,27.29,52.21,51.22
27.6,28.14,27.17,28.35,17.86,13.05,27.21,27.76,26.83,20.79,20.2,29.3,10.34,31.74,28.74,13.9,18.7,32.25,29.2,9.65,16.16,11.24,26.77,12.29,12.09,16.69,28.1,16.55,17.71,20.93,25.17,14.84,14.36,27.68,17.8,21.85,13.64,35.87,21.14,17.35,29.86,31.09,12.88,26.01,26.85,28.79,20.43,21.9,24.9,14.04,20.63,11.13,18.02,18.0,19.82,19.59,19.1,22.95,12.57,19.28,16.79,24.01,17.85,22.33,20.53,16.48,13.94,19.31,24.04,13.01,17.46,19.05,25.74,18.28,20.05,25.31,23.57,18.02,24.63,17.51,16.02,16.46,19.32,16.59,17.31,17.72,16.18,17.22,16.09,15.58,35.2,49.42,31.98,29.75,31.3,35.9,30.81,30.32,30.48,29.67,32.62,16.09,3.58,8.64,2.28,4.69,8.31,6.26,0.0,10.9,9.84,12.38,39.83,38.58,32.66,38.7,41.12,37.01,38.72,39.16,40.91,48.63,33.95,32.6,39.74,36.51,32.97,36.07,34.52,36.92,12.24,14.48,16.14,14.02,16.54,15.26,22.57,23.13,15.37,21.03,29.91,27.83,30.2,31.15,16.38,10.82,33.26,23.63,30.29,28.77,34.53,28.57,33.59,22.37,10.09,26.25,9.53,12.69,15.27,5.18,11.79,14.9,8.59,9.78,6.73,13.11,11.79,7.58,13.29,14.93,6.71,17.17,13.32,9.31,14.96,10.8,15.41,8.03,18.53,18.94,18.16,18.49,17.78,19.52,16.41,14.94,15.8,16.46,19.63,15.27,21.22,20.82,26.18,23.52,26.89,20.66,20.27,21.66,24.09,24.11,27.06,24.71,24.4,26.14,26.15,25.84,26.6,24.61,28.07,27.01,28.3,24.38,27.21,22.23,26.72,31.44,25.25,29.53,27.43,22.52,36.2,20.67,24.3,26.72,23.69,33.27,26.64,37.21,30.48,34.92,35.41,21.12,20.21,25.94,28.14,27.72,23.36,34.64,21.9,23.61,22.15,19.5,24.73,28.96,22.6,20.51,21.54,25.5,28.0,25.41,21.75,23.13,23.05,15.96,25.73,24.89,20.8,16.34,22.7,24.56,22.94,25.38,24.08,23.15,21.87,23.18,27.85,24.16,24.88,22.91,23.27,27.14,18.69,32.4,29.5,27.66,29.5,28.96,31.42,29.62,29.3,30.03,28.87,33.36,32.43,27.48,24.76,32.3,27.61,29.1,31.5,31.55,29.49,30.78,31.44,30.34,30.55,51.87,50.88
27.16,25.65,24.69,31.47,19.65,18.03,24.72,30.87,29.94,23.93,21.99,32.42,1.77,34.85,31.85,6.96,24.27,35.36,32.31,22.59,17.94,13.03,24.29,2.44,2.24,18.47,25.61,18.34,20.57,19.04,28.29,16.63,19.34,30.8,19.59,28.58,18.62,37.66,24.25,19.57,32.98,34.2,7.97,29.13,24.36,31.91,23.57,28.64,28.02,15.83,25.17,1.2,19.8,21.36,22.96,21.38,20.89,29.57,14.35,21.07,18.57,14.16,19.64,25.45,27.26,20.75,15.73,25.61,27.16,14.79,19.25,23.58,28.85,22.82,24.59,28.42,29.91,19.81,27.75,19.3,17.81,20.57,22.46,18.38,19.09,22.26,17.97,23.29,17.87,17.36,38.32,52.54,35.09,32.87,34.42,39.02,33.92,33.43,33.6,32.78,35.73,9.73,7.63,2.27,8.88,7.53,4.11,4.65,10.9,0.0,1.7,1.48,41.67,40.42,34.5,40.54,42.96,38.85,40.56,41.0,42.75,50.47,35.79,34.44,41.58,38.35,34.81,37.91,36.36,38.76,17.22,19.46,17.8,19.0,17.31,16.91,27.55,28.12,17.6,26.02,34.89,32.81,35.18,36.13,21.37,15.8,38.24,28.62,35.27,33.75,39.52,33.55,38.57,27.36,23.03,31.23,14.52,14.53,17.11,10.16,13.63,7.1,12.71,11.14,11.72,14.95,9.13,12.56,9.85,5.38,11.7,7.7,15.16,13.52,8.54,10.19,9.49,13.01,20.37,20.78,20.0,19.26,19.62,21.36,18.25,16.78,17.64,18.3,22.01,17.11,23.06,22.66,28.83,30.61,29.55,23.34,24.79,24.35,26.74,24.53,24.56,22.22,21.91,23.65,23.66,26.01,27.01,25.02,25.57,24.51,30.95,23.44,29.86,24.07,28.55,33.28,27.09,32.18,30.08,24.36,38.85,22.51,26.14,28.56,25.53,35.92,29.29,39.87,33.13,37.58,38.06,22.96,22.05,27.78,29.98,29.56,25.2,37.3,23.74,25.45,23.99,21.34,26.57,30.8,24.44,22.35,23.38,27.34,25.51,15.56,20.54,23.55,20.56,6.11,23.24,22.4,18.27,6.49,12.85,18.94,19.94,15.53,14.23,19.1,16.18,21.13,25.36,14.31,15.51,15.15,17.65,17.29,21.06,22.55,19.11,20.23,19.76,19.11,21.57,22.77,19.45,20.18,26.37,23.51,22.58,17.63,14.91,22.88,17.76,23.14,24.64,21.7,20.16,20.93,21.59,20.49,23.7,53.71,52.72
27.8,26.3,25.33,32.11,20.14,16.97,25.36,31.51,30.59,24.58,22.48,33.06,2.11,35.49,32.5,7.45,24.91,36.01,32.95,21.52,18.44,13.53,24.93,3.09,2.88,18.97,26.25,18.83,21.21,19.68,28.93,17.12,18.28,31.44,20.08,29.23,17.56,38.15,24.89,20.21,33.62,34.84,8.47,29.77,25.0,32.55,24.21,29.28,28.66,16.32,25.81,1.92,20.3,22.0,23.6,21.87,21.38,30.21,14.85,21.56,19.07,14.8,20.13,26.09,27.9,21.39,16.23,26.25,27.8,15.29,19.74,24.23,29.49,23.46,25.23,29.06,30.55,20.3,28.39,19.79,18.3,21.21,23.11,18.87,19.59,22.9,18.46,19.5,18.37,17.86,38.96,53.18,35.74,33.51,35.06,39.66,34.56,34.07,34.24,33.42,36.37,9.63,6.57,1.2,7.82,6.47,5.04,3.58,9.84,1.7,0.0,3.18,42.01,40.75,34.84,40.88,43.3,39.19,40.9,41.34,43.09,50.81,36.13,34.78,41.92,38.69,35.15,38.25,36.7,39.1,16.16,18.4,18.13,17.94,17.65,17.25,26.49,27.05,19.29,24.95,33.83,31.75,34.11,35.07,20.3,14.74,37.18,27.55,34.21,32.69,38.45,32.49,37.51,26.29,21.97,30.17,13.45,14.86,17.45,9.1,13.97,7.44,12.51,11.48,10.65,15.29,9.47,11.5,10.19,5.72,10.63,8.34,15.49,13.23,8.88,10.53,9.83,11.95,20.71,21.12,20.34,19.6,19.96,21.7,18.59,17.12,17.98,18.64,22.66,17.45,23.4,23.0,29.47,31.26,30.19,23.98,25.43,24.99,27.38,25.17,25.21,22.86,22.55,24.29,24.3,26.65,27.66,25.66,26.22,25.16,31.59,24.08,30.51,24.41,28.89,33.62,27.43,32.82,30.73,24.7,39.5,22.85,26.48,28.9,25.87,36.56,29.93,40.51,33.78,38.22,38.71,23.3,22.39,28.12,30.32,29.9,25.54,37.94,24.08,25.79,24.33,21.68,26.91,31.13,24.78,22.69,23.72,27.68,26.16,16.21,21.19,24.19,21.2,6.76,23.89,23.05,18.92,7.13,13.49,19.58,20.58,16.18,14.88,19.74,16.83,21.77,26.01,14.96,16.16,15.79,18.29,17.94,21.71,23.19,19.75,20.87,20.41,19.76,22.21,23.41,20.09,20.82,27.02,24.16,23.23,18.28,15.56,23.53,18.41,23.78,25.29,22.34,20.81,21.58,22.24,21.14,24.34,54.05,53.06
27.5,26.0,25.03,31.81,20.53,19.51,25.07,31.22,30.29,24.28,22.87,32.76,3.13,35.2,32.2,7.85,24.61,35.71,32.66,24.07,18.83,13.92,24.63,1.05,2.59,19.36,25.95,19.23,20.91,19.38,28.63,17.52,20.09,31.14,20.48,28.93,20.1,38.54,24.6,19.91,33.32,34.55,8.86,29.47,24.71,32.25,23.92,28.98,28.36,16.72,25.51,1.69,20.69,21.71,23.31,27.44,21.77,29.92,15.24,21.95,19.46,14.51,20.53,25.79,27.61,21.1,16.62,25.95,27.5,15.68,20.13,23.93,29.2,23.17,24.93,28.77,30.25,20.7,28.09,20.18,18.7,20.91,22.81,19.26,19.98,22.6,22.82,23.63,18.76,18.25,38.66,52.88,35.44,33.21,34.76,39.36,34.27,33.78,33.94,33.13,36.08,7.66,9.11,3.74,10.36,9.01,5.47,6.13,12.38,1.48,3.18,0.0,42.41,41.15,35.23,41.27,43.69,39.58,41.29,41.73,43.48,51.2,36.52,35.17,42.31,39.08,35.54,38.64,37.09,39.49,18.7,20.94,18.53,20.48,18.05,17.64,29.03,29.59,18.34,27.49,36.37,34.29,36.66,37.61,22.85,17.28,39.72,30.09,36.75,35.23,41.0,35.03,40.05,28.84,24.51,32.71,15.99,15.26,17.85,11.64,14.37,7.84,13.44,11.88,13.2,15.68,9.87,14.37,10.58,6.12,13.17,8.05,15.89,14.26,9.28,10.92,10.23,14.49,21.1,21.51,20.74,20.0,20.35,22.09,18.98,17.51,18.37,19.03,22.36,17.85,28.29,23.4,29.17,30.96,29.89,23.69,25.14,24.69,27.08,24.87,24.91,22.56,22.26,24.0,24.01,26.36,27.36,25.37,25.92,24.86,31.3,23.79,30.21,24.8,29.29,34.02,27.82,32.52,30.43,25.09,39.2,23.24,26.88,29.29,26.27,36.27,29.64,40.21,33.48,37.92,38.41,23.7,22.78,28.51,30.71,30.29,25.94,37.64,24.47,26.18,24.72,22.08,27.3,31.53,29.67,23.09,24.11,28.07,25.86,15.91,20.89,23.89,20.91,6.46,23.59,22.75,18.62,6.84,13.2,19.28,20.29,15.88,14.58,19.45,16.53,21.47,25.71,14.66,15.86,15.5,18.0,17.64,21.41,22.9,19.45,20.57,20.11,19.46,21.92,23.12,19.79,20.53,26.72,23.86,22.93,17.98,15.26,23.23,18.11,23.49,24.99,22.05,20.51,21.28,21.94,20.84,24.05,54.45,53.45
46.53,47.77,45.26,39.22,35.26,31.68,46.84,42.77,41.46,39.11,25.69,40.17,41.42,42.61,39.61,34.56,34.01,33.37,44.22,37.29,23.58,28.7,45.1,41.78,41.58,34.08,46.42,27.54,33.97,42.61,36.59,25.95,29.83,38.55,28.8,29.86,30.02,4.74,40.09,33.62,40.73,41.95,33.55,40.96,45.17,39.66,38.75,28.91,36.08,28.26,35.36,40.61,24.4,34.27,38.14,30.58,30.09,37.87,28.14,26.33,30.32,48.13,24.23,33.52,31.52,32.75,32.14,32.94,35.22,26.96,27.04,35.36,39.76,34.56,36.37,40.25,37.22,32.97,38.91,28.5,30.22,32.72,37.64,29.31,30.32,32.91,31.69,31.4,30.21,30.86,25.95,12.73,33.1,31.87,32.42,35.61,30.78,41.19,41.35,40.54,43.49,49.06,37.49,42.55,37.44,38.61,42.22,40.17,39.83,41.67,42.01,42.41,0.0,7.32,9.04,1.52,2.75,5.75,7.46,1.8,2.54,10.26,8.3,7.25,1.37,3.46,8.86,6.11,5.51,7.81,31.88,31.44,29.4,33.66,27.75,28.51,39.53,40.09,28.03,37.99,34.89,34.69,31.6,30.14,33.34,33.18,25.55,36.35,30.03,37.32,24.72,30.24,28.16,39.33,37.69,32.57,34.05,28.17,24.57,34.57,32.57,35.67,31.45,30.55,33.49,33.08,32.56,32.38,34.06,37.46,34.64,37.94,33.09,30.2,35.73,31.57,36.18,33.8,21.31,25.24,22.61,29.69,23.38,23.97,28.34,26.87,26.82,28.39,35.91,33.43,32.25,27.79,34.65,31.48,36.33,39.03,36.71,40.04,35.39,41.78,45.43,43.08,42.77,44.52,44.53,45.09,43.39,43.85,46.44,45.38,43.6,45.05,42.52,22.77,17.97,15.01,18.25,34.55,34.42,17.33,26.65,21.21,17.16,15.2,19.06,25.25,38.01,27.67,35.5,24.67,35.09,21.86,22.6,14.61,12.24,16.2,30.34,23.87,19.94,16.61,22.69,20.34,15.96,10.89,30.3,19.33,18.38,17.64,46.38,46.09,40.13,42.76,41.43,41.11,44.11,43.27,41.48,39.84,47.18,45.25,41.31,49.86,48.56,41.52,42.56,41.55,46.23,45.02,45.56,43.59,43.96,51.62,34.96,53.08,47.87,46.03,47.88,53.44,55.9,48.0,49.97,51.22,47.24,54.04,53.11,48.16,56.47,50.68,48.29,47.47,49.87,52.22,47.87,55.26,55.92,54.82,48.93,13.51,12.52
41.51,45.21,40.25,40.26,34.0,30.43,44.27,43.81,42.5,37.86,24.44,41.21,40.17,43.64,40.65,33.3,32.75,34.4,45.25,36.03,22.32,27.44,43.84,40.52,40.32,32.83,45.16,26.29,32.71,41.36,37.63,24.7,28.57,39.59,27.54,28.6,28.76,2.59,38.83,32.36,41.77,42.99,32.29,35.94,43.91,40.7,37.49,27.65,34.83,27.0,34.11,39.36,23.14,33.01,36.88,29.33,28.83,29.7,26.88,25.07,29.06,46.87,22.98,32.26,30.27,31.49,30.88,31.69,33.97,25.71,25.79,34.11,40.8,33.3,35.11,35.23,30.32,31.71,39.95,27.24,28.96,31.47,36.39,28.05,29.06,31.65,30.43,30.15,28.95,29.61,26.99,13.77,34.13,32.9,33.46,36.64,31.81,42.22,42.39,41.57,44.52,47.8,36.24,41.29,36.18,37.35,40.97,38.91,38.58,40.42,40.75,41.15,7.32,0.0,7.74,6.2,8.62,1.57,0.99,6.66,8.4,16.13,7.01,5.95,7.24,4.01,7.57,7.81,4.22,8.66,30.58,30.14,28.1,32.37,26.45,27.22,38.23,38.79,26.74,36.7,33.41,33.21,30.12,28.66,32.05,31.89,24.08,34.87,28.55,35.84,23.24,28.77,26.68,38.04,36.39,31.09,32.76,26.88,23.28,33.28,31.27,34.38,30.16,29.26,32.19,31.78,31.27,31.08,32.77,36.17,33.35,36.65,31.8,28.91,34.44,30.28,34.89,32.51,20.02,23.95,21.32,28.4,22.08,22.67,27.05,25.58,25.53,27.1,34.62,32.13,30.95,26.5,35.7,30.19,37.37,37.74,35.42,38.75,34.1,36.48,44.14,41.79,41.48,43.22,43.23,39.8,38.09,38.56,45.15,44.09,44.64,39.76,37.22,21.48,16.68,18.63,16.95,35.6,35.47,16.03,27.7,19.92,15.87,13.9,17.77,23.96,39.06,28.71,36.55,23.37,36.13,20.56,21.31,13.32,10.95,14.9,29.04,22.58,18.65,15.32,21.4,19.05,14.66,9.6,29.0,18.04,17.09,16.35,45.09,44.8,38.84,37.46,40.13,39.82,42.82,41.98,40.19,38.55,45.88,43.95,40.02,48.57,47.27,40.23,41.26,40.26,44.94,43.72,44.27,42.3,42.67,50.33,33.67,51.78,46.58,44.74,46.58,52.15,54.6,46.71,48.68,49.92,45.95,52.74,51.82,46.86,55.17,49.38,47.0,46.18,48.58,50.93,46.58,53.97,54.63,53.53,47.64,19.37,18.38
35.59,39.29,34.33,32.88,28.09,24.51,38.36,31.77,30.84,31.94,18.52,33.83,34.25,33.49,33.27,27.39,26.83,36.12,33.21,30.12,16.41,21.53,37.92,34.6,34.4,26.91,39.25,20.37,26.8,35.44,29.7,18.78,22.66,32.21,21.62,22.69,22.85,5.16,32.91,26.44,31.61,32.83,26.37,30.02,38.0,30.54,31.58,21.74,28.91,21.09,28.19,33.44,17.23,27.1,30.97,23.41,22.92,23.79,20.96,19.16,23.15,40.96,17.06,26.34,24.35,25.58,24.97,25.77,28.05,19.79,19.87,28.19,29.75,27.39,29.2,29.32,24.41,25.8,28.64,21.33,23.04,25.55,30.47,22.13,23.15,25.73,24.51,24.23,23.04,23.69,28.7,15.48,35.85,34.62,35.18,38.36,33.53,32.06,35.01,34.2,34.37,41.89,30.32,35.38,30.27,31.43,35.05,33.0,32.66,34.5,34.84,35.23,9.04,7.74,0.0,7.89,10.31,6.2,7.91,8.35,10.1,17.82,3.14,1.79,8.93,5.7,2.16,5.26,3.71,6.11,24.69,24.25,22.21,26.48,20.56,21.33,32.34,32.9,20.85,30.8,35.34,35.14,32.05,30.59,26.16,26.0,26.0,33.4,30.48,38.54,25.17,30.69,28.6,32.14,30.5,33.02,26.87,20.99,17.39,27.39,25.38,28.49,24.26,23.36,26.3,25.89,25.38,25.19,26.88,30.27,27.46,30.75,25.9,23.02,28.55,24.38,29.0,26.62,14.13,18.06,15.42,22.51,16.19,16.78,21.15,19.69,19.64,21.21,28.73,26.24,25.06,20.61,30.71,24.3,31.43,31.85,29.52,32.85,28.2,30.59,38.25,35.9,35.59,37.33,37.34,33.9,32.2,32.67,39.26,38.2,32.42,33.87,31.33,15.59,10.79,12.74,11.06,22.4,31.97,10.14,29.4,14.03,9.97,8.01,11.88,18.07,31.18,30.41,23.35,17.48,37.83,14.67,15.42,7.43,5.05,9.01,23.15,16.69,12.76,9.43,15.51,13.16,8.77,3.71,23.11,12.15,11.2,10.45,39.2,38.9,32.95,31.57,34.24,33.92,36.92,36.08,34.3,32.66,39.99,38.06,34.13,42.68,41.38,34.34,35.37,34.37,39.04,37.83,38.38,36.41,36.77,44.43,27.78,45.89,40.69,38.85,40.69,46.26,48.71,40.82,42.79,44.03,40.06,46.85,45.92,40.97,49.28,43.49,41.1,40.29,42.69,45.04,40.69,48.08,48.74,47.64,41.74,21.06,20.07
45.39,46.64,44.13,38.09,34.12,30.55,45.7,41.64,40.33,37.98,24.56,39.04,40.29,41.47,38.48,33.43,32.87,32.23,43.08,36.16,22.45,27.57,43.96,40.64,40.44,32.95,45.29,26.41,32.84,41.48,35.46,24.82,28.7,37.42,27.66,28.73,28.89,3.61,38.95,32.48,39.6,40.82,32.41,39.82,44.04,38.53,37.62,27.78,34.95,27.13,34.23,39.48,23.27,33.13,37.01,29.45,28.96,36.74,27.0,25.2,29.19,47.0,23.1,32.38,30.39,31.62,31.01,31.81,34.09,25.83,25.91,34.23,38.62,33.43,35.24,39.12,36.09,31.84,37.78,27.37,29.08,31.59,36.51,28.17,29.18,31.77,30.55,30.27,29.08,29.73,24.82,11.6,31.96,30.73,31.29,34.47,29.64,40.05,40.22,39.4,42.35,47.93,36.36,41.42,36.3,37.47,41.09,39.04,38.7,40.54,40.88,41.27,1.52,6.2,7.89,0.0,2.81,4.62,6.33,1.07,2.6,10.32,7.17,6.11,1.43,2.33,7.73,4.97,4.38,6.68,30.74,30.3,28.26,32.53,26.61,27.38,38.39,38.95,26.9,36.85,33.75,33.56,30.47,29.0,32.21,32.05,24.42,35.21,28.9,36.18,23.59,29.11,27.02,38.2,36.55,31.43,32.92,27.04,23.44,33.44,31.43,34.54,30.32,29.42,32.35,31.94,31.43,31.24,32.93,36.33,33.51,36.81,31.95,29.07,34.6,30.44,35.05,32.67,20.18,24.11,21.48,28.56,22.24,22.83,27.21,25.74,25.69,27.26,34.78,32.29,31.11,26.66,33.52,30.35,35.19,37.9,35.57,38.91,34.26,40.65,44.3,41.95,41.64,43.38,43.39,43.96,42.26,42.72,45.31,44.25,42.46,43.92,41.38,21.64,16.84,13.87,17.11,33.41,33.29,16.19,25.52,20.08,16.03,14.06,17.93,24.12,36.88,26.53,34.37,23.53,33.95,20.72,21.47,13.48,11.1,15.06,29.2,22.74,18.81,15.48,21.56,19.21,14.82,9.76,29.16,18.2,17.25,16.51,45.25,44.96,39.0,41.63,40.29,39.98,42.97,42.13,40.35,38.71,46.04,44.11,40.18,48.73,47.43,40.39,41.42,40.42,45.09,43.88,44.43,42.46,42.83,50.49,33.83,51.94,46.74,44.9,46.74,52.31,54.76,46.87,48.84,50.08,46.11,52.9,51.98,47.02,55.33,49.54,47.16,46.34,48.74,51.09,46.74,54.13,54.79,53.69,47.8,13.56,12.57
47.82,49.06,46.55,40.51,36.54,32.97,48.12,44.06,42.75,40.4,26.98,41.46,42.71,43.89,40.9,35.85,35.29,34.65,45.5,38.58,24.87,29.99,46.38,43.06,42.86,35.37,47.71,28.83,35.26,43.9,37.88,27.24,31.12,39.84,30.08,31.15,31.31,6.03,41.37,34.9,42.02,43.24,34.83,42.25,46.46,40.95,40.04,30.2,37.37,29.55,36.65,41.9,25.69,35.55,39.43,31.87,31.38,39.16,29.42,27.62,31.61,49.42,25.52,34.8,32.81,34.04,33.43,34.23,36.51,28.25,28.33,36.65,41.05,35.85,37.66,41.54,38.51,34.26,40.2,29.79,31.5,34.01,38.93,30.59,31.6,34.19,32.97,32.69,31.5,32.15,27.24,14.02,34.38,33.15,33.71,36.89,32.06,42.47,42.64,41.82,44.77,50.35,38.78,43.84,38.72,39.89,43.51,41.46,41.12,42.96,43.3,43.69,2.75,8.62,10.31,2.81,0.0,7.04,8.75,3.09,1.32,9.05,9.59,8.54,1.91,4.75,10.15,7.39,6.8,9.1,33.16,32.72,30.68,34.95,29.03,29.8,40.81,41.37,29.32,39.28,36.17,35.98,32.89,31.42,34.63,34.47,26.84,37.63,31.32,38.6,26.01,31.53,29.44,40.62,38.97,33.85,35.34,29.46,25.86,35.86,33.85,36.96,32.74,31.84,34.77,34.36,33.85,33.66,35.35,38.75,35.93,39.23,34.38,31.49,37.02,32.86,37.47,35.09,22.6,26.53,23.9,30.98,24.66,25.26,29.63,28.16,28.11,29.68,37.2,34.71,33.53,29.08,35.94,32.77,37.61,40.32,38.0,41.33,36.68,43.07,46.72,44.37,44.06,45.8,45.81,46.38,44.68,45.14,47.73,46.67,44.88,46.34,43.8,24.06,19.26,16.3,19.53,35.83,35.71,18.61,27.94,22.5,18.45,16.48,20.35,26.54,39.3,28.95,36.79,25.95,36.37,23.14,23.89,15.9,13.53,17.48,31.62,25.16,21.23,17.9,23.98,21.63,17.24,12.18,31.58,20.62,19.67,18.93,47.67,47.38,41.42,44.05,42.71,42.4,45.4,44.56,42.77,41.13,48.46,46.53,42.6,51.15,49.85,42.81,43.84,42.84,47.52,46.3,46.85,44.88,45.25,52.91,36.25,54.36,49.16,47.32,49.16,54.73,57.18,49.29,51.26,52.5,48.53,55.32,54.4,49.44,57.75,51.96,49.58,48.76,51.16,53.51,49.16,56.55,57.21,56.11,50.22,12.29,11.3
39.94,43.64,38.68,38.69,32.43,28.86,42.71,42.25,40.94,36.29,22.87,39.64,38.6,42.08,39.08,31.74,31.18,32.84,43.69,34.47,20.76,25.87,42.27,38.95,38.75,31.26,43.6,24.72,31.15,39.79,36.06,23.13,27.01,38.02,25.97,27.04,27.2,1.02,37.26,30.79,40.2,41.43,30.72,34.37,42.35,39.13,35.93,26.09,33.26,25.44,32.54,37.79,21.58,31.44,35.32,27.76,27.27,28.14,25.31,23.51,27.5,45.31,21.41,30.69,28.7,29.92,29.32,30.12,32.4,24.14,24.22,32.54,39.23,31.74,33.54,33.67,28.75,30.15,38.38,25.68,27.39,29.9,34.82,26.48,27.49,30.08,28.86,28.58,27.39,28.04,25.42,12.2,32.57,31.34,31.89,35.08,30.25,40.66,40.82,40.01,42.96,46.24,34.67,39.73,34.61,35.78,39.4,37.35,37.01,38.85,39.19,39.58,5.75,1.57,6.2,4.62,7.04,0.0,1.71,5.09,6.84,14.56,5.44,4.39,5.67,2.44,6.0,6.24,2.66,7.09,29.02,28.58,26.54,30.8,24.89,25.65,36.67,37.23,25.17,35.13,31.84,31.65,28.56,27.09,30.48,30.33,22.51,33.3,26.99,34.27,21.68,27.2,25.11,36.47,34.83,29.52,31.2,25.31,21.71,31.71,29.71,32.82,28.59,27.69,30.63,30.22,29.7,29.52,31.2,34.6,31.78,35.08,30.23,27.34,32.87,28.71,33.32,30.94,18.45,22.38,19.75,26.83,20.52,21.11,25.48,24.01,23.96,25.53,33.05,30.57,29.39,24.94,34.14,28.62,35.81,36.17,33.85,37.18,32.53,34.92,42.57,40.22,39.91,41.66,41.67,38.23,36.53,36.99,43.58,42.52,43.08,38.19,35.65,19.91,15.11,17.06,15.39,34.03,33.9,14.47,26.13,18.35,14.3,12.34,16.2,22.39,37.5,27.15,34.98,21.81,34.57,19.0,19.74,11.75,9.38,13.34,27.48,21.02,17.08,13.75,19.83,17.48,13.1,8.03,27.44,16.47,15.52,14.78,43.52,43.23,37.27,35.9,38.57,38.25,41.25,40.41,38.62,36.98,44.32,42.39,38.45,47.0,45.7,38.66,39.7,38.7,43.37,42.16,42.71,40.73,41.1,48.76,32.1,50.22,45.01,43.18,45.02,50.58,53.04,45.14,47.11,48.36,44.38,51.18,50.25,45.3,53.61,47.82,45.43,44.61,47.01,49.36,45.01,52.4,53.06,51.96,46.07,17.8,16.81
41.65,45.35,40.39,40.4,34.15,30.57,44.42,43.96,42.65,38.0,24.58,41.36,40.31,43.79,40.79,33.45,32.89,34.55,45.4,36.18,22.47,27.59,43.98,40.66,40.46,32.97,45.31,26.43,32.86,41.5,37.77,24.84,28.72,39.73,27.68,28.75,28.91,2.73,38.97,32.5,41.92,43.14,32.43,36.08,44.06,40.85,37.64,27.8,34.97,27.15,34.25,39.5,23.29,33.16,37.03,29.47,28.98,29.85,27.02,25.22,29.21,47.02,23.12,32.4,30.41,31.64,31.03,31.83,34.11,25.85,25.93,34.25,40.94,33.45,35.26,35.38,30.47,31.86,40.09,27.39,29.1,31.61,36.53,28.19,29.21,31.79,30.57,30.29,29.1,29.75,27.13,13.91,34.28,33.05,33.6,36.79,31.96,42.37,42.53,41.72,44.67,47.95,36.38,41.44,36.33,37.49,41.11,39.06,38.72,40.56,40.9,41.29,7.46,0.99,7.91,6.33,8.75,1.71,0.0,6.8,8.55,16.27,7.15,6.1,7.38,4.15,7.71,7.95,4.37,8.8,30.73,30.29,28.25,32.51,26.6,27.36,38.38,38.94,26.89,36.84,33.55,33.36,30.27,28.8,32.19,32.04,24.22,35.01,28.7,35.98,23.39,28.91,26.82,38.18,36.54,31.23,32.91,27.02,23.42,33.42,31.42,34.53,30.3,29.4,32.34,31.93,31.41,31.23,32.91,36.31,33.5,36.79,31.94,29.05,34.58,30.42,35.03,32.65,20.17,24.1,21.46,28.55,22.23,22.82,27.19,25.72,25.68,27.24,34.76,32.28,31.1,26.65,35.85,30.33,37.52,37.88,35.56,38.89,34.24,36.63,44.28,41.94,41.63,43.37,43.38,39.94,38.24,38.7,45.29,44.23,44.79,39.9,37.36,21.63,16.82,18.77,17.1,35.74,35.62,16.18,27.85,20.07,16.01,14.05,17.92,24.1,39.21,28.86,36.69,23.52,36.28,20.71,21.45,13.46,11.09,15.05,29.19,22.73,18.8,15.46,21.55,19.19,14.81,9.74,29.15,18.18,17.23,16.49,45.23,44.94,38.98,37.61,40.28,39.96,42.96,42.12,40.33,38.7,46.03,44.1,40.16,48.71,47.42,40.37,41.41,40.41,45.08,43.87,44.42,42.44,42.81,50.47,33.81,51.93,46.72,44.89,46.73,52.3,54.75,46.85,48.82,50.07,46.09,52.89,51.96,47.01,55.32,49.53,47.14,46.32,48.73,51.08,46.72,54.11,54.78,53.68,47.78,19.51,18.52
45.85,47.1,44.59,38.55,34.58,31.01,46.16,42.1,40.79,38.44,25.02,39.5,40.75,41.93,38.94,33.89,33.33,32.69,43.54,36.62,22.91,28.02,44.42,41.1,40.9,33.41,45.75,26.87,33.3,41.94,35.92,25.28,29.16,37.88,28.12,29.19,29.35,4.07,39.41,32.94,40.06,41.28,32.87,40.28,44.5,38.99,38.08,28.24,35.41,27.59,34.69,39.94,23.73,33.59,37.47,29.91,29.42,37.2,27.46,25.66,29.65,47.46,23.56,32.84,30.85,32.07,31.47,32.27,34.55,26.29,26.37,34.69,39.08,33.89,35.7,39.58,36.55,32.3,38.24,27.83,29.54,32.05,36.97,28.63,29.64,32.23,31.01,30.73,29.54,30.19,25.28,12.05,32.42,31.19,31.75,34.93,30.1,40.51,40.68,39.86,42.81,48.39,36.82,41.88,36.76,37.93,41.55,39.5,39.16,41.0,41.34,41.73,1.8,6.66,8.35,1.07,3.09,5.09,6.8,0.0,2.87,10.6,7.63,6.57,1.71,2.79,8.18,5.43,4.84,7.13,31.2,30.76,28.72,32.99,27.07,27.84,38.85,39.41,27.36,37.31,34.21,34.02,30.93,29.46,32.67,32.51,24.88,35.67,29.36,36.64,24.05,29.57,27.48,38.66,37.01,31.89,33.38,27.5,23.9,33.9,31.89,35.0,30.78,29.88,32.81,32.4,31.89,31.7,33.39,36.79,33.97,37.26,32.41,29.53,35.06,30.9,35.51,33.13,20.64,24.57,21.93,29.02,22.7,23.29,27.67,26.2,26.15,27.72,35.24,32.75,31.57,27.12,33.98,30.81,35.65,38.36,36.03,39.37,34.72,41.11,44.76,42.41,42.1,43.84,43.85,44.42,42.72,43.18,45.77,44.71,42.92,44.38,41.84,22.1,17.3,14.33,17.57,33.87,33.75,16.65,25.98,20.54,16.49,14.52,18.39,24.58,37.34,26.99,34.83,23.99,34.41,21.18,21.93,13.94,11.56,15.52,29.66,23.2,19.27,15.94,22.02,19.67,15.28,10.22,29.62,18.66,17.71,16.97,45.71,45.41,39.46,42.09,40.75,40.44,43.43,42.59,40.81,39.17,46.5,44.57,40.64,49.19,47.89,40.85,41.88,40.88,45.55,44.34,44.89,42.92,43.29,50.95,34.29,52.4,47.2,45.36,47.2,52.77,55.22,47.33,49.3,50.54,46.57,53.36,52.44,47.48,55.79,50.0,47.62,46.8,49.2,51.55,47.2,54.59,55.25,54.15,48.26,13.84,12.85
47.6,48.84,46.34,40.29,36.33,32.76,47.91,43.85,42.54,40.19,26.77,41.25,42.5,43.68,40.68,35.63,35.08,34.44,45.29,38.36,24.65,29.77,46.17,42.85,42.65,35.16,47.49,28.62,35.04,43.69,37.66,27.03,30.9,39.62,29.87,30.93,31.09,5.81,41.16,34.69,41.81,43.03,34.62,42.03,46.24,40.74,39.82,29.98,37.16,29.33,36.44,41.69,25.47,35.34,39.21,31.66,31.16,38.95,29.21,27.4,31.39,49.2,25.31,34.59,32.6,33.82,33.21,34.02,36.3,28.04,28.12,36.44,40.83,35.63,37.44,41.33,38.3,34.04,39.99,29.58,31.29,33.8,38.72,30.38,31.39,33.98,32.76,32.48,31.28,31.94,27.02,13.8,34.17,32.94,33.5,36.68,31.85,42.26,42.43,41.61,44.56,50.13,38.57,43.62,38.51,39.68,43.3,41.24,40.91,42.75,43.09,43.48,2.54,8.4,10.1,2.6,1.32,6.84,8.55,2.87,0.0,8.07,9.38,8.32,1.69,4.54,9.93,7.18,6.59,8.88,32.95,32.51,30.47,34.74,28.82,29.58,40.6,41.16,29.11,39.06,35.96,35.76,32.68,31.21,34.41,34.26,26.63,37.42,31.1,38.39,25.79,31.32,29.23,40.4,38.76,33.64,35.13,29.25,25.64,35.65,33.64,36.75,32.52,31.62,34.56,34.15,33.63,33.45,35.13,38.53,35.72,39.01,34.16,31.28,36.8,32.64,37.25,34.88,22.39,26.32,23.68,30.77,24.45,25.04,29.41,27.95,27.9,29.46,36.98,34.5,33.32,28.87,35.73,32.55,37.4,40.11,37.78,41.11,36.46,42.85,46.51,44.16,43.85,45.59,45.6,46.17,44.46,44.93,47.52,46.45,44.67,46.13,43.59,23.85,19.05,16.08,19.32,35.62,35.5,18.4,27.73,22.29,18.23,16.27,20.14,26.32,39.09,28.74,36.58,25.74,36.16,22.93,23.68,15.68,13.31,17.27,31.41,24.95,21.02,17.68,23.77,21.42,17.03,11.96,31.37,20.41,19.46,18.71,47.45,47.16,41.2,43.83,42.5,42.18,45.18,44.34,42.55,40.92,48.25,46.32,42.39,50.93,49.64,42.6,43.63,42.63,47.3,46.09,46.64,44.66,45.03,52.69,36.04,54.15,48.95,47.11,48.95,54.52,56.97,49.07,51.05,52.29,48.31,55.11,54.18,49.23,57.54,51.75,49.36,48.55,50.95,53.3,48.94,56.34,57.0,55.9,50.0,11.32,10.33
55.33,56.57,54.06,48.02,44.06,40.48,55.64,51.57,50.26,47.91,34.49,48.97,50.22,51.4,48.41,43.36,42.81,42.17,53.01,46.09,32.38,37.5,53.89,50.58,50.37,42.88,55.22,36.34,42.77,51.41,45.39,34.75,38.63,47.35,37.6,38.66,38.82,13.54,48.88,42.41,49.53,50.75,42.34,49.76,53.97,48.46,47.55,37.71,44.88,37.06,44.16,49.41,33.2,43.07,46.94,39.38,38.89,46.67,36.94,35.13,39.12,56.93,33.03,42.31,40.32,41.55,40.94,41.74,44.02,35.76,35.84,44.16,48.56,43.36,45.17,49.05,46.02,41.77,47.71,37.3,39.01,41.52,46.44,38.1,39.12,41.71,40.48,40.2,39.01,39.66,34.75,21.53,41.89,40.66,41.22,44.41,39.58,49.98,50.15,49.34,52.29,57.86,46.29,51.35,46.24,47.4,51.02,48.97,48.63,50.47,50.81,51.2,10.26,16.13,17.82,10.32,9.05,14.56,16.27,10.6,8.07,0.0,17.1,16.05,9.42,12.26,17.66,14.9,14.31,16.61,40.68,40.24,38.2,42.46,36.54,37.31,48.32,48.89,36.83,46.79,43.69,43.49,40.4,38.94,42.14,41.98,34.35,45.14,38.83,46.12,33.52,39.04,36.95,48.13,46.49,41.37,42.85,36.97,33.37,43.37,41.36,44.47,40.25,39.35,42.28,41.88,41.36,41.18,42.86,46.26,43.44,46.74,41.89,39.0,44.53,40.37,44.98,42.6,30.11,34.04,31.41,38.49,32.18,32.77,37.14,35.67,35.62,37.19,44.71,42.23,41.05,36.59,43.45,40.28,45.12,47.83,45.51,48.84,44.19,50.58,54.23,51.88,51.57,53.31,53.33,53.89,52.19,52.65,55.24,54.18,52.39,53.85,51.31,31.57,26.77,23.81,27.05,43.35,43.22,26.12,35.45,30.01,25.96,23.99,27.86,34.05,46.81,36.46,44.3,33.47,43.88,30.65,31.4,23.41,21.04,24.99,39.14,32.67,28.74,25.41,31.49,29.14,24.75,19.69,39.09,28.13,27.18,26.44,55.18,54.89,48.93,51.56,50.22,49.91,52.91,52.07,50.28,48.64,55.98,54.05,50.11,58.66,57.36,50.32,51.36,50.35,55.03,53.81,54.36,52.39,52.76,60.42,43.76,61.87,56.67,54.83,56.68,62.24,64.7,56.8,58.77,60.02,56.04,62.84,61.91,56.96,65.27,59.48,57.09,56.27,58.67,61.02,56.67,64.06,64.72,63.62,57.73,7.67,6.68
36.88,40.58,35.62,37.41,29.37,25.8,39.65,33.06,32.13,33.23,19.81,38.36,35.54,34.77,37.79,28.68,28.12,31.55,34.5,31.41,17.7,22.81,39.21,35.89,35.69,28.2,40.53,21.66,28.09,36.73,30.99,20.07,23.95,36.74,22.91,23.98,24.14,4.42,34.2,27.73,32.9,34.12,27.66,31.31,39.29,31.83,32.87,23.03,30.2,22.38,29.48,34.73,18.52,28.38,32.26,24.7,24.21,25.07,22.25,20.45,24.43,42.25,18.35,27.63,25.64,26.86,26.26,27.06,29.34,21.08,21.16,29.48,31.04,28.68,30.48,30.61,25.69,27.09,29.93,22.62,24.33,26.84,31.76,23.42,24.43,27.02,25.8,25.52,24.33,24.98,24.13,10.91,31.28,30.05,30.61,33.79,28.96,33.35,39.54,38.72,35.65,43.18,31.61,36.67,31.55,32.72,36.34,34.29,33.95,35.79,36.13,36.52,8.3,7.01,3.14,7.17,9.59,5.44,7.15,7.63,9.38,17.1,0.0,1.35,8.2,4.97,2.96,2.49,2.98,3.34,25.98,25.54,23.5,27.77,21.85,22.61,33.63,34.19,22.14,32.09,34.6,34.4,31.32,29.85,27.44,27.29,25.27,34.69,29.74,37.03,24.43,29.96,27.87,33.43,31.79,32.28,28.16,22.28,18.67,28.68,26.67,29.78,25.55,24.65,27.59,27.18,26.66,26.48,28.16,31.56,28.75,32.04,27.19,24.31,29.83,25.67,30.28,27.91,15.42,19.35,16.71,23.8,17.48,18.07,22.44,20.98,20.93,22.49,30.01,27.53,26.35,21.9,32.84,25.58,34.51,33.14,30.81,34.14,29.49,31.88,39.54,37.19,36.88,38.62,38.63,35.19,33.49,33.95,40.55,39.48,33.7,35.15,32.62,16.88,12.08,14.02,12.35,32.73,32.61,11.43,24.84,15.32,11.26,9.3,13.17,19.35,32.46,25.85,33.69,18.77,33.27,15.96,16.71,8.71,6.34,10.3,24.44,17.98,14.05,10.71,16.8,14.45,10.06,4.99,24.4,13.44,12.49,11.74,40.48,40.19,34.23,32.86,35.53,35.21,38.21,37.37,35.58,33.95,41.28,39.35,35.42,43.96,42.67,35.63,36.66,35.66,40.33,39.12,39.67,37.69,38.06,45.72,29.07,47.18,41.98,40.14,41.98,47.55,50.0,42.1,44.08,45.32,41.34,48.14,47.21,42.26,50.57,44.78,42.39,41.58,43.98,46.33,41.97,49.37,50.03,48.93,43.03,20.33,19.34
35.53,39.23,34.27,32.82,28.02,24.45,38.3,31.7,30.78,31.88,18.46,33.77,34.19,33.42,33.2,27.33,26.77,34.33,33.15,30.06,16.35,21.46,37.86,34.54,34.34,26.85,39.18,20.31,26.74,35.38,29.64,18.72,22.6,32.15,21.56,22.63,22.79,3.37,32.85,26.38,31.55,32.77,26.31,29.96,37.94,30.48,31.52,21.68,28.85,21.03,28.13,33.38,17.17,27.03,30.91,23.35,22.86,23.72,20.9,19.09,23.08,40.89,17.0,26.28,24.29,25.51,24.91,25.71,27.99,19.73,19.81,28.13,29.68,27.33,29.13,29.26,24.34,25.73,28.58,21.27,22.98,25.49,30.41,22.07,23.08,25.67,24.45,24.17,22.98,23.63,26.91,13.69,34.06,32.83,33.39,36.57,31.74,32.0,34.95,34.13,34.3,41.83,30.26,35.32,30.2,31.37,34.99,32.93,32.6,34.44,34.78,35.17,7.25,5.95,1.79,6.11,8.54,4.39,6.1,6.57,8.32,16.05,1.35,0.0,7.14,3.91,1.61,3.47,1.92,4.32,24.63,24.19,22.15,26.41,20.5,21.26,32.28,32.84,20.79,30.74,33.55,33.35,30.26,28.8,26.09,25.94,24.21,33.34,28.69,35.98,23.38,28.9,26.81,32.08,30.44,31.23,26.81,20.92,17.32,27.32,25.32,28.43,24.2,23.3,26.24,25.83,25.31,25.13,26.81,30.21,27.4,30.69,25.84,22.96,28.48,24.32,28.93,26.55,14.07,18.0,15.36,22.45,16.13,16.72,21.09,19.62,19.58,21.14,28.66,26.18,25.0,20.55,30.65,24.23,31.37,31.78,29.46,32.79,28.14,30.53,38.18,35.84,35.53,37.27,37.28,33.84,32.14,32.6,39.19,38.13,32.35,33.8,31.26,15.53,10.72,12.67,11.0,22.33,35.38,10.08,27.61,13.97,9.91,7.95,11.82,18.0,31.11,28.62,23.29,17.42,36.04,14.61,15.36,7.36,4.99,8.95,23.09,16.63,12.7,9.36,15.45,13.09,8.71,3.64,23.05,12.08,11.13,10.39,39.13,38.84,32.88,31.51,34.18,33.86,36.86,36.02,34.23,32.6,39.93,38.0,34.06,42.61,41.32,34.27,35.31,34.31,38.98,37.77,38.32,36.34,36.71,44.37,27.72,45.83,40.62,38.79,40.63,46.2,48.65,40.75,42.72,43.97,39.99,46.79,45.86,40.91,49.22,43.43,41.04,40.23,42.63,44.98,40.62,48.01,48.68,47.58,41.68,19.27,18.28
46.43,47.68,45.17,39.13,35.16,31.59,46.74,42.68,41.37,39.02,25.6,40.08,41.33,42.51,39.52,34.47,33.91,33.27,44.12,37.2,23.49,28.6,45.0,41.68,41.48,33.99,46.32,27.45,33.88,42.52,36.5,25.86,29.74,38.46,28.7,29.77,29.93,4.65,39.99,33.52,40.64,41.86,33.45,40.86,45.08,39.57,38.66,28.82,35.99,28.17,35.27,40.52,24.31,34.17,38.05,30.49,30.0,37.78,28.04,26.24,30.22,48.04,24.14,33.42,31.43,32.65,32.05,32.85,35.13,26.87,26.95,35.27,39.66,34.47,36.27,40.16,37.13,32.88,38.82,28.41,30.12,32.63,37.55,29.21,30.22,32.81,31.59,31.31,30.12,30.77,25.86,12.63,33.0,31.77,32.33,35.51,30.68,41.09,41.26,40.44,43.39,48.97,37.4,42.46,37.34,38.51,42.13,40.08,39.74,41.58,41.92,42.31,1.37,7.24,8.93,1.43,1.91,5.67,7.38,1.71,1.69,9.42,8.2,7.14,0.0,3.37,8.76,6.01,5.42,7.71,31.78,31.34,29.3,33.57,27.65,28.42,39.43,39.99,27.94,37.89,34.79,34.6,31.51,30.04,33.25,33.09,25.46,36.25,29.94,37.22,24.63,30.15,28.06,39.24,37.59,32.47,33.96,28.08,24.48,34.48,32.47,35.58,31.36,30.46,33.39,32.98,32.47,32.28,33.97,37.37,34.55,37.84,32.99,30.11,35.64,31.48,36.09,33.71,21.22,25.15,22.51,29.6,23.28,23.87,28.25,26.78,26.73,28.3,35.82,33.33,32.15,27.7,34.56,31.39,36.23,38.94,36.61,39.95,35.3,41.69,45.34,42.99,42.68,44.42,44.43,45.0,43.29,43.76,46.35,45.29,43.5,44.96,42.42,22.68,17.88,14.91,18.15,34.45,34.33,17.23,26.56,21.12,17.07,15.1,18.97,25.16,37.92,27.57,35.41,24.57,34.99,21.76,22.51,14.52,12.14,16.1,30.24,23.78,19.85,16.52,22.6,20.25,15.86,10.8,30.2,19.24,18.29,17.55,46.29,45.99,40.04,42.67,41.33,41.02,44.01,43.17,41.39,39.75,47.08,45.15,41.22,49.77,48.47,41.43,42.46,41.46,46.13,44.92,45.47,43.5,43.87,51.52,34.87,52.98,47.78,45.94,47.78,53.35,55.8,47.91,49.88,51.12,47.15,53.94,53.02,48.06,56.37,50.58,48.2,47.38,49.78,52.13,47.78,55.17,55.83,54.73,48.84,12.66,11.67
43.71,44.95,42.45,36.4,31.94,28.36,44.02,39.96,38.65,35.79,22.37,37.36,38.1,39.79,36.79,31.24,30.68,30.55,41.4,33.97,20.26,25.38,41.77,38.45,38.25,30.76,43.1,24.22,30.65,39.29,33.77,22.63,26.51,35.73,25.47,26.54,26.7,1.42,36.76,30.29,37.91,39.14,30.22,38.14,41.85,36.84,35.43,25.59,32.76,24.94,32.04,37.29,21.08,30.94,34.82,27.26,26.77,35.06,24.81,23.01,27.0,44.81,20.91,30.19,28.2,29.43,28.82,29.62,31.9,23.64,23.72,32.04,36.94,31.24,33.05,37.43,34.4,29.65,36.09,25.18,26.89,29.4,34.32,25.98,27.0,29.58,28.36,28.08,26.89,27.54,23.13,9.91,30.28,29.05,29.6,32.79,27.96,38.37,38.53,37.72,40.67,45.74,34.17,39.23,34.12,35.28,38.9,36.85,36.51,38.35,38.69,39.08,3.46,4.01,5.7,2.33,4.75,2.44,4.15,2.79,4.54,12.26,4.97,3.91,3.37,0.0,5.54,3.29,2.19,4.99,28.56,28.11,26.07,30.34,24.42,25.19,36.2,36.77,24.71,34.67,31.57,31.37,28.28,26.82,30.02,29.86,22.23,33.02,26.71,34.0,21.4,26.92,24.83,36.01,34.36,29.24,30.73,24.85,21.25,31.25,29.24,32.35,28.13,27.23,30.16,29.76,29.24,29.06,30.74,34.14,31.32,34.62,29.77,26.88,32.41,28.25,32.86,30.48,17.99,21.92,19.29,26.37,20.06,20.65,25.02,23.55,23.5,25.07,32.59,30.1,28.92,24.47,31.84,28.16,33.51,35.71,33.39,36.72,32.07,34.45,42.11,39.76,39.45,41.19,41.2,37.77,36.06,36.53,43.12,42.06,40.78,37.73,35.19,19.45,14.65,12.19,14.92,31.73,31.61,14.0,23.83,17.89,13.84,11.87,15.74,21.93,35.2,24.85,32.68,21.34,32.27,18.53,19.28,11.29,8.92,12.87,27.01,20.55,16.62,13.29,19.37,17.02,12.63,7.57,26.97,16.01,15.06,14.32,43.06,42.77,36.81,35.43,38.1,37.79,40.79,39.95,38.16,36.52,43.86,41.92,37.99,46.54,45.24,38.2,39.23,38.23,42.91,41.69,42.24,40.27,40.64,48.3,31.64,49.75,44.55,42.71,44.56,50.12,52.57,44.68,46.65,47.9,43.92,50.72,49.79,44.84,53.15,47.35,44.97,44.15,46.55,48.9,44.55,51.94,52.6,51.5,45.61,15.5,14.51
35.9,39.6,34.64,33.19,28.4,24.82,38.67,32.08,31.15,32.25,18.83,34.14,34.56,33.8,33.58,27.7,27.14,32.04,33.52,30.43,16.72,21.84,38.23,34.91,34.71,27.22,39.56,20.68,27.11,35.75,30.01,19.09,22.97,32.52,21.93,23.0,23.16,4.98,33.22,26.75,31.92,33.14,26.68,30.34,38.31,30.85,31.89,22.05,29.22,21.4,28.5,33.75,17.54,27.41,31.28,23.72,23.23,24.1,21.27,19.47,23.46,41.27,17.37,26.65,24.66,25.89,25.28,26.08,28.36,20.1,20.18,28.5,30.06,27.7,29.51,29.63,24.72,26.11,28.95,21.64,23.35,25.86,30.78,22.44,23.46,26.04,24.82,24.54,23.35,24.0,24.62,11.4,31.77,30.54,31.09,34.28,29.45,32.37,35.32,34.51,34.68,42.2,30.63,35.69,30.58,31.74,35.36,33.31,32.97,34.81,35.15,35.54,8.86,7.57,2.16,7.73,10.15,6.0,7.71,8.18,9.93,17.66,2.96,1.61,8.76,5.54,0.0,2.97,3.53,3.8,25.0,24.56,22.52,26.79,20.87,21.64,32.65,33.21,21.16,31.11,35.16,34.96,31.87,30.41,26.47,26.31,25.82,33.71,30.3,38.85,24.99,30.51,28.42,32.46,30.81,32.84,27.18,21.3,17.7,27.7,25.69,28.8,24.57,23.67,26.61,26.2,25.69,25.5,27.19,30.58,27.77,31.06,26.21,23.33,28.86,24.7,29.31,26.93,14.44,18.37,15.73,22.82,16.5,17.09,21.46,20.0,19.95,21.52,29.04,26.55,25.37,20.92,31.02,24.61,31.74,32.16,29.83,33.16,28.51,30.9,38.56,36.21,35.9,37.64,37.65,34.21,32.51,32.98,39.57,38.51,32.73,34.18,31.64,15.9,11.1,13.05,11.37,22.71,33.09,10.45,25.32,14.34,10.28,8.32,12.19,18.38,31.49,26.34,23.66,17.79,33.76,14.98,15.73,7.74,5.36,9.32,23.46,17.0,13.07,9.74,15.82,13.47,9.08,4.02,23.42,12.46,11.51,10.76,39.51,39.21,33.26,31.88,34.55,34.24,37.23,36.39,34.61,32.97,40.3,38.37,34.44,42.99,41.69,34.65,35.68,34.68,39.35,38.14,38.69,36.72,37.08,44.74,28.09,46.2,41.0,39.16,41.0,46.57,49.02,41.13,43.1,44.34,40.37,47.16,46.23,41.28,49.59,43.8,41.41,40.6,43.0,45.35,41.0,48.39,49.05,47.95,42.05,20.88,19.89
42.23,43.47,40.96,34.92,31.49,27.92,42.54,38.47,37.16,40.46,21.93,35.87,37.66,38.31,35.31,30.8,30.24,29.07,39.91,33.53,19.82,24.93,46.44,38.01,37.81,30.32,47.76,23.78,30.21,43.96,32.29,22.19,26.07,34.25,25.03,26.1,26.26,5.22,41.43,29.85,36.43,37.65,29.78,36.66,46.52,35.36,40.1,25.15,37.43,24.5,37.13,36.85,20.64,30.5,39.49,26.82,26.33,33.57,24.37,22.57,26.55,49.47,20.47,35.28,27.76,28.98,28.38,29.18,36.99,23.2,23.28,31.6,35.46,30.8,32.6,35.95,32.92,29.21,34.61,24.74,26.45,28.96,38.99,25.54,26.55,29.14,27.92,27.64,26.45,27.1,21.65,8.43,28.79,27.57,28.12,31.31,26.48,36.88,37.05,36.24,39.19,45.3,33.73,38.79,33.67,34.84,38.46,36.41,36.07,37.91,38.25,38.64,6.11,7.81,5.26,4.97,7.39,6.24,7.95,5.43,7.18,14.9,2.49,3.47,6.01,3.29,2.97,0.0,3.77,1.7,28.1,27.66,25.62,29.88,23.97,24.73,35.75,36.31,24.26,34.21,35.4,35.2,32.11,30.65,29.56,29.41,26.07,36.81,30.54,37.83,25.23,30.76,28.67,35.55,33.91,33.08,30.28,24.4,20.79,30.79,28.79,31.9,27.67,26.77,29.71,29.3,28.78,28.6,30.28,33.68,30.87,34.16,29.31,26.43,31.95,27.79,32.4,30.02,17.54,21.47,18.83,25.92,19.6,20.19,24.56,23.09,23.05,24.61,32.13,29.65,28.47,24.02,30.35,33.3,32.02,40.64,32.93,41.65,36.16,37.48,47.04,44.69,44.38,46.12,46.14,40.79,39.09,39.55,43.65,43.29,39.29,40.75,38.22,19.0,14.2,10.25,14.47,30.25,30.12,13.55,22.35,17.44,13.38,11.42,15.29,21.47,33.71,23.36,31.2,20.89,30.79,18.08,18.83,10.83,8.46,12.42,26.56,20.1,16.17,12.83,18.92,16.57,12.18,7.11,26.52,15.56,14.61,13.86,47.99,47.7,41.74,38.46,43.03,37.33,42.02,44.88,43.09,36.07,48.79,46.85,42.92,51.47,50.17,43.13,44.16,43.16,47.84,46.62,47.17,45.2,45.57,53.23,31.19,54.68,49.48,47.64,49.49,55.05,57.51,49.61,51.58,52.83,48.85,55.65,54.72,49.77,58.08,52.29,49.9,49.08,51.48,53.83,49.48,56.87,57.53,56.43,50.54,18.14,17.15
37.45,41.15,36.19,38.45,29.94,26.37,40.22,33.63,32.7,33.8,20.38,39.41,36.11,35.35,38.84,29.25,28.69,32.6,35.07,31.98,18.27,23.39,39.78,36.46,36.26,28.77,41.11,22.23,28.66,37.3,31.56,20.64,24.52,37.78,23.48,24.55,24.71,1.63,34.77,28.3,33.47,34.69,28.23,31.88,39.86,32.4,33.44,23.6,30.77,22.95,30.05,35.3,19.09,28.95,32.83,25.27,24.78,25.65,22.82,21.02,25.01,42.82,18.92,28.2,26.21,27.44,26.83,27.63,29.91,21.65,21.73,30.05,31.61,29.25,31.06,31.18,26.26,27.66,30.5,23.19,24.9,27.41,32.33,23.99,25.0,27.59,26.37,26.09,24.9,25.55,25.18,11.96,32.33,31.1,31.65,34.84,30.01,33.92,40.59,39.77,36.23,43.75,32.18,37.24,32.12,33.29,36.91,34.86,34.52,36.36,36.7,37.09,5.51,4.22,3.71,4.38,6.8,2.66,4.37,4.84,6.59,14.31,2.98,1.92,5.42,2.19,3.53,3.77,0.0,4.63,26.55,26.11,24.07,28.34,22.42,23.18,34.2,34.76,22.71,32.66,31.81,31.62,28.53,27.06,28.01,27.86,22.48,33.27,26.96,34.24,21.65,27.17,25.08,34.0,32.36,29.49,28.73,22.85,19.25,29.25,27.24,30.35,26.12,25.22,28.16,27.75,27.23,27.05,28.74,32.13,29.32,32.61,27.76,24.88,30.41,26.24,30.85,28.48,15.99,19.92,17.28,24.37,18.05,18.64,23.01,21.55,21.5,23.07,30.59,28.1,26.92,22.47,33.87,26.16,35.55,33.71,31.38,34.71,30.06,32.45,40.11,37.76,37.45,39.19,39.2,35.76,34.06,34.52,41.12,40.06,34.28,35.72,33.19,17.45,12.65,14.6,12.92,33.77,33.64,12.0,25.87,15.89,11.83,9.87,13.74,19.93,33.04,26.89,34.72,19.34,34.31,16.53,17.28,9.29,6.91,10.87,25.01,18.55,14.62,11.29,17.37,15.02,10.63,5.56,24.97,14.01,13.06,12.31,41.06,40.76,34.81,33.43,36.1,35.78,38.78,37.94,36.15,34.52,41.85,39.92,35.99,44.53,43.24,36.2,37.23,36.23,40.9,39.69,40.24,38.27,38.63,46.29,29.64,47.75,42.55,40.71,42.55,48.12,50.57,42.67,44.65,45.89,41.92,48.71,47.78,42.83,51.14,45.35,42.96,42.15,44.55,46.9,42.54,49.94,50.6,49.5,43.6,17.54,16.55
43.93,45.17,42.67,36.62,32.34,28.77,44.24,40.18,38.87,42.16,22.78,37.58,38.51,40.01,37.01,31.65,31.09,30.77,41.62,34.38,20.67,25.79,48.14,38.86,38.66,31.17,49.47,24.63,31.06,45.66,33.99,23.04,26.92,35.95,25.88,26.95,27.11,6.07,43.14,30.7,38.14,39.36,30.63,38.36,48.22,37.06,41.8,26.0,39.13,25.35,32.45,37.7,21.49,31.36,41.19,27.67,27.18,35.28,25.22,23.42,27.41,51.18,21.32,30.6,28.61,29.84,29.23,30.03,32.31,24.05,24.13,32.45,37.16,31.65,33.46,37.65,34.62,30.06,36.31,25.59,27.3,29.81,40.69,26.39,27.4,29.99,28.77,28.49,27.3,27.95,23.35,10.13,30.5,29.27,29.82,33.01,28.18,38.59,38.75,37.94,40.89,46.15,34.58,39.64,34.53,35.69,39.31,37.26,36.92,38.76,39.1,39.49,7.81,8.66,6.11,6.68,9.1,7.09,8.8,7.13,8.88,16.61,3.34,4.32,7.71,4.99,3.8,1.7,4.63,0.0,28.95,28.51,26.47,30.74,24.82,25.58,36.6,37.16,25.11,35.06,36.25,36.05,32.97,31.5,30.41,30.26,26.92,37.66,31.39,38.68,26.08,31.61,29.52,36.4,34.76,33.93,31.13,25.25,21.65,31.65,29.64,32.75,28.52,27.62,30.56,30.15,29.64,29.45,31.14,34.53,31.72,35.01,30.16,27.28,32.81,28.64,33.25,30.88,18.39,22.32,19.68,26.77,20.45,21.04,25.41,23.95,23.9,25.47,32.99,30.5,29.32,24.87,32.06,35.0,33.73,36.11,33.78,37.11,32.46,39.18,42.51,40.16,39.85,41.59,41.6,42.49,40.79,41.26,45.35,42.46,41.0,42.46,39.92,19.85,15.05,11.95,15.32,31.95,31.83,14.4,24.06,18.29,14.23,12.27,16.14,22.33,35.42,25.07,32.9,21.74,32.49,18.93,19.68,11.69,9.31,13.27,27.41,20.95,17.02,13.69,19.77,17.42,13.03,7.96,27.37,16.41,15.46,14.71,43.46,43.16,37.21,40.16,38.5,38.18,41.18,40.34,38.55,36.92,44.25,42.32,38.39,46.93,45.64,38.6,39.63,38.63,43.3,42.09,42.64,40.67,41.03,48.69,32.04,50.15,44.95,43.11,44.95,50.52,52.97,45.07,47.05,48.29,44.32,51.11,50.18,45.23,53.54,47.75,45.36,44.55,46.95,49.3,44.95,52.34,53.0,51.9,46.0,19.85,18.86
23.9,27.6,22.64,21.19,17.1,1.77,26.67,20.07,19.15,20.25,12.33,22.14,16.66,21.79,21.57,13.13,15.14,25.08,21.51,5.37,8.28,7.15,26.23,18.61,18.41,15.92,27.55,8.68,15.11,23.75,18.0,6.71,3.08,20.52,9.93,13.98,2.36,28.0,21.22,14.75,19.92,21.14,12.12,18.33,26.31,18.85,19.89,14.03,17.22,4.41,16.5,17.44,10.14,15.4,19.27,11.72,11.23,15.08,6.59,11.41,11.45,29.26,9.98,14.65,12.66,13.88,13.18,14.08,16.36,5.95,9.59,16.5,18.05,15.7,17.5,17.63,15.7,14.1,16.95,9.64,11.35,13.86,18.78,10.44,11.45,14.04,12.82,12.54,11.35,12.0,28.04,42.26,24.81,22.59,24.14,28.74,23.64,20.37,23.32,22.5,22.67,22.4,9.9,14.95,9.84,11.01,14.63,12.57,12.24,17.22,16.16,18.7,31.88,30.58,24.69,30.74,33.16,29.02,30.73,31.2,32.95,40.68,25.98,24.63,31.78,28.56,25.0,28.1,26.55,28.95,0.0,3.21,4.87,1.78,5.26,3.98,11.29,11.86,4.1,9.76,18.63,16.55,18.92,19.87,5.11,2.27,21.99,12.36,19.01,17.49,23.26,17.29,22.31,11.1,5.81,14.97,3.14,6.61,7.37,7.06,11.03,14.14,7.83,9.01,5.5,12.35,11.03,6.82,12.53,15.93,7.13,16.4,12.55,8.55,14.2,10.04,14.65,7.27,10.62,11.03,10.25,7.21,9.87,11.61,9.4,7.94,7.89,9.46,16.98,14.51,13.31,12.91,18.96,15.61,19.68,20.1,17.77,21.1,16.45,18.84,26.5,24.15,23.84,25.58,25.59,22.15,20.45,20.91,27.51,26.45,20.67,22.11,19.58,14.32,18.81,23.54,17.34,22.31,20.22,14.61,28.99,12.76,16.39,18.81,15.78,26.06,19.43,30.0,23.27,27.71,28.2,13.21,12.3,18.03,20.23,19.81,15.45,27.43,13.99,15.7,14.24,11.59,16.82,21.05,14.69,12.6,13.63,17.59,27.44,27.15,21.2,19.82,22.49,19.58,25.17,24.33,22.54,18.31,28.24,26.31,22.38,30.92,29.63,22.59,23.62,22.62,27.29,26.08,26.63,24.66,25.02,32.68,16.03,34.14,28.94,27.1,28.94,34.51,36.96,29.06,31.04,32.28,28.31,35.1,34.17,29.22,37.53,31.74,29.35,28.54,30.94,33.29,28.94,36.33,36.99,35.89,29.99,43.96,42.97
23.46,27.16,22.2,20.74,15.95,2.96,26.22,19.63,18.71,19.81,11.89,21.7,18.9,21.35,21.13,13.89,14.7,24.64,21.07,8.57,7.84,8.03,25.79,20.85,20.65,14.78,27.11,8.24,14.67,23.31,17.56,6.27,2.64,20.08,9.49,13.54,1.92,27.56,20.78,14.31,19.48,20.7,12.88,17.89,25.86,18.41,19.45,13.59,16.78,5.29,16.06,19.69,9.7,14.96,18.83,11.28,10.78,14.64,7.47,10.96,11.01,28.82,9.54,14.21,12.22,13.44,12.84,13.64,15.92,7.66,9.15,16.06,17.61,15.25,17.06,17.19,15.26,13.66,16.51,9.2,10.91,13.42,18.34,10.0,11.01,13.6,12.38,12.1,10.91,11.56,27.6,41.82,24.37,22.15,23.7,28.3,23.2,19.93,22.88,22.06,22.23,24.65,12.14,17.2,12.09,13.26,16.87,14.82,14.48,19.46,18.4,20.94,31.44,30.14,24.25,30.3,32.72,28.58,30.29,30.76,32.51,40.24,25.54,24.19,31.34,28.11,24.56,27.66,26.11,28.51,3.21,0.0,6.47,4.99,4.82,5.59,8.19,8.75,3.66,6.66,15.53,13.45,15.82,16.77,2.01,4.51,18.88,9.26,15.91,14.39,20.16,14.19,19.21,8.0,9.02,11.87,5.38,7.49,6.93,9.3,11.88,14.99,10.08,9.87,7.75,13.2,11.88,9.06,13.38,16.78,9.38,17.26,13.71,10.79,15.05,10.89,15.5,9.51,10.18,10.59,9.81,6.77,9.43,11.17,8.96,7.5,7.45,9.02,16.53,14.05,12.87,12.47,18.52,15.17,19.24,19.66,17.33,20.66,16.01,18.4,26.06,23.71,23.4,25.14,25.15,21.71,20.01,20.47,27.07,26.01,20.23,21.67,19.14,13.88,18.37,23.1,16.9,21.87,19.78,14.17,28.55,12.32,15.95,18.37,15.34,25.62,18.99,29.56,22.83,27.27,27.76,12.77,11.86,17.59,19.79,19.37,15.01,26.99,13.55,15.26,13.8,11.15,16.38,20.61,14.25,12.16,13.19,17.15,27.0,26.71,20.75,19.38,22.05,20.43,24.73,23.89,22.1,19.16,27.8,25.87,21.94,30.48,29.19,22.15,23.18,22.18,26.85,25.64,26.19,24.22,24.58,32.24,15.59,33.7,28.5,26.66,28.5,34.07,36.52,28.62,30.6,31.84,27.87,34.66,33.73,28.78,37.09,31.3,28.91,28.1,30.5,32.85,28.49,35.89,36.55,35.45,29.55,43.52,42.53
21.42,25.12,20.16,18.7,13.91,4.63,24.18,17.59,16.67,17.77,9.85,19.66,17.55,19.31,19.09,10.68,12.66,22.6,19.03,10.23,5.8,4.82,23.75,17.9,17.7,12.74,25.07,6.2,12.63,21.27,15.52,4.23,4.82,18.04,7.45,11.5,5.01,25.52,18.74,12.27,17.44,18.66,9.67,15.85,23.82,16.37,17.41,11.55,14.74,2.08,14.02,16.74,7.66,12.92,16.79,9.24,8.74,12.6,4.26,8.92,8.97,26.78,7.5,12.17,10.18,11.4,10.73,11.6,13.88,3.62,7.11,14.02,15.57,13.21,15.02,15.15,13.22,11.62,14.47,7.16,8.87,11.38,16.3,7.96,8.97,11.56,10.34,10.06,8.87,9.52,25.56,39.78,22.33,20.11,21.66,26.26,21.16,17.89,20.84,20.02,20.19,26.31,13.81,18.86,13.75,14.92,18.53,16.48,16.14,17.8,18.13,18.53,29.4,28.1,22.21,28.26,30.68,26.54,28.25,28.72,30.47,38.2,23.5,22.15,29.3,26.07,22.52,25.62,24.07,26.47,4.87,6.47,0.0,6.65,2.78,0.89,14.56,15.12,3.07,13.02,21.9,19.82,22.19,23.14,8.38,6.18,25.25,15.62,22.28,20.76,26.52,20.56,25.58,14.37,10.68,18.24,7.05,4.28,4.88,10.97,8.67,11.78,7.56,6.66,9.41,9.99,8.67,8.48,10.17,13.57,11.04,14.05,10.2,6.31,11.84,7.68,12.29,9.91,8.14,8.55,7.77,4.73,7.39,9.13,6.92,5.46,5.41,6.98,14.49,12.15,10.83,10.43,16.48,13.13,17.2,17.62,15.29,18.62,13.97,16.36,24.02,21.67,21.36,23.1,23.11,19.67,17.97,18.43,25.03,23.97,18.19,19.63,17.1,11.84,16.33,21.06,14.86,19.83,17.74,12.13,26.51,10.28,13.91,16.33,13.3,23.58,16.95,27.52,20.79,25.23,25.72,10.73,9.82,15.55,17.75,17.33,12.97,24.95,11.51,13.22,11.76,9.11,14.34,18.57,12.21,10.12,11.15,15.11,24.96,24.67,18.71,17.34,20.01,17.22,22.69,21.85,20.06,15.95,25.76,23.83,19.9,28.44,27.15,20.11,21.14,20.14,24.81,23.6,24.15,22.18,22.54,30.2,13.55,31.66,26.46,24.62,26.46,32.03,34.48,26.58,28.56,29.8,25.83,32.62,31.69,26.74,35.05,29.26,26.87,26.06,28.46,30.81,26.45,33.85,34.51,33.41,27.51,41.48,40.49
25.69,29.38,24.42,22.97,18.88,3.56,28.45,21.86,20.93,22.03,14.11,23.92,18.44,23.58,23.36,14.92,16.93,26.87,23.3,5.94,10.07,8.94,28.01,20.39,20.19,17.71,29.34,10.46,16.89,25.53,19.79,8.5,4.86,22.3,11.72,15.76,4.15,29.78,23.01,16.54,21.7,22.92,13.9,20.12,28.09,20.63,21.67,15.82,19.0,6.2,18.28,19.23,11.93,17.19,21.06,13.5,13.01,16.86,8.38,13.19,13.24,31.05,11.76,16.43,14.44,15.67,14.97,15.86,18.14,7.74,11.37,18.28,19.84,17.48,19.29,19.41,17.48,15.89,18.74,11.42,13.14,15.64,20.56,12.22,13.24,15.83,14.61,14.32,13.13,13.78,29.82,44.04,26.6,24.37,25.92,30.52,25.43,22.16,25.1,24.29,24.46,24.19,11.68,16.74,11.63,12.8,16.41,14.36,14.02,19.0,17.94,20.48,33.66,32.37,26.48,32.53,34.95,30.8,32.51,32.99,34.74,42.46,27.77,26.41,33.57,30.34,26.79,29.88,28.34,30.74,1.78,4.99,6.65,0.0,7.05,5.77,13.08,13.64,5.88,11.54,20.42,18.34,20.7,21.66,6.89,4.05,23.77,14.14,20.8,19.28,25.04,19.08,24.1,12.88,6.39,16.76,4.92,8.4,9.15,8.84,12.82,15.92,9.62,10.8,7.29,14.13,12.81,8.6,14.31,17.71,8.92,18.19,14.34,10.33,15.98,11.82,16.43,9.05,12.41,12.82,12.04,9.0,11.66,13.4,11.19,9.72,9.67,11.24,18.76,16.3,15.1,14.7,20.75,17.4,21.47,21.88,19.56,22.89,18.24,20.63,28.28,25.93,25.62,27.37,27.38,23.94,22.23,22.7,29.29,28.23,22.45,23.9,21.36,16.1,20.59,25.32,19.12,24.1,22.0,16.4,30.78,14.55,18.18,20.6,17.57,27.84,21.21,31.79,25.05,29.5,29.99,15.0,14.09,19.81,22.02,21.6,17.24,29.22,15.78,17.49,16.02,13.38,18.61,22.83,16.47,14.39,15.41,19.37,29.23,28.94,22.98,21.61,24.28,21.36,26.96,26.12,24.33,20.09,30.03,28.1,24.16,32.71,31.41,24.37,25.41,24.4,29.08,27.86,28.41,26.44,26.81,34.47,17.81,35.93,30.72,28.88,30.73,36.29,38.75,30.85,32.82,34.07,30.09,36.89,35.96,31.01,39.32,33.53,31.14,30.32,32.72,35.07,30.72,38.11,38.77,37.67,31.78,45.75,44.76
19.77,23.47,18.51,17.05,12.26,5.02,22.53,15.94,15.01,16.12,8.19,18.01,17.06,17.66,17.44,10.2,11.01,20.95,17.38,10.63,4.15,4.34,22.1,17.42,17.22,11.09,23.42,4.55,10.97,19.62,13.87,2.58,3.17,16.38,5.8,9.85,3.36,23.86,17.09,10.62,15.79,17.01,9.19,14.2,22.17,14.72,15.75,9.9,13.09,1.6,12.37,16.25,6.01,11.27,15.14,7.59,7.09,10.95,3.78,7.27,7.32,25.13,5.85,10.52,8.53,9.75,9.14,9.95,12.23,3.97,5.45,12.37,13.92,11.56,13.37,13.49,11.56,9.97,12.82,5.5,7.22,9.73,14.65,6.31,7.32,9.91,8.69,8.41,7.21,7.87,23.91,38.12,20.68,18.46,20.01,24.61,19.51,16.24,19.19,18.37,18.54,24.7,14.2,19.26,14.14,15.31,18.93,16.88,16.54,17.31,17.65,18.05,27.75,26.45,20.56,26.61,29.03,24.89,26.6,27.07,28.82,36.54,21.85,20.5,27.65,24.42,20.87,23.97,22.42,24.82,5.26,4.82,2.78,7.05,0.0,1.9,12.91,13.47,0.99,11.37,20.25,18.17,20.54,21.49,6.72,6.57,23.6,13.97,20.63,19.11,24.87,18.91,23.93,12.71,11.07,16.59,7.44,3.8,3.23,11.36,8.19,11.3,7.08,6.18,9.8,9.51,8.19,8.0,9.69,13.09,11.43,13.56,9.71,5.83,11.36,7.2,11.81,9.43,6.49,6.9,6.12,2.65,5.74,7.48,5.27,3.8,3.76,5.32,12.84,10.36,9.18,8.78,14.83,11.48,15.55,15.97,13.64,16.97,12.32,14.71,22.37,20.02,19.71,21.45,21.46,18.02,16.32,16.78,23.37,22.31,16.53,17.98,15.45,10.19,14.67,19.4,13.21,18.18,16.09,10.48,24.86,8.63,12.26,14.68,11.65,21.93,15.29,25.87,19.14,23.58,24.07,9.08,8.17,13.9,16.1,15.68,11.32,23.3,9.86,11.57,10.11,7.46,12.69,16.91,10.56,8.47,9.5,13.46,23.31,23.02,17.06,15.69,18.36,16.74,21.04,20.2,18.41,15.47,24.11,22.18,18.24,26.79,25.5,18.45,19.49,18.49,23.16,21.95,22.5,20.52,20.89,28.55,11.9,30.01,24.8,22.97,24.81,30.38,32.83,24.93,26.9,28.15,24.17,30.97,30.04,25.09,33.4,27.61,25.22,24.41,26.81,29.16,24.8,32.2,32.86,31.76,25.86,39.83,38.84
20.53,24.23,19.27,17.82,13.02,3.74,23.3,16.71,15.78,16.88,8.96,18.77,16.66,18.42,18.21,9.8,11.77,21.72,18.15,9.35,4.92,3.93,22.86,17.01,16.81,11.85,24.19,5.31,11.74,20.38,14.64,3.35,3.93,17.15,6.56,10.61,4.12,24.63,17.85,11.38,16.55,17.77,8.78,14.96,22.94,15.48,16.52,10.66,13.85,1.19,13.13,15.85,6.78,12.03,15.91,8.35,7.86,11.71,3.37,8.04,8.09,25.9,6.61,11.28,9.29,10.52,9.84,10.71,12.99,2.73,6.22,13.13,14.69,12.33,14.14,14.26,12.33,10.74,13.58,6.27,7.98,10.49,15.41,7.07,8.08,10.67,9.45,9.17,7.98,8.63,24.67,38.89,21.45,19.22,20.77,25.37,20.28,17.0,19.95,19.13,19.3,25.43,12.92,17.98,12.86,14.03,17.65,15.59,15.26,16.91,17.25,17.64,28.51,27.22,21.33,27.38,29.8,25.65,27.36,27.84,29.58,37.31,22.61,21.26,28.42,25.19,21.64,24.73,23.18,25.58,3.98,5.59,0.89,5.77,1.9,0.0,13.68,14.24,2.18,12.14,21.01,18.93,21.3,22.25,7.49,5.29,24.37,14.74,21.39,19.87,25.64,19.68,24.7,13.48,9.79,17.35,6.16,3.39,4.0,10.08,7.79,10.9,6.67,5.77,8.52,9.1,7.78,7.6,9.28,12.68,10.15,13.16,9.31,5.42,10.95,6.79,11.4,9.02,7.26,7.67,6.89,3.84,6.5,8.25,6.04,4.57,4.52,6.09,13.61,11.27,9.94,9.55,15.6,12.25,16.32,16.73,14.41,17.74,13.09,15.47,23.13,20.78,20.47,22.21,22.22,18.79,17.08,17.55,24.14,23.08,17.3,18.75,16.21,10.95,15.44,20.17,13.97,18.95,16.85,11.24,25.62,9.39,13.03,15.44,12.42,22.69,16.06,26.64,19.9,24.35,24.83,9.85,8.93,14.66,16.86,16.44,12.09,24.07,10.62,12.33,10.87,8.23,13.45,17.68,11.32,9.24,10.26,14.22,24.08,23.79,17.83,16.45,19.12,16.33,21.81,20.97,19.18,15.06,24.87,22.94,19.01,27.56,26.26,19.22,20.25,19.25,23.93,22.71,23.26,21.29,21.66,29.32,12.66,30.77,25.57,23.73,25.58,31.14,33.59,25.7,27.67,28.91,24.94,31.74,30.81,25.85,34.16,28.37,25.99,25.17,27.57,29.92,25.57,32.96,33.62,32.52,26.63,40.6,39.61
31.55,35.25,30.29,28.83,24.04,11.05,34.31,27.72,26.79,27.9,19.97,29.79,26.99,29.44,29.22,21.98,22.79,32.73,29.16,16.66,15.93,16.12,33.88,28.94,28.74,22.87,35.2,16.33,22.75,31.4,25.65,14.36,10.73,28.16,17.58,21.63,10.01,35.64,28.87,22.4,27.57,28.79,20.97,25.98,33.95,26.5,27.53,21.68,24.87,13.38,24.15,27.78,17.79,23.05,26.92,19.37,18.87,22.73,15.56,19.05,19.1,36.91,17.63,22.3,20.31,21.53,20.92,21.73,24.01,15.75,17.23,24.15,25.7,23.34,25.15,25.27,23.34,21.75,24.6,17.28,19.0,21.51,26.43,18.09,19.1,21.69,20.47,20.19,18.99,19.65,35.69,49.9,32.46,30.24,31.79,36.39,31.29,28.02,30.97,30.15,30.32,32.74,20.23,25.29,20.18,21.34,24.96,22.91,22.57,27.55,26.49,29.03,39.53,38.23,32.34,38.39,40.81,36.67,38.38,38.85,40.6,48.32,33.63,32.28,39.43,36.2,32.65,35.75,34.2,36.6,11.29,8.19,14.56,13.08,12.91,13.68,0.0,0.89,11.74,1.74,12.84,10.76,13.13,14.08,8.04,12.6,16.2,6.57,13.22,11.7,17.47,11.5,16.52,1.86,17.1,9.18,13.47,15.58,15.01,17.39,19.97,23.08,18.16,17.96,15.84,21.29,19.97,17.15,21.47,24.87,17.46,25.34,21.8,18.88,23.14,18.98,23.59,17.6,18.27,18.68,17.9,14.86,17.52,19.26,17.05,15.58,15.54,17.1,24.62,22.14,20.96,20.56,26.61,23.26,27.33,27.75,25.42,28.75,24.1,26.49,34.15,31.8,31.49,33.23,33.24,29.8,28.1,28.56,35.15,34.09,28.31,29.76,27.23,21.97,26.45,31.18,24.99,29.96,27.87,22.26,36.64,20.41,24.04,26.46,23.43,33.71,27.07,37.65,30.92,35.36,35.85,20.86,19.95,25.68,27.88,27.46,23.1,35.08,21.64,23.35,21.89,19.24,24.47,28.69,22.34,20.25,21.28,25.24,35.09,34.8,28.84,27.47,30.14,28.52,32.82,31.98,30.19,27.25,35.89,33.96,30.02,38.57,37.28,30.24,31.27,30.27,34.94,33.73,34.28,32.3,32.67,40.33,23.68,41.79,36.58,34.75,36.59,42.16,44.61,36.71,38.68,39.93,35.95,42.75,41.82,36.87,45.18,39.39,37.0,36.19,38.59,40.94,36.58,43.98,44.64,43.54,37.64,51.61,50.62
32.11,35.81,30.85,29.4,24.6,11.61,34.88,28.28,27.36,28.46,20.54,30.35,27.55,30.0,29.78,22.54,23.35,33.29,29.72,17.22,16.49,16.68,34.44,29.5,29.3,23.43,35.76,16.89,23.32,31.96,26.21,14.92,11.29,28.73,18.14,22.19,10.57,36.21,29.43,22.96,28.13,29.35,21.53,26.54,34.52,27.06,28.1,22.24,25.43,13.94,24.71,28.34,18.35,23.61,27.48,19.93,19.44,23.29,16.12,19.62,19.66,37.47,18.19,22.86,20.87,22.09,21.49,22.29,24.57,16.31,17.8,24.71,26.26,23.9,25.71,25.84,23.91,22.31,25.16,17.85,19.56,22.07,26.99,18.65,19.66,22.25,21.03,20.75,19.56,20.21,36.25,50.47,33.02,30.8,32.35,36.95,31.85,28.58,31.53,30.71,30.88,33.3,20.79,25.85,20.74,21.91,25.52,23.47,23.13,28.12,27.05,29.59,40.09,38.79,32.9,38.95,41.37,37.23,38.94,39.41,41.16,48.89,34.19,32.84,39.99,36.77,33.21,36.31,34.76,37.16,11.86,8.75,15.12,13.64,13.47,14.24,0.89,0.0,12.31,2.3,13.4,11.33,13.69,14.64,8.61,13.16,16.76,7.13,13.78,12.26,18.03,12.07,17.09,2.42,17.67,9.74,14.03,16.14,15.58,17.95,20.53,23.64,18.73,18.52,16.4,21.85,20.53,17.71,22.03,25.43,18.03,25.91,22.36,19.44,23.7,19.54,24.15,18.16,18.83,19.24,18.46,15.42,18.08,19.82,17.61,16.15,16.1,17.67,25.19,22.7,21.52,21.12,27.17,23.82,27.89,28.31,25.98,29.31,24.66,27.05,34.71,32.36,32.05,33.79,33.8,30.36,28.66,29.12,35.72,34.66,28.88,30.32,27.79,22.53,27.02,31.75,25.55,30.52,28.43,22.82,37.2,20.97,24.6,27.02,23.99,34.27,27.64,38.21,31.48,35.92,36.41,21.42,20.51,26.24,28.44,28.02,23.66,35.64,22.2,23.91,22.45,19.8,25.03,29.26,22.9,20.81,21.84,25.8,35.66,35.36,29.41,28.03,30.7,29.08,33.38,32.54,30.75,27.81,36.45,34.52,30.59,39.13,37.84,30.8,31.83,30.83,35.5,34.29,34.84,32.87,33.23,40.89,24.24,42.35,37.15,35.31,37.15,42.72,45.17,37.27,39.25,40.49,36.52,43.31,42.38,37.43,45.74,39.95,37.56,36.75,39.15,41.5,37.14,44.54,45.2,44.1,38.2,52.17,51.18
20.06,23.75,18.79,17.34,12.55,3.86,22.82,16.23,15.3,16.4,8.48,18.29,17.35,17.95,17.73,10.49,11.3,21.24,17.67,9.46,4.44,4.63,22.39,17.71,17.5,11.37,23.71,4.83,11.26,19.91,14.16,2.87,2.0,16.67,6.09,10.14,2.19,24.15,17.38,10.91,16.08,17.3,9.48,14.49,22.46,15.0,16.04,10.19,13.37,1.89,12.65,16.54,6.3,11.56,15.43,7.87,7.38,11.23,4.07,7.56,7.61,25.42,6.13,10.81,8.81,10.04,9.43,10.23,12.51,4.26,5.74,12.66,14.21,11.85,13.66,13.78,11.85,10.26,13.11,5.79,7.51,10.02,14.93,6.6,7.61,10.2,8.98,8.7,7.5,8.15,24.19,38.41,20.97,18.74,20.3,24.9,19.8,16.53,19.47,18.66,18.83,25.54,13.04,18.09,12.98,14.15,17.76,15.71,15.37,17.6,19.29,18.34,28.03,26.74,20.85,26.9,29.32,25.17,26.89,27.36,29.11,36.83,22.14,20.79,27.94,24.71,21.16,24.26,22.71,25.11,4.1,3.66,3.07,5.88,0.99,2.18,11.74,12.31,0.0,10.21,19.08,17.0,19.37,20.32,5.56,5.4,22.44,12.81,19.46,17.94,23.71,17.75,22.77,11.55,9.91,15.42,6.27,4.09,3.52,10.2,8.48,11.59,7.36,6.46,8.64,9.8,8.47,8.29,9.98,13.37,10.27,13.85,10.0,6.12,11.64,7.48,12.09,10.4,6.78,7.19,6.41,2.94,6.03,7.77,5.56,4.09,4.04,5.61,13.13,10.65,9.47,9.07,15.12,11.77,15.84,16.25,13.93,17.26,12.61,15.0,22.65,20.3,20.0,21.74,21.75,18.31,16.61,17.07,23.66,22.6,16.82,18.27,15.73,10.48,14.96,19.69,13.49,18.47,16.38,10.77,25.15,8.92,12.55,14.97,11.94,22.21,15.58,26.16,19.42,23.87,24.36,9.37,8.46,14.18,16.39,15.97,11.61,23.59,10.15,11.86,10.4,7.75,12.98,17.2,10.84,8.76,9.78,13.75,23.6,23.31,17.35,15.98,18.65,17.02,21.33,20.49,18.7,15.76,24.4,22.47,18.53,27.08,25.78,18.74,19.78,18.78,23.45,22.24,22.79,20.81,21.18,28.84,12.18,30.3,25.09,23.26,25.1,30.66,33.12,25.22,27.19,28.44,24.46,31.26,30.33,25.38,33.69,27.9,25.51,24.69,27.09,29.44,25.09,32.48,33.14,32.04,26.15,40.12,39.13
30.01,33.71,28.75,27.3,22.5,9.52,32.78,26.18,25.26,26.36,18.44,28.25,25.45,27.9,27.68,20.44,21.25,31.2,27.63,15.12,14.39,14.58,32.34,27.4,27.2,21.33,33.66,14.79,21.22,29.86,24.12,12.83,9.19,26.63,16.04,20.09,8.47,34.11,27.33,20.86,26.03,27.25,19.43,24.44,32.42,24.96,26.0,20.14,23.33,11.84,22.61,26.24,16.25,21.51,25.39,17.83,17.34,21.19,14.02,17.52,17.56,35.37,16.09,20.76,18.77,19.99,19.39,20.19,22.47,14.21,15.7,22.61,24.16,21.81,23.61,23.74,21.81,20.21,23.06,15.75,17.46,19.97,24.89,16.55,17.56,20.15,18.93,18.65,17.46,18.11,34.15,48.37,30.92,28.7,30.25,34.85,29.75,26.48,29.43,28.61,28.78,31.2,18.69,23.75,18.64,19.81,23.42,21.37,21.03,26.02,24.95,27.49,37.99,36.7,30.8,36.85,39.28,35.13,36.84,37.31,39.06,46.79,32.09,30.74,37.89,34.67,31.11,34.21,32.66,35.06,9.76,6.66,13.02,11.54,11.37,12.14,1.74,2.3,10.21,0.0,11.3,9.23,11.59,12.54,6.51,11.06,14.66,5.03,11.68,10.16,15.93,9.97,14.99,1.54,15.57,7.64,11.93,14.04,13.48,15.85,18.43,21.54,16.63,16.42,14.3,19.75,18.43,15.61,19.93,23.33,15.93,23.81,20.26,17.34,21.6,17.44,22.05,16.06,16.73,17.14,16.36,13.32,15.98,17.72,15.51,14.05,14.0,15.57,23.09,20.6,19.42,19.02,25.07,21.72,25.79,26.21,23.88,27.21,22.56,24.95,32.61,30.26,29.95,31.69,31.7,28.26,26.56,27.03,33.62,32.56,26.78,28.23,25.69,20.43,24.92,29.65,23.45,28.42,26.33,20.72,35.1,18.87,22.5,24.92,21.89,32.17,25.54,36.11,29.38,33.82,34.31,19.32,18.41,24.14,26.34,25.92,21.57,33.54,20.1,21.81,20.35,17.7,22.93,27.16,20.8,18.72,19.74,23.7,33.56,33.26,27.31,25.93,28.6,26.98,31.28,30.44,28.66,25.71,34.35,32.42,28.49,37.04,35.74,28.7,29.73,28.73,33.4,32.19,32.74,30.77,31.13,38.79,22.14,40.25,35.05,33.21,35.05,40.62,43.07,35.18,37.15,38.39,34.42,41.21,40.28,35.33,43.64,37.85,35.46,34.65,37.05,39.4,35.05,42.44,43.1,42.0,36.1,50.07,49.08
38.89,42.58,37.62,36.17,31.38,18.39,41.65,35.06,34.13,35.23,27.31,37.12,34.33,36.78,36.56,29.32,30.13,40.07,36.5,24.0,23.27,23.46,41.21,36.28,36.08,30.2,42.54,23.66,30.09,38.73,32.99,21.7,18.06,35.5,24.92,28.97,17.35,30.82,36.21,29.74,34.9,36.13,28.3,33.32,41.29,33.83,34.87,29.02,32.2,20.72,31.48,35.11,25.13,30.39,34.26,26.7,26.21,30.06,22.9,26.39,26.44,44.25,24.96,29.64,27.64,28.87,28.26,29.06,31.34,23.08,24.57,31.48,33.04,30.68,32.49,32.61,30.68,29.09,31.94,24.62,26.34,28.84,33.76,25.43,26.44,29.03,27.81,27.52,26.33,26.98,43.02,41.33,39.8,37.57,39.12,43.72,38.63,35.36,38.3,37.49,37.66,40.08,27.57,32.63,27.51,28.68,32.3,30.24,29.91,34.89,33.83,36.37,34.89,33.41,35.34,33.75,36.17,31.84,33.55,34.21,35.96,43.69,34.6,33.55,34.79,31.57,35.16,35.4,31.81,36.25,18.63,15.53,21.9,20.42,20.25,21.01,12.84,13.4,19.08,11.3,0.0,3.09,4.48,7.22,15.38,19.94,9.33,7.44,6.36,2.81,10.6,4.64,4.48,12.65,24.44,3.66,20.81,22.92,22.35,24.73,27.31,30.42,25.5,25.29,23.17,28.63,27.3,24.49,28.8,32.2,24.8,32.68,29.14,26.22,30.47,26.31,30.92,24.94,25.61,26.02,25.24,22.2,24.86,26.6,24.39,22.92,22.87,24.44,31.96,29.48,28.3,27.9,33.95,30.6,34.67,35.08,32.76,36.09,31.44,33.83,41.48,39.13,38.82,40.57,40.58,37.14,35.43,35.9,42.49,41.43,35.65,37.1,34.56,29.31,33.79,38.52,32.32,37.3,35.21,29.6,43.98,27.75,31.38,33.8,30.77,41.04,34.41,44.99,38.25,42.7,43.19,28.2,27.29,33.01,35.22,34.8,30.44,42.42,28.98,30.69,29.23,26.58,31.81,36.03,29.67,27.59,28.61,32.57,42.43,42.14,36.18,34.81,37.48,35.85,40.16,39.32,37.53,34.59,43.23,41.3,37.36,45.91,44.61,37.57,38.61,37.6,42.28,41.07,41.62,39.64,40.01,47.67,31.01,49.13,43.92,42.08,43.93,49.49,51.95,44.05,46.02,47.27,43.29,50.09,49.16,44.21,52.52,46.73,44.34,43.52,45.92,48.27,43.92,51.31,51.97,50.87,44.98,46.93,45.94
36.81,40.51,35.54,34.09,29.3,16.31,39.57,32.98,32.05,33.16,25.23,35.05,32.25,34.7,34.48,27.24,28.05,37.99,34.42,21.92,21.19,21.38,39.14,34.2,34.0,28.13,40.46,21.59,28.01,36.66,30.91,19.62,15.99,33.42,22.84,26.89,15.27,30.62,34.13,27.66,32.83,34.05,26.23,31.24,39.21,31.76,32.79,26.94,30.13,18.64,29.41,33.03,23.05,28.31,32.18,24.63,24.13,27.99,20.82,24.31,24.36,42.17,22.89,27.56,25.56,26.79,26.18,26.99,29.27,21.01,22.49,29.41,30.96,28.6,30.41,30.53,28.6,27.01,29.86,22.54,24.26,26.77,31.69,23.35,24.36,26.95,25.73,25.45,24.25,24.91,40.95,41.14,37.72,35.49,37.05,41.65,36.55,33.28,36.23,35.41,35.58,38.0,25.49,30.55,25.43,26.6,30.22,28.17,27.83,32.81,31.75,34.29,34.69,33.21,35.14,33.56,35.98,31.65,33.36,34.02,35.76,43.49,34.4,33.35,34.6,31.37,34.96,35.2,31.62,36.05,16.55,13.45,19.82,18.34,18.17,18.93,10.76,11.33,17.0,9.23,3.09,0.0,4.28,7.02,13.3,17.86,9.14,5.36,6.16,3.16,10.41,4.45,6.86,10.57,22.36,3.13,18.73,20.84,20.27,22.65,25.23,28.34,23.42,23.21,21.1,26.55,25.23,22.41,26.73,30.13,22.72,30.6,27.06,24.14,28.4,24.24,28.85,22.86,23.53,23.94,23.16,20.12,22.78,24.52,22.31,20.84,20.8,22.36,29.88,27.4,26.22,25.82,31.87,28.52,32.59,33.0,30.68,34.01,29.36,31.75,39.4,37.06,36.75,38.49,38.5,35.06,33.36,33.82,40.41,39.35,33.57,35.02,32.48,27.23,31.71,36.44,30.25,35.22,33.13,27.52,41.9,25.67,29.3,31.72,28.69,38.96,32.33,42.91,36.18,40.62,41.11,26.12,25.21,30.94,33.14,32.72,28.36,40.34,26.9,28.61,27.15,24.5,29.73,33.95,27.6,25.51,26.54,30.5,40.35,40.06,34.1,32.73,35.4,33.78,38.08,37.24,35.45,32.51,41.15,39.22,35.28,43.83,42.54,35.49,36.53,35.53,40.2,38.99,39.54,37.56,37.93,45.59,28.94,47.05,41.84,40.01,41.85,47.42,49.87,41.97,43.94,45.19,41.21,48.01,47.08,42.13,50.44,44.65,42.26,41.45,43.85,46.2,41.84,49.23,49.9,48.8,42.9,46.73,45.74
39.17,42.87,37.91,36.46,31.66,18.68,41.94,35.35,34.42,35.52,27.6,37.41,34.62,37.06,36.85,29.61,30.41,40.36,36.79,24.29,23.56,23.74,41.5,36.56,36.36,30.49,42.83,23.95,30.38,39.02,33.28,21.99,18.35,35.79,25.2,29.25,17.64,27.54,36.49,30.02,35.19,36.41,28.59,33.6,41.58,34.12,35.16,29.3,32.49,21.0,31.77,35.4,25.42,30.67,34.55,26.99,26.5,30.35,23.18,26.68,26.73,44.54,25.25,29.92,27.93,29.16,28.55,29.35,31.63,23.37,24.86,31.77,33.33,30.97,32.78,32.9,30.97,29.38,32.22,24.91,26.62,29.13,34.05,25.71,26.72,29.31,28.09,27.81,26.62,27.27,43.31,38.05,40.09,37.86,39.41,44.01,38.92,35.64,38.59,37.77,37.94,40.36,27.86,32.91,27.8,28.97,32.58,30.53,30.2,35.18,34.11,36.66,31.6,30.12,32.05,30.47,32.89,28.56,30.27,30.93,32.68,40.4,31.32,30.26,31.51,28.28,31.87,32.11,28.53,32.97,18.92,15.82,22.19,20.7,20.54,21.3,13.13,13.69,19.37,11.59,4.48,4.28,0.0,3.94,15.67,20.23,6.05,7.73,3.07,6.91,7.32,1.62,3.97,12.93,24.73,3.95,21.1,23.2,22.64,25.02,27.6,30.71,25.79,25.58,23.46,28.91,27.59,24.78,29.09,32.49,25.09,32.97,29.43,26.5,30.76,26.6,31.21,25.22,25.9,26.31,25.53,22.48,25.14,26.89,24.68,23.21,23.16,24.73,32.25,29.76,28.58,28.19,34.24,30.89,34.96,35.37,33.05,36.38,31.73,34.11,41.77,39.42,39.11,40.85,40.86,37.43,35.72,36.19,42.78,41.72,35.94,37.39,34.85,29.59,34.08,38.81,32.61,37.59,35.49,29.88,44.26,28.03,31.67,34.08,31.06,41.33,34.7,45.28,38.54,42.99,43.47,28.49,27.57,33.3,35.22,35.08,30.73,42.71,29.26,30.97,29.51,26.87,32.09,33.87,29.96,27.88,28.9,32.86,42.72,42.43,36.47,35.09,37.76,36.14,40.45,39.61,37.82,34.87,43.52,41.58,37.65,46.2,44.9,37.86,38.89,37.89,42.57,41.35,41.9,39.93,40.3,47.96,31.3,49.41,44.21,42.37,44.22,49.78,52.23,44.34,46.31,47.56,43.58,50.38,49.45,44.5,52.81,47.01,44.63,43.81,46.21,48.56,44.21,51.6,52.26,51.16,45.27,43.64,42.65
40.13,43.82,38.86,37.41,32.62,19.63,42.89,36.3,35.37,36.48,28.55,38.37,35.57,38.02,37.8,30.56,31.37,41.31,37.74,25.24,24.51,24.7,42.46,37.52,37.32,31.45,43.78,24.91,31.33,39.98,34.23,22.94,19.31,36.74,26.16,30.21,18.59,26.07,37.45,30.98,36.15,37.37,29.55,34.56,42.53,35.08,36.11,30.26,33.45,21.96,32.72,36.35,26.37,31.63,35.5,27.94,27.45,31.3,24.14,27.63,27.68,45.49,26.2,30.88,28.88,30.11,29.5,30.31,32.59,24.33,25.81,32.73,34.28,31.92,33.73,33.85,31.92,30.33,33.18,25.86,27.58,30.09,35.0,26.67,27.68,30.27,29.05,28.77,27.57,28.23,44.26,36.58,41.04,38.81,40.37,44.97,39.87,36.6,39.54,38.73,38.9,41.32,28.81,33.87,28.75,29.92,33.54,31.49,31.15,36.13,35.07,37.61,30.14,28.66,30.59,29.0,31.42,27.09,28.8,29.46,31.21,38.94,29.85,28.8,30.04,26.82,30.41,30.65,27.06,31.5,19.87,16.77,23.14,21.66,21.49,22.25,14.08,14.64,20.32,12.54,7.22,7.02,3.94,0.0,16.62,21.18,4.58,8.68,1.9,9.65,5.86,2.58,7.33,13.89,25.68,4.9,22.05,24.16,23.59,25.97,28.55,31.66,26.74,26.53,24.41,29.87,28.54,25.73,30.05,33.44,26.04,33.92,30.38,27.46,31.72,27.55,32.16,26.18,26.85,27.26,26.48,23.44,26.1,27.84,25.63,24.16,24.11,25.68,33.2,30.72,29.54,29.14,35.19,31.84,35.91,36.32,34.0,37.33,32.68,35.07,42.72,40.38,40.07,41.81,41.82,38.38,36.68,37.14,43.73,42.67,36.89,38.34,35.8,30.55,35.03,41.44,33.56,38.54,36.45,30.84,45.22,28.99,32.62,36.71,32.01,42.28,35.65,46.23,39.49,43.94,44.43,29.44,28.53,36.13,33.76,37.71,31.68,43.66,30.22,31.93,30.47,27.82,33.05,32.41,30.91,28.83,29.85,33.82,43.67,43.38,37.42,36.05,38.72,37.09,41.4,40.56,38.77,35.83,44.47,42.54,38.6,47.15,45.85,38.81,39.85,38.85,43.52,42.31,42.86,40.88,41.25,48.91,32.25,50.37,45.16,43.33,45.17,50.73,53.19,45.29,47.26,48.51,44.53,51.33,50.4,45.45,53.76,47.97,45.58,44.76,47.16,49.51,45.16,52.55,53.22,52.11,46.22,42.18,41.19
25.36,29.06,24.1,22.65,17.85,4.87,28.13,21.54,20.61,21.71,13.79,23.6,20.81,23.25,23.04,15.8,16.6,26.55,22.98,10.47,9.75,9.93,27.69,22.75,22.55,16.68,29.02,10.14,16.57,25.21,19.47,8.18,4.54,21.98,11.39,15.44,3.83,29.46,22.68,16.21,21.38,22.6,14.78,19.79,27.77,20.31,21.35,15.49,18.68,7.19,17.96,21.59,11.61,16.86,20.74,13.18,12.69,16.54,9.37,12.87,12.92,30.73,11.44,16.11,14.12,15.35,14.74,15.54,17.82,9.56,11.05,17.96,19.52,17.16,18.97,19.09,17.16,15.57,18.41,11.1,12.81,15.32,20.24,11.9,12.91,15.5,14.28,14.0,12.81,13.46,29.5,43.72,26.28,24.05,25.6,30.2,25.1,21.83,24.78,23.96,24.13,26.55,14.05,19.1,13.99,15.16,18.77,16.72,16.38,21.37,20.3,22.85,33.34,32.05,26.16,32.21,34.63,30.48,32.19,32.67,34.41,42.14,27.44,26.09,33.25,30.02,26.47,29.56,28.01,30.41,5.11,2.01,8.38,6.89,6.72,7.49,8.04,8.61,5.56,6.51,15.38,13.3,15.67,16.62,0.0,6.42,18.74,9.11,15.76,14.24,20.01,14.04,19.06,7.85,10.92,11.72,7.29,9.39,8.83,11.21,13.79,16.9,11.98,11.77,9.65,15.1,13.78,10.96,15.28,18.68,11.28,19.16,15.62,12.69,16.95,12.79,17.4,11.41,12.08,12.49,11.72,8.67,11.33,13.07,10.87,9.4,9.35,10.92,18.44,15.95,14.77,14.38,20.43,17.08,21.15,21.56,19.24,22.57,17.92,20.3,27.96,25.61,25.3,27.04,27.05,23.62,21.91,22.38,28.97,27.91,22.13,23.58,21.04,15.78,20.27,25.0,18.8,23.78,21.68,16.07,30.45,14.22,17.86,20.27,17.25,27.52,20.89,31.47,24.73,29.18,29.66,14.68,13.76,19.49,21.69,21.27,16.92,28.9,15.45,17.16,15.7,13.06,18.28,22.51,16.15,14.07,15.09,19.05,28.91,28.62,22.66,21.28,23.95,22.33,26.64,25.8,24.01,21.06,29.7,27.77,23.84,32.39,31.09,24.05,25.08,24.08,28.76,27.54,28.09,26.12,26.49,34.15,17.49,35.6,30.4,28.56,30.4,35.97,38.42,30.53,32.5,33.74,29.77,36.56,35.64,30.68,38.99,33.2,30.82,30.0,32.4,34.75,30.4,37.79,38.45,37.35,31.46,45.43,44.43
25.21,28.91,23.94,22.49,15.68,3.08,27.97,21.38,20.45,21.56,13.63,23.45,15.24,23.1,22.88,11.72,16.45,26.39,22.82,7.64,9.59,9.07,27.54,17.19,16.99,14.51,28.86,9.99,15.53,18.75,19.31,8.02,4.39,21.82,11.24,15.29,3.67,29.3,18.96,15.17,21.23,22.45,10.7,19.64,27.61,20.16,21.19,15.34,18.53,5.72,17.81,16.03,11.45,15.82,20.58,13.03,12.53,16.39,7.9,12.71,12.76,24.11,11.29,15.96,13.97,14.3,11.77,15.39,17.67,7.26,10.89,17.81,19.36,17.0,18.81,18.93,17.0,15.41,18.26,10.94,13.84,14.28,20.09,11.75,12.76,15.54,14.0,13.85,12.65,13.4,29.35,43.56,26.12,23.9,25.45,30.05,24.95,21.68,24.63,23.81,23.98,20.99,8.48,13.54,8.43,9.59,13.21,11.16,10.82,15.8,14.74,17.28,33.18,31.89,26.0,32.05,34.47,30.33,32.04,32.51,34.26,41.98,27.29,25.94,33.09,29.86,26.31,29.41,27.86,30.26,2.27,4.51,6.18,4.05,6.57,5.29,12.6,13.16,5.4,11.06,19.94,17.86,20.23,21.18,6.42,0.0,23.29,13.66,20.32,18.8,24.56,18.6,23.62,12.41,8.08,16.28,1.72,7.92,8.67,5.64,9.62,12.72,6.42,7.6,4.09,10.93,9.61,5.4,11.11,14.51,5.71,14.99,11.14,7.13,12.78,8.62,13.23,5.85,11.93,12.34,11.56,8.52,11.18,12.92,10.71,9.24,9.2,10.76,17.46,13.1,14.62,14.22,20.27,16.92,20.99,21.41,19.08,22.41,17.76,20.15,27.8,25.46,25.15,26.89,26.9,23.46,21.76,22.22,28.81,27.75,21.97,23.42,20.89,15.63,20.11,24.84,18.65,23.62,21.53,15.92,30.3,14.07,17.7,20.12,17.09,27.36,20.73,31.31,24.58,29.02,29.51,14.52,13.61,19.34,21.54,21.12,16.76,28.74,15.3,17.01,15.55,12.9,18.13,22.35,16.0,13.91,14.94,18.9,28.75,23.23,22.5,21.13,23.8,18.16,26.48,25.64,18.62,16.89,22.71,22.38,23.68,25.39,24.09,23.89,19.69,23.93,28.6,22.15,22.7,20.73,21.1,27.15,16.51,30.21,30.24,28.41,30.25,28.97,31.43,30.37,27.11,30.04,29.61,31.17,30.25,25.29,32.0,33.05,25.43,29.85,32.25,29.36,30.24,30.79,31.45,30.35,31.3,45.27,44.28
42.24,45.94,40.98,39.52,34.73,21.74,45.0,38.41,37.49,38.59,30.66,40.48,37.68,40.13,39.91,32.67,33.48,43.42,39.85,27.35,26.62,26.81,44.57,39.63,39.43,33.56,45.89,27.02,33.45,42.09,36.34,25.05,21.42,38.86,28.27,32.32,20.7,21.49,39.56,33.09,38.26,39.48,31.66,36.67,44.64,37.19,38.22,32.37,35.56,24.07,34.84,38.47,28.48,33.74,37.61,30.06,29.56,33.42,26.25,29.74,29.79,47.6,28.32,32.99,31.0,32.22,31.62,32.42,34.7,26.44,27.93,34.84,36.39,34.03,35.84,35.97,34.04,32.44,35.29,27.98,29.69,32.2,37.12,28.78,29.79,32.38,31.16,30.88,29.69,30.34,45.22,32.0,43.15,40.93,42.48,47.08,41.98,38.71,41.66,40.84,41.01,43.43,30.92,35.98,30.87,32.03,35.65,33.6,33.26,38.24,37.18,39.72,25.55,24.08,26.0,24.42,26.84,22.51,24.22,24.88,26.63,34.35,25.27,24.21,25.46,22.23,25.82,26.07,22.48,26.92,21.99,18.88,25.25,23.77,23.6,24.37,16.2,16.76,22.44,14.66,9.33,9.14,6.05,4.58,18.74,23.29,0.0,10.79,4.48,11.76,1.27,4.69,5.74,16.0,27.8,7.01,24.16,26.27,25.7,28.08,30.66,33.77,28.86,28.65,26.53,31.98,30.66,27.84,32.16,35.56,28.16,36.04,32.49,29.57,33.83,29.67,34.28,28.29,28.96,29.37,28.59,25.55,28.21,29.95,27.74,26.28,26.23,27.8,35.31,32.83,31.65,31.25,37.3,33.95,38.02,38.44,36.11,39.44,34.79,37.18,44.84,42.49,42.18,43.92,43.93,40.49,38.79,39.25,45.85,44.79,39.01,40.45,37.92,32.66,34.91,36.86,35.18,40.65,38.56,34.26,45.93,31.1,34.09,32.13,36.0,44.4,37.77,46.94,41.61,41.6,46.54,31.55,30.64,31.55,29.17,33.13,33.79,40.81,32.33,33.55,32.58,29.93,32.89,27.82,33.03,30.94,31.97,34.57,45.78,45.49,39.53,38.16,40.83,39.21,43.51,42.67,40.88,37.94,46.58,44.65,40.72,49.26,47.97,40.93,41.96,40.96,45.63,44.42,44.97,43.0,43.36,51.02,34.37,52.48,47.28,45.44,47.28,52.85,55.3,47.4,49.38,50.62,46.65,53.44,52.51,47.56,55.87,50.08,47.69,46.88,49.28,51.63,47.27,54.67,55.33,54.23,48.33,37.6,36.61
32.61,36.31,31.35,29.9,25.1,12.12,35.38,28.78,27.86,28.96,21.04,30.85,28.05,30.5,30.29,23.04,23.85,33.8,30.23,17.72,16.99,17.18,34.94,30.0,29.8,23.93,36.26,17.39,23.82,32.46,26.72,15.43,11.79,29.23,18.64,22.69,11.07,32.28,29.93,23.46,28.63,29.85,22.03,27.04,35.02,27.56,28.6,22.74,25.93,14.44,25.21,28.84,18.85,24.11,27.99,20.43,19.94,23.79,16.62,20.12,20.16,37.97,18.69,23.36,21.37,22.59,21.99,22.79,25.07,16.81,18.3,25.21,26.76,24.41,26.21,26.34,24.41,22.81,25.66,18.35,20.06,22.57,27.49,19.15,20.16,22.75,21.53,21.25,20.06,20.71,36.75,42.79,33.52,31.3,32.85,37.45,32.35,29.08,32.03,31.21,31.38,33.8,21.3,26.35,21.24,22.41,26.02,23.97,23.63,28.62,27.55,30.09,36.35,34.87,33.4,35.21,37.63,33.3,35.01,35.67,37.42,45.14,34.69,33.34,36.25,33.02,33.71,36.81,33.27,37.66,12.36,9.26,15.62,14.14,13.97,14.74,6.57,7.13,12.81,5.03,7.44,5.36,7.73,8.68,9.11,13.66,10.79,0.0,7.82,7.4,12.06,6.1,11.12,6.37,18.17,3.78,14.53,16.64,16.08,18.46,21.03,24.14,19.23,19.02,16.9,22.35,21.03,18.21,22.53,25.93,18.53,26.41,22.86,19.94,24.2,20.04,24.65,18.66,19.33,19.74,18.96,15.92,18.58,20.32,18.12,16.65,16.6,18.17,25.69,23.2,22.02,21.62,27.67,24.33,28.39,28.81,26.48,29.81,25.16,27.55,35.21,32.86,32.55,34.29,34.3,30.86,29.16,29.63,36.22,35.16,29.38,30.83,28.29,23.03,27.52,32.25,26.05,31.02,28.93,23.32,37.7,21.47,25.11,27.52,24.49,34.77,28.14,38.71,31.98,36.42,36.91,21.93,21.01,26.74,28.94,28.52,24.17,36.14,22.7,24.41,22.95,20.31,25.53,29.76,23.4,21.32,22.34,26.3,36.16,35.86,29.91,28.53,31.2,29.58,33.88,33.04,31.26,28.31,36.95,35.02,31.09,39.64,38.34,31.3,32.33,31.33,36.0,34.79,35.34,33.37,33.73,41.39,24.74,42.85,37.65,35.81,37.65,43.22,45.67,37.78,39.75,40.99,37.02,43.81,42.88,37.93,46.24,40.45,38.07,37.25,39.65,42.0,37.65,45.04,45.7,44.6,38.71,48.39,47.4
39.27,42.96,38.0,36.55,31.76,18.77,42.03,35.44,34.51,35.61,27.69,37.5,34.71,37.16,36.94,29.7,30.51,40.45,36.88,24.38,23.65,23.84,41.6,36.66,36.46,30.58,42.92,24.04,30.47,39.11,33.37,22.08,18.45,35.88,25.3,29.35,17.73,25.96,36.59,30.12,35.28,36.51,28.69,33.7,41.67,34.21,35.25,29.4,32.58,21.1,31.86,35.49,25.51,30.77,34.64,27.08,26.59,30.44,23.28,26.77,26.82,44.63,25.34,30.02,28.02,29.25,28.64,29.44,31.72,23.46,24.95,31.86,33.42,31.06,32.87,32.99,31.06,29.47,32.32,25.0,26.72,29.22,34.14,25.81,26.82,29.41,28.19,27.91,26.71,27.36,43.4,36.48,40.18,37.95,39.5,44.1,39.01,35.74,38.68,37.87,38.04,40.46,27.95,33.01,27.89,29.06,32.68,30.62,30.29,35.27,34.21,36.75,30.03,28.55,30.48,28.9,31.32,26.99,28.7,29.36,31.1,38.83,29.74,28.69,29.94,26.71,30.3,30.54,26.96,31.39,19.01,15.91,22.28,20.8,20.63,21.39,13.22,13.78,19.46,11.68,6.36,6.16,3.07,1.9,15.76,20.32,4.48,7.82,0.0,8.79,5.75,1.72,6.47,13.03,24.82,4.04,21.19,23.3,22.73,25.11,27.69,30.8,25.88,25.67,23.55,29.01,27.68,24.87,29.18,32.58,25.18,33.06,29.52,26.6,30.85,26.69,31.3,25.32,25.99,26.4,25.62,22.58,25.24,26.98,24.77,23.3,23.25,24.82,32.34,29.86,28.68,28.28,34.33,30.98,35.05,35.46,33.14,36.47,31.82,34.21,41.86,39.51,39.2,40.95,40.96,37.52,35.82,36.28,42.87,41.81,36.03,37.48,34.94,29.69,34.17,38.9,32.7,37.68,35.59,29.98,44.36,28.13,31.76,34.18,31.15,41.42,34.79,45.37,38.63,43.08,43.57,28.58,27.67,33.39,33.65,35.18,30.82,42.8,29.36,31.07,29.61,26.96,32.19,32.3,30.05,27.97,28.99,32.96,42.81,42.52,36.56,35.19,37.86,36.23,40.54,39.7,37.91,34.97,43.61,41.68,37.74,46.29,44.99,37.95,38.99,37.98,42.66,41.45,42.0,40.02,40.39,48.05,31.39,49.51,44.3,42.47,44.31,49.87,52.33,44.43,46.4,47.65,43.67,50.47,49.54,44.59,52.9,47.11,44.72,43.9,46.3,48.65,44.3,51.69,52.35,51.25,45.36,42.07,41.08
37.75,41.44,36.48,35.03,30.24,17.25,40.51,33.92,32.99,34.1,26.17,35.99,33.19,35.64,35.42,28.18,28.99,38.93,35.36,22.86,22.13,22.32,40.08,35.14,34.94,29.07,41.4,22.53,28.95,37.6,31.85,20.56,16.93,34.36,23.78,27.83,16.21,33.25,35.07,28.6,33.77,34.99,27.17,32.18,40.15,32.7,33.73,27.88,31.07,19.58,30.34,33.97,23.99,29.25,33.12,25.56,25.07,28.92,21.76,25.25,25.3,43.11,23.82,28.5,26.5,27.73,27.12,27.93,30.21,21.95,23.43,30.35,31.9,29.54,31.35,31.47,29.54,27.95,30.8,23.48,25.2,27.71,32.62,24.29,25.3,27.89,26.67,26.39,25.19,25.85,41.88,43.76,38.66,36.43,37.99,42.59,37.49,34.22,37.16,36.35,36.52,38.94,26.43,31.49,26.37,27.54,31.16,29.11,28.77,33.75,32.69,35.23,37.32,35.84,38.54,36.18,38.6,34.27,35.98,36.64,38.39,46.12,37.03,35.98,37.22,34.0,38.85,37.83,34.24,38.68,17.49,14.39,20.76,19.28,19.11,19.87,11.7,12.26,17.94,10.16,2.81,3.16,6.91,9.65,14.24,18.8,11.76,7.4,8.79,0.0,13.04,7.07,5.97,11.51,23.3,6.29,19.67,21.78,21.21,23.59,26.17,29.28,24.36,24.15,22.03,27.49,26.16,23.35,27.67,31.06,23.66,31.54,28.0,25.08,29.34,25.17,29.78,23.8,24.47,24.88,24.1,21.06,23.72,25.46,23.25,21.78,21.73,23.3,30.82,28.34,27.16,26.76,32.81,29.46,33.53,33.94,31.62,34.95,30.3,32.69,40.34,38.0,37.69,39.43,39.44,36.0,34.3,34.76,41.35,40.29,34.51,35.96,33.42,28.17,32.65,37.38,31.18,36.16,34.07,28.46,42.84,26.61,30.24,32.66,29.63,39.9,33.27,43.85,37.11,41.56,42.05,27.06,26.15,31.88,34.08,33.66,29.3,41.28,27.84,29.55,28.09,25.44,30.67,34.89,28.53,26.45,27.47,31.44,41.29,41.0,35.04,33.67,36.34,34.71,39.02,38.18,36.39,33.45,42.09,40.16,36.22,44.77,43.48,36.43,37.47,36.47,41.14,39.93,40.48,38.5,38.87,46.53,29.87,47.99,42.78,40.95,42.79,48.36,50.81,42.91,44.88,46.13,42.15,48.95,48.02,43.07,51.38,45.59,43.2,42.38,44.79,47.14,42.78,50.17,50.84,49.74,43.84,49.36,48.37
43.51,47.21,42.25,40.8,36.0,23.02,46.28,39.68,38.76,39.86,31.94,41.75,38.95,41.4,41.19,33.94,34.75,44.7,41.13,28.62,27.89,28.08,45.84,40.9,40.7,34.83,47.16,28.29,34.72,43.36,37.62,26.33,22.69,40.13,29.54,33.59,21.97,20.65,40.83,34.36,39.53,40.75,32.93,37.94,45.92,38.46,39.5,33.64,36.83,25.34,36.11,39.74,29.75,35.01,38.89,31.33,30.84,34.69,27.52,31.02,31.06,48.87,29.59,34.26,32.27,33.49,32.89,33.69,35.97,27.71,29.2,36.11,37.67,35.31,37.11,37.24,35.31,33.71,36.56,29.25,30.96,33.47,38.39,30.05,31.06,33.65,32.43,32.15,30.96,31.61,44.39,31.17,44.42,42.2,43.75,48.35,43.25,39.98,42.93,42.11,42.28,44.7,32.2,37.25,32.14,33.31,36.92,34.87,34.53,39.52,38.45,41.0,24.72,23.24,25.17,23.59,26.01,21.68,23.39,24.05,25.79,33.52,24.43,23.38,24.63,21.4,24.99,25.23,21.65,26.08,23.26,20.16,26.52,25.04,24.87,25.64,17.47,18.03,23.71,15.93,10.6,10.41,7.32,5.86,20.01,24.56,1.27,12.06,5.75,13.04,0.0,5.96,4.47,17.27,29.07,8.28,25.43,27.54,26.98,29.36,31.93,35.04,30.13,29.92,27.8,33.25,31.93,29.11,33.43,36.83,29.43,37.31,33.76,30.84,35.1,30.94,35.55,29.56,30.23,30.64,29.86,26.82,29.48,31.22,29.02,27.55,27.5,29.07,36.59,34.1,32.92,32.52,38.57,35.23,39.29,39.71,37.38,40.71,36.06,38.45,46.11,43.76,43.45,45.19,45.2,41.76,40.06,40.53,47.12,46.06,40.28,41.73,39.19,33.93,34.07,36.02,34.35,41.92,39.83,33.43,45.1,32.37,33.26,31.3,35.16,45.67,39.04,46.11,42.88,40.77,47.81,32.83,31.91,30.71,28.34,32.3,35.07,39.98,33.6,32.71,33.85,31.21,32.06,26.99,34.3,32.22,34.48,33.74,47.06,46.76,40.81,39.43,42.1,40.48,44.78,43.94,42.16,39.21,47.85,45.92,41.99,50.54,49.24,42.2,43.23,42.23,46.9,45.69,46.24,44.27,44.63,52.29,35.64,53.75,48.55,46.71,48.55,54.12,56.57,48.68,50.65,51.89,47.92,54.71,53.78,48.83,57.14,51.35,48.97,48.15,50.55,52.9,48.55,55.94,56.6,55.5,49.61,36.76,35.77
37.55,41.25,36.29,34.83,30.04,17.05,40.31,33.72,32.8,33.9,25.97,35.79,32.99,35.44,35.22,27.98,28.79,38.73,35.16,22.66,21.93,22.12,39.88,34.94,34.74,28.87,41.2,22.33,28.75,37.4,31.65,20.36,16.73,34.17,23.58,27.63,16.01,26.18,34.87,28.4,33.57,34.79,26.97,31.98,39.95,32.5,33.53,27.68,30.87,19.38,30.15,33.78,23.79,29.05,32.92,25.37,24.87,28.73,21.56,25.05,25.1,42.91,23.63,28.3,26.31,27.53,26.92,27.73,30.01,21.75,23.23,30.15,31.7,29.34,31.15,31.27,29.35,27.75,30.6,23.28,25.0,27.51,32.43,24.09,25.1,27.69,26.47,26.19,24.99,25.65,41.69,36.69,38.46,36.24,37.79,42.39,37.29,34.02,36.97,36.15,36.32,38.74,26.23,31.29,26.18,27.34,30.96,28.91,28.57,33.55,32.49,35.03,30.24,28.77,30.69,29.11,31.53,27.2,28.91,29.57,31.32,39.04,29.96,28.9,30.15,26.92,30.51,30.76,27.17,31.61,17.29,14.19,20.56,19.08,18.91,19.68,11.5,12.07,17.75,9.97,4.64,4.45,1.62,2.58,14.04,18.6,4.69,6.1,1.72,7.07,5.96,0.0,5.02,11.31,23.1,2.32,19.47,21.58,21.01,23.39,25.97,29.08,24.17,23.96,21.84,27.29,25.97,23.15,27.47,30.87,23.46,31.35,27.8,24.88,29.14,24.98,29.59,23.6,24.27,24.68,23.9,20.86,23.52,25.26,23.05,21.59,21.54,23.1,30.62,28.14,26.96,26.56,32.61,29.26,33.33,33.75,31.42,34.75,30.1,32.49,40.15,37.8,37.49,39.23,39.24,35.8,34.1,34.56,41.16,40.09,34.32,35.76,33.23,27.97,32.45,37.18,30.99,35.96,33.87,28.26,42.64,26.41,30.04,32.46,29.43,39.71,33.07,43.65,36.92,41.36,41.85,26.86,25.95,31.68,33.86,33.46,29.1,41.08,27.64,29.35,27.89,25.24,30.47,32.52,28.34,26.25,27.28,31.24,41.09,40.8,34.84,33.47,36.14,34.52,38.82,37.98,36.19,33.25,41.89,39.96,36.03,44.57,43.28,36.24,37.27,36.27,40.94,39.73,40.28,38.3,38.67,46.33,29.68,47.79,42.59,40.75,42.59,48.16,50.61,42.71,44.69,45.93,41.95,48.75,47.82,42.87,51.18,45.39,43.0,42.19,44.59,46.94,42.58,49.98,50.64,49.54,43.64,42.29,41.3
42.57,46.27,41.31,39.85,35.06,22.07,45.33,38.74,37.82,38.92,30.99,40.81,38.01,40.46,40.24,33.0,33.81,43.75,40.18,27.68,26.95,27.14,44.9,39.96,39.76,33.89,46.22,27.35,33.77,42.42,36.67,25.38,21.75,39.19,28.6,32.65,21.03,24.09,39.89,33.42,38.59,39.81,31.99,37.0,44.97,37.52,38.55,32.7,35.89,24.4,35.17,38.8,28.81,34.07,37.94,30.39,29.89,33.75,26.58,30.07,30.12,47.93,28.65,33.32,31.33,32.55,31.94,32.75,35.03,26.77,28.25,35.17,36.72,34.36,36.17,36.29,34.36,32.77,35.62,28.3,30.02,32.53,37.45,29.11,30.12,32.71,31.49,31.21,30.01,30.67,47.82,34.6,43.48,41.26,42.81,47.41,42.31,39.04,41.99,41.17,41.34,43.76,31.25,36.31,31.2,32.36,35.98,33.93,33.59,38.57,37.51,40.05,28.16,26.68,28.6,27.02,29.44,25.11,26.82,27.48,29.23,36.95,27.87,26.81,28.06,24.83,28.42,28.67,25.08,29.52,22.31,19.21,25.58,24.1,23.93,24.7,16.52,17.09,22.77,14.99,4.48,6.86,3.97,7.33,19.06,23.62,5.74,11.12,6.47,5.97,4.47,5.02,0.0,16.17,27.97,7.19,24.33,26.44,25.88,28.26,30.84,33.94,29.03,28.82,26.7,32.15,30.83,28.01,32.33,35.73,28.33,36.21,32.66,29.74,34.0,29.84,34.45,28.46,29.13,29.54,28.76,25.72,28.38,30.12,27.92,26.45,26.4,27.97,35.49,33.0,31.82,31.42,37.48,34.13,38.19,38.61,36.28,39.62,34.96,37.35,45.01,42.66,42.35,44.09,44.1,40.66,38.96,39.43,46.02,44.96,39.18,40.63,38.09,32.83,37.51,39.46,37.78,40.82,38.73,33.12,48.53,31.27,36.7,34.73,34.29,44.57,37.94,49.54,41.78,46.22,46.71,31.73,30.81,34.15,31.77,35.73,33.97,43.41,32.5,36.15,32.75,30.11,35.49,30.43,33.2,31.12,32.14,37.18,45.96,45.66,39.71,38.33,41.0,39.38,43.68,42.84,41.06,38.11,46.75,44.82,40.89,49.44,48.14,41.1,42.13,41.13,45.8,44.59,45.14,43.17,43.54,51.19,34.54,52.65,47.45,45.61,47.45,53.02,55.47,47.58,49.55,50.79,46.82,53.61,52.68,47.73,56.04,50.25,47.87,47.05,49.45,51.8,47.45,54.84,55.5,54.4,48.51,40.2,39.21
31.35,35.05,30.09,28.64,23.84,10.86,34.12,27.53,26.6,27.7,19.78,29.59,26.8,29.24,29.03,21.79,22.59,32.54,28.97,16.46,15.74,15.92,33.68,28.74,28.54,22.67,35.01,16.13,22.56,31.2,25.46,14.17,10.53,27.97,17.38,21.43,9.82,35.45,28.67,22.2,27.37,28.59,20.77,25.78,33.76,26.3,27.34,21.48,24.67,13.18,23.95,27.58,17.6,22.85,26.73,19.17,18.68,22.53,15.36,18.86,18.91,36.72,17.43,22.1,20.11,21.34,20.73,21.53,23.81,15.55,17.04,23.95,25.51,23.15,24.96,25.08,23.15,21.56,24.4,17.09,18.8,21.31,26.23,17.89,18.9,21.49,20.27,19.99,18.8,19.45,35.49,49.71,32.27,30.04,31.59,36.19,31.09,27.82,30.77,29.95,30.12,32.54,20.04,25.09,19.98,21.15,24.76,22.71,22.37,27.36,26.29,28.84,39.33,38.04,32.14,38.2,40.62,36.47,38.18,38.66,40.4,48.13,33.43,32.08,39.24,36.01,32.46,35.55,34.0,36.4,11.1,8.0,14.37,12.88,12.71,13.48,1.86,2.42,11.55,1.54,12.65,10.57,12.93,13.89,7.85,12.41,16.0,6.37,13.03,11.51,17.27,11.31,16.17,0.0,16.91,8.99,13.28,15.38,14.82,17.2,19.78,22.89,17.97,17.76,15.64,21.09,19.77,16.95,21.27,24.67,17.27,25.15,21.61,18.68,22.94,18.78,23.39,17.4,18.07,18.48,17.71,14.66,17.32,19.06,16.86,15.39,15.34,16.91,24.43,21.94,20.76,20.37,26.42,23.07,27.14,27.55,25.22,28.56,23.91,26.29,33.95,31.6,31.29,33.03,33.04,29.61,27.9,28.37,34.96,33.9,28.12,29.57,27.03,21.77,26.26,30.99,24.79,29.77,27.67,22.06,36.44,20.21,23.85,26.26,23.24,33.51,26.88,37.46,30.72,35.17,35.65,20.67,19.75,25.48,27.68,27.26,22.91,34.88,21.44,23.15,21.69,19.05,24.27,28.5,22.14,20.06,21.08,25.04,34.9,34.61,28.65,27.27,29.94,28.32,32.63,31.79,30.0,27.05,35.69,33.76,29.83,38.38,37.08,30.04,31.07,30.07,34.74,33.53,34.08,32.11,32.48,40.14,23.48,41.59,36.39,34.55,36.39,41.96,44.41,36.52,38.49,39.73,35.76,42.55,41.63,36.67,44.98,39.19,36.81,35.99,38.39,40.74,36.39,43.78,44.44,43.34,37.45,51.42,50.42
29.71,33.41,28.45,27.0,22.91,7.58,32.48,25.88,24.96,26.06,18.14,27.95,22.47,27.6,27.38,18.94,20.95,30.89,27.32,0.94,14.09,12.96,32.04,24.42,24.22,21.73,33.36,14.49,20.92,29.56,23.81,12.52,8.89,26.33,15.74,19.79,8.17,33.81,27.03,20.56,25.73,26.95,17.93,24.14,32.12,24.66,25.7,19.84,23.03,10.22,22.31,23.25,15.95,21.21,25.08,17.53,17.04,20.89,12.4,17.22,17.26,35.07,15.79,20.46,18.47,19.69,18.99,19.89,22.17,11.76,15.4,22.31,23.86,21.5,23.31,23.44,21.51,19.91,22.76,15.45,17.16,19.67,24.59,16.25,17.26,19.85,18.63,18.35,17.16,17.81,33.85,48.07,30.62,28.4,29.95,34.55,29.45,26.18,29.13,28.31,28.48,28.21,15.71,20.76,15.65,16.82,20.44,18.38,10.09,23.03,21.97,24.51,37.69,36.39,30.5,36.55,38.97,34.83,36.54,37.01,38.76,46.49,31.79,30.44,37.59,34.36,30.81,33.91,32.36,34.76,5.81,9.02,10.68,6.39,11.07,9.79,17.1,17.67,9.91,15.57,24.44,22.36,24.73,25.68,10.92,8.08,27.8,18.17,24.82,23.3,29.07,23.1,27.97,16.91,0.0,20.72,8.88,12.36,13.11,12.8,16.78,19.88,13.58,14.76,11.25,18.09,16.77,12.56,18.27,21.67,12.88,22.15,18.3,14.29,19.94,15.78,20.39,13.01,16.37,16.78,16.0,12.96,15.62,17.36,15.15,13.68,13.63,15.2,22.72,20.26,19.06,18.66,24.71,21.36,25.43,25.84,23.52,26.85,22.2,24.58,32.24,29.89,29.58,31.32,31.34,27.9,26.19,26.66,33.25,32.19,26.41,27.86,25.32,20.06,24.55,29.28,23.08,28.06,25.96,20.36,34.74,18.51,22.14,24.55,21.53,31.8,25.17,35.75,29.01,33.46,33.95,18.96,18.05,23.77,25.97,25.55,21.2,33.18,19.74,21.45,19.98,17.34,22.57,26.79,20.43,18.35,19.37,23.33,33.19,32.9,26.94,25.56,28.23,25.32,30.92,30.08,28.29,24.05,33.99,32.06,28.12,36.67,35.37,28.33,29.37,28.36,33.04,31.82,32.37,30.4,30.77,38.43,21.77,39.88,34.68,32.84,34.69,40.25,42.71,34.81,36.78,38.03,34.05,40.85,39.92,34.97,43.28,37.49,35.1,34.28,36.68,39.03,34.68,42.07,42.73,41.63,35.74,49.71,48.72
35.23,38.92,33.96,32.51,27.72,14.73,37.99,31.4,30.47,31.57,23.65,33.47,30.67,33.12,32.9,25.66,26.47,36.41,32.84,20.34,19.61,19.8,37.56,32.62,32.42,26.54,38.88,20.0,26.43,35.08,29.33,18.04,14.41,31.84,21.26,25.31,13.69,28.5,32.55,26.08,31.25,32.47,24.65,29.66,37.63,30.17,31.21,25.36,28.55,17.06,27.82,31.45,21.47,26.73,30.6,23.04,22.55,26.4,19.24,22.73,22.78,40.59,21.3,25.98,23.98,25.21,24.6,25.4,27.68,19.43,20.91,27.83,29.38,27.02,28.83,28.95,27.02,25.43,28.28,20.96,22.68,25.19,30.1,21.77,22.78,25.37,24.15,23.87,22.67,23.32,39.36,39.01,36.14,33.91,35.47,40.07,34.97,31.7,34.64,33.83,34.0,36.42,23.91,28.97,23.85,25.02,28.64,26.58,26.25,31.23,30.17,32.71,32.57,31.09,33.02,31.43,33.85,29.52,31.23,31.89,33.64,41.37,32.28,31.23,32.47,29.24,32.84,33.08,29.49,33.93,14.97,11.87,18.24,16.76,16.59,17.35,9.18,9.74,15.42,7.64,3.66,3.13,3.95,4.9,11.72,16.28,7.01,3.78,4.04,6.29,8.28,2.32,7.19,8.99,20.72,0.0,17.15,19.26,18.69,21.07,23.65,26.76,21.84,21.63,19.51,24.97,23.64,20.83,25.15,28.54,21.14,29.02,25.48,22.56,26.81,22.65,27.26,21.28,21.95,22.36,21.58,18.54,21.2,22.94,20.73,19.26,19.21,20.78,28.3,25.82,24.64,24.24,30.29,26.94,31.01,31.42,29.1,32.43,27.78,30.17,37.82,35.47,35.17,36.91,36.92,33.48,31.78,32.24,38.83,37.77,31.99,33.44,30.9,25.65,30.13,34.86,28.66,33.64,31.55,25.94,40.32,24.09,27.72,30.14,27.11,37.38,30.75,41.33,34.59,39.04,39.53,24.54,23.63,29.36,31.56,31.14,26.78,38.76,25.32,27.03,25.57,22.92,28.15,32.37,26.01,23.93,24.95,28.92,38.77,38.48,32.52,31.15,33.82,32.19,36.5,35.66,33.87,30.93,39.57,37.64,33.7,42.25,40.95,33.91,34.95,33.95,38.62,37.41,37.96,35.98,36.35,44.01,27.35,45.47,40.26,38.43,40.27,45.83,48.29,40.39,42.36,43.61,39.63,46.43,45.5,40.55,48.86,43.07,40.68,39.86,42.26,44.61,40.26,47.65,48.31,47.21,41.32,44.61,43.62
26.08,24.67,23.71,23.36,14.39,3.95,23.74,22.25,21.32,17.32,14.5,24.32,13.95,23.97,23.75,10.43,17.32,27.26,23.69,8.51,10.46,7.78,23.31,15.9,15.7,13.22,24.63,10.86,14.24,17.46,20.18,8.89,5.26,22.69,12.11,16.16,4.54,30.17,17.67,13.88,22.1,23.32,9.42,20.51,23.38,21.03,16.96,16.21,19.4,6.59,18.68,14.74,12.32,14.54,16.35,13.9,13.4,17.26,9.1,13.58,13.32,22.82,12.16,16.83,14.84,13.02,10.48,16.26,18.54,8.13,11.76,15.58,20.23,14.82,16.58,19.8,17.87,14.55,19.13,11.81,12.56,12.99,15.85,12.62,13.63,14.26,12.72,13.75,12.62,12.11,30.22,44.43,26.99,24.77,26.32,30.92,25.82,22.55,25.5,24.68,24.85,19.7,7.2,12.25,7.14,8.31,11.92,9.87,9.53,14.52,13.45,15.99,34.05,32.76,26.87,32.92,35.34,31.2,32.91,33.38,35.13,42.85,28.16,26.81,33.96,30.73,27.18,30.28,28.73,31.13,3.14,5.38,7.05,4.92,7.44,6.16,13.47,14.03,6.27,11.93,20.81,18.73,21.1,22.05,7.29,1.72,24.16,14.53,21.19,19.67,25.43,19.47,24.33,13.28,8.88,17.15,0.0,9.22,9.54,4.36,8.33,11.44,5.13,6.31,2.8,9.64,8.32,4.11,9.82,13.22,4.43,13.7,9.85,5.84,11.49,7.33,11.94,4.56,12.8,13.21,12.43,9.39,12.05,13.79,11.58,10.11,10.07,11.63,16.17,11.81,15.49,15.09,21.14,17.79,21.86,17.19,16.8,18.2,18.63,21.02,23.59,21.24,20.93,22.67,22.69,24.33,22.63,23.09,24.6,23.54,22.84,20.91,21.76,16.5,20.98,25.71,19.52,24.49,22.4,16.79,31.17,14.94,18.57,20.99,17.96,28.23,21.6,32.18,25.45,29.89,30.38,15.39,14.48,20.21,22.41,21.99,17.63,29.61,16.17,17.88,16.42,13.77,19.0,23.22,16.87,14.78,15.81,19.77,24.54,21.94,18.29,19.67,19.58,16.87,22.27,21.43,17.33,15.61,21.42,21.1,19.47,24.1,22.81,19.68,18.41,19.71,24.39,20.86,21.41,19.44,19.81,25.86,15.22,28.92,26.03,24.19,26.04,27.69,30.14,26.16,25.82,28.75,25.4,29.89,28.96,24.01,30.71,28.84,24.14,25.63,28.03,28.07,26.03,29.5,30.17,29.07,27.09,46.14,45.15
20.2,21.66,18.93,17.48,11.38,6.37,20.72,16.37,15.44,14.31,8.62,18.43,14.28,18.09,17.87,7.41,11.44,21.38,17.81,11.98,4.58,1.55,20.29,14.63,14.43,10.2,21.61,4.97,11.22,14.45,14.3,3.27,5.84,16.81,6.23,10.28,6.03,24.29,14.66,10.87,16.21,17.44,6.4,14.63,20.36,15.14,13.95,10.33,13.51,2.46,12.79,13.47,6.44,11.52,13.33,8.01,7.52,11.37,0.99,7.7,6.73,19.8,6.27,10.95,8.95,10.0,7.46,10.37,12.65,1.43,5.88,10.1,14.35,9.3,11.11,13.92,11.99,8.17,13.25,5.93,9.54,9.98,12.84,5.71,5.88,11.24,9.7,7.81,6.62,9.09,24.33,38.55,21.11,18.88,20.43,25.03,19.94,16.67,19.61,18.8,18.97,21.91,10.35,15.4,10.29,11.46,15.08,13.02,12.69,14.53,14.86,15.26,28.17,26.88,20.99,27.04,29.46,25.31,27.02,27.5,29.25,36.97,22.28,20.92,28.08,24.85,21.3,24.4,22.85,25.25,6.61,7.49,4.28,8.4,3.8,3.39,15.58,16.14,4.09,14.04,22.92,20.84,23.2,24.16,9.39,7.92,26.27,16.64,23.3,21.78,27.54,21.58,26.44,15.38,12.36,19.26,9.22,0.0,3.6,7.41,5.4,8.51,4.29,3.39,6.32,6.72,5.4,5.21,6.9,10.3,7.48,10.78,6.93,3.04,8.57,4.41,9.02,6.64,6.86,7.27,6.49,5.75,6.1,7.85,4.73,3.26,4.12,4.78,13.24,8.88,9.54,9.15,15.2,11.85,15.92,16.33,11.42,17.34,12.69,15.07,22.73,20.38,20.07,21.81,21.82,18.39,16.68,17.15,23.74,22.68,16.9,18.35,15.81,10.55,15.04,19.77,13.57,18.55,16.45,10.84,25.22,8.99,12.63,15.04,12.02,22.29,15.66,26.24,19.5,23.95,24.43,9.45,8.53,14.26,16.46,16.04,11.69,23.67,10.22,11.93,10.47,7.83,13.05,17.28,10.92,8.84,9.86,13.82,23.68,19.01,17.43,16.05,18.72,13.95,21.41,20.57,14.41,12.68,18.5,18.17,18.61,21.18,19.88,18.82,15.48,18.85,23.53,17.94,18.49,16.52,16.88,22.94,12.3,26.0,25.17,23.33,25.18,24.76,27.22,25.3,22.9,25.83,24.54,26.96,26.03,21.08,27.79,27.98,21.21,24.77,27.17,25.15,25.17,26.58,27.24,26.14,26.23,40.2,39.21
18.21,21.9,16.94,15.49,10.7,7.12,20.97,14.38,13.45,14.56,4.13,16.45,16.87,16.1,15.88,10.0,9.45,19.39,15.82,12.73,0.98,4.14,20.54,17.22,17.02,9.53,21.86,2.99,9.41,18.06,12.31,1.39,5.27,14.82,4.24,8.29,5.46,20.69,15.53,9.06,14.23,15.45,8.99,12.64,20.61,13.16,14.19,8.34,11.53,3.7,10.8,16.05,2.84,9.71,13.58,6.03,5.53,9.39,3.58,5.71,5.76,23.57,2.67,8.96,6.96,8.19,7.58,8.39,10.67,2.41,3.89,10.81,12.36,10.0,11.81,11.93,10.0,8.41,11.26,3.94,5.66,8.17,13.09,4.75,5.76,8.35,7.13,6.85,5.65,6.31,22.34,36.56,19.12,16.89,18.45,23.05,17.95,14.68,17.62,16.81,16.98,24.5,12.94,17.99,12.88,14.05,17.66,15.61,15.27,17.11,17.45,17.85,24.57,23.28,17.39,23.44,25.86,21.71,23.42,23.9,25.64,33.37,18.67,17.32,24.48,21.25,17.7,20.79,19.25,21.65,7.37,6.93,4.88,9.15,3.23,4.0,15.01,15.58,3.52,13.48,22.35,20.27,22.64,23.59,8.83,8.67,25.7,16.08,22.73,21.21,26.98,21.01,25.88,14.82,13.11,18.69,9.54,3.6,0.0,10.0,7.99,11.1,6.88,5.98,8.91,8.51,7.99,7.81,9.49,12.89,10.07,13.37,8.52,5.63,11.16,7.0,11.61,9.23,3.26,3.67,2.89,5.12,2.51,4.25,3.77,2.3,2.25,3.82,11.34,8.86,7.68,7.28,13.33,9.98,14.05,14.46,12.14,15.47,10.82,13.2,20.86,18.51,18.2,19.94,19.96,16.52,14.81,15.28,21.87,20.81,15.03,16.48,13.94,6.95,11.44,16.17,9.97,16.68,14.58,7.25,23.36,5.4,9.03,11.44,8.42,20.42,13.79,24.37,17.63,22.08,22.57,5.85,4.94,10.66,12.86,12.44,9.82,21.8,6.63,8.34,6.87,4.23,9.46,13.68,9.05,5.24,6.26,10.22,21.81,21.52,15.56,14.18,16.85,16.54,19.54,18.7,16.91,15.27,22.61,20.68,16.74,25.29,23.99,16.95,17.99,16.98,21.66,20.44,20.99,19.02,19.39,27.05,10.39,28.5,23.3,21.46,23.31,28.87,31.33,23.43,25.4,26.65,22.67,29.47,28.54,23.59,31.9,26.11,23.72,22.9,25.3,27.65,23.3,30.69,31.35,30.25,24.36,36.6,35.61
22.42,22.96,21.99,23.17,12.68,7.87,22.03,22.58,21.65,15.61,15.02,24.13,9.6,26.56,23.56,8.72,13.52,27.07,24.02,12.43,10.98,6.07,21.59,11.55,11.35,11.51,22.92,11.37,12.53,15.75,19.99,9.67,9.18,22.5,12.63,16.67,8.46,30.69,15.96,12.17,24.69,25.91,7.7,20.84,21.67,23.62,15.25,16.73,19.72,8.86,15.45,10.38,12.84,12.82,14.64,14.41,13.92,17.77,7.39,14.1,11.61,21.11,12.67,17.15,15.35,11.3,8.77,14.14,18.86,7.83,12.28,13.87,20.56,13.11,14.87,20.13,18.39,12.84,19.46,12.33,10.84,11.28,14.14,11.41,12.13,12.54,11.0,12.04,10.91,10.4,30.03,44.24,26.8,24.58,26.13,30.73,25.63,25.14,25.31,24.49,27.44,15.35,2.84,7.9,2.78,3.95,7.57,5.51,5.18,10.16,9.1,11.64,34.57,33.28,27.39,33.44,35.86,31.71,33.42,33.9,35.65,43.37,28.68,27.32,34.48,31.25,27.7,30.79,29.25,31.65,7.06,9.3,10.97,8.84,11.36,10.08,17.39,17.95,10.2,15.85,24.73,22.65,25.02,25.97,11.21,5.64,28.08,18.46,25.11,23.59,29.36,23.39,28.26,17.2,12.8,21.07,4.36,7.41,10.0,0.0,6.62,9.72,3.42,4.6,1.56,7.93,6.61,2.4,8.11,11.51,1.53,11.99,8.14,4.13,9.78,5.62,10.23,2.85,13.35,13.76,12.98,13.31,12.6,14.34,11.23,9.76,10.62,11.28,14.46,10.1,16.04,15.64,21.0,18.35,21.72,15.48,15.09,16.49,18.91,18.93,21.88,19.53,19.22,20.96,20.97,20.67,21.42,19.43,22.89,21.83,23.12,19.2,22.03,17.05,21.54,26.27,20.07,24.35,22.25,17.34,31.02,15.49,19.13,21.54,18.51,28.09,21.46,32.04,25.3,29.75,30.24,15.95,15.03,20.76,22.96,22.54,18.19,29.47,16.72,18.43,16.97,14.33,19.55,23.78,17.42,15.34,16.36,20.32,22.83,20.23,16.58,17.95,17.87,15.16,20.55,19.71,15.62,13.89,19.71,19.38,17.76,22.39,21.09,17.97,16.69,18.0,22.67,19.15,19.7,17.73,18.1,24.15,13.51,27.21,24.32,22.48,24.32,25.97,28.43,24.45,24.11,27.04,23.69,28.17,27.25,22.29,29.0,27.12,22.43,23.92,26.32,26.36,24.32,27.79,28.45,27.35,25.38,46.69,45.7
15.99,16.54,15.57,16.75,6.25,11.84,15.6,16.15,15.22,9.19,10.1,17.7,13.38,20.13,17.14,6.52,7.09,20.65,17.59,16.4,8.97,4.06,15.17,13.74,13.54,5.08,16.49,7.08,6.1,9.32,13.57,7.66,10.23,16.08,7.71,9.84,10.42,28.68,9.53,5.75,18.26,19.48,5.51,14.41,15.24,17.19,8.82,9.89,13.3,6.86,9.03,12.57,10.83,6.4,8.21,7.7,7.33,10.93,5.38,9.18,5.18,14.12,10.67,10.73,8.51,4.88,2.34,7.71,12.44,5.82,8.52,7.44,14.13,6.68,8.45,13.7,11.55,6.41,13.03,6.85,4.42,4.85,7.72,4.98,5.7,6.12,4.58,5.61,4.48,3.97,23.6,37.82,20.37,18.15,19.7,24.3,19.2,18.71,18.88,18.06,21.01,21.02,9.46,14.51,9.4,10.57,14.18,12.13,11.79,13.63,13.97,14.37,32.57,31.27,25.38,31.43,33.85,29.71,31.42,31.89,33.64,41.36,26.67,25.32,32.47,29.24,25.69,28.79,27.24,29.64,11.03,11.88,8.67,12.82,8.19,7.79,19.97,20.53,8.48,18.43,27.31,25.23,27.6,28.55,13.79,9.62,30.66,21.03,27.69,26.17,31.93,25.97,30.84,19.78,16.78,23.65,8.33,5.4,7.99,6.62,0.0,7.71,3.49,2.59,5.52,1.5,4.6,4.41,6.1,9.5,6.68,9.98,1.7,4.3,7.77,3.61,6.38,5.84,11.15,11.56,10.78,10.04,10.4,12.14,6.45,7.14,8.42,5.1,8.02,3.66,9.05,10.66,14.56,11.36,15.28,9.05,8.66,10.05,12.47,12.5,15.45,13.1,12.79,14.53,14.54,14.23,14.99,12.99,16.46,15.39,16.69,12.77,15.6,14.85,19.33,24.06,17.87,17.91,15.82,15.14,24.59,13.29,16.92,19.34,16.31,21.66,15.03,25.6,18.87,23.31,23.8,13.74,12.83,18.56,20.76,20.34,12.45,23.03,14.52,16.23,14.77,12.12,17.35,21.57,10.43,13.13,14.16,18.12,16.39,13.79,10.14,11.52,11.44,13.15,14.12,13.28,9.18,11.88,14.89,12.95,11.33,15.61,16.28,11.54,10.26,11.57,16.24,12.72,13.27,11.3,11.66,17.37,7.08,20.78,17.89,16.05,17.89,19.19,21.65,18.01,17.68,18.92,17.26,21.74,20.81,15.86,22.22,20.69,15.99,17.49,19.89,19.93,17.88,21.01,21.67,20.57,18.94,44.49,43.5
26.76,25.26,24.29,31.07,13.78,14.95,24.32,30.47,29.54,23.54,16.12,32.02,6.85,34.45,31.46,1.09,14.62,34.97,31.91,19.51,12.08,7.17,23.89,7.21,7.01,12.61,25.21,12.48,13.63,18.64,27.89,10.77,13.34,30.4,13.73,17.78,13.53,31.79,23.85,13.27,32.58,33.8,2.11,28.73,23.96,31.51,23.17,17.83,27.62,9.97,16.56,6.04,13.94,13.93,22.56,15.52,15.02,18.88,8.49,15.2,12.71,13.76,13.78,25.05,16.45,12.41,9.87,15.24,26.76,8.93,13.38,14.97,28.45,14.21,15.98,28.02,19.49,13.94,27.35,13.43,11.95,12.38,22.07,12.51,13.23,13.65,12.11,13.14,12.01,11.5,37.92,52.14,34.69,32.47,34.02,38.62,33.52,33.03,33.2,32.38,35.33,14.49,12.56,8.01,12.51,13.28,9.2,10.39,14.9,7.1,7.44,7.84,35.67,34.38,28.49,34.54,36.96,32.82,34.53,35.0,36.75,44.47,29.78,28.43,35.58,32.35,28.8,31.9,30.35,32.75,14.14,14.99,11.78,15.92,11.3,10.9,23.08,23.64,11.59,21.54,30.42,28.34,30.71,31.66,16.9,12.72,33.77,24.14,30.8,29.28,35.04,29.08,33.94,22.89,19.88,26.76,11.44,8.51,11.1,9.72,7.71,0.0,6.69,5.13,8.73,8.93,3.11,7.62,3.83,2.87,4.73,4.73,9.14,7.51,2.53,4.17,3.48,4.81,14.35,14.76,13.98,13.25,13.6,15.34,12.23,10.76,11.62,12.28,15.46,11.1,17.04,16.64,28.43,19.35,29.15,16.48,16.09,17.49,26.34,24.13,24.17,21.82,21.51,23.25,23.26,25.61,26.62,24.62,25.18,24.12,30.55,23.04,29.46,18.05,22.54,27.27,21.07,31.78,29.69,18.34,38.46,16.49,20.13,22.54,19.52,35.52,28.89,39.47,32.74,37.18,37.67,16.95,16.03,21.76,23.96,23.54,19.19,36.9,17.72,19.43,17.97,15.33,20.55,24.78,18.42,16.34,17.36,21.32,25.12,15.17,20.15,23.15,20.16,7.9,22.85,22.01,17.88,6.64,12.45,18.54,19.54,15.14,13.84,18.7,15.79,20.73,24.96,13.91,15.12,14.75,17.25,16.89,14.51,22.15,18.71,19.83,19.37,18.72,21.17,22.37,19.05,19.78,25.98,23.12,22.19,17.24,21.74,22.48,17.37,22.74,24.25,21.3,19.77,20.54,21.2,20.1,23.3,47.69,46.7
19.3,19.84,18.87,20.05,9.56,8.64,18.91,19.45,18.53,12.49,11.9,21.0,13.01,23.44,20.44,5.6,10.4,23.95,20.9,13.2,7.86,2.94,18.47,12.81,12.61,8.38,19.79,8.25,9.4,12.63,16.87,6.54,9.95,19.38,9.5,13.55,9.23,27.57,12.84,9.05,21.56,22.78,4.58,17.71,18.55,20.49,12.13,13.6,16.6,5.74,12.33,11.65,9.72,9.7,11.52,11.29,10.8,14.65,4.27,10.98,8.48,17.98,9.55,14.03,12.23,8.18,5.64,11.01,15.74,4.71,9.16,10.75,17.44,9.98,11.75,17.01,15.27,9.72,16.33,9.21,7.72,8.16,11.02,8.29,9.01,9.42,7.88,8.92,7.79,7.28,26.9,41.12,23.68,21.45,23.0,27.6,22.51,22.02,22.18,21.37,24.32,18.76,6.26,11.31,6.2,7.37,10.98,8.93,8.59,12.71,12.51,13.44,31.45,30.16,24.26,30.32,32.74,28.59,30.3,30.78,32.52,40.25,25.55,24.2,31.36,28.13,24.57,27.67,26.12,28.52,7.83,10.08,7.56,9.62,7.08,6.67,18.16,18.73,7.36,16.63,25.5,23.42,25.79,26.74,11.98,6.42,28.86,19.23,25.88,24.36,30.13,24.17,29.03,17.97,13.58,21.84,5.13,4.29,6.88,3.42,3.49,6.69,0.0,1.48,2.33,4.81,3.49,1.22,4.99,8.39,3.49,8.86,5.01,1.11,6.66,2.5,7.11,2.64,10.23,10.64,9.86,9.12,9.48,11.22,8.11,6.64,7.5,8.16,11.33,6.97,12.92,12.52,17.87,15.22,18.59,12.36,11.97,13.36,15.78,15.81,18.76,16.41,16.1,17.84,17.85,17.54,18.3,16.3,19.77,18.7,20.0,16.08,18.91,13.93,18.41,23.14,16.95,21.22,19.13,14.22,27.9,12.37,16.0,18.42,15.39,24.97,18.34,28.91,22.18,26.62,27.11,12.82,11.91,17.64,19.84,19.42,15.06,26.34,13.6,15.31,13.85,11.2,16.43,20.65,14.3,12.21,13.24,17.2,19.7,17.1,13.45,14.83,14.75,12.04,17.43,16.59,12.49,10.77,16.58,16.26,14.64,19.27,17.97,14.85,13.57,14.88,19.55,16.03,16.58,14.61,14.97,21.03,10.39,24.09,21.2,19.36,21.2,22.85,25.3,21.32,20.99,23.91,20.56,25.05,24.12,19.17,25.87,24.0,19.3,20.8,23.2,23.24,21.19,24.67,25.33,24.23,22.25,43.57,42.58
18.4,18.94,17.97,19.15,8.66,9.83,18.01,18.56,17.63,11.59,11.0,20.1,10.89,22.54,19.54,4.03,9.5,23.05,20.0,14.38,6.96,2.04,17.57,11.25,11.05,7.48,18.89,7.35,8.5,11.73,15.97,5.64,8.21,18.48,8.6,12.65,8.4,26.67,11.94,8.15,20.66,21.88,3.02,16.81,17.65,19.59,11.23,12.7,15.7,4.84,11.43,10.08,8.82,8.8,10.62,10.39,9.9,13.75,3.37,10.08,7.59,16.42,8.65,13.13,11.33,7.28,4.74,10.11,14.84,3.81,8.26,9.85,16.54,9.08,10.85,16.11,14.37,8.82,15.43,8.31,6.82,7.26,10.12,7.39,8.11,8.52,6.98,8.02,6.89,6.38,26.0,40.22,22.78,20.55,22.1,26.7,21.61,21.12,21.28,20.47,23.42,18.53,7.44,12.05,7.38,8.55,12.17,10.11,9.78,11.14,11.48,11.88,30.55,29.26,23.36,29.42,31.84,27.69,29.4,29.88,31.62,39.35,24.65,23.3,30.46,27.23,23.67,26.77,25.22,27.62,9.01,9.87,6.66,10.8,6.18,5.77,17.96,18.52,6.46,16.42,25.29,23.21,25.58,26.53,11.77,7.6,28.65,19.02,25.67,24.15,29.92,23.96,28.82,17.76,14.76,21.63,6.31,3.39,5.98,4.6,2.59,5.13,1.48,0.0,3.6,3.81,2.01,2.49,3.51,6.91,4.76,7.39,4.01,2.38,5.18,1.02,5.63,3.92,9.23,9.64,8.86,8.12,8.48,10.22,7.1,5.64,6.49,7.16,10.33,5.97,11.92,11.52,16.87,14.22,17.59,11.35,10.96,12.36,14.78,14.81,17.75,15.41,15.1,16.84,16.85,16.54,17.29,15.3,18.76,17.7,18.99,15.08,17.91,12.93,17.41,22.14,15.94,20.22,18.13,13.22,26.9,11.37,15.0,17.42,14.39,23.97,17.33,27.91,21.18,25.62,26.11,11.82,10.91,16.64,18.84,18.42,14.06,25.34,12.6,14.31,12.85,10.2,15.43,19.65,13.29,11.21,12.23,16.2,18.7,16.1,12.45,13.83,13.75,10.56,16.43,15.59,11.49,9.29,15.11,15.26,13.63,17.79,16.5,13.84,12.57,13.88,18.55,15.03,15.58,13.6,13.97,19.55,9.38,23.09,20.19,18.36,20.2,21.37,23.83,20.32,19.98,22.44,19.56,24.05,23.12,18.17,24.4,23.0,18.3,19.79,22.19,22.24,20.19,23.19,23.86,22.75,21.25,42.57,41.58
21.33,21.88,20.91,22.09,11.59,6.31,20.94,21.49,20.56,14.53,13.93,23.04,11.16,25.47,22.48,7.63,12.43,25.99,22.93,10.87,9.89,4.98,20.51,13.1,12.9,10.42,21.83,10.29,11.44,14.66,18.91,8.58,7.62,21.42,11.54,15.59,6.9,29.6,14.87,11.09,23.6,24.82,6.62,19.75,20.58,22.53,14.16,15.64,18.64,7.78,14.37,11.94,11.75,11.74,13.55,13.33,12.83,16.69,6.3,13.01,10.52,20.02,11.59,16.07,14.27,10.22,7.68,13.05,17.78,6.74,11.19,12.78,19.47,12.02,13.79,19.04,17.3,11.76,18.37,11.24,9.76,10.19,13.06,10.32,11.04,11.46,9.92,10.95,9.82,9.31,28.94,43.16,25.71,23.49,25.04,29.64,24.54,24.05,24.22,23.4,26.35,16.9,4.4,9.45,4.34,5.51,9.12,7.07,6.73,11.72,10.65,13.2,33.49,32.19,26.3,32.35,34.77,30.63,32.34,32.81,34.56,42.28,27.59,26.24,33.39,30.16,26.61,29.71,28.16,30.56,5.5,7.75,9.41,7.29,9.8,8.52,15.84,16.4,8.64,14.3,23.17,21.1,23.46,24.41,9.65,4.09,26.53,16.9,23.55,22.03,27.8,21.84,26.7,15.64,11.25,19.51,2.8,6.32,8.91,1.56,5.52,8.73,2.33,3.6,0.0,6.85,5.52,1.31,7.02,10.42,1.63,10.9,7.05,3.04,8.69,4.53,9.14,1.76,12.27,12.68,11.9,11.75,11.52,13.26,10.14,8.68,9.53,10.19,13.37,9.01,14.96,14.56,19.91,17.26,20.63,14.39,14.0,15.4,17.82,17.85,20.79,18.44,18.13,19.88,19.89,19.58,20.33,18.34,21.8,20.74,22.03,18.12,20.94,15.97,20.45,25.18,18.98,23.26,21.17,16.26,29.94,14.41,18.04,20.46,17.43,27.0,20.37,30.95,24.22,28.66,29.15,14.86,13.95,19.67,21.88,21.46,17.1,28.38,15.64,17.35,15.88,13.24,18.47,22.69,16.33,14.25,15.27,19.23,21.74,19.14,15.49,16.87,16.79,14.07,19.47,18.63,14.53,12.81,18.62,18.3,16.67,21.3,20.01,16.88,15.61,16.91,21.59,18.07,18.62,16.64,17.01,23.06,12.42,26.13,23.23,21.4,23.24,24.89,27.34,23.36,23.02,25.95,22.6,27.09,26.16,21.21,27.91,26.04,21.34,22.83,25.23,25.27,23.23,26.71,27.37,26.27,24.29,45.61,44.62
15.3,15.84,14.88,16.05,5.56,13.16,14.91,15.46,14.53,8.49,9.41,17.01,14.7,19.44,16.44,7.84,6.4,19.95,16.9,17.71,9.48,5.38,14.48,15.05,14.85,4.39,15.8,6.38,5.41,8.63,12.87,8.17,11.55,15.39,7.01,9.14,11.74,29.2,8.84,5.05,17.57,18.79,6.82,13.72,14.55,16.5,8.13,9.2,12.6,8.17,8.33,13.89,11.34,5.71,7.52,7.0,6.64,10.24,6.7,8.49,4.49,13.43,9.22,10.04,7.82,4.19,1.65,7.02,11.74,7.14,7.83,6.75,13.44,5.99,7.75,13.01,10.86,5.72,12.34,6.16,3.73,4.16,7.02,4.29,5.01,5.43,3.89,4.92,3.79,3.28,22.91,37.13,19.68,17.46,19.01,23.61,18.51,18.02,18.19,17.37,20.32,22.34,10.77,15.83,10.71,11.88,15.5,13.45,13.11,14.95,15.29,15.68,33.08,31.78,25.89,31.94,34.36,30.22,31.93,32.4,34.15,41.88,27.18,25.83,32.98,29.76,26.2,29.3,27.75,30.15,12.35,13.2,9.99,14.13,9.51,9.1,21.29,21.85,9.8,19.75,28.63,26.55,28.91,29.87,15.1,10.93,31.98,22.35,29.01,27.49,33.25,27.29,32.15,21.09,18.09,24.97,9.64,6.72,8.51,7.93,1.5,8.93,4.81,3.81,6.85,0.0,5.91,5.73,7.42,10.81,8.0,11.29,1.01,5.62,9.09,4.92,5.69,7.16,11.82,10.08,11.45,11.36,11.06,12.81,5.76,6.45,8.31,4.4,7.33,2.97,8.36,9.97,13.87,10.66,14.59,8.35,7.97,9.36,11.78,11.81,14.75,12.41,12.1,13.84,13.85,13.54,14.3,12.3,15.76,14.7,16.0,12.08,14.91,15.51,20.0,24.73,18.53,17.22,15.13,15.8,23.9,13.95,17.59,20.0,16.98,20.97,14.34,24.91,18.18,22.62,23.11,14.41,13.49,19.22,21.42,21.0,11.76,22.34,15.18,16.89,15.43,12.79,18.01,22.24,9.74,13.8,14.82,18.78,15.7,13.1,9.45,10.83,10.75,14.46,13.43,12.59,8.49,13.2,14.2,12.26,10.63,14.92,15.58,10.84,9.57,10.88,15.55,12.03,12.58,10.6,10.97,16.68,6.38,20.09,17.19,15.36,17.2,18.5,20.95,17.32,16.98,18.23,16.56,21.05,20.12,15.17,21.53,20.0,15.3,16.79,19.2,19.24,17.19,20.32,20.98,19.88,18.25,45.16,51.87
20.41,20.95,19.98,21.16,10.67,11.84,20.02,20.57,19.64,13.6,13.01,22.11,8.88,24.55,21.55,2.02,11.51,25.06,22.01,16.39,8.97,4.06,19.58,9.24,9.04,9.5,20.91,9.36,10.52,13.74,17.98,7.65,10.23,20.49,10.61,14.66,10.42,28.68,13.95,10.16,22.67,23.9,1.01,18.82,19.66,21.6,13.24,14.71,17.71,6.85,13.44,8.07,10.83,10.81,12.63,12.4,11.91,15.76,5.38,12.09,9.6,14.41,10.66,15.14,13.34,9.29,6.75,12.12,16.85,5.82,10.27,11.86,18.55,11.09,12.86,18.12,16.38,10.83,17.44,10.32,8.83,9.27,12.13,9.4,10.12,10.53,8.99,10.03,8.9,8.39,28.01,42.23,24.79,22.56,24.11,28.72,23.62,23.13,23.29,22.48,25.43,16.52,9.45,10.04,9.39,10.56,11.23,12.12,11.79,9.13,9.47,9.87,32.56,31.27,25.38,31.43,33.85,29.7,31.41,31.89,33.63,41.36,26.66,25.31,32.47,29.24,25.69,28.78,27.23,29.64,11.03,11.88,8.67,12.81,8.19,7.78,19.97,20.53,8.47,18.43,27.3,25.23,27.59,28.54,13.78,9.61,30.66,21.03,27.68,26.16,31.93,25.97,30.83,19.77,16.77,23.64,8.32,5.4,7.99,6.61,4.6,3.11,3.49,2.01,5.52,5.91,0.0,4.5,1.5,4.9,6.77,5.38,6.02,4.39,3.17,1.05,3.62,5.93,11.24,11.65,10.87,10.13,10.49,12.23,9.12,7.65,8.5,9.17,12.34,7.98,13.93,13.53,18.88,16.23,19.6,13.36,12.97,14.37,16.79,16.82,19.76,17.42,17.11,18.85,18.86,18.55,19.3,17.31,20.77,19.71,21.01,17.09,19.92,14.94,19.42,24.15,17.95,22.23,20.14,15.23,28.91,13.38,17.01,19.43,16.4,25.98,19.34,29.92,23.19,27.63,28.12,13.83,12.92,18.65,20.85,20.43,16.07,27.35,14.61,16.32,14.86,12.21,17.44,21.66,15.3,13.22,14.24,18.21,20.71,15.81,14.46,15.84,15.76,8.55,18.44,17.6,13.5,7.28,13.1,19.19,15.64,15.78,14.48,15.85,16.43,15.89,20.56,14.56,15.76,15.4,17.9,17.54,11.39,22.8,19.36,20.48,20.01,19.36,21.82,22.33,19.7,20.43,21.57,23.76,22.83,17.88,22.39,23.13,18.01,21.8,24.21,21.95,20.41,21.18,21.84,20.74,23.26,44.58,43.59
20.22,20.77,19.8,20.98,10.49,7.63,19.83,20.38,19.46,13.42,12.83,21.93,12.0,24.36,21.37,6.52,11.32,24.88,21.82,12.18,8.78,3.87,19.4,13.74,13.54,9.31,20.72,9.18,10.33,13.56,17.8,7.47,8.94,20.31,10.43,14.48,8.22,28.5,13.77,9.98,22.49,23.71,5.51,18.64,19.47,21.42,13.06,14.53,17.53,6.67,13.26,12.58,10.64,10.63,12.44,12.22,11.73,15.58,5.19,11.9,9.41,18.91,10.48,14.96,13.16,9.11,6.57,11.94,16.67,5.63,10.09,11.67,18.36,10.91,12.68,17.94,16.2,10.65,17.26,10.14,8.65,9.09,11.95,9.22,9.93,10.35,8.81,9.85,8.71,8.2,27.83,42.05,24.61,22.38,23.93,28.53,23.44,22.94,23.11,22.29,25.24,17.75,5.24,10.3,5.18,6.35,9.97,7.92,7.58,12.56,11.5,14.37,32.38,31.08,25.19,31.24,33.66,29.52,31.23,31.7,33.45,41.18,26.48,25.13,32.28,29.06,25.5,28.6,27.05,29.45,6.82,9.06,8.48,8.6,8.0,7.6,17.15,17.71,8.29,15.61,24.49,22.41,24.78,25.73,10.96,5.4,27.84,18.21,24.87,23.35,29.11,23.15,28.01,16.95,12.56,20.83,4.11,5.21,7.81,2.4,4.41,7.62,1.22,2.49,1.31,5.73,4.5,0.0,5.92,9.31,2.47,9.79,5.94,1.93,7.59,3.42,8.03,1.63,11.16,11.57,10.79,10.05,10.41,12.15,9.04,7.57,8.42,9.09,12.26,7.9,13.85,13.45,18.8,16.15,19.52,13.28,12.89,14.29,16.71,16.74,19.68,17.34,17.03,18.77,18.78,18.47,19.22,17.23,20.69,19.63,20.93,17.01,19.84,14.86,19.34,24.07,17.87,22.15,20.06,15.15,28.83,13.3,16.93,19.35,16.32,25.9,19.26,29.84,23.11,27.55,28.04,13.75,12.84,18.57,20.77,20.35,15.99,27.27,14.53,16.24,14.78,12.13,17.36,21.58,15.22,13.14,14.16,18.13,20.63,18.03,14.38,15.76,15.68,12.96,18.36,17.52,13.42,11.7,17.51,17.19,15.56,20.2,18.9,15.77,14.5,15.81,20.48,16.96,17.51,15.53,15.9,21.95,11.31,25.02,22.12,20.29,22.13,23.78,26.23,22.25,21.91,24.84,21.49,25.98,25.05,20.1,26.8,24.93,20.23,21.72,24.13,24.17,22.12,25.6,26.26,25.16,23.18,44.5,43.51
21.91,22.45,21.48,22.66,12.17,13.34,21.52,22.07,21.14,15.1,14.51,23.62,9.6,26.05,23.05,2.74,13.01,26.56,23.51,17.89,10.47,5.56,21.08,9.96,9.75,11.0,22.41,10.86,12.02,20.0,19.48,9.15,11.73,21.99,12.11,16.16,11.92,30.18,15.45,11.66,24.18,25.4,1.72,20.32,21.16,23.1,14.74,16.22,19.21,8.35,14.94,8.79,12.33,12.31,14.13,13.9,13.41,17.26,6.88,13.59,11.1,15.13,12.16,16.64,14.84,10.79,8.25,13.63,18.35,7.32,11.77,13.36,20.05,12.6,14.36,19.62,17.88,12.33,18.94,11.82,10.33,10.77,13.63,10.9,11.62,12.03,10.49,11.53,10.4,9.89,29.51,43.73,26.29,24.06,25.62,30.22,25.12,24.63,24.79,23.98,26.93,17.24,10.95,10.76,10.89,12.06,11.95,13.14,13.29,9.85,10.19,10.58,34.06,32.77,26.88,32.93,35.35,31.2,32.91,33.39,35.13,42.86,28.16,26.81,33.97,30.74,27.19,30.28,28.74,31.14,12.53,13.38,10.17,14.31,9.69,9.28,21.47,22.03,9.98,19.93,28.8,26.73,29.09,30.05,15.28,11.11,32.16,22.53,29.18,27.67,33.43,27.47,32.33,21.27,18.27,25.15,9.82,6.9,9.49,8.11,6.1,3.83,4.99,3.51,7.02,7.42,1.5,5.92,0.0,5.62,8.27,6.1,7.52,5.89,3.89,2.56,4.34,7.43,12.74,13.15,12.37,11.63,11.99,13.73,10.62,9.15,10.01,10.67,13.84,9.48,15.43,15.03,20.38,17.73,21.1,14.87,14.48,15.87,18.29,18.32,21.27,18.92,18.61,20.35,20.36,20.05,20.81,18.81,22.27,21.21,22.51,18.59,21.42,16.44,20.92,25.65,19.46,23.73,21.64,16.73,30.41,14.88,18.51,20.93,17.9,27.48,20.85,31.42,24.69,29.13,29.62,15.33,14.42,20.15,22.35,21.93,17.57,28.85,16.11,17.82,16.36,13.71,18.94,23.16,16.81,14.72,15.75,19.71,22.21,16.53,15.96,17.34,17.26,9.27,19.94,19.1,19.24,8.0,13.82,19.9,17.14,16.5,15.2,17.36,17.15,17.39,22.06,15.28,16.48,16.12,18.62,18.26,12.89,23.52,20.07,21.2,20.73,20.08,22.54,23.74,20.41,21.15,23.07,24.48,23.55,18.6,23.11,23.85,18.73,24.11,25.61,22.67,21.13,21.9,22.56,21.46,24.67,46.08,45.09
25.11,23.61,22.64,29.42,15.57,16.74,22.68,28.83,27.9,21.89,17.91,30.38,5.13,32.81,29.81,2.88,16.41,33.32,30.27,21.29,13.87,8.95,22.24,5.49,5.29,14.4,23.57,14.26,15.42,17.0,26.24,12.55,15.12,28.75,15.51,19.56,15.31,33.58,22.21,15.06,30.94,32.16,3.89,27.09,22.32,29.87,21.53,19.61,25.97,11.75,18.34,4.32,15.73,15.71,20.92,17.3,16.81,20.66,10.28,16.99,14.5,12.12,15.56,23.4,18.24,14.19,11.65,17.02,25.11,10.72,15.17,16.76,26.81,15.99,17.76,26.38,21.28,15.73,25.71,15.22,13.73,14.17,20.42,14.3,15.02,15.43,13.89,14.93,13.8,13.29,36.28,50.49,33.05,30.83,32.38,36.98,31.88,31.39,31.56,30.74,33.69,12.77,11.66,6.29,12.91,11.56,7.48,8.67,14.93,5.38,5.72,6.12,37.46,36.17,30.27,36.33,38.75,34.6,36.31,36.79,38.53,46.26,31.56,30.21,37.37,34.14,30.58,33.68,32.13,34.53,15.93,16.78,13.57,17.71,13.09,12.68,24.87,25.43,13.37,23.33,32.2,30.13,32.49,33.44,18.68,14.51,35.56,25.93,32.58,31.06,36.83,30.87,35.73,24.67,21.67,28.54,13.22,10.3,12.89,11.51,9.5,2.87,8.39,6.91,10.42,10.81,4.9,9.31,5.62,0.0,11.67,3.09,10.92,9.29,4.31,5.95,5.26,10.83,16.14,16.55,15.77,15.03,15.39,17.13,14.01,12.55,13.4,14.07,17.24,12.88,18.83,18.43,26.79,21.13,27.51,21.3,17.87,22.31,24.7,22.49,22.53,20.18,19.87,21.61,21.62,23.97,24.97,22.98,23.54,22.47,28.91,21.4,27.82,19.84,24.32,29.05,22.85,30.14,28.04,20.13,36.81,18.28,21.91,24.33,21.3,33.88,27.25,37.83,31.09,35.54,36.02,18.73,17.82,23.55,25.75,25.33,20.97,35.26,19.51,21.22,19.76,17.11,22.34,26.56,20.2,18.12,19.14,23.11,23.47,13.52,18.51,21.51,18.52,5.57,21.2,20.36,16.24,4.99,10.81,16.9,17.9,13.49,12.2,17.06,14.14,19.09,23.32,12.27,13.47,13.11,15.61,15.25,16.29,20.51,17.07,18.19,17.72,17.08,19.53,20.73,17.41,18.14,24.33,21.47,20.54,15.59,20.1,20.84,15.72,21.1,22.6,19.66,18.12,18.89,19.56,18.46,21.66,49.48,48.49
22.49,23.03,22.07,23.24,12.75,7.94,22.1,22.65,21.72,15.68,15.09,24.2,11.13,26.63,23.63,8.79,13.59,27.14,24.09,12.5,11.05,6.14,21.67,13.08,12.88,11.58,22.99,11.44,12.6,15.82,20.06,9.74,9.25,22.58,12.7,16.75,8.53,30.76,16.03,12.24,24.76,25.98,7.78,20.91,21.74,23.69,15.32,16.8,19.79,8.93,15.52,11.92,12.91,12.89,14.71,14.48,13.99,17.84,7.46,14.17,11.68,21.18,12.74,17.23,15.42,11.38,8.84,14.21,18.93,7.9,12.35,13.94,20.63,13.18,14.94,20.2,18.46,12.91,19.53,12.4,10.92,11.35,14.21,11.48,12.2,12.62,11.08,12.11,10.98,10.47,30.1,44.32,26.87,24.65,26.2,30.8,25.7,25.21,25.38,24.56,27.51,16.88,4.37,9.43,4.32,5.49,9.1,7.05,6.71,11.7,10.63,13.17,34.64,33.35,27.46,33.51,35.93,31.78,33.5,33.97,35.72,43.44,28.75,27.4,34.55,31.32,27.77,30.87,29.32,31.72,7.13,9.38,11.04,8.92,11.43,10.15,17.46,18.03,10.27,15.93,24.8,22.72,25.09,26.04,11.28,5.71,28.16,18.53,25.18,23.66,29.43,23.46,28.33,17.27,12.88,21.14,4.43,7.48,10.07,1.53,6.68,4.73,3.49,4.76,1.63,8.0,6.77,2.47,8.27,11.67,0.0,12.06,8.21,4.2,9.85,5.69,10.3,1.06,13.43,13.84,13.06,13.38,12.67,14.42,11.3,9.83,10.69,11.35,14.53,10.17,16.11,15.72,21.07,18.42,21.79,15.55,15.16,16.56,18.98,19.01,21.95,19.6,19.29,21.03,21.04,20.74,21.49,19.5,22.96,21.9,23.19,19.27,22.1,17.12,21.61,26.34,20.14,24.42,22.33,17.41,31.1,15.56,19.2,21.61,18.59,28.16,21.53,32.11,25.37,29.82,30.31,16.02,15.1,20.83,23.03,22.61,18.26,29.54,16.79,18.5,17.04,14.4,19.62,23.85,17.49,15.41,16.43,20.39,22.9,20.3,16.65,18.03,17.94,15.23,20.63,19.79,15.69,13.96,19.78,19.46,17.83,22.46,21.16,18.04,16.77,18.07,22.75,19.22,19.77,17.8,18.17,24.22,13.58,27.28,24.39,22.55,24.4,26.04,28.5,24.52,24.18,27.11,23.76,28.25,27.32,22.37,29.07,27.2,22.5,23.99,26.39,26.43,24.39,27.86,28.53,27.42,25.45,46.77,45.78
22.02,20.52,19.55,26.33,16.05,17.21,19.59,25.74,24.81,18.8,18.39,27.29,7.75,29.72,26.72,3.64,19.14,30.23,27.18,21.77,14.34,9.43,19.15,7.42,5.46,16.57,20.48,14.74,15.44,13.91,23.15,13.03,15.6,25.67,15.99,23.45,15.79,34.06,19.12,14.43,27.85,29.07,4.37,24.0,19.23,26.78,18.44,23.5,22.88,12.23,20.04,6.72,16.2,16.23,17.83,21.97,17.29,24.44,10.76,17.47,14.97,9.03,16.04,20.32,22.13,15.62,12.13,20.47,22.02,11.19,15.65,18.45,23.72,17.69,19.46,23.29,24.78,19.49,22.62,15.7,14.21,15.44,17.33,14.78,15.5,17.13,17.35,18.16,14.28,13.76,33.19,47.4,29.96,27.74,29.29,33.89,28.79,28.3,28.47,27.65,30.6,14.7,14.83,8.91,14.77,14.18,10.1,11.29,17.17,7.7,8.34,8.05,37.94,36.65,30.75,36.81,39.23,35.08,36.79,37.26,39.01,46.74,32.04,30.69,37.84,34.62,31.06,34.16,32.61,35.01,16.4,17.26,14.05,18.19,13.56,13.16,25.34,25.91,13.85,23.81,32.68,30.6,32.97,33.92,19.16,14.99,36.04,26.41,33.06,31.54,37.31,31.35,36.21,25.15,22.15,29.02,13.7,10.78,13.37,11.99,9.98,4.73,8.86,7.39,10.9,11.29,5.38,9.79,6.1,3.09,12.06,0.0,11.4,9.77,3.19,6.43,5.74,11.31,16.62,17.03,16.25,15.51,15.87,17.61,14.49,13.03,13.88,14.54,16.88,13.36,22.82,24.54,23.7,25.48,24.42,18.21,19.66,19.22,21.61,19.4,19.44,17.09,16.78,18.52,18.53,20.88,21.88,19.89,20.45,19.38,25.82,18.31,24.73,20.32,24.8,29.53,23.33,27.05,24.95,20.61,33.73,18.76,22.39,24.81,21.78,30.79,24.16,34.74,28.0,32.45,32.94,19.21,18.3,24.02,26.23,25.81,26.21,32.17,19.99,21.7,20.24,17.59,22.82,27.04,24.19,18.6,19.62,23.58,20.38,10.43,15.42,18.42,15.43,3.17,18.11,17.27,13.15,1.91,7.72,13.81,14.81,10.4,9.11,13.97,11.05,16.0,20.23,9.18,10.38,10.02,12.52,12.16,15.93,17.42,13.98,15.1,14.63,13.99,16.44,17.64,14.32,15.05,21.25,18.38,17.45,12.5,17.01,17.75,12.63,18.01,19.51,16.57,15.03,15.8,16.47,15.37,18.57,49.96,61.69
15.31,15.85,14.89,16.06,5.57,13.36,14.92,15.47,14.54,8.5,9.42,17.02,14.91,19.45,16.45,8.04,6.41,19.96,16.91,17.92,9.49,5.58,14.49,15.26,15.06,4.4,15.81,6.39,5.42,8.64,12.88,8.18,12.06,15.4,7.02,9.16,12.25,29.21,8.85,5.06,17.58,18.8,7.03,13.73,14.56,16.51,8.14,9.21,12.62,8.38,8.35,14.09,11.35,5.72,7.53,7.02,6.65,10.25,6.91,8.5,4.5,13.44,9.23,10.05,7.83,4.2,1.66,7.03,11.75,7.34,7.84,6.76,13.45,6.0,7.76,13.02,10.87,5.73,12.35,6.17,3.74,4.17,7.03,4.3,5.02,5.44,3.9,4.93,3.8,3.29,22.92,37.14,19.69,17.47,19.02,23.62,18.52,18.03,18.2,17.38,20.33,22.54,10.98,16.03,10.92,12.09,15.7,13.65,13.32,15.16,15.49,15.89,33.09,31.8,25.9,31.95,34.38,30.23,31.94,32.41,34.16,41.89,27.19,25.84,32.99,29.77,26.21,29.31,27.76,30.16,12.55,13.71,10.2,14.34,9.71,9.31,21.8,22.36,10.0,20.26,29.14,27.06,29.43,30.38,15.62,11.14,32.49,22.86,29.52,28.0,33.76,27.8,32.66,21.61,18.3,25.48,9.85,6.93,8.52,8.14,1.7,9.14,5.01,4.01,7.05,1.01,6.02,5.94,7.52,10.92,8.21,11.4,0.0,5.83,9.29,5.13,5.7,7.36,11.83,10.09,11.46,11.56,11.07,12.82,5.77,6.46,8.32,4.41,7.34,2.98,8.37,9.98,13.88,10.67,14.6,8.37,7.98,9.37,11.79,11.82,14.76,12.42,12.11,13.85,13.86,13.55,14.31,12.31,15.77,14.71,16.01,12.09,14.92,15.52,20.01,24.74,18.54,17.23,15.14,15.81,23.91,13.96,17.6,20.01,16.99,20.98,14.35,24.92,18.19,22.63,23.12,14.42,13.5,19.23,21.43,21.01,11.77,22.35,15.19,16.9,15.44,12.8,18.02,22.25,9.75,13.81,14.83,18.79,15.71,13.11,9.46,10.84,10.76,14.67,13.44,12.6,8.5,13.4,14.21,12.27,10.64,14.93,15.59,10.85,9.58,10.89,15.56,12.04,12.59,10.61,10.98,16.69,6.39,20.1,17.2,15.37,17.21,18.51,20.97,17.33,17.0,18.24,16.57,21.06,20.13,15.18,21.54,20.01,15.31,16.81,19.21,19.25,17.2,20.33,20.99,19.89,18.26,45.17,51.88
20.11,20.66,19.69,19.51,10.37,9.36,19.72,18.4,17.47,13.31,10.65,20.46,13.73,20.12,19.9,6.41,11.21,23.41,19.84,13.91,6.61,1.49,19.29,13.63,13.43,9.2,20.61,7.0,10.22,13.45,16.33,5.3,7.87,18.84,8.26,12.31,8.06,26.32,13.65,9.87,18.24,19.47,5.4,16.66,19.36,17.17,12.94,12.36,15.54,4.49,13.15,12.46,8.47,10.52,12.33,10.04,9.55,13.4,3.02,9.73,9.3,18.8,8.3,12.98,10.98,9.0,6.46,12.4,14.68,3.46,7.91,11.56,16.38,10.8,12.57,15.95,14.02,10.54,15.28,7.96,8.54,8.98,11.84,9.1,9.82,10.24,8.7,9.74,8.6,8.09,26.36,40.58,23.14,20.91,22.46,27.06,21.97,18.7,21.64,20.83,21.0,19.47,6.97,12.02,6.91,8.08,11.7,9.64,9.31,13.52,13.23,14.26,30.2,28.91,23.02,29.07,31.49,27.34,29.05,29.53,31.28,39.0,24.31,22.96,30.11,26.88,23.33,26.43,24.88,27.28,8.55,10.79,6.31,10.33,5.83,5.42,18.88,19.44,6.12,17.34,26.22,24.14,26.5,27.46,12.69,7.13,29.57,19.94,26.6,25.08,30.84,24.88,29.74,18.68,14.29,22.56,5.84,3.04,5.63,4.13,4.3,7.51,1.11,2.38,3.04,5.62,4.39,1.93,5.89,9.29,4.2,9.77,5.83,0.0,7.47,3.31,7.92,3.36,8.89,9.3,8.52,7.78,8.14,9.88,6.76,5.29,6.15,6.81,12.15,7.79,11.58,11.18,17.23,13.88,17.95,13.17,12.78,14.18,14.72,16.63,19.57,17.23,16.92,18.66,18.67,18.36,19.11,17.12,20.58,19.52,18.93,16.9,17.84,12.58,17.07,21.8,15.6,20.58,18.48,12.87,27.25,11.02,14.66,17.07,14.05,24.32,17.69,28.27,21.53,25.98,26.46,11.48,10.56,16.29,18.49,18.07,13.72,25.7,12.25,13.96,12.5,9.86,15.08,19.31,12.95,10.87,11.89,15.85,20.52,17.92,14.27,15.65,15.57,12.85,18.25,17.41,13.31,11.59,17.4,17.08,15.45,20.08,18.79,15.66,14.39,15.7,20.37,16.85,17.4,15.42,15.79,21.84,11.2,24.91,22.01,20.18,22.02,23.67,26.12,22.14,21.8,24.73,21.38,25.87,24.94,19.99,26.69,24.82,20.12,21.61,24.01,24.06,22.01,25.49,26.15,25.05,23.07,42.23,41.24
25.21,23.71,22.74,29.52,13.84,15.01,22.78,28.93,28.0,21.99,16.18,30.48,8.29,32.91,29.91,1.43,14.68,33.42,30.37,19.56,12.14,7.23,22.34,8.65,8.45,12.67,23.67,12.53,13.69,17.1,26.34,10.82,13.4,28.85,13.78,17.83,13.59,31.85,22.31,17.62,31.04,32.26,2.16,27.19,22.42,29.97,21.63,17.88,26.07,10.02,23.22,7.48,14.0,13.98,21.02,15.57,15.08,18.93,8.55,15.26,12.77,12.22,13.83,23.5,16.51,12.46,9.92,23.66,25.21,8.99,13.44,21.64,26.91,20.88,22.64,26.48,19.55,14.0,25.8,13.49,12.0,12.44,20.52,12.57,13.29,20.32,12.16,13.2,12.07,11.56,36.37,50.59,33.15,30.92,32.48,37.08,31.98,31.49,31.65,30.84,33.79,15.93,12.62,9.45,12.56,13.73,10.64,11.83,14.96,8.54,8.88,9.28,35.73,34.44,28.55,34.6,37.02,32.87,34.58,35.06,36.8,44.53,29.83,28.48,35.64,32.41,28.86,31.95,30.41,32.81,14.2,15.05,11.84,15.98,11.36,10.95,23.14,23.7,11.64,21.6,30.47,28.4,30.76,31.72,16.95,12.78,33.83,24.2,30.85,29.34,35.1,29.14,34.0,22.94,19.94,26.81,11.49,8.57,11.16,9.78,7.77,2.53,6.66,5.18,8.69,9.09,3.17,7.59,3.89,4.31,9.85,3.19,9.29,7.47,0.0,4.23,3.53,9.1,14.41,14.82,14.04,13.3,13.66,15.4,12.29,10.82,11.68,12.34,15.51,11.15,17.1,16.7,26.89,19.4,27.61,21.4,16.15,22.41,24.8,22.59,22.62,20.28,19.97,21.71,21.72,24.07,25.07,23.08,23.63,22.57,29.01,21.5,27.92,18.11,22.59,27.32,21.12,30.24,28.14,18.4,36.91,16.55,20.18,22.6,19.57,33.98,27.35,37.93,31.19,35.64,36.12,17.0,16.09,21.82,24.02,23.6,19.24,35.36,17.78,19.49,18.03,15.38,20.61,24.83,18.47,16.39,17.41,21.38,23.57,13.62,18.6,21.61,18.62,6.36,21.3,20.46,16.33,5.09,10.91,17.0,18.0,13.59,12.29,17.16,14.24,19.19,23.42,12.37,13.57,13.21,15.71,15.35,14.56,20.61,17.17,18.29,17.82,17.17,19.63,20.83,17.51,18.24,24.43,21.57,20.64,15.69,20.2,20.94,15.82,21.2,22.7,19.76,18.22,18.99,19.65,18.55,21.76,47.75,46.76
19.42,19.96,18.99,20.17,9.68,10.85,19.03,19.58,18.65,12.61,12.02,21.12,9.94,23.56,20.56,3.07,10.52,24.07,21.02,15.4,7.98,3.06,18.59,10.29,10.09,8.51,19.91,8.37,9.53,12.75,16.99,6.66,9.23,19.5,9.62,13.67,9.42,27.69,12.96,9.17,21.68,22.91,2.06,17.83,18.67,20.61,12.25,13.72,16.72,5.86,12.45,9.13,9.84,9.82,11.64,11.41,10.92,14.77,4.39,11.1,8.61,15.46,9.67,14.15,12.35,8.3,5.76,11.13,15.86,4.83,9.28,10.87,17.56,10.1,11.87,17.13,15.39,9.84,16.45,9.33,7.84,8.28,11.14,8.41,9.13,9.54,8.0,9.04,7.91,7.4,27.02,41.24,23.8,21.57,23.12,27.72,22.63,22.14,22.3,21.49,24.44,17.57,8.46,11.09,8.4,9.57,13.19,11.13,10.8,10.19,10.53,10.92,31.57,30.28,24.38,30.44,32.86,28.71,30.42,30.9,32.64,40.37,25.67,24.32,31.48,28.25,24.7,27.79,26.24,28.64,10.04,10.89,7.68,11.82,7.2,6.79,18.98,19.54,7.48,17.44,26.31,24.24,26.6,27.55,12.79,8.62,29.67,20.04,26.69,25.17,30.94,24.98,29.84,18.78,15.78,22.65,7.33,4.41,7.0,5.62,3.61,4.17,2.5,1.02,4.53,4.92,1.05,3.42,2.56,5.95,5.69,6.43,5.13,3.31,4.23,0.0,4.67,4.94,10.25,10.66,9.88,9.14,9.5,11.24,8.12,6.66,7.51,8.18,11.35,6.99,12.94,12.54,17.89,15.24,18.61,12.37,11.98,13.38,15.8,15.83,18.77,16.43,16.12,17.86,17.87,17.56,18.31,16.32,19.78,18.72,20.02,16.1,18.93,13.95,18.43,23.16,16.96,21.24,19.15,14.24,27.92,12.39,16.02,18.44,15.41,24.99,18.35,28.93,22.2,26.64,27.13,12.84,11.93,17.66,19.86,19.44,15.08,26.36,13.62,15.33,13.87,11.22,16.45,20.67,14.31,12.23,13.25,17.22,19.72,16.87,13.47,14.85,14.77,9.6,17.45,16.61,12.51,8.34,14.15,16.28,14.65,16.84,15.54,14.86,13.59,14.9,19.57,15.61,16.82,16.45,14.99,18.59,10.4,23.85,20.41,19.38,21.07,20.42,22.87,21.34,20.75,21.48,20.58,24.82,23.89,18.94,23.44,24.02,19.07,20.81,23.22,23.0,21.21,22.24,22.9,21.8,22.27,43.59,42.6
18.37,18.91,17.94,19.12,8.63,15.46,17.98,18.53,17.6,11.56,12.48,20.08,9.24,22.51,19.51,2.38,9.47,23.02,19.97,20.01,12.59,7.67,17.54,9.6,9.4,7.46,18.87,9.45,8.48,11.7,15.94,11.27,13.84,18.45,10.08,12.21,14.04,32.3,11.91,8.12,20.63,21.86,2.61,16.78,17.62,19.56,11.2,12.26,15.67,10.47,11.4,8.43,14.45,8.77,10.59,10.07,9.71,13.31,9.0,11.56,7.56,14.77,14.28,13.1,10.89,7.25,4.21,10.09,14.81,9.44,10.9,9.82,16.51,9.06,10.82,16.08,13.93,8.79,15.4,9.22,6.79,7.23,10.09,7.36,8.08,8.49,6.95,7.99,6.86,6.35,25.97,40.19,22.75,20.52,22.08,26.68,21.58,21.09,21.25,20.44,23.39,16.88,13.07,10.4,13.01,14.18,11.59,12.78,15.41,9.49,9.83,10.23,36.18,34.89,29.0,35.05,37.47,33.32,35.03,35.51,37.25,44.98,30.28,28.93,36.09,32.86,29.31,32.4,30.85,33.25,14.65,15.5,12.29,16.43,11.81,11.4,23.59,24.15,12.09,22.05,30.92,28.85,31.21,32.16,17.4,13.23,34.28,24.65,31.3,29.78,35.55,29.59,34.45,23.39,20.39,27.26,11.94,9.02,11.61,10.23,6.38,3.48,7.11,5.63,9.14,5.69,3.62,8.03,4.34,5.26,10.3,5.74,5.7,7.92,3.53,4.67,0.0,9.55,14.86,13.15,14.49,13.75,14.11,15.85,8.82,9.52,12.12,7.47,10.4,2.72,11.43,13.03,16.94,13.73,17.66,11.42,11.03,12.43,14.85,14.88,17.82,15.47,15.16,16.9,16.92,16.61,17.36,15.37,18.83,17.77,19.06,15.14,17.97,18.56,23.04,27.77,21.57,20.29,18.2,18.85,26.97,17.0,20.63,23.05,20.02,24.03,17.4,27.98,21.24,25.69,26.18,17.45,16.54,22.27,24.47,24.05,14.82,25.41,18.23,19.94,18.48,15.83,21.06,25.28,12.8,16.84,17.86,21.83,18.77,16.17,12.52,13.9,13.81,8.91,16.5,15.66,11.56,7.65,13.46,15.33,13.7,16.14,14.85,13.91,12.64,13.94,18.62,14.92,16.12,15.76,14.04,17.9,9.45,23.16,19.72,18.42,20.37,19.73,22.18,20.39,20.06,20.79,19.63,24.12,23.19,18.24,22.75,23.49,18.37,19.86,22.26,22.31,20.26,21.54,22.21,21.11,21.32,48.2,47.21
21.65,22.19,21.22,22.4,11.91,8.08,21.26,21.81,20.88,14.84,14.25,23.36,12.45,25.79,22.79,7.95,12.75,26.3,23.25,12.63,10.21,5.3,20.82,14.4,14.2,10.74,22.15,10.6,11.76,14.98,19.22,8.9,9.39,21.73,11.86,15.9,8.67,29.92,15.19,11.4,23.92,25.14,6.93,20.07,20.9,22.85,14.48,15.96,18.95,8.09,14.68,13.23,12.07,12.05,13.87,13.64,13.15,17.0,6.62,13.33,10.84,20.34,11.9,16.38,14.58,10.53,8.0,13.37,18.09,7.06,11.51,13.1,19.79,12.34,14.1,19.36,17.62,12.07,18.68,11.56,10.07,10.51,13.37,10.64,11.36,11.77,10.23,11.27,10.14,9.63,29.26,43.47,26.03,23.8,25.36,29.96,24.86,24.37,24.54,23.72,26.67,18.2,5.69,10.75,5.63,6.8,10.42,8.37,8.03,13.01,11.95,14.49,33.8,32.51,26.62,32.67,35.09,30.94,32.65,33.13,34.88,42.6,27.91,26.55,33.71,30.48,26.93,30.02,28.48,30.88,7.27,9.51,9.91,9.05,9.43,9.02,17.6,18.16,10.4,16.06,24.94,22.86,25.22,26.18,11.41,5.85,28.29,18.66,25.32,23.8,29.56,23.6,28.46,17.4,13.01,21.28,4.56,6.64,9.23,2.85,5.84,4.81,2.64,3.92,1.76,7.16,5.93,1.63,7.43,10.83,1.06,11.31,7.36,3.36,9.1,4.94,9.55,0.0,12.58,12.99,12.21,11.47,11.83,13.57,10.46,8.99,9.85,10.51,13.69,9.33,15.27,14.87,20.23,17.58,20.95,14.71,14.32,15.72,18.14,18.16,21.11,18.76,18.45,20.19,20.2,19.9,20.65,18.66,22.12,21.06,22.35,18.43,21.26,16.28,20.77,25.5,19.3,23.58,21.48,16.57,30.25,14.72,18.36,20.77,17.74,27.32,20.69,31.27,24.53,28.98,29.46,15.18,14.26,19.99,22.19,21.77,17.42,28.7,15.95,17.66,16.2,13.56,18.78,23.01,16.65,14.57,15.59,19.55,22.06,19.46,15.81,17.18,17.1,14.39,19.78,18.94,14.85,13.12,18.94,18.61,16.99,21.62,20.32,17.2,15.92,17.23,21.9,18.38,18.93,16.96,17.33,23.38,12.74,26.44,23.55,21.71,23.55,25.2,27.66,23.68,23.34,26.27,22.92,27.4,26.48,21.52,28.23,26.35,21.66,23.15,25.55,25.59,23.55,27.02,27.68,26.58,24.61,45.92,44.93
21.47,25.16,20.2,18.75,13.96,10.38,24.23,17.64,16.71,17.81,4.39,19.7,20.12,19.36,19.14,13.26,12.71,22.65,19.08,15.99,2.28,7.4,23.79,20.48,20.27,12.78,25.12,6.24,12.67,21.31,15.57,4.65,8.53,18.08,7.5,8.56,8.72,17.43,18.79,12.31,17.48,18.7,12.25,15.9,23.87,16.41,17.45,7.61,14.78,6.96,14.06,19.31,3.1,12.97,16.84,9.28,8.79,9.66,6.84,5.03,9.02,26.83,2.93,12.21,10.22,11.45,10.84,11.64,13.92,5.66,5.74,14.06,15.62,13.26,15.07,15.19,10.28,11.67,14.52,7.2,8.91,11.42,16.34,8.0,9.02,11.61,10.38,10.1,8.91,9.56,25.6,27.76,22.38,20.15,21.7,26.3,21.21,17.94,20.88,20.07,20.24,27.76,16.19,21.25,16.14,17.3,20.92,18.87,18.53,20.37,20.71,21.1,21.31,20.02,14.13,20.18,22.6,18.45,20.17,20.64,22.39,30.11,15.42,14.07,21.22,17.99,14.44,17.54,15.99,18.39,10.62,10.18,8.14,12.41,6.49,7.26,18.27,18.83,6.78,16.73,25.61,23.53,25.9,26.85,12.08,11.93,28.96,19.33,25.99,24.47,30.23,24.27,29.13,18.07,16.37,21.95,12.8,6.86,3.26,13.35,11.15,14.35,10.23,9.23,12.27,11.82,11.24,11.16,12.74,16.14,13.43,16.62,11.83,8.89,14.41,10.25,14.86,12.58,0.0,3.93,1.29,8.38,2.06,2.65,7.03,5.56,5.51,7.08,14.6,12.11,10.93,6.48,16.59,10.17,17.3,17.72,15.39,18.73,14.07,16.46,24.12,21.77,21.46,23.2,23.21,19.77,18.07,18.54,25.13,24.07,18.29,19.74,17.2,3.7,8.18,12.91,6.71,19.93,17.84,3.99,26.61,2.14,5.77,8.19,5.16,23.68,17.05,27.62,20.89,17.66,25.82,2.59,3.1,7.41,9.61,9.19,9.02,16.87,3.37,5.08,3.62,0.97,6.2,10.42,8.98,1.98,3.0,6.97,25.07,24.77,18.82,17.44,20.11,19.8,22.79,21.95,20.17,18.53,25.86,23.93,20.0,28.55,27.25,20.21,21.24,20.24,24.91,23.7,24.25,22.28,22.65,30.3,13.65,31.76,26.56,24.72,26.56,32.13,34.58,26.69,28.66,29.9,25.93,32.72,31.8,26.84,35.15,29.36,26.98,26.16,28.56,30.91,26.56,33.95,34.61,33.51,27.62,33.34,32.35
18.37,22.07,17.11,15.66,12.22,10.79,21.14,14.55,13.62,14.72,3.85,16.61,20.53,16.26,16.05,13.67,9.61,19.56,15.99,16.4,2.69,7.81,20.7,20.89,20.68,11.05,22.03,4.76,10.94,18.22,12.48,5.06,8.94,14.99,3.66,6.46,9.13,21.36,15.69,10.58,14.39,15.61,12.66,12.8,20.78,13.32,14.36,5.51,11.69,7.37,10.97,19.72,2.79,11.23,13.75,6.19,5.7,7.56,7.25,2.93,6.86,23.74,1.0,9.12,7.13,9.71,9.11,8.55,10.83,6.07,3.64,10.97,12.53,10.17,11.98,12.1,8.18,8.58,11.42,4.11,8.89,9.69,13.25,6.72,5.92,11.47,8.65,8.8,6.78,7.83,22.51,36.73,19.29,17.06,18.61,23.21,18.12,14.84,17.79,16.97,17.15,28.17,16.6,21.66,16.55,17.71,21.33,19.28,18.94,20.78,21.12,21.51,25.24,23.95,18.06,24.11,26.53,22.38,24.1,24.57,26.32,34.04,19.35,18.0,25.15,21.92,18.37,21.47,19.92,22.32,11.03,10.59,8.55,12.82,6.9,7.67,18.68,19.24,7.19,17.14,26.02,23.94,26.31,27.26,12.49,12.34,29.37,19.74,26.4,24.88,30.64,24.68,29.54,18.48,16.78,22.36,13.21,7.27,3.67,13.76,11.56,14.76,10.64,9.64,12.68,10.08,11.65,11.57,13.15,16.55,13.84,17.03,10.09,9.3,14.82,10.66,13.15,12.99,3.93,0.0,3.55,8.78,3.16,4.91,6.12,5.95,5.91,7.47,12.88,10.39,7.83,4.37,9.76,8.06,10.47,14.62,12.29,15.62,10.97,13.36,21.02,18.67,18.36,20.1,20.11,16.67,14.97,15.44,22.03,20.97,15.19,16.63,14.1,7.61,12.1,16.83,10.63,16.83,11.01,7.9,23.51,6.05,9.69,12.1,9.08,20.58,13.95,24.52,17.79,22.23,22.72,6.51,5.59,11.32,13.52,13.1,6.91,21.95,7.28,8.99,7.53,4.89,10.11,14.34,6.87,5.9,6.92,10.88,21.97,21.67,15.72,14.34,17.01,20.19,19.69,18.85,17.06,18.93,22.76,20.83,16.9,25.44,24.15,17.11,18.14,17.14,21.81,20.6,21.15,19.18,19.54,27.2,11.93,28.66,23.46,21.62,23.46,29.03,31.48,23.58,25.56,26.8,22.83,29.62,28.69,23.74,32.05,26.26,23.87,23.06,25.46,27.81,23.46,30.85,31.51,30.41,24.51,37.26,36.27
21.1,24.79,19.83,18.38,13.59,10.01,23.86,17.27,16.34,17.44,4.02,19.33,19.75,18.99,18.77,12.89,12.34,22.28,18.71,15.62,1.91,7.03,23.42,20.11,19.9,12.41,24.75,5.87,12.3,20.94,15.2,4.28,8.16,17.71,7.13,8.19,8.35,18.73,18.42,11.94,17.11,18.33,11.88,15.53,23.5,16.04,17.08,7.24,14.41,6.59,13.69,18.94,2.73,12.6,16.47,8.91,8.42,9.29,6.47,4.66,8.65,26.46,2.56,11.84,9.85,11.08,10.47,11.27,13.55,5.29,5.37,13.69,15.25,12.89,14.7,14.82,9.91,11.3,14.15,6.83,8.55,11.05,15.97,7.63,8.65,11.24,10.02,9.73,8.54,9.19,25.23,29.05,22.01,19.78,21.33,25.93,20.84,17.57,20.51,19.7,19.87,27.39,15.82,20.88,15.77,16.94,20.55,18.5,18.16,20.0,20.34,20.74,22.61,21.32,15.42,21.48,23.9,19.75,21.46,21.93,23.68,31.41,16.71,15.36,22.51,19.29,15.73,18.83,17.28,19.68,10.25,9.81,7.77,12.04,6.12,6.89,17.9,18.46,6.41,16.36,25.24,23.16,25.53,26.48,11.72,11.56,28.59,18.96,25.62,24.1,29.86,23.9,28.76,17.71,16.0,21.58,12.43,6.49,2.89,12.98,10.78,13.98,9.86,8.86,11.9,11.45,10.87,10.79,12.37,15.77,13.06,16.25,11.46,8.52,14.04,9.88,14.49,12.21,1.29,3.55,0.0,8.01,1.69,1.36,6.66,5.19,5.14,6.71,14.23,11.74,10.56,6.11,16.22,9.8,16.93,17.35,15.02,18.36,13.71,16.09,23.75,21.4,21.09,22.83,22.84,19.4,17.7,18.17,24.76,23.7,17.92,19.37,16.83,4.99,9.48,14.21,8.01,19.57,17.47,5.28,26.24,3.43,7.07,9.48,6.46,23.31,16.68,27.25,20.52,18.95,25.45,3.89,2.75,8.7,10.9,10.48,8.65,18.16,4.66,6.37,4.91,2.27,7.49,11.72,8.61,3.28,4.3,8.26,24.7,24.4,18.45,17.07,19.74,19.43,22.42,21.58,19.8,18.16,25.49,23.56,19.63,28.18,26.88,19.84,20.87,19.87,24.54,23.33,23.88,21.91,22.28,29.94,13.28,31.39,26.19,24.35,26.19,31.76,34.21,26.32,28.29,29.53,25.56,32.35,31.43,26.47,34.78,28.99,26.61,25.79,28.19,30.54,26.19,33.58,34.24,33.14,27.25,34.63,33.64
21.72,25.41,20.45,19.0,14.21,6.97,24.48,17.89,16.96,18.07,10.14,19.96,19.01,19.61,19.39,12.15,12.96,22.9,19.33,12.58,6.1,6.29,24.05,19.37,19.17,13.04,25.37,6.5,12.92,21.57,15.82,4.53,5.12,18.33,7.75,11.8,5.31,25.81,19.04,12.57,17.74,18.96,11.14,16.15,24.12,16.67,17.7,11.85,15.04,3.55,14.31,18.2,7.96,13.22,17.09,9.53,9.04,12.89,5.73,9.22,9.27,27.08,7.79,12.47,10.47,11.7,11.09,11.9,14.18,5.92,7.4,14.32,15.87,13.51,15.32,15.44,13.51,11.92,14.77,7.45,9.17,11.68,16.59,8.26,9.27,11.86,10.64,10.36,9.16,9.82,25.85,40.07,22.63,20.4,21.96,26.56,21.46,18.19,21.13,20.32,20.49,26.65,16.15,21.21,16.09,17.26,20.88,18.82,18.49,19.26,19.6,20.0,29.69,28.4,22.51,28.56,30.98,26.83,28.55,29.02,30.77,38.49,23.8,22.45,29.6,26.37,22.82,25.92,24.37,26.77,7.21,6.77,4.73,9.0,2.65,3.84,14.86,15.42,2.94,13.32,22.2,20.12,22.48,23.44,8.67,8.52,25.55,15.92,22.58,21.06,26.82,20.86,25.72,14.66,12.96,18.54,9.39,5.75,5.12,13.31,10.04,13.25,9.12,8.12,11.75,11.36,10.13,10.05,11.63,15.03,13.38,15.51,11.56,7.78,13.3,9.14,13.75,11.47,8.38,8.78,8.01,0.0,7.69,9.43,7.22,5.75,5.7,7.27,14.79,12.31,11.13,10.73,16.78,13.43,17.5,17.91,15.59,18.92,14.27,16.66,24.31,21.97,21.66,23.4,23.41,19.97,18.27,18.73,25.32,24.26,18.48,19.93,17.39,12.14,16.62,21.35,15.15,20.13,18.04,12.43,26.81,10.58,14.21,16.63,13.6,23.87,17.24,27.82,21.08,25.53,26.02,11.03,10.12,15.85,18.05,17.63,13.27,25.25,11.81,13.52,12.06,9.41,14.64,18.86,12.5,10.42,11.44,15.41,25.26,24.97,19.01,17.64,20.31,18.68,22.99,22.15,20.36,17.42,26.06,24.13,20.19,28.74,27.45,20.4,21.44,20.44,25.11,23.9,24.45,22.47,22.84,30.5,13.84,31.96,26.75,24.92,26.76,32.33,34.78,26.88,28.85,30.1,26.12,32.92,31.99,27.04,35.35,29.56,27.17,26.35,28.76,31.1,26.75,34.14,34.81,33.7,27.81,41.78,40.79
20.71,24.41,19.45,18.0,13.21,9.63,23.48,16.89,15.96,17.06,3.64,18.95,19.37,18.61,18.39,12.51,11.95,21.9,18.33,15.24,1.53,6.65,23.04,19.72,19.52,12.03,24.37,5.49,11.92,20.56,14.82,3.9,7.78,17.33,6.74,7.81,7.97,19.5,18.03,11.56,16.73,17.95,11.49,15.14,23.12,15.66,16.7,6.86,14.03,6.21,13.31,18.56,2.35,12.22,16.09,8.53,8.04,8.91,6.08,4.28,8.27,26.08,2.18,11.46,9.47,10.7,10.09,10.89,13.17,4.91,4.99,13.31,14.87,12.51,14.32,14.44,9.52,10.92,13.76,6.45,8.16,10.67,15.59,7.25,8.27,10.85,9.63,9.35,8.16,8.81,24.85,29.82,21.63,19.4,20.95,25.55,20.46,17.18,20.13,19.32,19.49,27.01,15.44,20.5,15.39,16.55,20.17,18.12,17.78,19.62,19.96,20.35,23.38,22.08,16.19,22.24,24.66,20.52,22.23,22.7,24.45,32.18,17.48,16.13,23.28,20.06,16.5,19.6,18.05,20.45,9.87,9.43,7.39,11.66,5.74,6.5,17.52,18.08,6.03,15.98,24.86,22.78,25.14,26.1,11.33,11.18,28.21,18.58,25.24,23.72,29.48,23.52,28.38,17.32,15.62,21.2,12.05,6.1,2.51,12.6,10.4,13.6,9.48,8.48,11.52,11.06,10.49,10.41,11.99,15.39,12.67,15.87,11.07,8.14,13.66,9.5,14.11,11.83,2.06,3.16,1.69,7.69,0.0,3.05,6.27,4.81,4.76,6.33,13.85,11.36,10.18,5.73,15.83,9.42,16.55,16.97,14.64,17.97,13.32,15.71,23.37,21.02,20.71,22.45,22.46,19.02,17.32,17.78,24.38,23.32,17.54,18.98,16.45,5.76,10.25,14.98,8.78,19.18,17.09,6.05,25.86,4.2,7.84,10.25,7.22,22.93,16.3,26.87,20.14,24.58,25.07,4.66,3.74,9.47,11.67,11.25,8.27,18.93,5.43,7.14,5.68,3.03,8.26,12.49,8.23,4.05,5.07,9.03,24.32,24.02,18.07,16.69,19.36,19.04,22.04,21.2,19.42,17.78,25.11,23.18,19.25,27.8,26.5,19.46,20.49,19.49,24.16,22.95,23.5,21.53,21.89,29.55,12.9,31.01,25.81,23.97,25.81,31.38,33.83,25.93,27.91,29.15,25.18,31.97,31.04,26.09,34.4,28.61,26.22,25.41,27.81,30.16,25.81,33.2,33.86,32.76,26.86,35.4,34.41
22.46,26.15,21.19,19.74,14.95,11.37,25.22,18.63,17.7,18.8,5.38,20.69,21.11,20.35,20.13,14.25,13.7,23.64,20.07,16.98,3.27,8.39,24.78,21.47,21.26,13.77,26.11,7.23,13.66,22.3,16.56,5.64,9.52,19.07,8.48,9.55,9.71,20.09,19.78,13.3,18.47,19.69,13.24,16.89,24.86,17.4,18.44,8.6,15.77,7.95,15.05,20.3,4.09,13.96,17.83,10.27,9.78,10.65,7.83,6.02,10.01,27.82,3.92,13.2,11.21,12.44,11.83,12.63,14.91,6.65,6.73,15.05,16.61,14.25,16.06,16.18,11.27,12.66,15.51,8.19,9.9,12.41,17.33,8.99,10.01,12.6,11.37,11.09,9.9,10.55,26.59,30.41,23.37,21.14,22.69,27.29,22.2,18.93,21.87,21.06,21.23,28.75,17.18,22.24,17.13,18.29,21.91,19.86,19.52,21.36,21.7,22.09,23.97,22.67,16.78,22.83,25.26,21.11,22.82,23.29,25.04,32.77,18.07,16.72,23.87,20.65,17.09,20.19,18.64,21.04,11.61,11.17,9.13,13.4,7.48,8.25,19.26,19.82,7.77,17.72,26.6,24.52,26.89,27.84,13.07,12.92,29.95,20.32,26.98,25.46,31.22,25.26,30.12,19.06,17.36,22.94,13.79,7.85,4.25,14.34,12.14,15.34,11.22,10.22,13.26,12.81,12.23,12.15,13.73,17.13,14.42,17.61,12.82,9.88,15.4,11.24,15.85,13.57,2.65,4.91,1.36,9.43,3.05,0.0,8.02,6.55,6.5,8.07,15.59,13.1,11.92,7.47,17.57,11.16,18.29,18.71,16.38,19.71,15.06,17.45,25.11,22.76,22.45,24.19,24.2,20.76,19.06,19.53,26.12,25.06,19.28,20.73,18.19,6.35,10.84,15.57,9.37,20.92,18.83,6.64,27.6,4.79,8.43,10.84,7.81,24.67,18.04,28.61,21.88,20.31,26.81,5.25,4.11,10.06,12.26,11.84,10.01,19.52,6.02,7.73,6.27,3.63,8.85,13.08,9.97,4.64,5.66,9.62,26.06,25.76,19.81,18.43,21.1,20.79,23.78,22.94,21.16,19.52,26.85,24.92,20.99,29.54,28.24,21.2,22.23,21.23,25.9,24.69,25.24,23.27,23.63,31.29,14.64,32.75,27.55,25.71,27.55,33.12,35.57,27.68,29.65,30.89,26.92,33.71,32.78,27.83,36.14,30.35,27.97,27.15,29.55,31.9,27.55,34.94,35.6,34.5,28.61,35.99,35.0
15.42,15.96,14.99,14.35,7.9,9.16,15.03,13.24,12.31,8.61,5.49,15.3,18.0,14.96,14.74,11.14,5.52,18.25,14.68,14.77,4.75,5.27,14.59,18.35,18.15,6.72,15.92,1.57,6.61,9.83,11.17,3.43,7.31,13.68,3.09,7.14,7.5,24.46,8.96,6.25,13.08,14.3,10.12,11.49,14.67,12.01,8.25,7.2,10.38,5.74,7.92,17.19,6.61,6.91,7.64,4.88,2.9,8.24,4.71,4.57,2.96,17.66,5.3,7.81,5.82,5.39,4.78,7.24,9.52,3.54,3.91,6.34,11.22,5.53,7.34,10.79,8.86,4.4,10.11,2.41,2.85,5.36,7.14,1.94,2.11,5.54,4.32,4.04,2.85,3.5,21.2,35.42,17.98,15.75,17.3,21.9,16.81,13.53,16.48,15.67,15.84,25.64,14.07,19.13,14.01,15.18,18.8,16.74,16.41,18.25,18.59,18.98,28.34,27.05,21.15,27.21,29.63,25.48,27.19,27.67,29.41,37.14,22.44,21.09,28.25,25.02,21.46,24.56,23.01,25.41,9.4,8.96,6.92,11.19,5.27,6.04,17.05,17.61,5.56,15.51,24.39,22.31,24.68,25.63,10.87,10.71,27.74,18.12,24.77,23.25,29.02,23.05,27.92,16.86,15.15,20.73,11.58,4.73,3.77,11.23,6.45,12.23,8.11,7.1,10.14,5.76,9.12,9.04,10.62,14.01,11.3,14.49,5.77,6.76,12.29,8.12,8.82,10.46,7.03,6.12,6.66,7.22,6.27,8.02,0.0,1.61,2.82,1.08,8.6,6.12,6.48,6.08,12.13,8.78,12.85,8.51,7.71,9.52,9.62,12.01,14.91,12.56,12.25,13.99,14.0,13.7,13.62,12.46,15.92,14.86,13.83,12.23,12.74,10.67,15.15,19.88,13.69,15.48,13.39,10.96,22.16,9.11,12.74,15.16,12.13,19.22,12.59,23.17,16.43,20.88,21.37,9.56,8.65,14.38,16.58,16.16,8.62,20.6,10.34,12.05,10.59,7.94,13.17,17.39,7.85,8.95,9.98,13.94,15.86,15.59,9.61,10.98,10.9,22.0,13.58,12.74,10.99,21.28,16.68,14.75,10.79,19.37,18.07,11.0,12.06,11.03,15.7,14.52,15.07,13.1,13.46,21.12,7.65,22.58,17.35,15.51,17.35,22.95,25.4,17.48,19.48,20.72,16.72,23.54,22.61,17.66,25.97,20.15,17.79,16.95,19.35,21.73,17.35,24.77,25.43,24.33,18.41,40.31,39.32
18.9,16.66,15.69,16.18,8.59,7.7,15.73,15.07,14.14,9.31,7.32,17.13,16.53,16.79,16.57,9.67,6.22,20.08,16.51,13.3,3.28,3.81,15.29,16.88,16.68,7.42,16.61,2.23,7.31,10.53,13.0,1.97,5.84,15.51,4.93,8.97,6.03,22.99,9.66,6.95,14.91,16.13,8.65,13.33,15.37,13.84,8.95,9.03,12.21,4.27,11.49,15.72,5.14,7.6,8.34,6.71,4.31,10.07,3.24,6.4,3.65,18.35,4.97,9.64,7.65,6.08,5.48,9.07,11.35,2.07,4.58,7.03,13.05,6.23,8.03,12.62,10.69,5.1,11.95,4.63,3.55,6.06,7.84,2.64,2.81,6.24,5.02,4.74,3.55,4.2,23.03,37.25,19.81,17.58,19.13,23.73,18.64,15.37,18.31,17.5,17.67,24.17,12.6,17.66,12.54,13.71,17.33,15.28,14.94,16.78,17.12,17.51,26.87,25.58,19.69,25.74,28.16,24.01,25.72,26.2,27.95,35.67,20.98,19.62,26.78,23.55,20.0,23.09,21.55,23.95,7.94,7.5,5.46,9.72,3.8,4.57,15.58,16.15,4.09,14.05,22.92,20.84,23.21,24.16,9.4,9.24,26.28,16.65,23.3,21.78,27.55,21.59,26.45,15.39,13.68,19.26,10.11,3.26,2.3,9.76,7.14,10.76,6.64,5.64,8.68,6.45,7.65,7.57,9.15,12.55,9.83,13.03,6.46,5.29,10.82,6.66,9.52,8.99,5.56,5.95,5.19,5.75,4.81,6.55,1.61,0.0,2.82,1.71,9.23,6.75,8.24,7.85,13.9,10.55,14.62,9.14,8.34,10.15,11.39,13.77,15.54,13.19,12.88,14.62,14.63,17.09,15.38,15.85,16.55,15.49,15.6,12.86,14.51,9.25,13.74,18.47,12.27,17.25,15.15,9.54,23.92,7.69,11.33,13.74,10.72,20.99,14.36,24.94,18.2,22.65,23.13,8.15,7.23,12.96,15.16,14.74,10.39,22.37,8.92,10.63,9.17,6.53,11.75,15.98,9.62,7.54,8.56,12.52,16.49,16.22,10.24,11.61,11.53,16.2,14.21,13.37,11.62,14.94,17.31,15.38,11.42,20.0,18.7,11.63,12.69,11.66,16.33,15.15,15.7,13.73,14.09,21.75,8.28,23.21,17.98,16.14,17.98,23.58,26.03,18.11,20.11,21.35,17.35,24.17,23.24,18.29,26.6,20.78,18.42,17.58,19.98,22.36,17.98,25.4,26.06,24.96,19.04,38.9,37.91
16.6,20.3,15.34,13.89,10.45,7.65,19.37,12.78,11.85,12.95,5.03,14.84,17.39,14.5,14.28,10.52,7.84,17.79,14.22,13.25,3.23,4.66,18.93,17.74,17.54,9.28,20.26,1.38,9.17,16.45,10.71,1.92,5.79,13.22,2.63,6.68,5.98,22.94,13.92,8.81,12.62,13.84,9.51,11.03,19.01,11.55,12.59,6.73,9.92,4.22,9.2,16.58,5.09,9.46,11.98,4.42,3.93,7.78,4.1,4.11,5.09,21.97,4.92,7.35,5.36,7.94,7.34,6.78,9.06,2.93,2.44,9.2,10.76,8.4,10.21,10.33,8.4,6.81,9.65,2.34,6.18,7.92,11.48,4.03,4.16,9.7,6.88,7.03,5.01,6.06,20.74,34.96,17.52,15.29,16.84,21.44,16.35,13.07,16.02,15.2,15.38,25.02,13.46,18.51,13.4,14.57,18.19,16.13,15.8,17.64,17.98,18.37,26.82,25.53,19.64,25.69,28.11,23.96,25.68,26.15,27.9,35.62,20.93,19.58,26.73,23.5,19.95,23.05,21.5,23.9,7.89,7.45,5.41,9.67,3.76,4.52,15.54,16.1,4.04,14.0,22.87,20.8,23.16,24.11,9.35,9.2,26.23,16.6,23.25,21.73,27.5,21.54,26.4,15.34,13.63,19.21,10.07,4.12,2.25,10.62,8.42,11.62,7.5,6.49,9.53,8.31,8.5,8.42,10.01,13.4,10.69,13.88,8.32,6.15,11.68,7.51,12.12,9.85,5.51,5.91,5.14,5.7,4.76,6.5,2.82,2.82,0.0,3.6,11.06,8.58,6.02,5.62,11.67,8.32,12.39,12.8,10.48,13.81,9.16,11.55,19.2,16.85,16.54,18.29,18.3,14.86,13.16,13.62,20.21,19.15,13.37,14.82,12.28,9.15,13.64,18.37,12.17,15.02,12.93,9.44,21.7,7.59,11.23,13.64,10.62,18.76,12.13,22.71,15.97,20.42,20.91,8.05,7.13,12.86,15.06,14.64,8.16,20.14,8.82,10.53,9.07,6.43,11.65,15.88,7.39,7.44,8.46,12.42,20.15,19.86,13.9,12.53,15.2,17.12,17.88,17.04,15.25,15.86,20.95,19.02,15.08,23.63,22.33,15.29,16.33,15.33,20.0,18.79,19.34,17.36,17.73,25.39,10.11,26.85,21.64,19.81,21.65,27.21,29.67,21.77,23.74,24.99,21.01,27.81,26.88,21.93,30.24,24.45,22.06,21.24,23.64,25.99,21.64,29.03,29.69,28.59,22.7,38.8,37.8
15.59,16.13,15.16,15.42,6.54,9.21,15.2,14.3,13.38,8.78,6.56,16.37,18.05,16.02,15.8,11.19,5.69,19.32,15.75,14.82,4.8,5.32,14.76,18.4,18.2,5.37,16.09,2.35,5.26,8.48,12.24,3.48,7.36,14.75,4.16,8.21,7.55,24.51,9.13,4.9,14.15,15.37,10.17,12.56,14.84,13.08,8.42,8.26,11.45,5.79,8.09,17.24,6.66,5.55,7.81,5.95,3.79,9.31,4.76,5.64,3.13,13.28,6.49,8.88,6.89,4.04,3.43,6.31,10.59,3.59,4.98,6.5,12.28,5.7,7.51,11.86,9.93,4.57,11.18,3.3,1.78,4.01,7.31,2.11,2.28,5.71,3.74,4.21,3.02,2.7,22.27,36.49,19.04,16.82,18.37,22.97,17.87,14.6,17.55,16.73,16.9,25.69,14.12,19.18,14.06,15.23,18.85,16.8,16.46,18.3,18.64,19.03,28.39,27.1,21.21,27.26,29.68,25.53,27.24,27.72,29.46,37.19,22.49,21.14,28.3,25.07,21.52,24.61,23.07,25.47,9.46,9.02,6.98,11.24,5.32,6.09,17.1,17.67,5.61,15.57,24.44,22.36,24.73,25.68,10.92,10.76,27.8,18.17,24.82,23.3,29.07,23.1,27.97,16.91,15.2,20.78,11.63,4.78,3.82,11.28,5.1,12.28,8.16,7.16,10.19,4.4,9.17,9.09,10.67,14.07,11.35,14.54,4.41,6.81,12.34,8.18,7.47,10.51,7.08,7.47,6.71,7.27,6.33,8.07,1.08,1.71,3.6,0.0,7.19,4.71,7.48,7.08,13.13,9.78,13.85,8.56,7.76,9.56,10.62,13.01,14.96,12.61,12.3,14.04,14.05,13.74,14.5,12.5,15.96,14.9,14.83,12.28,13.74,10.83,15.32,20.05,13.85,16.48,14.39,11.12,23.16,9.27,12.91,15.32,12.3,20.22,13.59,24.17,17.43,21.88,22.37,9.73,8.81,14.54,16.74,16.32,9.62,21.6,10.5,12.21,10.75,8.11,13.33,17.56,8.85,9.12,10.14,14.1,15.9,12.96,9.65,11.03,10.95,19.38,13.63,12.79,8.35,18.66,14.06,12.12,10.84,14.78,15.45,11.05,9.43,11.08,15.75,11.89,12.44,10.47,10.83,16.54,6.25,19.95,17.4,15.56,17.4,18.36,20.82,17.52,16.85,18.09,16.76,20.91,19.98,15.03,21.39,20.2,15.16,17.0,19.4,19.1,17.39,20.18,20.84,19.74,18.45,40.48,39.49
15.42,16.89,15.92,16.17,6.64,16.73,15.96,15.58,14.65,8.61,12.24,17.13,22.07,19.56,16.56,14.36,7.56,20.07,17.02,22.34,12.32,11.9,15.52,21.73,19.77,4.99,16.85,9.22,3.85,6.51,12.99,11.0,14.88,15.51,9.85,13.29,15.07,32.03,8.96,2.52,17.69,18.91,13.35,13.84,15.6,16.62,8.25,13.34,12.72,13.31,8.45,21.03,14.18,4.65,7.64,11.81,9.47,14.28,13.22,11.32,7.32,11.31,12.05,10.16,11.97,4.04,6.36,10.31,11.86,11.11,10.66,6.87,13.56,6.11,7.87,13.13,14.62,7.43,12.46,8.99,6.56,3.86,7.14,7.12,7.84,5.55,4.98,6.51,6.62,5.15,23.03,37.25,19.8,17.58,19.13,23.73,18.63,18.14,18.31,17.49,20.44,29.01,17.3,23.22,17.24,18.41,22.02,19.97,19.63,22.01,22.66,22.36,35.91,34.62,28.73,34.78,37.2,33.05,34.76,35.24,36.98,44.71,30.01,28.66,35.82,32.59,29.04,32.13,30.59,32.99,16.98,16.53,14.49,18.76,12.84,13.61,24.62,25.19,13.13,23.09,31.96,29.88,32.25,33.2,18.44,17.46,35.31,25.69,32.34,30.82,36.59,30.62,35.49,24.43,22.72,28.3,16.17,13.24,11.34,14.46,8.02,15.46,11.33,10.33,13.37,7.33,12.34,12.26,13.84,17.24,14.53,16.88,7.34,12.15,15.51,11.35,10.4,13.69,14.6,12.88,14.23,14.79,13.85,15.59,8.6,9.23,11.06,7.19,0.0,7.74,13.07,14.8,13.95,15.74,14.67,8.43,8.04,9.44,11.86,11.89,15.75,13.4,13.09,14.83,14.84,13.62,14.37,12.38,16.76,15.7,16.08,12.16,14.99,18.35,22.84,27.57,21.37,17.3,15.21,18.64,23.98,16.79,20.43,22.84,19.82,21.05,14.42,24.99,18.26,22.7,23.19,17.25,16.33,22.06,24.26,23.84,16.47,22.42,18.02,19.73,18.27,15.63,20.85,25.08,14.45,16.64,17.66,21.62,16.7,10.96,9.53,10.91,11.74,17.38,14.42,13.58,6.35,16.66,12.06,10.12,11.12,12.78,13.44,10.28,7.43,10.96,16.54,9.89,10.44,8.46,8.83,14.54,1.04,17.95,14.51,16.35,15.16,16.36,18.82,18.32,14.85,16.09,17.56,18.91,17.98,13.03,19.39,18.28,13.16,17.79,20.19,17.1,15.56,18.18,18.84,17.74,19.25,54.38,51.95
15.65,16.19,15.22,16.4,5.91,15.32,15.26,15.81,14.88,8.84,9.76,17.36,16.86,19.79,16.79,10.0,6.75,20.3,17.25,19.88,9.83,7.54,14.82,17.22,17.02,4.74,16.15,6.73,5.76,8.98,13.22,8.52,12.4,15.74,7.36,9.49,12.59,29.55,9.19,5.4,17.92,19.14,8.99,14.07,14.9,16.85,8.48,9.55,12.95,10.34,8.68,16.05,11.69,6.05,7.87,7.35,6.99,10.59,8.86,8.84,4.84,13.78,9.57,10.39,8.17,4.54,1.49,7.37,12.09,9.3,8.18,7.1,13.79,6.34,8.1,13.36,11.21,6.07,12.69,6.51,4.08,4.51,7.37,4.64,5.36,5.78,4.24,5.27,4.14,3.63,23.26,37.47,20.03,17.81,19.36,23.96,18.86,18.37,18.54,17.72,20.67,24.5,12.94,17.99,12.88,14.05,17.66,15.61,15.27,17.11,17.45,17.85,33.43,32.13,26.24,32.29,34.71,30.57,32.28,32.75,34.5,42.23,27.53,26.18,33.33,30.1,26.55,29.65,28.1,30.5,14.51,14.05,12.15,16.3,10.36,11.27,22.14,22.7,10.65,20.6,29.48,27.4,29.76,30.72,15.95,13.1,32.83,23.2,29.86,28.34,34.1,28.14,33.0,21.94,20.26,25.82,11.81,8.88,8.86,10.1,3.66,11.1,6.97,5.97,9.01,2.97,7.98,7.9,9.48,12.88,10.17,13.36,2.98,7.79,11.15,6.99,2.72,9.33,12.11,10.39,11.74,12.31,11.36,13.1,6.12,6.75,8.58,4.71,7.74,0.0,8.71,10.31,14.22,11.01,14.94,8.7,8.31,9.71,12.13,12.16,15.1,12.76,12.45,14.19,14.2,13.89,14.64,12.65,16.11,15.05,16.34,12.43,15.26,15.86,20.35,25.08,18.88,17.57,15.48,16.15,24.25,14.3,17.94,20.35,17.33,21.32,14.68,25.26,18.53,22.97,23.46,14.76,13.84,19.57,21.77,21.35,12.1,22.69,15.53,17.24,15.78,13.14,18.36,22.59,10.09,14.15,15.17,19.13,16.05,13.45,9.8,11.18,11.1,16.63,13.78,12.94,8.84,15.36,14.55,12.61,10.98,15.27,15.93,11.19,9.92,11.23,15.9,12.38,12.93,10.95,11.32,17.03,6.73,20.44,17.54,15.71,17.55,18.85,21.3,17.67,17.33,18.58,16.91,21.4,20.47,15.52,21.87,20.35,15.65,17.14,19.54,19.59,17.54,20.67,21.33,20.23,18.6,45.5,52.22
13.58,17.27,12.31,10.86,9.76,13.07,16.34,9.75,8.82,9.93,7.2,11.82,22.81,11.47,11.25,15.95,4.82,14.76,11.19,18.68,8.65,10.09,15.91,27.67,25.71,8.58,17.23,5.04,8.17,13.43,7.68,7.34,11.22,10.19,4.8,2.55,11.41,28.37,10.9,10.73,9.6,10.82,14.93,8.01,15.98,8.53,9.56,2.6,6.9,9.65,6.17,22.0,8.12,9.66,8.95,2.32,5.98,3.65,9.52,6.28,5.09,18.94,7.01,4.33,1.28,6.95,7.39,3.76,6.04,8.35,5.62,6.18,7.73,5.37,7.18,7.3,4.27,3.78,6.63,4.39,7.17,9.68,8.45,5.74,6.21,6.67,5.51,4.01,4.96,6.11,17.71,31.93,14.49,12.26,13.82,18.42,13.32,10.05,12.99,12.18,12.35,34.95,18.88,23.94,18.83,19.99,23.61,21.56,21.22,23.06,23.4,28.29,32.25,30.95,25.06,31.11,33.53,29.39,31.1,31.57,33.32,41.05,26.35,25.0,32.15,28.92,25.37,28.47,26.92,29.32,13.31,12.87,10.83,15.1,9.18,9.94,20.96,21.52,9.47,19.42,28.3,26.22,28.58,29.54,14.77,14.62,31.65,22.02,28.68,27.16,32.92,26.96,31.82,20.76,19.06,24.64,15.49,9.54,7.68,16.04,9.05,17.04,12.92,11.92,14.96,8.36,13.93,13.85,15.43,18.83,16.11,22.82,8.37,11.58,17.1,12.94,11.43,15.27,10.93,7.83,10.56,11.13,10.18,11.92,6.48,8.24,6.02,7.48,13.07,8.71,0.0,3.55,5.83,4.13,6.55,9.86,7.54,10.87,6.22,8.61,16.26,13.91,13.6,15.35,15.36,11.92,10.22,10.68,17.27,16.21,10.43,11.88,9.34,14.51,19.0,23.73,17.53,12.08,7.08,14.8,18.76,12.95,16.59,19.0,15.98,15.82,9.19,19.77,13.03,17.48,17.97,13.41,12.49,18.22,20.42,20.0,5.22,17.2,14.18,15.89,14.43,11.79,17.01,21.24,3.2,12.8,13.82,17.78,17.21,16.92,10.96,9.59,12.26,23.33,14.94,14.1,12.31,22.61,18.01,16.08,12.14,20.69,19.39,12.35,13.39,12.39,17.06,15.85,16.4,14.42,14.79,22.45,11.62,23.91,18.7,16.87,18.71,24.27,26.73,18.83,20.8,22.05,18.07,24.87,23.94,18.99,27.3,21.51,19.12,18.3,20.7,23.05,18.7,26.09,26.75,25.65,19.76,49.15,46.72
15.3,19.0,14.04,9.31,12.11,12.67,18.07,12.86,11.55,11.65,3.52,10.26,22.41,12.7,9.7,15.55,6.54,13.48,14.31,18.28,5.24,9.69,17.63,22.77,27.43,10.93,18.96,4.64,9.9,15.15,5.59,6.94,10.82,8.64,3.54,2.55,11.01,23.91,12.62,12.46,10.82,12.04,14.54,9.73,17.71,9.75,11.29,1.6,8.62,9.25,7.9,21.6,4.44,11.39,10.68,4.04,5.58,3.65,9.13,2.6,6.74,20.67,3.55,6.05,2.55,8.67,8.99,5.48,7.76,7.95,3.53,7.9,9.46,7.1,8.91,9.03,4.27,5.51,8.35,3.99,8.78,11.4,10.18,6.61,5.81,8.4,7.23,5.73,6.66,7.71,16.43,30.65,13.21,10.98,12.53,17.13,12.04,11.28,11.44,10.63,13.58,30.05,18.48,23.54,18.43,19.6,23.21,21.16,20.82,22.66,23.0,23.4,27.79,26.5,20.61,26.66,29.08,24.94,26.65,27.12,28.87,36.59,21.9,20.55,27.7,24.47,20.92,24.02,22.47,24.87,12.91,12.47,10.43,14.7,8.78,9.55,20.56,21.12,9.07,19.02,27.9,25.82,28.19,29.14,14.38,14.22,31.25,21.62,28.28,26.76,32.52,26.56,31.42,20.37,18.66,24.24,15.09,9.15,7.28,15.64,10.66,16.64,12.52,11.52,14.56,9.97,13.53,13.45,15.03,18.43,15.72,24.54,9.98,11.18,16.7,12.54,13.03,14.87,6.48,4.37,6.11,10.73,5.73,7.47,6.08,7.85,5.62,7.08,14.8,10.31,3.55,0.0,5.86,4.16,6.58,11.54,9.21,12.55,7.9,10.28,17.94,15.59,15.28,17.02,17.03,13.6,11.89,12.36,18.95,17.89,13.4,13.56,11.02,10.18,14.66,19.39,13.2,8.6,7.12,10.47,17.5,8.62,12.25,14.67,11.64,12.35,7.82,18.51,9.56,14.0,16.71,9.07,8.16,13.89,16.09,15.67,3.02,13.72,9.85,11.56,10.1,7.45,12.68,16.9,2.98,8.46,9.49,13.45,18.89,18.6,12.64,11.26,13.93,25.0,16.62,15.78,13.99,24.28,19.68,17.75,13.82,22.37,21.07,14.03,15.06,14.06,18.74,17.52,18.07,16.1,16.47,24.13,13.29,25.58,20.38,18.54,20.38,25.95,28.4,20.51,22.48,23.72,19.75,26.54,25.62,20.66,28.97,23.18,20.8,19.98,22.38,24.73,20.38,27.77,28.43,27.33,21.44,39.82,38.83
12.45,13.7,11.19,5.15,14.9,18.72,12.76,8.7,7.39,10.81,8.91,6.1,28.88,8.53,5.53,27.34,6.32,6.91,10.14,24.33,14.31,15.74,16.79,28.55,26.59,13.73,18.11,10.69,12.61,14.31,1.96,12.99,16.87,4.48,10.46,3.55,17.06,33.11,11.78,11.61,6.66,7.88,19.89,6.88,16.86,5.59,10.44,4.96,7.78,15.3,7.47,27.85,9.83,10.54,9.83,7.97,11.63,2.56,15.18,7.99,10.74,19.82,8.93,5.63,5.1,11.74,12.9,5.26,7.34,14.01,11.27,9.08,5.68,8.1,9.3,6.18,2.08,9.43,4.84,10.04,13.1,10.56,9.34,11.4,11.86,9.76,9.97,7.72,10.61,11.44,10.04,24.26,6.64,4.41,5.97,10.57,5.47,7.11,7.28,6.46,9.41,35.83,23.84,30.04,23.78,24.95,31.23,26.51,26.18,28.83,29.47,29.17,34.65,35.7,30.71,33.52,35.94,34.14,35.85,33.98,35.73,43.45,32.84,30.65,34.56,31.84,31.02,30.35,33.87,32.06,18.96,18.52,16.48,20.75,14.83,15.6,26.61,27.17,15.12,25.07,33.95,31.87,34.24,35.19,20.43,20.27,37.3,27.67,34.33,32.81,38.57,32.61,37.48,26.42,24.71,30.29,21.14,15.2,13.33,21.0,14.56,28.43,17.87,16.87,19.91,13.87,18.88,18.8,20.38,26.79,21.07,23.7,13.88,17.23,26.89,17.89,16.94,20.23,16.59,9.76,16.22,16.78,15.83,17.57,12.13,13.9,11.67,13.13,13.95,14.22,5.83,5.86,0.0,2.94,1.67,10.99,9.44,12.0,6.13,7.45,17.39,15.05,14.74,16.48,16.49,10.76,9.05,9.52,13.62,13.26,9.26,10.72,8.18,19.97,24.46,29.18,22.99,2.74,1.26,20.26,11.22,18.41,22.04,24.46,21.43,6.48,3.68,12.23,3.69,8.14,9.99,18.86,17.95,23.68,25.88,15.54,7.51,7.86,19.64,21.35,19.89,17.24,22.47,26.7,3.97,18.25,19.28,23.24,18.34,18.05,12.09,8.43,13.39,24.46,11.98,15.23,13.44,23.74,19.14,17.21,13.27,21.82,20.53,13.48,14.52,13.52,18.19,16.98,17.53,15.55,15.92,23.58,12.75,25.04,19.83,18.0,19.84,25.41,27.86,19.96,21.93,23.18,19.2,26.0,25.07,20.12,28.43,22.64,20.25,19.43,21.84,24.19,19.83,27.22,27.89,26.79,20.89,41.61,39.18
14.24,15.48,12.97,6.93,12.06,15.37,14.55,10.48,9.17,12.59,7.21,7.88,30.67,10.32,7.32,18.25,7.12,9.85,11.92,20.98,10.96,12.39,18.57,30.33,28.37,10.88,19.89,7.34,10.47,16.09,3.75,9.64,13.52,6.26,7.11,2.06,13.71,27.6,13.56,13.4,8.44,9.66,17.24,8.67,18.65,7.37,12.23,3.26,9.56,11.95,8.48,29.63,8.13,12.32,11.62,4.62,8.28,2.27,11.83,6.29,7.39,21.6,7.23,6.63,3.4,9.25,9.69,6.06,8.34,10.66,7.21,8.48,7.47,7.67,9.48,7.96,1.13,6.08,6.62,6.7,9.48,12.34,11.12,8.05,8.51,11.54,7.81,6.31,7.26,8.41,12.98,27.2,9.58,7.36,8.91,13.51,8.41,8.89,9.06,8.25,11.2,37.61,21.19,26.24,21.13,22.3,25.91,23.86,23.52,30.61,31.26,30.96,31.48,30.19,24.3,30.35,32.77,28.62,30.33,30.81,32.55,40.28,25.58,24.23,31.39,28.16,24.61,33.3,26.16,35.0,15.61,15.17,13.13,17.4,11.48,12.25,23.26,23.82,11.77,21.72,30.6,28.52,30.89,31.84,17.08,16.92,33.95,24.33,30.98,29.46,35.23,29.26,34.13,23.07,21.36,26.94,17.79,11.85,9.98,18.35,11.36,19.35,15.22,14.22,17.26,10.66,16.23,16.15,17.73,21.13,18.42,25.48,10.67,13.88,19.4,15.24,13.73,17.58,10.17,8.06,9.8,13.43,9.42,11.16,8.78,10.55,8.32,9.78,15.74,11.01,4.13,4.16,2.94,0.0,3.65,12.77,9.85,13.77,7.9,9.22,19.17,16.82,16.51,18.25,18.26,12.53,10.83,11.29,15.39,15.03,11.03,12.49,9.95,13.84,18.32,23.05,16.85,5.67,4.19,14.13,14.15,12.28,15.91,18.33,15.3,9.41,5.45,15.16,6.62,11.07,12.92,12.73,11.82,17.55,19.75,19.33,5.8,10.79,13.51,15.22,13.76,11.11,16.34,20.56,1.03,12.12,13.14,17.11,20.11,19.82,13.86,10.2,15.16,26.23,13.76,17.0,15.21,25.51,20.91,18.98,15.05,23.59,22.3,15.26,16.29,15.29,19.96,18.75,19.3,17.33,17.69,25.35,14.52,26.81,21.61,19.77,21.61,27.18,29.63,21.73,23.71,24.95,20.98,27.77,26.84,21.89,30.2,24.41,22.02,21.21,23.61,25.96,21.6,29.0,29.66,28.56,22.66,44.54,42.11
13.17,14.41,11.91,5.86,15.62,19.44,13.48,9.42,8.11,11.52,9.63,6.82,29.6,9.25,6.25,28.06,7.04,8.58,10.86,25.05,15.02,16.46,17.51,29.26,27.31,14.45,18.83,11.41,13.33,15.03,2.68,13.71,17.59,5.2,11.17,4.27,17.78,34.78,12.5,12.33,7.38,8.6,20.61,7.6,17.58,6.31,11.16,5.68,8.49,16.02,8.19,28.57,10.55,11.26,10.55,8.69,12.35,3.27,15.9,8.71,11.46,20.54,9.65,6.35,5.81,12.46,13.62,5.98,8.05,14.72,11.99,9.8,6.4,8.81,10.02,6.9,2.8,10.15,5.56,10.76,13.82,11.27,10.05,12.11,12.58,10.47,10.69,8.44,11.33,12.16,11.71,25.93,8.31,6.09,7.64,12.24,7.14,7.83,8.0,7.18,10.13,36.55,24.56,30.76,24.5,25.67,31.95,27.23,26.89,29.55,30.19,29.89,36.33,37.37,31.43,35.19,37.61,35.81,37.52,35.65,37.4,45.12,34.51,31.37,36.23,33.51,31.74,32.02,35.55,33.73,19.68,19.24,17.2,21.47,15.55,16.32,27.33,27.89,15.84,25.79,34.67,32.59,34.96,35.91,21.15,20.99,38.02,28.39,35.05,33.53,39.29,33.33,38.19,27.14,25.43,31.01,21.86,15.92,14.05,21.72,15.28,29.15,18.59,17.59,20.63,14.59,19.6,19.52,21.1,27.51,21.79,24.42,14.6,17.95,27.61,18.61,17.66,20.95,17.3,10.47,16.93,17.5,16.55,18.29,12.85,14.62,12.39,13.85,14.67,14.94,6.55,6.58,1.67,3.65,0.0,11.71,10.15,12.72,6.85,8.16,18.11,15.76,15.46,17.2,17.21,11.48,9.77,10.24,14.33,13.98,9.98,11.44,8.9,20.69,25.17,29.9,23.71,4.41,2.93,20.98,12.89,19.13,22.76,25.18,22.15,8.15,4.4,13.9,5.37,9.81,11.66,19.58,18.67,24.4,26.6,17.21,8.23,9.53,20.36,22.07,20.61,17.96,23.19,27.41,4.69,18.97,20.0,23.96,19.06,18.77,12.81,9.14,14.11,25.18,12.7,15.95,14.16,24.46,19.86,17.93,13.99,22.54,21.24,14.2,15.24,14.24,18.91,17.7,18.25,16.27,16.64,24.3,13.47,25.76,20.55,18.72,20.56,26.12,28.58,20.68,22.65,23.9,19.92,26.72,25.79,20.84,29.15,23.36,20.97,20.15,22.55,24.9,20.55,27.94,28.6,27.5,21.61,43.28,40.85
10.43,8.93,7.96,13.47,9.38,19.86,8.0,10.74,9.81,2.61,13.98,14.43,23.4,16.86,13.86,15.38,6.25,17.37,12.18,25.46,15.44,12.92,7.56,23.06,21.1,8.21,8.89,11.83,7.1,8.82,10.29,14.13,18.0,12.8,11.59,10.59,18.19,35.15,6.26,6.09,14.99,16.21,14.37,8.2,7.64,13.92,1.22,10.64,10.02,16.43,7.15,22.36,14.91,5.02,1.64,9.1,12.77,11.58,14.25,13.06,7.24,10.8,13.8,7.45,9.27,6.22,7.38,7.61,9.16,15.14,12.4,5.56,8.72,4.8,6.56,6.82,11.91,6.6,9.75,11.18,7.58,5.04,2.14,7.03,7.75,4.24,4.46,5.27,6.53,5.93,20.32,34.54,17.1,14.87,16.43,21.03,15.93,15.44,15.6,14.79,17.74,30.34,18.32,24.55,18.26,19.43,25.74,20.99,20.66,23.34,23.98,23.69,39.03,37.74,31.85,37.9,40.32,36.17,37.88,38.36,40.11,47.83,33.14,31.78,38.94,35.71,32.16,40.64,33.71,36.11,20.1,19.66,17.62,21.88,15.97,16.73,27.75,28.31,16.25,26.21,35.08,33.0,35.37,36.32,21.56,21.41,38.44,28.81,35.46,33.94,39.71,33.75,38.61,27.55,25.84,31.42,17.19,16.33,14.46,15.48,9.05,16.48,12.36,11.35,14.39,8.35,13.36,13.28,14.87,21.3,15.55,18.21,8.37,13.17,21.4,12.37,11.42,14.71,17.72,14.62,17.35,17.91,16.97,18.71,8.51,9.14,12.8,8.56,8.43,8.7,9.86,11.54,10.99,12.77,11.71,0.0,4.27,2.51,8.63,5.56,7.9,5.55,5.24,6.98,6.99,9.34,8.05,6.06,8.91,7.85,12.84,5.83,9.16,21.43,25.91,30.64,24.44,14.07,11.98,21.72,20.75,19.87,23.5,25.92,22.89,17.81,11.18,21.76,15.02,19.47,19.96,20.32,19.41,25.13,27.34,26.92,13.23,19.19,21.1,22.81,21.35,18.7,23.93,28.15,11.22,19.71,20.73,24.7,8.85,10.43,2.6,4.58,3.89,19.32,6.57,5.73,8.3,18.6,10.51,6.38,3.78,12.25,15.39,3.99,6.9,4.02,8.69,9.36,9.91,7.94,5.44,14.01,7.58,17.42,10.34,8.5,10.34,15.83,18.29,10.47,14.32,15.56,9.71,18.38,17.46,12.5,18.86,13.14,10.96,9.94,12.34,12.75,10.34,17.65,18.32,17.22,11.4,51.15,48.71
6.95,8.19,5.69,7.54,8.99,17.53,7.26,7.11,6.18,1.67,11.66,8.49,24.84,8.82,7.93,14.99,3.57,15.81,8.55,23.14,13.11,12.54,10.34,24.51,22.55,7.82,11.66,9.5,6.71,10.27,8.73,11.8,15.68,5.1,9.26,8.27,15.87,32.83,7.08,5.7,6.95,8.17,13.98,5.02,10.42,5.88,4.0,8.32,7.37,14.11,1.89,23.81,12.58,4.63,2.64,6.78,8.1,8.06,11.4,10.74,5.58,15.78,11.47,3.49,6.94,5.83,6.99,4.35,3.39,10.23,10.08,1.47,5.09,2.68,1.69,3.65,9.03,4.94,3.98,8.85,7.19,4.65,3.91,6.24,6.47,3.22,4.07,3.77,5.45,5.54,18.77,32.98,15.54,13.32,14.87,19.47,14.37,7.4,9.67,8.85,9.7,31.79,17.93,26.0,17.87,19.04,22.66,20.6,20.27,24.79,25.43,25.14,36.71,35.42,29.52,35.57,38.0,33.85,35.56,36.03,37.78,45.51,30.81,29.46,36.61,33.39,29.83,32.93,31.38,33.78,17.77,17.33,15.29,19.56,13.64,14.41,25.42,25.98,13.93,23.88,32.76,30.68,33.05,34.0,19.24,19.08,36.11,26.48,33.14,31.62,37.38,31.42,36.28,25.22,23.52,29.1,16.8,11.42,12.14,15.09,8.66,16.09,11.97,10.96,14.0,7.97,12.97,12.89,14.48,17.87,15.16,19.66,7.98,12.78,16.15,11.98,11.03,14.32,15.39,12.29,15.02,15.59,14.64,16.38,7.71,8.34,10.48,7.76,8.04,8.31,7.54,9.21,9.44,9.85,10.15,4.27,0.0,5.29,3.45,2.39,10.68,8.33,8.02,9.77,9.78,5.25,6.0,4.01,8.11,7.75,7.67,5.21,6.23,19.0,23.48,28.21,22.02,12.51,10.41,19.29,19.18,17.44,21.07,23.49,20.46,16.25,5.52,20.2,13.46,17.91,18.39,17.89,16.98,22.71,24.91,24.49,10.81,17.63,18.67,20.38,18.92,16.27,21.5,25.72,8.79,17.28,18.31,22.27,11.63,13.88,5.38,2.92,6.41,20.29,6.47,8.52,9.28,19.57,14.97,9.17,6.56,17.66,16.36,6.77,10.35,6.8,11.48,12.81,13.36,11.39,8.22,19.41,7.16,20.87,13.12,11.28,13.13,21.24,23.69,13.25,17.77,19.01,12.49,21.83,20.9,15.95,24.26,15.93,13.75,12.72,15.12,15.54,13.12,23.06,23.72,22.62,14.18,49.58,47.15
9.27,7.77,6.8,14.48,10.39,20.86,6.84,11.81,10.88,3.62,14.99,15.43,24.4,13.37,14.87,16.39,7.25,18.38,13.25,26.47,16.45,13.93,6.4,24.06,22.11,9.22,7.72,12.83,8.1,9.83,11.3,15.13,19.01,13.81,12.6,11.6,19.2,36.16,7.27,7.1,12.21,12.71,15.38,9.27,6.48,11.14,1.46,11.65,11.03,17.44,8.15,23.37,15.91,6.03,2.64,10.11,13.77,12.58,15.25,14.07,8.24,9.63,14.8,8.46,10.28,7.23,8.39,8.62,10.17,16.14,13.41,6.57,9.79,5.81,7.57,7.89,12.92,7.61,9.24,12.18,8.59,6.04,3.15,8.04,8.76,5.24,5.46,6.27,7.54,6.93,21.33,35.55,18.11,15.88,17.43,22.03,16.94,12.66,16.61,15.8,14.25,31.35,19.33,25.56,19.27,20.44,26.75,22.0,21.66,24.35,24.99,24.69,40.04,38.75,32.85,38.91,41.33,37.18,38.89,39.37,41.11,48.84,34.14,32.79,39.95,36.72,33.16,41.65,34.71,37.11,21.1,20.66,18.62,22.89,16.97,17.74,28.75,29.31,17.26,27.21,36.09,34.01,36.38,37.33,22.57,22.41,39.44,29.81,36.47,34.95,40.71,34.75,39.62,28.56,26.85,32.43,18.2,17.34,15.47,16.49,10.05,17.49,13.36,12.36,15.4,9.36,14.37,14.29,15.87,22.31,16.56,19.22,9.37,14.18,22.41,13.38,12.43,15.72,18.73,15.62,18.36,18.92,17.97,19.71,9.52,10.15,13.81,9.56,9.44,9.71,10.87,12.55,12.0,13.77,12.72,2.51,5.29,0.0,9.64,6.7,6.73,4.39,4.08,5.82,5.83,8.18,9.18,7.19,7.74,6.68,12.44,5.61,10.29,22.43,26.92,31.65,25.45,15.08,12.98,22.72,21.75,20.87,24.51,26.92,23.9,18.82,12.19,22.77,16.03,20.48,20.96,21.33,20.41,26.14,28.34,27.92,14.24,20.2,22.1,23.81,22.35,19.71,24.93,29.16,12.22,20.72,21.74,25.7,7.68,9.27,1.43,5.72,2.73,20.33,5.41,4.57,7.28,19.61,9.35,5.22,2.61,11.09,11.46,2.82,5.74,2.86,7.53,8.2,8.75,6.77,4.27,12.85,8.59,16.26,9.17,7.34,9.18,14.67,17.12,9.3,13.15,14.4,8.54,17.22,16.29,11.34,17.69,11.98,9.8,8.77,11.18,11.59,9.17,16.49,17.15,16.05,10.23,52.15,49.72
8.24,9.49,6.98,4.85,12.81,16.21,8.55,4.42,3.49,4.73,10.34,5.8,26.79,6.13,5.24,25.25,5.03,12.9,5.86,21.82,11.8,13.23,12.18,26.46,24.5,11.64,13.5,8.18,10.52,12.22,5.43,10.48,14.36,2.41,7.95,6.95,14.55,31.51,9.69,9.52,4.26,5.48,17.8,2.67,12.25,3.19,8.35,7.0,5.69,12.79,1.77,25.76,11.26,8.45,7.74,5.46,9.12,6.71,12.67,9.42,7.49,17.73,10.15,1.8,5.63,9.65,10.81,3.97,1.63,11.49,8.76,3.38,2.4,4.59,3.6,1.97,7.05,6.92,1.29,7.53,11.01,8.47,7.24,8.15,9.35,5.13,7.88,5.68,7.36,9.35,15.85,30.07,12.62,10.4,11.95,16.55,11.45,4.71,6.98,6.16,7.01,33.74,21.75,27.95,21.69,22.86,29.14,24.42,24.09,26.74,27.38,27.08,35.39,34.1,28.2,34.26,36.68,32.53,34.24,34.72,36.46,44.19,29.49,28.14,35.3,32.07,28.51,36.16,30.06,32.46,16.45,16.01,13.97,18.24,12.32,13.09,24.1,24.66,12.61,22.56,31.44,29.36,31.73,32.68,17.92,17.76,34.79,25.16,31.82,30.3,36.06,30.1,34.96,23.91,22.2,27.78,18.63,12.69,10.82,18.91,12.47,26.34,15.78,14.78,17.82,11.78,16.79,16.71,18.29,24.7,18.98,21.61,11.79,14.72,24.8,15.8,14.85,18.14,14.07,10.97,13.71,14.27,13.32,15.06,9.62,11.39,9.16,10.62,11.86,12.13,6.22,7.9,6.13,7.9,6.85,8.63,3.45,9.64,0.0,3.19,12.53,10.18,9.87,11.62,11.63,6.5,4.8,5.26,9.36,9.0,5.01,6.46,3.93,17.65,22.13,26.86,20.66,10.71,8.62,17.94,17.39,16.09,19.72,22.14,19.11,14.45,2.86,18.4,11.67,16.11,16.6,16.54,15.63,21.36,23.56,23.14,9.46,15.83,17.32,19.03,17.57,14.92,20.15,24.37,7.44,15.93,16.95,20.92,13.48,16.24,8.39,4.17,7.66,22.65,7.73,10.37,11.64,21.93,17.33,11.02,9.5,20.02,18.72,8.62,12.71,11.71,13.33,15.17,15.72,13.75,10.07,21.77,10.94,23.23,14.97,13.13,14.98,23.6,26.05,15.1,20.13,21.37,14.34,24.19,23.26,18.31,26.62,17.78,15.6,14.57,16.97,17.39,14.97,25.42,26.08,24.98,16.03,47.79,45.36
5.02,6.26,3.75,6.16,12.84,18.6,5.33,5.18,4.25,2.75,12.73,7.12,24.58,6.73,6.55,23.04,7.42,14.21,6.62,24.21,14.18,15.62,8.95,24.25,22.29,11.66,10.27,10.57,10.55,12.27,6.74,12.87,16.75,3.72,10.33,9.33,16.94,33.89,9.71,9.55,5.57,6.08,17.83,2.64,9.03,4.5,6.81,9.39,8.07,15.18,4.16,23.55,13.65,8.48,5.09,7.85,11.51,8.03,15.05,11.81,7.97,12.18,12.54,4.19,8.01,9.68,10.83,6.36,4.02,13.88,11.15,3.86,3.16,5.07,4.08,1.26,8.37,9.31,2.61,9.92,11.04,8.49,5.6,8.63,11.74,7.69,7.91,6.16,7.84,9.38,17.16,31.38,13.94,11.71,13.26,17.86,12.77,6.03,8.29,7.48,7.61,31.53,21.77,25.74,21.72,22.89,26.93,24.45,24.11,24.53,25.17,24.87,41.78,36.48,30.59,40.65,43.07,34.92,36.63,41.11,42.85,50.58,31.88,30.53,41.69,34.45,30.9,37.48,32.45,39.18,18.84,18.4,16.36,20.63,14.71,15.47,26.49,27.05,15.0,24.95,33.83,31.75,34.11,35.07,20.3,20.15,37.18,27.55,34.21,32.69,38.45,32.49,37.35,26.29,24.58,30.17,21.02,15.07,13.2,18.93,12.5,24.13,15.81,14.81,17.85,11.81,16.82,16.74,18.32,22.49,19.01,19.4,11.82,16.63,22.59,15.83,14.88,18.16,16.46,13.36,16.09,16.66,15.71,17.45,12.01,13.77,11.55,13.01,11.89,12.16,8.61,10.28,7.45,9.22,8.16,5.56,2.39,6.7,3.19,0.0,9.34,6.99,6.68,8.43,8.44,3.31,4.07,2.07,6.17,5.81,5.74,3.27,3.84,20.15,24.63,29.36,23.16,10.91,8.69,20.44,17.58,18.59,22.22,24.64,21.61,14.65,4.11,18.6,11.86,16.31,16.79,19.04,18.13,23.86,26.06,25.64,11.96,16.03,19.82,21.53,20.07,17.42,22.65,26.87,9.94,18.43,19.45,23.42,10.29,11.88,5.2,0.98,4.47,19.99,4.54,7.18,9.89,19.27,11.96,7.83,6.31,13.7,14.07,5.43,8.35,7.49,10.14,10.81,11.36,9.38,6.88,15.45,11.04,18.87,11.78,9.95,11.79,17.28,19.73,11.91,15.76,17.01,11.15,19.83,18.9,13.95,20.3,14.59,12.41,11.38,13.78,14.2,11.78,19.1,19.76,18.66,12.84,47.98,45.55
11.98,10.48,9.51,15.5,15.78,26.26,9.55,14.52,13.59,9.01,20.38,16.46,24.62,16.08,15.89,23.07,12.65,23.77,15.96,31.86,21.84,19.32,4.24,24.28,22.33,14.61,1.52,18.23,14.41,12.89,16.69,20.53,24.4,13.07,17.99,16.99,24.59,41.55,12.66,13.41,14.92,15.43,20.77,11.98,2.45,13.85,6.85,17.04,16.42,22.83,13.5,23.59,21.31,11.42,8.04,15.5,19.17,17.98,20.65,19.46,13.64,9.89,20.2,13.85,15.67,12.62,13.78,14.01,13.36,21.54,18.8,11.96,12.5,11.2,12.96,10.6,18.31,13.0,11.95,17.58,13.98,11.44,8.54,13.43,14.15,10.64,10.86,11.67,12.93,12.33,26.72,40.94,23.5,21.27,22.83,27.43,22.33,15.37,17.64,16.82,16.96,31.57,24.72,25.78,24.66,25.83,26.97,28.16,27.06,24.56,25.21,24.91,45.43,44.14,38.25,44.3,46.72,42.57,44.28,44.76,46.51,54.23,39.54,38.18,45.34,42.11,38.56,47.04,40.11,42.51,26.5,26.06,24.02,28.28,22.37,23.13,34.15,34.71,22.65,32.61,41.48,39.4,41.77,42.72,27.96,27.8,44.84,35.21,41.86,40.34,46.11,40.15,45.01,33.95,32.24,37.82,23.59,22.73,20.86,21.88,15.45,24.17,18.76,17.75,20.79,14.75,19.76,19.68,21.27,22.53,21.95,19.44,14.76,19.57,22.62,18.77,17.82,21.11,24.12,21.02,23.75,24.31,23.37,25.11,14.91,15.54,19.2,14.96,15.75,15.1,16.26,17.94,17.39,19.17,18.11,7.9,10.68,6.73,12.53,9.34,0.0,2.84,3.52,3.39,1.17,10.75,11.76,9.76,10.32,9.26,15.02,8.18,12.87,27.81,32.3,37.03,30.83,20.46,18.37,28.1,27.14,26.25,29.89,32.3,29.28,24.2,13.38,28.15,21.41,25.86,26.35,26.71,25.79,31.52,33.72,33.3,19.62,25.58,27.48,29.19,27.73,25.09,30.31,34.54,17.6,26.1,27.12,31.08,5.25,7.96,5.29,8.29,4.79,20.08,7.99,4.02,9.98,19.36,12.05,7.92,6.4,13.79,14.16,5.52,8.44,7.58,5.1,10.9,8.58,9.47,6.97,15.54,14.9,9.09,4.51,2.67,4.52,10.5,12.14,4.64,8.43,9.68,2.21,10.06,11.49,6.54,17.41,7.32,5.14,2.44,6.51,6.92,4.51,16.21,12.17,11.07,5.57,57.53,55.1
9.63,8.13,7.16,13.16,13.43,23.91,7.2,12.17,11.25,6.66,18.03,14.11,22.27,13.73,13.54,20.73,10.3,21.42,13.61,29.52,19.49,16.98,2.52,21.94,19.98,12.26,3.84,15.88,12.06,10.54,14.34,18.18,22.06,10.72,15.64,14.64,22.25,39.2,10.31,11.06,12.57,13.08,18.42,9.63,2.59,11.5,4.5,14.69,14.07,20.48,11.15,21.24,18.96,9.07,5.69,13.16,16.82,15.63,18.3,17.11,11.29,9.87,17.85,11.51,13.32,10.27,11.43,11.66,11.01,19.19,16.46,9.61,10.15,8.85,10.62,8.25,15.97,10.65,9.6,15.23,11.63,9.09,6.19,11.09,11.8,8.29,8.51,9.32,10.58,9.98,24.38,38.6,21.15,18.93,20.48,25.08,19.98,13.02,15.29,14.47,14.61,29.22,22.37,23.43,22.31,23.48,24.62,25.81,24.71,22.22,22.86,22.56,43.08,41.79,35.9,41.95,44.37,40.22,41.94,42.41,44.16,51.88,37.19,35.84,42.99,39.76,36.21,44.69,37.76,40.16,24.15,23.71,21.67,25.93,20.02,20.78,31.8,32.36,20.3,30.26,39.13,37.06,39.42,40.38,25.61,25.46,42.49,32.86,39.51,38.0,43.76,37.8,42.66,31.6,29.89,35.47,21.24,20.38,18.51,19.53,13.1,21.82,16.41,15.41,18.44,12.41,17.42,17.34,18.92,20.18,19.6,17.09,12.42,17.23,20.28,16.43,15.47,18.76,21.77,18.67,21.4,21.97,21.02,22.76,12.56,13.19,16.85,12.61,13.4,12.76,13.91,15.59,15.05,16.82,15.76,5.55,8.33,4.39,10.18,6.99,2.84,0.0,1.17,1.66,1.93,8.41,9.41,7.42,7.97,6.91,12.67,5.84,10.52,25.47,29.95,34.68,28.48,18.11,16.02,25.76,24.79,23.91,27.54,29.96,26.93,21.85,11.03,25.8,19.06,23.51,24.0,24.36,23.45,29.17,31.38,30.96,17.27,23.23,25.14,26.85,25.39,22.74,27.97,32.19,15.26,23.75,24.77,28.74,3.53,9.62,2.94,5.94,2.45,17.73,5.64,1.21,7.63,17.01,9.7,5.57,4.05,11.44,11.81,3.17,6.09,5.24,3.37,8.55,9.1,7.12,4.62,13.2,12.55,9.86,5.28,3.44,5.28,11.26,12.91,5.41,9.2,10.44,4.65,10.82,12.26,7.3,18.04,8.08,5.91,4.88,7.28,7.69,5.28,16.84,12.93,11.83,6.34,55.19,52.75
9.32,7.82,6.85,12.85,13.12,23.6,6.89,11.86,10.94,6.35,17.73,13.8,21.96,13.42,13.24,20.42,9.99,21.11,13.3,29.21,19.18,16.67,2.68,21.63,19.67,11.95,4.52,15.57,11.75,10.23,14.03,17.87,21.75,10.41,15.33,14.33,21.94,38.89,10.0,10.75,12.26,12.77,18.11,9.32,3.28,11.19,4.19,14.38,13.76,20.18,10.84,20.93,18.65,8.76,5.38,12.85,16.51,15.32,17.99,16.8,10.98,9.56,17.54,11.2,13.01,9.96,11.12,11.35,10.7,18.88,16.15,9.3,9.84,8.54,10.31,7.94,15.66,10.34,9.29,14.92,11.32,8.78,5.88,10.78,11.49,7.98,8.2,9.01,10.27,9.67,24.07,38.29,20.84,18.62,20.17,24.77,19.67,12.71,14.98,14.16,14.3,28.91,22.06,23.12,22.0,23.17,24.31,25.5,24.4,21.91,22.55,22.26,42.77,41.48,35.59,41.64,44.06,39.91,41.63,42.1,43.85,51.57,36.88,35.53,42.68,39.45,35.9,44.38,37.45,39.85,23.84,23.4,21.36,25.62,19.71,20.47,31.49,32.05,20.0,29.95,38.82,36.75,39.11,40.07,25.3,25.15,42.18,32.55,39.2,37.69,43.45,37.49,42.35,31.29,29.58,35.17,20.93,20.07,18.2,19.22,12.79,21.51,16.1,15.1,18.13,12.1,17.11,17.03,18.61,19.87,19.29,16.78,12.11,16.92,19.97,16.12,15.16,18.45,21.46,18.36,21.09,21.66,20.71,22.45,12.25,12.88,16.54,12.3,13.09,12.45,13.6,15.28,14.74,16.51,15.46,5.24,8.02,4.08,9.87,6.68,3.52,1.17,0.0,1.83,2.62,8.1,9.1,7.11,7.66,6.6,12.36,5.53,10.21,25.16,29.64,34.37,28.17,17.8,15.71,25.45,24.48,23.6,27.23,29.65,26.62,21.54,10.72,25.49,18.75,23.2,23.69,24.05,23.14,28.86,31.07,30.65,16.96,22.92,24.83,26.54,25.08,22.43,27.66,31.88,14.95,23.44,24.46,28.43,3.69,9.31,2.63,5.63,2.14,17.42,5.33,1.36,7.32,16.7,9.39,5.26,3.74,11.13,11.5,2.86,5.78,4.93,3.54,8.24,8.79,6.81,4.31,12.89,12.24,10.55,5.96,4.13,5.97,11.95,13.59,6.09,9.88,11.13,5.33,11.51,12.94,7.99,17.74,8.77,6.59,5.56,7.96,8.38,5.96,16.53,13.62,12.52,7.02,54.88,52.44
11.06,9.56,8.59,14.59,14.87,25.34,8.63,13.6,12.68,8.09,19.47,15.54,23.7,15.16,14.98,22.16,11.73,22.85,15.05,30.95,20.92,18.41,1.18,23.37,21.41,13.69,4.39,17.31,13.49,11.97,15.78,19.61,23.49,12.15,17.07,16.07,23.68,40.63,11.74,12.49,14.0,14.51,19.85,11.06,2.82,12.93,5.93,16.13,15.51,21.92,12.59,22.67,20.39,10.5,7.12,14.59,18.25,17.06,19.73,18.55,12.72,11.3,19.28,12.94,14.75,11.71,12.86,13.1,12.45,20.62,17.89,11.04,11.58,10.28,12.05,9.68,17.4,12.08,11.03,16.66,13.07,10.52,7.63,12.52,13.24,9.72,9.94,10.75,12.02,11.41,25.81,40.03,22.58,20.36,21.91,26.51,21.41,14.45,16.72,15.9,16.04,30.65,23.8,24.86,23.74,24.91,26.05,27.24,26.14,23.65,24.29,24.0,44.52,43.22,37.33,43.38,45.8,41.66,43.37,43.84,45.59,53.31,38.62,37.27,44.42,41.19,37.64,46.12,39.19,41.59,25.58,25.14,23.1,27.37,21.45,22.21,33.23,33.79,21.74,31.69,40.57,38.49,40.85,41.81,27.04,26.89,43.92,34.29,40.95,39.43,45.19,39.23,44.09,33.03,31.32,36.91,22.67,21.81,19.94,20.96,14.53,23.25,17.84,16.84,19.88,13.84,18.85,18.77,20.35,21.61,21.03,18.52,13.85,18.66,21.71,17.86,16.9,20.19,23.2,20.1,22.83,23.4,22.45,24.19,13.99,14.62,18.29,14.04,14.83,14.19,15.35,17.02,16.48,18.25,17.2,6.98,9.77,5.82,11.62,8.43,3.39,1.66,1.83,0.0,2.48,9.58,10.58,8.59,9.14,8.08,13.84,7.01,11.69,26.64,31.12,35.85,29.65,19.28,17.19,26.93,25.96,25.08,28.71,31.13,28.1,23.02,12.2,26.97,20.23,24.68,25.17,25.53,24.62,30.34,32.55,32.13,18.44,24.4,26.31,28.02,26.56,23.91,29.14,33.36,16.43,24.92,25.94,29.91,1.86,9.27,4.11,7.11,3.62,18.9,6.81,2.84,8.8,18.18,10.87,6.74,5.22,12.61,12.98,4.34,7.26,6.41,1.71,9.72,10.27,8.29,5.79,14.37,13.72,10.41,5.83,3.99,5.83,11.81,13.45,5.95,9.75,10.99,5.2,11.37,12.8,7.85,19.22,8.63,6.45,5.43,7.83,8.24,5.82,18.01,13.48,12.38,6.88,56.36,53.92
11.08,9.57,8.61,14.6,14.88,25.35,8.64,13.62,12.69,8.11,19.48,15.55,23.72,15.17,14.99,22.17,11.74,22.87,15.06,30.96,20.93,18.42,3.34,23.38,21.42,13.7,2.17,17.32,13.51,11.98,15.79,19.62,23.5,12.16,17.08,16.09,23.69,40.65,11.75,12.5,14.01,14.52,19.86,11.07,1.55,12.94,5.95,16.14,15.52,21.93,12.6,22.68,20.4,10.52,7.13,14.6,18.26,17.07,19.74,18.56,12.73,8.72,19.29,12.95,14.76,11.72,12.87,13.11,12.46,20.63,17.9,11.06,11.6,10.29,12.06,9.7,17.41,12.09,11.04,16.67,13.08,10.53,7.64,12.53,13.25,9.73,9.95,10.76,12.03,11.42,25.82,40.04,22.59,20.37,21.92,26.52,21.42,14.46,16.73,15.92,16.05,30.66,23.81,24.87,23.76,24.92,26.06,27.25,26.15,23.66,24.3,24.01,44.53,43.23,37.34,43.39,45.81,41.67,43.38,43.85,45.6,53.33,38.63,37.28,44.43,41.2,37.65,46.14,39.2,41.6,25.59,25.15,23.11,27.38,21.46,22.22,33.24,33.8,21.75,31.7,40.58,38.5,40.86,41.82,27.05,26.9,43.93,34.3,40.96,39.44,45.2,39.24,44.1,33.04,31.34,36.92,22.69,21.82,19.96,20.97,14.54,23.26,17.85,16.85,19.89,13.85,18.86,18.78,20.36,21.62,21.04,18.53,13.86,18.67,21.72,17.87,16.92,20.2,23.21,20.11,22.84,23.41,22.46,24.2,14.0,14.63,18.3,14.05,14.84,14.2,15.36,17.03,16.49,18.26,17.21,6.99,9.78,5.83,11.63,8.44,1.17,1.93,2.62,2.48,0.0,9.85,10.85,8.86,9.41,8.35,14.11,7.28,11.96,26.91,31.39,36.12,29.93,19.55,17.46,27.2,26.23,25.35,28.98,31.4,28.37,23.3,12.47,27.24,20.51,24.95,25.44,25.8,24.89,30.62,32.82,32.4,18.72,24.67,26.58,28.29,26.83,24.18,29.41,33.63,16.7,25.19,26.22,30.18,4.35,6.79,4.38,7.39,3.89,17.19,7.08,3.11,9.07,16.47,9.16,7.01,5.49,10.9,11.27,4.62,7.53,6.68,4.19,9.99,7.42,8.57,6.07,12.66,13.99,7.93,3.34,1.51,3.35,9.33,10.97,3.47,7.27,8.51,2.98,8.89,10.32,5.37,16.25,6.15,3.97,3.84,5.35,5.76,3.34,15.04,11.0,9.9,4.4,56.63,54.2
2.96,4.88,1.73,9.47,14.57,21.91,3.95,8.49,7.56,5.61,16.04,10.43,26.07,10.05,9.86,24.52,10.73,17.52,9.93,27.52,17.5,18.11,10.43,25.73,23.77,13.4,11.76,13.88,12.28,14.33,10.06,16.18,20.06,7.04,13.64,12.65,20.25,37.21,11.45,11.28,8.89,9.4,19.56,5.95,10.51,7.82,8.29,12.7,11.39,18.49,7.47,25.03,16.96,10.21,6.82,11.16,14.82,11.34,18.37,15.12,10.83,13.66,15.85,7.5,11.32,11.41,12.57,9.67,7.33,17.19,14.46,6.72,6.47,7.93,6.94,4.57,11.68,10.19,5.92,13.23,12.77,10.22,7.33,12.22,12.94,9.42,9.64,10.45,11.72,11.11,20.48,34.69,17.25,15.03,16.58,21.18,16.08,9.34,11.61,10.79,10.93,33.01,23.51,27.22,23.45,24.62,28.41,26.18,25.84,26.01,26.65,26.36,45.09,39.8,33.9,43.96,46.38,38.23,39.94,44.42,46.17,53.89,35.19,33.84,45.0,37.77,34.21,40.79,35.76,42.49,22.15,21.71,19.67,23.94,18.02,18.79,29.8,30.36,18.31,28.26,37.14,35.06,37.43,38.38,23.62,23.46,40.49,30.86,37.52,36.0,41.76,35.8,40.66,29.61,27.9,33.48,24.33,18.39,16.52,20.67,14.23,25.61,17.54,16.54,19.58,13.54,18.55,18.47,20.05,23.97,20.74,20.88,13.55,18.36,24.07,17.56,16.61,19.9,19.77,16.67,19.4,19.97,19.02,20.76,13.7,17.09,14.86,13.74,13.62,13.89,11.92,13.6,10.76,12.53,11.48,9.34,5.25,8.18,6.5,3.31,10.75,8.41,8.1,9.58,9.85,0.0,2.01,1.47,4.79,4.43,9.06,2.65,3.12,23.46,27.95,32.68,26.48,14.22,12.01,23.75,20.9,21.9,25.53,27.95,24.92,17.96,7.42,21.91,15.17,19.62,20.11,22.35,21.44,27.17,29.37,28.95,15.27,19.34,23.13,24.84,23.38,20.73,25.96,30.19,13.25,21.74,22.77,26.73,11.77,13.36,6.68,2.71,5.96,21.47,3.16,8.66,11.37,20.75,13.44,9.31,7.79,15.18,15.55,6.91,9.83,8.98,11.62,12.29,12.84,10.86,8.36,16.94,12.77,20.35,13.26,11.43,13.27,18.76,21.21,13.39,17.24,18.49,12.63,21.31,20.38,15.43,21.79,16.07,13.89,12.87,15.27,15.68,13.26,20.58,21.24,20.14,14.32,51.29,48.86
2.77,4.16,3.3,7.77,15.32,20.21,4.88,6.79,5.86,6.36,14.34,8.72,27.07,8.34,8.16,25.52,9.03,15.82,8.23,25.82,15.79,17.22,11.44,26.73,24.77,14.15,12.76,12.18,13.04,14.76,8.35,14.48,18.36,5.33,11.94,10.94,18.55,35.5,12.2,12.03,7.18,7.69,20.31,2.12,11.51,6.11,9.3,11.0,9.68,16.79,5.77,26.03,15.26,10.96,7.58,9.46,13.12,9.64,16.66,13.42,11.48,14.67,14.15,5.8,9.62,12.16,13.32,7.96,5.63,15.49,12.76,7.38,4.77,8.58,7.69,3.46,9.97,10.92,4.22,11.53,13.52,10.98,8.08,12.97,13.35,10.18,10.4,11.21,12.47,11.87,18.77,32.99,15.55,13.32,14.87,19.47,14.38,7.64,9.9,9.09,9.22,34.01,24.26,28.22,24.2,25.37,29.41,26.93,26.6,27.01,27.66,27.36,43.39,38.09,32.2,42.26,44.68,36.53,38.24,42.72,44.46,52.19,33.49,32.14,43.29,36.06,32.51,39.09,34.06,40.79,20.45,20.01,17.97,22.23,16.32,17.08,28.1,28.66,16.61,26.56,35.43,33.36,35.72,36.68,21.91,21.76,38.79,29.16,35.82,34.3,40.06,34.1,38.96,27.9,26.19,31.78,22.63,16.68,14.81,21.42,14.99,26.62,18.3,17.29,20.33,14.3,19.3,19.22,20.81,24.97,21.49,21.88,14.31,19.11,25.07,18.31,17.36,20.65,18.07,14.97,17.7,18.27,17.32,19.06,13.62,15.38,13.16,14.5,14.37,14.64,10.22,11.89,9.05,10.83,9.77,8.05,6.0,9.18,4.8,4.07,11.76,9.41,9.1,10.58,10.85,2.01,0.0,2.23,5.72,5.36,7.31,2.83,1.11,21.71,26.2,30.93,24.73,12.47,10.26,22.0,19.15,20.15,23.78,26.2,23.17,16.21,5.67,20.16,13.42,17.87,18.36,20.61,19.69,25.42,27.62,27.2,13.52,17.59,21.38,23.09,21.63,18.98,24.21,28.44,11.5,20.0,21.02,24.98,12.78,14.36,7.69,3.47,6.96,22.47,4.09,9.66,12.37,21.75,14.44,10.31,8.79,16.18,16.55,7.92,10.83,9.98,12.62,13.29,13.84,11.87,9.37,17.94,13.52,21.35,14.27,12.43,14.27,19.76,22.22,14.4,18.25,19.49,13.64,22.31,21.38,16.43,22.79,17.07,14.89,13.87,16.27,16.68,14.27,21.58,22.24,21.14,15.32,49.55,47.11
3.18,4.42,1.91,8.24,13.33,20.67,3.49,7.25,6.33,4.37,14.8,9.19,25.08,8.81,8.62,23.53,9.49,16.28,8.69,26.28,16.26,16.87,9.44,24.74,22.78,12.16,10.77,12.64,11.04,12.77,8.82,14.94,18.82,5.8,12.41,11.41,19.01,35.97,10.21,10.04,7.65,8.16,18.32,4.71,9.52,6.58,7.3,11.46,10.15,17.25,6.23,24.04,15.72,8.97,5.59,9.92,13.58,10.1,17.13,13.88,9.59,12.67,14.61,6.27,10.09,10.17,11.33,8.43,6.09,15.96,13.22,5.48,5.23,6.69,5.7,3.33,10.44,8.95,4.68,12.0,11.53,8.99,6.09,10.98,11.7,8.18,8.4,9.21,10.48,9.87,19.24,33.46,16.01,13.79,15.34,19.94,14.84,8.1,10.37,9.55,9.69,32.02,22.27,26.23,22.21,23.38,27.42,24.94,24.61,25.02,25.66,25.37,43.85,38.56,32.67,42.72,45.14,36.99,38.7,43.18,44.93,52.65,33.95,32.6,43.76,36.53,32.98,39.55,34.52,41.26,20.91,20.47,18.43,22.7,16.78,17.55,28.56,29.12,17.07,27.03,35.9,33.82,36.19,37.14,22.38,22.22,39.25,29.63,36.28,34.76,40.53,34.56,39.43,28.37,26.66,32.24,23.09,17.15,15.28,19.43,12.99,24.62,16.3,15.3,18.34,12.3,17.31,17.23,18.81,22.98,19.5,19.89,12.31,17.12,23.08,16.32,15.37,18.66,18.54,15.44,18.17,18.73,17.78,19.53,12.46,15.85,13.62,12.5,12.38,12.65,10.68,12.36,9.52,11.29,10.24,6.06,4.01,7.19,5.26,2.07,9.76,7.42,7.11,8.59,8.86,1.47,2.23,0.0,4.33,3.97,7.82,1.44,3.34,22.22,26.71,31.44,25.24,12.98,10.77,22.51,19.66,20.66,24.3,26.71,23.68,16.72,6.18,20.67,13.93,18.38,18.87,21.12,20.2,25.93,28.13,27.71,14.03,18.1,21.89,23.6,22.14,19.5,24.72,28.95,12.01,20.51,21.53,25.49,10.78,12.37,5.69,1.47,4.97,20.48,2.7,7.67,10.38,19.76,12.45,8.32,6.8,14.19,14.56,5.93,8.84,7.99,10.63,11.3,11.85,9.87,7.37,15.95,11.53,19.36,12.28,10.44,12.28,17.77,20.23,12.4,16.26,17.5,11.64,20.32,19.39,14.44,20.8,15.08,12.9,11.88,14.28,14.69,12.27,19.59,20.25,19.15,13.33,50.06,47.62
3.15,1.65,3.48,12.33,16.79,27.27,0.84,11.35,10.42,10.02,21.39,13.29,25.63,12.91,12.72,24.08,13.66,20.38,12.79,32.87,22.85,20.33,10.0,25.29,23.34,15.62,11.32,19.24,15.42,13.9,12.91,21.54,25.41,9.9,19.0,18.0,25.6,42.56,13.67,14.42,11.75,12.25,21.78,8.81,10.07,10.67,7.86,18.05,14.24,23.84,10.33,24.6,22.32,12.43,9.05,16.51,20.18,14.2,21.66,20.47,14.65,13.23,21.2,10.36,16.68,13.63,14.79,15.02,10.19,22.55,19.81,9.58,9.33,12.21,9.8,7.43,14.54,14.01,8.78,18.59,14.99,12.45,9.55,14.44,15.16,11.65,11.86,12.68,13.94,13.33,23.33,37.55,20.11,17.88,19.43,24.04,18.94,12.2,14.46,13.65,13.79,32.58,25.73,26.79,25.67,26.84,27.98,29.17,28.07,25.57,26.22,25.92,46.44,45.15,39.26,45.31,47.73,43.58,45.29,45.77,47.52,55.24,40.55,39.19,46.35,43.12,39.57,43.65,41.12,45.35,27.51,27.07,25.03,29.29,23.37,24.14,35.15,35.72,23.66,33.62,42.49,40.41,42.78,43.73,28.97,28.81,45.85,36.22,42.87,41.35,47.12,41.16,46.02,34.96,33.25,38.83,24.6,23.74,21.87,22.89,16.46,25.18,19.77,18.76,21.8,15.76,20.77,20.69,22.27,23.54,22.96,20.45,15.77,20.58,23.63,19.78,18.83,22.12,25.13,22.03,24.76,25.32,24.38,26.12,15.92,16.55,20.21,15.96,16.76,16.11,17.27,18.95,13.62,15.39,14.33,8.91,8.11,7.74,9.36,6.17,10.32,7.97,7.66,9.14,9.41,4.79,5.72,4.33,0.0,4.0,11.91,3.75,6.83,28.77,33.26,37.99,31.79,17.08,14.86,29.06,23.75,27.21,30.85,33.26,30.24,20.82,10.28,24.77,18.03,22.48,22.96,27.67,26.75,32.48,34.68,34.26,20.58,22.2,28.44,30.15,28.69,26.05,31.27,35.5,18.56,27.06,28.08,32.04,11.34,12.93,6.25,5.57,5.52,21.04,2.73,8.23,10.94,20.32,13.0,8.87,7.35,14.74,15.11,6.48,9.4,8.54,11.19,11.85,12.4,10.43,7.93,16.5,15.85,19.91,12.83,10.99,12.84,18.33,20.78,12.96,16.81,18.06,12.2,20.88,19.95,15.0,21.35,15.64,13.46,12.43,14.83,15.24,12.83,20.15,20.81,19.71,13.89,54.15,51.72
5.59,4.09,3.12,11.97,15.73,26.2,3.15,10.99,10.06,8.96,20.33,12.93,24.57,12.55,12.36,23.02,12.6,20.02,12.43,31.81,21.79,19.27,8.94,24.23,22.27,14.56,10.26,18.17,14.36,12.84,12.55,20.47,24.35,9.54,17.94,16.94,24.54,41.5,12.61,13.36,11.39,11.89,20.72,8.45,9.01,10.32,6.8,16.99,13.88,22.78,9.97,23.54,21.25,11.37,7.99,15.45,19.12,13.84,20.6,19.41,13.59,12.17,20.14,10.0,15.62,12.57,13.73,13.96,9.83,21.49,18.75,9.22,8.97,11.15,9.44,7.07,14.18,12.95,8.42,17.53,13.93,11.39,8.49,13.38,14.1,10.59,10.8,11.61,12.88,12.27,22.97,37.19,19.75,17.52,19.08,23.68,18.58,11.84,14.11,13.29,13.43,31.52,24.67,25.73,24.61,25.78,26.92,28.11,27.01,24.51,25.16,24.86,45.38,44.09,38.2,44.25,46.67,42.52,44.23,44.71,46.45,54.18,39.48,38.13,45.29,42.06,38.51,43.29,40.06,42.46,26.45,26.01,23.97,28.23,22.31,23.08,34.09,34.66,22.6,32.56,41.43,39.35,41.72,42.67,27.91,27.75,44.79,35.16,41.81,40.29,46.06,40.09,44.96,33.9,32.19,37.77,23.54,22.68,20.81,21.83,15.39,24.12,18.7,17.7,20.74,14.7,19.71,19.63,21.21,22.47,21.9,19.38,14.71,19.52,22.57,18.72,17.77,21.06,24.07,20.97,23.7,24.26,23.32,25.06,14.86,15.49,19.15,14.9,15.7,15.05,16.21,17.89,13.26,15.03,13.98,7.85,7.75,6.68,9.0,5.81,9.26,6.91,6.6,8.08,8.35,4.43,5.36,3.97,4.0,0.0,11.56,3.39,6.47,27.71,32.2,36.93,30.73,16.72,14.5,28.0,23.4,26.15,29.78,32.2,29.17,20.46,9.92,24.41,17.67,22.12,22.61,26.61,25.69,31.42,33.62,33.2,19.52,21.84,27.38,29.09,27.63,24.98,30.21,34.44,17.5,26.0,27.02,30.98,10.28,11.87,5.19,5.21,4.46,19.98,1.27,7.17,9.88,19.26,11.94,7.81,6.29,13.68,14.05,5.42,8.33,7.48,10.13,10.79,11.34,9.37,6.87,15.44,14.79,18.85,11.77,9.93,11.78,17.27,19.72,11.9,15.75,17.0,11.14,19.82,18.89,13.94,20.29,14.57,12.4,11.37,13.77,14.18,11.77,19.09,19.75,18.65,12.83,53.79,51.36
10.76,12.0,9.5,7.98,17.02,20.43,11.07,2.07,1.87,8.49,14.55,8.93,31.01,4.35,8.37,29.46,9.24,16.03,3.51,26.03,16.01,17.44,14.69,30.67,28.71,15.85,16.02,12.39,14.74,16.43,8.56,14.69,18.57,5.45,12.16,10.84,18.76,42.05,13.9,13.74,3.1,3.7,22.01,5.19,14.77,3.67,12.56,12.5,9.9,17.0,5.99,29.97,15.47,12.66,11.95,9.67,13.34,9.84,16.88,13.63,11.7,17.92,14.36,6.02,9.84,13.86,15.02,8.18,5.85,15.71,12.97,7.59,2.63,8.8,7.81,4.48,10.18,11.14,3.94,11.75,15.22,12.68,11.46,12.36,13.56,9.34,12.1,9.89,11.57,13.57,18.98,33.2,15.75,13.53,15.08,19.68,14.58,3.9,10.11,9.29,5.23,37.95,25.96,32.16,25.9,27.07,33.35,28.63,28.3,30.95,31.59,31.3,43.6,44.64,32.42,42.46,44.88,43.08,44.79,42.92,44.67,52.39,33.7,32.35,43.5,40.78,32.73,39.29,34.28,41.0,20.67,20.23,18.19,22.45,16.53,17.3,28.31,28.88,16.82,26.78,35.65,33.57,35.94,36.89,22.13,21.97,39.01,29.38,36.03,34.51,40.28,34.32,39.18,28.12,26.41,31.99,22.84,16.9,15.03,23.12,16.69,30.55,20.0,18.99,22.03,16.0,21.01,20.93,22.51,28.91,23.19,25.82,16.01,18.93,29.01,20.02,19.06,22.35,18.29,15.19,17.92,18.48,17.54,19.28,13.83,15.6,13.37,14.83,16.08,16.34,10.43,13.4,9.26,11.03,9.98,12.84,7.67,12.44,5.01,5.74,15.02,12.67,12.36,13.84,14.11,9.06,7.31,7.82,11.91,11.56,0.0,9.01,6.48,21.9,26.38,31.11,24.91,12.73,10.52,22.19,19.41,20.34,23.97,26.39,23.36,16.47,5.93,20.42,13.68,18.13,18.62,20.79,19.88,25.6,27.81,27.39,15.09,17.85,21.57,23.28,21.82,19.17,24.4,28.62,12.07,20.18,21.2,25.17,16.03,17.62,10.94,6.72,10.21,26.9,10.28,12.92,15.89,26.18,21.58,13.56,12.04,19.43,22.97,11.17,14.09,13.23,15.88,16.54,17.09,15.12,12.62,21.19,15.19,24.6,17.52,15.68,17.53,23.02,25.47,17.65,21.5,22.75,16.89,25.57,24.64,19.69,26.04,20.33,18.15,17.12,19.52,19.93,17.52,24.84,25.5,24.4,18.58,49.8,47.37
3.78,3.84,1.33,9.44,13.11,21.87,2.91,8.45,7.53,5.57,16.0,10.39,23.49,10.01,9.82,21.95,9.97,17.48,9.89,27.48,17.46,16.65,7.86,23.16,21.2,11.93,9.18,13.84,10.82,11.76,10.02,16.14,20.02,7.0,13.61,12.61,20.21,37.17,9.98,9.82,8.85,9.36,18.09,5.91,7.94,7.78,5.72,12.66,11.35,18.45,7.43,22.46,16.92,8.74,5.36,11.12,14.78,11.3,18.33,15.08,10.96,11.09,15.81,7.47,11.29,9.95,11.1,9.63,7.29,17.16,14.42,6.68,6.43,8.52,6.9,4.53,11.64,10.32,5.88,13.2,11.3,8.76,5.87,10.76,11.48,7.96,8.18,8.99,10.26,9.65,20.44,34.66,17.21,14.99,16.54,21.14,16.04,9.3,11.57,10.75,10.89,30.44,22.04,24.65,21.98,23.15,25.84,24.72,24.38,23.44,24.08,23.79,45.05,39.76,33.87,43.92,46.34,38.19,39.9,44.38,46.13,53.85,35.15,33.8,44.96,37.73,34.18,40.75,35.72,42.46,22.11,21.67,19.63,23.9,17.98,18.75,29.76,30.32,18.27,28.23,37.1,35.02,37.39,38.34,23.58,23.42,40.45,30.83,37.48,35.96,41.73,35.76,40.63,29.57,27.86,33.44,20.91,18.35,16.48,19.2,12.77,23.04,16.08,15.08,18.12,12.08,17.09,17.01,18.59,21.4,19.27,18.31,12.09,16.9,21.5,16.1,15.14,18.43,19.74,16.63,19.37,19.93,18.98,20.73,12.23,12.86,14.82,12.28,12.16,12.43,11.88,13.56,10.72,12.49,11.44,5.83,5.21,5.61,6.46,3.27,8.18,5.84,5.53,7.01,7.28,2.65,2.83,1.44,3.75,3.39,9.01,0.0,3.94,23.42,27.91,32.64,26.44,14.18,11.97,23.71,20.86,21.86,25.5,27.91,24.88,17.92,7.38,21.87,15.13,19.58,20.07,22.32,21.4,27.13,29.33,28.91,15.23,19.3,23.09,24.8,23.34,20.7,25.92,30.15,13.21,21.71,22.73,26.69,9.2,10.79,4.11,2.11,3.38,18.9,2.12,6.09,8.8,18.18,10.87,6.74,5.22,12.61,12.98,4.34,7.26,6.41,9.05,9.72,10.27,8.29,5.79,14.37,11.3,17.78,10.69,8.86,10.7,16.19,18.64,10.82,14.67,15.92,10.06,18.74,17.81,12.86,19.21,13.5,11.32,10.29,12.7,13.11,10.69,18.01,18.67,17.57,11.75,51.26,48.82
3.88,5.27,4.41,6.9,15.93,19.34,5.99,5.91,4.99,6.59,13.46,7.85,29.92,7.47,7.29,28.37,8.15,14.95,7.36,24.94,14.92,16.35,12.55,29.58,27.62,14.76,13.87,11.31,13.65,15.34,7.48,13.61,17.48,4.46,11.07,10.07,17.67,34.63,12.81,12.65,6.31,6.82,20.92,1.25,12.62,5.24,10.41,10.12,8.81,15.91,4.9,28.88,14.39,11.57,8.69,8.58,12.25,8.76,15.79,12.54,10.61,15.78,13.28,4.93,8.75,12.78,13.93,7.09,4.76,14.62,11.88,6.5,3.9,7.71,6.72,2.58,9.1,10.05,3.34,10.66,14.13,11.59,10.37,11.27,12.47,8.25,11.01,8.8,10.48,12.48,17.9,32.12,14.67,12.45,14.0,18.6,13.5,6.76,9.03,8.21,8.35,36.86,24.87,31.07,24.81,25.98,32.26,27.55,27.21,29.86,30.51,30.21,42.52,37.22,31.33,41.38,43.8,35.65,37.36,41.84,43.59,51.31,32.62,31.26,42.42,35.19,31.64,38.22,33.19,39.92,19.58,19.14,17.1,21.36,15.45,16.21,27.23,27.79,15.73,25.69,34.56,32.48,34.85,35.8,21.04,20.89,37.92,28.29,34.94,33.42,39.19,33.23,38.09,27.03,25.32,30.9,21.76,15.81,13.94,22.03,15.6,29.46,18.91,17.91,20.94,14.91,19.92,19.84,21.42,27.82,22.1,24.73,14.92,17.84,27.92,18.93,17.97,21.26,17.2,14.1,16.83,17.39,16.45,18.19,12.74,14.51,12.28,13.74,14.99,15.26,9.34,11.02,8.18,9.95,8.9,9.16,6.23,10.29,3.93,3.84,12.87,10.52,10.21,11.69,11.96,3.12,1.11,3.34,6.83,6.47,6.48,3.94,0.0,20.84,25.32,30.05,23.86,11.6,9.38,21.13,18.27,19.28,22.91,25.33,22.3,15.34,4.8,19.29,12.55,17.0,17.49,19.73,18.82,24.55,26.75,26.33,12.65,16.72,20.51,22.22,20.76,18.11,23.34,27.56,10.63,19.12,20.15,24.11,13.89,15.48,8.8,4.58,8.07,25.84,5.2,10.77,13.48,25.12,15.55,11.42,9.9,17.29,17.66,9.03,11.94,11.09,13.73,14.4,14.95,12.98,10.48,19.05,14.13,22.46,15.38,13.54,15.38,20.88,23.33,15.51,19.36,20.6,14.75,23.42,22.5,17.54,23.9,18.18,16.0,14.98,17.38,17.79,15.38,22.69,23.36,22.26,16.44,48.67,46.24
25.16,28.86,23.9,22.45,17.65,14.08,27.93,21.34,20.41,21.51,8.09,23.4,23.82,23.05,22.84,16.96,16.4,26.35,22.78,19.69,5.98,11.1,27.49,24.17,23.97,16.48,28.82,9.94,16.37,25.01,19.27,8.35,12.23,21.78,11.19,12.26,12.42,18.89,22.48,16.01,21.18,22.4,15.94,19.59,27.57,20.11,21.15,11.31,18.48,10.66,17.76,23.01,6.8,16.66,20.54,12.98,12.49,13.36,10.53,8.73,12.72,30.53,6.63,15.91,13.92,15.14,14.54,15.34,17.62,9.36,9.44,17.76,19.32,16.96,18.76,18.89,13.97,15.37,18.21,10.9,12.61,15.12,20.04,11.7,12.71,15.3,14.08,13.8,12.61,13.26,29.3,29.22,26.08,23.85,25.4,30.0,24.9,21.63,24.58,23.76,23.93,31.46,19.89,24.95,19.83,21.0,24.62,22.57,22.23,24.07,24.41,24.8,22.77,21.48,15.59,21.64,24.06,19.91,21.63,22.1,23.85,31.57,16.88,15.53,22.68,19.45,15.9,19.0,17.45,19.85,14.32,13.88,11.84,16.1,10.19,10.95,21.97,22.53,10.48,20.43,29.31,27.23,29.59,30.55,15.78,15.63,32.66,23.03,29.69,28.17,33.93,27.97,32.83,21.77,20.06,25.65,16.5,10.55,6.95,17.05,14.85,18.05,13.93,12.93,15.97,15.51,14.94,14.86,16.44,19.84,17.12,20.32,15.52,12.58,18.11,13.95,18.56,16.28,3.7,7.61,4.99,12.14,5.76,6.35,10.67,9.25,9.15,10.83,18.35,15.86,14.51,10.18,19.97,13.84,20.69,21.43,19.0,22.43,17.65,20.15,27.81,25.47,25.16,26.64,26.91,23.46,21.71,22.22,28.77,27.71,21.9,23.42,20.84,0.0,9.64,14.37,8.17,23.63,21.54,5.45,30.31,2.02,7.23,9.65,2.22,27.38,20.74,31.32,24.59,19.12,29.52,4.24,4.99,8.87,11.07,10.65,12.72,18.33,1.34,6.54,1.59,2.73,7.66,11.88,12.68,3.44,4.46,8.43,28.76,28.47,22.51,21.14,23.81,23.49,26.49,25.65,23.86,22.23,29.56,27.63,23.7,32.24,30.95,23.91,24.94,23.94,28.61,27.4,27.95,25.98,26.34,34.0,17.35,35.46,30.26,28.42,30.26,35.83,38.28,30.38,32.36,33.6,29.63,36.42,35.49,30.54,38.85,33.06,30.67,29.86,32.26,34.61,30.25,37.65,38.31,37.21,31.31,34.8,33.81
29.65,33.35,28.38,26.93,22.14,18.56,32.41,25.82,24.89,26.0,12.58,27.89,28.31,27.54,27.32,21.44,20.89,30.83,27.26,24.17,10.46,15.58,31.98,28.66,28.46,20.97,33.3,14.43,20.85,29.5,23.75,12.83,16.71,26.26,15.68,16.74,16.9,14.09,26.97,20.5,25.67,26.89,20.43,24.08,32.05,24.6,25.63,15.79,22.97,15.14,22.25,27.49,11.28,21.15,25.02,17.47,16.97,17.84,15.02,13.21,17.2,35.01,11.12,20.4,18.4,19.63,19.02,19.83,22.11,13.85,13.93,22.25,23.8,21.44,23.25,23.37,18.46,19.85,22.7,15.38,17.1,19.61,24.53,16.19,17.2,19.79,18.57,18.29,17.09,17.75,16.87,24.42,30.56,28.34,29.89,34.49,29.39,26.12,29.07,28.25,28.42,35.94,24.38,29.43,24.32,25.49,29.1,27.05,26.72,28.55,28.89,29.29,17.97,16.68,10.79,16.84,19.26,15.11,16.82,17.3,19.05,26.77,12.08,10.72,17.88,14.65,11.1,14.2,12.65,15.05,18.81,18.37,16.33,20.59,14.67,15.44,26.45,27.02,14.96,24.92,33.79,31.71,34.08,35.03,20.27,20.11,34.91,27.52,34.17,32.65,34.07,32.45,37.51,26.26,24.55,30.13,20.98,15.04,11.44,21.54,19.33,22.54,18.41,17.41,20.45,20.0,19.42,19.34,20.92,24.32,21.61,24.8,20.01,17.07,22.59,18.43,23.04,20.77,8.18,12.1,9.48,16.62,10.25,10.84,15.15,13.74,13.64,15.32,22.84,20.35,19.0,14.66,24.46,18.32,25.17,25.91,23.48,26.92,22.13,24.63,32.3,29.95,29.64,31.12,31.39,27.95,26.2,26.71,33.26,32.2,26.38,27.91,25.32,9.64,0.0,9.57,5.12,28.12,26.02,4.2,17.59,8.08,4.03,4.85,5.93,14.9,25.23,18.61,29.07,14.32,34.01,8.72,9.47,4.07,6.27,5.85,17.21,13.53,6.81,3.48,9.56,7.21,2.86,7.08,17.16,6.2,5.25,4.54,33.25,32.96,27.0,25.62,28.29,27.98,30.98,30.14,28.35,26.71,34.05,32.12,28.18,36.73,35.43,28.39,29.43,28.42,33.1,31.88,32.43,30.46,30.83,38.49,21.83,39.94,34.74,32.9,34.75,40.31,42.77,34.87,36.84,38.09,34.11,40.91,39.98,35.03,43.34,37.55,35.16,34.34,36.74,39.09,34.74,42.13,42.79,41.69,35.8,30.0,29.01
34.38,38.08,33.11,31.66,26.87,23.29,37.14,30.55,29.62,30.73,17.31,32.62,33.04,32.27,32.05,26.17,25.62,29.58,31.99,28.9,15.19,20.31,36.71,33.39,33.19,25.7,38.03,19.16,25.58,34.23,28.48,17.56,21.44,30.99,20.41,21.47,21.63,16.04,31.7,25.23,30.4,31.62,25.16,28.81,36.78,29.33,30.36,20.52,27.7,19.87,26.98,32.22,16.01,25.88,29.75,22.2,21.7,22.57,19.75,17.94,21.93,39.74,15.85,25.13,23.13,24.36,23.75,24.56,26.84,18.58,18.66,26.98,28.53,26.17,27.98,28.1,23.19,24.58,27.43,20.11,21.83,24.34,29.26,20.92,21.93,24.52,23.3,23.02,21.82,22.48,22.16,11.97,29.31,28.08,28.63,31.82,26.99,30.85,33.8,32.98,33.15,40.67,29.11,34.16,29.05,30.22,33.83,31.78,31.44,33.28,33.62,34.02,15.01,18.63,12.74,13.87,16.3,17.06,18.77,14.33,16.08,23.81,14.02,12.67,14.91,12.19,13.05,10.25,14.6,11.95,23.54,23.1,21.06,25.32,19.4,20.17,31.18,31.75,19.69,29.65,38.52,36.44,38.81,41.44,25.0,24.84,36.86,32.25,38.9,37.38,36.02,37.18,39.46,30.99,29.28,34.86,25.71,19.77,16.17,26.27,24.06,27.27,23.14,22.14,25.18,24.73,24.15,24.07,25.65,29.05,26.34,29.53,24.74,21.8,27.32,23.16,27.77,25.5,12.91,16.83,14.21,21.35,14.98,15.57,19.88,18.47,18.37,20.05,27.57,25.08,23.73,19.39,29.18,23.05,29.9,30.64,28.21,31.65,26.86,29.36,37.03,34.68,34.37,35.85,36.12,32.68,30.93,31.44,37.99,36.93,31.11,32.64,30.05,14.37,9.57,0.0,9.85,20.74,30.64,8.93,22.87,12.81,8.76,4.73,10.66,16.41,29.96,23.88,21.7,15.83,31.3,13.45,14.2,6.21,8.21,7.36,21.94,15.03,11.54,8.21,14.29,11.94,7.55,9.03,21.89,10.93,9.98,9.24,37.98,37.69,31.73,30.35,33.02,32.71,35.71,34.87,33.08,31.44,38.78,36.85,32.91,41.46,40.16,33.12,34.16,33.15,37.83,36.61,37.16,35.19,35.56,43.22,26.56,44.67,39.47,37.63,39.48,45.04,47.5,39.6,41.57,42.82,38.84,45.64,44.71,39.76,48.07,42.28,39.89,39.07,41.47,43.82,39.47,46.86,47.52,46.42,40.53,27.05,26.06
28.18,31.88,26.92,25.46,20.67,17.1,30.94,24.35,23.43,24.53,11.11,26.42,26.84,26.07,25.85,19.97,19.42,29.36,25.79,22.7,8.99,14.11,30.51,27.19,26.99,19.5,31.83,12.96,19.38,28.03,22.28,11.37,15.24,24.8,14.21,15.27,15.43,14.37,25.5,19.03,24.2,25.42,18.96,22.61,30.58,23.13,24.16,14.33,21.5,13.67,20.78,26.03,9.81,19.68,23.55,16.0,15.5,16.37,13.55,11.74,15.73,33.54,9.65,18.93,16.94,18.16,17.56,18.36,20.64,12.38,12.46,20.78,22.33,19.97,21.78,21.91,16.99,18.38,21.23,13.92,15.63,18.14,23.06,14.72,15.73,18.32,17.1,16.82,15.63,16.28,17.14,24.69,29.09,26.87,28.42,33.02,27.92,24.65,27.6,26.78,26.95,34.47,22.91,27.96,22.85,24.02,27.64,25.58,25.25,27.09,27.43,27.82,18.25,16.95,11.06,17.11,19.53,15.39,17.1,17.57,19.32,27.05,12.35,11.0,18.15,14.92,11.37,14.47,12.92,15.32,17.34,16.9,14.86,19.12,13.21,13.97,24.99,25.55,13.49,23.45,32.32,30.25,32.61,33.56,18.8,18.65,35.18,26.05,32.7,31.18,34.35,30.99,37.78,24.79,23.08,28.66,19.52,13.57,9.97,20.07,17.87,21.07,16.95,15.94,18.98,18.53,17.95,17.87,19.46,22.85,20.14,23.33,18.54,15.6,21.12,16.96,21.57,19.3,6.71,10.63,8.01,15.15,8.78,9.37,13.69,12.27,12.17,13.85,21.37,18.88,17.53,13.2,22.99,16.85,23.71,24.44,22.02,25.45,20.66,23.16,30.83,28.48,28.17,29.65,29.93,26.48,24.73,25.24,31.79,30.73,24.91,26.44,23.86,8.17,5.12,9.85,0.0,26.65,24.56,2.73,17.87,6.61,2.7,5.12,4.46,15.18,23.76,18.88,27.6,14.59,32.54,7.26,8.0,4.34,6.54,6.12,15.74,13.8,5.35,1.64,8.09,5.74,1.78,7.36,15.7,4.73,3.78,2.01,31.78,31.49,25.53,24.16,26.83,26.51,29.51,28.67,26.88,25.24,32.58,30.65,26.71,35.26,33.96,26.92,27.96,26.96,31.63,30.42,30.97,28.99,29.36,37.02,20.36,38.48,33.27,31.44,33.28,38.84,41.3,33.4,35.37,36.62,32.64,39.44,38.51,33.56,41.87,36.08,33.69,32.87,35.27,37.62,33.27,40.66,41.32,40.22,34.33,30.27,29.28
15.92,17.16,14.66,8.61,18.25,22.07,16.23,12.17,10.86,14.16,16.2,9.57,32.23,12.0,9.0,30.69,10.89,6.8,13.61,27.68,17.66,19.09,20.14,31.9,29.94,17.08,21.46,14.04,15.96,17.66,4.71,16.34,20.22,7.95,13.8,6.29,20.41,33.01,15.13,14.96,10.13,11.35,23.24,10.35,20.21,9.06,13.79,7.71,11.13,18.65,10.82,31.2,17.12,13.89,13.18,11.32,14.98,5.3,18.53,15.28,14.09,23.17,16.01,8.98,11.49,15.09,16.25,9.83,10.69,17.35,14.62,12.43,9.15,11.45,12.65,9.65,4.82,12.78,8.31,13.39,16.45,13.91,12.68,14.75,15.21,13.1,13.32,12.29,13.96,14.79,9.93,24.15,6.53,4.31,5.86,10.46,5.36,10.58,10.75,9.93,12.88,39.18,27.19,33.39,27.13,28.3,34.58,29.86,29.53,32.18,32.82,32.52,34.55,35.6,22.4,33.41,35.83,34.03,35.74,33.87,35.62,43.35,32.73,22.33,34.45,31.73,22.71,30.25,33.77,31.95,22.31,21.87,19.83,24.1,18.18,18.95,29.96,30.52,18.47,28.42,37.3,35.22,37.59,38.54,23.78,23.62,40.65,31.02,37.68,36.16,41.92,35.96,40.82,29.77,28.06,33.64,24.49,18.55,16.68,24.35,17.91,31.78,21.22,20.22,23.26,17.22,22.23,22.15,23.73,30.14,24.42,27.05,17.23,20.58,30.24,21.24,20.29,23.58,19.93,16.83,19.57,20.13,19.18,20.92,15.48,17.25,15.02,16.48,17.3,17.57,12.08,8.6,2.74,5.67,4.41,14.07,12.51,15.08,10.71,10.91,20.46,18.11,17.8,19.28,19.55,14.22,12.47,12.98,17.08,16.72,12.73,14.18,11.6,23.63,28.12,20.74,26.65,0.0,2.51,22.63,11.13,20.78,24.41,16.02,23.8,4.33,6.44,12.14,1.21,5.99,9.9,21.23,20.32,15.87,17.88,13.39,11.14,5.71,22.01,23.72,22.26,19.61,24.84,18.69,6.71,20.62,21.65,12.42,20.71,20.42,14.46,11.18,15.76,26.83,14.74,17.6,15.81,26.11,21.51,19.58,15.64,24.19,22.9,15.86,16.89,15.89,20.56,19.35,19.9,17.92,18.29,25.95,15.12,27.41,22.2,20.37,22.21,27.78,30.23,22.33,24.3,25.55,21.57,28.37,27.44,22.49,30.8,25.01,22.62,21.81,24.21,26.56,22.2,29.6,30.26,29.16,23.26,41.53,39.09
13.71,14.95,12.45,6.4,16.16,19.98,14.02,9.96,8.65,12.06,10.17,7.36,30.14,9.79,6.79,28.59,7.58,6.68,11.4,25.59,15.56,16.99,18.04,29.8,27.84,14.98,19.37,11.95,13.87,15.56,3.22,14.25,18.13,5.73,11.71,4.81,18.32,32.88,13.03,12.87,7.92,9.14,21.15,8.14,18.12,6.84,11.7,6.22,9.03,16.56,8.73,29.1,11.09,11.8,11.09,9.23,12.89,3.81,16.43,9.24,11.99,21.08,10.19,6.88,6.35,13.0,14.15,6.52,8.59,15.26,12.53,10.34,6.94,9.35,10.56,7.43,3.33,10.69,6.09,11.3,14.36,11.81,10.59,12.65,13.12,11.01,11.23,8.98,11.87,12.7,9.81,24.03,6.41,4.18,5.74,10.34,5.24,8.37,8.53,7.72,10.67,37.09,25.09,31.29,25.04,26.2,32.48,27.77,27.43,30.08,30.73,30.43,34.42,35.47,31.97,33.29,35.71,33.9,35.62,33.75,35.5,43.22,32.61,35.38,34.33,31.61,33.09,30.12,33.64,31.83,20.22,19.78,17.74,22.0,16.09,16.85,27.87,28.43,16.38,26.33,35.21,33.13,35.49,36.45,21.68,21.53,38.56,28.93,35.59,34.07,39.83,33.87,38.73,27.67,25.96,31.55,22.4,16.45,14.58,22.25,15.82,29.69,19.13,18.13,21.17,15.13,20.14,20.06,21.64,28.04,22.33,24.95,15.14,18.48,28.14,19.15,18.2,21.48,17.84,11.01,17.47,18.04,17.09,18.83,13.39,15.15,12.93,14.39,15.21,15.48,7.08,7.12,1.26,4.19,2.93,11.98,10.41,12.98,8.62,8.69,18.37,16.02,15.71,17.19,17.46,12.01,10.26,10.77,14.86,14.5,10.52,11.97,9.38,21.54,26.02,30.64,24.56,2.51,0.0,22.49,10.98,20.64,24.27,26.69,23.66,6.25,4.94,12.0,3.46,7.91,9.76,21.09,20.18,25.91,28.11,15.31,8.77,7.63,21.87,23.58,22.12,19.47,24.7,28.92,5.22,20.48,21.5,25.47,20.57,20.28,14.32,9.68,15.62,26.69,13.24,17.46,15.67,25.97,21.37,19.44,15.5,24.05,22.75,15.71,16.75,15.74,20.42,19.21,19.76,17.78,18.15,25.81,14.98,27.27,22.06,20.23,22.07,27.63,30.09,22.19,24.16,25.41,21.43,28.23,27.3,22.35,30.66,24.87,22.48,21.66,24.06,26.41,22.06,29.45,30.11,29.01,23.12,41.38,38.95
25.45,29.15,24.19,22.74,17.94,14.37,28.22,21.63,20.7,21.8,8.38,23.69,24.11,23.34,23.13,17.25,16.69,26.64,23.07,19.98,6.27,11.39,27.78,24.46,24.26,16.77,29.11,10.23,16.66,25.3,19.56,8.64,12.52,22.07,11.48,12.55,12.71,13.44,22.77,16.3,21.47,22.69,16.23,19.88,27.86,20.4,21.44,11.6,18.77,10.95,18.05,23.3,7.09,16.95,20.83,13.27,12.78,13.65,10.82,9.02,13.01,30.82,6.92,16.2,14.21,15.44,14.83,15.63,17.91,9.65,9.73,18.05,19.61,17.25,19.06,19.18,14.26,15.66,18.5,11.19,12.9,15.41,20.33,11.99,13.0,15.59,14.37,14.09,12.9,13.55,16.22,23.77,26.37,24.14,25.69,30.29,25.19,21.92,24.87,24.05,24.22,31.75,20.18,25.24,20.12,21.29,24.91,22.86,22.52,24.36,24.7,25.09,17.33,16.03,10.14,16.19,18.61,14.47,16.18,16.65,18.4,26.12,11.43,10.08,17.23,14.0,10.45,13.55,12.0,14.4,14.61,14.17,12.13,16.4,10.48,11.24,22.26,22.82,10.77,20.72,29.6,27.52,29.88,30.84,16.07,15.92,34.26,23.32,29.98,28.46,33.43,28.26,33.12,22.06,20.36,25.94,16.79,10.84,7.25,17.34,15.14,18.34,14.22,13.22,16.26,15.8,15.23,15.15,16.73,20.13,17.41,20.61,15.81,12.87,18.4,14.24,18.85,16.57,3.99,7.9,5.28,12.43,6.05,6.64,10.96,9.54,9.44,11.12,18.64,16.15,14.8,10.47,20.26,14.13,20.98,21.72,19.29,22.72,17.94,20.44,28.1,25.76,25.45,26.93,27.2,23.75,22.0,22.51,29.06,28.0,22.19,23.71,21.13,5.45,4.2,8.93,2.73,22.63,22.49,0.0,16.95,3.89,1.78,4.2,1.74,14.25,21.04,17.96,24.88,13.67,29.81,4.53,5.28,3.42,5.62,5.2,13.01,12.88,2.62,1.09,5.37,3.02,2.21,6.44,12.97,2.01,1.06,2.98,29.05,28.76,22.8,21.43,24.1,23.78,26.78,25.94,24.15,22.52,29.85,27.92,23.99,32.53,31.24,24.2,25.23,24.23,28.9,27.69,28.24,26.27,26.63,34.29,17.64,35.75,30.55,28.71,30.55,36.12,38.57,30.67,32.65,33.89,29.92,36.71,35.78,30.83,39.14,33.35,30.96,30.15,32.55,34.9,30.54,37.94,38.6,37.5,31.6,29.35,28.36
22.6,23.84,21.34,15.29,24.93,28.75,22.91,18.85,17.54,20.83,22.88,16.25,38.91,18.68,15.68,37.36,17.57,9.29,20.29,34.36,24.33,25.77,26.81,38.57,36.61,23.76,28.14,20.72,22.64,24.33,12.66,23.02,26.9,14.62,20.48,14.94,27.09,25.11,21.81,21.64,16.81,18.03,29.92,17.03,26.89,15.73,20.47,16.6,17.8,25.33,17.5,37.88,23.8,20.57,19.86,18.0,21.66,13.95,25.2,21.96,20.77,29.85,22.69,15.65,18.16,21.77,22.92,16.51,17.36,24.03,21.3,19.11,15.83,18.12,19.33,16.32,13.29,19.46,14.98,20.07,23.13,20.58,19.36,21.42,21.89,19.78,20.0,18.97,20.64,21.47,1.26,16.26,9.02,7.79,8.35,11.53,6.7,17.26,17.42,16.61,19.56,45.86,33.86,40.07,33.81,34.98,41.26,36.54,36.2,38.85,39.5,39.2,26.65,27.7,29.4,25.52,27.94,26.13,27.85,25.98,27.73,35.45,24.84,27.61,26.56,23.83,25.32,22.35,25.87,24.06,28.99,28.55,26.51,30.78,24.86,25.62,36.64,37.2,25.15,35.1,43.98,41.9,44.26,45.22,30.45,30.3,45.93,37.7,44.36,42.84,45.1,42.64,48.53,36.44,34.74,40.32,31.17,25.22,23.36,31.02,24.59,38.46,27.9,26.9,29.94,23.9,28.91,28.83,30.41,36.81,31.1,33.73,23.91,27.25,36.91,27.92,26.97,30.25,26.61,23.51,26.24,26.81,25.86,27.6,22.16,23.92,21.7,23.16,23.98,24.25,18.76,17.5,11.22,14.15,12.89,20.75,19.18,21.75,17.39,17.58,27.14,24.79,24.48,25.96,26.23,20.9,19.15,19.66,23.75,23.4,19.41,20.86,18.27,30.31,17.59,22.87,17.87,11.13,10.98,16.95,0.0,28.47,16.78,14.38,18.69,14.4,14.12,1.33,11.61,16.06,11.03,28.92,28.01,14.23,16.24,11.75,18.83,8.27,29.7,16.23,29.95,27.3,15.58,17.05,14.73,28.31,29.33,13.18,28.4,28.11,22.15,18.87,23.44,34.51,22.43,25.29,23.5,33.8,29.2,27.26,23.33,31.88,30.58,23.54,24.57,23.57,28.25,27.03,27.58,25.61,25.98,33.64,22.8,35.09,29.89,28.05,29.9,35.46,37.92,30.02,31.99,33.24,29.26,36.06,35.13,30.18,38.49,32.7,30.31,29.49,31.89,34.24,29.89,37.28,37.94,36.84,30.95,33.14,30.71
23.6,27.3,22.34,20.89,16.09,12.52,26.37,19.78,18.85,19.95,6.53,21.84,22.26,21.49,21.28,15.4,14.84,24.79,21.22,18.13,4.42,9.54,25.93,22.61,22.41,14.92,27.26,8.38,14.81,23.45,17.71,6.79,10.67,20.22,9.63,10.7,10.86,17.33,20.92,14.45,19.62,20.84,14.38,18.03,26.01,18.55,19.59,9.75,16.92,9.1,16.2,21.45,5.24,15.1,18.98,11.42,10.93,11.8,8.97,7.17,11.16,28.97,5.07,14.35,12.36,13.59,12.98,13.78,16.06,7.8,7.88,16.2,17.76,15.4,17.21,17.33,12.41,13.81,16.65,9.34,11.05,13.56,18.48,10.14,11.15,13.74,12.52,12.24,11.05,11.7,27.74,27.66,24.52,22.29,23.84,28.44,23.35,20.07,23.02,22.2,22.37,29.9,18.33,23.39,18.27,19.44,23.06,21.01,20.67,22.51,22.85,23.24,21.21,19.92,14.03,20.08,22.5,18.35,20.07,20.54,22.29,30.01,15.32,13.97,21.12,17.89,14.34,17.44,15.89,18.29,12.76,12.32,10.28,14.55,8.63,9.39,20.41,20.97,8.92,18.87,27.75,25.67,28.03,28.99,14.22,14.07,31.1,21.47,28.13,26.61,32.37,26.41,31.27,20.21,18.51,24.09,14.94,8.99,5.4,15.49,13.29,16.49,12.37,11.37,14.41,13.95,13.38,13.3,14.88,18.28,15.56,18.76,13.96,11.02,16.55,12.39,17.0,14.72,2.14,6.05,3.43,10.58,4.2,4.79,9.11,7.69,7.59,9.27,16.79,14.3,12.95,8.62,18.41,12.28,19.13,19.87,17.44,20.87,16.09,18.59,26.25,23.91,23.6,25.08,25.35,21.9,20.15,20.66,27.21,26.15,20.34,21.86,19.28,2.02,8.08,12.81,6.61,20.78,20.64,3.89,28.47,0.0,5.67,8.09,2.57,25.82,19.19,29.76,23.03,17.56,27.96,2.68,3.43,7.31,9.51,9.09,11.16,16.77,1.69,4.98,1.94,1.17,6.1,10.32,11.12,1.88,2.9,6.87,27.2,26.91,20.95,19.58,22.25,21.93,24.93,24.09,22.3,20.67,28.0,26.07,22.14,30.68,29.39,22.35,23.38,22.38,27.05,25.84,26.39,24.42,24.78,32.44,15.79,33.9,28.7,26.86,28.7,34.27,36.72,28.82,30.8,32.04,28.07,34.86,33.93,28.98,37.29,31.5,29.11,28.3,30.7,33.05,28.69,36.09,36.75,35.65,29.75,33.24,32.25
27.24,30.93,25.97,24.52,19.73,16.15,30.0,23.41,22.48,23.58,10.16,25.48,25.89,25.13,24.91,19.03,18.48,28.42,24.85,21.76,8.05,13.17,29.57,26.25,26.05,18.55,30.89,12.01,18.44,27.09,21.34,10.42,14.3,23.85,13.27,14.33,14.49,13.28,24.56,18.09,23.26,24.48,18.02,21.67,29.64,22.18,23.22,13.38,20.56,12.73,19.83,25.08,8.87,18.74,22.61,15.05,14.56,15.43,12.61,10.8,14.79,32.6,8.71,17.99,15.99,17.22,16.61,17.41,19.69,11.44,11.51,19.84,21.39,19.03,20.84,20.96,16.05,17.44,20.29,12.97,14.69,17.2,22.11,13.78,14.79,17.38,16.16,15.88,14.68,15.33,16.06,23.61,28.15,25.92,27.48,32.08,26.98,23.71,26.65,25.84,26.01,33.53,21.97,27.02,21.91,23.08,26.69,24.64,24.3,26.14,26.48,26.88,17.16,15.87,9.97,16.03,18.45,14.3,16.01,16.49,18.23,25.96,11.26,9.91,17.07,13.84,10.28,13.38,11.83,14.23,16.39,15.95,13.91,18.18,12.26,13.03,24.04,24.6,12.55,22.5,31.38,29.3,31.67,32.62,17.86,17.7,34.09,25.11,31.76,30.24,33.26,30.04,36.7,23.85,22.14,27.72,18.57,12.63,9.03,19.13,16.92,20.13,16.0,15.0,18.04,17.59,17.01,16.93,18.51,21.91,19.2,22.39,17.6,14.66,20.18,16.02,20.63,18.36,5.77,9.69,7.07,14.21,7.84,8.43,12.74,11.33,11.23,12.91,20.43,17.94,16.59,12.25,22.04,15.91,22.76,23.5,21.07,24.51,19.72,22.22,29.89,27.54,27.23,28.71,28.98,25.53,23.78,24.3,30.85,29.78,23.97,25.5,22.91,7.23,4.03,8.76,2.7,24.41,24.27,1.78,16.78,5.67,0.0,4.03,3.52,14.09,22.82,17.79,26.66,13.5,31.59,6.31,7.06,3.25,5.45,5.03,14.79,12.71,4.4,1.07,7.15,4.8,2.04,6.27,14.75,3.79,2.84,2.96,30.84,30.55,24.59,23.21,25.88,25.57,28.57,27.73,25.94,24.3,31.64,29.7,25.77,34.32,33.02,25.98,27.01,26.01,30.69,29.47,30.02,28.05,28.42,36.08,19.42,37.53,32.33,30.49,32.34,37.9,40.35,32.46,34.43,35.67,31.7,38.5,37.57,32.62,40.93,35.13,32.75,31.93,34.33,36.68,32.33,39.72,40.38,39.28,33.39,29.19,28.2
29.65,33.35,28.39,26.94,22.14,18.57,32.42,25.83,24.9,26.0,12.58,27.89,28.31,27.54,27.33,21.45,20.89,30.84,27.27,24.18,10.47,15.59,31.98,28.66,28.46,20.97,33.31,14.43,20.86,29.5,23.76,12.84,16.72,26.27,15.68,16.75,16.91,11.31,26.97,20.5,25.67,26.89,20.43,24.08,32.06,24.6,25.64,15.8,22.97,15.15,22.25,27.5,11.29,21.15,25.03,17.47,16.98,17.85,15.02,13.22,17.21,35.02,11.12,20.4,18.41,19.64,19.03,19.83,22.11,13.85,13.93,22.25,23.81,21.45,23.26,23.38,18.46,19.86,22.7,15.39,17.1,19.61,24.53,16.19,17.2,19.79,18.57,18.29,17.1,17.75,13.65,21.64,30.57,28.34,29.89,34.49,18.48,26.12,29.07,28.25,28.42,35.95,24.38,29.44,24.32,25.49,29.11,27.06,26.72,28.56,28.9,29.29,15.2,13.9,8.01,14.06,16.48,12.34,14.05,14.52,16.27,23.99,9.3,7.95,15.1,11.87,8.32,11.42,9.87,12.27,18.81,18.37,16.33,20.6,14.68,15.44,26.46,27.02,14.97,24.92,33.8,31.72,34.08,36.71,20.27,20.12,32.13,27.52,34.18,32.66,31.3,32.46,34.73,26.26,24.55,30.14,20.99,15.04,11.44,21.54,19.34,22.54,18.42,17.42,20.46,20.0,19.43,19.35,20.93,24.33,21.61,24.81,20.01,17.07,22.6,18.44,23.05,20.77,8.19,12.1,9.48,16.63,10.25,10.84,15.16,13.74,13.64,15.32,22.84,20.35,19.0,14.67,24.46,18.33,25.18,25.92,23.49,26.92,22.14,24.64,32.3,29.96,29.65,31.13,31.4,27.95,26.2,26.71,33.26,32.2,26.39,27.91,25.33,9.65,4.85,4.73,5.12,16.02,26.69,4.2,14.38,8.09,4.03,0.0,5.94,11.68,25.23,15.39,16.97,11.1,34.01,8.73,9.48,1.48,3.49,2.63,17.21,10.31,6.82,3.48,9.57,7.22,2.83,4.31,17.17,6.21,5.26,4.51,33.25,32.96,27.0,25.63,28.3,27.98,30.98,30.14,28.35,26.72,34.05,32.12,28.19,36.73,35.44,28.4,29.43,28.43,33.1,31.89,32.44,30.47,30.83,38.49,21.84,39.95,34.75,32.91,34.75,40.32,42.77,34.87,36.85,38.09,34.12,40.91,39.98,35.03,43.34,37.55,35.16,34.35,36.75,39.1,34.74,42.14,42.8,41.7,35.8,27.22,26.23
26.63,30.32,25.36,23.91,19.12,15.54,29.39,22.8,21.87,22.97,9.55,24.86,25.28,24.52,24.3,18.42,17.87,27.81,24.24,21.15,7.44,12.56,28.96,25.64,25.44,17.94,30.28,11.4,17.83,26.47,20.73,9.81,13.69,23.24,12.66,13.72,13.88,15.18,23.95,17.48,22.64,23.87,17.41,21.06,29.03,21.57,22.61,12.77,19.94,12.12,19.22,24.47,8.26,18.13,22.0,14.44,13.95,14.82,12.0,10.19,14.18,31.99,8.09,17.38,15.38,16.61,16.0,16.8,19.08,10.82,10.9,19.22,20.78,18.42,20.23,20.35,15.44,16.83,19.68,12.36,14.08,16.58,21.5,13.17,14.18,16.77,15.55,15.26,14.07,14.72,17.96,25.51,27.54,25.31,26.86,31.46,26.37,23.1,26.04,25.23,25.4,32.92,21.35,26.41,21.3,22.47,26.08,24.03,23.69,25.53,25.87,26.27,19.06,17.77,11.88,17.93,20.35,16.2,17.92,18.39,20.14,27.86,13.17,11.82,18.97,15.74,12.19,15.29,13.74,16.14,15.78,15.34,13.3,17.57,11.65,12.42,23.43,23.99,11.94,21.89,30.77,28.69,31.06,32.01,17.25,17.09,36.0,24.49,31.15,29.63,35.16,29.43,34.29,23.24,21.53,27.11,17.96,12.02,8.42,18.51,16.31,19.52,15.39,14.39,17.43,16.98,16.4,16.32,17.9,21.3,18.59,21.78,16.99,14.05,19.57,15.41,20.02,17.74,5.16,9.08,6.46,13.6,7.22,7.81,12.13,10.72,10.62,12.3,19.82,17.33,15.98,11.64,21.43,15.3,22.15,22.89,20.46,23.9,19.11,21.61,29.28,26.93,26.62,28.1,28.37,24.92,23.17,23.68,30.24,29.17,23.36,24.88,22.3,2.22,5.93,10.66,4.46,23.8,23.66,1.74,18.69,2.57,3.52,5.94,0.0,15.99,22.21,19.7,26.05,15.41,30.98,5.7,6.45,5.16,7.36,6.94,14.18,14.62,0.88,2.83,2.14,4.19,3.95,8.17,14.14,3.18,2.23,4.72,30.23,29.94,23.98,22.6,25.27,24.96,27.96,27.12,25.33,23.69,31.02,29.09,25.16,33.71,32.41,25.37,26.4,25.4,30.08,28.86,29.41,27.44,27.81,35.47,18.81,36.92,31.72,29.88,31.72,37.29,39.74,31.85,33.82,35.06,31.09,37.88,36.96,32.0,40.31,34.52,32.14,31.32,33.72,36.07,31.72,39.11,39.77,38.67,32.78,31.09,30.1
19.67,20.91,18.4,12.36,21.99,25.82,19.98,15.91,14.6,17.9,19.94,13.31,35.98,15.74,12.75,34.43,14.63,10.55,17.35,31.42,21.4,22.83,23.88,35.64,33.68,20.82,25.2,17.79,19.71,21.4,8.45,20.09,23.96,11.69,17.55,10.04,24.15,21.37,18.87,18.71,13.87,15.09,26.98,14.1,23.96,12.8,17.54,11.45,14.87,22.39,14.57,34.94,20.87,17.63,16.93,15.06,18.73,9.04,22.27,19.02,17.83,26.91,19.76,12.72,15.23,18.83,19.99,13.57,14.43,21.1,18.36,16.18,12.9,15.19,16.39,13.39,8.56,16.53,12.05,17.14,20.19,17.65,16.43,18.49,18.95,16.85,17.07,16.03,17.7,18.54,13.67,27.89,10.28,8.05,9.6,14.2,9.11,14.32,14.49,13.67,16.62,42.92,30.93,37.13,30.87,32.04,38.32,33.61,33.27,35.92,36.56,36.27,25.25,23.96,18.07,24.12,26.54,22.39,24.1,24.58,26.32,34.05,19.35,18.0,25.16,21.93,18.38,21.47,19.93,22.33,26.06,25.62,23.58,27.84,21.93,22.69,33.71,34.27,22.21,32.17,41.04,38.96,41.33,42.28,27.52,27.36,44.4,34.77,41.42,39.9,45.67,39.71,44.57,33.51,31.8,37.38,28.23,22.29,20.42,28.09,21.66,35.52,24.97,23.97,27.0,20.97,25.98,25.9,27.48,33.88,28.16,30.79,20.98,24.32,33.98,24.99,24.03,27.32,23.68,20.58,23.31,23.87,22.93,24.67,19.22,20.99,18.76,20.22,21.05,21.32,15.82,12.35,6.48,9.41,8.15,17.81,16.25,18.82,14.45,14.65,24.2,21.85,21.54,23.02,23.3,17.96,16.21,16.72,20.82,20.46,16.47,17.92,15.34,27.38,14.9,16.41,15.18,4.33,6.25,14.25,14.4,25.82,14.09,11.68,15.99,0.0,10.18,15.88,5.29,1.66,13.64,24.98,24.06,11.54,13.54,9.05,14.89,1.38,16.87,13.54,26.0,23.36,12.88,14.36,10.45,24.37,15.31,10.49,24.46,24.16,18.21,14.93,19.5,30.57,18.49,21.34,19.56,29.85,25.25,23.32,19.39,27.94,26.64,19.6,20.63,19.63,24.3,23.09,23.64,21.67,22.04,29.7,18.86,31.15,25.95,24.11,25.95,31.52,33.97,26.08,28.05,29.29,25.32,32.11,31.19,26.23,34.54,28.75,26.37,25.55,27.95,30.3,25.95,33.34,34.0,32.9,27.01,45.27,42.84
9.12,10.37,7.86,3.1,15.36,19.18,9.43,5.37,4.06,11.27,13.31,4.06,29.35,5.2,3.49,27.8,6.8,10.44,6.81,24.79,14.77,16.2,13.06,29.01,27.05,14.19,14.38,11.15,13.08,14.77,2.98,13.45,17.33,1.48,10.92,5.26,17.52,36.47,12.24,12.07,3.33,4.55,20.35,3.55,13.13,2.26,10.9,6.92,8.24,15.76,3.83,28.31,14.23,11.0,10.29,8.43,12.1,4.26,15.64,12.39,11.2,20.28,13.12,3.87,8.6,12.2,13.36,5.74,3.69,14.47,11.73,5.44,2.35,6.65,5.66,2.85,4.6,9.9,1.51,10.51,13.56,11.02,9.8,11.86,12.32,10.22,10.44,8.2,11.07,11.91,13.4,27.62,10.17,7.95,9.5,14.1,9.0,3.78,5.23,4.42,6.08,36.29,24.3,30.5,24.24,25.41,31.69,26.97,26.64,29.29,29.93,29.64,38.01,39.06,31.18,36.88,39.3,37.5,39.21,37.34,39.09,46.81,32.46,31.11,37.92,35.2,31.49,33.71,33.04,35.42,19.43,18.99,16.95,21.21,15.29,16.06,27.07,27.64,15.58,25.54,34.41,32.33,34.7,35.65,20.89,20.73,37.77,28.14,34.79,33.27,39.04,33.07,37.94,26.88,25.17,30.75,21.6,15.66,13.79,21.46,15.03,28.89,18.34,17.33,20.37,14.34,19.34,19.26,20.85,27.25,21.53,24.16,14.35,17.69,27.35,18.35,17.4,20.69,17.05,13.95,16.68,17.24,16.3,18.04,12.59,14.36,12.13,13.59,14.42,14.68,9.19,7.82,3.68,5.45,4.4,11.18,5.52,12.19,2.86,4.11,13.38,11.03,10.72,12.2,12.47,7.42,5.67,6.18,10.28,9.92,5.93,7.38,4.8,20.74,25.23,29.96,23.76,6.44,4.94,21.04,14.12,19.19,22.82,25.23,22.21,10.18,0.0,14.84,8.1,12.55,13.04,19.87,18.96,24.69,26.89,26.47,9.51,12.27,20.65,22.36,20.9,18.25,23.48,27.71,6.49,19.26,20.29,24.25,14.41,19.06,9.32,5.1,8.59,25.47,8.65,11.29,14.45,24.75,20.15,11.94,10.42,22.83,21.54,9.55,15.53,14.53,14.25,17.99,18.54,16.56,11.0,24.59,13.76,26.05,15.9,14.06,15.9,26.42,28.87,16.03,22.95,24.19,15.27,27.01,26.08,21.13,29.44,18.7,16.52,15.5,17.9,18.31,15.9,28.24,28.9,27.8,16.95,44.22,41.79
23.61,24.85,22.35,16.3,25.94,29.76,23.92,19.86,18.55,21.84,23.89,17.26,39.92,19.69,16.69,38.38,18.58,10.31,21.3,35.37,25.34,26.78,27.83,39.58,37.63,24.77,29.15,21.73,23.65,25.35,13.67,24.03,27.91,15.64,21.49,15.96,28.1,26.12,22.82,22.65,17.82,19.04,30.93,18.04,27.9,16.75,21.48,17.62,18.82,26.34,18.51,38.89,24.81,21.58,20.87,19.01,22.67,14.96,26.22,22.97,21.78,30.86,23.7,16.67,19.17,22.78,23.94,17.52,18.38,25.04,22.31,20.12,16.84,19.13,20.34,17.34,14.31,20.47,16.0,21.08,24.14,21.6,20.37,22.44,22.9,20.79,21.01,19.98,21.65,22.48,2.27,17.27,10.03,8.81,9.36,12.55,7.72,18.27,18.44,17.62,20.57,46.87,34.88,41.08,34.82,35.99,42.27,37.55,37.21,39.87,40.51,40.21,27.67,28.71,30.41,26.53,28.95,27.15,28.86,26.99,28.74,36.46,25.85,28.62,27.57,24.85,26.34,23.36,26.89,25.07,30.0,29.56,27.52,31.79,25.87,26.64,37.65,38.21,26.16,36.11,44.99,42.91,45.28,46.23,31.47,31.31,46.94,38.71,45.37,43.85,46.11,43.65,49.54,37.46,35.75,41.33,32.18,26.24,24.37,32.04,25.6,39.47,28.91,27.91,30.95,24.91,29.92,29.84,31.42,37.83,32.11,34.74,24.92,28.27,37.93,28.93,27.98,31.27,27.62,24.52,27.25,27.82,26.87,28.61,23.17,24.94,22.71,24.17,24.99,25.26,19.77,18.51,12.23,15.16,13.9,21.76,20.2,22.77,18.4,18.6,28.15,25.8,25.49,26.97,27.24,21.91,20.16,20.67,24.77,24.41,20.42,21.87,19.29,31.32,18.61,23.88,18.88,12.14,12.0,17.96,1.33,29.76,17.79,15.39,19.7,15.88,14.84,0.0,12.62,17.07,12.05,29.93,29.02,15.24,17.25,12.76,19.84,9.28,30.71,17.24,30.96,28.31,16.59,18.07,15.74,29.32,30.34,14.2,29.41,29.12,23.16,19.88,24.46,35.53,23.44,26.3,24.51,34.81,30.21,28.28,24.34,32.89,31.59,24.55,25.59,24.58,29.26,28.05,28.6,26.62,26.99,34.65,23.82,36.11,30.9,29.07,30.91,36.47,38.93,31.03,33.0,34.25,30.27,37.07,36.14,31.19,39.5,33.71,31.32,30.5,32.9,35.25,30.9,38.29,38.95,37.85,31.96,34.16,31.73
16.88,18.12,15.61,9.57,19.2,23.03,17.19,13.12,11.81,15.11,17.15,10.52,33.19,12.96,9.96,31.64,11.85,5.54,14.56,28.63,18.61,20.04,21.09,32.85,30.89,18.03,22.41,15.0,16.92,18.61,5.66,17.3,21.17,8.9,14.76,7.25,21.36,33.96,16.08,15.92,11.08,12.3,24.19,11.31,21.17,10.01,14.75,8.66,12.08,19.6,11.78,32.15,18.08,14.84,14.14,12.27,15.94,6.25,19.48,16.23,15.04,24.12,16.97,9.93,12.44,16.05,17.2,10.78,11.64,18.31,15.58,13.39,10.11,12.4,13.6,10.6,5.77,13.74,9.26,14.35,17.4,14.86,13.64,15.7,16.16,14.06,14.28,13.24,14.91,15.75,10.88,25.1,5.27,3.04,4.6,7.78,4.1,11.53,11.7,10.89,13.84,40.13,28.14,34.34,28.08,29.25,35.53,30.82,30.48,33.13,33.78,33.48,35.5,36.55,23.35,34.37,36.79,34.98,36.69,34.83,36.58,44.3,33.69,23.29,35.41,32.68,23.66,31.2,34.72,32.9,23.27,22.83,20.79,25.05,19.14,19.9,30.92,31.48,19.42,29.38,38.25,36.18,38.54,39.49,24.73,24.58,41.61,31.98,38.63,37.11,42.88,36.92,41.78,30.72,29.01,34.59,25.45,19.5,17.63,25.3,18.87,32.74,22.18,21.18,24.22,18.18,23.19,23.11,24.69,31.09,25.37,28.0,18.19,21.53,31.19,22.2,21.24,24.53,20.89,17.79,20.52,21.08,20.14,21.88,16.43,18.2,15.97,17.43,18.26,18.53,13.03,9.56,3.69,6.62,5.37,15.02,13.46,16.03,11.67,11.86,21.41,19.06,18.75,20.23,20.51,15.17,13.42,13.93,18.03,17.67,13.68,15.13,12.55,24.59,29.07,21.7,27.6,1.21,3.46,24.88,11.61,23.03,26.66,16.97,26.05,5.29,8.1,12.62,0.0,6.94,7.28,22.19,21.28,16.83,18.83,14.34,12.1,6.66,22.97,24.68,23.21,20.57,25.8,19.65,7.66,21.58,22.6,13.37,21.67,21.38,15.42,12.14,16.71,27.78,15.7,18.56,16.77,27.06,22.46,20.53,16.6,25.15,23.85,16.81,17.84,16.84,21.52,20.3,20.85,18.88,19.25,26.91,16.07,28.36,23.16,21.32,23.16,28.73,31.18,23.29,25.26,26.5,22.53,29.32,28.4,23.44,31.75,25.96,23.58,22.76,25.16,27.51,23.16,30.55,31.21,30.11,24.22,42.48,40.05
21.32,22.56,20.06,14.01,23.65,27.47,21.63,17.57,16.26,19.55,11.03,14.97,37.63,17.4,14.4,36.09,16.29,12.2,19.01,33.08,23.05,24.49,25.54,37.29,35.34,22.48,26.86,19.44,21.36,23.06,10.1,21.74,25.62,13.35,19.2,11.69,25.81,20.79,20.53,20.36,15.53,16.75,28.64,15.75,25.61,14.46,19.19,13.1,16.53,24.05,16.22,36.6,11.95,19.29,18.58,16.72,20.38,10.69,23.93,10.11,19.49,28.57,21.41,14.38,16.88,20.49,21.65,15.23,16.08,22.75,20.02,17.83,14.55,16.84,18.05,15.05,10.22,18.18,13.71,18.79,21.85,19.3,18.08,20.14,20.61,18.5,18.72,17.69,19.36,20.19,15.33,29.55,11.93,9.71,11.26,15.86,10.76,15.98,16.15,15.33,18.28,44.58,32.59,38.79,32.53,33.7,39.98,35.26,34.92,37.58,38.22,37.92,24.67,23.37,17.48,23.53,25.95,21.81,23.52,23.99,25.74,33.47,18.77,17.42,24.57,21.34,17.79,20.89,19.34,21.74,27.71,27.27,25.23,29.5,23.58,24.35,35.36,35.92,23.87,33.82,42.7,40.62,42.99,43.94,29.18,29.02,41.6,36.42,43.08,41.56,40.77,41.36,46.22,35.17,33.46,39.04,29.89,23.95,22.08,29.75,23.31,37.18,26.62,25.62,28.66,22.62,27.63,27.55,29.13,35.54,29.82,32.45,22.63,25.98,35.64,26.64,25.69,28.98,17.66,22.23,18.95,25.53,24.58,20.31,20.88,22.65,20.42,21.88,22.7,22.97,17.48,14.0,8.14,11.07,9.81,19.47,17.91,20.48,16.11,16.31,25.86,23.51,23.2,24.68,24.95,19.62,17.87,18.38,22.48,22.12,18.13,19.58,17.0,19.12,14.32,15.83,14.59,5.99,7.91,13.67,16.06,17.56,13.5,11.1,15.41,1.66,12.55,17.07,6.94,0.0,15.3,18.2,18.95,10.96,12.96,8.47,16.54,0.79,16.29,12.96,19.04,16.69,12.3,13.78,12.11,15.68,14.73,9.91,26.11,25.82,19.86,16.58,21.16,32.23,20.14,23.0,21.21,31.51,26.91,24.98,21.04,29.59,28.3,21.25,22.29,21.29,25.96,24.75,25.3,23.32,23.69,31.35,20.52,32.81,27.6,25.77,27.61,33.18,35.63,27.73,29.7,30.95,26.97,33.77,32.84,27.89,36.2,30.41,28.02,27.2,29.61,31.96,27.6,34.99,35.66,34.56,28.66,36.69,44.49
21.81,23.05,20.55,14.5,24.14,27.96,22.12,18.06,16.75,20.04,22.09,15.46,38.12,17.89,14.89,36.57,16.78,4.64,19.5,33.57,23.54,24.98,26.02,37.78,35.82,22.97,27.35,19.93,21.85,23.54,11.87,22.23,26.11,13.83,19.69,14.16,26.3,33.55,21.02,20.85,16.02,17.24,29.13,16.24,26.1,14.95,19.68,15.81,17.01,24.54,16.71,37.09,23.01,19.78,19.07,17.21,20.87,13.16,24.41,21.17,19.98,29.06,21.9,14.86,17.37,20.98,22.14,15.72,16.57,23.24,20.51,18.32,15.04,17.33,18.54,15.53,12.06,18.67,14.19,19.28,22.34,19.79,18.57,20.63,21.1,18.99,19.21,18.18,19.85,20.68,10.31,24.69,2.17,4.54,3.22,4.23,4.6,16.47,16.63,7.52,18.77,45.07,33.07,39.28,33.02,34.19,40.47,35.75,35.41,38.06,38.71,38.41,35.09,36.13,37.83,33.95,36.37,34.57,36.28,34.41,36.16,43.88,33.27,36.04,34.99,32.27,33.76,30.79,34.31,32.49,28.2,27.76,25.72,29.99,24.07,24.83,35.85,36.41,24.36,34.31,43.19,41.11,43.47,44.43,29.66,29.51,46.54,36.91,43.57,42.05,47.81,41.85,46.71,35.65,33.95,39.53,30.38,24.43,22.57,30.24,23.8,37.67,27.11,26.11,29.15,23.11,28.12,28.04,29.62,36.02,30.31,32.94,23.12,26.46,36.12,27.13,26.18,29.46,25.82,22.72,25.45,26.02,25.07,26.81,21.37,23.13,20.91,22.37,23.19,23.46,17.97,16.71,9.99,12.92,11.66,19.96,18.39,20.96,16.6,16.79,26.35,24.0,23.69,25.17,25.44,20.11,18.36,18.87,22.96,22.61,18.62,20.07,17.49,29.52,34.01,31.3,32.54,9.9,9.76,29.81,11.03,27.96,31.59,34.01,30.98,13.64,13.04,12.05,7.28,15.3,0.0,26.98,26.07,31.8,34.0,20.18,16.89,13.66,27.76,29.47,28.01,25.36,30.59,34.81,12.62,26.37,27.39,31.36,26.46,26.17,20.21,16.93,21.5,32.58,20.49,23.35,21.56,31.86,27.26,25.33,21.39,29.94,28.64,21.6,22.64,21.63,26.31,25.09,25.64,23.67,24.04,31.7,20.87,33.15,27.95,26.11,27.96,33.52,35.98,28.08,30.05,31.3,27.32,34.12,33.19,28.24,36.55,30.76,28.37,27.55,29.95,32.3,27.95,35.34,36.0,34.9,29.01,41.58,39.15
24.06,27.75,22.79,21.34,16.55,12.97,26.82,20.23,19.3,20.4,6.98,22.3,22.71,21.95,21.73,15.85,15.3,25.24,21.67,18.58,4.87,9.99,26.39,23.07,22.87,15.37,27.71,8.83,15.26,23.91,18.16,7.24,11.12,20.67,10.09,11.15,11.31,17.97,21.38,14.91,20.08,21.3,14.84,18.49,26.46,19.0,20.04,10.2,17.38,9.55,16.65,21.9,5.69,15.56,19.43,11.87,11.38,12.25,9.43,7.62,11.61,29.42,5.53,14.81,12.81,14.04,13.43,14.23,16.51,8.26,8.33,16.66,18.21,15.85,17.66,17.78,12.87,14.26,17.11,9.79,11.51,14.02,18.93,10.6,11.61,14.2,12.98,12.7,11.5,12.15,28.19,28.3,24.97,22.74,24.3,28.9,23.8,20.53,23.47,22.66,22.83,30.35,18.79,23.84,18.73,19.9,23.51,21.46,21.12,22.96,23.3,23.7,21.86,20.56,14.67,20.72,23.14,19.0,20.71,21.18,22.93,30.65,15.96,14.61,21.76,18.53,14.98,18.08,16.53,18.93,13.21,12.77,10.73,15.0,9.08,9.85,20.86,21.42,9.37,19.32,28.2,26.12,28.49,29.44,14.68,14.52,31.55,21.93,28.58,27.06,32.83,26.86,31.73,20.67,18.96,24.54,15.39,9.45,5.85,15.95,13.74,16.95,12.82,11.82,14.86,14.41,13.83,13.75,15.33,18.73,16.02,19.21,14.42,11.48,17.0,12.84,17.45,15.18,2.59,6.51,3.89,11.03,4.66,5.25,9.56,8.15,8.05,9.73,17.25,14.76,13.41,9.07,18.86,12.73,19.58,20.32,17.89,21.33,16.54,19.04,26.71,24.36,24.05,25.53,25.8,22.35,20.61,21.12,27.67,26.61,20.79,22.32,19.73,4.24,8.72,13.45,7.26,21.23,21.09,4.53,28.92,2.68,6.31,8.73,5.7,24.98,19.87,29.93,22.19,18.2,26.98,0.0,4.07,7.95,10.15,9.73,11.61,17.41,3.91,5.62,4.16,1.62,6.74,10.97,11.57,2.52,3.55,7.51,27.66,27.37,21.41,20.03,22.7,22.39,25.39,24.55,22.76,21.12,28.46,26.52,22.59,31.14,29.84,22.8,23.83,22.83,27.51,26.29,26.84,24.87,25.24,32.9,16.24,34.35,29.15,27.31,29.16,34.72,37.17,29.28,31.25,32.5,28.52,35.32,34.39,29.44,37.75,31.95,29.57,28.75,31.15,33.5,29.15,36.54,37.2,36.1,30.21,33.88,32.89
23.14,26.84,21.88,20.43,15.63,12.06,25.91,19.32,18.39,19.49,6.07,21.38,21.8,21.03,20.82,14.94,14.38,24.33,20.76,17.67,3.96,9.08,25.47,22.15,21.95,14.46,26.8,7.92,14.35,22.99,17.25,6.33,10.21,19.76,9.17,10.24,10.4,18.72,20.46,13.99,19.16,20.38,13.92,17.57,25.55,18.09,19.13,9.29,16.46,8.64,15.74,20.99,4.78,14.64,18.52,10.96,10.47,11.34,8.51,6.71,10.7,28.51,4.61,13.89,11.9,13.13,12.52,13.32,15.6,7.34,7.42,15.74,17.3,14.94,16.75,16.87,11.95,13.35,16.19,8.88,10.59,13.1,18.02,9.68,10.69,13.28,12.06,11.78,10.59,11.24,27.28,29.05,24.06,21.83,23.38,27.98,22.89,19.61,22.56,21.74,21.92,29.44,17.87,22.93,17.81,18.98,22.6,20.55,20.21,22.05,22.39,22.78,22.6,21.31,15.42,21.47,23.89,19.74,21.45,21.93,23.68,31.4,16.71,15.36,22.51,19.28,15.73,18.83,17.28,19.68,12.3,11.86,9.82,14.09,8.17,8.93,19.95,20.51,8.46,18.41,27.29,25.21,27.57,28.53,13.76,13.61,30.64,21.01,27.67,26.15,31.91,25.95,30.81,19.75,18.05,23.63,14.48,8.53,4.94,15.03,12.83,16.03,11.91,10.91,13.95,13.49,12.92,12.84,14.42,17.82,15.1,18.3,13.5,10.56,16.09,11.93,16.54,14.26,3.1,5.59,2.75,10.12,3.74,4.11,8.65,7.23,7.13,8.81,16.33,13.84,12.49,8.16,17.95,11.82,18.67,19.41,16.98,20.41,15.63,18.13,25.79,23.45,23.14,24.62,24.89,21.44,19.69,20.2,26.75,25.69,19.88,21.4,18.82,4.99,9.47,14.2,8.0,20.32,20.18,5.28,28.01,3.43,7.06,9.48,6.45,24.06,18.96,29.02,21.28,18.95,26.07,4.07,0.0,8.7,10.9,10.48,10.66,18.16,4.66,6.37,4.91,2.56,7.49,11.71,10.62,3.27,4.29,8.26,26.71,26.42,20.46,19.08,21.75,21.44,24.44,23.6,21.81,20.17,27.5,25.57,21.64,30.19,28.89,21.85,22.88,21.88,26.56,25.34,25.89,23.92,24.29,31.95,15.29,33.4,28.2,26.36,28.2,33.77,36.22,28.33,30.3,31.54,27.57,34.36,33.44,28.48,36.79,31.0,28.62,27.8,30.2,32.55,28.2,35.59,36.25,35.15,29.26,34.63,33.64
28.87,32.57,27.61,26.16,21.36,17.79,31.64,25.04,24.12,25.22,11.8,27.11,27.53,26.76,26.54,20.67,20.11,30.06,26.49,23.4,9.69,14.8,31.2,27.88,27.68,20.19,32.52,13.65,20.08,28.72,22.98,12.06,15.94,25.49,14.9,15.97,16.13,10.73,26.19,19.72,24.89,26.11,19.65,23.3,31.28,23.82,24.86,15.02,22.19,14.37,21.47,26.72,10.51,20.37,24.25,16.69,16.2,17.06,14.24,12.43,16.42,34.23,10.34,19.62,17.63,18.85,18.25,19.05,21.33,13.07,13.15,21.47,23.02,20.67,22.47,22.6,17.68,19.07,21.92,14.61,16.32,18.83,23.75,15.41,16.42,19.01,17.79,17.51,16.32,16.97,13.51,21.06,29.78,27.56,29.11,33.71,18.34,25.34,28.29,27.47,27.64,35.17,23.6,28.66,23.54,24.71,28.33,26.27,25.94,27.78,28.12,28.51,14.61,13.32,7.43,13.48,15.9,11.75,13.46,13.94,15.68,23.41,8.71,7.36,14.52,11.29,7.74,10.83,9.29,11.69,18.03,17.59,15.55,19.81,13.9,14.66,25.68,26.24,14.18,24.14,33.01,30.94,33.3,36.13,19.49,19.34,31.55,26.74,33.39,31.88,30.71,31.68,34.15,25.48,23.77,29.36,20.21,14.26,10.66,20.76,18.56,21.76,17.64,16.64,19.67,19.22,18.65,18.57,20.15,23.55,20.83,24.02,19.23,16.29,21.82,17.66,22.27,19.99,7.41,11.32,8.7,15.85,9.47,10.06,14.38,12.96,12.86,14.54,22.06,19.57,18.22,13.89,23.68,17.55,24.4,25.13,22.71,26.14,21.36,23.86,31.52,29.17,28.86,30.34,30.62,27.17,25.42,25.93,32.48,31.42,25.6,27.13,24.55,8.87,4.07,6.21,4.34,15.87,25.91,3.42,14.23,7.31,3.25,1.48,5.16,11.54,24.69,15.24,16.83,10.96,31.8,7.95,8.7,0.0,2.9,2.48,16.43,10.16,6.04,2.7,8.79,6.43,2.05,3.72,16.39,5.42,4.47,3.73,32.47,32.18,26.22,24.85,27.52,27.2,30.2,29.36,27.57,25.94,33.27,31.34,27.4,35.95,34.66,27.61,28.65,27.65,32.32,31.11,31.66,29.68,30.05,37.71,21.06,39.17,33.96,32.13,33.97,39.54,41.99,34.09,36.06,37.31,33.33,40.13,39.2,34.25,42.56,36.77,34.38,33.57,35.97,38.32,33.96,41.36,42.02,40.92,35.02,26.64,25.65
31.07,34.77,29.81,28.36,23.56,19.99,33.84,27.25,26.32,27.42,14.0,29.31,29.73,28.96,28.75,22.87,22.31,32.26,28.69,25.6,11.89,17.0,33.4,30.08,29.88,22.39,34.73,15.85,22.28,30.92,25.18,14.26,18.14,27.69,17.1,18.17,18.33,8.36,28.39,21.92,27.09,28.31,21.85,25.5,33.48,26.02,27.06,17.22,24.39,16.57,23.67,28.92,12.71,22.57,26.45,18.89,18.4,19.27,16.44,14.64,18.63,36.44,12.54,21.82,19.83,21.05,20.45,21.25,23.53,15.27,15.35,23.67,25.23,22.87,24.68,24.8,19.88,21.28,24.12,16.81,18.52,21.03,25.95,17.61,18.62,21.21,19.99,19.71,18.52,19.17,15.51,18.68,31.98,29.76,31.31,35.91,20.34,27.54,30.49,29.67,29.84,37.37,25.8,30.86,25.74,26.91,30.53,28.48,28.14,29.98,30.32,30.71,12.24,10.95,5.05,11.1,13.53,9.38,11.09,11.56,13.31,21.04,6.34,4.99,12.14,8.92,5.36,8.46,6.91,9.31,20.23,19.79,17.75,22.02,16.1,16.86,27.88,28.44,16.39,26.34,35.22,33.14,35.22,33.76,21.69,21.54,29.17,28.94,33.65,34.08,28.34,33.86,31.77,27.68,25.97,31.56,22.41,16.46,12.86,22.96,20.76,23.96,19.84,18.84,21.88,21.42,20.85,20.77,22.35,25.75,23.03,26.23,21.43,18.49,24.02,19.86,24.47,22.19,9.61,13.52,10.9,18.05,11.67,12.26,16.58,15.16,15.06,16.74,24.26,21.77,20.42,16.09,25.88,19.75,26.6,27.34,24.91,28.34,23.56,26.06,33.72,31.38,31.07,32.55,32.82,29.37,27.62,28.13,34.68,33.62,27.81,29.33,26.75,11.07,6.27,8.21,6.54,17.88,28.11,5.62,16.24,9.51,5.45,3.49,7.36,13.54,26.89,17.25,18.83,12.96,34.0,10.15,10.9,2.9,0.0,4.49,18.63,12.17,8.24,4.9,10.99,8.64,4.25,1.35,18.59,7.63,6.68,5.93,34.67,34.38,28.42,27.05,29.72,29.4,32.4,31.56,29.77,28.14,35.47,33.54,29.61,38.15,36.86,29.82,30.85,29.85,34.52,33.31,33.86,31.89,32.25,39.91,23.26,41.37,36.17,34.33,36.17,41.74,44.19,36.29,38.27,39.51,35.54,42.33,41.4,36.45,44.76,38.97,36.58,35.77,38.17,40.52,36.16,43.56,44.22,43.12,37.22,24.26,23.27
30.65,34.35,29.39,27.94,23.14,19.57,33.42,26.83,25.9,27.0,13.58,28.89,29.31,28.54,28.33,22.45,21.89,18.44,28.27,25.18,11.47,16.59,32.98,29.66,29.46,21.97,34.31,15.43,21.86,30.5,24.76,13.84,17.72,27.27,16.68,17.75,17.91,12.31,27.97,21.5,26.67,27.89,21.43,25.08,33.06,25.6,26.64,16.8,23.97,16.15,23.25,28.5,12.29,22.15,26.03,18.47,17.98,18.85,16.02,14.22,18.21,36.02,12.12,21.4,19.41,20.64,20.03,20.83,23.11,14.85,14.93,23.25,24.81,22.45,24.26,24.38,19.46,20.86,23.7,16.39,18.1,20.61,25.53,17.19,18.2,20.79,19.57,19.29,18.1,18.75,11.02,22.64,18.17,17.11,17.5,20.68,15.85,27.12,30.07,29.25,29.42,36.95,25.38,30.44,25.32,26.49,30.11,28.06,27.72,29.56,29.9,30.29,16.2,14.9,9.01,15.06,17.48,13.34,15.05,15.52,17.27,24.99,10.3,8.95,16.1,12.87,9.32,12.42,10.87,13.27,19.81,19.37,17.33,21.6,15.68,16.44,27.46,28.02,15.97,25.92,34.8,32.72,35.08,37.71,21.27,21.12,33.13,28.52,35.18,33.66,32.3,33.46,35.73,27.26,25.55,31.14,21.99,16.04,12.44,22.54,20.34,23.54,19.42,18.42,21.46,21.0,20.43,20.35,21.93,25.33,22.61,25.81,21.01,18.07,23.6,19.44,24.05,21.77,9.19,13.1,10.48,17.63,11.25,11.84,16.16,14.74,14.64,16.32,23.84,21.35,20.0,15.67,15.54,19.33,17.21,26.92,24.49,27.92,23.14,25.64,33.3,30.96,30.65,32.13,32.4,28.95,27.2,27.71,34.26,33.2,27.39,28.91,26.33,10.65,5.85,7.36,6.12,13.39,15.31,5.2,11.75,9.09,5.03,2.63,6.94,9.05,26.47,12.76,14.34,8.47,20.18,9.73,10.48,2.48,4.49,0.0,18.21,7.68,7.82,4.48,10.57,8.22,3.83,5.31,18.17,7.21,6.26,5.51,34.25,33.96,28.0,26.63,29.3,28.98,31.98,31.14,29.35,27.72,35.05,33.12,29.19,37.73,36.44,29.4,30.43,29.43,34.1,32.89,33.44,31.47,31.83,39.49,22.84,40.95,35.75,33.91,35.75,41.32,43.77,35.87,37.85,39.09,35.12,41.91,40.98,36.03,44.34,38.55,36.16,35.35,37.75,40.1,35.74,43.14,43.8,42.7,36.8,28.22,27.23
16.97,20.67,15.71,10.98,13.15,15.21,19.74,14.53,13.22,13.32,6.06,11.93,24.95,14.36,11.37,18.09,8.21,15.15,15.97,20.82,7.78,12.23,19.3,25.31,29.1,11.98,20.62,7.18,11.57,16.82,7.25,9.48,13.36,10.31,6.08,4.22,13.55,26.46,14.29,14.13,12.49,13.71,17.08,11.4,19.38,11.42,12.96,2.24,10.29,11.79,9.57,24.14,6.99,13.05,12.35,5.71,8.12,5.32,11.67,5.14,8.48,22.33,6.09,7.72,4.22,10.34,10.78,7.15,9.43,10.5,6.07,9.57,11.12,8.77,10.57,10.7,5.94,7.17,10.02,6.54,10.57,13.07,11.85,9.15,8.35,10.07,8.9,7.4,8.35,9.5,18.1,32.32,14.88,12.65,14.2,18.8,13.71,12.94,13.11,12.29,15.24,32.59,21.03,26.08,20.97,22.14,25.75,23.7,23.36,25.2,25.54,25.94,30.34,29.04,23.15,29.2,31.62,27.48,29.19,29.66,31.41,39.14,24.44,23.09,30.24,27.01,23.46,26.56,25.01,27.41,15.45,15.01,12.97,17.24,11.32,12.09,23.1,23.66,11.61,21.57,30.44,28.36,30.73,31.68,16.92,16.76,33.79,24.17,30.82,29.3,35.07,29.1,33.97,22.91,21.2,26.78,17.63,11.69,9.82,18.19,12.45,19.19,15.06,14.06,17.1,11.76,16.07,15.99,17.57,20.97,18.26,26.21,11.77,13.72,19.24,15.08,14.82,17.42,9.02,6.91,8.65,13.27,8.27,10.01,8.62,10.39,8.16,9.62,16.47,12.1,5.22,3.02,7.51,5.8,8.23,13.23,10.81,14.24,9.46,11.96,19.62,17.27,16.96,18.44,18.72,15.27,13.52,14.03,20.58,19.52,15.09,15.23,12.65,12.72,17.21,21.94,15.74,11.14,8.77,13.01,18.83,11.16,14.79,17.21,14.18,14.89,9.51,19.84,12.1,16.54,16.89,11.61,10.66,16.43,18.63,18.21,0.0,15.39,12.39,14.1,12.64,9.99,15.22,19.45,4.64,11.0,12.03,15.99,20.56,20.26,14.31,12.93,15.6,26.67,18.28,17.44,15.66,25.95,21.35,19.42,15.49,24.04,22.74,15.7,16.73,15.73,20.4,19.19,19.74,17.77,18.13,25.79,14.96,27.25,22.05,20.21,22.05,27.62,30.07,22.17,24.15,25.39,21.42,28.21,27.28,22.33,30.64,24.85,22.46,21.65,24.05,26.4,22.05,29.44,30.1,29.0,23.1,42.36,47.13
21.04,22.28,19.78,13.73,23.37,27.19,21.35,17.29,15.98,19.27,21.32,14.69,37.35,17.12,14.12,35.81,16.01,11.92,18.73,32.8,22.77,24.21,25.26,37.01,35.06,22.2,26.58,19.16,21.08,22.78,9.82,21.46,25.34,13.07,18.92,11.41,25.53,19.99,20.25,20.08,15.25,16.47,28.36,15.47,25.33,14.18,18.91,12.82,16.24,23.77,15.94,36.32,19.97,19.01,18.3,16.44,20.1,10.41,23.65,20.4,19.21,28.29,21.13,14.1,16.6,20.21,21.37,14.95,15.8,22.47,19.74,17.55,14.27,16.56,17.77,14.77,9.94,17.9,13.43,18.51,21.57,19.02,17.8,19.86,20.33,18.22,18.44,17.41,19.08,19.91,7.55,21.77,11.65,9.43,10.98,15.58,10.48,15.7,15.87,15.05,18.0,44.3,32.31,38.51,32.25,33.42,39.7,34.98,34.64,37.3,37.94,37.64,23.87,22.58,16.69,22.74,25.16,21.02,22.73,23.2,24.95,32.67,17.98,16.63,23.78,20.55,17.0,20.1,18.55,20.95,27.43,26.99,24.95,29.22,23.3,24.07,35.08,35.64,23.59,33.54,42.42,40.34,42.71,43.66,28.9,28.74,40.81,36.14,42.8,41.28,39.98,41.08,43.41,34.88,33.18,38.76,29.61,23.67,21.8,29.47,23.03,36.9,26.34,25.34,28.38,22.34,27.35,27.27,28.85,35.26,29.54,32.17,22.35,25.7,35.36,26.36,25.41,28.7,16.87,21.95,18.16,25.25,18.93,19.52,20.6,22.37,20.14,21.6,22.42,22.69,17.2,13.72,7.86,10.79,9.53,19.19,17.63,20.2,15.83,16.03,25.58,23.23,22.92,24.4,24.67,19.34,17.59,18.1,22.2,21.84,17.85,19.3,16.72,18.33,13.53,15.03,13.8,5.71,7.63,12.88,8.27,16.77,12.71,10.31,14.62,1.38,12.27,9.28,6.66,0.79,13.66,17.41,18.16,10.16,12.17,7.68,15.39,0.0,15.5,12.16,18.25,15.9,11.51,12.98,11.83,14.88,13.94,9.11,25.83,25.54,19.58,16.3,20.88,31.95,19.86,22.72,20.93,31.23,26.63,24.7,20.76,29.31,28.02,20.97,22.01,21.01,25.68,24.47,25.02,23.04,23.41,31.07,20.24,32.53,27.32,25.49,27.33,32.9,35.35,27.45,29.42,30.67,26.69,33.49,32.56,27.61,35.92,30.13,27.74,26.92,29.33,31.68,27.32,34.71,35.38,34.28,28.38,35.9,36.24
24.83,28.53,23.57,22.12,17.32,13.75,27.6,21.01,20.08,21.18,7.76,23.07,23.49,22.73,22.51,16.63,16.07,26.02,22.45,19.36,5.65,10.77,27.16,23.84,23.64,16.15,28.49,9.61,16.04,24.68,18.94,8.02,11.9,21.45,10.86,11.93,12.09,16.06,22.15,15.68,20.85,22.07,15.61,19.26,27.24,19.78,20.82,10.98,18.15,10.33,17.43,22.68,6.47,16.33,20.21,12.65,12.16,13.03,10.2,8.4,12.39,30.2,6.3,15.58,13.59,14.82,14.21,15.01,17.29,9.03,9.11,17.43,18.99,16.63,18.44,18.56,13.64,15.04,17.88,10.57,12.28,14.79,19.71,11.37,12.38,14.97,13.75,13.47,12.28,12.93,28.97,26.39,25.75,23.52,25.07,29.67,24.58,21.3,24.25,23.43,23.61,31.13,19.56,24.62,19.5,20.67,24.29,22.24,21.9,23.74,24.08,24.47,19.94,18.65,12.76,18.81,21.23,17.08,18.8,19.27,21.02,28.74,14.05,12.7,19.85,16.62,13.07,16.17,14.62,17.02,13.99,13.55,11.51,15.78,9.86,10.62,21.64,22.2,10.15,20.1,28.98,26.9,29.26,30.22,15.45,15.3,32.33,22.7,29.36,27.84,33.6,27.64,32.5,21.44,19.74,25.32,16.17,10.22,6.63,16.72,14.52,17.72,13.6,12.6,15.64,15.18,14.61,14.53,16.11,19.51,16.79,19.99,15.19,12.25,17.78,13.62,18.23,15.95,3.37,7.28,4.66,11.81,5.43,6.02,10.34,8.92,8.82,10.5,18.02,15.53,14.18,9.85,19.64,13.51,20.36,21.1,18.67,22.1,17.32,19.82,27.48,25.14,24.83,26.31,26.58,23.13,21.38,21.89,28.44,27.38,21.57,23.09,20.51,1.34,6.81,11.54,5.35,22.01,21.87,2.62,29.7,1.69,4.4,6.82,0.88,16.87,20.65,30.71,22.97,16.29,27.76,3.91,4.66,6.04,8.24,7.82,12.39,15.5,0.0,3.71,1.26,2.4,4.83,9.05,12.35,3.11,3.11,5.6,28.43,28.14,22.18,20.81,23.48,23.16,26.16,25.32,23.53,21.9,29.23,27.3,23.37,31.91,30.62,23.58,24.61,23.61,28.28,27.07,27.62,25.65,26.01,33.67,17.02,35.13,29.93,28.09,29.93,35.5,37.95,30.05,32.03,33.27,29.3,36.09,35.16,30.21,38.52,32.73,30.34,29.53,31.93,34.28,29.92,37.32,37.98,36.88,30.98,31.97,30.98
26.54,30.24,25.28,23.83,19.03,15.46,29.31,22.72,21.79,22.89,9.47,24.78,25.2,24.43,24.22,18.34,17.78,27.73,24.16,21.07,7.36,12.48,28.87,25.55,25.35,17.86,30.2,11.32,17.75,26.39,20.65,9.73,13.61,23.16,12.57,13.64,13.8,12.73,23.86,17.39,22.56,23.78,17.32,20.97,28.95,21.49,22.53,12.69,19.86,12.04,19.14,24.39,8.18,18.04,21.92,14.36,13.87,14.74,11.91,10.11,14.1,31.91,8.01,17.29,15.3,16.53,15.92,16.72,19.0,10.74,10.82,19.14,20.7,18.34,20.15,20.27,15.35,16.75,19.59,12.28,13.99,16.5,21.42,13.08,14.09,16.68,15.46,15.18,13.99,14.64,15.51,23.06,27.46,25.23,26.78,31.38,26.29,23.01,25.96,25.14,25.32,32.84,21.27,26.33,21.21,22.38,26.0,23.95,23.61,25.45,25.79,26.18,16.61,15.32,9.43,15.48,17.9,13.75,15.46,15.94,17.68,25.41,10.71,9.36,16.52,13.29,9.74,12.83,11.29,13.69,15.7,15.26,13.22,17.49,11.57,12.33,23.35,23.91,11.86,21.81,30.69,28.61,30.97,31.93,17.16,17.01,33.55,24.41,31.07,29.55,32.71,29.35,36.15,23.15,21.45,27.03,17.88,11.93,8.34,18.43,16.23,19.43,15.31,14.31,17.35,16.89,16.32,16.24,17.82,21.22,18.5,21.7,16.9,13.96,19.49,15.33,19.94,17.66,5.08,8.99,6.37,13.52,7.14,7.73,12.05,10.63,10.53,12.21,19.73,17.24,15.89,11.56,21.35,15.22,22.07,22.81,20.38,23.81,19.03,21.53,29.19,26.85,26.54,28.02,28.29,24.84,23.09,23.6,30.15,29.09,23.28,24.8,22.22,6.54,3.48,8.21,1.64,23.72,23.58,1.09,16.23,4.98,1.07,3.48,2.83,13.54,22.36,17.24,24.68,12.96,29.47,5.62,6.37,2.7,4.9,4.48,14.1,12.16,3.71,0.0,6.46,4.11,1.5,5.72,14.06,3.1,2.15,1.89,30.14,29.85,23.89,22.52,25.19,24.87,27.87,27.03,25.24,23.61,30.94,29.01,25.08,33.62,32.33,25.29,26.32,25.32,29.99,28.78,29.33,27.36,27.72,35.38,18.73,36.84,31.64,29.8,31.64,37.21,39.66,31.76,33.74,34.98,31.01,37.8,36.87,31.92,40.23,34.44,32.05,31.24,33.64,35.99,31.63,39.03,39.69,38.59,32.69,28.64,27.65
25.08,28.78,23.82,22.37,17.57,14.0,27.85,21.26,20.33,21.43,8.01,23.32,23.74,22.97,22.76,16.88,16.32,26.27,22.7,19.61,5.9,11.01,27.41,24.09,23.89,16.4,28.73,9.86,16.29,24.93,19.19,8.27,12.15,21.7,11.11,12.18,12.34,18.81,22.4,15.93,21.1,22.32,15.86,19.51,27.49,20.03,21.07,11.23,18.4,10.58,17.68,22.93,6.72,16.58,20.46,12.9,12.41,13.28,10.45,8.65,12.63,30.45,6.55,15.83,13.84,15.06,14.46,15.26,17.54,9.28,9.36,17.68,19.24,16.88,18.68,18.81,13.89,15.29,18.13,10.82,12.53,15.04,19.96,11.62,12.63,15.22,14.0,13.72,12.53,13.18,29.22,29.14,25.99,23.77,25.32,29.92,24.82,21.55,24.5,23.68,23.85,31.38,19.81,24.87,19.75,20.92,24.54,22.49,22.15,23.99,24.33,24.72,22.69,21.4,15.51,21.56,23.98,19.83,21.55,22.02,23.77,31.49,16.8,15.45,22.6,19.37,15.82,18.92,17.37,19.77,14.24,13.8,11.76,16.02,10.11,10.87,21.89,22.45,10.4,20.35,29.23,27.15,29.51,30.47,15.7,15.55,32.58,22.95,29.61,28.09,33.85,27.89,32.75,21.69,19.98,25.57,16.42,10.47,6.87,16.97,14.77,17.97,13.85,12.85,15.88,15.43,14.86,14.78,16.36,19.76,17.04,20.24,15.44,12.5,18.03,13.87,18.48,16.2,3.62,7.53,4.91,12.06,5.68,6.27,10.59,9.17,9.07,10.75,18.27,15.78,14.43,10.1,19.89,13.76,20.61,21.35,18.92,22.35,17.57,20.07,27.73,25.39,25.08,26.56,26.83,23.38,21.63,22.14,28.69,27.63,21.82,23.34,20.76,1.59,9.56,14.29,8.09,22.26,22.12,5.37,29.95,1.94,7.15,9.57,2.14,26.0,20.9,30.96,23.21,19.04,28.01,4.16,4.91,8.79,10.99,10.57,12.64,18.25,1.26,6.46,0.0,2.65,7.58,11.8,12.6,3.36,4.38,8.35,28.68,28.39,22.43,21.06,23.73,23.41,26.41,25.57,23.78,22.15,29.48,27.55,23.62,32.16,30.87,23.83,24.86,23.86,28.53,27.32,27.87,25.89,26.26,33.92,17.27,35.38,30.18,28.34,30.18,35.75,38.2,30.3,32.28,33.52,29.54,36.34,35.41,30.46,38.77,32.98,30.59,29.78,32.18,34.53,30.17,37.57,38.23,37.13,31.23,34.72,33.73
22.44,26.13,21.17,19.72,14.93,11.35,25.2,18.61,17.68,18.78,5.36,20.68,21.09,20.33,20.11,14.23,13.68,23.62,20.05,16.96,3.25,8.37,24.77,21.45,21.25,13.75,26.09,7.21,13.64,22.29,16.54,5.62,9.5,19.05,8.47,9.53,9.69,16.46,19.76,13.29,18.45,19.68,13.22,16.87,24.84,17.38,18.42,8.58,15.76,7.93,15.03,20.28,4.07,13.94,17.81,10.25,9.76,10.63,7.81,6.0,9.99,27.8,3.91,13.19,11.19,12.42,11.81,12.61,14.89,6.64,6.71,15.04,16.59,14.23,16.04,16.16,11.25,12.64,15.49,8.17,9.89,12.4,17.31,8.98,9.99,12.58,11.36,11.08,9.88,10.53,26.57,26.79,23.35,21.12,22.68,27.28,22.18,18.91,21.85,21.04,21.21,28.73,17.17,22.22,17.11,18.28,21.89,19.84,19.5,21.34,21.68,22.08,20.34,19.05,13.16,19.21,21.63,17.48,19.19,19.67,21.42,29.14,14.45,13.09,20.25,17.02,13.47,16.57,15.02,17.42,11.59,11.15,9.11,13.38,7.46,8.23,19.24,19.8,7.75,17.7,26.58,24.5,26.87,27.82,13.06,12.9,29.93,20.31,26.96,25.44,31.21,25.24,30.11,19.05,17.34,22.92,13.77,7.83,4.23,14.33,12.12,15.33,11.2,10.2,13.24,12.79,12.21,12.13,13.71,17.11,14.4,17.59,12.8,9.86,15.38,11.22,15.83,13.56,0.97,4.89,2.27,9.41,3.03,3.63,7.94,6.53,6.43,8.11,15.63,13.14,11.79,7.45,17.24,11.11,17.96,18.7,16.27,19.71,14.92,17.42,25.09,22.74,22.43,23.91,24.18,20.73,18.98,19.5,26.05,24.98,19.17,20.7,18.11,2.73,7.21,11.94,5.74,19.61,19.47,3.02,27.3,1.17,4.8,7.22,4.19,23.36,18.25,28.31,20.57,16.69,25.36,1.62,2.56,6.43,8.64,8.22,9.99,15.9,2.4,4.11,2.65,0.0,5.23,9.45,9.95,1.01,2.03,6.0,26.04,25.75,19.79,18.41,21.08,20.77,23.77,22.93,21.14,19.5,26.84,24.9,20.97,29.52,28.22,21.18,22.21,21.21,25.89,24.67,25.22,23.25,23.62,31.28,14.62,32.73,27.53,25.69,27.54,33.1,35.55,27.66,29.63,30.87,26.9,33.7,32.77,27.82,36.12,30.33,27.95,27.13,29.53,31.88,27.53,34.92,35.58,34.48,28.59,32.37,31.38
27.66,31.36,26.4,24.95,20.15,16.58,30.43,23.84,22.91,24.01,10.59,25.9,26.32,25.55,25.34,19.46,18.9,28.85,25.28,22.19,8.48,13.6,29.99,26.67,26.47,18.98,31.32,12.44,18.87,27.51,21.77,10.85,14.73,24.28,13.69,14.76,14.92,12.07,24.98,18.51,23.68,24.9,18.44,22.09,30.07,22.61,23.65,13.81,20.98,13.16,20.26,25.51,9.3,19.16,23.04,15.48,14.99,15.86,13.03,11.23,15.22,33.03,9.13,18.41,16.42,17.65,17.04,17.84,20.12,11.86,11.94,20.26,21.82,19.46,21.27,21.39,16.47,17.87,20.71,13.4,15.11,17.62,22.54,14.2,15.21,17.8,16.58,16.3,15.11,15.76,14.85,22.4,28.58,26.35,27.9,32.5,27.41,24.13,27.08,26.26,26.44,33.96,22.39,27.45,22.33,23.5,27.12,25.07,24.73,26.57,26.91,27.3,15.96,14.66,8.77,14.82,17.24,13.1,14.81,15.28,17.03,24.75,10.06,8.71,15.86,12.63,9.08,12.18,10.63,13.03,16.82,16.38,14.34,18.61,12.69,13.45,24.47,25.03,12.98,22.93,31.81,29.73,32.09,33.05,18.28,18.13,32.89,25.53,32.19,30.67,32.06,30.47,35.49,24.27,22.57,28.15,19.0,13.05,9.46,19.55,17.35,20.55,16.43,15.43,18.47,18.01,17.44,17.36,18.94,22.34,19.62,22.82,18.02,15.08,20.61,16.45,21.06,18.78,6.2,10.11,7.49,14.64,8.26,8.85,13.17,11.75,11.65,13.33,20.85,18.36,17.01,12.68,22.47,16.34,23.19,23.93,21.5,24.93,20.15,22.65,30.31,27.97,27.66,29.14,29.41,25.96,24.21,24.72,31.27,30.21,24.4,25.92,23.34,7.66,2.86,7.55,1.78,24.84,24.7,2.21,15.58,6.1,2.04,2.83,3.95,12.88,23.48,16.59,25.8,12.3,30.59,6.74,7.49,2.05,4.25,3.83,15.22,11.51,4.83,1.5,7.58,5.23,0.0,5.07,15.18,4.22,3.27,1.68,31.26,30.97,25.01,23.64,26.31,25.99,28.99,28.15,26.36,24.73,32.06,30.13,26.2,34.74,33.45,26.41,27.44,26.44,31.11,29.9,30.45,28.48,28.84,36.5,19.85,37.96,32.76,30.92,32.76,38.33,40.78,32.88,34.86,36.1,32.13,38.92,37.99,33.04,41.35,35.56,33.17,32.36,34.76,37.11,32.75,40.15,40.81,39.71,33.81,27.98,26.99
31.89,35.59,30.63,29.17,24.38,20.81,34.65,28.06,27.13,28.24,14.82,30.13,30.55,29.78,29.56,23.68,23.13,33.07,29.5,26.41,12.7,17.82,34.22,30.9,30.7,23.21,35.54,16.67,23.09,31.74,25.99,15.08,18.95,28.5,17.92,18.98,19.14,7.01,29.21,22.74,27.91,29.13,22.67,26.32,34.29,26.84,27.87,18.03,25.21,17.38,24.49,29.73,13.52,23.39,27.26,19.71,19.21,20.08,17.26,15.45,19.44,37.25,13.36,22.64,20.65,21.87,21.26,22.07,24.35,16.09,16.17,24.49,26.04,23.68,25.49,25.61,20.7,22.09,24.94,17.62,19.34,21.85,26.77,18.43,19.44,22.03,20.81,20.53,19.33,19.99,16.33,17.34,32.8,30.58,32.13,36.73,21.16,28.36,31.31,30.49,30.66,38.18,26.62,31.67,26.56,27.73,31.35,29.29,28.96,30.8,31.13,31.53,10.89,9.6,3.71,9.76,12.18,8.03,9.74,10.22,11.96,19.69,4.99,3.64,10.8,7.57,4.02,7.11,5.56,7.96,21.05,20.61,18.57,22.83,16.91,17.68,28.69,29.26,17.2,27.16,36.03,33.95,33.87,32.41,22.51,22.35,27.82,29.76,32.3,34.89,26.99,32.52,30.43,28.5,26.79,32.37,23.22,17.28,13.68,23.78,21.57,24.78,20.65,19.65,22.69,22.24,21.66,21.58,23.16,26.56,23.85,27.04,22.25,19.31,24.83,20.67,25.28,23.01,10.42,14.34,11.72,18.86,12.49,13.08,17.39,15.98,15.88,17.56,25.08,22.59,21.24,16.9,26.7,20.56,27.41,28.15,25.72,29.16,24.37,26.87,34.54,32.19,31.88,33.36,33.63,30.19,28.44,28.95,35.5,34.44,28.62,30.15,27.56,11.88,7.08,9.03,7.36,18.69,28.92,6.44,17.05,10.32,6.27,4.31,8.17,14.36,27.71,18.07,19.65,13.78,34.81,10.97,11.71,3.72,1.35,5.31,19.45,12.98,9.05,5.72,11.8,9.45,5.07,0.0,19.41,8.44,7.49,6.75,35.49,35.2,29.24,27.87,30.54,30.22,33.22,32.38,30.59,28.95,36.29,34.36,30.42,38.97,37.67,30.63,31.67,30.66,35.34,34.13,34.68,32.7,33.07,40.73,24.07,42.19,36.98,35.15,36.99,42.55,45.01,37.11,39.08,40.33,36.35,43.15,42.22,37.27,45.58,39.79,37.4,36.58,38.98,41.33,36.98,44.37,45.03,43.93,38.04,22.92,21.93
14.95,18.65,13.69,7.95,11.13,14.45,17.72,11.51,10.2,11.3,6.02,8.91,24.19,11.34,8.34,17.32,6.19,10.88,12.95,20.05,10.03,11.46,17.28,29.04,27.08,9.96,18.61,6.42,9.55,14.8,4.77,8.72,12.59,7.29,6.18,2.2,12.78,26.41,12.27,12.11,9.47,10.69,16.31,9.38,17.36,8.4,10.94,2.08,8.27,11.02,7.55,23.38,6.95,11.04,10.33,3.69,7.36,3.3,10.9,5.1,6.46,20.32,6.05,5.7,2.3,8.32,8.76,5.13,7.41,9.73,6.03,7.55,8.49,6.75,8.56,8.68,2.16,5.16,7.65,5.77,8.55,11.05,9.83,7.12,7.58,8.05,6.88,5.38,6.33,7.48,14.01,28.22,10.61,8.38,9.93,14.53,9.44,9.92,10.09,9.27,12.22,36.33,20.26,25.31,20.2,21.37,24.99,22.93,22.6,24.44,24.78,29.67,30.3,29.0,23.11,29.16,31.58,27.44,29.15,29.62,31.37,39.09,24.4,23.05,30.2,26.97,23.42,26.52,24.97,27.37,14.69,14.25,12.21,16.47,10.56,11.32,22.34,22.9,10.84,20.8,29.67,27.6,29.96,30.91,16.15,16.0,33.03,23.4,30.05,28.53,34.3,28.34,33.2,22.14,20.43,26.01,16.87,10.92,9.05,17.42,10.43,18.42,14.3,13.29,16.33,9.74,15.3,15.22,16.81,20.2,17.49,24.19,9.75,12.95,18.47,14.31,12.8,16.65,8.98,6.87,8.61,12.5,8.23,9.97,7.85,9.62,7.39,8.85,14.45,10.09,3.2,2.98,3.97,1.03,4.69,11.22,8.79,12.22,7.44,9.94,17.6,15.26,14.95,16.43,16.7,13.25,11.5,12.01,18.56,17.5,12.07,13.21,10.63,12.68,17.16,21.89,15.7,6.71,5.22,12.97,14.73,11.12,14.75,17.17,14.14,10.45,6.49,15.74,7.66,12.11,12.62,11.57,10.62,16.39,18.59,18.17,4.64,11.83,12.35,14.06,12.6,9.95,15.18,19.41,0.0,10.96,11.99,15.95,18.54,18.25,12.29,10.91,13.58,24.65,16.27,15.43,13.64,23.93,19.33,17.4,13.47,22.02,20.72,13.68,14.71,13.71,18.39,17.17,17.72,15.75,16.12,23.78,12.94,25.23,20.03,18.19,20.03,25.6,28.05,20.16,22.13,23.37,19.4,26.19,25.27,20.31,28.62,22.83,20.45,19.63,22.03,24.38,20.03,27.42,28.08,26.98,21.09,45.57,43.14
23.45,27.14,22.18,20.73,15.94,12.36,26.21,19.62,18.69,19.79,6.37,21.69,22.1,21.34,21.12,15.24,14.69,24.63,21.06,17.97,4.26,9.38,25.78,22.46,22.26,14.76,27.1,8.22,14.65,23.3,17.55,6.63,10.51,20.06,9.48,10.54,10.7,15.45,20.77,14.3,19.47,20.69,14.23,17.88,25.85,18.39,19.43,9.59,16.77,8.94,16.04,21.29,5.08,14.95,18.82,11.26,10.77,11.64,8.82,7.01,11.0,28.81,4.92,14.2,12.2,13.43,12.82,13.63,15.9,7.65,7.72,16.05,17.6,15.24,17.05,17.17,12.26,13.65,16.5,9.18,10.9,13.41,18.32,9.99,11.0,13.59,12.37,12.09,10.89,11.54,27.58,25.78,24.36,22.13,23.69,28.29,23.19,19.92,22.86,22.05,22.22,29.74,18.18,23.23,18.12,19.29,22.9,20.85,20.51,22.35,22.69,23.09,19.33,18.04,12.15,18.2,20.62,16.47,18.18,18.66,20.41,28.13,13.44,12.08,19.24,16.01,12.46,15.56,14.01,16.41,12.6,12.16,10.12,14.39,8.47,9.24,20.25,20.81,8.76,18.72,27.59,25.51,27.88,28.83,14.07,13.91,30.94,21.32,27.97,26.45,32.22,26.25,31.12,20.06,18.35,23.93,14.78,8.84,5.24,15.34,13.13,16.34,12.21,11.21,14.25,13.8,13.22,13.14,14.72,18.12,15.41,18.6,13.81,10.87,16.39,12.23,16.84,14.57,1.98,5.9,3.28,10.42,4.05,4.64,8.95,7.54,7.44,9.12,16.64,14.15,12.8,8.46,18.25,12.12,18.97,19.71,17.28,20.72,15.93,18.43,26.1,23.75,23.44,24.92,25.19,21.74,20.0,20.51,27.06,26.0,20.18,21.71,19.12,3.44,6.2,10.93,4.73,20.62,20.48,2.01,28.31,1.88,3.79,6.21,3.18,24.37,19.26,29.32,21.58,15.68,26.37,2.52,3.27,5.42,7.63,7.21,11.0,14.88,3.11,3.1,3.36,1.01,4.22,8.44,10.96,0.0,1.02,4.99,27.05,26.76,20.8,19.42,22.09,21.78,24.78,23.94,22.15,20.51,27.85,25.91,21.98,30.53,29.23,22.19,23.22,22.22,26.9,25.68,26.23,24.26,24.63,32.29,15.63,33.74,28.54,26.7,28.55,34.11,36.56,28.67,30.64,31.89,27.91,34.71,33.78,28.83,37.14,31.34,28.96,28.14,30.54,32.89,28.54,35.93,36.59,35.49,29.6,31.36,30.37
24.47,28.17,23.21,21.75,16.96,13.39,27.23,20.64,19.72,20.82,7.4,22.71,23.13,22.36,22.14,16.26,15.71,25.65,22.08,18.99,5.28,10.4,26.8,23.48,23.28,15.79,28.12,9.25,15.68,24.32,18.57,7.66,11.53,21.09,10.5,11.56,11.72,14.5,21.79,15.32,20.49,21.71,15.25,18.9,26.87,19.42,20.45,10.62,17.79,9.96,17.07,22.32,6.1,15.97,19.84,12.29,11.79,12.66,9.84,8.03,12.02,29.83,5.94,15.22,13.23,14.45,13.84,14.65,16.93,8.67,8.75,17.07,18.62,16.26,18.07,18.2,13.28,14.67,17.52,10.21,11.92,14.43,19.35,11.01,12.02,14.61,13.39,13.11,11.92,12.57,28.61,24.83,25.38,23.16,24.71,29.31,24.21,20.94,23.89,23.07,23.24,30.76,19.2,24.25,19.14,20.31,23.93,21.87,21.54,23.38,23.72,24.11,18.38,17.09,11.2,17.25,19.67,15.52,17.23,17.71,19.46,27.18,12.49,11.13,18.29,15.06,11.51,14.61,13.06,15.46,13.63,13.19,11.15,15.41,9.5,10.26,21.28,21.84,9.78,19.74,28.61,26.54,28.9,29.85,15.09,14.94,31.97,22.34,28.99,27.47,34.48,27.28,32.14,21.08,19.37,24.95,15.81,9.86,6.26,16.36,14.16,17.36,13.24,12.23,15.27,14.82,14.24,14.16,15.75,19.14,16.43,19.62,14.83,11.89,17.41,13.25,17.86,15.59,3.0,6.92,4.3,11.44,5.07,5.66,9.98,8.56,8.46,10.14,17.66,15.17,13.82,9.49,19.28,13.14,20.0,20.73,18.31,21.74,16.95,19.45,27.12,24.77,24.46,25.94,26.22,22.77,21.02,21.53,28.08,27.02,21.2,22.73,20.15,4.46,5.25,9.98,3.78,21.65,21.5,1.06,29.33,2.9,2.84,5.26,2.23,15.31,20.29,30.34,22.6,14.73,27.39,3.55,4.29,4.47,6.68,6.26,12.03,13.94,3.11,2.15,4.38,2.03,3.27,7.49,11.99,1.02,0.0,4.04,28.07,27.78,21.82,20.45,23.12,22.8,25.8,24.96,23.17,21.54,28.87,26.94,23.0,31.55,30.25,23.21,24.25,23.25,27.92,26.71,27.26,25.28,25.65,33.31,16.65,34.77,29.56,27.73,29.57,35.13,37.59,29.69,31.66,32.91,28.93,35.73,34.8,29.85,38.16,32.37,29.98,29.16,31.56,33.91,29.56,36.95,37.61,36.51,30.62,30.41,29.42
28.43,32.13,27.17,25.72,20.92,17.35,31.2,24.6,23.68,24.78,11.36,26.67,27.09,26.32,26.11,20.23,19.67,29.62,26.05,22.96,9.25,14.36,30.76,27.44,27.24,19.75,32.08,13.21,19.64,28.28,22.54,11.62,15.5,25.05,14.46,15.53,15.69,13.76,25.75,19.28,24.45,25.67,19.21,22.86,30.84,23.38,24.42,14.58,21.75,13.93,21.03,26.28,10.07,19.93,23.81,16.25,15.76,16.62,13.8,12.0,15.98,33.79,9.9,19.18,17.19,18.41,17.81,18.61,20.89,12.63,12.71,21.03,22.59,20.23,22.03,22.16,17.24,18.64,21.48,14.17,15.88,18.39,23.31,14.97,15.98,18.57,17.35,17.07,15.88,16.53,12.46,24.09,29.34,27.12,28.67,33.27,28.17,24.9,27.85,27.03,27.2,34.73,23.16,28.22,23.1,24.27,27.89,25.84,25.5,27.34,27.68,28.07,17.64,16.35,10.45,16.51,18.93,14.78,16.49,16.97,18.71,26.44,11.74,10.39,17.55,14.32,10.76,13.86,12.31,14.71,17.59,17.15,15.11,19.37,13.46,14.22,25.24,25.8,13.75,23.7,32.57,30.5,32.86,33.82,19.05,18.9,34.57,26.3,32.96,31.44,33.74,31.24,37.18,25.04,23.33,28.92,19.77,13.82,10.22,20.32,18.12,21.32,17.2,16.2,19.23,18.78,18.21,18.13,19.71,23.11,20.39,23.58,18.79,15.85,21.38,17.22,21.83,19.55,6.97,10.88,8.26,15.41,9.03,9.62,13.94,12.52,12.42,14.1,21.62,19.13,17.78,13.45,23.24,17.11,23.96,24.7,22.27,25.7,20.92,23.42,31.08,28.74,28.43,29.91,30.18,26.73,24.98,25.49,32.04,30.98,25.17,26.69,24.11,8.43,4.54,9.24,2.01,12.42,25.47,2.98,13.18,6.87,2.96,4.51,4.72,10.49,24.25,14.2,13.37,9.91,31.36,7.51,8.26,3.73,5.93,5.51,15.99,9.11,5.6,1.89,8.35,6.0,1.68,6.75,15.95,4.99,4.04,0.0,32.03,31.74,25.78,24.41,27.08,26.76,29.76,28.92,27.13,25.5,32.83,30.9,26.97,35.51,34.22,27.18,28.21,27.21,31.88,30.67,31.22,29.24,29.61,37.27,20.62,38.73,33.53,31.69,33.53,39.1,41.55,33.65,35.63,36.87,32.89,39.69,38.76,33.81,42.12,36.33,33.94,33.13,35.53,37.88,33.52,40.92,41.58,40.48,34.58,29.67,28.68
12.93,11.43,10.46,16.45,16.73,27.2,10.49,15.47,14.54,9.96,21.33,17.41,25.57,17.02,16.84,24.02,13.59,24.72,16.91,32.81,22.79,20.27,3.04,25.23,23.27,15.56,6.25,19.17,15.36,13.84,17.64,21.47,25.35,14.01,18.94,17.94,25.54,42.5,13.61,14.36,15.86,16.37,21.72,12.93,4.68,14.79,7.8,17.99,17.37,23.78,14.45,24.53,22.25,12.37,8.99,16.45,20.11,18.92,21.59,20.41,14.58,13.17,21.14,14.8,16.62,13.57,14.73,14.96,14.31,22.49,19.75,12.91,13.45,12.15,13.91,11.55,19.26,13.95,12.9,18.53,14.93,12.39,9.49,14.38,15.1,11.58,11.8,12.61,13.88,13.27,27.67,41.89,24.45,22.22,23.77,28.37,23.28,16.32,18.58,17.77,17.91,32.52,25.67,26.72,25.61,26.78,27.92,29.11,28.0,25.51,26.16,25.86,46.38,45.09,39.2,45.25,47.67,43.52,45.23,45.71,47.45,55.18,40.48,39.13,46.29,43.06,39.51,47.99,41.06,43.46,27.44,27.0,24.96,29.23,23.31,24.08,35.09,35.66,23.6,33.56,42.43,40.35,42.72,43.67,28.91,28.75,45.78,36.16,42.81,41.29,47.06,41.09,45.96,34.9,33.19,38.77,24.54,23.68,21.81,22.83,16.39,25.12,19.7,18.7,21.74,15.7,20.71,20.63,22.21,23.47,22.9,20.38,15.71,20.52,23.57,19.72,18.77,22.06,25.07,21.97,24.7,25.26,24.32,26.06,15.86,16.49,20.15,15.9,16.7,16.05,17.21,18.89,18.34,20.11,19.06,8.85,11.63,7.68,13.48,10.29,5.25,3.53,3.69,1.86,4.35,11.77,12.78,10.78,11.34,10.28,16.03,9.2,13.89,28.76,33.25,37.98,31.78,20.71,20.57,29.05,28.4,27.2,30.84,33.25,30.23,24.46,14.41,29.41,21.67,26.11,26.46,27.66,26.71,32.47,34.67,34.25,20.56,25.83,28.43,30.14,28.68,26.04,31.26,35.49,18.54,27.05,28.07,32.03,0.0,11.14,5.98,8.98,5.48,20.76,8.67,4.7,10.67,20.05,12.73,8.6,7.08,14.47,14.84,6.21,9.12,8.27,1.96,11.58,12.13,10.16,7.66,16.23,15.58,12.27,7.69,5.85,7.7,13.68,15.32,7.82,11.61,12.86,7.06,13.24,14.67,9.72,21.08,10.5,8.32,7.29,9.69,10.1,7.69,19.87,15.34,14.24,8.75,58.22,55.79
14.52,13.02,12.05,20.53,12.41,26.91,12.08,17.06,16.13,11.55,21.04,21.48,15.62,23.91,20.92,14.07,13.33,24.43,18.5,32.52,22.49,17.67,10.13,15.28,13.32,10.76,8.96,18.88,9.62,8.1,17.35,21.18,25.06,19.86,18.64,17.65,25.25,42.21,13.32,8.62,22.04,23.26,14.81,14.52,8.34,20.97,9.39,17.7,17.08,23.49,14.23,14.58,21.96,10.42,10.57,16.16,19.82,18.63,18.99,20.12,14.32,2.55,20.85,14.51,16.32,9.81,12.13,14.67,16.22,22.19,19.46,12.65,15.04,11.88,13.65,13.14,18.97,13.69,16.81,18.23,12.33,9.62,11.53,14.12,14.84,11.32,11.54,12.35,13.62,10.92,27.38,41.6,24.16,21.93,23.48,28.08,22.99,22.49,22.66,21.84,24.79,22.56,22.14,16.77,23.01,22.04,17.96,19.15,25.41,15.56,16.21,15.91,46.09,44.8,38.9,44.96,47.38,43.23,44.94,45.41,47.16,54.89,40.19,38.84,45.99,42.77,39.21,47.7,40.76,43.16,27.15,26.71,24.67,28.94,23.02,23.79,34.8,35.36,23.31,33.26,42.14,40.06,42.43,43.38,28.62,23.23,45.49,35.86,42.52,41.0,46.76,40.8,45.66,34.61,32.9,38.48,21.94,19.01,21.52,20.23,13.79,15.17,17.1,16.1,19.14,13.1,15.81,18.03,16.53,13.52,20.3,10.43,13.11,17.92,13.62,16.87,16.17,19.46,24.77,21.67,24.4,24.97,24.02,25.76,15.59,16.22,19.86,12.96,10.96,13.45,16.92,18.6,18.05,19.82,18.77,10.43,13.88,9.27,16.24,11.88,7.96,9.62,9.31,9.27,6.79,13.36,14.36,12.37,12.93,11.87,17.62,10.79,15.48,28.47,32.96,37.69,31.49,20.42,20.28,28.76,28.11,26.91,30.55,32.96,29.94,24.16,19.06,29.12,21.38,25.82,26.17,27.37,26.42,32.18,34.38,33.96,20.26,25.54,28.14,29.85,28.39,25.75,30.97,35.2,18.25,26.76,27.78,31.74,11.14,0.0,7.89,10.9,7.91,11.02,10.59,9.75,5.14,10.3,2.99,6.29,7.29,4.73,5.1,6.45,3.53,8.48,10.99,3.83,1.24,2.5,5.0,6.49,10.06,7.61,4.16,5.28,4.82,6.57,8.21,7.83,4.5,5.75,9.77,8.57,7.64,2.69,11.34,7.94,2.82,8.2,9.7,6.76,5.22,10.13,8.24,7.14,8.76,58.61,56.18
7.84,6.34,5.37,14.57,10.48,20.95,5.4,10.38,9.45,3.71,15.08,15.52,20.6,11.93,14.96,19.05,7.34,18.47,11.82,26.56,16.54,14.02,4.97,20.26,18.31,9.31,6.29,12.92,8.19,9.92,11.39,15.22,19.1,8.92,12.69,11.69,19.29,36.25,7.36,7.19,10.77,11.28,15.47,7.84,5.04,9.7,1.55,11.74,11.12,17.53,8.24,19.57,16.0,6.12,2.74,10.2,13.87,12.67,15.34,14.16,8.33,8.2,14.89,8.55,10.37,7.32,8.48,8.71,10.26,16.24,13.5,6.66,8.36,5.9,7.66,6.46,13.01,7.7,7.81,12.28,8.68,6.14,3.24,8.13,8.85,5.33,5.55,6.36,7.63,7.02,21.42,35.64,18.2,15.97,17.52,22.12,17.03,11.23,16.7,15.89,12.81,27.55,19.42,21.76,19.36,20.53,22.95,22.09,21.75,20.54,21.19,20.89,40.13,38.84,32.95,39.0,41.42,37.27,38.98,39.46,41.2,48.93,34.23,32.88,40.04,36.81,33.26,41.74,34.81,37.21,21.2,20.75,18.71,22.98,17.06,17.83,28.84,29.41,17.35,27.31,36.18,34.1,36.47,37.42,22.66,22.5,39.53,29.91,36.56,35.04,40.81,34.84,39.71,28.65,26.94,32.52,18.29,17.43,15.56,16.58,10.14,20.15,13.45,12.45,15.49,9.45,14.46,14.38,15.96,18.51,16.65,15.42,9.46,14.27,18.6,13.47,12.52,15.81,18.82,15.72,18.45,19.01,18.07,19.81,9.61,10.24,13.9,9.65,9.53,9.8,10.96,12.64,12.09,13.86,12.81,2.6,5.38,1.43,8.39,5.2,5.29,2.94,2.63,4.11,4.38,6.68,7.69,5.69,6.25,5.19,10.94,4.11,8.8,22.51,27.0,31.73,25.53,14.46,14.32,22.8,22.15,20.95,24.59,27.0,23.98,18.21,9.32,23.16,15.42,19.86,20.21,21.41,20.46,26.22,28.42,28.0,14.31,19.58,22.18,23.89,22.43,19.79,25.01,29.24,12.29,20.8,21.82,25.78,5.98,7.89,0.0,4.28,1.3,15.95,3.98,3.14,5.85,15.23,7.92,3.79,1.18,9.66,10.03,1.39,4.31,2.37,6.1,6.77,7.32,5.34,2.84,11.41,8.68,14.83,7.74,5.9,7.75,13.24,15.69,7.87,11.72,12.97,7.11,15.79,14.86,9.91,16.26,10.55,8.37,7.34,9.74,10.16,7.74,15.06,15.72,14.62,8.8,52.24,49.81
4.41,5.66,3.15,7.14,11.86,19.58,4.72,6.16,5.23,3.28,13.71,8.1,23.6,7.71,7.53,22.06,8.4,15.19,7.6,25.19,15.16,15.4,7.97,23.27,21.31,10.68,9.29,11.55,9.57,11.29,7.72,13.85,17.73,4.7,11.31,10.32,17.92,34.87,8.73,8.57,6.55,7.06,16.85,3.62,8.05,5.48,5.83,10.37,9.05,16.16,5.14,22.57,14.63,7.5,4.11,8.83,12.49,9.01,16.03,12.79,9.71,11.2,13.52,5.17,8.99,8.7,9.85,7.34,5.0,14.86,12.13,4.39,4.14,5.6,4.61,2.24,9.35,9.08,3.59,10.9,10.06,7.51,4.62,9.51,10.23,6.71,6.93,7.74,9.01,8.4,18.14,32.36,14.92,12.69,14.24,18.84,13.75,7.01,9.27,8.46,8.59,30.55,20.79,24.76,20.74,21.91,25.95,23.47,23.13,23.55,24.19,23.89,42.76,37.46,31.57,41.63,44.05,35.9,37.61,42.09,43.83,51.56,32.86,31.51,42.67,35.43,31.88,38.46,33.43,40.16,19.82,19.38,17.34,21.61,15.69,16.45,27.47,28.03,15.98,25.93,34.81,32.73,35.09,36.05,21.28,21.13,38.16,28.53,35.19,33.67,39.43,33.47,38.33,27.27,25.56,31.15,19.67,16.05,14.18,17.95,11.52,23.15,14.83,13.83,16.87,10.83,15.84,15.76,17.34,21.51,18.03,18.42,10.84,15.65,21.61,14.85,13.9,17.18,17.44,14.34,17.07,17.64,16.69,18.43,10.98,11.61,12.53,11.03,10.91,11.18,9.59,11.26,8.43,10.2,9.14,4.58,2.92,5.72,4.17,0.98,8.29,5.94,5.63,7.11,7.39,2.71,3.47,1.47,5.57,5.21,6.72,2.11,4.58,21.14,25.62,30.35,24.16,11.18,9.68,21.43,18.87,19.58,23.21,25.63,22.6,14.93,5.1,19.88,12.14,16.58,16.93,20.03,19.08,24.85,27.05,26.63,12.93,16.3,20.81,22.52,21.06,18.41,23.64,27.87,10.91,19.42,20.45,24.41,8.98,10.9,4.28,0.0,3.49,19.01,3.94,6.2,8.91,18.29,10.98,6.85,5.33,12.72,13.09,4.45,7.37,6.51,9.16,9.83,10.38,8.4,5.9,14.47,10.06,17.89,10.8,8.97,10.81,16.3,18.75,10.93,14.78,16.03,10.17,18.85,17.92,12.97,19.32,13.61,11.43,10.4,12.8,13.22,10.8,18.12,18.78,17.68,11.86,48.96,46.53
7.11,5.61,4.64,10.63,11.78,22.25,4.68,9.65,8.72,5.0,16.38,11.59,20.62,11.21,11.02,19.07,8.64,19.76,11.09,27.86,17.83,15.32,4.47,20.28,18.32,10.6,5.79,14.22,10.4,8.88,12.69,16.52,20.4,8.2,13.98,12.98,20.59,37.54,8.65,9.4,10.05,10.56,16.76,7.11,4.55,8.98,2.84,13.04,12.42,18.83,8.63,19.58,17.3,7.41,4.03,11.5,15.16,13.97,16.64,15.46,9.63,8.21,16.19,9.85,11.66,8.62,9.77,10.01,8.49,17.53,14.8,7.95,7.63,7.19,8.96,5.73,14.31,8.99,7.08,13.57,9.98,7.43,4.54,9.43,10.15,6.63,6.85,7.66,8.93,8.32,22.72,36.94,19.49,17.27,18.82,23.42,18.32,10.5,12.77,11.95,12.09,27.56,20.71,21.77,20.65,21.82,22.96,24.15,23.05,20.56,21.2,20.91,41.43,40.13,34.24,40.29,42.71,38.57,40.28,40.75,42.5,50.22,35.53,34.18,41.33,38.1,34.55,43.03,36.1,38.5,22.49,22.05,20.01,24.28,18.36,19.12,30.14,30.7,18.65,28.6,37.48,35.4,37.76,38.72,23.95,23.8,40.83,31.2,37.86,36.34,42.1,36.14,41.0,29.94,28.23,33.82,19.58,18.72,16.85,17.87,11.44,20.16,14.75,13.75,16.79,10.75,15.76,15.68,17.26,18.52,17.94,15.43,10.76,15.57,18.62,14.77,13.81,17.1,20.11,17.01,19.74,20.31,19.36,21.1,10.9,11.53,15.2,10.95,11.74,11.1,12.26,13.93,13.39,15.16,14.11,3.89,6.41,2.73,7.66,4.47,4.79,2.45,2.14,3.62,3.89,5.96,6.96,4.97,5.52,4.46,10.21,3.38,8.07,23.81,28.29,33.02,26.83,15.76,15.62,24.1,23.44,22.25,25.88,28.3,25.27,19.5,8.59,24.46,16.71,21.16,21.5,22.7,21.75,27.52,29.72,29.3,15.6,20.88,23.48,25.19,23.73,21.08,26.31,30.54,13.58,22.09,23.12,27.08,5.48,7.91,1.3,3.49,0.0,16.02,3.19,2.63,5.92,15.3,7.99,3.86,2.34,9.73,10.1,1.46,4.38,3.53,5.59,6.84,7.39,5.41,2.91,11.49,10.84,11.82,7.23,5.4,7.24,13.31,15.76,7.36,11.79,13.04,6.6,12.78,14.93,9.98,16.34,10.04,7.86,6.83,9.23,9.65,7.23,15.13,15.79,14.69,8.29,53.48,51.04
22.63,21.12,20.16,26.94,18.82,20.39,20.19,26.34,25.41,19.41,27.45,27.89,6.17,30.32,27.32,6.81,19.74,30.84,27.78,24.94,17.52,12.6,19.76,5.83,3.87,17.18,21.08,17.91,16.04,14.51,23.76,16.2,18.77,26.27,25.05,24.06,18.96,37.23,19.72,15.04,28.45,29.67,7.54,24.6,19.83,27.38,19.04,24.11,23.49,15.4,20.64,5.13,19.38,16.83,18.43,22.57,26.23,25.04,13.93,26.53,20.73,9.63,19.21,20.92,22.73,16.22,15.3,21.08,22.63,14.37,25.87,19.05,24.32,18.29,20.06,23.89,25.38,20.09,23.22,24.64,18.74,16.04,17.93,20.53,21.25,17.73,17.95,18.76,20.03,17.34,33.79,48.01,30.56,28.34,29.89,34.49,29.39,28.9,29.07,28.25,31.2,13.11,12.69,7.32,13.94,12.59,8.51,9.7,15.96,6.11,6.76,6.46,41.11,39.82,33.92,39.98,42.4,38.25,39.96,40.44,42.18,49.91,35.21,33.86,41.02,37.79,34.24,37.33,35.78,38.18,19.58,20.43,17.22,21.36,16.74,16.33,28.52,29.08,17.02,26.98,35.85,33.78,36.14,37.09,22.33,18.16,39.21,29.58,36.23,34.71,40.48,34.52,39.38,28.32,25.32,32.19,16.87,13.95,16.54,15.16,13.15,7.9,12.04,10.56,14.07,14.46,8.55,12.96,9.27,5.57,15.23,3.17,14.67,12.85,6.36,9.6,8.91,14.39,19.8,20.19,19.43,18.68,19.04,20.79,22.0,16.2,17.12,19.38,17.38,16.63,23.33,25.0,24.46,26.23,25.18,19.32,20.29,20.33,22.65,19.99,20.08,17.73,17.42,18.9,17.19,21.47,22.47,20.48,21.04,19.98,26.9,18.9,25.84,23.49,27.98,32.71,26.51,26.83,26.69,23.78,34.51,21.93,25.57,27.98,24.96,30.57,25.47,35.53,27.78,32.23,32.58,22.39,21.44,27.2,29.4,28.98,26.67,31.95,23.16,24.87,23.41,20.77,25.99,30.22,24.65,21.78,22.8,26.76,20.76,11.02,15.95,19.01,16.02,0.0,18.71,17.87,13.75,1.96,8.32,14.41,15.41,11.0,9.71,14.57,11.66,16.6,20.83,9.78,10.99,10.62,13.12,12.76,16.54,18.02,14.58,15.7,15.24,14.59,17.04,18.24,14.92,15.65,21.85,18.98,18.06,13.1,8.8,18.35,13.24,18.61,20.12,17.17,15.64,9.85,17.07,15.97,19.17,64.73,62.29
4.32,2.81,1.85,10.7,14.46,24.93,1.88,9.72,8.79,7.69,19.06,11.65,23.3,11.27,11.09,21.75,11.32,18.75,11.16,30.54,20.51,18.0,7.66,22.96,21.0,13.28,8.99,16.9,13.09,11.56,11.28,19.2,23.08,8.26,16.66,15.67,23.27,40.23,11.33,12.08,10.11,10.62,19.45,7.17,7.74,9.04,5.53,15.72,12.61,21.51,8.7,22.26,19.98,10.1,6.71,14.18,17.84,12.57,19.32,18.14,12.31,10.9,18.87,8.73,14.34,11.3,12.45,12.69,8.56,20.21,17.48,7.95,7.7,9.87,8.16,5.8,12.9,11.68,7.14,16.25,12.66,10.11,7.22,12.11,12.83,9.31,9.53,10.34,11.61,11.0,21.7,35.92,18.48,16.25,17.8,22.4,17.31,10.57,12.83,12.02,12.15,30.24,23.39,24.45,23.34,24.51,25.64,26.83,25.73,23.24,23.89,23.59,44.11,42.82,36.92,42.97,45.4,41.25,42.96,43.43,45.18,52.91,38.21,36.86,44.01,40.79,37.23,42.02,38.78,41.18,25.17,24.73,22.69,26.96,21.04,21.81,32.82,33.38,21.33,31.28,40.16,38.08,40.45,41.4,26.64,26.48,43.51,33.88,40.54,39.02,44.78,38.82,43.68,32.63,30.92,36.5,22.27,21.41,19.54,20.55,14.12,22.85,17.43,16.43,19.47,13.43,18.44,18.36,19.94,21.2,20.63,18.11,13.44,18.25,21.3,17.45,16.5,19.78,22.79,19.69,22.42,22.99,22.04,23.78,13.58,14.21,17.88,13.63,14.42,13.78,14.94,16.62,11.98,13.76,12.7,6.57,6.47,5.41,7.73,4.54,7.99,5.64,5.33,6.81,7.08,3.16,4.09,2.7,2.73,1.27,10.28,2.12,5.2,26.49,30.98,35.71,29.51,14.74,13.24,26.78,22.43,24.93,28.57,30.98,27.96,18.49,8.65,23.44,15.7,20.14,20.49,25.39,24.44,30.2,32.4,31.98,18.28,19.86,26.16,27.87,26.41,23.77,28.99,33.22,16.27,24.78,25.8,29.76,8.67,10.59,3.98,3.94,3.19,18.71,0.0,5.89,8.6,17.98,10.67,6.54,5.02,12.41,12.78,4.15,7.06,6.21,8.85,9.52,10.07,8.1,5.6,14.17,13.52,17.58,10.5,8.66,10.5,15.99,18.45,10.62,14.48,15.72,9.87,18.54,17.61,12.66,19.02,13.3,11.12,10.1,12.5,12.91,10.49,17.81,18.47,17.37,11.55,52.52,50.09
9.82,8.31,7.35,13.34,13.62,24.09,7.38,12.36,11.43,6.85,18.22,14.29,22.46,13.91,13.73,20.91,10.48,21.61,13.8,29.7,19.67,17.16,3.69,22.12,20.16,12.44,5.02,16.06,12.25,10.72,14.53,18.36,22.24,10.9,15.82,14.83,22.43,39.39,10.49,11.24,12.75,13.26,18.61,9.81,3.77,11.68,4.69,14.88,14.26,20.67,11.34,21.42,19.14,9.26,5.87,13.34,17.0,15.81,18.48,17.3,11.47,10.06,18.03,11.69,13.5,10.46,11.61,11.85,11.2,19.37,16.64,9.8,10.34,9.03,10.8,8.44,16.15,10.84,9.78,15.41,11.82,9.27,6.38,11.27,11.99,8.47,8.69,9.5,10.77,10.16,24.56,38.78,21.34,19.11,20.66,25.26,20.16,13.2,15.47,14.66,14.79,29.4,22.55,23.61,22.5,23.67,24.8,25.99,24.89,22.4,23.05,22.75,43.27,41.98,36.08,42.13,44.56,40.41,42.12,42.59,44.34,52.07,37.37,36.02,43.17,39.95,36.39,44.88,37.94,40.34,24.33,23.89,21.85,26.12,20.2,20.97,31.98,32.54,20.49,30.44,39.32,37.24,39.61,40.56,25.8,25.64,42.67,33.04,39.7,38.18,43.94,37.98,42.84,31.79,30.08,35.66,21.43,20.57,18.7,19.71,13.28,22.01,16.59,15.59,18.63,12.59,17.6,17.52,19.1,20.36,19.79,17.27,12.6,17.41,20.46,16.61,15.66,18.94,21.95,18.85,21.58,22.15,21.2,22.94,12.74,13.37,17.04,12.79,13.58,12.94,14.1,15.78,15.23,17.0,15.95,5.73,8.52,4.57,10.37,7.18,4.02,1.21,1.36,2.84,3.11,8.66,9.66,7.67,8.23,7.17,12.92,6.09,10.77,25.65,30.14,34.87,28.67,17.6,17.46,25.94,25.29,24.09,27.73,30.14,27.12,21.34,11.29,26.3,18.56,23.0,23.35,24.55,23.6,29.36,31.56,31.14,17.44,22.72,25.32,27.03,25.57,22.93,28.15,32.38,15.43,23.94,24.96,28.92,4.7,9.75,3.14,6.2,2.63,17.87,5.89,0.0,7.81,17.2,9.88,5.75,4.23,11.62,11.99,3.36,6.27,5.42,4.81,8.73,9.28,7.31,4.81,13.38,12.73,11.04,6.46,4.62,6.46,12.44,14.08,6.58,10.38,11.62,5.83,12.0,13.43,8.48,18.23,9.26,7.08,6.06,8.46,8.87,6.45,17.02,14.11,13.01,7.51,55.37,52.94
12.53,11.02,10.06,15.92,7.8,22.3,10.09,15.32,14.4,8.39,16.43,16.87,18.33,19.31,16.31,16.78,8.72,19.82,16.77,27.91,17.89,13.06,9.66,17.99,16.04,6.15,10.98,14.27,5.01,3.49,12.74,16.57,20.45,15.25,14.04,13.04,20.64,37.6,8.71,4.01,17.43,18.65,17.52,13.58,9.73,16.36,7.4,13.09,12.47,18.88,9.62,17.3,17.35,5.81,7.42,11.55,15.21,14.02,14.39,15.51,9.71,5.44,16.24,9.9,11.72,5.2,7.52,10.06,11.61,17.59,14.85,8.04,13.31,7.28,9.04,11.15,14.36,9.08,12.2,13.63,7.72,5.02,6.92,9.51,10.23,6.71,6.93,7.74,9.01,6.31,22.77,36.99,19.55,17.32,18.87,23.47,18.38,17.89,18.05,17.24,20.19,25.28,18.46,19.49,18.4,19.57,20.68,21.87,20.8,18.27,18.92,18.62,41.48,40.19,34.3,40.35,42.77,38.62,40.33,40.81,42.55,50.28,35.58,34.23,41.39,38.16,34.61,43.09,36.15,38.55,22.54,22.1,20.06,24.33,18.41,19.18,30.19,30.75,18.7,28.66,37.53,35.45,37.82,38.77,24.01,18.62,40.88,31.26,37.91,36.39,42.16,36.19,41.06,30.0,28.29,33.87,17.33,14.41,16.91,15.62,9.18,17.88,12.49,11.49,14.53,8.49,13.5,13.42,19.24,16.24,15.69,13.15,8.5,13.31,16.33,12.51,11.56,14.85,20.17,17.06,19.8,20.36,19.42,21.16,10.99,11.62,15.25,8.35,6.35,8.84,12.31,13.99,13.44,15.21,14.16,8.3,9.28,7.28,11.64,9.89,9.98,7.63,7.32,8.8,9.07,11.37,12.37,10.38,10.94,9.88,15.89,8.8,13.48,23.86,28.35,33.08,26.88,15.81,15.67,24.15,23.5,22.3,25.94,28.35,25.33,19.56,14.45,24.51,16.77,21.21,21.56,22.76,21.81,27.57,29.77,29.35,15.66,20.93,23.53,25.24,23.78,21.14,26.36,30.59,13.64,22.15,23.17,27.13,10.67,5.14,5.85,8.91,5.92,13.75,8.6,7.81,0.0,13.71,5.22,4.3,5.3,6.95,7.32,4.46,1.61,6.49,10.72,4.06,4.61,2.64,3.01,8.71,5.45,12.12,8.68,10.53,9.34,10.54,12.99,12.49,9.02,10.27,11.73,13.09,12.16,7.21,13.56,12.46,7.34,11.96,14.37,11.27,9.74,12.36,13.02,11.92,13.42,54.01,51.57
21.91,20.41,19.44,26.22,18.1,19.12,19.47,25.62,24.69,18.69,26.73,27.17,6.55,29.6,26.61,5.54,19.02,30.12,27.06,23.68,16.25,11.34,19.04,6.21,4.25,16.46,20.36,16.65,15.32,13.79,23.04,14.94,17.51,25.55,24.33,23.34,17.7,35.96,19.0,14.32,27.73,28.95,6.28,23.88,19.11,26.66,18.32,23.39,22.77,14.14,19.92,5.51,18.11,16.11,17.71,21.85,25.51,24.32,12.66,25.81,20.01,8.91,17.94,20.2,22.01,15.5,14.04,20.36,21.91,13.1,25.15,18.34,23.6,17.57,19.34,23.17,24.66,19.37,22.5,23.92,18.02,15.32,17.22,19.81,20.53,17.01,17.23,18.04,19.31,16.62,33.07,47.29,29.84,27.62,29.17,33.77,28.67,28.18,28.35,27.53,30.48,13.49,13.07,7.7,14.32,12.97,8.89,10.08,16.34,6.49,7.13,6.84,39.84,38.55,32.66,38.71,41.13,36.98,38.7,39.17,40.92,48.64,33.95,32.6,39.75,36.52,32.97,36.07,34.52,36.92,18.31,19.16,15.95,20.09,15.47,15.06,27.25,27.81,15.76,25.71,34.59,32.51,34.87,35.83,21.06,16.89,37.94,28.31,34.97,33.45,39.21,33.25,38.11,27.05,24.05,30.93,15.61,12.68,15.27,13.89,11.88,6.64,10.77,9.29,12.81,13.2,7.28,11.7,8.0,4.99,13.96,1.91,13.4,11.59,5.09,8.34,7.65,13.12,18.53,18.93,18.16,17.42,17.78,19.52,21.28,14.94,15.86,18.66,16.66,15.36,22.61,24.28,23.74,25.51,24.46,18.6,19.57,19.61,21.93,19.27,19.36,17.01,16.7,18.18,16.47,20.75,21.75,19.76,20.32,19.26,26.18,18.18,25.12,22.23,26.71,31.44,25.24,26.11,25.97,22.52,33.8,20.67,24.3,26.72,23.69,29.85,24.75,34.81,27.06,31.51,31.86,21.12,20.17,25.94,28.14,27.72,25.95,31.23,21.9,23.61,22.15,19.5,24.73,28.95,23.93,20.51,21.54,25.5,20.05,10.3,15.23,18.29,15.3,1.96,17.98,17.2,13.71,0.0,7.6,13.69,14.69,10.29,8.99,13.85,10.94,15.88,20.11,9.06,10.27,9.9,12.4,12.04,15.82,17.3,13.86,14.98,14.52,13.87,16.32,17.52,14.2,14.93,21.13,18.27,17.34,12.39,16.89,17.63,12.52,17.89,19.4,16.45,14.92,15.69,16.35,15.25,18.45,64.01,61.57
14.59,13.09,12.12,21.62,13.51,28.0,12.16,21.02,20.1,14.09,22.13,22.57,12.91,25.0,22.01,11.36,14.42,25.52,22.46,33.61,23.58,17.15,11.72,12.57,10.61,11.86,13.05,19.97,10.72,9.19,18.44,22.27,26.15,20.95,19.73,18.74,26.34,43.3,14.4,9.72,23.13,24.35,12.09,14.59,11.8,22.06,9.46,18.79,18.17,24.58,15.32,11.87,23.05,11.51,13.11,17.25,20.91,19.72,18.48,21.21,15.41,1.6,21.94,15.6,17.41,10.9,13.22,15.76,17.31,23.28,20.55,13.74,19.0,12.97,14.74,13.22,20.06,14.77,17.9,19.32,13.43,10.72,12.62,15.21,15.93,12.41,12.63,13.44,14.71,12.02,28.47,42.69,25.24,23.02,24.57,29.17,24.07,23.58,23.75,22.93,25.88,19.85,19.43,14.06,20.68,19.33,15.25,16.44,22.7,12.85,13.49,13.2,47.18,45.88,39.99,46.04,48.46,44.32,46.03,46.5,48.25,55.98,41.28,39.93,47.08,43.86,40.3,48.79,41.85,44.25,28.24,27.8,25.76,30.03,24.11,24.87,35.89,36.45,24.4,34.35,43.23,41.15,43.52,44.47,29.7,22.71,46.58,36.95,43.61,42.09,47.85,41.89,46.75,35.69,33.99,39.57,21.42,18.5,22.61,19.71,14.89,12.45,16.58,15.11,18.62,14.2,13.1,17.51,13.82,10.81,19.78,7.72,14.21,17.4,10.91,14.15,13.46,18.94,25.86,22.76,25.49,26.06,25.11,26.85,16.68,17.31,20.95,14.06,12.06,14.55,18.01,19.68,19.14,20.91,19.86,10.51,14.97,9.35,17.33,11.96,12.05,9.7,9.39,10.87,9.16,13.44,14.44,12.45,13.0,11.94,21.58,10.87,15.55,29.56,34.05,38.78,32.58,21.51,21.37,29.85,29.2,28.0,31.64,34.05,31.02,25.25,20.15,30.21,22.46,26.91,27.26,28.46,27.5,33.27,35.47,35.05,21.35,26.63,29.23,30.94,29.48,26.84,32.06,36.29,19.33,27.85,28.87,32.83,12.73,2.99,7.92,10.98,7.99,8.32,10.67,9.88,5.22,7.6,0.0,6.38,7.38,2.97,2.37,6.54,3.62,8.57,12.8,1.75,2.96,2.59,5.09,4.73,10.71,9.99,6.55,7.67,7.21,6.56,9.01,10.21,6.89,7.62,13.82,10.95,10.02,5.07,9.58,10.32,5.21,10.58,12.08,9.14,7.6,8.38,9.04,7.94,11.14,58.9,56.47
10.46,8.96,7.99,13.99,11.57,26.07,8.03,13.0,12.08,7.49,20.2,14.94,18.99,14.56,14.38,17.45,12.49,23.59,14.45,31.68,21.65,16.83,7.59,18.65,16.7,9.92,8.92,18.04,8.78,7.26,16.51,20.34,24.22,11.55,17.8,16.81,24.41,41.37,12.47,7.78,13.4,13.91,18.18,10.46,7.67,12.33,5.33,16.86,16.24,22.65,13.39,17.96,21.12,9.57,6.52,15.32,18.98,17.79,18.15,19.28,13.48,6.59,20.01,13.67,15.48,8.96,11.28,13.83,11.85,21.35,18.62,11.8,10.98,11.04,12.81,9.09,18.13,12.84,10.43,17.39,11.49,8.78,7.03,13.28,14.0,10.48,10.7,11.51,12.78,10.08,26.54,40.76,23.31,21.09,22.64,27.24,22.14,13.85,16.12,15.3,15.44,25.94,22.22,20.15,22.17,23.33,21.34,22.53,24.56,18.94,19.58,19.28,45.25,43.95,38.06,44.11,46.53,42.39,44.1,44.57,46.32,54.05,39.35,38.0,45.15,41.92,38.37,46.85,39.92,42.32,26.31,25.87,23.83,28.1,22.18,22.94,33.96,34.52,22.47,32.42,41.3,39.22,41.58,42.54,27.77,22.38,44.65,35.02,41.68,40.16,45.92,39.96,44.82,33.76,32.06,37.64,21.1,18.17,20.68,19.38,12.95,18.54,16.26,15.26,18.3,12.26,19.19,17.19,19.9,16.9,19.46,13.81,12.27,17.08,17.0,16.28,15.33,18.61,23.93,20.83,23.56,24.13,23.18,24.92,14.75,15.38,19.02,12.12,10.12,12.61,16.08,17.75,17.21,18.98,17.93,6.38,9.17,5.22,11.02,7.83,7.92,5.57,5.26,6.74,7.01,9.31,10.31,8.32,8.87,7.81,13.56,6.74,11.42,27.63,32.12,36.85,30.65,19.58,19.44,27.92,27.26,26.07,29.7,32.12,29.09,23.32,11.94,28.28,20.53,24.98,25.33,26.52,25.57,31.34,33.54,33.12,19.42,24.7,27.3,29.01,27.55,24.9,30.13,34.36,17.4,25.91,26.94,30.9,8.6,6.29,3.79,6.85,3.86,14.41,6.54,5.75,4.3,13.69,6.38,0.0,3.23,8.1,8.47,2.39,2.75,4.42,8.66,5.21,5.76,3.79,1.29,9.86,9.21,13.27,10.3,8.46,10.31,11.69,14.14,10.43,10.17,11.41,9.67,14.23,13.31,8.35,14.71,13.11,8.49,9.9,12.3,12.42,10.3,13.5,14.17,13.07,11.36,57.77,55.34
8.94,7.44,6.47,15.75,11.66,22.14,6.51,11.48,10.56,4.89,16.26,16.71,20.0,13.04,16.14,18.45,8.53,19.65,12.93,27.74,17.72,15.2,6.07,19.66,17.7,10.49,7.4,14.11,9.78,8.26,12.57,16.41,20.28,10.03,13.87,12.87,20.47,37.43,8.54,8.78,11.88,12.39,16.65,8.94,6.15,10.81,2.73,12.92,12.3,18.71,9.43,18.96,17.19,7.3,3.92,11.38,15.05,13.86,16.53,15.34,9.52,7.59,16.08,9.73,11.55,8.5,9.66,9.89,11.44,17.42,14.68,7.84,9.46,7.08,8.84,7.56,14.19,8.88,8.91,13.46,9.86,7.32,4.42,9.31,10.03,6.52,6.73,7.55,8.81,8.2,22.6,36.82,19.38,17.15,18.71,23.31,18.21,12.33,17.88,17.07,13.92,26.94,20.6,21.15,20.54,21.71,22.34,23.53,22.94,19.94,20.58,20.29,41.31,40.02,34.13,40.18,42.6,38.45,40.16,40.64,42.39,50.11,35.42,34.06,41.22,37.99,34.44,42.92,35.99,38.39,22.38,21.94,19.9,24.16,18.24,19.01,30.02,30.59,18.53,28.49,37.36,35.28,37.65,38.6,23.84,23.68,40.72,31.09,37.74,36.22,41.99,36.03,40.89,29.83,28.12,33.7,19.47,18.61,16.74,17.76,11.33,19.54,14.64,13.63,16.67,10.63,15.64,15.56,17.14,17.9,17.83,14.81,10.64,15.45,18.0,14.65,13.7,16.99,20.0,16.9,19.63,20.19,19.25,20.99,10.79,11.42,15.08,10.84,11.12,10.98,12.14,13.82,13.27,15.05,13.99,3.78,6.56,2.61,9.5,6.31,6.4,4.05,3.74,5.22,5.49,7.79,8.79,6.8,7.35,6.29,12.04,5.22,9.9,23.7,28.18,32.91,26.71,15.64,15.5,23.99,23.33,22.14,25.77,28.19,25.16,19.39,10.42,24.34,16.6,21.04,21.39,22.59,21.64,27.4,29.61,29.19,15.49,20.76,23.37,25.08,23.62,20.97,26.2,30.42,13.47,21.98,23.0,26.97,7.08,7.29,1.18,5.33,2.34,15.41,5.02,4.23,5.3,14.69,7.38,3.23,0.0,9.1,9.48,1.2,3.76,1.66,7.2,6.22,6.76,4.79,2.29,10.86,10.22,14.28,8.85,7.01,8.85,12.69,15.14,8.98,11.17,12.42,8.22,15.24,14.31,9.36,15.71,11.65,9.47,8.45,10.85,11.26,8.85,14.51,15.17,14.07,9.9,53.43,50.99
16.33,14.83,13.86,24.3,14.23,30.68,13.9,18.87,17.95,13.36,24.81,25.25,15.59,27.69,24.69,14.04,17.1,28.2,20.32,36.29,26.27,19.84,13.46,15.25,13.29,12.58,14.79,22.65,11.44,11.87,21.12,24.95,28.83,23.63,22.42,21.42,29.02,45.98,17.09,10.44,25.81,27.03,14.77,16.33,13.54,24.74,11.2,21.47,20.85,27.26,18.0,14.55,25.73,12.23,12.39,19.93,23.59,22.4,21.16,23.89,18.09,3.34,24.62,18.28,20.1,11.62,13.94,18.44,19.99,25.97,23.23,16.42,16.85,15.66,17.42,14.95,22.74,17.46,20.58,22.01,14.15,11.44,15.3,17.89,18.61,15.09,15.31,16.12,17.39,12.74,31.15,45.37,27.93,25.7,27.25,31.85,26.76,26.27,26.43,25.62,28.57,22.53,22.11,16.74,23.36,22.01,17.93,19.12,25.38,15.53,16.18,15.88,49.86,48.57,42.68,48.73,51.15,47.0,48.71,49.19,50.93,58.66,43.96,42.61,49.77,46.54,42.99,51.47,44.53,46.93,30.92,30.48,28.44,32.71,26.79,27.56,38.57,39.13,27.08,37.04,45.91,43.83,46.2,47.15,32.39,25.39,49.26,39.64,46.29,44.77,50.54,44.57,49.44,38.38,36.67,42.25,24.1,21.18,25.29,22.39,15.61,15.14,19.27,17.79,21.3,14.92,15.78,20.2,16.5,13.49,22.46,10.4,14.93,20.08,13.59,16.84,16.14,21.62,28.55,25.44,28.18,28.74,27.8,29.54,19.37,20.0,23.63,14.78,12.78,15.27,20.69,22.37,21.82,23.59,22.54,12.25,17.66,11.09,20.02,13.7,13.79,11.44,11.13,12.61,10.9,15.18,16.18,14.19,14.74,13.68,19.43,12.61,17.29,32.24,36.73,41.46,35.26,24.19,24.05,32.53,31.88,30.68,34.32,36.73,33.71,27.94,22.83,32.89,25.15,29.59,29.94,31.14,30.19,35.95,38.15,37.73,24.04,29.31,31.91,33.62,32.16,29.52,34.74,38.97,22.02,30.53,31.55,35.51,14.47,4.73,9.66,12.72,9.73,11.0,12.41,11.62,6.95,10.29,2.97,8.1,9.1,0.0,5.08,8.26,5.35,10.29,14.53,3.48,4.68,4.31,6.81,2.05,13.43,11.72,8.27,9.39,8.93,3.87,6.33,11.94,5.78,4.94,15.54,12.68,11.75,6.8,6.9,12.05,6.93,12.3,13.81,10.86,9.33,5.69,6.35,5.25,12.86,61.62,59.19
16.7,15.2,14.23,23.0,14.89,29.39,14.27,22.41,21.48,15.47,23.51,23.96,14.29,26.39,23.39,12.74,15.81,26.9,23.85,34.99,24.97,18.54,13.83,13.95,12.0,13.24,15.16,21.36,12.11,10.58,19.82,23.66,27.54,22.33,21.12,20.12,27.73,44.68,15.79,11.1,24.52,25.74,13.48,16.7,13.91,23.45,11.57,20.17,19.55,25.96,16.71,13.26,24.44,12.9,14.5,18.63,22.3,21.11,19.86,22.59,16.8,3.71,23.33,16.99,18.8,12.29,14.61,17.14,18.69,24.67,21.94,15.12,20.39,14.36,16.13,15.33,21.45,16.16,19.29,20.71,14.81,12.11,14.0,16.59,17.31,13.8,14.02,14.83,16.09,13.4,29.86,44.07,26.63,24.41,25.96,30.56,25.46,24.97,25.14,24.32,27.27,21.24,20.81,15.45,22.06,20.71,16.64,17.83,24.08,14.23,14.88,14.58,48.56,47.27,41.38,47.43,49.85,45.7,47.42,47.89,49.64,57.36,42.67,41.32,48.47,45.24,41.69,50.17,43.24,45.64,29.63,29.19,27.15,31.41,25.5,26.26,37.28,37.84,25.78,35.74,44.61,42.54,44.9,45.85,31.09,24.09,47.97,38.34,44.99,43.48,49.24,43.28,48.14,37.08,35.37,40.95,22.81,19.88,23.99,21.09,16.28,13.84,17.97,16.5,20.01,15.58,14.48,18.9,15.2,12.2,21.16,9.11,15.59,18.79,12.29,15.54,14.85,20.32,27.25,24.15,26.88,27.45,26.5,28.24,18.07,18.7,22.33,15.45,13.44,15.93,19.39,21.07,20.53,22.3,21.24,15.39,16.36,11.46,18.72,14.07,14.16,11.81,11.5,12.98,11.27,15.55,16.55,14.56,15.11,14.05,22.97,12.98,17.66,30.95,35.43,40.16,33.96,22.9,22.75,31.24,30.58,29.39,33.02,35.44,32.41,26.64,21.54,31.59,23.85,28.3,28.64,29.84,28.89,34.66,36.86,36.44,22.74,28.02,30.62,32.33,30.87,28.22,33.45,37.67,20.72,29.23,30.25,34.22,14.84,5.1,10.03,13.09,10.1,9.71,12.78,11.99,7.32,8.99,2.37,8.47,9.48,5.08,0.0,8.13,5.21,10.16,14.39,3.34,5.06,4.18,6.68,6.84,12.13,12.1,8.66,9.78,9.31,8.67,11.12,12.32,9.0,9.73,15.41,13.06,12.13,7.18,11.69,12.43,7.31,12.69,14.19,11.25,9.71,10.48,11.15,10.05,13.25,60.32,57.89
8.07,6.57,5.6,11.59,11.87,22.35,5.64,10.61,9.68,5.1,16.47,12.55,19.15,12.17,11.98,17.61,8.74,19.86,12.05,27.95,17.93,15.41,5.2,18.82,16.86,10.08,6.52,14.32,8.94,7.42,12.78,16.62,20.49,9.16,14.08,13.08,20.68,37.64,8.75,7.94,11.01,11.52,18.34,8.07,5.28,9.94,2.94,13.13,12.51,18.92,9.59,18.12,17.4,7.51,4.13,11.59,15.26,14.07,16.74,15.55,9.73,6.75,16.29,9.94,11.76,9.12,9.87,10.1,9.45,17.63,14.89,8.05,8.59,7.29,9.05,6.69,14.4,9.09,8.04,13.67,10.07,7.53,4.63,9.52,10.24,6.73,6.94,7.76,9.02,8.42,22.81,37.03,19.59,17.36,18.92,23.52,18.42,11.46,13.73,12.91,13.05,26.1,20.81,20.31,20.75,21.92,21.5,22.69,23.15,19.1,19.74,19.45,41.52,40.23,34.34,40.39,42.81,38.66,40.37,40.85,42.6,50.32,35.63,34.27,41.43,38.2,34.65,43.13,36.2,38.6,22.59,22.15,20.11,24.37,18.45,19.22,30.24,30.8,18.74,28.7,37.57,35.49,37.86,38.81,24.05,23.89,40.93,31.3,37.95,36.43,42.2,36.24,41.1,30.04,28.33,33.91,19.68,18.82,16.95,17.97,11.54,18.7,14.85,13.84,16.88,10.84,15.85,15.77,17.36,17.06,18.04,13.97,10.85,15.66,17.16,14.86,13.91,17.2,20.21,17.11,19.84,20.4,19.46,21.2,11.0,11.63,15.29,11.05,10.28,11.19,12.35,14.03,13.48,15.26,14.2,3.99,6.77,2.82,8.62,5.43,5.52,3.17,2.86,4.34,4.62,6.91,7.92,5.93,6.48,5.42,11.17,4.34,9.03,23.91,28.39,33.12,26.92,15.86,15.71,24.2,23.54,22.35,25.98,28.4,25.37,19.6,9.55,24.55,16.81,21.25,21.6,22.8,21.85,27.61,29.82,29.4,15.7,20.97,23.58,25.29,23.83,21.18,26.41,30.63,13.68,22.19,23.21,27.18,6.21,6.45,1.39,4.45,1.46,14.57,4.15,3.36,4.46,13.85,6.54,2.39,1.2,8.26,8.13,0.0,2.91,2.38,6.26,5.37,5.92,3.95,1.45,10.02,9.37,13.43,7.91,6.07,7.91,11.85,14.3,8.04,10.33,11.58,7.28,14.4,13.47,8.52,14.87,10.71,8.53,7.51,9.91,10.32,7.91,13.67,14.33,13.23,8.97,53.69,51.26
10.99,9.48,8.52,17.0,8.88,23.38,8.55,13.53,12.6,8.02,17.51,17.95,16.24,20.38,17.39,14.69,9.8,20.9,14.97,28.99,18.96,14.14,8.12,15.9,13.94,7.23,9.44,15.35,6.09,4.57,13.82,17.65,21.53,16.33,15.11,14.12,21.72,38.68,9.78,5.09,18.51,19.73,15.43,10.98,8.19,17.44,5.86,14.17,13.55,19.96,10.7,15.2,18.43,6.88,7.04,12.63,16.29,15.1,15.46,16.59,10.79,3.84,17.32,10.98,12.79,6.27,8.59,11.14,12.69,18.66,15.93,9.11,11.51,8.35,10.12,9.61,15.44,10.15,13.28,14.7,8.8,6.09,7.99,10.59,11.31,7.79,8.01,8.82,10.09,7.39,23.85,38.07,20.62,18.4,19.95,24.55,19.45,18.96,19.13,18.31,21.26,23.18,19.53,17.39,19.48,20.64,18.58,19.77,21.87,16.18,16.83,16.53,42.56,41.26,35.37,41.42,43.84,39.7,41.41,41.88,43.63,51.36,36.66,35.31,42.46,39.23,35.68,44.16,37.23,39.63,23.62,23.18,21.14,25.41,19.49,20.25,31.27,31.83,19.78,29.73,38.61,36.53,38.89,39.85,25.08,19.69,41.96,32.33,38.99,37.47,43.23,37.27,42.13,31.07,29.37,34.95,18.41,15.48,17.99,16.69,10.26,15.79,13.57,12.57,15.61,9.57,16.43,14.5,17.15,14.14,16.77,11.05,9.58,14.39,14.24,13.59,12.64,15.92,21.24,18.14,20.87,21.44,20.49,22.23,12.06,12.69,16.33,9.43,7.43,9.92,13.39,15.06,14.52,16.29,15.24,6.9,10.35,5.74,12.71,8.35,8.44,6.09,5.78,7.26,7.53,9.83,10.83,8.84,9.4,8.33,14.09,7.26,11.94,24.94,29.43,34.16,27.96,16.89,16.75,25.23,24.57,23.38,27.01,29.43,26.4,20.63,15.53,25.59,17.84,22.29,22.64,23.83,22.88,28.65,30.85,30.43,16.73,22.01,24.61,26.32,24.86,22.21,27.44,31.67,14.71,23.22,24.25,28.21,9.12,3.53,4.31,7.37,4.38,11.66,7.06,6.27,1.61,10.94,3.62,2.75,3.76,5.35,5.21,2.91,0.0,4.94,9.18,2.46,3.01,1.03,1.47,7.11,6.52,10.52,7.08,8.99,7.73,8.93,11.39,10.95,7.42,8.66,10.19,11.48,10.55,5.6,11.96,10.85,5.73,10.42,12.82,9.67,8.13,10.75,11.41,10.31,11.88,55.08,52.65
10.13,8.63,7.66,15.99,11.9,22.38,7.7,12.67,11.74,5.13,16.51,16.95,21.18,14.23,16.38,19.64,8.77,19.89,14.11,27.99,17.96,15.45,7.26,20.84,18.89,10.73,8.58,14.35,9.62,9.45,12.81,16.65,20.53,11.22,14.11,13.11,20.72,37.67,8.78,8.62,13.07,13.58,16.89,10.13,7.34,12.0,2.97,13.17,12.54,18.96,9.67,20.15,17.43,7.54,4.16,11.63,15.29,14.1,16.77,15.59,9.76,8.78,16.32,9.98,11.79,8.75,9.9,10.13,11.68,17.66,14.93,8.08,10.65,7.32,9.09,8.75,14.44,9.12,10.1,13.7,10.1,7.56,4.67,9.56,10.28,6.76,6.98,7.79,9.05,8.45,22.85,37.07,19.62,17.4,18.95,23.55,18.45,13.52,18.13,17.31,15.11,28.13,20.84,22.34,20.78,21.95,23.53,24.72,23.18,21.13,21.77,21.47,41.55,40.26,34.37,40.42,42.84,38.7,40.41,40.88,42.63,50.35,35.66,34.31,41.46,38.23,34.68,43.16,36.23,38.63,22.62,22.18,20.14,24.4,18.49,19.25,30.27,30.83,18.78,28.73,37.6,35.53,37.89,38.85,24.08,23.93,40.96,31.33,37.98,36.47,42.23,36.27,41.13,30.07,28.36,33.95,19.71,18.85,16.98,18.0,11.57,20.73,14.88,13.88,16.91,10.88,15.89,15.81,17.39,19.09,18.07,16.0,10.89,15.7,19.19,14.9,13.94,17.23,20.24,17.14,19.87,20.44,19.49,21.23,11.03,11.66,15.33,11.08,10.96,11.23,12.39,14.06,13.52,15.29,14.24,4.02,6.8,2.86,11.71,7.49,7.58,5.24,4.93,6.41,6.68,8.98,9.98,7.99,8.54,7.48,13.23,6.41,11.09,23.94,28.42,33.15,26.96,15.89,15.74,24.23,23.57,22.38,26.01,28.43,25.4,19.63,14.53,24.58,16.84,21.29,21.63,22.83,21.88,27.65,29.85,29.43,15.73,21.01,23.61,25.32,23.86,21.21,26.44,30.66,13.71,22.22,23.25,27.21,8.27,8.48,2.37,6.51,3.53,16.6,6.21,5.42,6.49,15.88,8.57,4.42,1.66,10.29,10.16,2.38,4.94,0.0,8.39,7.4,7.95,5.98,3.48,12.05,10.1,15.46,10.04,8.2,10.04,13.88,16.33,10.16,12.36,13.6,9.4,16.42,15.5,10.54,16.9,12.84,10.66,9.64,12.04,12.45,10.03,15.69,16.36,15.26,11.09,53.67,51.24
12.78,11.27,10.31,16.3,16.58,27.05,10.34,15.32,14.39,9.81,21.18,17.25,25.42,16.87,16.69,23.87,13.44,24.57,16.76,32.66,22.63,20.12,2.89,25.08,23.12,15.4,6.1,19.02,15.21,13.68,17.49,21.32,25.2,13.86,18.78,17.79,25.39,42.35,13.45,14.2,15.71,16.22,21.57,12.77,4.53,14.64,7.65,17.84,17.22,23.63,14.3,24.38,22.1,12.22,8.83,16.3,19.96,18.77,21.44,20.26,14.43,13.02,20.99,14.65,16.46,13.42,14.57,14.81,14.16,22.33,19.6,12.76,13.3,11.99,13.76,11.4,19.11,13.8,12.74,18.37,14.78,12.23,9.34,14.23,14.95,11.43,11.65,12.46,13.73,13.12,27.52,41.74,24.3,22.07,23.62,28.22,23.12,16.16,18.43,17.62,17.75,32.36,25.51,26.57,25.46,26.63,27.76,28.95,27.85,25.36,26.01,25.71,46.23,44.94,39.04,45.09,47.52,43.37,45.08,45.55,47.3,55.03,40.33,38.98,46.13,42.91,39.35,47.84,40.9,43.3,27.29,26.85,24.81,29.08,23.16,23.93,34.94,35.5,23.45,33.4,42.28,40.2,42.57,43.52,28.76,28.6,45.63,36.0,42.66,41.14,46.9,40.94,45.8,34.74,33.04,38.62,24.39,23.53,21.66,22.67,16.24,24.96,19.55,18.55,21.59,15.55,20.56,20.48,22.06,23.32,22.75,20.23,15.56,20.37,23.42,19.57,18.62,21.9,24.91,21.81,24.54,25.11,24.16,25.9,15.7,16.33,20.0,15.75,16.54,15.9,17.06,18.74,18.19,19.96,18.91,8.69,11.48,7.53,13.33,10.14,5.1,3.37,3.54,1.71,4.19,11.62,12.62,10.63,11.19,10.13,15.88,9.05,13.73,28.61,33.1,37.83,31.63,20.56,20.42,28.9,28.25,27.05,30.69,33.1,30.08,24.3,14.25,29.26,21.52,25.96,26.31,27.51,26.56,32.32,34.52,34.1,20.4,25.68,28.28,29.99,28.53,25.89,31.11,35.34,18.39,26.9,27.92,31.88,1.96,10.99,6.1,9.16,5.59,20.83,8.85,4.81,10.72,20.11,12.8,8.66,7.2,14.53,14.39,6.26,9.18,8.39,0.0,11.43,11.98,10.01,7.51,16.08,15.43,12.12,7.54,5.7,7.54,13.52,15.17,7.67,11.46,12.7,6.91,13.08,14.52,9.56,20.93,10.34,8.16,7.14,9.54,9.95,7.54,19.72,15.19,14.09,8.6,58.07,55.64
13.44,11.94,10.97,19.46,11.34,25.84,11.01,15.98,15.06,10.47,19.97,20.41,14.37,22.84,19.84,12.82,12.26,23.35,17.43,31.45,21.42,16.6,10.57,14.03,12.07,9.69,11.9,17.81,8.55,7.03,16.27,20.11,23.99,18.79,17.57,16.57,24.18,41.13,12.24,7.55,20.97,22.19,13.55,13.44,10.65,19.9,8.31,16.63,16.01,22.42,13.16,13.33,20.89,9.34,9.5,15.09,18.75,17.56,17.92,19.05,13.25,1.97,19.78,13.44,15.25,8.73,11.05,13.6,15.15,21.12,18.39,11.57,13.96,10.81,12.58,12.07,17.9,12.61,15.74,17.16,11.26,8.55,10.45,13.05,13.77,10.25,10.47,11.28,12.54,9.85,26.31,40.53,23.08,20.86,22.41,27.01,21.91,21.42,21.59,20.77,23.72,21.31,20.89,15.52,22.14,20.79,16.71,17.9,24.16,14.31,14.96,14.66,45.02,43.72,37.83,43.88,46.3,42.16,43.87,44.34,46.09,53.81,39.12,37.77,44.92,41.69,38.14,46.62,39.69,42.09,26.08,25.64,23.6,27.86,21.95,22.71,33.73,34.29,22.24,32.19,41.07,38.99,41.35,42.31,27.54,22.15,44.42,34.79,41.45,39.93,45.69,39.73,44.59,33.53,31.82,37.41,20.86,17.94,20.44,19.15,12.72,13.91,16.03,15.03,18.07,12.03,14.56,16.96,15.28,12.27,19.22,9.18,12.04,16.85,12.37,15.61,14.92,18.38,23.7,20.6,23.33,23.9,22.95,24.69,14.52,15.15,18.79,11.89,9.89,12.38,15.85,17.52,16.98,18.75,17.7,9.36,12.81,8.2,15.17,10.81,10.9,8.55,8.24,9.72,9.99,12.29,13.29,11.3,11.85,10.79,16.54,9.72,14.4,27.4,31.88,36.61,30.42,19.35,19.21,27.69,27.03,25.84,29.47,31.89,28.86,23.09,17.99,28.05,20.3,24.75,25.09,26.29,25.34,31.11,33.31,32.89,19.19,24.47,27.07,28.78,27.32,24.67,29.9,34.13,17.17,25.68,26.71,30.67,11.58,3.83,6.77,9.83,6.84,9.78,9.52,8.73,4.06,9.06,1.75,5.21,6.22,3.48,3.34,5.37,2.46,7.4,11.43,0.0,3.3,1.42,3.93,5.24,8.98,10.81,7.37,8.49,8.03,7.06,9.51,11.03,7.71,8.12,12.65,11.78,10.85,5.9,10.08,11.14,6.03,11.4,12.91,9.96,8.43,8.88,9.54,8.44,11.96,57.54,55.11
13.99,12.49,11.52,20.0,11.89,26.39,11.56,16.53,15.61,11.02,20.52,20.96,15.57,23.39,20.39,14.02,12.81,23.9,17.98,32.0,21.97,17.15,11.12,15.23,13.27,10.24,9.58,18.36,9.1,7.58,16.82,20.66,24.54,19.34,18.12,17.12,24.73,41.68,12.79,8.1,21.52,22.74,14.76,13.99,8.97,20.45,8.86,17.18,16.56,22.97,13.71,14.53,21.44,9.89,10.05,15.64,19.3,18.11,18.47,19.6,13.8,2.5,20.33,13.99,15.8,9.28,11.6,14.15,15.7,21.67,18.94,12.12,14.51,11.36,13.13,12.62,18.45,13.16,16.29,17.71,11.81,9.1,11.0,13.6,14.32,10.8,11.02,11.83,13.09,10.4,26.86,41.08,23.63,21.41,22.96,27.56,22.46,21.97,22.14,21.32,24.27,22.52,22.09,16.73,22.48,21.99,17.92,19.11,24.88,15.51,16.16,15.86,45.56,44.27,38.38,44.43,46.85,42.71,44.42,44.89,46.64,54.36,39.67,38.32,45.47,42.24,38.69,47.17,40.24,42.64,26.63,26.19,24.15,28.41,22.5,23.26,34.28,34.84,22.79,32.74,41.62,39.54,41.9,42.86,28.09,22.7,44.97,35.34,42.0,40.48,46.24,40.28,45.14,34.08,32.37,37.96,21.41,18.49,20.99,19.7,13.27,15.12,16.58,15.58,18.62,12.58,15.76,17.51,16.48,13.47,19.77,10.38,12.59,17.4,13.57,16.82,16.12,18.93,24.25,21.15,23.88,24.45,23.5,25.24,15.07,15.7,19.34,12.44,10.44,12.93,16.4,18.07,17.53,19.3,18.25,9.91,13.36,8.75,15.72,11.36,8.58,9.1,8.79,10.27,7.42,12.84,13.84,11.85,12.4,11.34,17.09,10.27,14.95,27.95,32.43,37.16,30.97,19.9,19.76,28.24,27.58,26.39,30.02,32.44,29.41,23.64,18.54,28.6,20.85,25.3,25.64,26.84,25.89,31.66,33.86,33.44,19.74,25.02,27.62,29.33,27.87,25.22,30.45,34.68,17.72,26.23,27.26,31.22,12.13,1.24,7.32,10.38,7.39,10.99,10.07,9.28,4.61,10.27,2.96,5.76,6.76,4.68,5.06,5.92,3.01,7.95,11.98,3.3,0.0,1.97,4.47,6.44,9.53,8.23,4.79,5.91,5.45,7.19,8.84,8.45,5.13,6.37,10.39,9.19,8.26,3.31,11.29,8.56,3.45,8.82,10.32,7.38,5.84,10.08,8.86,7.76,9.38,58.09,55.66
12.02,10.52,9.55,18.03,9.91,24.42,9.59,14.56,13.63,9.05,18.54,18.98,15.2,21.42,18.42,13.66,10.83,21.93,16.0,30.02,20.0,15.17,9.15,14.87,12.91,8.26,10.47,16.38,7.13,5.6,14.85,18.68,22.56,17.36,16.15,15.15,22.75,39.71,10.82,6.12,19.54,20.77,14.39,12.02,9.23,18.47,6.89,15.2,14.58,20.99,11.73,14.17,19.46,7.92,8.08,13.66,17.33,16.14,16.5,17.62,11.83,2.8,18.35,12.01,13.83,7.31,9.63,12.17,13.72,19.7,16.96,10.15,12.54,9.39,11.15,10.64,16.47,11.19,14.31,15.74,9.83,7.13,9.03,11.62,12.34,8.83,9.04,9.85,11.12,8.42,24.88,39.1,21.66,19.43,20.99,25.59,20.49,20.0,20.16,19.35,22.3,22.15,20.57,16.36,20.51,21.63,17.55,18.74,22.91,15.15,15.79,15.5,43.59,42.3,36.41,42.46,44.88,40.73,42.44,42.92,44.66,52.39,37.69,36.34,43.5,40.27,36.72,45.2,38.27,40.67,24.66,24.22,22.18,26.44,20.52,21.29,32.3,32.87,20.81,30.77,39.64,37.56,39.93,40.88,26.12,20.73,43.0,33.37,40.02,38.5,44.27,38.3,43.17,32.11,30.4,35.98,19.44,16.52,19.02,17.73,11.3,14.75,14.61,13.6,16.64,10.6,15.4,15.53,16.12,13.11,17.8,10.02,10.61,15.42,13.21,16.45,15.76,16.96,22.28,19.18,21.91,22.47,21.53,23.27,13.1,13.73,17.36,10.47,8.46,10.95,14.42,16.1,15.55,17.33,16.27,7.94,11.39,6.77,13.75,9.38,9.47,7.12,6.81,8.29,8.57,10.86,11.87,9.87,10.43,9.37,15.12,8.29,12.98,25.98,30.46,35.19,28.99,17.92,17.78,26.27,25.61,24.42,28.05,30.47,27.44,21.67,16.56,26.62,18.88,23.32,23.67,24.87,23.92,29.68,31.89,31.47,17.77,23.04,25.65,27.36,25.89,23.25,28.48,32.7,15.75,24.26,25.28,29.24,10.16,2.5,5.34,8.4,5.41,10.62,8.1,7.31,2.64,9.9,2.59,3.79,4.79,4.31,4.18,3.95,1.03,5.98,10.01,1.42,1.97,0.0,2.5,6.07,7.56,9.48,6.04,7.16,6.7,7.9,10.35,9.7,6.38,7.63,11.23,10.45,9.52,4.57,10.92,9.82,4.7,10.07,11.58,8.63,7.1,9.72,10.38,9.28,10.63,56.12,53.69
9.52,8.02,7.05,18.4,10.28,24.78,7.08,12.06,11.13,6.55,18.91,19.35,17.71,13.62,18.79,16.16,11.2,22.3,13.5,30.39,20.37,15.54,6.65,17.37,15.41,8.63,7.97,16.75,7.49,5.97,15.22,19.05,22.93,10.61,16.52,15.52,23.12,40.08,11.19,6.49,12.46,12.96,16.89,9.52,6.72,11.38,4.39,15.57,14.95,21.36,12.1,16.67,19.83,8.29,5.58,14.03,17.69,16.5,16.86,17.99,12.19,5.3,18.72,12.38,14.2,7.68,10.0,12.54,14.09,20.07,17.33,10.52,10.04,9.75,11.52,8.14,16.84,11.56,9.49,16.1,10.2,7.5,6.08,11.99,12.71,9.19,9.41,10.22,11.49,8.79,25.25,39.47,22.03,19.8,21.35,25.95,20.86,12.91,20.53,19.72,14.5,24.65,20.94,18.86,20.88,22.05,20.05,21.24,23.27,17.65,18.29,18.0,43.96,42.67,36.77,42.83,45.25,41.1,42.81,43.29,45.03,52.76,38.06,36.71,43.87,40.64,37.08,45.57,38.63,41.03,25.02,24.58,22.54,26.81,20.89,21.66,32.67,33.23,21.18,31.13,40.01,37.93,40.3,41.25,26.49,21.1,43.36,33.73,40.39,38.87,44.63,38.67,43.54,32.48,30.77,36.35,19.81,16.88,19.39,18.1,11.66,17.25,14.97,13.97,17.01,10.97,17.9,15.9,18.62,15.61,18.17,12.52,10.98,15.79,15.71,14.99,14.04,17.33,22.65,19.54,22.28,22.84,21.89,23.63,13.46,14.09,17.73,10.83,8.83,11.32,14.79,16.47,15.92,17.69,16.64,5.44,8.22,4.27,10.07,6.88,6.97,4.62,4.31,5.79,6.07,8.36,9.37,7.37,7.93,6.87,12.62,5.79,10.48,26.34,30.83,35.56,29.36,18.29,18.15,26.63,25.98,24.78,28.42,30.83,27.81,22.04,11.0,26.99,19.25,23.69,24.04,25.24,24.29,30.05,32.25,31.83,18.13,23.41,26.01,27.72,26.26,23.62,28.84,33.07,16.12,24.63,25.65,29.61,7.66,5.0,2.84,5.9,2.91,13.12,5.6,4.81,3.01,12.4,5.09,1.29,2.29,6.81,6.68,1.45,1.47,3.48,7.51,3.93,4.47,2.5,0.0,8.57,7.93,11.99,9.36,7.52,9.36,10.4,12.85,9.48,8.88,10.13,8.73,12.95,12.02,7.07,13.42,12.16,7.2,8.96,11.36,11.13,9.35,12.22,12.88,11.78,10.41,56.48,54.05
18.09,16.59,15.62,26.06,15.98,32.44,15.66,20.63,19.71,15.12,26.57,27.01,17.35,29.45,26.45,15.8,18.86,29.96,22.07,38.05,28.03,21.59,15.22,17.01,15.05,14.34,16.55,24.41,13.2,13.63,22.88,26.71,30.59,25.39,24.18,23.18,30.78,47.74,18.85,12.2,27.57,28.79,16.53,18.09,15.3,26.5,12.96,23.23,22.61,29.02,19.76,16.31,27.49,13.99,14.15,21.69,25.35,24.16,22.92,25.65,19.85,5.1,26.38,20.04,21.86,13.38,15.7,20.2,21.75,27.72,24.99,18.18,18.61,17.41,19.18,16.71,24.5,19.22,22.34,23.76,15.9,13.2,17.06,19.65,20.37,16.85,17.07,17.88,19.15,14.5,32.91,47.13,29.69,27.46,29.01,33.61,28.52,28.02,28.19,27.38,30.33,24.29,23.87,18.5,25.12,23.77,19.69,20.88,27.14,17.29,17.94,17.64,51.62,50.33,44.43,50.49,52.91,48.76,50.47,50.95,52.69,60.42,45.72,44.37,51.52,48.3,44.74,53.23,46.29,48.69,32.68,32.24,30.2,34.47,28.55,29.32,40.33,40.89,28.84,38.79,47.67,45.59,47.96,48.91,34.15,27.15,51.02,41.39,48.05,46.53,52.29,46.33,51.19,40.14,38.43,44.01,25.86,22.94,27.05,24.15,17.37,16.89,21.03,19.55,23.06,16.68,17.54,21.95,18.26,15.25,24.22,12.16,16.69,21.84,15.35,18.59,17.9,23.38,30.3,27.2,29.94,30.5,29.55,31.29,21.12,21.75,25.39,16.54,14.54,17.03,22.45,24.13,23.58,25.35,24.3,14.01,19.41,12.85,21.77,15.45,15.54,13.2,12.89,14.37,12.66,16.94,17.94,15.95,16.5,15.44,21.19,14.37,19.05,34.0,38.49,43.22,37.02,25.95,25.81,34.29,33.64,32.44,36.08,38.49,35.47,29.7,24.59,34.65,26.91,31.35,31.7,32.9,31.95,37.71,39.91,39.49,25.79,31.07,33.67,35.38,33.92,31.28,36.5,40.73,23.78,32.29,33.31,37.27,16.23,6.49,11.41,14.47,11.49,12.76,14.17,13.38,8.71,12.04,4.73,9.86,10.86,2.05,6.84,10.02,7.11,12.05,16.08,5.24,6.44,6.07,8.57,0.0,15.19,13.94,10.03,11.15,10.69,4.2,6.66,13.69,6.11,5.27,17.3,14.9,13.97,9.02,7.23,14.27,8.69,14.06,15.57,13.08,11.09,6.02,6.68,5.58,14.62,63.38,60.94
14.47,15.94,14.97,15.23,5.69,15.79,15.01,14.63,13.7,7.67,11.29,16.18,21.12,18.61,15.62,13.41,6.61,19.13,16.07,21.39,11.37,10.95,14.57,20.78,18.82,4.04,15.9,8.27,2.91,5.56,12.05,10.06,13.93,14.56,8.9,12.35,14.12,31.08,8.01,1.57,16.74,17.96,12.4,12.89,14.65,15.67,7.3,12.4,11.78,12.36,7.51,20.08,13.23,3.7,6.69,10.86,8.52,13.33,12.28,10.37,6.37,10.36,11.11,9.21,11.02,3.09,5.41,9.37,10.92,10.16,9.71,5.92,12.61,5.16,6.93,12.18,13.67,6.49,11.51,8.04,5.61,2.91,6.2,6.18,6.9,4.6,4.03,5.56,5.68,4.2,22.08,36.3,18.85,16.63,18.18,22.78,17.68,17.19,17.36,16.54,19.49,28.07,16.35,22.27,16.29,17.46,21.08,19.02,18.69,21.06,21.71,21.41,34.96,33.67,27.78,33.83,36.25,32.1,33.81,34.29,36.04,43.76,29.07,27.72,34.87,31.64,28.09,31.19,29.64,32.04,16.03,15.59,13.55,17.81,11.9,12.66,23.68,24.24,12.18,22.14,31.01,28.94,31.3,32.25,17.49,16.51,34.37,24.74,31.39,29.87,35.64,29.68,34.54,23.48,21.77,27.35,15.22,12.3,10.39,13.51,7.08,14.51,10.39,9.38,12.42,6.38,11.39,11.31,12.89,16.29,13.58,15.93,6.39,11.2,14.56,10.4,9.45,12.74,13.65,11.93,13.28,13.84,12.9,14.64,7.65,8.28,10.11,6.25,1.04,6.73,11.62,13.29,12.75,14.52,13.47,7.58,7.16,8.59,10.94,11.04,14.9,12.55,12.24,13.72,13.99,12.77,13.52,11.53,15.85,14.79,15.19,11.3,14.13,17.35,21.83,26.56,20.36,15.12,14.98,17.64,22.8,15.79,19.42,21.84,18.81,18.86,13.76,23.82,16.07,20.52,20.87,16.24,15.29,21.06,23.26,22.84,14.96,20.24,17.02,18.73,17.27,14.62,19.85,24.07,12.94,15.63,16.65,20.62,15.58,10.06,8.68,10.06,10.84,16.54,13.52,12.73,5.45,15.82,10.71,9.21,10.22,13.43,12.13,9.37,6.52,10.1,15.43,8.98,9.53,7.56,7.93,15.19,0.0,17.0,13.56,15.4,14.22,15.41,17.87,17.37,13.9,15.14,16.61,17.96,17.04,12.08,18.44,17.33,12.22,16.84,19.24,16.15,14.62,17.23,17.89,16.79,18.3,53.43,51.0
21.5,20.0,19.03,27.52,19.4,33.9,19.07,24.04,23.12,18.53,28.03,28.47,22.61,30.9,27.9,21.06,20.32,31.41,25.49,39.51,29.48,24.66,11.27,22.27,20.31,17.75,10.1,25.87,16.61,15.09,24.34,28.17,32.05,26.85,25.63,24.63,32.24,49.19,20.3,15.61,29.03,30.25,21.79,21.5,9.48,27.96,16.37,24.69,24.07,30.48,21.22,21.57,28.95,17.4,17.56,23.15,26.81,25.62,25.98,27.11,21.31,9.53,27.84,21.5,23.31,16.79,19.11,21.66,23.21,29.18,26.45,19.63,22.02,18.87,20.64,20.13,25.96,20.67,23.8,25.22,19.32,16.61,18.51,21.11,21.83,18.31,18.53,19.34,20.61,17.91,34.37,48.59,31.14,28.92,30.47,35.07,29.97,29.48,29.65,28.83,31.78,29.55,29.13,23.76,30.0,29.03,24.95,26.14,32.4,22.55,23.19,22.9,53.08,51.78,45.89,51.94,54.36,50.22,51.93,52.4,54.15,61.87,47.18,45.83,52.98,49.75,46.2,54.68,47.75,50.15,34.14,33.7,31.66,35.93,30.01,30.77,41.79,42.35,30.3,40.25,49.13,47.05,49.41,50.37,35.6,30.21,52.48,42.85,49.51,47.99,53.75,47.79,52.65,41.59,39.88,45.47,28.92,26.0,28.5,27.21,20.78,22.15,24.09,23.09,26.13,20.09,22.8,25.02,23.52,20.51,27.28,17.42,20.1,24.91,20.61,23.85,23.16,26.44,31.76,28.66,31.39,31.96,31.01,32.75,22.58,23.21,26.85,19.95,17.95,20.44,23.91,25.58,25.04,26.81,25.76,17.42,20.87,16.26,23.23,18.87,9.09,9.86,10.55,10.41,7.93,20.35,21.35,19.36,19.91,18.85,24.6,17.78,22.46,35.46,39.94,44.67,38.48,27.41,27.27,35.75,35.09,33.9,37.53,39.95,36.92,31.15,26.05,36.11,28.36,32.81,33.15,34.35,33.4,39.17,41.37,40.95,27.25,32.53,35.13,36.84,35.38,32.73,37.96,42.19,25.23,33.74,34.77,38.73,12.27,7.61,14.83,17.89,11.82,18.02,17.58,11.04,12.12,17.3,9.99,13.27,14.28,11.72,12.1,13.43,10.52,15.46,12.12,10.81,8.23,9.48,11.99,13.94,17.0,0.0,7.66,8.78,8.32,9.89,11.53,5.41,7.82,9.07,7.59,1.69,3.09,5.04,16.81,4.03,6.32,6.43,4.94,2.17,5.28,15.6,11.56,10.46,3.53,65.6,63.17
14.42,12.92,11.95,17.94,15.95,28.7,11.99,16.96,16.03,11.45,22.82,18.9,19.16,18.52,18.33,17.62,15.09,26.21,18.4,34.3,24.28,21.76,6.68,18.82,16.87,14.31,5.51,20.67,13.17,11.64,19.13,22.97,26.84,15.51,20.43,19.43,27.03,43.99,15.1,12.17,17.36,17.86,18.35,14.42,4.89,16.29,9.29,19.48,18.86,25.27,15.94,18.13,23.75,13.86,10.48,17.94,21.61,20.42,23.09,21.9,16.08,6.09,22.64,16.29,18.11,13.35,16.22,16.45,15.8,23.98,21.24,14.4,14.94,13.64,15.4,13.04,20.75,15.44,14.39,20.02,16.42,13.17,10.98,15.87,16.59,13.08,13.29,14.11,15.37,14.76,29.16,43.38,25.94,23.71,25.27,29.87,24.77,17.81,20.08,19.26,19.4,26.11,25.68,20.32,27.1,25.58,21.51,22.7,29.5,19.11,19.75,19.45,47.87,46.58,40.69,46.74,49.16,45.01,46.72,47.2,48.95,56.67,41.98,40.62,47.78,44.55,41.0,49.48,42.55,44.95,28.94,28.5,26.46,30.72,24.8,25.57,36.58,37.15,25.09,35.05,43.92,41.84,44.21,45.16,30.4,30.24,47.28,37.65,44.3,42.78,48.55,42.59,47.45,36.39,34.68,40.26,26.03,25.17,23.3,24.32,17.89,18.71,21.2,20.19,23.23,17.19,19.36,22.12,20.07,17.07,24.39,13.98,17.2,22.01,17.17,20.41,19.72,23.55,26.56,23.46,26.19,26.75,25.81,27.55,17.35,17.98,21.64,17.4,14.51,17.54,18.7,20.38,19.83,21.61,20.55,10.34,13.12,9.17,14.97,11.78,4.51,5.28,5.96,5.83,3.34,13.26,14.27,12.28,12.83,11.77,17.52,10.69,15.38,30.26,34.74,39.47,33.27,22.2,22.06,30.55,29.89,28.7,32.33,34.75,31.72,25.95,15.9,30.9,23.16,27.6,27.95,29.15,28.2,33.96,36.17,35.75,22.05,27.32,29.93,31.64,30.18,27.53,32.76,36.98,20.03,28.54,29.56,33.53,7.69,4.16,7.74,10.8,7.23,14.58,10.5,6.46,8.68,13.86,6.55,10.3,8.85,8.27,8.66,7.91,7.08,10.04,7.54,7.37,4.79,6.04,9.36,10.03,13.56,7.66,0.0,1.85,1.39,6.71,8.36,4.39,4.65,5.89,6.33,8.64,7.71,2.76,13.63,7.07,1.36,4.76,6.27,6.82,4.26,12.43,8.38,7.28,5.32,59.99,57.56
12.58,11.08,10.11,16.11,16.39,26.86,10.15,15.12,14.2,9.61,20.99,17.06,20.28,16.68,16.5,18.74,13.25,24.37,16.56,32.47,22.44,19.93,4.85,19.95,17.99,15.21,3.68,18.83,15.01,13.49,17.29,21.13,25.01,13.67,18.59,17.59,25.2,42.15,13.26,14.01,15.52,16.03,19.47,12.58,3.06,14.45,7.45,17.65,17.03,23.44,14.1,19.25,21.91,12.02,8.64,16.11,19.77,18.58,21.25,20.07,14.24,7.21,20.8,14.46,16.27,13.23,14.38,14.62,13.97,22.14,19.41,12.56,13.1,11.8,13.57,11.2,18.92,13.6,12.55,18.18,14.58,12.04,9.15,14.04,14.76,11.24,11.46,12.27,13.54,12.93,27.33,41.55,24.1,21.88,23.43,28.03,22.93,15.97,18.24,17.42,17.56,27.23,25.32,21.44,25.26,26.43,22.63,23.82,27.66,20.23,20.87,20.57,46.03,44.74,38.85,44.9,47.32,43.18,44.89,45.36,47.11,54.83,40.14,38.79,45.94,42.71,39.16,47.64,40.71,43.11,27.1,26.66,24.62,28.88,22.97,23.73,34.75,35.31,23.26,33.21,42.08,40.01,42.37,43.33,28.56,28.41,45.44,35.81,42.47,40.95,46.71,40.75,45.61,34.55,32.84,38.43,24.19,23.33,21.46,22.48,16.05,19.83,19.36,18.36,21.4,15.36,20.48,20.29,21.2,18.19,22.55,15.1,15.37,20.18,18.29,19.38,18.42,21.71,24.72,21.62,24.35,24.92,23.97,25.71,15.51,16.14,19.81,15.56,16.35,15.71,16.87,18.54,18.0,19.77,18.72,8.5,11.28,7.34,13.13,9.95,2.67,3.44,4.13,3.99,1.51,11.43,12.43,10.44,10.99,9.93,15.68,8.86,13.54,28.42,32.9,37.63,31.44,20.37,20.23,28.71,28.05,26.86,30.49,32.91,29.88,24.11,14.06,29.07,21.32,25.77,26.11,27.31,26.36,32.13,34.33,33.91,20.21,25.49,28.09,29.8,28.34,25.69,30.92,35.15,18.19,26.7,27.73,31.69,5.85,5.28,5.9,8.97,5.4,15.7,8.66,4.62,10.53,14.98,7.67,8.46,7.01,9.39,9.78,6.07,8.99,8.2,5.7,8.49,5.91,7.16,7.52,11.15,15.4,8.78,1.85,0.0,1.84,7.82,9.46,2.54,5.76,7.0,4.48,9.74,8.81,3.86,14.74,5.22,2.46,2.91,4.42,4.83,2.41,13.54,9.49,8.39,3.47,58.14,55.71
14.43,12.92,11.96,17.95,18.23,28.7,11.99,16.97,16.04,11.46,22.83,18.9,19.82,18.52,18.34,18.27,15.09,26.22,18.41,34.31,24.28,21.77,6.69,19.48,17.52,14.96,5.52,20.67,13.82,12.3,19.14,22.97,26.85,15.51,20.43,19.44,27.04,44.0,15.1,12.82,17.36,17.87,19.01,14.42,4.9,16.29,9.3,19.49,18.87,25.28,15.95,18.78,23.75,13.87,10.48,17.95,21.61,20.42,23.09,21.91,16.08,6.75,22.64,16.3,18.11,14.01,16.22,16.46,15.81,23.98,21.25,14.41,14.95,13.64,15.41,13.05,20.76,15.45,14.39,20.02,16.43,13.88,10.99,15.88,16.6,13.08,13.3,14.11,15.38,14.77,29.17,43.39,25.95,23.72,25.27,29.87,24.77,17.81,20.08,19.27,19.4,26.77,26.34,20.97,27.11,26.24,22.17,23.36,29.5,19.76,20.41,20.11,47.88,46.58,40.69,46.74,49.16,45.02,46.73,47.2,48.95,56.68,41.98,40.63,47.78,44.56,41.0,49.49,42.55,44.95,28.94,28.5,26.46,30.73,24.81,25.58,36.59,37.15,25.1,35.05,43.93,41.85,44.22,45.17,30.4,30.25,47.28,37.65,44.31,42.79,48.55,42.59,47.45,36.39,34.69,40.27,26.04,25.18,23.31,24.32,17.89,19.37,21.2,20.2,23.24,17.2,20.01,22.13,20.73,17.72,24.4,14.63,17.21,22.02,17.82,21.07,20.37,23.55,26.56,23.46,26.19,26.76,25.81,27.55,17.35,17.98,21.65,17.4,15.16,17.55,18.71,20.38,19.84,21.61,20.56,10.34,13.13,9.18,14.98,11.79,4.52,5.28,5.97,5.83,3.35,13.27,14.27,12.28,12.84,11.78,17.53,10.7,15.38,30.26,34.75,39.48,33.28,22.21,22.07,30.55,29.9,28.7,32.34,34.75,31.72,25.95,15.9,30.91,23.16,27.61,27.96,29.16,28.2,33.97,36.17,35.75,22.05,27.33,29.93,31.64,30.18,27.54,32.76,36.99,20.03,28.55,29.57,33.53,7.7,4.82,7.75,10.81,7.24,15.24,10.5,6.46,9.34,14.52,7.21,10.31,8.85,8.93,9.31,7.91,7.73,10.04,7.54,8.03,5.45,6.7,9.36,10.69,14.22,8.32,1.39,1.84,0.0,7.36,9.0,4.38,5.29,6.54,6.33,9.28,8.35,3.4,14.28,7.06,2.0,4.75,6.26,6.67,4.26,13.07,9.03,7.93,5.31,59.98,57.55
19.92,18.42,17.45,27.88,17.81,34.27,17.48,22.46,21.53,16.95,28.39,28.84,19.17,31.27,28.27,17.62,20.69,31.78,23.9,39.87,29.85,23.42,12.67,18.83,16.88,16.16,11.5,26.24,15.02,15.46,24.7,28.54,32.42,27.21,26.0,25.0,32.61,49.56,20.67,14.02,29.4,30.62,18.36,19.92,10.88,28.33,14.79,25.05,24.43,30.84,21.59,18.14,29.32,15.82,15.97,23.51,27.18,25.99,24.74,27.47,21.68,6.92,28.21,21.86,23.68,15.21,17.53,22.02,23.57,29.55,26.82,20.0,20.44,19.24,21.01,18.54,26.33,21.04,24.17,25.59,17.73,15.02,18.88,21.47,22.19,18.68,18.9,19.71,20.97,16.32,34.74,48.95,31.51,29.29,30.84,35.44,30.34,29.85,30.02,29.2,32.15,26.12,25.69,20.33,26.94,25.59,21.52,22.71,28.96,19.11,19.76,19.46,53.44,52.15,46.26,52.31,54.73,50.58,52.3,52.77,54.52,62.24,47.55,46.2,53.35,50.12,46.57,55.05,48.12,50.52,34.51,34.07,32.03,36.29,30.38,31.14,42.16,42.72,30.66,40.62,49.49,47.42,49.78,50.73,35.97,28.97,52.85,43.22,49.87,48.36,54.12,48.16,53.02,41.96,40.25,45.83,27.69,24.76,28.87,25.97,19.19,18.72,22.85,21.37,24.89,18.5,19.36,23.78,20.08,17.08,26.04,13.99,18.51,23.67,17.17,20.42,19.73,25.2,32.13,29.03,31.76,32.33,31.38,33.12,22.95,23.58,27.21,18.36,16.36,18.85,24.27,25.95,25.41,27.18,26.12,15.83,21.24,14.67,23.6,17.28,10.5,11.26,11.95,11.81,9.33,18.76,19.76,17.77,18.33,17.27,23.02,16.19,20.88,35.83,40.31,45.04,38.84,27.78,27.63,36.12,35.46,34.27,37.9,40.32,37.29,31.52,26.42,36.47,28.73,33.18,33.52,34.72,33.77,39.54,41.74,41.32,27.62,32.9,35.5,37.21,35.75,33.1,38.33,42.55,25.6,34.11,35.13,39.1,13.68,6.57,13.24,16.3,13.31,14.59,15.99,12.44,10.54,13.87,6.56,11.69,12.69,3.87,8.67,11.85,8.93,13.88,13.52,7.06,7.19,7.9,10.4,4.2,15.41,9.89,6.71,7.82,7.36,0.0,2.61,10.36,2.07,1.22,12.31,10.85,9.92,4.97,7.07,10.22,5.36,10.73,12.24,9.04,7.76,5.87,2.63,1.53,9.72,65.2,62.77
22.37,20.87,19.9,30.34,20.26,36.72,19.94,24.91,23.98,19.4,30.85,31.29,21.62,33.72,30.73,20.08,23.14,34.24,26.35,42.33,32.3,25.87,14.31,21.29,19.33,18.61,13.14,28.69,17.48,17.91,27.16,30.99,34.87,29.67,28.45,27.46,35.06,52.02,23.12,16.48,31.85,33.07,20.81,22.37,12.52,30.78,17.24,27.51,26.89,33.3,24.04,20.59,31.77,18.27,18.43,25.97,29.63,28.44,27.2,29.93,24.13,9.38,30.66,24.32,26.13,17.66,19.98,24.48,26.03,32.0,29.27,22.46,22.89,21.69,23.46,20.99,28.78,23.49,26.62,28.04,20.18,17.48,21.34,23.93,24.65,21.13,21.35,22.16,23.43,18.77,37.19,51.41,33.96,31.74,33.29,37.89,32.79,32.3,32.47,31.65,34.6,28.57,28.15,22.78,29.4,28.05,23.97,25.16,31.42,21.57,22.21,21.92,55.9,54.6,48.71,54.76,57.18,53.04,54.75,55.22,56.97,64.7,50.0,48.65,55.8,52.57,49.02,57.51,50.57,52.97,36.96,36.52,34.48,38.75,32.83,33.59,44.61,45.17,33.12,43.07,51.95,49.87,52.23,53.19,38.42,31.43,55.3,45.67,52.33,50.81,56.57,50.61,55.47,44.41,42.71,48.29,30.14,27.22,31.33,28.43,21.65,21.17,25.3,23.83,27.34,20.95,21.82,26.23,22.54,19.53,28.5,16.44,20.97,26.12,19.63,22.87,22.18,27.66,34.58,31.48,34.21,34.78,33.83,35.57,25.4,26.03,29.67,20.82,18.82,21.3,26.73,28.4,27.86,29.63,28.58,18.29,23.69,17.12,26.05,19.73,12.14,12.91,13.59,13.45,10.97,21.21,22.22,20.23,20.78,19.72,25.47,18.64,23.33,38.28,42.77,47.5,41.3,30.23,30.09,38.57,37.92,36.72,40.35,42.77,39.74,33.97,28.87,38.93,31.18,35.63,35.98,37.17,36.22,41.99,44.19,43.77,30.07,35.35,37.95,39.66,38.2,35.55,40.78,45.01,28.05,36.56,37.59,41.55,15.32,8.21,15.69,18.75,15.76,17.04,18.45,14.08,12.99,16.32,9.01,14.14,15.14,6.33,11.12,14.3,11.39,16.33,15.17,9.51,8.84,10.35,12.85,6.66,17.87,11.53,8.36,9.46,9.0,2.61,0.0,12.01,3.71,2.86,13.95,12.49,11.56,6.61,9.53,11.86,7.0,12.38,13.88,10.68,9.4,8.32,3.08,1.07,11.36,67.65,65.22
14.55,13.05,12.08,18.07,18.35,28.82,12.11,17.09,16.16,11.58,22.95,19.03,22.83,18.64,18.46,21.28,15.21,26.34,18.53,34.43,24.41,21.89,6.81,22.49,20.53,17.18,5.64,20.79,16.98,15.46,19.26,23.09,26.97,15.63,20.56,19.56,27.16,44.12,15.23,15.98,17.48,17.99,22.01,14.55,5.02,16.41,9.42,19.61,18.99,25.4,16.07,21.79,23.87,13.99,10.6,18.07,21.73,20.54,23.21,22.03,16.2,9.75,22.76,16.42,18.24,15.19,16.35,16.58,15.93,24.11,21.37,14.53,15.07,13.77,15.53,13.17,20.88,15.57,14.52,20.15,16.55,14.0,11.11,16.0,16.72,13.2,13.42,14.23,15.5,14.89,29.29,43.51,26.07,23.84,25.39,29.99,24.9,17.94,20.2,19.39,19.52,29.77,27.29,23.98,27.23,28.4,25.17,26.36,29.62,22.77,23.41,23.12,48.0,46.71,40.82,46.87,49.29,45.14,46.85,47.33,49.07,56.8,42.1,40.75,47.91,44.68,41.13,49.61,42.67,45.07,29.06,28.62,26.58,30.85,24.93,25.7,36.71,37.27,25.22,35.18,44.05,41.97,44.34,45.29,30.53,30.37,47.4,37.78,44.43,42.91,48.68,42.71,47.58,36.52,34.81,40.39,26.16,25.3,23.43,24.45,18.01,22.37,21.32,20.32,23.36,17.32,22.33,22.25,23.74,20.73,24.52,17.64,17.33,22.14,20.83,21.34,20.39,23.68,26.69,23.58,26.32,26.88,25.93,27.68,17.48,18.11,21.77,17.52,18.32,17.67,18.83,20.51,19.96,21.73,20.68,10.47,13.25,9.3,15.1,11.91,4.64,5.41,6.09,5.95,3.47,13.39,14.4,12.4,12.96,11.9,17.65,10.82,15.51,30.38,34.87,39.6,33.4,22.33,22.19,30.67,30.02,28.82,32.46,34.87,31.85,26.08,16.03,31.03,23.29,27.73,28.08,29.28,28.33,34.09,36.29,35.87,22.17,27.45,30.05,31.76,30.3,27.66,32.88,37.11,20.16,28.67,29.69,33.65,7.82,7.83,7.87,10.93,7.36,18.24,10.62,6.58,12.49,17.52,10.21,10.43,8.98,11.94,12.32,8.04,10.95,10.16,7.67,11.03,8.45,9.7,9.48,13.69,17.37,5.41,4.39,2.54,4.38,10.36,12.01,0.0,8.3,9.54,3.14,6.38,5.98,6.41,17.28,3.64,5.01,1.98,2.83,3.24,0.83,16.08,12.03,10.93,1.89,60.1,57.67
18.4,16.9,15.93,24.41,16.29,30.8,15.97,20.94,20.01,15.43,24.92,25.37,19.5,27.8,24.8,17.96,17.22,28.31,22.38,36.4,26.38,21.55,10.6,19.16,17.21,14.64,9.43,22.77,13.51,11.98,21.23,25.07,28.94,23.74,22.53,21.53,29.13,46.09,17.2,12.51,25.93,27.15,18.69,18.4,8.81,24.85,13.27,21.58,20.96,27.37,18.11,18.47,25.85,14.3,14.46,20.04,23.71,22.52,22.88,24.0,18.21,6.43,24.74,18.39,20.21,13.69,16.01,18.55,20.1,26.08,23.34,16.53,18.92,15.77,17.53,17.02,22.85,17.57,20.69,22.12,16.21,13.51,15.41,18.0,18.72,15.21,15.42,16.23,17.5,14.8,31.26,45.48,28.04,25.81,27.37,31.97,26.87,26.38,26.54,25.73,28.68,26.45,26.02,20.66,26.89,25.92,21.85,23.04,29.3,19.45,20.09,19.79,49.97,48.68,42.79,48.84,51.26,47.11,48.82,49.3,51.05,58.77,44.08,42.72,49.88,46.65,43.1,51.58,44.65,47.05,31.04,30.6,28.56,32.82,26.9,27.67,38.68,39.25,27.19,37.15,46.02,43.94,46.31,47.26,32.5,27.11,49.38,39.75,46.4,44.88,50.65,44.69,49.55,38.49,36.78,42.36,25.82,22.9,25.4,24.11,17.68,19.05,20.99,19.98,23.02,16.98,19.7,21.91,20.41,17.41,24.18,14.32,17.0,21.8,17.51,20.75,20.06,23.34,28.66,25.56,28.29,28.85,27.91,29.65,19.48,20.11,23.74,16.85,14.85,17.33,20.8,22.48,21.93,23.71,22.65,14.32,17.77,13.15,20.13,15.76,8.43,9.2,9.88,9.75,7.27,17.24,18.25,16.26,16.81,15.75,21.5,14.67,19.36,32.36,36.84,41.57,35.37,24.3,24.16,32.65,31.99,30.8,34.43,36.85,33.82,28.05,22.95,33.0,25.26,29.7,30.05,31.25,30.3,36.06,38.27,37.85,24.15,29.42,32.03,33.74,32.28,29.63,34.86,39.08,22.13,30.64,31.66,35.63,11.61,4.5,11.72,14.78,11.79,14.92,14.48,10.38,9.02,14.2,6.89,10.17,11.17,5.78,9.0,10.33,7.42,12.36,11.46,7.71,5.13,6.38,8.88,6.11,13.9,7.82,4.65,5.76,5.29,2.07,3.71,8.3,0.0,1.25,10.24,8.79,7.86,2.9,8.98,8.15,3.29,8.67,10.17,6.97,5.69,7.78,3.73,2.63,7.65,62.5,60.07
19.65,18.14,17.18,25.66,17.54,32.04,17.21,22.19,21.26,16.68,26.17,26.61,20.23,29.04,26.05,18.69,18.46,29.56,23.63,37.65,27.62,24.48,11.85,19.9,17.94,15.89,10.68,24.01,14.75,13.23,22.48,26.31,30.19,24.99,23.77,22.78,30.38,47.34,18.44,13.75,27.17,28.39,19.42,19.64,10.06,26.1,14.52,22.83,22.21,28.62,19.36,19.2,27.09,15.54,15.7,21.29,24.95,23.76,25.8,25.25,19.45,7.99,25.98,19.64,21.45,14.93,17.25,19.8,21.35,27.32,24.59,17.78,20.17,17.01,18.78,18.27,24.1,18.81,21.94,23.36,17.46,14.75,16.66,19.25,19.97,16.45,16.67,17.48,18.75,16.05,32.51,46.73,29.28,27.06,28.61,33.21,28.11,27.62,27.79,26.97,29.92,27.18,26.76,21.39,28.01,26.66,22.58,23.77,30.03,20.18,20.82,20.53,51.22,49.92,44.03,50.08,52.5,48.36,50.07,50.54,52.29,60.02,45.32,43.97,51.12,47.9,44.34,52.83,45.89,48.29,32.28,31.84,29.8,34.07,28.15,28.91,39.93,40.49,28.44,38.39,47.27,45.19,47.56,48.51,33.74,30.04,50.62,40.99,47.65,46.13,51.89,45.93,50.79,39.73,38.03,43.61,28.75,25.83,26.65,27.04,18.92,19.78,23.91,22.44,25.95,18.23,20.43,24.84,21.15,18.14,27.11,15.05,18.24,24.73,18.24,21.48,20.79,26.27,29.9,26.8,29.53,30.1,29.15,30.89,20.72,21.35,24.99,18.09,16.09,18.58,22.05,23.72,23.18,24.95,23.9,15.56,19.01,14.4,21.37,17.01,9.68,10.44,11.13,10.99,8.51,18.49,19.49,17.5,18.06,17.0,22.75,15.92,20.6,33.6,38.09,42.82,36.62,25.55,25.41,33.89,33.24,32.04,35.67,38.09,35.06,29.29,24.19,34.25,26.5,30.95,31.3,32.5,31.54,37.31,39.51,39.09,25.39,30.67,33.27,34.98,33.52,30.87,36.1,40.33,23.37,31.89,32.91,36.87,12.86,5.75,12.97,16.03,13.04,15.65,15.72,11.62,10.27,14.93,7.62,11.41,12.42,4.94,9.73,11.58,8.66,13.6,12.7,8.12,6.37,7.63,10.13,5.27,15.14,9.07,5.89,7.0,6.54,1.22,2.86,9.54,1.25,0.0,11.49,10.03,9.1,4.15,8.14,9.4,4.54,9.91,11.42,8.22,6.94,6.93,2.89,1.79,8.9,63.74,61.31
13.79,12.29,11.32,17.31,17.59,28.06,11.36,16.33,15.4,10.82,22.19,18.27,26.43,17.89,17.7,24.88,14.46,25.58,17.77,33.67,23.65,21.13,6.05,26.09,24.13,16.42,3.33,20.03,16.22,14.7,18.5,22.33,26.21,14.88,19.8,18.8,26.4,43.36,14.47,15.22,16.73,17.23,22.58,13.79,4.26,15.66,8.66,18.85,18.23,24.64,15.31,25.4,23.11,13.23,9.85,17.31,20.98,19.79,22.46,21.27,15.45,11.7,22.0,15.66,17.48,14.43,15.59,15.82,15.17,23.35,20.61,13.77,14.31,13.01,14.77,12.41,20.12,14.81,13.76,19.39,15.79,13.25,10.35,15.24,15.96,12.45,12.66,13.47,14.74,14.13,28.53,42.75,25.31,23.08,24.64,29.24,24.14,17.18,19.45,18.63,18.77,33.38,26.53,27.59,26.47,27.64,28.78,29.97,28.87,26.37,27.02,26.72,47.24,45.95,40.06,46.11,48.53,44.38,46.09,46.57,48.31,56.04,41.34,39.99,47.15,43.92,40.37,48.85,41.92,44.32,28.31,27.87,25.83,30.09,24.17,24.94,35.95,36.52,24.46,34.42,43.29,41.21,43.58,44.53,29.77,29.61,46.65,37.02,43.67,42.15,47.92,41.95,46.82,35.76,34.05,39.63,25.4,24.54,22.67,23.69,17.26,25.98,20.56,19.56,22.6,16.56,21.57,21.49,23.07,24.33,23.76,21.25,16.57,21.38,24.43,20.58,19.63,22.92,25.93,22.83,25.56,26.12,25.18,26.92,16.72,17.35,21.01,16.76,17.56,16.91,18.07,19.75,19.2,20.98,19.92,9.71,12.49,8.54,14.34,11.15,2.21,4.65,5.33,5.2,2.98,12.63,13.64,11.64,12.2,11.14,16.89,10.06,14.75,29.63,34.11,38.84,32.64,21.57,21.43,29.92,29.26,28.07,31.7,34.12,31.09,25.32,15.27,30.27,22.53,26.97,27.32,28.52,27.57,33.33,35.54,35.12,21.42,26.69,29.3,31.01,29.54,26.9,32.13,36.35,19.4,27.91,28.93,32.89,7.06,9.77,7.11,10.17,6.6,21.85,9.87,5.83,11.73,21.13,13.82,9.67,8.22,15.54,15.41,7.28,10.19,9.4,6.91,12.65,10.39,11.23,8.73,17.3,16.61,7.59,6.33,4.48,6.33,12.31,13.95,3.14,10.24,11.49,0.0,8.55,8.16,8.35,19.22,5.81,6.95,1.16,5.01,5.42,3.01,18.02,13.97,12.87,4.07,59.34,56.91
22.47,20.96,20.0,28.48,20.36,34.86,20.03,25.01,24.08,19.5,28.99,29.43,23.57,31.86,28.87,22.02,21.28,32.38,26.45,40.47,30.44,25.62,12.23,23.23,21.27,18.71,11.06,26.83,17.57,16.05,25.3,29.13,33.01,27.81,26.59,25.6,33.2,50.16,21.26,16.57,29.99,31.21,22.75,22.46,10.44,28.92,17.34,25.65,25.03,31.44,22.18,22.53,29.91,18.36,18.52,24.11,27.77,26.58,26.94,28.07,22.27,10.5,28.8,22.46,24.27,17.75,20.07,22.62,24.17,30.14,27.41,20.6,22.99,19.83,21.6,21.09,26.92,21.63,24.76,26.18,20.28,17.57,19.48,22.07,22.79,19.27,19.49,20.3,21.57,18.87,35.33,49.55,32.1,29.88,31.43,36.03,30.93,30.44,30.61,29.79,32.74,30.51,30.09,24.72,30.96,29.99,25.91,27.1,33.36,23.51,24.16,23.86,54.04,52.74,46.85,52.9,55.32,51.18,52.89,53.36,55.11,62.84,48.14,46.79,53.94,50.72,47.16,55.65,48.71,51.11,35.1,34.66,32.62,36.89,30.97,31.74,42.75,43.31,31.26,41.21,50.09,48.01,50.38,51.33,36.56,31.17,53.44,43.81,50.47,48.95,54.71,48.75,53.61,42.55,40.85,46.43,29.89,26.96,29.47,28.17,21.74,23.12,25.05,24.05,27.09,21.05,23.76,25.98,24.48,21.47,28.25,18.38,21.06,25.87,21.57,24.82,24.12,27.4,32.72,29.62,32.35,32.92,31.97,33.71,23.54,24.17,27.81,20.91,18.91,21.4,24.87,26.54,26.0,27.77,26.72,18.38,21.83,17.22,24.19,19.83,10.06,10.82,11.51,11.37,8.89,21.31,22.31,20.32,20.88,19.82,25.57,18.74,23.42,36.42,40.91,45.64,39.44,28.37,28.23,36.71,36.06,34.86,38.5,40.91,37.88,32.11,27.01,37.07,29.32,33.77,34.12,35.32,34.36,40.13,42.33,41.91,28.21,33.49,36.09,37.8,36.34,33.7,38.92,43.15,26.19,34.71,35.73,39.69,13.24,8.57,15.79,18.85,12.78,18.98,18.54,12.0,13.09,18.27,10.95,14.23,15.24,12.68,13.06,14.4,11.48,16.42,13.08,11.78,9.19,10.45,12.95,14.9,17.96,1.69,8.64,9.74,9.28,10.85,12.49,6.38,8.79,10.03,8.55,0.0,4.06,6.01,17.77,2.68,7.28,7.4,4.0,3.13,6.25,16.56,12.52,11.42,4.49,66.56,64.13
21.54,20.04,19.07,27.55,19.43,33.93,19.1,24.08,23.15,18.57,28.06,28.5,22.64,30.94,27.94,21.09,20.35,31.45,25.52,39.54,29.52,24.69,13.66,22.3,20.34,17.78,12.49,25.9,16.64,15.12,24.37,28.2,32.08,26.88,25.67,24.67,32.27,49.23,20.34,15.64,29.06,30.28,21.83,21.54,11.87,27.99,16.41,24.72,24.1,30.51,21.25,21.6,28.98,17.44,17.59,23.18,26.84,25.65,26.01,27.14,21.34,9.57,27.87,21.53,23.35,16.83,19.15,21.69,23.24,29.22,26.48,19.67,22.06,18.9,20.67,20.16,25.99,20.71,23.83,25.25,19.35,16.65,18.55,21.14,21.86,18.34,18.56,19.37,20.64,17.94,34.4,48.62,31.18,28.95,30.5,35.1,30.01,29.51,29.68,28.87,31.82,29.59,29.16,23.79,30.03,29.06,24.98,26.18,32.43,22.58,23.23,22.93,53.11,51.82,45.92,51.98,54.4,50.25,51.96,52.44,54.18,61.91,47.21,45.86,53.02,49.79,46.23,54.72,47.78,50.18,34.17,33.73,31.69,35.96,30.04,30.81,41.82,42.38,30.33,40.28,49.16,47.08,49.45,50.4,35.64,30.25,52.51,42.88,49.54,48.02,53.78,47.82,52.68,41.63,39.92,45.5,28.96,26.03,28.54,27.25,20.81,22.19,24.12,23.12,26.16,20.12,22.83,25.05,23.55,20.54,27.32,17.45,20.13,24.94,20.64,23.89,23.19,26.48,31.8,28.69,31.43,31.99,31.04,32.78,22.61,23.24,26.88,19.98,17.98,20.47,23.94,25.62,25.07,26.84,25.79,17.46,20.9,16.29,23.26,18.9,11.49,12.26,12.94,12.8,10.32,20.38,21.38,19.39,19.95,18.89,24.64,17.81,22.5,35.49,39.98,44.71,38.51,27.44,27.3,35.78,35.13,33.93,37.57,39.98,36.96,31.19,26.08,36.14,28.4,32.84,33.19,34.39,33.44,39.2,41.4,40.98,27.28,32.56,35.16,36.87,35.41,32.77,37.99,42.22,25.27,33.78,34.8,38.76,14.67,7.64,14.86,17.92,14.93,18.06,17.61,13.43,12.16,17.34,10.02,13.31,14.31,11.75,12.13,13.47,10.55,15.5,14.52,10.85,8.26,9.52,12.02,13.97,17.04,3.09,7.71,8.81,8.35,9.92,11.56,5.98,7.86,9.1,8.16,4.06,0.0,5.08,16.84,4.6,6.35,7.0,5.51,2.74,5.85,15.63,11.59,10.49,4.09,65.63,63.2
16.59,15.08,14.12,22.6,14.48,28.98,14.15,19.13,18.2,13.62,23.11,23.55,17.69,25.98,22.99,16.14,15.4,26.5,20.57,34.59,24.56,19.74,8.71,17.35,15.39,12.83,7.54,20.95,11.69,10.17,19.42,23.25,27.13,21.93,20.71,19.72,27.32,44.28,15.38,10.69,24.11,25.33,16.87,16.58,6.92,23.04,11.46,19.77,19.15,25.56,16.3,16.65,24.03,12.48,12.64,18.23,21.89,20.7,21.06,22.19,16.39,4.62,22.92,16.58,18.39,11.87,14.19,16.74,18.29,24.26,21.53,14.72,17.11,13.95,15.72,15.21,21.04,15.75,18.88,20.3,14.4,11.69,13.6,16.19,16.91,13.39,13.61,14.42,15.69,12.99,29.45,43.67,26.22,24.0,25.55,30.15,25.05,24.56,24.73,23.91,26.86,24.63,24.21,18.84,25.08,24.11,20.03,21.22,27.48,17.63,18.28,17.98,48.16,46.86,40.97,47.02,49.44,45.3,47.01,47.48,49.23,56.96,42.26,40.91,48.06,44.84,41.28,49.77,42.83,45.23,29.22,28.78,26.74,31.01,25.09,25.85,36.87,37.43,25.38,35.33,44.21,42.13,44.5,45.45,30.68,25.29,47.56,37.93,44.59,43.07,48.83,42.87,47.73,36.67,34.97,40.55,24.01,21.08,23.59,22.29,15.86,17.24,19.17,18.17,21.21,15.17,17.88,20.1,18.6,15.59,22.37,12.5,15.18,19.99,15.69,18.94,18.24,21.52,26.84,23.74,26.47,27.04,26.09,27.83,17.66,18.29,21.93,15.03,13.03,15.52,18.99,20.66,20.12,21.89,20.84,12.5,15.95,11.34,18.31,13.95,6.54,7.3,7.99,7.85,5.37,15.43,16.43,14.44,15.0,13.94,19.69,12.86,17.54,30.54,35.03,39.76,33.56,22.49,22.35,30.83,30.18,28.98,32.62,35.03,32.0,26.23,21.13,31.19,23.44,27.89,28.24,29.44,28.48,34.25,36.45,36.03,22.33,27.61,30.21,31.92,30.46,27.82,33.04,37.27,20.31,28.83,29.85,33.81,9.72,2.69,9.91,12.97,9.98,13.1,12.66,8.48,7.21,12.39,5.07,8.35,9.36,6.8,7.18,8.52,5.6,10.54,9.56,5.9,3.31,4.57,7.07,9.02,12.08,5.04,2.76,3.86,3.4,4.97,6.61,6.41,2.9,4.15,8.35,6.01,5.08,0.0,11.89,5.38,1.4,6.77,6.29,4.19,3.8,10.68,6.64,5.54,4.87,60.68,58.25
22.94,21.44,20.47,30.91,20.83,37.29,20.51,25.48,24.55,19.97,31.42,31.86,14.97,34.29,31.3,20.65,23.71,34.81,26.92,42.9,32.87,26.44,20.07,14.63,12.68,19.19,18.42,29.26,18.05,18.48,27.73,31.56,35.44,30.24,29.02,28.03,35.63,52.59,23.69,17.05,32.42,33.64,21.38,22.94,17.8,31.35,17.81,28.08,27.46,33.87,24.61,13.94,32.34,18.84,19.0,26.54,30.2,29.01,27.77,30.5,24.7,9.95,31.23,24.89,26.7,18.23,20.55,25.05,26.6,32.57,29.84,23.03,23.46,22.26,24.03,21.56,29.35,24.06,27.19,28.61,20.75,18.05,21.91,24.5,25.22,21.7,21.92,22.73,24.0,19.35,37.76,51.98,34.53,32.31,33.86,38.46,33.36,32.87,33.04,32.22,35.17,17.26,21.49,16.13,22.74,21.39,17.32,18.51,24.76,14.91,15.56,15.26,56.47,55.17,49.28,55.33,57.75,53.61,55.32,55.79,57.54,65.27,50.57,49.22,56.37,53.15,49.59,58.08,51.14,53.54,37.53,37.09,35.05,39.32,33.4,34.16,45.18,45.74,33.69,43.64,52.52,50.44,52.81,53.76,38.99,32.0,55.87,46.24,52.9,51.38,57.14,51.18,56.04,44.98,43.28,48.86,30.71,27.79,31.9,29.0,22.22,21.74,25.87,24.4,27.91,21.53,22.39,26.8,23.11,20.1,29.07,17.01,21.54,26.69,20.2,23.44,22.75,28.23,35.15,32.05,34.78,35.35,34.4,36.14,25.97,26.6,30.24,21.39,19.39,21.87,27.3,28.97,28.43,30.2,29.15,18.86,24.26,17.69,26.62,20.3,17.41,18.04,17.74,19.22,16.25,21.79,22.79,20.8,21.35,20.29,26.04,19.21,23.9,38.85,43.34,48.07,41.87,30.8,30.66,39.14,38.49,37.29,40.93,43.34,40.31,34.54,29.44,39.5,31.75,36.2,36.55,37.75,36.79,42.56,44.76,44.34,30.64,35.92,38.52,40.23,38.77,36.12,41.35,45.58,28.62,37.14,38.16,42.12,21.08,11.34,16.26,19.32,16.34,8.8,19.02,18.23,13.56,16.89,9.58,14.71,15.71,6.9,11.69,14.87,11.96,16.9,20.93,10.08,11.29,10.92,13.42,7.23,18.44,16.81,13.63,14.74,14.28,7.07,9.53,17.28,8.98,8.14,19.22,17.77,16.84,11.89,0.0,17.14,12.28,17.65,19.16,15.95,14.68,1.2,5.52,8.45,16.63,68.22,65.79
17.23,15.72,14.76,20.75,21.03,31.5,14.79,19.77,18.84,14.26,25.63,21.7,22.94,21.32,21.14,21.39,17.89,29.02,21.21,37.11,27.08,24.57,9.49,22.6,20.64,18.08,8.32,23.47,16.94,15.42,21.94,25.77,29.65,18.31,23.23,22.24,29.84,46.8,17.9,15.94,20.16,20.67,22.12,17.22,7.7,19.09,12.1,22.29,21.67,28.08,18.75,21.9,26.55,16.67,13.28,20.75,24.41,23.22,25.89,24.71,18.88,9.87,25.44,19.1,20.91,17.12,19.02,19.26,18.61,26.78,24.05,17.21,17.75,16.44,18.21,15.85,23.56,18.24,17.19,22.82,19.23,16.68,13.79,18.68,19.4,15.88,16.1,16.91,18.18,17.57,31.97,46.19,28.74,26.52,28.07,32.67,27.57,20.61,22.88,22.07,22.2,29.88,29.96,24.09,29.91,29.36,25.28,26.47,32.3,22.88,23.53,23.23,50.68,49.38,43.49,49.54,51.96,47.82,49.53,50.0,51.75,59.48,44.78,43.43,50.58,47.35,43.8,52.29,45.35,47.75,31.74,31.3,29.26,33.53,27.61,28.37,39.39,39.95,27.9,37.85,46.73,44.65,47.01,47.97,33.2,33.05,50.08,40.45,47.11,45.59,51.35,45.39,50.25,39.19,37.49,43.07,28.84,27.98,26.11,27.12,20.69,22.48,24.0,23.0,26.04,20.0,23.13,24.93,23.85,20.84,27.2,17.75,20.01,24.82,20.94,24.02,23.49,26.35,29.36,26.26,28.99,29.56,28.61,30.35,20.15,20.78,24.45,20.2,18.28,20.35,21.51,23.18,22.64,24.41,23.36,13.14,15.93,11.98,17.78,14.59,7.32,8.08,8.77,8.63,6.15,16.07,17.07,15.08,15.64,14.57,20.33,13.5,18.18,33.06,37.55,42.28,36.08,25.01,24.87,33.35,32.7,31.5,35.13,37.55,34.52,28.75,18.7,33.71,25.96,30.41,30.76,31.95,31.0,36.77,38.97,38.55,24.85,30.13,32.73,34.44,32.98,30.33,35.56,39.79,22.83,31.34,32.37,36.33,10.5,7.94,10.55,13.61,10.04,18.35,13.3,9.26,12.46,17.63,10.32,13.11,11.65,12.05,12.43,10.71,10.85,12.84,10.34,11.14,8.56,9.82,12.16,14.27,17.33,4.03,7.07,5.22,7.06,10.22,11.86,3.64,8.15,9.4,5.81,2.68,4.6,5.38,17.14,0.0,7.68,4.66,1.5,1.86,3.51,15.93,11.89,10.79,1.75,62.78,60.35
15.05,13.54,12.58,22.73,14.61,29.11,12.61,17.59,16.66,12.08,23.24,23.68,17.82,19.14,23.12,16.27,15.53,26.63,19.03,34.72,24.7,19.87,7.31,17.48,15.52,12.96,6.14,21.08,11.82,10.3,19.55,23.38,27.26,16.13,20.85,19.85,27.45,44.41,15.52,10.82,17.98,18.49,17.01,15.04,5.52,16.91,9.92,19.9,19.28,25.69,16.43,16.78,24.16,12.62,11.1,18.36,22.02,20.83,21.19,22.32,16.52,4.75,23.05,16.71,18.53,12.01,14.33,16.87,18.42,24.4,21.66,14.85,15.57,14.08,15.85,13.67,21.17,15.89,15.02,20.44,14.53,11.83,11.61,16.32,17.04,13.52,13.74,14.55,15.82,13.12,29.58,43.8,26.36,24.13,25.68,30.28,25.19,18.44,24.86,24.05,20.02,24.77,24.34,18.97,25.21,24.24,20.17,21.36,27.61,17.76,18.41,18.11,48.29,47.0,41.1,47.16,49.58,45.43,47.14,47.62,49.36,57.09,42.39,41.04,48.2,44.97,41.41,49.9,42.96,45.36,29.35,28.91,26.87,31.14,25.22,25.99,37.0,37.56,25.51,35.46,44.34,42.26,44.63,45.58,30.82,25.43,47.69,38.07,44.72,43.2,48.97,43.0,47.87,36.81,35.1,40.68,24.14,21.21,23.72,22.43,15.99,17.37,19.3,18.3,21.34,15.3,18.01,20.23,18.73,15.72,22.5,12.63,15.31,20.12,15.82,19.07,18.37,21.66,26.98,23.87,26.61,27.17,26.22,27.97,17.79,18.42,22.06,15.16,13.16,15.65,19.12,20.8,20.25,22.02,20.97,10.96,13.75,9.8,15.6,12.41,5.14,5.91,6.59,6.45,3.97,13.89,14.89,12.9,13.46,12.4,18.15,11.32,16.0,30.67,35.16,39.89,33.69,22.62,22.48,30.96,30.31,29.11,32.75,35.16,32.14,26.37,16.52,31.32,23.58,28.02,28.37,29.57,28.62,34.38,36.58,36.16,22.46,27.74,30.34,32.05,30.59,27.95,33.17,37.4,20.45,28.96,29.98,33.94,8.32,2.82,8.37,11.43,7.86,13.24,11.12,7.08,7.34,12.52,5.21,8.49,9.47,6.93,7.31,8.53,5.73,10.66,8.16,6.03,3.45,4.7,7.2,8.69,12.22,6.32,1.36,2.46,2.0,5.36,7.0,5.01,3.29,4.54,6.95,7.28,6.35,1.4,12.28,7.68,0.0,5.38,6.88,5.47,2.4,11.07,7.03,5.93,5.94,60.81,58.38
14.02,12.52,11.55,17.54,17.82,28.3,11.59,16.56,15.63,11.05,22.42,18.5,23.2,18.12,17.93,21.65,14.69,25.81,18.0,33.9,23.88,21.36,6.28,22.86,20.9,16.65,3.56,20.27,16.45,14.93,18.73,22.57,26.44,15.11,20.03,19.03,26.63,43.59,14.7,15.45,16.96,17.47,22.38,14.02,4.5,15.89,8.89,19.08,18.46,24.87,15.54,22.16,23.35,13.46,10.08,17.54,21.21,20.02,22.69,21.5,15.68,10.12,22.24,15.89,17.71,14.66,15.82,16.05,15.4,23.58,20.84,14.0,14.54,13.24,15.01,12.64,20.35,15.04,13.99,19.62,16.02,13.48,10.58,15.47,16.19,12.68,12.9,13.71,14.97,14.37,28.76,42.98,25.54,23.31,24.87,29.47,24.37,17.41,19.68,18.86,19.0,30.14,26.76,24.35,26.7,27.87,25.54,26.73,29.1,23.14,23.78,23.49,47.47,46.18,40.29,46.34,48.76,44.61,46.32,46.8,48.55,56.27,41.58,40.23,47.38,44.15,40.6,49.08,42.15,44.55,28.54,28.1,26.06,30.32,24.41,25.17,36.19,36.75,24.69,34.65,43.52,41.45,43.81,44.76,30.0,29.85,46.88,37.25,43.9,42.38,48.15,42.19,47.05,35.99,34.28,39.86,25.63,24.77,22.9,23.92,17.49,22.74,20.8,19.79,22.83,16.79,21.8,21.72,24.11,21.1,23.99,18.01,16.81,21.61,21.2,20.81,19.86,23.15,26.16,23.06,25.79,26.35,25.41,27.15,16.95,17.58,21.24,17.0,17.79,17.14,18.3,19.98,19.43,21.21,20.15,9.94,12.72,8.77,14.57,11.38,2.44,4.88,5.56,5.43,3.84,12.87,13.87,11.88,12.43,11.37,17.12,10.29,14.98,29.86,34.34,39.07,32.87,21.81,21.66,30.15,29.49,28.3,31.93,34.35,31.32,25.55,15.5,30.5,22.76,27.2,27.55,28.75,27.8,33.57,35.77,35.35,21.65,26.92,29.53,31.24,29.78,27.13,32.36,36.58,19.63,28.14,29.16,33.13,7.29,8.2,7.34,10.4,6.83,18.61,10.1,6.06,11.96,17.89,10.58,9.9,8.45,12.3,12.69,7.51,10.42,9.64,7.14,11.4,8.82,10.07,8.96,14.06,16.84,6.43,4.76,2.91,4.75,10.73,12.38,1.98,8.67,9.91,1.16,7.4,7.0,6.77,17.65,4.66,5.38,0.0,3.85,4.26,1.85,16.45,12.4,11.3,2.91,59.57,57.14
16.42,14.92,13.95,19.95,20.22,30.7,13.99,18.96,18.04,13.45,24.82,20.9,24.7,20.52,20.33,23.15,17.09,28.21,20.4,36.3,26.28,23.77,8.68,24.36,22.4,19.05,7.51,22.67,18.85,17.33,21.13,24.97,28.85,17.51,22.43,21.43,29.04,45.99,17.1,17.85,19.36,19.87,23.89,16.42,6.9,18.29,11.29,21.48,20.86,27.27,17.94,23.66,25.75,15.86,12.48,19.94,23.61,22.42,25.09,23.9,18.08,11.63,24.64,18.3,20.11,17.06,18.22,18.45,17.8,25.98,23.25,16.4,16.94,15.64,17.41,15.04,22.76,17.44,16.39,22.02,18.42,15.88,12.98,17.88,18.59,15.08,15.3,16.11,17.37,16.77,31.17,45.38,27.94,25.72,27.27,31.87,26.77,19.81,22.08,21.26,21.4,31.65,29.16,25.85,29.1,30.27,27.04,28.24,31.5,24.64,25.29,24.99,49.87,48.58,42.69,48.74,51.16,47.01,48.73,49.2,50.95,58.67,43.98,42.63,49.78,46.55,43.0,51.48,44.55,46.95,30.94,30.5,28.46,32.72,26.81,27.57,38.59,39.15,27.09,37.05,45.92,43.85,46.21,47.16,32.4,32.25,49.28,39.65,46.3,44.79,50.55,44.59,49.45,38.39,36.68,42.26,28.03,27.17,25.3,26.32,19.89,24.25,23.2,22.19,25.23,19.2,24.21,24.13,25.61,22.6,26.39,19.51,19.21,24.01,22.7,23.22,22.26,25.55,28.56,25.46,28.19,28.76,27.81,29.55,19.35,19.98,23.64,19.4,20.19,19.54,20.7,22.38,21.84,23.61,22.55,12.34,15.12,11.18,16.97,13.78,6.51,7.28,7.96,7.83,5.35,15.27,16.27,14.28,14.83,13.77,19.52,12.7,17.38,32.26,36.74,41.47,35.27,24.21,24.06,32.55,31.89,30.7,34.33,36.75,33.72,27.95,17.9,32.9,25.16,29.61,29.95,31.15,30.2,35.97,38.17,37.75,24.05,29.33,31.93,33.64,32.18,29.53,34.76,38.98,22.03,30.54,31.56,35.53,9.69,9.7,9.74,12.8,9.23,20.12,12.5,8.46,14.37,19.4,12.08,12.3,10.85,13.81,14.19,9.91,12.82,12.04,9.54,12.91,10.32,11.58,11.36,15.57,19.24,4.94,6.27,4.42,6.26,12.24,13.88,2.83,10.17,11.42,5.01,4.0,5.51,6.29,19.16,1.5,6.88,3.85,0.0,2.77,2.7,17.95,13.91,12.81,1.42,61.98,59.54
16.83,15.33,14.36,26.66,18.54,33.05,14.4,19.37,18.45,13.86,27.17,27.62,21.75,20.93,27.05,20.21,19.47,30.56,20.82,38.65,28.63,23.81,9.1,21.42,19.46,16.9,7.93,25.02,15.76,14.24,23.48,27.32,31.2,17.92,24.78,23.78,31.39,48.34,19.45,14.76,19.77,20.28,20.94,16.83,7.31,18.7,11.7,23.83,23.21,29.62,20.37,20.72,28.1,16.55,12.89,22.29,25.96,24.77,25.13,26.25,20.46,8.68,26.99,20.64,22.46,15.94,18.26,20.8,22.35,28.33,25.6,18.78,17.35,18.02,19.79,15.46,25.11,19.82,16.8,24.37,18.46,15.76,13.4,20.25,20.97,17.46,17.68,18.49,19.75,17.06,33.52,47.73,30.29,28.07,29.62,34.22,29.12,20.22,28.8,27.98,21.81,28.7,28.27,22.91,29.14,28.17,24.1,25.29,31.55,21.7,22.34,22.05,52.22,50.93,45.04,51.09,53.51,49.36,51.08,51.55,53.3,61.02,46.33,44.98,52.13,48.9,45.35,53.83,46.9,49.3,33.29,32.85,30.81,35.07,29.16,29.92,40.94,41.5,29.44,39.4,48.27,46.2,48.56,49.51,34.75,29.36,51.63,42.0,48.65,47.14,52.9,46.94,51.8,40.74,39.03,44.61,28.07,25.15,27.65,26.36,19.93,21.3,23.24,22.24,25.27,19.24,21.95,24.17,22.67,19.66,26.43,16.57,19.25,24.06,19.76,23.0,22.31,25.59,30.91,27.81,30.54,31.1,30.16,31.9,21.73,22.36,25.99,19.1,17.1,19.59,23.05,24.73,24.19,25.96,24.9,12.75,15.54,11.59,17.39,14.2,6.92,7.69,8.38,8.24,5.76,15.68,16.68,14.69,15.24,14.18,19.93,13.11,17.79,34.61,39.09,43.82,37.62,26.56,26.41,34.9,34.24,33.05,36.68,39.1,36.07,30.3,18.31,35.25,27.51,31.96,32.3,33.5,32.55,38.32,40.52,40.1,26.4,31.68,34.28,35.99,34.53,31.88,37.11,41.33,24.38,32.89,33.91,37.88,10.1,6.76,10.16,13.22,9.65,17.17,12.91,8.87,11.27,16.45,9.14,12.42,11.26,10.86,11.25,10.32,9.67,12.45,9.95,9.96,7.38,8.63,11.13,13.08,16.15,2.17,6.82,4.83,6.67,9.04,10.68,3.24,6.97,8.22,5.42,3.13,2.74,4.19,15.95,1.86,5.47,4.26,2.77,0.0,3.11,14.75,10.7,9.6,1.36,64.75,62.32
14.42,12.92,11.95,17.94,18.22,28.69,11.98,16.96,16.03,11.45,22.82,18.9,20.22,18.51,18.33,18.67,15.08,26.21,18.4,34.3,24.28,21.76,6.68,19.88,17.92,17.05,5.51,20.66,14.22,12.7,19.13,22.96,26.84,15.5,20.43,19.43,27.03,43.99,15.1,13.22,17.35,17.86,19.41,14.42,4.89,16.28,9.29,19.48,18.86,25.27,15.94,19.18,23.74,13.86,10.48,17.94,21.6,20.41,23.08,21.9,16.07,7.15,22.63,16.29,18.11,15.06,16.22,16.45,15.8,23.98,21.24,14.4,14.94,13.64,15.4,13.04,20.75,15.44,14.39,20.02,16.42,13.88,10.98,15.87,16.59,13.07,13.29,14.1,15.37,14.76,29.16,43.38,25.94,23.71,25.26,29.86,24.77,17.81,20.07,19.26,19.4,27.17,27.16,21.37,27.1,28.27,22.56,23.76,29.49,20.16,20.81,20.51,47.87,46.58,40.69,46.74,49.16,45.01,46.72,47.2,48.94,56.67,41.97,40.62,47.78,44.55,41.0,49.48,42.54,44.95,28.94,28.49,26.45,30.72,24.8,25.57,36.58,37.14,25.09,35.05,43.92,41.84,44.21,45.16,30.4,30.24,47.27,37.65,44.3,42.78,48.55,42.58,47.45,36.39,34.68,40.26,26.03,25.17,23.3,24.32,17.88,19.77,21.19,20.19,23.23,17.19,20.41,22.12,21.13,18.12,24.39,15.03,17.2,22.01,18.22,21.21,20.26,23.55,26.56,23.46,26.19,26.75,25.81,27.55,17.35,17.98,21.64,17.39,15.56,17.54,18.7,20.38,19.83,21.6,20.55,10.34,13.12,9.17,14.97,11.78,4.51,5.28,5.96,5.82,3.34,13.26,14.27,12.27,12.83,11.77,17.52,10.69,15.38,30.25,34.74,39.47,33.27,22.2,22.06,30.54,29.89,28.69,32.33,34.74,31.72,25.95,15.9,30.9,23.16,27.6,27.95,29.15,28.2,33.96,36.16,35.74,22.05,27.32,29.92,31.63,30.17,27.53,32.75,36.98,20.03,28.54,29.56,33.52,7.69,5.22,7.74,10.8,7.23,15.64,10.49,6.45,9.74,14.92,7.6,10.3,8.85,9.33,9.71,7.91,8.13,10.03,7.54,8.43,5.84,7.1,9.35,11.09,14.62,5.28,4.26,2.41,4.26,7.76,9.4,0.83,5.69,6.94,3.01,6.25,5.85,3.8,14.68,3.51,2.4,1.85,2.7,3.11,0.0,13.47,9.43,8.33,1.76,59.97,57.54
21.74,20.23,19.27,29.7,19.63,36.09,19.3,24.28,23.35,18.77,30.21,30.66,20.99,33.09,30.09,19.44,22.51,33.6,25.72,41.69,31.67,25.24,18.87,20.65,18.69,17.98,17.21,28.06,16.84,17.28,26.52,30.36,34.23,29.03,27.82,26.82,34.42,51.38,22.49,15.84,31.22,32.44,20.18,21.73,16.59,30.15,16.61,26.87,26.25,32.66,23.4,19.95,31.14,17.63,17.79,25.33,29.0,27.81,26.56,29.29,23.5,8.74,30.03,23.68,25.5,17.02,19.34,23.84,25.39,31.37,28.63,21.82,22.26,21.06,22.82,20.36,28.14,22.86,25.98,27.41,19.55,16.84,20.7,23.29,24.01,20.5,20.71,21.53,22.79,18.14,36.55,50.77,33.33,31.1,32.66,37.26,32.16,31.67,31.83,31.02,33.97,27.94,27.51,22.15,28.76,27.41,23.34,24.53,30.78,20.93,21.58,21.28,55.26,53.97,48.08,54.13,56.55,52.4,54.11,54.59,56.34,64.06,49.37,48.01,55.17,51.94,48.39,56.87,49.94,52.34,36.33,35.89,33.85,38.11,32.2,32.96,43.98,44.54,32.48,42.44,51.31,49.23,51.6,52.55,37.79,30.79,54.67,45.04,51.69,50.17,55.94,49.98,54.84,43.78,42.07,47.65,29.5,26.58,30.69,27.79,21.01,20.54,24.67,23.19,26.71,20.32,21.18,25.6,21.9,18.89,27.86,15.8,20.33,25.49,18.99,22.24,21.54,27.02,33.95,30.85,33.58,34.14,33.2,34.94,24.77,25.4,29.03,20.18,18.18,20.67,26.09,27.77,27.22,29.0,27.94,17.65,23.06,16.49,25.42,19.1,16.21,16.84,16.53,18.01,15.04,20.58,21.58,19.59,20.15,19.09,24.84,18.01,22.69,37.65,42.13,46.86,40.66,29.6,29.45,37.94,37.28,36.09,39.72,42.14,39.11,33.34,28.24,38.29,30.55,34.99,35.34,36.54,35.59,41.36,43.56,43.14,29.44,34.71,37.32,39.03,37.57,34.92,40.15,44.37,27.42,35.93,36.95,40.92,19.87,10.13,15.06,18.12,15.13,9.85,17.81,17.02,12.36,15.69,8.38,13.5,14.51,5.69,10.48,13.67,10.75,15.69,19.72,8.88,10.08,9.72,12.22,6.02,17.23,15.6,12.43,13.54,13.07,5.87,8.32,16.08,7.78,6.93,18.02,16.56,15.63,10.68,1.2,15.93,11.07,16.45,17.95,14.75,13.47,0.0,4.31,7.25,15.43,67.02,64.59
22.4,20.9,19.93,30.36,20.29,36.75,19.96,24.94,24.01,19.43,30.87,31.32,21.65,33.75,30.75,20.1,23.17,34.26,26.38,42.35,32.33,25.9,14.34,21.31,19.36,18.64,13.17,28.72,17.5,17.94,27.18,31.02,34.9,29.69,28.48,27.48,35.09,52.04,23.15,16.5,31.88,33.1,20.84,22.4,12.55,30.81,17.27,27.53,26.91,33.32,24.07,20.62,31.8,18.3,18.45,26.0,29.66,28.47,27.22,29.95,24.16,9.4,30.69,24.35,26.16,17.69,20.01,24.5,26.05,32.03,29.3,22.48,22.92,21.72,23.49,21.02,28.81,23.52,26.65,28.07,20.21,17.5,21.36,23.95,24.67,21.16,21.38,22.19,23.45,18.8,37.22,51.43,33.99,31.77,33.32,37.92,32.82,32.33,32.5,31.68,34.63,28.6,28.17,22.81,29.42,28.07,24.0,25.19,31.44,21.59,22.24,21.94,55.92,54.63,48.74,54.79,57.21,53.06,54.78,55.25,57.0,64.72,50.03,48.68,55.83,52.6,49.05,57.53,50.6,53.0,36.99,36.55,34.51,38.77,32.86,33.62,44.64,45.2,33.14,43.1,51.97,49.9,52.26,53.22,38.45,31.45,55.33,45.7,52.35,50.84,56.6,50.64,55.5,44.44,42.73,48.31,30.17,27.24,31.35,28.45,21.67,21.2,25.33,23.86,27.37,20.98,21.84,26.26,22.56,19.56,28.53,16.47,20.99,26.15,19.65,22.9,22.21,27.68,34.61,31.51,34.24,34.81,33.86,35.6,25.43,26.06,29.69,20.84,18.84,21.33,26.75,28.43,27.89,29.66,28.6,18.32,23.72,17.15,26.08,19.76,12.17,12.93,13.62,13.48,11.0,21.24,22.24,20.25,20.81,19.75,25.5,18.67,23.36,38.31,42.79,47.52,41.32,30.26,30.11,38.6,37.94,36.75,40.38,42.8,39.77,34.0,28.9,38.95,31.21,35.66,36.0,37.2,36.25,42.02,44.22,43.8,30.1,35.38,37.98,39.69,38.23,35.58,40.81,45.03,28.08,36.59,37.61,41.58,15.34,8.24,15.72,18.78,15.79,17.07,18.47,14.11,13.02,16.35,9.04,14.17,15.17,6.35,11.15,14.33,11.41,16.36,15.19,9.54,8.86,10.38,12.88,6.68,17.89,11.56,8.38,9.49,9.03,2.63,3.08,12.03,3.73,2.89,13.97,12.52,11.59,6.64,5.52,11.89,7.03,12.4,13.91,10.7,9.43,4.31,0.0,3.16,11.38,67.68,65.25
21.3,19.8,18.83,29.26,19.19,35.65,18.86,23.84,22.91,18.33,29.77,30.22,20.55,32.65,29.65,19.0,22.07,33.16,25.28,41.25,31.23,24.8,13.24,20.21,18.26,17.54,12.07,27.62,16.4,16.84,26.08,29.92,33.8,28.59,27.38,26.38,33.99,50.94,22.05,15.4,30.78,32.0,19.74,21.3,11.45,29.71,16.17,26.43,25.81,32.22,22.97,19.52,30.7,17.2,17.35,24.89,28.56,27.37,26.12,28.85,23.06,8.3,29.59,23.24,25.06,16.59,18.91,23.4,24.95,30.93,28.2,21.38,21.82,20.62,22.39,19.92,27.71,22.42,25.55,26.97,19.11,16.4,20.26,22.85,23.57,20.06,20.28,21.09,22.35,17.7,36.12,50.33,32.89,30.67,32.22,36.82,31.72,31.23,31.4,30.58,33.53,27.5,27.07,21.71,28.32,26.97,22.9,24.09,30.34,20.49,21.14,20.84,54.82,53.53,47.64,53.69,56.11,51.96,53.68,54.15,55.9,63.62,48.93,47.58,54.73,51.5,47.95,56.43,49.5,51.9,35.89,35.45,33.41,37.67,31.76,32.52,43.54,44.1,32.04,42.0,50.87,48.8,51.16,52.11,37.35,30.35,54.23,44.6,51.25,49.74,55.5,49.54,54.4,43.34,41.63,47.21,29.07,26.14,30.25,27.35,20.57,20.1,24.23,22.75,26.27,19.88,20.74,25.16,21.46,18.46,27.42,15.37,19.89,25.05,18.55,21.8,21.11,26.58,33.51,30.41,33.14,33.7,32.76,34.5,24.33,24.96,28.59,19.74,17.74,20.23,25.65,27.33,26.79,28.56,27.5,17.22,22.62,16.05,24.98,18.66,11.07,11.83,12.52,12.38,9.9,20.14,21.14,19.15,19.71,18.65,24.4,17.57,22.26,37.21,41.69,46.42,40.22,29.16,29.01,37.5,36.84,35.65,39.28,41.7,38.67,32.9,27.8,37.85,30.11,34.56,34.9,36.1,35.15,40.92,43.12,42.7,29.0,34.28,36.88,38.59,37.13,34.48,39.71,43.93,26.98,35.49,36.51,40.48,14.24,7.14,14.62,17.68,14.69,15.97,17.37,13.01,11.92,15.25,7.94,13.07,14.07,5.25,10.05,13.23,10.31,15.26,14.09,8.44,7.76,9.28,11.78,5.58,16.79,10.46,7.28,8.39,7.93,1.53,1.07,10.93,2.63,1.79,12.87,11.42,10.49,5.54,8.45,10.79,5.93,11.3,12.81,9.6,8.33,7.25,3.16,0.0,10.28,66.58,64.15
15.48,13.98,13.01,19.0,19.28,29.75,13.04,18.02,17.09,12.51,23.88,19.95,23.76,19.57,19.39,22.21,16.14,27.27,19.46,35.36,25.34,22.82,7.74,23.42,21.46,18.11,6.57,21.72,17.91,16.39,20.19,24.02,27.9,16.56,21.49,20.49,28.09,45.05,16.16,16.91,18.41,18.92,22.94,15.48,5.95,17.34,10.35,20.54,19.92,26.33,17.0,22.72,24.8,14.92,11.53,19.0,22.66,21.47,24.14,22.96,17.13,10.68,23.69,17.35,19.17,16.12,17.28,17.51,16.86,25.04,22.3,15.46,16.0,14.7,16.46,14.1,21.81,16.5,15.45,21.08,17.48,14.93,12.04,16.93,17.65,14.13,14.35,15.16,16.43,15.82,30.22,44.44,27.0,24.77,26.32,30.92,25.83,18.87,21.13,20.32,20.45,30.7,28.22,24.91,28.16,29.33,26.1,27.29,30.55,23.7,24.34,24.05,48.93,47.64,41.74,47.8,50.22,46.07,47.78,48.26,50.0,57.73,43.03,41.68,48.84,45.61,42.05,50.54,43.6,46.0,29.99,29.55,27.51,31.78,25.86,26.63,37.64,38.2,26.15,36.1,44.98,42.9,45.27,46.22,31.46,31.3,48.33,38.71,45.36,43.84,49.61,43.64,48.51,37.45,35.74,41.32,27.09,26.23,24.36,25.38,18.94,23.3,22.25,21.25,24.29,18.25,23.26,23.18,24.67,21.66,25.45,18.57,18.26,23.07,21.76,22.27,21.32,24.61,27.62,24.51,27.25,27.81,26.86,28.61,18.41,19.04,22.7,18.45,19.25,18.6,19.76,21.44,20.89,22.66,21.61,11.4,14.18,10.23,16.03,12.84,5.57,6.34,7.02,6.88,4.4,14.32,15.32,13.33,13.89,12.83,18.58,11.75,16.44,31.31,35.8,40.53,34.33,23.26,23.12,31.6,30.95,29.75,33.39,35.8,32.78,27.01,16.95,31.96,24.22,28.66,29.01,30.21,29.26,35.02,37.22,36.8,23.1,28.38,30.98,32.69,31.23,28.59,33.81,38.04,21.09,29.6,30.62,34.58,8.75,8.76,8.8,11.86,8.29,19.17,11.55,7.51,13.42,18.45,11.14,11.36,9.9,12.86,13.25,8.97,11.88,11.09,8.6,11.96,9.38,10.63,10.41,14.62,18.3,3.53,5.32,3.47,5.31,9.72,11.36,1.89,7.65,8.9,4.07,4.49,4.09,4.87,16.63,1.75,5.94,2.91,1.42,1.36,1.76,15.43,11.38,10.28,0.0,61.03,58.6
53.0,54.24,51.73,45.69,55.33,43.72,53.31,49.24,47.93,51.23,37.73,46.64,53.46,49.08,46.08,46.6,47.97,39.84,50.69,49.33,35.62,40.74,57.21,53.82,67.01,54.15,58.54,39.58,53.04,54.73,43.06,37.99,41.87,45.02,40.84,45.34,42.06,16.78,52.2,52.04,47.2,48.42,45.59,47.43,57.29,46.13,50.87,40.95,48.2,40.3,47.9,52.65,36.44,50.96,50.26,42.62,42.13,44.34,40.18,38.37,42.36,60.25,36.27,46.05,48.56,52.17,44.18,46.9,47.76,39.0,39.08,49.51,46.23,48.52,49.73,46.72,43.69,49.86,45.38,40.54,42.26,50.98,49.76,41.34,42.36,50.18,50.4,49.36,42.25,42.9,32.42,24.77,39.57,38.34,38.89,42.08,37.25,47.66,47.82,47.01,49.96,61.1,49.53,54.59,49.48,50.65,54.26,52.21,51.87,53.71,54.05,54.45,13.51,19.37,21.06,13.56,12.29,17.8,19.51,13.84,11.32,7.67,20.33,19.27,12.66,15.5,20.88,18.14,17.54,19.85,43.96,43.52,41.48,45.75,39.83,40.6,51.61,52.17,40.12,50.07,46.93,46.73,43.64,42.18,45.43,45.27,37.6,48.39,42.07,49.36,36.76,42.29,40.2,51.42,49.71,44.61,46.14,40.2,36.6,46.69,44.49,47.69,43.57,42.57,45.61,45.16,44.58,44.5,46.08,49.48,46.77,49.96,45.17,42.23,47.75,43.59,48.2,45.92,33.34,37.26,34.63,41.78,35.4,35.99,40.31,38.9,38.8,40.48,54.38,45.5,49.15,39.82,41.61,44.54,43.28,51.15,49.58,52.15,47.79,47.98,57.53,55.19,54.88,56.36,56.63,51.29,49.55,50.06,54.15,53.79,49.8,51.26,48.67,34.8,30.0,27.05,30.27,41.53,41.38,29.35,33.14,33.24,29.19,27.22,31.09,45.27,44.22,34.16,42.48,36.69,41.58,33.88,34.63,26.64,24.26,28.22,42.36,35.9,31.97,28.64,34.72,32.37,27.98,22.92,45.57,31.36,30.41,29.67,58.22,58.61,52.24,48.96,53.48,64.73,52.52,55.37,54.01,64.01,58.9,57.77,53.43,61.62,60.32,53.69,55.08,53.67,58.07,57.54,58.09,56.12,56.48,63.38,53.43,65.6,59.99,58.14,59.98,65.2,67.65,60.1,62.5,63.74,59.34,66.56,65.63,60.68,68.22,62.78,60.81,59.57,61.98,64.75,59.97,67.02,67.68,66.58,61.03,0.0,2.61
50.57,51.81,49.3,43.26,52.89,42.73,50.88,46.81,45.5,48.8,36.74,44.21,52.47,46.64,43.65,45.61,45.54,37.41,48.25,48.34,34.63,39.75,54.78,52.83,64.58,51.72,56.1,38.59,50.61,52.3,40.63,37.0,40.88,42.59,39.85,42.91,41.07,15.79,49.77,49.61,44.77,45.99,44.6,45.0,54.86,43.7,48.44,44.57,45.77,39.31,45.47,51.66,35.45,48.53,47.83,45.96,41.14,41.91,39.19,37.38,41.37,57.81,35.28,43.62,46.13,49.74,50.89,44.47,45.33,38.01,38.09,47.08,43.8,46.09,47.29,44.29,41.26,47.43,42.95,39.55,41.26,48.55,47.33,40.35,41.37,47.75,47.97,46.93,41.26,49.44,29.99,27.14,37.13,35.9,36.46,39.65,34.82,45.22,45.39,44.58,47.53,60.11,48.54,53.6,48.49,49.65,53.27,51.22,50.88,52.72,53.06,53.45,12.52,18.38,20.07,12.57,11.3,16.81,18.52,12.85,10.33,6.68,19.34,18.28,11.67,14.51,19.89,17.15,16.55,18.86,42.97,42.53,40.49,44.76,38.84,39.61,50.62,51.18,39.13,49.08,45.94,45.74,42.65,41.19,44.43,44.28,36.61,47.4,41.08,48.37,35.77,41.3,39.21,50.42,48.72,43.62,45.15,39.21,35.61,45.7,43.5,46.7,42.58,41.58,44.62,51.87,43.59,43.51,45.09,48.49,45.78,61.69,51.88,41.24,46.76,42.6,47.21,44.93,32.35,36.27,33.64,40.79,34.41,35.0,39.32,37.91,37.8,39.49,51.95,52.22,46.72,38.83,39.18,42.11,40.85,48.71,47.15,49.72,45.36,45.55,55.1,52.75,52.44,53.92,54.2,48.86,47.11,47.62,51.72,51.36,47.37,48.82,46.24,33.81,29.01,26.06,29.28,39.09,38.95,28.36,30.71,32.25,28.2,26.23,30.1,42.84,41.79,31.73,40.05,44.49,39.15,32.89,33.64,25.65,23.27,27.23,47.13,36.24,30.98,27.65,33.73,31.38,26.99,21.93,43.14,30.37,29.42,28.68,55.79,56.18,49.81,46.53,51.04,62.29,50.09,52.94,51.57,61.57,56.47,55.34,50.99,59.19,57.89,51.26,52.65,51.24,55.64,55.11,55.66,53.69,54.05,60.94,51.0,63.17,57.56,55.71,57.55,62.77,65.22,57.67,60.07,61.31,56.91,64.13,63.2,58.25,65.79,60.35,58.38,57.14,59.54,62.32,57.54,64.59,65.25,64.15,58.6,2.61,0.0
