0.0,19.54,19.19,39.24,25.57,28.1,16.46,32.09,31.21,14.74,22.05,35.58,21.44,19.64,11.13,33.85,10.14,31.27,36.31,31.08,38.1,43.36,33.13,10.82,29.78,17.34,13.08,15.7,27.26,33.16,29.76,20.87,28.81,16.07,16.55,29.71,14.62,31.85,30.5,14.35,30.14,16.89,20.69,27.61,15.71,31.9,32.83,31.24,32.32,30.9,14.62,20.37,23.95,19.01,31.58,29.95,17.88,32.7,31.58,25.0,29.16,28.43,19.16,30.52,29.16,29.47,22.67,28.16,18.41,28.5,23.02,28.86,23.1,46.11,44.66,46.01,46.49,41.86,43.08,45.06,17.45,21.56,17.63,19.88,1.19,21.46,23.58,17.46,19.05,17.74,19.03,1.21,23.35,15.7,15.19,20.0,16.05,25.49,17.52,23.42,12.57,13.59,8.99,32.3,11.36,13.82,14.16,39.99,36.91,41.17,30.08,32.49,34.7,35.46,29.49,32.41,33.62,25.2,48.53,19.5,26.82,23.33,24.04,56.71,23.14,21.51,50.68,23.36,56.76,26.49,24.23,27.89,28.47,24.51,23.43,25.19,31.19,24.72,33.97,35.94
19.54,0.0,11.62,22.05,26.27,11.49,5.82,14.9,14.02,5.91,4.86,18.39,11.51,3.92,16.13,16.66,11.22,14.08,19.12,13.9,20.91,44.05,15.94,9.47,12.59,3.33,6.57,4.28,10.07,15.98,12.57,4.34,11.62,7.39,3.42,12.52,6.93,14.66,13.31,5.44,12.95,3.54,4.49,10.43,5.04,14.71,15.65,14.05,15.13,13.71,6.22,3.84,7.42,1.83,14.39,12.77,4.13,15.51,14.39,7.81,11.97,11.24,1.97,13.33,11.97,12.28,6.14,10.97,2.68,11.31,6.49,11.67,6.57,46.8,45.34,46.7,47.18,42.54,43.77,45.74,13.29,11.63,11.95,7.94,18.32,11.53,14.73,7.38,11.47,8.9,10.19,20.3,24.05,7.85,8.11,5.19,7.22,8.3,4.52,6.89,8.04,6.86,10.82,15.77,8.16,9.29,7.8,22.8,19.72,23.98,13.56,15.3,17.51,18.28,12.96,15.89,16.43,8.01,49.22,6.73,9.64,6.14,7.25,39.52,5.96,11.57,33.49,13.43,39.57,9.3,14.3,10.7,11.28,10.28,6.64,8.0,14.0,7.53,16.78,18.75
19.19,11.62,0.0,29.17,18.6,15.03,5.07,22.01,21.14,6.71,11.98,25.5,3.69,13.74,15.88,23.78,10.97,21.2,26.24,21.01,28.03,36.37,23.06,9.21,19.7,8.37,6.32,6.73,17.18,23.09,19.69,14.17,18.74,4.47,7.57,19.63,5.94,21.78,20.43,5.43,20.07,7.05,8.44,17.54,5.88,21.83,22.76,21.17,22.25,20.83,4.64,13.67,17.27,11.12,21.51,19.88,8.04,22.63,21.51,14.93,19.08,18.36,10.01,20.44,19.08,19.4,17.63,18.09,12.51,18.43,17.98,18.79,16.42,39.13,37.67,39.02,39.5,34.87,36.09,38.07,3.12,3.82,1.78,3.62,18.07,3.72,6.43,4.42,1.3,3.51,3.23,20.05,16.38,6.5,7.45,6.72,8.02,15.42,8.55,19.35,7.79,7.12,10.56,25.62,7.91,9.04,8.06,29.92,26.84,31.1,23.4,22.42,24.62,25.39,22.81,25.73,23.55,15.13,41.55,6.22,16.76,13.26,10.97,46.64,13.08,3.76,40.61,5.61,46.69,16.42,6.49,17.82,18.4,11.44,10.36,15.12,21.12,14.65,23.89,25.87
39.24,22.05,29.17,0.0,43.57,21.39,26.57,28.65,22.61,25.58,17.48,32.14,28.8,23.59,35.8,30.42,30.89,27.83,3.27,27.65,1.14,61.35,29.69,29.14,26.34,23.0,26.24,23.95,20.57,29.73,26.32,23.2,25.37,28.03,23.1,26.27,26.6,28.41,27.06,25.11,26.7,23.22,21.79,24.18,24.71,28.46,29.4,27.8,28.88,27.46,27.56,23.79,22.45,20.96,28.14,21.35,23.8,29.26,28.14,21.2,25.72,25.0,21.64,27.08,25.72,26.03,23.91,24.72,22.35,25.06,24.26,23.29,22.7,64.1,62.64,63.99,64.48,59.84,61.07,63.04,30.59,28.93,29.25,25.24,38.0,28.83,32.03,24.68,28.77,26.2,27.49,39.98,41.35,29.41,27.78,22.49,26.89,21.69,24.2,25.63,27.72,26.53,30.49,31.89,27.83,28.96,27.47,1.95,2.9,5.45,29.68,29.05,31.26,32.03,29.09,32.01,10.73,17.91,66.52,24.03,19.54,18.75,24.55,20.99,18.14,28.87,14.96,30.73,21.04,13.06,31.6,20.6,10.69,20.18,21.26,17.97,13.04,17.43,30.53,32.5
25.57,26.27,18.6,43.57,0.0,13.12,5.89,20.1,19.23,7.52,10.07,23.59,1.78,11.83,16.7,21.87,11.79,19.29,24.33,19.1,26.12,34.81,21.15,10.03,17.79,11.25,7.14,7.55,15.27,21.18,17.78,12.26,16.83,5.29,11.34,17.72,6.76,19.87,18.52,6.25,18.16,7.86,6.53,15.63,6.7,19.92,20.85,19.26,20.34,18.92,5.46,11.76,15.36,9.21,19.59,17.97,12.05,20.72,19.6,13.02,17.17,16.45,8.1,18.53,17.17,17.49,15.72,16.18,10.6,16.52,16.07,16.88,14.51,37.57,36.11,37.46,37.94,33.31,34.54,36.51,3.94,1.9,2.6,2.54,18.89,1.81,5.01,4.95,2.12,4.33,4.05,20.87,14.82,7.31,8.27,7.23,8.84,13.51,12.44,17.44,8.61,7.94,11.38,23.71,8.73,9.86,8.88,28.01,24.93,29.19,21.49,20.51,22.71,23.48,20.9,23.82,21.64,13.22,39.99,5.14,14.85,11.35,9.06,44.73,11.17,1.85,38.7,3.7,44.78,14.51,4.58,15.91,16.49,9.53,8.45,13.21,19.21,12.74,21.98,23.96
28.1,11.49,15.03,21.39,13.12,0.0,12.54,18.32,12.28,15.1,7.01,21.81,14.78,13.11,25.32,20.09,20.42,17.51,18.54,17.32,20.33,47.32,19.37,18.66,16.01,12.52,15.77,13.47,10.24,19.4,16.0,12.88,15.05,14.0,12.62,15.94,14.83,18.09,16.74,14.64,16.38,12.74,7.76,13.85,14.24,18.14,19.07,17.48,18.56,17.14,13.53,13.04,12.13,10.49,17.82,11.03,13.33,18.94,17.82,10.88,15.39,14.67,11.17,16.75,15.39,15.71,13.58,14.4,11.88,14.74,13.93,12.96,12.37,50.07,48.61,49.97,50.45,45.81,47.04,49.01,16.56,14.9,15.23,11.21,27.52,14.8,18.0,10.65,14.74,12.16,13.46,29.5,27.32,15.38,16.33,8.46,16.42,11.37,13.72,15.3,17.24,16.06,20.01,21.57,17.35,18.49,16.99,22.23,19.15,23.41,19.36,18.73,20.93,21.7,18.76,21.69,15.85,3.54,52.49,7.44,2.12,8.28,9.92,38.94,7.81,14.84,32.91,16.7,38.99,8.72,9.3,2.3,10.71,1.66,2.74,7.64,13.42,3.96,20.2,22.18
16.46,5.82,5.07,26.57,5.89,12.54,0.0,19.52,18.64,3.93,9.49,23.01,7.32,6.46,13.11,21.29,8.2,18.7,23.75,18.52,25.54,40.0,20.57,6.44,17.21,4.15,3.55,3.96,14.69,20.6,17.2,7.68,16.24,2.35,3.36,17.14,3.17,19.28,17.94,2.66,17.58,2.28,5.11,15.05,3.11,19.34,20.27,18.68,19.76,18.33,1.87,7.18,14.77,5.29,19.01,17.39,3.27,20.13,19.01,12.44,16.59,15.87,4.37,17.95,16.59,16.9,9.48,15.6,5.22,15.93,9.83,16.29,13.93,42.75,41.29,42.65,43.13,38.5,39.72,41.7,3.73,7.44,3.52,4.3,15.3,7.34,10.06,1.89,4.93,2.16,3.46,17.28,20.0,3.72,4.68,4.43,5.25,12.92,4.33,10.23,5.02,4.35,7.79,23.12,5.14,6.27,5.29,27.43,24.35,28.61,20.91,19.92,22.13,22.9,20.32,23.24,21.05,12.64,45.17,3.93,14.26,10.77,8.46,44.15,10.58,7.39,38.11,9.24,44.2,13.93,10.11,15.32,15.91,8.93,7.85,12.63,18.63,12.16,21.4,23.38
32.09,14.9,22.01,28.65,20.1,18.32,19.52,0.0,9.47,17.86,14.42,12.88,21.07,15.87,28.08,11.16,23.17,8.57,25.3,8.39,27.09,53.61,10.44,21.42,6.25,15.28,18.52,16.23,7.93,10.47,7.4,10.4,5.28,20.29,15.38,7.96,18.88,9.15,3.03,17.39,7.45,15.49,14.05,5.87,16.99,4.43,10.14,8.54,9.62,8.2,19.82,10.98,7.57,13.24,4.11,8.21,16.08,10.0,3.3,8.4,6.46,4.85,13.92,7.82,7.41,5.78,11.1,5.58,14.63,6.14,11.45,7.12,7.09,56.36,54.9,56.26,56.74,52.1,53.33,55.3,22.85,21.19,21.51,17.5,30.28,21.09,24.29,16.94,21.03,18.46,19.75,32.26,33.61,21.67,20.06,14.75,19.17,8.56,16.47,11.26,20.0,18.81,22.77,11.24,20.11,21.24,19.75,28.98,25.9,30.16,5.88,3.07,12.0,12.77,8.64,11.36,22.6,14.34,58.78,16.29,15.97,13.96,16.81,45.7,13.34,21.13,39.66,22.99,45.75,15.48,23.86,17.03,17.46,16.61,16.2,11.0,20.17,13.86,11.27,13.24
31.21,14.02,21.14,22.61,19.23,12.28,18.64,9.47,0.0,17.85,7.9,10.82,21.05,15.86,28.07,9.1,23.16,6.16,19.76,6.33,21.55,53.59,8.38,21.41,6.74,15.27,18.51,16.21,4.88,8.41,6.84,10.38,5.77,20.28,15.36,3.29,18.87,7.09,8.15,17.38,5.04,15.48,14.04,4.36,16.98,9.55,8.08,6.48,7.56,6.14,19.8,10.97,4.73,13.23,9.23,1.34,16.07,7.94,9.23,8.38,4.05,5.84,13.91,5.76,3.03,6.55,11.09,5.57,14.62,5.58,11.44,2.71,5.92,56.34,54.89,56.24,56.72,52.09,53.31,55.29,22.84,21.18,21.5,17.49,30.26,21.08,24.28,16.93,21.02,18.44,19.73,32.24,33.6,21.66,20.05,14.74,19.16,8.55,16.46,12.81,19.98,18.8,22.76,18.31,20.1,21.23,19.74,23.44,20.36,24.62,12.95,10.14,9.94,10.71,15.71,18.43,17.07,8.8,58.77,16.28,10.43,8.42,16.79,40.16,7.81,21.12,34.12,22.97,40.21,9.94,23.85,11.49,11.92,11.07,16.18,5.47,14.64,8.32,9.21,11.18
14.74,5.91,6.71,25.58,7.52,15.1,3.93,17.86,17.85,0.0,8.44,21.97,8.92,6.03,11.35,20.24,6.44,17.66,22.7,17.47,24.49,41.6,19.52,4.69,16.17,3.73,1.79,2.09,13.65,19.55,16.15,7.26,15.2,3.56,2.94,16.1,3.09,18.24,16.89,1.1,16.53,3.28,8.07,14.0,2.1,18.29,19.22,17.63,18.71,17.29,2.38,6.76,10.34,5.4,17.97,16.34,4.27,19.09,17.97,11.39,15.55,14.82,5.55,16.91,15.55,15.86,9.06,14.55,4.8,14.89,9.41,15.25,9.49,44.35,42.89,44.25,44.73,40.1,41.32,43.3,4.94,9.04,5.12,7.36,13.54,8.95,11.66,4.95,6.53,5.22,6.51,15.52,21.61,4.01,3.73,7.48,1.31,11.88,3.91,9.81,3.26,2.08,6.04,18.69,3.38,4.51,3.02,26.38,23.3,27.56,16.47,18.88,21.09,21.85,15.88,18.8,20.01,11.59,46.77,6.99,13.21,9.72,10.83,43.1,9.53,8.99,37.07,10.84,43.15,12.88,11.71,14.28,14.86,13.86,10.22,11.58,17.58,11.11,20.36,22.33
22.05,4.86,11.98,17.48,10.07,7.01,9.49,14.42,7.9,8.44,0.0,18.23,11.7,6.48,18.69,16.51,13.78,13.92,14.63,13.74,16.42,44.24,15.79,12.03,12.43,5.89,9.14,6.84,5.86,15.82,12.42,6.91,11.46,10.92,5.99,12.36,9.49,14.5,13.15,8.01,12.79,6.11,4.68,10.27,7.6,14.55,15.49,13.89,14.97,13.55,10.45,6.4,7.74,3.86,14.23,6.64,6.7,15.35,14.23,7.65,11.81,11.09,4.54,13.17,11.81,12.12,10.36,10.81,5.25,11.15,10.71,11.51,9.14,46.99,45.53,46.89,47.37,42.73,43.96,45.93,13.48,11.82,12.15,8.13,20.89,11.72,14.92,7.57,11.66,9.09,10.38,22.87,24.24,12.3,10.67,5.38,9.79,8.14,7.09,12.08,10.61,9.43,13.38,18.34,10.72,11.86,10.36,18.32,15.24,19.5,16.13,15.14,17.35,18.12,15.54,18.46,11.94,3.52,49.41,6.92,5.15,1.4,7.44,35.03,1.22,11.76,29.0,13.62,35.08,4.81,14.49,6.21,6.8,5.79,6.83,3.26,9.51,3.04,16.62,18.59
35.58,18.39,25.5,32.14,23.59,21.81,23.01,12.88,10.82,21.97,18.23,0.0,25.38,20.19,32.4,1.82,27.49,7.86,29.62,5.95,31.4,57.92,3.65,25.74,7.68,19.6,22.84,20.55,10.88,4.61,11.5,14.72,8.48,24.61,19.7,8.77,23.2,4.32,11.64,21.71,7.36,19.81,18.37,8.68,21.31,13.04,5.15,5.57,3.37,6.4,24.14,15.3,10.73,17.56,12.72,9.68,20.4,5.01,12.72,12.72,7.22,9.53,18.24,6.12,8.57,11.21,15.42,9.9,18.95,10.24,15.77,10.06,11.19,60.68,59.22,60.57,61.05,56.42,57.65,59.62,27.17,25.51,25.83,21.82,34.6,25.41,28.61,21.26,25.35,22.77,24.07,36.58,37.93,25.99,24.38,19.07,23.49,12.88,20.79,17.14,24.32,23.13,27.09,21.8,24.43,25.56,24.07,33.3,30.22,34.48,16.43,13.63,2.67,0.99,19.19,21.92,26.92,18.66,63.1,20.61,20.28,18.28,21.13,50.02,17.66,25.45,43.98,27.31,50.07,19.8,28.18,21.35,21.78,20.93,20.52,15.32,24.49,18.18,5.34,1.33
21.44,11.51,3.69,28.8,1.78,14.78,7.32,21.07,21.05,8.92,11.7,25.38,0.0,13.26,18.12,23.3,13.22,20.71,25.76,20.53,27.55,36.24,22.58,11.46,19.22,12.67,8.57,8.98,16.7,22.61,19.21,13.69,18.25,6.72,12.77,19.15,8.19,21.3,19.95,7.68,19.59,9.29,7.96,17.06,8.13,21.35,22.28,20.69,21.77,20.35,6.89,13.19,16.78,10.64,21.02,19.4,13.48,22.14,21.02,14.45,18.6,17.88,9.52,19.96,18.6,18.91,17.15,17.61,12.03,17.94,17.5,18.31,15.94,38.99,37.54,38.89,39.37,34.74,35.96,37.94,5.37,2.07,4.03,3.97,20.32,2.24,5.44,6.38,3.55,5.76,5.47,22.3,16.25,8.74,9.7,8.66,10.27,14.93,13.87,18.87,10.04,9.37,12.81,25.13,10.15,11.29,10.31,29.44,26.36,30.62,22.92,21.93,24.14,24.91,22.33,25.25,23.07,14.65,41.42,6.57,16.27,12.78,10.49,46.16,12.59,2.94,40.13,5.13,46.21,15.94,5.46,17.34,17.92,10.96,9.88,14.64,20.64,14.17,23.41,25.39
19.64,3.92,13.74,23.59,11.83,13.11,6.46,15.87,15.86,6.03,6.48,20.19,13.26,0.0,16.25,18.26,11.34,15.68,20.72,15.49,22.51,45.64,17.54,9.59,14.18,3.45,6.69,4.4,11.66,17.57,14.17,5.28,13.22,7.51,3.55,14.11,7.05,16.26,14.91,5.56,14.55,5.14,6.09,12.02,5.16,16.31,17.24,15.65,16.73,15.31,6.34,4.78,8.35,3.42,15.99,14.36,5.73,17.11,15.99,9.41,13.56,12.84,3.57,14.92,13.56,13.88,7.07,12.57,1.7,12.91,7.42,13.27,7.51,48.4,46.94,48.29,48.77,44.14,45.36,47.34,8.89,13.23,13.55,9.54,18.45,13.13,16.33,8.98,13.07,10.49,11.78,20.43,25.65,7.97,8.23,6.79,7.34,9.9,4.64,7.83,8.17,6.98,10.94,16.7,8.28,9.41,7.92,24.4,21.32,25.58,14.49,16.9,19.11,19.87,13.9,16.82,18.02,9.61,50.82,8.33,11.23,7.74,8.85,41.12,7.55,13.17,35.08,15.02,41.17,10.9,15.9,12.29,12.88,11.88,8.24,9.6,15.59,9.13,18.37,20.35
11.13,16.13,15.88,35.8,16.7,25.32,13.11,28.08,28.07,11.35,18.69,32.4,18.12,16.25,0.0,30.47,8.97,27.88,32.92,27.7,34.71,44.62,29.75,10.6,26.39,13.95,9.7,12.32,23.87,29.78,26.38,17.48,25.42,12.68,13.16,26.32,11.23,28.46,27.11,10.96,26.76,13.5,17.3,24.23,12.32,28.51,29.45,27.85,28.93,27.51,11.23,16.98,20.56,15.63,28.19,26.57,14.49,29.31,28.19,21.61,25.77,25.05,15.77,27.13,25.77,26.08,19.28,24.78,15.02,25.11,19.63,25.47,19.71,47.37,45.91,47.27,47.75,43.12,44.34,46.32,14.07,18.17,14.25,16.49,10.58,18.08,20.79,14.08,15.66,14.35,15.64,12.56,24.61,12.31,11.8,16.61,12.66,22.1,14.13,20.03,8.08,10.21,9.09,30.18,9.3,8.09,10.77,36.6,33.52,37.78,26.7,29.1,31.31,32.08,26.1,30.29,30.23,21.81,49.79,16.11,23.44,19.94,20.65,53.32,19.76,18.12,47.29,19.97,53.37,23.1,20.84,24.5,25.08,21.12,20.04,21.8,27.8,21.33,30.58,32.55
33.85,16.66,23.78,30.42,21.87,20.09,21.29,11.16,9.1,20.24,16.51,1.82,23.3,18.26,30.47,0.0,25.77,6.14,27.9,4.23,29.68,56.2,1.93,24.02,5.96,17.88,21.12,18.83,9.16,2.89,9.78,12.99,6.76,22.89,17.97,7.05,21.48,2.6,9.92,19.99,5.64,18.09,16.65,6.95,19.59,11.32,3.43,3.85,1.65,4.68,22.41,13.58,9.0,15.84,10.99,7.96,18.68,3.29,10.99,10.99,5.5,7.81,16.52,4.4,6.85,9.49,13.7,8.18,17.23,8.52,14.05,8.34,9.47,58.96,57.5,58.85,59.33,54.7,55.92,57.9,25.45,23.79,24.11,20.1,32.87,23.69,26.89,19.54,23.63,21.05,22.34,34.85,36.21,24.27,22.66,17.35,21.77,11.16,19.07,15.42,22.59,21.41,25.37,20.08,22.71,23.84,22.35,31.58,28.5,32.76,14.71,11.9,0.84,1.71,17.47,20.2,25.2,16.94,61.38,18.89,18.56,16.56,19.41,48.3,15.94,23.73,42.26,25.58,48.35,18.07,26.46,19.62,20.06,19.21,18.8,13.6,22.77,16.46,3.62,2.19
10.14,11.22,10.97,30.89,11.79,20.42,8.2,23.17,23.16,6.44,13.78,27.49,13.22,11.34,8.97,25.77,0.0,22.97,28.01,22.79,29.8,45.82,24.84,2.53,21.48,9.04,4.79,7.41,18.96,24.87,21.47,12.58,20.51,7.78,8.25,21.41,6.33,23.55,22.2,6.05,21.85,8.6,12.39,19.32,7.41,23.61,24.54,22.95,24.03,22.6,6.32,12.07,15.65,10.72,23.28,21.66,9.59,24.4,23.28,16.7,20.86,20.14,10.86,22.22,20.86,21.17,14.37,19.87,10.11,20.2,14.72,20.56,14.8,48.57,47.12,48.47,48.95,44.32,45.54,47.52,9.16,13.26,9.34,11.58,8.95,13.17,15.88,9.17,10.75,9.44,10.73,10.93,24.71,7.4,6.89,11.7,7.75,17.19,9.22,15.12,4.27,5.3,1.44,24.0,3.06,5.52,5.87,31.7,28.62,32.88,21.79,24.19,26.4,27.17,21.19,24.12,25.32,16.9,50.99,11.21,18.53,15.03,15.74,48.41,14.85,13.21,42.38,15.06,48.46,18.19,15.93,19.59,20.18,16.21,15.13,16.89,22.89,16.42,25.67,27.65
31.27,14.08,21.2,27.83,19.29,17.51,18.7,8.57,6.16,17.66,13.92,7.86,20.71,15.68,27.88,6.14,22.97,0.0,25.33,3.27,27.12,53.64,5.32,21.45,4.37,15.31,18.55,16.26,6.59,5.35,7.21,10.43,4.2,20.32,15.41,4.02,18.91,4.04,7.35,17.42,2.65,15.52,14.08,4.39,17.02,8.75,5.02,3.43,4.51,3.09,19.85,11.01,6.44,13.27,8.43,4.93,16.11,4.89,8.43,8.43,2.47,5.24,13.95,2.28,3.82,6.92,11.13,5.61,14.66,5.95,11.48,5.11,6.9,56.39,54.93,56.29,56.77,52.13,53.36,55.33,22.88,21.22,21.54,17.53,30.31,21.12,24.32,16.97,21.06,18.49,19.78,32.29,33.64,21.7,20.09,14.78,19.2,8.59,16.51,12.85,20.03,18.84,22.8,17.51,20.14,21.27,19.78,29.01,25.93,30.19,12.15,9.34,6.89,7.65,14.91,17.63,22.63,14.37,58.81,16.32,16.0,13.99,16.84,45.73,13.38,21.16,39.69,23.02,45.78,15.51,23.89,17.06,17.49,16.64,16.23,11.03,20.2,13.89,6.16,8.13
36.31,19.12,26.24,3.27,24.33,18.54,23.75,25.3,19.76,22.7,14.63,29.62,25.76,20.72,32.92,27.9,28.01,25.33,0.0,24.79,2.12,58.5,26.84,26.29,23.49,20.15,23.39,21.1,17.72,26.87,23.47,20.35,22.52,25.18,20.25,23.42,23.75,25.56,24.21,22.26,23.85,20.36,18.94,21.33,21.86,25.61,26.54,24.95,26.03,24.61,24.71,20.94,19.6,18.11,25.29,18.5,20.95,26.41,25.29,18.35,22.87,22.14,18.79,24.23,22.87,23.18,21.06,21.87,19.5,22.21,21.41,20.44,19.84,61.25,59.79,61.14,61.62,56.99,58.22,60.19,27.74,26.08,26.4,22.39,35.15,25.98,29.18,21.83,25.92,23.34,24.64,37.13,38.5,26.56,24.93,19.64,24.04,18.84,21.35,22.78,24.87,23.68,27.64,29.04,24.98,26.11,24.62,4.02,1.32,5.2,26.83,26.2,28.41,29.18,26.24,29.16,7.88,15.06,63.67,21.18,16.68,15.9,21.7,20.74,15.29,26.02,14.7,27.88,20.79,10.21,28.75,17.75,7.84,17.33,18.41,15.12,10.19,14.58,27.68,29.65
31.08,13.9,21.01,27.65,19.1,17.32,18.52,8.39,6.33,17.47,13.74,5.95,20.53,15.49,27.7,4.23,22.79,3.27,24.79,0.0,26.83,53.35,3.51,21.16,3.07,15.02,18.26,15.97,6.3,3.54,6.92,10.14,3.91,20.03,15.12,4.19,18.62,2.22,7.06,17.13,2.78,15.23,13.79,4.1,16.73,8.46,3.21,1.03,2.7,1.79,19.56,10.72,6.15,12.98,8.14,5.1,15.82,3.07,8.14,8.14,2.64,4.95,13.66,1.54,3.99,6.63,10.84,5.32,14.37,5.66,11.19,5.49,6.61,56.1,54.64,56.0,56.48,51.84,53.07,55.04,22.59,20.93,21.25,17.24,30.02,20.83,24.03,16.68,20.77,18.2,19.49,32.0,33.35,21.41,19.8,14.49,18.91,8.3,16.21,12.56,19.74,18.55,22.51,17.22,19.85,20.98,19.49,28.72,25.64,29.9,11.85,9.05,5.07,5.84,14.62,17.34,22.34,14.08,58.52,16.03,15.71,13.7,16.55,45.44,13.08,20.87,39.4,22.73,45.49,15.22,23.6,16.77,17.2,16.35,15.94,10.74,19.91,13.6,4.34,6.32
38.1,20.91,28.03,1.14,26.12,20.33,25.54,27.09,21.55,24.49,16.42,31.4,27.55,22.51,34.71,29.68,29.8,27.12,2.12,26.83,0.0,60.2,28.55,28.0,25.2,21.86,25.1,22.81,19.43,28.58,25.18,22.06,24.23,26.89,21.96,25.13,25.46,27.27,25.92,23.97,25.56,22.07,20.65,23.03,23.57,27.32,28.25,26.66,27.74,26.32,26.42,22.65,21.31,19.82,27.0,20.21,22.66,28.12,27.0,20.06,24.58,23.85,20.5,25.94,24.57,24.89,22.77,23.58,21.21,23.92,23.12,22.15,21.55,62.96,61.5,62.85,63.33,58.7,59.93,61.9,29.45,27.79,28.11,24.1,36.86,27.69,30.89,23.54,27.63,25.05,26.34,38.84,40.21,28.27,26.64,21.35,25.75,20.55,23.05,24.49,26.58,25.39,29.35,30.75,26.69,27.82,26.33,1.89,1.75,4.31,28.54,27.91,30.12,30.88,27.94,30.87,9.59,16.77,65.38,22.89,18.39,17.61,23.41,19.85,17.0,27.73,13.81,29.59,19.9,11.92,30.46,19.45,9.55,19.04,20.12,16.83,11.9,16.29,29.39,31.36
43.36,44.05,36.37,61.35,34.81,47.32,40.0,53.61,53.59,41.6,44.24,57.92,36.24,45.64,44.62,56.2,45.82,53.64,58.5,53.35,60.2,0.0,55.08,43.99,51.73,45.18,41.1,41.51,49.21,55.11,51.71,46.19,50.76,39.25,45.27,51.66,40.72,53.8,52.45,40.21,52.09,41.82,40.46,49.56,40.66,53.85,54.78,53.19,54.27,52.85,39.42,45.69,49.29,43.14,53.53,51.9,45.98,54.65,53.53,46.95,51.1,50.38,42.03,52.47,51.1,51.42,49.66,50.11,44.53,50.45,50.0,50.81,48.44,4.16,2.7,4.06,4.54,2.56,1.13,3.1,37.9,35.86,36.56,36.5,42.15,35.77,30.18,38.91,36.08,38.29,38.0,44.13,31.74,41.27,42.23,41.16,42.8,47.44,46.37,51.38,42.57,41.9,43.55,57.64,42.69,43.82,42.84,61.95,58.87,63.13,55.43,54.44,56.65,57.41,54.83,57.76,55.57,47.15,6.58,39.1,48.78,45.28,42.99,78.67,45.1,35.81,72.63,37.64,78.71,48.44,38.54,49.84,50.43,43.46,42.38,47.14,53.14,46.67,55.92,57.89
33.13,15.94,23.06,29.69,21.15,19.37,20.57,10.44,8.38,19.52,15.79,3.65,22.58,17.54,29.75,1.93,24.84,5.32,26.84,3.51,28.55,55.08,0.0,23.3,5.24,17.16,20.4,18.1,8.44,1.66,9.06,12.27,6.04,22.17,17.25,6.33,20.76,1.88,9.2,19.27,4.92,17.37,15.93,6.23,18.87,10.6,2.71,3.13,0.93,3.96,21.69,12.86,8.28,15.12,10.27,7.24,17.96,2.57,10.27,10.27,4.78,7.09,15.8,3.68,6.13,8.77,12.98,7.46,16.51,7.8,13.33,7.62,8.75,58.23,56.78,58.13,58.61,53.98,55.2,57.18,24.73,23.07,23.39,19.38,32.15,22.97,26.17,18.82,22.91,20.33,21.62,34.13,35.49,23.55,21.94,16.63,21.05,10.44,18.35,14.7,21.87,20.69,24.65,19.36,21.99,23.12,21.63,30.86,27.78,32.04,13.99,11.18,2.77,3.54,16.75,19.48,24.48,16.22,60.66,18.17,17.84,15.84,18.68,47.58,15.22,23.01,41.54,24.86,47.63,17.35,25.74,18.9,19.34,18.49,18.07,12.88,22.05,15.74,2.4,4.02
10.82,9.47,9.21,29.14,10.03,18.66,6.44,21.42,21.41,4.69,12.03,25.74,11.46,9.59,10.6,24.02,2.53,21.45,26.29,21.16,28.0,43.99,23.3,0.0,19.73,7.29,3.03,5.65,17.21,23.11,19.71,10.82,18.76,6.02,6.5,19.66,4.57,21.8,20.45,4.3,20.09,6.84,10.64,17.56,5.66,21.85,22.78,21.19,22.27,20.85,4.57,10.32,13.9,8.96,21.53,19.9,7.83,22.65,21.53,14.95,19.11,18.38,9.11,20.47,19.1,19.42,12.62,18.11,8.36,18.45,12.97,18.81,13.05,46.82,45.36,46.72,47.2,42.57,43.79,45.77,7.4,11.51,7.58,9.83,9.63,11.41,14.12,7.41,9.0,7.69,8.98,11.61,24.07,5.65,5.14,9.95,6.0,15.44,7.47,13.37,2.52,3.54,2.12,22.25,1.31,3.77,4.11,29.94,26.86,31.12,20.03,22.44,24.65,25.41,19.44,22.36,23.57,15.15,49.24,9.45,16.77,13.28,13.99,46.66,13.09,11.46,40.63,13.31,46.71,16.44,14.18,17.84,18.42,14.46,13.38,15.14,21.14,14.67,23.92,25.89
29.78,12.59,19.7,26.34,17.79,16.01,17.21,6.25,6.74,16.17,12.43,7.68,19.22,14.18,26.39,5.96,21.48,4.37,23.49,3.07,25.2,51.73,5.24,19.73,0.0,14.16,17.4,15.11,5.03,5.28,4.72,9.28,1.23,19.17,14.26,4.6,17.76,3.97,5.03,16.27,4.03,14.37,12.93,2.5,15.87,6.43,4.95,3.22,4.44,1.44,18.7,9.86,4.88,12.12,6.1,5.51,14.96,4.82,6.1,7.28,3.05,2.92,12.8,2.63,4.39,4.42,9.98,4.46,13.51,5.02,10.33,4.22,5.97,55.24,53.78,55.14,55.62,50.98,52.21,54.18,21.73,20.07,20.39,16.38,29.16,19.97,23.17,15.82,19.91,17.34,18.63,31.14,32.49,20.55,18.94,13.63,18.05,7.44,15.35,11.7,18.88,17.69,21.65,15.19,18.99,20.12,18.63,27.86,24.78,29.04,9.82,7.01,6.82,7.58,12.58,15.31,21.48,13.22,57.66,15.17,14.85,12.84,15.69,44.58,12.22,20.01,38.54,21.87,44.63,14.36,22.74,15.91,16.34,15.49,15.08,9.88,19.05,12.74,6.08,8.06
17.34,3.33,8.37,23.0,11.25,12.52,4.15,15.28,15.27,3.73,5.89,19.6,12.67,3.45,13.95,17.88,9.04,15.31,20.15,15.02,21.86,45.18,17.16,7.29,14.16,0.0,4.4,2.1,11.07,16.98,13.58,4.68,12.62,5.22,1.25,13.52,4.75,15.66,14.31,3.26,13.96,2.82,5.49,11.43,2.86,15.71,16.65,15.05,16.13,14.71,4.04,4.18,7.76,2.83,15.39,13.77,3.81,16.51,15.39,8.81,12.97,12.25,2.97,14.33,12.97,13.28,6.48,11.98,2.22,12.31,6.83,12.67,6.91,47.8,46.34,47.7,48.18,43.54,44.77,46.74,6.6,12.63,6.78,8.94,16.15,12.53,15.73,5.73,12.47,6.01,7.3,18.13,25.05,5.67,5.93,6.19,5.05,9.3,2.35,7.23,5.87,4.69,8.64,16.11,5.98,7.12,5.62,23.8,20.72,24.98,13.9,16.3,18.51,19.28,13.3,16.23,17.43,9.01,50.22,7.73,10.64,7.14,8.25,40.52,6.96,12.58,34.49,14.43,40.57,10.3,15.3,11.7,12.28,11.28,7.64,9.0,15.0,8.53,17.78,19.75
13.08,6.57,6.32,26.24,7.14,15.77,3.55,18.52,18.51,1.79,9.14,22.84,8.57,6.69,9.7,21.12,4.79,18.55,23.39,18.26,25.1,41.1,20.4,3.03,17.4,4.4,0.0,2.76,14.31,20.22,16.82,7.93,15.86,3.13,3.6,16.76,1.68,18.91,17.56,1.4,17.2,3.95,7.74,14.67,2.76,18.96,19.89,18.3,19.38,17.96,1.68,7.42,11.0,6.07,18.63,17.01,4.94,19.75,18.63,12.06,16.21,15.49,6.22,17.57,16.21,16.52,9.72,15.22,5.46,15.55,10.07,15.92,10.15,43.92,42.47,43.82,44.3,39.67,40.89,42.87,4.51,8.61,4.69,6.93,11.89,8.52,11.23,4.52,6.1,4.79,6.09,13.87,21.18,2.75,2.24,7.06,3.11,12.54,4.58,10.47,1.61,1.62,4.38,19.35,1.73,2.86,2.55,27.05,23.97,28.23,17.14,19.54,21.75,22.52,16.55,19.47,20.67,12.25,46.35,6.56,13.88,10.38,11.09,43.77,10.2,8.56,37.73,10.41,43.81,13.54,11.29,14.94,15.53,11.56,10.48,12.24,18.24,11.78,21.02,23.0
15.7,4.28,6.73,23.95,7.55,13.47,3.96,16.23,16.21,2.09,6.84,20.55,8.98,4.4,12.32,18.83,7.41,16.26,21.1,15.97,22.81,41.51,18.1,5.65,15.11,2.1,2.76,0.0,12.02,17.92,14.52,5.63,13.57,3.58,1.31,14.47,3.12,16.61,15.26,1.63,14.9,2.32,6.44,12.37,1.23,16.66,17.59,16.0,17.08,15.66,2.41,5.13,8.7,3.77,16.34,14.71,3.31,17.46,16.34,9.76,13.91,13.19,3.92,15.28,13.91,14.23,7.43,12.92,3.17,13.26,7.77,13.62,7.86,44.38,42.92,44.27,44.75,40.12,41.35,43.32,4.96,9.07,5.14,7.39,14.51,8.97,11.68,4.97,6.55,5.25,6.54,16.49,21.63,4.04,4.3,7.14,3.41,10.25,2.28,8.18,4.23,3.05,7.0,17.05,4.35,5.48,3.98,24.75,21.67,25.93,14.84,17.25,19.46,20.22,14.25,17.17,18.37,9.96,46.8,7.01,11.58,8.09,9.2,41.47,7.9,9.01,35.43,10.87,41.52,11.25,11.74,12.64,13.23,12.23,8.59,9.95,15.94,9.48,18.72,20.7
27.26,10.07,17.18,20.57,15.27,10.24,14.69,7.93,4.88,13.65,5.86,10.88,16.7,11.66,23.87,9.16,18.96,6.59,17.72,6.3,19.43,49.21,8.44,17.21,5.03,11.07,14.31,12.02,0.0,8.38,4.63,6.32,4.02,16.53,11.62,4.24,15.12,7.06,6.62,13.63,5.36,11.73,10.29,2.83,13.23,8.02,8.05,6.46,7.54,6.11,16.06,6.9,1.88,9.48,7.7,3.61,12.32,7.91,7.7,4.32,4.37,3.63,10.16,5.73,3.69,4.33,7.02,4.04,10.87,3.08,7.37,2.72,3.08,52.6,51.14,52.5,52.98,48.34,49.57,51.54,19.09,17.43,17.75,13.74,26.52,17.33,20.53,13.18,17.27,14.7,15.99,28.5,29.85,17.91,16.3,10.99,15.41,4.8,12.72,8.74,16.24,15.05,19.01,15.0,16.35,17.48,15.99,21.4,18.32,22.58,11.42,8.61,9.91,10.68,12.2,15.12,15.02,6.76,55.02,12.53,8.39,6.38,13.05,38.12,5.76,17.37,32.08,19.23,38.17,7.9,20.1,9.45,9.88,9.03,12.44,3.42,12.59,6.28,9.18,11.16
33.16,15.98,23.09,29.73,21.18,19.4,20.6,10.47,8.41,19.55,15.82,4.61,22.61,17.57,29.78,2.89,24.87,5.35,26.87,3.54,28.58,55.11,1.66,23.11,5.28,16.98,20.22,17.92,8.38,0.0,9.06,12.27,6.04,22.17,17.25,6.33,20.75,3.41,9.19,19.27,4.92,17.37,15.92,6.23,18.87,10.6,2.7,3.13,1.78,3.96,21.69,12.86,8.28,15.12,10.27,7.24,17.96,2.57,10.27,10.27,4.78,7.08,15.8,3.67,6.12,8.76,12.98,7.46,16.51,7.8,13.32,7.62,8.75,58.23,56.77,58.13,58.61,53.98,55.2,57.18,24.72,23.06,23.39,19.38,32.15,22.97,26.17,18.81,22.91,20.33,21.62,34.13,35.49,23.54,21.93,16.62,21.05,10.44,18.35,14.7,21.87,20.69,24.64,19.36,21.99,23.12,21.62,30.85,27.78,32.04,13.99,11.18,3.73,4.5,16.75,19.47,24.48,16.21,60.65,18.16,17.84,15.84,18.68,47.57,15.22,23.01,41.54,24.86,47.62,17.35,25.73,18.9,19.34,18.49,18.07,12.88,22.05,15.74,0.8,4.97
29.76,12.57,19.69,26.32,17.78,16.0,17.2,7.4,6.84,16.15,12.42,11.5,19.21,14.17,26.38,9.78,21.47,7.21,23.47,6.92,25.18,51.71,9.06,19.71,4.72,13.58,16.82,14.52,4.63,9.06,0.0,8.3,3.58,18.19,13.28,5.17,16.78,7.63,5.58,15.29,5.93,13.4,11.95,3.4,14.89,6.98,8.62,7.02,8.1,6.68,17.72,8.89,3.59,11.14,2.63,5.42,13.98,8.48,6.66,6.3,4.94,2.15,11.83,6.3,4.62,1.3,9.0,3.49,12.53,2.16,9.35,4.32,3.11,54.26,52.8,54.16,54.64,50.0,51.23,53.2,20.75,19.09,19.42,15.4,28.18,18.99,22.19,14.84,18.93,16.36,17.65,30.16,31.51,19.57,17.96,12.65,17.07,6.47,14.38,10.72,17.9,16.71,20.67,16.99,18.01,19.14,17.65,26.88,23.8,28.06,10.38,7.57,10.48,11.25,14.18,17.1,20.51,12.24,56.68,14.19,13.87,11.86,14.71,43.6,11.25,19.03,37.57,20.89,43.65,13.38,21.76,14.93,15.36,14.51,14.1,8.91,18.08,11.76,9.75,11.72
20.87,4.34,14.17,23.2,12.26,12.88,7.68,10.4,10.38,7.26,6.91,14.72,13.69,5.28,17.48,12.99,12.58,10.43,20.35,10.14,22.06,46.19,12.27,10.82,9.28,4.68,7.93,5.63,6.32,12.27,8.3,0.0,8.13,8.73,4.77,9.02,8.27,11.17,9.82,6.78,9.46,5.66,6.61,6.93,6.38,11.22,12.15,10.56,11.64,10.22,7.56,1.47,3.98,3.94,10.9,9.27,6.25,12.02,10.9,3.52,8.47,7.75,4.09,9.83,8.47,5.99,2.7,7.48,4.02,4.88,3.05,8.18,3.13,48.92,47.46,48.81,49.29,44.66,45.89,47.86,15.41,13.75,14.07,10.06,19.67,13.65,16.85,9.5,13.59,11.01,12.31,21.65,26.17,9.19,9.45,7.31,8.56,4.01,5.87,2.72,9.39,8.2,12.16,11.12,9.5,10.63,9.14,23.98,20.9,25.16,8.9,9.28,14.01,14.78,8.31,11.24,17.6,9.34,51.34,8.85,10.97,8.26,9.37,40.7,8.34,13.69,34.66,15.55,40.75,10.48,16.42,12.03,12.46,11.61,8.76,6.0,15.17,8.86,13.28,15.26
28.81,11.62,18.74,25.37,16.83,15.05,16.24,5.28,5.77,15.2,11.46,8.48,18.25,13.22,25.42,6.76,20.51,4.2,22.52,3.91,24.23,50.76,6.04,18.76,1.23,12.62,15.86,13.57,4.02,6.04,3.58,8.13,0.0,18.2,13.29,3.63,16.79,4.77,4.06,15.31,3.07,13.41,11.96,1.53,14.9,5.46,5.76,4.17,5.25,2.38,17.73,8.9,3.92,11.16,5.14,4.54,14.0,5.62,5.14,6.31,2.08,1.95,11.84,3.44,3.43,3.45,9.01,3.5,12.55,4.05,9.36,3.25,5.0,54.27,52.81,54.17,54.65,50.02,51.24,53.22,20.76,19.1,19.43,15.41,28.19,19.0,22.21,14.85,18.94,16.37,17.66,30.17,31.52,19.58,17.97,12.66,17.09,6.48,14.39,10.73,17.91,16.73,20.68,14.22,18.02,19.16,17.66,26.89,23.81,28.07,8.85,6.05,7.62,8.39,11.61,14.34,20.52,12.25,56.69,14.2,13.88,11.87,14.72,43.61,11.26,19.05,37.58,20.9,43.66,13.39,21.77,14.94,15.37,14.52,14.11,8.92,18.09,11.77,6.89,8.87
16.07,7.39,4.47,28.03,5.29,14.0,2.35,20.29,20.28,3.56,10.92,24.61,6.72,7.51,12.68,22.89,7.78,20.32,25.18,20.03,26.89,39.25,22.17,6.02,19.17,5.22,3.13,3.58,16.53,22.17,18.19,8.73,18.2,0.0,4.46,18.58,2.83,20.72,19.37,2.32,19.01,4.29,6.55,16.48,2.76,20.77,21.7,20.11,21.19,19.77,1.53,8.27,16.21,10.06,20.45,18.82,5.28,21.57,20.45,13.87,18.02,17.3,6.38,19.39,18.02,18.34,10.57,17.03,6.32,17.37,10.92,17.73,15.36,42.15,40.69,42.05,42.53,37.9,39.12,41.1,2.74,6.84,2.92,5.74,14.96,6.75,9.46,3.32,4.33,3.6,4.36,16.94,19.4,3.38,4.33,5.86,4.9,14.36,5.43,11.33,4.68,4.01,7.45,24.56,4.79,5.92,4.94,28.87,25.79,30.05,22.35,21.36,23.57,24.33,21.75,24.68,22.49,14.07,44.57,5.36,15.7,12.2,9.9,45.58,12.02,6.79,39.55,8.64,45.63,15.36,9.51,16.76,17.35,10.37,9.29,14.06,20.06,13.59,22.83,24.81
16.55,3.42,7.57,23.1,11.34,12.62,3.36,15.38,15.36,2.94,5.99,19.7,12.77,3.55,13.16,17.97,8.25,15.41,20.25,15.12,21.96,45.27,17.25,6.5,14.26,1.25,3.6,1.31,11.62,17.25,13.28,4.77,13.29,4.46,0.0,13.61,3.96,15.76,14.41,2.47,14.05,2.02,5.59,11.52,2.07,15.81,16.74,15.15,16.23,14.81,3.25,4.28,7.85,2.92,15.49,13.86,3.01,16.61,15.49,8.91,13.06,12.34,3.07,14.42,13.06,13.38,6.57,12.07,2.32,12.41,6.92,12.77,7.01,47.9,46.44,47.79,48.27,43.64,44.86,46.84,5.8,12.73,5.98,7.36,15.36,12.63,15.83,4.94,7.4,5.22,6.51,17.34,25.15,4.88,5.14,6.29,4.25,9.4,1.84,7.33,5.08,3.89,7.85,16.2,5.19,6.32,4.83,23.9,20.82,25.08,13.99,16.4,18.61,19.37,13.4,16.32,17.52,9.11,50.32,6.98,10.73,7.24,8.34,40.62,7.05,12.67,34.58,14.52,40.67,10.4,15.4,11.79,12.38,11.38,7.74,9.09,15.09,8.63,17.87,19.85
29.71,12.52,19.63,26.27,17.72,15.94,17.14,7.96,3.29,16.1,12.36,8.77,19.15,14.11,26.32,7.05,21.41,4.02,23.42,4.19,25.13,51.66,6.33,19.66,4.6,13.52,16.76,14.47,4.24,6.33,5.17,9.02,3.63,18.58,13.61,0.0,17.41,4.95,6.7,15.92,2.9,14.03,12.58,2.9,15.52,8.1,5.94,4.35,5.43,4.0,18.35,9.52,4.13,11.77,7.77,2.04,14.61,5.8,7.77,6.93,1.91,4.39,12.46,3.62,1.29,5.09,9.63,4.12,13.16,4.12,9.98,2.22,5.08,54.89,53.43,54.79,55.27,50.63,51.86,53.83,21.38,19.72,20.05,16.03,28.81,19.62,22.82,15.47,19.56,16.99,18.28,30.79,32.14,20.2,18.59,13.28,17.7,7.1,15.01,11.35,18.53,17.34,21.3,16.86,18.64,19.77,18.28,27.51,24.43,28.69,11.49,8.68,7.8,8.57,14.25,16.98,21.14,12.87,57.31,14.82,14.5,12.49,15.34,44.23,11.88,19.67,38.2,21.52,44.28,14.01,22.39,15.56,15.99,15.14,14.73,9.54,18.71,12.39,7.07,9.04
14.62,6.93,5.94,26.6,6.76,14.83,3.17,18.88,18.87,3.09,9.49,23.2,8.19,7.05,11.23,21.48,6.33,18.91,23.75,18.62,25.46,40.72,20.76,4.57,17.76,4.75,1.68,3.12,15.12,20.75,16.78,8.27,16.79,2.83,3.96,17.41,0.0,19.26,17.91,1.82,17.55,4.3,7.37,15.03,3.12,19.31,20.24,18.65,19.73,18.31,1.3,7.78,11.36,6.43,18.99,17.36,5.29,20.11,18.99,12.41,16.57,15.84,6.57,17.93,16.57,16.88,10.08,15.57,5.82,15.91,10.43,16.27,10.51,43.55,42.09,43.45,43.93,39.3,40.52,42.5,4.13,8.24,4.31,6.56,13.43,8.14,10.85,4.14,5.73,4.42,5.71,15.41,20.8,1.32,1.99,6.68,4.41,12.9,4.93,10.83,3.15,3.0,5.92,19.71,3.26,4.4,3.93,27.4,24.32,28.58,17.49,19.9,22.11,22.88,16.9,19.83,21.03,12.61,45.97,6.18,14.24,10.74,10.72,44.12,10.56,8.19,38.09,10.04,44.17,13.9,10.91,15.3,15.88,11.19,10.11,12.6,18.6,12.13,21.38,23.35
31.85,14.66,21.78,28.41,19.87,18.09,19.28,9.15,7.09,18.24,14.5,4.32,21.3,16.26,28.46,2.6,23.55,4.04,25.56,2.22,27.27,53.8,1.88,21.8,3.97,15.66,18.91,16.61,7.06,3.41,7.63,11.17,4.77,20.72,15.76,4.95,19.26,0.0,7.92,17.99,3.64,16.09,14.65,4.96,17.59,9.32,3.03,1.86,1.52,2.68,20.42,11.58,7.01,13.84,9.0,5.96,16.68,2.89,9.0,9.0,3.5,5.81,14.52,2.4,4.85,7.49,11.7,6.18,15.23,6.52,12.05,6.35,7.47,56.96,55.5,56.86,57.34,52.7,53.93,55.9,23.45,21.79,22.11,18.1,30.88,21.69,24.89,17.54,21.63,19.06,20.35,32.86,34.21,22.27,20.66,15.35,19.77,9.16,17.08,13.42,20.6,19.41,23.37,18.08,20.71,21.84,20.35,29.58,26.5,30.76,12.72,9.91,3.44,4.21,15.48,18.2,23.2,14.94,59.38,16.89,16.57,14.56,17.41,46.3,13.95,21.73,40.26,23.59,46.35,16.08,24.46,17.63,18.06,17.21,16.8,11.6,20.77,14.46,4.16,4.69
30.5,13.31,20.43,27.06,18.52,16.74,17.94,3.03,8.15,16.89,13.15,11.64,19.95,14.91,27.11,9.92,22.2,7.35,24.21,7.06,25.92,52.45,9.2,20.45,5.03,14.31,17.56,15.26,6.62,9.19,5.58,9.82,4.06,19.37,14.41,6.7,17.91,7.92,0.0,16.61,6.66,14.71,13.27,5.09,16.21,1.4,9.35,7.76,8.84,7.42,19.04,10.2,6.79,12.46,2.01,7.43,15.3,9.22,2.51,7.61,5.68,2.65,13.14,7.04,6.63,3.02,10.32,4.8,13.85,5.35,10.67,6.33,6.31,55.58,54.12,55.47,55.95,51.32,52.55,54.52,22.07,20.41,20.73,16.72,29.49,20.31,23.51,16.16,20.25,17.67,18.96,31.47,32.83,20.89,19.28,13.97,18.39,7.78,15.69,12.04,19.21,18.03,21.99,11.6,19.33,20.46,18.97,28.2,25.12,29.38,6.23,3.42,11.22,11.98,8.99,11.72,21.82,13.56,58.0,15.51,15.18,13.18,16.03,44.92,12.56,20.35,38.88,22.21,44.97,14.69,23.08,16.24,16.68,15.83,15.42,10.22,19.39,13.08,10.49,12.46
14.35,5.44,5.43,25.11,6.25,14.64,2.66,17.39,17.38,1.1,8.01,21.71,7.68,5.56,10.96,19.99,6.05,17.42,22.26,17.13,23.97,40.21,19.27,4.3,16.27,3.26,1.4,1.63,13.63,19.27,15.29,6.78,15.31,2.32,2.47,15.92,1.82,17.99,16.61,0.0,16.07,2.82,6.9,13.54,1.63,17.83,18.76,17.17,18.25,16.82,1.11,6.29,9.87,4.94,17.5,15.88,3.81,18.62,17.5,10.92,15.08,14.36,5.08,16.44,15.08,15.39,8.59,14.09,4.33,14.42,8.94,14.78,9.02,43.08,41.62,42.98,43.46,38.83,40.05,42.03,3.67,7.77,3.84,6.09,13.15,7.67,10.39,3.67,5.26,3.95,5.24,15.13,20.33,2.74,3.0,6.21,2.42,11.41,3.44,9.34,2.87,1.69,5.65,18.22,2.99,4.12,2.62,25.92,22.84,27.1,16.01,18.41,20.62,21.39,15.41,18.34,19.54,11.12,45.5,5.71,12.75,9.25,10.25,42.63,9.07,7.72,36.6,9.57,42.68,12.41,10.44,13.81,14.4,13.39,9.64,11.11,17.11,10.64,19.89,21.87
30.14,12.95,20.07,26.7,18.16,16.38,17.58,7.45,5.04,16.53,12.79,7.36,19.59,14.55,26.76,5.64,21.85,2.65,23.85,2.78,25.56,52.09,4.92,20.09,4.03,13.96,17.2,14.9,5.36,4.92,5.93,9.46,3.07,19.01,14.05,2.9,17.55,3.64,6.66,16.07,0.0,14.4,12.95,3.26,15.9,7.63,4.53,2.93,4.01,2.59,18.72,9.89,5.31,12.15,7.3,3.81,14.99,4.39,7.3,7.3,1.35,4.11,12.83,2.18,2.7,5.8,10.01,4.49,13.54,4.83,10.35,3.99,5.78,55.26,53.8,55.16,55.64,51.01,52.23,54.21,21.75,20.09,20.42,16.41,29.18,20.0,23.2,15.84,19.94,17.36,18.65,31.16,32.52,20.57,18.96,13.65,18.08,7.47,15.38,11.73,18.9,17.72,21.67,16.39,19.02,20.15,18.65,27.89,24.81,29.07,11.02,8.21,6.39,7.16,13.78,16.51,21.51,13.24,57.68,15.2,14.87,12.87,15.71,44.6,12.25,20.04,38.57,21.89,44.65,14.38,22.76,15.93,16.37,15.52,15.1,9.91,19.08,12.77,5.66,7.63
16.89,3.54,7.05,23.22,7.86,12.74,2.28,15.49,15.48,3.28,6.11,19.81,9.29,5.14,13.5,18.09,8.6,15.52,20.36,15.23,22.07,41.82,17.37,6.84,14.37,2.82,3.95,2.32,11.73,17.37,13.4,5.66,13.41,4.29,2.02,14.03,4.3,16.09,14.71,2.82,14.4,0.0,3.87,11.61,1.61,15.9,16.83,15.24,16.32,14.9,3.85,4.88,8.46,3.01,15.58,13.95,0.99,16.7,15.58,9.0,13.15,12.43,2.09,14.52,13.15,13.47,7.18,12.16,3.72,12.5,7.53,12.86,7.61,47.99,46.53,47.88,48.36,43.73,44.96,46.93,5.7,9.42,5.49,6.28,15.7,9.32,12.03,3.86,6.9,4.14,5.43,17.68,25.24,5.7,5.48,4.55,4.6,9.49,3.0,7.93,5.42,4.24,8.19,16.81,5.53,6.67,5.17,23.99,20.91,25.17,14.59,16.49,18.7,19.46,14.0,16.93,17.61,9.2,50.41,5.9,10.82,7.33,8.44,40.71,7.14,9.36,34.67,11.22,40.76,10.49,12.09,11.88,12.47,11.47,7.83,9.19,15.18,8.72,17.96,19.94
20.69,4.49,8.44,21.79,6.53,7.76,5.11,14.05,14.04,8.07,4.68,18.37,7.96,6.09,17.3,16.65,12.39,14.08,18.94,13.79,20.65,40.46,15.93,10.64,12.93,5.49,7.74,6.44,10.29,15.92,11.95,6.61,11.96,6.55,5.59,12.58,7.37,14.65,13.27,6.9,12.95,3.87,0.0,10.29,7.34,14.58,15.51,13.92,15.0,13.57,6.1,6.41,10.01,3.86,14.25,12.63,4.45,15.37,14.25,7.68,11.83,11.11,1.9,13.19,11.83,12.14,10.38,10.84,5.26,11.17,10.73,11.53,9.17,43.25,41.8,43.15,43.63,39.0,40.22,42.2,9.75,8.08,8.41,3.79,19.53,7.99,11.19,3.22,7.93,4.74,6.03,21.51,20.51,7.96,8.91,1.03,9.48,8.16,7.1,12.1,9.25,8.58,12.02,18.36,9.37,10.5,9.52,22.67,19.59,23.85,16.15,15.16,17.37,18.14,15.56,18.48,16.29,7.88,45.68,2.58,9.5,6.01,3.7,39.39,5.82,8.03,33.35,9.88,39.44,9.17,10.76,10.56,11.15,4.17,3.09,7.87,13.87,7.4,16.64,18.62
27.61,10.43,17.54,24.18,15.63,13.85,15.05,5.87,4.36,14.0,10.27,8.68,17.06,12.02,24.23,6.95,19.32,4.39,21.33,4.1,23.03,49.56,6.23,17.56,2.5,11.43,14.67,12.37,2.83,6.23,3.4,6.93,1.53,16.48,11.52,2.9,15.03,4.96,5.09,13.54,3.26,11.61,10.29,0.0,13.25,5.82,5.98,4.39,5.47,4.05,16.08,7.24,2.67,9.5,5.5,3.1,12.34,5.84,5.5,4.66,2.3,2.08,10.18,3.66,2.3,3.15,7.36,1.84,10.89,2.18,7.71,2.01,3.13,52.62,51.16,52.52,53.0,48.36,49.59,51.56,19.11,17.45,17.77,13.76,26.54,17.35,20.55,13.2,17.29,14.72,16.01,28.52,29.87,17.93,16.32,11.01,15.43,4.82,12.74,9.08,16.26,15.07,19.03,14.59,16.37,17.5,16.01,25.24,22.16,26.42,9.22,6.41,7.84,8.61,11.98,14.7,18.86,10.6,55.04,12.55,12.23,10.22,13.07,41.96,9.6,17.39,35.92,19.25,42.01,11.74,20.12,13.29,13.72,12.87,12.46,7.26,16.43,10.12,7.11,9.09
15.71,5.04,5.88,24.71,6.7,14.24,3.11,16.99,16.98,2.1,7.6,21.31,8.13,5.16,12.32,19.59,7.41,17.02,21.86,16.73,23.57,40.66,18.87,5.66,15.87,2.86,2.76,1.23,13.23,18.87,14.89,6.38,14.9,2.76,2.07,15.52,3.12,17.59,16.21,1.63,15.9,1.61,7.34,13.25,0.0,17.43,18.36,16.77,17.85,16.42,1.59,5.89,9.47,4.54,17.1,15.48,2.6,18.22,17.1,10.52,14.68,13.96,3.71,16.04,14.68,14.99,8.19,13.69,3.93,14.02,8.54,14.38,8.62,43.56,42.11,43.46,43.94,39.31,40.53,42.51,4.15,8.25,4.33,6.57,14.51,8.16,10.87,4.16,5.74,4.43,5.72,16.49,20.82,3.45,4.3,6.69,3.41,11.01,3.04,8.94,4.23,3.05,7.01,17.82,4.35,5.48,3.98,25.51,22.44,26.7,15.61,18.01,20.22,20.99,15.01,17.94,19.14,10.72,45.98,6.2,12.35,8.85,9.96,42.23,8.67,8.2,36.2,10.05,42.28,12.01,10.92,13.41,14.0,12.99,9.35,10.71,16.71,10.24,19.49,21.46
31.9,14.71,21.83,28.46,19.92,18.14,19.34,4.43,9.55,18.29,14.55,13.04,21.35,16.31,28.51,11.32,23.61,8.75,25.61,8.46,27.32,53.85,10.6,21.85,6.43,15.71,18.96,16.66,8.02,10.6,6.98,11.22,5.46,20.77,15.81,8.1,19.31,9.32,1.4,17.83,7.63,15.9,14.58,5.82,17.43,0.0,10.76,9.16,10.24,8.82,20.44,11.6,8.19,13.86,3.41,8.83,16.7,10.62,3.92,9.02,7.08,4.05,14.54,8.44,8.03,4.42,11.72,6.2,15.25,6.76,12.07,7.74,7.71,56.98,55.52,56.87,57.35,52.72,53.95,55.92,23.47,21.81,22.13,18.12,30.9,21.71,24.91,17.56,21.65,19.07,20.37,32.88,34.23,22.29,20.68,15.37,19.79,9.18,17.09,13.44,20.62,19.43,23.39,13.0,20.73,21.86,20.37,29.6,26.52,30.78,7.63,4.83,12.62,13.39,10.39,13.12,23.22,14.96,59.4,16.91,16.58,14.58,17.43,46.32,13.96,21.75,40.28,23.61,46.37,16.1,24.48,17.65,18.08,17.23,16.82,11.62,20.79,14.48,11.89,13.86
32.83,15.65,22.76,29.4,20.85,19.07,20.27,10.14,8.08,19.22,15.49,5.15,22.28,17.24,29.45,3.43,24.54,5.02,26.54,3.21,28.25,54.78,2.71,22.78,4.95,16.65,19.89,17.59,8.05,2.7,8.62,12.15,5.76,21.7,16.74,5.94,20.24,3.03,9.35,18.76,4.53,16.83,15.51,5.98,18.36,10.76,0.0,2.78,1.86,3.61,21.34,12.51,7.93,14.77,9.92,6.89,17.61,1.34,9.92,9.92,4.43,6.74,15.45,3.33,5.78,8.42,12.63,7.11,16.16,7.45,12.98,7.27,8.4,57.88,56.43,57.78,58.26,53.63,54.85,56.83,24.38,22.71,23.04,19.03,31.8,22.62,25.82,18.46,22.56,19.98,21.27,33.78,35.14,23.2,21.59,16.27,20.7,10.09,18.0,14.35,21.52,20.34,24.29,19.01,21.64,22.77,21.27,30.51,27.43,31.69,13.64,10.83,4.23,5.0,16.4,19.13,24.13,15.86,60.3,17.82,17.49,15.49,18.33,47.22,14.87,22.66,41.19,24.51,47.27,17.0,25.38,18.55,18.99,18.14,17.72,12.53,21.7,15.39,3.5,5.48
31.24,14.05,21.17,27.8,19.26,17.48,18.68,8.54,6.48,17.63,13.89,5.57,20.69,15.65,27.85,3.85,22.95,3.43,24.95,1.03,26.66,53.19,3.13,21.19,3.22,15.05,18.3,16.0,6.46,3.13,7.02,10.56,4.17,20.11,15.15,4.35,18.65,1.86,7.76,17.17,2.93,15.24,13.92,4.39,16.77,9.16,2.78,0.0,2.32,1.95,19.72,10.88,6.3,13.14,8.29,5.26,15.98,2.7,8.3,8.29,2.8,5.11,13.82,1.7,4.15,6.79,11.0,5.48,14.53,5.82,11.35,5.64,6.77,56.26,54.8,56.15,56.63,52.0,53.23,55.2,22.75,21.09,21.41,17.4,30.17,20.99,24.19,16.84,20.93,18.35,19.64,32.15,33.51,21.57,19.96,14.65,19.07,8.46,16.37,12.72,19.89,18.71,22.67,17.38,20.01,21.14,19.65,28.88,25.8,30.06,12.01,9.21,4.7,5.46,14.77,17.5,22.5,14.24,58.68,16.19,15.86,13.86,16.71,45.6,13.24,21.03,39.56,22.89,45.65,15.37,23.76,16.92,17.36,16.51,16.1,10.9,20.07,13.76,3.97,5.94
32.32,15.13,22.25,28.88,20.34,18.56,19.76,9.62,7.56,18.71,14.97,3.37,21.77,16.73,28.93,1.65,24.03,4.51,26.03,2.7,27.74,54.27,0.93,22.27,4.44,16.13,19.38,17.08,7.54,1.78,8.1,11.64,5.25,21.19,16.23,5.43,19.73,1.52,8.84,18.25,4.01,16.32,15.0,5.47,17.85,10.24,1.86,2.32,0.0,3.15,20.88,12.05,7.47,14.31,9.46,6.43,17.15,1.76,9.46,9.46,3.97,6.28,14.99,2.87,5.32,7.96,12.17,6.65,15.7,6.99,12.52,6.81,7.94,57.42,55.97,57.32,57.8,53.17,54.39,56.37,23.92,22.25,22.58,18.57,31.34,22.16,25.36,18.0,22.1,19.52,20.81,33.32,34.68,22.74,21.13,15.81,20.24,9.63,17.54,13.89,21.06,19.88,23.83,18.55,21.18,22.31,20.81,30.05,26.97,31.23,13.18,10.37,2.5,3.26,15.94,18.67,23.67,15.4,59.84,17.36,17.03,15.03,17.87,46.76,14.41,22.2,40.73,24.05,46.81,16.54,24.92,18.09,18.53,17.68,17.26,12.07,21.24,14.93,2.56,3.74
30.9,13.71,20.83,27.46,18.92,17.14,18.33,8.2,6.14,17.29,13.55,6.4,20.35,15.31,27.51,4.68,22.6,3.09,24.61,1.79,26.32,52.85,3.96,20.85,1.44,14.71,17.96,15.66,6.11,3.96,6.68,10.22,2.38,19.77,14.81,4.0,18.31,2.68,7.42,16.82,2.59,14.9,13.57,4.05,16.42,8.82,3.61,1.95,3.15,0.0,19.37,10.54,5.96,12.8,7.95,4.92,15.64,3.54,7.95,7.95,2.46,4.77,13.48,1.36,3.81,6.45,10.66,5.14,14.19,5.48,11.01,5.3,6.43,55.91,54.46,55.81,56.29,51.66,52.88,54.86,22.41,20.74,21.07,17.06,29.83,20.65,23.85,16.5,20.59,18.01,19.3,31.81,33.17,21.23,19.62,14.3,18.73,8.12,16.03,12.38,19.55,18.37,22.32,17.04,19.67,20.8,19.3,28.54,25.46,29.72,11.67,8.86,5.54,6.3,14.43,17.16,22.16,13.9,58.34,15.85,15.52,13.52,16.36,45.26,12.9,20.69,39.22,22.54,45.3,15.03,23.42,16.58,17.02,16.17,15.75,10.56,19.73,13.42,4.81,6.78
14.62,6.22,4.64,27.56,5.46,13.53,1.87,19.82,19.8,2.38,10.45,24.14,6.89,6.34,11.23,22.41,6.32,19.85,24.71,19.56,26.42,39.42,21.69,4.57,18.7,4.04,1.68,2.41,16.06,21.69,17.72,7.56,17.73,1.53,3.25,18.35,1.3,20.42,19.04,1.11,18.72,3.85,6.1,16.08,1.59,20.44,21.34,19.72,20.88,19.37,0.0,7.1,10.68,5.75,19.97,18.34,4.8,21.09,19.97,13.39,17.54,16.82,5.9,18.9,17.54,17.86,9.4,16.55,5.14,16.89,9.75,17.25,9.83,42.25,40.79,42.15,42.63,37.99,39.22,41.19,2.83,6.94,3.01,5.26,13.43,6.84,9.55,2.84,4.42,3.12,4.41,15.41,19.5,1.85,2.8,5.38,3.73,13.88,4.25,10.15,3.15,3.0,5.92,19.03,3.26,4.4,3.93,28.38,25.31,29.57,16.82,20.88,23.09,23.85,16.22,19.15,22.01,13.59,44.67,4.88,15.22,11.72,9.42,45.1,11.54,6.88,39.07,8.74,45.15,14.88,9.61,16.28,16.86,9.89,8.81,13.58,19.58,13.11,22.35,24.33
20.37,3.84,13.67,23.79,11.76,13.04,7.18,10.98,10.97,6.76,6.4,15.3,13.19,4.78,16.98,13.58,12.07,11.01,20.94,10.72,22.65,45.69,12.86,10.32,9.86,4.18,7.42,5.13,6.9,12.86,8.89,1.47,8.9,8.27,4.28,9.52,7.78,11.58,10.2,6.29,9.89,4.88,6.41,7.24,5.89,11.6,12.51,10.88,12.05,10.54,7.1,0.0,4.59,3.41,11.51,9.89,5.72,12.63,11.51,4.13,9.09,8.37,3.56,10.45,9.09,6.61,3.31,8.09,3.49,5.49,3.66,8.79,3.74,48.39,46.93,48.28,48.76,44.13,45.36,47.33,14.88,13.22,13.54,9.53,19.14,13.12,16.32,8.97,13.06,10.48,11.78,21.12,25.64,8.66,8.92,6.78,8.03,4.62,5.34,3.91,8.86,7.67,11.63,12.94,8.97,10.1,8.61,24.59,21.51,25.78,10.73,11.11,14.63,15.4,10.14,13.06,18.22,9.6,50.81,8.32,11.22,7.73,8.84,41.31,7.54,13.16,35.28,15.02,41.36,11.09,15.89,12.28,13.07,11.87,8.23,6.62,15.79,9.12,13.9,15.87
23.95,7.42,17.27,22.45,15.36,12.13,14.77,7.57,4.73,10.34,7.74,10.73,16.78,8.35,20.56,9.0,15.65,6.44,19.6,6.15,21.31,49.29,8.28,13.9,4.88,7.76,11.0,8.7,1.88,8.28,3.59,3.98,3.92,16.21,7.85,4.13,11.36,7.01,6.79,9.87,5.31,8.46,10.01,2.67,9.47,8.19,7.93,6.3,7.47,5.96,10.68,4.59,0.0,9.21,4.51,3.47,9.39,7.78,7.57,4.04,4.24,2.75,7.23,5.6,3.55,3.46,4.72,3.67,7.16,2.2,5.07,2.59,1.85,52.32,50.86,52.22,52.7,48.07,49.29,51.27,18.81,17.15,17.48,13.47,22.8,17.06,20.26,12.9,17.0,14.42,15.71,24.78,29.58,12.33,12.59,10.71,11.7,4.53,9.0,6.44,12.52,11.34,15.3,12.7,12.64,13.77,12.28,23.27,20.19,24.45,10.49,8.48,9.78,10.55,9.9,12.82,16.89,8.63,54.74,12.26,10.25,8.25,12.77,39.99,7.63,17.1,33.95,18.95,40.04,9.77,19.82,11.32,11.75,10.9,12.16,5.29,14.46,8.15,9.05,11.02
19.01,1.83,11.12,20.96,9.21,10.49,5.29,13.24,13.23,5.4,3.86,17.56,10.64,3.42,15.63,15.84,10.72,13.27,18.11,12.98,19.82,43.14,15.12,8.96,12.12,2.83,6.07,3.77,9.48,15.12,11.14,3.94,11.16,10.06,2.92,11.77,6.43,13.84,12.46,4.94,12.15,3.01,3.86,9.5,4.54,13.86,14.77,13.14,14.31,12.8,5.75,3.41,9.21,0.0,13.48,11.85,3.75,14.6,13.48,6.9,11.05,10.33,1.59,12.42,11.05,11.37,5.76,10.06,2.3,10.4,6.11,10.76,8.39,45.89,44.43,45.78,46.26,41.63,42.86,44.83,12.38,10.72,11.04,7.03,17.95,10.62,13.82,6.47,10.56,7.98,9.28,19.93,23.14,7.47,7.73,4.28,6.84,7.39,4.15,6.51,7.67,6.48,10.44,17.59,7.78,8.91,7.42,21.89,18.81,23.07,15.38,14.39,16.6,17.36,14.78,17.71,15.52,7.1,48.31,5.82,8.72,5.23,6.34,38.61,5.04,10.66,32.58,12.52,38.66,8.39,13.39,9.78,10.37,9.37,5.73,7.09,13.09,6.62,15.87,17.84
31.58,14.39,21.51,28.14,19.59,17.82,19.01,4.11,9.23,17.97,14.23,12.72,21.02,15.99,28.19,10.99,23.28,8.43,25.29,8.14,27.0,53.53,10.27,21.53,6.1,15.39,18.63,16.34,7.7,10.27,2.63,10.9,5.14,20.45,15.49,7.77,18.99,9.0,2.01,17.5,7.3,15.58,14.25,5.5,17.1,3.41,9.92,8.29,9.46,7.95,19.97,11.51,4.51,13.48,0.0,6.92,14.79,8.71,3.64,7.1,5.16,3.13,12.63,6.53,6.12,1.28,9.81,4.29,13.34,3.12,10.16,5.83,4.08,55.07,53.61,54.96,55.44,50.81,52.04,54.01,21.56,19.9,20.22,16.21,28.98,19.8,23.0,15.65,19.74,17.16,18.46,30.96,32.32,20.38,18.77,13.46,17.88,7.27,15.18,11.53,18.7,17.52,21.48,12.73,18.82,19.95,18.46,27.69,24.61,28.87,7.36,4.55,10.71,11.47,10.12,12.84,21.31,13.05,57.49,15.0,14.67,12.67,15.52,44.41,12.05,19.84,38.37,21.7,44.46,14.19,22.57,15.73,16.17,15.32,14.91,9.71,18.88,12.57,9.98,11.95
29.95,12.77,19.88,21.35,17.97,11.03,17.39,8.21,1.34,16.34,6.64,9.68,19.4,14.36,26.57,7.96,21.66,4.93,18.5,5.1,20.21,51.9,7.24,19.9,5.51,13.77,17.01,14.71,3.61,7.24,5.42,9.27,4.54,18.82,13.86,2.04,17.36,5.96,7.43,15.88,3.81,13.95,12.63,3.1,15.48,8.83,6.89,5.26,6.43,4.92,18.34,9.89,3.47,11.85,6.92,0.0,14.81,6.68,7.97,7.13,2.79,4.59,12.65,4.5,1.77,5.29,9.83,4.31,13.36,4.32,10.18,1.45,4.67,55.09,53.63,54.99,55.47,50.83,52.06,54.03,21.58,19.92,20.24,16.23,29.01,19.82,23.02,15.67,19.76,17.19,18.48,30.99,32.34,20.4,18.79,13.48,17.9,7.3,15.21,11.55,18.73,17.54,21.5,17.06,18.84,19.97,18.48,22.18,19.11,23.37,11.69,8.88,8.68,9.45,14.45,17.18,15.81,7.54,57.51,15.02,9.17,7.17,15.54,38.9,6.55,19.86,32.87,21.72,38.95,8.68,22.59,10.23,10.66,9.82,14.93,4.21,13.38,7.07,7.95,9.93
17.88,4.13,8.04,23.8,12.05,13.33,3.27,16.08,16.07,4.27,6.7,20.4,13.48,5.73,14.49,18.68,9.59,16.11,20.95,15.82,22.66,45.98,17.96,7.83,14.96,3.81,4.94,3.31,12.32,17.96,13.98,6.25,14.0,5.28,3.01,14.61,5.29,16.68,15.3,3.81,14.99,0.99,4.45,12.34,2.6,16.7,17.61,15.98,17.15,15.64,4.8,5.72,9.39,3.75,14.79,14.81,0.0,17.29,16.17,9.59,13.74,13.02,2.68,15.1,13.74,14.06,7.77,12.75,4.31,13.09,8.12,13.45,8.2,48.57,47.12,48.47,48.95,44.32,45.54,47.52,6.69,13.4,6.48,7.27,16.69,13.31,13.02,4.85,7.89,5.13,6.42,18.67,25.83,6.69,6.47,5.14,5.59,10.08,3.99,8.52,6.41,5.23,9.18,17.4,6.52,7.66,6.16,24.58,21.5,25.76,15.18,17.08,19.29,20.05,14.59,17.51,18.2,9.79,51.0,6.89,11.41,7.92,9.02,41.3,7.73,13.35,35.26,15.2,41.35,11.08,16.08,12.47,13.06,12.06,8.41,9.77,15.77,9.31,18.55,20.53
32.7,15.51,22.63,29.26,20.72,18.94,20.13,10.0,7.94,19.09,15.35,5.01,22.14,17.11,29.31,3.29,24.4,4.89,26.41,3.07,28.12,54.65,2.57,22.65,4.82,16.51,19.75,17.46,7.91,2.57,8.48,12.02,5.62,21.57,16.61,5.8,20.11,2.89,9.22,18.62,4.39,16.7,15.37,5.84,18.22,10.62,1.34,2.7,1.76,3.54,21.09,12.63,7.78,14.6,8.71,6.68,17.29,0.0,9.8,9.8,4.31,6.62,15.33,3.21,5.66,8.3,12.51,6.99,16.04,7.33,12.86,7.15,8.28,57.76,56.31,57.66,58.14,53.51,54.73,56.71,24.26,22.59,22.92,18.91,31.68,22.5,25.7,18.34,22.44,19.86,21.15,33.66,35.02,23.08,21.47,16.15,20.58,9.97,17.88,14.23,21.4,20.22,24.17,18.89,21.52,22.65,21.15,30.39,27.31,31.57,13.52,10.71,4.11,4.88,16.28,19.01,24.01,15.74,60.18,17.7,17.37,15.37,18.21,47.1,14.75,22.54,41.07,24.39,47.15,16.88,25.26,18.43,18.87,18.02,17.6,12.41,21.58,15.27,3.38,5.36
31.58,14.39,21.51,28.14,19.6,17.82,19.01,3.3,9.23,17.97,14.23,12.72,21.02,15.99,28.19,10.99,23.28,8.43,25.29,8.14,27.0,53.53,10.27,21.53,6.1,15.39,18.63,16.34,7.7,10.27,6.66,10.9,5.14,20.45,15.49,7.77,18.99,9.0,2.51,17.5,7.3,15.58,14.25,5.5,17.1,3.92,9.92,8.3,9.46,7.95,19.97,11.51,7.57,13.48,3.64,7.97,16.17,9.8,0.0,5.1,3.16,1.55,10.63,4.52,4.12,2.48,7.81,2.29,11.34,2.84,8.15,3.82,3.79,53.06,51.6,52.96,53.44,48.81,50.03,52.01,19.55,17.89,18.22,14.21,26.98,17.8,21.0,13.64,17.74,15.16,16.45,28.96,30.32,18.37,16.76,11.45,15.88,5.27,13.18,9.53,16.7,15.52,19.47,13.25,16.82,17.95,16.45,25.68,22.61,26.87,7.89,5.08,8.7,9.47,10.65,13.37,19.31,11.04,55.48,12.99,12.67,10.67,13.51,42.4,10.05,17.84,36.37,19.69,42.45,12.18,20.56,13.73,14.17,13.32,12.9,7.71,16.88,10.57,7.97,9.95
25.0,7.81,14.93,21.2,13.02,10.88,12.44,8.4,8.38,11.39,7.65,12.72,14.45,9.41,21.61,10.99,16.7,8.43,18.35,8.14,20.06,46.95,10.27,14.95,7.28,8.81,12.06,9.76,4.32,10.27,6.3,3.52,6.31,13.87,8.91,6.93,12.41,9.0,7.61,10.92,7.3,9.0,7.68,4.66,10.52,9.02,9.92,8.29,9.46,7.95,13.39,4.13,4.04,6.9,7.1,7.13,9.59,9.8,5.1,0.0,6.98,3.65,5.21,8.34,6.98,4.35,2.7,5.99,5.14,3.24,3.05,6.69,1.49,50.31,48.85,50.2,50.68,46.05,47.28,49.25,16.8,15.14,15.46,11.45,20.79,15.04,18.24,10.89,14.98,12.4,13.7,22.77,27.56,10.31,10.57,8.7,9.68,2.51,6.99,4.43,10.51,9.32,13.28,10.69,10.62,11.75,10.26,22.49,19.41,23.67,8.48,8.85,12.52,13.29,7.88,10.81,16.11,7.85,52.73,10.24,9.47,7.47,10.76,39.21,6.85,15.08,33.17,16.94,39.26,8.98,17.81,10.53,10.97,10.12,10.15,4.51,13.68,7.37,11.79,13.77
29.16,11.97,19.08,25.72,17.17,15.39,16.59,6.46,4.05,15.55,11.81,7.22,18.6,13.56,25.77,5.5,20.86,2.47,22.87,2.64,24.58,51.1,4.78,19.11,3.05,12.97,16.21,13.91,4.37,4.78,4.94,8.47,2.08,18.02,13.06,1.91,16.57,3.5,5.68,15.08,1.35,13.15,11.83,2.3,14.68,7.08,4.43,2.8,3.97,2.46,17.54,9.09,4.24,11.05,5.16,2.79,13.74,4.31,3.16,6.98,0.0,3.13,11.84,2.07,1.71,4.81,9.02,3.5,12.55,3.84,9.37,3.0,4.79,54.27,52.82,54.17,54.65,50.02,51.24,53.22,20.77,19.11,19.43,15.42,28.19,19.01,22.21,14.86,18.95,16.37,17.66,30.17,31.53,19.59,17.98,12.67,17.09,6.48,14.39,10.74,17.91,16.73,20.69,15.4,18.03,19.16,17.67,26.9,23.82,28.08,10.03,7.22,6.25,7.02,12.79,15.52,20.52,12.26,56.7,14.21,13.88,11.88,14.72,43.62,11.26,19.05,37.58,20.9,43.66,13.39,21.78,14.94,15.38,14.53,14.11,8.92,18.09,11.78,5.52,7.49
28.43,11.24,18.36,25.0,16.45,14.67,15.87,4.85,5.84,14.82,11.09,9.53,17.88,12.84,25.05,7.81,20.14,5.24,22.14,4.95,23.85,50.38,7.09,18.38,2.92,12.25,15.49,13.19,3.63,7.08,2.15,7.75,1.95,17.3,12.34,4.39,15.84,5.81,2.65,14.36,4.11,12.43,11.11,2.08,13.96,4.05,6.74,5.11,6.28,4.77,16.82,8.37,2.75,10.33,3.13,4.59,13.02,6.62,1.55,3.65,3.13,0.0,10.65,4.48,3.44,2.03,7.83,2.31,11.36,1.35,8.18,3.15,2.3,53.09,51.63,52.98,53.46,48.83,50.06,52.03,19.58,17.92,18.24,14.23,27.01,17.82,21.02,13.67,17.76,15.18,16.48,28.98,30.34,18.4,16.79,11.48,15.9,5.29,13.2,9.55,16.73,15.54,19.5,14.11,16.84,17.97,16.48,25.71,22.63,26.89,8.75,5.94,8.67,9.43,11.51,14.23,19.33,11.07,55.51,13.02,12.69,10.69,13.54,42.43,10.07,17.86,36.39,19.72,42.48,12.21,20.59,13.76,14.19,13.34,12.93,7.73,16.9,10.59,7.93,9.91
19.16,1.97,10.01,21.64,8.1,11.17,4.37,13.92,13.91,5.55,4.54,18.24,9.52,3.57,15.77,16.52,10.86,13.95,18.79,13.66,20.5,42.03,15.8,9.11,12.8,2.97,6.22,3.92,10.16,15.8,11.83,4.09,11.84,6.38,3.07,12.46,6.57,14.52,13.14,5.08,12.83,2.09,1.9,10.18,3.71,14.54,15.45,13.82,14.99,13.48,5.9,3.56,7.23,1.59,12.63,12.65,2.68,15.33,10.63,5.21,11.84,10.65,0.0,12.94,11.58,11.9,5.61,10.59,2.15,10.93,5.96,11.29,6.04,44.81,43.35,44.71,45.19,40.56,41.78,43.76,11.3,9.64,9.97,5.34,17.79,9.55,12.75,4.78,9.48,6.3,7.59,19.77,22.06,7.32,7.57,2.59,6.69,7.92,3.99,6.36,7.51,6.33,10.28,15.24,7.63,8.76,7.26,22.42,19.34,23.6,13.02,14.92,17.13,17.89,12.43,15.35,16.04,7.63,47.23,4.13,9.25,5.76,5.26,39.14,5.57,9.59,33.1,11.44,39.19,8.92,12.31,10.31,10.9,9.9,4.65,7.62,13.61,7.15,16.39,18.37
30.52,13.33,20.44,27.08,18.53,16.75,17.95,7.82,5.76,16.91,13.17,6.12,19.96,14.92,27.13,4.4,22.22,2.28,24.23,1.54,25.94,52.47,3.68,20.47,2.63,14.33,17.57,15.28,5.73,3.67,6.3,9.83,3.44,19.39,14.42,3.62,17.93,2.4,7.04,16.44,2.18,14.52,13.19,3.66,16.04,8.44,3.33,1.7,2.87,1.36,18.9,10.45,5.6,12.42,6.53,4.5,15.1,3.21,4.52,8.34,2.07,4.48,12.94,0.0,3.52,6.16,10.37,4.85,13.9,5.19,10.72,5.01,6.14,55.63,54.17,55.52,56.0,51.37,52.6,54.57,22.12,20.46,20.78,16.77,29.55,20.36,23.56,16.21,20.3,17.72,19.02,31.53,32.88,20.94,19.33,14.02,18.44,7.83,15.74,12.09,19.27,18.08,22.04,16.75,19.38,20.51,19.02,28.25,25.17,29.43,11.38,8.58,5.15,5.92,14.14,16.87,21.87,13.61,58.05,15.56,15.23,13.23,16.08,44.97,12.61,20.4,38.93,22.26,45.02,14.75,23.13,16.3,16.73,15.88,15.47,10.27,19.44,13.13,4.42,6.39
29.16,11.97,19.08,25.72,17.17,15.39,16.59,7.41,3.03,15.55,11.81,8.57,18.6,13.56,25.77,6.85,20.86,3.82,22.87,3.99,24.57,51.1,6.13,19.1,4.39,12.97,16.21,13.91,3.69,6.12,4.62,8.47,3.43,18.02,13.06,1.29,16.57,4.85,6.63,15.08,2.7,13.15,11.83,2.3,14.68,8.03,5.78,4.15,5.32,3.81,17.54,9.09,3.55,11.05,6.12,1.77,13.74,5.66,4.12,6.98,1.71,3.44,11.58,3.52,0.0,4.46,8.99,3.48,12.53,3.49,9.34,1.95,4.44,54.25,52.79,54.15,54.63,50.0,51.22,53.2,20.74,19.08,19.41,15.39,28.17,18.99,22.19,14.83,18.93,16.35,17.64,30.15,31.5,19.56,17.95,12.64,17.07,6.46,14.37,10.72,17.89,16.71,20.66,16.22,18.0,19.14,17.64,26.87,23.79,28.05,10.85,8.05,7.64,8.41,13.61,16.34,20.5,12.23,56.67,14.18,13.86,11.85,14.7,43.59,11.24,19.03,37.56,20.88,43.64,13.37,21.75,14.92,15.35,14.5,14.09,8.9,18.07,11.75,6.91,8.89
29.47,12.28,19.4,26.03,17.49,15.71,16.9,5.78,6.55,15.86,12.12,11.21,18.91,13.88,26.08,9.49,21.17,6.92,23.18,6.63,24.89,51.42,8.77,19.42,4.42,13.28,16.52,14.23,4.33,8.76,1.3,5.99,3.45,18.34,13.38,5.09,16.88,7.49,3.02,15.39,5.8,13.47,12.14,3.15,14.99,4.42,8.42,6.79,7.96,6.45,17.86,6.61,3.46,11.37,1.28,5.29,14.06,8.3,2.48,4.35,4.81,2.03,11.9,6.16,4.46,0.0,8.93,3.41,12.46,2.08,9.28,4.25,3.04,54.18,52.73,54.08,54.56,49.93,51.15,53.13,20.68,19.01,19.34,15.33,28.1,18.92,22.12,14.76,18.86,16.28,17.57,30.08,31.44,19.5,17.89,12.57,17.0,6.39,14.3,10.65,17.82,16.64,20.59,13.84,17.94,19.07,17.57,26.81,23.73,27.99,8.48,5.67,10.4,11.17,11.24,13.96,20.43,12.16,56.6,14.12,13.79,11.79,14.63,43.52,11.17,18.96,37.49,20.81,43.57,13.3,21.68,14.85,15.29,14.44,14.02,8.83,18.0,11.69,9.67,11.65
22.67,6.14,17.63,23.91,15.72,13.58,9.48,11.1,11.09,9.06,10.36,15.42,17.15,7.07,19.28,13.7,14.37,11.13,21.06,10.84,22.77,49.66,12.98,12.62,9.98,6.48,9.72,7.43,7.02,12.98,9.0,2.7,9.01,10.57,6.57,9.63,10.08,11.7,10.32,8.59,10.01,7.18,10.38,7.36,8.19,11.72,12.63,11.0,12.17,10.66,9.4,3.31,4.72,5.76,9.81,9.83,7.77,12.51,7.81,2.7,9.02,7.83,5.61,10.37,8.99,8.93,0.0,8.15,5.86,5.55,3.02,8.85,3.8,52.47,51.01,52.36,52.84,48.21,49.44,51.41,18.96,17.3,17.62,13.61,21.5,17.2,20.4,13.05,17.14,14.56,15.86,23.48,29.72,11.02,11.28,10.86,10.4,4.67,7.7,5.26,11.22,10.04,13.99,12.99,11.33,12.47,10.97,24.65,21.57,25.83,10.78,11.16,14.68,15.45,10.19,13.11,18.27,10.01,54.89,12.4,11.63,9.63,12.92,41.37,9.01,17.24,35.33,19.1,41.42,11.14,19.97,12.69,13.13,12.28,12.31,6.67,15.84,9.53,13.95,15.93
28.16,10.97,18.09,24.72,16.18,14.4,15.6,5.58,5.57,14.55,10.81,9.9,17.61,12.57,24.78,8.18,19.87,5.61,21.87,5.32,23.58,50.11,7.46,18.11,4.46,11.98,15.22,12.92,4.04,7.46,3.49,7.48,3.5,17.03,12.07,4.12,15.57,6.18,4.8,14.09,4.49,12.16,10.84,1.84,13.69,6.2,7.11,5.48,6.65,5.14,16.55,8.09,3.67,10.06,4.29,4.31,12.75,6.99,2.29,5.99,3.5,2.31,10.59,4.85,3.48,3.41,8.15,0.0,9.05,7.23,5.87,7.59,4.3,50.77,49.32,50.67,51.15,46.52,47.74,49.72,17.27,15.6,15.93,11.92,24.69,15.51,18.71,11.35,15.45,12.87,14.16,26.67,28.03,16.09,14.48,9.16,13.59,2.98,10.89,7.24,14.41,13.23,17.18,13.5,14.53,15.66,14.16,23.4,20.32,24.58,11.29,11.22,13.43,14.2,10.7,13.62,17.02,8.75,53.19,10.71,10.38,8.38,11.22,40.12,7.76,15.55,34.08,17.4,40.16,9.89,18.27,11.44,11.88,11.03,10.61,5.42,14.59,8.28,12.7,14.68
18.41,2.68,12.51,22.35,10.6,11.88,5.22,14.63,14.62,4.8,5.25,18.95,12.03,1.7,15.02,17.23,10.11,14.66,19.5,14.37,21.21,44.53,16.51,8.36,13.51,2.22,5.46,3.17,10.87,16.51,12.53,4.02,12.55,6.32,2.32,13.16,5.82,15.23,13.85,4.33,13.54,3.72,5.26,10.89,3.93,15.25,16.16,14.53,15.7,14.19,5.14,3.49,7.16,2.3,13.34,13.36,4.31,16.04,11.34,5.14,12.55,11.36,2.15,13.9,12.53,12.46,5.86,9.05,0.0,11.67,6.19,12.03,6.27,47.16,45.7,47.06,47.54,42.9,44.13,46.1,7.66,11.99,12.32,8.3,17.21,11.89,15.09,7.74,11.83,9.26,10.55,19.19,24.41,6.73,6.99,5.55,6.11,8.66,3.41,6.59,6.93,5.75,9.7,15.47,7.04,8.18,6.68,23.16,20.08,24.34,13.26,15.66,17.87,18.64,12.66,15.59,16.79,8.37,49.58,7.09,10.0,6.5,7.61,39.88,6.32,11.94,33.85,13.79,39.93,9.66,14.66,11.06,11.64,10.64,7.0,8.36,14.36,7.89,17.14,19.11
28.5,11.31,18.43,25.06,16.52,14.74,15.93,6.14,5.58,14.89,11.15,10.24,17.94,12.91,25.11,8.52,20.2,5.95,22.21,5.66,23.92,50.45,7.8,18.45,5.02,12.31,15.55,13.26,3.08,7.8,2.16,4.88,4.05,17.37,12.41,4.12,15.91,6.52,5.35,14.42,4.83,12.5,11.17,2.18,14.02,6.76,7.45,5.82,6.99,5.48,16.89,5.49,2.2,10.4,3.12,4.32,13.09,7.33,2.84,3.24,3.84,1.35,10.93,5.19,3.49,2.08,5.55,7.23,11.67,0.0,8.18,3.15,2.08,53.08,51.63,52.98,53.46,48.83,50.05,52.03,19.58,17.91,18.24,14.23,27.0,17.82,21.02,13.66,17.76,15.18,16.47,28.98,30.34,18.4,16.78,11.47,15.9,5.29,13.2,9.55,16.72,15.54,19.49,15.81,16.84,17.97,16.47,25.71,22.63,26.89,10.29,7.49,9.3,10.07,13.0,15.93,19.33,11.06,55.5,13.02,12.69,10.69,13.53,42.42,10.07,17.86,36.39,19.71,42.47,12.2,20.58,13.75,14.19,13.34,12.92,7.73,16.9,10.59,8.57,10.55
23.02,6.49,17.98,24.26,16.07,13.93,9.83,11.45,11.44,9.41,10.71,15.77,17.5,7.42,19.63,14.05,14.72,11.48,21.41,11.19,23.12,50.0,13.33,12.97,10.33,6.83,10.07,7.77,7.37,13.32,9.35,3.05,9.36,10.92,6.92,9.98,10.43,12.05,10.67,8.94,10.35,7.53,10.73,7.71,8.54,12.07,12.98,11.35,12.52,11.01,9.75,3.66,5.07,6.11,10.16,10.18,8.12,12.86,8.15,3.05,9.37,8.18,5.96,10.72,9.34,9.28,3.02,5.87,6.19,8.18,0.0,9.2,4.15,52.82,51.36,52.72,53.2,48.57,49.79,51.77,19.31,17.65,17.98,13.96,21.85,17.55,20.76,13.4,17.49,14.92,16.21,23.83,30.07,11.38,11.64,11.21,10.75,5.03,8.05,5.61,11.57,10.39,14.34,13.35,11.69,12.82,11.32,25.0,21.92,26.18,11.14,11.51,15.04,15.8,10.54,13.47,18.62,10.36,55.24,12.75,11.99,9.98,13.27,41.72,9.37,17.6,35.68,19.45,41.77,11.5,20.32,13.05,13.48,12.63,12.66,7.03,16.2,9.88,14.3,16.28
28.86,11.67,18.79,23.29,16.88,12.96,16.29,7.12,2.71,15.25,11.51,10.06,18.31,13.27,25.47,8.34,20.56,5.11,20.44,5.49,22.15,50.81,7.62,18.81,4.22,12.67,15.92,13.62,2.72,7.62,4.32,8.18,3.25,17.73,12.77,2.22,16.27,6.35,6.33,14.78,3.99,12.86,11.53,2.01,14.38,7.74,7.27,5.64,6.81,5.3,17.25,8.79,2.59,10.76,5.83,1.45,13.45,7.15,3.82,6.69,3.0,3.15,11.29,5.01,1.95,4.25,8.85,7.59,12.03,3.15,9.2,0.0,4.18,53.99,52.54,53.89,54.37,49.74,50.96,52.94,20.49,18.83,19.15,15.14,27.91,18.73,21.93,14.58,18.67,16.09,17.38,29.89,31.25,19.31,17.7,12.39,16.81,6.2,14.11,10.46,17.63,16.45,20.41,15.96,17.75,18.88,17.39,24.12,21.04,25.3,10.6,7.79,9.09,9.86,13.36,16.08,17.74,9.48,56.42,13.93,11.1,9.1,14.44,40.84,8.48,18.77,34.8,20.62,40.89,10.61,21.5,12.16,12.6,11.75,13.83,6.14,15.31,9.0,8.36,10.34
23.1,6.57,16.42,22.7,14.51,12.37,13.93,7.09,5.92,9.49,9.14,11.19,15.94,7.51,19.71,9.47,14.8,6.9,19.84,6.61,21.55,48.44,8.75,13.05,5.97,6.91,10.15,7.86,3.08,8.75,3.11,3.13,5.0,15.36,7.01,5.08,10.51,7.47,6.31,9.02,5.78,7.61,9.17,3.13,8.62,7.71,8.4,6.77,7.94,6.43,9.83,3.74,1.85,8.39,4.08,4.67,8.2,8.28,3.79,1.49,4.79,2.3,6.04,6.14,4.44,3.04,3.8,4.3,6.27,2.08,4.15,4.18,0.0,51.42,49.97,51.32,51.8,47.17,48.39,50.37,17.92,16.25,16.58,12.57,21.91,16.16,19.36,12.0,16.1,13.52,14.81,23.88,28.68,11.43,11.69,9.81,10.8,3.63,8.1,5.54,11.62,10.44,14.4,11.81,11.74,12.87,11.38,23.61,20.53,24.79,9.59,8.42,10.24,11.01,9.0,11.92,17.23,8.96,53.84,11.36,10.59,8.59,11.87,40.32,7.97,16.2,34.29,18.05,40.37,10.1,18.92,11.65,12.09,11.24,11.26,5.63,14.8,8.49,9.51,11.48
46.11,46.8,39.13,64.1,37.57,50.07,42.75,56.36,56.34,44.35,46.99,60.68,38.99,48.4,47.37,58.96,48.57,56.39,61.25,56.1,62.96,4.16,58.23,46.82,55.24,47.8,43.92,44.38,52.6,58.23,54.26,48.92,54.27,42.15,47.9,54.89,43.55,56.96,55.58,43.08,55.26,47.99,43.25,52.62,43.56,56.98,57.88,56.26,57.42,55.91,42.25,48.39,52.32,45.89,55.07,55.09,48.57,57.76,53.06,50.31,54.27,53.09,44.81,55.63,54.25,54.18,52.47,50.77,47.16,53.08,52.82,53.99,51.42,0.0,2.23,3.59,4.07,5.31,3.03,1.13,40.65,38.62,39.31,39.25,44.91,38.52,32.93,41.67,38.83,41.04,40.76,46.89,34.49,44.03,44.98,43.92,45.55,50.19,49.12,54.13,45.32,44.65,46.3,60.39,45.44,46.57,45.59,64.7,61.62,65.88,58.18,57.19,59.4,60.17,57.58,60.51,58.32,49.9,3.36,41.85,51.53,48.03,45.74,81.42,47.85,38.56,75.38,40.39,81.47,51.19,41.29,52.59,53.18,46.21,45.13,49.89,55.89,49.43,58.67,60.64
44.66,45.34,37.67,62.64,36.11,48.61,41.29,54.9,54.89,42.89,45.53,59.22,37.54,46.94,45.91,57.5,47.12,54.93,59.79,54.64,61.5,2.7,56.78,45.36,53.78,46.34,42.47,42.92,51.14,56.77,52.8,47.46,52.81,40.69,46.44,53.43,42.09,55.5,54.12,41.62,53.8,46.53,41.8,51.16,42.11,55.52,56.43,54.8,55.97,54.46,40.79,46.93,50.86,44.43,53.61,53.63,47.12,56.31,51.6,48.85,52.82,51.63,43.35,54.17,52.79,52.73,51.01,49.32,45.7,51.63,51.36,52.54,49.97,2.23,0.0,1.36,1.84,3.86,1.57,1.18,39.19,37.16,37.85,37.79,43.45,37.06,31.47,40.21,37.37,39.59,39.3,45.43,33.04,42.57,43.52,42.46,44.09,48.73,47.67,52.67,43.86,43.2,44.85,58.93,43.98,45.11,44.13,63.24,60.16,64.42,56.72,55.73,57.94,58.71,56.13,59.05,56.86,48.45,4.65,40.39,50.07,46.58,44.28,79.96,46.39,37.1,73.92,38.93,80.01,49.74,39.83,51.13,51.72,44.75,43.67,48.43,54.43,47.97,57.21,59.18
46.01,46.7,39.02,63.99,37.46,49.97,42.65,56.26,56.24,44.25,46.89,60.57,38.89,48.29,47.27,58.85,48.47,56.29,61.14,56.0,62.85,4.06,58.13,46.72,55.14,47.7,43.82,44.27,52.5,58.13,54.16,48.81,54.17,42.05,47.79,54.79,43.45,56.86,55.47,42.98,55.16,47.88,43.15,52.52,43.46,56.87,57.78,56.15,57.32,55.81,42.15,48.28,52.22,45.78,54.96,54.99,48.47,57.66,52.96,50.2,54.17,52.98,44.71,55.52,54.15,54.08,52.36,50.67,47.06,52.98,52.72,53.89,51.32,3.59,1.36,0.0,2.71,5.21,2.93,2.53,40.55,38.51,39.21,39.15,44.8,38.42,32.83,41.56,38.73,40.94,40.65,46.78,34.39,43.92,44.88,43.81,45.45,50.09,49.02,54.02,45.22,44.55,46.2,60.29,45.33,46.47,45.49,64.6,61.52,65.78,58.08,57.09,59.3,60.06,57.48,60.41,58.22,49.8,6.01,41.75,51.43,47.93,45.64,81.31,47.75,38.46,75.28,40.29,81.36,51.09,41.18,52.49,53.08,46.11,45.03,49.79,55.79,49.32,58.56,60.54
46.49,47.18,39.5,64.48,37.94,50.45,43.13,56.74,56.72,44.73,47.37,61.05,39.37,48.77,47.75,59.33,48.95,56.77,61.62,56.48,63.33,4.54,58.61,47.2,55.62,48.18,44.3,44.75,52.98,58.61,54.64,49.29,54.65,42.53,48.27,55.27,43.93,57.34,55.95,43.46,55.64,48.36,43.63,53.0,43.94,57.35,58.26,56.63,57.8,56.29,42.63,48.76,52.7,46.26,55.44,55.47,48.95,58.14,53.44,50.68,54.65,53.46,45.19,56.0,54.63,54.56,52.84,51.15,47.54,53.46,53.2,54.37,51.8,4.07,1.84,2.71,0.0,5.69,3.41,3.01,41.03,38.99,39.69,39.63,45.28,38.9,33.31,42.04,39.21,41.42,41.13,47.26,34.87,44.4,45.36,44.29,45.93,50.57,49.5,54.5,45.7,45.03,46.68,60.77,45.81,46.95,45.97,65.08,62.0,66.26,58.56,57.57,59.78,60.54,57.96,60.89,58.7,50.28,6.49,42.23,51.91,48.41,46.12,81.79,48.23,38.94,75.76,40.77,81.84,51.57,41.66,52.97,53.56,46.59,45.51,50.27,56.27,49.8,59.04,61.02
41.86,42.54,34.87,59.84,33.31,45.81,38.5,52.1,52.09,40.1,42.73,56.42,34.74,44.14,43.12,54.7,44.32,52.13,56.99,51.84,58.7,2.56,53.98,42.57,50.98,43.54,39.67,40.12,48.34,53.98,50.0,44.66,50.02,37.9,43.64,50.63,39.3,52.7,51.32,38.83,51.01,43.73,39.0,48.36,39.31,52.72,53.63,52.0,53.17,51.66,37.99,44.13,48.07,41.63,50.81,50.83,44.32,53.51,48.81,46.05,50.02,48.83,40.56,51.37,50.0,49.93,48.21,46.52,42.9,48.83,48.57,49.74,47.17,5.31,3.86,5.21,5.69,0.0,2.28,4.26,36.39,34.36,35.06,34.99,40.65,34.27,28.67,37.41,34.58,36.79,36.5,42.63,30.24,39.77,40.72,39.66,41.3,45.94,44.87,49.87,41.07,40.4,42.05,56.14,41.18,42.32,41.33,60.44,57.36,61.62,53.92,52.94,55.14,55.91,53.33,56.25,54.07,45.65,7.73,37.6,47.28,43.78,41.49,77.16,43.6,34.31,71.13,36.13,77.21,46.94,37.03,48.34,48.92,41.96,40.88,45.64,51.64,45.17,54.41,56.39
43.08,43.77,36.09,61.07,34.54,47.04,39.72,53.33,53.31,41.32,43.96,57.65,35.96,45.36,44.34,55.92,45.54,53.36,58.22,53.07,59.93,1.13,55.2,43.79,52.21,44.77,40.89,41.35,49.57,55.2,51.23,45.89,51.24,39.12,44.86,51.86,40.52,53.93,52.55,40.05,52.23,44.96,40.22,49.59,40.53,53.95,54.85,53.23,54.39,52.88,39.22,45.36,49.29,42.86,52.04,52.06,45.54,54.73,50.03,47.28,51.24,50.06,41.78,52.6,51.22,51.15,49.44,47.74,44.13,50.05,49.79,50.96,48.39,3.03,1.57,2.93,3.41,2.28,0.0,1.98,37.62,35.59,36.28,36.22,41.88,35.49,29.9,38.64,35.8,38.01,37.73,43.86,31.46,41.0,41.95,40.89,42.52,47.16,46.09,51.1,42.29,41.62,43.27,57.36,42.41,43.54,42.56,61.67,58.59,62.85,55.15,54.16,56.37,57.13,54.55,57.48,55.29,46.87,5.45,38.82,48.5,45.0,42.71,78.39,44.82,35.53,72.35,37.36,78.44,48.16,38.26,49.56,50.15,43.18,42.1,46.86,52.86,46.4,55.64,57.61
45.06,45.74,38.07,63.04,36.51,49.01,41.7,55.3,55.29,43.3,45.93,59.62,37.94,47.34,46.32,57.9,47.52,55.33,60.19,55.04,61.9,3.1,57.18,45.77,54.18,46.74,42.87,43.32,51.54,57.18,53.2,47.86,53.22,41.1,46.84,53.83,42.5,55.9,54.52,42.03,54.21,46.93,42.2,51.56,42.51,55.92,56.83,55.2,56.37,54.86,41.19,47.33,51.27,44.83,54.01,54.03,47.52,56.71,52.01,49.25,53.22,52.03,43.76,54.57,53.2,53.13,51.41,49.72,46.1,52.03,51.77,52.94,50.37,1.13,1.18,2.53,3.01,4.26,1.98,0.0,39.59,37.56,38.26,38.19,43.85,37.47,31.87,40.61,37.78,39.99,39.7,45.83,33.44,42.97,43.92,42.86,44.5,49.14,48.07,53.07,44.27,43.6,45.25,59.34,44.38,45.52,44.53,63.64,60.56,64.82,57.12,56.14,58.34,59.11,56.53,59.45,57.27,48.85,3.55,40.8,50.48,46.98,44.69,80.36,46.8,37.51,74.33,39.33,80.41,50.14,40.23,51.54,52.12,45.16,44.08,48.84,54.84,48.37,57.61,59.59
17.45,13.29,3.12,30.59,3.94,16.56,3.73,22.85,22.84,4.94,13.48,27.17,5.37,8.89,14.07,25.45,9.16,22.88,27.74,22.59,29.45,37.9,24.73,7.4,21.73,6.6,4.51,4.96,19.09,24.72,20.75,15.41,20.76,2.74,5.8,21.38,4.13,23.45,22.07,3.67,21.75,5.7,9.75,19.11,4.15,23.47,24.38,22.75,23.92,22.41,2.83,14.88,18.81,12.38,21.56,21.58,6.69,24.26,19.55,16.8,20.77,19.58,11.3,22.12,20.74,20.68,18.96,17.27,7.66,19.58,19.31,20.49,17.92,40.65,39.19,40.55,41.03,36.39,37.62,39.59,0.0,5.49,1.56,5.29,16.34,5.39,8.1,4.2,2.97,3.29,3.01,18.32,18.05,4.76,5.71,6.74,6.29,17.09,6.81,21.03,6.06,5.39,8.83,27.29,6.17,7.3,6.32,31.6,28.52,32.78,25.08,24.09,26.3,27.07,24.48,27.41,25.22,16.8,43.22,6.24,18.43,14.93,12.64,48.32,14.75,5.43,42.28,7.29,48.37,18.09,8.16,19.49,20.08,13.11,12.03,16.79,22.79,16.33,25.57,27.54
21.56,11.63,3.82,28.93,1.9,14.9,7.44,21.19,21.18,9.04,11.82,25.51,2.07,13.23,18.17,23.79,13.26,21.22,26.08,20.93,27.79,35.86,23.07,11.51,20.07,12.63,8.61,9.07,17.43,23.06,19.09,13.75,19.1,6.84,12.73,19.72,8.24,21.79,20.41,7.77,20.09,9.42,8.08,17.45,8.25,21.81,22.71,21.09,22.25,20.74,6.94,13.22,17.15,10.72,19.9,19.92,13.4,22.59,17.89,15.14,19.11,17.92,9.64,20.46,19.08,19.01,17.3,15.6,11.99,17.91,17.65,18.83,16.25,38.62,37.16,38.51,38.99,34.36,35.59,37.56,5.49,0.0,4.15,4.09,20.44,3.26,6.46,6.51,3.67,5.88,5.6,22.42,16.37,8.87,9.82,8.78,10.39,15.06,13.99,18.99,10.16,9.49,12.93,25.26,10.28,11.41,10.43,29.56,26.49,30.75,23.05,22.06,24.27,25.03,22.45,25.38,23.19,14.77,41.54,6.69,16.4,12.9,10.61,46.28,12.72,3.07,40.25,5.26,46.33,16.06,5.58,17.46,18.05,11.08,10.0,14.76,20.76,14.29,23.53,25.51
17.63,11.95,1.78,29.25,2.6,15.23,3.52,21.51,21.5,5.12,12.15,25.83,4.03,13.55,14.25,24.11,9.34,21.54,26.4,21.25,28.11,36.56,23.39,7.58,20.39,6.78,4.69,5.14,17.75,23.39,19.42,14.07,19.43,2.92,5.98,20.05,4.31,22.11,20.73,3.84,20.42,5.49,8.41,17.77,4.33,22.13,23.04,21.41,22.58,21.07,3.01,13.54,17.48,11.04,20.22,20.24,6.48,22.92,18.22,15.46,19.43,18.24,9.97,20.78,19.41,19.34,17.62,15.93,12.32,18.24,17.98,19.15,16.58,39.31,37.85,39.21,39.69,35.06,36.28,38.26,1.56,4.15,0.0,3.95,16.52,4.06,6.77,2.87,1.64,1.96,1.67,18.5,16.72,4.94,5.89,5.41,6.46,15.75,6.99,19.69,6.24,5.57,9.01,25.95,6.35,7.48,6.5,30.26,27.18,31.44,23.74,22.75,24.96,25.73,23.15,26.07,23.89,15.47,41.88,4.91,17.09,13.6,11.31,46.98,13.41,4.1,40.95,5.95,47.03,16.76,6.82,18.16,18.74,11.78,10.7,15.46,21.46,14.99,24.23,26.21
19.88,7.94,3.62,25.24,2.54,11.21,4.3,17.5,17.49,7.36,8.13,21.82,3.97,9.54,16.49,20.1,11.58,17.53,22.39,17.24,24.1,36.5,19.38,9.83,16.38,8.94,6.93,7.39,13.74,19.38,15.4,10.06,15.41,5.74,7.36,16.03,6.56,18.1,16.72,6.09,16.41,6.28,3.79,13.76,6.57,18.12,19.03,17.4,18.57,17.06,5.26,9.53,13.47,7.03,16.21,16.23,7.27,18.91,14.21,11.45,15.42,14.23,5.34,16.77,15.39,15.33,13.61,11.92,8.3,14.23,13.96,15.14,12.57,39.25,37.79,39.15,39.63,34.99,36.22,38.19,5.29,4.09,3.95,0.0,18.72,3.99,7.19,2.42,3.47,3.93,5.22,20.7,16.65,7.15,8.1,3.1,8.67,11.6,8.33,15.53,8.44,7.78,11.22,21.8,8.56,9.69,8.71,26.1,23.03,27.29,19.58,18.6,20.81,21.57,18.99,21.92,19.73,11.31,41.82,2.6,12.94,9.44,7.14,42.82,9.26,4.03,36.79,5.89,42.87,12.6,6.76,14.0,14.58,7.61,6.53,11.3,17.3,10.83,20.07,22.05
1.19,18.32,18.07,38.0,18.89,27.52,15.3,30.28,30.26,13.54,20.89,34.6,20.32,18.45,10.58,32.87,8.95,30.31,35.15,30.02,36.86,42.15,32.15,9.63,29.16,16.15,11.89,14.51,26.52,32.15,28.18,19.67,28.19,14.96,15.36,28.81,13.43,30.88,29.49,13.15,29.18,15.7,19.53,26.54,14.51,30.9,31.8,30.17,31.34,29.83,13.43,19.14,22.8,17.95,28.98,29.01,16.69,31.68,26.98,20.79,28.19,27.01,17.79,29.55,28.17,28.1,21.5,24.69,17.21,27.0,21.85,27.91,21.91,44.91,43.45,44.8,45.28,40.65,41.88,43.85,16.34,20.44,16.52,18.72,0.0,20.27,22.38,16.27,17.85,16.55,17.84,1.98,22.16,14.5,13.99,18.81,14.86,24.3,16.33,22.23,11.38,12.4,7.79,31.1,10.17,12.63,12.97,38.8,35.72,39.98,28.89,31.3,33.51,34.27,28.3,31.22,32.42,24.01,47.34,18.31,25.63,22.14,22.84,55.52,21.95,20.31,49.48,22.17,55.57,25.3,23.04,26.69,27.28,23.32,22.23,23.99,29.99,23.53,32.77,34.75
21.46,11.53,3.72,28.83,1.81,14.8,7.34,21.09,21.08,8.95,11.72,25.41,2.24,13.13,18.08,23.69,13.17,21.12,25.98,20.83,27.69,35.77,22.97,11.41,19.97,12.53,8.52,8.97,17.33,22.97,18.99,13.65,19.0,6.75,12.63,19.62,8.14,21.69,20.31,7.67,20.0,9.32,7.99,17.35,8.16,21.71,22.62,20.99,22.16,20.65,6.84,13.12,17.06,10.62,19.8,19.82,13.31,22.5,17.8,15.04,19.01,17.82,9.55,20.36,18.99,18.92,17.2,15.51,11.89,17.82,17.55,18.73,16.16,38.52,37.06,38.42,38.9,34.27,35.49,37.47,5.39,3.26,4.06,3.99,20.27,0.0,3.2,6.41,2.72,5.79,5.5,22.33,16.27,8.77,9.72,8.69,10.29,14.96,13.89,18.9,10.07,9.4,12.84,25.16,10.18,11.31,10.33,29.47,26.39,30.65,22.95,21.96,24.17,24.94,22.36,25.28,23.09,14.67,41.44,6.59,16.3,12.81,10.51,46.19,12.62,3.2,40.15,5.16,46.24,15.97,5.93,17.36,17.95,10.98,9.9,14.66,20.66,14.2,23.44,25.41
23.58,14.73,6.43,32.03,5.01,18.0,10.06,24.29,24.28,11.66,14.92,28.61,5.44,16.33,20.79,26.89,15.88,24.32,29.18,24.03,30.89,30.18,26.17,14.12,23.17,15.73,11.23,11.68,20.53,26.17,22.19,16.85,22.21,9.46,15.83,22.82,10.85,24.89,23.51,10.39,23.2,12.03,11.19,20.55,10.87,24.91,25.82,24.19,25.36,23.85,9.55,16.32,20.26,13.82,23.0,23.02,13.02,25.7,21.0,18.24,22.21,21.02,12.75,23.56,22.19,22.12,20.4,18.71,15.09,21.02,20.76,21.93,19.36,32.93,31.47,32.83,33.31,28.67,29.9,31.87,8.1,6.46,6.77,7.19,22.38,3.2,0.0,9.41,5.33,8.5,8.21,24.36,11.98,11.48,12.43,11.89,13.01,18.16,17.1,22.1,12.78,12.11,15.55,28.36,12.89,14.02,13.04,32.67,29.59,33.85,26.15,25.16,27.37,28.14,25.56,28.48,26.29,17.88,37.4,9.8,19.5,16.01,13.71,49.39,15.82,6.4,43.35,8.36,49.44,19.17,9.13,20.56,21.15,14.18,13.1,17.87,23.86,17.4,26.64,28.62
17.46,7.38,4.42,24.68,4.95,10.65,1.89,16.94,16.93,4.95,7.57,21.26,6.38,8.98,14.08,19.54,9.17,16.97,21.83,16.68,23.54,38.91,18.82,7.41,15.82,5.73,4.52,4.97,13.18,18.81,14.84,9.5,14.85,3.32,4.94,15.47,4.14,17.54,16.16,3.67,15.84,3.86,3.22,13.2,4.16,17.56,18.46,16.84,18.0,16.5,2.84,8.97,12.9,6.47,15.65,15.67,4.85,18.34,13.64,10.89,14.86,13.67,4.78,16.21,14.83,14.76,13.05,11.35,7.74,13.66,13.4,14.58,12.0,41.67,40.21,41.56,42.04,37.41,38.64,40.61,4.2,6.51,2.87,2.42,16.27,6.41,9.41,0.0,4.28,1.52,2.81,18.29,19.07,4.73,5.68,2.54,6.26,11.04,5.91,14.97,6.03,5.36,8.8,21.24,6.14,7.27,6.29,25.54,22.46,26.72,19.02,18.03,20.24,21.01,18.43,21.35,19.17,10.75,44.24,2.04,12.38,8.88,6.57,42.26,8.7,6.45,36.23,8.31,42.31,12.04,9.18,13.44,14.02,7.04,5.96,10.74,16.74,10.27,19.51,21.49
19.05,11.47,1.3,28.77,2.12,14.74,4.93,21.03,21.02,6.53,11.66,25.35,3.55,13.07,15.66,23.63,10.75,21.06,25.92,20.77,27.63,36.08,22.91,9.0,19.91,12.47,6.1,6.55,17.27,22.91,18.93,13.59,18.94,4.33,7.4,19.56,5.73,21.63,20.25,5.26,19.94,6.9,7.93,17.29,5.74,21.65,22.56,20.93,22.1,20.59,4.42,13.06,17.0,10.56,19.74,19.76,7.89,22.44,17.74,14.98,18.95,17.76,9.48,20.3,18.93,18.86,17.14,15.45,11.83,17.76,17.49,18.67,16.1,38.83,37.37,38.73,39.21,34.58,35.8,37.78,2.97,3.67,1.64,3.47,17.85,2.72,5.33,4.28,0.0,3.37,3.08,19.91,16.23,6.35,7.3,6.57,7.88,15.27,8.4,19.21,7.65,6.98,10.42,25.47,7.76,8.9,7.91,29.78,26.7,30.96,23.26,22.27,24.48,25.25,22.67,25.59,23.4,14.99,41.4,6.07,16.61,13.12,10.82,46.5,12.93,3.62,40.46,5.47,46.55,16.28,6.34,17.67,18.26,11.29,10.21,14.97,20.97,14.51,23.75,25.72
17.74,8.9,3.51,26.2,4.33,12.16,2.16,18.46,18.44,5.22,9.09,22.77,5.76,10.49,14.35,21.05,9.44,18.49,23.34,18.2,25.05,38.29,20.33,7.69,17.34,6.01,4.79,5.25,14.7,20.33,16.36,11.01,16.37,3.6,5.22,16.99,4.42,19.06,17.67,3.95,17.36,4.14,4.74,14.72,4.43,19.07,19.98,18.35,19.52,18.01,3.12,10.48,14.42,7.98,17.16,17.19,5.13,19.86,15.16,12.4,16.37,15.18,6.3,17.72,16.35,16.28,14.56,12.87,9.26,15.18,14.92,16.09,13.52,41.04,39.59,40.94,41.42,36.79,38.01,39.99,3.29,5.88,1.96,3.93,16.55,5.79,8.5,1.52,3.37,0.0,1.9,18.56,18.45,5.01,5.96,4.05,6.53,12.55,6.19,16.49,6.3,5.63,9.08,22.75,6.42,7.55,6.57,27.06,23.98,28.24,20.54,19.55,21.76,22.53,19.95,22.87,20.68,12.27,43.62,3.56,13.89,10.4,8.09,43.78,10.21,5.83,37.74,7.68,43.83,13.56,8.55,14.95,15.54,8.56,7.48,12.25,18.25,11.79,21.03,23.0
19.03,10.19,3.23,27.49,4.05,13.46,3.46,19.75,19.73,6.51,10.38,24.07,5.47,11.78,15.64,22.34,10.73,19.78,24.64,19.49,26.34,38.0,21.62,8.98,18.63,7.3,6.09,6.54,15.99,21.62,17.65,12.31,17.66,4.36,6.51,18.28,5.71,20.35,18.96,5.24,18.65,5.43,6.03,16.01,5.72,20.37,21.27,19.64,20.81,19.3,4.41,11.78,15.71,9.28,18.46,18.48,6.42,21.15,16.45,13.7,17.66,16.48,7.59,19.02,17.64,17.57,15.86,14.16,10.55,16.47,16.21,17.38,14.81,40.76,39.3,40.65,41.13,36.5,37.73,39.7,3.01,5.6,1.67,5.22,17.84,5.5,8.21,2.81,3.08,1.9,0.0,19.86,18.16,6.3,7.25,5.35,7.82,13.84,7.48,17.78,7.6,6.93,10.37,24.04,7.71,8.84,7.86,28.35,25.27,29.53,21.83,20.84,23.05,23.82,21.24,24.16,21.97,13.56,43.33,4.85,15.18,11.69,9.38,45.07,11.5,5.54,39.03,7.4,45.12,14.85,8.27,16.24,16.83,9.85,8.77,13.55,19.55,13.08,22.32,24.3
1.21,20.3,20.05,39.98,20.87,29.5,17.28,32.26,32.24,15.52,22.87,36.58,22.3,20.43,12.56,34.85,10.93,32.29,37.13,32.0,38.84,44.13,34.13,11.61,31.14,18.13,13.87,16.49,28.5,34.13,30.16,21.65,30.17,16.94,17.34,30.79,15.41,32.86,31.47,15.13,31.16,17.68,21.51,28.52,16.49,32.88,33.78,32.15,33.32,31.81,15.41,21.12,24.78,19.93,30.96,30.99,18.67,33.66,28.96,22.77,30.17,28.98,19.77,31.53,30.15,30.08,23.48,26.67,19.19,28.98,23.83,29.89,23.88,46.89,45.43,46.78,47.26,42.63,43.86,45.83,18.32,22.42,18.5,20.7,1.98,22.33,24.36,18.29,19.91,18.56,19.86,0.0,24.14,16.48,15.97,20.79,16.84,26.28,18.31,24.21,13.36,14.38,9.77,33.08,12.15,14.6,14.95,40.78,37.7,41.96,30.87,33.28,35.49,36.25,30.28,33.2,34.4,25.99,49.32,20.29,27.61,24.12,24.82,57.5,23.93,22.29,51.46,24.15,57.55,27.28,25.02,28.67,29.26,25.29,24.21,25.97,31.97,25.51,34.75,36.73
23.35,24.05,16.38,41.35,14.82,27.32,20.0,33.61,33.6,21.61,24.24,37.93,16.25,25.65,24.61,36.21,24.71,33.64,38.5,33.35,40.21,31.74,35.49,24.07,32.49,25.05,21.18,21.63,29.85,35.49,31.51,26.17,31.52,19.4,25.15,32.14,20.8,34.21,32.83,20.33,32.52,25.24,20.51,29.87,20.82,34.23,35.14,33.51,34.68,33.17,19.5,25.64,29.58,23.14,32.32,32.34,25.83,35.02,30.32,27.56,31.53,30.34,22.06,32.88,31.5,31.44,29.72,28.03,24.41,30.34,30.07,31.25,28.68,34.49,33.04,34.39,34.87,30.24,31.46,33.44,18.05,16.37,16.72,16.65,22.16,16.27,11.98,19.07,16.23,18.45,18.16,24.14,0.0,9.53,10.48,9.42,11.06,15.7,14.63,19.63,10.83,10.16,13.6,25.9,10.94,12.08,11.09,30.2,27.12,31.38,23.68,22.7,24.9,25.67,23.09,26.01,23.83,15.41,42.2,7.36,17.04,13.54,11.25,46.92,13.36,4.07,40.89,5.89,46.97,16.7,6.79,18.1,18.68,11.72,10.64,15.4,21.4,14.93,24.17,26.15
15.7,7.85,6.5,29.41,7.31,15.38,3.72,21.67,21.66,4.01,12.3,25.99,8.74,7.97,12.31,24.27,7.4,21.7,26.56,21.41,28.27,41.27,23.55,5.65,20.55,5.67,2.75,4.04,17.91,23.54,19.57,9.19,19.58,3.38,4.88,20.2,1.32,22.27,20.89,2.74,20.57,5.7,7.96,17.93,3.45,22.29,23.2,21.57,22.74,21.23,1.85,8.66,12.33,7.47,20.38,20.4,6.69,23.08,18.37,10.31,19.59,18.4,7.32,20.94,19.56,19.5,11.02,16.09,6.73,18.4,11.38,19.31,11.43,44.03,42.57,43.92,44.4,39.77,41.0,42.97,4.76,8.87,4.94,7.15,14.5,8.77,11.48,4.73,6.35,5.01,6.3,16.48,9.53,0.0,3.06,7.23,5.33,15.73,5.85,11.75,4.22,4.07,7.0,20.63,4.34,5.47,5.01,30.24,27.16,31.42,18.42,22.73,24.94,25.7,17.82,20.75,23.86,15.44,46.52,6.73,17.07,13.57,11.27,46.96,13.39,8.74,40.92,10.59,47.0,16.73,11.46,18.13,18.72,11.74,10.66,15.43,21.43,14.97,24.21,26.18
15.19,8.11,7.45,27.78,8.27,16.33,4.68,20.06,20.05,3.73,10.67,24.38,9.7,8.23,11.8,22.66,6.89,20.09,24.93,19.8,26.64,42.23,21.94,5.14,18.94,5.93,2.24,4.3,16.3,21.93,17.96,9.45,17.97,4.33,5.14,18.59,1.99,20.66,19.28,3.0,18.96,5.48,8.91,16.32,4.3,20.68,21.59,19.96,21.13,19.62,2.8,8.92,12.59,7.73,18.77,18.79,6.47,21.47,16.76,10.57,17.98,16.79,7.57,19.33,17.95,17.89,11.28,14.48,6.99,16.78,11.64,17.7,11.69,44.98,43.52,44.88,45.36,40.72,41.95,43.92,5.71,9.82,5.89,8.1,13.99,9.72,12.43,5.68,7.3,5.96,7.25,15.97,10.48,3.06,0.0,8.18,5.05,14.08,6.11,12.01,3.71,3.56,6.49,20.89,3.83,4.96,4.5,28.58,25.5,29.76,18.67,21.08,23.29,24.06,18.08,21.01,22.21,13.79,47.47,7.69,15.42,11.92,12.22,45.3,11.74,9.69,39.27,11.54,45.35,15.08,12.41,16.48,17.06,12.69,11.61,13.78,19.78,13.31,22.56,24.53
20.0,5.19,6.72,22.49,7.23,8.46,4.43,14.75,14.74,7.48,5.38,19.07,8.66,6.79,16.61,17.35,11.7,14.78,19.64,14.49,21.35,41.16,16.63,9.95,13.63,6.19,7.06,7.14,10.99,16.62,12.65,7.31,12.66,5.86,6.29,13.28,6.68,15.35,13.97,6.21,13.65,4.55,1.03,11.01,6.69,15.37,16.27,14.65,15.81,14.3,5.38,6.78,10.71,4.28,13.46,13.48,5.14,16.15,11.45,8.7,12.67,11.48,2.59,14.02,12.64,12.57,10.86,9.16,5.55,11.47,11.21,12.39,9.81,43.92,42.46,43.81,44.29,39.66,40.89,42.86,6.74,8.78,5.41,3.1,18.81,8.69,11.89,2.54,6.57,4.05,5.35,20.79,9.42,7.23,8.18,0.0,8.79,8.84,7.78,12.78,8.57,7.9,11.34,19.04,8.68,9.81,8.83,23.35,20.27,24.53,16.83,15.84,18.05,18.82,16.24,19.16,16.98,8.56,46.36,1.89,10.19,6.69,4.38,40.07,6.5,8.71,34.04,10.57,40.12,9.85,11.44,11.25,11.83,4.85,3.77,8.55,14.55,8.08,17.32,19.3
16.05,7.22,8.02,26.89,8.84,16.42,5.25,19.17,19.16,1.31,9.79,23.49,10.27,7.34,12.66,21.77,7.75,19.2,24.04,18.91,25.75,42.8,21.05,6.0,18.05,5.05,3.11,3.41,15.41,21.05,17.07,8.56,17.09,4.9,4.25,17.7,4.41,19.77,18.39,2.42,18.08,4.6,9.48,15.43,3.41,19.79,20.7,19.07,20.24,18.73,3.73,8.03,11.7,6.84,17.88,17.9,5.59,20.58,15.88,9.68,17.09,15.9,6.69,18.44,17.07,17.0,10.4,13.59,6.11,15.9,10.75,16.81,10.8,45.55,44.09,45.45,45.93,41.3,42.52,44.5,6.29,10.39,6.46,8.67,14.86,10.29,13.01,6.26,7.88,6.53,7.82,16.84,11.06,5.33,5.05,8.79,0.0,13.19,5.23,11.12,4.58,3.4,7.35,20.0,4.69,5.83,4.33,27.7,24.62,28.88,17.79,20.19,22.4,23.17,17.2,20.12,21.32,12.9,48.09,8.3,14.53,11.03,12.14,44.42,10.85,10.3,38.38,12.16,44.46,14.19,13.03,15.59,16.18,15.17,11.53,12.89,18.89,12.42,21.67,23.65
25.49,8.3,15.42,21.69,13.51,11.37,12.92,8.56,8.55,11.88,8.14,12.88,14.93,9.9,22.1,11.16,17.19,8.59,18.84,8.3,20.55,47.44,10.44,15.44,7.44,9.3,12.54,10.25,4.8,10.44,6.47,4.01,6.48,14.36,9.4,7.1,12.9,9.16,7.78,11.41,7.47,9.49,8.16,4.82,11.01,9.18,10.09,8.46,9.63,8.12,13.88,4.62,4.53,7.39,7.27,7.3,10.08,9.97,5.27,2.51,6.48,5.29,7.92,7.83,6.46,6.39,4.67,2.98,8.66,5.29,5.03,6.2,3.63,50.19,48.73,50.09,50.57,45.94,47.16,49.14,17.09,15.06,15.75,11.6,24.3,14.96,18.16,11.04,15.27,12.55,13.84,26.28,15.7,15.73,14.08,8.84,13.19,0.0,7.91,10.28,11.43,10.25,14.2,19.49,11.55,12.68,11.18,23.8,20.72,24.98,17.28,16.29,18.5,19.27,16.69,19.61,17.42,9.0,50.21,7.73,10.63,7.13,8.24,40.51,6.95,12.57,34.48,14.42,40.56,10.29,15.29,11.69,12.28,11.27,7.63,8.99,14.99,8.52,17.77,19.75
17.52,4.52,8.55,24.2,12.44,13.72,4.33,16.47,16.46,3.91,7.09,20.79,13.87,4.64,14.13,19.07,9.22,16.51,21.35,16.21,23.05,46.37,18.35,7.47,15.35,2.35,4.58,2.28,12.72,18.35,14.38,5.87,14.39,5.43,1.84,15.01,4.93,17.08,15.69,3.44,15.38,3.0,7.1,12.74,3.04,17.09,18.0,16.37,17.54,16.03,4.25,5.34,9.0,4.15,15.18,15.21,3.99,17.88,13.18,6.99,14.39,13.2,3.99,15.74,14.37,14.3,7.7,10.89,3.41,13.2,8.05,14.11,8.1,49.12,47.67,49.02,49.5,44.87,46.09,48.07,6.81,13.99,6.99,8.33,16.33,13.89,17.1,5.91,8.4,6.19,7.48,18.31,14.63,5.85,6.11,7.78,5.23,7.91,0.0,8.42,6.05,4.87,8.82,17.3,6.16,7.3,5.8,25.0,21.92,26.18,15.09,17.5,19.7,20.47,14.5,17.42,18.62,10.2,51.41,7.95,11.83,8.33,9.44,41.72,8.15,13.77,35.68,15.62,41.77,11.49,16.49,12.89,13.48,12.48,8.83,10.19,16.19,9.73,18.97,20.95
23.42,6.89,19.35,25.63,17.44,15.3,10.23,11.26,12.81,9.81,12.08,17.14,18.87,7.83,20.03,15.42,15.12,12.85,22.78,12.56,24.49,51.38,14.7,13.37,11.7,7.23,10.47,8.18,8.74,14.7,10.72,2.72,10.73,11.33,7.33,11.35,10.83,13.42,12.04,9.34,11.73,7.93,12.1,9.08,8.94,13.44,14.35,12.72,13.89,12.38,10.15,3.91,6.44,6.51,11.53,11.55,8.52,14.23,9.53,4.43,10.74,9.55,6.36,12.09,10.72,10.65,5.26,7.24,6.59,9.55,5.61,10.46,5.54,54.13,52.67,54.02,54.5,49.87,51.1,53.07,21.03,18.99,19.69,15.53,22.23,18.9,22.1,14.97,19.21,16.49,17.78,24.21,19.63,11.75,12.01,12.78,11.12,10.28,8.42,0.0,11.93,10.75,14.71,11.36,12.05,13.18,11.69,26.46,23.38,27.64,9.15,9.52,16.49,17.26,8.55,11.48,20.08,11.82,56.7,14.21,13.45,11.44,14.73,43.18,10.82,19.05,37.14,20.91,43.23,12.96,21.78,14.51,14.94,14.09,14.12,8.48,17.65,11.34,15.76,17.74
12.57,8.04,7.79,27.72,8.61,17.24,5.02,20.0,19.98,3.26,10.61,24.32,10.04,8.17,8.08,22.59,4.27,20.03,24.87,19.74,26.58,42.57,21.87,2.52,18.88,5.87,1.61,4.23,16.24,21.87,17.9,9.39,17.91,4.68,5.08,18.53,3.15,20.6,19.21,2.87,18.9,5.42,9.25,16.26,4.23,20.62,21.52,19.89,21.06,19.55,3.15,8.86,12.52,7.67,18.7,18.73,6.41,21.4,16.7,10.51,17.91,16.73,7.51,19.27,17.89,17.82,11.22,14.41,6.93,16.72,11.57,17.63,11.62,45.32,43.86,45.22,45.7,41.07,42.29,44.27,6.06,10.16,6.24,8.44,11.38,10.07,12.78,6.03,7.65,6.3,7.6,13.36,10.83,4.22,3.71,8.57,4.58,11.43,6.05,11.93,0.0,2.12,3.87,20.82,1.21,1.25,2.69,28.52,25.44,29.7,18.61,21.02,23.23,23.99,18.02,20.94,22.14,13.73,47.82,8.03,15.35,11.86,12.56,45.24,11.67,10.03,39.2,11.89,45.29,15.02,12.76,16.41,17.0,13.04,11.95,13.71,19.71,13.25,22.49,24.47
13.59,6.86,7.12,26.53,7.94,16.06,4.35,18.81,18.8,2.08,9.43,23.13,9.37,6.98,10.21,21.41,5.3,18.84,23.68,18.55,25.39,41.9,20.69,3.54,17.69,4.69,1.62,3.05,15.05,20.69,16.71,8.2,16.73,4.01,3.89,17.34,3.0,19.41,18.03,1.69,17.72,4.24,8.58,15.07,3.05,19.43,20.34,18.71,19.88,18.37,3.0,7.67,11.34,6.48,17.52,17.54,5.23,20.22,15.52,9.32,16.73,15.54,6.33,18.08,16.71,16.64,10.04,13.23,5.75,15.54,10.39,16.45,10.44,44.65,43.2,44.55,45.03,40.4,41.62,43.6,5.39,9.49,5.57,7.78,12.4,9.4,12.11,5.36,6.98,5.63,6.93,14.38,10.16,4.07,3.56,7.9,3.4,10.25,4.87,10.75,2.12,0.0,4.89,19.64,2.24,3.37,1.37,27.34,24.26,28.52,17.43,19.83,22.04,22.81,16.84,19.76,20.96,12.54,47.19,7.4,14.17,10.67,11.78,44.06,10.49,9.41,38.02,11.26,44.1,13.83,12.13,15.23,15.82,14.81,11.17,12.53,18.53,12.06,21.31,23.29
8.99,10.82,10.56,30.49,11.38,20.01,7.79,22.77,22.76,6.04,13.38,27.09,12.81,10.94,9.09,25.37,1.44,22.8,27.64,22.51,29.35,43.55,24.65,2.12,21.65,8.64,4.38,7.0,19.01,24.64,20.67,12.16,20.68,7.45,7.85,21.3,5.92,23.37,21.99,5.65,21.67,8.19,12.02,19.03,7.01,23.39,24.29,22.67,23.83,22.32,5.92,11.63,15.3,10.44,21.48,21.5,9.18,24.17,19.47,13.28,20.69,19.5,10.28,22.04,20.66,20.59,13.99,17.18,9.7,19.49,14.34,20.41,14.4,46.3,44.85,46.2,46.68,42.05,43.27,45.25,8.83,12.93,9.01,11.22,7.79,12.84,15.55,8.8,10.42,9.08,10.37,9.77,13.6,7.0,6.49,11.34,7.35,14.2,8.82,14.71,3.87,4.89,0.0,23.6,2.66,5.12,5.46,31.29,28.21,32.47,21.38,23.79,26.0,26.76,20.79,23.71,24.92,16.5,48.74,10.8,18.12,14.63,15.34,48.01,14.44,12.8,41.98,14.66,48.06,17.79,15.53,19.18,19.77,15.81,14.73,16.49,22.49,16.02,25.27,27.24
32.3,15.77,25.62,31.89,23.71,21.57,23.12,11.24,18.31,18.69,18.34,21.8,25.13,16.7,30.18,20.08,24.0,17.51,29.04,17.22,30.75,57.64,19.36,22.25,15.19,16.11,19.35,17.05,15.0,19.36,16.99,11.12,14.22,24.56,16.2,16.86,19.71,18.08,11.6,18.22,16.39,16.81,18.36,14.59,17.82,13.0,19.01,17.38,18.55,17.04,19.03,12.94,12.7,17.59,12.73,17.06,17.4,18.89,13.25,10.69,15.4,14.11,15.24,16.75,16.22,13.84,12.99,13.5,15.47,15.81,13.35,15.96,11.81,60.39,58.93,60.29,60.77,56.14,57.36,59.34,27.29,25.26,25.95,21.8,31.1,25.16,28.36,21.24,25.47,22.75,24.04,33.08,25.9,20.63,20.89,19.04,20.0,19.49,17.3,11.36,20.82,19.64,23.6,0.0,20.86,21.99,20.49,32.72,29.64,33.9,9.13,9.51,20.58,21.34,8.74,1.01,26.35,18.08,62.96,20.47,19.71,17.7,20.99,49.44,17.09,25.32,43.41,27.17,49.49,19.22,28.04,20.77,21.2,20.35,20.38,14.75,23.92,17.6,19.85,21.82
11.36,8.16,7.91,27.83,8.73,17.35,5.14,20.11,20.1,3.38,10.72,24.43,10.15,8.28,9.3,22.71,3.06,20.14,24.98,19.85,26.69,42.69,21.99,1.31,18.99,5.98,1.73,4.35,16.35,21.99,18.01,9.5,18.02,4.79,5.19,18.64,3.26,20.71,19.33,2.99,19.02,5.53,9.37,16.37,4.35,20.73,21.64,20.01,21.18,19.67,3.26,8.97,12.64,7.78,18.82,18.84,6.52,21.52,16.82,10.62,18.03,16.84,7.63,19.38,18.0,17.94,11.33,14.53,7.04,16.84,11.69,17.75,11.74,45.44,43.98,45.33,45.81,41.18,42.41,44.38,6.17,10.28,6.35,8.56,10.17,10.18,12.89,6.14,7.76,6.42,7.71,12.15,10.94,4.34,3.83,8.68,4.69,11.55,6.16,12.05,1.21,2.24,2.66,20.86,0.0,2.46,2.8,28.63,25.55,29.82,18.73,21.13,23.34,24.11,18.13,21.06,22.26,13.84,47.93,8.14,15.47,11.97,12.68,45.35,11.79,10.15,39.32,12.0,45.4,15.13,12.87,16.53,17.11,13.15,12.07,13.83,19.83,13.36,22.61,24.58
13.82,9.29,9.04,28.96,9.86,18.49,6.27,21.24,21.23,4.51,11.86,25.56,11.29,9.41,8.09,23.84,5.52,21.27,26.11,20.98,27.82,43.82,23.12,3.77,20.12,7.12,2.86,5.48,17.48,23.12,19.14,10.63,19.16,5.92,6.32,19.77,4.4,21.84,20.46,4.12,20.15,6.67,10.5,17.5,5.48,21.86,22.77,21.14,22.31,20.8,4.4,10.1,13.77,8.91,19.95,19.97,7.66,22.65,17.95,11.75,19.16,17.97,8.76,20.51,19.14,19.07,12.47,15.66,8.18,17.97,12.82,18.88,12.87,46.57,45.11,46.47,46.95,42.32,43.54,45.52,7.3,11.41,7.48,9.69,12.63,11.31,14.02,7.27,8.9,7.55,8.84,14.6,12.08,5.47,4.96,9.81,5.83,12.68,7.3,13.18,1.25,3.37,5.12,21.99,2.46,0.0,3.94,29.77,26.69,30.95,19.86,22.26,24.47,25.24,19.27,22.19,23.39,14.97,49.07,9.28,16.6,13.1,13.81,46.49,12.92,11.28,40.45,13.13,46.53,16.26,14.01,17.66,18.25,14.28,13.2,14.96,20.96,14.5,23.74,25.72
14.16,7.8,8.06,27.47,8.88,16.99,5.29,19.75,19.74,3.02,10.36,24.07,10.31,7.92,10.77,22.35,5.87,19.78,24.62,19.49,26.33,42.84,21.63,4.11,18.63,5.62,2.55,3.98,15.99,21.62,17.65,9.14,17.66,4.94,4.83,18.28,3.93,20.35,18.97,2.62,18.65,5.17,9.52,16.01,3.98,20.37,21.27,19.65,20.81,19.3,3.93,8.61,12.28,7.42,18.46,18.48,6.16,21.15,16.45,10.26,17.67,16.48,7.26,19.02,17.64,17.57,10.97,14.16,6.68,16.47,11.32,17.39,11.38,45.59,44.13,45.49,45.97,41.33,42.56,44.53,6.32,10.43,6.5,8.71,12.97,10.33,13.04,6.29,7.91,6.57,7.86,14.95,11.09,5.01,4.5,8.83,4.33,11.18,5.8,11.69,2.69,1.37,5.46,20.49,2.8,3.94,0.0,28.27,25.19,29.45,18.36,20.77,22.98,23.74,17.77,20.69,21.89,13.48,48.13,8.34,15.1,11.61,12.72,44.99,11.42,10.34,38.95,12.2,45.04,14.77,13.07,16.16,16.75,15.75,12.11,13.47,19.47,13.0,22.24,24.22
39.99,22.8,29.92,1.95,28.01,22.23,27.43,28.98,23.44,26.38,18.32,33.3,29.44,24.4,36.6,31.58,31.7,29.01,4.02,28.72,1.89,61.95,30.86,29.94,27.86,23.8,27.05,24.75,21.4,30.85,26.88,23.98,26.89,28.87,23.9,27.51,27.4,29.58,28.2,25.92,27.89,23.99,22.67,25.24,25.51,29.6,30.51,28.88,30.05,28.54,28.38,24.59,23.27,21.89,27.69,22.18,24.58,30.39,25.68,22.49,26.9,25.71,22.42,28.25,26.87,26.81,24.65,23.4,23.16,25.71,25.0,24.12,23.61,64.7,63.24,64.6,65.08,60.44,61.67,63.64,31.6,29.56,30.26,26.1,38.8,29.47,32.67,25.54,29.78,27.06,28.35,40.78,30.2,30.24,28.58,23.35,27.7,23.8,25.0,26.46,28.52,27.34,31.29,32.72,28.63,29.77,28.27,0.0,3.65,6.21,30.43,29.8,32.01,32.78,29.84,32.76,11.48,18.66,67.27,24.78,20.29,19.51,25.3,21.74,18.89,29.63,15.71,31.48,21.79,13.81,32.35,21.35,11.44,20.93,22.01,18.72,13.79,18.18,31.28,33.26
36.91,19.72,26.84,2.9,24.93,19.15,24.35,25.9,20.36,23.3,15.24,30.22,26.36,21.32,33.52,28.5,28.62,25.93,1.32,25.64,1.75,58.87,27.78,26.86,24.78,20.72,23.97,21.67,18.32,27.78,23.8,20.9,23.81,25.79,20.82,24.43,24.32,26.5,25.12,22.84,24.81,20.91,19.59,22.16,22.44,26.52,27.43,25.8,26.97,25.46,25.31,21.51,20.19,18.81,24.61,19.11,21.5,27.31,22.61,19.41,23.82,22.63,19.34,25.17,23.79,23.73,21.57,20.32,20.08,22.63,21.92,21.04,20.53,61.62,60.16,61.52,62.0,57.36,58.59,60.56,28.52,26.49,27.18,23.03,35.72,26.39,29.59,22.46,26.7,23.98,25.27,37.7,27.12,27.16,25.5,20.27,24.62,20.72,21.92,23.38,25.44,24.26,28.21,29.64,25.55,26.69,25.19,3.65,0.0,4.83,27.43,26.8,29.01,29.78,26.84,29.76,8.48,15.66,64.27,21.78,17.29,16.51,22.3,20.37,15.89,26.63,14.33,28.48,20.42,10.81,29.35,18.35,8.44,17.93,19.01,15.72,10.79,15.18,28.28,30.26
41.17,23.98,31.1,5.45,29.19,23.41,28.61,30.16,24.62,27.56,19.5,34.48,30.62,25.58,37.78,32.76,32.88,30.19,5.2,29.9,4.31,63.13,32.04,31.12,29.04,24.98,28.23,25.93,22.58,32.04,28.06,25.16,28.07,30.05,25.08,28.69,28.58,30.76,29.38,27.1,29.07,25.17,23.85,26.42,26.7,30.78,31.69,30.06,31.23,29.72,29.57,25.78,24.45,23.07,28.87,23.37,25.76,31.57,26.87,23.67,28.08,26.89,23.6,29.43,28.05,27.99,25.83,24.58,24.34,26.89,26.18,25.3,24.79,65.88,64.42,65.78,66.26,61.62,62.85,64.82,32.78,30.75,31.44,27.29,39.98,30.65,33.85,26.72,30.96,28.24,29.53,41.96,31.38,31.42,29.76,24.53,28.88,24.98,26.18,27.64,29.7,28.52,32.47,33.9,29.82,30.95,29.45,6.21,4.83,0.0,31.69,31.06,33.27,34.04,31.1,34.02,12.74,19.92,68.53,26.04,21.55,20.77,26.56,21.5,20.15,30.89,15.47,32.74,21.55,15.07,33.61,22.61,12.7,22.19,23.27,19.98,15.05,19.44,32.54,34.52
30.08,13.56,23.4,29.68,21.49,19.36,20.91,5.88,12.95,16.47,16.13,16.43,22.92,14.49,26.7,14.71,21.79,12.15,26.83,11.85,28.54,55.43,13.99,20.03,9.82,13.9,17.14,14.84,11.42,13.99,10.38,8.9,8.85,22.35,13.99,11.49,17.49,12.72,6.23,16.01,11.02,14.59,16.15,9.22,15.61,7.63,13.64,12.01,13.18,11.67,16.82,10.73,10.49,15.38,7.36,11.69,15.18,13.52,7.89,8.48,10.03,8.75,13.02,11.38,10.85,8.48,10.78,11.29,13.26,10.29,11.14,10.6,9.59,58.18,56.72,58.08,58.56,53.92,55.15,57.12,25.08,23.05,23.74,19.58,28.89,22.95,26.15,19.02,23.26,20.54,21.83,30.87,23.68,18.42,18.67,16.83,17.79,17.28,15.09,9.15,18.61,17.43,21.38,9.13,18.73,19.86,18.36,30.43,27.43,31.69,0.0,4.14,15.21,15.98,6.52,9.25,24.14,15.87,61.99,19.5,17.5,15.49,20.02,47.23,14.88,24.34,41.19,26.2,47.28,17.01,27.07,18.56,18.99,18.14,19.41,12.54,21.71,15.39,14.48,16.46
32.49,15.3,22.42,29.05,20.51,18.73,19.92,3.07,10.14,18.88,15.14,13.63,21.93,16.9,29.1,11.9,24.19,9.34,26.2,9.05,27.91,54.44,11.18,22.44,7.01,16.3,19.54,17.25,8.61,11.18,7.57,9.28,6.05,21.36,16.4,8.68,19.9,9.91,3.42,18.41,8.21,16.49,15.16,6.41,18.01,4.83,10.83,9.21,10.37,8.86,20.88,11.11,8.48,14.39,4.55,8.88,17.08,10.71,5.08,8.85,7.22,5.94,14.92,8.58,8.05,5.67,11.16,11.22,15.66,7.49,11.51,7.79,8.42,57.19,55.73,57.09,57.57,52.94,54.16,56.14,24.09,22.06,22.75,18.6,31.3,21.96,25.16,18.03,22.27,19.55,20.84,33.28,22.7,22.73,21.08,15.84,20.19,16.29,17.5,9.52,21.02,19.83,23.79,9.51,21.13,22.26,20.77,29.8,26.8,31.06,4.14,0.0,12.4,13.17,6.9,9.63,23.01,14.74,59.18,16.69,16.37,14.36,17.21,46.1,13.75,21.54,40.07,23.39,46.15,15.88,24.26,17.43,17.86,17.01,16.6,11.41,20.58,14.26,11.67,13.65
34.7,17.51,24.62,31.26,22.71,20.93,22.13,12.0,9.94,21.09,17.35,2.67,24.14,19.11,31.31,0.84,26.4,6.89,28.41,5.07,30.12,56.65,2.77,24.65,6.82,18.51,21.75,19.46,9.91,3.73,10.48,14.01,7.62,23.57,18.61,7.8,22.11,3.44,11.22,20.62,6.39,18.7,17.37,7.84,20.22,12.62,4.23,4.7,2.5,5.54,23.09,14.63,9.78,16.6,10.71,8.68,19.29,4.11,8.7,12.52,6.25,8.67,17.13,5.15,7.64,10.4,14.68,13.43,17.87,9.3,15.04,9.09,10.24,59.4,57.94,59.3,59.78,55.14,56.37,58.34,26.3,24.27,24.96,20.81,33.51,24.17,27.37,20.24,24.48,21.76,23.05,35.49,24.9,24.94,23.29,18.05,22.4,18.5,19.7,16.49,23.23,22.04,26.0,20.58,23.34,24.47,22.98,32.01,29.01,33.27,15.21,12.4,0.0,2.56,18.32,21.04,26.05,17.78,62.22,19.73,19.41,17.4,20.25,49.14,16.79,24.58,43.11,26.43,49.19,18.92,27.3,20.47,20.9,20.05,19.64,14.45,23.62,17.3,4.47,3.04
35.46,18.28,25.39,32.03,23.48,21.7,22.9,12.77,10.71,21.85,18.12,0.99,24.91,19.87,32.08,1.71,27.17,7.65,29.18,5.84,30.88,57.41,3.54,25.41,7.58,19.28,22.52,20.22,10.68,4.5,11.25,14.78,8.39,24.33,19.37,8.57,22.88,4.21,11.98,21.39,7.16,19.46,18.14,8.61,20.99,13.39,5.0,5.46,3.26,6.3,23.85,15.4,10.55,17.36,11.47,9.45,20.05,4.88,9.47,13.29,7.02,9.43,17.89,5.92,8.41,11.17,15.45,14.2,18.64,10.07,15.8,9.86,11.01,60.17,58.71,60.06,60.54,55.91,57.13,59.11,27.07,25.03,25.73,21.57,34.27,24.94,28.14,21.01,25.25,22.53,23.82,36.25,25.67,25.7,24.06,18.82,23.17,19.27,20.47,17.26,23.99,22.81,26.76,21.34,24.11,25.24,23.74,32.78,29.78,34.04,15.98,13.17,2.56,0.0,19.08,21.81,26.81,18.55,62.99,20.5,20.17,18.17,21.02,49.91,17.55,25.34,43.87,27.2,49.96,19.69,28.07,21.23,21.67,20.82,20.41,15.21,24.38,18.07,5.23,0.65
29.49,12.96,22.81,29.09,20.9,18.76,20.32,8.64,15.71,15.88,15.54,19.19,22.33,13.9,26.1,17.47,21.19,14.91,26.24,14.62,27.94,54.83,16.75,19.44,12.58,13.3,16.55,14.25,12.2,16.75,14.18,8.31,11.61,21.75,13.4,14.25,16.9,15.48,8.99,15.41,13.78,14.0,15.56,11.98,15.01,10.39,16.4,14.77,15.94,14.43,16.22,10.14,9.9,14.78,10.12,14.45,14.59,16.28,10.65,7.88,12.79,11.51,12.43,14.14,13.61,11.24,10.19,10.7,12.66,13.0,10.54,13.36,9.0,57.58,56.13,57.48,57.96,53.33,54.55,56.53,24.48,22.45,23.15,18.99,28.3,22.36,25.56,18.43,22.67,19.95,21.24,30.28,23.09,17.82,18.08,16.24,17.2,16.69,14.5,8.55,18.02,16.84,20.79,8.74,18.13,19.27,17.77,29.84,26.84,31.1,6.52,6.9,18.32,19.08,0.0,8.85,23.54,15.28,60.16,17.67,16.9,14.9,18.19,46.64,14.28,22.51,40.6,24.37,46.69,16.41,25.24,17.96,18.4,17.55,17.58,11.94,21.11,14.8,17.24,19.22
32.41,15.89,25.73,32.01,23.82,21.69,23.24,11.36,18.43,18.8,18.46,21.92,25.25,16.82,30.29,20.2,24.12,17.63,29.16,17.34,30.87,57.76,19.48,22.36,15.31,16.23,19.47,17.17,15.12,19.47,17.1,11.24,14.34,24.68,16.32,16.98,19.83,18.2,11.72,18.34,16.51,16.93,18.48,14.7,17.94,13.12,19.13,17.5,18.67,17.16,19.15,13.06,12.82,17.71,12.84,17.18,17.51,19.01,13.37,10.81,15.52,14.23,15.35,16.87,16.34,13.96,13.11,13.62,15.59,15.93,13.47,16.08,11.92,60.51,59.05,60.41,60.89,56.25,57.48,59.45,27.41,25.38,26.07,21.92,31.22,25.28,28.48,21.35,25.59,22.87,24.16,33.2,26.01,20.75,21.01,19.16,20.12,19.61,17.42,11.48,20.94,19.76,23.71,1.01,21.06,22.19,20.69,32.76,29.76,34.02,9.25,9.63,21.04,21.81,8.85,0.0,26.47,18.2,63.08,20.59,19.83,17.82,21.11,49.56,17.21,25.44,43.53,27.29,49.61,19.34,28.16,20.89,21.32,20.47,20.5,14.87,24.04,17.72,19.96,21.94
33.62,16.43,23.55,10.73,21.64,15.85,21.05,22.6,17.07,20.01,11.94,26.92,23.07,18.02,30.23,25.2,25.32,22.63,7.88,22.34,9.59,55.57,24.48,23.57,21.48,17.43,20.67,18.37,15.02,24.48,20.51,17.6,20.52,22.49,17.52,21.14,21.03,23.2,21.82,19.54,21.51,17.61,16.29,18.86,19.14,23.22,24.13,22.5,23.67,22.16,22.01,18.22,16.89,15.52,21.31,15.81,18.2,24.01,19.31,16.11,20.52,19.33,16.04,21.87,20.5,20.43,18.27,17.02,16.79,19.33,18.62,17.74,17.23,58.32,56.86,58.22,58.7,54.07,55.29,57.27,25.22,23.19,23.89,19.73,32.42,23.09,26.29,19.17,23.4,20.68,21.97,34.4,23.83,23.86,22.21,16.98,21.32,17.42,18.62,20.08,22.14,20.96,24.92,26.35,22.26,23.39,21.89,11.48,8.48,12.74,24.14,23.01,26.05,26.81,23.54,26.47,0.0,12.36,60.97,18.49,13.99,13.21,19.0,28.28,12.59,23.33,22.24,25.18,28.33,7.52,26.05,15.05,5.14,14.64,15.72,12.42,7.5,11.89,24.98,26.96
25.2,8.01,15.13,17.91,13.22,3.54,12.64,14.34,8.8,11.59,3.52,18.66,14.65,9.61,21.81,16.94,16.9,14.37,15.06,14.08,16.77,47.15,16.22,15.15,13.22,9.01,12.25,9.96,6.76,16.21,12.24,9.34,12.25,14.07,9.11,12.87,12.61,14.94,13.56,11.12,13.24,9.2,7.88,10.6,10.72,14.96,15.86,14.24,15.4,13.9,13.59,9.6,8.63,7.1,13.05,7.54,9.79,15.74,11.04,7.85,12.26,11.07,7.63,13.61,12.23,12.16,10.01,8.75,8.37,11.06,10.36,9.48,8.96,49.9,48.45,49.8,50.28,45.65,46.87,48.85,16.8,14.77,15.47,11.31,24.01,14.67,17.88,10.75,14.99,12.27,13.56,25.99,15.41,15.44,13.79,8.56,12.9,9.0,10.2,11.82,13.73,12.54,16.5,18.08,13.84,14.97,13.48,18.66,15.66,19.92,15.87,14.74,17.78,18.55,15.28,18.2,12.36,0.0,52.56,10.07,3.7,4.8,10.59,35.46,4.33,14.91,29.42,16.76,35.51,5.24,17.64,1.57,7.22,2.43,3.51,4.16,9.93,1.6,16.72,18.69
48.53,49.22,41.55,66.52,39.99,52.49,45.17,58.78,58.77,46.77,49.41,63.1,41.42,50.82,49.79,61.38,50.99,58.81,63.67,58.52,65.38,6.58,60.66,49.24,57.66,50.22,46.35,46.8,55.02,60.65,56.68,51.34,56.69,44.57,50.32,57.31,45.97,59.38,58.0,45.5,57.68,50.41,45.68,55.04,45.98,59.4,60.3,58.68,59.84,58.34,44.67,50.81,54.74,48.31,57.49,57.51,51.0,60.18,55.48,52.73,56.7,55.51,47.23,58.05,56.67,56.6,54.89,53.19,49.58,55.5,55.24,56.42,53.84,3.36,4.65,6.01,6.49,7.73,5.45,3.55,43.22,41.54,41.88,41.82,47.34,41.44,37.4,44.24,41.4,43.62,43.33,49.32,42.2,46.52,47.47,46.36,48.09,50.21,51.41,56.7,47.82,47.19,48.74,62.96,47.93,49.07,48.13,67.27,64.27,68.53,61.99,59.18,62.22,62.99,60.16,63.08,60.97,52.56,0.0,44.27,53.95,50.46,48.16,83.84,50.27,40.98,77.8,42.81,83.89,53.62,43.71,55.01,55.6,48.63,47.55,52.31,58.31,51.85,61.09,63.06
19.5,6.73,6.22,24.03,5.14,7.44,3.93,16.29,16.28,6.99,6.92,20.61,6.57,8.33,16.11,18.89,11.21,16.32,21.18,16.03,22.89,39.1,18.17,9.45,15.17,7.73,6.56,7.01,12.53,18.16,14.19,8.85,14.2,5.36,6.98,14.82,6.18,16.89,15.51,5.71,15.2,5.9,2.58,12.55,6.2,16.91,17.82,16.19,17.36,15.85,4.88,8.32,12.26,5.82,15.0,15.02,6.89,17.7,12.99,10.24,14.21,13.02,4.13,15.56,14.18,14.12,12.4,10.71,7.09,13.02,12.75,13.93,11.36,41.85,40.39,41.75,42.23,37.6,38.82,40.8,6.24,6.69,4.91,2.6,18.31,6.59,9.8,2.04,6.07,3.56,4.85,20.29,7.36,6.73,7.69,1.89,8.3,7.73,7.95,14.21,8.03,7.4,10.8,20.47,8.14,9.28,8.34,24.78,21.78,26.04,19.5,16.69,19.73,20.5,17.67,20.59,18.49,10.07,44.27,0.0,7.06,8.23,5.93,41.61,8.05,6.64,35.58,8.49,41.66,11.39,4.65,8.7,13.37,6.4,5.32,10.09,16.09,9.62,18.86,20.84
26.82,9.64,16.76,19.54,14.85,2.12,14.26,15.97,10.43,13.21,5.15,20.28,16.27,11.23,23.44,18.56,18.53,16.0,16.68,15.71,18.39,48.78,17.84,16.77,14.85,10.64,13.88,11.58,8.39,17.84,13.87,10.97,13.88,15.7,10.73,14.5,14.24,16.57,15.18,12.75,14.87,10.82,9.5,12.23,12.35,16.58,17.49,15.86,17.03,15.52,15.22,11.22,10.25,8.72,14.67,9.17,11.41,17.37,12.67,9.47,13.88,12.69,9.25,15.23,13.86,13.79,11.63,10.38,10.0,12.69,11.99,11.1,10.59,51.53,50.07,51.43,51.91,47.28,48.5,50.48,18.43,16.4,17.09,12.94,25.63,16.3,19.5,12.38,16.61,13.89,15.18,27.61,17.04,17.07,15.42,10.19,14.53,10.63,11.83,13.45,15.35,14.17,18.12,19.71,15.47,16.6,15.1,20.29,17.29,21.55,17.5,16.37,19.41,20.17,16.9,19.83,13.99,3.7,53.95,7.06,0.0,6.43,9.54,37.09,5.96,16.54,31.05,18.39,37.14,6.86,8.92,1.9,8.85,1.48,2.56,5.78,11.56,2.1,18.34,20.32
23.33,6.14,13.26,18.75,11.35,8.28,10.77,13.96,8.42,9.72,1.4,18.28,12.78,7.74,19.94,16.56,15.03,13.99,15.9,13.7,17.61,45.28,15.84,13.28,12.84,7.14,10.38,8.09,6.38,15.84,11.86,8.26,11.87,12.2,7.24,12.49,10.74,14.56,13.18,9.25,12.87,7.33,6.01,10.22,8.85,14.58,15.49,13.86,15.03,13.52,11.72,7.73,8.25,5.23,12.67,7.17,7.92,15.37,10.67,7.47,11.88,10.69,5.76,13.23,11.85,11.79,9.63,8.38,6.5,10.69,9.98,9.1,8.59,48.03,46.58,47.93,48.41,43.78,45.0,46.98,14.93,12.9,13.6,9.44,22.14,12.81,16.01,8.88,13.12,10.4,11.69,24.12,13.54,13.57,11.92,6.69,11.03,7.13,8.33,11.44,11.86,10.67,14.63,17.7,11.97,13.1,11.61,19.51,16.51,20.77,15.49,14.36,17.4,18.17,14.9,17.82,13.21,4.8,50.46,8.23,6.43,0.0,8.72,36.31,1.74,13.04,30.27,14.9,36.35,6.08,15.77,7.49,8.07,7.07,8.11,3.78,10.78,4.32,17.89,19.87
24.04,7.25,10.97,24.55,9.06,9.92,8.46,16.81,16.79,10.83,7.44,21.13,10.49,8.85,20.65,19.41,15.74,16.84,21.7,16.55,23.41,42.99,18.68,13.99,15.69,8.25,11.09,9.2,13.05,18.68,14.71,9.37,14.72,9.9,8.34,15.34,10.72,17.41,16.03,10.25,15.71,8.44,3.7,13.07,9.96,17.43,18.33,16.71,17.87,16.36,9.42,8.84,12.77,6.34,15.52,15.54,9.02,18.21,13.51,10.76,14.72,13.54,5.26,16.08,14.7,14.63,12.92,11.22,7.61,13.53,13.27,14.44,11.87,45.74,44.28,45.64,46.12,41.49,42.71,44.69,12.64,10.61,11.31,7.14,22.84,10.51,13.71,6.57,10.82,8.09,9.38,24.82,11.25,11.27,12.22,4.38,12.14,8.24,9.44,14.73,12.56,11.78,15.34,20.99,12.68,13.81,12.72,25.3,22.3,26.56,20.02,17.21,20.25,21.02,18.19,21.11,19.0,10.59,48.16,5.93,9.54,8.72,0.0,41.91,8.34,10.78,35.87,12.64,41.96,11.68,13.51,13.08,13.67,6.32,5.24,10.38,16.38,9.92,19.16,21.13
56.71,39.52,46.64,20.99,44.73,38.94,44.15,45.7,40.16,43.1,35.03,50.02,46.16,41.12,53.32,48.3,48.41,45.73,20.74,45.44,19.85,78.67,47.58,46.66,44.58,40.52,43.77,41.47,38.12,47.57,43.6,40.7,43.61,45.58,40.62,44.23,44.12,46.3,44.92,42.63,44.6,40.71,39.39,41.96,42.23,46.32,47.22,45.6,46.76,45.26,45.1,41.31,39.99,38.61,44.41,38.9,41.3,47.1,42.4,39.21,43.62,42.43,39.14,44.97,43.59,43.52,41.37,40.12,39.88,42.42,41.72,40.84,40.32,81.42,79.96,81.31,81.79,77.16,78.39,80.36,48.32,46.28,46.98,42.82,55.52,46.19,49.39,42.26,46.5,43.78,45.07,57.5,46.92,46.96,45.3,40.07,44.42,40.51,41.72,43.18,45.24,44.06,48.01,49.44,45.35,46.49,44.99,21.74,20.37,21.5,47.23,46.1,49.14,49.91,46.64,49.56,28.28,35.46,83.84,41.61,37.09,36.31,41.91,0.0,35.69,46.42,6.73,48.28,3.1,30.61,49.15,38.15,28.24,37.73,38.81,35.52,30.59,34.98,48.08,50.05
23.14,5.96,13.08,18.14,11.17,7.81,10.58,13.34,7.81,9.53,1.22,17.66,12.59,7.55,19.76,15.94,14.85,13.38,15.29,13.08,17.0,45.1,15.22,13.09,12.22,6.96,10.2,7.9,5.76,15.22,11.25,8.34,11.26,12.02,7.05,11.88,10.56,13.95,12.56,9.07,12.25,7.14,5.82,9.6,8.67,13.96,14.87,13.24,14.41,12.9,11.54,7.54,7.63,5.04,12.05,6.55,7.73,14.75,10.05,6.85,11.26,10.07,5.57,12.61,11.24,11.17,9.01,7.76,6.32,10.07,9.37,8.48,7.97,47.85,46.39,47.75,48.23,43.6,44.82,46.8,14.75,12.72,13.41,9.26,21.95,12.62,15.82,8.7,12.93,10.21,11.5,23.93,13.36,13.39,11.74,6.5,10.85,6.95,8.15,10.82,11.67,10.49,14.44,17.09,11.79,12.92,11.42,18.89,15.89,20.15,14.88,13.75,16.79,17.55,14.28,17.21,12.59,4.33,50.27,8.05,5.96,1.74,8.34,35.69,0.0,12.86,29.65,14.71,35.74,5.47,15.58,7.02,7.45,6.6,7.92,3.16,10.16,3.85,15.72,17.7
21.51,11.57,3.76,28.87,1.85,14.84,7.39,21.13,21.12,8.99,11.76,25.45,2.94,13.17,18.12,23.73,13.21,21.16,26.02,20.87,27.73,35.81,23.01,11.46,20.01,12.58,8.56,9.01,17.37,23.01,19.03,13.69,19.05,6.79,12.67,19.67,8.19,21.73,20.35,7.72,20.04,9.36,8.03,17.39,8.2,21.75,22.66,21.03,22.2,20.69,6.88,13.16,17.1,10.66,19.84,19.86,13.35,22.54,17.84,15.08,19.05,17.86,9.59,20.4,19.03,18.96,17.24,15.55,11.94,17.86,17.6,18.77,16.2,38.56,37.1,38.46,38.94,34.31,35.53,37.51,5.43,3.07,4.1,4.03,20.31,3.2,6.4,6.45,3.62,5.83,5.54,22.29,4.07,8.74,9.69,8.71,10.3,12.57,13.77,19.05,10.03,9.41,12.8,25.32,10.15,11.28,10.34,29.63,26.63,30.89,24.34,21.54,24.58,25.34,22.51,25.44,23.33,14.91,40.98,6.64,16.54,13.04,10.78,46.42,12.86,0.0,40.19,5.2,46.28,16.01,5.37,17.4,17.99,11.02,9.94,14.71,20.7,14.24,23.48,25.46
50.68,33.49,40.61,14.96,38.7,32.91,38.11,39.66,34.12,37.07,29.0,43.98,40.13,35.08,47.29,42.26,42.38,39.69,14.7,39.4,13.81,72.63,41.54,40.63,38.54,34.49,37.73,35.43,32.08,41.54,37.57,34.66,37.58,39.55,34.58,38.2,38.09,40.26,38.88,36.6,38.57,34.67,33.35,35.92,36.2,40.28,41.19,39.56,40.73,39.22,39.07,35.28,33.95,32.58,38.37,32.87,35.26,41.07,36.37,33.17,37.58,36.39,33.1,38.93,37.56,37.49,35.33,34.08,33.85,36.39,35.68,34.8,34.29,75.38,73.92,75.28,75.76,71.13,72.35,74.33,42.28,40.25,40.95,36.79,49.48,40.15,43.35,36.23,40.46,37.74,39.03,51.46,40.89,40.92,39.27,34.04,38.38,34.48,35.68,37.14,39.2,38.02,41.98,43.41,39.32,40.45,38.95,15.71,14.33,15.47,41.19,40.07,43.11,43.87,40.6,43.53,22.24,29.42,77.8,35.58,31.05,30.27,35.87,6.73,29.65,40.19,0.0,42.24,6.78,24.58,43.11,32.11,22.2,31.7,32.78,29.48,24.56,28.95,42.04,44.02
23.36,13.43,5.61,30.73,3.7,16.7,9.24,22.99,22.97,10.84,13.62,27.31,5.13,15.02,19.97,25.58,15.06,23.02,27.88,22.73,29.59,37.64,24.86,13.31,21.87,14.43,10.41,10.87,19.23,24.86,20.89,15.55,20.9,8.64,14.52,21.52,10.04,23.59,22.21,9.57,21.89,11.22,9.88,19.25,10.05,23.61,24.51,22.89,24.05,22.54,8.74,15.02,18.95,12.52,21.7,21.72,15.2,24.39,19.69,16.94,20.9,19.72,11.44,22.26,20.88,20.81,19.1,17.4,13.79,19.71,19.45,20.62,18.05,40.39,38.93,40.29,40.77,36.13,37.36,39.33,7.29,5.26,5.95,5.89,22.17,5.16,8.36,8.31,5.47,7.68,7.4,24.15,5.89,10.59,11.54,10.57,12.16,14.42,15.62,20.91,11.89,11.26,14.66,27.17,12.0,13.13,12.2,31.48,28.48,32.74,26.2,23.39,26.43,27.2,24.37,27.29,25.18,16.76,42.81,8.49,18.39,14.9,12.64,48.28,14.71,5.2,42.24,0.0,41.08,10.81,12.64,12.2,12.79,5.82,4.74,9.5,15.5,9.04,18.28,20.25
56.76,39.57,46.69,21.04,44.78,38.99,44.2,45.75,40.21,43.15,35.08,50.07,46.21,41.17,53.37,48.35,48.46,45.78,20.79,45.49,19.9,78.71,47.63,46.71,44.63,40.57,43.81,41.52,38.17,47.62,43.65,40.75,43.66,45.63,40.67,44.28,44.17,46.35,44.97,42.68,44.65,40.76,39.44,42.01,42.28,46.37,47.27,45.65,46.81,45.3,45.15,41.36,40.04,38.66,44.46,38.95,41.35,47.15,42.45,39.26,43.66,42.48,39.19,45.02,43.64,43.57,41.42,40.16,39.93,42.47,41.77,40.89,40.37,81.47,80.01,81.36,81.84,77.21,78.44,80.41,48.37,46.33,47.03,42.87,55.57,46.24,49.44,42.31,46.55,43.83,45.12,57.55,46.97,47.0,45.35,40.12,44.46,40.56,41.77,43.23,45.29,44.1,48.06,49.49,45.4,46.53,45.04,21.79,20.42,21.55,47.28,46.15,49.19,49.96,46.69,49.61,28.33,35.51,83.89,41.66,37.14,36.35,41.96,3.1,35.74,46.28,6.78,41.08,0.0,30.66,49.2,38.2,28.29,37.78,38.86,35.57,30.64,35.03,48.13,50.1
26.49,9.3,16.42,13.06,14.51,8.72,13.93,15.48,9.94,12.88,4.81,19.8,15.94,10.9,23.1,18.07,18.19,15.51,10.21,15.22,11.92,48.44,17.35,16.44,14.36,10.3,13.54,11.25,7.9,17.35,13.38,10.48,13.39,15.36,10.4,14.01,13.9,16.08,14.69,12.41,14.38,10.49,9.17,11.74,12.01,16.1,17.0,15.37,16.54,15.03,14.88,11.09,9.77,8.39,14.19,8.68,11.08,16.88,12.18,8.98,13.39,12.21,8.92,14.75,13.37,13.3,11.14,9.89,9.66,12.2,11.5,10.61,10.1,51.19,49.74,51.09,51.57,46.94,48.16,50.14,18.09,16.06,16.76,12.6,25.3,15.97,19.17,12.04,16.28,13.56,14.85,27.28,16.7,16.73,15.08,9.85,14.19,10.29,11.49,12.96,15.02,13.83,17.79,19.22,15.13,16.26,14.77,13.81,10.81,15.07,17.01,15.88,18.92,19.69,16.41,19.34,7.52,5.24,53.62,11.39,6.86,6.08,11.68,30.61,5.47,16.01,24.58,10.81,30.66,0.0,18.93,7.92,2.37,7.51,8.59,5.3,5.09,4.76,17.86,19.83
24.23,14.3,6.49,31.6,4.58,9.3,10.11,23.86,23.85,11.71,14.49,28.18,5.46,15.9,20.84,26.46,15.93,23.89,28.75,23.6,30.46,38.54,25.74,14.18,22.74,15.3,11.29,11.74,20.1,25.73,21.76,16.42,21.77,9.51,15.4,22.39,10.91,24.46,23.08,10.44,22.76,12.09,10.76,20.12,10.92,24.48,25.38,23.76,24.92,23.42,9.61,15.89,19.82,13.39,22.57,22.59,16.08,25.26,20.56,17.81,21.78,20.59,12.31,23.13,21.75,21.68,19.97,18.27,14.66,20.58,20.32,21.5,18.92,41.29,39.83,41.18,41.66,37.03,38.26,40.23,8.16,5.58,6.82,6.76,23.04,5.93,9.13,9.18,6.34,8.55,8.27,25.02,6.79,11.46,12.41,11.44,13.03,15.29,16.49,21.78,12.76,12.13,15.53,28.04,12.87,14.01,13.07,32.35,29.35,33.61,27.07,24.26,27.3,28.07,25.24,28.16,26.05,17.64,43.71,4.65,8.92,15.77,13.51,49.15,15.58,5.37,43.11,12.64,49.2,18.93,0.0,20.13,20.72,13.75,12.67,17.43,23.43,16.96,26.2,28.18
27.89,10.7,17.82,20.6,15.91,2.3,15.32,17.03,11.49,14.28,6.21,21.35,17.34,12.29,24.5,19.62,19.59,17.06,17.75,16.77,19.45,49.84,18.9,17.84,15.91,11.7,14.94,12.64,9.45,18.9,14.93,12.03,14.94,16.76,11.79,15.56,15.3,17.63,16.24,13.81,15.93,11.88,10.56,13.29,13.41,17.65,18.55,16.92,18.09,16.58,16.28,12.28,11.32,9.78,15.73,10.23,12.47,18.43,13.73,10.53,14.94,13.76,10.31,16.3,14.92,14.85,12.69,11.44,11.06,13.75,13.05,12.16,11.65,52.59,51.13,52.49,52.97,48.34,49.56,51.54,19.49,17.46,18.16,14.0,26.69,17.36,20.56,13.44,17.67,14.95,16.24,28.67,18.1,18.13,16.48,11.25,15.59,11.69,12.89,14.51,16.41,15.23,19.18,20.77,16.53,17.66,16.16,21.35,18.35,22.61,18.56,17.43,20.47,21.23,17.96,20.89,15.05,1.57,55.01,8.7,1.9,7.49,13.08,38.15,7.02,17.4,32.11,12.2,38.2,7.92,20.13,0.0,9.91,1.19,2.27,6.85,12.62,3.17,19.41,21.38
28.47,11.28,18.4,10.69,16.49,10.71,15.91,17.46,11.92,14.86,6.8,21.78,17.92,12.88,25.08,20.06,20.18,17.49,7.84,17.2,9.55,50.43,19.34,18.42,16.34,12.28,15.53,13.23,9.88,19.34,15.36,12.46,15.37,17.35,12.38,15.99,15.88,18.06,16.68,14.4,16.37,12.47,11.15,13.72,14.0,18.08,18.99,17.36,18.53,17.02,16.86,13.07,11.75,10.37,16.17,10.66,13.06,18.87,14.17,10.97,15.38,14.19,10.9,16.73,15.35,15.29,13.13,11.88,11.64,14.19,13.48,12.6,12.09,53.18,51.72,53.08,53.56,48.92,50.15,52.12,20.08,18.05,18.74,14.58,27.28,17.95,21.15,14.02,18.26,15.54,16.83,29.26,18.68,18.72,17.06,11.83,16.18,12.28,13.48,14.94,17.0,15.82,19.77,21.2,17.11,18.25,16.75,11.44,8.44,12.7,18.99,17.86,20.9,21.67,18.4,21.32,5.14,7.22,55.6,13.37,8.85,8.07,13.67,28.24,7.45,17.99,22.2,12.79,28.29,2.37,20.72,9.91,0.0,9.49,10.57,7.28,2.71,6.74,19.84,21.82
24.51,10.28,11.44,20.18,9.53,1.66,8.93,16.61,11.07,13.86,5.79,20.93,10.96,11.88,21.12,19.21,16.21,16.64,17.33,16.35,19.04,43.46,18.49,14.46,15.49,11.28,11.56,12.23,9.03,18.49,14.51,11.61,14.52,10.37,11.38,15.14,11.19,17.21,15.83,13.39,15.52,11.47,4.17,12.87,12.99,17.23,18.14,16.51,17.68,16.17,9.89,11.87,10.9,9.37,15.32,9.82,12.06,18.02,13.32,10.12,14.53,13.34,9.9,15.88,14.5,14.44,12.28,11.03,10.64,13.34,12.63,11.75,11.24,46.21,44.75,46.11,46.59,41.96,43.18,45.16,13.11,11.08,11.78,7.61,23.32,10.98,14.18,7.04,11.29,8.56,9.85,25.29,11.72,11.74,12.69,4.85,15.17,11.27,12.48,14.09,13.04,14.81,15.81,20.35,13.15,14.28,15.75,20.93,17.93,22.19,18.14,17.01,20.05,20.82,17.55,20.47,14.64,2.43,48.63,6.4,1.48,7.07,6.32,37.73,6.6,11.02,31.7,5.82,37.78,7.51,13.75,1.19,9.49,0.0,1.08,6.43,12.21,2.75,18.99,20.97
23.43,6.64,10.36,21.26,8.45,2.74,7.85,16.2,16.18,10.22,6.83,20.52,9.88,8.24,20.04,18.8,15.13,16.23,18.41,15.94,20.12,42.38,18.07,13.38,15.08,7.64,10.48,8.59,12.44,18.07,14.1,8.76,14.11,9.29,7.74,14.73,10.11,16.8,15.42,9.64,15.1,7.83,3.09,12.46,9.35,16.82,17.72,16.1,17.26,15.75,8.81,8.23,12.16,5.73,14.91,14.93,8.41,17.6,12.9,10.15,14.11,12.93,4.65,15.47,14.09,14.02,12.31,10.61,7.0,12.92,12.66,13.83,11.26,45.13,43.67,45.03,45.51,40.88,42.1,44.08,12.03,10.0,10.7,6.53,22.23,9.9,13.1,5.96,10.21,7.48,8.77,24.21,10.64,10.66,11.61,3.77,11.53,7.63,8.83,14.12,11.95,11.17,14.73,20.38,12.07,13.2,12.11,22.01,19.01,23.27,19.41,16.6,19.64,20.41,17.58,20.5,15.72,3.51,47.55,5.32,2.56,8.11,5.24,38.81,7.92,9.94,32.78,4.74,38.86,8.59,12.67,2.27,10.57,1.08,0.0,7.51,13.29,3.83,18.55,20.52
25.19,8.0,15.12,17.97,13.21,7.64,12.63,11.0,5.47,11.58,3.26,15.32,14.64,9.6,21.8,13.6,16.89,11.03,15.12,10.74,16.83,47.14,12.88,15.14,9.88,9.0,12.24,9.95,3.42,12.88,8.91,6.0,8.92,14.06,9.09,9.54,12.6,11.6,10.22,11.11,9.91,9.19,7.87,7.26,10.71,11.62,12.53,10.9,12.07,10.56,13.58,6.62,5.29,7.09,9.71,4.21,9.77,12.41,7.71,4.51,8.92,7.73,7.62,10.27,8.9,8.83,6.67,5.42,8.36,7.73,7.03,6.14,5.63,49.89,48.43,49.79,50.27,45.64,46.86,48.84,16.79,14.76,15.46,11.3,23.99,14.66,17.87,10.74,14.97,12.25,13.55,25.97,15.4,15.43,13.78,8.55,12.89,8.99,10.19,8.48,13.71,12.53,16.49,14.75,13.83,14.96,13.47,18.72,15.72,19.98,12.54,11.41,14.45,15.21,11.94,14.87,12.42,4.16,52.31,10.09,5.78,3.78,10.38,35.52,3.16,14.71,29.48,9.5,35.57,5.3,17.43,6.85,7.28,6.43,7.51,0.0,9.99,3.68,13.38,15.36
31.19,14.0,21.12,13.04,19.21,13.42,18.63,20.17,14.64,17.58,9.51,24.49,20.64,15.59,27.8,22.77,22.89,20.2,10.19,19.91,11.9,53.14,22.05,21.14,19.05,15.0,18.24,15.94,12.59,22.05,18.08,15.17,18.09,20.06,15.09,18.71,18.6,20.77,19.39,17.11,19.08,15.18,13.87,16.43,16.71,20.79,21.7,20.07,21.24,19.73,19.58,15.79,14.46,13.09,18.88,13.38,15.77,21.58,16.88,13.68,18.09,16.9,13.61,19.44,18.07,18.0,15.84,14.59,14.36,16.9,16.2,15.31,14.8,55.89,54.43,55.79,56.27,51.64,52.86,54.84,22.79,20.76,21.46,17.3,29.99,20.66,23.86,16.74,20.97,18.25,19.55,31.97,21.4,21.43,19.78,14.55,18.89,14.99,16.19,17.65,19.71,18.53,22.49,23.92,19.83,20.96,19.47,13.79,10.79,15.05,21.71,20.58,23.62,24.38,21.11,24.04,7.5,9.93,58.31,16.09,11.56,10.78,16.38,30.59,10.16,20.7,24.56,15.5,30.64,5.09,23.43,12.62,2.71,12.21,13.29,9.99,0.0,9.46,22.55,24.53
24.72,7.53,14.65,17.43,12.74,3.96,12.16,13.86,8.32,11.11,3.04,18.18,14.17,9.13,21.33,16.46,16.42,13.89,14.58,13.6,16.29,46.67,15.74,14.67,12.74,8.53,11.78,9.48,6.28,15.74,11.76,8.86,11.77,13.59,8.63,12.39,12.13,14.46,13.08,10.64,12.77,8.72,7.4,10.12,10.24,14.48,15.39,13.76,14.93,13.42,13.11,9.12,8.15,6.62,12.57,7.07,9.31,15.27,10.57,7.37,11.78,10.59,7.15,13.13,11.75,11.69,9.53,8.28,7.89,10.59,9.88,9.0,8.49,49.43,47.97,49.32,49.8,45.17,46.4,48.37,16.33,14.29,14.99,10.83,23.53,14.2,17.4,10.27,14.51,11.79,13.08,25.51,14.93,14.97,13.31,8.08,12.42,8.52,9.73,11.34,13.25,12.06,16.02,17.6,13.36,14.5,13.0,18.18,15.18,19.44,15.39,14.26,17.3,18.07,14.8,17.72,11.89,1.6,51.85,9.62,2.1,4.32,9.92,34.98,3.85,14.24,28.95,9.04,35.03,4.76,16.96,3.17,6.74,2.75,3.83,3.68,9.46,0.0,16.24,18.22
33.97,16.78,23.89,30.53,21.98,20.2,21.4,11.27,9.21,20.36,16.62,5.34,23.41,18.37,30.58,3.62,25.67,6.16,27.68,4.34,29.39,55.92,2.4,23.92,6.08,17.78,21.02,18.72,9.18,0.8,9.75,13.28,6.89,22.83,17.87,7.07,21.38,4.16,10.49,19.89,5.66,17.96,16.64,7.11,19.49,11.89,3.5,3.97,2.56,4.81,22.35,13.9,9.05,15.87,9.98,7.95,18.55,3.38,7.97,11.79,5.52,7.93,16.39,4.42,6.91,9.67,13.95,12.7,17.14,8.57,14.3,8.36,9.51,58.67,57.21,58.56,59.04,54.41,55.64,57.61,25.57,23.53,24.23,20.07,32.77,23.44,26.64,19.51,23.75,21.03,22.32,34.75,24.17,24.21,22.56,17.32,21.67,17.77,18.97,15.76,22.49,21.31,25.27,19.85,22.61,23.74,22.24,31.28,28.28,32.54,14.48,11.67,4.47,5.23,17.24,19.96,24.98,16.72,61.09,18.86,18.34,17.89,19.16,48.08,15.72,23.48,42.04,18.28,48.13,17.86,26.2,19.41,19.84,18.99,18.55,13.38,22.55,16.24,0.0,5.71
35.94,18.75,25.87,32.5,23.96,22.18,23.38,13.24,11.18,22.33,18.59,1.33,25.39,20.35,32.55,2.19,27.65,8.13,29.65,6.32,31.36,57.89,4.02,25.89,8.06,19.75,23.0,20.7,11.16,4.97,11.72,15.26,8.87,24.81,19.85,9.04,23.35,4.69,12.46,21.87,7.63,19.94,18.62,9.09,21.46,13.86,5.48,5.94,3.74,6.78,24.33,15.87,11.02,17.84,11.95,9.93,20.53,5.36,9.95,13.77,7.49,9.91,18.37,6.39,8.89,11.65,15.93,14.68,19.11,10.55,16.28,10.34,11.48,60.64,59.18,60.54,61.02,56.39,57.61,59.59,27.54,25.51,26.21,22.05,34.75,25.41,28.62,21.49,25.72,23.0,24.3,36.73,26.15,26.18,24.53,19.3,23.65,19.75,20.95,17.74,24.47,23.29,27.24,21.82,24.58,25.72,24.22,33.26,30.26,34.52,16.46,13.65,3.04,0.65,19.22,21.94,26.96,18.69,63.06,20.84,20.32,19.87,21.13,50.05,17.7,25.46,44.02,20.25,50.1,19.83,28.18,21.38,21.82,20.97,20.52,15.36,24.53,18.22,5.71,0.0
