0.0,18.87,33.11,38.52,13.07,31.39,25.74,27.33,16.63,34.19,31.12,33.47,7.18,18.76,35.12,32.43,16.41,30.49,18.18,34.63,35.54,28.5,23.71,33.61,22.1,29.87,34.21,14.81,18.65,31.6,36.22,30.95,37.25,37.18,28.81,36.19,17.57,29.13,29.85,36.01,30.36,36.26,39.32,21.55,30.21,35.02,36.86,39.42,29.56,29.1,31.33,32.22,20.12,31.96,29.39,31.7,24.68,37.99,28.08,38.27,20.86,38.0,22.93,33.02,18.86,24.39,34.3,34.61,33.99,36.79,35.77,27.14,30.66,26.88,28.8,33.33,20.61,30.44,30.2,33.89,28.35,31.78,32.6,29.41,28.26,33.19,31.17,24.08,34.96,29.22,25.89,26.55,27.06,33.32,29.91,38.6,16.04,18.91,20.24,31.08,28.96,21.42,34.1,28.17,29.4,31.68,24.54,23.14,30.8,24.32,23.28,17.06,38.15,24.45,23.03,21.65,26.48,25.63,17.43,17.84,17.02,17.01,18.62,21.06,17.34,22.21,19.02,20.08,22.01,19.26,16.52,15.24,13.88,16.24,13.31,20.92,16.33,15.67,16.68,17.16,14.16,12.72,20.29,12.9,12.9,13.06,16.8,15.4,15.5,20.75,17.32,38.12,35.61,35.47,36.94,34.08,35.54,32.38,35.03,33.05,32.18,35.37,38.62,35.05,30.62,35.11,31.9,3.37,9.14,9.03,6.66,7.98,3.88,5.79,8.2,11.06,9.37,9.23,1.58,6.02,6.66,13.49,10.6,6.41,4.16,10.24,1.5,5.22,3.08,9.21,8.72,5.15,5.94,6.13,6.32,11.01,2.8,9.49,3.85,6.66,11.93,2.28,9.99,21.47,17.23,16.39,16.54,17.32,17.73,17.51,17.74,16.48,16.34,9.28,14.91,16.65,26.66,13.0,22.14,9.9,17.54,13.67,19.65,15.94,17.43,10.24,17.56,12.26,13.44,12.77,13.5,18.84,7.1,15.52,17.23,10.52,13.83,14.12,20.72,30.44,29.8,32.18,31.36,32.04,34.96,27.06,26.49,32.89,28.85,32.04,29.96,34.2,29.57,35.19,30.72,29.02,6.43,34.03,32.46,33.21,30.58,31.86,33.12,38.94,31.22,31.92,30.78,35.17,29.29,30.86,31.97,31.59,25.79,27.57,30.45,28.02,36.7,39.64,38.04,33.34,24.93,26.4,20.26,25.94,26.2,24.92,26.62,26.69,19.39,21.58,24.68,34.65,27.94,22.87,19.37,20.44,20.94,19.61,19.74,26.19,22.36,33.69,23.81,28.16,24.66,21.27,23.07,27.3,26.01,21.0,23.89,19.21,28.47,29.28,27.87,38.72,36.03,25.38,31.98,23.81,37.29,38.55,24.58,32.41,22.1,30.68,23.64,32.54,23.63,25.77,37.49,32.74,35.6,35.03,35.09,42.62
18.87,0.0,14.74,19.27,8.56,22.25,16.61,18.2,4.13,25.06,21.98,24.34,11.74,6.26,25.99,23.29,22.43,21.35,9.7,25.5,26.41,19.37,14.58,24.48,6.26,15.44,25.07,5.68,21.87,17.17,27.08,16.53,28.11,28.04,14.38,27.06,5.07,20.0,20.71,26.88,21.23,27.12,30.18,4.47,21.07,25.88,27.72,30.29,15.14,19.97,22.19,23.09,23.33,22.82,20.25,22.56,15.55,28.85,13.65,29.13,16.8,28.86,10.88,23.88,15.71,12.33,25.16,25.47,24.86,27.65,26.63,12.71,21.53,17.74,12.48,24.2,16.95,21.3,21.06,24.76,13.92,22.65,23.47,13.2,13.83,24.06,22.03,9.71,25.82,20.09,16.75,17.41,17.93,24.18,13.49,29.46,3.2,21.92,17.25,21.95,19.83,9.37,24.96,19.03,20.27,22.54,10.8,11.08,12.19,15.18,16.03,4.55,29.02,11.71,10.98,9.6,12.22,11.48,23.06,20.84,19.14,18.61,20.43,13.81,17.07,14.96,16.93,16.17,14.76,12.01,26.51,23.37,18.47,23.01,21.17,13.67,24.45,18.75,21.42,21.9,25.67,17.32,13.04,17.5,24.37,17.66,27.56,20.0,23.62,13.5,20.33,28.98,26.47,26.33,27.81,24.95,26.4,23.25,25.89,23.91,23.04,26.23,29.49,25.92,21.48,25.97,22.76,21.56,13.74,16.35,14.37,17.09,17.57,15.36,12.8,20.17,17.24,18.34,17.46,24.21,15.4,22.6,15.2,15.52,15.7,14.84,19.69,16.63,16.77,16.82,10.34,14.19,15.05,13.9,12.89,18.88,16.49,14.08,22.04,14.21,16.53,20.47,19.1,9.41,4.73,7.79,7.4,2.3,3.39,8.38,5.23,6.4,7.2,12.09,8.15,9.4,29.07,7.95,10.09,9.87,11.32,5.25,7.6,9.72,10.18,9.56,8.42,6.66,7.87,8.24,6.33,6.79,13.45,3.8,9.98,9.85,7.61,7.89,8.67,16.02,15.38,17.75,16.93,22.91,25.83,17.93,17.35,23.75,19.72,22.9,20.82,25.06,20.44,26.05,21.59,19.88,16.87,24.89,23.32,24.07,21.44,22.72,23.98,29.8,14.81,15.14,14.57,16.18,20.15,14.44,13.47,15.7,11.36,13.14,16.02,13.59,27.56,30.5,28.91,24.2,6.18,7.65,7.76,9.78,7.45,6.17,7.87,8.74,6.89,8.68,9.96,18.48,9.19,4.12,6.87,7.94,2.19,7.11,7.24,7.44,3.61,17.52,5.06,11.99,5.91,2.52,7.23,9.07,7.26,8.12,5.14,6.71,12.3,10.53,9.12,29.58,16.79,9.54,17.55,7.97,18.04,19.31,10.15,17.98,6.25,14.51,9.21,18.11,7.78,11.35,17.92,18.31,16.03,15.78,15.84,23.38
33.11,14.74,0.0,5.4,22.76,24.99,19.34,16.28,18.32,23.14,17.54,28.38,25.94,15.55,24.07,18.84,36.27,24.09,18.35,23.58,24.49,17.45,17.31,20.03,13.46,3.77,29.12,20.29,35.71,3.87,25.16,2.3,22.4,21.17,4.44,21.12,16.86,18.08,18.79,29.61,19.31,25.21,17.82,14.22,19.16,21.96,30.46,16.48,8.15,22.7,20.28,19.16,37.17,20.91,22.98,20.64,18.28,26.94,5.53,18.14,30.63,26.94,14.69,21.96,29.55,14.1,27.9,27.43,27.59,25.74,22.88,6.1,24.26,20.47,11.84,20.27,30.79,19.39,19.14,22.84,6.93,25.38,26.2,12.45,6.85,22.14,24.77,11.14,28.55,10.7,15.49,20.14,16.67,26.92,10.19,20.2,17.47,35.76,31.09,20.03,22.56,15.91,27.69,21.77,23.0,25.28,12.23,14.29,10.94,15.16,29.87,16.82,22.14,16.4,13.46,14.53,12.58,13.38,36.9,34.68,32.98,32.45,34.27,27.65,30.91,28.8,30.77,30.0,28.6,25.85,40.35,37.21,36.85,36.85,39.6,27.51,38.29,32.59,35.26,35.74,39.51,31.51,26.88,31.69,38.21,31.85,41.4,34.19,37.46,27.34,34.17,31.71,30.52,29.06,30.54,27.68,29.14,25.98,28.15,26.98,26.9,29.65,27.57,29.34,24.22,24.06,26.33,35.76,27.93,30.54,28.56,31.28,31.76,29.56,26.99,34.36,31.43,32.53,31.65,38.4,29.59,36.79,29.39,29.71,29.89,29.03,33.88,30.82,30.96,31.02,24.53,28.38,29.24,28.09,27.08,33.07,30.68,28.28,36.23,28.4,30.72,34.66,33.29,18.07,18.92,21.63,21.24,19.12,18.05,21.06,18.11,18.62,21.04,26.28,21.99,23.24,42.91,22.14,18.74,24.07,25.28,19.44,16.26,23.69,24.02,23.76,22.26,20.86,22.06,22.43,20.52,16.98,27.64,18.6,23.81,24.04,21.8,22.08,14.32,4.31,5.43,1.31,5.22,20.99,23.91,15.95,15.44,21.83,17.8,20.98,18.91,23.15,18.52,24.14,19.67,17.96,31.06,22.97,21.4,22.15,15.96,18.8,20.06,16.0,9.7,8.16,13.82,9.2,12.23,8.56,10.31,14.95,7.42,6.55,9.03,7.51,23.64,18.74,21.61,19.63,13.5,14.97,14.27,6.0,9.6,13.49,7.73,6.99,15.34,17.82,6.43,18.83,15.75,11.07,15.33,13.52,13.19,17.87,14.44,14.76,13.51,13.74,9.84,8.22,13.23,12.22,7.83,7.6,14.58,17.24,12.46,13.9,8.52,17.01,15.51,15.78,2.92,14.14,5.84,8.88,4.18,5.44,8.92,1.47,12.44,1.9,9.92,4.81,11.74,7.27,4.38,5.01,2.48,1.92,1.98,9.51
38.52,19.27,5.4,0.0,28.16,30.39,24.75,21.68,23.72,28.54,22.94,33.79,31.34,20.96,29.47,24.25,41.68,29.49,23.75,28.98,29.89,22.85,22.72,25.43,13.34,9.17,34.52,25.69,41.11,9.27,30.57,7.7,27.81,26.57,9.84,26.53,22.26,23.48,24.2,35.01,24.71,30.61,23.22,19.62,24.56,27.36,35.86,21.89,13.56,28.11,25.68,24.57,42.58,26.31,28.39,26.05,23.68,32.34,10.93,23.54,36.04,32.35,20.09,27.37,34.95,19.5,33.3,32.83,32.99,31.14,28.29,11.5,29.67,25.88,17.24,25.67,36.19,24.79,24.55,28.24,12.34,30.78,31.6,17.85,12.25,27.54,30.17,16.54,33.96,16.11,20.9,25.55,22.07,32.32,15.59,25.6,22.87,41.16,36.49,25.43,27.97,21.31,33.1,27.17,28.41,30.68,17.63,19.69,16.34,20.56,35.27,22.22,27.55,21.8,18.87,19.93,17.98,18.78,42.31,40.09,38.38,37.85,39.67,33.06,36.31,34.2,36.17,35.41,34.0,31.25,45.75,42.61,42.25,42.26,45.01,32.92,43.69,37.99,40.67,41.15,44.91,36.91,32.29,37.09,43.61,37.25,46.8,39.59,42.87,32.74,39.57,37.12,35.92,34.47,35.94,33.08,34.54,31.38,33.55,32.39,32.3,35.06,32.97,34.74,29.62,29.46,31.74,41.16,33.34,35.94,33.96,36.69,37.16,34.96,32.4,39.77,36.83,37.93,37.06,43.81,35.0,42.2,34.8,35.12,35.29,34.44,39.28,36.22,36.36,36.42,29.93,33.78,34.64,33.49,32.49,38.47,36.09,33.68,41.63,33.81,36.13,40.06,38.7,23.47,24.32,27.04,26.64,24.53,23.45,26.46,23.52,24.02,26.45,31.68,27.4,28.64,48.31,27.54,24.15,29.47,30.69,24.84,21.66,29.09,29.42,29.16,27.66,26.26,27.47,27.84,25.93,22.38,33.04,24.0,29.22,29.44,27.2,27.49,19.72,9.71,10.83,6.71,10.62,26.39,29.31,21.36,20.84,27.24,23.21,26.39,24.31,28.55,23.92,29.54,25.07,23.37,36.47,28.38,26.81,27.56,21.36,24.2,25.46,21.4,15.11,13.56,19.22,14.6,17.63,13.96,15.71,20.35,12.82,11.96,14.44,12.91,29.04,24.14,27.02,25.03,18.04,19.51,19.67,10.53,14.13,18.02,12.26,11.52,20.75,23.23,10.96,14.99,20.28,15.61,20.73,18.92,17.72,23.27,19.84,19.3,18.05,16.21,14.38,12.75,17.76,16.75,12.36,12.13,19.11,22.64,16.99,19.31,13.06,21.54,20.05,21.18,2.48,19.54,11.24,13.41,1.75,1.6,14.32,6.87,17.84,6.44,15.32,10.21,17.14,12.68,5.11,10.41,7.02,4.05,5.11,5.66
13.07,8.56,22.76,28.16,0.0,21.03,15.39,16.97,6.27,23.83,20.76,23.11,5.89,8.4,24.76,22.07,15.16,20.13,7.82,24.27,25.18,18.14,13.36,23.26,11.74,19.51,23.85,4.45,20.65,21.24,25.86,20.59,26.89,26.82,18.45,25.83,7.21,18.77,19.49,25.65,20.0,25.9,28.96,11.19,19.85,24.66,26.5,29.07,19.2,18.75,20.97,21.87,22.11,21.6,19.03,21.34,14.32,27.63,17.72,27.91,13.69,27.64,12.57,22.66,12.6,14.03,23.94,24.25,23.63,26.43,25.41,16.78,20.31,16.52,18.44,22.97,13.84,20.08,19.84,23.53,17.99,21.42,22.24,19.06,17.9,22.83,20.81,13.72,24.6,18.86,15.53,16.19,16.7,22.96,19.55,28.24,5.68,20.69,14.14,20.72,18.61,11.06,23.74,17.81,19.05,21.32,14.18,12.78,20.44,13.96,12.92,6.7,27.8,14.09,12.67,11.29,16.13,15.27,16.17,19.62,15.77,15.76,19.21,10.7,13.96,11.85,13.82,13.06,11.65,8.9,18.48,15.34,12.62,14.98,15.32,10.56,16.42,14.41,15.43,15.91,16.18,11.47,9.93,11.64,14.92,11.8,18.81,14.14,15.59,10.39,19.11,27.76,25.25,25.11,26.58,23.72,25.18,22.02,24.67,22.69,21.82,25.01,28.26,24.69,20.26,24.75,21.54,15.71,7.89,10.49,11.16,11.24,11.72,9.51,6.95,14.32,11.39,12.49,11.61,18.36,12.19,16.75,9.35,9.67,9.84,8.99,13.83,10.78,10.91,10.97,4.48,8.34,9.19,8.04,7.04,13.02,10.64,8.23,16.18,11.0,10.68,14.61,13.25,11.11,6.87,6.04,6.18,6.96,7.37,7.16,7.38,6.12,5.98,8.88,4.55,6.29,27.85,0.93,11.78,4.02,7.18,3.32,9.29,5.59,7.07,3.71,7.2,1.9,4.66,2.41,3.14,8.48,10.24,5.16,6.87,4.0,3.47,3.76,10.36,20.08,19.44,21.82,21.0,21.68,24.6,16.71,16.13,22.53,18.5,21.68,19.6,23.84,19.21,24.83,20.36,18.66,13.66,23.67,22.1,22.85,20.22,21.5,22.76,28.58,20.86,21.56,20.42,24.81,18.93,20.5,21.61,21.23,15.43,17.21,20.09,17.66,26.34,29.28,27.68,22.98,14.57,16.04,9.91,15.59,15.84,14.56,16.26,16.33,9.03,11.22,14.32,24.29,17.58,12.51,9.01,10.08,10.58,9.25,9.38,15.83,12.0,23.33,13.45,17.8,14.3,10.91,12.72,16.94,15.65,10.64,13.53,8.85,18.11,18.92,17.51,28.36,25.67,15.02,21.62,13.45,26.93,28.2,14.22,22.05,11.74,20.32,13.28,22.18,13.27,15.41,27.13,22.38,25.24,24.67,24.73,32.26
31.39,22.25,24.99,30.39,21.03,0.0,6.25,12.92,16.14,6.51,16.7,4.18,24.7,17.75,9.48,18.02,31.37,3.91,15.45,11.06,7.75,14.09,7.76,19.2,18.11,21.72,4.91,17.07,30.81,23.46,12.64,22.81,22.84,22.76,20.67,21.78,21.39,12.01,15.43,6.72,10.95,5.95,24.9,18.87,13.32,20.61,7.57,25.01,20.28,4.54,11.85,17.81,32.27,17.55,3.58,16.34,6.71,6.85,19.94,23.85,26.08,6.6,11.61,8.31,25.0,13.06,5.01,6.07,4.7,8.48,21.36,20.58,0.84,4.51,14.39,18.92,26.23,16.03,12.11,11.03,19.06,2.49,3.31,15.0,18.97,18.78,1.88,14.09,5.66,14.81,11.47,5.94,12.65,4.02,15.49,24.18,19.86,30.85,26.53,10.19,3.33,11.68,4.8,3.9,2.14,2.38,13.22,11.81,16.39,9.38,25.32,20.88,23.74,9.51,11.7,10.48,11.55,10.69,32.0,29.78,28.42,27.9,29.37,23.1,26.35,24.25,26.21,25.45,24.04,21.29,35.45,32.3,31.95,31.95,34.7,22.96,33.39,28.03,30.36,30.84,34.61,33.87,22.33,32.56,33.31,30.62,36.49,33.88,32.56,22.79,29.27,8.82,6.31,6.17,7.65,4.79,6.24,3.09,5.73,4.52,3.22,6.07,6.55,5.76,2.67,5.59,3.37,34.52,26.7,29.31,27.33,30.05,30.53,28.32,25.76,33.13,30.2,31.3,30.42,37.17,28.36,35.56,28.16,28.48,28.66,27.8,32.65,29.59,29.73,29.78,23.3,27.15,28.01,26.86,25.85,31.84,29.45,27.04,35.0,27.17,29.49,33.43,32.06,15.17,19.01,17.08,16.34,21.14,21.55,19.11,15.21,18.08,17.37,25.05,17.44,18.68,38.01,20.91,15.84,22.83,20.73,18.21,13.35,19.13,19.46,22.52,19.15,19.62,20.83,19.87,19.29,14.08,26.41,19.34,19.26,22.81,19.62,18.81,12.31,22.3,21.66,24.04,23.21,11.15,7.49,12.65,12.08,8.17,13.1,8.78,15.55,7.45,12.69,7.98,9.98,11.69,29.83,13.82,14.82,13.36,16.16,17.45,18.71,24.53,16.81,17.51,16.37,20.75,14.88,16.44,17.56,17.17,18.48,21.02,21.16,21.46,22.29,25.22,23.63,18.92,28.76,30.23,18.62,21.95,25.31,28.74,23.43,22.7,19.28,14.92,20.69,30.66,31.76,26.7,19.26,17.45,24.76,16.74,16.01,30.02,26.19,29.7,27.64,24.17,28.48,25.09,19.08,23.31,29.83,14.34,27.71,17.84,24.48,33.1,31.7,24.3,27.89,18.79,23.84,19.82,29.15,30.41,16.22,24.27,17.09,26.87,15.28,24.4,16.39,19.22,29.35,24.59,27.46,26.89,26.95,35.93
25.74,16.61,19.34,24.75,15.39,6.25,0.0,7.27,10.49,9.9,11.06,8.33,19.06,12.1,15.06,12.37,25.72,5.35,9.8,14.57,11.14,8.45,2.11,13.56,12.46,16.08,9.06,11.42,25.16,17.81,16.16,17.17,17.19,17.12,15.02,16.14,15.75,9.07,9.79,10.87,10.3,9.34,19.26,13.22,10.15,14.96,11.72,19.37,14.63,3.96,11.27,12.17,26.62,11.9,4.24,11.64,1.06,11.01,14.29,18.21,20.43,9.99,5.96,12.96,19.35,7.41,9.16,9.46,8.85,12.64,15.71,14.94,5.52,1.73,8.74,13.27,20.59,10.38,10.14,13.83,13.41,6.64,7.46,9.36,13.33,13.14,6.03,8.45,9.81,9.16,5.83,1.4,7.0,8.18,9.85,18.54,14.22,25.21,20.89,11.02,3.82,6.03,8.95,3.03,4.26,6.53,7.57,6.17,10.74,3.73,19.67,15.23,18.1,3.86,6.06,4.83,5.9,5.05,26.36,24.14,22.78,22.25,23.72,17.45,20.71,18.6,20.57,19.81,18.4,15.65,29.8,26.66,26.3,26.3,29.06,17.31,27.74,22.39,24.72,25.2,28.96,28.22,16.68,26.92,27.66,24.97,30.85,28.23,26.92,17.14,23.62,12.97,10.47,10.32,11.8,8.94,10.39,7.24,9.88,7.91,7.04,10.22,10.71,9.91,5.48,8.98,6.75,28.88,21.06,23.66,21.68,24.4,24.88,22.68,20.11,27.48,24.55,25.65,24.77,31.52,22.72,29.91,22.51,22.83,23.01,22.15,27.0,23.94,24.08,24.14,17.65,21.5,22.36,21.21,20.2,26.19,23.8,21.4,29.35,21.53,23.84,27.78,26.42,9.52,13.37,11.43,10.69,15.5,15.9,13.46,9.56,12.43,11.72,19.4,11.79,13.04,32.36,15.26,10.2,17.19,15.09,12.56,7.71,13.49,13.82,16.88,13.51,13.98,15.19,14.22,13.64,8.43,20.76,13.69,13.61,17.16,13.97,13.17,6.66,16.66,16.02,18.39,17.57,11.98,10.88,7.01,6.43,12.83,8.8,11.98,9.9,14.14,9.51,15.13,10.66,8.96,24.19,13.97,12.4,13.15,10.52,11.8,13.06,18.88,11.16,11.86,10.72,15.11,9.23,10.8,11.91,11.53,12.83,15.37,15.51,15.82,16.64,19.58,17.98,13.28,23.11,24.58,12.97,16.3,19.66,23.1,17.79,17.05,13.64,9.27,15.04,25.01,26.11,21.05,13.62,11.81,19.12,11.09,10.36,24.37,20.54,24.05,21.99,18.52,22.83,19.44,13.43,17.66,24.18,8.69,22.07,12.2,18.83,27.45,26.05,18.66,22.25,13.14,18.19,14.17,23.5,24.77,10.58,18.62,11.44,21.23,9.64,18.75,10.74,13.57,23.7,18.95,21.81,21.24,21.3,30.28
27.33,18.2,16.28,21.68,16.97,12.92,7.27,0.0,11.92,6.56,3.78,11.8,20.08,13.54,7.79,5.1,26.75,10.59,11.23,7.3,8.21,1.17,3.82,6.28,12.23,12.62,12.54,12.45,26.18,14.35,8.89,13.7,9.92,9.85,11.56,8.86,16.77,1.8,2.52,15.67,3.03,8.63,11.99,12.99,4.15,7.69,16.52,12.75,11.17,9.21,4.0,4.89,27.65,4.63,9.49,4.37,4.79,10.66,10.83,10.94,21.46,10.36,7.39,5.69,20.37,5.74,13.96,10.85,14.1,9.46,8.44,11.48,10.77,6.98,5.28,6.0,21.61,3.11,2.87,6.56,9.95,11.89,12.71,5.89,9.86,5.86,11.19,8.21,15.06,5.7,1.94,6.65,3.12,12.09,6.38,11.26,15.24,26.23,21.91,3.75,9.07,7.46,12.53,8.28,9.51,11.78,7.24,7.6,7.28,3.76,20.69,16.26,10.82,5.29,4.38,6.26,4.04,3.18,27.38,25.16,23.8,23.27,24.75,18.48,21.73,19.62,21.59,20.83,19.42,16.67,30.83,27.68,27.32,27.33,30.08,18.34,28.77,23.41,25.74,26.22,29.99,29.25,17.71,27.94,28.69,25.99,31.87,29.25,27.94,18.16,24.65,17.77,13.94,15.12,16.6,14.19,15.64,12.49,11.87,10.4,10.32,13.07,11.29,12.76,10.73,7.48,9.75,29.9,22.08,24.68,22.71,25.43,25.91,23.7,21.14,28.51,25.58,26.68,25.8,32.55,23.74,30.94,23.54,23.86,24.03,23.18,28.02,24.97,25.11,25.16,18.67,22.53,23.38,22.23,21.23,27.21,24.83,22.42,30.37,22.55,24.87,28.8,27.44,10.95,14.39,12.46,11.72,16.52,16.93,14.49,11.0,13.46,12.75,20.43,12.82,14.06,33.38,16.29,11.63,18.21,16.11,13.59,9.14,14.51,14.84,17.9,14.53,15.0,16.21,15.25,14.67,9.86,21.79,14.72,14.64,18.19,14.99,14.19,8.09,13.19,12.55,14.93,14.11,4.71,7.33,2.46,1.03,5.25,2.79,4.4,2.63,6.87,3.51,7.86,4.66,2.95,25.21,6.7,5.12,5.88,3.24,4.53,5.79,15.42,7.7,8.4,5.39,11.65,5.77,7.33,8.45,4.26,9.37,11.91,12.05,12.36,9.37,12.31,10.71,6.01,24.13,25.6,13.04,16.07,19.43,24.12,17.56,16.82,14.06,10.71,14.81,24.78,27.14,22.07,14.04,12.23,20.14,12.52,11.79,25.4,21.56,23.82,19.67,18.29,23.86,20.47,13.2,17.43,25.21,10.12,23.09,12.62,18.6,28.48,27.08,13.65,18.78,12.91,14.73,13.94,20.04,21.3,10.09,15.16,11.21,17.77,9.41,15.29,10.51,10.11,20.24,15.49,18.35,17.78,17.84,26.82
16.63,4.13,18.32,23.72,6.27,16.14,10.49,11.92,0.0,19.57,16.49,18.26,9.4,4.03,20.5,17.81,20.1,15.28,5.75,20.01,20.92,13.88,8.5,18.99,7.37,15.13,18.99,3.33,19.54,16.86,21.59,16.22,22.62,22.55,14.08,21.57,2.83,14.51,15.22,20.8,15.74,21.63,24.69,6.82,15.58,20.39,21.65,24.8,14.83,13.89,16.7,17.6,21.0,17.33,14.17,17.07,9.47,23.37,13.34,23.64,14.47,19.92,6.93,18.39,13.38,8.38,19.09,19.39,18.78,22.16,21.14,12.4,15.45,11.66,10.22,18.71,14.62,15.81,15.57,19.27,13.61,16.57,17.39,10.94,13.52,18.57,15.96,9.35,19.74,10.74,11.26,11.33,10.94,18.11,10.12,23.97,1.31,19.59,14.92,16.46,13.75,5.42,18.88,12.96,14.19,16.46,8.54,7.13,9.93,8.67,13.7,2.32,23.53,7.76,7.03,5.65,8.27,7.53,20.73,18.51,16.81,16.28,18.1,11.48,14.74,12.63,14.6,13.84,12.43,9.68,24.18,21.04,16.13,20.68,18.83,11.34,22.12,16.42,19.09,19.57,23.34,14.97,10.71,15.15,22.04,15.31,25.23,17.65,21.3,11.17,18.0,22.9,20.4,20.25,21.73,18.87,20.32,17.17,19.81,17.84,16.97,20.15,20.64,19.84,15.41,20.49,16.68,19.22,11.4,14.0,12.02,14.74,15.22,13.02,10.45,17.82,14.89,15.99,15.11,21.86,13.05,20.25,12.85,13.17,13.35,12.49,17.34,14.28,14.42,14.48,7.99,11.84,12.7,11.55,10.54,16.53,14.14,11.74,19.69,11.86,14.18,18.12,16.75,5.47,1.34,5.46,5.07,2.59,2.99,4.89,1.28,2.45,4.88,9.74,5.82,7.07,26.74,5.6,6.14,7.53,9.12,2.9,3.65,7.52,7.85,7.22,6.09,4.32,5.52,5.89,3.98,2.84,11.1,2.06,7.65,7.5,5.26,5.54,4.72,15.71,15.07,17.45,16.62,17.42,20.34,12.44,11.86,18.26,14.23,17.41,15.34,19.57,14.95,20.56,16.1,14.39,14.53,19.4,17.83,18.58,15.95,17.23,18.49,24.32,11.43,12.13,12.3,15.87,11.62,11.07,13.16,13.43,11.06,12.83,15.71,13.28,22.07,25.01,23.42,18.71,10.2,11.67,5.53,11.21,11.47,10.18,11.89,11.96,4.65,5.58,9.95,19.92,13.2,8.14,4.64,5.71,6.2,4.87,5.01,11.46,7.63,18.96,9.08,13.43,9.92,6.53,8.34,12.57,11.27,5.0,9.16,4.48,13.74,14.54,13.14,24.09,21.3,10.65,17.24,9.08,22.56,23.82,9.84,17.67,7.36,15.94,8.9,17.8,8.9,11.04,22.75,18.0,20.86,20.3,20.36,27.89
34.19,25.06,23.14,28.54,23.83,6.51,9.9,6.56,19.57,0.0,8.6,5.24,26.94,20.4,7.72,9.92,33.61,5.56,18.09,7.23,3.86,5.99,10.68,11.1,19.09,19.48,5.98,19.31,33.05,21.21,8.81,20.56,14.74,14.66,18.42,13.68,23.63,5.49,7.08,9.11,4.44,2.07,16.8,19.85,6.81,12.51,9.96,17.57,18.03,8.19,5.34,9.71,34.51,9.19,7.23,8.93,11.65,6.86,17.69,15.75,28.32,3.81,14.25,5.61,27.24,12.6,7.4,4.29,7.89,8.49,13.26,18.34,5.83,8.16,12.14,10.82,28.47,7.67,5.6,6.49,16.81,6.45,7.23,12.75,16.73,10.42,4.64,15.08,8.85,12.56,8.8,9.6,9.98,5.53,13.25,16.08,22.1,33.09,28.77,3.68,6.99,14.32,5.98,7.56,6.6,6.34,14.1,14.46,14.14,10.63,27.56,23.12,15.64,12.15,11.24,13.12,10.9,10.05,34.24,32.02,30.66,30.13,31.61,25.34,28.59,26.49,28.45,27.69,26.28,23.53,37.69,34.54,34.19,34.19,36.94,25.2,35.63,30.27,32.6,33.08,36.85,36.11,24.57,34.8,35.55,32.86,38.73,36.11,34.8,25.03,31.51,11.21,7.38,8.56,10.04,7.98,9.43,7.05,5.74,3.84,3.76,6.51,6.56,6.2,5.69,0.92,3.19,36.76,28.94,31.55,29.57,32.29,32.77,30.56,28.0,35.37,32.44,33.54,32.66,39.41,30.6,37.8,30.4,30.72,30.9,30.04,34.88,31.83,31.97,32.02,25.53,29.39,30.25,29.1,28.09,34.08,31.69,29.28,37.23,29.41,31.73,35.67,34.3,17.81,21.25,19.32,18.58,23.38,23.79,21.35,17.86,20.32,19.61,27.29,19.68,20.92,40.25,23.15,18.49,25.07,22.97,20.45,16.0,21.37,21.7,24.76,21.39,21.86,23.07,22.11,21.53,16.72,28.65,21.58,21.5,25.05,21.85,21.05,14.96,20.05,19.41,21.79,20.97,4.64,0.98,9.32,7.89,1.66,6.59,2.27,7.45,3.56,6.18,4.1,3.47,5.18,32.07,9.99,6.47,9.52,8.06,9.35,10.61,22.28,14.56,15.26,10.2,18.51,12.63,14.2,15.31,9.07,16.23,18.77,18.91,19.22,14.19,17.12,15.53,10.82,31.0,32.47,19.9,22.93,26.29,30.98,24.42,23.68,20.92,17.57,21.67,31.64,34.0,28.93,20.9,19.09,27.0,19.38,18.65,32.26,28.43,30.68,26.53,25.15,30.72,27.33,20.06,24.29,32.07,16.98,29.95,19.48,25.46,35.34,33.94,18.47,25.64,19.77,21.59,20.8,26.9,28.17,16.95,22.02,18.07,24.63,16.27,22.15,17.37,16.97,27.1,22.35,25.21,24.64,24.7,33.68
31.12,21.98,17.54,22.94,20.76,16.7,11.06,3.78,16.49,8.6,0.0,13.82,23.87,15.15,9.81,1.4,30.54,14.39,15.03,9.32,10.23,3.04,7.61,2.58,13.11,14.42,14.56,16.24,29.98,16.15,10.91,15.51,6.74,6.67,13.36,3.68,20.56,3.82,4.54,17.69,5.05,10.65,8.81,13.87,7.94,4.51,18.54,9.57,12.97,13.0,6.02,1.72,31.44,6.65,13.28,6.39,8.58,12.68,12.63,7.76,25.25,12.39,11.18,7.71,24.17,10.0,15.98,12.87,16.47,11.48,5.26,13.28,14.56,10.77,6.16,2.82,25.4,5.13,4.89,8.58,11.75,15.68,16.5,6.34,11.67,7.88,13.22,9.1,17.43,7.5,5.73,10.44,6.91,14.11,8.19,8.09,19.03,30.02,25.7,5.77,12.86,11.25,14.56,12.07,13.3,15.58,8.12,11.39,8.29,7.56,24.49,20.05,7.65,9.08,8.18,10.06,7.16,6.98,31.17,28.95,27.59,27.07,28.54,22.27,25.52,23.42,25.38,24.62,23.22,20.46,34.62,31.47,31.12,31.12,33.87,22.13,32.56,27.2,29.53,30.01,33.78,33.04,21.5,31.73,32.48,29.79,35.66,33.05,31.73,21.96,28.44,19.79,15.96,17.14,18.62,16.56,18.01,16.28,13.89,12.43,12.34,15.09,13.31,14.78,14.52,9.5,11.77,33.69,25.87,28.48,26.5,29.22,29.7,27.49,24.93,32.3,29.37,30.47,29.59,36.34,27.53,34.73,27.33,27.65,27.83,26.97,31.82,28.76,28.9,28.95,22.47,26.32,27.18,26.03,25.02,31.01,28.62,26.21,34.17,26.34,28.66,32.6,31.23,14.74,18.18,16.25,15.51,20.31,20.72,18.28,14.79,17.25,16.54,24.22,16.61,17.85,37.18,20.08,15.42,22.0,19.9,17.38,12.93,18.3,18.63,21.69,18.32,18.79,20.0,19.04,18.46,13.65,25.58,18.51,18.43,21.98,18.79,17.98,11.89,14.99,14.35,16.73,15.91,6.73,9.35,6.25,4.82,7.27,6.58,6.42,1.93,8.89,7.3,9.88,6.45,6.75,29.0,8.72,7.15,7.9,1.58,1.35,2.61,13.22,9.5,10.2,3.72,13.45,7.57,9.14,10.25,2.59,11.17,13.71,13.85,14.16,6.19,9.13,7.54,2.18,27.93,29.4,13.92,16.95,20.31,27.91,18.44,17.7,14.94,14.5,15.69,25.66,26.46,21.78,14.92,13.11,23.93,16.32,15.58,29.19,25.36,24.7,20.55,19.17,27.65,24.26,14.08,18.31,29.0,13.91,26.88,13.5,19.48,27.72,26.22,10.47,20.58,13.79,16.53,14.82,21.84,23.11,11.23,16.96,12.09,19.57,10.29,17.09,11.39,11.91,22.04,17.29,20.15,19.58,19.64,29.02
33.47,24.34,28.38,33.79,23.11,4.18,8.33,11.8,18.26,5.24,13.82,0.0,26.78,19.83,6.39,15.16,33.45,4.97,17.53,7.97,6.48,11.23,9.84,16.34,20.19,24.72,1.23,19.15,32.89,26.45,9.55,25.81,19.98,19.91,23.66,18.92,23.47,10.74,12.32,4.93,9.68,4.69,22.05,20.95,12.06,17.75,5.78,22.81,23.27,6.62,10.58,14.95,34.35,14.65,5.66,13.25,8.79,3.76,22.93,21.0,28.16,4.23,13.69,9.44,27.08,15.14,3.22,3.71,3.71,5.39,18.5,23.58,3.45,6.59,17.39,16.06,28.31,12.91,10.85,7.94,22.05,3.74,3.05,18.0,21.97,15.89,4.04,16.17,4.67,17.81,14.05,8.03,15.22,1.35,18.49,21.33,21.95,32.94,28.62,8.92,5.41,13.76,1.79,5.99,4.22,3.47,15.3,13.89,19.38,11.46,27.4,22.96,20.88,11.59,13.79,12.56,13.63,12.77,34.08,31.86,30.5,29.98,31.45,25.18,28.44,26.33,28.3,27.53,26.13,23.38,37.53,34.39,34.03,34.03,36.78,25.04,35.47,30.11,32.44,32.92,36.69,35.95,24.41,34.64,35.39,32.7,38.58,35.96,34.64,24.87,31.35,7.03,3.2,4.38,5.86,3.8,5.25,4.18,2.64,2.08,3.17,2.0,3.46,1.69,5.1,4.32,3.5,36.6,28.78,31.39,29.41,32.13,32.61,30.4,27.84,35.21,32.28,33.38,32.5,39.25,30.44,37.64,30.24,30.56,30.74,29.88,34.73,31.67,31.81,31.87,25.38,29.23,30.09,28.94,27.93,33.92,31.53,29.13,37.08,29.25,31.57,35.51,34.14,17.25,21.1,19.16,18.42,23.23,23.63,21.19,17.29,20.16,19.45,27.13,19.52,20.76,40.09,22.99,17.92,24.91,22.81,20.29,15.43,21.22,21.54,24.6,21.23,21.7,22.91,21.95,21.37,16.16,28.49,21.42,21.34,24.89,21.7,20.9,14.39,25.3,24.66,27.04,26.21,9.34,6.22,14.56,13.13,6.91,11.83,7.51,12.69,6.18,11.42,6.72,8.71,10.42,31.91,10.73,11.73,10.26,13.31,14.59,15.85,27.52,19.8,20.5,15.45,23.75,17.87,19.44,20.55,14.32,21.47,24.01,24.15,24.46,19.43,22.37,20.77,16.07,30.84,32.31,20.7,24.03,27.39,30.82,25.52,24.78,21.36,17.0,22.77,32.74,33.84,28.78,21.35,19.54,26.84,18.82,18.09,32.1,28.27,31.78,29.72,26.25,30.56,27.17,21.16,25.39,31.91,16.42,29.8,19.92,26.56,35.18,33.78,23.71,30.89,20.87,26.83,21.9,32.15,33.41,18.31,27.26,19.17,29.87,17.37,27.39,18.47,22.22,32.34,27.59,30.45,29.89,29.94,38.92
7.18,11.74,25.94,31.34,5.89,24.7,19.06,20.08,9.4,26.94,23.87,26.78,0.0,11.58,27.94,25.25,9.27,23.31,11.0,27.45,28.36,21.32,16.53,26.43,14.92,22.69,27.03,7.63,11.51,24.42,29.04,23.77,30.07,30.0,21.63,29.01,10.39,21.95,22.67,28.83,23.18,29.08,32.14,14.37,23.03,27.84,29.68,32.24,22.38,21.92,24.15,25.04,12.97,24.78,22.21,24.52,17.5,30.81,20.9,31.09,13.72,30.82,15.75,25.84,11.71,17.21,27.12,27.43,26.81,29.61,28.59,19.96,23.48,19.7,21.62,26.15,13.46,23.26,23.02,26.71,21.17,24.6,25.42,22.23,21.08,26.01,23.99,16.9,27.78,22.04,18.71,19.37,19.88,26.14,22.73,31.42,8.86,11.77,13.09,23.9,21.78,14.24,26.92,20.99,22.22,24.5,17.36,15.96,23.62,17.14,16.1,9.88,30.97,17.27,15.85,14.47,19.31,18.45,10.28,10.69,9.88,9.87,11.48,13.88,10.2,15.03,11.88,12.94,14.83,12.08,12.59,9.45,6.73,9.09,9.43,13.74,10.53,8.52,9.54,10.02,10.29,5.57,13.11,5.75,9.03,5.91,12.92,8.25,9.7,13.57,10.18,30.94,28.43,28.29,29.76,26.9,28.36,25.2,27.85,25.87,25.0,28.19,31.44,27.87,23.44,27.93,24.72,9.82,2.0,4.6,11.95,5.35,5.82,3.62,1.06,8.43,5.5,6.6,5.72,12.47,11.95,10.86,3.46,3.78,3.95,3.1,7.94,4.89,5.02,5.08,1.54,2.45,3.3,2.15,1.15,7.13,4.75,2.34,10.29,11.95,4.79,8.72,7.36,14.29,10.05,9.21,9.36,10.14,10.55,10.33,10.56,9.3,9.16,12.06,7.73,9.47,19.52,5.82,14.96,2.72,10.36,6.5,12.47,8.76,10.25,3.06,10.38,5.08,7.84,5.59,6.32,11.66,13.42,8.34,10.05,3.34,6.65,6.94,13.54,23.26,22.62,25.0,24.18,24.86,27.78,19.88,19.31,25.71,21.68,24.86,22.78,27.02,22.39,28.01,23.54,21.84,11.72,26.85,25.28,26.03,23.4,24.68,25.94,31.76,24.04,24.74,23.6,27.99,22.11,23.68,24.79,24.41,18.61,20.39,23.27,20.84,29.52,32.46,30.86,26.16,17.75,19.22,13.08,18.76,19.02,17.74,19.44,19.51,12.21,14.4,17.5,27.47,20.76,15.69,12.19,13.26,13.76,12.43,12.56,19.01,15.18,26.51,16.63,20.98,17.48,14.09,15.9,20.12,18.83,13.82,16.71,12.03,21.29,22.1,20.69,31.54,28.85,18.2,24.8,16.63,30.11,31.37,17.4,25.23,14.92,23.5,16.46,25.36,16.45,18.59,30.31,25.56,28.42,27.85,27.91,35.44
18.76,6.26,15.55,20.96,8.4,17.75,12.1,13.54,4.03,20.4,15.15,19.83,11.58,0.0,22.11,16.4,22.27,16.89,7.73,21.62,22.53,15.5,10.12,17.58,4.54,12.3,20.61,5.51,21.7,14.03,23.21,13.39,21.74,21.67,11.25,18.68,2.5,16.12,16.84,22.42,17.35,23.25,23.29,4.42,17.2,19.51,23.26,21.96,12.0,15.51,18.32,16.72,23.17,18.95,15.79,18.69,11.08,24.98,10.51,23.61,16.63,21.54,8.55,20.01,15.55,9.48,20.7,21.01,20.4,23.78,20.26,9.57,17.07,13.28,9.29,17.82,16.78,17.43,17.19,20.88,10.78,18.18,19.01,10.01,10.69,20.19,17.57,6.52,21.36,10.63,12.88,12.95,12.56,19.72,10.3,23.09,3.11,21.75,17.08,18.07,15.37,7.03,20.5,14.57,15.81,18.08,7.61,8.75,9.0,10.29,15.87,2.46,22.65,9.38,8.64,7.27,9.28,9.15,22.9,20.68,18.97,18.45,20.27,13.65,16.9,14.8,16.76,16.0,14.59,11.84,26.35,23.2,18.31,22.85,21.01,13.51,24.28,18.58,21.26,21.74,25.51,17.15,12.88,17.33,24.21,17.49,27.39,19.83,23.46,13.34,20.17,24.52,22.01,21.87,23.34,20.49,21.94,18.79,21.43,19.45,18.58,21.77,22.25,21.46,17.02,22.1,18.3,21.4,13.58,16.18,14.2,16.93,17.4,15.2,12.64,20.01,17.07,18.17,17.3,24.05,15.24,22.43,15.04,15.36,15.53,14.68,19.52,16.46,16.6,16.66,10.17,14.02,14.88,13.73,12.72,18.71,16.33,13.92,21.87,14.05,16.36,20.3,18.94,7.44,4.56,7.63,7.24,4.77,5.17,8.21,5.07,6.23,7.04,11.92,7.99,9.23,28.9,7.78,8.12,9.71,11.15,5.08,5.63,9.56,10.01,9.4,8.25,6.5,7.71,8.07,6.17,2.72,13.28,4.24,9.81,9.68,7.44,7.73,6.33,12.88,12.24,14.62,13.79,19.03,21.95,14.06,13.48,19.88,15.85,19.03,16.95,21.19,16.56,22.18,17.71,16.01,16.71,21.02,19.45,20.2,13.52,16.35,17.61,21.47,11.61,12.0,11.37,13.04,10.69,11.25,10.33,12.5,8.23,10.0,12.88,10.45,21.19,24.21,22.54,17.18,12.38,13.85,2.7,8.38,11.74,12.36,9.86,9.13,1.82,3.6,7.12,17.08,15.38,10.32,1.8,2.88,8.39,2.02,2.16,13.64,9.81,16.12,11.26,10.6,12.1,8.71,5.51,9.74,13.45,3.04,11.34,1.65,10.91,16.72,15.32,21.25,18.47,7.82,14.41,6.25,19.73,20.99,7.01,14.84,4.53,13.11,6.07,14.97,6.07,8.21,19.92,15.17,18.03,17.47,17.52,25.06
35.12,25.99,24.07,29.47,24.76,9.48,15.06,7.79,20.5,7.72,9.81,6.39,27.94,22.11,0.0,11.2,34.47,9.2,18.96,1.82,5.81,7.27,11.54,12.38,19.95,20.34,7.09,20.17,33.91,22.07,3.4,21.43,16.02,15.95,19.28,14.96,24.49,6.78,8.36,10.23,5.72,5.7,18.09,20.71,8.88,13.79,11.07,18.85,18.89,11.92,6.62,11.0,35.37,8.5,10.96,7.1,12.51,3.1,18.55,17.04,29.18,6.09,15.11,3.29,28.1,13.46,8.51,5.56,9.01,1.29,14.54,19.2,8.75,11.89,13.0,12.1,29.33,8.33,6.89,1.79,17.67,9.04,8.35,13.61,17.59,9.74,8.28,15.94,9.97,13.42,9.66,14.37,10.84,6.65,14.11,17.37,22.96,33.95,29.63,4.96,10.71,15.18,7.09,11.28,9.52,8.77,14.96,15.32,15.0,11.49,28.42,23.98,16.92,13.01,12.1,13.99,11.76,10.91,35.1,32.88,31.52,31.0,32.47,26.2,29.45,27.35,29.31,28.55,27.14,24.39,38.55,35.4,35.05,35.05,37.8,26.06,36.49,31.13,33.46,33.94,37.71,36.97,25.43,35.66,36.41,33.72,39.59,36.98,35.66,25.89,32.37,12.33,8.5,9.68,11.16,9.09,10.55,9.48,4.32,5.07,7.41,7.37,3.74,7.06,9.34,8.56,7.73,37.62,29.8,32.41,30.43,33.15,33.63,31.42,28.86,36.23,33.3,34.4,33.52,40.27,31.46,38.66,31.26,31.58,31.76,30.9,35.74,32.69,32.83,32.88,26.4,30.25,31.11,29.96,28.95,34.94,32.55,30.14,38.1,30.27,32.59,36.53,35.16,18.67,22.11,20.18,19.44,24.24,24.65,22.21,18.72,21.18,20.47,28.15,20.54,21.78,41.11,24.01,19.35,25.93,23.83,21.31,16.86,22.23,22.56,25.62,22.25,22.72,23.93,22.97,22.39,17.58,29.51,22.44,22.36,25.91,22.72,21.91,15.82,20.91,20.27,22.65,21.83,3.19,8.45,10.18,8.75,6.37,8.66,5.52,8.73,4.47,8.25,5.46,5.54,7.25,32.93,4.58,5.58,4.11,9.35,10.63,11.89,23.14,15.42,16.12,11.49,19.37,13.49,15.06,16.17,10.36,17.09,19.63,19.77,20.08,15.47,18.41,16.81,12.11,31.86,33.33,20.76,23.79,27.15,31.84,25.28,24.54,21.78,18.43,22.53,32.5,34.86,29.8,21.76,19.95,27.86,20.25,19.51,33.12,29.29,31.54,27.39,26.01,31.58,28.19,20.92,25.15,32.93,17.84,30.81,20.34,26.32,36.2,34.8,19.75,26.5,20.63,22.45,21.66,27.76,29.03,17.81,22.88,18.93,25.49,17.13,23.01,18.23,17.83,27.96,23.21,26.07,25.5,25.56,34.54
32.43,23.29,18.84,24.25,22.07,18.02,12.37,5.1,17.81,9.92,1.4,15.16,25.25,16.4,11.2,0.0,31.86,15.7,16.34,10.64,11.55,4.36,8.93,1.7,14.42,15.72,15.87,17.55,31.29,17.45,12.22,16.81,5.8,5.72,14.67,2.79,21.88,5.14,5.85,19.01,6.37,11.96,7.86,15.18,9.25,3.31,19.85,8.63,14.27,14.32,7.33,2.26,32.76,7.96,14.6,7.7,9.89,14.0,13.93,6.81,26.57,13.7,12.5,9.02,25.48,11.3,17.29,14.18,17.79,12.79,4.06,14.58,15.88,12.09,7.47,1.62,26.72,6.44,6.2,9.9,13.06,16.99,17.82,7.64,12.97,9.2,14.53,10.4,18.75,8.81,7.05,11.76,8.23,15.43,9.49,7.14,20.35,31.34,27.02,7.09,14.18,12.57,15.87,13.38,14.62,16.89,9.43,12.7,9.59,8.87,25.8,21.36,6.7,10.4,9.49,11.37,8.47,8.29,32.49,30.27,28.91,28.38,29.85,23.58,26.84,24.73,26.7,25.94,24.53,21.78,35.93,32.79,32.43,32.44,35.19,23.44,33.87,28.52,30.85,31.33,35.09,34.35,22.81,33.05,33.79,31.1,36.98,34.36,33.05,23.27,29.75,21.11,17.27,18.46,19.93,17.87,19.33,17.59,15.21,13.74,13.66,16.41,14.63,16.09,15.83,10.81,13.09,35.01,27.19,29.79,27.81,30.53,31.01,28.81,26.25,33.61,30.68,31.78,30.9,37.66,28.85,36.04,28.64,28.97,29.14,28.28,33.13,30.07,30.21,30.27,23.78,27.63,28.49,27.34,26.33,32.32,29.94,27.53,35.48,27.66,29.97,33.91,32.55,16.06,19.5,17.56,16.82,21.63,22.03,19.59,16.1,18.56,17.86,25.53,17.92,19.17,38.49,21.39,16.73,23.32,21.22,18.69,14.24,19.62,19.95,23.01,19.64,20.11,21.32,20.36,19.78,14.97,26.89,19.82,19.74,23.29,20.1,19.3,13.2,16.3,15.66,18.04,17.21,8.05,10.67,7.57,6.13,8.59,7.9,7.74,2.47,10.2,8.62,11.19,7.76,8.06,30.32,10.03,8.46,9.21,2.88,1.89,3.15,12.28,10.8,11.5,5.02,14.75,8.87,10.44,11.55,3.89,12.48,15.01,15.16,15.46,4.99,8.18,6.59,2.84,29.24,30.71,15.23,18.26,21.62,29.23,19.74,19.0,16.24,15.81,17.0,26.96,27.77,23.09,16.23,14.42,25.25,17.63,16.9,30.5,26.67,26.0,21.86,20.48,28.96,25.57,15.39,19.62,30.32,15.23,28.2,14.8,20.79,33.58,32.18,9.53,21.89,15.1,17.83,16.13,23.15,24.41,12.53,18.26,13.4,20.87,11.59,18.39,12.7,13.22,23.34,18.59,21.45,20.89,20.95,28.07
16.41,22.43,36.27,41.68,15.16,31.37,25.72,26.75,20.1,33.61,30.54,33.45,9.27,22.27,34.47,31.86,0.0,31.05,19.53,35.2,36.11,29.07,24.28,34.18,25.68,33.14,34.77,16.82,2.24,34.87,36.78,34.23,37.81,37.74,32.08,36.76,21.15,29.69,30.41,36.58,30.93,36.82,39.88,25.13,30.77,35.58,37.42,39.99,35.25,29.67,31.89,32.79,3.71,32.52,29.95,32.26,25.24,38.55,31.35,38.83,6.7,38.56,24.28,33.58,4.69,25.74,34.86,35.17,34.56,37.35,36.33,30.41,31.23,27.44,29.37,33.89,6.17,31.0,30.76,34.46,34.04,32.35,33.17,29.98,33.95,33.76,31.73,27.36,35.52,29.79,26.45,27.11,27.63,33.88,30.47,39.16,19.62,3.45,5.8,31.65,29.53,22.77,34.66,28.73,29.97,32.24,25.89,24.49,31.36,24.88,7.23,20.64,38.72,25.01,24.38,23.0,27.05,26.19,3.26,4.97,2.86,2.84,2.0,6.99,3.18,6.34,4.86,5.92,7.22,9.0,10.64,7.49,7.13,7.14,9.89,9.42,8.58,1.5,5.55,6.03,9.8,7.18,8.12,7.36,8.5,3.35,11.68,2.5,7.75,9.72,4.46,38.68,36.17,36.03,37.51,34.65,36.1,32.95,35.59,33.61,32.74,35.93,39.18,35.62,31.18,35.67,32.46,19.05,8.76,11.36,21.18,12.44,15.06,12.85,8.99,15.85,12.26,14.02,14.95,21.7,21.19,18.28,5.98,13.01,13.19,9.86,17.17,14.12,14.26,11.84,10.81,11.68,12.54,11.39,10.38,13.89,13.98,6.93,19.52,21.18,4.48,17.96,14.78,22.82,18.77,17.64,17.25,20.9,21.3,18.87,19.3,17.83,16.9,24.8,12.58,11.44,13.19,15.09,23.49,11.99,13.51,17.96,21.0,11.98,10.07,12.32,18.91,14.35,20.59,14.86,19.05,20.19,26.16,19.09,12.46,12.61,14.76,13.96,22.07,33.71,33.07,35.45,34.63,32.61,35.53,27.63,27.05,33.45,29.42,32.6,30.52,34.76,30.14,35.75,31.28,29.58,20.96,34.59,33.02,33.77,31.14,32.42,33.68,39.5,31.78,32.48,31.35,35.73,29.85,31.42,32.53,32.15,29.06,30.84,36.14,31.29,37.26,40.2,38.61,33.9,28.51,29.98,23.84,29.52,29.78,28.5,30.2,30.27,22.97,22.93,28.26,38.23,31.52,26.45,22.95,24.02,24.52,21.52,24.02,29.77,25.94,37.27,27.39,31.74,28.23,24.85,26.65,30.88,29.59,22.35,27.47,22.79,32.05,32.85,31.45,39.28,39.3,28.96,35.25,27.39,40.56,41.83,27.85,35.68,25.68,38.29,26.91,35.81,27.21,29.05,40.76,36.01,38.87,38.3,38.36,50.9
30.49,21.35,24.09,29.49,20.13,3.91,5.35,10.59,15.28,5.56,14.39,4.97,23.31,16.89,9.2,15.7,31.05,0.0,14.55,10.79,6.8,11.55,6.86,16.66,17.21,20.82,5.7,16.17,29.91,22.56,12.37,21.91,20.3,20.22,19.77,19.24,20.49,11.05,12.63,8.83,9.99,5.0,22.36,17.97,12.37,18.07,9.68,24.11,19.38,3.64,10.9,15.27,31.37,14.75,2.68,16.07,5.81,6.58,19.04,21.31,25.18,5.65,10.71,7.35,24.1,12.16,7.12,5.12,6.51,8.21,18.82,19.68,3.18,3.61,13.49,16.38,25.33,13.23,11.16,10.76,18.16,4.3,5.12,14.1,18.07,15.98,2.95,13.19,7.47,13.91,10.57,5.05,11.75,5.26,14.59,21.64,18.96,29.95,25.63,9.24,2.43,10.78,5.7,3.0,1.83,4.2,12.32,10.91,15.49,8.48,24.42,19.98,21.2,8.61,10.81,9.58,10.65,9.79,31.1,28.88,27.52,27.0,28.47,22.2,25.45,23.35,25.31,24.55,23.14,20.39,34.55,31.4,31.05,31.05,33.8,22.06,32.49,27.13,29.46,29.94,33.71,32.97,21.43,31.66,32.41,29.72,35.59,32.98,31.66,21.89,28.37,10.94,7.1,8.29,9.76,6.6,8.06,4.9,5.46,3.57,2.7,6.24,6.28,5.92,1.14,4.64,2.42,33.62,25.8,28.41,26.43,29.15,29.63,27.42,24.86,32.23,29.3,30.4,29.52,36.27,27.46,34.66,27.26,27.58,27.76,26.9,31.75,28.69,28.83,28.88,22.4,26.25,27.11,25.96,24.95,30.94,28.55,26.14,34.1,26.27,28.59,32.53,31.16,14.27,18.11,16.18,15.44,20.24,20.65,18.21,14.31,17.18,16.47,24.15,16.54,17.78,37.11,20.01,14.94,21.93,19.83,17.31,12.45,18.23,18.56,21.62,18.25,18.72,19.93,18.97,18.39,13.18,25.51,18.44,18.36,21.91,18.72,17.91,11.41,21.4,20.76,23.14,22.31,10.2,6.54,11.75,11.18,7.22,12.15,7.83,13.01,6.5,11.74,7.03,9.03,10.73,28.93,13.54,14.55,13.08,13.62,14.91,16.17,23.63,15.91,16.61,15.47,19.86,13.98,15.54,16.66,14.63,17.58,20.12,20.26,20.56,19.75,22.68,21.09,16.38,27.86,29.33,17.72,21.05,24.41,27.84,22.53,21.8,18.38,14.02,19.79,29.76,30.86,25.8,18.36,16.55,23.86,15.84,15.11,29.12,25.29,28.8,26.74,23.27,27.58,24.19,18.18,22.41,28.93,13.44,26.81,16.94,23.58,32.2,30.8,23.4,26.99,17.89,22.94,18.92,28.25,29.51,15.32,23.37,16.19,25.97,14.38,23.5,15.49,18.32,28.45,23.7,26.56,25.99,26.05,35.03
18.18,9.7,18.35,23.75,7.82,15.45,9.8,11.23,5.75,18.09,15.03,17.53,11.0,7.73,18.96,16.34,19.53,14.55,0.0,19.32,20.23,13.19,7.82,18.3,11.7,15.1,18.31,3.42,18.84,16.83,20.91,16.19,21.94,21.87,14.04,20.88,8.4,13.82,14.54,20.11,15.05,20.95,24.01,12.06,14.9,19.71,20.96,24.11,14.8,13.21,16.02,16.91,20.31,16.65,13.49,16.39,8.78,22.68,13.31,22.96,13.77,19.23,6.24,17.71,12.69,7.7,18.4,18.71,18.09,21.48,20.46,12.37,14.76,10.98,9.53,18.02,13.92,15.13,14.89,18.58,13.58,15.88,16.7,10.25,13.49,17.88,15.27,9.32,19.06,10.05,10.58,10.65,10.26,17.42,9.43,23.29,6.88,18.89,14.22,15.77,13.06,4.73,18.2,12.27,13.51,15.78,7.85,6.45,9.24,7.99,13.01,7.89,22.84,7.08,6.34,4.97,7.58,6.85,20.04,17.82,16.11,15.59,17.41,10.79,14.04,11.94,13.9,13.14,11.74,8.98,23.49,20.34,19.98,19.99,22.74,10.65,21.43,15.72,18.4,18.88,22.65,16.63,10.02,20.6,21.35,16.97,24.53,21.91,20.6,10.48,17.31,22.22,19.71,19.57,21.04,18.18,19.64,16.48,19.13,17.15,16.28,19.47,19.95,19.15,14.72,19.8,16.0,20.88,13.06,15.66,13.68,16.4,16.88,14.68,12.11,19.48,16.55,17.65,16.77,23.52,14.71,21.91,14.51,14.83,15.01,14.15,19.0,15.94,16.08,16.14,9.65,13.5,14.36,13.21,12.2,18.19,15.8,13.4,21.35,13.53,15.84,19.78,18.41,1.46,4.1,4.77,4.38,8.16,8.56,1.5,4.82,3.16,4.18,11.4,5.13,6.37,26.04,7.26,4.08,9.19,8.42,4.56,2.9,6.82,7.15,8.88,5.39,5.98,7.18,7.56,5.64,3.69,12.76,5.69,6.95,9.16,6.92,6.5,4.03,15.68,15.04,17.42,16.59,16.73,19.65,11.75,11.18,17.58,13.54,16.73,14.65,18.89,14.26,19.88,15.41,13.71,16.19,18.72,17.15,17.9,15.26,16.55,17.81,23.63,10.74,11.44,11.62,15.84,10.94,10.38,11.11,12.75,11.03,12.8,15.68,13.25,21.39,24.33,22.73,18.03,15.77,17.24,10.34,15.54,17.04,15.75,17.02,16.29,9.84,4.89,14.28,24.24,18.77,13.71,9.83,9.18,11.78,5.02,5.98,17.03,13.2,23.28,14.65,17.76,15.49,12.1,12.67,16.9,16.84,4.31,14.73,9.57,18.07,20.11,18.71,23.41,21.27,12.38,17.21,13.41,22.53,23.79,9.81,17.64,10.68,20.25,8.87,17.77,9.98,11.01,22.72,17.97,20.83,20.27,20.32,27.86
34.63,25.5,23.58,28.98,24.27,11.06,14.57,7.3,20.01,7.23,9.32,7.97,27.45,21.62,1.82,10.64,35.2,10.79,19.32,0.0,5.33,6.79,11.05,11.9,19.46,19.85,8.68,19.68,33.42,21.58,1.99,20.94,15.53,15.46,18.79,14.48,24.0,6.29,7.87,11.81,5.23,5.21,17.6,20.22,8.4,13.3,12.66,18.36,18.4,13.5,5.33,10.51,34.88,7.09,12.54,5.69,12.02,4.69,18.06,16.55,28.69,7.67,14.62,2.8,27.61,12.97,10.1,7.15,10.59,3.49,14.05,18.71,10.33,14.22,12.52,11.61,28.84,6.92,6.4,1.3,17.18,10.62,9.93,13.13,17.1,8.33,9.86,15.45,11.55,12.94,9.18,13.89,10.35,8.23,13.62,16.88,22.48,33.47,29.15,4.47,12.3,14.7,8.67,12.87,11.1,10.35,14.47,14.83,14.51,11.0,27.93,23.49,16.44,12.52,11.62,13.5,11.27,10.42,34.61,32.39,31.03,30.51,31.98,25.71,28.97,26.86,28.83,28.06,26.66,23.91,38.06,34.92,34.56,34.56,37.31,25.57,36.0,30.64,32.97,33.45,37.22,36.48,24.94,35.17,35.92,33.23,39.11,36.49,35.17,25.4,31.88,13.91,10.08,11.26,12.74,10.68,12.13,11.06,5.9,6.66,8.99,8.96,5.32,8.64,10.92,8.11,9.32,37.13,29.31,31.92,29.94,32.66,33.14,30.93,28.37,35.74,32.81,33.91,33.03,39.78,30.97,38.17,30.77,31.09,31.27,30.41,35.26,32.2,32.34,32.4,25.91,29.76,30.62,29.47,28.46,34.45,32.06,29.66,37.61,29.78,32.1,36.04,34.67,18.19,21.62,19.69,18.95,23.76,24.16,21.72,18.23,20.69,19.98,27.66,20.05,21.29,40.62,23.52,18.86,25.44,23.34,20.82,16.37,21.74,22.07,25.13,21.76,22.23,23.44,22.48,21.9,17.09,29.02,21.95,21.87,25.42,22.23,21.43,15.33,20.43,19.79,22.17,21.34,2.7,7.96,9.69,8.26,5.88,8.17,5.03,8.24,3.98,7.76,4.97,5.05,6.76,32.44,3.16,4.17,2.7,8.86,10.14,11.4,22.65,14.93,15.63,11.0,18.88,13.0,14.57,15.68,9.87,16.6,19.14,19.28,19.59,14.98,17.92,16.33,11.62,31.37,32.84,20.28,23.31,26.67,31.35,24.79,24.05,21.29,17.94,22.04,32.01,34.37,29.31,21.27,19.46,27.37,19.76,19.02,32.63,28.8,31.05,26.91,25.52,31.09,27.7,20.44,24.66,32.44,17.35,30.33,19.85,25.83,35.71,34.31,19.26,26.02,20.14,21.96,21.17,27.27,28.54,17.32,22.39,18.44,25.0,16.64,22.52,17.74,17.34,27.47,22.72,25.58,25.02,25.07,34.05
35.54,26.41,24.49,29.89,25.18,7.75,11.14,8.21,20.92,3.86,10.23,6.48,28.36,22.53,5.81,11.55,36.11,6.8,20.23,5.33,0.0,7.7,11.96,12.81,20.37,20.76,7.22,20.59,34.33,22.49,6.91,21.85,16.44,16.37,19.7,15.39,24.91,7.2,8.78,10.35,6.14,1.86,18.51,21.13,9.31,14.21,11.2,19.27,19.31,9.44,7.04,11.42,35.79,10.89,8.47,10.61,12.93,8.1,18.97,17.46,29.6,3.6,15.54,2.53,28.52,13.88,8.64,3.89,9.13,7.48,14.96,19.62,7.07,9.41,13.43,12.52,29.75,9.37,7.31,4.59,18.09,7.69,8.47,14.04,18.01,12.13,5.88,16.36,10.09,13.85,10.09,10.84,11.26,6.77,14.53,17.79,23.39,34.38,30.06,5.38,8.23,15.61,7.22,8.8,7.84,7.59,15.38,15.74,15.42,11.91,28.84,24.4,17.35,13.44,12.53,14.41,12.18,11.33,35.52,33.3,31.94,31.42,32.89,26.62,29.88,27.77,29.74,28.97,27.57,24.82,38.97,35.83,35.47,35.47,38.22,26.48,36.91,31.55,33.88,34.36,38.13,37.39,25.85,36.08,36.83,34.14,40.02,37.4,36.08,26.31,32.79,12.46,8.62,9.81,11.28,9.22,10.68,8.29,6.98,5.09,5.0,7.75,7.8,7.44,6.93,2.95,4.44,38.04,30.22,32.83,30.85,33.57,34.05,31.85,29.28,36.65,33.72,34.82,33.94,40.69,31.88,39.08,31.68,32.0,32.18,31.32,36.17,33.11,33.25,33.31,26.82,30.67,31.53,30.38,29.37,35.36,32.97,30.57,38.52,30.69,33.01,36.95,35.58,19.1,22.54,20.6,19.86,24.67,25.07,22.63,19.14,21.6,20.89,28.57,20.96,22.2,41.53,24.43,19.77,26.36,24.25,21.73,17.28,22.66,22.98,26.04,22.67,23.15,24.35,23.39,22.81,18.01,29.93,22.86,22.78,26.33,23.14,22.34,16.24,21.34,20.7,23.08,22.25,3.61,4.84,10.6,9.17,5.53,9.08,5.94,9.15,1.67,8.67,2.2,5.96,7.67,33.35,8.08,9.09,7.62,9.77,11.05,12.31,23.56,15.84,16.54,11.91,19.79,13.91,15.48,16.59,10.78,17.52,20.05,20.19,20.5,15.89,18.83,17.24,12.53,32.28,33.75,21.19,24.22,27.58,32.26,25.7,24.96,22.2,18.85,22.95,32.92,35.28,30.22,22.18,20.37,28.28,20.67,19.94,33.54,29.71,31.96,27.82,26.44,32.0,28.61,21.35,25.58,33.35,18.26,31.24,20.76,26.74,36.62,35.22,20.17,26.93,21.05,22.87,22.08,28.19,29.45,18.23,23.3,19.35,25.91,17.55,23.43,18.65,18.26,28.38,23.63,26.49,25.93,25.98,34.96
28.5,19.37,17.45,22.85,18.14,14.09,8.45,1.17,13.88,5.99,3.04,11.23,21.32,15.5,7.27,4.36,29.07,11.55,13.19,6.79,7.7,0.0,5.0,5.54,13.41,13.8,11.95,13.63,27.36,15.53,8.3,14.88,9.18,9.11,12.74,8.12,17.95,1.21,1.93,15.08,2.44,8.04,11.25,14.17,5.33,6.95,15.93,12.01,12.35,10.39,3.41,4.15,28.83,4.04,10.67,3.78,5.97,10.07,12.01,10.2,22.64,9.77,8.57,5.1,21.56,6.92,13.37,10.26,13.86,8.87,7.7,12.66,11.95,8.16,6.46,5.26,22.79,2.52,2.28,5.97,11.13,13.07,13.89,7.07,11.05,5.27,10.6,9.4,14.82,6.88,3.12,7.83,4.3,11.5,7.56,10.52,16.42,27.41,23.09,3.16,10.25,8.64,11.94,9.46,10.69,12.96,8.42,8.78,8.46,4.94,21.88,17.44,10.08,6.47,5.56,7.44,5.22,4.36,28.56,26.34,24.98,24.45,25.93,19.66,22.91,20.81,22.77,22.01,20.6,17.85,32.01,28.86,28.5,28.51,31.26,19.52,29.95,24.59,26.92,27.4,31.17,30.43,18.89,29.12,29.87,27.17,33.05,30.43,29.12,19.34,25.83,17.18,13.35,14.53,16.01,13.95,15.4,13.67,11.28,9.81,9.73,12.48,10.7,12.17,11.91,6.89,9.16,31.08,23.26,25.87,23.89,26.61,27.09,24.88,22.32,29.69,26.76,27.86,26.98,33.73,24.92,32.12,24.72,25.04,25.21,24.36,29.2,26.15,26.29,26.34,19.85,23.71,24.57,23.41,22.41,28.4,26.01,23.6,31.55,23.73,26.05,29.98,28.62,12.13,15.57,13.64,12.9,17.7,18.11,15.67,12.18,14.64,13.93,21.61,14.0,15.24,34.56,17.47,12.81,19.39,17.29,14.77,10.32,15.69,16.02,19.08,15.71,16.18,17.39,16.43,15.85,11.04,22.97,15.9,15.82,19.37,16.17,15.37,9.27,14.37,13.73,16.11,15.29,4.12,6.74,3.64,2.21,4.66,3.97,3.81,1.89,6.28,4.69,7.27,3.84,4.13,26.39,6.11,4.53,5.29,2.5,3.79,5.05,15.66,8.88,9.58,4.65,12.83,6.95,8.51,9.63,3.52,10.55,13.09,13.23,13.54,8.63,11.57,9.97,5.27,25.31,26.78,14.22,17.25,20.61,25.3,18.74,18.0,15.24,11.89,15.99,25.96,28.32,23.25,15.22,13.41,21.32,13.7,12.97,26.58,22.75,25.0,20.85,19.47,25.04,21.65,14.38,18.61,26.39,11.3,24.27,13.8,19.78,29.66,28.26,12.91,19.96,14.09,15.91,15.12,21.22,22.48,11.27,16.34,12.39,18.95,10.59,16.47,11.69,11.29,21.42,16.67,19.53,18.96,19.02,28.0
23.71,14.58,17.31,22.72,13.36,7.76,2.11,3.82,8.5,10.68,7.61,9.84,16.53,10.12,11.54,8.93,24.28,6.86,7.82,11.05,11.96,5.0,0.0,11.52,10.43,14.05,10.58,9.39,23.13,15.78,14.13,15.14,15.16,15.09,12.99,14.1,13.71,7.04,7.76,12.38,8.27,14.17,17.23,11.19,8.12,12.93,13.23,17.33,12.6,5.47,9.24,10.13,24.59,9.87,5.75,9.61,1.05,12.52,12.26,16.18,18.4,11.5,3.93,10.93,17.32,5.38,10.67,10.97,10.36,14.7,13.68,12.91,7.03,3.25,6.71,11.24,18.56,8.35,8.11,11.8,11.38,8.15,8.97,7.32,11.3,11.1,7.54,6.42,11.32,7.13,3.8,2.92,4.97,9.69,7.82,16.51,12.19,23.18,18.86,8.99,5.33,4.0,10.47,4.54,5.77,8.05,5.54,4.13,8.71,1.7,17.64,13.2,16.06,1.83,4.03,2.8,3.87,3.01,24.32,22.1,20.74,20.22,21.69,15.42,18.68,16.57,18.54,17.77,16.37,13.62,27.77,24.63,24.27,24.27,27.03,15.28,25.71,20.35,22.68,23.16,26.93,26.19,14.65,24.88,25.63,22.94,28.82,26.2,24.89,15.11,21.59,14.48,11.98,11.83,13.31,10.45,11.91,8.75,11.39,9.42,8.55,11.74,12.22,11.42,6.99,13.02,8.27,26.85,19.03,21.63,19.65,22.37,22.85,20.65,18.08,25.45,22.52,23.62,22.74,29.49,20.68,27.88,20.48,20.8,20.98,20.12,24.97,21.91,22.05,22.11,15.62,19.47,20.33,19.18,18.17,24.16,21.77,19.37,27.32,19.49,21.81,25.75,24.38,7.49,11.34,9.4,8.66,13.47,13.87,11.43,7.53,10.4,9.69,17.37,9.76,11.01,30.33,13.23,8.17,15.16,13.05,10.53,5.68,11.46,11.78,14.85,11.47,11.95,13.15,12.19,11.61,6.4,18.73,11.66,11.58,15.13,11.94,11.14,4.63,14.62,13.98,16.36,15.54,9.95,12.87,4.97,4.4,10.8,6.77,9.95,7.87,12.11,7.48,13.1,8.63,6.93,22.15,11.94,10.37,11.12,8.49,9.77,11.03,16.85,9.13,9.83,8.69,13.08,7.2,8.77,9.88,9.5,10.8,13.34,13.48,13.79,14.61,17.55,15.95,11.25,21.08,22.55,10.94,14.27,17.63,21.06,15.76,15.02,11.6,7.24,13.01,22.98,24.08,19.02,11.59,9.78,17.09,9.06,8.33,22.34,18.51,22.02,19.96,16.49,20.8,17.41,11.4,15.63,22.15,6.66,20.04,10.16,16.8,25.42,24.02,16.63,20.21,11.11,16.16,12.14,21.47,22.74,8.55,16.59,9.41,19.2,7.61,16.72,8.71,11.54,21.67,16.92,19.78,19.21,19.27,28.25
33.61,24.48,20.03,25.43,23.26,19.2,13.56,6.28,18.99,11.1,2.58,16.34,26.43,17.58,12.38,1.7,34.18,16.66,18.3,11.9,12.81,5.54,11.52,0.0,15.6,16.91,17.06,18.74,32.48,18.64,13.41,17.99,6.08,6.01,15.85,1.85,23.06,6.32,7.04,20.19,7.55,13.15,8.15,16.36,10.44,3.59,21.04,8.91,15.46,15.5,8.52,3.33,33.94,9.15,15.78,8.89,11.08,15.18,15.12,7.1,27.75,14.88,13.68,10.21,26.67,12.48,18.48,15.37,18.97,13.98,4.34,15.77,17.06,13.27,8.65,1.9,27.9,7.63,7.39,11.08,14.24,18.18,19.0,8.82,14.16,10.38,15.72,11.59,19.93,9.99,8.23,12.94,9.41,16.61,10.67,7.43,21.53,32.52,28.2,8.27,15.36,13.75,17.06,14.57,15.8,18.07,10.61,13.89,10.78,10.06,26.99,22.55,6.99,11.58,10.67,12.55,9.65,9.48,33.67,31.45,30.09,29.56,31.04,24.77,28.02,25.92,27.88,27.12,25.71,22.96,37.12,33.97,33.62,33.62,36.37,24.63,35.06,29.7,32.03,32.51,36.28,35.54,24.0,34.23,34.98,32.29,38.16,35.54,34.23,24.45,30.94,22.29,18.46,19.64,21.12,19.06,20.51,18.78,16.39,14.92,14.84,17.59,15.81,17.28,17.02,12.0,14.27,36.19,28.37,30.98,29.0,31.72,32.2,29.99,27.43,34.8,31.87,32.97,32.09,38.84,30.03,37.23,29.83,30.15,30.32,29.47,34.31,31.26,31.4,31.45,24.96,28.82,29.68,28.52,27.52,33.51,31.12,28.71,36.66,28.84,31.16,35.1,33.73,17.24,20.68,18.75,18.01,22.81,23.22,20.78,17.29,19.75,19.04,26.72,19.11,20.35,39.67,22.58,17.92,24.5,22.4,19.88,15.43,20.8,21.13,24.19,20.82,21.29,22.5,21.54,20.96,16.15,28.08,21.01,20.93,24.48,21.28,20.48,14.38,17.48,16.84,19.22,18.4,9.23,11.85,8.75,7.32,9.77,9.08,8.92,3.65,11.39,9.8,12.38,8.95,9.24,31.5,11.22,9.64,10.4,4.07,3.07,4.34,12.56,11.99,12.69,6.21,16.96,10.06,11.62,12.74,5.08,13.66,16.2,16.34,16.65,3.33,8.47,6.88,4.03,30.43,31.89,16.41,19.44,22.8,30.41,20.93,20.19,17.43,17.0,18.18,28.15,28.95,24.27,17.41,15.6,26.43,18.81,18.08,31.69,27.86,27.19,23.04,21.66,30.15,26.76,16.57,20.8,31.5,16.41,29.38,15.99,21.97,34.77,33.37,9.81,23.07,16.28,19.02,17.31,24.33,25.59,13.72,19.45,14.58,22.06,12.78,19.58,13.88,14.4,24.53,19.78,22.64,22.07,22.13,28.36
22.1,6.26,13.46,13.34,11.74,18.11,12.46,12.23,7.37,19.09,13.11,20.19,14.92,4.54,19.95,14.42,25.68,17.21,11.7,19.46,20.37,13.41,10.43,15.6,0.0,10.21,20.98,8.86,25.05,11.94,21.59,11.3,19.71,19.63,9.15,16.64,5.84,14.51,15.22,22.78,15.74,21.64,21.25,1.79,15.59,17.48,23.63,19.92,9.91,15.88,16.7,14.68,26.51,17.34,16.16,17.07,11.45,23.37,8.42,21.58,19.97,23.37,8.03,18.39,18.89,7.45,21.07,23.86,20.76,22.17,18.23,7.48,17.44,13.65,7.25,15.79,20.13,15.82,15.57,19.27,8.69,18.55,19.38,7.97,8.6,18.57,17.94,4.48,21.73,8.59,9.58,13.32,10.11,20.09,8.26,21.05,6.45,25.09,20.43,16.46,15.74,9.25,20.87,14.94,16.18,18.45,5.57,7.63,6.96,9.83,19.21,5.81,20.61,9.75,6.81,7.88,7.25,8.04,26.24,24.02,22.31,21.79,23.61,16.99,20.25,18.14,20.11,19.34,17.94,15.19,29.69,26.54,21.65,26.19,24.35,16.85,27.63,21.92,24.6,25.08,28.85,20.5,16.22,20.67,27.55,20.83,30.73,23.17,26.8,16.68,23.51,24.89,22.38,22.24,23.71,20.85,22.31,19.15,24.58,23.41,18.95,26.08,24.0,25.77,17.39,20.49,18.67,24.74,16.92,19.52,17.55,20.27,20.75,18.54,15.98,23.35,20.42,21.52,20.64,27.39,18.58,25.78,18.38,18.7,18.87,18.02,22.86,19.81,19.94,20.0,13.51,17.37,18.22,17.07,16.07,22.05,19.67,17.26,25.21,17.39,19.71,23.64,22.28,11.41,7.9,10.97,10.58,7.46,5.61,11.56,8.41,9.57,10.38,15.27,11.33,12.58,32.25,11.13,12.09,13.05,14.5,8.43,9.6,12.9,13.35,12.74,11.6,9.84,11.05,11.42,9.51,7.55,16.63,7.58,13.15,13.03,10.79,11.07,7.66,10.78,10.14,12.52,11.7,17.42,20.34,12.38,11.86,18.26,14.23,17.41,14.07,19.57,14.95,20.56,16.1,14.39,20.05,19.4,17.83,18.58,11.48,14.32,15.58,19.44,9.58,9.91,9.34,10.95,8.66,9.21,8.24,10.47,6.13,7.91,10.79,8.36,19.16,22.17,20.5,15.15,11.1,12.57,1.84,3.84,7.2,11.09,5.33,4.59,4.33,8.43,2.58,12.55,13.35,8.67,4.31,3.85,7.78,6.86,6.99,12.37,11.11,11.59,7.44,6.06,10.83,9.82,0.97,5.2,12.18,7.87,10.06,2.89,6.37,14.61,13.11,19.21,16.37,4.31,12.32,1.71,17.63,18.9,4.92,12.75,1.02,8.57,3.98,12.88,2.55,6.12,11.99,13.08,10.1,15.37,15.43,22.96
29.87,15.44,3.77,9.17,19.51,21.72,16.08,12.62,15.13,19.48,14.42,24.72,22.69,12.3,20.34,15.72,33.14,20.82,15.1,19.85,20.76,13.8,14.05,16.91,10.21,0.0,25.87,17.04,32.46,2.25,21.92,1.61,19.16,17.92,1.19,17.88,13.61,14.83,15.55,26.36,16.06,21.96,14.57,10.97,15.91,18.71,27.21,13.24,4.9,19.45,17.03,15.92,33.92,17.66,19.74,17.4,15.03,23.69,2.28,14.89,27.39,23.7,11.44,18.72,26.3,10.85,24.65,24.18,24.34,22.49,19.63,2.85,21.01,17.23,8.59,17.02,27.54,16.14,15.9,19.59,3.69,22.13,22.95,9.2,3.6,18.89,21.52,7.89,25.31,7.46,12.25,16.9,13.42,23.67,6.94,16.95,14.22,32.51,27.84,16.78,19.31,12.66,24.45,18.52,19.76,22.03,8.98,11.04,7.69,11.91,26.62,13.57,18.9,13.15,10.22,11.28,9.33,10.13,33.66,31.44,29.73,29.2,31.02,24.4,27.66,25.55,27.52,26.76,25.35,22.6,37.1,33.96,33.6,33.6,36.36,24.26,35.04,29.34,32.02,32.5,36.26,28.26,23.64,28.44,34.96,28.6,38.15,30.94,34.22,24.09,30.92,28.47,27.27,25.82,27.29,24.43,25.89,22.73,24.9,23.74,23.65,26.4,24.32,26.09,20.97,20.81,23.09,32.51,24.69,27.29,25.31,28.04,28.51,26.31,23.75,31.12,28.18,29.28,28.41,35.16,26.35,33.55,26.15,26.47,26.64,25.79,30.63,27.57,27.71,27.77,21.28,25.13,25.99,24.84,23.84,29.82,27.44,25.03,32.98,25.16,27.48,31.41,30.05,14.82,15.67,18.38,17.99,15.88,14.8,17.81,14.87,15.37,17.8,23.03,18.75,19.99,39.66,18.89,15.5,20.82,22.04,16.19,13.01,20.44,20.77,20.51,19.01,17.61,18.82,19.18,17.28,13.73,24.39,15.35,20.57,20.79,18.55,18.84,11.07,1.1,2.18,2.83,2.01,17.74,20.66,12.71,12.19,18.59,14.56,17.74,15.66,19.9,15.27,20.89,16.42,14.72,27.82,19.73,18.16,18.91,12.71,15.55,16.81,12.75,6.46,4.91,10.57,5.95,8.98,5.31,7.06,11.7,4.17,3.31,5.79,4.26,20.39,15.49,18.37,16.38,21.32,22.79,11.02,14.05,17.41,21.3,15.54,14.8,12.1,14.58,12.79,22.76,23.56,18.88,12.08,10.27,16.97,14.62,11.19,22.58,18.39,21.8,17.66,16.27,21.04,17.3,11.18,15.41,22.39,13.99,20.27,10.66,16.58,24.82,23.33,12.53,6.69,10.89,2.63,11.92,7.94,9.21,5.67,3.06,9.19,5.67,6.67,3.19,8.49,4.03,8.14,3.39,6.25,5.68,5.74,13.28
34.21,25.07,29.12,34.52,23.85,4.91,9.06,12.54,18.99,5.98,14.56,1.23,27.03,20.61,7.09,15.87,34.77,5.7,18.31,8.68,7.22,11.95,10.58,17.06,20.98,25.87,0.0,19.89,33.62,27.19,10.26,26.54,20.71,20.64,24.4,19.66,24.21,11.47,13.05,4.44,10.41,5.42,22.78,21.69,12.79,18.48,5.29,23.55,24.01,7.36,11.32,15.69,35.09,15.36,6.39,13.96,9.53,4.47,23.67,21.73,28.9,4.94,14.42,10.15,27.81,15.88,2.73,4.41,3.22,6.1,19.23,24.31,4.19,7.33,18.12,16.8,29.05,13.65,11.58,8.65,22.79,4.47,2.56,18.73,22.7,16.6,4.78,16.91,4.18,18.54,14.78,8.76,15.96,2.08,19.22,22.06,22.68,33.67,29.35,9.65,6.15,14.49,1.19,6.72,4.96,3.82,16.03,14.63,20.12,12.19,28.13,23.7,21.62,12.32,14.52,13.3,14.36,13.51,34.82,32.6,31.24,30.71,32.19,25.92,29.17,27.06,29.03,28.27,26.86,24.11,38.27,35.12,34.76,34.77,37.52,25.78,36.2,30.85,33.18,33.66,37.43,36.69,25.15,35.38,36.13,33.43,39.31,36.69,35.38,25.6,32.09,6.54,1.85,3.89,5.37,3.31,4.76,3.88,3.35,2.81,3.9,3.12,4.17,2.81,5.83,5.06,4.23,37.34,29.52,32.12,30.15,32.87,33.34,31.14,28.58,35.95,33.02,34.12,33.24,39.99,31.18,38.38,30.98,31.3,31.47,30.62,35.46,32.41,32.54,32.6,26.11,29.97,30.82,29.67,28.67,34.65,32.27,29.86,37.81,29.99,32.31,36.24,34.88,17.98,21.83,19.9,19.16,23.96,24.37,21.93,18.03,20.9,20.19,27.86,20.26,21.5,40.82,23.73,18.66,25.65,23.55,21.03,16.17,21.95,22.28,25.34,21.97,22.44,23.65,22.69,22.11,16.89,29.22,22.16,22.08,25.63,22.43,21.63,15.13,26.03,25.39,27.77,26.94,10.05,6.96,15.3,13.86,7.64,12.56,8.25,13.43,6.92,12.15,7.45,9.45,11.15,32.65,11.43,12.44,10.97,14.04,15.32,16.58,28.26,20.54,21.24,16.18,24.49,18.61,20.17,21.29,15.05,22.21,24.75,24.89,25.19,20.16,23.1,21.51,16.8,31.57,33.04,21.44,24.77,28.13,31.56,26.25,25.51,22.1,17.74,23.5,33.47,34.58,29.51,22.08,20.27,27.58,19.56,18.82,32.83,29.0,32.51,30.45,26.99,31.3,27.91,21.9,26.13,32.65,17.15,30.53,20.66,27.29,35.92,34.51,24.44,31.62,21.61,27.57,22.63,32.88,34.14,19.04,28.0,19.91,30.6,18.1,28.13,19.2,22.95,33.08,28.33,31.19,30.62,30.68,39.66
14.81,5.68,20.29,25.69,4.45,17.07,11.42,12.45,3.33,19.31,16.24,19.15,7.63,5.51,20.17,17.55,16.82,16.17,3.42,19.68,20.59,13.63,9.39,18.74,8.86,17.04,19.89,0.0,16.19,18.71,21.4,18.06,22.44,22.36,15.92,21.38,4.32,14.32,15.03,21.2,15.55,21.45,24.5,8.31,15.4,20.21,22.05,24.61,19.88,14.29,16.51,17.41,17.66,17.15,14.57,16.88,9.87,23.18,15.19,23.45,11.12,23.18,8.12,18.2,10.03,9.57,19.49,19.79,19.18,21.98,20.96,14.25,15.85,12.06,13.99,18.52,11.27,15.63,15.38,19.08,18.66,16.97,17.79,14.6,18.57,18.38,16.36,11.19,20.14,14.41,11.07,11.73,12.25,18.5,15.09,23.78,2.79,16.24,11.57,16.27,14.15,6.6,19.28,13.36,14.59,16.86,9.73,8.32,15.98,9.5,10.35,3.81,23.34,9.63,8.22,6.84,11.67,10.82,17.39,15.17,13.46,12.93,14.75,8.14,11.39,9.28,11.25,10.49,9.08,6.33,20.84,17.69,17.33,17.34,20.09,8.0,18.77,13.07,15.75,16.23,19.99,13.21,7.37,13.39,18.69,13.55,21.88,19.26,17.95,7.82,14.65,23.3,20.8,20.65,22.13,19.27,20.72,17.57,20.21,18.24,17.37,20.55,23.81,20.24,15.81,20.3,17.08,17.45,9.63,12.24,10.26,12.98,13.46,11.25,8.69,16.06,13.13,14.23,13.35,20.1,11.29,18.49,11.09,11.41,11.59,10.73,15.58,12.52,12.66,12.72,6.23,10.08,10.94,9.79,8.78,14.77,12.38,9.97,17.93,10.1,12.42,16.36,14.99,6.65,2.6,2.12,1.72,4.07,4.48,2.7,3.13,1.67,1.53,7.98,2.48,3.72,23.39,3.84,7.33,5.76,5.77,1.14,4.84,4.17,4.5,5.45,2.74,2.55,3.76,4.13,2.22,4.03,9.34,2.27,4.3,5.74,3.5,3.78,5.91,17.55,16.91,19.29,18.46,17.23,20.15,12.25,11.67,18.07,14.04,17.22,15.15,19.39,14.76,20.37,15.91,14.2,12.76,19.21,17.64,18.39,15.76,17.04,18.31,24.13,16.4,17.11,15.97,20.35,14.48,16.04,17.16,16.77,12.9,14.68,20.76,15.13,21.89,24.82,23.23,18.52,11.69,13.16,7.02,12.7,12.96,11.67,13.38,13.45,6.14,6.77,11.44,21.4,14.69,9.63,6.12,7.2,7.69,5.36,6.49,12.95,9.12,20.44,10.57,14.92,11.41,8.02,9.83,14.06,12.76,6.18,10.65,5.97,15.23,16.03,14.63,23.9,23.14,12.14,19.09,10.57,24.4,25.66,11.69,19.52,8.85,22.12,10.75,19.64,10.39,12.88,24.6,19.84,22.7,22.14,22.2,35.53
18.65,21.87,35.71,41.11,20.65,30.81,25.16,26.18,19.54,33.05,29.98,32.89,11.51,21.7,33.91,31.29,2.24,29.91,18.84,33.42,34.33,27.36,23.13,32.48,25.05,32.46,33.62,16.19,0.0,34.42,36.33,33.78,37.36,37.29,31.63,36.31,20.7,29.24,29.96,36.13,30.48,36.37,39.43,24.68,30.32,35.13,36.97,39.54,34.8,29.22,31.44,32.34,2.75,32.07,29.5,31.81,24.79,38.1,30.9,38.38,6.02,38.11,23.83,33.13,7.05,25.29,34.41,34.72,34.11,36.9,35.88,29.96,30.78,26.99,28.92,33.44,4.31,30.55,30.31,34.01,33.59,31.9,32.72,29.53,33.5,33.31,31.28,26.91,35.07,29.34,26.0,26.66,27.18,33.43,30.02,38.71,19.17,2.49,3.94,31.2,29.08,22.32,34.21,28.28,29.52,31.79,25.44,24.04,30.91,24.43,5.37,20.19,38.27,24.56,23.93,22.55,26.6,25.74,1.58,4.52,5.21,4.36,1.55,7.11,5.53,8.26,7.21,5.89,5.36,9.9,10.19,7.04,6.68,6.69,9.44,10.32,8.13,3.86,5.1,5.58,9.35,8.61,9.02,7.3,8.05,5.71,11.23,4.86,7.3,10.62,4.01,38.23,35.72,35.58,37.06,34.2,35.65,32.5,35.14,33.16,32.29,35.48,38.73,35.17,30.73,35.22,32.01,21.41,11.12,12.91,26.63,12.97,17.41,15.21,11.35,15.4,11.91,13.57,17.31,24.06,27.67,17.83,8.34,14.54,15.54,12.21,19.53,16.47,16.61,13.09,13.16,14.03,15.67,13.74,12.74,13.55,16.34,9.28,21.88,26.48,6.84,20.31,14.33,22.37,18.32,17.19,16.8,20.45,20.85,18.42,18.85,17.38,16.45,24.35,17.55,11.31,12.74,20.21,23.04,14.34,13.38,17.51,20.55,11.85,9.95,14.68,18.46,18.93,20.14,19.99,18.6,19.74,25.71,18.64,12.33,14.97,19.73,18.93,21.62,33.26,32.62,35.0,34.18,32.16,35.08,27.18,26.6,33.0,28.97,32.15,30.07,34.31,29.69,35.3,30.84,29.13,23.31,34.14,32.57,33.32,30.69,31.97,33.23,39.05,31.33,32.03,30.9,35.28,29.4,30.97,32.08,31.7,28.61,30.39,35.69,30.84,36.81,39.75,38.16,33.45,28.06,29.53,23.39,29.07,29.33,28.05,29.75,29.82,22.52,22.48,27.81,37.78,31.07,26.0,22.5,23.57,24.07,21.07,23.57,29.32,25.49,36.82,26.94,31.29,27.78,24.4,26.2,30.43,29.14,21.9,27.02,22.34,31.6,32.4,31.0,38.83,38.85,28.51,34.8,26.94,40.11,41.38,27.4,35.23,25.23,37.84,26.46,35.36,26.76,28.6,40.31,35.56,38.42,37.85,37.91,50.45
31.6,17.17,3.87,9.27,21.24,23.46,17.81,14.35,16.86,21.21,16.15,26.45,24.42,14.03,22.07,17.45,34.87,22.56,16.83,21.58,22.49,15.53,15.78,18.64,11.94,2.25,27.19,18.71,34.42,0.0,23.65,1.71,20.89,19.65,2.92,19.61,15.34,16.56,17.28,28.1,17.8,23.69,16.3,12.71,17.64,20.44,28.94,14.97,6.64,21.19,18.76,17.65,35.66,19.39,21.47,19.13,16.76,25.42,4.02,16.63,29.12,25.43,13.17,20.45,28.04,12.59,26.38,25.91,26.08,24.22,21.37,4.59,22.75,18.96,10.33,18.76,29.27,17.87,17.63,21.33,5.42,23.87,24.69,10.94,5.33,20.63,23.25,9.62,27.04,9.19,13.98,18.63,15.16,25.4,8.68,18.68,15.95,34.24,29.57,18.51,21.05,14.39,26.18,20.25,21.49,23.76,10.71,12.77,9.43,13.65,28.36,15.31,20.63,14.89,11.95,13.02,11.07,11.86,35.39,33.17,31.46,30.94,32.76,26.14,29.39,27.29,29.25,28.49,27.08,24.33,38.84,35.69,35.33,35.34,38.09,26.0,36.77,31.07,33.75,34.23,38.0,30.0,25.37,30.17,36.7,30.33,39.88,32.67,35.95,25.83,32.66,30.2,29.0,27.55,29.03,26.17,27.62,24.47,26.64,25.47,25.39,28.14,26.05,27.82,22.7,22.54,24.82,34.24,26.42,29.03,27.05,29.77,30.25,28.04,25.48,32.85,29.92,31.02,30.14,36.89,28.08,35.28,27.88,28.2,28.37,27.52,32.36,29.31,29.45,29.5,23.01,26.87,27.73,26.57,25.57,31.55,29.17,26.76,34.71,26.89,29.21,33.14,31.78,16.56,17.4,20.12,19.73,17.61,16.53,19.54,16.6,17.1,19.53,24.77,20.48,21.72,41.39,20.63,17.23,22.55,23.77,17.93,14.74,22.17,22.5,22.24,20.74,19.34,20.55,20.92,19.01,15.46,26.13,17.08,22.3,22.53,20.29,20.57,12.8,2.79,3.91,2.94,3.7,19.48,22.4,14.44,13.92,20.32,16.29,19.47,17.39,21.63,17.01,22.62,18.15,16.45,29.55,21.46,19.89,20.64,14.45,17.28,18.54,14.49,8.19,6.64,12.3,7.68,10.71,7.04,8.79,13.44,5.9,5.04,7.52,5.99,22.12,17.22,20.1,18.12,23.05,24.52,12.76,9.87,19.15,23.03,17.27,16.53,13.83,16.31,14.52,22.7,25.3,20.62,13.81,12.0,18.7,16.36,12.93,24.31,20.13,17.61,19.39,12.09,22.77,19.03,12.92,17.15,24.12,15.72,22.01,12.39,12.39,26.55,25.06,14.26,6.79,12.63,4.33,13.65,8.05,9.31,7.4,3.17,10.92,5.77,8.41,1.23,10.22,5.76,8.25,1.43,6.35,5.79,5.85,13.38
36.22,27.08,25.16,30.57,25.86,12.64,16.16,8.89,21.59,8.81,10.91,9.55,29.04,23.21,3.4,12.22,36.78,12.37,20.91,1.99,6.91,8.3,14.13,13.41,21.59,21.92,10.26,21.4,36.33,23.65,0.0,22.52,17.11,17.04,20.38,16.06,25.59,7.87,6.61,13.39,6.81,6.8,19.18,21.81,9.98,14.89,14.24,19.95,19.99,15.09,3.03,12.09,36.47,6.17,14.12,4.76,13.6,6.27,19.65,18.13,30.28,9.26,16.21,4.38,29.19,14.56,11.68,8.73,12.17,5.07,15.63,20.29,11.92,15.8,14.1,13.2,30.43,6.0,4.85,2.89,18.77,12.2,11.51,14.71,18.68,7.4,11.45,17.03,13.13,14.52,10.76,15.47,11.94,9.81,15.2,18.46,24.06,35.05,30.73,6.06,13.88,16.28,10.26,14.45,12.69,11.94,16.06,16.41,16.09,12.58,29.51,25.08,18.02,14.11,13.2,15.08,12.86,12.0,36.2,33.98,32.62,32.09,33.56,27.29,30.55,28.44,30.41,29.65,28.24,25.49,39.65,36.5,36.14,36.15,38.9,27.15,37.58,32.23,34.56,35.04,38.8,38.06,26.52,36.76,37.51,34.81,40.69,38.07,36.76,26.98,33.46,15.49,11.66,12.84,14.32,12.26,13.72,12.64,7.48,8.24,10.57,10.54,6.9,10.23,12.5,9.69,10.9,38.72,30.9,33.5,31.52,34.25,34.72,32.52,29.96,37.33,34.39,35.49,34.62,41.37,32.56,39.76,32.36,32.68,32.85,32.0,36.84,33.78,33.92,33.98,27.49,31.34,32.2,31.05,30.05,36.03,33.65,31.24,39.19,31.37,33.69,37.62,36.26,19.77,23.21,21.27,20.53,25.34,25.74,23.31,19.81,22.27,21.57,29.24,21.63,22.88,42.2,25.1,20.44,27.03,24.93,22.4,17.95,23.33,23.66,26.72,23.35,23.82,25.03,24.07,23.49,18.68,30.6,23.54,23.46,27.0,23.81,23.01,16.91,22.01,21.37,23.75,22.92,4.29,9.54,11.28,9.84,7.46,9.75,6.62,9.83,5.57,9.34,6.56,6.64,8.34,34.03,2.24,3.24,1.11,10.44,11.72,12.99,24.24,16.51,17.22,12.58,20.46,14.59,16.15,17.26,11.45,18.19,20.72,20.87,21.17,16.56,19.5,17.91,13.2,32.95,34.42,21.86,24.89,28.25,32.94,26.37,25.64,22.87,19.52,23.63,33.59,35.96,30.89,22.86,21.05,28.96,21.34,20.61,34.21,30.38,32.63,28.49,27.11,32.68,29.29,22.02,26.25,34.03,18.94,31.91,21.44,27.42,37.3,35.89,20.84,27.6,21.73,23.55,22.76,28.86,30.12,18.91,23.98,20.03,26.58,18.22,24.1,19.33,18.93,29.06,24.3,27.16,26.6,26.66,35.64
30.95,16.53,2.3,7.7,20.59,22.81,17.17,13.7,16.22,20.56,15.51,25.81,23.77,13.39,21.43,16.81,34.23,21.91,16.19,20.94,21.85,14.88,15.14,17.99,11.3,1.61,26.54,18.06,33.78,1.71,22.52,0.0,20.24,19.01,2.28,18.97,14.7,15.92,16.64,27.45,17.15,23.05,15.66,12.06,17.0,19.8,28.3,14.33,5.99,20.54,18.12,17.0,35.01,18.75,20.82,18.48,16.12,24.78,3.37,15.98,28.48,24.79,12.53,19.81,27.39,11.94,25.74,25.27,25.43,23.58,20.72,3.94,22.1,18.32,9.68,18.11,28.63,17.23,16.99,20.68,4.77,23.22,24.04,10.29,4.69,19.98,22.61,8.98,26.39,8.54,13.33,17.99,14.51,24.76,8.03,18.04,15.31,33.6,28.93,17.87,20.4,13.75,25.54,19.61,20.84,23.12,10.07,12.13,8.78,13.0,27.71,14.66,19.98,14.24,11.3,12.37,10.42,11.22,34.74,32.52,30.82,30.29,32.11,25.49,28.75,26.64,28.61,27.85,26.44,23.69,38.19,35.05,34.69,34.69,37.45,25.35,36.13,30.43,33.1,33.58,37.35,29.35,24.72,29.53,36.05,29.69,39.24,32.03,35.3,25.18,32.01,29.55,28.36,26.9,28.38,25.52,26.98,23.82,25.99,24.83,24.74,27.49,25.41,27.18,22.06,21.9,24.17,33.6,25.78,28.38,26.4,29.12,29.6,27.4,24.83,32.2,29.27,30.37,29.49,36.24,27.43,34.63,27.23,27.55,27.73,26.87,31.72,28.66,28.8,28.86,22.37,26.22,27.08,25.93,24.92,30.91,28.52,26.12,34.07,26.25,28.56,32.5,31.14,15.91,16.76,19.47,19.08,16.97,15.89,18.9,15.95,16.46,18.88,24.12,19.83,21.08,40.75,19.98,16.59,21.91,23.13,17.28,14.1,21.53,21.86,21.6,20.1,18.7,19.91,20.27,18.36,14.82,25.48,16.44,21.66,21.88,19.64,19.92,12.16,2.15,3.27,1.37,3.06,18.83,21.75,13.79,13.28,19.67,15.64,18.82,16.75,20.99,16.36,21.98,17.51,15.81,28.91,20.82,19.24,20.0,13.8,16.64,17.9,13.84,7.55,6.0,11.66,7.04,10.07,6.4,8.15,12.79,5.26,4.4,6.88,5.35,21.48,16.58,19.45,17.47,15.8,17.27,12.11,8.29,11.9,15.79,10.02,9.29,13.19,15.66,13.88,21.13,18.05,13.37,13.17,11.36,18.06,15.71,12.28,17.06,15.81,16.04,12.14,10.51,15.52,14.52,12.27,9.9,16.88,15.08,14.76,11.75,10.82,19.3,17.81,13.62,5.22,11.98,3.68,13.01,6.48,7.74,6.76,1.59,10.28,4.2,7.76,2.65,9.58,5.11,6.67,2.85,4.78,4.22,4.28,11.81
37.25,28.11,22.4,27.81,26.89,22.84,17.19,9.92,22.62,14.74,6.74,19.98,30.07,21.74,16.02,5.8,37.81,20.3,21.94,15.53,16.44,9.18,15.16,6.08,19.71,19.16,20.71,22.44,37.36,20.89,17.11,20.24,0.0,3.3,14.75,6.91,28.43,11.69,12.41,25.56,12.92,18.52,2.07,22.61,15.81,5.74,26.41,2.83,12.36,20.87,13.89,6.76,39.31,14.52,21.16,14.26,16.45,20.55,14.02,4.23,33.12,20.26,19.06,15.58,32.04,18.73,23.85,20.74,24.34,19.35,5.01,14.96,22.43,18.65,14.9,5.9,33.27,13.0,12.76,16.46,13.14,23.55,24.37,15.51,13.06,15.76,21.09,17.83,25.3,15.32,13.61,18.32,14.78,21.98,16.0,2.33,26.91,37.9,33.58,13.64,20.73,19.13,22.43,19.94,21.17,23.45,16.86,19.26,16.9,15.43,32.36,27.92,4.28,16.96,16.05,17.93,15.9,14.85,39.04,36.82,35.46,34.94,36.41,30.14,33.4,31.29,33.26,32.49,31.09,28.34,42.49,39.35,38.99,38.99,41.74,30.0,40.43,35.07,37.4,37.88,41.65,40.91,29.37,39.6,40.35,37.66,43.54,40.92,39.6,29.83,36.31,27.67,23.83,25.02,26.49,24.43,25.89,24.15,21.77,20.3,20.21,22.97,21.18,22.65,22.39,17.37,19.65,41.56,33.74,36.35,34.37,37.09,37.57,35.37,32.8,40.17,37.24,38.34,37.46,44.21,35.4,42.6,35.2,35.52,35.7,34.84,39.69,36.63,36.77,36.83,30.34,34.19,35.05,33.9,32.89,38.88,36.49,34.09,42.04,34.21,36.53,40.47,39.1,22.62,26.06,24.12,23.38,28.19,28.59,26.15,22.66,25.12,24.41,32.09,24.48,25.72,45.05,27.95,23.29,29.88,27.77,25.25,20.8,26.18,26.5,29.56,26.19,26.66,27.87,26.91,26.33,21.53,33.45,26.38,26.3,29.85,26.66,25.86,19.76,16.38,15.74,18.12,17.3,14.61,17.22,14.12,12.69,15.15,14.46,14.3,9.03,16.76,15.17,17.75,14.32,14.62,36.87,16.59,15.02,15.77,9.96,7.94,9.2,6.48,17.32,13.82,12.11,10.88,15.39,14.22,18.07,10.98,14.76,15.41,13.82,16.36,7.42,4.83,3.75,9.93,35.8,37.27,22.66,25.69,29.05,35.78,27.17,26.44,23.68,22.37,24.43,34.4,35.2,30.52,23.66,21.85,31.8,24.19,23.46,37.06,33.23,33.44,29.29,27.91,35.52,32.13,22.82,27.05,36.87,21.78,34.76,22.24,28.22,36.46,34.96,3.73,21.97,22.53,17.92,23.56,23.23,23.56,16.26,18.35,20.83,20.96,19.03,18.48,20.13,16.28,23.43,18.68,21.54,20.97,21.03,22.28
37.18,28.04,21.17,26.57,26.82,22.76,17.12,9.85,22.55,14.66,6.67,19.91,30.0,21.67,15.95,5.72,37.74,20.22,21.87,15.46,16.37,9.11,15.09,6.01,19.63,17.92,20.64,22.36,37.29,19.65,17.04,19.01,3.3,0.0,16.53,4.19,26.09,9.35,10.07,23.22,10.59,16.18,3.85,19.92,13.47,3.01,24.07,4.61,14.14,18.54,11.55,4.42,36.97,12.18,18.82,11.92,14.11,18.21,15.8,1.63,30.78,17.92,16.72,13.24,29.7,15.06,21.51,18.4,22.0,17.01,2.29,16.73,20.09,16.31,12.21,3.56,30.94,10.66,10.42,14.12,14.92,21.21,22.03,12.38,14.84,13.42,18.75,15.14,22.97,15.03,11.27,15.98,12.44,19.65,15.71,1.99,24.57,35.56,31.24,11.31,18.39,16.79,20.09,17.6,18.84,21.11,14.17,16.92,14.34,13.09,30.02,25.58,1.55,14.62,13.71,15.59,13.21,12.51,36.7,34.48,33.12,32.6,34.07,27.8,31.06,28.95,30.92,30.15,28.75,26.0,40.15,37.01,36.65,36.65,39.41,27.66,38.09,32.73,35.06,35.54,39.31,38.57,27.03,37.27,38.01,35.32,41.2,38.58,37.27,27.49,33.97,25.33,21.49,22.68,24.15,22.09,23.55,21.81,19.43,17.96,17.87,20.63,18.84,20.31,20.05,15.03,17.31,39.23,31.41,34.01,32.03,34.75,35.23,33.03,30.46,37.83,34.9,36.0,35.12,41.87,33.06,40.26,32.86,33.18,33.36,32.5,37.35,34.29,34.43,34.49,28.0,31.85,32.71,31.56,30.55,36.54,34.15,31.75,39.7,31.87,34.19,38.13,36.76,20.28,23.72,21.78,21.04,25.85,26.25,23.81,20.32,22.78,22.07,29.75,22.14,23.39,42.71,25.61,20.95,27.54,25.43,22.91,18.46,23.84,24.16,27.23,23.85,24.33,25.53,24.57,23.99,19.19,31.11,24.04,23.96,27.51,24.32,23.52,17.42,18.16,17.52,19.9,19.08,12.27,14.88,11.79,10.35,12.81,12.12,11.96,6.69,14.42,12.83,15.41,11.98,12.28,34.53,14.25,12.68,13.43,7.63,5.6,6.86,8.26,17.02,15.6,9.77,12.66,15.09,16.66,17.77,8.64,16.54,17.19,15.6,18.14,4.69,3.0,1.41,7.59,33.46,34.93,19.97,23.0,26.36,33.44,24.49,23.75,20.99,20.03,21.74,31.71,36.46,31.4,20.97,19.16,29.47,21.85,21.12,34.72,30.89,30.75,26.6,25.22,33.18,29.79,20.13,24.36,34.53,19.45,32.42,19.55,25.53,37.8,36.4,5.51,23.75,19.84,19.7,20.87,25.01,25.34,17.28,20.13,18.14,22.74,16.34,20.26,17.44,19.44,25.21,20.46,23.32,22.75,22.81,24.06
28.81,14.38,4.44,9.84,18.45,20.67,15.02,11.56,14.08,18.42,13.36,23.66,21.63,11.25,19.28,14.67,32.08,19.77,14.04,18.79,19.7,12.74,12.99,15.85,9.15,1.19,24.4,15.92,31.63,2.92,20.38,2.28,14.75,16.53,0.0,16.82,12.56,13.78,14.49,25.31,15.01,20.9,13.51,9.92,14.85,17.66,26.16,12.18,3.85,18.4,15.97,14.86,32.87,16.6,18.68,16.34,13.98,22.64,1.23,13.84,26.33,22.64,10.38,17.66,25.25,9.8,23.6,23.13,23.29,21.43,18.58,1.8,19.96,16.17,7.54,15.97,26.48,15.08,14.84,18.54,2.63,21.08,21.9,8.15,2.55,17.84,20.47,6.84,24.25,6.4,11.19,15.84,12.37,22.61,5.89,15.89,13.16,31.45,26.79,15.73,18.26,11.61,23.39,17.47,18.7,20.97,7.93,9.98,6.64,10.86,25.57,12.52,17.84,12.1,9.16,10.23,8.28,9.08,32.6,30.38,28.67,28.15,29.97,23.35,26.61,24.5,26.47,25.7,24.3,21.55,36.05,32.9,32.55,32.55,35.3,23.21,33.99,28.28,30.96,31.44,35.21,27.21,22.58,27.39,33.91,27.55,37.09,29.89,33.16,23.04,29.87,27.41,26.22,24.76,26.24,23.38,24.83,21.68,23.85,22.68,22.6,25.35,23.27,25.04,19.92,19.76,22.03,31.45,23.63,26.24,24.26,26.98,27.46,25.25,22.69,30.06,27.13,28.23,27.35,34.1,25.29,32.49,25.09,25.41,25.59,24.73,29.58,26.52,26.66,26.72,20.23,24.08,24.94,23.79,22.78,28.77,26.38,23.97,31.93,24.1,26.42,30.36,28.99,13.77,14.62,17.33,16.94,14.82,13.75,16.76,13.81,14.31,16.74,21.98,17.69,18.93,38.61,17.84,14.44,19.76,20.98,15.14,11.95,19.39,19.71,19.45,17.96,16.55,17.76,18.13,16.22,12.68,23.34,14.29,19.51,19.74,17.5,17.78,10.02,1.77,0.99,3.51,2.68,16.69,19.61,11.65,11.13,17.53,13.5,16.68,14.61,18.84,14.22,19.83,15.37,13.66,26.76,18.67,17.1,17.85,11.66,14.49,15.76,11.7,5.4,3.86,9.52,4.89,7.92,4.26,6.0,10.65,3.12,2.25,4.73,3.21,19.34,14.44,17.31,15.33,20.26,21.73,9.97,13.0,16.36,20.25,14.48,13.75,11.04,13.52,11.74,21.7,22.51,17.83,11.02,9.22,15.91,13.57,10.14,21.52,17.34,20.74,16.6,15.22,19.98,16.24,10.13,14.36,21.34,12.94,19.22,9.6,15.53,23.76,22.27,11.47,7.36,9.84,3.3,10.87,8.62,9.88,4.62,3.73,8.14,6.34,5.62,3.86,7.44,2.97,8.81,4.06,6.92,6.36,6.41,13.95
36.19,27.06,21.12,26.53,25.83,21.78,16.14,8.86,21.57,13.68,3.68,18.92,29.01,18.68,14.96,2.79,36.76,19.24,20.88,14.48,15.39,8.12,14.1,1.85,16.64,17.88,19.66,21.38,36.31,19.61,16.06,18.97,6.91,4.19,16.82,0.0,25.78,9.04,9.76,22.91,10.27,15.87,7.42,17.46,13.16,1.34,23.76,8.18,17.71,18.22,11.24,4.11,36.66,11.87,18.5,11.61,13.8,17.9,19.84,5.2,30.47,17.6,16.4,12.93,29.39,14.75,21.2,18.09,21.69,16.7,2.61,20.49,19.78,15.99,9.75,2.91,30.62,10.35,10.11,13.8,18.96,20.9,21.72,9.92,18.88,13.1,18.44,12.68,22.65,14.71,10.95,15.66,12.13,19.33,15.4,4.72,24.25,35.24,30.92,10.99,18.08,16.47,19.78,17.29,18.52,20.79,11.71,16.61,11.87,12.78,29.71,25.27,3.89,14.3,13.39,15.27,10.75,12.2,36.39,34.17,32.81,32.28,33.76,27.49,30.74,28.64,30.6,29.84,28.43,25.68,39.84,36.69,36.34,36.34,39.09,27.35,37.78,32.42,34.75,35.23,39.0,38.26,26.72,36.95,37.7,35.01,40.88,38.26,36.95,27.18,33.66,25.01,21.18,22.36,23.84,21.78,23.23,21.5,19.11,17.64,17.56,20.31,18.53,20.0,19.74,14.72,16.99,38.91,31.09,33.7,31.72,34.44,34.92,32.71,30.15,37.52,34.59,35.69,34.81,41.56,32.75,39.95,32.55,32.87,33.04,32.19,37.03,33.98,34.12,34.17,27.68,31.54,32.4,31.25,30.24,36.23,33.84,31.43,39.38,31.56,33.88,37.82,36.45,19.96,23.4,21.47,20.73,25.53,25.94,23.5,20.01,22.47,21.76,29.44,21.83,23.07,42.4,25.3,20.64,27.22,25.12,22.6,18.15,23.52,23.85,26.91,23.54,24.01,25.22,24.26,23.68,18.87,30.8,23.73,23.65,27.2,24.0,23.2,17.11,22.2,21.56,23.94,23.12,11.95,14.57,11.47,10.04,12.49,11.8,11.64,6.37,14.11,12.52,15.1,11.67,11.96,34.22,13.94,12.37,13.12,5.16,5.29,6.55,11.83,16.71,17.41,7.31,16.23,14.78,16.35,17.46,6.17,18.38,20.92,21.06,21.37,2.33,6.57,4.98,5.12,33.15,34.62,17.51,20.54,23.9,33.13,22.02,21.29,18.52,19.72,19.28,29.24,36.15,31.08,18.51,16.7,29.15,21.53,20.8,34.41,30.58,28.28,24.14,22.76,32.87,29.48,17.67,21.9,34.22,19.13,32.1,17.09,23.07,37.49,36.09,9.08,27.79,17.38,23.74,18.41,29.05,28.91,14.81,24.17,15.68,26.78,13.87,24.3,14.98,19.12,29.25,24.5,27.36,26.79,26.85,27.63
17.57,5.07,16.86,22.26,7.21,21.39,15.75,16.77,2.83,23.63,20.56,23.47,10.39,2.5,24.49,21.88,21.15,20.49,8.4,24.0,24.91,17.95,13.71,23.06,5.84,13.61,24.21,4.32,20.7,15.34,25.59,14.7,28.43,26.09,12.56,25.78,0.0,18.64,19.35,25.52,19.87,25.77,24.59,5.72,19.72,24.53,26.37,23.26,13.3,18.61,20.83,21.73,21.98,21.47,18.89,21.2,14.19,27.5,11.82,27.77,15.44,27.5,9.52,22.52,14.35,10.79,23.81,24.11,23.5,26.3,25.28,10.88,20.17,16.38,10.59,22.84,15.59,19.95,19.7,23.4,12.09,21.29,22.11,11.31,12.0,22.7,20.68,7.82,24.46,11.93,15.39,16.05,16.57,22.82,11.6,28.1,1.92,20.56,15.89,20.59,18.47,8.01,23.6,17.68,18.91,21.18,8.91,9.73,10.3,13.82,14.67,1.27,27.66,10.35,9.62,8.24,10.59,10.12,21.71,19.49,17.78,17.25,19.07,12.46,15.71,13.6,15.57,14.81,13.4,10.65,25.16,22.01,17.12,21.66,19.82,12.32,23.09,17.39,20.07,20.55,24.31,15.96,11.69,16.14,23.01,16.3,26.2,18.64,22.27,12.14,18.97,27.62,25.12,24.97,26.45,23.59,25.04,21.89,24.53,22.56,21.69,24.87,28.13,24.56,20.13,24.62,21.4,20.21,12.38,14.99,13.01,15.73,16.21,14.01,11.44,18.81,15.88,16.98,16.1,22.85,14.04,21.24,13.84,14.16,14.34,13.48,18.33,15.27,15.41,15.47,8.98,12.83,13.69,12.54,11.53,17.52,15.13,12.73,20.68,12.85,15.17,19.11,17.74,8.06,3.37,6.44,6.04,3.57,3.98,7.02,3.88,5.04,5.85,10.73,6.8,8.04,27.71,6.59,8.73,8.52,9.96,3.89,6.24,8.36,8.82,8.21,7.06,5.31,6.51,6.88,4.97,4.04,12.09,3.05,8.62,8.49,6.25,6.53,7.31,14.18,13.54,15.92,15.1,21.55,24.47,16.57,15.99,22.39,18.36,21.54,19.47,23.71,19.08,24.69,20.23,18.52,15.51,23.53,21.96,22.71,14.82,21.36,22.63,22.78,12.92,13.31,12.68,14.35,12.0,12.55,11.64,13.81,9.53,11.31,14.19,11.76,26.21,25.52,27.55,22.84,11.19,12.66,4.0,9.68,12.46,11.17,11.17,10.43,3.13,4.92,8.42,18.39,14.19,9.13,3.11,4.18,7.19,3.35,3.48,12.45,8.62,17.43,10.07,11.9,10.91,7.52,6.81,11.04,12.26,4.36,10.14,2.95,12.21,15.53,14.13,22.55,19.77,9.12,15.72,7.55,21.03,22.29,8.32,16.15,5.84,14.42,7.38,16.28,7.37,9.51,21.23,16.48,19.34,18.77,18.83,26.36
29.13,20.0,18.08,23.48,18.77,12.01,9.07,1.8,14.51,5.49,3.82,10.74,21.95,16.12,6.78,5.14,29.69,11.05,13.82,6.29,7.2,1.21,7.04,6.32,14.51,14.83,11.47,14.32,29.24,16.56,7.87,15.92,11.69,9.35,13.78,9.04,18.64,0.0,2.36,14.65,2.02,7.61,12.09,14.72,5.87,7.8,15.5,12.86,12.9,10.94,2.98,5.0,29.38,4.48,11.22,4.21,6.52,9.64,12.56,11.04,23.19,9.35,9.12,4.67,22.1,7.47,12.94,9.83,13.43,8.44,8.55,13.2,12.5,8.71,7.01,6.11,23.34,2.96,1.85,5.55,11.68,11.99,12.78,7.62,11.59,5.71,10.18,9.94,14.4,7.43,3.67,8.38,4.85,11.08,8.11,11.37,16.97,27.96,23.64,2.74,10.8,9.19,11.52,10.0,11.24,11.89,8.97,9.32,9.01,5.49,22.42,17.99,10.93,7.02,6.11,7.99,5.77,4.91,29.11,26.89,25.53,25.0,26.48,20.2,23.46,21.35,23.32,22.56,21.15,18.4,32.56,29.41,29.05,29.06,31.81,20.06,30.49,25.14,27.47,27.95,31.72,30.97,19.43,29.67,30.42,27.72,33.6,30.98,29.67,19.89,26.38,16.76,12.92,14.11,15.58,13.52,14.98,12.59,10.86,9.39,9.3,12.06,10.27,11.74,11.23,6.46,8.74,31.63,23.81,26.41,24.44,27.16,27.63,25.43,22.87,30.24,27.3,28.41,27.53,34.28,25.47,32.67,25.27,25.59,25.76,24.91,29.75,26.7,26.83,26.89,20.4,24.25,25.11,23.96,22.96,28.94,26.56,24.15,32.1,24.28,26.6,30.53,29.17,12.68,16.12,14.18,13.45,18.25,18.66,16.22,12.72,15.18,14.48,22.15,14.54,15.79,35.11,18.02,13.36,19.94,17.84,15.31,10.87,16.24,16.57,19.63,16.26,16.73,17.94,16.98,16.4,11.59,23.51,16.45,16.37,19.92,16.72,15.92,9.82,14.92,14.28,16.66,15.83,3.7,6.31,4.19,2.75,4.24,4.52,3.39,2.74,5.85,5.24,6.84,3.41,4.68,26.94,6.55,4.11,4.86,3.35,4.64,5.9,17.15,9.42,10.13,5.49,13.37,7.5,9.06,10.18,4.36,11.1,13.64,13.78,14.08,9.48,12.41,10.82,6.11,25.86,27.33,14.77,17.8,21.16,25.85,19.28,18.55,15.79,12.43,16.54,26.51,28.87,23.8,15.77,13.96,21.87,14.25,13.52,27.12,23.29,25.55,21.4,20.02,25.59,22.2,14.93,19.16,26.94,11.85,24.82,14.35,20.33,30.21,28.8,13.76,20.51,14.64,16.46,15.67,21.77,23.03,11.82,16.89,12.94,19.49,11.13,17.02,12.24,11.84,21.97,17.21,20.08,19.51,19.57,28.55
29.85,20.71,18.79,24.2,19.49,15.43,9.79,2.52,15.22,7.08,4.54,12.32,22.67,16.84,8.36,5.85,30.41,12.63,14.54,7.87,8.78,1.93,7.76,7.04,15.22,15.55,13.05,15.03,29.96,17.28,6.61,16.64,12.41,10.07,14.49,9.76,19.35,2.36,0.0,16.2,3.56,9.15,12.85,15.48,6.63,8.56,17.04,13.62,13.66,11.7,4.52,5.76,30.14,2.37,11.98,2.11,7.27,11.19,13.32,11.8,23.95,10.89,9.88,6.21,22.86,8.23,14.48,11.37,14.98,9.99,9.3,13.96,13.26,9.47,7.77,6.87,24.1,0.85,3.39,7.09,12.44,14.38,15.2,8.38,12.35,3.61,11.72,10.7,15.94,8.19,4.43,9.14,5.61,12.62,8.87,12.13,17.73,28.72,24.4,4.28,11.56,9.95,13.06,10.76,12.0,14.27,9.73,10.08,9.76,6.25,23.18,18.75,11.69,7.78,6.87,8.75,6.53,5.67,29.87,27.65,26.29,25.76,27.23,20.96,24.22,22.11,24.08,23.32,21.91,19.16,33.32,30.17,29.81,29.82,32.57,20.82,31.25,25.9,28.23,28.71,32.47,31.73,20.19,30.43,31.18,28.48,34.36,31.74,30.43,20.65,27.13,18.3,14.47,15.65,17.13,15.07,16.52,14.98,12.4,10.93,10.85,13.6,11.82,13.29,12.78,8.01,10.28,32.39,24.57,27.17,25.19,27.92,28.39,26.19,23.63,31.0,28.06,29.16,28.29,35.04,26.23,33.43,26.03,26.35,26.52,25.67,30.51,27.45,27.59,27.65,21.16,25.01,25.87,24.72,23.72,29.7,27.32,24.91,32.86,25.04,27.36,31.29,29.93,13.44,16.88,14.94,14.21,19.01,19.41,16.98,13.48,15.94,15.24,22.91,15.3,16.55,35.87,18.77,14.11,20.7,18.6,16.07,11.62,17.0,17.33,20.39,17.02,17.49,18.7,17.74,17.16,12.35,24.27,17.21,17.13,20.67,17.48,16.68,10.58,15.68,15.04,17.42,16.59,5.24,7.86,4.95,3.51,5.78,5.28,4.93,3.5,7.4,6.0,8.39,4.95,5.44,27.7,4.44,5.09,7.33,4.11,5.39,6.66,17.91,10.18,10.89,6.25,14.13,8.26,9.82,10.94,5.12,11.86,14.39,14.54,14.84,10.24,13.17,11.58,6.87,26.62,28.09,15.53,18.56,21.92,26.61,20.04,19.31,16.55,13.19,17.3,27.27,29.63,24.56,16.53,14.72,22.63,15.01,14.28,27.88,24.05,26.3,22.16,20.78,26.35,22.96,15.69,19.92,27.7,12.61,25.58,15.11,21.09,30.97,29.56,14.51,21.27,15.4,17.22,16.43,22.53,23.79,12.58,17.65,13.7,20.25,11.89,17.77,13.0,12.6,22.73,17.97,20.83,20.27,20.33,29.31
36.01,26.88,29.61,35.01,25.65,6.72,10.87,15.67,20.8,9.11,17.69,4.93,28.83,22.42,10.23,19.01,36.58,8.83,20.11,11.81,10.35,15.08,12.38,20.19,22.78,26.36,4.44,21.2,36.13,28.1,13.39,27.45,25.56,23.22,25.31,22.91,25.52,14.65,16.2,0.0,13.55,8.55,25.92,23.45,15.92,21.62,2.47,26.68,24.86,9.12,14.45,18.82,36.85,18.49,8.16,17.09,11.29,7.6,24.52,24.87,30.66,8.07,16.19,13.28,29.58,17.64,1.93,7.55,4.14,9.23,22.37,25.16,5.95,9.09,18.97,19.93,30.81,16.78,14.71,11.78,23.64,5.55,3.49,19.58,23.55,19.73,6.06,18.67,5.11,19.39,16.05,10.53,17.23,4.5,20.07,25.19,24.44,35.44,31.12,12.79,7.91,16.26,3.45,8.48,6.72,4.75,17.8,16.39,20.97,13.96,29.9,25.46,24.75,14.09,16.29,15.06,16.13,15.27,36.58,34.36,33.0,32.48,33.95,27.68,30.94,28.83,30.79,30.03,28.63,25.88,40.03,36.89,36.53,36.53,39.28,27.54,37.97,32.61,34.94,35.42,39.19,38.45,26.91,37.14,37.89,35.2,41.08,38.46,37.14,27.37,33.85,3.72,5.17,1.36,0.93,4.23,5.69,4.8,6.48,5.94,7.03,6.82,7.3,6.51,7.25,8.19,7.36,39.1,31.28,33.89,31.91,34.63,35.11,32.9,30.34,37.71,34.78,35.88,35.0,41.75,32.94,40.14,32.74,33.06,33.24,32.38,37.23,34.17,34.31,34.37,27.88,31.73,32.59,31.44,30.43,36.42,34.03,31.63,39.58,31.75,34.07,38.01,36.64,19.75,23.59,21.66,20.92,25.72,26.13,23.69,19.79,22.66,21.95,29.63,22.02,23.26,42.59,25.49,20.42,27.41,25.31,22.79,17.93,23.71,24.04,27.1,23.73,24.2,25.41,24.45,23.87,18.66,30.99,23.92,23.84,27.39,24.2,23.39,16.89,26.88,26.24,28.62,27.8,13.18,10.09,17.23,16.66,10.77,15.7,11.38,16.56,10.05,15.29,10.58,12.58,14.29,34.41,14.57,15.57,14.11,17.17,18.46,19.72,29.11,21.39,22.09,19.32,25.34,19.46,21.02,22.14,18.18,23.06,25.6,25.74,26.05,23.3,26.24,24.64,19.94,33.34,34.81,23.2,26.53,29.89,33.32,28.02,27.28,23.86,19.5,25.27,35.24,36.34,31.28,23.84,22.04,29.34,21.32,20.59,34.6,30.77,34.28,32.22,28.75,33.06,29.67,23.66,27.89,34.41,18.92,32.3,22.42,29.06,37.68,36.28,28.88,32.47,23.37,28.42,24.4,33.73,34.99,20.81,28.85,21.67,31.45,19.87,28.98,20.97,23.8,33.93,29.18,32.04,31.47,31.53,40.51
30.36,21.23,19.31,24.71,20.0,10.95,10.3,3.03,15.74,4.44,5.05,9.68,23.18,17.35,5.72,6.37,30.93,9.99,15.05,5.23,6.14,2.44,8.27,7.55,15.74,16.06,10.41,15.55,30.48,17.8,6.81,17.15,12.92,10.59,15.01,10.27,19.87,2.02,3.56,13.55,0.0,6.55,13.33,15.95,5.7,9.03,14.44,14.09,14.13,12.17,2.82,6.24,30.61,5.71,12.45,5.45,7.75,8.59,13.79,12.28,24.42,8.29,10.35,3.61,23.34,8.7,11.89,8.77,12.38,7.39,9.78,14.44,10.31,9.94,8.24,7.34,24.57,4.19,2.13,4.49,12.91,10.94,11.72,8.86,12.83,6.95,9.12,11.18,13.34,8.66,4.9,9.61,6.08,10.02,9.35,12.61,18.2,29.19,24.88,1.68,12.03,10.42,10.46,11.24,11.09,10.83,10.2,10.56,10.24,6.73,23.66,19.22,12.17,8.25,7.35,9.23,7.0,6.15,30.34,28.12,26.76,26.24,27.71,21.44,24.7,22.59,24.55,23.79,22.39,19.64,33.79,30.64,30.29,30.29,33.04,21.3,31.73,26.37,28.7,29.18,32.95,32.21,20.67,30.9,31.65,28.96,34.83,32.22,30.9,21.13,27.61,15.7,11.87,13.05,14.53,12.47,13.92,11.54,9.8,8.33,8.25,11.0,9.22,10.69,10.18,5.41,7.68,32.86,25.04,27.65,25.67,28.39,28.87,26.66,24.1,31.47,28.54,29.64,28.76,35.51,26.7,33.9,26.5,26.82,27.0,26.14,30.99,27.93,28.07,28.12,21.64,25.49,26.35,25.2,24.19,30.18,27.79,25.38,33.34,25.51,27.83,31.77,30.4,13.91,17.35,15.42,14.68,19.48,19.89,17.45,13.96,16.42,15.71,23.39,15.78,17.02,36.35,19.25,14.59,21.17,19.07,16.55,12.1,17.47,17.8,20.86,17.49,17.96,19.17,18.21,17.63,12.82,24.75,17.68,17.6,21.15,17.96,17.15,11.06,16.16,15.52,17.89,17.07,2.64,5.26,5.42,3.99,3.18,5.47,2.33,3.97,4.8,5.06,5.79,2.35,4.06,28.17,7.99,3.95,7.53,4.59,5.87,7.13,18.38,10.66,11.36,6.73,14.61,8.73,10.3,11.41,5.6,12.33,14.87,15.01,15.32,10.71,13.65,12.05,7.35,27.1,28.57,16.0,19.03,22.39,27.08,20.52,19.78,17.02,13.67,17.77,27.74,30.1,25.04,17.0,15.19,23.1,15.49,14.75,28.36,24.53,26.78,22.64,21.25,26.82,23.43,16.16,20.39,28.17,13.08,26.06,15.58,21.56,31.44,30.04,14.99,21.75,15.87,17.69,16.9,23.0,24.27,13.05,18.12,14.17,20.73,12.37,18.25,13.47,13.07,23.2,18.45,21.31,20.74,20.8,29.78
36.26,27.12,25.21,30.61,25.9,5.95,9.34,8.63,21.63,2.07,10.65,4.69,29.08,23.25,5.7,11.96,36.82,5.0,20.95,5.21,1.86,8.04,14.17,13.15,21.64,21.96,5.42,21.45,36.37,23.69,6.8,23.05,18.52,16.18,20.9,15.87,25.77,7.61,9.15,8.55,6.55,0.0,18.87,21.92,8.88,14.57,9.4,19.64,20.1,7.64,7.41,11.78,36.58,11.25,6.67,10.49,9.81,6.3,19.76,17.82,30.39,1.74,16.32,2.41,29.3,14.67,6.84,2.03,7.33,7.93,15.32,20.4,5.27,7.61,14.21,12.89,30.54,9.73,7.67,4.47,18.88,5.89,6.68,14.82,18.79,12.49,4.08,17.14,8.3,14.63,10.87,9.04,12.05,4.98,15.31,18.15,24.17,35.16,30.84,5.74,6.43,16.39,5.42,7.0,6.04,5.79,16.17,16.52,16.2,12.69,29.62,25.19,17.71,14.22,13.31,15.19,12.97,12.11,36.31,34.09,32.73,32.2,33.67,27.4,30.66,28.55,30.52,29.76,28.35,25.6,39.76,36.61,36.25,36.26,39.01,27.26,37.69,32.34,34.67,35.15,38.91,38.17,26.63,36.87,37.62,34.92,40.8,38.18,36.87,27.09,33.57,10.66,6.82,8.01,9.48,7.42,8.88,6.49,5.18,3.29,3.2,5.96,6.0,5.64,5.13,1.15,2.64,38.83,31.01,33.61,31.63,34.36,34.83,32.63,30.07,37.44,34.5,35.6,34.73,41.48,32.67,39.87,32.47,32.79,32.96,32.11,36.95,33.89,34.03,34.09,27.6,31.45,32.31,31.16,30.16,36.14,33.76,31.35,39.3,31.48,33.8,37.73,36.37,19.88,23.32,21.38,20.65,25.45,25.86,23.42,19.92,22.38,21.68,29.35,21.74,22.99,42.31,25.21,20.56,27.14,25.04,22.51,18.07,23.44,23.77,26.83,23.46,23.93,25.14,24.18,23.6,18.79,30.71,23.65,23.57,27.11,23.92,23.12,17.02,22.12,21.48,23.86,23.03,3.5,3.05,11.39,9.95,3.73,8.65,4.34,9.51,1.56,8.24,2.09,5.54,7.24,34.14,7.97,8.97,7.51,10.13,11.41,12.67,24.35,16.62,17.33,12.27,20.57,14.7,16.26,17.38,11.14,18.3,20.84,20.98,21.28,16.25,19.19,17.6,12.89,33.06,34.53,21.97,25.0,28.36,33.05,26.48,25.75,22.99,19.63,23.74,33.71,36.07,31.0,22.97,21.16,29.07,21.45,20.72,34.32,30.49,32.75,28.6,27.22,32.79,29.4,22.13,26.36,34.14,19.05,32.02,21.55,27.53,37.41,36.0,20.53,27.71,21.84,23.66,22.87,28.97,30.23,19.02,24.09,20.14,26.69,18.33,24.22,19.44,19.04,29.17,24.41,27.28,26.71,26.77,35.75
39.32,30.18,17.82,23.22,28.96,24.9,19.26,11.99,24.69,16.8,8.81,22.05,32.14,23.29,18.09,7.86,39.88,22.36,24.01,17.6,18.51,11.25,17.23,8.15,21.25,14.57,22.78,24.5,39.43,16.3,19.18,15.66,2.07,3.85,13.51,7.42,24.59,12.09,12.85,25.92,13.33,18.87,0.0,21.3,16.62,6.55,27.22,1.53,11.05,22.44,14.7,7.58,40.88,15.33,22.72,15.07,18.02,21.37,12.71,2.92,34.69,21.07,18.01,16.39,33.61,17.43,24.66,21.55,27.33,20.16,5.83,13.65,24.0,20.22,13.59,6.71,34.84,13.81,13.57,17.27,11.83,25.12,25.94,14.2,11.75,16.57,21.9,16.53,28.29,14.01,15.23,19.89,16.41,22.8,14.7,3.14,28.47,39.47,35.15,14.46,22.3,20.7,23.24,21.51,22.74,25.02,15.55,17.61,15.59,17.06,33.93,23.84,5.09,18.52,16.79,19.5,14.59,16.48,40.61,38.39,37.03,36.51,37.98,31.71,34.97,32.86,34.82,34.06,32.66,29.91,44.06,40.92,40.56,40.56,43.31,31.57,42.0,36.64,38.97,39.45,43.22,42.48,30.94,41.17,41.92,39.23,45.11,42.49,41.17,31.4,37.88,28.48,24.64,25.83,27.3,27.42,28.88,25.72,22.58,21.11,21.03,23.78,22.0,23.46,23.96,18.18,20.46,43.13,35.31,37.92,35.94,38.66,39.14,36.93,34.37,41.74,38.81,39.91,39.03,45.78,36.97,44.17,36.77,37.09,37.27,36.41,41.26,38.2,38.34,38.4,31.91,35.76,36.62,35.47,34.46,40.45,38.06,35.66,43.61,35.78,38.1,42.04,40.67,24.18,27.62,25.69,24.95,29.76,25.13,27.72,24.23,26.69,25.98,33.66,26.05,27.29,46.62,29.52,24.86,31.44,29.34,26.82,22.37,27.74,28.07,31.13,27.76,28.23,29.44,28.48,27.9,23.09,35.02,27.95,27.87,31.42,28.23,27.42,21.33,15.08,14.44,16.82,15.99,15.42,18.04,15.69,13.5,15.96,15.27,15.11,9.84,17.57,15.99,18.56,15.13,15.43,38.44,17.4,15.83,16.58,10.78,8.75,10.01,5.17,16.01,12.51,12.92,9.57,14.08,12.91,16.76,11.79,13.45,14.1,12.51,15.06,8.23,3.52,4.56,10.74,31.65,33.11,21.35,24.38,27.74,31.63,25.87,25.13,22.37,23.94,23.12,33.09,33.89,29.21,22.35,20.54,33.37,25.76,25.02,32.91,34.8,32.13,27.98,26.6,31.37,33.7,21.51,25.74,32.72,23.35,30.6,20.93,26.91,35.15,33.65,2.42,20.67,21.22,16.61,22.25,21.93,22.25,14.95,17.04,19.52,19.65,17.72,17.17,18.82,14.97,22.12,17.37,20.23,19.67,19.72,20.97
21.55,4.47,14.22,19.62,11.19,18.87,13.22,12.99,6.82,19.85,13.87,20.95,14.37,4.42,20.71,15.18,25.13,17.97,12.06,20.22,21.13,14.17,11.19,16.36,1.79,10.97,21.69,8.31,24.68,12.71,21.81,12.06,22.61,19.92,9.92,17.46,5.72,14.72,15.48,23.45,15.95,21.92,21.3,0.0,16.35,18.24,24.39,20.68,10.67,16.64,17.46,15.44,26.02,18.1,16.92,17.83,12.21,24.13,9.18,22.34,19.48,24.13,8.79,19.15,18.4,8.21,21.83,24.62,21.53,22.93,18.99,8.24,18.2,14.41,8.01,16.55,19.64,16.58,16.33,20.03,9.45,19.31,20.14,8.73,9.36,19.33,18.7,5.24,22.49,9.35,10.34,14.08,10.87,20.85,9.02,21.81,5.89,24.6,19.94,17.22,16.5,9.62,21.63,15.7,16.94,19.21,6.33,8.39,7.72,10.59,18.72,5.69,21.37,10.51,7.57,8.64,8.01,8.81,25.75,23.53,21.82,21.3,23.12,16.5,19.76,17.65,19.62,18.85,17.45,14.7,29.2,26.05,21.16,25.7,23.86,16.36,27.14,21.43,24.11,24.59,28.36,20.01,15.73,20.18,27.06,20.34,30.24,22.68,26.31,16.19,23.02,25.65,23.14,23.0,24.47,21.61,23.07,19.91,25.34,24.17,19.71,26.84,24.76,26.53,18.15,21.25,19.43,24.25,16.43,19.04,17.06,19.78,20.26,18.05,15.49,22.86,19.93,21.03,20.15,26.9,18.09,25.29,17.89,18.21,18.38,17.53,22.37,19.32,19.46,19.51,13.02,16.88,17.74,16.58,15.58,21.56,19.18,16.77,24.72,16.9,19.22,23.15,21.79,11.78,7.41,10.48,10.09,5.67,3.83,11.07,7.92,9.08,9.89,14.78,10.84,12.09,31.76,10.64,12.46,12.56,14.01,7.94,9.97,12.41,12.86,12.25,11.11,9.35,10.56,10.93,9.02,7.43,16.14,6.48,12.66,12.54,10.3,10.58,8.03,11.54,10.9,13.28,12.46,18.18,21.1,13.14,12.62,19.02,14.99,18.17,14.83,20.34,15.71,21.33,16.86,15.15,19.56,20.16,18.59,19.34,12.24,15.08,16.34,20.2,10.34,10.67,10.1,11.71,9.42,9.97,9.0,11.23,6.89,8.67,11.55,9.12,19.92,22.94,21.26,15.91,9.99,11.46,1.72,5.63,8.99,9.98,7.11,6.37,4.21,8.31,4.36,14.33,12.99,7.93,4.19,3.73,6.0,6.74,6.87,11.25,7.42,13.37,9.23,7.85,9.71,6.32,2.76,6.99,11.06,7.75,8.95,2.77,8.15,14.33,12.93,19.97,17.14,5.07,13.08,3.5,18.39,19.66,5.68,13.51,1.78,10.36,4.74,13.64,3.31,6.88,18.59,13.84,16.7,16.13,16.19,23.73
30.21,21.07,19.16,24.56,19.85,13.32,10.15,4.15,15.58,6.81,7.94,12.06,23.03,17.2,8.88,9.25,30.77,12.37,14.9,8.4,9.31,5.33,8.12,10.44,15.59,15.91,12.79,15.4,30.32,17.64,9.98,17.0,15.81,13.47,14.85,13.16,19.72,5.87,6.63,15.92,5.7,8.88,16.62,16.35,0.0,11.83,16.77,16.9,14.05,12.09,6.55,9.04,30.53,8.77,12.37,8.51,7.67,11.79,13.71,15.08,24.34,10.62,10.27,6.82,23.25,8.62,14.21,11.1,14.7,10.59,12.58,14.35,12.64,9.86,8.16,10.15,24.49,7.25,7.01,7.7,12.83,13.26,14.05,8.77,12.74,10.01,11.45,11.09,15.67,8.58,4.82,9.53,6.0,12.35,9.26,15.41,18.12,29.11,24.79,4.89,11.95,10.34,12.79,11.15,12.39,13.16,10.12,10.47,10.15,6.64,23.57,19.14,14.97,8.17,7.26,9.14,6.92,6.06,30.26,28.04,26.68,26.15,27.63,21.35,24.61,22.5,24.47,23.71,22.3,19.55,33.71,30.56,30.2,30.21,32.96,21.21,31.64,26.29,28.62,29.1,32.87,32.12,20.58,30.82,31.57,28.87,34.75,32.13,30.82,21.04,27.52,18.03,14.19,15.38,16.85,14.79,16.25,13.86,13.01,10.66,10.57,13.33,12.42,13.01,12.5,7.73,10.01,32.78,24.96,27.56,25.58,28.31,28.78,26.58,24.02,31.39,28.45,29.56,28.68,35.43,26.62,33.82,26.42,26.74,26.91,26.06,30.9,27.85,27.98,28.04,21.55,25.4,26.26,25.11,24.11,30.09,27.71,25.3,33.25,25.43,27.75,31.68,30.32,13.83,17.27,15.33,14.6,19.4,19.81,17.37,13.87,16.33,15.63,23.3,15.69,16.94,36.26,19.17,14.51,21.09,18.99,16.46,12.02,17.39,17.72,20.78,17.41,17.88,19.09,18.13,17.55,12.74,24.66,17.6,17.52,21.06,17.87,17.07,10.97,16.07,15.43,17.81,16.98,5.85,7.58,5.34,3.9,5.51,2.6,4.66,6.77,8.0,1.24,8.99,3.34,1.64,28.09,11.19,7.67,10.73,7.39,8.67,9.93,18.3,10.57,11.28,9.53,14.52,8.65,10.21,11.33,8.4,12.25,14.79,14.93,15.23,13.51,16.45,14.86,10.15,27.01,28.48,15.92,18.95,22.31,27.0,20.43,19.7,16.94,13.58,17.69,27.66,30.02,24.95,16.92,15.11,23.02,15.4,14.67,28.27,24.44,26.7,22.55,21.17,26.74,23.35,16.08,20.31,28.09,13.0,25.97,15.5,21.48,31.36,29.95,18.07,21.66,15.79,17.61,16.82,22.92,24.18,12.97,18.04,14.09,20.64,12.28,18.17,13.39,12.99,23.12,18.36,21.23,20.66,20.72,29.7
35.02,25.88,21.96,27.36,24.66,20.61,14.96,7.69,20.39,12.51,4.51,17.75,27.84,19.51,13.79,3.31,35.58,18.07,19.71,13.3,14.21,6.95,12.93,3.59,17.48,18.71,18.48,20.21,35.13,20.44,14.89,19.8,5.74,3.01,17.66,1.34,24.53,7.8,8.56,21.62,9.03,14.57,6.55,18.24,11.83,0.0,22.58,7.01,16.54,17.05,10.06,2.94,35.49,10.69,17.33,10.43,12.62,16.73,18.67,4.03,29.3,16.43,15.23,11.75,28.21,13.58,20.02,16.91,20.52,15.52,1.44,19.31,18.61,14.82,10.72,1.73,29.45,9.17,8.93,12.63,17.79,19.72,20.55,10.9,17.7,11.93,17.26,13.66,21.48,13.54,9.78,14.49,10.96,18.16,14.22,3.55,23.08,34.07,29.75,9.82,16.91,15.3,18.6,16.11,17.35,19.62,12.68,15.43,12.85,11.6,28.53,24.09,2.72,13.13,12.22,14.1,11.72,11.02,35.22,33.0,31.64,31.11,32.58,26.31,29.57,27.46,29.43,28.67,27.26,24.51,38.66,35.52,35.16,35.17,37.92,26.17,36.6,31.25,33.58,34.06,37.82,37.08,25.54,35.78,36.52,33.83,39.71,37.09,35.78,26.0,32.48,23.84,20.0,21.19,22.66,20.6,22.06,20.32,17.94,16.47,16.39,19.14,17.36,18.82,18.56,13.54,15.82,37.74,29.92,32.52,30.54,33.26,33.74,31.54,28.98,36.34,33.41,34.51,33.63,40.39,31.58,38.77,31.37,31.7,31.87,31.01,35.86,32.8,32.94,33.0,26.51,30.36,31.22,30.07,29.06,35.05,32.67,30.26,38.21,30.39,32.7,36.64,35.28,18.79,22.23,20.29,19.55,24.36,24.76,22.32,18.83,21.29,20.59,28.26,20.65,21.9,41.22,24.12,19.46,26.05,23.95,21.42,16.97,22.35,22.68,25.74,22.37,22.84,24.05,23.09,22.51,17.7,29.62,22.55,22.47,26.02,22.83,22.03,15.93,21.03,20.39,22.77,21.94,10.78,13.4,10.3,8.86,11.32,10.63,10.47,5.2,12.93,11.35,13.92,10.49,10.79,33.05,12.76,11.19,11.94,6.14,4.11,5.37,10.66,15.53,16.23,8.28,15.06,13.6,15.17,16.28,7.15,17.21,19.74,19.89,20.19,1.84,5.4,3.81,6.1,31.97,33.44,18.48,21.51,24.87,31.96,23.0,22.26,19.5,18.54,20.25,30.22,34.97,29.91,19.48,17.67,27.98,20.36,19.63,33.23,29.4,29.26,25.11,23.73,31.69,28.3,18.64,22.87,33.04,17.96,30.93,18.06,24.04,36.31,34.91,7.91,26.62,18.35,22.57,19.38,27.88,27.74,15.79,22.99,16.65,25.6,14.85,23.12,15.95,17.95,28.08,23.32,26.18,25.62,25.68,26.45
36.86,27.72,30.46,35.86,26.5,7.57,11.72,16.52,21.65,9.96,18.54,5.78,29.68,23.26,11.07,19.85,37.42,9.68,20.96,12.66,11.2,15.93,13.23,21.04,23.63,27.21,5.29,22.05,36.97,28.94,14.24,28.3,26.41,24.07,26.16,23.76,26.37,15.5,17.04,2.47,14.44,9.4,27.22,24.39,16.77,22.58,0.0,27.53,25.71,9.97,15.3,19.67,37.7,19.34,9.0,17.94,12.14,8.45,25.37,25.71,31.51,8.92,17.04,14.13,30.43,18.49,2.78,8.39,4.99,10.08,23.21,26.01,6.8,9.94,19.82,20.78,31.66,17.63,15.56,12.63,24.49,6.39,4.33,20.43,24.4,20.58,6.9,19.52,5.95,20.24,16.9,11.37,18.08,5.35,20.92,26.04,25.29,36.28,31.96,13.64,8.76,17.11,4.3,9.33,7.57,5.59,18.64,17.24,21.81,14.81,30.75,26.31,25.6,14.94,17.13,15.91,16.97,16.12,37.43,35.21,33.85,33.32,34.8,28.53,31.78,29.68,31.64,30.88,29.47,26.72,40.88,37.73,37.37,37.38,40.13,28.39,38.82,33.46,35.79,36.27,40.04,39.3,27.76,37.99,38.74,36.04,41.92,39.3,37.99,28.21,34.7,1.26,6.02,1.47,3.39,5.08,6.54,5.65,7.33,6.79,7.88,7.67,8.15,7.36,8.1,9.04,8.21,39.95,32.13,34.74,32.76,35.48,35.96,33.75,31.19,38.56,35.63,36.73,35.85,42.6,33.79,40.99,33.59,33.91,34.08,33.23,38.07,35.02,35.16,35.21,28.72,32.58,33.44,32.28,31.28,37.27,34.88,32.47,40.42,32.6,34.92,38.85,37.49,20.6,24.44,22.51,21.77,26.57,26.98,24.54,20.64,23.51,22.8,30.48,22.87,24.11,43.43,26.34,21.27,28.26,26.16,23.64,18.78,24.56,24.89,27.95,24.58,25.05,26.26,25.3,24.72,19.5,31.84,24.77,24.69,28.24,25.04,24.24,17.74,27.73,27.09,29.47,28.64,14.03,10.94,18.08,17.5,11.62,16.55,12.23,17.41,10.9,16.13,11.43,13.43,15.13,35.26,15.41,16.42,14.95,18.02,19.3,20.57,29.96,22.23,22.94,20.16,26.18,20.31,21.87,22.98,19.03,23.91,26.44,26.59,26.89,24.14,27.08,25.49,20.78,34.18,35.65,24.05,27.38,30.74,34.17,28.86,28.12,24.71,20.35,26.12,36.08,37.19,32.12,24.69,22.88,30.19,22.17,21.44,35.45,31.62,35.12,33.07,29.6,33.91,30.52,24.51,28.74,35.26,19.76,33.14,23.27,29.91,38.53,37.13,29.73,33.32,24.22,29.27,25.25,34.58,35.84,21.65,29.69,22.52,32.3,20.71,29.82,21.82,24.65,34.78,30.02,32.88,32.32,32.38,41.36
39.42,30.29,16.48,21.89,29.07,25.01,19.37,12.75,24.8,17.57,9.57,22.81,32.24,21.96,18.85,8.63,39.99,24.11,24.11,18.36,19.27,12.01,17.33,8.91,19.92,13.24,23.55,24.61,39.54,14.97,19.95,14.33,2.83,4.61,12.18,8.18,23.26,12.86,13.62,26.68,14.09,19.64,1.53,20.68,16.9,7.01,27.53,0.0,9.72,21.11,15.47,8.34,39.55,16.1,21.39,15.84,16.69,22.13,11.38,1.85,33.36,21.83,16.68,17.16,32.28,16.09,26.31,22.32,26.0,20.93,6.59,12.32,22.67,18.88,12.26,7.48,33.51,14.58,14.34,18.03,10.5,23.79,24.61,12.87,10.42,17.33,23.18,15.2,26.96,12.68,13.9,18.55,15.08,23.56,13.36,3.91,27.14,38.13,33.81,15.22,20.97,19.36,24.01,20.18,21.41,23.68,14.22,16.28,14.26,15.72,32.6,22.51,5.85,17.19,15.46,18.16,13.26,15.14,39.28,37.06,35.7,35.18,36.65,30.38,33.63,31.53,33.49,32.73,31.32,28.57,42.73,39.58,39.23,39.23,41.98,30.24,40.67,35.31,37.64,38.12,41.89,41.15,29.61,39.84,40.59,37.9,43.77,41.16,39.84,30.07,36.55,30.12,25.41,27.47,28.95,26.09,27.54,24.39,23.34,21.87,21.79,24.54,22.76,24.23,22.63,18.95,21.22,41.8,33.98,36.59,34.61,37.33,37.81,35.6,33.04,40.41,37.48,38.58,37.7,44.45,35.64,42.84,35.44,35.76,35.94,35.08,39.92,36.87,37.01,37.06,30.57,34.43,35.29,34.14,33.13,39.12,36.73,34.32,42.28,34.45,36.77,40.71,39.34,22.85,26.29,24.36,23.62,28.42,23.8,26.39,22.9,25.36,24.65,32.33,24.72,25.96,45.29,28.19,23.53,30.11,28.01,25.49,21.04,26.41,26.74,29.8,26.43,26.9,28.11,27.15,26.57,21.76,33.69,26.62,26.54,30.09,26.89,26.09,20.0,13.75,13.11,15.49,14.66,16.18,18.8,14.36,13.84,16.72,16.21,15.87,10.6,18.34,16.93,19.33,15.9,16.37,37.11,18.17,16.6,17.35,11.54,9.52,10.78,3.84,14.68,11.18,13.68,8.24,12.75,11.58,15.43,12.55,12.12,12.77,11.18,13.72,8.99,2.45,5.32,11.5,30.31,31.78,20.02,23.05,26.41,30.3,24.54,23.8,21.04,22.61,21.79,31.76,32.56,27.88,21.02,19.21,32.04,24.43,23.69,31.58,33.47,30.8,26.65,25.27,30.04,32.37,20.18,24.41,31.39,22.02,29.27,19.6,25.58,33.82,32.32,1.09,19.34,19.89,15.28,20.92,20.59,20.92,13.62,15.71,18.19,18.32,16.39,15.84,17.49,13.64,20.79,16.04,18.9,18.33,18.39,19.64
29.56,15.14,8.15,13.56,19.2,20.28,14.63,11.17,14.83,18.03,12.97,23.27,22.38,12.0,18.89,14.27,35.25,19.38,14.8,18.4,19.31,12.35,12.6,15.46,9.91,4.9,24.01,19.88,34.8,6.64,19.99,5.99,12.36,14.14,3.85,17.71,13.3,12.9,13.66,24.86,14.13,20.1,11.05,10.67,14.05,16.54,25.71,9.72,0.0,18.01,15.58,14.47,36.45,16.22,18.29,15.95,13.59,22.25,3.12,11.38,30.26,22.25,10.55,17.27,29.18,9.96,23.21,22.74,22.9,21.05,16.12,4.06,19.57,15.78,7.15,15.58,30.41,14.69,14.45,18.15,2.24,20.69,21.51,7.76,1.3,17.45,20.08,7.58,23.86,6.01,10.8,15.45,11.98,22.23,5.5,13.43,13.91,35.03,30.71,15.34,17.87,10.44,23.0,17.08,18.31,20.58,8.09,10.15,6.83,12.62,29.5,13.26,15.38,14.09,9.32,9.24,8.12,8.92,36.18,33.96,32.6,32.07,33.55,27.28,30.53,28.43,30.39,29.63,28.22,25.47,39.63,36.48,36.13,36.13,38.88,27.14,37.57,32.21,34.54,35.02,38.79,27.95,26.51,36.74,37.49,28.29,40.67,38.05,36.74,26.97,33.45,27.02,25.83,24.37,25.85,22.99,24.44,21.29,23.46,22.29,22.21,24.96,22.88,24.65,19.53,19.37,21.64,32.2,24.37,26.98,25.0,27.72,28.2,26.0,23.43,30.8,27.87,28.97,28.09,34.84,26.03,33.23,25.83,26.15,26.33,25.47,30.32,27.26,27.4,27.46,20.97,24.82,25.68,24.53,23.52,29.51,27.12,24.72,32.67,24.84,27.16,31.1,29.73,14.51,15.36,21.26,20.52,15.56,14.49,17.5,14.55,15.06,21.55,22.72,21.62,22.86,42.19,18.58,15.18,20.51,24.91,15.88,12.69,23.31,23.64,20.2,18.7,17.3,18.5,24.05,16.96,13.42,24.08,15.04,23.44,20.48,18.24,22.99,10.76,5.48,4.85,7.22,6.4,16.3,19.22,11.26,10.74,17.14,13.11,16.29,14.22,18.45,13.83,19.44,14.98,13.27,27.5,18.28,16.71,17.46,11.27,14.11,15.37,9.24,5.01,3.47,9.13,4.51,7.54,3.87,6.75,10.26,3.86,4.51,1.46,5.46,18.52,11.98,14.85,14.94,21.0,22.47,10.71,13.74,17.1,20.99,15.23,14.49,11.78,14.26,12.48,22.45,23.25,18.57,11.77,9.96,16.66,14.31,10.88,22.26,18.08,21.49,17.34,15.96,20.73,16.98,10.87,15.1,22.08,13.68,19.96,10.34,16.27,24.51,23.01,9.02,11.08,10.58,7.02,11.61,12.33,13.6,5.36,7.45,8.88,10.06,6.36,7.58,8.18,5.38,12.53,7.78,10.64,10.07,10.13,16.01
29.1,19.97,22.7,28.11,18.75,4.54,3.96,9.21,13.89,8.19,13.0,6.62,21.92,15.51,11.92,14.32,29.67,3.64,13.21,13.5,9.44,10.39,5.47,15.5,15.88,19.45,7.36,14.29,29.22,21.19,15.09,20.54,20.87,18.54,18.4,18.22,18.61,10.94,11.7,9.12,12.17,7.64,22.44,16.64,12.09,17.05,9.97,21.11,18.01,0.0,14.63,15.53,29.99,15.27,2.54,15.0,4.43,9.3,17.66,21.57,23.8,8.29,9.33,9.99,22.72,10.78,7.46,7.76,7.15,10.93,19.07,18.3,3.82,2.23,12.11,16.64,23.95,13.74,13.5,13.48,16.78,4.94,5.76,12.72,16.69,16.5,4.33,11.81,8.11,12.53,9.19,3.66,10.37,6.47,13.21,21.9,17.58,28.57,24.25,11.87,2.12,9.4,7.25,1.62,2.56,4.83,10.93,9.53,14.1,7.1,23.04,18.6,21.46,7.23,9.42,8.2,9.26,8.41,29.72,27.5,26.14,25.61,27.09,20.82,24.07,21.97,23.93,23.17,21.76,19.01,33.17,30.02,29.67,29.67,32.42,20.68,31.11,25.75,28.08,28.56,32.33,31.59,20.05,30.28,31.03,28.34,34.21,31.59,30.28,20.5,26.99,11.27,8.77,8.62,10.1,7.24,8.69,5.54,8.18,6.21,5.33,8.52,9.01,8.21,3.78,7.28,5.05,32.24,24.42,27.03,25.05,27.77,28.25,26.04,23.48,30.85,27.92,29.02,28.14,34.89,26.08,33.28,25.88,26.2,26.37,25.52,30.36,27.31,27.45,27.5,21.01,24.87,25.73,24.58,23.57,29.56,27.17,24.76,32.71,24.89,27.21,31.14,29.78,12.89,16.73,14.8,14.06,18.86,19.27,16.83,12.93,15.8,15.09,22.77,15.16,16.4,35.72,18.63,13.56,20.55,18.45,15.93,11.07,16.85,17.18,20.24,16.87,17.34,18.55,17.59,17.01,11.8,24.13,17.06,16.98,20.53,17.33,16.53,10.03,20.02,19.38,21.76,20.93,12.84,9.18,10.37,9.79,9.86,12.16,10.47,13.27,9.14,12.88,9.67,14.03,12.32,27.55,16.27,15.76,15.81,13.88,15.16,16.43,22.25,14.52,15.23,14.09,18.47,12.6,14.16,15.27,14.89,16.2,18.73,18.88,19.18,20.0,22.94,21.35,16.64,26.48,27.94,16.34,19.67,23.03,26.46,21.15,20.41,17.0,12.64,18.41,28.37,29.48,24.41,16.98,15.17,22.48,14.46,13.73,27.74,23.91,27.41,25.36,21.89,26.2,22.81,16.8,21.03,27.55,12.05,25.43,15.56,22.2,30.82,29.42,22.02,25.61,16.51,21.56,17.54,26.87,28.13,13.94,21.99,14.81,24.59,13.0,22.11,14.11,16.94,27.07,22.31,25.17,24.61,24.67,33.65
31.33,22.19,20.28,25.68,20.97,11.85,11.27,4.0,16.7,5.34,6.02,10.58,24.15,18.32,6.62,7.33,31.89,10.9,16.02,5.33,7.04,3.41,9.24,8.52,16.7,17.03,11.32,16.51,31.44,18.76,3.03,18.12,13.89,11.55,15.97,11.24,20.83,2.98,4.52,14.45,2.82,7.41,14.7,17.46,6.55,10.06,15.3,15.47,15.58,14.63,0.0,7.2,31.57,5.81,13.42,4.4,8.71,9.52,14.75,13.24,25.38,9.23,11.32,4.55,24.3,9.66,12.82,9.71,13.31,8.32,10.74,15.4,11.25,10.91,9.21,8.31,25.54,5.15,1.86,5.43,13.88,11.87,12.66,9.82,13.79,7.04,10.06,12.14,14.28,9.63,5.87,10.58,7.04,10.96,10.31,13.57,19.17,30.16,25.84,2.62,13.0,11.39,11.4,12.2,12.02,11.77,11.17,11.52,11.2,7.69,24.62,20.18,13.13,9.22,8.31,10.19,7.96,7.11,31.31,29.09,27.73,27.2,28.67,22.4,25.66,23.55,25.52,24.75,23.35,20.6,34.75,31.61,31.25,31.25,34.01,22.26,32.69,27.34,29.66,30.15,33.91,33.17,21.63,31.87,32.61,29.92,35.8,33.18,31.87,22.09,28.57,16.64,12.8,13.99,15.46,13.4,14.86,12.47,10.74,9.27,9.19,11.94,10.16,11.62,11.12,6.34,8.62,33.83,26.01,28.61,26.63,29.35,29.83,27.63,25.06,32.43,29.5,30.6,29.72,36.47,27.66,34.86,27.46,27.78,27.96,27.1,31.95,28.89,29.03,29.09,22.6,26.45,27.31,26.16,25.15,31.14,28.75,26.35,34.3,26.48,28.79,32.73,31.37,14.88,18.32,16.38,15.64,20.45,20.85,18.41,14.92,17.38,16.67,24.35,16.74,17.99,37.31,20.21,15.55,22.14,20.03,17.51,13.06,18.44,18.76,21.83,18.46,18.93,20.14,19.17,18.59,13.79,25.71,18.64,18.56,22.11,18.92,18.12,12.02,17.12,16.48,18.86,18.03,3.58,6.2,6.39,4.95,4.12,6.41,3.27,4.93,5.73,6.0,6.72,3.29,5.0,29.14,2.24,1.17,1.92,5.55,6.83,8.09,19.34,11.62,12.32,7.69,15.57,9.69,11.26,12.37,6.56,13.3,15.83,15.98,16.28,11.67,14.61,13.02,8.31,28.06,29.53,16.97,20.0,23.36,28.05,21.48,20.74,17.98,14.63,18.73,28.7,31.06,26.0,17.97,16.16,24.07,16.45,15.72,29.32,25.49,27.74,23.6,22.22,27.78,24.39,17.13,21.36,29.13,14.05,27.02,16.54,22.52,32.4,31.0,15.95,22.71,16.84,18.65,17.86,23.97,25.23,14.01,19.08,15.14,21.69,13.33,19.21,14.43,14.04,24.16,19.41,22.27,21.71,21.77,30.75
32.22,23.09,19.16,24.57,21.87,17.81,12.17,4.89,17.6,9.71,1.72,14.95,25.04,16.72,11.0,2.26,32.79,15.27,16.91,10.51,11.42,4.15,10.13,3.33,14.68,15.92,15.69,17.41,32.34,17.65,12.09,17.0,6.76,4.42,14.86,4.11,21.73,5.0,5.76,18.82,6.24,11.78,7.58,15.44,9.04,2.94,19.67,8.34,14.47,15.53,7.2,0.0,32.55,7.76,14.39,7.5,9.69,13.79,15.73,6.04,26.36,13.49,12.29,8.82,25.28,10.64,17.09,13.98,17.58,12.59,3.54,16.38,15.67,11.88,7.79,1.11,26.51,6.24,6.0,9.69,14.85,16.79,17.61,7.96,14.77,8.99,14.33,10.72,18.54,10.6,6.84,11.55,8.02,15.22,11.29,6.37,20.14,31.13,26.81,6.88,13.97,12.36,15.67,13.18,14.41,16.68,9.75,12.5,9.91,8.67,25.6,21.16,5.93,10.19,9.28,11.16,8.79,8.09,32.28,30.06,28.7,28.17,29.65,23.38,26.63,24.53,26.49,25.73,24.32,21.57,35.73,32.58,32.23,32.23,34.98,23.24,33.67,28.31,30.64,31.12,34.89,34.15,22.61,32.84,33.59,30.9,36.77,34.15,32.84,23.07,29.55,20.9,17.07,18.25,19.73,17.67,19.12,17.39,15.0,13.53,13.45,16.2,14.42,15.89,15.63,10.61,12.88,34.8,26.98,29.59,27.61,30.33,30.81,28.6,26.04,33.41,30.48,31.58,30.7,37.45,28.64,35.84,28.44,28.76,28.94,28.08,32.92,29.87,30.01,30.06,23.57,27.43,28.29,27.14,26.13,32.12,29.73,27.32,35.27,27.45,29.77,33.71,32.34,15.85,19.29,17.36,16.62,21.42,21.83,19.39,15.9,18.36,17.65,25.33,17.72,18.96,38.29,21.19,16.53,23.11,21.01,18.49,14.04,19.41,19.74,22.8,19.43,19.9,21.11,20.15,19.57,14.76,26.69,19.62,19.54,23.09,19.89,19.09,13.0,18.09,17.45,19.83,19.01,7.84,10.46,7.36,5.93,8.38,7.69,7.53,2.26,10.0,8.41,10.99,7.56,7.85,30.11,9.83,8.26,9.01,3.2,1.18,2.44,11.5,12.6,13.3,5.34,15.91,10.67,12.24,13.35,4.21,14.27,16.81,16.95,17.26,4.47,7.41,5.82,3.16,29.04,30.51,15.55,18.58,21.94,29.02,20.06,19.32,16.56,15.61,17.31,27.28,32.04,26.97,16.55,14.74,25.04,17.42,16.69,30.3,26.47,26.32,22.18,20.8,28.76,25.37,15.71,19.94,30.11,15.02,27.99,15.12,21.1,33.38,31.98,8.75,23.68,15.42,19.63,16.45,24.94,26.21,12.85,20.06,13.72,22.67,11.91,20.19,13.01,15.01,25.14,20.39,23.25,22.68,22.74,27.3
20.12,23.33,37.17,42.58,22.11,32.27,26.62,27.65,21.0,34.51,31.44,34.35,12.97,23.17,35.37,32.76,3.71,31.37,20.31,34.88,35.79,28.83,24.59,33.94,26.51,33.92,35.09,17.66,2.75,35.66,36.47,35.01,39.31,36.97,32.87,36.66,21.98,29.38,30.14,36.85,30.61,36.58,40.88,26.02,30.53,35.49,37.7,39.55,36.45,29.99,31.57,32.55,0.0,33.29,30.72,33.03,26.02,39.32,32.12,39.6,8.42,39.33,25.05,34.35,8.27,26.51,35.63,35.94,35.33,38.12,37.1,31.18,32.0,28.21,30.14,34.67,6.71,31.77,31.53,35.23,34.81,33.12,33.94,30.75,34.72,34.53,32.5,28.13,36.29,30.56,27.22,27.88,28.4,34.65,31.24,39.93,20.39,1.65,6.34,32.42,30.3,23.54,35.43,29.5,30.74,33.01,26.66,25.26,32.13,25.65,7.77,21.41,39.49,25.78,25.15,23.77,27.82,26.96,3.98,2.8,6.43,6.42,2.77,9.51,6.75,9.92,8.44,8.29,7.76,12.3,10.35,7.21,6.85,6.85,9.6,12.72,8.29,5.08,5.26,3.78,9.51,8.77,11.42,7.46,8.21,6.93,11.4,6.08,7.46,13.02,4.17,39.45,36.94,36.8,38.28,35.42,36.87,33.72,36.36,34.38,33.51,36.7,39.96,36.39,31.95,36.44,33.23,22.63,12.34,13.07,27.85,13.13,18.63,16.43,12.57,15.57,12.07,13.74,18.53,25.28,28.89,18.0,9.56,14.7,16.76,13.43,20.75,17.7,17.83,13.25,14.38,15.25,15.84,14.96,13.96,13.71,17.56,10.5,23.1,27.7,8.06,21.53,14.5,23.59,19.54,18.41,18.02,21.67,22.07,19.64,20.07,18.6,17.67,25.57,18.77,13.71,13.97,21.43,24.26,15.56,22.07,18.73,21.77,14.25,12.35,15.9,19.68,20.15,21.36,21.21,19.82,20.96,26.93,19.87,14.73,16.19,20.95,20.15,22.84,34.49,33.85,36.22,35.4,33.38,36.3,28.4,27.82,34.22,30.19,33.37,31.29,35.53,30.91,36.52,32.06,30.35,24.53,35.36,33.79,34.54,31.91,33.19,34.45,40.27,32.55,33.25,32.12,36.5,30.62,32.19,33.3,32.92,29.83,31.61,36.91,32.06,38.03,40.97,39.38,34.67,29.28,30.75,24.61,30.29,30.55,29.27,30.97,31.04,23.74,23.7,29.03,39.0,32.29,27.22,23.72,24.79,25.29,22.29,24.79,30.54,26.71,38.04,28.16,32.51,29.01,25.62,27.42,31.65,30.36,23.12,28.24,23.56,32.82,33.63,32.22,40.05,40.08,29.73,36.02,28.16,41.33,42.6,28.62,36.45,26.45,39.06,27.68,36.58,27.98,29.82,41.53,36.78,39.64,39.07,39.13,51.68
31.96,22.82,20.91,26.31,21.6,17.55,11.9,4.63,17.33,9.19,6.65,14.65,24.78,18.95,8.5,7.96,32.52,14.75,16.65,7.09,10.89,4.04,9.87,9.15,17.34,17.66,15.36,17.15,32.07,19.39,6.17,18.75,14.52,12.18,16.6,11.87,21.47,4.48,2.37,18.49,5.71,11.25,15.33,18.1,8.77,10.69,19.34,16.1,16.22,15.27,5.81,7.76,33.29,0.0,14.09,1.67,9.39,11.37,15.43,13.92,26.06,14.36,11.99,8.33,24.97,10.34,16.78,13.83,17.27,10.17,11.42,16.08,15.37,11.58,9.88,8.98,26.21,1.76,5.51,7.99,14.55,16.49,16.62,10.49,14.46,1.38,13.83,12.81,18.24,10.3,6.54,11.25,7.72,14.92,10.98,14.24,19.84,30.83,26.51,6.39,13.67,12.06,15.36,12.88,14.11,16.38,11.84,12.2,11.88,8.36,25.29,20.86,13.8,9.89,8.98,10.86,8.64,7.78,31.98,29.76,28.4,27.87,29.35,23.08,26.33,24.22,26.19,25.43,24.02,21.27,35.43,32.28,31.92,31.93,34.68,22.94,33.37,28.01,30.34,30.82,34.59,33.85,22.31,32.54,33.29,30.59,36.47,33.85,32.54,22.76,29.25,20.6,16.76,17.95,19.42,17.36,18.82,17.09,12.59,13.34,12.96,15.64,12.0,15.33,14.89,10.12,12.39,34.5,26.68,29.28,27.31,30.03,30.51,28.3,25.74,33.11,30.18,31.28,30.4,37.15,28.34,35.54,28.14,28.46,28.63,27.78,32.62,29.57,29.71,29.76,23.27,27.13,27.98,26.83,25.83,31.81,29.43,27.02,34.97,27.15,29.47,33.4,32.04,15.55,18.99,17.06,16.32,21.12,21.53,19.09,15.6,18.06,17.35,25.03,17.42,18.66,37.98,20.89,16.23,22.81,20.71,18.19,13.74,19.11,19.44,22.5,19.13,19.6,20.81,19.85,19.27,14.46,26.39,19.32,19.24,22.79,19.59,18.79,12.69,17.79,17.15,19.53,18.71,7.35,9.97,7.06,5.63,7.89,7.39,7.04,5.61,9.51,8.11,10.5,7.06,7.55,29.81,4.0,4.64,6.88,6.22,7.51,8.77,20.02,12.3,13.0,8.37,16.25,10.37,11.93,13.05,7.24,13.97,16.51,16.65,16.96,12.35,15.29,13.69,8.99,28.73,30.2,17.64,20.67,24.03,28.72,22.16,21.42,18.66,15.31,19.41,29.38,31.74,26.67,18.64,16.83,24.74,17.12,16.39,30.0,26.16,28.42,24.27,22.89,28.46,25.07,17.8,22.03,29.81,14.72,27.69,17.22,23.2,33.08,31.68,16.63,23.38,17.51,19.33,18.54,24.64,25.9,14.69,19.76,15.81,22.37,14.01,19.89,15.11,14.71,24.84,20.09,22.95,22.38,22.44,31.42
29.39,20.25,22.98,28.39,19.03,3.58,4.24,9.49,14.17,7.23,13.28,5.66,22.21,15.79,10.96,14.6,29.95,2.68,13.49,12.54,8.47,10.67,5.75,15.78,16.16,19.74,6.39,14.57,29.5,21.47,14.12,20.82,21.16,18.82,18.68,18.5,18.89,11.22,11.98,8.16,12.45,6.67,22.72,16.92,12.37,17.33,9.0,21.39,18.29,2.54,13.42,14.39,30.72,14.09,0.0,15.28,4.71,8.34,17.94,21.85,24.08,7.32,9.6,9.02,22.99,11.06,6.49,6.79,6.18,9.97,19.35,18.58,2.85,2.51,12.39,16.92,24.23,14.02,13.78,12.52,17.06,3.97,4.79,13.0,16.97,16.78,3.36,12.09,7.14,12.81,9.47,3.94,10.65,5.51,13.49,22.18,17.86,28.85,24.53,10.91,1.33,9.68,6.28,1.29,1.59,3.86,11.21,9.81,14.38,7.37,23.31,18.88,21.74,7.5,9.7,8.48,9.54,8.69,30.0,27.78,26.42,25.89,27.37,21.1,24.35,22.24,24.21,23.45,22.04,19.29,33.45,30.3,29.94,29.95,32.7,20.96,31.39,26.03,28.36,28.84,32.61,31.87,20.33,30.56,31.31,28.61,34.49,31.87,30.56,20.78,27.27,10.3,7.8,7.65,9.13,6.27,7.72,4.57,7.21,5.24,4.37,7.55,8.04,7.24,2.81,6.31,4.08,32.52,24.7,27.3,25.33,28.05,28.53,26.32,23.76,31.13,28.2,29.3,28.42,35.17,26.36,33.56,26.16,26.48,26.65,25.8,30.64,27.59,27.73,27.78,21.29,25.15,26.0,24.85,23.85,29.83,27.45,25.04,32.99,25.17,27.49,31.42,30.06,13.16,17.01,15.08,14.34,19.14,19.55,17.11,13.21,16.08,15.37,23.05,15.44,16.68,36.0,18.91,13.84,20.83,18.73,16.21,11.35,17.13,17.46,20.52,17.15,17.62,18.83,17.87,17.29,12.07,24.41,17.34,17.26,20.81,17.61,16.81,10.31,20.3,19.66,22.04,21.21,11.87,8.21,10.65,10.07,8.89,12.44,9.5,13.55,8.17,13.16,8.7,10.7,12.6,27.83,15.3,16.3,14.84,14.16,15.44,16.7,22.53,14.8,15.5,14.37,18.75,12.87,14.44,15.55,15.17,16.48,19.01,19.16,19.46,20.28,23.22,21.63,16.92,26.75,28.22,16.62,19.95,23.31,26.74,21.43,20.69,17.28,12.92,18.68,28.65,29.76,24.69,17.26,15.45,22.76,14.74,14.0,28.02,24.18,27.69,25.64,22.17,26.48,23.09,17.08,21.31,27.83,12.33,25.71,15.84,22.47,31.1,29.7,22.3,25.89,16.79,21.84,17.82,27.15,28.41,14.22,22.26,15.09,24.87,13.28,22.39,14.38,17.22,27.35,22.59,25.45,24.89,24.95,33.93
31.7,22.56,20.64,26.05,21.34,16.34,11.64,4.37,17.07,8.93,6.39,13.25,24.52,18.69,7.1,7.7,32.26,16.07,16.39,5.69,10.61,3.78,9.61,8.89,17.07,17.4,13.96,16.88,31.81,19.13,4.76,18.48,14.26,11.92,16.34,11.61,21.2,4.21,2.11,17.09,5.45,10.49,15.07,17.83,8.51,10.43,17.94,15.84,15.95,15.0,4.4,7.5,33.03,1.67,15.28,0.0,9.12,9.97,15.17,13.65,25.8,12.96,11.73,8.08,24.71,10.08,15.38,12.43,15.87,8.77,11.15,15.81,15.61,11.32,9.62,8.72,25.95,1.49,5.24,6.59,14.29,15.9,15.21,10.23,14.2,2.9,15.14,12.55,16.83,10.04,6.28,10.99,7.46,13.51,10.72,13.98,19.58,30.57,26.25,6.13,13.41,11.8,13.95,12.61,13.85,15.64,11.58,11.93,11.61,8.1,25.03,20.6,13.54,9.63,8.72,10.6,8.38,7.52,31.72,29.5,28.14,27.61,29.08,22.81,26.07,23.96,25.93,25.17,23.76,21.01,35.17,32.02,31.66,31.67,34.42,22.67,33.1,27.75,30.08,30.56,34.32,33.58,22.04,32.28,33.03,30.33,36.21,33.59,32.28,22.5,28.98,19.19,15.36,16.54,18.02,15.96,17.41,16.34,11.18,11.94,14.27,14.24,10.6,13.92,16.2,9.85,12.13,34.24,26.42,29.02,27.04,29.77,30.24,28.04,25.48,32.85,29.91,31.01,30.14,36.89,28.08,35.28,27.88,28.2,28.37,27.52,32.36,29.3,29.44,29.5,23.01,26.86,27.72,26.57,25.56,31.55,29.17,26.76,34.71,26.89,29.21,33.14,31.78,15.29,18.73,16.79,16.05,20.86,21.26,18.83,15.33,17.79,17.09,24.76,17.15,18.4,37.72,20.62,15.96,22.55,20.45,17.92,13.47,18.85,19.18,22.24,18.87,19.34,20.55,19.59,19.01,14.2,26.12,19.06,18.98,22.52,19.33,18.53,12.43,17.53,16.89,19.27,18.44,7.98,9.71,6.8,5.36,7.63,7.13,6.78,5.35,9.26,7.85,10.25,6.8,7.29,29.55,2.59,3.24,5.48,5.96,7.24,8.51,19.76,12.03,12.74,8.1,15.98,10.1,11.67,12.78,6.97,13.71,16.24,16.39,16.69,12.08,15.02,13.43,8.72,28.47,29.94,17.38,20.41,23.77,28.46,21.89,21.16,18.39,15.04,19.15,29.11,31.48,26.41,18.38,16.57,24.48,16.86,16.13,29.73,25.9,28.15,24.01,22.63,28.2,24.81,17.54,21.77,29.55,14.46,27.43,16.96,22.94,32.82,31.41,16.36,23.12,17.25,19.07,18.28,24.38,25.64,14.43,19.49,15.55,22.1,13.74,19.62,14.85,14.45,24.58,19.82,22.68,22.12,22.18,31.16
24.68,15.55,18.28,23.68,14.32,6.71,1.06,4.79,9.47,11.65,8.58,8.79,17.5,11.08,12.51,9.89,25.24,5.81,8.78,12.02,12.93,5.97,1.05,11.08,11.45,15.03,9.53,9.87,24.79,16.76,13.6,16.12,16.45,14.11,13.98,13.8,14.19,6.52,7.27,11.29,7.75,9.81,18.02,12.21,7.67,12.62,12.14,16.69,13.59,4.43,8.71,9.69,26.02,9.39,4.71,9.12,0.0,11.47,13.23,17.14,19.37,10.45,4.9,11.89,18.29,6.35,9.62,9.92,9.31,15.67,14.65,13.87,5.98,2.2,7.68,12.21,19.52,9.32,9.07,12.77,12.35,7.1,7.92,8.29,12.26,12.07,6.49,7.38,10.27,8.1,4.76,1.87,5.94,8.64,8.78,17.47,13.15,24.14,19.82,9.96,4.28,4.97,9.42,3.49,4.72,7.0,6.5,5.1,9.67,2.67,18.61,14.17,17.03,2.8,4.99,3.77,4.84,3.98,25.29,23.07,21.71,21.18,22.66,16.39,19.64,17.54,19.5,18.74,17.33,14.58,28.74,25.59,25.24,25.24,27.99,16.25,26.68,21.32,23.65,24.13,27.9,27.16,15.62,25.85,26.6,23.91,29.78,27.16,25.85,16.08,22.56,13.43,10.93,10.78,12.26,9.4,10.86,7.7,10.34,8.37,7.5,10.69,11.17,10.37,5.94,9.44,7.22,27.81,19.99,22.6,20.62,23.34,23.82,21.61,19.05,26.42,23.49,24.59,23.71,30.46,21.65,28.85,21.45,21.77,21.95,21.09,25.93,22.88,23.02,23.07,16.58,20.44,21.3,20.15,19.14,25.13,22.74,20.33,28.28,20.46,22.78,26.72,25.35,8.46,12.3,10.37,9.63,14.43,14.84,12.4,8.5,11.37,10.66,18.34,10.73,11.97,31.3,14.2,9.13,16.12,14.02,11.5,6.64,12.42,12.75,15.81,12.44,12.91,14.12,13.16,12.58,7.37,19.7,12.63,12.55,16.1,12.9,12.1,5.6,15.59,14.95,17.33,16.5,10.92,13.84,5.94,5.36,11.76,7.73,10.91,8.84,13.08,8.45,14.07,9.6,7.89,23.12,12.9,11.33,12.08,9.45,10.74,12.0,17.82,10.09,10.8,9.66,14.04,8.17,9.73,10.85,10.46,11.77,14.31,14.45,14.75,15.58,18.51,16.92,12.21,22.05,23.52,11.91,15.24,18.6,22.03,16.72,15.99,12.57,8.21,13.98,23.94,25.05,19.99,12.55,10.74,18.05,10.03,9.3,23.31,19.48,22.98,20.93,17.46,21.77,18.38,12.37,16.6,23.12,7.62,21.0,11.13,17.77,26.39,24.99,17.59,21.18,12.08,17.13,13.11,22.44,23.7,9.51,17.56,10.38,20.16,8.57,17.69,9.68,12.51,22.64,17.88,20.75,20.18,20.24,29.22
37.99,28.85,26.94,32.34,27.63,6.85,11.01,10.66,23.37,6.86,12.68,3.76,30.81,24.98,3.1,14.0,38.55,6.58,22.68,4.69,8.1,10.07,12.52,15.18,23.37,23.69,4.47,23.18,38.1,25.42,6.27,24.78,20.55,18.21,22.64,17.9,27.5,9.64,11.19,7.6,8.59,6.3,21.37,24.13,11.79,16.73,8.45,22.13,22.25,9.3,9.52,13.79,39.32,11.37,8.34,9.97,11.47,0.0,21.42,19.91,32.05,3.47,17.98,6.16,30.97,16.33,5.89,2.94,6.38,1.48,17.41,22.07,6.13,9.27,15.87,14.97,32.2,11.2,9.76,4.66,20.54,6.41,5.73,16.48,20.46,12.61,5.66,18.81,7.34,16.29,12.53,10.7,13.71,4.03,16.98,20.24,25.83,36.82,32.5,7.83,8.09,18.05,4.47,8.66,6.9,6.15,17.83,18.19,17.87,14.36,31.29,26.85,19.79,15.88,14.97,16.85,14.63,13.78,37.97,35.75,34.39,33.86,35.34,29.07,32.32,30.22,32.18,31.42,30.01,27.26,41.42,38.27,37.92,37.92,40.67,28.93,39.36,34.0,36.33,36.81,40.58,39.84,28.3,38.53,39.28,36.59,42.46,39.84,38.53,28.76,35.24,9.71,5.87,7.06,8.53,6.47,7.93,6.85,1.7,2.45,4.78,4.75,1.11,4.44,6.71,5.94,5.11,40.49,32.67,35.28,33.3,36.02,36.5,34.29,31.73,39.1,36.17,37.27,36.39,43.14,34.33,41.53,34.13,34.45,34.63,33.77,38.61,35.56,35.7,35.75,29.26,33.12,33.98,32.83,31.82,37.81,35.42,33.01,40.96,33.14,35.46,39.4,38.03,21.54,24.98,23.05,22.31,27.11,27.52,25.08,21.59,24.05,23.34,31.02,23.41,24.65,43.98,26.88,22.22,28.8,26.7,24.18,19.73,25.1,25.43,28.49,25.12,25.59,26.8,25.84,25.26,20.45,32.38,25.31,25.23,28.78,25.58,24.78,18.69,23.78,23.14,25.52,24.7,6.06,7.84,13.05,11.62,8.52,11.53,8.39,11.6,7.34,11.12,8.33,8.41,10.12,35.8,7.44,8.45,6.98,12.22,13.5,14.76,26.01,18.29,18.99,14.36,22.24,16.36,17.93,19.04,13.23,19.96,22.5,22.64,22.95,18.34,21.28,19.68,14.98,34.73,36.2,23.63,26.66,30.02,34.71,28.15,27.41,24.65,21.3,25.4,35.37,37.73,32.66,24.63,22.82,30.73,23.12,22.38,35.99,32.16,34.41,30.26,28.88,34.45,31.06,23.79,28.02,35.8,20.71,33.68,23.21,29.19,39.07,37.67,22.62,29.37,23.5,25.32,24.53,30.63,31.9,20.68,25.75,21.8,28.36,20.0,25.88,21.1,20.7,30.83,26.08,28.94,28.37,28.43,37.41
28.08,13.65,5.53,10.93,17.72,19.94,14.29,10.83,13.34,17.69,12.63,22.93,20.9,10.51,18.55,13.93,31.35,19.04,13.31,18.06,18.97,12.01,12.26,15.12,8.42,2.28,23.67,15.19,30.9,4.02,19.65,3.37,14.02,15.8,1.23,19.84,11.82,12.56,13.32,24.52,13.79,19.76,12.71,9.18,13.71,18.67,25.37,11.38,3.12,17.66,14.75,15.73,32.12,15.43,17.94,15.17,13.23,21.42,0.0,13.11,25.6,21.91,9.65,16.93,24.52,9.07,22.86,22.39,22.56,20.7,17.85,1.43,19.23,15.44,6.81,15.24,25.75,14.35,14.11,17.81,1.9,20.35,21.17,7.42,1.81,17.11,19.73,6.1,23.52,5.67,10.46,15.11,11.64,21.88,5.16,15.16,12.43,30.72,26.05,15.0,17.53,10.88,22.66,16.73,17.97,20.24,7.19,9.25,5.91,10.13,24.84,11.79,17.11,11.37,8.43,9.5,7.55,8.35,31.87,29.65,27.94,27.42,29.24,22.62,25.87,23.77,25.73,24.97,23.56,20.81,35.32,32.17,31.81,31.82,34.57,22.48,33.25,27.55,30.23,30.71,34.48,26.48,21.85,26.66,33.18,26.82,36.36,29.15,32.43,22.31,29.14,26.68,25.49,24.03,25.51,22.65,24.1,20.95,23.12,21.95,21.87,24.62,22.53,24.3,19.18,19.02,21.3,30.72,22.9,25.51,23.53,26.25,26.73,24.52,21.96,29.33,26.4,27.5,26.62,33.37,24.56,31.76,24.36,24.68,24.85,24.0,28.84,25.79,25.93,25.98,19.49,23.35,24.21,23.06,22.05,28.04,25.65,23.24,31.19,23.37,25.69,29.62,28.26,13.04,13.89,16.6,16.21,14.09,13.01,16.02,13.08,13.58,16.01,21.25,16.96,18.2,37.87,17.11,13.71,19.03,20.25,14.41,11.22,18.65,18.98,18.72,17.22,15.82,17.03,17.4,15.49,11.95,22.61,13.56,18.78,19.01,16.77,17.05,9.28,2.86,2.22,4.6,3.77,15.96,18.88,10.92,10.4,16.8,12.77,15.95,13.87,18.11,13.49,19.1,14.63,12.93,26.03,17.94,16.37,17.12,10.93,13.76,15.02,10.97,4.67,3.12,8.79,4.16,7.19,3.53,5.27,9.92,2.39,1.89,4.0,2.84,18.6,13.7,16.58,14.6,19.53,21.0,9.24,12.27,15.63,19.51,13.75,13.01,10.31,12.79,11.0,20.97,21.78,17.1,10.29,8.48,15.18,12.84,9.41,20.79,16.61,20.01,15.87,14.49,19.25,15.51,9.4,13.63,20.6,12.2,18.49,8.87,14.79,23.03,21.54,10.74,8.45,9.11,4.4,10.13,9.71,10.97,3.88,4.83,7.41,7.43,4.89,4.96,6.7,2.61,9.91,5.16,8.02,7.45,7.51,15.04
38.27,29.13,18.14,23.54,27.91,23.85,18.21,10.94,23.64,15.75,7.76,21.0,31.09,23.61,17.04,6.81,38.83,21.31,22.96,16.55,17.46,10.2,16.18,7.1,21.58,14.89,21.73,23.45,38.38,16.63,18.13,15.98,4.23,1.63,13.84,5.2,27.77,11.04,11.8,24.87,12.28,17.82,2.92,22.34,15.08,4.03,25.71,1.85,11.38,21.57,13.24,6.04,39.6,13.92,21.85,13.65,17.14,19.91,13.11,0.0,31.79,18.93,17.73,14.25,30.71,17.75,22.52,19.41,23.01,18.02,3.35,13.97,21.1,17.32,13.92,4.57,31.95,11.67,11.43,15.13,12.16,22.22,23.04,14.53,12.07,14.43,19.76,16.85,23.98,14.34,12.28,16.99,13.45,20.66,15.02,3.05,25.58,36.57,32.25,12.32,19.4,17.8,21.1,18.61,19.84,22.12,15.88,17.94,15.91,14.1,31.03,26.59,2.61,15.63,14.72,16.6,14.92,13.52,37.71,35.49,34.13,33.61,35.08,28.81,32.07,29.96,31.93,31.16,29.76,27.01,41.16,38.02,37.66,37.66,40.42,28.67,39.1,33.74,36.07,36.55,40.32,39.58,28.04,38.27,39.02,36.33,42.21,39.59,38.28,28.5,34.98,26.34,22.5,23.69,25.16,23.1,24.56,22.82,20.44,18.97,18.88,21.64,19.85,21.32,21.06,16.04,18.32,40.24,32.42,35.02,33.04,35.76,36.24,34.04,31.47,38.84,35.91,37.01,36.13,42.88,34.07,41.27,33.87,34.19,34.37,33.51,38.36,35.3,35.44,35.5,29.01,32.86,33.72,32.57,31.56,37.55,35.16,32.76,40.71,32.88,35.2,39.14,37.77,21.29,24.73,22.79,22.05,26.86,27.26,24.82,21.33,23.79,23.08,30.76,23.15,24.4,43.72,26.62,21.96,28.55,26.44,23.92,19.47,24.85,25.17,28.24,24.86,25.34,26.54,25.58,25.0,20.2,32.12,25.05,24.97,28.52,25.33,24.53,18.43,15.4,14.76,17.14,16.31,13.28,15.89,12.8,11.36,13.82,13.13,12.97,7.7,15.43,13.84,16.42,12.99,13.29,35.54,15.26,13.69,14.44,8.64,6.61,7.87,5.5,16.33,12.84,10.78,9.9,14.4,13.24,17.08,9.65,13.78,14.43,12.84,15.38,5.75,1.37,2.42,8.6,31.97,33.44,21.68,24.71,28.07,31.95,26.19,25.45,22.69,21.04,23.44,33.41,34.22,29.54,22.68,20.87,30.48,22.86,22.13,33.23,31.9,32.45,28.31,26.93,31.69,30.8,21.84,26.07,33.04,20.46,30.93,21.25,27.23,35.47,33.98,2.75,20.99,21.55,16.94,22.57,22.25,22.58,15.27,17.37,19.85,19.97,18.04,17.5,19.14,15.3,22.45,17.69,20.56,19.99,20.05,21.29
20.86,16.8,30.63,36.04,13.69,26.08,20.43,21.46,14.47,28.32,25.25,28.16,13.72,16.63,29.18,26.57,6.7,25.18,13.77,28.69,29.6,22.64,18.4,27.75,19.97,27.39,28.9,11.12,6.02,29.12,30.28,28.48,33.12,30.78,26.33,30.47,15.44,23.19,23.95,30.66,24.42,30.39,34.69,19.48,24.34,29.3,31.51,33.36,30.26,23.8,25.38,26.36,8.42,26.06,24.08,25.8,19.37,32.05,25.6,31.79,0.0,32.98,18.48,28.0,2.16,19.93,29.28,29.59,28.98,31.77,30.75,24.61,25.65,21.86,23.79,28.31,2.63,25.42,25.18,28.87,28.45,26.76,27.59,24.4,28.37,28.18,26.15,21.55,29.94,24.21,20.87,21.53,22.04,28.3,24.89,33.58,13.81,8.19,3.21,26.06,23.95,16.96,29.08,23.15,24.39,26.66,20.09,18.68,25.78,19.3,1.99,14.83,33.14,19.43,18.58,17.2,21.47,20.61,6.9,10.22,5.59,5.06,7.25,3.73,3.52,3.04,3.38,1.18,1.98,5.7,15.89,12.74,12.38,12.39,15.14,6.12,13.83,5.2,10.8,11.28,15.05,11.63,4.82,11.81,13.75,7.8,16.93,6.96,13.0,6.42,9.71,33.1,30.59,30.45,31.92,29.06,30.52,27.36,30.01,28.03,27.16,30.35,33.6,30.03,25.6,30.09,26.88,23.5,13.21,15.82,20.36,16.89,19.51,17.3,13.44,20.2,16.71,18.37,19.4,26.15,21.39,22.63,10.43,17.46,17.64,14.31,21.63,18.57,18.71,16.29,15.4,16.13,16.99,15.84,14.83,18.34,18.43,11.38,23.98,20.2,8.93,22.41,19.13,17.01,12.96,10.07,10.68,15.09,15.5,13.06,13.49,12.03,11.32,18.08,9.08,7.93,18.44,13.29,17.69,14.94,10.0,12.16,15.2,8.47,6.56,14.63,13.1,11.73,13.86,11.51,12.34,14.39,19.44,13.29,8.95,14.91,11.25,10.45,16.27,27.91,27.27,29.65,28.82,27.02,29.94,22.05,21.47,27.87,23.84,27.02,24.94,29.18,24.55,30.17,25.7,24.0,22.86,29.01,27.44,28.19,25.56,26.84,28.1,33.92,26.2,26.9,25.76,30.15,24.27,25.84,26.95,26.57,23.26,25.04,30.55,25.49,31.68,34.62,33.02,28.32,22.71,24.18,18.04,23.72,23.98,22.69,24.4,24.47,17.16,17.13,22.46,32.43,25.71,20.65,17.14,18.22,18.71,15.72,18.22,23.97,20.14,31.46,21.59,25.94,22.43,19.04,20.85,25.08,23.78,16.54,21.67,16.99,26.25,27.05,25.65,33.7,33.5,23.16,29.45,21.59,34.76,36.02,22.05,29.88,19.87,32.48,21.11,30.01,21.41,23.24,34.96,30.2,33.06,32.5,32.56,45.32
38.0,28.86,26.94,32.35,27.64,6.6,9.99,10.36,19.92,3.81,12.39,4.23,30.82,21.54,6.09,13.7,38.56,5.65,19.23,7.67,3.6,9.77,11.5,14.88,23.37,23.7,4.94,23.18,38.11,25.43,9.26,24.79,20.26,17.92,22.64,17.6,27.5,9.35,10.89,8.07,8.29,1.74,21.07,24.13,10.62,16.43,8.92,21.83,22.25,8.29,9.23,13.49,39.33,14.36,7.32,12.96,10.45,3.47,21.91,18.93,32.98,0.0,18.06,4.15,31.04,16.41,6.36,0.9,6.85,5.1,17.06,22.14,5.92,8.26,15.95,14.62,32.28,11.47,9.41,7.65,20.62,6.54,6.2,16.56,20.53,15.6,4.73,18.88,7.82,16.37,12.61,9.69,13.79,4.5,17.05,19.89,25.91,36.9,32.58,7.48,7.08,18.13,4.94,7.65,6.69,6.62,17.91,18.26,17.94,14.43,31.36,26.92,19.45,15.96,15.05,16.93,14.71,13.85,38.05,35.83,34.47,33.94,35.41,29.14,32.4,30.29,32.26,31.5,30.09,27.34,41.49,38.35,37.99,38.0,40.75,29.0,39.43,34.08,36.41,36.89,40.65,39.91,28.37,38.61,39.35,36.66,42.54,39.92,38.61,28.83,35.31,10.18,6.34,7.53,9.0,6.94,8.4,7.33,2.88,2.08,3.85,5.22,3.17,4.91,5.78,2.89,3.43,40.57,32.75,35.35,33.37,36.09,36.57,34.37,31.81,39.17,36.24,37.34,36.46,43.22,34.41,41.6,34.2,34.53,34.7,33.84,38.69,35.63,35.77,35.83,29.34,33.19,34.05,32.9,31.89,37.88,35.5,33.09,41.04,33.22,35.53,39.47,38.11,21.62,25.06,23.12,22.38,27.19,27.59,25.15,21.66,24.12,23.42,31.09,23.48,24.73,44.05,26.95,22.29,28.88,26.78,24.25,19.8,25.18,25.51,28.57,25.2,25.67,26.88,25.92,25.34,20.53,32.45,25.38,25.3,28.85,25.66,24.86,18.76,23.86,23.22,25.6,24.77,5.24,4.78,13.13,11.69,5.47,10.39,6.08,11.25,3.3,9.98,3.83,7.28,8.98,35.88,10.43,11.44,9.97,11.87,13.15,14.41,26.09,18.36,19.06,14.01,22.31,16.43,18.0,19.11,12.88,20.04,22.57,22.72,23.02,17.99,20.93,19.34,14.63,34.8,36.27,23.71,26.74,30.1,34.79,28.22,27.48,24.72,21.37,25.48,35.44,37.8,32.74,24.71,22.9,30.81,23.19,22.46,36.06,32.23,34.48,30.34,28.96,34.52,31.14,23.87,28.1,35.88,20.79,33.76,23.28,29.27,39.14,37.74,22.27,29.45,23.58,25.4,24.61,30.71,31.97,20.76,25.82,21.88,28.43,20.07,25.95,21.18,20.78,30.91,26.15,29.01,28.45,28.51,37.49
22.93,10.88,14.69,20.09,12.57,11.61,5.96,7.39,6.93,14.25,11.18,13.69,15.75,8.55,15.11,12.5,24.28,10.71,6.24,14.62,15.54,8.57,3.93,13.68,8.03,11.44,14.42,8.12,23.83,13.17,16.21,12.53,19.06,16.72,10.38,16.4,9.52,9.12,9.88,16.19,10.35,16.32,18.01,8.79,10.27,15.23,17.04,16.68,10.55,9.33,11.32,12.29,25.05,11.99,9.6,11.73,4.9,17.98,9.65,17.73,18.48,18.06,0.0,13.82,17.49,2.93,14.51,14.82,14.21,17.59,16.57,8.65,10.88,7.09,4.76,14.13,18.72,11.24,11.0,14.7,9.34,12.0,12.82,5.48,9.26,14.0,11.38,3.96,15.17,6.1,6.69,6.76,6.37,13.53,5.78,19.4,8.11,23.69,19.03,11.88,9.18,2.52,14.31,8.38,9.62,11.89,3.08,1.27,4.47,4.1,17.81,9.12,18.96,3.19,2.01,1.32,4.76,2.96,24.84,22.62,20.91,20.39,22.21,15.59,18.85,16.74,18.71,17.94,16.54,13.79,28.29,25.14,24.79,24.79,27.54,15.45,26.23,20.52,23.2,23.68,27.45,21.43,14.82,25.4,26.15,21.77,29.33,26.71,25.4,15.28,22.11,18.33,15.82,15.68,17.16,14.3,15.75,12.6,15.24,13.26,12.39,15.58,16.06,15.27,10.83,15.91,12.11,25.68,17.86,20.46,18.48,21.21,21.68,19.48,16.92,24.29,21.35,22.45,21.58,28.33,19.52,26.72,19.32,19.64,19.81,18.96,23.8,20.74,20.88,20.94,14.45,18.3,19.16,18.01,17.0,22.99,20.61,18.2,26.15,18.33,20.64,24.58,23.22,6.01,7.57,9.57,9.18,9.39,9.79,9.0,6.05,6.55,8.98,16.2,9.93,11.17,30.85,12.06,6.68,13.99,13.22,9.36,4.19,11.63,11.95,13.68,10.2,10.78,11.99,12.36,10.45,4.92,17.56,8.86,11.75,13.96,11.72,11.31,3.15,11.96,11.32,13.7,12.87,12.85,15.77,7.87,7.29,13.69,9.66,12.84,10.76,15.0,10.38,15.99,11.52,9.82,20.99,14.83,13.26,14.01,8.99,12.66,13.92,16.95,7.09,7.79,6.85,11.04,6.17,6.73,6.34,7.98,7.31,9.08,11.44,9.53,17.5,19.69,18.85,14.14,17.0,18.47,8.79,11.82,15.18,16.98,13.3,12.57,10.12,5.76,10.56,20.53,20.0,14.94,10.1,8.3,13.0,7.58,6.85,18.26,14.43,19.57,15.42,14.04,16.72,13.33,8.95,13.18,18.07,5.18,15.96,8.68,14.35,21.34,19.94,16.73,17.55,8.66,13.49,9.69,18.81,20.07,6.09,13.92,6.96,16.53,5.15,14.05,6.26,7.29,19.0,14.25,17.11,16.55,16.6,24.14
33.02,23.88,21.96,27.37,22.66,8.31,12.96,5.69,18.39,5.61,7.71,9.44,25.84,20.01,3.29,9.02,33.58,7.35,17.71,2.8,2.53,5.1,10.93,10.21,18.39,18.72,10.15,18.2,33.13,20.45,4.38,19.81,15.58,13.24,17.66,12.93,22.52,4.67,6.21,13.28,3.61,2.41,16.39,19.15,6.82,11.75,14.13,17.16,17.27,9.99,4.55,8.82,34.35,8.33,9.02,8.08,11.89,6.16,16.93,14.25,28.0,4.15,13.82,0.0,25.99,11.36,11.57,4.44,12.06,4.96,12.44,17.09,7.62,12.6,10.9,10.0,27.23,6.85,4.78,2.06,15.57,8.24,11.4,11.51,15.48,9.6,6.43,13.83,13.02,11.32,7.56,12.27,8.74,9.7,12.0,15.26,20.86,31.85,27.53,2.86,8.78,13.08,10.15,9.35,8.4,8.14,12.86,13.21,12.9,9.38,26.31,21.88,14.82,10.91,10.0,11.88,9.66,8.8,33.0,30.78,29.42,28.89,30.37,24.09,27.35,25.24,27.21,26.45,25.04,22.29,36.45,33.3,32.94,32.95,35.7,23.95,34.38,29.03,31.36,31.84,35.61,34.86,23.32,33.56,34.31,31.61,37.49,34.87,33.56,23.78,30.26,15.38,11.55,12.73,14.21,12.15,13.6,8.85,7.37,5.64,5.56,10.43,6.79,10.11,7.49,3.5,4.99,35.52,27.7,30.3,28.33,31.05,31.52,29.32,26.76,34.13,31.19,32.3,31.42,38.17,29.36,36.56,29.16,29.48,29.65,28.8,33.64,30.59,30.72,30.78,24.29,28.14,29.0,27.85,26.85,32.83,30.45,28.04,35.99,28.17,30.49,34.42,33.06,16.57,20.01,18.07,17.34,22.14,22.55,20.11,16.61,19.07,18.37,26.04,18.43,19.68,39.0,21.91,17.25,23.83,21.73,19.2,14.76,20.13,20.46,23.52,20.15,20.62,21.83,20.87,20.29,15.48,27.4,20.34,20.26,23.81,20.61,19.81,13.71,18.81,18.17,20.55,19.72,1.09,6.34,8.08,6.64,4.27,6.55,3.42,6.63,1.18,6.14,2.17,3.44,5.14,30.83,5.56,6.56,5.1,7.24,8.53,9.79,21.04,13.32,14.02,9.38,17.26,11.39,12.95,14.07,8.25,14.99,17.53,17.67,17.97,13.37,16.3,14.71,10.0,29.75,31.22,18.66,21.69,25.05,29.74,23.17,22.44,19.68,16.32,20.43,30.4,32.76,27.69,19.66,17.85,25.76,18.14,17.41,31.01,27.18,29.44,25.29,23.91,29.48,26.09,18.82,23.05,30.83,15.74,28.71,18.24,24.22,34.1,32.69,17.65,24.4,18.53,20.35,19.56,25.66,26.92,15.71,20.78,16.83,23.38,15.02,20.91,16.13,15.73,25.86,21.1,23.97,23.4,23.46,32.44
18.86,15.71,29.55,34.95,12.6,25.0,19.35,20.37,13.38,27.24,24.17,27.08,11.71,15.55,28.1,25.48,4.69,24.1,12.69,27.61,28.52,21.56,17.32,26.67,18.89,26.3,27.81,10.03,7.05,28.04,29.19,27.39,32.04,29.7,25.25,29.39,14.35,22.1,22.86,29.58,23.34,29.3,33.61,18.4,23.25,28.21,30.43,32.28,29.18,22.72,24.3,25.28,8.27,24.97,22.99,24.71,18.29,30.97,24.52,30.71,2.16,31.04,17.49,25.99,0.0,18.9,28.25,28.56,27.95,30.74,29.72,23.58,24.62,20.83,22.76,27.29,3.48,24.39,24.15,27.85,27.43,25.74,26.56,23.37,27.34,27.15,25.12,20.52,28.91,23.18,19.84,20.5,21.02,27.27,23.86,32.55,12.79,8.14,4.06,25.04,22.92,15.94,28.05,22.12,23.36,25.63,19.06,17.66,24.75,18.27,2.84,13.8,32.11,18.4,17.55,16.17,20.44,19.58,4.9,9.66,3.58,3.06,6.7,2.46,1.52,1.8,1.38,1.39,3.65,4.46,15.33,12.19,10.78,11.83,14.59,4.88,13.27,3.19,10.24,10.72,14.49,9.63,3.59,9.8,13.19,5.8,16.38,4.95,12.44,5.19,9.15,32.07,29.56,29.42,30.9,28.04,29.49,26.34,28.98,27.0,26.13,29.32,32.58,29.01,24.57,29.06,25.85,21.5,11.21,13.81,19.33,14.89,17.5,15.3,11.44,18.2,14.7,16.37,17.4,24.15,20.36,20.63,8.43,15.46,15.63,12.3,19.62,16.57,16.7,14.29,14.37,14.12,14.98,13.83,12.83,16.34,16.43,9.37,21.97,19.18,6.93,20.4,17.13,15.99,11.94,9.04,9.65,14.07,14.47,12.03,12.47,11.0,10.29,17.05,8.05,6.9,17.89,12.27,16.66,13.91,8.97,11.13,14.17,7.44,5.54,13.6,12.07,10.7,12.84,10.48,11.32,13.36,18.41,12.26,7.92,13.89,10.23,9.42,15.24,26.88,26.24,28.62,27.8,26.0,28.92,21.02,20.44,26.84,22.81,25.99,23.91,28.15,23.53,29.14,24.68,22.97,21.84,27.98,26.41,27.16,24.53,25.81,27.07,32.89,25.17,25.87,24.74,29.12,23.24,24.81,25.92,25.54,22.23,24.01,29.53,24.46,30.65,33.59,32.0,27.29,21.68,23.15,17.01,22.69,22.95,21.67,23.37,23.44,16.14,16.1,21.43,31.4,24.68,19.62,16.12,17.19,17.69,14.69,17.19,22.94,19.11,30.44,20.56,24.91,21.4,18.01,19.82,24.05,22.75,15.52,20.64,15.96,25.22,26.02,24.62,32.67,32.47,22.13,28.42,20.56,33.73,34.99,21.02,28.85,18.84,31.46,20.08,28.98,20.38,22.21,33.93,29.18,32.04,31.47,31.53,44.3
24.39,12.33,14.1,19.5,14.03,13.06,7.41,5.74,8.38,12.6,10.0,15.14,17.21,9.48,13.46,11.3,25.74,12.16,7.7,12.97,13.88,6.92,5.38,12.48,7.45,10.85,15.88,9.57,25.29,12.59,14.56,11.94,18.73,15.06,9.8,14.75,10.79,7.47,8.23,17.64,8.7,14.67,17.43,8.21,8.62,13.58,18.49,16.09,9.96,10.78,9.66,10.64,26.51,10.34,11.06,10.08,6.35,16.33,9.07,17.75,19.93,16.41,2.93,11.36,18.9,0.0,15.97,16.91,15.66,15.22,14.2,8.07,12.33,8.55,4.18,11.76,20.18,8.87,8.62,12.32,8.76,13.45,14.27,4.9,8.67,11.62,12.84,3.38,16.63,5.52,4.31,8.22,4.84,14.99,5.19,17.02,9.56,25.15,20.48,9.51,10.64,3.97,15.77,9.84,11.08,13.35,2.5,2.53,3.89,4.56,19.26,10.7,16.58,4.65,1.71,2.78,4.17,2.77,26.3,24.08,22.37,21.84,23.66,17.05,20.3,18.2,20.16,19.4,17.99,15.24,29.75,26.6,26.24,26.25,29.0,16.91,27.68,21.98,24.66,25.14,28.9,22.89,16.28,26.86,27.61,23.23,30.79,28.17,26.86,16.73,23.56,19.79,17.28,17.14,18.61,15.75,17.21,14.05,17.63,16.46,13.85,17.04,17.05,16.72,12.29,13.54,13.57,27.13,19.31,21.92,19.94,22.66,23.14,20.93,18.37,25.74,22.81,23.91,23.03,29.78,20.97,28.17,20.77,21.09,21.27,20.41,25.26,22.2,22.34,22.4,15.91,19.76,20.62,19.47,18.46,24.45,22.06,19.66,27.61,19.78,22.1,26.04,24.67,7.46,9.03,11.03,10.64,10.84,11.98,10.45,7.51,8.01,10.44,17.66,11.39,12.63,32.3,13.52,8.14,15.44,14.68,10.82,5.65,13.08,13.41,15.13,11.65,12.23,13.44,13.82,11.9,6.37,19.02,10.31,13.21,15.42,13.18,12.76,4.61,11.37,10.73,13.11,12.29,10.47,13.39,5.49,4.91,11.31,7.28,10.46,8.39,12.63,8.0,13.62,9.15,7.44,22.44,12.45,10.88,11.63,8.41,10.29,11.55,16.37,6.5,7.2,6.26,10.45,5.58,6.14,5.76,7.4,6.72,8.5,10.86,8.95,15.13,19.1,16.47,12.08,18.5,19.97,8.21,11.23,14.59,18.48,12.72,11.98,9.22,7.22,9.97,19.94,20.74,16.07,9.2,7.39,14.46,9.04,8.3,19.76,15.88,18.98,14.84,13.45,18.22,14.79,8.37,12.59,19.57,6.63,17.45,7.78,13.76,22.0,20.51,16.14,16.96,8.07,12.91,9.1,18.22,19.48,5.51,13.34,6.37,15.94,4.57,13.47,5.67,6.7,18.42,13.67,16.53,15.96,16.02,23.55
34.3,25.16,27.9,33.3,23.94,5.01,9.16,13.96,19.09,7.4,15.98,3.22,27.12,20.7,8.51,17.29,34.86,7.12,18.4,10.1,8.64,13.37,10.67,18.48,21.07,24.65,2.73,19.49,34.41,26.38,11.68,25.74,23.85,21.51,23.6,21.2,23.81,12.94,14.48,1.93,11.89,6.84,24.66,21.83,14.21,20.02,2.78,26.31,23.21,7.46,12.82,17.09,35.63,16.78,6.49,15.38,9.62,5.89,22.86,22.52,29.28,6.36,14.51,11.57,28.25,15.97,0.0,5.83,2.43,7.52,20.65,23.45,4.24,7.38,17.26,18.22,29.1,15.07,13.0,10.07,21.93,3.83,1.77,17.87,21.84,18.02,4.34,16.96,3.39,17.68,14.34,8.81,15.52,2.79,18.36,23.48,22.73,33.72,29.4,11.08,6.2,14.55,1.74,6.77,5.01,3.03,16.08,14.68,19.25,12.25,28.19,23.75,23.04,12.38,14.57,13.35,14.41,13.56,34.87,32.65,31.29,30.76,32.24,25.97,29.22,27.12,29.08,28.32,26.91,24.16,38.32,35.17,34.82,34.82,37.57,25.83,36.26,30.9,33.23,33.71,37.48,36.74,25.2,35.43,36.18,33.48,39.36,36.74,35.43,25.65,32.14,4.03,3.46,1.38,2.86,2.52,3.98,3.09,4.77,4.23,5.32,5.11,5.59,4.8,5.54,6.48,5.65,37.39,29.57,32.18,30.2,32.92,33.4,31.19,28.63,36.0,33.07,34.17,33.29,40.04,31.23,38.43,31.03,31.35,31.52,30.67,35.51,32.46,32.6,32.65,26.16,30.02,30.88,29.72,28.72,34.71,32.32,29.91,37.86,30.04,32.36,36.29,34.93,18.04,21.88,19.95,19.21,24.01,24.42,21.98,18.08,20.95,20.24,27.92,20.31,21.55,40.87,23.78,18.71,25.7,23.6,21.08,16.22,22.0,22.33,25.39,22.02,22.49,23.7,22.74,22.16,16.94,29.28,22.21,22.13,25.68,22.48,21.68,15.18,25.17,24.53,26.91,26.08,11.47,8.38,15.52,14.94,9.06,13.99,9.67,14.85,8.34,13.57,8.87,10.87,12.57,32.7,12.85,13.86,12.39,15.46,16.74,18.01,27.4,19.67,20.38,17.6,23.62,17.75,19.31,20.42,16.47,21.35,23.88,24.03,24.33,21.58,24.52,22.93,18.22,31.62,33.09,21.49,24.82,28.18,31.61,26.3,25.56,22.15,17.79,23.56,33.52,34.63,29.56,22.13,20.32,27.63,19.61,18.88,32.89,29.06,32.56,30.51,27.04,31.35,27.96,21.95,26.18,32.7,17.2,30.58,20.71,27.35,35.97,34.57,27.17,30.76,21.66,26.71,22.69,32.02,33.28,19.09,27.14,19.96,29.74,18.15,27.26,19.26,22.09,32.22,27.46,30.32,29.76,29.82,38.8
34.61,25.47,27.43,32.83,24.25,6.07,9.46,10.85,19.39,4.29,12.87,3.71,27.43,21.01,5.56,14.18,35.17,5.12,18.71,7.15,3.89,10.26,10.97,15.37,23.86,24.18,4.41,19.79,34.72,25.91,8.73,25.27,20.74,18.4,23.13,18.09,24.11,9.83,11.37,7.55,8.77,2.03,21.55,24.62,11.1,16.91,8.39,22.32,22.74,7.76,9.71,13.98,35.94,13.83,6.79,12.43,9.92,2.94,22.39,19.41,29.59,0.9,14.82,4.44,28.56,16.91,5.83,0.0,6.33,4.57,17.54,22.62,5.39,7.73,16.43,15.11,29.45,11.96,9.89,7.12,21.1,6.01,5.67,17.04,21.01,15.07,4.2,19.36,7.29,16.85,13.09,9.16,14.27,3.97,17.53,20.37,23.08,34.07,29.75,7.96,6.55,14.89,4.41,7.12,6.16,6.09,18.39,15.03,18.43,12.59,28.53,24.1,19.93,12.72,15.53,13.7,15.19,14.33,35.22,33.0,31.64,31.11,32.59,26.32,29.57,27.46,29.43,28.67,27.26,24.51,38.67,35.52,35.16,35.17,37.92,26.18,36.6,31.25,33.58,34.06,37.83,37.09,25.55,35.78,36.53,33.83,39.71,37.09,35.78,26.0,32.49,9.65,5.82,7.0,8.47,6.41,7.87,6.8,2.35,1.56,3.32,4.69,2.64,4.38,5.25,3.37,2.9,37.74,29.92,32.52,30.55,33.27,33.74,31.54,28.98,36.35,33.42,34.52,33.64,40.39,31.58,38.78,31.38,31.7,31.87,31.02,35.86,32.81,32.94,33.0,26.51,30.37,31.22,30.07,29.07,35.05,32.67,30.26,38.21,30.39,32.71,36.64,35.28,18.38,22.23,20.3,19.56,24.36,24.77,22.33,18.43,21.3,20.59,28.27,20.66,21.9,41.22,24.13,19.06,26.05,23.95,21.43,16.57,22.35,22.68,25.74,22.37,22.84,24.05,23.09,22.51,17.29,29.62,22.56,22.48,26.03,22.83,22.03,15.53,24.34,23.7,26.08,25.25,8.52,5.27,13.61,12.17,5.95,10.87,6.56,11.74,3.59,10.46,4.12,7.76,9.46,33.05,9.9,10.91,9.44,12.35,13.63,14.89,26.57,18.85,19.55,14.49,22.79,16.92,18.48,19.6,13.36,20.52,23.06,23.2,23.5,18.47,21.41,19.82,15.11,31.97,33.44,24.19,27.22,30.58,31.96,28.7,27.97,25.21,18.14,25.96,35.93,34.98,29.91,25.19,23.38,27.98,19.96,19.22,33.24,29.4,34.97,30.82,29.44,31.7,28.31,24.35,28.58,33.05,17.55,30.93,23.77,29.75,36.32,34.91,22.75,29.93,24.06,25.88,25.09,31.19,32.45,21.24,26.31,22.36,28.91,20.55,26.44,21.66,21.26,31.39,26.63,29.5,28.93,28.99,37.97
33.99,24.86,27.59,32.99,23.63,4.7,8.85,14.1,18.78,7.89,16.47,3.71,26.81,20.4,9.01,17.79,34.56,6.51,18.09,10.59,9.13,13.86,10.36,18.97,20.76,24.34,3.22,19.18,34.11,26.08,12.17,25.43,24.34,22.0,23.29,21.69,23.5,13.43,14.98,4.14,12.38,7.33,27.33,21.53,14.7,20.52,4.99,26.0,22.9,7.15,13.31,17.58,35.33,17.27,6.18,15.87,9.31,6.38,22.56,23.01,28.98,6.85,14.21,12.06,27.95,15.66,2.43,6.33,0.0,8.01,21.15,23.15,3.93,7.07,16.95,18.71,28.79,15.56,13.49,10.56,21.62,3.53,1.47,17.56,21.54,18.51,4.04,16.65,1.12,17.37,14.03,8.51,15.21,3.28,18.05,23.97,22.43,33.42,29.1,11.57,5.89,14.24,2.23,6.47,4.7,2.73,15.78,14.37,18.95,11.94,27.88,23.44,23.53,12.07,14.27,13.04,14.11,13.25,34.56,32.34,30.98,30.46,31.93,25.66,28.92,26.81,28.78,28.01,26.61,23.86,38.01,34.87,34.51,34.51,37.26,25.52,35.95,30.59,32.92,33.4,37.17,36.43,24.89,35.12,35.87,33.18,39.06,36.44,35.12,25.35,31.83,6.25,3.95,3.6,5.07,0.79,1.7,2.78,5.26,4.72,5.38,5.6,6.08,5.29,5.23,6.97,5.53,37.08,29.26,31.87,29.89,32.61,33.09,30.88,28.32,35.69,32.76,33.86,32.98,39.73,30.92,38.12,30.72,31.04,31.22,30.36,35.21,32.15,32.29,32.35,25.86,29.71,30.57,29.42,28.41,34.4,32.01,29.61,37.56,29.73,32.05,35.99,34.62,17.73,21.57,19.64,18.9,23.71,24.11,21.67,17.77,20.64,19.93,27.61,20.0,21.24,40.57,23.47,18.4,25.39,23.29,20.77,15.91,21.7,22.02,25.08,21.71,22.18,23.39,22.43,21.85,16.64,28.97,21.9,21.82,25.37,22.18,21.38,14.87,24.86,24.22,26.6,25.78,11.96,8.87,15.21,14.64,9.55,14.48,10.16,15.34,8.83,14.07,9.36,11.36,13.07,32.39,13.35,14.35,12.89,15.95,17.24,18.5,27.09,19.37,20.07,18.93,23.32,17.44,19.0,20.12,16.96,21.04,23.58,23.72,24.03,22.08,25.02,23.42,18.71,31.32,32.79,21.18,24.51,27.87,31.3,26.0,25.26,21.84,17.48,23.25,33.22,34.32,29.26,21.83,20.02,27.32,19.3,18.57,32.58,28.75,32.26,30.2,26.73,31.04,27.65,21.64,25.87,32.39,16.9,30.28,20.4,27.04,35.66,34.26,26.87,30.45,21.35,26.4,22.38,31.71,32.97,18.79,26.83,19.65,29.44,17.85,26.96,18.95,21.78,31.91,27.16,30.02,29.45,29.51,38.49
36.79,27.65,25.74,31.14,26.43,8.48,12.64,9.46,22.16,8.49,11.48,5.39,29.61,23.78,1.29,12.79,37.35,8.21,21.48,3.49,7.48,8.87,14.7,13.98,22.17,22.49,6.1,21.98,36.9,24.22,5.07,23.58,19.35,17.01,21.43,16.7,26.3,8.44,9.99,9.23,7.39,7.93,20.16,22.93,10.59,15.52,10.08,20.93,21.05,10.93,8.32,12.59,38.12,10.17,9.97,8.77,15.67,1.48,20.7,18.02,31.77,5.1,17.59,4.96,30.74,15.22,7.52,4.57,8.01,0.0,16.21,20.87,7.76,10.9,14.67,13.77,31.0,10.0,8.56,3.46,19.34,8.04,7.36,15.28,19.26,11.41,7.29,17.61,8.98,15.09,11.33,12.33,12.51,5.66,15.77,19.04,24.63,35.62,31.3,6.63,9.72,16.85,6.1,10.29,8.53,7.78,16.63,16.99,16.67,13.15,30.08,25.65,18.59,14.68,13.77,15.65,13.43,12.57,36.77,34.55,33.19,32.66,34.14,27.87,31.12,29.02,30.98,30.22,28.81,26.06,40.22,37.07,36.71,36.72,39.47,27.73,38.16,32.8,35.13,35.61,39.38,38.64,27.1,37.33,38.08,35.38,41.26,38.64,37.33,27.55,34.04,11.34,7.5,8.69,10.16,8.1,9.56,8.48,3.33,4.08,6.41,6.38,2.74,6.07,8.34,7.57,6.74,39.29,31.47,34.08,32.1,34.82,35.3,33.09,30.53,37.9,34.97,36.07,35.19,41.94,33.13,40.33,32.93,33.25,33.42,32.57,37.41,34.36,34.5,34.55,28.06,31.92,32.78,31.62,30.62,36.6,34.22,31.81,39.76,31.94,34.26,38.19,36.83,20.34,23.78,21.85,21.11,25.91,26.32,23.88,20.39,22.85,22.14,29.82,22.21,23.45,42.77,25.68,21.02,27.6,25.5,22.98,18.53,23.9,24.23,27.29,23.92,24.39,25.6,24.64,24.06,19.25,31.18,24.11,24.03,27.58,24.38,23.58,17.48,22.58,21.94,24.32,23.5,4.86,9.47,11.85,10.42,8.04,10.33,7.19,10.4,6.14,9.92,7.13,7.21,8.91,34.6,6.24,7.25,5.78,11.01,12.3,13.56,24.81,17.09,17.79,13.16,21.04,15.16,16.72,17.84,12.03,18.76,21.3,21.44,21.75,17.14,20.08,18.48,13.78,33.52,34.99,22.43,25.46,28.82,33.51,26.95,26.21,23.45,20.1,24.2,34.17,36.53,31.46,23.43,21.62,29.53,21.91,21.18,34.79,30.96,33.21,29.06,27.68,33.25,29.86,22.59,26.82,34.6,19.51,32.48,22.01,27.99,37.87,36.47,21.42,28.17,22.3,24.12,23.33,29.43,30.69,19.48,24.55,20.6,27.16,18.8,24.68,19.9,19.5,29.63,24.88,27.74,27.17,27.23,36.21
35.77,26.63,22.88,28.29,25.41,21.36,15.71,8.44,21.14,13.26,5.26,18.5,28.59,20.26,14.54,4.06,36.33,18.82,20.46,14.05,14.96,7.7,13.68,4.34,18.23,19.63,19.23,20.96,35.88,21.37,15.63,20.72,5.01,2.29,18.58,2.61,25.28,8.55,9.3,22.37,9.78,15.32,5.83,18.99,12.58,1.44,23.21,6.59,16.12,19.07,10.74,3.54,37.1,11.42,19.35,11.15,14.65,17.41,17.85,3.35,30.75,17.06,16.57,12.44,29.72,14.2,20.65,17.54,21.15,16.21,0.0,18.41,19.36,15.57,11.47,2.48,30.2,9.92,9.68,13.38,16.6,20.47,21.3,11.65,16.51,12.68,18.01,14.41,22.23,14.29,10.53,15.24,11.71,18.91,14.97,2.82,23.83,34.82,30.5,10.57,17.66,16.05,19.35,16.86,18.1,20.37,13.43,16.18,13.6,12.35,29.28,24.84,1.99,13.88,12.97,14.85,12.47,11.77,35.97,33.75,32.39,31.86,33.33,27.06,30.32,28.21,30.18,29.42,28.01,25.26,39.41,36.27,35.91,35.91,38.67,26.92,37.35,32.0,34.33,34.81,38.57,37.83,26.29,36.53,37.27,34.58,40.46,37.84,36.53,26.75,33.23,24.59,20.75,21.94,23.41,21.35,22.81,21.07,18.69,17.22,17.13,19.89,18.11,19.57,19.31,14.29,16.57,38.49,30.67,33.27,31.29,34.01,34.49,32.29,29.72,37.09,34.16,35.26,34.38,41.13,32.32,39.52,32.12,32.44,32.62,31.76,36.61,33.55,33.69,33.75,27.26,31.11,31.97,30.82,29.81,35.8,33.41,31.01,38.96,31.14,33.45,37.39,36.03,19.54,22.98,21.04,20.3,25.11,25.51,23.07,19.58,22.04,21.33,29.01,21.4,22.65,41.97,24.87,20.21,26.8,24.7,22.17,17.72,23.1,23.43,26.49,23.12,23.59,24.8,23.83,23.25,18.45,30.37,23.3,23.22,26.77,23.58,22.78,16.68,19.84,19.2,21.58,20.75,11.53,14.14,11.05,9.61,12.07,11.38,11.22,5.95,13.68,12.09,14.67,11.24,11.54,33.8,13.51,11.94,12.69,6.89,4.86,6.12,9.93,16.28,16.98,9.03,14.34,14.35,15.92,17.03,7.9,17.96,18.86,17.27,20.94,3.12,4.68,3.08,6.85,32.72,34.19,19.23,22.26,25.62,32.71,23.75,23.01,20.25,19.29,21.0,30.97,35.72,30.66,20.23,18.42,28.73,21.11,20.38,33.98,30.15,30.01,25.86,24.48,32.44,29.05,19.39,23.62,33.79,18.71,31.68,18.81,24.79,37.06,35.66,7.18,25.43,19.1,21.38,20.13,26.69,27.01,16.54,21.8,17.4,24.41,15.6,21.93,16.7,18.7,26.88,22.13,24.99,24.43,24.49,25.73
27.14,12.71,6.1,11.5,16.78,20.58,14.94,11.48,12.4,18.34,13.28,23.58,19.96,9.57,19.2,14.58,30.41,19.68,12.37,18.71,19.62,12.66,12.91,15.77,7.48,2.85,24.31,14.25,29.96,4.59,20.29,3.94,14.96,16.73,1.8,20.49,10.88,13.2,13.96,25.16,14.44,20.4,13.65,8.24,14.35,19.31,26.01,12.32,4.06,18.3,15.4,16.38,31.18,16.08,18.58,15.81,13.87,22.07,1.43,13.97,24.61,22.14,8.65,17.09,23.58,8.07,23.45,22.62,23.15,20.87,18.41,0.0,20.02,16.24,7.6,16.03,24.81,15.15,14.9,18.6,2.84,21.14,21.96,8.21,2.75,17.9,20.53,5.16,24.31,6.84,11.25,15.91,12.43,22.68,6.22,16.1,11.49,29.78,25.11,15.79,18.32,9.93,23.46,17.53,18.76,21.04,6.25,8.31,5.72,9.94,23.89,10.84,18.04,10.42,7.48,8.55,7.36,8.16,30.92,28.7,27.0,26.47,28.29,21.67,24.93,22.82,24.79,24.03,22.62,19.87,34.37,31.23,30.87,30.87,33.62,21.53,32.31,26.61,29.28,29.76,33.53,25.53,20.9,25.71,32.23,25.87,35.42,28.21,31.48,21.36,28.19,27.47,26.28,24.82,26.3,23.44,24.9,21.74,23.91,22.74,22.66,25.41,23.33,25.1,19.98,19.82,22.09,29.78,21.96,24.56,22.58,25.3,25.78,23.58,21.01,28.38,25.45,26.55,25.67,32.42,23.61,30.81,23.41,23.73,23.91,23.05,27.9,24.84,24.98,25.04,18.55,22.4,23.26,22.11,21.1,27.09,24.7,22.3,30.25,22.42,24.74,28.68,27.31,12.09,12.94,15.65,15.26,13.14,12.07,15.08,12.13,12.64,15.06,20.3,16.01,17.26,36.93,16.16,12.77,18.09,19.31,13.46,10.28,17.71,18.04,17.78,16.28,14.88,16.08,16.45,14.54,11.0,21.66,12.62,17.83,18.06,15.82,16.1,8.34,3.43,2.79,5.17,4.34,16.75,19.67,11.71,11.2,17.59,13.56,16.74,14.67,18.91,14.28,19.9,15.43,13.72,25.08,18.74,17.16,17.91,11.72,14.56,15.82,11.9,5.61,4.06,9.58,5.1,7.99,4.46,5.08,10.71,2.98,1.01,4.94,1.89,19.4,14.64,17.52,15.39,18.58,20.05,8.29,11.32,14.68,18.57,12.81,12.07,9.36,11.84,10.06,20.03,20.83,16.15,9.35,7.54,14.24,11.89,8.46,19.84,15.66,19.07,14.92,13.54,18.31,14.56,8.45,12.68,19.66,11.26,17.54,7.93,13.85,22.09,20.59,11.68,9.02,8.16,4.97,9.19,10.28,11.54,2.94,5.4,6.46,8.0,3.94,5.53,5.76,1.36,10.48,5.72,8.59,8.02,8.08,15.61
30.66,21.53,24.26,29.67,20.31,0.84,5.52,10.77,15.45,5.83,14.56,3.45,23.48,17.07,8.75,15.88,31.23,3.18,14.76,10.33,7.07,11.95,7.03,17.06,17.44,21.01,4.19,15.85,30.78,22.75,11.92,22.1,22.43,20.09,19.96,19.78,20.17,12.5,13.26,5.95,10.31,5.27,24.0,18.2,12.64,18.61,6.8,22.67,19.57,3.82,11.25,15.67,32.0,15.37,2.85,15.61,5.98,6.13,19.23,21.1,25.65,5.92,10.88,7.62,24.62,12.33,4.24,5.39,3.93,7.76,19.36,20.02,0.0,3.79,13.67,18.19,25.51,15.3,11.39,10.31,18.34,1.76,2.59,14.28,18.25,18.06,1.15,13.37,4.94,14.09,10.75,5.22,11.93,3.3,14.77,23.46,19.14,30.13,25.81,9.46,2.61,10.95,4.08,3.18,1.42,1.66,12.49,11.09,15.66,8.65,24.59,20.16,23.02,8.78,10.98,9.75,10.82,9.97,31.28,29.06,27.7,27.17,28.64,22.37,25.63,23.52,25.49,24.73,23.32,20.57,34.73,31.58,31.22,31.23,33.98,22.23,32.66,27.31,29.64,30.12,33.88,33.14,21.6,31.84,32.59,29.89,35.77,33.15,31.84,22.06,28.54,8.1,5.59,5.45,6.92,4.06,5.52,2.36,5.01,3.8,2.5,5.35,5.83,5.03,1.94,4.87,2.64,33.8,25.98,28.58,26.6,29.33,29.8,27.6,25.04,32.41,29.47,30.57,29.7,36.45,27.64,34.84,27.44,27.76,27.93,27.08,31.92,28.86,29.0,29.06,22.57,26.42,27.28,26.13,25.13,31.11,28.73,26.32,34.27,26.45,28.77,32.7,31.34,14.44,18.29,16.35,15.62,20.42,20.83,18.39,14.49,17.35,16.65,24.32,16.71,17.96,37.28,20.19,15.12,22.11,20.01,17.48,12.63,18.41,18.74,21.8,18.43,18.9,20.11,19.15,18.57,13.35,25.68,18.62,18.54,22.08,18.89,18.09,11.59,21.58,20.94,23.32,22.49,10.43,6.77,11.93,11.35,7.45,12.37,8.06,14.82,6.73,11.96,7.26,9.26,10.96,29.11,13.09,14.09,12.63,15.44,16.72,17.98,23.8,16.08,16.78,15.65,20.03,14.15,15.72,16.83,16.45,17.76,20.29,20.44,20.74,21.56,24.5,22.91,18.2,28.03,29.5,17.9,21.23,24.59,28.02,22.71,21.97,18.56,14.2,19.96,29.93,31.04,25.97,18.54,16.73,24.04,16.02,15.28,29.29,25.46,28.97,26.91,23.45,27.76,24.37,18.36,22.59,29.11,13.61,26.99,17.12,23.75,32.38,30.97,23.58,27.17,18.06,23.11,19.09,28.43,29.69,15.5,23.54,16.36,26.15,14.56,23.67,15.66,18.5,28.62,23.87,26.73,26.17,26.22,35.2
26.88,17.74,20.47,25.88,16.52,4.51,1.73,6.98,11.66,8.16,10.77,6.59,19.7,13.28,11.89,12.09,27.44,3.61,10.98,14.22,9.41,8.16,3.25,13.27,13.65,17.23,7.33,12.06,26.99,18.96,15.8,18.32,18.65,16.31,16.17,15.99,16.38,8.71,9.47,9.09,9.94,7.61,20.22,14.41,9.86,14.82,9.94,18.88,15.78,2.23,10.91,11.88,28.21,11.58,2.51,11.32,2.2,9.27,15.44,17.32,21.86,8.26,7.09,12.6,20.83,8.55,7.38,7.73,7.07,10.9,15.57,16.24,3.79,0.0,9.88,14.41,21.72,11.51,11.27,14.97,14.55,4.9,5.73,10.49,14.46,14.27,4.29,9.58,8.08,10.3,6.96,1.43,8.14,6.44,10.98,19.67,15.35,26.34,22.02,12.16,2.09,7.17,7.22,1.29,2.53,4.8,8.7,7.3,11.87,4.87,20.81,16.37,19.23,5.0,7.19,5.97,7.03,6.18,27.49,25.27,23.91,23.38,24.86,18.59,21.84,19.74,21.7,20.94,19.53,16.78,30.94,27.79,27.44,27.44,30.19,18.45,28.88,23.52,25.85,26.33,30.1,29.36,17.82,28.05,28.8,26.1,31.98,29.36,28.05,18.27,24.76,11.24,8.73,8.59,10.06,7.21,8.66,5.51,8.15,6.17,5.3,8.49,8.97,8.18,3.74,7.25,5.02,30.01,22.19,24.8,22.82,25.54,26.02,23.81,21.25,28.62,25.69,26.79,25.91,32.66,23.85,31.05,23.65,23.97,24.14,23.29,28.13,25.08,25.22,25.27,18.78,22.64,23.5,22.34,21.34,27.33,24.94,22.53,30.48,22.66,24.98,28.91,27.55,10.66,14.5,12.57,11.83,16.63,17.04,14.6,10.7,13.57,12.86,20.54,12.93,14.17,33.49,16.4,11.33,18.32,16.22,13.7,8.84,14.62,14.95,18.01,14.64,15.11,16.32,15.36,14.78,9.56,21.9,14.83,14.75,18.3,15.1,14.3,7.8,17.79,17.15,19.53,18.7,13.12,9.14,8.14,7.56,9.83,9.93,13.11,11.04,9.1,10.65,9.64,11.8,10.09,25.32,15.1,13.53,14.28,11.65,12.93,14.2,20.02,12.29,13.0,11.86,16.24,10.37,11.93,13.04,12.66,13.97,16.5,16.65,16.95,17.77,20.71,19.12,14.41,24.24,25.71,14.11,17.44,20.8,24.23,18.92,18.18,14.77,10.41,16.18,26.14,27.25,22.18,14.75,12.94,20.25,12.23,11.5,25.51,21.68,25.18,23.13,19.66,23.97,20.58,14.57,18.8,25.32,9.82,23.2,13.33,19.97,28.59,27.19,19.79,23.38,14.28,19.33,15.31,24.64,25.9,11.71,19.75,12.58,22.36,10.77,19.88,11.88,14.71,24.84,20.08,22.94,22.38,22.44,31.42
28.8,12.48,11.84,17.24,18.44,14.39,8.74,5.28,10.22,12.14,6.16,17.39,21.62,9.29,13.0,7.47,29.37,13.49,9.53,12.52,13.43,6.46,6.71,8.65,7.25,8.59,18.12,13.99,28.92,10.33,14.1,9.68,14.9,12.21,7.54,9.75,10.59,7.01,7.77,18.97,8.24,14.21,13.59,8.01,8.16,10.72,19.82,12.26,7.15,12.11,9.21,7.79,30.14,9.88,12.39,9.62,7.68,15.87,6.81,13.92,23.79,15.95,4.76,10.9,22.76,4.18,17.26,16.43,16.95,14.67,11.47,7.6,13.67,9.88,0.0,8.89,24.63,8.92,8.67,12.37,5.94,14.91,15.73,1.07,5.85,11.67,14.3,3.38,18.08,1.69,5.02,9.67,6.2,16.45,2.37,14.15,11.34,29.25,24.93,9.56,12.09,5.11,17.22,11.3,12.53,14.8,2.4,4.46,2.57,4.02,23.72,10.69,13.71,8.31,3.64,3.92,1.44,2.24,30.4,28.18,26.82,26.3,27.77,21.5,24.75,22.65,24.61,23.85,22.44,19.69,33.85,30.7,30.35,30.35,33.1,21.36,31.79,26.43,28.76,29.24,33.01,32.27,20.73,30.96,31.71,29.02,34.89,32.28,30.96,21.19,27.67,21.24,20.05,18.59,20.07,17.21,18.66,15.51,17.68,16.51,16.43,19.18,17.1,18.87,13.75,13.59,15.86,32.92,25.1,27.71,25.73,28.45,28.93,26.72,24.16,31.53,28.6,29.7,28.82,35.57,26.76,33.96,26.56,26.88,27.06,26.2,31.04,27.99,28.13,28.18,21.7,25.55,26.41,25.26,24.25,30.24,27.85,25.44,33.4,25.57,27.89,31.83,30.46,8.6,10.17,15.48,14.74,13.0,11.98,17.51,8.65,9.15,15.77,23.45,15.84,17.08,36.41,19.31,9.28,21.23,19.13,16.61,6.79,17.53,17.86,20.92,17.55,18.02,19.23,18.27,17.69,7.51,24.81,12.47,17.66,21.21,18.02,17.21,5.75,9.18,8.54,10.92,10.09,10.52,13.44,5.48,4.96,11.36,7.33,10.51,7.17,12.68,8.05,13.67,9.2,7.49,28.23,12.5,10.93,11.68,4.58,7.42,8.68,12.54,3.68,4.39,2.44,7.63,1.76,3.32,4.44,3.57,5.36,7.9,8.04,8.34,12.26,15.28,13.6,8.25,18.5,19.96,8.2,11.23,14.59,18.48,12.72,11.98,9.22,8.36,9.97,19.94,20.74,16.06,9.2,7.39,14.15,11.75,9.44,19.76,15.57,18.98,14.83,13.45,18.22,14.48,8.36,12.59,19.57,7.77,17.45,7.78,13.76,22.0,20.5,12.31,14.77,8.07,10.72,9.1,16.03,17.29,5.51,11.15,6.37,13.75,4.57,11.28,5.67,6.1,16.23,11.47,14.34,13.77,13.83,23.94
33.33,24.2,20.27,25.67,22.97,18.92,13.27,6.0,18.71,10.82,2.82,16.06,26.15,17.82,12.1,1.62,33.89,16.38,18.02,11.61,12.52,5.26,11.24,1.9,15.79,17.02,16.8,18.52,33.44,18.76,13.2,18.11,5.9,3.56,15.97,2.91,22.84,6.11,6.87,19.93,7.34,12.89,6.71,16.55,10.15,1.73,20.78,7.48,15.58,16.64,8.31,1.11,34.67,8.98,16.92,8.72,12.21,14.97,15.24,4.57,28.31,14.62,14.13,10.0,27.29,11.76,18.22,15.11,18.71,13.77,2.48,16.03,18.19,14.41,8.89,0.0,27.94,7.67,7.43,11.12,16.28,18.22,19.04,9.39,16.2,10.42,15.75,12.15,19.97,12.03,8.27,12.98,9.45,16.65,12.71,5.7,21.57,32.56,28.24,8.31,15.4,13.79,17.09,14.61,15.84,18.11,11.18,13.93,11.34,10.09,27.02,22.59,5.26,11.62,10.71,12.59,10.22,9.51,33.71,31.49,30.13,29.6,31.08,24.81,28.06,25.96,27.92,27.16,25.75,23.0,37.16,34.01,33.65,33.66,36.41,24.67,35.1,29.74,32.07,32.55,36.32,35.58,24.04,34.27,35.02,32.32,38.2,35.58,34.27,24.49,30.98,22.33,18.5,19.68,21.16,19.1,20.55,18.82,16.43,14.96,14.88,17.63,15.85,17.32,17.06,12.04,14.31,36.23,28.41,31.02,29.04,31.76,32.24,30.03,27.47,34.84,31.91,33.01,32.13,38.88,30.07,37.27,29.87,30.19,30.36,29.51,34.35,31.3,31.44,31.49,25.0,28.86,29.72,28.56,27.56,33.54,31.16,28.75,36.7,28.88,31.2,35.13,33.77,17.28,20.72,18.79,18.05,22.85,23.26,20.82,17.33,19.79,19.08,26.76,19.15,20.39,39.71,22.62,17.96,24.54,22.44,19.92,15.47,20.84,21.17,24.23,20.86,21.33,22.54,21.58,21.0,16.19,28.12,21.05,20.97,24.52,21.32,20.52,14.42,19.52,18.88,21.26,20.44,9.27,11.89,8.79,7.36,9.81,9.12,8.96,3.69,11.43,9.84,12.42,8.98,9.28,31.54,11.26,9.68,10.44,4.63,2.61,3.87,10.83,14.03,14.73,6.77,15.24,12.1,13.66,14.78,5.64,15.7,18.24,18.38,18.69,3.37,6.74,5.15,4.59,30.46,31.93,16.98,20.01,23.37,30.45,21.49,20.75,17.99,17.04,18.74,28.71,33.47,28.4,17.98,16.17,26.47,18.85,18.12,31.73,27.9,27.75,23.61,22.23,30.19,26.8,17.14,21.37,31.54,16.45,29.42,16.55,22.53,34.81,33.41,8.08,25.11,16.85,21.06,17.87,26.37,27.63,14.28,21.49,15.15,24.1,13.34,21.62,14.44,16.44,26.57,21.82,24.68,24.11,24.17,26.63
20.61,16.95,30.79,36.19,13.84,26.23,20.59,21.61,14.62,28.47,25.4,28.31,13.46,16.78,29.33,26.72,6.17,25.33,13.92,28.84,29.75,22.79,18.56,27.9,20.13,27.54,29.05,11.27,4.31,29.27,30.43,28.63,33.27,30.94,26.48,30.62,15.59,23.34,24.1,30.81,24.57,30.54,34.84,19.64,24.49,29.45,31.66,33.51,30.41,23.95,25.54,26.51,6.71,26.21,24.23,25.95,19.52,32.2,25.75,31.95,2.63,32.28,18.72,27.23,3.48,20.18,29.1,29.45,28.79,31.0,30.2,24.81,25.51,21.72,24.63,27.94,0.0,25.63,25.39,29.09,28.66,26.97,27.8,24.61,28.58,28.39,26.36,21.76,30.15,24.42,21.08,21.74,22.26,28.51,25.1,33.79,14.03,6.41,1.43,26.27,24.16,17.17,29.29,23.36,24.6,26.87,20.3,18.89,25.99,19.51,2.2,15.04,33.35,19.64,18.79,17.41,21.68,20.82,4.37,8.44,6.24,4.37,5.47,3.94,5.06,5.09,4.92,2.72,2.19,6.72,14.11,10.96,10.6,10.61,13.36,7.14,12.05,5.14,9.02,9.5,13.27,11.37,5.85,11.22,11.97,7.55,15.15,6.7,11.22,7.45,7.93,33.31,30.8,30.66,32.13,29.27,30.73,27.57,30.22,28.24,27.37,30.56,33.81,30.24,25.81,30.3,27.09,23.24,12.95,15.56,20.57,16.89,19.25,17.04,13.18,19.32,15.83,17.49,19.14,25.89,21.6,21.75,10.18,17.2,17.38,14.05,21.37,18.31,18.45,16.03,15.61,15.87,16.73,15.58,14.57,17.47,18.17,11.12,23.72,20.41,8.67,22.15,18.25,17.22,13.17,10.28,10.89,15.31,15.71,13.27,13.7,12.24,11.53,18.29,9.29,8.14,16.66,13.5,17.9,15.15,10.21,12.37,15.41,8.68,6.77,14.84,13.31,11.94,14.07,11.72,12.55,14.6,19.65,13.5,9.16,15.12,11.46,10.66,16.48,28.12,27.48,29.86,29.03,27.24,30.15,22.26,21.68,28.08,24.05,27.23,25.15,29.39,24.76,30.38,25.91,24.21,23.07,29.22,27.65,28.4,25.77,27.05,28.31,34.13,26.41,27.11,25.97,30.36,24.48,26.05,27.16,26.78,23.47,25.25,30.76,25.7,31.89,34.83,33.24,28.53,22.92,24.39,18.25,23.93,24.19,22.9,24.61,24.68,17.37,17.34,22.67,32.64,25.92,20.86,17.36,18.43,18.92,15.93,18.43,24.18,20.35,31.68,21.8,26.15,22.64,19.25,21.06,25.29,23.99,16.75,21.88,17.2,26.46,27.26,25.86,33.91,33.71,23.37,29.66,21.8,34.97,36.23,22.26,30.09,20.08,32.69,21.32,30.22,21.62,23.45,35.17,30.41,33.28,32.71,32.77,45.53
30.44,21.3,19.39,24.79,20.08,16.03,10.38,3.11,15.81,7.67,5.13,12.91,23.26,17.43,8.33,6.44,31.0,13.23,15.13,6.92,9.37,2.52,8.35,7.63,15.82,16.14,13.65,15.63,30.55,17.87,6.0,17.23,13.0,10.66,15.08,10.35,19.95,2.96,0.85,16.78,4.19,9.73,13.81,16.58,7.25,9.17,17.63,14.58,14.69,13.74,5.15,6.24,31.77,1.76,14.02,1.49,9.32,11.2,14.35,11.67,25.42,11.47,11.24,6.85,24.39,8.87,15.07,11.96,15.56,10.0,9.92,15.15,15.3,11.51,8.92,7.67,25.63,0.0,3.99,7.68,13.03,14.97,15.79,8.97,12.94,2.99,12.31,11.29,16.53,8.78,5.02,9.73,6.2,13.21,9.46,12.72,18.32,29.31,24.99,4.87,12.15,10.54,13.65,11.36,12.59,14.86,10.32,10.68,10.36,6.84,23.77,19.34,12.28,8.37,7.46,9.34,7.12,6.26,30.46,28.24,26.88,26.35,27.83,21.56,24.81,22.7,24.67,23.91,22.5,19.75,33.91,30.76,30.4,30.41,33.16,21.42,31.85,26.49,28.82,29.3,33.07,32.33,20.79,31.02,31.77,29.07,34.95,32.33,31.02,21.24,27.73,18.89,15.06,16.24,17.72,15.66,17.11,15.57,12.41,11.52,11.44,14.19,11.83,13.88,13.37,8.6,10.87,32.98,25.16,27.76,25.79,28.51,28.99,26.78,24.22,31.59,28.66,29.76,28.88,35.63,26.82,34.02,26.62,26.94,27.11,26.26,31.1,28.05,28.19,28.24,21.75,25.61,26.46,25.31,24.31,30.29,27.91,25.5,33.45,25.63,27.95,31.88,30.52,14.03,17.47,15.54,14.8,19.6,20.01,17.57,14.08,16.54,15.83,23.51,15.9,17.14,36.46,19.37,14.71,21.29,19.19,16.67,12.22,17.59,17.92,20.98,17.61,18.08,19.29,18.33,17.75,12.94,24.87,17.8,17.72,21.27,18.07,17.27,11.17,16.27,15.63,18.01,17.19,5.83,8.45,5.54,4.11,6.37,5.87,5.52,4.09,7.99,6.59,8.98,5.54,6.03,28.29,3.83,4.47,6.71,4.7,5.99,7.25,18.5,10.78,11.48,6.85,14.73,8.85,10.41,11.53,5.72,12.45,14.99,15.13,15.44,10.83,13.77,12.17,7.47,27.21,28.68,16.12,19.15,22.51,27.2,20.64,19.9,17.14,13.78,17.89,27.86,30.22,25.15,17.12,15.31,23.22,15.6,14.87,28.48,24.64,26.9,22.75,21.37,26.94,23.55,16.28,20.51,28.29,13.2,26.17,15.7,21.68,31.56,30.16,15.11,21.86,15.99,17.81,17.02,23.12,24.38,13.17,18.24,14.29,20.84,12.49,18.37,13.59,13.19,23.32,18.57,21.43,20.86,20.92,29.9
30.2,21.06,19.14,24.55,19.84,12.11,10.14,2.87,15.57,5.6,4.89,10.85,23.02,17.19,6.89,6.2,30.76,11.16,14.89,6.4,7.31,2.28,8.11,7.39,15.57,15.9,11.58,15.38,30.31,17.63,4.85,16.99,12.76,10.42,14.84,10.11,19.7,1.85,3.39,14.71,2.13,7.67,13.57,16.33,7.01,8.93,15.56,14.34,14.45,13.5,1.86,6.0,31.53,5.51,13.78,5.24,9.07,9.76,14.11,11.43,25.18,9.41,11.0,4.78,24.15,8.62,13.0,9.89,13.49,8.56,9.68,14.9,11.39,11.27,8.67,7.43,25.39,3.99,0.0,5.66,12.75,12.1,12.88,8.69,12.66,6.78,10.29,11.01,14.5,8.5,4.74,9.45,5.91,11.18,9.18,12.44,18.04,29.03,24.71,2.84,11.86,10.26,11.63,11.07,12.3,12.0,10.04,10.39,10.07,6.56,23.49,19.05,12.0,8.09,7.18,9.06,6.83,5.98,30.17,27.95,26.59,26.07,27.54,21.27,24.53,22.42,24.39,23.62,22.22,19.47,33.62,30.48,30.12,30.12,32.88,21.13,31.56,26.2,28.53,29.01,32.78,32.04,20.5,30.73,31.48,28.79,34.67,32.05,30.74,20.96,27.44,16.87,13.03,14.22,15.69,13.63,15.09,12.7,10.97,9.5,9.41,12.16,10.38,11.85,11.34,6.57,8.85,32.7,24.88,27.48,25.5,28.22,28.7,26.5,23.93,31.3,28.37,29.47,28.59,35.34,26.53,33.73,26.33,26.65,26.83,25.97,30.82,27.76,27.9,27.96,21.47,25.32,26.18,25.03,24.02,30.01,27.62,25.22,33.17,25.34,27.66,31.6,30.23,13.75,17.19,15.25,14.51,19.32,19.72,17.28,13.79,16.25,15.54,23.22,15.61,16.86,36.18,19.08,14.42,21.01,18.9,16.38,11.93,17.31,17.63,20.7,17.32,17.8,19.0,18.04,17.46,12.66,24.58,17.51,17.43,20.98,17.79,16.99,10.89,15.99,15.35,17.73,16.9,3.81,6.42,5.26,3.82,4.35,5.59,3.5,3.8,5.96,6.3,6.95,3.52,5.22,28.0,4.06,2.98,3.74,4.42,5.7,6.96,18.21,10.49,11.19,6.56,14.44,8.56,10.13,11.24,5.43,12.17,14.7,14.85,15.15,10.54,13.48,11.89,7.18,26.93,28.4,15.84,18.87,22.23,26.91,20.35,19.61,16.85,13.5,17.6,27.57,29.93,24.87,16.83,15.03,22.94,15.32,14.59,28.19,24.36,26.61,22.47,21.09,26.65,23.26,16.0,20.23,28.0,12.92,25.89,15.41,21.39,31.27,29.87,14.82,21.58,15.71,17.52,16.73,22.84,24.1,12.88,17.95,14.0,20.56,12.2,18.08,13.3,12.91,23.03,18.28,21.14,20.58,20.64,29.61
33.89,24.76,22.84,28.24,23.53,11.03,13.83,6.56,19.27,6.49,8.58,7.94,26.71,20.88,1.79,9.9,34.46,10.76,18.58,1.3,4.59,5.97,11.8,11.08,19.27,19.59,8.65,19.08,34.01,21.33,2.89,20.68,16.46,14.12,18.54,13.8,23.4,5.55,7.09,11.78,4.49,4.47,17.27,20.03,7.7,12.63,12.63,18.03,18.15,13.48,5.43,9.69,35.23,7.99,12.52,6.59,12.77,4.66,17.81,15.13,28.87,7.65,14.7,2.06,27.85,12.32,10.07,7.12,10.56,3.46,13.38,18.6,10.31,14.97,12.37,11.12,29.09,7.68,5.66,0.0,16.44,10.59,9.9,12.39,16.36,9.22,9.84,14.71,11.52,12.2,8.44,13.15,9.61,8.21,12.88,16.14,21.74,32.73,28.41,3.73,12.27,13.96,8.65,12.84,11.08,10.33,13.74,14.09,13.77,10.26,27.19,22.75,15.7,11.79,10.88,12.76,10.53,9.68,33.87,31.65,30.29,29.77,31.24,24.97,28.23,26.12,28.09,27.32,25.92,23.17,37.32,34.18,33.82,33.82,36.58,24.83,35.26,29.9,32.23,32.71,36.48,35.74,24.2,34.43,35.18,32.49,38.37,35.75,34.43,24.66,31.14,13.89,10.05,11.24,12.71,10.65,12.11,11.03,5.88,6.63,8.96,8.93,5.29,8.62,10.89,7.37,9.29,36.4,28.57,31.18,29.2,31.92,32.4,30.2,27.63,35.0,32.07,33.17,32.29,39.04,30.23,37.43,30.03,30.35,30.53,29.67,34.52,31.46,31.6,31.66,25.17,29.02,29.88,28.73,27.72,33.71,31.32,28.92,36.87,29.04,31.36,35.3,33.93,17.45,20.89,18.95,18.21,23.02,23.42,20.98,17.49,19.95,19.24,26.92,19.31,20.56,39.88,22.78,18.12,24.71,22.6,20.08,15.63,21.01,21.33,24.4,21.02,21.5,22.7,21.74,21.16,16.36,28.28,21.21,21.13,24.68,21.49,20.69,14.59,19.69,19.05,21.43,20.6,1.96,7.22,8.96,7.52,5.14,7.43,4.29,7.5,3.24,7.02,4.23,4.31,6.02,31.7,4.06,5.06,3.6,8.12,9.4,10.66,21.91,14.19,14.89,10.26,18.14,12.26,13.83,14.94,9.13,15.87,18.4,18.55,18.85,14.24,17.18,15.59,10.88,30.63,32.1,19.54,22.57,25.93,30.61,24.05,23.31,20.55,17.2,21.3,31.27,33.63,28.57,20.53,18.73,26.63,19.02,18.29,31.89,28.06,30.31,26.17,24.79,30.35,26.96,19.7,23.93,31.7,16.61,29.59,19.11,25.09,34.97,33.57,18.52,25.28,19.4,21.22,20.43,26.54,27.8,16.58,21.65,17.7,24.26,15.9,21.78,17.0,16.61,26.73,21.98,24.84,24.28,24.33,33.31
28.35,13.92,6.93,12.34,17.99,19.06,13.41,9.95,13.61,16.81,11.75,22.05,21.17,10.78,17.67,13.06,34.04,18.16,13.58,17.18,18.09,11.13,11.38,14.24,8.69,3.69,22.79,18.66,33.59,5.42,18.77,4.77,13.14,14.92,2.63,18.96,12.09,11.68,12.44,23.64,12.91,18.88,11.83,9.45,12.83,17.79,24.49,10.5,2.24,16.78,13.88,14.85,34.81,14.55,17.06,14.29,12.35,20.54,1.9,12.16,28.45,20.62,9.34,15.57,27.43,8.76,21.93,21.1,21.62,19.34,16.6,2.84,18.34,14.55,5.94,16.28,28.66,13.03,12.75,16.44,0.0,19.47,20.29,6.54,0.94,16.23,18.86,6.36,22.64,4.79,9.58,14.23,10.76,21.01,4.28,14.29,12.69,33.81,29.5,14.12,16.65,9.23,21.79,15.86,17.09,19.37,6.87,8.93,5.61,11.41,28.28,12.04,16.23,12.87,8.11,8.03,6.9,7.7,34.96,32.74,31.38,30.86,32.33,26.06,29.32,27.21,29.17,28.41,27.01,24.26,38.41,35.26,34.91,34.91,37.66,25.92,36.35,30.99,33.32,33.8,37.57,26.73,25.29,35.52,36.27,27.07,39.45,36.84,35.52,25.75,32.23,25.8,24.61,23.15,24.63,21.77,23.23,20.07,22.24,21.07,20.99,23.74,21.66,23.43,18.31,18.15,20.42,30.98,23.16,25.76,23.78,26.5,26.98,24.78,22.21,29.58,26.65,27.75,26.87,33.62,24.81,32.01,24.61,24.93,25.11,24.25,29.1,26.04,26.18,26.24,19.75,23.6,24.46,23.31,22.3,28.29,25.9,23.5,31.45,23.63,25.94,29.88,28.52,13.29,14.14,20.04,19.3,14.35,13.27,16.28,13.33,13.84,20.33,21.5,20.4,21.64,40.97,17.36,13.97,19.29,23.69,14.66,11.48,22.09,22.42,18.98,17.48,16.08,17.29,17.65,15.74,12.2,22.86,13.82,22.22,19.26,17.02,21.77,9.54,4.27,3.63,6.01,5.18,15.08,18.0,10.04,9.53,15.92,11.89,15.07,13.0,17.24,12.61,18.23,13.76,12.05,26.29,17.06,15.49,16.24,10.05,12.89,14.15,10.09,3.79,2.25,7.91,3.29,6.32,2.65,5.53,9.04,2.64,3.29,3.12,4.24,17.73,12.83,15.7,13.72,19.78,21.25,9.49,12.52,15.88,19.77,14.01,13.27,10.57,13.04,11.26,21.23,22.03,17.35,10.55,8.74,15.44,13.09,9.66,21.05,16.86,20.27,16.12,14.74,19.51,15.77,9.65,13.88,20.86,12.46,18.74,9.13,15.05,23.29,21.79,9.87,9.86,9.36,5.8,10.39,11.12,12.38,4.14,6.23,7.66,8.84,5.14,6.36,6.96,4.16,11.31,6.56,9.42,8.86,8.91,16.45
31.78,22.65,25.38,30.78,21.42,2.49,6.64,11.89,16.57,6.45,15.68,3.74,24.6,18.18,9.04,16.99,32.35,4.3,15.88,10.62,7.69,13.07,8.15,18.18,18.55,22.13,4.47,16.97,31.9,23.87,12.2,23.22,23.55,21.21,21.08,20.9,21.29,11.99,14.38,5.55,10.94,5.89,25.12,19.31,13.26,19.72,6.39,23.79,20.69,4.94,11.87,16.79,33.12,16.49,3.97,15.9,7.1,6.41,20.35,22.22,26.76,6.54,12.0,8.24,25.74,13.45,3.83,6.01,3.53,8.04,20.47,21.14,1.76,4.9,14.91,18.22,26.97,14.97,12.1,10.59,19.47,0.0,2.14,15.35,19.32,16.88,1.82,14.44,4.49,15.16,11.82,6.29,13.0,2.91,15.84,22.54,20.21,31.2,26.88,10.14,3.68,12.03,3.63,4.25,2.49,1.21,13.56,12.16,16.74,9.73,25.67,21.23,22.1,9.86,12.05,10.83,11.9,11.04,32.35,30.13,28.77,28.25,29.72,23.45,26.7,24.6,26.56,25.8,24.39,21.64,35.8,32.65,32.3,32.3,35.05,23.31,33.74,28.38,30.71,31.19,34.96,34.22,22.68,32.91,33.66,30.97,36.84,34.23,32.91,23.14,29.62,7.65,5.35,5.0,6.48,3.62,5.07,1.34,5.29,4.47,3.17,5.63,6.12,5.32,3.02,5.54,3.32,34.87,27.05,29.66,27.68,30.4,30.88,28.67,26.11,33.48,30.55,31.65,30.77,37.52,28.71,35.91,28.51,28.83,29.01,28.15,32.99,29.94,30.08,30.13,23.64,27.5,28.36,27.21,26.2,32.19,29.8,27.39,35.35,27.52,29.84,33.78,32.41,15.52,19.36,17.43,16.69,21.49,21.9,19.46,15.56,18.43,17.72,25.4,17.79,19.03,38.36,21.26,16.19,23.18,21.08,18.56,13.7,19.48,19.81,22.87,19.5,19.97,21.18,20.22,19.64,14.43,26.76,19.69,19.61,23.16,19.96,19.16,12.66,22.65,22.01,24.39,23.56,11.1,7.44,13.0,12.42,8.12,13.05,8.73,13.91,7.4,12.64,7.93,9.93,11.63,30.18,13.38,14.38,12.92,14.52,15.81,17.07,24.88,17.16,17.86,16.72,21.1,15.23,16.79,17.91,15.53,18.83,21.37,21.51,21.81,20.65,23.58,21.99,17.28,29.11,30.58,18.97,22.3,25.66,29.09,23.78,23.05,19.63,15.27,21.04,31.01,32.11,27.05,19.61,17.8,25.11,17.09,16.36,30.37,26.54,30.05,27.99,24.52,28.83,25.44,19.43,23.66,30.18,14.69,28.06,18.19,24.83,33.45,32.05,24.65,28.24,19.14,24.19,20.17,29.5,30.76,16.57,24.62,17.44,27.22,15.63,24.75,16.74,19.57,29.7,24.94,27.81,27.24,27.3,36.28
32.6,23.47,26.2,31.6,22.24,3.31,7.46,12.71,17.39,7.23,16.5,3.05,25.42,19.01,8.35,17.82,33.17,5.12,16.7,9.93,8.47,13.89,8.97,19.0,19.38,22.95,2.56,17.79,32.72,24.69,11.51,24.04,24.37,22.03,21.9,21.72,22.11,12.78,15.2,3.49,11.72,6.68,25.94,20.14,14.05,20.55,4.33,24.61,21.51,5.76,12.66,17.61,33.94,16.62,4.79,15.21,7.92,5.73,21.17,23.04,27.59,6.2,12.82,11.4,26.56,14.27,1.77,5.67,1.47,7.36,21.3,21.96,2.59,5.73,15.73,19.04,27.8,15.79,12.88,9.9,20.29,2.14,0.0,16.17,20.15,17.85,2.65,15.26,2.43,15.98,12.65,7.12,13.82,2.62,16.66,23.32,21.04,32.03,27.71,10.91,4.5,12.85,1.57,5.08,3.31,1.34,14.39,12.98,17.56,10.55,26.49,22.05,22.87,10.68,12.88,11.65,12.72,11.86,33.17,30.95,29.59,29.07,30.54,24.27,27.53,25.42,27.39,26.62,25.22,22.47,36.62,33.48,33.12,33.12,35.87,24.13,34.56,29.2,31.53,32.01,35.78,35.04,23.5,33.73,34.48,31.79,37.67,35.05,33.73,23.96,30.44,5.59,3.29,2.94,4.42,1.56,3.01,1.39,4.6,4.07,3.99,4.94,5.43,4.63,3.84,6.31,4.14,35.69,27.87,30.48,28.5,31.22,31.7,29.5,26.93,34.3,31.37,32.47,31.59,38.34,29.53,36.73,29.33,29.65,29.83,28.97,33.82,30.76,30.9,30.96,24.47,28.32,29.18,28.03,27.02,33.01,30.62,28.22,36.17,28.34,30.66,34.6,33.23,16.34,20.19,18.25,17.51,22.32,22.72,20.28,16.38,19.25,18.54,26.22,18.61,19.85,39.18,22.08,17.01,24.01,21.9,19.38,14.52,20.31,20.63,23.69,20.32,20.8,22.0,21.04,20.46,15.25,27.58,20.51,20.43,23.98,20.79,19.99,13.48,23.47,22.83,25.21,24.39,11.3,8.21,13.82,13.25,8.9,13.82,9.5,14.68,8.17,13.41,8.7,10.7,12.41,31.0,12.69,13.69,12.23,15.3,16.58,17.84,25.7,17.98,18.68,17.54,21.93,16.05,17.61,18.73,16.31,19.65,22.19,22.33,22.64,21.42,24.36,22.76,18.06,29.93,31.4,19.79,23.12,26.48,29.91,24.61,23.87,20.45,16.09,21.86,31.83,32.93,27.87,20.44,18.63,25.93,17.91,17.18,31.19,27.36,30.87,28.81,25.34,29.65,26.26,20.25,24.48,31.0,15.51,28.89,19.01,25.65,34.27,32.87,25.48,29.06,19.96,25.01,20.99,30.32,31.59,17.4,25.44,18.26,28.05,16.46,25.57,17.56,20.39,30.52,25.77,28.63,28.06,28.12,37.1
29.41,13.2,12.45,17.85,19.06,15.0,9.36,5.89,10.94,12.75,6.34,18.0,22.23,10.01,13.61,7.64,29.98,14.1,10.25,13.13,14.04,7.07,7.32,8.82,7.97,9.2,18.73,14.6,29.53,10.94,14.71,10.29,15.51,12.38,8.15,9.92,11.31,7.62,8.38,19.58,8.86,14.82,14.2,8.73,8.77,10.9,20.43,12.87,7.76,12.72,9.82,7.96,30.75,10.49,13.0,10.23,8.29,16.48,7.42,14.53,24.4,16.56,5.48,11.51,23.37,4.9,17.87,17.04,17.56,15.28,11.65,8.21,14.28,10.49,1.07,9.39,24.61,8.97,8.69,12.39,6.54,15.35,16.17,0.0,6.58,12.4,15.02,4.01,18.81,2.42,5.75,10.4,6.92,17.17,3.1,14.33,11.97,29.98,25.66,10.28,12.82,5.75,17.95,12.02,13.26,15.53,3.03,5.09,3.2,4.66,24.44,11.33,13.89,9.04,4.27,4.55,2.07,2.87,31.13,28.91,27.55,27.02,28.49,22.22,25.48,23.37,25.34,24.58,23.17,20.42,34.58,31.43,31.07,31.08,33.83,22.08,32.51,27.16,29.49,29.97,33.73,32.99,21.45,31.69,32.44,29.74,35.62,33.0,31.69,21.91,28.39,21.97,20.77,19.32,20.79,17.94,19.39,16.24,18.41,17.24,17.15,19.91,17.82,19.59,14.47,14.31,16.59,33.65,25.83,28.43,26.45,29.18,29.65,27.45,24.89,32.26,29.32,30.42,29.55,36.3,27.49,34.68,27.29,27.61,27.78,26.93,31.77,28.71,28.85,28.91,22.42,26.27,27.13,25.98,24.97,30.96,28.58,26.17,34.12,26.3,28.61,32.55,31.19,9.24,10.8,16.2,15.46,13.63,12.61,18.24,9.28,9.78,16.5,24.17,16.56,17.81,37.13,20.03,9.91,21.96,19.86,17.33,7.42,18.26,18.59,21.65,18.28,18.75,19.96,19.0,18.42,8.15,25.53,13.1,18.39,21.93,18.74,17.94,6.38,9.91,9.27,11.65,10.82,11.25,14.16,6.21,5.69,12.09,8.06,11.24,7.35,13.4,8.77,14.39,9.92,8.22,28.96,13.23,11.66,12.41,4.76,7.59,8.86,13.26,4.41,5.11,2.62,8.36,2.48,4.05,5.16,3.75,6.08,8.62,8.76,9.07,12.43,16.0,13.78,8.43,19.13,20.6,8.84,11.87,15.23,19.11,13.35,12.61,9.85,8.99,10.6,20.57,21.37,16.7,9.83,8.02,14.78,12.38,10.08,20.39,16.2,19.61,15.47,14.08,18.85,15.11,9.0,13.22,20.2,8.4,18.09,8.41,14.39,22.63,21.14,13.04,15.5,8.7,11.44,9.73,16.75,18.02,6.14,11.87,7.0,14.48,5.2,12.0,6.3,6.82,16.95,12.2,15.06,14.5,14.55,24.66
28.26,13.83,6.85,12.25,17.9,18.97,13.33,9.86,13.52,16.73,11.67,21.97,21.08,10.69,17.59,12.97,33.95,18.07,13.49,17.1,18.01,11.05,11.3,14.16,8.6,3.6,22.7,18.57,33.5,5.33,18.68,4.69,13.06,14.84,2.55,18.88,12.0,11.59,12.35,23.55,12.83,18.79,11.75,9.36,12.74,17.7,24.4,10.42,1.3,16.69,13.79,14.77,34.72,14.46,16.97,14.2,12.26,20.46,1.81,12.07,28.37,20.53,9.26,15.48,27.34,8.67,21.84,21.01,21.54,19.26,16.51,2.75,18.25,14.46,5.85,16.2,28.58,12.94,12.66,16.36,0.94,19.32,20.15,6.58,0.0,16.15,18.77,6.27,22.56,4.71,9.5,14.15,10.67,20.92,4.2,14.2,12.6,33.73,29.41,14.03,16.57,9.14,21.7,15.77,17.01,19.28,6.78,8.84,5.53,11.32,28.19,11.96,16.15,12.79,8.02,7.94,6.82,7.62,34.88,32.66,31.3,30.77,32.24,25.97,29.23,27.12,29.09,28.33,26.92,24.17,38.33,35.18,34.82,34.83,37.58,25.83,36.26,30.91,33.24,33.72,37.48,26.65,25.2,35.44,36.19,26.98,39.37,36.75,35.44,25.66,32.14,25.72,24.52,23.07,24.54,21.69,23.14,19.99,22.16,20.99,20.9,23.66,21.57,23.34,18.22,18.06,20.34,30.89,23.07,25.68,23.7,26.42,26.9,24.69,22.13,29.5,26.57,27.67,26.79,33.54,24.73,31.93,24.53,24.85,25.02,24.17,29.01,25.96,26.1,26.15,19.66,23.52,24.38,23.22,22.22,28.2,25.82,23.41,31.36,23.54,25.86,29.79,28.43,13.21,14.05,19.95,19.21,14.26,13.18,16.19,13.25,13.75,20.25,21.42,20.31,21.56,40.88,17.28,13.88,19.2,23.61,14.58,11.39,22.01,22.34,18.89,17.39,15.99,17.2,22.75,15.66,12.11,22.78,13.73,22.14,19.18,16.94,21.69,9.45,4.18,3.54,5.92,5.09,15.0,17.91,9.96,9.44,15.84,11.81,14.99,12.91,17.15,12.52,18.14,13.67,11.97,26.2,16.98,15.41,16.16,9.97,12.8,14.06,10.01,3.71,2.16,7.82,3.2,6.23,2.56,5.44,8.95,2.55,3.21,2.19,4.16,17.64,12.74,15.62,13.64,19.7,21.17,9.41,12.44,15.8,19.68,13.92,13.18,10.48,12.96,11.17,21.14,21.95,17.27,10.46,8.65,15.35,13.01,9.58,20.96,16.78,20.18,16.04,14.66,19.42,15.68,9.57,13.8,20.77,12.37,18.66,9.04,14.96,23.2,21.71,9.78,9.77,9.28,5.72,10.3,11.03,12.29,4.05,6.15,7.58,8.75,5.06,6.28,6.87,4.08,11.23,6.47,9.34,8.77,8.83,16.36
33.19,24.06,22.14,27.54,22.83,18.78,13.14,5.86,18.57,10.42,7.88,15.89,26.01,20.19,9.74,9.2,33.76,15.98,17.88,8.33,12.13,5.27,11.1,10.38,18.57,18.89,16.6,18.38,33.31,20.63,7.4,19.98,15.76,13.42,17.84,13.1,22.7,5.71,3.61,19.73,6.95,12.49,16.57,19.33,10.01,11.93,20.58,17.33,17.45,16.5,7.04,8.99,34.53,1.38,16.78,2.9,12.07,12.61,17.11,14.43,28.18,15.6,14.0,9.6,27.15,11.62,18.02,15.07,18.51,11.41,12.68,17.9,18.06,14.27,11.67,10.42,28.39,2.99,6.78,9.22,16.23,16.88,17.85,12.4,16.15,0.0,15.07,14.05,19.47,11.54,7.78,12.49,8.95,16.15,12.22,15.48,21.08,32.07,27.75,7.63,14.9,13.3,16.59,14.11,15.34,17.62,13.08,13.43,13.11,9.6,26.53,22.09,15.04,11.13,10.22,12.1,9.87,9.02,33.21,30.99,29.63,29.11,30.58,24.31,27.57,25.46,27.43,26.66,25.26,22.51,36.66,33.52,33.16,33.16,35.92,24.17,34.6,29.24,31.57,32.05,35.82,35.08,23.54,33.77,34.52,31.83,37.71,35.09,33.78,24.0,30.48,21.83,18.0,19.18,20.66,18.6,20.05,18.32,13.82,14.58,14.19,16.88,13.24,16.56,16.12,11.35,13.63,35.74,27.92,30.52,28.54,31.26,31.74,29.54,26.97,34.34,31.41,32.51,31.63,38.38,29.57,36.77,29.37,29.69,29.87,29.01,33.86,30.8,30.94,31.0,24.51,28.36,29.22,28.07,27.06,33.05,30.66,28.26,36.21,28.38,30.7,34.64,33.27,16.79,20.23,18.29,17.55,22.36,22.76,20.32,16.83,19.29,18.58,26.26,18.65,19.9,39.22,22.12,17.46,24.05,21.94,19.42,14.97,20.35,20.67,23.74,20.36,20.84,22.04,21.08,20.5,15.7,27.62,20.55,20.47,24.02,20.83,20.03,13.93,19.03,18.39,20.77,19.94,8.59,11.2,8.3,6.86,9.13,8.63,8.28,6.84,10.74,9.34,11.73,8.3,8.79,31.04,5.23,5.88,8.12,7.46,8.74,10.0,21.25,13.53,14.23,9.6,17.48,11.6,13.17,14.28,8.47,15.21,17.74,17.89,18.19,13.58,16.52,14.93,10.22,29.97,31.44,18.88,21.91,25.27,29.95,23.39,22.65,19.89,16.54,20.64,30.61,32.97,27.91,19.87,18.07,25.98,18.36,17.63,31.23,27.4,29.65,25.51,24.13,29.69,26.3,19.04,23.27,31.04,15.96,28.93,18.45,24.43,34.31,32.91,17.86,24.62,18.75,20.56,19.77,25.88,27.14,15.92,20.99,17.04,23.6,15.24,21.12,16.34,15.95,26.07,21.32,24.18,23.62,23.68,32.65
31.17,22.03,24.77,30.17,20.81,1.88,6.03,11.19,15.96,4.64,13.22,4.04,23.99,17.57,8.28,14.53,31.73,2.95,15.27,9.86,5.88,10.6,7.54,15.72,17.94,21.52,4.78,16.36,31.28,23.25,11.45,22.61,21.09,18.75,20.47,18.44,20.68,10.18,11.72,6.06,9.12,4.08,21.9,18.7,11.45,17.26,6.9,23.18,20.08,4.33,10.06,14.33,32.5,13.83,3.36,15.14,6.49,5.66,19.73,19.76,26.15,4.73,11.38,6.43,25.12,12.84,4.34,4.2,4.04,7.29,18.01,20.53,1.15,4.29,14.3,15.75,26.36,12.31,10.29,9.84,18.86,1.82,2.65,15.02,18.77,15.07,0.0,13.92,4.99,14.63,11.3,5.77,12.47,3.35,15.31,20.72,19.69,30.68,26.36,8.31,3.16,11.5,4.78,3.73,1.96,1.71,13.04,11.63,16.21,9.2,25.14,20.7,20.28,9.33,11.53,10.3,11.37,10.51,31.82,29.6,28.24,27.72,29.19,22.92,26.18,24.07,26.04,25.27,23.87,21.12,35.27,32.13,31.77,31.77,34.52,22.78,33.21,27.85,30.18,30.66,34.43,33.69,22.15,32.38,33.13,30.44,36.32,33.7,32.38,22.61,29.09,8.15,6.18,5.5,6.97,4.11,5.57,2.41,4.54,2.64,1.34,5.31,5.36,5.0,3.08,3.72,1.49,34.34,26.52,29.13,27.15,29.87,30.35,28.15,25.58,32.95,30.02,31.12,30.24,36.99,28.18,35.38,27.98,28.3,28.48,27.62,32.47,29.41,29.55,29.61,23.12,26.97,27.83,26.68,25.67,31.66,29.27,26.87,34.82,26.99,29.31,33.25,31.88,14.99,18.84,16.9,16.16,20.97,21.37,18.93,15.03,17.9,17.19,24.87,17.26,18.5,37.83,20.73,15.66,22.66,20.55,18.03,13.17,18.96,19.28,22.35,18.97,19.45,20.65,19.69,19.11,13.9,26.23,19.16,19.08,22.63,19.44,18.64,12.13,22.12,21.48,23.86,23.04,9.27,5.61,12.47,12.52,6.3,11.22,6.91,12.08,5.58,10.81,6.11,8.11,9.81,29.65,12.62,13.62,12.16,12.7,13.98,15.24,24.35,16.63,17.33,14.84,20.58,14.7,16.27,17.38,13.71,18.3,20.84,20.98,21.29,18.82,21.76,20.17,15.46,28.58,30.05,18.44,21.77,25.13,28.56,23.26,22.52,19.1,14.74,20.51,30.48,31.58,26.52,19.09,17.28,24.58,16.56,15.83,29.84,26.01,29.52,27.46,23.99,28.3,24.91,18.9,23.13,29.65,14.16,27.54,17.66,24.3,32.92,31.52,24.13,27.71,18.61,23.66,19.64,28.97,30.24,16.05,24.09,16.91,26.7,15.11,24.22,16.21,19.04,29.17,24.42,27.28,26.71,26.77,35.75
24.08,9.71,11.14,16.54,13.72,14.09,8.45,8.21,9.35,15.08,9.1,16.17,16.9,6.52,15.94,10.4,27.36,13.19,9.32,15.45,16.36,9.4,6.42,11.59,4.48,7.89,16.91,11.19,26.91,9.62,17.03,8.98,17.83,15.14,6.84,12.68,7.82,9.94,10.7,18.67,11.18,17.14,16.53,5.24,11.09,13.66,19.52,15.2,7.58,11.81,12.14,10.72,28.13,12.81,12.09,12.55,7.38,18.81,6.1,16.85,21.55,18.88,3.96,13.83,20.52,3.38,16.96,19.36,16.65,17.61,14.41,5.16,13.37,9.58,3.38,12.15,21.76,11.29,11.01,14.71,6.36,14.44,15.26,4.01,6.27,14.05,13.92,0.0,17.71,4.58,5.57,9.3,6.1,16.08,4.25,17.04,8.43,26.72,22.06,12.44,11.72,5.06,16.85,10.93,12.16,14.43,1.56,3.62,2.95,5.81,20.84,7.79,16.6,5.73,2.79,3.86,3.23,4.03,27.87,25.65,23.94,23.42,25.24,18.62,21.88,19.77,21.73,20.97,19.57,16.82,31.32,28.17,27.81,27.82,30.57,18.48,29.26,23.55,26.23,26.71,30.48,22.48,17.85,22.66,29.18,22.82,32.36,25.15,28.43,18.31,25.14,20.87,18.37,18.22,19.7,16.84,18.29,15.14,20.57,19.4,14.94,22.07,19.98,21.75,13.38,16.47,14.65,26.72,18.9,21.51,19.53,22.25,22.73,20.52,17.96,25.33,22.4,23.5,22.62,29.37,20.56,27.76,20.36,20.68,20.86,20.0,24.84,21.79,21.93,21.98,15.49,19.35,20.21,19.06,18.05,24.04,21.65,19.24,27.19,19.37,21.69,25.63,24.26,9.04,9.89,12.6,12.21,10.09,9.07,12.02,9.08,9.58,12.01,17.25,12.96,14.2,33.87,13.11,9.71,15.03,16.25,10.41,7.22,14.65,14.98,14.72,13.22,11.82,13.03,13.4,11.49,7.95,18.61,9.56,14.78,15.01,12.77,13.05,5.29,8.46,7.82,10.2,9.38,13.4,16.32,8.37,7.85,14.25,10.22,13.4,10.05,15.56,10.93,16.55,12.08,10.38,22.03,15.39,13.82,14.57,7.46,10.3,11.56,15.42,5.56,6.26,5.32,8.63,4.64,5.2,4.82,6.45,3.81,5.59,8.47,6.04,15.14,18.16,16.49,11.13,15.59,17.06,5.3,8.33,11.69,15.57,9.81,9.07,6.31,8.79,7.06,17.03,17.83,13.16,6.29,4.48,11.24,8.84,5.41,16.85,12.66,16.07,11.93,10.54,15.31,11.57,5.46,9.68,16.66,8.2,14.55,4.87,10.85,19.09,17.6,15.2,14.05,5.16,10.0,6.19,15.31,16.57,2.6,10.43,3.46,13.04,1.66,10.56,2.76,3.79,15.51,10.76,13.62,13.05,13.11,20.64
34.96,25.82,28.55,33.96,24.6,5.66,9.81,15.06,19.74,8.85,17.43,4.67,27.78,21.36,9.97,18.75,35.52,7.47,19.06,11.55,10.09,14.82,11.32,19.93,21.73,25.31,4.18,20.14,35.07,27.04,13.13,26.39,25.3,22.97,24.25,22.65,24.46,14.4,15.94,5.11,13.34,8.3,28.29,22.49,15.67,21.48,5.95,26.96,23.86,8.11,14.28,18.54,36.29,18.24,7.14,16.83,10.27,7.34,23.52,23.98,29.94,7.82,15.17,13.02,28.91,16.63,3.39,7.29,1.12,8.98,22.23,24.31,4.94,8.08,18.08,19.97,30.15,16.53,14.5,11.52,22.64,4.49,2.43,18.81,22.56,19.47,4.99,17.71,0.0,18.33,15.0,9.47,16.17,4.24,19.02,24.94,23.39,34.38,30.06,12.53,6.86,15.2,3.19,7.43,5.66,3.69,16.74,15.33,19.91,12.9,28.84,24.4,24.49,13.03,15.23,14.0,15.07,14.22,35.52,33.3,31.94,31.42,32.89,26.62,29.88,27.77,29.74,28.97,27.57,24.82,38.97,35.83,35.47,35.47,38.23,26.48,36.91,31.55,33.88,34.36,38.13,37.39,25.85,36.09,36.83,34.14,40.02,37.4,36.09,26.31,32.79,7.21,4.91,4.56,6.04,1.76,0.95,3.75,6.22,5.69,6.34,6.56,7.05,6.25,6.19,7.93,6.49,38.05,30.23,32.83,30.85,33.57,34.05,31.85,29.28,36.65,33.72,34.82,33.94,40.69,31.88,39.08,31.68,32.0,32.18,31.32,36.17,33.11,33.25,33.31,26.82,30.67,31.53,30.38,29.37,35.36,32.97,30.57,38.52,30.69,33.01,36.95,35.58,18.69,22.54,20.6,19.86,24.67,25.07,22.63,18.73,21.6,20.89,28.57,20.96,22.21,41.53,24.43,19.37,26.36,24.25,21.73,16.88,22.66,22.98,26.05,22.67,23.15,24.35,23.39,22.81,17.6,29.93,22.86,22.78,26.33,23.14,22.34,15.83,25.82,25.19,27.56,26.74,12.92,9.83,16.17,15.6,10.52,15.44,11.12,16.3,9.79,15.03,10.32,12.32,14.03,33.35,14.31,15.31,13.85,16.91,18.2,19.46,28.05,20.33,21.03,19.89,24.28,18.4,19.97,21.08,17.93,22.0,24.54,24.68,24.99,23.04,25.98,24.38,19.68,32.28,33.75,22.14,25.47,28.83,32.27,26.96,26.22,22.8,18.44,24.21,34.18,35.28,30.22,22.79,20.98,28.29,20.26,19.53,33.54,29.71,33.22,31.16,27.69,32.0,28.61,22.6,26.83,33.35,17.86,31.24,21.37,28.0,36.62,35.22,27.83,31.42,22.31,27.36,23.34,32.67,33.94,19.75,27.79,20.61,30.4,18.81,27.92,19.91,22.74,32.87,28.12,30.98,30.41,30.47,39.45
29.22,20.09,10.7,16.11,18.86,14.81,9.16,5.7,10.74,12.56,7.5,17.81,22.04,10.63,13.42,8.81,29.79,13.91,10.05,12.94,13.85,6.88,7.13,9.99,8.59,7.46,18.54,14.41,29.34,9.19,14.52,8.54,15.32,15.03,6.4,14.71,11.93,7.43,8.19,19.39,8.66,14.63,14.01,9.35,8.58,13.54,20.24,12.68,6.01,12.53,9.63,10.6,30.56,10.3,12.81,10.04,8.1,16.29,5.67,14.34,24.21,16.37,6.1,11.32,23.18,5.52,17.68,16.85,17.37,15.09,14.29,6.84,14.09,10.3,1.69,12.03,24.42,8.78,8.5,12.2,4.79,15.16,15.98,2.42,4.71,11.54,14.63,4.58,18.33,0.0,5.38,10.03,6.56,16.8,1.28,17.09,12.62,29.61,25.29,9.92,12.45,6.25,17.58,11.65,12.89,15.16,3.69,5.74,2.63,7.2,24.07,11.98,14.98,8.67,4.92,5.05,2.73,3.53,30.76,28.54,27.18,26.65,28.13,21.86,25.11,23.0,24.97,24.21,22.8,20.05,34.21,31.06,30.7,30.71,33.46,21.72,32.15,26.79,29.12,29.6,33.37,32.63,21.09,31.32,32.07,29.37,35.25,32.63,31.32,21.54,28.03,21.6,20.41,18.95,20.43,17.57,19.02,15.87,18.04,16.87,16.79,19.54,17.46,19.23,14.1,13.95,16.22,33.28,25.46,28.06,26.09,28.81,29.28,27.08,24.52,31.89,28.96,30.06,29.18,35.93,27.12,34.32,26.92,27.24,27.41,26.56,31.4,28.35,28.48,28.54,22.05,25.91,26.76,25.61,24.61,30.59,28.21,25.8,33.75,25.93,28.25,32.18,30.82,9.74,17.77,15.84,15.1,14.28,13.26,17.87,9.78,16.84,16.13,23.81,16.2,17.44,36.76,19.67,10.41,21.59,19.49,16.97,7.92,17.89,18.22,21.28,17.91,18.38,19.59,18.63,18.05,8.64,25.16,18.1,18.02,21.57,18.37,17.57,6.88,8.09,7.45,9.83,9.0,10.88,13.8,5.84,5.32,11.72,7.69,10.87,8.79,13.03,8.41,14.02,9.56,7.85,28.59,12.86,11.29,12.04,5.85,8.68,9.94,12.9,2.59,3.3,3.71,6.54,2.11,2.23,3.8,4.84,4.73,7.26,6.95,7.71,13.52,15.63,14.87,9.52,19.78,21.25,9.49,12.52,15.88,19.76,14.0,13.26,10.5,9.49,11.25,21.22,22.03,17.35,10.48,8.68,15.43,13.03,10.58,21.04,16.86,20.26,16.12,14.74,19.5,15.76,9.65,13.88,20.85,8.9,18.74,9.06,15.04,23.28,21.79,12.67,13.68,9.36,9.63,10.38,14.94,16.2,5.44,10.06,7.66,12.66,5.85,10.19,6.95,5.47,15.14,10.38,13.25,12.68,12.74,20.27
25.89,16.75,15.49,20.9,15.53,11.47,5.83,1.94,11.26,8.8,5.73,14.05,18.71,12.88,9.66,7.05,26.45,10.57,10.58,9.18,10.09,3.12,3.8,8.23,9.58,12.25,14.78,11.07,26.0,13.98,10.76,13.33,13.61,11.27,11.19,10.95,15.39,3.67,4.43,16.05,4.9,10.87,15.23,10.34,4.82,9.78,16.9,13.9,10.8,9.19,5.87,6.84,27.22,6.54,9.47,6.28,4.76,12.53,10.46,12.28,20.87,12.61,6.69,7.56,19.84,4.31,14.34,13.09,14.03,11.33,10.53,11.25,10.75,6.96,5.02,8.27,21.08,5.02,4.74,8.44,9.58,11.82,12.65,5.75,9.5,7.78,11.3,5.57,15.0,5.38,0.0,5.92,1.63,12.7,4.9,13.26,14.51,25.5,21.18,5.75,8.34,5.86,13.47,7.55,8.78,11.05,5.75,4.16,5.79,2.28,19.97,15.53,12.82,3.21,2.9,4.66,2.55,1.7,26.65,24.43,23.07,22.54,24.02,17.75,21.0,18.9,20.86,20.1,18.69,15.94,30.1,26.95,26.6,26.6,29.35,17.61,28.04,22.68,25.01,25.49,29.26,28.52,16.98,27.21,27.96,25.27,31.14,28.52,27.21,17.44,23.92,17.49,16.24,14.84,16.32,13.46,14.91,11.76,13.87,12.7,12.62,15.37,13.29,15.06,10.0,9.78,12.05,29.17,21.35,23.96,21.98,24.7,25.18,22.97,20.41,27.78,24.85,25.95,25.07,31.82,23.01,30.21,22.81,23.13,23.31,22.45,27.29,24.24,24.38,24.43,17.94,21.8,22.66,21.51,20.5,26.49,24.1,21.69,29.64,21.82,24.14,28.08,26.71,9.35,13.66,11.73,10.99,15.79,16.2,13.76,9.39,12.73,12.02,19.7,12.09,13.33,32.66,15.56,10.02,17.48,15.38,12.86,7.53,13.78,14.11,17.17,13.8,14.27,15.48,14.52,13.94,8.26,21.06,13.99,13.91,17.46,14.26,13.46,6.49,11.71,11.07,13.45,12.62,6.71,9.63,1.73,1.16,7.55,3.52,6.7,4.63,8.87,4.24,9.86,5.39,3.68,24.48,8.69,7.12,7.87,5.24,6.53,7.79,13.93,6.21,6.91,5.77,10.16,4.28,5.85,6.96,6.25,7.88,10.42,10.56,10.87,11.37,14.3,12.71,8.0,23.41,24.88,11.56,14.59,17.95,23.39,16.07,15.33,12.57,9.1,13.32,23.29,26.41,21.34,12.55,10.74,19.41,10.92,10.19,24.67,20.84,22.33,18.19,16.8,23.13,19.74,11.72,15.94,24.48,8.52,22.36,11.13,17.11,27.75,26.35,13.71,17.3,11.42,13.24,12.45,18.56,19.82,8.6,13.67,9.72,16.28,7.92,13.8,9.02,8.62,18.75,14.0,16.86,16.3,16.35,25.33
26.55,17.41,20.14,25.55,16.19,5.94,1.4,6.65,11.33,9.6,10.44,8.03,19.37,12.95,14.37,11.76,27.11,5.05,10.65,13.89,10.84,7.83,2.92,12.94,13.32,16.9,8.76,11.73,26.66,18.63,15.47,17.99,18.32,15.98,15.84,15.66,16.05,8.38,9.14,10.53,9.61,9.04,19.89,14.08,9.53,14.49,11.37,18.55,15.45,3.66,10.58,11.55,27.88,11.25,3.94,10.99,1.87,10.7,15.11,16.99,21.53,9.69,6.76,12.27,20.5,8.22,8.81,9.16,8.51,12.33,15.24,15.91,5.22,1.43,9.67,12.98,21.74,9.73,9.45,13.15,14.23,6.29,7.12,10.4,14.15,12.49,5.77,9.3,9.47,10.03,5.92,0.0,7.82,7.86,10.66,19.35,15.03,26.02,21.7,11.84,3.51,6.85,8.64,2.72,3.95,6.22,8.38,6.98,11.55,4.55,20.48,16.05,18.91,4.68,6.87,5.65,6.71,5.86,27.17,24.95,23.59,23.06,24.54,18.27,21.52,19.42,21.38,20.62,19.21,16.46,30.62,27.47,27.11,27.12,29.87,18.13,28.56,23.2,25.53,26.01,29.78,29.04,17.5,27.73,28.48,25.78,31.66,29.04,27.73,17.95,24.44,12.66,10.16,10.01,11.49,8.63,10.08,6.93,9.57,7.6,6.72,9.91,10.4,9.6,5.17,8.67,6.44,29.69,21.87,24.48,22.5,25.22,25.7,23.49,20.93,28.3,25.37,26.47,25.59,32.34,23.53,30.73,23.33,23.65,23.82,22.97,27.81,24.76,24.9,24.95,18.46,22.32,23.18,22.02,21.02,27.01,24.62,22.21,30.16,22.34,24.66,28.59,27.23,10.34,14.18,12.25,11.51,16.31,16.72,14.28,10.38,13.25,12.54,20.22,12.61,13.85,33.17,16.08,11.01,18.0,15.9,13.38,8.52,14.3,14.63,17.69,14.32,14.79,16.0,15.04,14.46,9.24,21.58,14.51,14.43,17.98,14.78,13.98,7.48,17.47,16.83,19.21,18.38,12.8,10.57,7.82,7.24,13.64,9.61,12.79,10.72,10.53,10.33,11.06,11.48,9.77,25.0,14.78,13.21,13.96,11.33,12.61,13.88,19.7,11.97,12.68,11.54,15.92,10.04,11.61,12.72,12.34,13.65,16.18,16.33,16.63,17.45,20.39,18.8,14.09,23.92,25.39,13.79,17.12,20.48,23.91,18.6,17.86,14.45,10.09,15.86,25.82,26.93,21.86,14.43,12.62,19.93,11.91,11.18,25.19,21.36,24.86,22.81,19.34,23.65,20.26,14.25,18.48,25.0,9.5,22.88,13.01,19.65,28.27,26.87,19.47,23.06,13.96,19.01,14.99,24.32,25.58,11.39,19.43,12.26,22.04,10.45,19.56,11.56,14.39,24.52,19.76,22.62,22.06,22.12,31.1
27.06,17.93,16.67,22.07,16.7,12.65,7.0,3.12,10.94,9.98,6.91,15.22,19.88,12.56,10.84,8.23,27.63,11.75,10.26,10.35,11.26,4.3,4.97,9.41,10.11,13.42,15.96,12.25,27.18,15.16,11.94,14.51,14.78,12.44,12.37,12.13,16.57,4.85,5.61,17.23,6.08,12.05,16.41,10.87,6.0,10.96,18.08,15.08,11.98,10.37,7.04,8.02,28.4,7.72,10.65,7.46,5.94,13.71,11.64,13.45,22.04,13.79,6.37,8.74,21.02,4.84,15.52,14.27,15.21,12.51,11.71,12.43,11.93,8.14,6.2,9.45,22.26,6.2,5.91,9.61,10.76,13.0,13.82,6.92,10.67,8.95,12.47,6.1,16.17,6.56,1.63,7.82,0.0,13.55,5.76,14.12,15.37,26.36,22.04,6.61,9.2,6.45,14.33,8.41,9.64,11.91,6.61,4.75,6.65,2.87,20.82,16.39,13.68,3.8,3.49,5.25,3.14,2.29,27.51,25.29,23.93,23.4,24.88,18.61,21.86,19.75,21.72,20.96,19.55,16.8,30.96,27.81,27.45,27.46,30.21,18.47,28.9,23.54,25.87,26.35,30.12,29.38,17.84,28.07,28.82,26.12,32.0,29.38,28.07,18.29,24.78,18.35,17.1,15.7,17.18,14.32,15.77,12.62,14.73,13.56,13.48,16.23,14.15,15.92,10.86,10.64,12.91,30.03,22.21,24.81,22.84,25.56,26.04,23.83,21.27,28.64,25.71,26.81,25.93,32.68,23.87,31.07,23.67,23.99,24.16,23.31,28.15,25.1,25.24,25.29,18.8,22.66,23.51,22.36,21.36,27.34,24.96,22.55,30.5,22.68,25.0,28.93,27.57,9.94,14.52,12.59,11.85,16.65,17.06,14.62,9.98,13.59,12.88,20.56,12.95,14.19,33.51,16.42,10.61,18.34,16.24,13.72,8.12,14.64,14.97,18.03,14.66,15.13,16.34,15.38,14.8,8.85,21.92,14.85,14.77,18.32,15.12,14.32,7.08,12.57,11.93,14.3,13.48,7.57,10.49,2.59,2.01,8.41,4.38,7.56,5.49,9.73,5.1,10.71,6.25,4.54,25.34,9.55,7.98,8.73,6.1,7.38,8.65,14.79,7.07,7.77,6.63,11.02,5.14,6.71,7.82,7.11,8.74,11.28,11.42,11.73,12.23,15.16,13.57,8.86,24.26,25.73,12.41,15.44,18.8,24.25,16.93,16.19,13.43,9.69,14.18,24.15,27.27,22.2,13.41,11.6,20.27,11.51,10.78,25.53,21.69,23.19,19.05,17.66,23.99,20.6,12.57,16.8,25.34,9.11,23.22,11.99,17.97,28.61,27.21,14.57,18.16,12.28,14.1,13.31,19.41,20.68,9.46,14.53,10.58,17.14,8.78,14.66,9.88,9.48,19.61,14.86,17.72,17.15,17.21,26.19
33.32,24.18,26.92,32.32,22.96,4.02,8.18,12.09,18.11,5.53,14.11,1.35,26.14,19.72,6.65,15.43,33.88,5.26,17.42,8.23,6.77,11.5,9.69,16.61,20.09,23.67,2.08,18.5,33.43,25.4,9.81,24.76,21.98,19.65,22.61,19.33,22.82,11.08,12.62,4.5,10.02,4.98,22.8,20.85,12.35,18.16,5.35,23.56,22.23,6.47,10.96,15.22,34.65,14.92,5.51,13.51,8.64,4.03,21.88,20.66,28.3,4.5,13.53,9.7,27.27,14.99,2.79,3.97,3.28,5.66,18.91,22.68,3.3,6.44,16.45,16.65,28.51,13.21,11.18,8.21,21.01,2.91,2.62,17.17,20.92,16.15,3.35,16.08,4.24,16.8,12.7,7.86,13.55,0.0,17.42,21.62,21.79,32.78,28.46,9.21,5.26,13.61,1.75,5.83,4.07,2.32,15.14,13.74,18.31,11.3,27.24,22.81,21.17,11.43,13.63,12.41,13.47,12.62,33.93,31.71,30.35,29.82,31.3,25.03,28.28,26.17,28.14,27.38,25.97,23.22,37.38,34.23,33.87,33.88,36.63,24.89,35.32,29.96,32.29,32.77,36.54,35.8,24.26,34.49,35.24,32.54,38.42,35.8,34.49,24.71,31.2,6.6,3.49,3.95,5.43,3.37,4.82,3.02,2.9,2.37,3.46,3.24,3.73,2.93,5.39,4.61,3.79,36.45,28.63,31.23,29.26,31.98,32.46,30.25,27.69,35.06,32.13,33.23,32.35,39.1,30.29,37.49,30.09,30.41,30.58,29.73,34.57,31.52,31.66,31.71,25.22,29.08,29.93,28.78,27.78,33.76,31.38,28.97,36.92,29.1,31.42,35.35,33.99,17.09,20.94,19.01,18.27,23.07,23.48,21.04,17.14,20.01,19.3,26.98,19.37,20.61,39.93,22.84,17.77,24.76,22.66,20.14,15.28,21.06,21.39,24.45,21.08,21.55,22.76,21.8,21.22,16.0,28.34,21.27,21.19,24.74,21.54,20.74,14.24,24.23,23.59,25.97,25.14,9.6,6.51,14.85,13.42,7.2,12.12,7.8,12.98,6.47,11.71,7.01,9.0,10.71,31.76,10.99,11.99,10.53,13.6,14.88,16.14,26.46,18.73,19.43,15.74,22.68,16.8,18.37,19.48,14.61,20.41,22.94,23.09,23.39,19.72,22.66,21.06,16.36,30.68,32.15,20.55,23.88,27.24,30.67,25.36,24.62,21.21,16.85,22.62,32.58,33.69,28.62,21.19,19.38,26.69,18.67,17.93,31.95,28.11,31.62,29.57,26.1,30.41,27.02,21.01,25.24,31.76,16.26,29.64,19.77,26.4,35.03,33.63,24.0,29.82,20.72,25.77,21.75,31.08,32.34,18.15,26.19,19.02,28.8,17.21,26.32,18.32,21.15,31.28,26.52,29.38,28.82,28.88,37.86
29.91,13.49,10.19,15.59,19.55,15.49,9.85,6.38,10.12,13.25,8.19,18.49,22.73,10.3,14.11,9.49,30.47,14.59,9.43,13.62,14.53,7.56,7.82,10.67,8.26,6.94,19.22,15.09,30.02,8.68,15.2,8.03,16.0,15.71,5.89,15.4,11.6,8.11,8.87,20.07,9.35,15.31,14.7,9.02,9.26,14.22,20.92,13.36,5.5,13.21,10.31,11.29,31.24,10.98,13.49,10.72,8.78,16.98,5.16,15.02,24.89,17.05,5.78,12.0,23.86,5.19,18.36,17.53,18.05,15.77,14.97,6.22,14.77,10.98,2.37,12.71,25.1,9.46,9.18,12.88,4.28,15.84,16.66,3.1,4.2,12.22,15.31,4.25,19.02,1.28,4.9,10.66,5.76,17.42,0.0,17.78,12.3,30.3,25.98,10.61,13.14,5.71,18.27,12.35,13.58,15.85,3.36,5.42,2.1,7.89,24.77,11.65,15.67,9.36,4.59,4.52,3.39,4.19,31.45,29.23,27.87,27.34,28.82,22.55,25.8,23.7,25.66,24.9,23.49,20.74,34.9,31.75,31.4,31.4,34.15,22.41,32.84,27.48,29.81,30.29,34.06,33.32,21.78,32.01,32.76,30.07,35.94,33.32,32.01,22.24,28.72,22.29,21.1,19.64,21.12,18.26,19.71,16.56,18.73,17.56,17.48,20.23,18.15,19.92,14.8,14.64,16.91,33.97,26.15,28.76,26.78,29.5,29.98,27.77,25.21,32.58,29.65,30.75,29.87,36.62,27.81,35.01,27.61,27.93,28.11,27.25,32.09,29.04,29.18,29.23,22.74,26.6,27.46,26.31,25.3,31.29,28.9,26.49,34.44,26.62,28.94,32.88,31.51,9.2,10.77,16.53,15.79,12.58,12.94,12.19,9.25,9.75,16.82,24.5,16.89,18.13,37.46,20.36,9.88,22.28,20.18,17.66,7.39,18.58,18.91,21.97,18.6,19.07,20.28,19.32,18.74,8.11,25.86,12.05,18.71,22.26,19.06,18.26,6.35,7.49,6.85,9.23,8.4,11.57,14.49,6.53,6.01,12.41,8.38,11.56,9.49,13.72,9.1,14.71,10.25,8.54,29.28,13.55,11.98,12.73,6.54,9.38,10.64,13.59,1.99,2.69,4.4,5.94,2.81,1.63,3.27,5.53,4.2,6.73,6.35,7.18,14.22,16.32,15.56,10.21,19.45,20.92,9.16,12.19,15.55,19.44,13.67,12.94,10.18,8.96,10.93,20.9,21.7,17.02,10.16,8.35,15.1,10.78,10.04,20.71,16.53,19.94,15.79,14.41,19.18,15.43,9.32,13.55,20.53,8.37,18.41,8.74,14.72,22.95,21.46,13.36,13.08,9.03,9.03,10.06,14.34,15.6,4.91,9.45,7.33,12.06,5.52,9.58,6.63,4.94,14.54,9.78,12.64,12.08,12.14,19.67
38.6,29.46,20.2,25.6,28.24,24.18,18.54,11.26,23.97,16.08,8.09,21.33,31.42,23.09,17.37,7.14,39.16,21.64,23.29,16.88,17.79,10.52,16.51,7.43,21.05,16.95,22.06,23.78,38.71,18.68,18.46,18.04,2.33,1.99,15.89,4.72,28.1,11.37,12.13,25.19,12.61,18.15,3.14,21.81,15.41,3.55,26.04,3.91,13.43,21.9,13.57,6.37,39.93,14.24,22.18,13.98,17.47,20.24,15.16,3.05,33.58,19.89,19.4,15.26,32.55,17.02,23.48,20.37,23.97,19.04,2.82,16.1,23.46,19.67,14.15,5.7,33.79,12.72,12.44,16.14,14.29,22.54,23.32,14.33,14.2,15.48,20.72,17.04,24.94,17.09,13.26,19.35,14.12,21.62,17.78,0.0,25.95,36.94,32.62,12.68,19.77,18.17,21.47,18.98,20.21,22.49,15.55,18.3,15.71,14.47,31.4,26.96,2.09,16.0,15.09,16.97,14.59,13.89,38.08,35.86,34.5,33.98,35.45,29.18,32.44,30.33,32.3,31.53,30.13,27.38,41.53,38.39,38.03,38.03,40.78,29.04,39.47,34.11,36.44,36.92,40.69,39.95,28.41,38.64,39.39,36.7,42.58,39.96,38.64,28.87,35.35,26.71,22.87,24.06,25.53,23.47,24.93,23.19,20.81,19.34,19.25,22.0,20.22,21.69,21.43,16.41,18.69,40.6,32.78,35.39,33.41,36.13,36.61,34.41,31.84,39.21,36.28,37.38,36.5,43.25,34.44,41.64,34.24,34.56,34.74,33.88,38.73,35.67,35.81,35.87,29.38,33.23,34.09,32.94,31.93,37.92,35.53,33.13,41.08,33.25,35.57,39.51,38.14,21.66,25.1,23.16,22.42,27.23,27.63,25.19,21.7,24.16,23.45,31.13,23.52,24.76,44.09,26.99,22.33,28.92,26.81,24.29,19.84,25.22,25.54,28.6,25.23,25.7,26.91,25.95,25.37,20.56,32.49,25.42,25.34,28.89,25.7,24.9,18.8,17.46,16.82,19.2,18.37,13.65,16.26,13.16,11.73,14.19,13.5,13.34,8.07,15.8,14.21,16.79,13.36,13.66,35.91,15.63,14.06,14.81,9.0,6.98,8.24,7.55,18.39,14.89,11.15,11.95,16.46,15.29,19.14,10.02,15.83,16.48,14.89,17.43,5.23,4.38,2.79,8.97,34.84,36.31,21.35,24.38,27.74,34.82,25.86,25.13,22.37,21.41,23.12,33.09,37.84,32.78,22.35,20.54,30.84,23.23,22.5,36.1,32.27,32.13,27.98,26.6,34.56,31.17,21.51,25.74,35.91,20.82,33.8,20.93,26.91,39.18,37.78,4.8,23.05,21.22,18.99,22.25,24.3,24.63,17.33,19.42,19.52,22.03,17.72,19.55,18.82,17.35,24.5,19.75,22.61,22.04,22.1,23.35
16.04,3.2,17.47,22.87,5.68,19.86,14.22,15.24,1.31,22.1,19.03,21.95,8.86,3.11,22.96,20.35,19.62,18.96,6.88,22.48,23.39,16.42,12.19,21.53,6.45,14.22,22.68,2.79,19.17,15.95,24.06,15.31,26.91,24.57,13.16,24.25,1.92,16.97,17.73,24.44,18.2,24.17,28.47,5.89,18.12,23.08,25.29,27.14,13.91,17.58,19.17,20.14,20.39,19.84,17.86,19.58,13.15,25.83,12.43,25.58,13.81,25.91,8.11,20.86,12.79,9.56,22.73,23.08,22.43,24.63,23.83,11.49,19.14,15.35,11.34,21.57,14.03,18.32,18.04,21.74,12.69,20.21,21.04,11.97,12.6,21.08,19.69,8.43,23.39,12.62,14.51,15.03,15.37,21.79,12.3,25.95,0.0,19.09,14.42,19.12,17.0,6.54,22.14,16.21,17.44,19.72,9.48,8.26,10.87,12.35,13.21,1.36,26.19,8.89,8.15,6.78,9.39,8.65,20.24,18.02,16.31,15.78,17.61,10.99,14.24,12.14,14.1,13.34,11.93,9.18,23.69,20.54,15.65,20.19,18.35,10.85,21.62,15.92,18.6,19.08,22.85,14.49,10.22,14.67,21.55,14.83,24.73,17.17,20.8,10.68,17.51,26.15,23.65,23.5,24.98,22.12,23.58,20.42,23.06,21.09,20.22,23.4,26.66,23.09,18.66,23.15,19.94,18.74,10.92,13.52,11.54,14.26,14.74,12.54,9.98,17.34,14.41,15.51,14.63,21.39,12.58,19.77,12.37,12.7,12.87,12.01,16.86,13.8,13.94,14.0,7.51,11.36,12.22,11.07,10.06,16.05,13.67,11.26,19.21,11.39,13.7,17.64,16.28,6.59,1.9,4.97,4.58,1.66,2.06,5.55,2.41,3.57,4.38,9.26,5.33,6.57,26.24,5.12,7.26,7.05,8.49,2.42,4.77,6.89,7.35,6.74,5.59,3.84,5.05,5.41,3.51,3.96,10.62,1.58,7.15,7.02,4.78,5.07,5.84,14.75,14.11,16.49,15.66,20.08,23.0,15.1,14.53,20.92,16.89,20.07,18.0,22.24,17.61,23.23,18.76,17.06,14.05,22.07,20.49,21.25,18.61,19.9,21.16,26.98,13.48,13.87,13.24,14.91,17.33,13.12,12.2,14.37,10.1,11.87,14.75,12.32,24.74,27.68,26.08,21.38,9.27,10.74,4.57,10.25,10.54,9.26,10.96,11.0,3.69,5.49,8.99,18.96,12.28,7.21,3.68,4.75,5.28,3.91,4.04,10.53,6.7,18.0,8.15,12.47,8.99,5.61,7.38,11.61,10.35,4.93,8.23,3.52,12.78,13.61,12.21,26.75,20.34,9.69,16.28,8.12,21.6,22.86,8.88,16.71,6.4,14.98,7.94,16.84,7.94,10.08,21.79,17.04,19.9,19.34,19.4,26.93
18.91,21.92,35.76,41.16,20.69,30.85,25.21,26.23,19.59,33.09,30.02,32.94,11.77,21.75,33.95,31.34,3.45,29.95,18.89,33.47,34.38,27.41,23.18,32.52,25.09,32.51,33.67,16.24,2.49,34.24,35.05,33.6,37.9,35.56,31.45,35.24,20.56,27.96,28.72,35.44,29.19,35.16,39.47,24.6,29.11,34.07,36.28,38.13,35.03,28.57,30.16,31.13,1.65,30.83,28.85,30.57,24.14,36.82,30.72,36.57,8.19,36.9,23.69,31.85,8.14,25.15,33.72,34.07,33.42,35.62,34.82,29.78,30.13,26.34,29.25,32.56,6.41,29.31,29.03,32.73,33.81,31.2,32.03,29.98,33.73,32.07,30.68,26.72,34.38,29.61,25.5,26.02,26.36,32.78,30.3,36.94,19.09,0.0,6.04,30.53,28.41,21.65,33.54,27.61,28.85,31.12,24.77,23.37,30.24,23.76,7.47,19.52,37.6,23.89,23.26,21.88,25.93,25.08,3.68,1.36,6.13,6.12,2.47,9.21,6.45,9.61,8.13,7.99,7.46,11.99,8.92,5.77,5.41,5.42,8.17,12.41,6.85,4.78,3.83,3.48,8.08,7.34,11.12,6.03,6.78,6.63,9.96,5.78,6.03,12.72,2.74,37.56,35.05,34.91,36.39,33.53,34.98,31.83,34.47,32.49,31.62,34.81,38.07,34.5,30.06,34.55,31.34,21.55,11.26,11.64,25.96,11.7,17.55,15.35,11.49,14.13,10.64,12.3,17.45,24.2,27.0,16.56,8.48,13.27,15.53,12.36,19.67,16.62,16.6,11.82,13.3,14.18,14.4,13.88,12.88,12.28,16.48,9.42,22.02,25.81,7.76,20.45,13.06,21.7,17.65,16.52,16.13,19.78,20.18,17.75,18.18,16.71,15.78,23.68,16.88,18.13,12.08,19.54,22.37,14.48,20.18,16.84,19.88,18.58,12.04,14.82,17.79,18.26,19.47,19.32,17.93,19.07,25.04,17.98,18.71,15.11,19.06,18.26,20.95,32.6,31.96,34.33,33.51,31.49,34.41,26.51,25.93,32.33,28.3,31.48,29.4,33.64,29.02,34.63,30.17,28.46,23.46,33.47,31.9,32.65,30.02,31.3,32.56,38.38,30.66,31.36,30.23,34.61,28.73,30.3,31.41,31.03,27.94,29.72,35.02,30.17,36.14,39.08,37.49,32.78,27.39,28.86,22.72,28.4,28.66,27.38,29.08,29.15,21.85,21.81,27.14,37.11,30.4,25.33,21.83,22.9,23.4,20.4,22.9,28.65,24.82,36.15,26.27,30.62,27.12,23.73,25.53,29.76,28.47,21.23,26.35,21.67,30.93,31.74,30.33,38.16,38.19,27.84,34.13,26.27,39.44,40.71,26.73,34.56,24.56,37.17,25.79,34.69,26.09,27.93,39.64,34.89,37.75,37.18,37.24,49.79
20.24,17.25,31.09,36.49,14.14,26.53,20.89,21.91,14.92,28.77,25.7,28.62,13.09,17.08,29.63,27.02,5.8,25.63,14.22,29.15,30.06,23.09,18.86,28.2,20.43,27.84,29.35,11.57,3.94,29.57,30.73,28.93,33.58,31.24,26.79,30.92,15.89,23.64,24.4,31.12,24.88,30.84,35.15,19.94,24.79,29.75,31.96,33.81,30.71,24.25,25.84,26.81,6.34,26.51,24.53,26.25,19.82,32.5,26.05,32.25,3.21,32.58,19.03,27.53,4.06,20.48,29.4,29.75,29.1,31.3,30.5,25.11,25.81,22.02,24.93,28.24,1.43,24.99,24.71,28.41,29.5,26.88,27.71,25.66,29.41,27.75,26.36,22.06,30.06,25.29,21.18,21.7,22.04,28.46,25.98,32.62,14.42,6.04,0.0,26.57,24.45,17.47,29.58,23.65,24.89,27.16,20.59,19.18,26.28,19.8,2.49,15.33,33.64,19.93,19.08,17.7,21.97,21.11,4.0,8.07,5.87,4.0,5.11,4.23,6.19,5.38,5.21,3.01,2.48,7.02,13.74,10.6,10.24,10.24,13.0,7.44,11.68,4.78,8.65,9.13,12.9,11.01,6.14,10.86,11.6,7.18,14.79,6.33,10.86,7.74,7.56,33.6,31.09,30.95,32.43,29.57,31.02,27.87,30.51,28.53,27.66,30.85,34.1,30.54,26.1,30.59,27.38,22.88,12.59,15.19,20.86,16.52,18.88,16.68,12.82,18.96,15.46,17.13,18.78,25.53,21.89,21.39,9.81,16.84,17.01,13.68,21.0,17.94,18.08,15.67,14.63,15.5,16.36,15.21,14.21,17.1,17.81,10.75,23.35,20.71,8.31,21.78,17.89,17.52,13.47,10.57,11.18,15.6,16.0,13.56,14.0,12.53,11.82,18.58,9.58,8.43,16.3,13.8,18.19,15.44,10.5,12.66,15.7,8.97,7.06,15.13,13.6,12.23,14.36,12.01,12.85,14.89,19.94,13.79,9.45,15.42,11.76,10.95,16.77,28.41,27.77,30.15,29.33,27.53,30.45,22.55,21.97,28.37,24.34,27.52,25.44,29.68,25.06,30.67,26.2,24.5,23.37,29.51,27.94,28.69,26.06,27.34,28.6,34.42,26.7,27.4,26.27,30.65,24.77,26.34,27.45,27.07,23.76,25.54,31.06,25.99,32.18,35.12,33.53,28.82,23.21,24.68,18.54,24.22,24.48,23.19,24.9,24.97,17.66,17.63,22.96,32.93,26.21,21.15,17.65,18.72,19.22,16.22,18.72,24.47,20.64,31.97,22.09,26.44,22.93,19.54,21.35,25.58,24.28,17.05,22.17,17.49,26.75,27.55,26.15,34.2,34.0,23.66,29.95,22.09,35.26,36.52,22.55,30.38,20.37,32.98,21.61,30.51,21.91,23.74,35.46,30.71,33.57,33.0,33.06,45.82
31.08,21.95,20.03,25.43,20.72,10.19,11.02,3.75,16.46,3.68,5.77,8.92,23.9,18.07,4.96,7.09,31.65,9.24,15.77,4.47,5.38,3.16,8.99,8.27,16.46,16.78,9.65,16.27,31.2,18.51,6.06,17.87,13.64,11.31,15.73,10.99,20.59,2.74,4.28,12.79,1.68,5.74,14.46,17.22,4.89,9.82,13.64,15.22,15.34,11.87,2.62,6.88,32.42,6.39,10.91,6.13,9.96,7.83,15.0,12.32,26.06,7.48,11.88,2.86,25.04,9.51,11.08,7.96,11.57,6.63,10.57,15.79,9.46,12.16,9.56,8.31,26.27,4.87,2.84,3.73,14.12,10.14,10.91,10.28,14.03,7.63,8.31,12.44,12.53,9.92,5.75,11.84,6.61,9.21,10.61,12.68,19.12,30.53,26.57,0.0,10.67,11.19,9.66,12.0,10.28,10.03,10.97,11.32,11.0,7.49,24.42,19.99,12.93,9.02,8.11,9.99,7.77,6.91,31.11,28.89,27.53,27.0,28.48,22.2,25.46,23.35,25.32,24.56,23.15,20.4,34.56,31.41,31.05,31.06,33.81,22.06,32.49,27.14,29.47,29.95,33.72,32.97,21.43,31.67,32.42,29.72,35.6,32.98,31.67,21.89,28.37,14.9,11.06,12.25,13.72,11.66,13.12,10.73,9.0,7.53,7.44,10.19,8.41,9.88,9.37,4.6,6.88,33.63,25.81,28.41,26.44,29.16,29.63,27.43,24.87,32.24,29.3,30.4,29.53,36.28,27.47,34.67,27.27,27.59,27.76,26.91,31.75,28.7,28.83,28.89,22.4,26.25,27.11,25.96,24.96,30.94,28.56,26.15,34.1,26.28,28.6,32.53,31.17,14.68,18.12,16.18,15.45,20.25,20.66,18.22,14.72,17.18,16.48,24.15,16.54,17.79,37.11,20.02,15.36,21.94,19.84,17.31,12.87,18.24,18.57,21.63,18.26,18.73,19.94,18.98,18.4,13.59,25.51,18.45,18.37,21.92,18.72,17.92,11.82,16.92,16.28,18.66,17.83,1.84,4.45,6.19,4.75,2.38,4.66,1.53,4.74,3.99,4.25,4.98,1.55,3.25,28.94,7.18,3.76,6.72,5.35,6.64,7.9,19.15,11.42,12.13,7.49,15.37,9.5,11.06,12.18,6.36,13.1,15.64,15.78,16.08,11.48,14.41,12.82,8.11,27.86,29.33,16.77,19.8,23.16,27.85,21.28,20.55,17.79,14.43,18.54,28.51,30.87,25.8,17.77,15.96,23.87,16.25,15.52,29.12,25.29,27.55,23.4,22.02,27.59,24.2,16.93,21.16,28.94,13.85,26.82,16.35,22.33,32.21,30.8,15.76,22.51,16.64,18.46,17.67,23.77,25.03,13.82,18.89,14.94,21.49,13.13,19.02,14.24,13.84,23.97,19.21,22.08,21.51,21.57,30.55
28.96,19.83,22.56,27.97,18.61,3.33,3.82,9.07,13.75,6.99,12.86,5.41,21.78,15.37,10.71,14.18,29.53,2.43,13.06,12.3,8.23,10.25,5.33,15.36,15.74,19.31,6.15,14.15,29.08,21.05,13.88,20.4,20.73,18.39,18.26,18.08,18.47,10.8,11.56,7.91,12.03,6.43,22.3,16.5,11.95,16.91,8.76,20.97,17.87,2.12,13.0,13.97,30.3,13.67,1.33,13.41,4.28,8.09,17.53,19.4,23.95,7.08,9.18,8.78,22.92,10.64,6.2,6.55,5.89,9.72,17.66,18.32,2.61,2.09,12.09,15.4,24.16,12.15,11.86,12.27,16.65,3.68,4.5,12.82,16.57,14.9,3.16,11.72,6.86,12.45,8.34,3.51,9.2,5.26,13.14,19.77,17.0,28.41,24.45,10.67,0.0,9.25,6.04,1.48,1.35,3.62,10.79,9.39,13.96,6.95,22.89,18.46,21.32,7.08,9.28,8.05,9.12,8.27,29.58,27.36,26.0,25.47,26.94,20.67,23.93,21.82,23.79,23.03,21.62,18.87,33.03,29.88,29.52,29.53,32.28,20.53,30.96,25.61,27.94,28.42,32.19,31.44,19.9,30.14,30.89,28.19,34.07,31.45,30.14,20.36,26.84,10.06,7.55,7.41,8.89,6.03,7.48,4.33,6.97,5.0,4.12,7.31,7.79,7.0,2.56,6.07,3.84,32.1,24.28,26.88,24.9,27.63,28.1,25.9,23.34,30.71,27.77,28.87,28.0,34.75,25.94,33.14,25.74,26.06,26.23,25.38,30.22,27.16,27.3,27.36,20.87,24.72,25.58,24.43,23.43,29.41,27.03,24.62,32.57,24.75,27.07,31.0,29.64,12.74,16.59,14.65,13.92,18.72,19.13,16.69,12.79,15.65,14.95,22.62,15.01,16.26,35.58,18.49,13.42,20.41,18.31,15.78,10.93,16.71,17.04,20.1,16.73,17.2,18.41,17.45,16.87,11.65,23.98,16.92,16.84,20.38,17.19,16.39,9.89,19.88,19.24,21.62,20.79,11.62,7.97,10.23,9.65,8.65,12.02,9.26,13.12,7.93,12.74,8.46,10.46,12.18,27.41,15.06,16.06,14.6,13.74,15.02,16.28,22.1,14.38,15.08,13.95,18.33,12.45,14.02,15.13,14.75,16.06,18.59,18.74,19.04,19.86,22.8,21.21,16.5,26.33,27.8,16.2,19.53,22.89,26.32,21.01,20.27,16.86,12.5,18.26,28.23,29.34,24.27,16.84,15.03,22.34,14.32,13.58,27.59,23.76,27.27,25.21,21.75,26.06,22.67,16.66,20.89,27.41,11.91,25.29,15.42,22.05,30.68,29.27,21.88,25.47,16.36,21.41,17.39,26.73,27.99,13.8,21.84,14.66,24.45,12.86,21.97,13.96,16.8,26.92,22.17,25.03,24.47,24.53,33.5
21.42,9.37,15.91,21.31,11.06,11.68,6.03,7.46,5.42,14.32,11.25,13.76,14.24,7.03,15.18,12.57,22.77,10.78,4.73,14.7,15.61,8.64,4.0,13.75,9.25,12.66,14.49,6.6,22.32,14.39,16.28,13.75,19.13,16.79,11.61,16.47,8.01,9.19,9.95,16.26,10.42,16.39,20.7,9.62,10.34,15.3,17.11,19.36,10.44,9.4,11.39,12.36,23.54,12.06,9.68,11.8,4.97,18.05,10.88,17.8,16.96,18.13,2.52,13.08,15.94,3.97,14.55,14.89,14.24,16.85,16.05,9.93,10.95,7.17,5.11,13.79,17.17,10.54,10.26,13.96,9.23,12.03,12.85,5.75,9.14,13.3,11.5,5.06,15.2,6.25,5.86,6.85,6.45,13.61,5.71,18.17,6.54,21.65,17.47,11.19,9.25,0.0,14.47,8.54,9.78,12.05,4.12,2.72,5.51,4.26,16.25,7.56,19.11,3.35,2.61,1.24,3.85,3.12,23.28,21.06,19.35,18.83,20.65,14.03,17.29,15.18,17.15,16.38,14.98,12.23,26.73,23.58,23.23,23.23,25.98,13.89,24.67,18.96,21.64,22.12,25.89,19.87,13.26,23.84,24.59,20.21,27.77,25.15,23.84,13.72,20.55,18.49,15.98,15.84,17.31,14.45,15.91,12.75,15.4,13.42,12.55,15.74,16.22,15.42,10.99,16.07,12.27,24.12,16.3,18.9,16.92,19.65,20.12,17.92,15.36,22.73,19.79,20.89,20.02,26.77,17.96,25.16,17.76,18.08,18.25,17.4,22.24,19.18,19.32,19.38,12.89,16.74,17.6,16.45,15.45,21.43,19.05,16.64,24.59,16.77,19.09,23.02,21.66,4.45,6.01,8.01,7.62,7.83,8.23,7.44,4.49,4.99,7.42,14.64,8.37,9.61,29.29,10.5,5.12,12.43,11.66,7.8,2.63,10.07,10.39,12.12,8.64,9.22,10.43,10.8,8.89,3.36,16.0,7.3,10.19,12.4,10.16,9.75,1.59,13.23,12.59,14.97,14.15,13.0,15.92,8.02,7.45,13.85,9.81,13.0,10.92,15.16,10.53,16.15,11.68,9.98,19.43,14.99,13.42,14.17,11.53,12.82,14.08,19.9,7.01,7.71,7.89,10.96,7.21,6.65,7.38,9.02,8.58,10.36,11.37,10.81,17.66,20.6,19.0,14.3,15.44,16.91,7.9,13.1,16.46,15.42,14.58,13.84,8.56,4.2,11.83,21.8,18.44,13.38,8.54,6.74,11.44,6.02,5.29,16.7,12.87,20.84,14.32,15.32,15.16,11.77,10.23,14.46,16.51,3.62,14.4,7.12,15.62,19.78,18.38,19.68,18.82,9.93,14.77,10.96,20.08,21.35,7.37,15.2,8.23,17.81,6.43,15.33,7.53,8.57,20.28,15.53,18.39,17.82,17.88,25.41
34.1,24.96,27.69,33.1,23.74,4.8,8.95,12.53,18.88,5.98,14.56,1.79,26.92,20.5,7.09,15.87,34.66,5.7,18.2,8.67,7.22,11.94,10.47,17.06,20.87,24.45,1.19,19.28,34.21,26.18,10.26,25.54,22.43,20.09,23.39,19.78,23.6,11.52,13.06,3.45,10.46,5.42,23.24,21.63,12.79,18.6,4.3,24.01,23.0,7.25,11.4,15.67,35.43,15.36,6.28,13.95,9.42,4.47,22.66,21.1,29.08,4.94,14.31,10.15,28.05,15.77,1.74,4.41,2.23,6.1,19.35,23.46,4.08,7.22,17.22,17.09,29.29,13.65,11.63,8.65,21.79,3.63,1.57,17.95,21.7,16.59,4.78,16.85,3.19,17.58,13.47,8.64,14.33,1.75,18.27,21.47,22.14,33.54,29.58,9.66,6.04,14.47,0.0,6.57,4.81,2.83,15.88,14.48,19.05,12.04,27.98,23.55,21.62,12.17,14.37,13.14,14.21,13.36,34.67,32.45,31.09,30.56,32.03,25.76,29.02,26.91,28.88,28.12,26.71,23.96,38.12,34.97,34.61,34.62,37.37,25.62,36.05,30.7,33.03,33.51,37.27,36.53,24.99,35.23,35.98,33.28,39.16,36.54,35.23,25.45,31.93,5.55,1.91,2.9,4.38,2.32,3.77,2.89,3.35,2.81,3.9,3.69,4.17,3.37,5.83,5.06,4.23,37.19,29.37,31.97,29.99,32.72,33.19,30.99,28.43,35.8,32.86,33.96,33.09,39.84,31.03,38.23,30.83,31.15,31.32,30.47,35.31,32.25,32.39,32.45,25.96,29.81,30.67,29.52,28.51,34.5,32.12,29.71,37.66,29.84,32.16,36.09,34.73,17.83,21.68,19.74,19.0,23.81,24.21,21.78,17.88,20.74,20.04,27.71,20.1,21.35,40.67,23.57,18.51,25.5,23.4,20.87,16.02,21.8,22.13,25.19,21.82,22.29,23.5,22.54,21.96,16.74,29.07,22.01,21.93,25.47,22.28,21.48,14.97,24.97,24.33,26.71,25.88,10.05,6.95,15.3,13.86,7.64,12.56,8.25,13.42,6.92,12.15,7.45,9.45,11.15,32.5,11.43,12.43,10.97,14.04,15.32,16.58,27.19,19.47,20.17,16.18,23.42,17.54,19.11,20.22,15.05,21.14,23.68,23.82,24.13,20.16,23.1,21.51,16.8,31.42,32.89,21.28,24.62,27.98,31.41,26.1,25.36,21.95,17.59,23.35,33.32,34.43,29.36,21.93,20.12,27.43,19.4,18.67,32.68,28.85,32.36,30.3,26.83,31.14,27.76,21.75,25.97,32.5,17.0,30.38,20.51,27.14,35.76,34.36,24.44,30.56,21.45,26.5,22.48,31.82,33.08,18.89,26.93,19.75,29.54,17.95,27.06,19.05,21.89,32.01,27.26,30.12,29.56,29.61,38.59
28.17,19.03,21.77,27.17,17.81,3.9,3.03,8.28,12.96,7.56,12.07,5.99,20.99,14.57,11.28,13.38,28.73,3.0,12.27,12.87,8.8,9.46,4.54,14.57,14.94,18.52,6.72,13.36,28.28,20.25,14.45,19.61,19.94,17.6,17.47,17.29,17.68,10.0,10.76,8.48,11.24,7.0,21.51,15.7,11.15,16.11,9.33,20.18,17.08,1.62,12.2,13.18,29.5,12.88,1.29,12.61,3.49,8.66,16.73,18.61,23.15,7.65,8.38,9.35,22.12,9.84,6.77,7.12,6.47,10.29,16.86,17.53,3.18,1.29,11.3,14.61,23.36,11.36,11.07,12.84,15.86,4.25,5.08,12.02,15.77,14.11,3.73,10.93,7.43,11.65,7.55,2.72,8.41,5.83,12.35,18.98,16.21,27.61,23.65,12.0,1.48,8.54,6.57,0.0,1.92,4.19,10.0,8.59,13.17,6.16,22.1,17.66,20.52,6.29,8.49,7.26,8.33,7.47,28.78,26.56,25.2,24.68,26.15,19.88,23.14,21.03,23.0,22.23,20.83,18.08,32.23,29.09,28.73,28.73,31.48,19.74,30.17,24.81,27.14,27.62,31.39,30.65,19.11,29.34,30.09,27.4,33.28,30.66,29.34,19.57,26.05,10.63,8.13,7.98,9.46,6.6,8.05,4.9,7.54,5.57,4.7,7.88,8.37,7.57,3.14,6.64,4.41,31.3,23.48,26.09,24.11,26.83,27.31,25.1,22.54,29.91,26.98,28.08,27.2,33.95,25.14,32.34,24.94,25.26,25.44,24.58,29.43,26.37,26.51,26.57,20.08,23.93,24.79,23.64,22.63,28.62,26.23,23.83,31.78,23.95,26.27,30.21,28.84,11.95,15.8,13.86,13.12,17.93,18.33,15.89,11.99,14.86,14.15,21.83,14.22,15.46,34.79,17.69,12.62,19.61,17.51,14.99,10.13,15.92,16.24,19.3,15.93,16.4,17.61,16.65,16.07,10.86,23.19,16.12,16.04,19.59,16.4,15.6,9.09,19.08,18.44,20.82,20.0,12.2,8.54,9.43,8.86,9.22,11.22,9.83,12.33,8.5,11.94,9.03,13.09,11.39,26.61,15.63,14.82,15.17,12.94,14.23,15.49,21.31,13.59,14.29,13.15,17.54,11.66,13.22,14.34,13.96,15.26,17.8,17.94,18.25,19.07,22.01,20.41,15.71,25.54,27.01,15.4,18.73,22.09,25.52,20.22,19.48,16.06,11.7,17.47,27.44,28.54,23.48,16.05,14.24,21.54,13.52,12.79,26.8,22.97,26.48,24.42,20.95,25.26,21.87,15.86,20.09,26.61,11.12,24.5,14.62,21.26,29.88,28.48,21.09,24.67,15.57,20.62,16.6,25.93,27.19,13.01,21.05,13.87,23.66,12.07,21.18,13.17,16.0,26.13,21.38,24.24,23.67,23.73,32.71
29.4,20.27,23.0,28.41,19.05,2.14,4.26,9.51,14.19,6.6,13.3,4.22,22.22,15.81,9.52,14.62,29.97,1.83,13.51,11.1,7.84,10.69,5.77,15.8,16.18,19.76,4.96,14.59,29.52,21.49,12.69,20.84,21.17,18.84,18.7,18.52,18.91,11.24,12.0,6.72,11.09,6.04,22.74,16.94,12.39,17.35,7.57,21.41,18.31,2.56,12.02,14.41,30.74,14.11,1.59,13.85,4.72,6.9,17.97,19.84,24.39,6.69,9.62,8.4,23.36,11.08,5.01,6.16,4.7,8.53,18.1,18.76,1.42,2.53,12.53,15.84,24.6,12.59,12.3,11.08,17.09,2.49,3.31,13.26,17.01,15.34,1.96,12.16,5.66,12.89,8.78,3.95,9.64,4.07,13.58,20.21,17.44,28.85,24.89,10.28,1.35,9.78,4.81,1.92,0.0,2.43,11.23,9.83,14.4,7.39,23.33,18.9,21.76,7.52,9.72,8.49,9.56,8.71,30.02,27.8,26.44,25.91,27.39,21.11,24.37,22.26,24.23,23.47,22.06,19.31,33.47,30.32,29.96,29.97,32.72,20.97,31.4,26.05,28.38,28.86,32.63,31.88,20.34,30.58,31.33,28.63,34.51,31.89,30.58,20.8,27.28,8.87,6.36,6.22,7.7,4.84,6.29,3.14,5.78,4.57,3.27,6.12,6.6,5.81,1.96,5.64,3.41,32.54,24.72,27.32,25.34,28.07,28.54,26.34,23.78,31.15,28.21,29.32,28.44,35.19,26.38,33.58,26.18,26.5,26.67,25.82,30.66,27.61,27.74,27.8,21.31,25.16,26.02,24.87,23.87,29.85,27.47,25.06,33.01,25.19,27.51,31.44,30.08,13.18,17.03,15.09,14.36,19.16,19.57,17.13,13.23,16.09,15.39,23.06,15.45,16.7,36.02,18.93,13.86,20.85,18.75,16.22,11.37,17.15,17.48,20.54,17.17,17.64,18.85,17.89,17.31,12.09,24.42,17.36,17.28,20.82,17.63,16.83,10.33,20.32,19.68,22.06,21.23,11.2,7.54,10.67,10.09,8.22,12.46,8.83,13.56,7.5,13.18,8.03,10.03,12.62,27.85,13.86,14.87,13.4,14.18,15.46,16.72,22.54,14.82,15.52,14.39,18.77,12.89,14.46,15.57,15.19,16.5,19.03,19.18,19.48,20.3,23.24,21.65,16.94,26.77,28.24,16.64,19.97,23.33,26.76,21.45,20.71,17.3,12.94,18.7,28.67,29.78,24.71,17.28,15.47,22.78,14.76,14.02,28.03,24.2,27.71,25.65,22.19,26.5,23.11,17.1,21.33,27.85,12.35,25.73,15.86,22.49,31.12,29.71,22.32,25.91,16.8,21.85,17.83,27.17,28.43,14.24,22.28,15.1,24.89,13.3,22.41,14.4,17.24,27.36,22.61,25.47,24.91,24.97,33.94
31.68,22.54,25.28,30.68,21.32,2.38,6.53,11.78,16.46,6.34,15.58,3.47,24.5,18.08,8.77,16.89,32.24,4.2,15.78,10.35,7.59,12.96,8.05,18.07,18.45,22.03,3.82,16.86,31.79,23.76,11.94,23.12,23.45,21.11,20.97,20.79,21.18,11.89,14.27,4.75,10.83,5.79,25.02,19.21,13.16,19.62,5.59,23.68,20.58,4.83,11.77,16.68,33.01,16.38,3.86,15.64,7.0,6.15,20.24,22.12,26.66,6.62,11.89,8.14,25.63,13.35,3.03,6.09,2.73,7.78,20.37,21.04,1.66,4.8,14.8,18.11,26.87,14.86,12.0,10.33,19.37,1.21,1.34,15.53,19.28,17.62,1.71,14.43,3.69,15.16,11.05,6.22,11.91,2.32,15.85,22.49,19.72,31.12,27.16,10.03,3.62,12.05,2.83,4.19,2.43,0.0,13.46,12.06,16.63,9.62,25.56,21.13,22.0,9.75,11.95,10.72,11.79,10.94,32.25,30.03,28.67,28.14,29.61,23.34,26.6,24.49,26.46,25.7,24.29,21.54,35.7,32.55,32.19,32.2,34.95,23.2,33.63,28.28,30.61,31.09,34.85,34.11,22.57,32.81,33.56,30.86,36.74,34.12,32.81,23.03,29.51,6.85,4.55,4.2,5.68,2.82,4.27,1.12,5.03,4.36,3.06,5.37,5.85,5.05,2.91,5.44,3.21,34.77,26.95,29.55,27.57,30.3,30.77,28.57,26.01,33.38,30.44,31.54,30.67,37.42,28.61,35.81,28.41,28.73,28.9,28.05,32.89,29.83,29.97,30.03,23.54,27.39,28.25,27.1,26.1,32.08,29.7,27.29,35.24,27.42,29.74,33.67,32.31,15.41,19.26,17.32,16.58,21.39,21.79,19.36,15.46,18.32,17.62,25.29,17.68,18.93,38.25,21.15,16.09,23.08,20.98,18.45,13.6,19.38,19.71,22.77,19.4,19.87,21.08,20.12,19.54,14.32,26.65,19.59,19.51,23.05,19.86,19.06,12.55,22.55,21.91,24.29,23.46,10.99,7.33,12.9,12.32,8.02,12.94,8.63,13.8,7.3,12.53,7.83,9.83,11.53,30.08,13.11,14.11,12.65,14.42,15.7,16.96,24.77,17.05,17.75,16.61,21.0,15.12,16.69,17.8,15.43,18.72,21.26,21.4,21.71,20.54,23.48,21.89,17.18,29.0,30.47,18.86,22.2,25.56,28.99,23.68,22.94,19.53,15.17,20.93,30.9,32.01,26.94,19.51,17.7,25.01,16.98,16.25,30.26,26.43,29.94,27.88,24.41,28.72,25.34,19.33,23.55,30.08,14.58,27.96,18.09,24.72,33.34,31.94,24.55,28.14,19.03,24.08,20.06,29.4,30.66,16.47,24.51,17.33,27.12,15.53,24.64,16.63,19.47,29.59,24.84,27.7,27.14,27.19,36.17
24.54,10.8,12.23,17.63,14.18,13.22,7.57,7.24,8.54,14.1,8.12,15.3,17.36,7.61,14.96,9.43,25.89,12.32,7.85,14.47,15.38,8.42,5.54,10.61,5.57,8.98,16.03,9.73,25.44,10.71,16.06,10.07,16.86,14.17,7.93,11.71,8.91,8.97,9.73,17.8,10.2,16.17,15.55,6.33,10.12,12.68,18.64,14.22,8.09,10.93,11.17,9.75,26.66,11.84,11.21,11.58,6.5,17.83,7.19,15.88,20.09,17.91,3.08,12.86,19.06,2.5,16.08,18.39,15.78,16.63,13.43,6.25,12.49,8.7,2.4,11.18,20.3,10.32,10.04,13.74,6.87,13.56,14.39,3.03,6.78,13.08,13.04,1.56,16.74,3.69,5.75,8.38,6.61,15.14,3.36,15.55,9.48,24.77,20.59,10.97,10.79,4.12,15.88,10.0,11.23,13.46,0.0,2.63,2.06,4.92,19.37,8.87,15.71,4.75,1.81,2.88,2.34,3.14,26.4,24.18,22.47,21.94,23.77,17.15,20.4,18.3,20.26,19.5,18.09,15.34,29.85,26.7,26.34,26.35,29.1,17.01,27.78,22.08,24.76,25.24,29.01,22.99,16.38,26.96,27.71,23.33,30.89,28.27,26.96,16.84,23.67,19.89,17.38,17.24,18.71,15.85,17.31,14.15,19.68,18.51,13.95,17.14,19.09,16.82,12.39,15.58,13.67,27.24,19.42,22.02,20.04,22.76,23.24,21.04,18.47,25.84,22.91,24.01,23.13,29.88,21.07,28.27,20.87,21.19,21.37,20.51,25.36,22.3,22.44,22.5,16.01,19.86,20.72,19.57,18.56,24.55,22.16,19.76,27.71,19.88,22.2,26.14,24.77,7.57,9.13,11.13,10.74,11.17,10.15,10.55,7.61,8.11,10.54,17.76,11.49,12.73,32.4,13.62,8.24,15.55,14.78,10.92,5.75,13.18,13.51,15.24,11.75,12.34,13.54,13.92,12.0,6.47,19.12,10.64,13.31,15.52,13.28,12.86,4.71,9.54,8.9,11.28,10.46,12.52,15.44,7.48,6.96,13.36,9.33,12.51,9.16,14.67,10.05,15.66,11.19,9.49,22.54,14.5,12.93,13.68,6.58,9.41,10.67,14.54,4.67,5.37,4.43,8.62,3.75,4.31,3.93,5.57,4.89,6.67,9.03,7.12,14.25,17.27,15.6,10.25,16.67,18.14,6.37,9.4,12.76,16.65,10.89,10.15,7.39,7.32,8.14,18.11,18.91,14.23,7.37,5.56,12.32,9.92,6.49,17.93,13.74,17.15,13.01,11.62,16.39,12.65,6.53,10.76,17.74,6.73,15.62,5.95,11.93,20.17,18.68,14.31,15.13,6.24,11.08,7.27,16.39,17.65,3.68,11.51,4.54,14.11,2.74,11.64,3.84,4.87,16.59,11.84,14.7,14.13,14.19,21.72
23.14,11.08,14.29,19.69,12.78,11.81,6.17,7.6,7.13,14.46,11.39,13.89,15.96,8.75,15.32,12.7,24.49,10.91,6.45,14.83,15.74,8.78,4.13,13.89,7.63,11.04,14.63,8.32,24.04,12.77,16.41,12.13,19.26,16.92,9.98,16.61,9.73,9.32,10.08,16.39,10.56,16.52,17.61,8.39,10.47,15.43,17.24,16.28,10.15,9.53,11.52,12.5,25.26,12.2,9.81,11.93,5.1,18.19,9.25,17.94,18.68,18.26,1.27,13.21,17.66,2.53,14.68,15.03,14.37,16.99,16.18,8.31,11.09,7.3,4.46,13.93,18.89,10.68,10.39,14.09,8.93,12.16,12.98,5.09,8.84,13.43,11.63,3.62,15.33,5.74,4.16,6.98,4.75,13.74,5.42,18.3,8.26,23.37,19.18,11.32,9.39,2.72,14.48,8.59,9.83,12.06,2.63,0.0,4.07,4.3,18.01,9.33,16.48,3.39,1.61,1.52,4.36,2.68,25.05,22.83,21.12,20.59,22.41,15.79,19.05,16.94,18.91,18.15,16.74,13.99,28.49,25.35,24.99,24.99,27.75,15.65,26.43,20.73,23.41,23.89,27.65,21.64,15.03,25.61,26.35,21.98,29.54,26.92,25.61,15.48,22.31,18.53,16.03,15.88,17.36,14.5,15.96,12.8,15.45,13.47,12.6,15.79,16.27,15.47,11.04,13.44,12.32,25.88,18.06,20.67,18.69,21.41,21.89,19.68,17.12,24.49,21.56,22.66,21.78,28.53,19.72,26.92,19.52,19.84,20.02,19.16,24.01,20.95,21.09,21.14,14.66,18.51,19.37,18.22,17.21,23.2,20.81,18.4,26.36,18.53,20.85,24.79,23.42,6.21,7.78,9.77,9.38,9.59,10.0,9.2,6.26,6.76,9.19,16.41,10.14,11.38,31.05,12.27,6.89,14.19,13.43,9.57,4.4,11.83,12.16,13.88,10.4,10.98,12.19,12.57,10.65,5.12,17.77,9.06,11.96,14.17,11.93,11.51,3.35,11.56,10.92,13.3,12.47,10.37,13.29,5.39,4.82,11.22,7.19,10.37,8.29,12.53,7.9,13.52,9.05,7.35,21.19,12.36,10.79,11.54,8.59,10.19,11.45,16.55,6.69,7.39,6.45,10.64,5.77,6.33,5.94,7.58,6.91,8.69,11.04,9.13,15.03,19.29,16.37,12.26,17.2,18.67,8.39,11.42,14.78,17.19,12.9,12.17,9.41,5.97,10.16,20.13,20.21,15.14,9.39,7.58,13.21,7.78,7.05,18.46,14.63,19.17,15.02,13.64,16.93,13.54,8.55,12.78,18.28,5.38,16.16,7.97,13.95,21.55,20.14,16.33,17.15,8.26,13.09,9.29,18.41,19.67,5.69,13.52,6.56,16.13,4.75,13.65,5.86,6.89,18.6,13.85,16.71,16.15,16.21,23.74
30.8,12.19,10.94,16.34,20.44,16.39,10.74,7.28,9.93,14.14,8.29,19.38,23.62,9.0,15.0,9.59,31.36,15.49,9.24,14.51,15.42,8.46,8.71,10.78,6.96,7.69,20.12,15.98,30.91,9.43,16.09,8.78,16.9,14.34,6.64,11.87,10.3,9.01,9.76,20.97,10.24,16.2,15.59,7.72,10.15,12.85,21.81,14.26,6.83,14.1,11.2,9.91,32.13,11.88,14.38,11.61,9.67,17.87,5.91,15.91,25.78,17.94,4.47,12.9,24.75,3.89,19.25,18.43,18.95,16.67,13.6,5.72,15.66,11.87,2.57,11.34,25.99,10.36,10.07,13.77,5.61,16.74,17.56,3.2,5.53,13.11,16.21,2.95,19.91,2.63,5.79,11.55,6.65,18.31,2.1,15.71,10.87,30.24,26.28,11.0,13.96,5.51,19.05,13.17,14.4,16.63,2.06,4.07,0.0,5.04,25.75,10.3,15.83,6.18,3.24,4.31,2.46,3.26,32.43,30.21,28.85,28.33,29.8,23.53,26.79,24.68,26.65,25.88,24.48,21.73,35.88,32.74,32.38,32.38,35.14,23.39,33.82,28.46,30.79,31.27,35.04,24.43,22.76,32.99,33.74,24.77,36.93,34.31,32.99,23.22,29.7,23.28,22.08,20.63,22.1,19.24,20.7,17.54,19.71,18.55,18.46,21.21,19.13,20.9,15.78,15.62,17.9,28.67,20.85,23.46,21.48,24.2,24.68,22.47,19.91,27.28,24.35,25.45,24.57,31.32,22.51,29.71,22.31,22.63,22.8,21.95,26.79,23.74,23.88,23.93,17.44,21.3,22.16,21.0,20.0,25.99,23.6,21.19,29.14,21.32,23.64,27.58,26.21,9.0,10.57,17.51,16.77,12.61,11.59,11.99,9.05,9.55,17.8,19.2,17.87,19.11,38.44,15.06,9.68,16.98,21.16,12.36,7.19,19.57,19.89,16.67,13.19,13.77,14.98,20.3,13.44,7.91,20.56,12.08,19.69,16.96,20.05,19.25,6.14,8.26,7.63,10.0,9.18,12.55,15.47,7.51,7.0,13.39,9.36,12.54,10.47,14.71,10.08,15.7,11.23,9.53,23.98,14.54,12.96,13.72,6.69,9.53,10.79,14.57,3.33,4.03,4.55,7.28,3.79,2.97,2.69,5.68,3.61,6.15,7.69,6.6,14.37,17.31,15.71,10.36,18.1,19.57,7.81,10.84,14.2,18.09,12.32,11.59,8.83,8.75,9.58,19.55,20.35,15.67,8.81,7.0,13.76,11.35,7.92,19.36,15.18,18.59,14.44,13.06,17.83,14.08,7.97,12.2,19.18,8.17,17.06,7.39,13.37,21.6,20.11,14.35,13.86,7.68,9.8,8.71,15.11,16.38,4.33,10.23,5.98,12.84,4.17,10.36,5.28,4.35,15.31,10.56,13.42,12.85,12.91,20.45
24.32,15.18,15.16,20.56,13.96,9.38,3.73,3.76,8.67,10.63,7.56,11.46,17.14,10.29,11.49,8.87,24.88,8.48,7.99,11.0,11.91,4.94,1.7,10.06,9.83,11.91,12.19,9.5,24.43,13.65,12.58,13.0,15.43,13.09,10.86,12.78,13.82,5.49,6.25,13.96,6.73,12.69,17.06,10.59,6.64,11.6,14.81,15.72,12.62,7.1,7.69,8.67,25.65,8.36,7.37,8.1,2.67,14.36,10.13,14.1,19.3,14.43,4.1,9.38,18.27,4.56,12.25,12.59,11.94,13.15,12.35,9.94,8.65,4.87,4.02,10.09,19.51,6.84,6.56,10.26,11.41,9.73,10.55,4.66,11.32,9.6,9.2,5.81,12.9,7.2,2.28,4.55,2.87,11.3,7.89,14.47,12.35,23.76,19.8,7.49,6.95,4.26,12.04,6.16,7.39,9.62,4.92,4.3,5.04,0.0,18.88,10.82,14.65,1.57,3.15,3.02,2.81,1.95,25.57,23.35,21.99,21.46,22.94,16.66,19.92,17.81,19.78,19.02,17.61,14.86,29.02,25.87,25.51,25.52,28.27,16.52,26.95,21.6,23.93,24.41,28.18,27.43,15.9,26.13,26.88,24.18,30.06,27.44,26.13,16.35,22.84,16.06,13.55,13.41,14.89,12.03,13.48,10.33,12.97,10.99,10.12,13.31,15.11,13.0,8.56,11.6,9.84,28.09,20.27,22.87,20.9,23.62,24.09,21.89,19.33,26.7,23.76,24.87,23.99,30.74,21.93,29.13,21.73,22.05,22.22,21.37,26.21,23.16,23.29,23.35,16.86,20.71,21.57,20.42,19.42,25.4,23.02,20.61,28.56,20.74,23.06,26.99,25.63,7.71,9.27,10.64,9.91,11.09,11.49,12.68,7.75,8.25,10.94,18.61,11.0,12.25,31.57,14.48,8.38,16.4,14.3,11.77,5.89,12.7,13.03,16.09,12.72,13.19,14.4,13.44,12.86,6.62,19.97,12.91,12.83,16.38,13.18,12.38,4.85,13.53,12.89,15.27,14.44,8.54,11.45,3.56,2.98,9.38,5.35,8.53,6.45,10.69,6.06,11.68,7.21,5.51,23.4,10.52,8.95,9.7,7.07,8.35,9.61,15.76,8.03,8.74,7.6,11.98,6.11,7.67,8.79,8.08,9.71,12.25,12.39,12.69,13.19,16.13,14.54,9.83,18.7,20.17,11.16,13.64,17.0,18.68,15.13,14.39,11.82,7.46,12.38,22.35,21.7,16.64,11.8,10.0,14.7,9.28,8.55,19.96,16.13,21.39,17.58,15.86,18.42,15.03,10.77,15.0,19.77,6.88,17.66,10.38,16.17,23.04,21.64,15.53,19.12,10.48,15.07,11.51,20.38,21.64,7.92,15.5,8.78,18.1,6.98,15.63,8.08,10.45,20.58,15.82,18.69,18.12,18.18,27.16
23.28,16.03,29.87,35.27,12.92,25.32,19.67,20.69,13.7,27.56,24.49,27.4,16.1,15.87,28.42,25.8,7.23,24.42,13.01,27.93,28.84,21.88,17.64,26.99,19.21,26.62,28.13,10.35,5.37,28.36,29.51,27.71,32.36,30.02,25.57,29.71,14.67,22.42,23.18,29.9,23.66,29.62,33.93,18.72,23.57,28.53,30.75,32.6,29.5,23.04,24.62,25.6,7.77,25.29,23.31,25.03,18.61,31.29,24.84,31.03,1.99,31.36,17.81,26.31,2.84,19.26,28.19,28.53,27.88,30.08,29.28,23.89,24.59,20.81,23.72,27.02,2.2,23.77,23.49,27.19,28.28,25.67,26.49,24.44,28.19,26.53,25.14,20.84,28.84,24.07,19.97,20.48,20.82,27.24,24.77,31.4,13.21,7.47,2.49,24.42,22.89,16.25,27.98,22.1,23.33,25.56,19.37,18.01,25.75,18.88,0.0,14.18,32.49,18.78,17.93,16.55,20.82,19.96,5.39,9.46,6.27,5.39,6.49,3.08,4.2,4.23,4.06,1.86,1.33,5.86,15.13,11.98,11.62,11.63,14.38,6.29,13.07,5.88,10.04,10.52,14.29,12.31,4.99,12.24,12.99,8.49,16.17,7.64,12.24,6.59,8.95,32.45,29.94,29.8,31.28,28.42,29.87,26.72,29.36,27.38,26.51,29.7,32.95,29.39,24.95,29.44,26.23,25.98,13.89,16.5,19.71,17.91,21.99,19.78,17.22,20.34,16.85,18.51,21.88,28.63,20.74,22.77,11.12,19.94,20.11,14.99,24.1,21.05,21.19,16.97,14.75,18.61,19.46,18.31,17.31,18.49,20.91,12.06,26.45,19.56,9.61,24.88,19.27,16.37,12.32,9.42,10.03,14.45,14.85,12.41,12.85,11.38,10.67,17.43,8.43,7.28,17.68,12.65,17.04,14.29,9.35,11.51,14.55,7.82,5.91,13.98,12.45,11.08,13.21,10.86,11.7,13.74,18.79,12.64,8.3,14.27,10.61,9.8,15.62,27.26,26.62,29.0,28.18,26.38,29.3,21.4,20.82,27.22,23.19,26.37,24.29,28.53,23.91,29.52,25.06,23.35,22.22,28.36,26.79,27.54,24.91,26.19,27.45,33.27,25.55,26.25,25.12,29.5,23.62,25.19,26.3,25.92,22.61,24.39,29.91,24.84,31.03,33.97,32.38,27.67,22.06,23.53,17.39,23.07,23.33,22.04,23.75,23.82,16.51,16.48,21.81,31.78,25.06,20.0,16.5,17.57,18.07,15.07,17.57,23.32,19.49,30.82,20.94,25.29,21.78,18.39,20.2,24.43,23.13,15.9,21.02,16.34,25.6,26.4,25.0,33.05,32.85,22.51,28.8,20.94,34.11,35.37,21.4,29.23,19.22,31.84,20.46,29.36,20.76,22.59,34.31,29.56,32.42,31.85,31.91,44.67
17.06,4.55,16.82,22.22,6.7,20.88,15.23,16.26,2.32,23.12,20.05,22.96,9.88,2.46,23.98,21.36,20.64,19.98,7.89,23.49,24.4,17.44,13.2,22.55,5.81,13.57,23.7,3.81,20.19,15.31,25.08,14.66,27.92,25.58,12.52,25.27,1.27,17.99,18.75,25.46,19.22,25.19,23.84,5.69,19.14,24.09,26.31,22.51,13.26,18.6,20.18,21.16,21.41,20.86,18.88,20.6,14.17,26.85,11.79,26.59,14.83,26.92,9.12,21.88,13.8,10.7,23.75,24.1,23.44,25.65,24.84,10.84,20.16,16.37,10.69,22.59,15.04,19.34,19.05,22.75,12.04,21.23,22.05,11.33,11.96,22.09,20.7,7.79,24.4,11.98,15.53,16.05,16.39,22.81,11.65,26.96,1.36,19.52,15.33,19.99,18.46,7.56,23.55,17.66,18.9,21.13,8.87,9.33,10.3,10.82,14.18,0.0,27.15,9.84,9.11,7.73,10.55,9.61,21.2,18.98,17.27,16.74,18.56,11.94,15.2,13.09,15.06,14.3,12.89,10.14,24.64,21.5,16.61,21.14,19.3,11.8,22.58,16.88,19.56,20.04,23.8,15.45,11.18,15.63,22.5,15.79,25.69,18.13,21.76,11.63,18.46,27.11,24.61,24.46,25.94,23.08,24.53,21.38,24.02,22.05,21.17,24.36,27.62,24.05,19.62,24.11,20.89,19.69,11.87,14.48,12.5,15.22,15.7,13.5,10.93,18.3,15.37,16.47,15.59,22.34,13.53,20.73,13.33,13.65,13.83,12.97,17.82,14.76,14.9,14.96,8.47,12.32,13.18,12.03,11.02,17.01,14.62,12.22,20.17,12.34,14.66,18.6,17.23,7.55,2.86,5.92,5.53,3.06,3.47,6.51,3.36,4.53,5.34,10.22,6.29,7.53,27.2,6.08,8.22,8.0,9.45,3.38,5.73,7.85,8.31,7.69,6.55,4.79,6.0,6.37,4.46,4.92,11.58,2.54,8.11,7.98,5.74,6.02,6.8,14.15,13.51,15.88,15.06,21.04,23.96,16.06,15.48,21.88,17.85,21.03,18.96,23.19,18.57,24.18,19.72,18.01,15.0,23.02,21.45,22.2,14.78,20.85,22.11,22.74,12.88,13.27,12.64,14.31,11.96,12.52,11.6,13.77,9.49,11.27,14.15,11.72,25.69,25.48,27.04,22.33,10.68,12.15,3.97,9.65,11.95,10.66,11.13,10.39,3.09,4.88,8.38,18.35,13.68,8.62,3.07,4.15,6.68,3.31,3.44,11.94,8.11,17.39,9.56,11.87,10.4,7.01,6.78,11.01,11.75,4.33,9.63,2.92,12.17,15.02,13.62,22.52,19.74,9.09,15.68,7.51,20.99,22.26,8.28,16.11,5.8,14.38,7.34,16.24,7.33,9.48,21.19,16.44,19.3,18.73,18.79,26.33
38.15,29.02,22.14,27.55,27.8,23.74,18.1,10.82,23.53,15.64,7.65,20.88,30.97,22.65,16.92,6.7,38.72,21.2,22.84,16.44,17.35,10.08,16.06,6.99,20.61,18.9,21.62,23.34,38.27,20.63,18.02,19.98,4.28,1.55,17.84,3.89,27.66,10.93,11.69,24.75,12.17,17.71,5.09,21.37,14.97,2.72,25.6,5.85,15.38,21.46,13.13,5.93,39.49,13.8,21.74,13.54,17.03,19.79,17.11,2.61,33.14,19.45,18.96,14.82,32.11,16.58,23.04,19.93,23.53,18.59,1.99,18.04,23.02,19.23,13.71,5.26,33.35,12.28,12.0,15.7,16.23,22.1,22.87,13.89,16.15,15.04,20.28,16.6,24.49,14.98,12.82,18.91,13.68,21.17,15.67,2.09,26.19,37.6,33.64,12.93,21.32,19.11,21.62,20.52,21.76,22.0,15.71,16.48,15.83,14.65,32.49,27.15,0.0,15.55,14.65,16.53,14.15,13.45,37.64,35.42,34.06,33.54,35.01,28.74,31.99,29.89,31.85,31.09,29.68,26.93,41.09,37.94,37.59,37.59,40.34,28.6,39.03,33.67,36.0,36.48,40.25,39.51,27.97,38.2,38.95,36.26,42.13,39.52,38.2,28.43,34.91,26.26,22.43,23.61,25.09,23.03,24.48,22.75,20.36,18.9,18.81,21.56,19.78,21.25,20.99,15.97,18.24,40.16,32.34,34.95,32.97,35.69,36.17,33.96,31.4,38.77,35.84,36.94,36.06,42.81,34.0,41.2,33.8,34.12,34.3,33.44,38.29,35.23,35.37,35.42,28.94,32.79,33.65,32.5,31.49,37.48,35.09,32.68,40.64,32.81,35.13,39.07,37.7,21.21,24.65,22.72,21.98,26.78,27.19,24.75,21.26,23.72,23.01,30.69,23.08,24.32,43.65,26.55,21.89,28.47,26.37,23.85,19.4,24.77,25.1,28.16,24.79,25.26,26.47,25.51,24.93,20.12,32.05,24.98,24.9,28.45,25.26,24.45,18.36,19.1,18.46,20.84,20.01,13.2,15.82,12.72,11.29,13.74,13.05,12.89,7.63,15.36,13.77,16.35,12.92,13.22,35.47,15.19,13.62,14.37,8.56,6.54,7.8,9.2,17.96,16.54,10.71,13.6,16.03,17.6,18.71,9.57,17.47,18.12,16.53,19.08,4.4,3.94,2.34,8.52,34.4,35.87,20.91,23.94,27.3,34.38,25.42,24.68,21.92,20.97,22.68,32.64,37.4,32.34,21.91,20.1,30.4,22.79,22.05,35.66,31.83,31.68,27.54,26.16,34.12,30.73,21.07,25.3,35.47,20.38,33.35,20.49,26.47,38.74,37.34,6.45,24.69,20.78,20.64,21.81,25.95,26.28,18.21,21.07,19.08,23.67,17.27,21.19,18.38,20.37,26.15,21.39,24.25,23.69,23.75,24.99
24.45,11.71,16.4,21.8,14.09,9.51,3.86,5.29,7.76,12.15,9.08,11.59,17.27,9.38,13.01,10.4,25.01,8.61,7.08,12.52,13.44,6.47,1.83,11.58,9.75,13.15,12.32,9.63,24.56,14.89,14.11,14.24,16.96,14.62,12.1,14.3,10.35,7.02,7.78,14.09,8.25,14.22,18.52,10.51,8.17,13.13,14.94,17.19,14.09,7.23,9.22,10.19,25.78,9.89,7.5,9.63,2.8,15.88,11.37,15.63,19.43,15.96,3.19,10.91,18.4,4.65,12.38,12.72,12.07,14.68,13.88,10.42,8.78,5.0,8.31,11.62,19.64,8.37,8.09,11.79,12.87,9.86,10.68,9.04,12.79,11.13,9.33,5.73,13.03,8.67,3.21,4.68,3.8,11.43,9.36,16.0,8.89,23.89,19.93,9.02,7.08,3.35,12.17,6.29,7.52,9.75,4.75,3.39,6.18,1.57,18.78,9.84,15.55,0.0,3.33,2.11,3.7,2.84,25.7,23.48,22.12,21.59,23.07,16.8,20.05,17.95,19.91,19.15,17.74,14.99,29.15,26.0,25.65,25.65,28.4,16.66,27.09,21.73,24.06,24.54,28.31,27.57,16.03,26.26,27.01,24.32,30.19,27.57,26.26,16.49,22.97,16.19,13.69,13.54,15.02,12.16,13.61,10.46,13.1,11.13,10.26,13.44,13.93,13.13,8.7,13.78,9.97,28.22,20.4,23.01,21.03,23.75,24.23,22.02,19.46,26.83,23.9,25.0,24.12,30.87,22.06,29.26,21.86,22.18,22.36,21.5,26.34,23.29,23.43,23.48,16.99,20.85,21.71,20.56,19.55,25.54,23.15,20.74,28.69,20.87,23.19,27.13,25.76,6.8,8.36,10.78,10.04,10.17,10.58,9.78,6.84,7.34,11.07,18.75,11.14,12.38,31.71,14.61,7.47,16.53,14.43,11.91,4.98,12.83,13.16,16.22,12.85,13.32,14.53,13.57,12.99,5.7,20.11,9.64,12.96,16.51,13.31,12.51,3.94,15.38,14.74,17.12,16.29,10.71,13.63,5.73,5.15,11.55,7.52,10.7,8.63,12.86,8.24,13.85,9.39,7.68,23.53,12.69,11.12,11.87,9.24,10.52,11.78,17.61,9.88,10.58,9.45,13.83,7.95,9.52,10.63,10.25,9.06,10.84,14.24,11.29,15.36,18.3,16.71,12.0,17.79,19.26,10.25,13.58,16.94,17.77,15.06,14.32,10.91,6.55,12.32,22.28,20.79,15.72,10.89,9.08,13.79,8.37,7.64,19.05,15.22,21.32,16.67,15.8,17.51,14.12,10.71,14.94,18.86,5.96,16.74,9.47,16.11,22.13,20.73,17.38,20.97,10.42,16.92,11.45,22.23,23.49,7.85,17.34,8.72,19.95,6.91,17.47,8.02,9.05,22.43,17.67,20.53,19.97,20.03,29.01
23.03,10.98,13.46,18.87,12.67,11.7,6.06,4.38,7.03,11.24,8.18,13.79,15.85,8.64,12.1,9.49,24.38,10.81,6.34,11.62,12.53,5.56,4.03,10.67,6.81,10.22,14.52,8.22,23.93,11.95,13.2,11.3,16.05,13.71,9.16,13.39,9.62,6.11,6.87,16.29,7.35,13.31,16.79,7.57,7.26,12.22,17.13,15.46,9.32,9.42,8.31,9.28,25.15,8.98,9.7,8.72,4.99,14.97,8.43,14.72,18.58,15.05,2.01,10.0,17.55,1.71,14.57,15.53,14.27,13.77,12.97,7.48,10.98,7.19,3.64,10.71,18.79,7.46,7.18,10.88,8.11,12.05,12.88,4.27,8.02,10.22,11.53,2.79,15.23,4.92,2.9,6.87,3.49,13.63,4.59,15.09,8.15,23.26,19.08,8.11,9.28,2.61,14.37,8.49,9.72,11.95,1.81,1.61,3.24,3.15,17.93,9.11,14.65,3.33,0.0,1.42,2.16,1.42,24.94,22.72,21.01,20.49,22.31,15.69,18.95,16.84,18.81,18.04,16.64,13.89,28.39,25.24,24.89,24.89,27.64,15.55,26.33,20.62,23.3,23.78,27.55,21.53,14.92,25.5,26.25,21.87,29.43,26.82,25.5,15.38,22.21,18.43,15.92,15.78,17.26,14.4,15.85,12.7,16.28,15.11,12.49,15.68,15.69,15.37,10.93,12.18,12.21,25.78,17.96,20.56,18.58,21.31,21.78,19.58,17.02,24.39,21.45,22.55,21.68,28.43,19.62,26.82,19.42,19.74,19.91,19.06,23.9,20.84,20.98,21.04,14.55,18.4,19.26,18.11,17.11,23.09,20.71,18.3,26.25,18.43,20.75,24.68,23.32,6.11,7.67,9.67,9.28,9.49,9.89,9.1,6.15,6.65,9.08,16.3,10.03,11.28,30.95,12.17,6.78,14.09,13.32,9.46,4.29,11.73,12.05,13.78,10.3,10.88,12.09,12.46,10.55,5.02,17.66,8.96,11.85,14.06,11.82,11.41,3.25,10.73,10.09,12.47,11.65,9.11,12.03,4.14,3.56,9.96,5.93,9.11,7.03,11.27,6.64,12.26,7.79,6.09,21.09,11.1,9.53,10.28,7.77,8.93,10.19,15.73,5.86,6.57,5.63,9.81,4.94,5.5,5.12,6.76,6.08,7.86,10.22,8.31,13.77,18.46,15.11,10.41,17.1,18.57,7.57,10.6,13.96,17.08,12.08,11.34,8.58,5.86,9.33,19.3,20.11,15.43,8.56,6.76,13.1,7.68,6.95,18.36,14.53,18.34,14.2,12.82,16.82,13.43,7.73,11.96,18.17,5.28,16.06,7.14,13.12,21.36,19.87,15.5,16.32,7.44,12.27,8.46,17.58,18.85,4.87,12.7,5.73,15.31,3.93,12.83,5.03,6.07,17.78,13.03,15.89,15.32,15.38,22.91
21.65,9.6,14.53,19.93,11.29,10.48,4.83,6.26,5.65,13.12,10.06,12.56,14.47,7.27,13.99,11.37,23.0,9.58,4.97,13.5,14.41,7.44,2.8,12.55,7.88,11.28,13.3,6.84,22.55,13.02,15.08,12.37,17.93,15.59,10.23,15.27,8.24,7.99,8.75,15.06,9.23,15.19,19.5,8.64,9.14,14.1,15.91,18.16,9.24,8.2,10.19,11.16,23.77,10.86,8.48,10.6,3.77,16.85,9.5,16.6,17.2,16.93,1.32,11.88,16.17,2.78,13.35,13.7,13.04,15.65,14.85,8.55,9.75,5.97,3.92,12.59,17.41,9.34,9.06,12.76,8.03,10.83,11.65,4.55,7.94,12.1,10.3,3.86,14.0,5.05,4.66,5.65,5.25,12.41,4.52,16.97,6.78,21.88,17.7,9.99,8.05,1.24,13.14,7.26,8.49,10.72,2.88,1.52,4.31,3.02,16.55,7.73,16.53,2.11,1.42,0.0,2.62,1.88,23.52,21.3,19.59,19.07,20.89,14.27,17.53,15.42,17.39,16.62,15.22,12.47,26.97,23.82,23.47,23.47,26.22,14.13,24.91,19.2,21.88,22.36,26.13,20.11,13.5,24.08,24.83,20.45,28.01,25.4,24.08,13.96,20.79,17.25,14.74,14.6,16.08,13.22,14.67,11.52,14.16,12.19,11.31,14.5,14.98,14.19,9.75,14.83,11.03,24.36,16.54,19.14,17.16,19.89,20.36,18.16,15.6,22.97,20.03,21.14,20.26,27.01,18.2,25.4,18.0,18.32,18.49,17.64,22.48,19.43,19.56,19.62,13.13,16.98,17.84,16.69,15.69,21.67,19.29,16.88,24.83,17.01,19.33,23.26,21.9,4.69,6.25,8.25,7.86,8.07,8.47,7.68,4.73,5.23,7.66,14.88,8.61,9.86,29.53,10.75,5.36,12.67,11.9,8.04,2.87,10.31,10.63,12.36,8.88,9.46,10.67,11.04,9.13,3.6,16.24,7.54,10.43,12.64,10.4,9.99,1.83,11.76,11.12,13.5,12.67,11.77,14.69,6.79,6.21,12.61,8.58,11.76,9.68,13.92,9.3,14.91,10.45,8.74,19.67,13.75,12.18,12.93,10.3,11.58,12.84,18.66,5.78,6.48,6.65,9.73,5.97,5.41,6.14,7.78,7.11,8.89,10.13,9.33,16.42,19.36,17.77,13.06,15.68,17.15,8.14,11.62,14.98,15.66,13.11,12.37,8.8,4.44,10.36,20.33,18.68,13.62,8.79,6.98,11.68,6.26,5.53,16.94,13.11,19.37,14.56,13.84,15.4,12.01,8.75,12.98,16.75,3.86,14.64,7.36,14.15,20.02,18.62,18.44,17.35,8.46,13.3,9.49,18.61,19.87,5.9,13.72,6.76,16.33,4.96,13.85,6.06,7.09,18.81,14.05,16.91,16.35,16.41,23.94
26.48,12.22,12.58,17.98,16.13,11.55,5.9,4.04,8.27,10.9,7.16,13.63,19.31,9.28,11.76,8.47,27.05,10.65,7.58,11.27,12.18,5.22,3.87,9.65,7.25,9.33,14.36,11.67,26.6,11.07,12.86,10.42,15.9,13.21,8.28,10.75,10.59,5.77,6.53,16.13,7.0,12.97,14.59,8.01,6.92,11.72,16.97,13.26,8.12,9.26,7.96,8.79,27.82,8.64,9.54,8.38,4.84,14.63,7.55,14.92,21.47,14.71,4.76,9.66,20.44,4.17,14.41,15.19,14.11,13.43,12.47,7.36,10.82,7.03,1.44,10.22,21.68,7.12,6.83,10.53,6.9,11.9,12.72,2.07,6.82,9.87,11.37,3.23,15.07,2.73,2.55,6.71,3.14,13.47,3.39,14.59,9.39,25.93,21.97,7.77,9.12,3.85,14.21,8.33,9.56,11.79,2.34,4.36,2.46,2.81,20.82,10.55,14.15,3.7,2.16,2.62,0.0,1.22,31.2,28.98,27.62,27.1,28.57,22.3,25.56,23.45,25.42,24.65,23.25,20.5,34.65,31.51,31.15,31.15,33.9,22.16,32.59,27.23,29.56,30.04,33.81,33.07,21.53,31.76,32.51,29.82,35.7,33.08,31.76,21.99,28.47,18.42,15.92,15.77,17.25,14.39,15.84,12.69,18.48,17.32,17.23,19.98,17.9,19.67,10.93,14.39,16.66,33.72,25.9,28.51,26.53,29.25,29.73,27.52,24.96,32.33,29.4,30.5,29.62,36.37,27.56,34.76,27.36,27.68,27.86,27.0,31.85,28.79,28.93,28.99,22.5,26.35,27.21,26.06,25.05,31.04,28.65,26.25,34.2,26.37,28.69,32.63,31.26,7.49,9.06,16.28,15.54,12.6,11.58,10.48,7.54,8.04,16.57,24.25,16.64,17.88,37.21,20.11,8.17,22.03,19.93,17.41,5.68,18.34,18.66,21.72,18.35,18.82,20.03,19.07,18.49,6.4,25.61,12.08,18.46,22.01,18.82,18.02,4.63,9.62,8.98,11.36,10.53,11.32,14.24,6.28,5.77,12.16,8.13,11.31,7.97,13.48,8.85,14.47,10.0,8.3,29.03,13.31,11.73,12.49,5.38,8.22,9.48,13.34,4.37,5.07,3.24,8.32,2.56,4.01,4.04,4.37,4.97,7.5,8.72,7.95,13.06,16.08,14.4,9.05,18.1,19.57,7.81,10.84,14.2,18.08,12.32,11.58,8.82,7.24,9.57,19.54,20.35,15.67,8.81,7.0,13.75,11.35,8.33,19.36,15.18,18.58,14.44,13.06,17.82,14.08,7.97,12.2,19.17,6.66,17.06,7.38,13.36,21.6,20.11,13.12,15.21,7.68,11.15,8.71,16.47,17.73,5.11,11.58,5.98,14.19,4.17,11.71,5.28,5.71,16.66,11.91,14.77,14.21,14.26,21.8
25.63,11.48,13.38,18.78,15.27,10.69,5.05,3.18,7.53,10.05,6.98,12.77,18.45,9.15,10.91,8.29,26.19,9.79,6.85,10.42,11.33,4.36,3.01,9.48,8.04,10.13,13.51,10.82,25.74,11.86,12.0,11.22,14.85,12.51,9.08,12.2,10.12,4.91,5.67,15.27,6.15,12.11,16.48,8.81,6.06,11.02,16.12,15.14,8.92,8.41,7.11,8.09,26.96,7.78,8.69,7.52,3.98,13.78,8.35,13.52,20.61,13.85,2.96,8.8,19.58,2.77,13.56,14.33,13.25,12.57,11.77,8.16,9.97,6.18,2.24,9.51,20.82,6.26,5.98,9.68,7.7,11.04,11.86,2.87,7.62,9.02,10.51,4.03,14.22,3.53,1.7,5.86,2.29,12.62,4.19,13.89,8.65,25.08,21.11,6.91,8.27,3.12,13.36,7.47,8.71,10.94,3.14,2.68,3.26,1.95,19.96,9.61,13.45,2.84,1.42,1.88,1.22,0.0,26.96,24.74,23.38,22.85,24.33,18.06,21.31,19.21,21.17,20.41,19.0,16.25,30.41,27.26,26.91,26.91,29.66,17.92,28.35,22.99,25.32,25.8,29.57,28.83,17.29,27.52,28.27,25.58,31.45,28.83,27.52,17.74,24.23,17.45,14.95,14.8,16.28,13.42,14.87,11.72,15.1,13.94,11.52,16.6,14.52,16.29,9.96,11.01,11.23,29.48,21.66,24.27,22.29,25.01,25.49,23.28,20.72,28.09,25.16,26.26,25.38,32.13,23.32,30.52,23.12,23.44,23.62,22.76,27.6,24.55,24.69,24.74,18.25,22.11,22.97,21.82,20.81,26.8,24.41,22.0,29.95,22.13,24.45,28.39,27.02,6.53,8.1,12.04,11.3,9.91,10.32,9.52,6.58,7.08,12.33,20.01,12.4,13.64,32.97,15.87,7.21,17.79,15.69,13.17,4.72,14.09,14.42,17.48,14.11,14.58,15.79,14.83,14.25,5.44,21.37,9.38,14.22,17.77,14.57,13.77,3.67,10.65,10.01,12.39,11.57,7.94,10.86,2.96,2.39,8.79,4.75,7.94,5.86,10.1,5.47,11.09,6.62,4.92,24.79,9.93,8.36,9.11,6.47,7.76,9.02,15.16,5.41,6.11,4.28,9.36,3.59,5.04,5.08,5.41,6.0,8.54,9.76,8.99,12.6,15.54,13.94,9.24,17.52,18.99,8.84,11.87,15.23,17.51,13.36,12.62,9.86,6.29,10.61,20.58,20.53,15.46,9.84,8.03,13.53,8.1,7.37,18.78,14.95,19.62,15.47,14.09,17.25,13.86,9.0,13.23,18.6,5.7,16.48,8.42,14.4,21.87,20.46,14.94,16.24,8.71,12.19,9.74,17.5,18.76,6.15,12.62,7.01,15.23,5.21,12.75,6.31,6.74,17.7,12.95,15.81,15.24,15.3,26.57
17.43,23.06,36.9,42.31,16.17,32.0,26.36,27.38,20.73,34.24,31.17,34.08,10.28,22.9,35.1,32.49,3.26,31.1,20.04,34.61,35.52,28.56,24.32,33.67,26.24,33.66,34.82,17.39,1.58,35.39,36.2,34.74,39.04,36.7,32.6,36.39,21.71,29.11,29.87,36.58,30.34,36.31,40.61,25.75,30.26,35.22,37.43,39.28,36.18,29.72,31.31,32.28,3.98,31.98,30.0,31.72,25.29,37.97,31.87,37.71,6.9,38.05,24.84,33.0,4.9,26.3,34.87,35.22,34.56,36.77,35.97,30.92,31.28,27.49,30.4,33.71,4.37,30.46,30.17,33.87,34.96,32.35,33.17,31.13,34.88,33.21,31.82,27.87,35.52,30.76,26.65,27.17,27.51,33.93,31.45,38.08,20.24,3.68,4.0,31.11,29.58,23.28,34.67,28.78,30.02,32.25,26.4,25.05,32.43,25.57,5.39,21.2,37.64,25.7,24.94,23.52,31.2,26.96,0.0,5.72,3.06,1.19,2.75,7.19,3.38,6.54,5.06,6.12,5.42,9.2,11.38,8.24,7.88,7.88,10.64,9.62,9.32,1.96,6.29,6.77,10.54,8.19,8.32,8.37,9.24,4.37,12.43,3.52,8.5,9.92,5.2,39.42,36.92,36.77,38.25,35.39,36.85,33.69,36.33,34.36,33.49,36.67,39.93,36.36,31.93,36.42,33.21,20.07,9.77,12.38,22.19,13.45,16.07,13.87,10.0,16.76,13.27,14.93,15.96,22.71,22.2,19.19,7.0,14.02,14.2,10.87,18.19,15.13,15.27,12.86,11.82,12.69,13.55,12.4,11.39,14.91,14.99,7.94,20.54,22.2,5.49,18.97,15.69,23.56,19.51,13.78,18.0,21.64,22.05,19.61,20.04,18.58,17.65,25.55,12.78,11.64,13.94,16.1,24.24,13.0,13.71,18.71,21.75,12.18,10.27,13.34,19.65,15.36,21.33,15.87,19.79,20.94,26.91,19.84,12.66,13.62,14.96,14.16,22.82,34.46,33.82,36.2,35.37,33.35,36.27,28.37,27.8,34.19,30.16,33.34,31.27,35.51,30.88,36.5,32.03,30.33,21.97,35.34,33.76,34.52,31.88,33.17,34.43,40.25,32.53,33.23,32.09,36.48,30.6,32.16,33.28,32.9,29.81,31.59,36.88,32.04,38.01,40.95,39.35,34.65,29.26,30.73,24.59,30.27,30.53,29.24,30.94,31.01,23.71,23.68,29.01,38.97,32.26,27.2,23.69,24.77,25.26,22.27,24.76,30.52,26.69,38.01,28.14,32.49,28.98,25.59,27.4,31.63,30.33,23.09,28.21,23.54,32.8,33.6,32.2,40.02,40.05,29.71,36.0,28.14,41.31,42.57,28.6,36.42,26.42,39.03,27.66,36.55,27.95,29.79,41.51,36.75,39.61,39.05,39.11,51.65
17.84,20.84,34.68,40.09,19.62,29.78,24.14,25.16,18.51,32.02,28.95,31.86,10.69,20.68,32.88,30.27,4.97,28.88,17.82,32.39,33.3,26.34,22.1,31.45,24.02,31.44,32.6,15.17,4.52,33.17,33.98,32.52,36.82,34.48,30.38,34.17,19.49,26.89,27.65,34.36,28.12,34.09,38.39,23.53,28.04,33.0,35.21,37.06,33.96,27.5,29.09,30.06,2.8,29.76,27.78,29.5,23.07,35.75,29.65,35.49,10.22,35.83,22.62,30.78,9.66,24.08,32.65,33.0,32.34,34.55,33.75,28.7,29.06,25.27,28.18,31.49,8.44,28.24,27.95,31.65,32.74,30.13,30.95,28.91,32.66,30.99,29.6,25.65,33.3,28.54,24.43,24.95,25.29,31.71,29.23,35.86,18.02,1.36,8.07,28.89,27.36,21.06,32.45,26.56,27.8,30.03,24.18,22.83,30.21,23.35,9.46,18.98,35.42,23.48,22.72,21.3,28.98,24.74,5.72,0.0,7.82,7.81,2.96,11.12,8.14,11.3,9.82,9.91,9.38,13.91,7.85,4.7,4.34,4.35,7.1,14.33,5.78,6.47,2.76,2.12,7.0,6.26,13.04,4.96,5.71,8.32,8.89,7.47,4.96,14.63,1.66,36.49,33.98,33.84,35.31,32.45,33.91,30.75,33.4,31.42,30.55,33.74,36.99,33.42,28.99,33.48,30.27,20.48,10.19,10.57,24.89,10.62,16.48,14.28,10.42,13.06,9.57,11.23,16.38,23.13,25.92,15.49,7.41,12.19,14.45,11.28,18.6,15.54,15.52,10.74,12.23,13.1,13.33,12.81,11.8,11.2,15.41,8.35,20.95,24.73,7.82,19.38,11.99,20.63,16.58,15.45,15.06,18.71,19.11,16.67,17.11,15.64,14.71,22.61,15.81,17.06,11.0,18.47,21.3,13.41,19.1,15.77,18.81,17.51,17.84,13.75,16.71,17.19,18.39,18.24,16.85,18.0,23.97,16.9,17.63,14.03,17.99,17.19,19.88,31.52,30.88,33.26,32.44,30.42,33.33,25.44,24.86,31.26,27.23,30.41,28.33,32.57,27.94,33.56,29.09,27.39,22.38,32.4,30.83,31.58,28.95,30.23,31.49,37.31,29.59,30.29,29.15,33.54,27.66,29.23,30.34,29.96,26.87,28.65,33.94,29.1,35.07,38.01,36.42,31.71,26.32,27.79,21.65,27.33,27.59,26.3,28.01,28.08,20.77,20.74,26.07,36.04,29.32,24.26,20.76,21.83,22.33,19.33,21.83,27.58,23.75,35.08,25.2,29.55,26.04,22.65,24.46,28.69,27.39,20.16,25.28,20.6,29.86,30.66,29.26,37.09,37.11,26.77,33.06,25.2,38.37,39.63,25.66,33.49,23.48,36.1,24.72,33.62,25.02,26.85,38.57,33.82,36.68,36.11,36.17,48.71
17.02,19.14,32.98,38.38,15.77,28.42,22.78,23.8,16.81,30.66,27.59,30.5,9.88,18.97,31.52,28.91,2.86,27.52,16.11,31.03,31.94,24.98,20.74,30.09,22.31,29.73,31.24,13.46,5.21,31.46,32.62,30.82,35.46,33.12,28.67,32.81,17.78,25.53,26.29,33.0,26.76,32.73,37.03,21.82,26.68,31.64,33.85,35.7,32.6,26.14,27.73,28.7,6.43,28.4,26.42,28.14,21.71,34.39,27.94,34.13,5.59,34.47,20.91,29.42,3.58,22.37,31.29,31.64,30.98,33.19,32.39,27.0,27.7,23.91,26.82,30.13,6.24,26.88,26.59,30.29,31.38,28.77,29.59,27.55,31.3,29.63,28.24,23.94,31.94,27.18,23.07,23.59,23.93,30.35,27.87,34.5,16.31,6.13,5.87,27.53,26.0,19.35,31.09,25.2,26.44,28.67,22.47,21.12,28.85,21.99,6.27,17.27,34.06,22.12,21.01,19.59,27.62,23.38,3.06,7.82,0.0,1.99,4.86,5.88,2.07,5.23,3.75,4.81,7.07,7.89,13.49,10.35,8.94,9.99,12.75,8.31,11.43,1.36,8.41,8.89,12.65,7.79,7.01,7.97,11.35,3.96,14.54,3.11,10.61,8.61,7.31,35.49,32.99,32.84,34.32,31.46,32.92,29.76,32.41,30.43,29.56,32.75,36.0,32.43,28.0,32.49,29.28,19.66,9.37,11.97,21.79,13.05,15.67,13.46,9.6,16.36,12.86,14.53,15.56,22.31,21.79,18.79,6.59,13.62,13.79,10.47,17.78,14.73,14.87,12.45,11.41,12.29,13.14,11.99,10.99,14.5,14.59,7.54,20.13,21.79,5.09,18.56,15.29,19.41,15.36,12.47,13.08,17.49,17.9,15.46,15.89,14.43,13.72,20.48,11.47,10.33,16.05,15.7,20.09,12.59,12.4,14.56,17.6,10.87,8.96,12.93,15.5,14.96,16.26,13.91,14.74,16.79,21.84,15.69,11.35,13.22,13.65,12.85,18.66,30.31,29.67,32.05,31.22,29.42,32.34,24.44,23.87,30.26,26.23,29.41,27.34,31.58,26.95,32.57,28.1,26.4,21.57,31.41,29.83,30.59,27.95,29.24,30.5,36.32,28.6,29.3,28.16,32.55,26.67,28.23,29.35,28.97,25.66,27.44,32.95,27.88,34.08,37.02,35.42,30.72,25.1,26.57,20.44,26.12,26.38,25.09,26.79,26.86,19.56,19.53,24.85,34.82,28.11,23.04,19.54,20.62,21.11,18.12,20.61,26.37,22.54,33.86,23.99,28.34,24.83,21.44,23.25,27.48,26.18,18.94,24.06,19.39,28.64,29.45,28.05,36.1,35.9,25.55,31.84,23.98,37.16,38.42,24.44,32.27,22.27,34.88,23.5,32.4,23.8,25.64,37.35,32.6,35.46,34.9,34.96,47.72
17.01,18.61,32.45,37.85,15.76,27.9,22.25,23.27,16.28,30.13,27.07,29.98,9.87,18.45,31.0,28.38,2.84,27.0,15.59,30.51,31.42,24.45,20.22,29.56,21.79,29.2,30.71,12.93,4.36,30.94,32.09,30.29,34.94,32.6,28.15,32.28,17.25,25.0,25.76,32.48,26.24,32.2,36.51,21.3,26.15,31.11,33.32,35.18,32.07,25.61,27.2,28.17,6.42,27.87,25.89,27.61,21.18,33.86,27.42,33.61,5.06,33.94,20.39,28.89,3.06,21.84,30.76,31.11,30.46,32.66,31.86,26.47,27.17,23.38,26.3,29.6,4.37,26.35,26.07,29.77,30.86,28.25,29.07,27.02,30.77,29.11,27.72,23.42,31.42,26.65,22.54,23.06,23.4,29.82,27.34,33.98,15.78,6.12,4.0,27.0,25.47,18.83,30.56,24.68,25.91,28.14,21.94,20.59,28.33,21.46,5.39,16.74,33.54,21.59,20.49,19.07,27.1,22.85,1.19,7.81,1.99,0.0,4.85,5.36,1.54,4.7,3.22,4.28,5.43,7.36,13.48,10.34,8.93,9.98,12.74,7.78,11.42,1.55,8.39,8.87,12.64,7.78,6.49,7.96,11.34,3.95,14.53,3.1,10.6,8.08,7.3,34.97,32.46,32.32,33.79,30.94,32.39,29.24,31.88,29.9,29.03,32.22,35.47,31.91,27.47,31.96,28.75,19.65,9.36,11.96,21.78,13.04,15.65,13.45,9.59,16.35,12.85,14.52,15.55,22.3,21.78,18.78,6.58,13.61,13.78,10.46,17.77,14.72,14.85,12.44,11.4,12.28,13.13,11.98,10.98,14.49,14.58,7.52,20.12,21.78,5.08,18.55,15.28,18.88,14.84,11.94,12.55,16.97,17.37,14.93,15.36,13.9,13.19,19.95,10.95,9.8,16.04,15.69,19.56,12.58,11.87,14.03,17.07,10.34,8.43,12.92,14.97,14.95,15.73,13.38,14.22,16.26,21.31,15.16,10.82,13.21,13.12,12.32,18.14,29.78,29.14,31.52,30.7,28.9,31.82,23.92,23.34,29.74,25.71,28.89,26.81,31.05,26.43,32.04,27.57,25.87,21.56,30.88,29.31,30.06,27.43,28.71,29.97,35.79,28.07,28.77,27.64,32.02,26.14,27.71,28.82,28.44,25.13,26.91,32.42,27.36,33.55,36.49,34.9,30.19,24.58,26.05,19.91,25.59,25.85,24.56,26.27,26.34,19.03,19.0,24.33,34.3,27.58,22.52,19.02,20.09,20.58,17.59,20.09,25.84,22.01,33.34,23.46,27.81,24.3,20.91,22.72,26.95,25.65,18.42,23.54,18.86,28.12,28.92,27.52,35.57,35.37,25.03,31.32,23.46,36.63,37.89,23.92,31.75,21.74,34.35,22.98,31.88,23.28,25.11,36.83,32.08,34.94,34.37,34.43,47.19
18.62,20.43,34.27,39.67,19.21,29.37,23.72,24.75,18.1,31.61,28.54,31.45,11.48,20.27,32.47,29.85,2.0,28.47,17.41,31.98,32.89,25.93,21.69,31.04,23.61,31.02,32.19,14.75,1.55,32.76,33.56,32.11,36.41,34.07,29.97,33.76,19.07,26.48,27.23,33.95,27.71,33.67,37.98,23.12,27.63,32.58,34.8,36.65,33.55,27.09,28.67,29.65,2.77,29.35,27.37,29.08,22.66,35.34,29.24,35.08,7.25,35.41,22.21,30.37,6.7,23.66,32.24,32.59,31.93,34.14,33.33,28.29,28.64,24.86,27.77,31.08,5.47,27.83,27.54,31.24,32.33,29.72,30.54,28.49,32.24,30.58,29.19,25.24,32.89,28.13,24.02,24.54,24.88,31.3,28.82,35.45,17.61,2.47,5.11,28.48,26.94,20.65,32.03,26.15,27.39,29.61,23.77,22.41,29.8,22.94,6.49,18.56,35.01,23.07,22.31,20.89,28.57,24.33,2.75,2.96,4.86,4.85,0.0,8.16,5.18,8.34,6.86,6.94,6.41,10.95,8.64,5.49,5.13,5.14,7.89,11.37,6.57,3.5,3.55,4.03,7.8,7.05,10.07,5.75,6.5,5.36,9.68,4.51,5.75,11.67,2.46,36.68,34.17,34.03,35.5,32.64,34.1,30.94,33.59,31.61,30.74,33.93,37.18,33.61,29.18,33.67,30.46,21.27,10.98,11.36,25.08,11.42,17.27,15.07,11.21,13.85,10.36,12.02,17.17,23.92,26.11,16.28,8.2,12.99,15.24,12.07,19.39,16.34,16.32,11.53,13.02,13.89,14.12,13.6,12.6,12.0,16.2,9.14,21.74,24.92,6.48,20.17,12.78,20.82,16.77,15.64,15.25,18.9,19.3,16.86,17.3,15.83,14.9,22.8,16.0,17.25,11.19,18.66,21.49,14.2,19.29,15.96,19.0,17.7,11.0,14.54,16.9,17.38,18.58,18.43,17.04,18.19,24.16,17.09,17.82,14.83,18.18,17.38,20.07,31.71,31.07,33.45,32.63,30.6,33.52,25.63,25.05,31.45,27.42,30.6,28.52,32.76,28.13,33.75,29.28,27.58,27.58,32.59,31.02,31.77,29.14,30.42,31.68,37.5,29.78,30.48,29.34,33.73,27.85,29.42,30.53,30.15,27.06,28.84,34.13,29.29,35.26,38.2,36.6,31.9,26.51,27.98,21.84,27.52,27.78,26.49,28.2,28.27,20.96,20.93,26.26,36.23,29.51,24.45,20.95,22.02,22.52,19.52,22.02,27.77,23.94,35.27,25.39,29.74,26.23,22.84,24.65,28.88,27.58,20.35,25.47,20.79,30.05,30.85,29.45,37.28,37.3,26.96,33.25,25.39,38.56,39.82,25.85,33.68,23.67,36.28,24.91,33.81,25.21,27.04,38.76,34.01,36.87,36.3,36.36,48.9
21.06,13.81,27.65,33.06,10.7,23.1,17.45,18.48,11.48,25.34,22.27,25.18,13.88,13.65,26.2,23.58,6.99,22.2,10.79,25.71,26.62,19.66,15.42,24.77,16.99,24.4,25.92,8.14,7.11,26.14,27.29,25.49,30.14,27.8,23.35,27.49,12.46,20.2,20.96,27.68,21.44,27.4,31.71,16.5,21.35,26.31,28.53,30.38,27.28,20.82,22.4,23.38,9.51,23.08,21.1,22.81,16.39,29.07,22.62,28.81,3.73,29.14,15.59,24.09,2.46,17.05,25.97,26.32,25.66,27.87,27.06,21.67,22.37,18.59,21.5,24.81,3.94,21.56,21.27,24.97,26.06,23.45,24.27,22.22,25.97,24.31,22.92,18.62,26.62,21.86,17.75,18.27,18.61,25.03,22.55,29.18,10.99,9.21,4.23,22.2,20.67,14.03,25.76,19.88,21.11,23.34,17.15,15.79,23.53,16.66,3.08,11.94,28.74,16.8,15.69,14.27,22.3,18.06,7.19,11.12,5.88,5.36,8.16,0.0,3.82,1.71,3.68,2.91,1.75,3.34,16.92,13.78,13.08,13.42,16.17,3.77,14.86,5.49,11.83,12.31,16.08,11.92,2.47,12.1,14.78,8.1,17.97,7.25,14.03,4.07,10.74,30.17,27.67,27.52,29.0,26.14,27.59,24.44,27.08,25.11,24.23,27.42,30.68,27.11,22.68,27.17,23.95,23.7,15.88,18.49,17.43,19.23,19.71,17.5,14.94,22.31,19.38,20.48,19.6,26.35,18.47,24.74,10.73,17.66,17.84,16.98,21.82,18.77,18.91,18.96,12.48,16.33,17.19,16.04,15.03,21.02,18.63,11.67,24.18,17.28,9.23,22.61,21.24,14.09,10.04,7.14,7.75,12.17,12.57,10.14,10.57,9.1,8.4,15.15,6.15,5.0,19.48,10.37,14.76,12.01,7.08,9.23,12.27,5.54,3.64,11.7,10.18,8.8,10.94,8.58,9.42,11.46,16.51,10.37,6.02,11.99,8.33,7.53,13.34,24.98,24.34,26.72,25.9,24.1,27.02,19.12,18.54,24.94,20.91,24.09,22.02,26.25,21.63,27.24,22.78,21.07,19.94,26.08,24.51,25.26,22.63,23.91,25.17,31.0,23.27,23.97,22.84,27.22,21.34,22.91,24.02,23.64,20.33,22.11,27.63,22.56,28.75,31.69,30.1,25.39,19.78,21.25,15.11,20.79,21.05,19.77,21.47,21.54,14.24,14.2,19.53,29.5,22.79,17.72,14.22,15.29,15.79,12.79,15.29,21.04,17.21,28.54,18.66,23.01,19.5,16.12,17.92,22.15,20.86,13.62,18.74,14.06,23.32,24.12,22.72,30.77,30.57,20.23,26.52,18.66,31.83,33.1,19.12,26.95,16.95,29.56,18.18,27.08,18.48,20.32,32.03,27.28,30.14,29.57,29.63,42.4
17.34,17.07,30.91,36.31,13.96,26.35,20.71,21.73,14.74,28.59,25.52,28.44,10.2,16.9,29.45,26.84,3.18,25.45,14.04,28.97,29.88,22.91,18.68,28.02,20.25,27.66,29.17,11.39,5.53,29.39,30.55,28.75,33.4,31.06,26.61,30.74,15.71,23.46,24.22,30.94,24.7,30.66,34.97,19.76,24.61,29.57,31.78,33.63,30.53,24.07,25.66,26.63,6.75,26.33,24.35,26.07,19.64,32.32,25.87,32.07,3.52,32.4,18.85,27.35,1.52,20.3,29.22,29.57,28.92,31.12,30.32,24.93,25.63,21.84,24.75,28.06,5.06,24.81,24.53,28.23,29.32,26.7,27.53,25.48,29.23,27.57,26.18,21.88,29.88,25.11,21.0,21.52,21.86,28.28,25.8,32.44,14.24,6.45,6.19,25.46,23.93,17.29,29.02,23.14,24.37,26.6,20.4,19.05,26.79,19.92,4.2,15.2,31.99,20.05,18.95,17.53,25.56,21.31,3.38,8.14,2.07,1.54,5.18,3.82,0.0,3.16,1.68,2.74,5.01,5.82,13.82,10.67,9.26,10.32,13.07,6.24,11.75,1.68,8.73,9.21,12.97,8.11,4.95,8.29,11.68,4.28,14.86,3.43,10.93,6.54,7.63,33.43,30.92,30.78,32.25,29.39,30.85,27.69,30.34,28.36,27.49,30.68,33.93,30.37,25.93,30.42,27.21,19.98,9.69,12.29,20.69,13.37,15.99,13.78,9.92,16.68,13.19,14.85,15.88,22.63,21.72,19.11,6.91,13.94,14.11,10.79,18.1,15.05,15.19,12.77,11.74,12.61,13.47,12.31,11.31,14.82,14.91,7.86,20.45,20.53,5.41,18.89,15.61,17.34,13.29,10.4,11.01,15.43,15.83,13.39,13.82,12.36,11.65,18.41,9.41,8.26,16.37,13.63,18.02,12.91,10.33,12.49,15.53,8.8,6.89,13.25,13.43,12.06,14.19,11.84,12.67,14.72,19.77,13.62,9.28,13.54,11.58,10.78,16.6,28.24,27.6,29.98,29.15,27.36,30.27,22.38,21.8,28.2,24.17,27.35,25.27,29.51,24.88,30.5,26.03,24.33,21.89,29.34,27.77,28.52,25.89,27.17,28.43,34.25,26.53,27.23,26.09,30.48,24.6,26.17,27.28,26.9,23.59,25.37,30.88,25.82,32.01,34.95,33.36,28.65,23.04,24.51,18.37,24.05,24.31,23.02,24.73,24.8,17.49,17.46,22.79,32.76,26.04,20.98,17.48,18.55,19.04,16.05,18.55,24.3,20.47,31.8,21.92,26.27,22.76,19.37,21.18,25.41,24.11,16.87,22.0,17.32,26.58,27.38,25.98,34.03,33.83,23.49,29.78,21.92,35.09,36.35,22.38,30.21,20.2,32.81,21.44,30.34,21.74,23.57,35.29,30.53,33.4,32.83,32.89,45.65
22.21,14.96,28.8,34.2,11.85,24.25,18.6,19.62,12.63,26.49,23.42,26.33,15.03,14.8,27.35,24.73,6.34,23.35,11.94,26.86,27.77,20.81,16.57,25.92,18.14,25.55,27.06,9.28,8.26,27.29,28.44,26.64,31.29,28.95,24.5,28.64,13.6,21.35,22.11,28.83,22.59,28.55,32.86,17.65,22.5,27.46,29.68,31.53,28.43,21.97,23.55,24.53,9.92,24.22,22.24,23.96,17.54,30.22,23.77,29.96,3.04,30.29,16.74,25.24,1.8,18.2,27.12,27.46,26.81,29.02,28.21,22.82,23.52,19.74,22.65,25.96,5.09,22.7,22.42,26.12,27.21,24.6,25.42,23.37,27.12,25.46,24.07,19.77,27.77,23.0,18.9,19.42,19.75,26.17,23.7,30.33,12.14,9.61,5.38,23.35,21.82,15.18,26.91,21.03,22.26,24.49,18.3,16.94,24.68,17.81,4.23,13.09,29.89,17.95,16.84,15.42,23.45,19.21,6.54,11.3,5.23,4.7,8.34,1.71,3.16,0.0,3.02,2.26,2.9,3.71,16.98,13.83,12.43,13.48,16.23,2.18,14.91,4.84,11.89,12.37,16.14,11.27,2.84,11.45,14.84,7.45,18.02,6.6,14.09,4.44,10.8,31.32,28.81,28.67,30.15,27.29,28.74,25.59,28.23,26.25,25.38,28.57,31.83,28.26,23.82,28.31,25.1,24.85,12.85,15.46,18.58,16.53,20.86,18.65,13.08,19.84,16.35,18.01,20.75,27.5,19.61,22.27,10.08,18.81,18.98,13.95,22.97,19.92,20.06,15.93,13.62,17.48,18.34,17.18,16.18,17.99,19.78,11.02,25.32,18.43,8.57,23.75,18.77,15.24,11.19,8.29,8.9,13.32,13.72,11.28,11.72,10.25,9.54,16.3,7.3,6.15,19.53,11.52,15.91,13.16,8.22,10.38,13.42,6.69,4.79,12.85,11.32,9.95,12.09,9.73,10.57,12.61,17.66,11.51,7.17,13.14,9.48,8.67,14.49,26.13,25.49,27.87,27.05,25.25,28.17,20.27,19.69,26.09,22.06,25.24,23.16,27.4,22.78,28.39,23.93,22.22,21.09,27.23,25.66,26.41,23.78,25.06,26.32,32.14,24.42,25.12,23.99,28.37,22.49,24.06,25.17,24.79,21.48,23.26,28.78,23.71,29.9,32.84,31.25,26.54,20.93,22.4,16.26,21.94,22.2,20.92,22.62,22.69,15.39,15.35,20.68,30.65,23.93,18.87,15.37,16.44,16.94,13.94,16.44,22.19,18.36,29.69,19.81,24.16,20.65,17.26,19.07,23.3,22.0,14.77,19.89,15.21,24.47,25.27,23.87,31.92,31.72,21.38,27.67,19.81,32.98,34.24,20.27,28.1,18.09,30.71,19.33,28.23,19.63,21.46,33.18,28.43,31.29,30.72,30.78,43.55
19.02,16.93,30.77,36.17,13.82,26.21,20.57,21.59,14.6,28.45,25.38,28.3,11.88,16.76,29.31,26.7,4.86,25.31,13.9,28.83,29.74,22.77,18.54,27.88,20.11,27.52,29.03,11.25,7.21,29.25,30.41,28.61,33.26,30.92,26.47,30.6,15.57,23.32,24.08,30.79,24.55,30.52,34.82,19.62,24.47,29.43,31.64,33.49,30.39,23.93,25.52,26.49,8.44,26.19,24.21,25.93,19.5,32.18,25.73,31.93,3.38,32.26,18.71,27.21,1.38,20.16,29.08,29.43,28.78,30.98,30.18,24.79,25.49,21.7,24.61,27.92,4.92,24.67,24.39,28.09,29.17,26.56,27.39,25.34,29.09,27.43,26.04,21.73,29.74,24.97,20.86,21.38,21.72,28.14,25.66,32.3,14.1,8.13,5.21,25.32,23.79,17.15,28.88,23.0,24.23,26.46,20.26,18.91,26.65,19.78,4.06,15.06,31.85,19.91,18.81,17.39,25.42,21.17,5.06,9.82,3.75,3.22,6.86,3.68,1.68,3.02,0.0,2.6,4.86,5.68,15.5,12.35,10.95,12.0,14.75,6.1,13.43,3.36,10.41,10.89,14.66,9.79,4.81,9.97,13.36,5.97,16.54,5.12,12.61,6.4,9.32,33.29,30.78,30.64,32.11,29.25,30.71,27.55,30.2,28.22,27.35,30.54,33.79,30.22,25.79,30.28,27.07,21.66,11.37,13.98,20.55,15.05,17.67,15.46,11.6,18.36,14.87,16.53,17.56,24.31,21.58,20.79,8.6,15.62,15.8,12.47,19.79,16.73,16.87,14.45,13.42,14.29,15.15,14.0,12.99,16.5,16.59,9.54,22.14,20.39,7.09,20.57,17.29,17.2,13.15,10.26,10.87,15.28,15.69,13.25,13.68,12.22,11.51,18.27,9.27,8.12,18.05,13.48,17.88,15.13,10.19,12.35,15.39,8.66,6.75,14.82,13.29,11.92,14.05,11.7,12.53,14.58,19.63,13.48,9.14,15.1,11.44,10.64,16.46,28.1,27.46,29.84,29.01,27.21,30.13,22.24,21.66,28.06,24.03,27.21,25.13,29.37,24.74,30.36,25.89,24.19,23.05,29.2,27.63,28.38,25.75,27.03,28.29,34.11,26.39,27.09,25.95,30.34,24.46,26.03,27.14,26.76,23.45,25.23,30.74,25.68,31.87,34.81,33.21,28.51,22.9,24.37,18.23,23.91,24.17,22.88,24.58,24.66,17.35,17.32,22.65,32.61,25.9,20.84,17.33,18.41,18.9,15.91,18.4,24.16,20.33,31.65,21.78,26.13,22.62,19.23,21.04,25.27,23.97,16.73,21.86,17.18,26.44,27.24,25.84,33.89,33.69,23.35,29.64,21.78,34.95,36.21,22.24,30.06,20.06,32.67,21.3,30.19,21.6,23.43,35.15,30.39,33.25,32.69,32.75,45.51
20.08,16.17,30.0,35.41,13.06,25.45,19.81,20.83,13.84,27.69,24.62,27.53,12.94,16.0,28.55,25.94,5.92,24.55,13.14,28.06,28.97,22.01,17.77,27.12,19.34,26.76,28.27,10.49,5.89,28.49,29.65,27.85,32.49,30.15,25.7,29.84,14.81,22.56,23.32,30.03,23.79,29.76,34.06,18.85,23.71,28.67,30.88,32.73,29.63,23.17,24.75,25.73,8.29,25.43,23.45,25.17,18.74,31.42,24.97,31.16,1.18,31.5,17.94,26.45,1.39,19.4,28.32,28.67,28.01,30.22,29.42,24.03,24.73,20.94,23.85,27.16,2.72,23.91,23.62,27.32,28.41,25.8,26.62,24.58,28.33,26.66,25.27,20.97,28.97,24.21,20.1,20.62,20.96,27.38,24.9,31.53,13.34,7.99,3.01,24.56,23.03,16.38,28.12,22.23,23.47,25.7,19.5,18.15,25.88,19.02,1.86,14.3,31.09,19.15,18.04,16.62,24.65,20.41,6.12,9.91,4.81,4.28,6.94,2.91,2.74,2.26,2.6,0.0,1.85,4.92,15.76,12.61,12.01,12.26,15.01,5.34,13.7,4.42,10.67,11.15,14.92,10.85,4.04,11.03,13.62,7.03,16.8,6.18,12.87,5.64,9.58,32.52,30.02,29.87,31.35,28.49,29.95,26.79,29.43,27.46,26.59,29.77,33.03,29.46,25.03,29.52,26.31,22.72,12.43,15.04,19.79,16.11,18.73,16.53,12.66,19.42,15.93,17.59,18.62,25.37,20.82,21.85,9.66,16.68,16.86,13.53,20.85,17.79,17.93,15.51,14.83,15.35,16.21,15.06,14.05,17.57,17.65,10.6,23.2,19.63,8.15,21.63,18.35,16.44,12.39,9.49,10.1,14.52,14.93,12.49,12.92,11.46,10.75,17.51,8.5,7.36,18.32,12.72,17.12,14.37,9.43,11.59,14.63,7.9,5.99,14.06,12.53,11.16,13.29,10.94,11.77,13.82,18.87,12.72,8.38,14.34,10.68,9.88,15.69,27.34,26.7,29.08,28.25,26.45,29.37,21.47,20.9,27.29,23.26,26.44,24.37,28.61,23.98,29.6,25.13,23.43,22.29,28.44,26.86,27.62,24.98,26.27,27.53,33.35,25.63,26.33,25.19,29.58,23.7,25.26,26.38,26.0,22.69,24.46,29.98,24.91,31.11,34.05,32.45,27.75,22.13,23.6,17.47,23.15,23.4,22.12,23.82,23.89,16.59,16.56,21.88,31.85,25.14,20.07,16.57,17.65,18.14,15.15,17.64,23.4,19.56,30.89,21.02,25.37,21.86,18.47,20.28,24.51,23.21,15.97,21.09,16.41,25.67,26.48,25.08,33.12,32.93,22.58,28.87,21.01,34.19,35.45,21.47,29.3,19.3,31.91,20.53,29.43,20.83,22.67,34.38,29.63,32.49,31.93,31.99,44.75
22.01,14.76,28.6,34.0,11.65,24.04,18.4,19.42,12.43,26.28,23.22,26.13,14.83,14.59,27.14,24.53,7.22,23.14,11.74,26.66,27.57,20.6,16.37,25.71,17.94,25.35,26.86,9.08,5.36,27.08,28.24,26.44,31.09,28.75,24.3,28.43,13.4,21.15,21.91,28.63,22.39,28.35,32.66,17.45,22.3,27.26,29.47,31.32,28.22,21.76,23.35,24.32,7.76,24.02,22.04,23.76,17.33,30.01,23.56,29.76,1.98,30.09,16.54,25.04,3.65,17.99,26.91,27.26,26.61,28.81,28.01,22.62,23.32,19.53,22.44,25.75,2.19,22.5,22.22,25.92,27.01,24.39,25.22,23.17,26.92,25.26,23.87,19.57,27.57,22.8,18.69,19.21,19.55,25.97,23.49,30.13,11.93,7.46,2.48,23.15,21.62,14.98,26.71,20.83,22.06,24.29,18.09,16.74,24.48,17.61,1.33,12.89,29.68,17.74,16.64,15.22,23.25,19.0,5.42,9.38,7.07,5.43,6.41,1.75,5.01,2.9,4.86,1.85,0.0,4.53,15.17,12.03,11.67,11.67,14.43,4.95,13.11,6.68,10.08,10.56,14.33,13.11,3.66,12.28,13.03,9.29,16.22,8.44,12.28,5.26,8.99,31.12,28.61,28.47,29.94,27.08,28.54,25.38,28.03,26.05,25.18,28.37,31.62,28.06,23.62,28.11,24.9,24.65,16.83,19.43,18.38,20.18,20.65,18.45,15.89,20.39,16.89,18.56,20.55,27.3,19.41,22.82,11.92,18.61,18.78,17.93,22.77,19.72,19.85,19.91,13.42,17.27,18.13,16.98,15.98,18.53,19.58,12.86,25.12,18.22,10.42,23.55,19.32,15.03,10.98,8.09,8.7,13.12,13.52,11.08,11.51,10.05,9.34,16.1,7.1,5.95,17.73,11.32,15.71,12.96,8.02,10.18,13.22,6.49,4.58,12.65,11.12,9.75,11.88,9.53,10.36,12.41,17.46,11.31,6.97,12.94,9.27,8.47,14.29,25.93,25.29,27.67,26.84,25.05,27.97,20.07,19.49,25.89,21.86,25.04,22.96,27.2,22.57,28.19,23.72,22.02,20.88,27.03,25.46,26.21,23.58,24.86,26.12,31.94,24.22,24.92,23.78,28.17,22.29,23.86,24.97,24.59,21.28,23.06,28.57,23.51,29.7,32.64,31.05,26.34,20.73,22.2,16.06,21.74,22.0,20.71,22.42,22.49,15.18,15.15,20.48,30.45,23.73,18.67,15.17,16.24,16.73,13.74,16.24,21.99,18.16,29.49,19.61,23.96,20.45,17.06,18.87,23.1,21.8,14.56,19.69,15.01,24.27,25.07,23.67,31.72,31.52,21.18,27.47,19.61,32.78,34.04,20.07,27.9,17.89,30.5,19.13,28.03,19.43,21.26,32.98,28.22,31.09,30.52,30.58,43.34
19.26,12.01,25.85,31.25,8.9,21.29,15.65,16.67,9.68,23.53,20.46,23.38,12.08,11.84,24.39,21.78,9.0,20.39,8.98,23.91,24.82,17.85,13.62,22.96,15.19,22.6,24.11,6.33,9.9,24.33,25.49,23.69,28.34,26.0,21.55,25.68,10.65,18.4,19.16,25.88,19.64,25.6,29.91,14.7,19.55,24.51,26.72,28.57,25.47,19.01,20.6,21.57,12.3,21.27,19.29,21.01,14.58,27.26,20.81,27.01,5.7,27.34,13.79,22.29,4.46,15.24,24.16,24.51,23.86,26.06,25.26,19.87,20.57,16.78,19.69,23.0,6.72,19.75,19.47,23.17,24.26,21.64,22.47,20.42,24.17,22.51,21.12,16.82,24.82,20.05,15.94,16.46,16.8,23.22,20.74,27.38,9.18,11.99,7.02,20.4,18.87,12.23,23.96,18.08,19.31,21.54,15.34,13.99,21.73,14.86,5.86,10.14,26.93,14.99,13.89,12.47,20.5,16.25,9.2,13.91,7.89,7.36,10.95,3.34,5.82,3.71,5.68,4.92,4.53,0.0,25.06,21.91,15.08,21.56,24.31,1.66,23.0,7.5,19.97,20.45,24.22,13.93,1.03,14.11,22.92,10.1,26.1,9.25,22.17,1.49,18.88,28.37,25.86,25.72,27.19,24.33,25.79,22.63,25.28,23.3,22.43,25.62,28.87,25.3,20.87,25.36,22.15,21.9,14.08,16.68,15.63,17.43,17.9,15.7,13.14,20.51,17.57,18.68,17.8,24.55,16.66,22.94,12.73,15.86,16.03,15.18,20.02,16.97,17.1,17.16,10.67,14.52,15.38,14.23,13.23,19.21,16.83,14.42,22.37,15.47,11.23,20.8,19.44,12.28,8.23,5.34,5.95,10.37,10.77,8.33,8.76,7.3,6.59,13.35,4.35,3.2,27.61,8.57,12.96,10.21,5.27,7.43,10.47,3.74,1.83,9.9,8.37,7.0,9.13,6.78,7.61,9.66,14.71,8.56,4.22,10.19,6.52,5.72,11.54,23.18,22.54,24.92,24.09,22.3,25.21,17.32,16.74,23.14,19.11,22.29,20.21,24.45,19.82,25.44,20.97,19.27,18.13,24.28,22.71,23.46,20.83,22.11,23.37,29.19,21.47,22.17,21.03,25.42,19.54,21.11,22.22,21.84,18.53,20.31,25.82,20.76,26.95,29.89,28.3,23.59,17.98,19.45,13.31,18.99,19.25,17.96,19.67,19.74,12.43,12.4,17.73,27.7,20.98,15.92,12.42,13.49,13.98,10.99,13.49,19.24,15.41,26.74,16.86,21.21,17.7,14.31,16.12,20.35,19.05,11.81,16.94,12.26,21.52,22.32,20.92,28.97,28.77,18.43,24.72,16.86,30.03,31.29,17.32,25.15,15.14,27.75,16.38,25.28,16.68,18.51,30.23,25.47,28.34,27.77,27.83,40.59
16.52,26.51,40.35,45.75,18.48,35.45,29.8,30.83,24.18,37.69,34.62,37.53,12.59,26.35,38.55,35.93,10.64,34.55,23.49,38.06,38.97,32.01,27.77,37.12,29.69,37.1,38.27,20.84,10.19,38.84,39.65,38.19,42.49,40.15,36.05,39.84,25.16,32.56,33.32,40.03,33.79,39.76,44.06,29.2,33.71,38.66,40.88,42.73,39.63,33.17,34.75,35.73,10.35,35.43,33.45,35.17,28.74,41.42,35.32,41.16,15.89,41.49,28.29,36.45,15.33,29.75,38.32,38.67,38.01,40.22,39.41,34.37,34.73,30.94,33.85,37.16,14.11,33.91,33.62,37.32,38.41,35.8,36.62,34.58,38.33,36.66,35.27,31.32,38.97,34.21,30.1,30.62,30.96,37.38,34.9,41.53,23.69,8.92,13.74,34.56,33.03,26.73,38.12,32.23,33.47,35.7,29.85,28.49,35.88,29.02,15.13,24.64,41.09,29.15,28.39,26.97,34.65,30.41,11.38,7.85,13.49,13.48,8.64,16.92,13.82,16.98,15.5,15.76,15.17,25.06,0.0,3.15,6.24,6.08,4.46,20.0,1.73,12.14,6.69,7.17,2.36,8.16,18.7,6.86,4.61,10.84,4.24,13.18,4.01,20.3,7.33,42.16,39.65,39.51,40.98,38.12,39.58,36.42,39.07,37.09,36.22,39.41,42.66,39.09,34.66,39.15,35.94,19.16,10.88,8.48,21.29,8.54,15.99,15.5,12.31,10.97,7.48,9.14,15.06,21.81,21.3,13.4,9.31,10.11,12.37,9.71,17.29,16.76,13.44,8.66,14.13,14.32,11.25,11.91,12.74,6.95,14.91,10.25,19.64,21.3,9.72,18.07,9.91,26.29,22.25,21.12,20.73,24.38,24.78,22.34,22.77,21.31,20.38,28.28,21.48,22.73,16.67,18.41,26.97,15.31,24.77,21.44,24.48,23.18,23.5,15.65,22.38,17.67,24.06,18.18,22.52,23.67,21.74,22.57,23.3,15.93,19.24,22.86,25.55,37.19,36.55,38.93,38.1,36.08,39.0,31.1,30.53,36.93,32.9,36.08,34.0,38.24,33.61,39.23,34.76,33.06,21.07,38.07,36.5,37.25,34.62,35.9,37.16,42.98,35.26,35.96,34.82,39.21,33.33,34.9,36.01,35.63,32.54,34.32,39.61,34.77,40.74,43.68,42.08,37.38,31.99,33.46,27.32,33.0,33.26,31.97,33.68,33.75,26.44,26.41,31.74,41.71,34.99,29.93,26.43,27.5,27.99,25.0,27.5,33.25,29.42,40.75,30.87,35.22,31.71,28.32,30.13,34.36,33.06,25.82,30.95,26.27,35.53,36.33,34.93,42.76,42.78,32.44,38.73,30.87,44.04,45.3,31.33,39.16,29.15,41.76,30.39,39.29,30.69,32.52,44.24,39.49,42.35,41.78,41.84,54.38
15.24,23.37,37.21,42.61,15.34,32.3,26.66,27.68,21.04,34.54,31.47,34.39,9.45,23.2,35.4,32.79,7.49,31.4,20.34,34.92,35.83,28.86,24.63,33.97,26.54,33.96,35.12,17.69,7.04,35.69,36.5,35.05,39.35,37.01,32.9,36.69,22.01,29.41,30.17,36.89,30.64,36.61,40.92,26.05,30.56,35.52,37.73,39.58,36.48,30.02,31.61,32.58,7.21,32.28,30.3,32.02,25.59,38.27,32.17,38.02,12.74,38.35,25.14,33.3,12.19,26.6,35.17,35.52,34.87,37.07,36.27,31.23,31.58,27.79,30.7,34.01,10.96,30.76,30.48,34.18,35.26,32.65,33.48,31.43,35.18,33.52,32.13,28.17,35.83,31.06,26.95,27.47,27.81,34.23,31.75,38.39,20.54,5.77,10.6,31.41,29.88,23.58,34.97,29.09,30.32,32.55,26.7,25.35,32.74,25.87,11.98,21.5,37.94,26.0,25.24,23.82,31.51,27.26,8.24,4.7,10.35,10.34,5.49,13.78,10.67,13.83,12.35,12.61,12.03,21.91,3.15,0.0,3.09,2.94,3.73,16.85,1.08,8.99,3.55,4.03,2.3,5.02,15.56,3.71,2.34,7.7,4.19,10.03,0.87,17.16,4.19,39.01,36.5,36.36,37.84,34.98,36.43,33.28,35.92,33.94,33.07,36.26,39.52,35.95,31.51,36.01,32.79,17.88,8.94,7.2,20.01,7.26,14.71,13.03,9.17,9.7,6.2,7.86,13.78,20.53,20.02,12.12,6.16,8.83,11.09,8.43,16.01,14.3,12.16,7.38,10.98,11.86,9.97,10.63,10.56,7.84,13.63,7.1,18.36,20.02,6.57,16.79,8.63,23.15,19.1,17.97,17.58,21.23,21.64,19.2,19.63,18.16,17.23,25.13,18.33,19.58,13.53,15.27,23.82,12.16,21.63,18.29,21.33,20.03,20.36,12.5,19.24,14.53,20.92,15.04,19.38,20.52,20.46,19.43,20.16,12.79,16.1,19.71,22.4,34.05,33.41,35.78,34.96,32.94,35.86,27.96,27.38,33.78,29.75,32.93,30.85,35.09,30.47,36.08,31.62,29.91,19.79,34.92,33.35,34.1,31.47,32.75,34.01,39.84,32.11,32.81,31.68,36.06,30.18,31.75,32.86,32.48,29.39,31.17,36.47,31.62,37.59,40.53,38.94,34.23,28.84,30.31,24.17,29.85,30.11,28.83,30.53,30.6,23.3,23.26,28.59,38.56,31.85,26.78,23.28,24.35,24.85,21.85,24.35,30.1,26.27,37.6,27.72,32.07,28.57,25.18,26.98,31.21,29.92,22.68,27.8,23.12,32.38,33.19,31.78,39.61,39.64,29.29,35.58,27.72,40.89,42.16,28.18,36.01,26.01,38.62,27.24,36.14,27.54,29.38,41.09,36.34,39.2,38.63,38.69,51.24
13.88,18.47,36.85,42.25,12.62,31.95,26.3,27.32,16.13,34.19,31.12,34.03,6.73,18.31,35.05,32.43,7.13,31.05,19.98,34.56,35.47,28.5,24.27,33.62,21.65,33.6,34.76,17.33,6.68,35.33,36.14,34.69,38.99,36.65,32.55,36.34,17.12,29.05,29.81,36.53,30.29,36.25,40.56,21.16,30.2,35.16,37.37,39.23,36.13,29.67,31.25,32.23,6.85,31.92,29.94,31.66,25.24,37.92,31.81,37.66,12.38,37.99,24.79,32.94,10.78,26.24,34.82,35.16,34.51,36.71,35.91,30.87,31.22,27.44,30.35,33.65,10.6,30.4,30.12,33.82,34.91,32.3,33.12,31.07,34.82,33.16,31.77,27.81,35.47,30.7,26.6,27.11,27.45,33.87,31.4,38.03,15.65,5.41,10.24,31.05,29.52,23.23,34.61,28.73,29.96,32.19,26.34,24.99,32.38,25.51,11.62,16.61,37.59,25.65,24.89,23.47,31.15,26.91,7.88,4.34,8.94,8.93,5.13,13.08,9.26,12.43,10.95,12.01,11.67,15.08,6.24,3.09,0.0,2.74,5.49,15.51,4.18,7.59,3.19,3.67,5.4,2.3,14.21,0.99,4.1,4.98,7.28,7.32,3.35,15.81,3.83,38.65,36.15,36.0,37.48,34.62,36.07,32.92,35.56,33.59,32.72,35.9,39.16,35.59,31.16,35.65,32.43,16.52,6.22,8.83,18.64,9.02,12.52,10.32,6.45,11.45,7.96,9.62,12.41,19.16,18.65,13.88,3.45,10.47,10.65,7.32,14.64,11.58,11.72,9.14,8.27,9.14,10.0,8.85,7.84,9.6,11.44,4.39,16.99,18.65,3.85,15.42,10.39,22.79,18.74,17.62,17.23,16.87,17.28,18.84,19.27,17.81,16.88,18.79,17.98,19.22,13.17,12.55,23.47,9.45,17.09,13.23,20.98,15.5,20.0,9.79,18.88,11.81,14.57,12.32,13.05,20.16,20.15,15.07,19.8,10.07,13.38,13.67,22.04,33.69,33.05,35.43,34.6,32.58,35.5,27.6,27.02,33.42,29.39,32.57,30.5,34.74,30.11,35.72,31.26,29.55,18.42,34.56,32.99,33.74,31.11,32.39,33.66,39.48,31.75,32.46,31.32,35.7,29.83,31.39,32.51,32.12,29.04,30.81,36.11,31.26,37.24,40.17,38.58,33.87,24.48,25.95,19.82,25.5,25.75,24.47,26.17,26.24,18.94,22.91,24.23,34.2,27.49,22.42,18.92,19.99,20.49,21.5,19.29,25.74,21.91,33.24,23.36,27.71,24.21,20.82,22.63,26.85,25.56,22.32,23.44,18.76,28.02,28.83,27.42,39.25,39.28,24.93,35.22,23.36,40.54,41.8,27.82,35.65,21.65,38.26,26.88,35.78,23.18,29.02,40.73,35.98,38.84,38.28,38.34,50.88
16.24,23.01,36.85,42.26,14.98,31.95,26.3,27.33,20.68,34.19,31.12,34.03,9.09,22.85,35.05,32.44,7.14,31.05,19.99,34.56,35.47,28.51,24.27,33.62,26.19,33.6,34.77,17.34,6.69,35.34,36.15,34.69,38.99,36.65,32.55,36.34,21.66,29.06,29.82,36.53,30.29,36.26,40.56,25.7,30.21,35.17,37.38,39.23,36.13,29.67,31.25,32.23,6.85,31.93,29.95,31.67,25.24,37.92,31.82,37.66,12.39,38.0,24.79,32.95,11.83,26.25,34.82,35.17,34.51,36.72,35.91,30.87,31.23,27.44,30.35,33.66,10.61,30.41,30.12,33.82,34.91,32.3,33.12,31.08,34.83,33.16,31.77,27.82,35.47,30.71,26.6,27.12,27.46,33.88,31.4,38.03,20.19,5.42,10.24,31.06,29.53,23.23,34.62,28.73,29.97,32.2,26.35,24.99,32.38,25.52,11.63,21.14,37.59,25.65,24.89,23.47,31.15,26.91,7.88,4.35,9.99,9.98,5.14,13.42,10.32,13.48,12.0,12.26,11.67,21.56,6.08,2.94,2.74,0.0,5.34,16.5,4.02,8.64,2.36,3.62,5.24,4.66,15.21,3.36,3.94,7.34,7.13,9.68,3.2,16.8,3.83,38.66,36.15,36.01,37.48,34.62,36.08,32.92,35.57,33.59,32.72,35.91,39.16,35.59,31.16,35.65,32.44,18.88,8.58,8.8,21.01,8.86,14.88,12.68,8.81,11.3,7.8,9.47,14.77,21.52,21.01,13.73,5.81,10.43,12.69,9.68,17.0,13.94,13.76,8.98,10.63,11.5,11.57,11.21,10.2,9.44,13.8,6.75,19.35,21.01,6.22,17.78,10.23,22.79,18.75,17.62,17.23,20.88,21.28,18.84,19.27,17.81,16.88,24.78,17.98,19.23,13.17,14.92,23.47,11.81,21.27,17.94,20.98,19.68,20.0,12.15,18.88,14.17,20.56,14.68,19.02,20.17,26.14,19.07,19.8,12.43,15.75,19.36,22.05,33.69,33.05,35.43,34.61,32.58,35.5,27.61,27.03,33.43,29.4,32.58,30.5,34.74,30.11,35.73,31.26,29.56,20.78,34.57,33.0,33.75,31.12,32.4,33.66,39.48,31.76,32.46,31.32,35.71,29.83,31.4,32.51,32.13,29.04,30.82,36.11,31.27,37.24,40.18,38.58,33.88,28.49,29.96,23.82,29.5,29.76,28.47,30.18,30.25,22.94,22.91,28.24,38.21,31.49,26.43,22.93,24.0,24.49,21.5,24.0,29.75,25.92,37.25,27.37,31.72,28.21,24.82,26.63,30.86,29.56,22.33,27.45,22.77,32.03,32.83,31.43,39.26,39.28,28.94,35.23,27.37,40.54,41.8,27.83,35.66,25.65,38.26,26.89,35.79,27.19,29.02,40.74,35.99,38.85,38.28,38.34,50.88
13.31,21.17,39.6,45.01,15.32,34.7,29.06,30.08,18.83,36.94,33.87,36.78,9.43,21.01,37.8,35.19,9.89,33.8,22.74,37.31,38.22,31.26,27.03,36.37,24.35,36.36,37.52,20.09,9.44,38.09,38.9,37.45,41.74,39.41,35.3,39.09,19.82,31.81,32.57,39.28,33.04,39.01,43.31,23.86,32.96,37.92,40.13,41.98,38.88,32.42,34.01,34.98,9.6,34.68,32.7,34.42,27.99,40.67,34.57,40.42,15.14,40.75,27.54,35.7,14.59,29.0,37.57,37.92,37.26,39.47,38.67,33.62,33.98,30.19,33.1,36.41,13.36,33.16,32.88,36.58,37.66,35.05,35.87,33.83,37.58,35.92,34.52,30.57,38.23,33.46,29.35,29.87,30.21,36.63,34.15,40.78,18.35,8.17,13.0,33.81,32.28,25.98,37.37,31.48,32.72,34.95,29.1,27.75,35.14,28.27,14.38,19.3,40.34,28.4,27.64,26.22,33.9,29.66,10.64,7.1,12.75,12.74,7.89,16.17,13.07,16.23,14.75,15.01,14.43,24.31,4.46,3.73,5.49,5.34,0.0,19.25,4.8,11.39,5.94,6.42,2.1,7.41,17.96,6.11,1.39,10.09,4.73,12.43,3.99,19.55,6.58,41.41,38.9,38.76,40.24,37.38,38.83,35.68,38.32,36.34,35.47,38.66,41.91,38.35,33.91,38.4,35.19,15.95,7.66,5.26,18.08,5.32,12.77,12.28,9.15,7.76,4.26,5.93,11.84,18.59,18.08,10.19,8.56,6.89,9.15,6.5,14.07,13.55,10.22,5.44,10.97,11.11,8.03,8.7,9.52,2.73,11.69,9.5,16.42,18.08,8.97,14.85,6.69,25.55,21.5,20.37,19.98,19.57,19.98,21.59,22.03,20.56,19.63,20.7,20.73,21.98,15.92,15.25,26.22,12.15,24.03,15.92,23.73,22.43,22.76,12.49,21.64,14.51,17.27,15.02,15.75,22.92,18.52,17.77,22.56,12.77,16.08,16.37,24.8,36.44,35.8,38.18,37.36,35.34,38.26,30.36,29.78,36.18,32.15,35.33,33.25,37.49,32.87,38.48,34.01,32.31,17.85,37.32,35.75,36.5,33.87,35.15,36.41,42.23,34.51,35.21,34.08,38.46,32.58,34.15,35.26,34.88,31.79,33.57,38.87,34.02,39.99,42.93,41.34,36.63,27.18,28.65,22.51,28.19,28.45,27.17,28.87,28.94,21.64,25.66,26.93,36.9,30.19,25.12,21.62,22.69,23.19,24.25,21.99,28.44,24.61,35.94,26.06,30.41,26.91,23.52,25.33,29.55,28.26,25.08,26.14,21.46,30.72,31.53,30.12,42.01,42.03,27.63,37.98,26.06,43.29,44.56,30.58,38.41,24.35,41.02,29.64,38.54,25.88,31.78,43.49,38.74,41.6,41.03,41.09,53.63
20.92,13.67,27.51,32.92,10.56,22.96,17.31,18.34,11.34,25.2,22.13,25.04,13.74,13.51,26.06,23.44,9.42,22.06,10.65,25.57,26.48,19.52,15.28,24.63,16.85,24.26,25.78,8.0,10.32,26.0,27.15,25.35,30.0,27.66,23.21,27.35,12.32,20.06,20.82,27.54,21.3,27.26,31.57,16.36,21.21,26.17,28.39,30.24,27.14,20.68,22.26,23.24,12.72,22.94,20.96,22.67,16.25,28.93,22.48,28.67,6.12,29.0,15.45,23.95,4.88,16.91,25.83,26.18,25.52,27.73,26.92,21.53,22.23,18.45,21.36,24.67,7.14,21.42,21.13,24.83,25.92,23.31,24.13,22.08,25.83,24.17,22.78,18.48,26.48,21.72,17.61,18.13,18.47,24.89,22.41,29.04,10.85,12.41,7.44,22.06,20.53,13.89,25.62,19.74,20.97,23.2,17.01,15.65,23.39,16.52,6.29,11.8,28.6,16.66,15.55,14.13,22.16,17.92,9.62,14.33,8.31,7.78,11.37,3.77,6.24,2.18,6.1,5.34,4.95,1.66,20.0,16.85,15.51,16.5,19.25,0.0,18.06,7.92,15.04,15.52,19.29,14.35,1.45,14.53,17.99,10.52,21.17,6.85,17.24,2.39,13.95,30.03,27.53,27.38,28.86,26.0,27.45,24.3,26.94,24.97,24.09,27.28,30.54,26.97,22.54,27.03,23.81,23.56,15.74,18.35,17.29,19.09,19.57,17.36,14.8,22.17,19.24,20.34,19.46,26.21,18.33,24.6,13.15,17.52,17.7,16.84,21.68,18.63,18.77,18.82,12.34,16.19,17.05,15.9,14.89,20.88,18.49,14.1,24.04,17.14,11.65,22.47,21.1,13.95,9.9,7.0,7.61,12.03,12.43,10.0,10.43,8.96,8.26,15.01,6.01,4.86,22.68,10.23,14.62,11.87,6.94,9.09,12.13,5.4,3.5,11.56,10.04,8.66,10.8,8.44,9.28,11.32,16.37,10.23,5.88,11.85,8.19,7.39,13.2,24.84,24.2,26.58,25.76,23.96,26.88,18.98,18.4,24.8,20.77,23.95,21.88,26.11,21.49,27.1,22.64,20.93,19.8,25.94,24.37,25.12,22.49,23.77,25.03,30.86,23.13,23.83,22.7,27.08,21.2,22.77,23.88,23.5,20.19,21.97,27.49,22.42,28.61,31.55,29.96,25.25,19.64,21.11,14.97,20.65,20.91,19.63,21.33,21.4,14.1,14.06,19.39,29.36,22.65,17.58,14.08,15.15,15.65,12.65,15.15,20.9,17.07,28.4,18.52,22.87,19.36,15.98,17.78,22.01,20.72,13.48,18.6,13.92,23.18,23.98,22.58,30.63,30.43,20.09,26.38,18.52,31.69,32.96,18.98,26.81,16.81,29.42,18.04,26.94,18.34,20.18,31.89,27.14,30.0,29.43,29.49,42.26
16.33,24.45,38.29,43.69,16.42,33.39,27.74,28.77,22.12,35.63,32.56,35.47,10.53,24.28,36.49,33.87,8.58,32.49,21.43,36.0,36.91,29.95,25.71,35.06,27.63,35.04,36.2,18.77,8.13,36.77,37.58,36.13,40.43,38.09,33.99,37.78,23.09,30.49,31.25,37.97,31.73,37.69,42.0,27.14,31.64,36.6,38.82,40.67,37.57,31.11,32.69,33.67,8.29,33.37,31.39,33.1,26.68,39.36,33.25,39.1,13.83,39.43,26.23,34.38,13.27,27.68,36.26,36.6,35.95,38.16,37.35,32.31,32.66,28.88,31.79,35.1,12.05,31.85,31.56,35.26,36.35,33.74,34.56,32.51,36.26,34.6,33.21,29.26,36.91,32.15,28.04,28.56,28.9,35.32,32.84,39.47,21.62,6.85,11.68,32.49,30.96,24.67,36.05,30.17,31.4,33.63,27.78,26.43,33.82,26.95,13.07,22.58,39.03,27.09,26.33,24.91,32.59,28.35,9.32,5.78,11.43,11.42,6.57,14.86,11.75,14.91,13.43,13.7,13.11,23.0,1.73,1.08,4.18,4.02,4.8,18.06,0.0,10.07,4.63,5.11,2.71,6.1,16.64,4.79,3.42,8.78,4.59,11.12,1.95,18.24,5.27,40.09,37.59,37.44,38.92,36.06,37.52,34.36,37.0,35.03,34.16,37.34,40.6,37.03,32.6,37.09,33.88,18.97,10.02,8.28,21.1,8.34,15.79,14.11,10.25,10.78,7.28,8.95,14.87,21.62,21.1,13.21,7.25,9.91,12.17,9.52,17.09,15.38,13.24,8.46,12.07,12.94,11.05,11.72,11.64,8.92,14.71,8.19,19.44,21.1,7.65,17.87,9.71,24.23,20.18,19.06,18.67,22.31,22.72,20.28,20.71,19.25,18.32,26.22,19.42,20.66,14.61,16.35,24.91,13.25,22.71,19.38,22.42,21.11,21.44,13.58,20.32,15.61,22.0,16.12,20.46,21.61,21.54,20.51,21.24,13.87,17.18,20.79,23.49,35.13,34.49,36.87,36.04,34.02,36.94,29.04,28.47,34.86,30.83,34.01,31.94,36.18,31.55,37.17,32.7,31.0,20.87,36.01,34.43,35.18,32.55,33.84,35.1,40.92,33.2,33.9,32.76,37.15,31.27,32.83,33.95,33.56,30.48,32.26,37.55,32.7,38.68,41.62,40.02,35.31,29.93,31.4,25.26,30.94,31.2,29.91,31.61,31.68,24.38,24.35,29.67,39.64,32.93,27.86,24.36,25.44,25.93,22.94,25.43,31.19,27.36,38.68,28.81,33.16,29.65,26.26,28.07,32.3,31.0,23.76,28.88,24.21,33.46,34.27,32.87,40.69,40.72,30.38,36.66,28.81,41.98,43.24,29.27,37.09,27.09,39.7,28.33,37.22,28.62,30.46,42.17,37.42,40.28,39.72,39.78,52.32
15.67,18.75,32.59,37.99,14.41,28.03,22.39,23.41,16.42,30.27,27.2,30.11,8.52,18.58,31.13,28.52,1.5,27.13,15.72,30.64,31.55,24.59,20.35,29.7,21.92,29.34,30.85,13.07,3.86,31.07,32.23,30.43,35.07,32.73,28.28,32.42,17.39,25.14,25.9,32.61,26.37,32.34,36.64,21.43,26.29,31.25,33.46,35.31,32.21,25.75,27.34,28.31,5.08,28.01,26.03,27.75,21.32,34.0,27.55,33.74,5.2,34.08,20.52,29.03,3.19,21.98,30.9,31.25,30.59,32.8,32.0,26.61,27.31,23.52,26.43,29.74,5.14,26.49,26.2,29.9,30.99,28.38,29.2,27.16,30.91,29.24,27.85,23.55,31.55,26.79,22.68,23.2,23.54,29.96,27.48,34.11,15.92,4.78,4.78,27.14,25.61,18.96,30.7,24.81,26.05,28.28,22.08,20.73,28.46,21.6,5.88,16.88,33.67,21.73,20.62,19.2,27.23,22.99,1.96,6.47,1.36,1.55,3.5,5.49,1.68,4.84,3.36,4.42,6.68,7.5,12.14,8.99,7.59,8.64,11.39,7.92,10.07,0.0,7.05,7.53,11.3,6.43,6.83,6.61,10.0,2.61,13.19,1.76,9.25,8.42,5.96,35.31,32.8,32.66,34.13,31.27,32.73,29.57,32.22,30.24,29.37,32.56,35.81,32.24,27.81,32.3,29.09,18.31,8.02,10.62,20.44,11.7,14.31,12.11,8.25,15.01,11.51,13.17,14.2,20.96,20.44,17.43,5.24,12.27,12.44,9.11,16.43,13.37,13.51,11.1,10.06,10.93,11.79,10.64,9.63,13.15,13.24,6.18,18.78,20.44,3.74,17.21,13.94,19.22,15.17,12.28,12.89,17.31,17.71,15.27,15.7,14.24,13.53,20.58,11.29,10.14,14.7,14.35,19.9,11.24,12.21,15.02,17.41,10.68,8.77,11.58,15.31,13.6,16.36,14.11,14.85,16.6,21.94,15.5,11.16,11.86,13.46,12.66,18.48,30.12,29.48,31.86,31.03,29.24,32.15,24.26,23.68,30.08,26.05,29.23,27.15,31.39,26.76,32.38,27.91,26.21,20.21,31.22,29.65,30.4,27.77,29.05,30.31,36.13,28.41,29.11,27.97,32.36,26.48,28.05,29.16,28.78,25.47,27.25,32.76,27.7,33.89,36.83,35.24,30.53,24.92,26.39,20.25,25.93,26.19,24.9,26.61,26.68,19.37,19.34,24.67,34.64,27.92,22.86,19.36,20.43,20.92,17.93,20.43,26.18,22.35,33.68,23.8,28.15,24.64,21.25,23.06,27.29,25.99,18.75,23.88,19.2,28.46,29.26,27.86,35.91,35.71,25.37,31.66,23.8,36.97,38.23,24.26,32.09,22.08,34.69,23.32,32.22,23.62,25.45,37.17,32.41,35.28,34.71,34.77,47.53
16.68,21.42,35.26,40.67,15.43,30.36,24.72,25.74,19.09,32.6,29.53,32.44,9.54,21.26,33.46,30.85,5.55,29.46,18.4,32.97,33.88,26.92,22.68,32.03,24.6,32.02,33.18,15.75,5.1,33.75,34.56,33.1,37.4,35.06,30.96,34.75,20.07,27.47,28.23,34.94,28.7,34.67,38.97,24.11,28.62,33.58,35.79,37.64,34.54,28.08,29.66,30.64,5.26,30.34,28.36,30.08,23.65,36.33,30.23,36.07,10.8,36.41,23.2,31.36,10.24,24.66,33.23,33.58,32.92,35.13,34.33,29.28,29.64,25.85,28.76,32.07,9.02,28.82,28.53,32.23,33.32,30.71,31.53,29.49,33.24,31.57,30.18,26.23,33.88,29.12,25.01,25.53,25.87,32.29,29.81,36.44,18.6,3.83,8.65,29.47,27.94,21.64,33.03,27.14,28.38,30.61,24.76,23.41,30.79,23.93,10.04,19.56,36.0,24.06,23.3,21.88,29.56,25.32,6.29,2.76,8.41,8.39,3.55,11.83,8.73,11.89,10.41,10.67,10.08,19.97,6.69,3.55,3.19,2.36,5.94,15.04,4.63,7.05,0.0,1.26,5.85,5.11,13.62,3.8,4.55,7.79,7.74,8.05,3.8,15.21,2.24,37.07,34.56,34.42,35.89,33.03,34.49,31.33,33.98,32.0,31.13,34.32,37.57,34.0,29.57,34.06,30.85,19.32,9.03,9.41,25.47,9.47,15.33,13.12,9.26,11.91,8.41,10.07,15.22,21.97,21.46,14.34,6.26,11.04,13.3,10.13,17.45,14.39,14.37,9.59,11.08,11.95,12.18,11.66,10.65,10.05,14.25,7.2,19.8,25.31,6.66,18.23,10.84,21.2,17.16,16.03,15.64,19.29,19.69,17.25,17.69,16.22,15.29,23.19,16.39,17.64,11.58,19.05,21.88,12.26,19.68,16.35,19.39,18.09,18.41,12.59,17.29,17.77,18.97,18.82,17.43,18.58,24.55,17.48,18.21,12.88,18.57,17.77,20.46,32.1,31.46,33.84,33.02,30.99,33.91,26.02,25.44,31.84,27.81,30.99,28.91,33.15,28.52,34.14,29.67,27.97,21.23,32.98,31.41,32.16,29.53,30.81,32.07,37.89,30.17,30.87,29.73,34.12,28.24,29.81,30.92,30.54,27.45,29.23,34.52,29.68,35.65,38.59,36.99,32.29,26.9,28.37,22.23,27.91,28.17,26.88,28.59,28.66,21.35,21.32,26.65,36.62,29.9,24.84,21.34,22.41,22.91,19.91,22.41,28.16,24.33,35.66,25.78,30.13,26.62,23.23,25.04,29.27,27.97,20.74,25.86,21.18,30.44,31.24,29.84,37.67,37.69,27.35,33.64,25.78,38.95,40.21,26.24,34.07,24.06,36.67,25.3,34.2,25.6,27.43,39.15,34.4,37.26,36.69,36.75,49.29
17.16,21.9,35.74,41.15,15.91,30.84,25.2,26.22,19.57,33.08,30.01,32.92,10.02,21.74,33.94,31.33,6.03,29.94,18.88,33.45,34.36,27.4,23.16,32.51,25.08,32.5,33.66,16.23,5.58,34.23,35.04,33.58,37.88,35.54,31.44,35.23,20.55,27.95,28.71,35.42,29.18,35.15,39.45,24.59,29.1,34.06,36.27,38.12,35.02,28.56,30.15,31.12,3.78,30.82,28.84,30.56,24.13,36.81,30.71,36.55,11.28,36.89,23.68,31.84,10.72,25.14,33.71,34.06,33.4,35.61,34.81,29.76,30.12,26.33,29.24,32.55,9.5,29.3,29.01,32.71,33.8,31.19,32.01,29.97,33.72,32.05,30.66,26.71,34.36,29.6,25.49,26.01,26.35,32.77,30.29,36.92,19.08,3.48,9.13,29.95,28.42,22.12,33.51,27.62,28.86,31.09,25.24,23.89,31.27,24.41,10.52,20.04,36.48,24.54,23.78,22.36,30.04,25.8,6.77,2.12,8.89,8.87,4.03,12.31,9.21,12.37,10.89,11.15,10.56,20.45,7.17,4.03,3.67,3.62,6.42,15.52,5.11,7.53,1.26,0.0,6.33,5.59,14.1,4.28,5.03,8.27,8.22,8.53,4.28,15.69,2.72,37.55,35.04,34.9,36.37,33.51,34.97,31.81,34.46,32.48,31.61,34.8,38.05,34.48,30.05,34.54,31.33,19.8,9.51,9.89,25.95,9.95,15.81,13.6,9.74,12.39,8.89,10.55,15.7,22.45,21.94,14.82,6.74,11.52,13.78,10.61,17.93,14.87,14.85,10.07,11.56,12.43,12.66,12.14,11.13,10.53,14.73,7.68,20.28,25.79,7.14,18.71,11.32,21.69,17.64,16.51,16.12,19.77,20.17,17.73,18.17,16.7,15.77,23.67,16.87,18.12,12.06,19.53,22.36,12.74,20.16,16.83,19.87,18.57,18.89,13.07,17.77,18.25,19.45,19.3,17.91,19.06,25.03,17.96,18.69,13.36,19.05,18.25,20.94,32.58,31.94,34.32,33.5,31.48,34.39,26.5,25.92,32.32,28.29,31.47,29.39,33.63,29.0,34.62,30.15,28.45,21.71,33.46,31.89,32.64,30.01,31.29,32.55,38.37,30.65,31.35,30.21,34.6,28.72,30.29,31.4,31.02,27.93,29.71,35.0,30.16,36.13,39.07,37.48,32.77,27.38,28.85,22.71,28.39,28.65,27.36,29.07,29.14,21.83,21.8,27.13,37.1,30.38,25.32,21.82,22.89,23.39,20.39,22.89,28.64,24.81,36.14,26.26,30.61,27.1,23.71,25.52,29.75,28.45,21.22,26.34,21.66,30.92,31.72,30.32,38.15,38.17,27.83,34.12,26.26,39.43,40.69,26.72,34.55,24.54,37.16,25.78,34.68,26.08,27.91,39.63,34.88,37.74,37.17,37.23,49.77
14.16,25.67,39.51,44.91,16.18,34.61,28.96,29.99,23.34,36.85,33.78,36.69,10.29,25.51,37.71,35.09,9.8,33.71,22.65,37.22,38.13,31.17,26.93,36.28,28.85,36.26,37.43,19.99,9.35,38.0,38.8,37.35,41.65,39.31,35.21,39.0,24.31,31.72,32.47,39.19,32.95,38.91,43.22,28.36,32.87,37.82,40.04,41.89,38.79,32.33,33.91,34.89,9.51,34.59,32.61,34.32,27.9,40.58,34.48,40.32,15.05,40.65,27.45,35.61,14.49,28.9,37.48,37.83,37.17,39.38,38.57,33.53,33.88,30.1,33.01,36.32,13.27,33.07,32.78,36.48,37.57,34.96,35.78,33.73,37.48,35.82,34.43,30.48,38.13,33.37,29.26,29.78,30.12,36.54,34.06,40.69,22.85,8.08,12.9,33.72,32.19,25.89,37.27,31.39,32.63,34.85,29.01,27.65,35.04,28.18,14.29,23.8,40.25,28.31,27.55,26.13,33.81,29.57,10.54,7.0,12.65,12.64,7.8,16.08,12.97,16.14,14.66,14.92,14.33,24.22,2.36,2.3,5.4,5.24,2.1,19.29,2.71,11.3,5.85,6.33,0.0,7.32,17.86,6.01,2.25,10.0,2.63,12.34,3.17,19.46,6.49,41.32,38.81,38.66,40.14,37.28,38.74,35.58,38.23,36.25,35.38,38.57,41.82,38.25,33.82,38.31,35.1,16.8,8.52,6.12,18.93,6.18,13.63,13.14,10.01,8.62,5.12,6.78,12.7,19.45,18.94,11.05,8.47,7.75,10.01,7.35,14.93,14.4,11.08,6.3,11.83,11.96,8.89,9.55,10.38,4.59,12.55,9.41,17.28,18.94,8.87,15.71,7.55,25.45,21.4,20.28,19.89,23.53,23.94,21.5,21.93,20.47,19.54,21.56,20.64,21.88,15.83,16.11,26.13,13.01,23.93,20.6,23.64,22.33,22.66,13.34,21.54,15.37,18.13,15.88,16.61,22.83,19.38,21.73,22.46,13.63,16.94,17.22,24.71,36.35,35.71,38.09,37.26,35.24,38.16,30.26,29.69,36.08,32.05,35.24,33.16,37.4,32.77,38.39,33.92,32.22,18.71,37.23,35.65,36.41,33.77,35.06,36.32,42.14,34.42,35.12,33.98,38.37,32.49,34.05,35.17,34.79,31.7,33.48,38.77,33.93,39.9,42.84,41.24,36.54,31.15,32.62,26.48,32.16,32.42,31.13,32.84,32.91,25.6,25.57,30.9,40.86,34.15,29.09,25.58,26.66,27.15,24.16,26.65,32.41,28.58,39.9,30.03,34.38,30.87,27.48,29.29,33.52,32.22,24.98,30.11,25.43,34.69,35.49,34.09,41.92,41.94,31.6,37.89,30.03,43.2,44.46,30.49,38.32,28.31,40.92,29.55,38.44,29.85,31.68,43.4,38.64,41.5,40.94,41.0,53.54
12.72,17.32,31.51,36.91,11.47,33.87,28.22,29.25,14.97,36.11,33.04,35.95,5.57,17.15,36.97,34.35,7.18,32.97,16.63,36.48,37.39,30.43,26.19,35.54,20.5,28.26,36.69,13.21,8.61,30.0,38.06,29.35,40.91,38.57,27.21,38.26,15.96,30.97,31.73,38.45,32.21,38.17,42.48,20.01,32.12,37.08,39.3,41.15,27.95,31.59,33.17,34.15,8.77,33.85,31.87,33.58,27.16,39.84,26.48,39.58,11.63,39.91,21.43,34.86,9.63,22.89,36.74,37.09,36.43,38.64,37.83,25.53,33.14,29.36,32.27,35.58,11.37,32.33,32.04,35.74,26.73,34.22,35.04,32.99,26.65,35.08,33.69,22.48,37.39,32.63,28.52,29.04,29.38,35.8,33.32,39.95,14.49,7.34,11.01,32.97,31.44,19.87,36.53,30.65,31.88,34.11,22.99,21.64,24.43,27.43,12.31,15.45,39.51,27.57,21.53,20.11,33.07,28.83,8.19,6.26,7.79,7.78,7.05,11.92,8.11,11.27,9.79,10.85,13.11,13.93,8.16,5.02,2.3,4.66,7.41,14.35,6.1,6.43,5.11,5.59,7.32,0.0,13.06,1.32,6.02,3.82,9.21,6.16,5.27,14.65,5.75,36.51,34.0,33.86,35.34,32.48,33.93,30.78,33.42,31.45,30.57,33.76,37.02,33.45,29.01,33.51,30.29,15.36,5.07,7.67,17.49,8.75,11.36,9.16,5.3,12.06,8.56,10.23,11.26,18.01,17.49,14.49,2.29,9.32,9.49,6.16,13.48,10.43,10.56,8.15,7.11,7.98,8.84,7.69,6.69,10.2,10.29,3.23,15.83,17.49,2.7,14.26,10.99,19.86,15.62,14.79,14.93,15.71,16.12,15.91,16.13,14.88,14.73,17.63,13.31,15.04,15.09,11.4,20.54,8.29,15.94,12.07,18.05,14.34,15.82,8.63,15.95,10.65,13.42,11.16,11.9,17.24,18.99,13.91,15.62,8.92,12.23,12.51,19.11,28.84,28.2,30.58,29.75,30.44,33.36,25.46,24.88,31.28,27.25,30.43,28.35,32.59,27.97,33.58,29.12,27.41,17.26,32.42,30.85,31.6,28.97,30.25,31.51,37.34,29.61,30.31,29.18,33.56,27.68,29.25,30.36,29.98,24.19,25.96,28.84,26.41,35.09,38.03,36.44,31.73,23.33,24.8,18.66,24.34,24.6,23.31,25.02,25.09,17.78,19.98,23.08,33.04,26.33,21.27,17.76,18.84,19.33,18.0,18.13,24.59,20.76,32.08,22.21,26.56,23.05,19.66,21.47,25.7,24.4,19.39,22.29,17.61,26.87,27.67,26.27,37.11,34.43,23.78,30.37,22.21,35.69,36.95,22.97,30.8,20.49,29.07,22.03,30.93,22.03,24.17,35.88,31.13,33.99,33.43,33.48,41.02
20.29,13.04,26.88,32.29,9.93,22.33,16.68,17.71,10.71,24.57,21.5,24.41,13.11,12.88,25.43,22.81,8.12,21.43,10.02,24.94,25.85,18.89,14.65,24.0,16.22,23.64,25.15,7.37,9.02,25.37,26.52,24.72,29.37,27.03,22.58,26.72,11.69,19.43,20.19,26.91,20.67,26.63,30.94,15.73,20.58,25.54,27.76,29.61,26.51,20.05,21.63,22.61,11.42,22.31,20.33,22.04,15.62,28.3,21.85,28.04,4.82,28.37,14.82,23.32,3.59,16.28,25.2,25.55,24.89,27.1,26.29,20.9,21.6,17.82,20.73,24.04,5.85,20.79,20.5,24.2,25.29,22.68,23.5,21.45,25.2,23.54,22.15,17.85,25.85,21.09,16.98,17.5,17.84,24.26,21.78,28.41,10.22,11.12,6.14,21.43,19.9,13.26,24.99,19.11,20.34,22.57,16.38,15.03,22.76,15.9,4.99,11.18,27.97,16.03,14.92,13.5,21.53,17.29,8.32,13.04,7.01,6.49,10.07,2.47,4.95,2.84,4.81,4.04,3.66,1.03,18.7,15.56,14.21,15.21,17.96,1.45,16.64,6.83,13.62,14.1,17.86,13.06,0.0,13.23,16.69,9.23,19.88,8.38,15.94,1.76,12.65,29.4,26.9,26.75,28.23,25.37,26.82,23.67,26.31,24.34,23.47,26.65,29.91,26.34,21.91,26.4,23.18,22.93,15.11,17.72,16.66,18.46,18.94,16.73,14.17,21.54,18.61,19.71,18.83,25.58,17.7,23.97,11.86,16.89,17.07,16.21,21.06,18.0,18.14,18.19,11.71,15.56,16.42,15.27,14.26,20.25,17.86,12.8,23.41,16.51,10.36,21.84,20.47,13.32,9.27,6.37,6.98,11.4,11.8,9.37,9.8,8.33,7.63,14.38,5.38,4.23,21.39,9.6,13.99,11.24,6.31,8.46,11.5,4.78,2.87,10.93,9.41,8.03,10.17,7.81,8.65,10.69,15.74,9.6,5.26,11.22,7.56,6.76,12.57,24.22,23.58,25.95,25.13,23.33,26.25,18.35,17.77,24.17,20.14,23.32,21.25,25.48,20.86,26.47,22.01,20.3,19.17,25.31,23.74,24.49,21.86,23.14,24.41,30.23,22.5,23.21,22.07,26.45,20.58,22.14,23.25,22.87,19.56,21.34,26.86,21.79,27.98,30.92,29.33,24.62,19.01,20.48,14.34,20.02,20.28,19.0,20.7,20.77,13.47,13.43,18.76,28.73,22.02,16.95,13.45,14.52,15.02,12.02,14.52,20.27,16.44,27.77,17.89,22.24,18.74,15.35,17.15,21.38,20.09,12.85,17.97,13.29,22.55,23.36,21.95,30.0,29.81,19.46,25.75,17.89,31.06,32.33,18.35,26.18,16.18,28.79,17.41,26.31,17.71,19.55,31.26,26.51,29.37,28.8,28.86,41.63
12.9,17.5,31.69,37.09,11.64,32.56,26.92,27.94,15.15,34.8,31.73,34.64,5.75,17.33,35.66,33.05,7.36,31.66,20.6,35.17,36.08,29.12,24.88,34.23,20.67,28.44,35.38,13.39,7.3,30.17,36.76,29.53,39.6,37.27,27.39,36.95,16.14,29.67,30.43,37.14,30.9,36.87,41.17,20.18,30.82,35.78,37.99,39.84,36.74,30.28,31.87,32.84,7.46,32.54,30.56,32.28,25.85,38.53,26.66,38.27,11.81,38.61,25.4,33.56,9.8,26.86,35.43,35.78,35.12,37.33,36.53,25.71,31.84,28.05,30.96,34.27,11.22,31.02,30.73,34.43,35.52,32.91,33.73,31.69,35.44,33.77,32.38,22.66,36.09,31.32,27.21,27.73,28.07,34.49,32.01,38.64,14.67,6.03,10.86,31.67,30.14,23.84,35.23,29.34,30.58,32.81,26.96,25.61,32.99,26.13,12.24,15.63,38.2,26.26,25.5,24.08,31.76,27.52,8.37,4.96,7.97,7.96,5.75,12.1,8.29,11.45,9.97,11.03,12.28,14.11,6.86,3.71,0.99,3.36,6.11,14.53,4.79,6.61,3.8,4.28,6.01,1.32,13.23,0.0,4.72,4.0,7.9,6.34,3.97,14.83,4.44,39.27,36.76,36.62,38.09,35.24,36.69,33.54,36.18,34.2,33.33,36.52,39.77,36.21,31.77,36.26,33.05,15.54,5.25,7.85,17.67,9.64,11.54,9.34,5.48,12.07,8.58,10.24,11.44,18.19,17.67,14.5,2.47,9.5,9.67,6.34,13.66,10.6,10.74,8.33,7.29,8.16,9.02,7.87,6.87,10.21,10.47,3.41,16.01,17.67,2.88,14.44,11.0,23.41,19.36,18.23,17.84,15.89,16.3,19.45,19.89,18.42,17.49,17.81,13.49,15.22,13.78,11.58,24.08,8.47,16.12,12.25,21.59,14.52,16.0,8.81,19.5,10.83,13.6,11.34,12.08,20.78,19.17,14.09,15.8,9.09,12.41,12.69,22.66,29.02,28.38,30.76,29.93,33.2,36.12,28.22,27.64,34.04,30.01,33.19,31.11,35.35,30.72,36.34,31.87,30.17,17.44,35.18,33.61,34.36,31.73,33.01,34.27,40.09,32.37,33.07,31.93,36.32,30.44,32.01,33.12,32.74,24.36,26.14,36.72,26.59,37.85,40.79,39.2,34.49,23.51,24.98,18.84,24.52,24.78,23.49,25.19,25.26,17.96,23.52,23.26,33.22,26.51,21.45,17.94,19.02,19.51,18.18,18.31,24.77,20.94,32.26,22.39,26.74,23.23,19.84,21.65,25.88,24.58,22.94,22.46,17.79,27.05,27.85,26.45,39.87,34.61,23.96,30.55,22.39,35.86,37.13,23.15,30.98,20.67,29.25,22.21,31.11,22.2,24.35,36.06,31.31,34.17,33.6,33.66,51.49
12.9,24.37,38.21,43.61,14.92,33.31,27.66,28.69,22.04,35.55,32.48,35.39,9.03,24.21,36.41,33.79,8.5,32.41,21.35,35.92,36.83,29.87,25.63,34.98,27.55,34.96,36.13,18.69,8.05,36.7,37.51,36.05,40.35,38.01,33.91,37.7,23.01,30.42,31.18,37.89,31.65,37.62,41.92,27.06,31.57,36.52,38.74,40.59,37.49,31.03,32.61,33.59,8.21,33.29,31.31,33.03,26.6,39.28,33.18,39.02,13.75,39.35,26.15,34.31,13.19,27.61,36.18,36.53,35.87,38.08,37.27,32.23,32.59,28.8,31.71,35.02,11.97,31.77,31.48,35.18,36.27,33.66,34.48,32.44,36.19,34.52,33.13,29.18,36.83,32.07,27.96,28.48,28.82,35.24,32.76,39.39,21.55,6.78,11.6,32.42,30.89,24.59,35.98,30.09,31.33,33.56,27.71,26.35,33.74,26.88,12.99,22.5,38.95,27.01,26.25,24.83,32.51,28.27,9.24,5.71,11.35,11.34,6.5,14.78,11.68,14.84,13.36,13.62,13.03,22.92,4.61,2.34,4.1,3.94,1.39,17.99,3.42,10.0,4.55,5.03,2.25,6.02,16.69,4.72,0.0,8.7,4.88,11.04,2.6,18.16,5.19,40.02,37.51,37.37,38.84,35.98,37.44,34.28,36.93,34.95,34.08,37.27,40.52,36.95,32.52,37.01,33.8,15.54,7.26,4.86,17.67,4.92,12.37,11.88,8.75,7.35,3.86,5.52,11.44,18.19,17.68,9.78,7.17,6.49,8.75,6.09,13.67,13.14,9.82,5.04,10.56,10.7,7.63,8.29,9.12,5.5,11.29,8.11,16.02,17.68,7.58,14.45,6.29,24.15,20.11,18.98,18.59,22.24,22.64,20.2,20.63,19.17,18.24,20.3,19.34,20.59,14.53,14.85,24.83,11.74,22.63,19.3,22.34,21.04,21.36,12.08,20.24,14.11,16.87,14.62,15.35,21.53,18.12,20.43,21.16,12.37,15.68,15.96,23.41,35.05,34.41,36.79,35.96,33.94,36.86,28.96,28.39,34.79,30.76,33.94,31.86,36.1,31.47,37.09,32.62,30.92,17.45,35.93,34.36,35.11,32.48,33.76,35.02,40.84,33.12,33.82,32.68,37.07,31.19,32.76,33.87,33.49,30.4,32.18,37.47,32.63,38.6,41.54,39.94,35.24,29.85,31.32,25.18,30.86,31.12,29.83,31.54,31.61,24.3,24.27,29.6,39.57,32.85,27.79,24.29,25.36,25.85,22.86,25.36,31.11,27.28,38.61,28.73,33.08,29.57,26.18,27.99,32.22,30.92,23.68,28.81,24.13,33.39,34.19,32.79,40.62,40.64,30.3,36.59,28.73,41.9,43.16,29.19,37.02,27.01,39.62,28.25,37.15,28.55,30.38,42.1,37.34,40.21,39.64,39.7,52.24
13.06,17.66,31.85,37.25,11.8,30.62,24.97,25.99,15.31,32.86,29.79,32.7,5.91,17.49,33.72,31.1,3.35,29.72,16.97,33.23,34.14,27.17,22.94,32.29,20.83,28.6,33.43,13.55,5.71,30.33,34.81,29.69,37.66,35.32,27.55,35.01,16.3,27.72,28.48,35.2,28.96,34.92,39.23,20.34,28.87,33.83,36.04,37.9,28.29,28.34,29.92,30.9,6.93,30.59,28.61,30.33,23.91,36.59,26.82,36.33,7.8,36.66,21.77,31.61,5.8,23.23,33.48,33.83,33.18,35.38,34.58,25.87,29.89,26.1,29.02,32.32,7.55,29.07,28.79,32.49,27.07,30.97,31.79,29.74,26.98,31.83,30.44,22.82,34.14,29.37,25.27,25.78,26.12,32.54,30.07,36.7,14.83,6.63,7.18,29.72,28.19,20.21,33.28,27.4,28.63,30.86,23.33,21.98,24.77,24.18,8.49,15.79,36.26,24.32,21.87,20.45,29.82,25.58,4.37,8.32,3.96,3.95,5.36,8.1,4.28,7.45,5.97,7.03,9.29,10.1,10.84,7.7,4.98,7.34,10.09,10.52,8.78,2.61,7.79,8.27,10.0,3.82,9.23,4.0,8.7,0.0,11.89,2.34,7.95,10.83,7.81,36.85,34.34,34.2,35.68,32.82,34.27,31.12,33.76,31.78,30.91,34.1,37.35,33.79,29.35,33.84,30.63,15.7,5.41,8.01,17.83,9.09,11.7,9.5,5.64,12.4,8.9,10.56,11.6,18.35,17.83,14.83,2.63,9.66,9.83,6.5,13.82,10.76,10.9,8.49,7.45,8.32,9.18,8.03,7.02,10.54,10.63,3.57,16.17,17.83,1.13,14.6,11.33,20.2,15.96,15.13,15.27,16.05,16.46,16.25,16.47,15.22,15.07,17.97,13.65,12.54,16.55,11.74,20.88,8.63,16.28,12.41,18.39,13.09,11.18,8.97,16.29,10.99,13.75,11.5,12.24,17.57,19.33,14.25,13.57,9.25,12.57,12.85,19.45,29.18,28.54,30.92,30.09,30.78,33.7,25.8,25.22,31.62,27.59,30.77,28.69,32.93,28.31,33.92,29.45,27.75,17.6,32.76,31.19,31.94,29.31,30.59,31.85,37.67,29.95,30.65,29.52,33.9,28.02,29.59,30.7,30.32,24.52,26.3,29.18,26.75,35.43,38.37,36.78,32.07,23.67,25.14,19.0,24.68,24.94,23.65,25.35,25.42,18.12,20.32,23.42,33.38,26.67,21.61,18.1,19.18,19.67,18.34,18.47,24.93,21.1,32.42,22.55,26.9,23.39,20.0,21.81,26.04,24.74,19.73,22.62,17.95,27.2,28.01,26.61,37.45,34.77,24.12,30.71,22.55,36.02,37.29,23.31,31.14,20.83,29.41,22.37,31.27,22.36,24.51,36.22,31.47,34.33,33.76,33.82,41.36
16.8,27.56,41.4,46.8,18.81,36.49,30.85,31.87,25.23,38.73,35.66,38.58,12.92,27.39,39.59,36.98,11.68,35.59,24.53,39.11,40.02,33.05,28.82,38.16,30.73,38.15,39.31,21.88,11.23,39.88,40.69,39.24,43.54,41.2,37.09,40.88,26.2,33.6,34.36,41.08,34.83,40.8,45.11,30.24,34.75,39.71,41.92,43.77,40.67,34.21,35.8,36.77,11.4,36.47,34.49,36.21,29.78,42.46,36.36,42.21,16.93,42.54,29.33,37.49,16.38,30.79,39.36,39.71,39.06,41.26,40.46,35.42,35.77,31.98,34.89,38.2,15.15,34.95,34.67,38.37,39.45,36.84,37.67,35.62,39.37,37.71,36.32,32.36,40.02,35.25,31.14,31.66,32.0,38.42,35.94,42.58,24.73,9.96,14.79,35.6,34.07,27.77,39.16,33.28,34.51,36.74,30.89,29.54,36.93,30.06,16.17,25.69,42.13,30.19,29.43,28.01,35.7,31.45,12.43,8.89,14.54,14.53,9.68,17.97,14.86,18.02,16.54,16.8,16.22,26.1,4.24,4.19,7.28,7.13,4.73,21.17,4.59,13.19,7.74,8.22,2.63,9.21,19.88,7.9,4.88,11.89,0.0,14.22,5.06,21.35,8.38,43.2,40.69,40.55,42.03,39.17,40.62,37.47,40.11,38.14,37.26,40.45,43.71,40.14,35.7,40.2,36.98,19.44,11.15,8.75,21.57,8.81,16.26,15.77,12.64,11.25,7.75,9.42,15.33,22.08,21.57,13.68,10.35,10.38,12.64,9.98,17.56,17.04,13.71,8.93,14.46,14.6,11.52,12.18,13.01,7.22,15.18,11.29,19.91,21.57,10.76,18.34,10.18,27.34,23.29,22.16,21.77,25.42,25.82,23.39,23.82,22.35,21.42,24.19,22.52,23.77,17.72,18.74,28.01,15.64,25.82,22.48,25.52,24.22,24.55,15.97,23.43,18.0,20.76,18.51,19.24,24.71,22.01,23.62,24.35,16.26,19.57,23.9,26.59,38.24,37.6,39.97,39.15,37.13,40.05,32.15,31.57,37.97,33.94,37.12,35.04,39.28,34.66,40.27,35.81,34.1,21.34,39.11,37.54,38.29,35.66,36.94,38.2,44.03,36.3,37.0,35.87,40.25,34.37,35.94,37.05,36.67,33.58,35.36,40.66,35.81,41.78,44.72,43.13,38.42,33.03,34.5,28.36,34.04,34.3,33.02,34.72,34.79,27.49,27.45,32.78,42.75,36.04,30.97,27.47,28.54,29.04,26.04,28.54,34.29,30.46,41.79,31.91,36.26,32.76,29.37,31.17,35.4,34.11,26.87,31.99,27.31,36.57,37.38,35.97,43.8,43.83,33.48,39.77,31.91,45.08,46.35,32.37,40.2,30.2,42.81,31.43,40.33,31.73,33.57,45.28,40.53,43.39,42.82,42.88,55.43
15.4,20.0,34.19,39.59,14.14,33.88,28.23,29.25,17.65,36.11,33.05,35.96,8.25,19.83,36.98,34.36,2.5,32.98,21.91,36.49,37.4,30.43,26.2,35.54,23.17,30.94,36.69,19.26,4.86,32.67,38.07,32.03,40.92,38.58,29.89,38.26,18.64,30.98,31.74,38.46,32.22,38.18,42.49,22.68,32.13,37.09,39.3,41.16,38.05,31.59,33.18,34.15,6.08,33.85,31.87,33.59,27.16,39.84,29.15,39.59,6.96,39.92,26.71,34.87,4.95,28.17,36.74,37.09,36.44,38.64,37.84,28.21,33.15,29.36,32.28,35.58,6.7,32.33,32.05,35.75,36.84,34.23,35.05,33.0,36.75,35.09,33.7,25.15,37.4,32.63,28.52,29.04,29.38,35.8,33.32,39.96,17.17,5.78,6.33,32.98,31.45,25.15,36.54,30.66,31.89,34.12,28.27,26.92,34.31,27.44,7.64,18.13,39.52,27.57,26.82,25.4,33.08,28.83,3.52,7.47,3.11,3.1,4.51,7.25,3.43,6.6,5.12,6.18,8.44,9.25,13.18,10.03,7.32,9.68,12.43,6.85,11.12,1.76,8.05,8.53,12.34,6.16,8.38,6.34,11.04,2.34,14.22,0.0,10.29,9.98,6.96,41.18,38.68,38.53,40.01,37.15,38.61,35.45,38.09,36.12,35.25,38.43,41.69,38.12,33.69,38.18,34.97,18.04,7.74,10.35,20.17,11.43,14.04,11.84,7.97,14.73,11.24,12.9,13.93,20.68,20.17,17.16,4.97,11.99,12.17,8.84,16.16,13.1,13.24,10.83,9.79,10.66,11.52,10.37,9.36,12.88,12.96,5.91,18.51,20.17,3.47,16.94,13.67,25.32,21.27,13.83,14.44,18.39,18.8,21.37,21.8,20.34,19.41,20.31,12.84,11.69,15.7,14.08,26.0,10.97,13.77,14.75,23.51,12.24,10.33,11.31,21.41,13.33,16.09,13.84,14.57,22.7,21.67,16.59,12.72,11.59,14.91,14.22,24.58,31.51,30.88,33.25,32.43,35.11,38.03,30.13,29.56,35.95,31.92,35.1,33.03,37.27,32.64,38.26,33.79,32.09,19.94,37.1,35.52,36.28,33.64,34.93,36.19,42.01,34.29,34.99,33.85,38.24,32.36,33.92,35.04,34.65,26.86,28.64,38.64,29.09,39.77,42.71,41.11,36.41,26.0,27.47,21.34,27.02,27.28,25.99,27.69,27.76,20.46,25.44,25.75,35.72,29.01,23.94,20.44,21.52,22.01,20.68,20.81,27.27,23.44,34.76,24.89,29.24,25.73,22.34,24.15,28.38,27.08,24.85,24.96,20.28,29.54,30.35,28.95,41.78,37.11,26.45,33.05,24.88,38.36,39.63,25.65,33.48,23.17,31.75,24.71,33.61,24.7,26.85,38.56,33.81,36.67,36.1,36.16,53.41
15.5,23.62,37.46,42.87,15.59,32.56,26.92,27.94,21.3,34.8,31.73,34.64,9.7,23.46,35.66,33.05,7.75,31.66,20.6,35.17,36.08,29.12,24.89,34.23,26.8,34.22,35.38,17.95,7.3,35.95,36.76,35.3,39.6,37.27,33.16,36.95,22.27,29.67,30.43,37.14,30.9,36.87,41.17,26.31,30.82,35.78,37.99,39.84,36.74,30.28,31.87,32.84,7.46,32.54,30.56,32.28,25.85,38.53,32.43,38.28,13.0,38.61,25.4,33.56,12.44,26.86,35.43,35.78,35.12,37.33,36.53,31.48,31.84,28.05,30.96,34.27,11.22,31.02,30.74,34.43,35.52,32.91,33.73,31.69,35.44,33.78,32.38,28.43,36.09,31.32,27.21,27.73,28.07,34.49,32.01,38.64,20.8,6.03,10.86,31.67,30.14,23.84,35.23,29.34,30.58,32.81,26.96,25.61,32.99,26.13,12.24,21.76,38.2,26.26,25.5,24.08,31.76,27.52,8.5,4.96,10.61,10.6,5.75,14.03,10.93,14.09,12.61,12.87,12.28,22.17,4.01,0.87,3.35,3.2,3.99,17.24,1.95,9.25,3.8,4.28,3.17,5.27,15.94,3.97,2.6,7.95,5.06,10.29,0.0,17.41,4.44,39.27,36.76,36.62,38.09,35.24,36.69,33.54,36.18,34.2,33.33,36.52,39.77,36.21,31.77,36.26,33.05,18.14,9.2,7.46,20.27,7.52,14.97,13.29,9.43,9.95,6.46,8.12,14.04,20.79,20.28,12.38,6.42,9.09,11.35,8.69,16.26,14.55,12.42,7.64,11.24,12.11,10.23,10.89,10.82,8.1,13.89,7.36,18.62,20.27,6.83,17.05,8.88,23.41,19.36,18.23,17.84,21.49,21.89,19.45,19.89,18.42,17.49,25.39,18.59,19.84,13.78,15.53,24.08,12.42,21.89,18.55,21.59,20.29,20.62,12.76,19.5,14.78,21.18,15.29,19.63,20.78,20.72,19.68,20.41,13.04,16.36,19.97,22.66,34.3,33.66,36.04,35.22,33.2,36.12,28.22,27.64,34.04,30.01,33.19,31.11,35.35,30.72,36.34,31.87,30.17,20.05,35.18,33.61,34.36,31.73,33.01,34.27,40.09,32.37,33.07,31.94,36.32,30.44,32.01,33.12,32.74,29.65,31.43,36.72,31.88,37.85,40.79,39.2,34.49,29.1,30.57,24.43,30.11,30.37,29.09,30.79,30.86,23.56,23.52,28.85,38.82,32.1,27.04,23.54,24.61,25.11,22.11,24.61,30.36,26.53,37.86,27.98,32.33,28.82,25.43,27.24,31.47,30.17,22.94,28.06,23.38,32.64,33.44,32.04,39.87,39.89,29.55,35.84,27.98,41.15,42.42,28.44,36.27,26.27,38.88,27.5,36.4,27.8,29.63,41.35,36.6,39.46,38.89,38.95,51.49
20.75,13.5,27.34,32.74,10.39,22.79,17.14,18.16,11.17,25.03,21.96,24.87,13.57,13.34,25.89,23.27,9.72,21.89,10.48,25.4,26.31,19.34,15.11,24.45,16.68,24.09,25.6,7.82,10.62,25.83,26.98,25.18,29.83,27.49,23.04,27.18,12.14,19.89,20.65,27.37,21.13,27.09,31.4,16.19,21.04,26.0,28.21,30.07,26.97,20.5,22.09,23.07,13.02,22.76,20.78,22.5,16.08,28.76,22.31,28.5,6.42,28.83,15.28,23.78,5.19,16.73,25.65,26.0,25.35,27.55,26.75,21.36,22.06,18.27,21.19,24.49,7.45,21.24,20.96,24.66,25.75,23.14,23.96,21.91,25.66,24.0,22.61,18.31,26.31,21.54,17.44,17.95,18.29,24.71,22.24,28.87,10.68,12.72,7.74,21.89,20.36,13.72,25.45,19.57,20.8,23.03,16.84,15.48,23.22,16.35,6.59,11.63,28.43,16.49,15.38,13.96,21.99,17.74,9.92,14.63,8.61,8.08,11.67,4.07,6.54,4.44,6.4,5.64,5.26,1.49,20.3,17.16,15.81,16.8,19.55,2.39,18.24,8.42,15.21,15.69,19.46,14.65,1.76,14.83,18.16,10.83,21.35,9.98,17.41,0.0,14.25,29.86,27.35,27.21,28.69,25.83,27.28,24.13,26.77,24.79,23.92,27.11,30.36,26.8,22.36,26.85,23.64,23.39,15.57,18.17,17.12,18.92,19.4,17.19,14.63,22.0,19.07,20.17,19.29,26.04,18.15,24.43,13.46,17.35,17.52,16.67,21.51,18.46,18.6,18.65,12.16,16.02,16.87,15.72,14.72,20.7,18.32,15.91,23.86,16.97,11.95,22.29,20.93,13.78,9.73,6.83,7.44,11.86,12.26,9.82,10.26,8.79,8.08,14.84,5.84,4.69,22.99,10.06,14.45,11.7,6.76,8.92,11.96,5.23,3.32,11.39,9.86,8.49,10.62,8.27,9.11,11.15,16.2,10.05,5.71,11.68,8.02,7.21,13.03,24.67,24.03,26.41,25.59,23.79,26.71,18.81,18.23,24.63,20.6,23.78,21.7,25.94,21.32,26.93,22.46,20.76,19.63,25.77,24.2,24.95,22.32,23.6,24.86,30.68,22.96,23.66,22.53,26.91,21.03,22.6,23.71,23.33,20.02,21.8,27.32,22.25,28.44,31.38,29.79,25.08,19.47,20.94,14.8,20.48,20.74,19.45,21.16,21.23,13.92,13.89,19.22,29.19,22.47,17.41,13.91,14.98,15.48,12.48,14.98,20.73,16.9,28.23,18.35,22.7,19.19,15.8,17.61,21.84,20.54,13.31,18.43,13.75,23.01,23.81,22.41,30.46,30.26,19.92,26.21,18.35,31.52,32.78,18.81,26.64,16.63,29.24,17.87,26.77,18.17,20.0,31.72,26.97,29.83,29.26,29.32,42.08
17.32,20.33,34.17,39.57,19.11,29.27,23.62,24.65,18.0,31.51,28.44,31.35,10.18,20.17,32.37,29.75,4.46,28.37,17.31,31.88,32.79,25.83,21.59,30.94,23.51,30.92,32.09,14.65,4.01,32.66,33.46,32.01,36.31,33.97,29.87,33.66,18.97,26.38,27.13,33.85,27.61,33.57,37.88,23.02,27.52,32.48,34.7,36.55,33.45,26.99,28.57,29.55,4.17,29.25,27.27,28.98,22.56,35.24,29.14,34.98,9.71,35.31,22.11,30.26,9.15,23.56,32.14,32.49,31.83,34.04,33.23,28.19,28.54,24.76,27.67,30.98,7.93,27.73,27.44,31.14,32.23,29.62,30.44,28.39,32.14,30.48,29.09,25.14,32.79,28.03,23.92,24.44,24.78,31.2,28.72,35.35,17.51,2.74,7.56,28.37,26.84,20.55,31.93,26.05,27.28,29.51,23.67,22.31,29.7,22.84,8.95,18.46,34.91,22.97,22.21,20.79,28.47,24.23,5.2,1.66,7.31,7.3,2.46,10.74,7.63,10.8,9.32,9.58,8.99,18.88,7.33,4.19,3.83,3.83,6.58,13.95,5.27,5.96,2.24,2.72,6.49,5.75,12.65,4.44,5.19,7.81,8.38,6.96,4.44,14.25,0.0,35.97,33.47,33.32,34.8,31.94,33.4,30.24,32.89,30.91,30.04,33.23,36.48,32.91,28.48,32.97,29.76,19.96,9.67,10.05,24.38,10.11,15.97,13.77,9.9,12.55,9.05,10.71,15.86,22.61,25.41,14.98,6.9,11.68,13.94,10.77,18.09,15.03,15.01,10.23,11.72,12.59,12.82,12.3,11.29,10.69,14.89,7.84,20.44,24.22,7.3,18.87,11.48,20.11,16.06,14.94,14.55,18.19,18.6,16.16,16.59,15.13,14.2,22.1,15.3,16.54,10.49,17.96,20.79,12.9,18.59,15.26,18.3,16.99,17.32,13.24,16.2,16.67,17.88,17.73,16.34,17.49,23.46,16.39,17.12,13.52,17.48,16.67,19.37,31.01,30.37,32.75,31.92,29.9,32.82,24.92,24.35,30.74,26.71,29.89,27.82,32.06,27.43,33.05,28.58,26.88,21.87,31.89,30.31,31.07,28.43,29.72,30.98,36.8,29.08,29.78,28.64,33.03,27.15,28.71,29.83,29.45,26.36,28.14,33.43,28.59,34.56,37.5,35.9,31.2,25.81,27.28,21.14,26.82,27.08,25.79,27.49,27.56,20.26,20.23,25.56,35.52,28.81,23.75,20.24,21.32,21.81,18.82,21.31,27.07,23.24,34.56,24.69,29.04,25.53,22.14,23.95,28.18,26.88,19.64,24.76,20.09,29.35,30.15,28.75,36.58,36.6,26.26,32.55,24.69,37.86,39.12,25.15,32.97,22.97,35.58,24.21,33.1,24.5,26.34,38.06,33.3,36.16,35.6,35.66,48.2
38.12,28.98,31.71,37.12,27.76,8.82,12.97,17.77,22.9,11.21,19.79,7.03,30.94,24.52,12.33,21.11,38.68,10.94,22.22,13.91,12.46,17.18,14.48,22.29,24.89,28.47,6.54,23.3,38.23,30.2,15.49,29.55,27.67,25.33,27.41,25.01,27.62,16.76,18.3,3.72,15.7,10.66,28.48,25.65,18.03,23.84,1.26,30.12,27.02,11.27,16.64,20.9,39.45,20.6,10.3,19.19,13.43,9.71,26.68,26.34,33.1,10.18,18.33,15.38,32.07,19.79,4.03,9.65,6.25,11.34,24.59,27.47,8.1,11.24,21.24,22.33,33.31,18.89,16.87,13.89,25.8,7.65,5.59,21.97,25.72,21.83,8.15,20.87,7.21,21.6,17.49,12.66,18.35,6.6,22.29,26.71,26.15,37.56,33.6,14.9,10.06,18.49,5.55,10.63,8.87,6.85,19.89,18.53,23.28,16.06,32.45,27.11,26.26,16.19,18.43,17.25,18.42,17.45,39.42,36.49,35.49,34.97,36.68,30.17,33.43,31.32,33.29,32.52,31.12,28.37,42.16,39.01,38.65,38.66,41.41,30.03,40.09,35.31,37.07,37.55,41.32,36.51,29.4,39.27,40.02,36.85,43.2,41.18,39.27,29.86,35.97,0.0,7.27,2.72,4.65,6.34,7.79,6.91,8.58,8.05,9.14,8.92,9.41,8.61,9.35,10.3,9.47,41.21,33.39,35.99,34.01,36.73,37.21,35.01,32.44,39.81,36.88,37.98,37.1,43.85,35.04,42.24,34.84,35.16,35.34,34.48,39.33,36.27,36.41,36.47,29.98,33.83,34.69,33.54,32.53,38.52,36.13,33.73,41.68,33.86,36.17,40.11,38.75,21.85,25.7,23.76,23.02,27.83,28.23,25.79,21.89,24.76,24.05,31.73,24.12,25.37,44.69,27.59,22.53,29.52,27.41,24.89,20.04,25.82,26.14,29.21,25.84,26.31,27.52,26.55,25.97,20.76,33.09,26.02,25.94,29.49,26.3,25.5,18.99,28.99,28.35,30.72,29.9,15.28,12.19,19.34,18.76,12.88,17.8,13.48,18.66,12.15,17.39,12.69,14.68,16.39,36.52,16.67,17.67,16.21,19.28,20.56,21.82,31.21,23.49,24.19,21.42,27.44,21.56,23.13,24.24,20.29,25.16,27.7,27.84,28.15,25.4,28.34,26.74,22.04,35.44,36.91,25.3,28.63,31.99,35.43,30.12,29.38,25.96,21.6,27.37,37.34,38.44,33.38,25.95,24.14,31.45,23.42,22.69,36.7,32.87,36.38,34.32,30.85,35.16,31.77,25.76,29.99,36.51,21.02,34.4,24.53,31.16,39.78,38.38,30.99,34.58,25.47,30.52,26.5,35.83,37.1,22.91,30.95,23.77,33.56,21.97,31.08,23.07,25.9,36.03,31.28,34.14,33.57,33.63,42.61
35.61,26.47,30.52,35.92,25.25,6.31,10.47,13.94,20.4,7.38,15.96,3.2,28.43,22.01,8.5,17.27,36.17,7.1,19.71,10.08,8.62,13.35,11.98,18.46,22.38,27.27,1.85,20.8,35.72,29.0,11.66,28.36,23.83,21.49,26.22,21.18,25.12,12.92,14.47,5.17,11.87,6.82,24.64,23.14,14.19,20.0,6.02,25.41,25.83,8.77,12.8,17.07,36.94,16.76,7.8,15.36,10.93,5.87,25.49,22.5,30.59,6.34,15.82,11.55,29.56,17.28,3.46,5.82,3.95,7.5,20.75,26.28,5.59,8.73,20.05,18.5,30.8,15.06,13.03,10.05,24.61,5.35,3.29,20.77,24.52,18.0,6.18,18.37,4.91,20.41,16.24,10.16,17.1,3.49,21.1,22.87,23.65,35.05,31.09,11.06,7.55,15.98,1.91,8.13,6.36,4.55,17.38,16.03,22.08,13.55,29.94,24.61,22.43,13.69,15.92,14.74,15.92,14.95,36.92,33.98,32.99,32.46,34.17,27.67,30.92,28.81,30.78,30.02,28.61,25.86,39.65,36.5,36.15,36.15,38.9,27.53,37.59,32.8,34.56,35.04,38.81,34.0,26.9,36.76,37.51,34.34,40.69,38.68,36.76,27.35,33.47,7.27,0.0,4.62,6.1,4.04,5.49,4.61,4.75,4.21,5.3,5.09,5.57,4.78,7.23,6.46,5.63,38.91,31.09,33.69,31.71,34.43,34.91,32.71,30.14,37.51,34.58,35.68,34.8,41.55,32.74,39.94,32.54,32.86,33.04,32.18,37.03,33.97,34.11,34.17,27.68,31.53,32.39,31.24,30.23,36.22,33.83,31.43,39.38,31.56,33.87,37.81,36.45,19.55,23.4,21.46,20.72,25.53,25.93,23.49,19.59,22.46,21.75,29.43,21.82,23.07,42.39,25.29,20.23,27.22,25.12,22.59,17.74,23.52,23.85,26.91,23.54,24.01,25.22,24.25,23.67,18.46,30.79,23.72,23.64,27.19,24.0,23.2,16.69,27.43,26.79,29.17,28.35,11.45,8.36,16.7,15.27,9.04,13.97,9.65,14.83,8.32,13.56,8.85,10.85,12.56,34.22,12.84,13.84,12.37,15.44,16.73,17.99,29.66,21.94,22.64,17.58,25.89,20.01,21.58,22.69,16.45,23.61,26.15,26.29,26.6,21.57,24.5,22.91,18.2,33.14,34.61,23.0,26.33,29.69,33.13,27.82,27.08,23.67,19.3,25.07,35.04,36.14,31.08,23.65,21.84,29.15,21.12,20.39,34.4,30.57,34.08,32.02,28.55,32.86,29.47,23.46,27.69,34.21,18.72,32.1,22.23,28.86,37.48,36.08,25.85,33.02,23.17,28.97,24.2,34.28,35.55,24.33,29.4,21.47,32.01,19.67,29.53,20.77,24.35,34.48,29.73,32.59,32.02,32.08,41.06
35.47,26.33,29.06,34.47,25.11,6.17,10.32,15.12,20.25,8.56,17.14,4.38,28.29,21.87,9.68,18.46,36.03,8.29,19.57,11.26,9.81,14.53,11.83,19.64,22.24,25.82,3.89,20.65,35.58,27.55,12.84,26.9,25.02,22.68,24.76,22.36,24.97,14.11,15.65,1.36,13.05,8.01,25.83,23.0,15.38,21.19,1.47,27.47,24.37,8.62,13.99,18.25,36.8,17.95,7.65,16.54,10.78,7.06,24.03,23.69,30.45,7.53,15.68,12.73,29.42,17.14,1.38,7.0,3.6,8.69,21.94,24.82,5.45,8.59,18.59,19.68,30.66,16.24,14.22,11.24,23.15,5.0,2.94,19.32,23.07,19.18,5.5,18.22,4.56,18.95,14.84,10.01,15.7,3.95,19.64,24.06,23.5,34.91,30.95,12.25,7.41,15.84,2.9,7.98,6.22,4.2,17.24,15.88,20.63,13.41,29.8,24.46,23.61,13.54,15.78,14.6,15.77,14.8,36.77,33.84,32.84,32.32,34.03,27.52,30.78,28.67,30.64,29.87,28.47,25.72,39.51,36.36,36.0,36.01,38.76,27.38,37.44,32.66,34.42,34.9,38.66,33.86,26.75,36.62,37.37,34.2,40.55,38.53,36.62,27.21,33.32,2.72,4.62,0.0,2.29,3.69,5.14,4.26,5.93,5.4,6.49,6.27,6.76,5.96,6.7,7.64,6.82,38.56,30.74,33.34,31.36,34.08,34.56,32.36,29.79,37.16,34.23,35.33,34.45,41.2,32.39,39.59,32.19,32.51,32.69,31.83,36.68,33.62,33.76,33.82,27.33,31.18,32.04,30.89,29.88,35.87,33.48,31.08,39.03,31.21,33.52,37.46,36.09,19.2,23.05,21.11,20.37,25.18,25.58,23.14,19.24,22.11,21.4,29.08,21.47,22.72,42.04,24.94,19.88,26.87,24.76,22.24,17.39,23.17,23.49,26.56,23.18,23.66,24.86,23.9,23.32,18.11,30.44,23.37,23.29,26.84,23.65,22.85,16.34,26.33,25.7,28.07,27.25,12.63,9.54,16.68,16.11,10.23,15.15,10.83,16.01,9.5,14.74,10.04,12.03,13.74,33.87,14.02,15.02,13.56,16.63,17.91,19.17,28.56,20.84,21.54,18.77,24.79,18.91,20.48,21.59,17.64,22.51,25.05,25.19,25.5,22.75,25.69,24.09,19.39,32.79,34.26,22.65,25.98,29.34,32.78,27.47,26.73,23.31,18.95,24.72,34.69,35.79,30.73,23.3,21.49,28.8,20.77,20.04,34.05,30.22,33.73,31.67,28.2,32.51,29.12,23.11,27.34,33.86,18.37,31.75,21.88,28.51,37.13,35.73,28.34,31.93,22.82,27.87,23.85,33.18,34.45,20.26,28.3,21.12,30.91,19.32,28.43,20.42,23.25,33.38,28.63,31.49,30.92,30.98,39.96
36.94,27.81,30.54,35.94,26.58,7.65,11.8,16.6,21.73,10.04,18.62,5.86,29.76,23.34,11.16,19.93,37.51,9.76,21.04,12.74,11.28,16.01,13.31,21.12,23.71,27.29,5.37,22.13,37.06,29.03,14.32,28.38,26.49,24.15,26.24,23.84,26.45,15.58,17.13,0.93,14.53,9.48,27.3,24.47,16.85,22.66,3.39,28.95,25.85,10.1,15.46,19.73,38.28,19.42,9.13,18.02,12.26,8.53,25.51,25.16,31.92,9.0,17.16,14.21,30.9,18.61,2.86,8.47,5.07,10.16,23.41,26.3,6.92,10.06,20.07,21.16,32.13,17.72,15.69,12.71,24.63,6.48,4.42,20.79,24.54,20.66,6.97,19.7,6.04,20.43,16.32,11.49,17.18,5.43,21.12,25.53,24.98,36.39,32.43,13.72,8.89,17.31,4.38,9.46,7.7,5.68,18.71,17.36,22.1,14.89,31.28,25.94,25.09,15.02,17.26,16.08,17.25,16.28,38.25,35.31,34.32,33.79,35.5,29.0,32.25,30.15,32.11,31.35,29.94,27.19,40.98,37.84,37.48,37.48,40.24,28.86,38.92,34.13,35.89,36.37,40.14,35.34,28.23,38.09,38.84,35.68,42.03,40.01,38.09,28.69,34.8,4.65,6.1,2.29,0.0,5.16,6.62,5.73,7.41,6.87,7.96,7.75,8.23,7.44,8.18,9.12,8.29,40.03,32.21,34.82,32.84,35.56,36.04,33.83,31.27,38.64,35.71,36.81,35.93,42.68,33.87,41.07,33.67,33.99,34.17,33.31,38.16,35.1,35.24,35.29,28.8,32.66,33.52,32.37,31.36,37.35,34.96,32.55,40.51,32.68,35.0,38.94,37.57,20.68,24.52,22.59,21.85,26.65,27.06,24.62,20.72,23.59,22.88,30.56,22.95,24.19,43.52,26.42,21.35,28.34,26.24,23.72,18.86,24.64,24.97,28.03,24.66,25.13,26.34,25.38,24.8,19.59,31.92,24.85,24.77,28.32,25.12,24.32,17.82,27.81,27.17,29.55,28.72,14.11,11.02,18.16,17.58,11.7,16.63,12.31,17.49,10.98,16.22,11.51,13.51,15.21,35.34,15.5,16.5,15.03,18.1,19.39,20.65,30.04,22.32,23.02,20.24,26.26,20.39,21.95,23.07,19.11,23.99,26.53,26.67,26.97,24.23,27.16,25.57,20.86,34.27,35.74,24.13,27.46,30.82,34.25,28.94,28.21,24.79,20.43,26.2,36.17,37.27,32.21,24.77,22.96,30.27,22.25,21.52,35.53,31.7,35.21,33.15,29.68,33.99,30.6,24.59,28.82,35.34,19.85,33.22,23.35,29.99,38.61,37.21,29.81,33.4,24.3,29.35,25.33,34.66,35.92,21.73,29.78,22.6,32.38,20.79,29.91,21.9,24.73,34.86,30.1,32.97,32.4,32.46,41.44
34.08,24.95,27.68,33.08,23.72,4.79,8.94,14.19,18.87,7.98,16.56,3.8,26.9,20.49,9.09,17.87,34.65,6.6,18.18,10.68,9.22,13.95,10.45,19.06,20.85,24.43,3.31,19.27,34.2,26.17,12.26,25.52,24.43,22.09,23.38,21.78,23.59,13.52,15.07,4.23,12.47,7.42,27.42,21.61,14.79,20.6,5.08,26.09,22.99,7.24,13.4,17.67,35.42,17.36,6.27,15.96,9.4,6.47,22.65,23.1,29.06,6.94,14.3,12.15,28.04,15.75,2.52,6.41,0.79,8.1,21.35,23.44,4.06,7.21,17.21,19.1,29.27,15.66,13.63,10.65,21.77,3.62,1.56,17.94,21.69,18.6,4.11,16.84,1.76,17.57,13.46,8.63,14.32,3.37,18.26,23.47,22.12,33.53,29.57,11.66,6.03,14.45,2.32,6.6,4.84,2.82,15.85,14.5,19.24,12.03,28.42,23.08,23.03,12.16,14.4,13.22,14.39,13.42,35.39,32.45,31.46,30.94,32.64,26.14,29.39,27.29,29.25,28.49,27.08,24.33,38.12,34.98,34.62,34.62,37.38,26.0,36.06,31.27,33.03,33.51,37.28,32.48,25.37,35.24,35.98,32.82,39.17,37.15,35.24,25.83,31.94,6.34,4.04,3.69,5.16,0.0,2.34,2.87,5.35,4.81,5.47,5.69,6.17,5.38,5.32,7.06,5.62,37.17,29.35,31.96,29.98,32.7,33.18,30.97,28.41,35.78,32.85,33.95,33.07,39.82,31.01,38.21,30.81,31.13,31.31,30.45,35.3,32.24,32.38,32.44,25.95,29.8,30.66,29.51,28.5,34.49,32.1,29.69,37.65,29.82,32.14,36.08,34.71,17.82,21.66,19.73,18.99,23.79,24.2,21.76,17.86,20.73,20.02,27.7,20.09,21.33,40.66,23.56,18.49,25.48,23.38,20.86,16.0,21.78,22.11,25.17,21.8,22.27,23.48,22.52,21.94,16.73,29.06,21.99,21.91,25.46,22.27,21.46,14.96,24.95,24.31,26.69,25.87,12.05,8.96,15.3,14.73,9.64,14.57,10.25,15.43,8.92,14.16,9.45,11.45,13.15,32.48,13.43,14.44,12.97,16.04,17.33,18.59,27.18,19.46,20.16,19.02,23.41,17.53,19.09,20.21,17.05,21.13,23.67,23.81,24.12,22.17,25.1,23.51,18.8,31.41,32.88,21.27,24.6,27.96,31.39,26.08,25.35,21.93,17.57,23.34,33.31,34.41,29.35,21.91,20.11,27.41,19.39,18.66,32.67,28.84,32.35,30.29,26.82,31.13,27.74,21.73,25.96,32.48,16.99,30.37,20.49,27.13,35.75,34.35,26.95,30.54,21.44,26.49,22.47,31.8,33.06,18.88,26.92,19.74,29.52,17.93,27.05,19.04,21.87,32.0,27.25,30.11,29.54,29.6,38.58
35.54,26.4,29.14,34.54,25.18,6.24,10.39,15.64,20.32,9.43,18.01,5.25,28.36,21.94,10.55,19.33,36.1,8.06,19.64,12.13,10.68,15.4,11.91,20.51,22.31,25.89,4.76,20.72,35.65,27.62,13.72,26.98,25.89,23.55,24.83,23.23,25.04,14.98,16.52,5.69,13.92,8.88,28.88,23.07,16.25,22.06,6.54,27.54,24.44,8.69,14.86,19.12,36.87,18.82,7.72,17.41,10.86,7.93,24.1,24.56,30.52,8.4,15.75,13.6,29.49,17.21,3.98,7.87,1.7,9.56,22.81,24.9,5.52,8.66,18.66,20.55,30.73,17.11,15.09,12.11,23.23,5.07,3.01,19.39,23.14,20.05,5.57,18.29,0.95,19.02,14.91,10.08,15.77,4.82,19.71,24.93,23.58,34.98,31.02,13.12,7.48,15.91,3.77,8.05,6.29,4.27,17.31,15.96,20.7,13.48,29.87,24.53,24.48,13.61,15.85,14.67,15.84,14.87,36.85,33.91,32.92,32.39,34.1,27.59,30.85,28.74,30.71,29.95,28.54,25.79,39.58,36.43,36.07,36.08,38.83,27.45,37.52,32.73,34.49,34.97,38.74,33.93,26.82,36.69,37.44,34.27,40.62,38.61,36.69,27.28,33.4,7.79,5.49,5.14,6.62,2.34,0.0,4.33,6.8,6.27,6.92,7.14,7.63,6.83,6.77,8.52,7.07,38.63,30.81,33.41,31.43,34.16,34.63,32.43,29.87,37.24,34.3,35.4,34.53,41.28,32.47,39.67,32.27,32.59,32.76,31.91,36.75,33.69,33.83,33.89,27.4,31.25,32.11,30.96,29.96,35.94,33.56,31.15,39.1,31.28,33.6,37.53,36.17,19.27,23.12,21.18,20.44,25.25,25.65,23.22,19.32,22.18,21.48,29.15,21.54,22.79,42.11,25.01,19.95,26.94,24.84,22.31,17.46,23.24,23.57,26.63,23.26,23.73,24.94,23.98,23.4,18.18,30.51,23.45,23.37,26.91,23.72,22.92,16.41,26.41,25.77,28.15,27.32,13.5,10.41,16.76,16.18,11.1,16.02,11.7,16.88,10.37,15.61,10.91,12.9,14.61,33.94,14.89,15.89,14.43,17.5,18.78,20.04,28.63,20.91,21.61,20.48,24.86,18.98,20.55,21.66,18.51,22.58,25.12,25.26,25.57,23.62,26.56,24.96,20.26,32.86,34.33,22.73,26.06,29.42,32.85,27.54,26.8,23.39,19.03,24.79,34.76,35.87,30.8,23.37,21.56,28.87,20.84,20.11,34.12,30.29,33.8,31.74,28.27,32.59,29.2,23.19,27.41,33.94,18.44,31.82,21.95,28.58,37.21,35.8,28.41,32.0,22.89,27.94,23.92,33.26,34.52,20.33,28.37,21.19,30.98,19.39,28.5,20.49,23.33,33.45,28.7,31.56,31.0,31.05,40.03
32.38,23.25,25.98,31.38,22.02,3.09,7.24,12.49,17.17,7.05,16.28,4.18,25.2,18.79,9.48,17.59,32.95,4.9,16.48,11.06,8.29,13.67,8.75,18.78,19.15,22.73,3.88,17.57,32.5,24.47,12.64,23.82,24.15,21.81,21.68,21.5,21.89,12.59,14.98,4.8,11.54,6.49,25.72,19.91,13.86,20.32,5.65,24.39,21.29,5.54,12.47,17.39,33.72,17.09,4.57,16.34,7.7,6.85,20.95,22.82,27.36,7.33,12.6,8.85,26.34,14.05,3.09,6.8,2.78,8.48,21.07,21.74,2.36,5.51,15.51,18.82,27.57,15.57,12.7,11.03,20.07,1.34,1.39,16.24,19.99,18.32,2.41,15.14,3.75,15.87,11.76,6.93,12.62,3.02,16.56,23.19,20.42,31.83,27.87,10.73,4.33,12.75,2.89,4.9,3.14,1.12,14.15,12.8,17.54,10.33,26.72,21.38,22.75,10.46,12.7,11.52,12.69,11.72,33.69,30.75,29.76,29.24,30.94,24.44,27.69,25.59,27.55,26.79,25.38,22.63,36.42,33.28,32.92,32.92,35.68,24.3,34.36,29.57,31.33,31.81,35.58,30.78,23.67,33.54,34.28,31.12,37.47,35.45,33.54,24.13,30.24,6.91,4.61,4.26,5.73,2.87,4.33,0.0,5.73,5.07,3.77,6.07,6.56,5.76,3.62,6.14,3.92,35.47,27.65,30.26,28.28,31.0,31.48,29.27,26.71,34.08,31.15,32.25,31.37,38.12,29.31,36.51,29.11,29.43,29.61,28.75,33.6,30.54,30.68,30.74,24.25,28.1,28.96,27.81,26.8,32.79,30.4,27.99,35.95,28.12,30.44,34.38,33.01,16.12,19.96,18.03,17.29,22.09,22.5,20.06,16.16,19.03,18.32,26.0,18.39,19.63,38.96,21.86,16.79,23.78,21.68,19.16,14.3,20.08,20.41,23.47,20.1,20.57,21.78,20.82,20.24,15.03,27.36,20.29,20.21,23.76,20.57,19.76,13.26,23.25,22.61,24.99,24.17,11.7,8.04,13.6,13.03,8.72,13.65,9.33,14.51,8.0,13.24,8.53,10.53,12.24,30.78,13.82,14.82,13.36,15.12,16.41,17.67,25.48,17.76,18.46,17.32,21.71,15.83,17.39,18.51,16.13,19.43,21.97,22.11,22.42,21.25,24.19,22.59,17.89,29.71,31.18,19.57,22.9,26.26,29.69,24.38,23.65,20.23,15.87,21.64,31.61,32.71,27.65,20.21,18.41,25.71,17.69,16.96,30.97,27.14,30.65,28.59,25.12,29.43,26.04,20.03,24.26,30.78,15.29,28.67,18.79,25.43,34.05,32.65,25.25,28.84,19.74,24.79,20.77,30.1,31.36,17.18,25.22,18.04,27.82,16.24,25.35,17.34,20.17,30.3,25.55,28.41,27.84,27.9,36.88
35.03,25.89,28.15,33.55,24.67,5.73,9.88,11.87,19.81,5.74,13.89,2.64,27.85,21.43,4.32,15.21,35.59,5.46,19.13,5.9,6.98,11.28,11.39,16.39,24.58,24.9,3.35,20.21,35.14,26.64,7.48,25.99,21.77,19.43,23.85,19.11,24.53,10.86,12.4,6.48,9.8,5.18,22.58,25.34,13.01,17.94,7.33,23.34,23.46,8.18,10.74,15.0,36.36,12.59,7.21,11.18,10.34,1.7,23.12,20.44,30.01,2.88,15.24,7.37,28.98,17.63,4.77,2.35,5.26,3.33,18.69,23.91,5.01,8.15,17.68,16.43,30.22,12.41,10.97,5.88,22.24,5.29,4.6,18.41,22.16,13.82,4.54,20.57,6.22,18.04,13.87,9.57,14.73,2.9,18.73,20.81,23.06,34.47,30.51,9.0,6.97,15.4,3.35,7.54,5.78,5.03,19.68,15.45,19.71,12.97,29.36,24.02,20.36,13.1,16.28,14.16,18.48,15.1,36.33,33.4,32.41,31.88,33.59,27.08,30.34,28.23,30.2,29.43,28.03,25.28,39.07,35.92,35.56,35.57,38.32,26.94,37.0,32.22,33.98,34.46,38.23,33.42,26.31,36.18,36.93,33.76,40.11,38.09,36.18,26.77,32.89,8.58,4.75,5.93,7.41,5.35,6.8,5.73,0.0,1.86,3.66,3.63,1.4,3.32,5.59,4.82,3.99,38.16,30.34,32.94,30.96,33.69,34.16,31.96,29.4,36.77,33.83,34.93,34.06,40.81,32.0,39.2,31.8,32.12,32.29,31.44,36.28,33.22,33.36,33.42,26.93,30.78,31.64,30.49,29.49,35.47,33.09,30.68,38.63,30.81,33.13,37.06,35.7,18.8,22.65,20.71,19.98,24.78,25.18,22.75,18.85,21.71,21.01,28.68,21.07,22.32,41.64,24.54,19.48,26.47,24.37,21.84,16.99,22.77,23.1,26.16,22.79,23.26,24.47,23.51,22.93,17.71,30.04,22.98,22.9,26.44,23.25,22.45,15.94,25.0,24.36,26.74,25.91,7.27,6.72,14.27,12.83,7.4,12.74,8.01,12.81,6.68,12.33,7.21,9.63,11.33,33.47,8.66,9.66,8.2,13.43,14.71,15.97,27.22,19.5,20.2,15.57,23.45,17.57,19.14,20.25,14.44,21.18,23.71,23.86,24.16,19.55,22.49,20.9,16.19,32.39,33.86,24.85,27.88,31.24,32.38,29.36,28.62,25.86,18.56,26.61,36.58,35.4,30.33,25.84,24.04,28.4,20.37,19.64,33.65,29.82,35.62,31.48,30.1,32.12,28.73,25.01,29.24,33.47,17.97,31.35,24.42,30.4,36.74,35.33,23.83,30.59,24.72,26.53,25.74,31.85,33.11,21.89,26.96,23.01,29.57,21.21,27.09,22.31,21.92,32.04,27.29,30.15,29.59,29.65,38.62
33.05,23.91,26.98,32.39,22.69,4.52,7.91,10.4,17.84,3.84,12.43,2.08,25.87,19.45,5.07,13.74,33.61,3.57,17.15,6.66,5.09,9.81,9.42,14.92,23.41,23.74,2.81,18.24,33.16,25.47,8.24,24.83,20.3,17.96,22.68,17.64,22.56,9.39,10.93,5.94,8.33,3.29,21.11,24.17,10.66,16.47,6.79,21.87,22.29,6.21,9.27,13.53,34.38,13.34,5.24,11.94,8.37,2.45,21.95,18.97,28.03,2.08,13.26,5.64,27.0,16.46,4.23,1.56,4.72,4.08,17.22,22.74,3.8,6.17,16.51,14.96,28.24,11.52,9.5,6.63,21.07,4.47,4.07,17.24,20.99,14.58,2.64,19.4,5.69,16.87,12.7,7.6,13.56,2.37,17.56,19.34,21.09,32.49,28.53,7.53,5.0,13.42,2.81,5.57,4.57,4.36,18.51,13.47,18.55,10.99,27.38,22.05,18.9,11.13,15.11,12.19,17.32,13.94,34.36,31.42,30.43,29.9,31.61,25.11,28.36,26.25,28.22,27.46,26.05,23.3,37.09,33.94,33.59,33.59,36.34,24.97,35.03,30.24,32.0,32.48,36.25,31.45,24.34,34.2,34.95,31.78,38.14,36.12,34.2,24.79,30.91,8.05,4.21,5.4,6.87,4.81,6.27,5.07,1.86,0.0,1.77,3.35,2.15,3.03,3.7,2.93,2.1,36.18,28.36,30.97,28.99,31.71,32.19,29.99,27.42,34.79,31.86,32.96,32.08,38.83,30.02,37.22,29.82,30.14,30.32,29.46,34.31,31.25,31.39,31.45,24.96,28.81,29.67,28.52,27.51,33.5,31.11,28.71,36.66,28.83,31.15,35.09,33.72,16.83,20.68,18.74,18.0,22.81,23.21,20.77,16.87,19.74,19.03,26.71,19.1,20.34,39.67,22.57,17.5,24.5,22.39,19.87,15.01,20.8,21.12,24.19,20.81,21.29,22.49,21.53,20.95,15.74,28.07,21.0,20.92,24.47,21.28,20.48,13.97,23.9,23.26,25.64,24.81,8.03,4.82,13.17,11.73,5.51,10.43,6.12,11.29,4.78,10.02,5.32,7.32,9.02,31.49,9.41,10.42,8.95,11.91,13.19,14.45,26.13,18.4,19.1,14.05,22.35,16.47,18.04,19.15,12.92,20.08,22.61,22.76,23.06,18.03,20.97,19.38,14.67,30.42,31.89,23.75,26.78,30.14,30.4,28.26,27.52,20.94,16.58,25.51,35.48,33.42,28.36,20.93,19.12,26.42,18.4,17.67,31.68,27.85,34.52,29.3,29.0,30.14,26.75,23.91,28.14,31.49,16.0,29.38,19.5,29.3,34.76,33.36,22.31,29.49,23.62,25.43,24.65,30.75,32.01,20.79,25.86,21.92,28.47,20.11,25.99,21.22,20.82,30.94,26.19,29.05,28.49,28.55,37.53
32.18,23.04,26.9,32.3,21.82,3.22,7.04,10.32,16.97,3.76,12.34,3.17,25.0,18.58,7.41,13.66,32.74,2.7,16.28,8.99,5.0,9.73,8.55,14.84,18.95,23.65,3.9,17.37,32.29,25.39,10.57,24.74,20.21,17.87,22.6,17.56,21.69,9.3,10.85,7.03,8.25,3.2,21.03,19.71,10.57,16.39,7.88,21.79,22.21,5.33,9.19,13.45,33.51,12.96,4.37,14.27,7.5,4.78,21.87,18.88,27.16,3.85,12.39,5.56,26.13,13.85,5.32,3.32,5.38,6.41,17.13,22.66,2.5,5.3,16.43,14.88,27.37,11.44,9.41,8.96,20.99,3.17,3.99,17.15,20.9,14.19,1.34,14.94,6.34,16.79,12.62,6.72,13.48,3.46,17.48,19.25,20.22,31.62,27.66,7.44,4.12,12.55,3.9,4.7,3.27,3.06,13.95,12.6,18.46,10.12,26.51,21.17,18.81,10.26,12.49,11.31,17.23,11.52,33.49,30.55,29.56,29.03,30.74,24.23,27.49,25.38,27.35,26.59,25.18,22.43,36.22,33.07,32.72,32.72,35.47,24.09,34.16,29.37,31.13,31.61,35.38,30.57,23.47,33.33,34.08,30.91,37.26,35.25,33.33,23.92,30.04,9.14,5.3,6.49,7.96,5.47,6.92,3.77,3.66,1.77,0.0,4.44,4.48,4.12,2.83,2.84,1.23,35.31,27.49,30.1,28.12,30.84,31.32,29.11,26.55,33.92,30.99,32.09,31.21,37.96,29.15,36.35,28.95,29.27,29.45,28.59,33.44,30.38,30.52,30.58,24.09,27.94,28.8,27.65,26.64,32.63,30.24,27.84,35.79,27.96,30.28,34.22,32.85,15.96,19.8,17.87,17.13,21.93,22.34,19.9,16.0,18.87,18.16,25.84,18.23,19.47,38.8,21.7,16.63,23.62,21.52,19.0,14.14,19.92,20.25,23.31,19.94,20.41,21.62,20.66,20.08,14.87,27.2,20.13,20.05,23.6,20.41,19.6,13.1,23.81,23.17,25.55,24.73,8.4,4.74,13.08,11.65,5.42,10.35,6.03,11.21,4.7,9.94,5.23,7.23,8.94,30.62,11.75,12.75,11.28,11.82,13.11,14.37,26.04,18.32,19.02,13.97,22.27,16.39,17.96,19.07,12.83,19.99,22.53,22.67,22.98,17.95,20.89,19.29,14.59,29.55,31.02,19.41,26.69,30.05,29.53,28.18,27.44,20.07,15.71,25.43,35.4,32.55,27.49,20.05,18.25,25.55,17.53,16.8,30.81,26.98,34.44,28.43,28.91,29.27,25.88,23.82,28.05,30.62,15.13,28.51,18.63,29.22,33.89,32.49,22.23,29.4,23.53,25.35,24.56,30.66,31.93,20.71,25.78,21.83,28.39,20.03,25.91,21.13,20.73,30.86,26.11,28.97,28.4,28.46,37.44
35.37,26.23,29.65,35.06,25.01,6.07,10.22,13.07,20.15,6.51,15.09,2.0,28.19,21.77,7.37,16.41,35.93,6.24,19.47,8.96,7.75,12.48,11.74,17.59,26.08,26.4,3.12,20.55,35.48,28.14,10.54,27.49,22.97,20.63,25.35,20.31,24.87,12.06,13.6,6.82,11.0,5.96,23.78,26.84,13.33,19.14,7.67,24.54,24.96,8.52,11.94,16.2,36.7,15.64,7.55,14.24,10.69,4.75,24.62,21.64,30.35,5.22,15.58,10.43,29.32,17.04,5.11,4.69,5.6,6.38,19.89,25.41,5.35,8.49,19.18,17.63,30.56,14.19,12.16,8.93,23.74,5.63,4.94,19.91,23.66,16.88,5.31,22.07,6.56,19.54,15.37,9.91,16.23,3.24,20.23,22.0,23.4,34.81,30.85,10.19,7.31,15.74,3.69,7.88,6.12,5.37,17.14,15.79,21.21,13.31,29.7,24.36,21.56,13.44,15.68,14.5,19.98,16.6,36.67,33.74,32.75,32.22,33.93,27.42,30.68,28.57,30.54,29.77,28.37,25.62,39.41,36.26,35.9,35.91,38.66,27.28,37.34,32.56,34.32,34.8,38.57,33.76,26.65,36.52,37.27,34.1,40.45,38.43,36.52,27.11,33.23,8.92,5.09,6.27,7.75,5.69,7.14,6.07,3.63,3.35,4.44,0.0,4.45,1.67,6.37,5.59,4.77,38.5,30.68,33.28,31.3,34.03,34.5,32.3,29.74,37.11,34.17,35.27,34.4,41.15,32.34,39.54,32.14,32.46,32.63,31.78,36.62,33.56,33.7,33.76,27.27,31.12,31.98,30.83,29.83,35.81,33.43,31.02,38.97,31.15,33.47,37.4,36.04,19.14,22.99,21.05,20.32,25.12,25.52,23.09,19.19,22.05,21.35,29.02,21.41,22.66,41.98,24.88,19.82,26.81,24.71,22.18,17.33,23.11,23.44,26.5,23.13,23.6,24.81,23.85,23.27,18.05,30.38,23.32,23.24,26.78,23.59,22.79,16.29,26.57,25.93,28.31,27.48,10.33,7.49,15.83,14.4,8.18,13.1,8.78,13.96,7.45,12.69,7.99,9.98,11.69,33.81,11.71,12.72,11.25,14.58,15.86,17.12,28.79,21.07,21.77,16.72,25.02,19.14,20.71,21.82,15.59,22.74,25.28,25.42,25.73,20.7,23.64,22.04,17.34,32.73,34.2,22.6,29.45,32.81,32.72,30.93,30.19,23.26,18.9,28.18,38.15,35.74,30.67,23.24,21.43,28.74,20.71,19.98,33.99,30.16,37.19,31.61,31.66,32.46,29.07,26.58,30.8,33.81,18.31,31.69,21.82,31.97,37.08,35.67,24.98,32.16,26.28,28.1,27.31,33.42,34.68,23.46,28.53,24.58,31.14,22.78,28.66,23.88,23.49,33.61,28.86,31.72,31.16,31.21,40.19
38.62,29.49,27.57,32.97,28.26,6.55,10.71,11.29,20.64,6.56,13.31,3.46,31.44,22.25,3.74,14.63,39.18,6.28,19.95,5.32,7.8,10.7,12.22,15.81,24.0,24.32,4.17,23.81,38.73,26.05,6.9,25.41,21.18,18.84,23.27,18.53,28.13,10.27,11.82,7.3,9.22,6.0,22.0,24.76,12.42,17.36,8.15,22.76,22.88,9.01,10.16,14.42,39.96,12.0,8.04,10.6,11.17,1.11,22.53,19.85,33.6,3.17,16.06,6.79,32.58,17.05,5.59,2.64,6.08,2.74,18.11,23.33,5.83,8.97,17.1,15.85,33.81,11.83,10.38,5.29,21.66,6.12,5.43,17.82,21.57,13.24,5.36,19.98,7.05,17.46,13.29,10.4,14.15,3.73,18.15,20.22,26.66,38.07,34.1,8.41,7.79,16.22,4.17,8.37,6.6,5.85,19.09,16.27,19.13,15.11,32.95,27.62,19.78,13.93,15.69,14.98,17.9,14.52,39.93,36.99,36.0,35.47,37.18,30.68,33.93,31.83,33.79,33.03,31.62,28.87,42.66,39.52,39.16,39.16,41.91,30.54,40.6,35.81,37.57,38.05,41.82,37.02,29.91,39.77,40.52,37.35,43.71,41.69,39.77,30.36,36.48,9.41,5.57,6.76,8.23,6.17,7.63,6.56,1.4,2.15,4.48,4.45,0.0,4.14,6.41,5.64,4.81,41.12,33.3,35.91,33.93,36.65,37.13,34.92,32.36,39.73,36.8,37.9,37.02,43.77,34.96,42.16,34.76,35.08,35.26,34.4,39.25,36.19,36.33,36.38,29.9,33.75,34.61,33.46,32.45,38.44,36.05,33.64,41.6,33.77,36.09,40.03,38.66,22.17,25.61,23.68,22.94,27.74,28.15,25.71,22.22,24.68,23.97,31.65,24.04,25.28,44.61,27.51,22.85,29.43,27.33,24.81,20.36,25.73,26.06,29.12,25.75,26.22,27.43,26.47,25.89,21.08,33.01,25.94,25.86,29.41,26.22,25.41,19.32,24.41,23.78,26.15,25.33,6.69,7.54,13.68,12.25,8.22,12.16,9.02,12.23,7.97,11.75,8.03,9.04,10.75,36.43,8.08,9.08,7.61,12.85,14.13,15.39,26.64,18.92,19.62,14.99,22.87,16.99,18.56,19.67,13.86,20.59,23.13,23.27,23.58,18.97,21.91,20.31,15.61,35.36,36.83,24.26,27.29,30.65,35.34,28.78,28.04,25.28,21.93,26.03,36.0,38.36,33.3,25.26,23.45,31.36,23.75,23.01,36.62,32.79,35.04,30.89,29.51,35.08,31.69,24.42,28.65,36.43,21.34,34.31,23.84,29.82,39.7,38.3,23.25,30.01,24.13,25.95,25.16,31.26,32.53,21.31,26.38,22.43,28.99,20.63,26.51,21.73,21.33,31.46,26.71,29.57,29.0,29.06,38.04
35.05,25.92,29.34,34.74,24.69,5.76,9.91,12.76,19.84,6.2,14.78,1.69,27.87,21.46,7.06,16.09,35.62,5.92,19.15,8.64,7.44,12.17,11.42,17.28,25.77,26.09,2.81,20.24,35.17,27.82,10.23,27.18,22.65,20.31,25.04,20.0,24.56,11.74,13.29,6.51,10.69,5.64,23.46,26.53,13.01,18.82,7.36,24.23,24.65,8.21,11.62,15.89,36.39,15.33,7.24,13.92,10.37,4.44,24.3,21.32,30.03,4.91,15.27,10.11,29.01,16.72,4.8,4.38,5.29,6.07,19.57,25.1,5.03,8.18,18.87,17.32,30.24,13.88,11.85,8.62,23.43,5.32,4.63,19.59,23.34,16.56,5.0,21.75,6.25,19.23,15.06,9.6,15.92,2.93,19.92,21.69,23.09,34.5,30.54,9.88,7.0,15.42,3.37,7.57,5.81,5.05,16.82,15.47,20.9,13.0,29.39,24.05,21.25,13.13,15.37,14.19,19.67,16.29,36.36,33.42,32.43,31.91,33.61,27.11,30.37,28.26,30.22,29.46,28.06,25.3,39.09,35.95,35.59,35.59,38.35,26.97,37.03,32.24,34.0,34.48,38.25,33.45,26.34,36.21,36.95,33.79,40.14,38.12,36.21,26.8,32.91,8.61,4.78,5.96,7.44,5.38,6.83,5.76,3.32,3.03,4.12,1.67,4.14,0.0,6.05,5.28,4.45,38.18,30.36,32.97,30.99,33.71,34.19,31.99,29.42,36.79,33.86,34.96,34.08,40.83,32.02,39.22,31.82,32.14,32.32,31.46,36.31,33.25,33.39,33.45,26.96,30.81,31.67,30.52,29.51,35.5,33.11,30.71,38.66,30.83,33.15,37.09,35.72,18.83,22.68,20.74,20.0,24.81,25.21,22.77,18.87,21.74,21.03,28.71,21.1,22.35,41.67,24.57,19.5,26.5,24.39,21.87,17.01,22.8,23.12,26.19,22.81,23.29,24.49,23.53,22.95,17.74,30.07,23.0,22.92,26.47,23.28,22.48,15.97,26.25,25.61,27.99,27.17,10.02,7.18,15.52,14.09,7.86,12.79,8.47,13.65,7.14,12.38,7.67,9.67,11.37,33.49,11.4,12.4,10.94,14.26,15.55,16.81,28.48,20.76,21.46,16.4,24.71,18.83,20.39,21.51,15.27,22.43,24.97,25.11,25.42,20.39,23.32,21.73,17.02,32.42,33.89,22.28,29.13,32.49,32.4,30.62,29.88,22.94,18.58,27.87,37.84,35.42,30.36,22.93,21.12,28.42,20.4,19.67,33.68,29.85,36.88,31.3,31.35,32.14,28.75,26.26,30.49,33.49,18.0,31.38,21.5,31.66,36.76,35.36,24.67,31.84,25.97,27.79,27.0,33.1,34.36,23.15,28.22,24.27,30.83,22.47,28.35,23.57,23.17,33.3,28.55,31.41,30.84,30.9,39.88
30.62,21.48,24.22,29.62,20.26,2.67,5.48,10.73,15.41,5.69,14.52,5.1,23.44,17.02,9.34,15.83,31.18,1.14,14.72,10.92,6.93,11.91,6.99,17.02,17.39,20.97,5.83,15.81,30.73,22.7,12.5,22.06,22.39,20.05,19.92,19.74,20.13,11.23,12.78,7.25,10.18,5.13,23.96,18.15,12.5,18.56,8.1,22.63,19.53,3.78,11.12,15.63,31.95,14.89,2.81,16.2,5.94,6.71,19.18,21.06,25.6,5.78,10.83,7.49,24.57,12.29,5.54,5.25,5.23,8.34,19.31,19.98,1.94,3.74,13.75,17.06,25.81,13.37,11.34,10.89,18.31,3.02,3.84,14.47,18.22,16.12,3.08,13.38,6.19,14.1,10.0,5.17,10.86,5.39,14.8,21.43,18.66,30.06,26.1,9.37,2.56,10.99,5.83,3.14,1.96,2.91,12.39,11.04,15.78,8.56,24.95,19.62,20.99,8.7,10.93,9.75,10.93,9.96,31.93,28.99,28.0,27.47,29.18,22.68,25.93,23.82,25.79,25.03,23.62,20.87,34.66,31.51,31.16,31.16,33.91,22.54,32.6,27.81,29.57,30.05,33.82,29.01,21.91,31.77,32.52,29.35,35.7,33.69,31.77,22.36,28.48,9.35,7.23,6.7,8.18,5.32,6.77,3.62,5.59,3.7,2.83,6.37,6.41,6.05,0.0,4.77,2.55,33.75,25.93,28.54,26.56,29.28,29.76,27.55,24.99,32.36,29.43,30.53,29.65,36.4,27.59,34.79,27.39,27.71,27.89,27.03,31.88,28.82,28.96,29.02,22.53,26.38,27.24,26.09,25.08,31.07,28.68,26.28,34.23,26.4,28.72,32.66,31.29,14.4,18.24,16.31,15.57,20.38,20.78,18.34,14.44,17.31,16.6,24.28,16.67,17.91,37.24,20.14,15.07,22.06,19.96,17.44,12.58,18.36,18.69,21.75,18.38,18.85,20.06,19.1,18.52,13.31,25.64,18.57,18.49,22.04,18.85,18.05,11.54,21.53,20.89,23.27,22.45,10.33,6.67,11.88,11.31,7.35,12.28,7.96,13.14,6.63,11.87,7.16,9.16,10.87,29.06,13.68,14.68,13.22,13.75,15.04,16.3,23.76,16.04,16.74,15.6,19.99,14.11,15.67,16.79,14.76,17.71,20.25,20.39,20.7,19.88,22.82,21.22,16.52,27.99,29.46,17.85,21.18,24.54,27.97,22.67,21.93,18.51,14.15,19.92,29.89,30.99,25.93,18.5,16.69,23.99,15.97,15.24,29.25,25.42,28.93,26.87,23.4,27.71,24.32,18.31,22.54,29.06,13.57,26.95,17.07,23.71,32.33,30.93,23.54,27.12,18.02,23.07,19.05,28.38,29.64,15.46,23.5,16.32,26.11,14.52,23.63,15.62,18.45,28.58,23.83,26.69,26.12,26.18,35.16
35.11,25.97,24.06,29.46,24.75,5.59,8.98,7.48,20.49,0.92,9.5,4.32,27.93,22.1,8.56,10.81,35.67,4.64,19.8,8.11,2.95,6.89,13.02,12.0,20.49,20.81,5.06,20.3,35.22,22.54,9.69,21.9,17.37,15.03,19.76,14.72,24.62,6.46,8.01,8.19,5.41,1.15,18.18,21.25,7.73,13.54,9.04,18.95,19.37,7.28,6.34,10.61,36.44,10.12,6.31,9.85,9.44,5.94,19.02,16.04,30.09,2.89,15.91,3.5,29.06,13.54,6.48,3.37,6.97,7.57,14.29,19.82,4.87,7.25,13.59,12.04,30.3,8.6,6.57,7.37,18.15,5.54,6.31,14.31,18.06,11.35,3.72,16.47,7.93,13.95,9.78,8.67,10.64,4.61,14.64,16.41,23.15,34.55,30.59,4.6,6.07,16.07,5.06,6.64,5.64,5.44,15.58,13.44,15.62,11.6,29.44,24.11,15.97,13.78,12.18,14.83,14.39,11.01,36.42,33.48,32.49,31.96,33.67,27.17,30.42,28.31,30.28,29.52,28.11,25.36,39.15,36.01,35.65,35.65,38.4,27.03,37.09,32.3,34.06,34.54,38.31,33.51,26.4,36.26,37.01,33.84,40.2,38.18,36.26,26.85,32.97,10.3,6.46,7.64,9.12,7.06,8.52,6.14,4.82,2.93,2.84,5.59,5.64,5.28,4.77,0.0,2.28,37.68,29.86,32.46,30.49,33.21,33.69,31.48,28.92,36.29,33.36,34.46,33.58,40.33,31.52,38.72,31.32,31.64,31.81,30.96,35.8,32.75,32.88,32.94,26.45,30.31,31.16,30.01,29.01,34.99,32.61,30.2,38.15,30.33,32.65,36.58,35.22,18.73,22.17,20.24,19.5,24.3,24.71,22.27,18.78,21.24,20.53,28.21,20.6,21.84,41.16,24.07,19.41,25.99,23.89,21.37,16.92,22.29,22.62,25.68,22.31,22.78,23.99,23.03,22.45,17.64,29.56,22.5,22.42,25.97,22.77,21.97,15.87,20.97,20.33,22.71,21.89,5.56,1.9,10.24,8.81,2.58,7.51,3.19,8.37,2.64,7.09,3.18,4.39,6.09,32.99,10.9,7.38,10.44,8.98,10.26,11.53,23.2,15.48,16.18,11.12,19.43,13.55,15.11,16.23,9.99,17.15,19.69,19.83,20.14,15.1,18.04,16.45,11.74,31.91,33.38,20.82,23.85,27.21,31.9,25.34,24.6,21.84,18.48,22.59,32.56,34.92,29.85,21.82,20.01,27.92,20.3,19.57,33.18,29.34,31.6,27.45,26.07,31.64,28.25,20.98,25.21,32.99,17.9,30.87,20.4,26.38,36.26,34.85,19.38,26.56,20.69,22.51,21.72,27.82,29.08,17.87,22.94,18.99,25.54,17.19,23.07,18.29,17.89,28.02,23.27,26.13,25.56,25.62,34.6
31.9,22.76,26.33,31.74,21.54,3.37,6.75,9.75,16.68,3.19,11.77,3.5,24.72,18.3,7.73,13.09,32.46,2.42,16.0,9.32,4.44,9.16,8.27,14.27,18.67,23.09,4.23,17.08,32.01,24.82,10.9,24.17,19.65,17.31,22.03,16.99,21.4,8.74,10.28,7.36,7.68,2.64,20.46,19.43,10.01,15.82,8.21,21.22,21.64,5.05,8.62,12.88,33.23,12.39,4.08,12.13,7.22,5.11,21.3,18.32,26.88,3.43,12.11,4.99,25.85,13.57,5.65,2.9,5.53,6.74,16.57,22.09,2.64,5.02,15.86,14.31,27.09,10.87,8.85,9.29,20.42,3.32,4.14,16.59,20.34,13.63,1.49,14.65,6.49,16.22,12.05,6.44,12.91,3.79,16.91,18.69,19.94,31.34,27.38,6.88,3.84,12.27,4.23,4.41,3.41,3.21,13.67,12.32,17.9,9.84,26.23,20.89,18.24,9.97,12.21,11.03,16.66,11.23,33.21,30.27,29.28,28.75,30.46,23.95,27.21,25.1,27.07,26.31,24.9,22.15,35.94,32.79,32.43,32.44,35.19,23.81,33.88,29.09,30.85,31.33,35.1,30.29,23.18,33.05,33.8,30.63,36.98,34.97,33.05,23.64,29.76,9.47,5.63,6.82,8.29,5.62,7.07,3.92,3.99,2.1,1.23,4.77,4.81,4.45,2.55,2.28,0.0,35.03,27.21,29.82,27.84,30.56,31.04,28.83,26.27,33.64,30.71,31.81,30.93,37.68,28.87,36.07,28.67,28.99,29.17,28.31,33.15,30.1,30.24,30.29,23.8,27.66,28.52,27.37,26.36,32.35,29.96,27.55,35.5,27.68,30.0,33.94,32.57,15.68,19.52,17.59,16.85,21.65,22.06,19.62,15.72,18.59,17.88,25.56,17.95,19.19,38.52,21.42,16.35,23.34,21.24,18.72,13.86,19.64,19.97,23.03,19.66,20.13,21.34,20.38,19.8,14.59,26.92,19.85,19.77,23.32,20.12,19.32,12.82,23.25,22.61,24.99,24.16,7.83,4.17,12.52,11.08,4.86,9.78,5.46,10.64,4.13,9.37,4.67,6.66,8.37,30.34,12.07,9.66,11.61,11.26,12.54,13.8,25.47,17.75,18.45,13.4,21.7,15.82,17.39,18.5,12.27,19.43,21.96,22.11,22.41,17.38,20.32,18.73,14.02,29.27,30.74,19.13,26.13,29.49,29.25,27.61,26.87,19.79,15.43,24.86,34.83,32.27,27.21,19.77,17.96,25.27,17.25,16.52,30.53,26.7,33.87,28.15,28.35,28.99,25.6,23.26,27.49,30.34,14.84,28.22,18.35,28.65,33.61,32.21,21.66,28.84,22.97,24.78,23.99,30.1,31.36,20.14,25.21,21.27,27.82,19.46,25.34,20.56,20.17,30.29,25.54,28.4,27.84,27.9,36.88
3.37,21.56,35.76,41.16,15.71,34.52,28.88,29.9,19.22,36.76,33.69,36.6,9.82,21.4,37.62,35.01,19.05,33.62,20.88,37.13,38.04,31.08,26.85,36.19,24.74,32.51,37.34,17.45,21.41,34.24,38.72,33.6,41.56,39.23,31.45,38.91,20.21,31.63,32.39,39.1,32.86,38.83,43.13,24.25,32.78,37.74,39.95,41.8,32.2,32.24,33.83,34.8,22.63,34.5,32.52,34.24,27.81,40.49,30.72,40.24,23.5,40.57,25.68,35.52,21.5,27.13,37.39,37.74,37.08,39.29,38.49,29.78,33.8,30.01,32.92,36.23,23.24,32.98,32.7,36.4,30.98,34.87,35.69,33.65,30.89,35.74,34.34,26.72,38.05,33.28,29.17,29.69,30.03,36.45,33.97,40.6,18.74,21.55,22.88,33.63,32.1,24.12,37.19,31.3,32.54,34.77,27.24,25.88,28.67,28.09,25.98,19.69,40.16,28.22,25.78,24.36,33.72,29.48,20.07,20.48,19.66,19.65,21.27,23.7,19.98,24.85,21.66,22.72,24.65,21.9,19.16,17.88,16.52,18.88,15.95,23.56,18.97,18.31,19.32,19.8,16.8,15.36,22.93,15.54,15.54,15.7,19.44,18.04,18.14,23.39,19.96,41.21,38.91,38.56,40.03,37.17,38.63,35.47,38.16,36.18,35.31,38.5,41.12,38.18,33.75,37.68,35.03,0.0,11.78,11.67,9.3,10.62,6.52,8.43,10.84,13.7,12.01,11.87,4.21,2.83,9.3,16.13,13.24,9.05,6.8,12.88,2.28,7.86,5.72,11.85,11.36,7.79,8.58,8.77,8.96,13.65,5.44,12.13,2.43,9.3,14.57,1.1,12.63,24.11,19.87,19.03,19.18,19.96,20.36,20.15,20.38,19.12,18.98,11.92,17.55,19.29,29.3,15.64,24.78,12.54,20.18,16.31,22.29,18.58,20.07,12.87,20.2,14.9,16.08,15.41,16.14,21.48,9.74,18.16,19.86,13.16,16.47,16.75,23.36,33.08,32.44,34.82,34.0,34.68,37.6,29.7,29.13,35.53,31.49,34.68,32.6,36.84,32.21,37.83,33.36,31.66,9.07,36.67,35.1,35.85,33.21,34.5,35.76,41.58,33.86,34.56,33.42,37.81,31.93,33.5,34.61,34.23,28.43,30.21,33.09,30.66,39.34,42.28,40.68,35.98,27.57,29.04,22.9,28.58,28.84,27.56,29.26,29.33,22.03,24.22,27.32,37.29,30.58,25.51,22.01,23.08,23.58,22.25,22.38,28.83,25.0,36.33,26.45,30.8,27.3,23.91,25.71,29.94,28.65,23.64,26.53,21.85,31.11,29.62,28.56,41.36,38.67,28.02,34.62,26.45,39.93,41.19,27.22,35.05,24.74,33.32,26.28,35.18,26.27,28.41,40.13,35.38,38.24,37.67,37.73,42.59
9.14,13.74,27.93,33.34,7.89,26.7,21.06,22.08,11.4,28.94,25.87,28.78,2.0,13.58,29.8,27.19,8.76,25.8,13.06,29.31,30.22,23.26,19.03,28.37,16.92,24.69,29.52,9.63,11.12,26.42,30.9,25.78,33.74,31.41,23.63,31.09,12.38,23.81,24.57,31.28,25.04,31.01,35.31,16.43,24.96,29.92,32.13,33.98,24.37,24.42,26.01,26.98,12.34,26.68,24.7,26.42,19.99,32.67,22.9,32.42,13.21,32.75,17.86,27.7,11.21,19.31,29.57,29.92,29.26,31.47,30.67,21.96,25.98,22.19,25.1,28.41,12.95,25.16,24.88,28.57,23.16,27.05,27.87,25.83,23.07,27.92,26.52,18.9,30.23,25.46,21.35,21.87,22.21,28.63,26.15,32.78,10.92,11.26,12.59,25.81,24.28,16.3,29.37,23.48,24.72,26.95,19.42,18.06,20.85,20.27,13.89,11.87,32.34,20.4,17.96,16.54,25.9,21.66,9.77,10.19,9.37,9.36,10.98,15.88,9.69,12.85,11.37,12.43,16.83,14.08,10.88,8.94,6.22,8.58,7.66,15.74,10.02,8.02,9.03,9.51,8.52,5.07,15.11,5.25,7.26,5.41,11.15,7.74,9.2,15.57,9.67,33.39,31.09,30.74,32.21,29.35,30.81,27.65,30.34,28.36,27.49,30.68,33.3,30.36,25.93,29.86,27.21,11.78,0.0,2.83,13.91,3.91,7.79,5.58,1.72,7.22,3.73,5.39,7.68,14.43,13.92,9.65,2.95,5.74,5.92,1.33,9.91,6.85,6.99,3.31,3.54,4.41,5.27,4.12,3.11,5.36,6.71,1.83,12.26,13.92,4.28,10.69,6.15,16.29,12.05,11.21,11.36,12.14,12.54,12.33,12.55,11.3,11.16,14.06,9.73,11.47,19.01,7.82,16.96,4.72,12.36,8.49,14.47,10.76,12.25,5.05,12.38,7.08,9.84,7.59,8.32,13.66,15.42,10.34,12.04,5.34,8.65,8.93,15.54,25.26,24.62,27.0,26.18,26.86,29.78,21.88,21.31,27.71,23.67,26.86,24.78,29.02,24.39,30.01,25.54,23.84,13.69,28.85,27.28,28.03,25.39,26.68,27.94,33.76,26.04,26.74,25.6,29.99,24.11,25.68,26.79,26.41,20.61,22.39,25.26,22.84,31.52,34.46,32.86,28.16,19.75,21.22,15.08,20.76,21.02,19.74,21.44,21.51,14.21,16.4,19.5,29.47,22.76,17.69,14.19,15.26,15.76,14.43,14.56,21.01,17.18,28.51,18.63,22.98,19.48,16.09,17.89,22.12,20.83,15.82,18.71,14.03,23.29,24.1,22.69,33.54,30.85,20.2,26.8,18.63,32.11,33.37,19.4,27.23,16.92,25.5,18.46,27.36,18.45,20.59,32.31,27.56,30.42,29.85,29.91,37.44
9.03,16.35,30.54,35.94,10.49,29.31,23.66,24.68,14.0,31.55,28.48,31.39,4.6,16.18,32.41,29.79,11.36,28.41,15.66,31.92,32.83,25.87,21.63,30.98,19.52,27.29,32.12,12.24,12.91,29.03,33.5,28.38,36.35,34.01,26.24,33.7,14.99,26.41,27.17,33.89,27.65,33.61,37.92,19.04,27.56,32.52,34.74,36.59,26.98,27.03,28.61,29.59,13.07,29.28,27.3,29.02,22.6,35.28,25.51,35.02,15.82,35.35,20.46,30.3,13.81,21.92,32.18,32.52,31.87,34.08,33.27,24.56,28.58,24.8,27.71,31.02,15.56,27.76,27.48,31.18,25.76,29.66,30.48,28.43,25.68,30.52,29.13,21.51,32.83,28.06,23.96,24.48,24.81,31.23,28.76,35.39,13.52,11.64,15.19,28.41,26.88,18.9,31.97,26.09,27.32,29.55,22.02,20.67,23.46,22.87,16.5,14.48,34.95,23.01,20.56,19.14,28.51,24.27,12.38,10.57,11.97,11.96,11.36,18.49,12.29,15.46,13.98,15.04,19.43,16.68,8.48,7.2,8.83,8.8,5.26,18.35,8.28,10.62,9.41,9.89,6.12,7.67,17.72,7.85,4.86,8.01,8.75,10.35,7.46,18.17,10.05,35.99,33.69,33.34,34.82,31.96,33.41,30.26,32.94,30.97,30.1,33.28,35.91,32.97,28.54,32.46,29.82,11.67,2.83,0.0,13.8,1.51,8.49,8.19,4.33,4.82,1.33,2.99,7.57,14.32,13.8,7.25,5.55,2.62,4.88,1.67,9.79,9.45,5.95,0.92,6.14,7.01,3.75,4.42,5.72,2.97,7.42,4.44,12.14,13.8,6.88,10.57,3.75,18.89,14.65,13.82,13.96,14.74,15.15,14.94,15.16,13.91,13.76,16.66,12.34,14.07,19.39,10.43,19.57,7.32,14.97,11.1,17.08,13.37,14.85,7.66,14.98,9.68,12.45,10.19,10.93,16.26,14.24,12.94,14.65,7.94,11.26,11.54,18.14,27.87,27.23,29.61,28.78,29.47,32.39,24.49,23.91,30.31,26.28,29.46,27.38,31.62,27.0,32.61,28.15,26.44,13.58,31.45,29.88,30.63,28.0,29.28,30.54,36.36,28.64,29.34,28.21,32.59,26.71,28.28,29.39,29.01,23.21,24.99,27.87,25.44,34.12,37.06,35.47,30.76,22.36,23.83,17.69,23.37,23.63,22.34,24.04,24.11,16.81,19.01,22.11,32.07,25.36,20.3,16.79,17.87,18.36,17.03,17.16,23.62,19.79,31.11,21.24,25.59,22.08,18.69,20.5,24.73,23.43,18.42,21.31,16.64,25.9,26.7,25.3,36.14,33.46,22.81,29.4,21.24,34.72,35.98,22.0,29.83,19.52,28.1,21.06,29.96,21.05,23.2,34.91,30.16,33.02,32.46,32.51,40.05
6.66,14.37,28.56,33.96,11.16,27.33,21.68,22.71,12.02,29.57,26.5,29.41,11.95,14.2,30.43,27.81,21.18,26.43,13.68,29.94,30.85,23.89,19.65,29.0,17.55,25.31,30.15,10.26,26.63,27.05,31.52,26.4,34.37,32.03,24.26,31.72,13.01,24.44,25.19,31.91,25.67,31.63,35.94,17.06,25.58,30.54,32.76,34.61,25.0,25.05,26.63,27.61,27.85,27.31,25.33,27.04,20.62,33.3,23.53,33.04,20.36,33.37,18.48,28.33,19.33,19.94,30.2,30.55,29.89,32.1,31.29,22.58,26.6,22.82,25.73,29.04,20.57,25.79,25.5,29.2,23.78,27.68,28.5,26.45,23.7,28.54,27.15,19.53,30.85,26.09,21.98,22.5,22.84,29.26,26.78,33.41,11.54,25.96,20.86,26.44,24.9,16.92,29.99,24.11,25.34,27.57,20.04,18.69,21.48,20.9,19.71,12.5,32.97,21.03,18.58,17.16,26.53,22.29,22.19,24.89,21.79,21.78,25.08,17.43,20.69,18.58,20.55,19.79,18.38,15.63,21.29,20.01,18.64,21.01,18.08,17.29,21.1,20.44,25.47,25.95,18.93,17.49,16.66,17.67,17.67,17.83,21.57,20.17,20.27,17.12,24.38,34.01,31.71,31.36,32.84,29.98,31.43,28.28,30.96,28.99,28.12,31.3,33.93,30.99,26.56,30.49,27.84,9.3,13.91,13.8,0.0,12.75,8.65,10.56,12.97,15.83,14.14,14.0,6.34,11.95,1.31,18.26,15.37,11.18,8.92,15.01,7.42,9.99,7.85,13.98,12.93,9.92,10.71,10.9,11.09,15.78,7.57,14.26,9.77,2.82,16.7,8.2,14.76,16.91,12.67,12.37,11.98,12.77,13.17,12.96,13.18,11.93,11.79,2.9,11.28,13.02,33.65,8.48,17.59,12.47,13.91,9.69,15.1,12.32,13.8,12.16,13.0,9.26,7.06,10.84,8.11,14.29,2.5,10.96,13.6,12.44,10.2,10.49,16.17,25.89,25.25,27.63,26.8,27.49,30.41,22.51,21.93,28.33,24.3,27.48,25.41,29.64,25.02,30.63,26.17,24.46,2.78,29.47,27.9,28.65,26.02,27.3,28.57,34.39,26.66,27.37,26.23,30.61,24.74,26.3,27.41,27.03,21.24,23.02,25.89,23.46,32.14,35.08,33.49,28.78,20.38,21.85,15.71,21.39,21.65,20.36,22.07,22.14,14.83,17.03,20.13,30.1,23.38,18.32,14.82,15.89,16.38,15.05,15.19,21.64,17.81,29.14,19.26,23.61,20.1,16.71,18.52,22.75,21.45,16.44,19.34,14.66,23.92,24.72,23.32,34.16,31.48,20.83,27.42,19.26,32.74,34.0,20.03,27.85,17.54,26.12,19.09,27.98,19.08,21.22,32.93,28.18,31.04,30.48,30.54,38.07
7.98,17.09,31.28,36.69,11.24,30.05,24.4,25.43,14.74,32.29,29.22,32.13,5.35,16.93,33.15,30.53,12.44,29.15,16.4,32.66,33.57,26.61,22.37,31.72,20.27,28.04,32.87,12.98,12.97,29.77,34.25,29.12,37.09,34.75,26.98,34.44,15.73,27.16,27.92,34.63,28.39,34.36,38.66,19.78,28.31,33.26,35.48,37.33,27.72,27.77,29.35,30.33,13.13,30.03,28.05,29.77,23.34,36.02,26.25,35.76,16.89,36.09,21.21,31.05,14.89,22.66,32.92,33.27,32.61,34.82,34.01,25.3,29.33,25.54,28.45,31.76,16.89,28.51,28.22,31.92,26.5,30.4,31.22,29.18,26.42,31.26,29.87,22.25,33.57,28.81,24.7,25.22,25.56,31.98,29.5,36.13,14.26,11.7,16.52,29.16,27.63,19.65,32.72,26.83,28.07,30.3,22.76,21.41,24.2,23.62,17.91,15.22,35.69,23.75,21.31,19.89,29.25,25.01,13.45,10.62,13.05,13.04,11.42,19.23,13.37,16.53,15.05,16.11,20.18,17.43,8.54,7.26,9.02,8.86,5.32,19.09,8.34,11.7,9.47,9.95,6.18,8.75,18.46,9.64,4.92,9.09,8.81,11.43,7.52,18.92,10.11,36.73,34.43,34.08,35.56,32.7,34.16,31.0,33.69,31.71,30.84,34.03,36.65,33.71,29.28,33.21,30.56,10.62,3.91,1.51,12.75,0.0,7.45,6.96,6.28,3.08,1.39,1.25,6.52,13.27,12.76,5.51,7.51,1.57,3.83,3.62,8.75,8.22,4.9,2.57,6.89,5.78,2.71,3.37,4.2,3.03,6.37,6.39,11.1,12.76,8.83,9.53,2.01,19.63,15.4,14.56,14.71,15.49,15.89,15.68,15.9,14.65,14.51,15.38,13.08,14.81,19.45,11.17,20.31,8.07,15.71,11.84,17.82,14.11,15.59,8.4,15.72,10.43,13.19,10.94,11.67,17.01,13.2,13.68,15.39,8.69,12.0,12.28,18.89,28.61,27.97,30.35,29.52,30.21,33.13,25.23,24.66,31.05,27.02,30.2,28.13,32.37,27.74,33.36,28.89,27.18,12.53,32.19,30.62,31.37,28.74,30.03,31.29,37.11,29.39,30.09,28.95,33.34,27.46,29.02,30.14,29.75,23.96,25.74,28.61,26.19,34.87,37.8,36.21,31.5,23.1,24.57,18.43,24.11,24.37,23.09,24.79,24.86,17.56,19.75,22.85,32.82,26.1,21.04,17.54,18.61,19.11,17.78,17.91,24.36,20.53,31.86,21.98,26.33,22.82,19.43,21.24,25.47,24.17,19.16,22.06,17.38,26.64,27.44,26.04,36.88,34.2,23.55,30.15,21.98,35.46,36.72,22.75,30.57,20.26,28.84,21.81,30.7,21.8,23.94,35.66,30.9,33.76,33.2,33.26,40.79
3.88,17.57,31.76,37.16,11.72,30.53,24.88,25.91,15.22,32.77,29.7,32.61,5.82,17.4,33.63,31.01,15.06,29.63,16.88,33.14,34.05,27.09,22.85,32.2,20.75,28.51,33.34,13.46,17.41,30.25,34.72,29.6,37.57,35.23,27.46,34.92,16.21,27.63,28.39,35.11,28.87,34.83,39.14,20.26,28.78,33.74,35.96,37.81,28.2,28.25,29.83,30.81,18.63,30.51,28.53,30.24,23.82,36.5,26.73,36.24,19.51,36.57,21.68,31.52,17.5,23.14,33.4,33.74,33.09,35.3,34.49,25.78,29.8,26.02,28.93,32.24,19.25,28.99,28.7,32.4,26.98,30.88,31.7,29.65,26.9,31.74,30.35,22.73,34.05,29.28,25.18,25.7,26.04,32.46,29.98,36.61,14.74,17.55,18.88,29.63,28.1,20.12,33.19,27.31,28.54,30.77,23.24,21.89,24.68,24.09,21.99,15.7,36.17,24.23,21.78,20.36,29.73,25.49,16.07,16.48,15.67,15.65,17.27,19.71,15.99,20.86,17.67,18.73,20.65,17.9,15.99,14.71,12.52,14.88,12.77,19.57,15.79,14.31,15.33,15.81,13.63,11.36,18.94,11.54,12.37,11.7,16.26,14.04,14.97,19.4,15.97,37.21,34.91,34.56,36.04,33.18,34.63,31.48,34.16,32.19,31.32,34.5,37.13,34.19,29.76,33.69,31.04,6.52,7.79,8.49,8.65,7.45,0.0,4.44,6.85,10.53,8.84,8.7,2.42,9.17,8.65,12.96,9.25,5.88,3.62,8.89,4.64,3.87,2.55,8.67,7.36,3.79,5.4,5.6,4.96,10.47,1.08,8.13,6.99,8.65,10.58,5.42,9.46,20.11,15.87,15.04,15.18,15.96,16.37,16.16,16.38,15.13,14.98,11.27,13.56,15.29,25.31,11.65,20.79,8.54,16.19,12.32,18.3,14.59,16.07,8.88,16.2,10.9,5.63,11.41,12.15,17.49,9.1,14.16,15.87,9.17,12.48,12.76,19.36,29.09,28.45,30.83,30.0,30.69,33.61,25.71,25.13,31.53,27.5,30.68,28.6,32.84,28.22,33.83,29.37,27.66,8.43,32.67,31.1,31.85,29.22,30.5,31.76,37.59,29.86,30.56,29.43,33.81,27.93,29.5,30.61,30.23,24.44,26.21,29.09,26.66,35.34,38.28,36.69,31.98,23.58,25.05,18.91,24.59,24.85,23.56,25.27,25.34,18.03,20.23,23.33,33.29,26.58,21.52,18.01,19.09,19.58,18.25,18.38,24.84,21.01,32.33,22.46,26.81,23.3,19.91,21.72,25.95,24.65,19.64,22.54,17.86,27.12,27.92,26.52,37.36,34.68,24.03,30.62,22.46,35.94,37.2,23.22,31.05,20.74,29.32,22.28,31.18,22.28,24.42,36.13,31.38,34.24,33.68,33.73,41.27
5.79,15.36,29.56,34.96,9.51,28.32,22.68,23.7,13.02,30.56,27.49,30.4,3.62,15.2,31.42,28.81,12.85,27.42,14.68,30.93,31.85,24.88,20.65,29.99,18.54,26.31,31.14,11.25,15.21,28.04,32.52,27.4,35.37,33.03,25.25,32.71,14.01,25.43,26.19,32.9,26.66,32.63,36.93,18.05,26.58,31.54,33.75,35.6,26.0,26.04,27.63,28.6,16.43,28.3,26.32,28.04,21.61,34.29,24.52,34.04,17.3,34.37,19.48,29.32,15.3,20.93,31.19,31.54,30.88,33.09,32.29,23.58,27.6,23.81,26.72,30.03,17.04,26.78,26.5,30.2,24.78,28.67,29.5,27.45,24.69,29.54,28.15,20.52,31.85,27.08,22.97,23.49,23.83,30.25,27.77,34.41,12.54,15.35,16.68,27.43,25.9,17.92,30.99,25.1,26.34,28.57,21.04,19.68,22.47,21.89,19.78,13.5,33.96,22.02,19.58,18.16,27.52,23.28,13.87,14.28,13.46,13.45,15.07,17.5,13.78,18.65,15.46,16.53,18.45,15.7,15.5,13.03,10.32,12.68,12.28,17.36,14.11,12.11,13.12,13.6,13.14,9.16,16.73,9.34,11.88,9.5,15.77,11.84,13.29,17.19,13.77,35.01,32.71,32.36,33.83,30.97,32.43,29.27,31.96,29.99,29.11,32.3,34.92,31.99,27.55,31.48,28.83,8.43,5.58,8.19,10.56,6.96,4.44,0.0,4.64,10.04,8.35,8.21,4.33,11.08,10.56,12.47,7.04,5.39,5.53,6.68,6.55,3.5,4.46,8.67,5.16,1.59,4.91,3.76,2.76,9.98,3.36,5.93,8.9,10.56,8.37,7.33,8.97,17.91,13.67,12.83,12.98,13.76,14.17,13.95,14.18,12.92,12.78,13.18,11.35,13.09,23.1,9.44,18.58,6.34,13.98,10.12,16.09,12.38,13.87,6.68,14.0,8.7,11.46,9.21,9.94,15.28,11.01,11.96,13.67,6.96,10.27,10.56,17.16,26.88,26.24,28.62,27.8,28.48,31.4,23.5,22.93,29.33,25.3,28.48,26.4,30.64,26.01,31.63,27.16,25.46,10.34,30.47,28.9,29.65,27.02,28.3,29.56,35.38,27.66,28.36,27.22,31.61,25.73,27.3,28.41,28.03,22.23,24.01,26.89,24.46,33.14,36.08,34.48,29.78,21.37,22.84,16.71,22.38,22.64,21.36,23.06,23.13,15.83,18.02,21.12,31.09,24.38,19.31,15.81,16.88,17.38,16.05,16.18,22.63,18.8,30.13,20.25,24.6,21.1,17.71,19.52,23.74,22.45,17.44,20.33,15.65,24.91,25.72,24.31,35.16,32.47,21.82,28.42,20.25,33.73,34.99,21.02,28.85,18.54,27.12,20.08,28.98,20.07,22.21,33.93,29.18,32.04,31.47,31.53,39.06
8.2,12.8,26.99,32.4,6.95,25.76,20.11,21.14,10.45,28.0,24.93,27.84,1.06,12.64,28.86,26.25,8.99,24.86,12.11,28.37,29.28,22.32,18.08,27.43,15.98,23.75,28.58,8.69,11.35,25.48,29.96,24.83,32.8,30.46,22.69,30.15,11.44,22.87,23.63,30.34,24.1,30.07,34.37,15.49,24.02,28.98,31.19,33.04,23.43,23.48,25.06,26.04,12.57,25.74,23.76,25.48,19.05,31.73,21.96,31.47,13.44,31.81,16.92,26.76,11.44,18.37,28.63,28.98,28.32,30.53,29.72,21.01,25.04,21.25,24.16,27.47,13.18,24.22,23.93,27.63,22.21,26.11,26.93,24.89,22.13,26.97,25.58,17.96,29.28,24.52,20.41,20.93,21.27,27.69,25.21,31.84,9.98,11.49,12.82,24.87,23.34,15.36,28.43,22.54,23.78,26.01,18.47,17.12,19.91,19.33,17.22,10.93,31.4,19.46,17.02,15.6,24.96,20.72,10.0,10.42,9.6,9.59,11.21,14.94,9.92,13.08,11.6,12.66,15.89,13.14,12.31,9.17,6.45,8.81,9.15,14.8,10.25,8.25,9.26,9.74,10.01,5.3,14.17,5.48,8.75,5.64,12.64,7.97,9.43,14.63,9.9,32.44,30.14,29.79,31.27,28.41,29.87,26.71,29.4,27.42,26.55,29.74,32.36,29.42,24.99,28.92,26.27,10.84,1.72,4.33,12.97,6.28,6.85,4.64,0.0,8.71,5.22,6.88,6.74,13.49,12.98,11.14,3.18,4.8,4.98,2.82,8.96,5.91,6.05,4.8,2.6,3.47,4.33,3.18,2.17,6.86,5.77,2.06,11.31,12.97,4.51,9.75,7.64,15.34,11.11,10.27,10.42,11.2,11.6,11.39,11.61,10.36,10.22,13.12,8.79,10.53,19.24,6.88,16.02,3.78,11.42,7.55,13.53,9.82,11.3,4.11,11.43,6.14,8.9,6.65,7.38,12.72,14.48,9.39,11.1,4.4,7.71,7.99,14.6,24.32,23.68,26.06,25.23,25.92,28.84,20.94,20.37,26.76,22.73,25.91,23.84,28.08,23.45,29.07,24.6,22.89,12.75,27.9,26.33,27.08,24.45,25.74,27.0,32.82,25.1,25.8,24.66,29.05,23.17,24.73,25.85,25.46,19.67,21.45,24.32,21.9,30.58,33.51,31.92,27.21,18.81,20.28,14.14,19.82,20.08,18.8,20.5,20.57,13.27,15.46,18.56,28.53,21.81,16.75,13.25,14.32,14.82,13.49,13.62,20.07,16.24,27.57,17.69,22.04,18.53,15.14,16.95,21.18,19.88,14.87,17.77,13.09,22.35,23.15,21.75,32.59,29.91,19.26,25.86,17.69,31.17,32.43,18.46,26.28,15.97,24.55,17.52,26.41,17.51,19.65,31.37,26.61,29.47,28.91,28.97,36.5
11.06,20.17,34.36,39.77,14.32,33.13,27.48,28.51,17.82,35.37,32.3,35.21,8.43,20.01,36.23,33.61,15.85,32.23,19.48,35.74,36.65,29.69,25.45,34.8,23.35,31.12,35.95,16.06,15.4,32.85,37.33,32.2,40.17,37.83,30.06,37.52,18.81,30.24,31.0,37.71,31.47,37.44,41.74,22.86,31.39,36.34,38.56,40.41,30.8,30.85,32.43,33.41,15.57,33.11,31.13,32.85,26.42,39.1,29.33,38.84,20.2,39.17,24.29,34.13,18.2,25.74,36.0,36.35,35.69,37.9,37.09,28.38,32.41,28.62,31.53,34.84,19.32,31.59,31.3,35.0,29.58,33.48,34.3,32.26,29.5,34.34,32.95,25.33,36.65,31.89,27.78,28.3,28.64,35.06,32.58,39.21,17.34,14.13,18.96,32.24,30.71,22.73,35.8,29.91,31.15,33.38,25.84,24.49,27.28,26.7,20.34,18.3,38.77,26.83,24.39,22.97,32.33,28.09,16.76,13.06,16.36,16.35,13.85,22.31,16.68,19.84,18.36,19.42,20.39,20.51,10.97,9.7,11.45,11.3,7.76,22.17,10.78,15.01,11.91,12.39,8.62,12.06,21.54,12.07,7.35,12.4,11.25,14.73,9.95,22.0,12.55,39.81,37.51,37.16,38.64,35.78,37.24,34.08,36.77,34.79,33.92,37.11,39.73,36.79,32.36,36.29,33.64,13.7,7.22,4.82,15.83,3.08,10.53,10.04,8.71,0.0,3.82,2.14,9.6,16.35,15.84,3.68,9.94,4.65,6.91,6.05,11.83,11.3,7.98,5.0,9.97,8.86,5.79,6.45,7.28,3.51,9.45,8.82,14.18,15.84,11.27,12.61,2.7,22.71,18.48,17.64,17.79,18.57,18.97,18.76,18.98,17.73,17.59,18.46,16.16,17.89,21.89,14.25,23.39,11.15,18.79,14.92,20.9,17.19,18.67,11.48,18.8,13.51,16.27,14.02,14.75,20.09,16.28,16.76,18.47,11.77,15.08,15.36,21.97,31.69,31.05,33.43,32.6,33.29,36.21,28.31,27.74,34.13,30.1,33.28,31.21,35.45,30.82,36.44,31.97,30.26,15.61,35.27,33.7,34.45,31.82,33.11,34.37,40.19,32.47,33.17,32.03,36.42,30.54,32.1,33.22,32.83,27.04,28.82,31.69,29.27,37.95,40.88,39.29,34.58,26.18,27.65,21.51,27.19,27.45,26.17,27.87,27.94,20.64,22.83,25.93,35.9,29.18,24.12,20.62,21.69,22.19,20.86,20.99,27.44,23.61,34.94,25.06,29.41,25.9,22.51,24.32,28.55,27.25,22.24,25.14,20.46,29.72,30.52,29.12,39.96,37.28,26.63,33.23,25.06,38.54,39.8,25.83,33.65,23.34,31.92,24.89,33.78,24.88,27.02,38.74,33.98,36.84,36.28,36.34,43.87
9.37,17.24,31.43,36.83,11.39,30.2,24.55,25.58,14.89,32.44,29.37,32.28,5.5,17.07,33.3,30.68,12.26,29.3,16.55,32.81,33.72,26.76,22.52,31.87,20.42,28.18,33.02,13.13,11.91,29.92,34.39,29.27,37.24,34.9,27.13,34.59,15.88,27.3,28.06,34.78,28.54,34.5,38.81,19.93,28.45,33.41,35.63,37.48,27.87,27.92,29.5,30.48,12.07,30.18,28.2,29.91,23.49,36.17,26.4,35.91,16.71,36.24,21.35,31.19,14.7,22.81,33.07,33.42,32.76,34.97,34.16,25.45,29.47,25.69,28.6,31.91,15.83,28.66,28.37,32.07,26.65,30.55,31.37,29.32,26.57,31.41,30.02,22.4,33.72,28.96,24.85,25.37,25.71,32.13,29.65,36.28,14.41,10.64,15.46,29.3,27.77,19.79,32.86,26.98,28.21,30.44,22.91,21.56,24.35,23.76,16.85,15.37,35.84,23.9,21.45,20.03,29.4,25.16,13.27,9.57,12.86,12.85,10.36,19.38,13.19,16.35,14.87,15.93,16.89,17.57,7.48,6.2,7.96,7.8,4.26,19.24,7.28,11.51,8.41,8.89,5.12,8.56,18.61,8.58,3.86,8.9,7.75,11.24,6.46,19.07,9.05,36.88,34.58,34.23,35.71,32.85,34.3,31.15,33.83,31.86,30.99,34.17,36.8,33.86,29.43,33.36,30.71,12.01,3.73,1.33,14.14,1.39,8.84,8.35,5.22,3.82,0.0,1.99,7.91,14.66,14.15,6.25,6.45,2.96,5.22,2.56,10.13,9.61,6.29,1.51,7.03,7.17,4.09,4.76,5.59,1.64,7.76,5.33,12.48,14.14,7.78,10.92,1.39,19.78,15.54,14.71,14.85,15.64,16.04,15.83,16.05,14.8,14.66,16.77,13.23,14.96,18.39,11.32,20.46,8.21,15.86,11.99,17.97,14.26,15.74,8.55,15.87,10.58,13.34,11.09,11.82,17.16,14.59,13.83,15.54,8.84,12.15,12.43,19.04,28.76,28.12,30.5,29.67,30.36,33.28,25.38,24.8,31.2,27.17,30.35,28.28,32.51,27.89,33.5,29.04,27.33,13.92,32.34,30.77,31.52,28.89,30.17,31.43,37.26,29.53,30.23,29.1,33.48,27.6,29.17,30.28,29.9,24.11,25.89,28.76,26.33,35.01,37.95,36.36,31.65,23.25,24.72,18.58,24.26,24.52,23.23,24.94,25.01,17.7,19.9,23.0,32.97,26.25,21.19,17.69,18.76,19.25,17.92,18.06,24.51,20.68,32.01,22.13,26.48,22.97,19.58,21.39,25.62,24.32,19.31,22.21,17.53,26.79,27.59,26.19,37.03,34.35,23.7,30.29,22.13,35.61,36.87,22.89,30.72,20.41,28.99,21.95,30.85,21.95,24.09,35.8,31.05,33.91,33.35,33.41,40.94
9.23,18.34,32.53,37.93,12.49,31.3,25.65,26.68,15.99,33.54,30.47,33.38,6.6,18.17,34.4,31.78,14.02,30.4,17.65,33.91,34.82,27.86,23.62,32.97,21.52,29.28,34.12,14.23,13.57,31.02,35.49,30.37,38.34,36.0,28.23,35.69,16.98,28.41,29.16,35.88,29.64,35.6,39.91,21.03,29.56,34.51,36.73,38.58,28.97,29.02,30.6,31.58,13.74,31.28,29.3,31.01,24.59,37.27,27.5,37.01,18.37,37.34,22.45,32.3,16.37,23.91,34.17,34.52,33.86,36.07,35.26,26.55,30.57,26.79,29.7,33.01,17.49,29.76,29.47,33.17,27.75,31.65,32.47,30.42,27.67,32.51,31.12,23.5,34.82,30.06,25.95,26.47,26.81,33.23,30.75,37.38,15.51,12.3,17.13,30.4,28.87,20.89,33.96,28.08,29.32,31.54,24.01,22.66,25.45,24.87,18.51,16.47,36.94,25.0,22.55,21.14,30.5,26.26,14.93,11.23,14.53,14.52,12.02,20.48,14.85,18.01,16.53,17.59,18.56,18.68,9.14,7.86,9.62,9.47,5.93,20.34,8.95,13.17,10.07,10.55,6.78,10.23,19.71,10.24,5.52,10.56,9.42,12.9,8.12,20.17,10.71,37.98,35.68,35.33,36.81,33.95,35.4,32.25,34.93,32.96,32.09,35.27,37.9,34.96,30.53,34.46,31.81,11.87,5.39,2.99,14.0,1.25,8.7,8.21,6.88,2.14,1.99,0.0,7.77,14.52,14.01,4.57,8.11,2.82,5.08,4.22,9.99,9.47,6.15,3.17,8.13,7.03,3.95,4.62,5.45,3.63,7.62,6.99,12.34,14.0,9.44,10.78,1.58,20.88,16.64,15.81,15.95,16.74,17.14,16.93,17.15,15.9,15.76,16.62,14.33,16.06,20.05,12.42,21.56,9.31,16.96,13.09,19.07,15.36,16.84,9.65,16.97,11.68,14.44,12.19,12.92,18.26,14.45,14.93,16.64,9.94,13.25,13.53,20.14,29.86,29.22,31.6,30.77,31.46,34.38,26.48,25.9,32.3,28.27,31.45,29.38,33.61,28.99,34.6,30.14,28.43,13.78,33.44,31.87,32.62,29.99,31.27,32.54,38.36,30.63,31.34,30.2,34.58,28.7,30.27,31.38,31.0,25.21,26.99,29.86,27.43,36.11,39.05,37.46,32.75,24.35,25.82,19.68,25.36,25.62,24.33,26.04,26.11,18.8,21.0,24.1,34.07,27.35,22.29,18.79,19.86,20.35,19.02,19.16,25.61,21.78,33.11,23.23,27.58,24.07,20.68,22.49,26.72,25.42,20.41,23.31,18.63,27.89,28.69,27.29,38.13,35.45,24.8,31.39,23.23,36.71,37.97,24.0,31.82,21.51,30.09,23.06,31.95,23.05,25.19,36.9,32.15,35.01,34.45,34.51,42.04
1.58,17.46,31.65,37.06,11.61,30.42,24.77,25.8,15.11,32.66,29.59,32.5,5.72,17.3,33.52,30.9,14.95,29.52,16.77,33.03,33.94,26.98,22.74,32.09,20.64,28.41,33.24,13.35,17.31,30.14,34.62,29.49,37.46,35.12,27.35,34.81,16.1,27.53,28.29,35.0,28.76,34.73,39.03,20.15,28.68,33.63,35.85,37.7,28.09,28.14,29.72,30.7,18.53,30.4,28.42,30.14,23.71,36.39,26.62,36.13,19.4,36.46,21.58,31.42,17.4,23.03,33.29,33.64,32.98,35.19,34.38,25.67,29.7,25.91,28.82,32.13,19.14,28.88,28.59,32.29,26.87,30.77,31.59,29.55,26.79,31.63,30.24,22.62,33.94,29.18,25.07,25.59,25.93,32.35,29.87,36.5,14.63,17.45,18.78,29.53,28.0,20.02,33.09,27.2,28.44,30.67,23.13,21.78,24.57,23.99,21.88,15.59,36.06,24.12,21.68,20.26,29.62,25.38,15.96,16.38,15.56,15.55,17.17,19.6,15.88,20.75,17.56,18.62,20.55,17.8,15.06,13.78,12.41,14.77,11.84,19.46,14.87,14.2,15.22,15.7,12.7,11.26,18.83,11.44,11.44,11.6,15.33,13.93,14.04,19.29,15.86,37.1,34.8,34.45,35.93,33.07,34.53,31.37,34.06,32.08,31.21,34.4,37.02,34.08,29.65,33.58,30.93,4.21,7.68,7.57,6.34,6.52,2.42,4.33,6.74,9.6,7.91,7.77,0.0,6.86,6.35,12.03,9.14,4.95,2.69,8.78,2.34,3.76,1.62,7.74,7.26,3.69,4.48,4.67,4.85,9.55,1.34,8.02,4.69,6.35,10.47,3.12,8.53,20.0,15.77,14.93,15.08,15.86,16.26,16.05,16.27,15.02,14.88,8.97,13.45,15.18,25.2,11.54,20.68,8.44,16.08,12.21,18.19,14.48,15.96,8.77,16.09,10.8,13.56,11.31,12.04,17.38,6.79,14.05,15.76,9.06,12.37,12.65,19.26,28.98,28.34,30.72,29.89,30.58,33.5,25.6,25.03,31.42,27.39,30.57,28.5,32.74,28.11,33.73,29.26,27.55,6.12,32.56,30.99,31.74,29.11,30.4,31.66,37.48,29.76,30.46,29.32,33.7,27.83,29.39,30.51,30.12,24.33,26.11,28.98,26.56,35.24,38.17,36.58,31.87,23.47,24.94,18.8,24.48,24.74,23.46,25.16,25.23,17.92,20.12,23.22,33.19,26.47,21.41,17.91,18.98,19.48,18.15,18.28,24.73,20.9,32.23,22.35,26.7,23.19,19.8,21.61,25.84,24.54,19.53,22.43,17.75,27.01,27.81,26.41,37.25,34.57,23.92,30.52,22.35,35.83,37.09,23.12,30.94,20.63,29.21,22.18,31.07,22.17,24.31,36.03,31.27,34.13,33.57,33.63,41.16
6.02,24.21,38.4,43.81,18.36,37.17,31.52,32.55,21.86,39.41,36.34,39.25,12.47,24.05,40.27,37.66,21.7,36.27,23.52,39.78,40.69,33.73,29.49,38.84,27.39,35.16,39.99,20.1,24.06,36.89,41.37,36.24,44.21,41.87,34.1,41.56,22.85,34.28,35.04,41.75,35.51,41.48,45.78,26.9,35.43,40.39,42.6,44.45,34.84,34.89,36.47,37.45,25.28,37.15,35.17,36.89,30.46,43.14,33.37,42.88,26.15,43.22,28.33,38.17,24.15,29.78,40.04,40.39,39.73,41.94,41.13,32.42,36.45,32.66,35.57,38.88,25.89,35.63,35.34,39.04,33.62,37.52,38.34,36.3,33.54,38.38,36.99,29.37,40.69,35.93,31.82,32.34,32.68,39.1,36.62,43.25,21.39,24.2,25.53,36.28,34.75,26.77,39.84,33.95,35.19,37.42,29.88,28.53,31.32,30.74,28.63,22.34,42.81,30.87,28.43,27.01,36.37,32.13,22.71,23.13,22.31,22.3,23.92,26.35,22.63,27.5,24.31,25.37,27.3,24.55,21.81,20.53,19.16,21.52,18.59,26.21,21.62,20.96,21.97,22.45,19.45,18.01,25.58,18.19,18.19,18.35,22.08,20.68,20.79,26.04,22.61,43.85,41.55,41.2,42.68,39.82,41.28,38.12,40.81,38.83,37.96,41.15,43.77,40.83,36.4,40.33,37.68,2.83,14.43,14.32,11.95,13.27,9.17,11.08,13.49,16.35,14.66,14.52,6.86,0.0,11.95,18.78,15.89,11.7,9.44,15.53,4.93,10.51,8.37,14.5,14.01,10.44,11.23,11.42,11.6,16.3,8.09,14.77,5.07,11.95,17.22,3.74,15.28,26.75,22.52,21.68,21.83,22.61,23.01,22.8,23.02,21.77,21.63,14.57,20.2,21.94,31.95,18.29,27.43,15.19,22.83,18.96,24.94,21.23,22.71,15.52,22.84,17.55,18.73,18.06,18.79,24.13,12.39,20.8,22.51,15.81,19.12,19.4,26.01,35.73,35.09,37.47,36.64,37.33,40.25,32.35,31.78,38.17,34.14,37.32,35.25,39.49,34.86,40.48,36.01,34.3,11.72,39.31,37.74,38.49,35.86,37.15,38.41,44.23,36.51,37.21,36.07,40.46,34.58,36.14,37.26,36.87,31.08,32.86,35.73,33.31,41.99,44.92,43.33,38.62,30.22,28.83,25.55,31.23,31.49,30.21,31.91,31.98,24.68,26.87,29.97,39.94,28.56,28.16,24.66,25.73,26.23,24.9,25.03,31.48,27.65,38.98,29.1,33.45,29.94,26.55,28.36,32.59,31.29,26.28,29.18,24.5,33.76,28.55,27.5,44.0,41.32,30.67,37.27,29.1,42.58,43.84,29.87,37.7,27.38,35.96,28.93,37.82,28.92,31.06,42.78,38.02,40.88,40.32,40.38,41.53
6.66,15.4,29.59,35.0,12.19,28.36,22.72,23.74,13.05,30.6,27.53,30.44,11.95,15.24,31.46,28.85,21.19,27.46,14.71,30.97,31.88,24.92,20.68,30.03,18.58,26.35,31.18,11.29,27.67,28.08,32.56,27.43,35.4,33.06,25.29,32.75,14.04,25.47,26.23,32.94,26.7,32.67,36.97,18.09,26.62,31.58,33.79,35.64,26.03,26.08,27.66,28.64,28.89,28.34,26.36,28.08,21.65,34.33,24.56,34.07,21.39,34.41,19.52,29.36,20.36,20.97,31.23,31.58,30.92,33.13,32.32,23.61,27.64,23.85,26.76,30.07,21.6,26.82,26.53,30.23,24.81,28.71,29.53,27.49,24.73,29.57,28.18,20.56,31.88,27.12,23.01,23.53,23.87,30.29,27.81,34.44,12.58,27.0,21.89,27.47,25.94,17.96,31.03,25.14,26.38,28.61,21.07,19.72,22.51,21.93,20.74,13.53,34.0,22.06,19.62,18.2,27.56,23.32,22.2,25.92,21.79,21.78,26.11,18.47,21.72,19.61,21.58,20.82,19.41,16.66,21.3,20.02,18.65,21.01,18.08,18.33,21.1,20.44,21.46,21.94,18.94,17.49,17.7,17.67,17.68,17.83,21.57,20.17,20.28,18.15,25.41,35.04,32.74,32.39,33.87,31.01,32.47,29.31,32.0,30.02,29.15,32.34,34.96,32.02,27.59,31.52,28.87,9.3,13.92,13.8,1.31,12.76,8.65,10.56,12.98,15.84,14.15,14.01,6.35,11.95,0.0,18.27,15.38,11.19,8.93,15.02,7.42,10.0,7.86,13.98,13.96,9.92,10.71,10.91,11.09,15.78,7.58,14.26,9.78,2.82,16.7,8.21,14.77,17.94,13.71,13.41,13.02,13.8,14.2,13.99,14.21,12.96,12.82,3.93,12.32,14.05,34.68,9.51,18.62,13.5,14.95,10.72,16.13,13.35,14.83,13.19,14.03,10.29,8.09,11.87,9.14,15.32,3.53,11.99,14.63,13.48,11.24,11.52,17.2,26.92,26.28,28.66,27.83,28.52,31.44,23.54,22.97,29.36,25.33,28.51,26.44,30.68,26.05,31.67,27.2,25.5,2.78,30.5,28.93,29.68,27.05,28.34,29.6,35.42,27.7,28.4,27.26,31.65,25.77,27.33,28.45,28.06,22.27,24.05,26.92,24.5,33.18,36.12,34.52,29.81,21.41,22.88,16.74,22.42,22.68,21.4,23.1,23.17,15.87,18.06,21.16,31.13,24.41,19.35,15.85,16.92,17.42,16.09,16.22,22.67,18.84,30.17,20.29,24.64,21.13,17.74,19.55,23.78,22.48,17.47,20.37,15.69,24.95,25.75,24.35,35.19,32.51,21.86,28.46,20.29,33.77,35.03,21.06,28.89,18.58,27.15,20.12,29.02,20.11,22.25,33.97,29.21,32.07,31.51,31.57,38.24
13.49,22.6,36.79,42.2,16.75,35.56,29.91,30.94,20.25,37.8,34.73,37.64,10.86,22.43,38.66,36.04,18.28,34.66,21.91,38.17,39.08,32.12,27.88,37.23,25.78,33.55,38.38,18.49,17.83,35.28,39.76,34.63,42.6,40.26,32.49,39.95,21.24,32.67,33.43,40.14,33.9,39.87,44.17,25.29,33.82,38.77,40.99,42.84,33.23,33.28,34.86,35.84,18.0,35.54,33.56,35.28,28.85,41.53,31.76,41.27,22.63,41.6,26.72,36.56,20.63,28.17,38.43,38.78,38.12,40.33,39.52,30.81,34.84,31.05,33.96,37.27,21.75,34.02,33.73,37.43,32.01,35.91,36.73,34.68,31.93,36.77,35.38,27.76,39.08,34.32,30.21,30.73,31.07,37.49,35.01,41.64,19.77,16.56,21.39,34.67,33.14,25.16,38.23,32.34,33.58,35.81,28.27,26.92,29.71,29.13,22.77,20.73,41.2,29.26,26.82,25.4,34.76,30.52,19.19,15.49,18.79,18.78,16.28,24.74,19.11,22.27,20.79,21.85,22.82,22.94,13.4,12.12,13.88,13.73,10.19,24.6,13.21,17.43,14.34,14.82,11.05,14.49,23.97,14.5,9.78,14.83,13.68,17.16,12.38,24.43,14.98,42.24,39.94,39.59,41.07,38.21,39.67,36.51,39.2,37.22,36.35,39.54,42.16,39.22,34.79,38.72,36.07,16.13,9.65,7.25,18.26,5.51,12.96,12.47,11.14,3.68,6.25,4.57,12.03,18.78,18.27,0.0,12.37,7.08,9.34,8.48,14.26,13.73,10.41,7.43,12.4,11.29,8.22,8.88,9.71,5.94,11.88,11.25,16.61,18.26,13.7,15.04,5.12,25.14,20.91,20.07,20.21,21.0,21.4,21.19,21.41,20.16,20.02,20.89,18.59,20.32,24.32,16.68,25.82,13.57,21.22,17.35,23.33,19.62,21.1,13.91,21.23,15.94,18.7,16.45,17.18,22.52,18.71,19.19,20.9,14.2,17.51,17.79,24.4,34.12,33.48,35.86,35.03,35.72,38.64,30.74,30.16,36.56,32.53,35.71,33.64,37.88,33.25,38.87,34.4,32.69,18.04,37.7,36.13,36.88,34.25,35.54,36.8,42.62,34.9,35.6,34.46,38.84,32.97,34.53,35.65,35.26,29.47,31.25,34.12,31.7,40.38,43.31,41.72,37.01,28.61,30.08,23.94,29.62,29.88,28.59,30.3,30.37,23.06,25.26,28.36,38.33,31.61,26.55,23.05,24.12,24.62,23.28,23.42,29.87,26.04,37.37,27.49,31.84,28.33,24.94,26.75,30.98,29.68,24.67,27.57,22.89,32.15,32.95,31.55,42.39,39.71,29.06,35.66,27.49,40.97,42.23,28.26,36.08,25.77,34.35,27.32,36.21,27.31,29.45,41.17,36.41,39.27,38.71,38.77,46.3
10.6,15.2,29.39,34.8,9.35,28.16,22.51,23.54,12.85,30.4,27.33,30.24,3.46,15.04,31.26,28.64,5.98,27.26,14.51,30.77,31.68,24.72,20.48,29.83,18.38,26.15,30.98,11.09,8.34,27.88,32.36,27.23,35.2,32.86,25.09,32.55,13.84,25.27,26.03,32.74,26.5,32.47,36.77,17.89,26.42,31.37,33.59,35.44,25.83,25.88,27.46,28.44,9.56,28.14,26.16,27.88,21.45,34.13,24.36,33.87,10.43,34.2,19.32,29.16,8.43,20.77,31.03,31.38,30.72,32.93,32.12,23.41,27.44,23.65,26.56,29.87,10.18,26.62,26.33,30.03,24.61,28.51,29.33,27.29,24.53,29.37,27.98,20.36,31.68,26.92,22.81,23.33,23.67,30.09,27.61,34.24,12.37,8.48,9.81,27.27,25.74,17.76,30.83,24.94,26.18,28.41,20.87,19.52,22.31,21.73,11.12,13.33,33.8,21.86,19.42,18.0,27.36,23.12,7.0,7.41,6.59,6.58,8.2,10.73,6.91,10.08,8.6,9.66,11.92,12.73,9.31,6.16,3.45,5.81,8.56,13.15,7.25,5.24,6.26,6.74,8.47,2.29,11.86,2.47,7.17,2.63,10.35,4.97,6.42,13.46,6.9,34.84,32.54,32.19,33.67,30.81,32.27,29.11,31.8,29.82,28.95,32.14,34.76,31.82,27.39,31.32,28.67,13.24,2.95,5.55,15.37,7.51,9.25,7.04,3.18,9.94,6.45,8.11,9.14,15.89,15.38,12.37,0.0,7.2,7.38,4.05,11.36,8.31,8.45,6.03,5.0,5.87,6.73,5.58,4.57,8.08,8.17,1.12,13.71,15.37,1.5,12.15,8.87,17.74,13.51,12.67,12.82,13.6,14.0,13.79,14.01,12.76,12.62,15.52,11.19,12.92,16.24,9.28,18.42,6.18,13.82,9.95,15.93,12.22,13.7,6.51,13.83,8.54,11.3,9.05,9.78,15.12,16.87,11.79,13.5,6.8,10.11,10.39,17.0,26.72,26.08,28.46,27.63,28.32,31.24,23.34,22.77,29.16,25.13,28.31,26.24,30.48,25.85,31.47,27.0,25.29,15.15,30.3,28.73,29.48,26.85,28.14,29.4,35.22,27.5,28.2,27.06,31.44,25.57,27.13,28.25,27.86,22.07,23.85,26.72,24.3,32.98,35.91,34.32,29.61,21.21,22.68,16.54,22.22,22.48,21.2,22.9,22.97,15.67,17.86,20.96,30.93,24.21,19.15,15.65,16.72,17.22,15.89,16.02,22.47,18.64,29.97,20.09,24.44,20.93,17.54,19.35,23.58,22.28,17.27,20.17,15.49,24.75,25.55,24.15,34.99,32.31,21.66,28.26,20.09,33.57,34.83,20.86,28.68,18.37,26.95,19.92,28.81,19.91,22.05,33.77,29.01,31.87,31.31,31.37,38.9
6.41,15.52,29.71,35.12,9.67,28.48,22.83,23.86,13.17,30.72,27.65,30.56,3.78,15.36,31.58,28.97,13.01,27.58,14.83,31.09,32.0,25.04,20.8,30.15,18.7,26.47,31.3,11.41,14.54,28.2,32.68,27.55,35.52,33.18,25.41,32.87,14.16,25.59,26.35,33.06,26.82,32.79,37.09,18.21,26.74,31.7,33.91,35.76,26.15,26.2,27.78,28.76,14.7,28.46,26.48,28.2,21.77,34.45,24.68,34.19,17.46,34.53,19.64,29.48,15.46,21.09,31.35,31.7,31.04,33.25,32.44,23.73,27.76,23.97,26.88,30.19,17.2,26.94,26.65,30.35,24.93,28.83,29.65,27.61,24.85,29.69,28.3,20.68,32.0,27.24,23.13,23.65,23.99,30.41,27.93,34.56,12.7,13.27,16.84,27.59,26.06,18.08,31.15,25.26,26.5,28.73,21.19,19.84,22.63,22.05,19.94,13.65,34.12,22.18,19.74,18.32,27.68,23.44,14.02,12.19,13.62,13.61,12.99,17.66,13.94,18.81,15.62,16.68,18.61,15.86,10.11,8.83,10.47,10.43,6.89,17.52,9.91,12.27,11.04,11.52,7.75,9.32,16.89,9.5,6.49,9.66,10.38,11.99,9.09,17.35,11.68,35.16,32.86,32.51,33.99,31.13,32.59,29.43,32.12,30.14,29.27,32.46,35.08,32.14,27.71,31.64,28.99,9.05,5.74,2.62,11.18,1.57,5.88,5.39,4.8,4.65,2.96,2.82,4.95,11.7,11.19,7.08,7.2,0.0,2.26,3.85,7.18,6.65,3.33,2.79,5.32,4.21,1.14,1.8,2.63,4.6,4.8,6.08,9.53,11.19,8.53,7.96,3.58,18.06,13.83,12.99,13.14,13.92,14.32,14.11,14.33,13.08,12.94,13.81,11.51,13.25,21.02,9.6,18.74,6.5,14.14,10.27,16.25,12.54,14.02,6.83,14.15,8.86,11.62,9.37,10.1,15.44,11.63,12.11,13.82,7.12,10.43,10.71,17.32,27.04,26.4,28.78,27.95,28.64,31.56,23.66,23.09,29.48,25.45,28.63,26.56,30.8,26.17,31.79,27.32,25.61,10.96,30.62,29.05,29.8,27.17,28.46,29.72,35.54,27.82,28.52,27.38,31.77,25.89,27.45,28.57,28.18,22.39,24.17,27.04,24.62,33.3,36.23,34.64,29.93,21.53,23.0,16.86,22.54,22.8,21.52,23.22,23.29,15.99,18.18,21.28,31.25,24.53,19.47,15.97,17.04,17.54,16.21,16.34,22.79,18.96,30.29,20.41,24.76,21.25,17.86,19.67,23.9,22.6,17.59,20.49,15.81,25.07,25.87,24.47,35.31,32.63,21.98,28.58,20.41,33.89,35.15,21.18,29.0,18.69,27.27,20.24,29.13,20.23,22.37,34.09,29.33,32.19,31.63,31.69,39.22
4.16,15.7,29.89,35.29,9.84,28.66,23.01,24.03,13.35,30.9,27.83,30.74,3.95,15.53,31.76,29.14,13.19,27.76,15.01,31.27,32.18,25.21,20.98,30.32,18.87,26.64,31.47,11.59,15.54,28.37,32.85,27.73,35.7,33.36,25.59,33.04,14.34,25.76,26.52,33.24,27.0,32.96,37.27,18.38,26.91,31.87,34.08,35.94,26.33,26.37,27.96,28.94,16.76,28.63,26.65,28.37,21.95,34.63,24.85,34.37,17.64,34.7,19.81,29.65,15.63,21.27,31.52,31.87,31.22,33.42,32.62,23.91,27.93,24.14,27.06,30.36,17.38,27.11,26.83,30.53,25.11,29.01,29.83,27.78,25.02,29.87,28.48,20.86,32.18,27.41,23.31,23.82,24.16,30.58,28.11,34.74,12.87,15.53,17.01,27.76,26.23,18.25,31.32,25.44,26.67,28.9,21.37,20.02,22.8,22.22,20.11,13.83,34.3,22.36,19.91,18.49,27.86,23.62,14.2,14.45,13.79,13.78,15.24,17.84,14.11,18.98,15.8,16.86,18.78,16.03,12.37,11.09,10.65,12.69,9.15,17.7,12.17,12.44,13.3,13.78,10.01,9.49,17.07,9.67,8.75,9.83,12.64,12.17,11.35,17.52,13.94,35.34,33.04,32.69,34.17,31.31,32.76,29.61,32.29,30.32,29.45,32.63,35.26,32.32,27.89,31.81,29.17,6.8,5.92,4.88,8.92,3.83,3.62,5.53,4.98,6.91,5.22,5.08,2.69,9.44,8.93,9.34,7.38,2.26,0.0,7.01,4.92,4.96,1.07,5.05,5.49,4.39,1.78,1.98,2.81,6.86,2.54,6.26,7.27,8.93,8.7,5.7,5.84,18.24,14.0,13.17,13.31,14.09,14.5,14.29,14.51,13.26,13.11,11.55,11.69,13.42,23.28,9.78,18.91,6.67,14.32,10.45,16.42,12.72,14.2,7.01,14.33,9.03,11.79,9.54,10.28,15.61,9.37,12.29,14.0,7.29,10.61,10.89,17.49,27.22,26.58,28.95,28.13,28.82,31.74,23.84,23.26,29.66,25.63,28.81,26.73,30.97,26.35,31.96,27.49,25.79,8.7,30.8,29.23,29.98,27.35,28.63,29.89,35.71,27.99,28.69,27.56,31.94,26.06,27.63,28.74,28.36,22.56,24.34,27.22,24.79,33.47,36.41,34.82,30.11,21.71,23.18,17.04,22.72,22.98,21.69,23.39,23.46,16.16,18.35,21.45,31.42,24.71,19.64,16.14,17.22,17.71,16.38,16.51,22.97,19.14,30.46,20.59,24.94,21.43,18.04,19.85,24.08,22.78,17.77,20.66,15.99,25.24,26.05,24.65,35.49,32.81,22.16,28.75,20.58,34.06,35.33,21.35,29.18,18.87,27.45,20.41,29.31,20.4,22.55,34.26,29.51,32.37,31.8,31.86,39.4
10.24,14.84,29.03,34.44,8.99,27.8,22.15,23.18,12.49,30.04,26.97,29.88,3.1,14.68,30.9,28.28,9.86,26.9,14.15,30.41,31.32,24.36,20.12,29.47,18.02,25.79,30.62,10.73,12.21,27.52,32.0,26.87,34.84,32.5,24.73,32.19,13.48,24.91,25.67,32.38,26.14,32.11,36.41,17.53,26.06,31.01,33.23,35.08,25.47,25.52,27.1,28.08,13.43,27.78,25.8,27.52,21.09,33.77,24.0,33.51,14.31,33.84,18.96,28.8,12.3,20.41,30.67,31.02,30.36,32.57,31.76,23.05,27.08,23.29,26.2,29.51,14.05,26.26,25.97,29.67,24.25,28.15,28.97,26.93,24.17,29.01,27.62,20.0,31.32,26.56,22.45,22.97,23.31,29.73,27.25,33.88,12.01,12.36,13.68,26.91,25.38,17.4,30.47,24.58,25.82,28.05,20.51,19.16,21.95,21.37,14.99,12.97,33.44,21.5,19.06,17.64,27.0,22.76,10.87,11.28,10.47,10.46,12.07,16.98,10.79,13.95,12.47,13.53,17.93,15.18,9.71,8.43,7.32,9.68,6.5,16.84,9.52,9.11,10.13,10.61,7.35,6.16,16.21,6.34,6.09,6.5,9.98,8.84,8.69,16.67,10.77,34.48,32.18,31.83,33.31,30.45,31.91,28.75,31.44,29.46,28.59,31.78,34.4,31.46,27.03,30.96,28.31,12.88,1.33,1.67,15.01,3.62,8.89,6.68,2.82,6.05,2.56,4.22,8.78,15.53,15.02,8.48,4.05,3.85,7.01,0.0,11.0,7.95,8.09,2.15,4.64,5.51,4.98,5.22,4.21,4.2,7.81,2.93,13.35,15.01,5.38,11.79,4.99,17.38,13.15,12.31,12.45,13.24,13.64,13.43,13.65,12.4,12.26,15.15,10.83,12.56,20.11,8.92,18.06,5.81,13.46,9.59,15.57,11.86,13.34,6.15,13.47,8.18,10.94,8.69,9.42,14.76,16.51,11.43,13.14,6.44,9.75,10.03,16.64,26.36,25.72,28.1,27.27,27.96,30.88,22.98,22.4,28.8,24.77,27.95,25.88,30.12,25.49,31.11,26.64,24.93,14.79,29.94,28.37,29.12,26.49,27.78,29.04,34.86,27.14,27.84,26.7,31.08,25.21,26.77,27.89,27.5,21.71,23.49,26.36,23.94,32.62,35.55,33.96,29.25,20.85,22.32,16.18,21.86,22.12,20.83,22.54,22.61,15.3,17.5,20.6,30.57,23.85,18.79,15.29,16.36,16.86,15.52,15.66,22.11,18.28,29.61,19.73,24.08,20.57,17.18,18.99,23.22,21.92,16.91,19.81,15.13,24.39,25.19,23.79,34.63,31.95,21.3,27.9,19.73,33.21,34.47,20.5,28.32,18.01,26.59,19.56,28.45,19.55,21.69,33.41,28.65,31.51,30.95,31.01,38.54
1.5,19.69,33.88,39.28,13.83,32.65,27.0,28.02,17.34,34.88,31.82,34.73,7.94,19.52,35.74,33.13,17.17,31.75,19.0,35.26,36.17,29.2,24.97,34.31,22.86,30.63,35.46,15.58,19.53,32.36,36.84,31.72,39.69,37.35,29.58,37.03,18.33,29.75,30.51,37.23,30.99,36.95,41.26,22.37,30.9,35.86,38.07,39.92,30.32,30.36,31.95,32.92,20.75,32.62,30.64,32.36,25.93,38.61,28.84,38.36,21.63,38.69,23.8,33.64,19.62,25.26,35.51,35.86,35.21,37.41,36.61,27.9,31.92,28.13,31.04,34.35,21.37,31.1,30.82,34.52,29.1,32.99,33.82,31.77,29.01,33.86,32.47,24.84,36.17,31.4,27.29,27.81,28.15,34.57,32.09,38.73,16.86,19.67,21.0,31.75,30.22,22.24,35.31,29.43,30.66,32.89,25.36,24.01,26.79,26.21,24.1,17.82,38.29,26.34,23.9,22.48,31.85,27.6,18.19,18.6,17.78,17.77,19.39,21.82,18.1,22.97,19.79,20.85,22.77,20.02,17.29,16.01,14.64,17.0,14.07,21.68,17.09,16.43,17.45,17.93,14.93,13.48,21.06,13.66,13.67,13.82,17.56,16.16,16.26,21.51,18.09,39.33,37.03,36.68,38.16,35.3,36.75,33.6,36.28,34.31,33.44,36.62,39.25,36.31,31.88,35.8,33.15,2.28,9.91,9.79,7.42,8.75,4.64,6.55,8.96,11.83,10.13,9.99,2.34,4.93,7.42,14.26,11.36,7.18,4.92,11.0,0.0,5.99,3.85,9.97,9.48,5.91,6.7,6.9,7.08,11.77,3.57,10.25,2.75,7.42,12.69,1.18,10.76,22.23,17.99,17.16,17.3,18.08,18.49,18.28,18.5,17.24,17.1,10.04,15.67,17.41,27.43,13.76,22.9,10.66,18.3,14.44,20.41,16.71,18.19,11.0,18.32,13.02,14.21,13.53,14.26,19.6,7.87,16.28,17.99,11.28,14.6,14.88,21.48,31.2,30.56,32.94,32.12,32.81,35.72,27.83,27.25,33.65,29.62,32.8,30.72,34.96,30.33,35.95,31.48,29.78,7.2,34.79,33.22,33.97,31.34,32.62,33.88,39.7,31.98,32.68,31.54,35.93,30.05,31.62,32.73,32.35,26.55,28.33,31.21,28.78,37.46,40.4,38.81,34.1,25.69,27.16,21.03,26.71,26.97,25.68,27.38,27.45,20.15,22.34,25.44,35.41,28.7,23.63,20.13,21.21,21.7,20.37,20.5,26.96,23.12,34.45,24.58,28.93,25.42,22.03,23.84,28.07,26.77,21.76,24.65,19.97,29.23,30.04,28.64,39.48,36.8,26.14,32.74,24.57,38.05,39.32,25.34,33.17,22.86,31.44,24.4,33.3,24.39,26.54,38.25,33.5,36.36,35.79,35.85,43.39
5.22,16.63,30.82,36.22,10.78,29.59,23.94,24.97,14.28,31.83,28.76,31.67,4.89,16.46,32.69,30.07,14.12,28.69,15.94,32.2,33.11,26.15,21.91,31.26,19.81,27.57,32.41,12.52,16.47,29.31,33.78,28.66,36.63,34.29,26.52,33.98,15.27,26.7,27.45,34.17,27.93,33.89,38.2,19.32,27.85,32.8,35.02,36.87,27.26,27.31,28.89,29.87,17.7,29.57,27.59,29.3,22.88,35.56,25.79,35.3,18.57,35.63,20.74,30.59,16.57,22.2,32.46,32.81,32.15,34.36,33.55,24.84,28.86,25.08,27.99,31.3,18.31,28.05,27.76,31.46,26.04,29.94,30.76,28.71,25.96,30.8,29.41,21.79,33.11,28.35,24.24,24.76,25.1,31.52,29.04,35.67,13.8,16.62,17.94,28.7,27.16,19.18,32.25,26.37,27.61,29.83,22.3,20.95,23.74,23.16,21.05,14.76,35.23,23.29,20.84,19.43,28.79,24.55,15.13,15.54,14.73,14.72,16.34,18.77,15.05,19.92,16.73,17.79,19.72,16.97,16.76,14.3,11.58,13.94,13.55,18.63,15.38,13.37,14.39,14.87,14.4,10.43,18.0,10.6,13.14,10.76,17.04,13.1,14.55,18.46,15.03,36.27,33.97,33.62,35.1,32.24,33.69,30.54,33.22,31.25,30.38,33.56,36.19,33.25,28.82,32.75,30.1,7.86,6.85,9.45,9.99,8.22,3.87,3.5,5.91,11.3,9.61,9.47,3.76,10.51,10.0,13.73,8.31,6.65,4.96,7.95,5.99,0.0,3.89,9.93,6.42,2.86,6.18,5.03,4.02,11.25,2.79,7.19,8.34,9.99,9.64,6.77,10.23,19.17,14.93,14.1,14.24,15.03,15.43,15.22,15.44,14.19,14.05,12.62,12.62,14.35,24.37,10.71,19.85,7.6,15.25,11.38,17.36,13.65,15.13,7.94,15.26,9.97,12.73,10.48,11.21,16.55,10.44,13.22,14.93,8.23,11.54,11.82,18.43,28.15,27.51,29.89,29.06,29.75,32.67,24.77,24.19,30.59,26.56,29.74,27.67,31.9,27.28,32.89,28.43,26.72,9.77,31.73,30.16,30.91,28.28,29.56,30.83,36.65,28.92,29.63,28.49,32.87,27.0,28.56,29.67,29.29,23.5,25.28,28.15,25.72,34.4,37.34,35.75,31.04,22.64,24.11,17.97,23.65,23.91,22.62,24.33,24.4,17.09,19.29,22.39,32.36,25.64,20.58,17.08,18.15,18.64,17.31,17.45,23.9,20.07,31.4,21.52,25.87,22.36,18.97,20.78,25.01,23.71,18.7,21.6,16.92,26.18,26.98,25.58,36.42,33.74,23.09,29.68,21.52,35.0,36.26,22.29,30.11,19.8,28.38,21.35,30.24,21.34,23.48,35.19,30.44,33.3,32.74,32.8,40.33
3.08,16.77,30.96,36.36,10.91,29.73,24.08,25.11,14.42,31.97,28.9,31.81,5.02,16.6,32.83,30.21,14.26,28.83,16.08,32.34,33.25,26.29,22.05,31.4,19.94,27.71,32.54,12.66,16.61,29.45,33.92,28.8,36.77,34.43,26.66,34.12,15.41,26.83,27.59,34.31,28.07,34.03,38.34,19.46,27.98,32.94,35.16,37.01,27.4,27.45,29.03,30.01,17.83,29.71,27.73,29.44,23.02,35.7,25.93,35.44,18.71,35.77,20.88,30.72,16.7,22.34,32.6,32.94,32.29,34.5,33.69,24.98,29.0,25.22,28.13,31.44,18.45,28.19,27.9,31.6,26.18,30.08,30.9,28.85,26.1,30.94,29.55,21.93,33.25,28.48,24.38,24.9,25.24,31.66,29.18,35.81,13.94,16.6,18.08,28.83,27.3,19.32,32.39,26.51,27.74,29.97,22.44,21.09,23.88,23.29,21.19,14.9,35.37,23.43,20.98,19.56,28.93,24.69,15.27,15.52,14.87,14.85,16.32,18.91,15.19,20.06,16.87,17.93,19.85,17.1,13.44,12.16,11.72,13.76,10.22,18.77,13.24,13.51,14.37,14.85,11.08,10.56,18.14,10.74,9.82,10.9,13.71,13.24,12.42,18.6,15.01,36.41,34.11,33.76,35.24,32.38,33.83,30.68,33.36,31.39,30.52,33.7,36.33,33.39,28.96,32.88,30.24,5.72,6.99,5.95,7.85,4.9,2.55,4.46,6.05,7.98,6.29,6.15,1.62,8.37,7.86,10.41,8.45,3.33,1.07,8.09,3.85,3.89,0.0,6.12,6.56,3.82,2.86,3.05,3.88,7.93,1.47,7.33,6.2,7.86,9.78,4.63,6.91,19.31,15.07,14.24,14.38,15.16,15.57,15.36,15.58,14.33,14.18,10.48,12.76,14.49,24.35,10.85,19.99,7.74,15.39,11.52,17.5,13.79,15.27,8.08,15.4,10.1,12.87,10.61,11.35,16.69,8.3,13.36,15.07,8.37,11.68,11.96,18.56,28.29,27.65,30.03,29.2,29.89,32.81,24.91,24.33,30.73,26.7,29.88,27.8,32.04,27.42,33.03,28.57,26.86,7.63,31.87,30.3,31.05,28.42,29.7,30.96,36.78,29.06,29.76,28.63,33.01,27.13,28.7,29.81,29.43,23.64,25.41,28.29,25.86,34.54,37.48,35.89,31.18,22.78,24.25,18.11,23.79,24.05,22.76,24.46,24.54,17.23,19.43,22.53,32.49,25.78,20.72,17.21,18.29,18.78,17.45,17.58,24.04,20.21,31.53,21.66,26.01,22.5,19.11,20.92,25.15,23.85,18.84,21.74,17.06,26.32,27.12,25.72,36.56,33.88,23.23,29.82,21.66,35.14,36.4,22.42,30.25,19.94,28.52,21.48,30.38,21.48,23.62,35.33,30.58,33.44,32.88,32.93,40.47
9.21,16.82,31.02,36.42,10.97,29.78,24.14,25.16,14.48,32.02,28.95,31.87,5.08,16.66,32.88,30.27,11.84,28.88,16.14,32.4,33.31,26.34,22.11,31.45,20.0,27.77,32.6,12.72,13.09,29.5,33.98,28.86,36.83,34.49,26.72,34.17,15.47,26.89,27.65,34.37,28.12,34.09,38.4,19.51,28.04,33.0,35.21,37.06,27.46,27.5,29.09,30.06,13.25,29.76,27.78,29.5,23.07,35.75,25.98,35.5,16.29,35.83,20.94,30.78,14.29,22.4,32.65,33.0,32.35,34.55,33.75,25.04,29.06,25.27,28.18,31.49,16.03,28.24,27.96,31.66,26.24,30.13,30.96,28.91,26.15,31.0,29.61,21.98,33.31,28.54,24.43,24.95,25.29,31.71,29.23,35.87,14.0,11.82,15.67,28.89,27.36,19.38,32.45,26.57,27.8,30.03,22.5,21.14,23.93,23.35,16.97,14.96,35.42,23.48,21.04,19.62,28.99,24.74,12.86,10.74,12.45,12.44,11.53,18.96,12.77,15.93,14.45,15.51,19.91,17.16,8.66,7.38,9.14,8.98,5.44,18.82,8.46,11.1,9.59,10.07,6.3,8.15,18.19,8.33,5.04,8.49,8.93,10.83,7.64,18.65,10.23,36.47,34.17,33.82,35.29,32.44,33.89,30.74,33.42,31.45,30.58,33.76,36.38,33.45,29.02,32.94,30.29,11.85,3.31,0.92,13.98,2.57,8.67,8.67,4.8,5.0,1.51,3.17,7.74,14.5,13.98,7.43,6.03,2.79,5.05,2.15,9.97,9.93,6.12,0.0,6.62,7.49,3.93,4.6,6.19,3.14,7.59,4.92,12.32,13.98,7.36,10.75,3.93,19.37,15.13,14.3,14.44,15.22,15.63,15.42,15.64,14.38,14.24,17.14,12.81,14.55,19.57,10.9,20.04,7.8,15.44,11.58,17.55,13.85,15.33,8.14,15.46,10.16,12.92,10.67,11.4,16.74,14.42,13.42,15.13,8.42,11.73,12.02,18.62,28.34,27.7,30.08,29.26,29.94,32.86,24.97,24.39,30.79,26.76,29.94,27.86,32.1,27.47,33.09,28.62,26.92,13.75,31.93,30.36,31.11,28.48,29.76,31.02,36.84,29.12,29.82,28.68,33.07,27.19,28.76,29.87,29.49,23.69,25.47,28.35,25.92,34.6,37.54,35.94,31.24,22.83,24.3,18.17,23.85,24.1,22.82,24.52,24.59,17.29,19.48,22.58,32.55,25.84,20.77,17.27,18.34,18.84,17.51,17.64,24.1,20.26,31.59,21.72,26.07,22.56,19.17,20.98,25.21,23.91,18.9,21.79,17.11,26.37,27.18,25.77,36.62,33.93,23.28,29.88,21.71,35.19,36.46,22.48,30.31,20.0,28.58,21.54,30.44,21.53,23.68,35.39,30.64,33.5,32.93,32.99,40.52
8.72,10.34,24.53,29.93,4.48,23.3,17.65,18.67,7.99,25.53,22.47,25.38,1.54,10.17,26.4,23.78,10.81,22.4,9.65,25.91,26.82,19.85,15.62,24.96,13.51,21.28,26.11,6.23,13.16,23.01,27.49,22.37,30.34,28.0,20.23,27.68,8.98,20.4,21.16,27.88,21.64,27.6,31.91,13.02,21.55,26.51,28.72,30.57,20.97,21.01,22.6,23.57,14.38,23.27,21.29,23.01,16.58,29.26,19.49,29.01,15.4,29.34,14.45,24.29,14.37,15.91,26.16,26.51,25.86,28.06,27.26,18.55,22.57,18.78,21.7,25.0,15.61,21.75,21.47,25.17,19.75,23.64,24.47,22.42,19.66,24.51,23.12,15.49,26.82,22.05,17.94,18.46,18.8,25.22,22.74,29.38,7.51,13.3,14.63,22.4,20.87,12.89,25.96,20.08,21.31,23.54,16.01,14.66,17.44,16.86,14.75,8.47,28.94,16.99,14.55,13.13,22.5,18.25,11.82,12.23,11.41,11.4,13.02,12.48,11.74,13.62,13.42,14.83,13.42,10.67,14.13,10.98,8.27,10.63,10.97,12.34,12.07,10.06,11.08,11.56,11.83,7.11,11.71,7.29,10.56,7.45,14.46,9.79,11.24,12.16,11.72,29.98,27.68,27.33,28.8,25.95,27.4,24.25,26.93,24.96,24.09,27.27,29.9,26.96,22.53,26.45,23.8,11.36,3.54,6.14,12.93,6.89,7.36,5.16,2.6,9.97,7.03,8.13,7.26,14.01,13.96,12.4,5.0,5.32,5.49,4.64,9.48,6.42,6.56,6.62,0.0,3.98,4.84,3.69,2.68,8.67,6.29,3.88,11.83,12.77,6.32,10.26,8.9,12.88,8.64,7.81,7.95,8.73,9.14,8.93,9.15,7.89,7.75,10.65,6.32,8.06,21.06,4.42,13.55,1.31,8.95,5.09,11.06,7.36,8.84,1.65,8.97,3.67,6.43,4.18,4.91,10.25,12.01,6.93,8.64,1.93,5.25,5.53,12.13,21.85,21.22,23.59,22.77,23.46,26.37,18.48,17.9,24.3,20.27,23.45,21.37,25.61,20.98,26.6,22.13,20.43,13.26,25.44,23.87,24.62,21.99,23.27,24.53,30.35,22.63,23.33,22.19,26.58,20.7,22.27,23.38,23.0,17.2,18.98,21.86,19.43,28.11,31.05,29.46,24.75,16.34,17.81,11.68,17.36,17.62,16.33,18.03,18.1,10.8,12.99,16.09,26.06,19.35,14.28,10.78,11.86,12.35,11.02,11.15,17.61,13.78,25.1,15.23,19.58,16.07,12.68,14.49,18.72,17.42,12.41,15.3,10.62,19.88,20.69,19.29,30.13,27.44,16.79,23.39,15.22,28.7,29.97,15.99,23.82,13.51,22.09,15.05,23.95,15.04,17.19,28.9,24.15,27.01,26.44,26.5,34.04
5.15,14.19,28.38,33.78,8.34,27.15,21.5,22.53,11.84,29.39,26.32,29.23,2.45,14.02,30.25,27.63,11.68,26.25,13.5,29.76,30.67,23.71,19.47,28.82,17.37,25.13,29.97,10.08,14.03,26.87,31.34,26.22,34.19,31.85,24.08,31.54,12.83,24.25,25.01,31.73,25.49,31.45,35.76,16.88,25.4,30.36,32.58,34.43,24.82,24.87,26.45,27.43,15.25,27.13,25.15,26.86,20.44,33.12,23.35,32.86,16.13,33.19,18.3,28.14,14.12,19.76,30.02,30.37,29.71,31.92,31.11,22.4,26.42,22.64,25.55,28.86,15.87,25.61,25.32,29.02,23.6,27.5,28.32,26.27,23.52,28.36,26.97,19.35,30.67,25.91,21.8,22.32,22.66,29.08,26.6,33.23,11.36,14.18,15.5,26.25,24.72,16.74,29.81,23.93,25.16,27.39,19.86,18.51,21.3,20.71,18.61,12.32,32.79,20.85,18.4,16.98,26.35,22.11,12.69,13.1,12.29,12.28,13.89,16.33,12.61,17.48,14.29,15.35,17.27,14.52,14.32,11.86,9.14,11.5,11.11,16.19,12.94,10.93,11.95,12.43,11.96,7.98,15.56,8.16,10.7,8.32,14.6,10.66,12.11,16.02,12.59,33.83,31.53,31.18,32.66,29.8,31.25,28.1,30.78,28.81,27.94,31.12,33.75,30.81,26.38,30.31,27.66,7.79,4.41,7.01,9.92,5.78,3.79,1.59,3.47,8.86,7.17,7.03,3.69,10.44,9.92,11.29,5.87,4.21,4.39,5.51,5.91,2.86,3.82,7.49,3.98,0.0,3.74,2.59,1.58,8.81,2.72,4.75,8.26,9.92,7.2,6.69,7.79,16.73,12.49,11.66,11.8,12.59,12.99,12.78,13.0,11.75,11.61,12.54,10.18,11.91,21.93,8.27,17.41,5.16,12.81,8.94,14.92,11.21,12.69,5.5,12.82,7.53,10.29,8.03,8.77,14.11,10.36,10.78,12.49,5.79,9.1,9.38,15.99,25.71,25.07,27.45,26.62,27.31,30.23,22.33,21.75,28.15,24.12,27.3,25.23,29.46,24.84,30.45,25.99,24.28,9.7,29.29,27.72,28.47,25.84,27.12,28.38,34.21,26.48,27.18,26.05,30.43,24.55,26.12,27.23,26.85,21.06,22.83,25.71,23.28,31.96,34.9,33.31,28.6,20.2,21.67,15.53,21.21,21.47,20.18,21.89,21.96,14.65,16.85,19.95,29.92,23.2,18.14,14.64,15.71,16.2,14.87,15.0,21.46,17.63,28.96,19.08,23.43,19.92,16.53,18.34,22.57,21.27,16.26,19.16,14.48,23.74,24.54,23.14,33.98,31.3,20.65,27.24,19.08,32.56,33.82,19.84,27.67,17.36,25.94,18.9,27.8,18.9,21.04,32.75,28.0,30.86,30.3,30.36,37.89
5.94,15.05,29.24,34.64,9.19,28.01,22.36,23.38,12.7,30.25,27.18,30.09,3.3,14.88,31.11,28.49,12.54,27.11,14.36,30.62,31.53,24.57,20.33,29.68,18.22,25.99,30.82,10.94,15.67,27.73,32.2,27.08,35.05,32.71,24.94,32.4,13.69,25.11,25.87,32.59,26.35,32.31,36.62,17.74,26.26,31.22,33.44,35.29,25.68,25.73,27.31,28.29,15.84,27.98,26.0,27.72,21.3,33.98,24.21,33.72,16.99,34.05,19.16,29.0,14.98,20.62,30.88,31.22,30.57,32.78,31.97,23.26,27.28,23.5,26.41,29.72,16.73,26.46,26.18,29.88,24.46,28.36,29.18,27.13,24.38,29.22,27.83,20.21,31.53,26.76,22.66,23.18,23.51,29.93,27.46,34.09,12.22,14.4,16.36,27.11,25.58,17.6,30.67,24.79,26.02,28.25,20.72,19.37,22.16,21.57,19.46,13.18,33.65,21.71,19.26,17.84,27.21,22.97,13.55,13.33,13.14,13.13,14.12,17.19,13.47,18.34,15.15,16.21,18.13,15.38,11.25,9.97,10.0,11.57,8.03,17.05,11.05,11.79,12.18,12.66,8.89,8.84,16.42,9.02,7.63,9.18,11.52,11.52,10.23,16.87,12.82,34.69,32.39,32.04,33.52,30.66,32.11,28.96,31.64,29.67,28.8,31.98,34.61,31.67,27.24,31.16,28.52,8.58,5.27,3.75,10.71,2.71,5.4,4.91,4.33,5.79,4.09,3.95,4.48,11.23,10.71,8.22,6.73,1.14,1.78,4.98,6.7,6.18,2.86,3.93,4.84,3.74,0.0,1.33,2.16,5.73,4.33,5.61,9.05,10.71,8.06,7.48,4.72,17.59,13.35,12.52,12.66,13.44,13.85,13.64,13.86,12.61,12.46,13.33,11.04,12.77,22.16,9.13,18.27,6.02,13.67,9.8,15.78,12.07,13.55,6.36,13.68,8.38,11.15,8.89,9.63,14.97,11.15,11.64,13.35,6.64,9.96,10.24,16.84,26.57,25.93,28.31,27.48,28.17,31.09,23.19,22.61,29.01,24.98,28.16,26.08,30.32,25.7,31.31,26.85,25.14,10.49,30.15,28.58,29.33,26.7,27.98,29.24,35.06,27.34,28.04,26.91,31.29,25.41,26.98,28.09,27.71,21.91,23.69,26.57,24.14,32.82,35.76,34.17,29.46,21.06,22.53,16.39,22.07,22.33,21.04,22.74,22.81,15.51,17.71,20.81,30.77,24.06,19.0,15.49,16.57,17.06,15.73,15.86,22.32,18.49,29.81,19.94,24.29,20.78,17.39,19.2,23.43,22.13,17.12,20.01,15.34,24.6,25.4,24.0,34.84,32.16,21.51,28.1,19.94,33.42,34.68,20.7,28.53,18.22,26.8,19.76,28.66,19.75,21.9,33.61,28.86,31.72,31.16,31.21,38.75
6.13,13.9,28.09,33.49,8.04,26.86,21.21,22.23,11.55,29.1,26.03,28.94,2.15,13.73,29.96,27.34,11.39,25.96,13.21,29.47,30.38,23.41,19.18,28.52,17.07,24.84,29.67,9.79,13.74,26.57,31.05,25.93,33.9,31.56,23.79,31.25,12.54,23.96,24.72,31.44,25.2,31.16,35.47,16.58,25.11,30.07,32.28,34.14,24.53,24.58,26.16,27.14,14.96,26.83,24.85,26.57,20.15,32.83,23.06,32.57,15.84,32.9,18.01,27.85,13.83,19.47,29.72,30.07,29.42,31.62,30.82,22.11,26.13,22.34,25.26,28.56,15.58,25.31,25.03,28.73,23.31,27.21,28.03,25.98,23.22,28.07,26.68,19.06,30.38,25.61,21.51,22.02,22.36,28.78,26.31,32.94,11.07,13.88,15.21,25.96,24.43,16.45,29.52,23.64,24.87,27.1,19.57,18.22,21.0,20.42,18.31,12.03,32.5,20.56,18.11,16.69,26.06,21.82,12.4,12.81,11.99,11.98,13.6,16.04,12.31,17.18,14.0,15.06,16.98,14.23,11.91,10.63,8.85,11.21,8.7,15.9,11.72,10.64,11.66,12.14,9.55,7.69,15.27,7.87,8.29,8.03,12.18,10.37,10.89,15.72,12.3,33.54,31.24,30.89,32.37,29.51,30.96,27.81,30.49,28.52,27.65,30.83,33.46,30.52,26.09,30.01,27.37,8.77,4.12,4.42,10.9,3.37,5.6,3.76,3.18,6.45,4.76,4.62,4.67,11.42,10.91,8.88,5.58,1.8,1.98,5.22,6.9,5.03,3.05,4.6,3.69,2.59,1.33,0.0,1.01,6.4,4.52,4.46,9.25,10.9,6.9,7.68,5.38,16.44,12.2,11.37,11.51,12.29,12.7,12.49,12.71,11.46,11.31,14.21,9.89,11.62,21.64,7.98,17.11,4.87,12.52,8.65,14.62,10.92,12.4,5.21,12.53,7.23,9.99,7.74,8.48,13.81,11.35,10.49,12.2,5.49,8.81,9.09,15.69,25.42,24.78,27.16,26.33,27.02,29.94,22.04,21.46,27.86,23.83,27.01,24.93,29.17,24.55,30.16,25.69,23.99,10.68,29.0,27.43,28.18,25.55,26.83,28.09,33.91,26.19,26.89,25.76,30.14,24.26,25.83,26.94,26.56,20.76,22.54,25.42,22.99,31.67,34.61,33.02,28.31,19.91,21.38,15.24,20.92,21.18,19.89,21.59,21.66,14.36,16.56,19.66,29.62,22.91,17.85,14.34,15.42,15.91,14.58,14.71,21.17,17.34,28.66,18.79,23.14,19.63,16.24,18.05,22.28,20.98,15.97,18.86,14.19,23.44,24.25,22.85,33.69,31.01,20.36,26.95,18.79,32.26,33.53,19.55,27.38,17.07,25.65,18.61,27.51,18.6,20.75,32.46,27.71,30.57,30.0,30.06,37.6
6.32,12.89,27.08,32.49,7.04,25.85,20.2,21.23,10.54,28.09,25.02,27.93,1.15,12.72,28.95,26.33,10.38,24.95,12.2,28.46,29.37,22.41,18.17,27.52,16.07,23.84,28.67,8.78,12.74,25.57,30.05,24.92,32.89,30.55,22.78,30.24,11.53,22.96,23.72,30.43,24.19,30.16,34.46,15.58,24.11,29.06,31.28,33.13,23.52,23.57,25.15,26.13,13.96,25.83,23.85,25.56,19.14,31.82,22.05,31.56,14.83,31.89,17.0,26.85,12.83,18.46,28.72,29.07,28.41,30.62,29.81,21.1,25.13,21.34,24.25,27.56,14.57,24.31,24.02,27.72,22.3,26.2,27.02,24.97,22.22,27.06,25.67,18.05,29.37,24.61,20.5,21.02,21.36,27.78,25.3,31.93,10.06,12.88,14.21,24.96,23.43,15.45,28.51,22.63,23.87,26.1,18.56,17.21,20.0,19.42,17.31,11.02,31.49,19.55,17.11,15.69,25.05,20.81,11.39,11.8,10.99,10.98,12.6,15.03,11.31,16.18,12.99,14.05,15.98,13.23,12.74,10.56,7.84,10.2,9.52,14.89,11.64,9.63,10.65,11.13,10.38,6.69,14.26,6.87,9.12,7.02,13.01,9.36,10.82,14.72,11.29,32.53,30.23,29.88,31.36,28.5,29.96,26.8,29.49,27.51,26.64,29.83,32.45,29.51,25.08,29.01,26.36,8.96,3.11,5.72,11.09,4.2,4.96,2.76,2.17,7.28,5.59,5.45,4.85,11.6,11.09,9.71,4.57,2.63,2.81,4.21,7.08,4.02,3.88,6.19,2.68,1.58,2.16,1.01,0.0,7.23,3.88,3.45,9.43,11.09,5.9,7.86,6.21,15.43,11.2,10.36,10.5,11.29,11.69,11.48,11.7,10.45,10.31,13.2,8.88,10.61,20.63,6.97,16.11,3.86,11.51,7.64,13.62,9.91,11.39,4.2,11.52,6.23,8.99,6.74,7.47,12.81,11.53,9.48,11.19,4.49,7.8,8.08,14.69,24.41,23.77,26.15,25.32,26.01,28.93,21.03,20.45,26.85,22.82,26.0,23.93,28.17,23.54,29.16,24.69,22.98,10.86,27.99,26.42,27.17,24.54,25.83,27.09,32.91,25.18,25.89,24.75,29.13,23.26,24.82,25.94,25.55,19.76,21.54,24.41,21.98,30.67,33.6,32.01,27.3,18.9,20.37,14.23,19.91,20.17,18.88,20.59,20.66,13.35,15.55,18.65,28.62,21.9,16.84,13.34,14.41,14.91,13.57,13.71,20.16,16.33,27.66,17.78,22.13,18.62,15.23,17.04,21.27,19.97,14.96,17.86,13.18,22.44,23.24,21.84,32.68,30.0,19.35,25.95,17.78,31.26,32.52,18.55,26.37,16.06,24.64,17.61,26.5,17.6,19.74,31.46,26.7,29.56,29.0,29.06,36.59
11.01,18.88,33.07,38.47,13.02,31.84,26.19,27.21,16.53,34.08,31.01,33.92,7.13,18.71,34.94,32.32,13.89,30.94,18.19,34.45,35.36,28.4,24.16,33.51,22.05,29.82,34.65,14.77,13.55,31.55,36.03,30.91,38.88,36.54,28.77,36.23,17.52,28.94,29.7,36.42,30.18,36.14,40.45,21.56,30.09,35.05,37.27,39.12,29.51,29.56,31.14,32.12,13.71,31.81,29.83,31.55,25.13,37.81,28.04,37.55,18.34,37.88,22.99,32.83,16.34,24.45,34.71,35.05,34.4,36.6,35.8,27.09,31.11,27.33,30.24,33.54,17.47,30.29,30.01,33.71,28.29,32.19,33.01,30.96,28.2,33.05,31.66,24.04,35.36,30.59,26.49,27.01,27.34,33.76,31.29,37.92,16.05,12.28,17.1,30.94,29.41,21.43,34.5,28.62,29.85,32.08,24.55,23.2,25.99,25.4,18.49,17.01,37.48,25.54,23.09,21.67,31.04,26.8,14.91,11.2,14.5,14.49,12.0,21.02,14.82,17.99,16.5,17.57,18.53,19.21,6.95,7.84,9.6,9.44,2.73,20.88,8.92,13.15,10.05,10.53,4.59,10.2,20.25,10.21,5.5,10.54,7.22,12.88,8.1,20.7,10.69,38.52,36.22,35.87,37.35,34.49,35.94,32.79,35.47,33.5,32.63,35.81,38.44,35.5,31.07,34.99,32.35,13.65,5.36,2.97,15.78,3.03,10.47,9.98,6.86,3.51,1.64,3.63,9.55,16.3,15.78,5.94,8.08,4.6,6.86,4.2,11.77,11.25,7.93,3.14,8.67,8.81,5.73,6.4,7.23,0.0,9.4,6.97,14.12,15.78,9.41,12.55,1.94,21.42,17.18,16.35,16.49,17.27,17.68,17.47,17.69,16.44,16.29,18.4,14.87,16.6,17.8,12.96,22.1,9.85,17.5,13.63,19.61,15.9,17.38,10.19,17.51,12.21,14.97,12.72,13.46,18.79,16.23,15.47,17.18,10.47,13.79,14.07,20.67,30.4,29.76,32.14,31.31,32.0,34.92,27.02,26.44,32.84,28.81,31.99,29.91,34.15,29.53,35.14,30.68,28.97,15.56,33.98,32.41,33.16,30.53,31.81,33.07,38.89,31.17,31.87,30.74,35.12,29.24,30.81,31.92,31.54,25.74,27.52,30.4,27.97,36.65,39.59,38.0,33.29,24.89,26.36,20.22,25.9,26.16,24.87,26.57,26.64,19.34,21.54,24.64,34.6,27.89,22.83,19.32,20.4,20.89,19.56,19.69,26.15,22.32,33.64,23.77,28.12,24.61,21.22,23.03,27.26,25.96,20.95,23.84,19.17,28.43,29.23,27.83,38.67,35.99,25.34,31.93,23.77,37.24,38.51,24.53,32.36,22.05,30.63,23.59,32.49,23.58,25.73,37.44,32.69,35.55,34.98,35.04,42.58
2.8,16.49,30.68,36.09,10.64,29.45,23.8,24.83,14.14,31.69,28.62,31.53,4.75,16.33,32.55,29.94,13.98,28.55,15.8,32.06,32.97,26.01,21.77,31.12,19.67,27.44,32.27,12.38,16.34,29.17,33.65,28.52,36.49,34.15,26.38,33.84,15.13,26.56,27.32,34.03,27.79,33.76,38.06,19.18,27.71,32.67,34.88,36.73,27.12,27.17,28.75,29.73,17.56,29.43,27.45,29.17,22.74,35.42,25.65,35.16,18.43,35.5,20.61,30.45,16.43,22.06,32.32,32.67,32.01,34.22,33.41,24.7,28.73,24.94,27.85,31.16,18.17,27.91,27.62,31.32,25.9,29.8,30.62,28.58,25.82,30.66,29.27,21.65,32.97,28.21,24.1,24.62,24.96,31.38,28.9,35.53,13.67,16.48,17.81,28.56,27.03,19.05,32.12,26.23,27.47,29.7,22.16,20.81,23.6,23.02,20.91,14.62,35.09,23.15,20.71,19.29,28.65,24.41,14.99,15.41,14.59,14.58,16.2,18.63,14.91,19.78,16.59,17.65,19.58,16.83,14.91,13.63,11.44,13.8,11.69,18.49,14.71,13.24,14.25,14.73,12.55,10.29,17.86,10.47,11.29,10.63,15.18,12.96,13.89,18.32,14.89,36.13,33.83,33.48,34.96,32.1,33.56,30.4,33.09,31.11,30.24,33.43,36.05,33.11,28.68,32.61,29.96,5.44,6.71,7.42,7.57,6.37,1.08,3.36,5.77,9.45,7.76,7.62,1.34,8.09,7.58,11.88,8.17,4.8,2.54,7.81,3.57,2.79,1.47,7.59,6.29,2.72,4.33,4.52,3.88,9.4,0.0,7.05,5.92,7.58,9.5,4.35,8.38,19.03,14.8,13.96,14.11,14.89,15.29,15.08,15.3,14.05,13.91,10.2,12.48,14.22,24.23,10.57,19.71,7.47,15.11,11.24,17.22,13.51,14.99,7.8,15.12,9.83,12.59,10.34,11.07,16.41,8.02,13.08,14.79,8.09,11.4,11.68,18.29,28.01,27.37,29.75,28.92,29.61,32.53,24.63,24.06,30.45,26.42,29.6,27.53,31.77,27.14,32.76,28.29,26.58,7.35,31.59,30.02,30.77,28.14,29.43,30.69,36.51,28.79,29.49,28.35,32.74,26.86,28.42,29.54,29.15,23.36,25.14,28.01,25.59,34.27,37.2,35.61,30.9,22.5,23.97,17.83,23.51,23.77,22.49,24.19,24.26,16.96,19.15,22.25,32.22,25.5,20.44,16.94,18.01,18.51,17.18,17.31,23.76,19.93,31.26,21.38,25.73,22.22,18.83,20.64,24.87,23.57,18.56,21.46,16.78,26.04,26.84,25.44,36.28,33.6,22.95,29.55,21.38,34.86,36.12,22.15,29.98,19.66,28.24,21.21,30.1,21.2,23.34,35.06,30.3,33.16,32.6,32.66,40.19
9.49,14.08,28.28,33.68,8.23,27.04,21.4,22.42,11.74,29.28,26.21,29.13,2.34,13.92,30.14,27.53,6.93,26.14,13.4,29.66,30.57,23.6,19.37,28.71,17.26,25.03,29.86,9.97,9.28,26.76,31.24,26.12,34.09,31.75,23.97,31.43,12.73,24.15,24.91,31.63,25.38,31.35,35.66,16.77,25.3,30.26,32.47,34.32,24.72,24.76,26.35,27.32,10.5,27.02,25.04,26.76,20.33,33.01,23.24,32.76,11.38,33.09,18.2,28.04,9.37,19.66,29.91,30.26,29.61,31.81,31.01,22.3,26.32,22.53,25.44,28.75,11.12,25.5,25.22,28.92,23.5,27.39,28.22,26.17,23.41,28.26,26.87,19.24,30.57,25.8,21.69,22.21,22.55,28.97,26.49,33.13,11.26,9.42,10.75,26.15,24.62,16.64,29.71,23.83,25.06,27.29,19.76,18.4,21.19,20.61,12.06,12.22,32.68,20.74,18.3,16.88,26.25,22.0,7.94,8.35,7.54,7.52,9.14,11.67,7.86,11.02,9.54,10.6,12.86,14.42,10.25,7.1,4.39,6.75,9.5,14.1,8.19,6.18,7.2,7.68,9.41,3.23,12.8,3.41,8.11,3.57,11.29,5.91,7.36,15.91,7.84,33.73,31.43,31.08,32.55,29.69,31.15,27.99,30.68,28.71,27.84,31.02,33.64,30.71,26.28,30.2,27.55,12.13,1.83,4.44,14.26,6.39,8.13,5.93,2.06,8.82,5.33,6.99,8.02,14.77,14.26,11.25,1.12,6.08,6.26,2.93,10.25,7.19,7.33,4.92,3.88,4.75,5.61,4.46,3.45,6.97,7.05,0.0,12.6,14.26,2.45,11.03,7.75,16.63,12.39,11.56,11.7,12.48,12.89,12.68,12.9,11.64,11.5,14.4,10.07,11.81,17.18,8.16,17.3,5.06,12.7,8.84,14.81,11.11,12.59,5.4,12.72,7.42,10.18,7.93,8.66,14.0,15.76,10.68,12.39,5.68,8.99,9.28,15.88,25.6,24.96,27.34,26.52,27.2,30.12,22.23,21.65,28.05,24.02,27.2,25.12,29.36,24.73,30.35,25.88,24.18,14.03,29.19,27.62,28.37,25.74,27.02,28.28,34.1,26.38,27.08,25.94,30.33,24.45,26.02,27.13,26.75,20.95,22.73,25.61,23.18,31.86,34.8,33.2,28.5,20.09,21.56,15.43,21.11,21.36,20.08,21.78,21.85,14.55,16.74,19.84,29.81,23.1,18.03,14.53,15.6,16.1,14.77,14.9,21.35,17.52,28.85,18.97,23.33,19.82,16.43,18.24,22.47,21.17,16.16,19.05,14.37,23.63,24.44,23.03,33.88,31.19,20.54,27.14,18.97,32.45,33.72,19.74,27.57,17.26,25.84,18.8,27.7,18.79,20.93,32.65,27.9,30.76,30.19,30.25,37.78
3.85,22.04,36.23,41.63,16.18,35.0,29.35,30.37,19.69,37.23,34.17,37.08,10.29,21.87,38.1,35.48,19.52,34.1,21.35,37.61,38.52,31.55,27.32,36.66,25.21,32.98,37.81,17.93,21.88,34.71,39.19,34.07,42.04,39.7,31.93,39.38,20.68,32.1,32.86,39.58,33.34,39.3,43.61,24.72,33.25,38.21,40.42,42.28,32.67,32.71,34.3,35.27,23.1,34.97,32.99,34.71,28.28,40.96,31.19,40.71,23.98,41.04,26.15,35.99,21.97,27.61,37.86,38.21,37.56,39.76,38.96,30.25,34.27,30.48,33.4,36.7,23.72,33.45,33.17,36.87,31.45,35.35,36.17,34.12,31.36,36.21,34.82,27.19,38.52,33.75,29.64,30.16,30.5,36.92,34.44,41.08,19.21,22.02,23.35,34.1,32.57,24.59,37.66,31.78,33.01,35.24,27.71,26.36,29.14,28.56,26.45,20.17,40.64,28.69,26.25,24.83,34.2,29.95,20.54,20.95,20.13,20.12,21.74,24.18,20.45,25.32,22.14,23.2,25.12,22.37,19.64,18.36,16.99,19.35,16.42,24.04,19.44,18.78,19.8,20.28,17.28,15.83,23.41,16.01,16.02,16.17,19.91,18.51,18.62,23.86,20.44,41.68,39.38,39.03,40.51,37.65,39.1,35.95,38.63,36.66,35.79,38.97,41.6,38.66,34.23,38.15,35.5,2.43,12.26,12.14,9.77,11.1,6.99,8.9,11.31,14.18,12.48,12.34,4.69,5.07,9.78,16.61,13.71,9.53,7.27,13.35,2.75,8.34,6.2,12.32,11.83,8.26,9.05,9.25,9.43,14.12,5.92,12.6,0.0,9.77,15.04,1.57,13.11,24.58,20.34,19.51,19.65,20.43,20.84,20.63,20.85,19.59,19.45,12.39,18.02,19.76,29.78,16.12,25.25,13.01,20.65,16.79,22.76,19.06,20.54,13.35,20.67,15.37,16.56,15.88,16.61,21.95,10.22,18.63,20.34,13.63,16.95,17.23,23.83,33.56,32.92,35.29,34.47,35.16,38.08,30.18,29.6,36.0,31.97,35.15,33.07,37.31,32.68,38.3,33.83,32.13,9.55,37.14,35.57,36.32,33.69,34.97,36.23,42.05,34.33,35.03,33.89,38.28,32.4,33.97,35.08,34.7,28.9,30.68,33.56,31.13,39.81,42.75,41.16,36.45,28.04,29.51,23.38,29.06,29.32,28.03,29.73,29.8,22.5,24.69,27.79,37.76,31.05,25.98,22.48,23.56,24.05,22.72,22.85,29.31,25.48,36.8,26.93,31.28,27.77,24.38,26.19,30.42,29.12,24.11,27.0,22.32,31.58,32.39,30.99,41.83,39.15,28.5,35.09,26.92,40.4,41.67,27.69,35.52,25.21,33.79,26.75,35.65,26.74,28.89,40.6,35.85,38.71,38.14,38.2,44.83
6.66,14.21,28.4,33.81,11.0,27.17,21.53,22.55,11.86,29.41,26.34,29.25,11.95,14.05,30.27,27.66,21.18,26.27,13.53,29.78,30.69,23.73,19.49,28.84,17.39,25.16,29.99,10.1,26.48,26.89,31.37,26.25,34.21,31.87,24.1,31.56,12.85,24.28,25.04,31.75,25.51,31.48,35.78,16.9,25.43,30.39,32.6,34.45,24.84,24.89,26.48,27.45,27.7,27.15,25.17,26.89,20.46,33.14,23.37,32.88,20.2,33.22,18.33,28.17,19.18,19.78,30.04,30.39,29.73,31.94,31.14,22.42,26.45,22.66,25.57,28.88,20.41,25.63,25.34,29.04,23.63,27.52,28.34,26.3,23.54,28.38,26.99,19.37,30.69,25.93,21.82,22.34,22.68,29.1,26.62,33.25,11.39,25.81,20.71,26.28,24.75,16.77,29.84,23.95,25.19,27.42,19.88,18.53,21.32,20.74,19.56,12.34,32.81,20.87,18.43,17.01,26.37,22.13,22.2,24.73,21.79,21.78,24.92,17.28,20.53,18.43,20.39,19.63,18.22,15.47,21.3,20.02,18.65,21.01,18.08,17.14,21.1,20.44,25.31,25.79,18.94,17.49,16.51,17.67,17.68,17.83,21.57,20.17,20.27,16.97,24.22,33.86,31.56,31.21,32.68,29.82,31.28,28.12,30.81,28.83,27.96,31.15,33.77,30.83,26.4,30.33,27.68,9.3,13.92,13.8,2.82,12.76,8.65,10.56,12.97,15.84,14.14,14.0,6.35,11.95,2.82,18.26,15.37,11.19,8.93,15.01,7.42,9.99,7.86,13.98,12.77,9.92,10.71,10.9,11.09,15.78,7.58,14.26,9.77,0.0,16.7,8.2,14.77,16.75,12.52,12.22,11.83,12.61,13.01,12.8,13.02,11.77,11.63,2.74,11.13,12.86,33.49,8.32,17.43,12.31,13.76,9.53,14.94,12.16,13.64,12.0,12.84,9.1,6.9,10.68,7.95,14.13,0.76,10.8,13.44,12.29,10.05,10.33,16.01,25.73,25.09,27.47,26.64,27.33,30.25,22.35,21.78,28.17,24.14,27.32,25.25,29.49,24.86,30.48,26.01,24.31,2.78,29.32,27.74,28.5,25.86,27.15,28.41,34.23,26.51,27.21,26.07,30.46,24.58,26.14,27.26,26.88,21.08,22.86,25.73,23.31,31.99,34.93,33.33,28.63,20.22,21.69,15.55,21.23,21.49,20.21,21.91,21.98,14.68,16.87,19.97,29.94,23.23,18.16,14.66,15.73,16.23,14.9,15.03,21.48,17.65,28.98,19.1,23.45,19.94,16.56,18.36,22.59,21.3,16.29,19.18,14.5,23.76,24.56,23.16,34.0,31.32,20.67,27.27,19.1,32.58,33.84,19.87,27.7,17.39,25.97,18.93,27.83,18.92,21.06,32.78,28.02,30.89,30.32,30.38,37.91
11.93,16.53,30.72,36.13,10.68,29.49,23.84,24.87,14.18,31.73,28.66,31.57,4.79,16.36,32.59,29.97,4.48,28.59,15.84,32.1,33.01,26.05,21.81,31.16,19.71,27.48,32.31,12.42,6.84,29.21,33.69,28.56,36.53,34.19,26.42,33.88,15.17,26.6,27.36,34.07,27.83,33.8,38.1,19.22,27.75,32.7,34.92,36.77,27.16,27.21,28.79,29.77,8.06,29.47,27.49,29.21,22.78,35.46,25.69,35.2,8.93,35.53,20.64,30.49,6.93,22.1,32.36,32.71,32.05,34.26,33.45,24.74,28.77,24.98,27.89,31.2,8.67,27.95,27.66,31.36,25.94,29.84,30.66,28.61,25.86,30.7,29.31,21.69,33.01,28.25,24.14,24.66,25.0,31.42,28.94,35.57,13.7,7.76,8.31,28.6,27.07,19.09,32.16,26.27,27.51,29.74,22.2,20.85,23.64,23.06,9.61,14.66,35.13,23.19,20.75,19.33,28.69,24.45,5.49,7.82,5.09,5.08,6.48,9.23,5.41,8.57,7.09,8.15,10.42,11.23,9.72,6.57,3.85,6.22,8.97,11.65,7.65,3.74,6.66,7.14,8.87,2.7,10.36,2.88,7.58,1.13,10.76,3.47,6.83,11.95,7.3,36.17,33.87,33.52,35.0,32.14,33.6,30.44,33.13,31.15,30.28,33.47,36.09,33.15,28.72,32.65,30.0,14.57,4.28,6.88,16.7,8.83,10.58,8.37,4.51,11.27,7.78,9.44,10.47,17.22,16.7,13.7,1.5,8.53,8.7,5.38,12.69,9.64,9.78,7.36,6.32,7.2,8.06,6.9,5.9,9.41,9.5,2.45,15.04,16.7,0.0,13.47,10.2,19.07,14.84,14.0,14.14,14.93,15.33,15.12,15.34,14.09,13.95,16.84,12.52,14.25,16.64,10.61,19.75,7.5,15.15,11.28,17.26,13.55,12.3,7.84,15.16,9.87,12.63,10.38,11.11,16.45,18.2,13.12,14.83,8.13,11.44,11.72,18.33,28.05,27.41,29.79,28.96,29.65,32.57,24.67,24.09,30.49,26.46,29.64,27.57,31.81,27.18,32.8,28.33,26.62,16.48,31.63,30.06,30.81,28.18,29.47,30.73,36.55,28.82,29.53,28.39,32.77,26.9,28.46,29.58,29.19,23.4,25.18,28.05,25.62,34.31,37.24,35.65,30.94,22.54,24.01,17.87,23.55,23.81,22.52,24.23,24.3,16.99,19.19,22.29,32.26,25.54,20.48,16.98,18.05,18.55,17.21,17.35,23.8,19.97,31.3,21.42,25.77,22.26,18.87,20.68,24.91,23.61,18.6,21.5,16.82,26.08,26.88,25.48,36.32,33.64,22.99,29.59,21.42,34.9,36.16,22.19,30.01,19.7,28.28,21.25,30.14,21.24,23.38,35.1,30.34,33.2,32.64,32.7,40.23
2.28,20.47,34.66,40.06,14.61,33.43,27.78,28.8,18.12,35.67,32.6,35.51,8.72,20.3,36.53,33.91,17.96,32.53,19.78,36.04,36.95,29.98,25.75,35.1,23.64,31.41,36.24,16.36,20.31,33.14,37.62,32.5,40.47,38.13,30.36,37.82,19.11,30.53,31.29,38.01,31.77,37.73,42.04,23.15,31.68,36.64,38.85,40.71,31.1,31.14,32.73,33.71,21.53,33.4,31.42,33.14,26.72,39.4,29.62,39.14,22.41,39.47,24.58,34.42,20.4,26.04,36.29,36.64,35.99,38.19,37.39,28.68,32.7,28.91,31.83,35.13,22.15,31.88,31.6,35.3,29.88,33.78,34.6,32.55,29.79,34.64,33.25,25.63,36.95,32.18,28.08,28.59,28.93,35.35,32.88,39.51,17.64,20.45,21.78,32.53,31.0,23.02,36.09,30.21,31.44,33.67,26.14,24.79,27.58,26.99,24.88,18.6,39.07,27.13,24.68,23.26,32.63,28.39,18.97,19.38,18.56,18.55,20.17,22.61,18.89,23.75,20.57,21.63,23.55,20.8,18.07,16.79,15.42,17.78,14.85,22.47,17.87,17.21,18.23,18.71,15.71,14.26,21.84,14.44,14.45,14.6,18.34,16.94,17.05,22.29,18.87,40.11,37.81,37.46,38.94,36.08,37.53,34.38,37.06,35.09,34.22,37.4,40.03,37.09,32.66,36.58,33.94,1.1,10.69,10.57,8.2,9.53,5.42,7.33,9.75,12.61,10.92,10.78,3.12,3.74,8.21,15.04,12.15,7.96,5.7,11.79,1.18,6.77,4.63,10.75,10.26,6.69,7.48,7.68,7.86,12.55,4.35,11.03,1.57,8.2,13.47,0.0,11.54,23.01,18.77,17.94,18.08,18.86,19.27,19.06,19.28,18.03,17.88,10.83,16.46,18.19,28.21,14.55,23.68,11.44,19.09,15.22,21.2,17.49,18.97,11.78,19.1,13.8,14.99,14.31,15.05,20.38,8.65,17.06,18.77,12.06,15.38,15.66,22.26,31.99,31.35,33.73,32.9,33.59,36.51,28.61,28.03,34.43,30.4,33.58,31.5,35.74,31.12,36.73,32.26,30.56,7.98,35.57,34.0,34.75,32.12,33.4,34.66,40.48,32.76,33.46,32.33,36.71,30.83,32.4,33.51,33.13,27.33,29.11,31.99,29.56,38.24,41.18,39.59,34.88,26.48,27.95,21.81,27.49,27.75,26.46,28.16,28.23,20.93,23.12,26.22,36.19,29.48,24.42,20.91,21.99,22.48,21.15,21.28,27.74,23.91,35.23,25.36,29.71,26.2,22.81,24.62,28.85,27.55,22.54,25.43,20.76,30.01,30.82,29.42,40.26,37.58,26.93,33.52,25.36,38.83,40.1,26.12,33.95,23.64,32.22,25.18,34.08,25.17,27.32,39.03,34.28,37.14,36.57,36.63,43.5
9.99,19.1,33.29,38.7,13.25,32.06,26.42,27.44,16.75,34.3,31.23,34.14,7.36,18.94,35.16,32.55,14.78,31.16,18.41,34.67,35.58,28.62,24.38,33.73,22.28,30.05,34.88,14.99,14.33,31.78,36.26,31.14,39.1,36.76,28.99,36.45,17.74,29.17,29.93,36.64,30.4,36.37,40.67,21.79,30.32,35.28,37.49,39.34,29.73,29.78,31.37,32.34,14.5,32.04,30.06,31.78,25.35,38.03,28.26,37.77,19.13,38.11,23.22,33.06,17.13,24.67,34.93,35.28,34.62,36.83,36.03,27.31,31.34,27.55,30.46,33.77,18.25,30.52,30.23,33.93,28.52,32.41,33.23,31.19,28.43,33.27,31.88,24.26,35.58,30.82,26.71,27.23,27.57,33.99,31.51,38.14,16.28,13.06,17.89,31.17,29.64,21.66,34.73,28.84,30.08,32.31,24.77,23.42,26.21,25.63,19.27,17.23,37.7,25.76,23.32,21.9,31.26,27.02,15.69,11.99,15.29,15.28,12.78,21.24,15.61,18.77,17.29,18.35,19.32,19.44,9.91,8.63,10.39,10.23,6.69,21.1,9.71,13.94,10.84,11.32,7.55,10.99,20.47,11.0,6.29,11.33,10.18,13.67,8.88,20.93,11.48,38.75,36.45,36.09,37.57,34.71,36.17,33.01,35.7,33.72,32.85,36.04,38.66,35.72,31.29,35.22,32.57,12.63,6.15,3.75,14.76,2.01,9.46,8.97,7.64,2.7,1.39,1.58,8.53,15.28,14.77,5.12,8.87,3.58,5.84,4.99,10.76,10.23,6.91,3.93,8.9,7.79,4.72,5.38,6.21,1.94,8.38,7.75,13.11,14.77,10.2,11.54,0.0,21.64,17.41,16.57,16.72,17.5,17.9,17.69,17.91,16.66,16.52,17.39,15.09,16.83,20.82,13.18,22.32,10.08,17.72,13.85,19.83,16.12,17.6,10.41,17.73,12.44,15.2,12.95,13.68,19.02,15.21,15.69,17.4,10.7,14.01,14.29,20.9,30.62,29.98,32.36,31.53,32.22,35.14,27.24,26.67,33.06,29.03,32.21,30.14,34.38,29.75,35.37,30.9,29.2,14.54,34.21,32.63,33.39,30.75,32.04,33.3,39.12,31.4,32.1,30.96,35.35,29.47,31.03,32.15,31.76,25.97,27.75,30.62,28.2,36.88,39.82,38.22,33.52,25.11,26.58,20.44,26.12,26.38,25.1,26.8,26.87,19.57,21.76,24.86,34.83,28.12,23.05,19.55,20.62,21.12,19.79,19.92,26.37,22.54,33.87,23.99,28.34,24.83,21.44,23.25,27.48,26.18,21.18,24.07,19.39,28.65,29.45,28.05,38.89,36.21,25.56,32.16,23.99,37.47,38.73,24.76,32.59,22.28,30.86,23.82,32.72,23.81,25.95,37.67,32.91,35.78,35.21,35.27,42.8
21.47,9.41,18.07,23.47,11.11,15.17,9.52,10.95,5.47,17.81,14.74,17.25,14.29,7.44,18.67,16.06,22.82,14.27,1.46,18.19,19.1,12.13,7.49,17.24,11.41,14.82,17.98,6.65,22.37,16.56,19.77,15.91,22.62,20.28,13.77,19.96,8.06,12.68,13.44,19.75,13.91,19.88,24.18,11.78,13.83,18.79,20.6,22.85,14.51,12.89,14.88,15.85,23.59,15.55,13.16,15.29,8.46,21.54,13.04,21.29,17.01,21.62,6.01,16.57,15.99,7.46,18.04,18.38,17.73,20.34,19.54,12.09,14.44,10.66,8.6,17.28,17.22,14.03,13.75,17.45,13.29,15.52,16.34,9.24,13.21,16.79,14.99,9.04,18.69,9.74,9.35,10.34,9.94,17.09,9.2,21.66,6.59,21.7,17.52,14.68,12.74,4.45,17.83,11.95,13.18,15.41,7.57,6.21,9.0,7.71,16.37,7.55,21.21,6.8,6.11,4.69,7.49,6.53,23.56,20.63,19.41,18.88,20.82,14.09,17.34,15.24,17.2,16.44,15.03,12.28,26.29,23.15,22.79,22.79,25.55,13.95,24.23,19.22,21.2,21.69,25.45,19.86,13.32,23.41,24.15,20.2,27.34,25.32,23.41,13.78,20.11,21.85,19.55,19.2,20.68,17.82,19.27,16.12,18.8,16.83,15.96,19.14,22.17,18.83,14.4,18.73,15.68,24.11,16.29,18.89,16.91,19.63,20.11,17.91,15.34,22.71,19.78,20.88,20.0,26.75,17.94,25.14,17.74,18.06,18.24,17.38,22.23,19.17,19.31,19.37,12.88,16.73,17.59,16.44,15.43,21.42,19.03,16.63,24.58,16.75,19.07,23.01,21.64,0.0,6.07,8.06,7.67,7.88,8.29,3.67,4.55,5.05,7.48,14.7,8.42,9.67,29.34,10.56,3.8,12.48,11.72,7.86,2.63,10.12,10.45,12.17,8.69,9.27,10.48,10.86,8.94,3.41,16.06,7.35,10.25,12.46,10.22,9.8,3.76,15.4,14.76,17.14,16.31,16.46,19.38,11.48,10.9,17.3,13.27,16.45,14.37,18.61,13.98,19.6,15.13,13.43,19.48,18.44,16.87,17.62,14.99,16.27,17.53,23.35,10.47,11.17,11.34,15.57,10.66,10.1,10.83,12.47,10.75,12.53,15.4,12.98,21.11,24.05,22.46,17.75,15.49,16.96,10.07,15.26,16.76,15.48,16.75,16.01,9.57,4.62,14.0,23.97,18.5,13.43,9.55,8.9,11.5,4.74,5.7,16.75,12.92,23.01,14.37,17.48,15.22,11.83,12.39,16.62,16.57,4.03,14.45,9.29,17.79,19.84,18.43,23.13,20.99,12.1,16.94,13.13,22.25,23.51,9.54,17.36,10.4,19.97,8.6,17.49,9.7,10.73,22.45,17.69,20.55,19.99,20.05,27.58
17.23,4.73,18.92,24.32,6.87,19.01,13.37,14.39,1.34,21.25,18.18,21.1,10.05,4.56,22.11,19.5,18.77,18.11,4.1,21.62,22.54,15.57,11.34,20.68,7.9,15.67,21.83,2.6,18.32,17.4,23.21,16.76,26.06,23.72,14.62,23.4,3.37,16.12,16.88,23.59,17.35,23.32,27.62,7.41,17.27,22.23,24.44,26.29,15.36,16.73,18.32,19.29,19.54,18.99,17.01,18.73,12.3,24.98,13.89,24.73,12.96,25.06,7.57,20.01,11.94,9.03,21.88,22.23,21.57,23.78,22.98,12.94,18.29,14.5,10.17,20.72,13.17,17.47,17.19,20.89,14.14,19.36,20.19,10.8,14.05,20.23,18.84,9.89,22.54,17.77,13.66,14.18,14.52,20.94,10.77,25.1,1.9,17.65,13.47,18.12,16.59,6.01,21.68,15.8,17.03,19.26,9.13,7.78,10.57,9.27,12.32,2.86,24.65,8.36,7.67,6.25,9.06,8.1,19.51,16.58,15.36,14.84,16.77,10.04,13.29,11.19,13.15,12.39,10.98,8.23,22.25,19.1,18.74,18.75,21.5,9.9,20.18,15.17,17.16,17.64,21.4,15.62,9.27,19.36,20.11,15.96,23.29,21.27,19.36,9.73,16.06,25.7,23.4,23.05,24.52,21.66,23.12,19.96,22.65,20.68,19.8,22.99,25.61,22.68,18.24,22.17,19.52,19.87,12.05,14.65,12.67,15.4,15.87,13.67,11.11,18.48,15.54,16.64,15.77,22.52,13.71,20.91,13.51,13.83,14.0,13.15,17.99,14.93,15.07,15.13,8.64,12.49,13.35,12.2,11.2,17.18,14.8,12.39,20.34,12.52,14.84,18.77,17.41,6.07,0.0,4.01,3.62,3.19,3.59,3.44,2.45,1.08,3.42,10.34,4.37,5.62,25.29,6.2,6.74,8.13,7.66,3.5,4.25,6.07,6.39,7.82,4.64,4.92,6.13,6.49,4.59,3.44,11.7,2.66,6.19,8.1,5.86,5.75,5.32,16.31,15.67,18.05,17.22,19.12,22.04,14.15,13.57,19.97,15.94,19.12,17.04,21.28,16.65,22.27,17.8,16.1,15.13,21.11,19.54,20.29,17.66,18.94,20.2,26.02,12.03,12.73,17.86,16.47,16.37,11.66,13.76,18.67,11.66,13.44,16.31,13.89,23.78,26.72,25.12,20.42,10.8,12.27,6.13,11.81,12.07,10.78,12.49,12.56,5.25,6.18,10.55,20.52,13.8,8.74,5.24,6.31,6.81,5.47,5.61,12.06,8.23,19.56,9.68,14.03,10.52,7.13,8.94,13.17,11.87,5.59,9.76,5.08,14.34,15.14,13.74,25.8,21.9,11.25,17.85,9.68,23.16,24.42,10.45,18.27,7.96,16.54,9.51,18.4,9.5,11.64,23.36,18.6,21.46,20.9,20.96,28.49
16.39,7.79,21.63,27.04,6.04,17.08,11.43,12.46,5.46,19.32,16.25,19.16,9.21,7.63,20.18,17.56,17.64,16.18,4.77,19.69,20.6,13.64,9.4,18.75,10.97,18.38,19.9,2.12,17.19,20.12,21.27,19.47,24.12,21.78,17.33,21.47,6.44,14.18,14.94,21.66,15.42,21.38,25.69,10.48,15.33,20.29,22.51,24.36,21.26,14.8,16.38,17.36,18.41,17.06,15.08,16.79,10.37,23.05,16.6,22.79,10.07,23.12,9.57,18.07,9.04,11.03,19.95,20.3,19.64,21.85,21.04,15.65,16.35,12.57,15.48,18.79,10.28,15.54,15.25,18.95,20.04,17.43,18.25,16.2,19.95,18.29,16.9,12.6,20.6,15.84,11.73,12.25,12.59,19.01,16.53,23.16,4.97,16.52,10.57,16.18,14.65,8.01,19.74,13.86,15.09,17.32,11.13,9.77,17.51,10.64,9.42,5.92,22.72,10.78,9.67,8.25,16.28,12.04,13.78,15.45,12.47,11.94,15.64,7.14,10.4,8.29,10.26,9.49,8.09,5.34,21.12,17.97,17.62,17.62,20.37,7.0,19.06,12.28,16.03,16.51,20.28,14.79,6.37,18.23,18.98,15.13,22.16,13.83,18.23,6.83,14.94,23.76,21.46,21.11,22.59,19.73,21.18,18.03,20.71,18.74,17.87,21.05,23.68,20.74,16.31,20.24,17.59,19.03,11.21,13.82,12.37,14.56,15.04,12.83,10.27,17.64,14.71,15.81,14.93,21.68,13.41,20.07,12.67,12.99,13.17,12.31,17.16,14.1,14.24,14.3,7.81,11.66,12.52,11.37,10.36,16.35,13.96,11.56,19.51,12.22,14.0,17.94,16.57,8.06,4.01,0.0,1.73,6.15,6.55,4.12,4.55,3.08,2.38,10.05,1.48,2.73,23.4,5.7,8.74,7.34,4.77,3.21,6.25,3.18,3.5,7.03,4.16,4.13,5.84,3.91,4.3,5.44,11.41,4.34,3.3,7.32,3.66,2.86,7.32,18.96,18.32,20.7,19.88,18.08,21.0,13.1,12.52,18.92,14.89,18.07,16.0,20.23,15.61,21.22,16.76,15.05,14.84,20.06,18.49,19.24,16.61,17.89,19.15,24.98,17.25,17.95,16.82,21.2,15.32,16.89,18.0,17.62,14.31,16.09,21.61,16.54,22.73,25.67,24.08,19.37,13.76,15.23,9.09,14.77,15.03,13.75,15.45,15.52,8.22,8.18,13.51,23.48,16.77,11.7,8.2,9.27,9.77,6.77,9.27,15.02,11.19,22.52,12.64,16.99,13.48,10.1,11.9,16.13,14.84,7.6,12.72,8.04,17.3,18.1,16.7,24.75,24.55,14.21,20.5,12.64,25.81,27.08,13.1,20.93,10.93,23.54,12.16,21.06,12.46,14.3,26.01,21.26,24.12,23.55,23.61,36.38
16.54,7.4,21.24,26.64,6.18,16.34,10.69,11.72,5.07,18.58,15.51,18.42,9.36,7.24,19.44,16.82,17.25,15.44,4.38,18.95,19.86,12.9,8.66,18.01,10.58,17.99,19.16,1.72,16.8,19.73,20.53,19.08,23.38,21.04,16.94,20.73,6.04,13.45,14.21,20.92,14.68,20.65,24.95,10.09,14.6,19.55,21.77,23.62,20.52,14.06,15.64,16.62,18.02,16.32,14.34,16.05,9.63,22.31,16.21,22.05,10.68,22.38,9.18,17.34,9.65,10.64,19.21,19.56,18.9,21.11,20.3,15.26,15.62,11.83,14.74,18.05,10.89,14.8,14.51,18.21,19.3,16.69,17.51,15.46,19.21,17.55,16.16,12.21,19.86,15.1,10.99,11.51,11.85,18.27,15.79,22.42,4.58,16.13,11.18,15.45,13.92,7.62,19.0,13.12,14.36,16.58,10.74,9.38,16.77,9.91,10.03,5.53,21.98,10.04,9.28,7.86,15.54,11.3,18.0,15.06,13.08,12.55,15.25,7.75,11.01,8.9,10.87,10.1,8.7,5.95,20.73,17.58,17.23,17.23,19.98,7.61,18.67,12.89,15.64,16.12,19.89,14.93,6.98,17.84,18.59,15.27,21.77,14.44,17.84,7.44,14.55,23.02,20.72,20.37,21.85,18.99,20.44,17.29,19.98,18.0,17.13,20.32,22.94,20.0,15.57,19.5,16.85,19.18,11.36,13.96,11.98,14.71,15.18,12.98,10.42,17.79,14.85,15.95,15.08,21.83,13.02,20.21,12.82,13.14,13.31,12.45,17.3,14.24,14.38,14.44,7.95,11.8,12.66,11.51,10.5,16.49,14.11,11.7,19.65,11.83,14.14,18.08,16.72,7.67,3.62,1.73,0.0,29.37,29.78,27.34,27.77,26.3,25.38,33.27,26.48,27.72,21.67,29.14,31.96,24.68,29.77,26.43,29.47,28.17,28.5,25.01,27.38,27.85,29.06,28.91,27.52,28.66,34.63,27.57,28.3,25.3,28.65,27.85,30.54,42.19,41.55,43.93,43.1,41.08,44.0,36.1,35.52,41.92,37.89,41.07,39.0,43.23,38.61,44.22,39.76,38.05,38.06,43.06,41.49,42.24,39.61,40.89,42.15,47.98,40.25,40.95,39.82,44.2,38.32,39.89,41.0,40.62,37.53,39.31,44.61,39.76,45.73,48.67,47.08,42.37,36.98,38.45,32.32,38.0,38.25,36.97,38.67,38.74,31.44,31.4,36.73,46.7,39.99,34.92,31.42,32.49,32.99,29.99,32.49,38.24,34.41,45.74,35.86,40.21,36.71,33.32,35.13,39.35,38.06,30.82,35.94,31.26,40.52,41.33,39.92,47.75,47.78,37.43,43.72,35.86,49.04,50.3,36.32,44.15,34.15,46.76,35.38,44.28,35.68,37.52,49.23,44.48,47.34,46.78,46.83,59.38
17.32,2.3,19.12,24.53,6.96,21.14,15.5,16.52,2.59,23.38,20.31,23.23,10.14,4.77,24.24,21.63,20.9,20.24,8.16,23.76,24.67,17.7,13.47,22.81,7.46,15.88,23.96,4.07,20.45,17.61,25.34,16.97,28.19,25.85,14.82,25.53,3.57,18.25,19.01,25.72,19.48,25.45,29.76,5.67,19.4,24.36,26.57,28.42,15.56,18.86,20.45,21.42,21.67,21.12,19.14,20.86,14.43,27.11,14.09,26.86,15.09,27.19,9.39,22.14,14.07,10.84,24.01,24.36,23.71,25.91,25.11,13.14,20.42,16.63,13.0,22.85,15.31,19.6,19.32,23.02,14.35,21.49,22.32,13.63,14.26,22.36,20.97,10.09,24.67,14.28,15.79,16.31,16.65,23.07,12.58,27.23,1.66,19.78,15.6,20.25,18.72,7.83,23.81,17.93,19.16,21.39,11.17,9.59,12.61,11.09,14.45,3.06,26.78,10.17,9.49,8.07,12.6,9.91,21.64,18.71,17.49,16.97,18.9,12.17,15.43,13.32,15.28,14.52,13.12,10.37,24.38,21.23,16.87,20.88,19.57,12.03,22.31,17.31,19.29,19.77,23.53,15.71,11.4,15.89,22.24,16.05,25.42,18.39,21.49,11.86,18.19,27.83,25.53,25.18,26.65,23.79,25.25,22.09,24.78,22.81,21.93,25.12,27.74,24.81,20.38,24.3,21.65,19.96,12.14,14.74,12.77,15.49,15.96,13.76,11.2,18.57,15.64,16.74,15.86,22.61,13.8,21.0,13.6,13.92,14.09,13.24,18.08,15.03,15.16,15.22,8.73,12.59,13.44,12.29,11.29,17.27,14.89,12.48,20.43,12.61,14.93,18.86,17.5,7.88,3.19,6.15,29.37,0.0,1.85,6.83,3.69,4.85,5.66,10.54,6.61,7.85,27.52,6.4,8.54,8.33,9.77,3.7,6.05,8.17,8.63,8.02,6.87,5.12,6.33,6.69,4.79,5.24,11.9,2.25,8.43,8.3,6.06,6.35,7.12,16.39,15.75,18.13,17.31,21.36,24.28,16.38,15.81,22.2,18.17,21.35,19.28,23.52,18.89,24.51,20.04,18.34,15.33,23.35,21.77,22.53,19.89,21.18,22.44,28.26,13.83,14.53,14.89,16.56,18.61,13.47,13.85,16.02,11.74,13.52,16.4,13.97,26.02,28.96,27.36,22.66,8.37,9.84,6.22,11.96,9.64,8.35,10.05,10.92,5.34,7.13,10.04,20.67,11.37,6.31,5.32,6.4,4.37,5.56,5.69,9.63,5.8,19.71,7.25,14.18,8.09,4.7,8.43,11.25,9.44,6.58,7.32,5.16,14.49,12.71,11.31,28.03,21.98,10.74,17.93,9.17,23.24,24.51,10.53,18.36,7.45,16.69,9.59,18.49,8.99,11.73,23.44,18.69,21.55,20.98,21.04,28.58
17.73,3.39,18.05,23.45,7.37,21.55,15.9,16.93,2.99,23.79,20.72,23.63,10.55,5.17,24.65,22.03,21.3,20.65,8.56,24.16,25.07,18.11,13.87,23.22,5.61,14.8,24.37,4.48,20.85,16.53,25.74,15.89,28.59,26.25,13.75,25.94,3.98,18.66,19.41,26.13,19.89,25.86,25.13,3.83,19.81,24.76,26.98,23.8,14.49,19.27,20.85,21.83,22.07,21.53,19.55,21.26,14.84,27.52,13.01,27.26,15.5,27.59,9.79,22.55,14.47,11.98,24.42,24.77,24.11,26.32,25.51,12.07,20.83,17.04,11.98,23.26,15.71,20.01,19.72,23.42,13.27,21.9,22.72,12.61,13.18,22.76,21.37,9.07,25.07,13.26,16.2,16.72,17.06,23.48,12.94,27.63,2.06,20.18,16.0,20.66,19.13,8.23,24.21,18.33,19.57,21.79,10.15,10.0,11.59,11.49,14.85,3.47,27.19,10.58,9.89,8.47,11.58,10.32,22.05,19.11,17.9,17.37,19.3,12.57,15.83,13.72,15.69,14.93,13.52,10.77,24.78,21.64,17.28,21.28,19.98,12.43,22.72,17.71,19.69,20.17,23.94,16.12,11.8,16.3,22.64,16.46,25.82,18.8,21.89,12.26,18.6,28.23,25.93,25.58,27.06,24.2,25.65,22.5,25.18,23.21,22.34,25.52,28.15,25.21,20.78,24.71,22.06,20.36,12.54,15.15,13.17,15.89,16.37,14.17,11.6,18.97,16.04,17.14,16.26,23.01,14.2,21.4,14.0,14.32,14.5,13.64,18.49,15.43,15.57,15.63,9.14,12.99,13.85,12.7,11.69,17.68,15.29,12.89,20.84,13.01,15.33,19.27,17.9,8.29,3.59,6.55,29.78,1.85,0.0,7.24,4.09,5.26,6.06,10.95,7.01,8.26,27.93,6.81,8.95,8.73,10.18,4.11,6.46,8.58,9.04,8.42,7.28,5.52,6.73,7.1,5.19,5.65,12.31,2.66,8.84,8.71,6.47,6.75,7.53,15.37,14.73,17.11,16.29,21.77,24.69,16.79,16.21,22.61,18.58,21.76,19.68,23.92,19.3,24.91,20.45,18.74,15.73,23.75,22.18,22.93,16.07,21.58,22.84,24.03,14.16,14.5,13.93,15.54,13.24,13.8,12.83,15.06,10.72,12.5,15.38,12.95,26.42,26.76,27.77,23.06,9.46,10.93,5.55,9.46,10.73,9.44,10.94,10.2,5.74,7.54,8.19,18.16,12.46,7.4,5.73,7.56,5.46,5.97,6.1,10.72,6.89,17.2,8.34,11.68,9.18,5.79,6.59,10.82,10.53,6.98,8.42,5.57,11.98,13.8,12.4,23.8,20.96,8.89,16.91,7.32,22.22,23.48,9.51,17.34,5.61,14.19,8.57,17.47,7.14,10.7,22.42,17.67,20.53,19.96,20.02,27.55
17.51,8.38,21.06,26.46,7.16,19.11,13.46,14.49,4.89,21.35,18.28,21.19,10.33,8.21,22.21,19.59,18.87,18.21,1.5,21.72,22.63,15.67,11.43,20.78,11.56,17.81,21.93,2.7,18.42,19.54,23.31,18.9,26.15,23.81,16.76,23.5,7.02,16.22,16.98,23.69,17.45,23.42,27.72,11.07,17.37,22.32,24.54,26.39,17.5,16.83,18.41,19.39,19.64,19.09,17.11,18.83,12.4,25.08,16.02,24.82,13.06,25.15,9.0,20.11,12.03,10.45,21.98,22.33,21.67,23.88,23.07,15.08,18.39,14.6,17.51,20.82,13.27,17.57,17.28,20.98,16.28,19.46,20.28,18.24,16.19,20.32,18.93,12.02,22.63,17.87,13.76,14.28,14.62,21.04,12.19,25.19,5.55,17.75,13.56,18.22,16.69,7.44,21.78,15.89,17.13,19.36,10.55,9.2,11.99,12.68,12.41,6.51,24.75,9.78,9.1,7.68,10.48,9.52,19.61,16.67,15.46,14.93,16.86,10.14,13.39,11.28,13.25,12.49,11.08,8.33,22.34,19.2,18.84,18.84,21.59,10.0,20.28,15.27,17.25,17.73,21.5,15.91,9.37,19.45,20.2,16.25,23.39,21.37,19.45,9.82,16.16,25.79,23.49,23.14,24.62,21.76,23.22,20.06,22.75,20.77,19.9,23.09,25.71,22.77,18.34,22.27,19.62,20.15,12.33,14.94,12.96,15.68,16.16,13.95,11.39,18.76,15.83,16.93,16.05,22.8,13.99,21.19,13.79,14.11,14.29,13.43,18.28,15.22,15.36,15.42,8.93,12.78,13.64,12.49,11.48,17.47,15.08,12.68,20.63,12.8,15.12,19.06,17.69,3.67,3.44,4.12,27.34,6.83,7.24,0.0,3.97,2.5,3.52,10.74,4.47,5.71,25.38,6.6,8.16,8.53,7.76,3.9,5.67,6.16,6.49,8.22,4.73,5.32,6.52,6.9,4.98,4.86,12.1,5.03,6.29,8.5,6.26,5.84,6.74,18.38,17.74,20.12,19.3,19.22,22.14,14.24,13.67,20.06,16.03,19.21,17.14,21.38,16.75,22.37,17.9,16.2,15.52,21.21,19.63,20.39,17.75,19.04,20.3,26.12,18.4,19.1,17.96,22.35,16.47,18.03,19.15,18.77,13.73,15.51,18.39,15.96,23.88,26.82,25.22,20.52,14.45,15.92,9.78,15.46,15.72,14.43,16.14,16.21,8.9,7.6,14.2,24.17,17.45,12.39,8.89,9.96,10.46,6.19,8.69,15.71,11.88,23.21,13.33,17.68,14.17,10.78,12.59,16.82,15.52,7.02,13.41,8.73,17.99,18.79,17.39,25.89,23.97,15.08,19.92,13.33,25.23,26.49,12.52,20.35,11.61,22.96,11.58,20.48,12.68,13.71,25.43,20.68,23.54,22.97,23.03,30.56
17.74,5.23,18.11,23.52,7.38,15.21,9.56,11.0,1.28,17.86,14.79,17.29,10.56,5.07,18.72,16.1,19.3,14.31,4.82,18.23,19.14,12.18,7.53,17.29,8.41,14.87,18.03,3.13,18.85,16.6,19.81,15.95,22.66,20.32,13.81,20.01,3.88,12.72,13.48,19.79,13.96,19.92,24.23,7.92,13.87,18.83,20.64,22.9,14.55,12.93,14.92,15.9,20.07,15.6,13.21,15.33,8.5,21.59,13.08,21.33,13.49,21.66,6.05,16.61,12.47,7.51,18.08,18.43,17.77,20.39,19.58,12.13,14.49,10.7,8.65,17.33,13.7,14.08,13.79,17.49,13.33,15.56,16.38,9.28,13.25,16.83,15.03,9.08,18.73,9.78,9.39,10.38,9.98,17.14,9.25,21.7,2.41,18.18,14.0,14.72,12.79,4.49,17.88,11.99,13.23,15.46,7.61,6.26,9.05,7.75,12.85,3.36,21.26,6.84,6.15,4.73,7.54,6.58,20.04,17.11,15.89,15.36,17.3,10.57,13.82,11.72,13.68,12.92,11.51,8.76,22.77,19.63,19.27,19.27,22.03,10.43,20.71,15.7,17.69,18.17,21.93,16.13,9.8,19.89,20.63,16.47,23.82,21.8,19.89,10.26,16.59,21.89,19.59,19.24,20.72,17.86,19.32,16.16,18.85,16.87,16.0,19.19,22.22,18.87,14.44,18.78,15.72,20.38,12.55,15.16,13.18,15.9,16.38,14.18,11.61,18.98,16.05,17.15,16.27,23.02,14.21,21.41,14.01,14.33,14.51,13.65,18.5,15.44,15.58,15.64,9.15,13.0,13.86,12.71,11.7,17.69,15.3,12.9,20.85,13.02,15.34,19.28,17.91,4.55,2.45,4.55,27.77,3.69,4.09,3.97,0.0,1.52,3.95,10.85,4.9,6.14,25.82,6.71,5.22,8.63,8.19,4.01,2.73,6.6,6.92,8.32,5.17,5.42,6.63,7.0,5.09,1.92,12.21,3.17,6.72,8.61,6.37,6.28,3.79,15.44,14.8,17.18,16.35,16.49,19.41,11.52,10.94,17.34,13.31,16.49,14.41,18.65,14.02,19.64,15.17,13.47,15.63,18.48,16.91,17.66,15.03,16.31,17.57,23.39,10.5,11.21,11.38,15.6,10.7,10.14,10.87,12.51,10.79,12.57,15.44,13.01,21.15,24.09,22.49,17.79,11.31,12.78,6.64,12.32,12.58,11.29,12.99,13.06,5.76,4.66,11.06,21.02,14.31,9.25,5.74,6.82,7.31,3.25,5.74,12.57,8.74,20.06,10.19,14.54,11.03,7.64,9.45,13.68,12.38,4.07,10.26,5.59,14.84,15.65,14.25,23.17,21.03,12.14,16.97,10.19,22.29,23.55,9.58,17.4,8.47,20.01,8.64,17.53,9.74,10.77,22.48,17.73,20.59,20.03,20.09,27.62
16.48,6.4,18.62,24.02,6.12,18.08,12.43,13.46,2.45,20.32,17.25,20.16,9.3,6.23,21.18,18.56,17.83,17.18,3.16,20.69,21.6,14.64,10.4,19.75,9.57,15.37,20.9,1.67,17.38,17.1,22.27,16.46,25.12,22.78,14.31,22.47,5.04,15.18,15.94,22.66,16.42,22.38,26.69,9.08,16.33,21.29,23.51,25.36,15.06,15.8,17.38,18.36,18.6,18.06,16.08,17.79,11.37,24.05,13.58,23.79,12.03,24.12,6.55,19.07,11.0,8.01,20.95,21.3,20.64,22.85,22.04,12.64,17.35,13.57,9.15,19.79,12.24,16.54,16.25,19.95,13.84,18.43,19.25,9.78,13.75,19.29,17.9,9.58,21.6,16.84,12.73,13.25,13.59,20.01,9.75,24.16,3.57,16.71,12.53,17.18,15.65,4.99,20.74,14.86,16.09,18.32,8.11,6.76,9.55,8.25,11.38,4.53,23.72,7.34,6.65,5.23,8.04,7.08,18.58,15.64,14.43,13.9,15.83,9.1,12.36,10.25,12.22,11.46,10.05,7.3,21.31,18.16,17.81,17.81,20.56,8.96,19.25,14.24,16.22,16.7,20.47,14.88,8.33,18.42,19.17,15.22,22.35,20.34,18.42,8.79,15.13,24.76,22.46,22.11,23.59,20.73,22.18,19.03,21.71,19.74,18.87,22.05,24.68,21.74,17.31,21.24,18.59,19.12,11.3,13.91,11.93,14.65,15.13,12.92,10.36,17.73,14.8,15.9,15.02,21.77,12.96,20.16,12.76,13.08,13.26,12.4,17.24,14.19,14.33,14.38,7.89,11.75,12.61,11.46,10.45,16.44,14.05,11.64,19.59,11.77,14.09,18.03,16.66,5.05,1.08,3.08,26.3,4.85,5.26,2.5,1.52,0.0,2.49,9.71,3.44,4.68,24.35,5.57,5.72,7.49,6.73,2.87,3.23,5.13,5.46,7.18,3.7,4.28,5.49,5.87,3.95,2.42,11.07,4.0,5.26,7.47,5.23,4.81,4.3,15.94,15.3,17.68,16.85,18.19,21.11,13.21,12.63,19.03,15.0,18.18,16.11,20.35,15.72,21.33,16.87,15.16,14.49,20.17,18.6,19.35,16.72,18.0,19.27,25.09,11.01,11.71,16.93,16.11,15.44,10.64,11.37,17.73,11.29,13.07,15.94,13.52,22.85,25.78,24.19,19.48,12.47,13.94,7.8,13.48,13.74,12.46,14.16,14.23,6.92,5.16,12.22,22.19,15.47,10.41,6.91,7.98,8.48,3.75,6.24,13.73,9.9,21.23,11.35,15.7,12.19,8.8,10.61,14.84,13.54,4.57,11.43,6.75,16.01,16.81,15.41,24.86,21.53,12.64,17.48,11.35,22.79,24.05,10.08,17.91,9.63,20.51,9.14,18.04,10.24,11.27,22.99,18.23,21.1,20.53,20.59,28.12
16.34,7.2,21.04,26.45,5.98,17.37,11.72,12.75,4.88,19.61,16.54,19.45,9.16,7.04,20.47,17.86,16.9,16.47,4.18,19.98,20.89,13.93,9.69,19.04,10.38,17.8,20.19,1.53,16.45,19.53,21.57,18.88,24.41,22.07,16.74,21.76,5.85,14.48,15.24,21.95,15.71,21.68,25.98,9.89,15.63,20.59,22.8,24.65,21.55,15.09,16.67,17.65,17.67,17.35,15.37,17.09,10.66,23.34,16.01,23.08,11.32,23.42,8.98,18.37,10.29,10.44,20.24,20.59,19.93,22.14,21.33,15.06,16.65,12.86,15.77,19.08,11.53,15.83,15.54,19.24,20.33,17.72,18.54,16.5,20.25,18.58,17.19,12.01,20.89,16.13,12.02,12.54,12.88,19.3,16.82,23.45,4.38,15.78,11.82,16.48,14.95,7.42,20.04,14.15,15.39,17.62,10.54,9.19,17.8,10.94,10.67,5.34,23.01,11.07,9.08,7.66,16.57,12.33,17.65,14.71,13.72,13.19,14.9,8.4,11.65,9.54,11.51,10.75,9.34,6.59,20.38,17.23,16.88,16.88,19.63,8.26,18.32,13.53,15.29,15.77,19.54,14.73,7.63,17.49,18.24,15.07,21.42,19.41,17.49,8.08,14.2,24.05,21.75,21.4,22.88,20.02,21.48,18.32,21.01,19.03,18.16,21.35,23.97,21.03,16.6,20.53,17.88,18.98,11.16,13.76,11.79,14.51,14.98,12.78,10.22,17.59,14.66,15.76,14.88,21.63,12.82,20.02,12.62,12.94,13.11,12.26,17.1,14.05,14.18,14.24,7.75,11.61,12.46,11.31,10.31,16.29,13.91,11.5,19.45,11.63,13.95,17.88,16.52,7.48,3.42,2.38,25.38,5.66,6.06,3.52,3.95,2.49,0.0,24.33,16.72,17.96,37.29,20.19,14.44,22.12,20.01,17.49,11.95,18.42,18.74,21.8,18.43,18.9,20.11,19.15,18.57,12.67,25.69,18.62,18.54,22.09,18.9,18.1,10.91,20.37,19.73,22.11,21.29,15.7,18.62,10.72,10.15,16.55,12.51,15.7,13.62,17.86,13.23,18.85,14.38,12.68,29.11,17.69,16.12,16.87,14.24,15.52,16.78,22.6,14.88,15.58,14.44,18.83,12.95,14.52,15.63,15.25,16.55,19.09,19.23,19.54,20.36,23.3,21.7,17.0,24.76,26.23,17.22,20.55,23.91,24.74,22.03,21.29,17.88,13.52,19.29,29.25,27.76,22.7,17.86,16.05,20.76,15.34,14.61,26.02,22.19,28.29,23.64,22.77,24.48,21.09,17.68,21.91,25.83,12.93,23.71,16.44,23.08,29.1,27.7,22.38,25.96,17.39,21.91,18.42,27.22,28.49,14.82,22.34,15.69,24.95,13.88,22.47,14.99,17.29,27.42,22.67,25.53,24.96,25.02,34.0
9.28,12.09,26.28,31.68,8.88,25.05,19.4,20.43,9.74,27.29,24.22,27.13,12.06,11.92,28.15,25.53,24.8,24.15,11.4,27.66,28.57,21.61,17.37,26.72,15.27,23.03,27.86,7.98,24.35,24.77,29.24,24.12,32.09,29.75,21.98,29.44,10.73,22.15,22.91,29.63,23.39,29.35,33.66,14.78,23.3,28.26,30.48,32.33,22.72,22.77,24.35,25.33,25.57,25.03,23.05,24.76,18.34,31.02,21.25,30.76,18.08,31.09,16.2,26.04,17.05,17.66,27.92,28.27,27.61,29.82,29.01,20.3,24.32,20.54,23.45,26.76,18.29,23.51,23.22,26.92,21.5,25.4,26.22,24.17,21.42,26.26,24.87,17.25,28.57,23.81,19.7,20.22,20.56,26.98,24.5,31.13,9.26,23.68,18.58,24.15,22.62,14.64,27.71,21.83,23.06,25.29,17.76,16.41,19.2,18.61,17.43,10.22,30.69,18.75,16.3,14.88,24.25,20.01,25.55,22.61,20.48,19.95,22.8,15.15,18.41,16.3,18.27,17.51,16.1,13.35,28.28,25.13,18.79,24.78,20.7,15.01,26.22,20.58,23.19,23.67,21.56,17.63,14.38,17.81,20.3,17.97,24.19,20.31,25.39,14.84,22.1,31.73,29.43,29.08,30.56,27.7,29.15,26.0,28.68,26.71,25.84,29.02,31.65,28.71,24.28,28.21,25.56,11.92,14.06,16.66,2.9,15.38,11.27,13.18,13.12,18.46,16.77,16.62,8.97,14.57,3.93,20.89,15.52,13.81,11.55,15.15,10.04,12.62,10.48,17.14,10.65,12.54,13.33,14.21,13.2,18.4,10.2,14.4,12.39,2.74,16.84,10.83,17.39,14.7,10.34,10.05,33.27,10.54,10.95,10.74,10.85,9.71,24.33,0.0,9.0,10.74,31.37,6.2,15.31,10.19,11.63,7.41,12.82,10.04,11.52,9.88,10.72,6.98,4.78,8.55,5.83,12.01,1.98,8.68,11.32,10.16,7.92,8.21,13.88,23.61,22.97,25.35,24.52,25.21,28.13,20.23,19.65,26.05,22.02,25.2,23.12,27.36,22.74,28.35,23.89,22.18,5.4,27.19,25.62,26.37,23.74,25.02,26.28,32.11,24.38,25.08,23.95,28.33,22.45,24.02,25.13,24.75,18.96,20.73,23.61,21.18,29.86,32.8,31.21,26.5,18.1,19.57,13.43,19.11,19.37,18.08,19.79,19.86,12.55,14.75,17.85,27.82,21.1,16.04,12.54,13.61,14.1,12.77,12.9,19.36,15.53,26.85,16.98,21.33,17.82,14.43,16.24,20.47,19.17,14.16,17.06,12.38,21.64,22.44,21.04,31.88,29.2,18.55,25.14,16.98,30.46,31.72,17.74,25.57,15.26,23.84,16.8,25.7,16.8,18.94,30.65,25.9,28.76,28.2,28.26,35.79
14.91,8.15,21.99,27.4,4.55,17.44,11.79,12.82,5.82,19.68,16.61,19.52,7.73,7.99,20.54,17.92,12.58,16.54,5.13,20.05,20.96,14.0,9.76,19.11,11.33,18.75,20.26,2.48,17.55,20.48,21.63,19.83,24.48,22.14,17.69,21.83,6.8,14.54,15.3,22.02,15.78,21.74,26.05,10.84,15.69,20.65,22.87,24.72,21.62,15.16,16.74,17.72,18.77,17.42,15.44,17.15,10.73,23.41,16.96,23.15,9.08,23.48,9.93,18.43,8.05,11.39,20.31,20.66,20.0,22.21,21.4,16.01,16.71,12.93,15.84,19.15,9.29,15.9,15.61,19.31,20.4,17.79,18.61,16.56,20.31,18.65,17.26,12.96,20.96,16.2,12.09,12.61,12.95,19.37,16.89,23.52,5.33,16.88,9.58,16.54,15.01,8.37,20.1,14.22,15.45,17.68,11.49,10.14,17.87,11.0,8.43,6.29,23.08,11.14,10.03,8.61,16.64,12.4,12.78,15.81,11.47,10.95,16.0,6.15,9.41,7.3,9.27,8.5,7.1,4.35,21.48,18.33,17.98,17.98,20.73,6.01,19.42,11.29,16.39,16.87,20.64,13.31,5.38,13.49,19.34,13.65,22.52,12.84,18.59,5.84,15.3,24.12,21.82,21.47,22.95,20.09,21.54,18.39,21.07,19.1,18.23,21.41,24.04,21.1,16.67,20.6,17.95,17.55,9.73,12.34,11.28,13.08,13.56,11.35,8.79,16.16,13.23,14.33,13.45,20.2,12.32,18.59,11.19,11.51,11.69,10.83,15.67,12.62,12.76,12.81,6.32,10.18,11.04,9.89,8.88,14.87,12.48,10.07,18.02,11.13,12.52,16.46,15.09,8.42,4.37,1.48,26.48,6.61,7.01,4.47,4.9,3.44,16.72,9.0,0.0,1.74,23.76,4.22,9.1,5.86,3.29,3.44,6.61,1.7,2.51,5.55,4.52,2.65,4.79,2.43,3.27,5.8,10.36,4.71,2.31,5.84,2.18,1.38,7.68,19.32,18.69,21.06,20.24,18.44,21.36,13.46,12.88,19.28,15.25,18.43,16.36,20.59,15.97,21.58,17.12,15.41,13.79,20.42,18.85,19.6,16.97,18.25,19.52,25.34,17.61,18.32,17.18,21.56,15.68,17.25,18.36,17.98,14.67,16.45,21.97,16.9,23.09,26.03,24.44,19.73,14.12,15.59,9.45,15.13,15.39,14.11,15.81,15.88,8.58,8.54,13.87,23.84,17.13,12.06,8.56,9.63,10.13,7.13,9.63,15.38,11.55,22.88,13.0,17.35,13.84,10.46,12.26,16.49,15.2,7.96,13.08,8.4,17.66,18.46,17.06,25.11,24.92,14.57,20.86,13.0,26.17,27.44,13.46,21.29,11.29,23.9,12.52,21.42,12.82,14.66,26.37,21.62,24.48,23.91,23.97,36.74
16.65,9.4,23.24,28.64,6.29,18.68,13.04,14.06,7.07,20.92,17.85,20.76,9.47,9.23,21.78,19.17,11.44,17.78,6.37,21.29,22.2,15.24,11.01,20.35,12.58,19.99,21.5,3.72,11.31,21.72,22.88,21.08,25.72,23.39,18.93,23.07,8.04,15.79,16.55,23.26,17.02,22.99,27.29,12.09,16.94,21.9,24.11,25.96,22.86,16.4,17.99,18.96,13.71,18.66,16.68,18.4,11.97,24.65,18.2,24.4,7.93,24.73,11.17,19.68,6.9,12.63,21.55,21.9,21.24,23.45,22.65,17.26,17.96,14.17,17.08,20.39,8.14,17.14,16.86,20.56,21.64,19.03,19.85,17.81,21.56,19.9,18.5,14.2,22.21,17.44,13.33,13.85,14.19,20.61,18.13,24.76,6.57,18.13,8.43,17.79,16.26,9.61,21.35,15.46,16.7,18.93,12.73,11.38,19.11,12.25,7.28,7.53,24.32,12.38,11.28,9.86,17.88,13.64,11.64,17.06,10.33,9.8,17.25,5.0,8.26,6.15,8.12,7.36,5.95,3.2,22.73,19.58,19.22,19.23,21.98,4.86,20.66,10.14,17.64,18.12,21.88,15.04,4.23,15.22,20.59,12.54,23.77,11.69,19.84,4.69,16.54,25.37,23.07,22.72,24.19,21.33,22.79,19.63,22.32,20.34,19.47,22.66,25.28,22.35,17.91,21.84,19.19,19.29,11.47,14.07,13.02,14.81,15.29,13.09,10.53,17.89,14.96,16.06,15.18,21.94,14.05,20.32,12.92,13.25,13.42,12.56,17.41,14.35,14.49,14.55,8.06,11.91,12.77,11.62,10.61,16.6,14.22,11.81,19.76,12.86,14.25,18.19,16.83,9.67,5.62,2.73,27.72,7.85,8.26,5.71,6.14,4.68,17.96,10.74,1.74,0.0,25.0,5.95,10.35,7.6,5.03,4.82,7.86,1.97,1.37,7.29,5.76,4.39,6.52,4.17,5.0,7.05,12.1,5.95,1.61,7.57,3.91,3.11,8.93,20.57,19.93,22.31,21.48,19.68,22.6,14.7,14.13,20.53,16.5,19.68,17.6,21.84,17.21,22.83,18.36,16.66,15.52,21.67,20.1,20.85,18.22,19.5,20.76,26.58,18.86,19.56,18.42,22.81,16.93,18.5,19.61,19.23,15.92,17.7,23.21,18.14,24.34,27.28,25.68,20.98,15.37,16.84,10.7,16.38,16.64,15.35,17.05,17.12,9.82,9.79,15.12,25.08,18.37,13.31,9.8,10.88,11.37,8.38,10.87,16.63,12.8,24.12,14.25,18.6,15.09,11.7,13.51,17.74,16.44,9.2,14.32,9.65,18.91,19.71,18.31,26.36,26.16,15.82,22.11,14.25,27.42,28.68,14.71,22.53,12.53,25.14,13.77,22.66,14.06,15.9,27.62,22.86,25.72,25.16,25.22,37.98
26.66,29.07,42.91,48.31,27.85,38.01,32.36,33.38,26.74,40.25,37.18,40.09,19.52,28.9,41.11,38.49,13.19,37.11,26.04,40.62,41.53,34.56,30.33,39.67,32.25,39.66,40.82,23.39,12.74,41.39,42.2,40.75,45.05,42.71,38.61,42.4,27.71,35.11,35.87,42.59,36.35,42.31,46.62,31.76,36.26,41.22,43.43,45.29,42.19,35.72,37.31,38.29,13.97,37.98,36.0,37.72,31.3,43.98,37.87,43.72,18.44,44.05,30.85,39.0,17.89,32.3,40.87,41.22,40.57,42.77,41.97,36.93,37.28,33.49,36.41,39.71,16.66,36.46,36.18,39.88,40.97,38.36,39.18,37.13,40.88,39.22,37.83,33.87,41.53,36.76,32.66,33.17,33.51,39.93,37.46,44.09,26.24,12.08,16.3,37.11,35.58,29.29,40.67,34.79,36.02,38.25,32.4,31.05,38.44,31.57,17.68,27.2,43.65,31.71,30.95,29.53,37.21,32.97,13.94,11.0,16.05,16.04,11.19,19.48,16.37,19.53,18.05,18.32,17.73,27.61,16.67,13.53,13.17,13.17,15.92,22.68,14.61,14.7,11.58,12.06,15.83,15.09,21.39,13.78,14.53,16.55,17.72,15.7,13.78,22.99,10.49,44.69,42.39,42.04,43.52,40.66,42.11,38.96,41.64,39.67,38.8,41.98,44.61,41.67,37.24,41.16,38.52,29.3,19.01,19.39,33.65,19.45,25.31,23.1,19.24,21.89,18.39,20.05,25.2,31.95,34.68,24.32,16.24,21.02,23.28,20.11,27.43,24.37,24.35,19.57,21.06,21.93,22.16,21.64,20.63,17.8,24.23,17.18,29.78,33.49,16.64,28.21,20.82,29.34,25.29,23.4,21.67,27.52,27.93,25.38,25.82,24.35,37.29,31.37,23.76,25.0,0.0,7.47,10.3,9.39,8.1,4.77,7.81,6.5,6.83,9.08,5.71,6.18,7.39,7.24,5.85,7.0,12.97,5.9,6.63,9.37,6.99,6.18,8.88,20.52,19.88,22.26,21.43,19.41,22.33,14.43,13.86,20.25,16.22,19.4,17.33,21.57,16.94,22.56,18.09,16.39,16.39,21.4,19.82,20.58,17.94,19.23,20.49,26.31,18.59,19.29,18.15,22.54,16.66,18.22,19.34,18.96,15.87,17.65,22.94,18.1,24.07,27.01,25.41,20.71,15.32,16.79,10.65,16.33,16.59,15.3,17.0,17.07,9.77,9.74,15.07,25.03,18.32,13.26,9.75,10.83,11.32,8.33,10.82,16.58,12.75,24.07,14.2,18.55,15.04,11.65,13.46,17.69,16.39,9.15,14.27,9.6,18.86,19.66,18.26,26.09,26.11,15.77,22.06,14.2,27.37,28.63,14.66,22.48,12.48,25.09,13.72,22.61,14.01,15.85,27.57,22.81,25.67,25.11,25.17,37.71
13.0,7.95,22.14,27.54,0.93,20.91,15.26,16.29,5.6,23.15,20.08,22.99,5.82,7.78,24.01,21.39,15.09,20.01,7.26,23.52,24.43,17.47,13.23,22.58,11.13,18.89,23.73,3.84,20.21,20.63,25.1,19.98,27.95,25.61,17.84,25.3,6.59,18.02,18.77,25.49,19.25,25.21,29.52,10.64,19.17,24.12,26.34,28.19,18.58,18.63,20.21,21.19,21.43,20.89,18.91,20.62,14.2,26.88,17.11,26.62,13.29,26.95,12.06,21.91,12.27,13.52,23.78,24.13,23.47,25.68,24.87,16.16,20.19,16.4,19.31,22.62,13.5,19.37,19.08,22.78,17.36,21.26,22.08,20.03,17.28,22.12,20.73,13.11,24.43,19.67,15.56,16.08,16.42,22.84,20.36,26.99,5.12,19.54,13.8,20.02,18.49,10.5,23.57,17.69,18.93,21.15,13.62,12.27,15.06,14.48,12.65,6.08,26.55,14.61,12.17,10.75,20.11,15.87,16.1,18.47,15.7,15.69,18.66,10.37,13.63,11.52,13.48,12.72,11.32,8.57,18.41,15.27,12.55,14.92,15.25,10.23,16.35,14.35,19.05,19.53,16.11,11.4,9.6,11.58,14.85,11.74,18.74,14.08,15.53,10.06,17.96,27.59,25.29,24.94,26.42,23.56,25.01,21.86,24.54,22.57,21.7,24.88,27.51,24.57,20.14,24.07,21.42,15.64,7.82,10.43,8.48,11.17,11.65,9.44,6.88,14.25,11.32,12.42,11.54,18.29,9.51,16.68,9.28,9.6,9.78,8.92,13.76,10.71,10.85,10.9,4.42,8.27,9.13,7.98,6.97,12.96,10.57,8.16,16.12,8.32,10.61,14.55,13.18,10.56,6.2,5.7,29.14,6.4,6.81,6.6,6.71,5.57,20.19,6.2,4.22,5.95,7.47,0.0,11.17,3.95,7.12,3.25,8.68,5.52,7.0,3.64,6.58,1.83,1.98,2.34,1.62,7.87,7.56,4.54,6.8,3.93,3.41,3.69,9.75,19.47,18.83,21.21,20.38,21.07,23.99,16.09,15.51,21.91,17.88,21.06,18.99,23.22,18.6,24.21,19.75,18.04,10.98,23.05,21.48,22.23,19.6,20.88,22.15,27.97,20.24,20.95,19.81,24.19,18.32,19.88,20.99,20.61,14.82,16.6,19.47,17.04,25.72,28.66,27.07,22.36,13.96,15.43,9.29,14.97,15.23,13.94,15.65,15.72,8.41,10.61,13.71,23.68,16.96,11.9,8.4,9.47,9.96,8.63,8.77,15.22,11.39,22.72,12.84,17.19,13.68,10.29,12.1,16.33,15.03,10.02,12.92,8.24,17.5,18.3,16.9,27.74,25.06,14.41,21.0,12.84,26.32,27.58,13.61,21.43,11.12,19.7,12.67,21.56,12.66,14.8,26.51,21.76,24.62,24.06,24.12,31.65
22.14,10.09,18.74,24.15,11.78,15.84,10.2,11.63,6.14,18.49,15.42,17.92,14.96,8.12,19.35,16.73,23.49,14.94,4.08,18.86,19.77,12.81,8.17,17.92,12.09,15.5,18.66,7.33,23.04,17.23,20.44,16.59,23.29,20.95,14.44,20.64,8.73,13.36,14.11,20.42,14.59,20.56,24.86,12.46,14.51,19.46,21.27,23.53,15.18,13.56,15.55,16.53,24.26,16.23,13.84,15.96,9.13,22.22,13.71,21.96,17.69,22.29,6.68,17.25,16.66,8.14,18.71,19.06,18.4,21.02,20.21,12.77,15.12,11.33,9.28,17.96,17.9,14.71,14.42,18.12,13.97,16.19,17.01,9.91,13.88,17.46,15.66,9.71,19.37,10.41,10.02,11.01,10.61,17.77,9.88,22.33,7.26,22.37,18.19,15.36,13.42,5.12,18.51,12.62,13.86,16.09,8.24,6.89,9.68,8.38,17.04,8.22,21.89,7.47,6.78,5.36,8.17,7.21,24.24,21.3,20.09,19.56,21.49,14.76,18.02,15.91,17.88,17.12,15.71,12.96,26.97,23.82,23.47,23.47,26.22,14.62,24.91,19.9,21.88,22.36,26.13,20.54,13.99,24.08,24.83,20.88,28.01,26.0,24.08,14.45,20.79,22.53,20.23,19.88,21.35,18.49,19.95,16.79,19.48,17.5,16.63,19.82,22.85,19.5,15.07,19.41,16.35,24.78,16.96,19.57,17.59,20.31,20.79,18.58,16.02,23.39,20.46,21.56,20.68,27.43,18.62,25.82,18.42,18.74,18.91,18.06,22.9,19.85,19.99,20.04,13.55,17.41,18.27,17.11,16.11,22.1,19.71,17.3,25.25,17.43,19.75,23.68,22.32,3.8,6.74,8.74,31.96,8.54,8.95,8.16,5.22,5.72,14.44,15.31,9.1,10.35,10.3,11.17,0.0,13.15,12.39,8.53,3.3,10.79,11.12,12.84,9.36,9.94,11.15,11.53,9.61,4.08,16.73,8.02,10.92,13.13,10.89,10.47,4.43,16.07,15.43,17.81,16.98,17.13,20.05,12.15,11.57,17.97,13.94,17.12,15.04,19.28,14.66,20.27,15.8,14.1,20.15,19.11,17.54,18.29,15.66,16.94,18.2,24.02,11.14,11.84,12.01,16.24,11.33,10.77,11.5,13.14,11.42,13.2,16.07,13.65,21.78,24.72,23.13,18.42,16.16,17.63,10.74,15.93,17.43,16.15,17.42,16.68,10.24,5.29,14.67,24.64,19.17,14.1,10.22,9.57,12.17,5.41,6.37,17.42,13.59,23.68,15.04,18.15,15.89,12.5,13.06,17.29,17.24,4.7,15.12,9.96,18.46,20.51,19.1,23.8,21.66,12.77,17.61,13.8,22.92,24.18,10.21,18.03,11.07,20.64,9.27,18.16,10.37,11.4,23.12,18.36,21.22,20.66,20.72,28.25
9.9,9.87,24.07,29.47,4.02,22.83,17.19,18.21,7.53,25.07,22.0,24.91,2.72,9.71,25.93,23.32,11.99,21.93,9.19,25.44,26.36,19.39,15.16,24.5,13.05,20.82,25.65,5.76,14.34,22.55,27.03,21.91,29.88,27.54,19.76,27.22,8.52,19.94,20.7,27.41,21.17,27.14,31.44,12.56,21.09,26.05,28.26,30.11,20.51,20.55,22.14,23.11,15.56,22.81,20.83,22.55,16.12,28.8,19.03,28.55,14.94,28.88,13.99,23.83,13.91,15.44,25.7,26.05,25.39,27.6,26.8,18.09,22.11,18.32,21.23,24.54,15.15,21.29,21.01,24.71,19.29,23.18,24.01,21.96,19.2,24.05,22.66,15.03,26.36,21.59,17.48,18.0,18.34,24.76,22.28,28.92,7.05,14.48,15.44,21.94,20.41,12.43,25.5,19.61,20.85,23.08,15.55,14.19,16.98,16.4,14.29,8.0,28.47,16.53,14.09,12.67,22.03,17.79,13.0,13.41,12.59,12.58,14.2,12.01,12.91,13.16,15.13,14.37,12.96,10.21,15.31,12.16,9.45,11.81,12.15,11.87,13.25,11.24,12.26,12.74,13.01,8.29,11.24,8.47,11.74,8.63,15.64,10.97,12.42,11.7,12.9,29.52,27.22,26.87,28.34,25.48,26.94,23.78,26.47,24.5,23.62,26.81,29.43,26.5,22.06,25.99,23.34,12.54,4.72,7.32,12.47,8.07,8.54,6.34,3.78,11.15,8.21,9.31,8.44,15.19,13.5,13.57,6.18,6.5,6.67,5.81,10.66,7.6,7.74,7.8,1.31,5.16,6.02,4.87,3.86,9.85,7.47,5.06,13.01,12.31,7.5,11.44,10.08,12.48,8.13,7.34,24.68,8.33,8.73,8.53,8.63,7.49,22.12,10.19,5.86,7.6,9.39,3.95,13.15,0.0,8.49,4.63,10.6,6.89,8.38,1.04,8.51,3.21,5.97,3.72,4.45,9.79,11.55,6.47,8.18,1.33,4.78,5.07,11.67,21.39,20.75,23.13,22.31,22.99,25.91,18.01,17.44,23.84,19.81,22.99,20.91,25.15,20.52,26.14,21.67,19.97,14.44,24.98,23.41,24.16,21.53,22.81,24.07,29.89,22.17,22.87,21.73,26.12,20.24,21.81,22.92,22.54,16.74,18.52,21.4,18.97,27.65,30.59,28.99,24.29,15.88,17.35,11.22,16.89,17.15,15.87,17.57,17.64,10.34,12.53,15.63,25.6,18.89,13.82,10.32,11.39,11.89,10.56,10.69,17.14,13.31,24.64,14.76,19.11,15.61,12.22,14.03,18.25,16.96,11.95,14.84,10.16,19.42,20.23,18.82,29.67,26.98,16.33,22.93,14.76,28.24,29.5,15.53,23.36,13.05,21.63,14.59,23.49,14.58,16.72,28.44,23.69,26.55,25.98,26.04,33.57
17.54,11.32,25.28,30.69,7.18,20.73,15.09,16.11,9.12,22.97,19.9,22.81,10.36,11.15,23.83,21.22,13.51,19.83,8.42,23.34,24.25,17.29,13.05,22.4,14.5,22.04,23.55,5.77,13.38,23.77,24.93,23.13,27.77,25.43,20.98,25.12,9.96,17.84,18.6,25.31,19.07,25.04,29.34,14.01,18.99,23.95,26.16,28.01,24.91,18.45,20.03,21.01,22.07,20.71,18.73,20.45,14.02,26.7,20.25,26.44,10.0,26.78,13.22,21.73,8.97,14.68,23.6,23.95,23.29,25.5,24.7,19.31,20.01,16.22,19.13,22.44,10.21,19.19,18.9,22.6,23.69,21.08,21.9,19.86,23.61,21.94,20.55,16.25,24.25,19.49,15.38,15.9,16.24,22.66,20.18,26.81,8.49,20.18,10.5,19.84,18.31,11.66,23.4,17.51,18.75,20.98,14.78,13.43,21.16,14.3,9.35,9.45,26.37,14.43,13.32,11.9,19.93,15.69,13.71,19.1,12.4,11.87,19.29,7.08,10.33,8.22,10.19,9.43,8.02,5.27,24.77,21.63,17.09,21.27,24.03,6.94,22.71,12.21,19.68,20.16,23.93,15.94,6.31,16.12,22.63,16.28,25.82,13.77,21.89,6.76,18.59,27.41,25.12,24.76,26.24,23.38,24.84,21.68,24.37,22.39,21.52,24.71,27.33,24.39,19.96,23.89,21.24,20.18,12.36,14.97,13.91,15.71,16.19,13.98,11.42,18.79,15.86,16.96,16.08,22.83,14.95,21.22,13.82,14.14,14.32,13.46,18.3,15.25,15.39,15.44,8.95,12.81,13.67,12.52,11.51,17.5,15.11,12.7,20.65,13.76,15.15,19.09,17.72,11.72,7.66,4.77,29.77,9.77,10.18,7.76,8.19,6.73,20.01,11.63,3.29,5.03,8.1,7.12,12.39,8.49,0.0,6.07,9.91,1.71,3.44,8.18,7.81,5.28,7.42,5.06,5.9,9.1,12.99,7.91,5.61,8.47,4.81,4.01,10.97,22.62,21.98,24.36,23.53,21.73,24.65,16.75,16.18,22.57,18.54,21.72,19.65,23.89,19.26,24.88,20.41,18.71,16.42,23.72,22.14,22.9,20.26,21.55,22.81,28.63,20.91,21.61,20.47,24.86,18.98,20.54,21.66,21.28,17.97,19.74,25.26,20.19,26.39,29.33,27.73,23.03,17.33,18.8,12.66,18.34,18.6,17.31,19.02,19.09,11.78,11.84,17.08,27.04,20.33,15.27,11.76,12.84,13.33,10.43,12.13,18.59,14.76,26.08,16.21,20.56,17.05,13.66,15.47,19.7,18.4,11.25,16.29,11.61,20.87,21.67,20.27,28.4,28.21,17.78,24.15,16.21,29.47,30.73,16.75,24.58,14.49,27.19,15.81,24.71,16.03,17.95,29.66,24.91,27.77,27.21,27.27,40.03
13.67,5.25,19.44,24.84,3.32,18.21,12.56,13.59,2.9,20.45,17.38,20.29,6.5,5.08,21.31,18.69,17.96,17.31,4.56,20.82,21.73,14.77,10.53,19.88,8.43,16.19,21.03,1.14,17.51,17.93,22.4,17.28,25.25,22.91,15.14,22.6,3.89,15.31,16.07,22.79,16.55,22.51,26.82,7.94,16.46,21.42,23.64,25.49,15.88,15.93,17.51,18.49,18.73,18.19,16.21,17.92,11.5,24.18,14.41,23.92,12.16,24.25,9.36,19.2,11.13,10.82,21.08,21.43,20.77,22.98,22.17,13.46,17.48,13.7,16.61,19.92,12.37,16.67,16.38,20.08,14.66,18.56,19.38,17.33,14.58,19.42,18.03,10.41,21.73,16.97,12.86,13.38,13.72,20.14,17.66,24.29,2.42,16.84,12.66,17.31,15.78,7.8,20.87,14.99,16.22,18.45,10.92,9.57,12.36,11.77,11.51,3.38,23.85,11.91,9.46,8.04,17.41,13.17,18.71,15.77,14.56,14.03,15.96,9.23,12.49,10.38,12.35,11.59,10.18,7.43,21.44,18.29,13.23,17.94,15.92,9.09,19.38,15.02,16.35,16.83,20.6,12.07,8.46,12.25,19.3,12.41,22.48,14.75,18.55,8.92,15.26,24.89,22.59,22.24,23.72,20.86,22.31,19.16,21.84,19.87,19.0,22.18,24.81,21.87,17.44,21.37,18.72,16.31,8.49,11.1,9.69,11.84,12.32,10.12,7.55,14.92,11.99,13.09,12.21,18.96,10.72,17.35,9.95,10.27,10.45,9.59,14.44,11.38,11.52,11.58,5.09,8.94,9.8,8.65,7.64,13.63,11.24,8.84,16.79,9.53,11.28,15.22,13.85,7.86,3.5,3.21,26.43,3.7,4.11,3.9,4.01,2.87,17.49,7.41,3.44,4.82,4.77,3.25,8.53,4.63,6.07,0.0,5.98,4.47,5.64,4.31,3.88,1.42,3.19,2.99,1.65,5.17,8.77,1.84,5.44,4.6,2.36,2.64,7.05,16.77,16.13,18.51,17.68,18.37,21.29,13.39,12.81,19.21,15.18,18.36,16.29,20.52,15.9,21.51,17.05,15.34,12.19,20.35,18.78,19.53,16.9,18.18,19.44,25.27,17.54,18.24,17.11,21.49,15.61,17.18,18.29,17.91,12.12,13.89,16.77,14.34,23.02,25.96,24.37,19.66,11.26,12.73,6.59,12.27,12.53,11.24,12.95,13.02,5.71,7.91,11.01,20.98,14.26,9.2,5.7,6.77,7.26,5.93,6.06,12.52,8.69,20.02,10.14,14.49,10.98,7.59,9.4,13.63,12.33,7.32,10.22,5.54,14.8,15.6,14.2,25.04,22.36,11.71,18.3,10.14,23.62,24.88,10.9,18.73,8.42,17.0,9.96,18.86,9.96,12.1,23.81,19.06,21.92,21.36,21.42,28.95
19.65,7.6,16.26,21.66,9.29,13.35,7.71,9.14,3.65,16.0,12.93,15.43,12.47,5.63,16.86,14.24,21.0,12.45,2.9,16.37,17.28,10.32,5.68,15.43,9.6,13.01,16.17,4.84,20.55,14.74,17.95,14.1,20.8,18.46,11.95,18.15,6.24,10.87,11.62,17.93,12.1,18.07,22.37,9.97,12.02,16.97,18.78,21.04,12.69,11.07,13.06,14.04,21.77,13.74,11.35,13.47,6.64,19.73,11.22,19.47,15.2,19.8,4.19,14.76,14.17,5.65,16.22,16.57,15.91,18.53,17.72,10.28,12.63,8.84,6.79,15.47,15.41,12.22,11.93,15.63,11.48,13.7,14.52,7.42,11.39,14.97,13.17,7.22,16.88,7.92,7.53,8.52,8.12,15.28,7.39,19.84,4.77,19.88,15.7,12.87,10.93,2.63,16.02,10.13,11.37,13.6,5.75,4.4,7.19,5.89,14.55,5.73,19.4,4.98,4.29,2.87,5.68,4.72,21.75,18.81,17.6,17.07,19.0,12.27,15.53,13.42,15.39,14.63,13.22,10.47,24.48,21.33,20.98,20.98,23.73,12.13,22.42,17.41,19.39,19.87,23.64,18.05,11.5,21.59,22.34,18.39,25.52,23.51,21.59,11.96,18.3,20.04,17.74,17.39,18.86,16.0,17.46,14.3,16.99,15.01,14.14,17.33,20.36,17.01,12.58,16.92,13.86,22.29,14.47,17.08,15.1,17.82,18.3,16.09,13.53,20.9,17.97,19.07,18.19,24.94,16.13,23.33,15.93,16.25,16.42,15.57,20.41,17.36,17.5,17.55,11.06,14.92,15.78,14.62,13.62,19.61,17.22,14.81,22.76,14.94,17.26,21.2,19.83,2.63,4.25,6.25,29.47,6.05,6.46,5.67,2.73,3.23,11.95,12.82,6.61,7.86,7.81,8.68,3.3,10.6,9.91,5.98,0.0,8.3,8.63,10.35,6.87,7.45,8.66,9.04,7.12,1.59,14.24,5.53,8.43,10.64,8.4,7.98,1.94,13.58,12.94,15.32,14.49,14.64,17.56,9.66,9.08,15.48,11.45,14.63,12.55,16.79,12.17,17.78,13.31,11.61,17.66,16.62,15.05,15.8,13.17,14.45,15.71,21.53,8.65,9.35,9.52,13.75,8.84,8.28,9.01,10.65,8.93,10.71,13.58,11.16,19.29,22.23,20.64,15.93,13.67,15.14,8.25,13.44,14.94,13.66,14.93,14.19,7.75,2.8,12.18,22.15,16.68,11.61,7.73,7.08,9.68,2.92,3.88,14.93,11.1,21.19,12.55,15.66,13.4,10.01,10.57,14.8,14.75,2.21,12.63,7.47,15.97,18.02,16.61,21.31,19.17,10.28,15.12,11.31,20.43,21.69,7.72,15.54,8.58,18.15,6.78,15.67,7.88,8.91,20.63,15.87,18.73,18.17,18.23,25.76
15.94,9.72,23.69,29.09,5.59,19.13,13.49,14.51,7.52,21.37,18.3,21.22,8.76,9.56,22.23,19.62,11.98,18.23,6.82,21.74,22.66,15.69,11.46,20.8,12.9,20.44,21.95,4.17,11.85,22.17,23.33,21.53,26.18,23.84,19.39,23.52,8.36,16.24,17.0,23.71,17.47,23.44,27.74,12.41,17.39,22.35,24.56,26.41,23.31,16.85,18.44,19.41,14.25,19.11,17.13,18.85,12.42,25.1,18.65,24.85,8.47,25.18,11.63,20.13,7.44,13.08,22.0,22.35,21.7,23.9,23.1,17.71,18.41,14.62,17.53,20.84,8.68,17.59,17.31,21.01,22.09,19.48,20.31,18.26,22.01,20.35,18.96,14.65,22.66,17.89,13.78,14.3,14.64,21.06,18.58,25.22,6.89,18.58,8.97,18.24,16.71,10.07,21.8,15.92,17.15,19.38,13.18,11.83,19.57,12.7,7.82,7.85,24.77,12.83,11.73,10.31,18.34,14.09,12.18,17.51,10.87,10.34,17.7,5.54,8.8,6.69,8.66,7.9,6.49,3.74,23.18,20.03,15.5,19.68,22.43,5.4,21.11,10.68,18.09,18.57,22.33,14.34,4.78,14.52,21.04,13.09,24.22,12.24,20.29,5.23,16.99,25.82,23.52,23.17,24.64,21.78,23.24,20.08,22.77,20.8,19.92,23.11,25.73,22.8,18.36,22.29,19.64,18.58,10.76,13.37,12.32,14.11,14.59,12.38,9.82,17.19,14.26,15.36,14.48,21.23,13.35,19.62,12.22,12.54,12.72,11.86,16.71,13.65,13.79,13.85,7.36,11.21,12.07,10.92,9.91,15.9,13.51,11.11,19.06,12.16,13.55,17.49,16.12,10.12,6.07,3.18,28.17,8.17,8.58,6.16,6.6,5.13,18.42,10.04,1.7,1.97,6.5,5.52,10.79,6.89,1.71,4.47,8.3,0.0,1.91,6.58,6.21,3.68,5.82,3.46,4.3,7.5,11.39,6.31,2.99,6.87,3.21,2.41,9.38,21.02,20.38,22.76,21.93,20.13,23.05,15.16,14.58,20.98,16.95,20.13,18.05,22.29,17.66,23.28,18.81,17.11,14.82,22.12,20.55,21.3,18.67,19.95,21.21,27.03,19.31,20.01,18.87,23.26,17.38,18.95,20.06,19.68,16.37,18.15,23.66,18.6,24.79,27.73,26.13,21.43,15.73,17.2,11.06,16.74,17.0,15.71,17.42,17.49,10.18,10.24,15.48,25.45,18.73,13.67,10.17,11.24,11.74,8.83,10.54,16.99,13.16,24.49,14.61,18.96,15.45,12.06,13.87,18.1,16.8,9.65,14.69,10.01,19.27,20.07,18.67,26.81,26.61,16.18,22.56,14.61,27.87,29.13,15.16,22.98,12.89,25.59,14.22,23.11,14.43,16.35,28.07,23.31,26.17,25.61,25.67,38.43
17.43,10.18,24.02,29.42,7.07,19.46,13.82,14.84,7.85,21.7,18.63,21.54,10.25,10.01,22.56,19.95,10.07,18.56,7.15,22.07,22.98,16.02,11.78,21.13,13.35,20.77,22.28,4.5,9.95,22.5,23.66,21.86,26.5,24.16,19.71,23.85,8.82,16.57,17.33,24.04,17.8,23.77,28.07,12.86,17.72,22.68,24.89,26.74,23.64,17.18,18.76,19.74,12.35,19.44,17.46,19.18,12.75,25.43,18.98,25.17,6.56,25.51,11.95,20.46,5.54,13.41,22.33,22.68,22.02,24.23,23.43,18.04,18.74,14.95,17.86,21.17,6.77,17.92,17.63,21.33,22.42,19.81,20.63,18.59,22.34,20.67,19.28,14.98,22.98,18.22,14.11,14.63,14.97,21.39,18.91,25.54,7.35,12.04,7.06,18.57,17.04,10.39,22.13,16.24,17.48,19.71,13.51,12.16,19.89,13.03,5.91,8.31,25.1,13.16,12.05,10.63,18.66,14.42,10.27,17.84,8.96,8.43,11.0,3.64,6.89,4.79,6.75,5.99,4.58,1.83,23.5,20.36,20.0,20.0,22.76,3.5,21.44,8.77,18.41,18.89,22.66,15.82,2.87,16.0,21.36,11.18,24.55,10.33,20.62,3.32,17.32,26.14,23.85,23.49,24.97,22.11,23.57,20.41,23.1,21.12,20.25,23.44,26.06,23.12,18.69,22.62,19.97,20.07,12.25,14.85,13.8,15.59,16.07,13.87,11.3,18.67,15.74,16.84,15.96,22.71,14.83,21.1,13.7,14.02,14.2,13.34,18.19,15.13,15.27,15.33,8.84,12.69,13.55,12.4,11.39,17.38,14.99,12.59,20.54,13.64,12.3,18.97,17.6,10.45,6.39,3.5,28.5,8.63,9.04,6.49,6.92,5.46,18.74,11.52,2.51,1.37,6.83,7.0,11.12,8.38,3.44,5.64,8.63,1.91,0.0,8.07,6.54,5.17,7.3,4.95,5.78,7.83,12.88,6.73,2.39,8.35,4.69,3.89,9.7,21.35,20.71,23.09,22.26,20.46,23.38,15.48,14.91,21.3,17.27,20.45,18.38,22.62,17.99,23.61,19.14,17.44,16.3,22.45,20.87,21.63,18.99,20.28,21.54,27.36,19.64,20.34,19.2,23.59,17.71,19.27,20.39,20.01,16.7,18.47,23.99,18.92,25.12,28.06,26.46,21.76,16.14,17.61,11.48,17.16,17.42,16.13,17.83,17.9,10.6,10.57,15.89,25.86,19.15,14.08,10.58,11.66,12.15,9.16,11.65,17.41,13.57,24.9,15.03,19.38,15.87,12.48,14.29,18.52,17.22,9.98,15.1,10.42,19.68,20.49,19.09,27.13,26.94,16.59,22.88,15.02,28.2,29.46,15.48,23.31,13.31,25.92,14.54,23.44,14.84,16.68,28.39,23.64,26.5,25.94,26.0,38.76
10.24,9.56,23.76,29.16,3.71,22.52,16.88,17.9,7.22,24.76,21.69,24.6,3.06,9.4,25.62,23.01,12.32,21.62,8.88,25.13,26.04,19.08,14.85,24.19,12.74,20.51,25.34,5.45,14.68,22.24,26.72,21.6,29.56,27.23,19.45,26.91,8.21,19.63,20.39,27.1,20.86,26.83,31.13,12.25,20.78,25.74,27.95,29.8,20.2,20.24,21.83,22.8,15.9,22.5,20.52,22.24,15.81,28.49,18.72,28.24,14.63,28.57,13.68,23.52,13.6,15.13,25.39,25.74,25.08,27.29,26.49,17.78,21.8,18.01,20.92,24.23,14.84,20.98,20.7,24.4,18.98,22.87,23.69,21.65,18.89,23.74,22.35,14.72,26.05,21.28,17.17,17.69,18.03,24.45,21.97,28.6,6.74,14.82,15.13,21.63,20.1,12.12,25.19,19.3,20.54,22.77,15.24,13.88,16.67,16.09,13.98,7.69,28.16,16.22,13.78,12.36,21.72,17.48,13.34,13.75,12.93,12.92,14.54,11.7,13.25,12.85,14.82,14.06,12.65,9.9,15.65,12.5,9.79,12.15,12.49,11.56,13.58,11.58,12.59,13.07,13.34,8.63,10.93,8.81,12.08,8.97,15.97,11.31,12.76,11.39,13.24,29.21,26.91,26.56,28.03,25.17,26.63,23.47,26.16,24.19,23.31,26.5,29.12,26.19,21.75,25.68,23.03,12.87,5.05,7.66,12.16,8.4,8.88,6.68,4.11,11.48,8.55,9.65,8.77,15.52,13.19,13.91,6.51,6.83,7.01,6.15,11.0,7.94,8.08,8.14,1.65,5.5,6.36,5.21,4.2,10.19,7.8,5.4,13.35,12.0,7.84,11.78,10.41,12.17,7.82,7.03,25.01,8.02,8.42,8.22,8.32,7.18,21.8,9.88,5.55,7.29,9.08,3.64,12.84,1.04,8.18,4.31,10.35,6.58,8.07,0.0,8.2,2.9,5.66,3.41,4.14,9.48,11.24,6.16,7.87,1.03,4.47,4.76,11.36,21.08,20.44,22.82,22.0,22.68,25.6,17.7,17.13,23.53,19.5,22.68,20.6,24.84,20.21,25.83,21.36,19.66,14.66,24.67,23.1,23.85,21.22,22.5,23.76,29.58,21.86,22.56,21.42,25.81,19.93,21.5,22.61,22.23,16.43,18.21,21.09,18.66,27.34,30.28,28.68,23.98,15.57,17.04,10.9,16.58,16.84,15.56,17.26,17.33,10.03,12.22,15.32,25.29,18.58,13.51,10.01,11.08,11.58,10.25,10.38,16.83,13.0,24.33,14.45,18.8,15.3,11.91,13.72,17.94,16.65,11.64,14.53,9.85,19.11,19.92,18.51,29.36,26.67,16.02,22.62,14.45,27.93,29.19,15.22,23.05,12.74,21.32,14.28,23.18,14.27,16.41,28.13,23.38,26.24,25.67,25.73,33.26
17.56,8.42,22.26,27.66,7.2,19.15,13.51,14.53,6.09,21.39,18.32,21.23,10.38,8.25,22.25,19.64,18.91,18.25,5.39,21.76,22.67,15.71,11.47,20.82,11.6,19.01,21.97,2.74,18.46,20.74,23.35,20.1,26.19,23.85,17.96,23.54,7.06,16.26,17.02,23.73,17.49,23.46,27.76,11.11,17.41,22.37,24.58,26.43,18.7,16.87,18.46,19.43,19.68,19.13,17.15,18.87,12.44,25.12,17.22,24.86,13.1,25.2,10.2,20.15,12.07,11.65,22.02,22.37,21.71,23.92,23.12,16.28,18.43,14.64,17.55,20.86,13.31,17.61,17.32,21.02,17.48,19.5,20.32,18.28,17.39,20.36,18.97,13.22,22.67,17.91,13.8,14.32,14.66,21.08,18.6,25.23,5.59,17.79,13.6,18.26,16.73,8.64,21.82,15.93,17.17,19.4,11.75,10.4,13.19,12.72,12.45,6.55,24.79,12.85,10.3,8.88,18.35,14.11,19.65,16.71,15.5,14.97,16.9,10.18,13.43,11.32,13.29,12.53,11.12,8.37,22.38,19.24,18.88,18.88,21.64,10.04,20.32,15.31,17.29,17.77,21.54,15.95,9.41,19.5,20.24,16.29,23.43,21.41,19.5,9.86,16.2,25.84,23.54,23.18,24.66,21.8,23.26,20.1,22.79,20.81,19.94,23.13,25.75,22.81,18.38,22.31,19.66,20.2,12.38,14.98,13.0,15.72,16.2,14.0,11.43,18.8,15.87,16.97,16.09,22.84,14.03,21.23,13.83,14.15,14.33,13.47,18.32,15.26,15.4,15.46,8.97,12.82,13.68,12.53,11.52,17.51,15.12,12.72,20.67,12.84,15.16,19.1,17.73,8.69,4.64,4.16,27.38,6.87,7.28,4.73,5.17,3.7,18.43,10.72,4.52,5.76,5.71,6.58,9.36,8.51,7.81,3.88,6.87,6.21,6.54,8.2,0.0,5.3,6.51,6.88,4.97,6.11,12.08,5.02,6.27,8.49,6.25,5.83,7.99,19.64,19.0,21.38,20.55,19.21,22.13,14.23,13.65,20.05,16.02,19.2,17.12,21.36,16.74,22.35,17.88,16.18,15.51,21.19,19.62,20.37,17.74,19.02,20.28,26.1,18.38,19.08,17.95,22.33,16.45,18.02,19.13,18.75,14.99,16.76,22.73,17.21,23.86,26.8,25.21,20.5,14.43,15.9,9.77,15.45,15.7,14.42,16.12,16.19,8.89,8.85,14.18,24.15,17.44,12.37,8.87,9.94,10.44,7.44,9.94,15.69,11.86,23.19,13.31,17.66,14.16,10.77,12.58,16.8,15.51,8.27,13.39,8.71,17.97,18.78,17.37,25.88,25.23,14.88,21.17,13.31,26.49,27.75,13.77,21.6,11.6,24.21,12.83,21.73,13.13,14.97,26.68,21.93,24.79,24.23,24.28,37.5
12.26,6.66,20.86,26.26,1.9,19.62,13.98,15.0,4.32,21.86,18.79,21.7,5.08,6.5,22.72,20.11,14.35,18.72,5.98,22.23,23.15,16.18,11.95,21.29,9.84,17.61,22.44,2.55,18.93,19.34,23.82,18.7,26.66,24.33,16.55,24.01,5.31,16.73,17.49,24.2,17.96,23.93,28.23,9.35,17.88,22.84,25.05,26.9,17.3,17.34,18.93,19.9,20.15,19.6,17.62,19.34,12.91,25.59,15.82,25.34,11.73,25.67,10.78,20.62,10.7,12.23,22.49,22.84,22.18,24.39,23.59,14.88,18.9,15.11,18.02,21.33,11.94,18.08,17.8,21.5,16.08,19.97,20.8,18.75,15.99,20.84,19.45,11.82,23.15,18.38,14.27,14.79,15.13,21.55,19.07,25.7,3.84,18.26,12.23,18.73,17.2,9.22,22.29,16.4,17.64,19.87,12.34,10.98,13.77,13.19,11.08,4.79,25.26,13.32,10.88,9.46,18.82,14.58,15.36,17.19,14.96,14.95,17.38,8.8,12.06,9.95,11.92,11.16,9.75,7.0,17.67,14.53,11.81,14.17,14.51,8.66,15.61,13.6,17.77,18.25,15.37,10.65,8.03,10.83,14.11,10.99,18.0,13.33,14.78,8.49,16.67,26.31,24.01,23.66,25.13,22.27,23.73,20.57,23.26,21.29,20.41,23.6,26.22,23.29,18.85,22.78,20.13,14.9,7.08,9.68,9.26,10.43,10.9,8.7,6.14,13.51,10.58,11.68,10.8,17.55,10.29,15.94,8.54,8.86,9.03,8.18,13.02,9.97,10.1,10.16,3.67,7.53,8.38,7.23,6.23,12.21,9.83,7.42,15.37,9.1,9.87,13.8,12.44,9.27,4.92,4.13,27.85,5.12,5.52,5.32,5.42,4.28,18.9,6.98,2.65,4.39,6.18,1.83,9.94,3.21,5.28,1.42,7.45,3.68,5.17,2.9,5.3,0.0,2.76,1.57,1.24,6.58,8.34,3.26,4.97,3.19,1.57,1.86,8.46,18.18,17.54,19.92,19.1,19.78,22.7,14.8,14.23,20.63,16.6,19.78,17.7,21.94,17.31,22.93,18.46,16.76,11.76,21.77,20.2,20.95,18.32,19.6,20.86,26.68,18.96,19.66,18.52,22.91,17.03,18.6,19.71,19.33,13.53,15.31,18.19,15.76,24.44,27.38,25.78,21.08,12.67,14.14,8.0,13.68,13.94,12.66,14.36,14.43,7.13,9.32,12.42,22.39,15.68,10.61,7.11,8.18,8.68,7.35,7.48,13.93,10.1,21.43,11.55,15.9,12.4,9.01,10.82,15.04,13.75,8.74,11.63,6.95,16.21,17.02,15.61,26.46,23.77,13.12,19.72,11.55,25.03,26.29,12.32,20.15,9.84,18.42,11.38,20.28,11.37,13.51,25.23,20.48,23.34,22.77,22.83,30.36
13.44,7.87,22.06,27.47,4.66,20.83,15.19,16.21,5.52,23.07,20.0,22.91,7.84,7.71,23.93,21.32,20.59,19.93,7.18,23.44,24.35,17.39,13.15,22.5,11.05,18.82,23.65,3.76,20.14,20.55,25.03,19.91,27.87,25.53,17.76,25.22,6.51,17.94,18.7,25.41,19.17,25.14,29.44,10.56,19.09,24.05,26.26,28.11,18.5,18.55,20.14,21.11,21.36,20.81,18.83,20.55,14.12,26.8,17.03,26.54,13.86,26.88,11.99,21.83,12.84,13.44,23.7,24.05,23.39,25.6,24.8,16.08,20.11,16.32,19.23,22.54,14.07,19.29,19.0,22.7,17.29,21.18,22.0,19.96,17.2,22.04,20.65,13.03,24.35,19.59,15.48,16.0,16.34,22.76,20.28,26.91,5.05,19.47,14.36,19.94,18.41,10.43,23.5,17.61,18.85,21.08,13.54,12.19,14.98,14.4,13.21,6.0,26.47,14.53,12.09,10.67,20.03,15.79,21.33,18.39,16.26,15.73,18.58,10.94,14.19,12.09,14.05,13.29,11.88,9.13,24.06,20.92,14.57,20.56,17.27,10.8,22.0,16.36,18.97,19.45,18.13,13.42,10.17,13.6,16.87,13.75,20.76,16.09,21.18,10.62,17.88,27.52,25.22,24.86,26.34,23.48,24.94,21.78,24.47,22.49,21.62,24.81,27.43,24.49,20.06,23.99,21.34,16.08,9.84,12.45,7.06,13.19,5.63,11.46,8.9,16.27,13.34,14.44,13.56,18.73,8.09,18.7,11.3,11.62,11.79,10.94,14.21,12.73,12.87,12.92,6.43,10.29,11.15,9.99,8.99,14.97,12.59,10.18,16.56,6.9,12.63,14.99,15.2,10.48,6.13,5.84,29.06,6.33,6.73,6.52,6.63,5.49,20.11,4.78,4.79,6.52,7.39,1.98,11.15,5.97,7.42,3.19,8.66,5.82,7.3,5.66,6.51,2.76,0.0,4.34,1.61,7.79,6.14,4.46,7.1,5.95,3.71,3.99,9.67,19.39,18.75,21.13,20.3,20.99,23.91,16.01,15.44,21.83,17.8,20.98,18.91,23.15,18.52,24.14,19.67,17.97,9.56,22.98,21.4,22.16,19.52,20.81,22.07,27.89,20.17,20.87,19.73,24.12,18.24,19.8,20.92,20.53,14.74,16.52,19.39,16.97,25.65,28.59,26.99,22.29,13.88,15.35,9.21,14.89,15.15,13.87,15.57,15.64,8.34,10.53,13.63,23.6,16.88,11.82,8.32,9.39,9.89,8.56,8.69,15.14,11.31,22.64,12.76,17.11,13.6,10.21,12.02,16.25,14.95,9.95,12.84,8.16,17.42,18.22,16.82,27.66,24.98,14.33,20.93,12.76,26.24,27.5,13.53,21.36,11.05,19.63,12.59,21.49,12.58,14.72,26.44,21.68,24.55,23.98,24.04,31.57
12.77,8.24,22.43,27.84,2.41,19.87,14.22,15.25,5.89,22.11,19.04,21.95,5.59,8.07,22.97,20.36,14.86,18.97,7.56,22.48,23.39,16.43,12.19,21.54,11.42,19.18,22.69,4.13,19.99,20.92,24.07,20.27,26.91,24.57,18.13,24.26,6.88,16.98,17.74,24.45,18.21,24.18,28.48,10.93,18.13,23.09,25.3,27.15,24.05,17.59,19.17,20.15,21.21,19.85,17.87,19.59,13.16,25.84,17.4,25.58,11.51,25.92,12.36,20.87,10.48,13.82,22.74,23.09,22.43,24.64,23.83,16.45,19.15,15.36,18.27,21.58,11.72,18.33,18.04,21.74,17.65,20.22,21.04,19.0,22.75,21.08,19.69,13.4,23.39,18.63,14.52,15.04,15.38,21.8,19.32,25.95,5.41,19.32,12.01,18.98,17.45,10.8,22.54,16.65,17.89,20.12,13.92,12.57,20.3,13.44,10.86,6.37,25.51,13.57,12.46,11.04,19.07,14.83,15.87,18.24,13.91,13.38,18.43,8.58,11.84,9.73,11.7,10.94,9.53,6.78,18.18,15.04,12.32,14.68,15.02,8.44,16.12,14.11,18.82,19.3,15.88,11.16,7.81,11.34,14.62,11.5,18.51,13.84,15.29,8.27,17.73,26.55,24.25,23.9,25.38,22.52,23.98,20.82,23.51,21.53,20.66,23.85,26.47,23.53,19.1,23.03,20.38,15.41,7.59,10.19,10.84,10.94,11.41,9.21,6.65,14.02,11.09,12.19,11.31,18.06,11.87,16.45,9.05,9.37,9.54,8.69,13.53,10.48,10.61,10.67,4.18,8.03,8.89,7.74,6.74,12.72,10.34,7.93,15.88,10.68,10.38,14.31,12.95,10.86,6.49,3.91,28.91,6.69,7.1,6.9,7.0,5.87,19.15,8.55,2.43,4.17,7.24,2.34,11.53,3.72,5.06,2.99,9.04,3.46,4.95,3.41,6.88,1.57,4.34,0.0,2.82,8.23,9.91,4.83,4.75,3.7,1.73,1.64,10.11,19.76,19.12,21.5,20.67,20.87,23.79,15.89,15.32,21.71,17.68,20.86,18.79,23.03,18.4,24.02,19.55,17.85,13.34,22.86,21.28,22.04,19.4,20.69,21.95,27.77,20.05,20.75,19.61,24.0,18.12,19.68,20.8,20.41,15.11,16.89,24.4,17.33,25.53,28.47,26.87,22.17,14.25,15.72,9.58,15.26,15.52,14.23,15.94,16.01,8.7,10.98,14.0,23.97,17.25,12.19,8.69,9.76,10.26,8.92,9.06,15.51,11.68,23.01,13.13,17.48,13.97,10.58,12.39,16.62,15.32,10.39,13.21,8.53,17.79,18.59,17.19,27.54,25.35,14.7,21.29,13.13,26.61,27.87,13.9,21.72,11.41,19.99,12.96,21.85,12.95,15.09,26.8,22.05,24.91,24.35,24.41,31.94
13.5,6.33,20.52,25.93,3.14,19.29,13.64,14.67,3.98,21.53,18.46,21.37,6.32,6.17,22.39,19.78,19.05,18.39,5.64,21.9,22.81,15.85,11.61,20.96,9.51,17.28,22.11,2.22,18.6,19.01,23.49,18.36,26.33,23.99,16.22,23.68,4.97,16.4,17.16,23.87,17.63,23.6,27.9,9.02,17.55,22.51,24.72,26.57,16.96,17.01,18.59,19.57,19.82,19.27,17.29,19.01,12.58,25.26,15.49,25.0,12.34,25.34,10.45,20.29,11.32,11.9,22.16,22.51,21.85,24.06,23.25,14.54,18.57,14.78,17.69,21.0,12.55,17.75,17.46,21.16,15.74,19.64,20.46,18.42,15.66,20.5,19.11,11.49,22.81,18.05,13.94,14.46,14.8,21.22,18.74,25.37,3.51,17.93,12.85,18.4,16.87,8.89,21.96,16.07,17.31,19.54,12.0,10.65,13.44,12.86,11.7,4.46,24.93,12.99,10.55,9.13,18.49,14.25,19.79,16.85,14.74,14.22,17.04,9.42,12.67,10.57,12.53,11.77,10.36,7.61,22.52,19.38,13.05,19.02,15.75,9.28,20.46,14.85,17.43,17.91,16.61,11.9,8.65,12.08,15.35,12.24,19.24,14.57,19.63,9.11,16.34,25.97,23.67,23.32,24.8,21.94,23.4,20.24,22.93,20.95,20.08,23.27,25.89,22.95,18.52,22.45,19.8,16.14,8.32,10.93,8.11,11.67,12.15,9.94,7.38,14.75,11.82,12.92,12.04,18.79,9.14,17.18,9.78,10.1,10.28,9.42,14.26,11.21,11.35,11.4,4.91,8.77,9.63,8.48,7.47,13.46,11.07,8.66,16.61,7.95,11.11,15.05,13.68,8.94,4.59,4.3,27.52,4.79,5.19,4.98,5.09,3.95,18.57,5.83,3.27,5.0,5.85,1.62,9.61,4.45,5.9,1.65,7.12,4.3,5.78,4.14,4.97,1.24,1.61,2.82,0.0,6.25,7.19,2.92,5.58,4.43,2.19,2.47,8.13,17.85,17.21,19.59,18.76,19.45,22.37,14.47,13.9,20.29,16.26,19.44,17.37,21.61,16.98,22.6,18.13,16.42,10.61,21.43,19.86,20.61,17.98,19.27,20.53,26.35,18.63,19.33,18.19,22.58,16.7,18.26,19.38,18.99,13.2,14.98,17.85,15.43,24.11,27.04,25.45,20.74,12.34,13.81,7.67,13.35,13.61,12.33,14.03,14.1,6.8,8.99,12.09,22.06,15.34,10.28,6.78,7.85,8.35,7.02,7.15,13.6,9.77,21.1,11.22,15.57,12.06,8.67,10.48,14.71,13.41,8.4,11.3,6.62,15.88,16.68,15.28,26.12,23.44,12.79,19.39,11.22,24.7,25.96,11.99,19.82,9.51,18.08,11.05,19.94,11.04,13.18,24.9,20.14,23.0,22.44,22.5,30.03
18.84,6.79,16.98,22.38,8.48,14.08,8.43,9.86,2.84,16.72,13.65,16.16,11.66,2.72,17.58,14.97,20.19,13.18,3.69,17.09,18.01,11.04,6.4,16.15,7.55,13.73,16.89,4.03,19.74,15.46,18.68,14.82,21.53,19.19,12.68,18.87,4.04,11.59,12.35,18.66,12.82,18.79,23.09,7.43,12.74,17.7,19.5,21.76,13.42,11.8,13.79,14.76,20.96,14.46,12.07,14.2,7.37,20.45,11.95,20.2,14.39,20.53,4.92,15.48,13.36,6.37,16.94,17.29,16.64,19.25,18.45,11.0,13.35,9.56,7.51,16.19,14.6,12.94,12.66,16.36,12.2,14.43,15.25,8.15,12.11,15.7,13.9,7.95,17.6,8.64,8.26,9.24,8.85,16.0,8.11,20.56,3.96,19.07,14.89,13.59,11.65,3.36,16.74,10.86,12.09,14.32,6.47,5.12,7.91,6.62,13.74,4.92,20.12,5.7,5.02,3.6,6.4,5.44,20.94,18.0,16.79,16.26,18.19,11.46,14.72,12.61,14.58,13.82,12.41,9.66,23.67,20.52,20.16,20.17,22.92,11.32,21.61,16.6,18.58,19.06,22.83,17.24,10.69,20.78,21.53,17.57,24.71,22.7,20.78,11.15,17.49,20.76,18.46,18.11,19.59,16.73,18.18,15.03,17.71,15.74,14.87,18.05,21.08,17.74,13.31,17.64,14.59,21.48,13.66,16.26,14.29,17.01,17.49,15.28,12.72,20.09,17.16,18.26,17.38,24.13,15.32,22.52,15.12,15.44,15.61,14.76,19.6,16.55,16.69,16.74,10.25,14.11,14.97,13.81,12.81,18.79,16.41,14.0,21.95,14.13,16.45,20.38,19.02,3.41,3.44,5.44,28.66,5.24,5.65,4.86,1.92,2.42,12.67,12.01,5.8,7.05,7.0,7.87,4.08,9.79,9.1,5.17,1.59,7.5,7.83,9.48,6.11,6.58,7.79,8.23,6.25,0.0,13.43,4.72,7.62,9.83,7.59,7.17,2.66,14.3,13.66,16.04,15.22,15.36,18.28,10.38,9.8,16.2,12.17,15.35,13.28,17.52,12.89,18.51,14.04,12.33,16.85,17.34,15.77,16.52,13.89,15.18,16.44,22.26,9.37,10.07,10.25,14.47,9.56,9.01,9.74,11.38,9.65,11.43,14.31,11.88,20.02,22.95,21.36,16.65,12.86,14.33,5.71,11.39,14.13,12.85,12.88,12.14,4.84,3.52,10.13,20.1,15.87,10.8,4.82,2.9,8.87,1.33,1.84,14.12,10.29,19.14,11.74,13.61,12.59,9.2,8.52,12.75,13.94,2.94,11.82,4.66,13.92,17.21,15.8,22.03,19.89,11.0,15.84,9.26,21.15,22.42,8.44,16.27,7.55,18.88,7.5,16.4,8.6,9.64,21.35,16.6,19.46,18.89,18.95,26.48
7.1,13.45,27.64,33.04,10.24,26.41,20.76,21.79,11.1,28.65,25.58,28.49,13.42,13.28,29.51,26.89,26.16,25.51,12.76,29.02,29.93,22.97,18.73,28.08,16.63,24.39,29.22,9.34,25.71,26.13,30.6,25.48,33.45,31.11,23.34,30.8,12.09,23.51,24.27,30.99,24.75,30.71,35.02,16.14,24.66,29.62,31.84,33.69,24.08,24.13,25.71,26.69,26.93,26.39,24.41,26.12,19.7,32.38,22.61,32.12,19.44,32.45,17.56,27.4,18.41,19.02,29.28,29.62,28.97,31.18,30.37,21.66,25.68,21.9,24.81,28.12,19.65,24.87,24.58,28.28,22.86,26.76,27.58,25.53,22.78,27.62,26.23,18.61,29.93,25.16,21.06,21.58,21.92,28.34,25.86,32.49,10.62,25.04,19.94,25.51,23.98,16.0,29.07,23.19,24.42,26.65,19.12,17.77,20.56,19.97,18.79,11.58,32.05,20.11,17.66,16.24,25.61,21.37,26.91,23.97,21.84,21.31,24.16,16.51,19.77,17.66,19.63,18.87,17.46,14.71,21.74,20.46,20.15,26.14,18.52,16.37,21.54,21.94,24.55,25.03,19.38,18.99,15.74,19.17,18.12,19.33,22.01,21.67,20.72,16.2,23.46,33.09,30.79,30.44,31.92,29.06,30.51,27.36,30.04,28.07,27.2,30.38,33.01,30.07,25.64,29.56,26.92,9.74,15.42,14.24,2.5,13.2,9.1,11.01,14.48,16.28,14.59,14.45,6.79,12.39,3.53,18.71,16.87,11.63,9.37,16.51,7.87,10.44,8.3,14.42,12.01,10.36,11.15,11.35,11.53,16.23,8.02,15.76,10.22,0.76,18.2,8.65,15.21,16.06,11.7,11.41,34.63,11.9,12.31,12.1,12.21,11.07,25.69,1.98,10.36,12.1,12.97,7.56,16.73,11.55,12.99,8.77,14.24,11.39,12.88,11.24,12.08,8.34,6.14,9.91,7.19,13.43,0.0,10.04,12.68,11.52,9.28,9.57,15.24,24.97,24.33,26.71,25.88,26.57,29.49,21.59,21.01,27.41,23.38,26.56,24.48,28.72,24.1,29.71,25.25,23.54,3.22,28.55,26.98,27.73,25.1,26.38,27.64,33.47,25.74,26.44,25.31,29.69,23.81,25.38,26.49,26.11,20.32,22.09,24.97,22.54,31.22,34.16,32.57,27.86,19.46,20.93,14.79,20.47,20.73,19.44,21.14,21.22,13.91,16.11,19.21,29.17,22.46,17.4,13.89,14.97,15.46,14.13,14.26,20.72,16.89,28.21,18.34,22.69,19.18,15.79,17.6,21.83,20.53,15.52,18.42,13.74,23.0,23.8,22.4,33.24,30.56,19.91,26.5,18.34,31.82,33.08,19.1,26.93,16.62,25.2,18.16,27.06,18.16,20.3,32.01,27.26,30.12,29.56,29.61,37.15
15.52,3.8,18.6,24.0,5.16,19.34,13.69,14.72,2.06,21.58,18.51,21.42,8.34,4.24,22.44,19.82,19.09,18.44,5.69,21.95,22.86,15.9,11.66,21.01,7.58,15.35,22.16,2.27,18.64,17.08,23.54,16.44,26.38,24.04,14.29,23.73,3.05,16.45,17.21,23.92,17.68,23.65,27.95,6.48,17.6,22.55,24.77,26.62,15.04,17.06,18.64,19.62,19.87,19.32,17.34,19.06,12.63,25.31,13.56,25.05,13.29,25.38,8.86,20.34,12.26,10.31,22.21,22.56,21.9,24.11,23.3,12.62,18.62,14.83,12.47,21.05,13.5,17.8,17.51,21.21,13.82,19.69,20.51,13.1,13.73,20.55,19.16,9.56,22.86,18.1,13.99,14.51,14.85,21.27,12.05,25.42,1.58,17.98,13.79,18.45,16.92,7.3,22.01,16.12,17.36,19.59,10.64,9.06,12.08,12.91,12.64,2.54,24.98,9.64,8.96,7.54,12.08,9.38,19.84,16.9,15.69,15.16,17.09,10.37,13.62,11.51,13.48,12.72,11.31,8.56,22.57,19.43,15.07,19.07,17.77,10.23,20.51,15.5,17.48,17.96,21.73,13.91,9.6,14.09,20.43,14.25,23.62,16.59,19.68,10.05,16.39,26.02,23.72,23.37,24.85,21.99,23.45,20.29,22.98,21.0,20.13,23.32,25.94,23.0,18.57,22.5,19.85,18.16,10.34,12.94,10.96,13.68,14.16,11.96,9.39,16.76,13.83,14.93,14.05,20.8,11.99,19.19,11.79,12.11,12.29,11.43,16.28,13.22,13.36,13.42,6.93,10.78,11.64,10.49,9.48,15.47,13.08,10.68,18.63,10.8,13.12,17.06,15.69,7.35,2.66,4.34,27.57,2.25,2.66,5.03,3.17,4.0,18.62,8.68,4.71,5.95,5.9,4.54,8.02,6.47,7.91,1.84,5.53,6.31,6.73,6.16,5.02,3.26,4.46,4.83,2.92,4.72,10.04,0.0,6.57,6.44,4.2,4.48,6.65,15.92,15.28,17.66,16.84,19.5,22.42,14.52,13.95,20.34,16.31,19.49,17.42,21.66,17.03,22.65,18.18,16.47,12.56,21.48,19.91,20.66,18.03,19.32,20.58,26.4,18.68,19.38,18.24,16.09,16.75,18.31,13.38,19.04,11.27,13.05,15.93,13.5,24.16,27.09,25.5,20.79,10.41,11.88,5.75,11.43,11.68,10.4,12.1,12.17,4.87,6.66,10.16,20.13,13.42,8.35,4.85,5.92,6.42,5.09,5.22,11.67,7.84,19.17,9.29,13.64,10.14,6.75,8.56,12.78,11.49,6.1,9.37,4.69,13.95,14.76,13.35,26.17,21.51,10.86,17.46,9.29,22.77,24.03,10.06,17.89,7.58,16.16,9.12,18.02,9.11,11.25,22.97,18.22,21.08,20.51,20.57,28.1
17.23,9.98,23.81,29.22,6.87,19.26,13.61,14.64,7.65,21.5,18.43,21.34,10.05,9.81,22.36,19.74,12.46,18.36,6.95,21.87,22.78,15.82,11.58,20.93,13.15,20.57,22.08,4.3,12.33,22.3,23.46,21.66,26.3,23.96,19.51,23.65,8.62,16.37,17.13,23.84,17.6,23.57,27.87,12.66,17.52,22.47,24.69,26.54,23.44,16.98,18.56,19.54,14.73,19.24,17.26,18.98,12.55,25.23,18.78,24.97,8.95,25.3,11.75,20.26,7.92,13.21,22.13,22.48,21.82,24.03,23.22,17.83,18.54,14.75,17.66,20.97,9.16,17.72,17.43,21.13,22.22,19.61,20.43,18.39,22.14,20.47,19.08,14.78,22.78,18.02,13.91,14.43,14.77,21.19,18.71,25.34,7.15,18.71,9.45,18.37,16.84,10.19,21.93,16.04,17.28,19.51,13.31,11.96,19.69,12.83,8.3,8.11,24.9,12.96,11.85,10.43,18.46,14.22,12.66,17.63,11.35,10.82,17.82,6.02,9.28,7.17,9.14,8.38,6.97,4.22,23.3,20.16,19.8,19.8,22.56,5.88,21.24,11.16,18.21,18.69,22.46,15.62,5.26,15.8,21.16,13.57,24.35,12.72,20.41,5.71,17.12,25.94,23.64,23.29,24.77,21.91,23.37,20.21,22.9,20.92,20.05,23.24,25.86,22.92,18.49,22.42,19.77,19.86,12.04,14.65,13.6,15.39,15.87,13.67,11.1,18.47,15.54,16.64,15.76,22.51,14.63,20.9,13.5,13.82,14.0,13.14,17.99,14.93,15.07,15.13,8.64,12.49,13.35,12.2,11.19,17.18,14.79,12.39,20.34,13.44,14.83,18.77,17.4,10.25,6.19,3.3,28.3,8.43,8.84,6.29,6.72,5.26,18.54,11.32,2.31,1.61,6.63,6.8,10.92,8.18,5.61,5.44,8.43,2.99,2.39,7.87,6.27,4.97,7.1,4.75,5.58,7.62,12.68,6.57,0.0,8.15,4.49,3.69,9.5,21.15,20.51,22.89,22.06,20.26,23.18,15.28,14.71,21.1,17.07,20.25,18.18,22.42,17.79,23.41,18.94,17.24,16.1,22.24,20.67,21.42,18.79,20.08,21.34,27.16,19.44,20.14,19.0,23.39,17.51,19.07,20.19,19.8,16.5,18.27,23.79,18.72,24.92,27.86,26.26,21.55,15.94,17.41,11.28,16.96,17.21,15.93,17.63,17.7,10.4,10.36,15.69,25.66,18.95,13.88,10.38,11.45,11.95,8.95,11.45,17.2,13.37,24.7,14.82,19.18,15.67,12.28,14.09,18.32,17.02,9.78,14.9,10.22,19.48,20.29,18.88,26.93,26.74,16.39,22.68,14.82,28.0,29.26,15.28,23.11,13.11,25.72,14.34,23.24,14.64,16.48,28.19,23.44,26.3,25.74,25.79,38.56
10.52,9.85,24.04,29.44,4.0,22.81,17.16,18.19,7.5,25.05,21.98,24.89,3.34,9.68,25.91,23.29,12.61,21.91,9.16,25.42,26.33,19.37,15.13,24.48,13.03,20.79,25.63,5.74,14.97,22.53,27.0,21.88,29.85,27.51,19.74,27.2,8.49,19.92,20.67,27.39,21.15,27.11,31.42,12.54,21.06,26.02,28.24,30.09,20.48,20.53,22.11,23.09,16.19,22.79,20.81,22.52,16.1,28.78,19.01,28.52,14.91,28.85,13.96,23.81,13.89,15.42,25.68,26.03,25.37,27.58,26.77,18.06,22.08,18.3,21.21,24.52,15.12,21.27,20.98,24.68,19.26,23.16,23.98,21.93,19.18,24.02,22.63,15.01,26.33,21.57,17.46,17.98,18.32,24.74,22.26,28.89,7.02,15.11,15.42,21.92,20.38,12.4,25.47,19.59,20.82,23.05,15.52,14.17,16.96,16.38,14.27,7.98,28.45,16.51,14.06,12.64,22.01,17.77,13.62,14.03,13.22,13.21,14.83,11.99,13.54,13.14,15.1,14.34,12.94,10.19,15.93,12.79,10.07,12.43,12.77,11.85,13.87,11.86,12.88,13.36,13.63,8.92,11.22,9.09,12.37,9.25,16.26,11.59,13.04,11.68,13.52,29.49,27.19,26.84,28.32,25.46,26.91,23.76,26.44,24.47,23.6,26.78,29.41,26.47,22.04,25.97,23.32,13.16,5.34,7.94,12.44,8.69,9.17,6.96,4.4,11.77,8.84,9.94,9.06,15.81,13.48,14.2,6.8,7.12,7.29,6.44,11.28,8.23,8.37,8.42,1.93,5.79,6.64,5.49,4.49,10.47,8.09,5.68,13.63,12.29,8.13,12.06,10.7,12.46,8.1,7.32,25.3,8.3,8.71,8.5,8.61,7.47,22.09,10.16,5.84,7.57,9.37,3.93,13.13,1.33,8.47,4.6,10.64,6.87,8.35,1.03,8.49,3.19,5.95,3.7,4.43,9.83,11.52,6.44,8.15,0.0,4.76,5.04,11.65,21.37,20.73,23.11,22.28,22.97,25.89,17.99,17.41,23.81,19.78,22.96,20.89,25.12,20.5,26.11,21.65,19.94,14.95,24.95,23.38,24.13,21.5,22.78,24.05,29.87,22.14,22.85,21.71,26.09,20.22,21.78,22.89,22.51,16.72,18.5,21.37,18.94,27.62,30.56,28.97,24.26,15.86,17.33,11.19,16.87,17.13,15.84,17.55,17.62,10.31,12.51,15.61,25.58,18.86,13.8,10.3,11.37,11.86,10.53,10.67,17.12,13.29,24.62,14.74,19.09,15.58,12.19,14.0,18.23,16.93,11.92,14.82,10.14,19.4,20.2,18.8,29.64,26.96,16.31,22.9,14.74,28.22,29.48,15.51,23.33,13.02,21.6,14.57,23.46,14.56,16.7,28.41,23.66,26.52,25.96,26.02,33.55
13.83,7.61,21.8,27.2,3.47,19.62,13.97,14.99,5.26,21.85,18.79,21.7,6.65,7.44,22.72,20.1,14.76,18.72,6.92,22.23,23.14,16.17,11.94,21.28,10.79,18.55,22.43,3.5,19.73,20.29,23.81,19.64,26.66,24.32,17.5,24.0,6.25,16.72,17.48,24.2,17.96,23.92,28.23,10.3,17.87,22.83,25.04,26.89,18.24,17.33,18.92,19.89,20.95,19.59,17.61,19.33,12.9,25.58,16.77,25.33,11.25,25.66,11.72,20.61,10.23,13.18,22.48,22.83,22.18,24.38,23.58,15.82,18.89,15.1,18.02,21.32,11.46,18.07,17.79,21.49,17.02,19.96,20.79,18.74,16.94,20.83,19.44,12.77,23.14,18.37,14.26,14.78,15.12,21.54,19.06,25.7,4.78,19.06,11.76,18.72,17.19,10.16,22.28,16.4,17.63,19.86,13.28,11.93,20.05,13.18,10.61,5.74,25.26,13.31,11.82,10.4,18.82,14.57,14.96,17.99,13.65,13.12,18.18,8.33,11.58,9.48,11.44,10.68,9.27,6.52,19.24,16.1,13.38,15.75,16.08,8.19,17.18,13.46,18.57,19.05,16.94,12.23,7.56,12.41,15.68,12.57,19.57,14.91,16.36,8.02,17.48,26.3,24.0,23.65,25.12,22.27,23.72,20.57,23.25,21.28,20.41,23.59,26.22,23.28,18.85,22.77,20.12,16.47,8.65,11.26,10.2,12.0,12.48,10.27,7.71,15.08,12.15,13.25,12.37,19.12,11.24,17.51,10.11,10.43,10.61,9.75,14.6,11.54,11.68,11.73,5.25,9.1,9.96,8.81,7.8,13.79,11.4,8.99,16.95,10.05,11.44,15.38,14.01,10.22,5.86,3.66,28.65,6.06,6.47,6.26,6.37,5.23,18.9,7.92,2.18,3.91,6.99,3.41,10.89,4.78,4.81,2.36,8.4,3.21,4.69,4.47,6.25,1.57,3.71,1.73,2.19,7.59,9.28,4.2,4.49,4.76,0.0,1.38,9.41,19.13,18.49,20.87,20.04,20.62,23.54,15.64,15.06,21.46,17.43,20.61,18.53,22.77,18.14,23.76,19.29,17.59,12.71,22.6,21.03,21.78,19.15,20.43,21.69,27.51,19.79,20.49,19.36,23.74,17.86,19.43,20.54,20.16,14.48,16.26,24.14,16.7,25.27,28.21,26.62,21.91,13.62,15.09,8.95,14.63,14.89,13.6,15.31,15.38,8.07,10.27,13.37,23.34,16.62,11.56,8.06,9.13,9.62,8.29,8.43,14.88,11.05,22.38,12.5,16.85,13.34,9.95,11.76,15.99,14.69,9.68,12.58,7.9,17.16,17.96,16.56,27.29,24.72,14.07,20.66,12.5,25.98,27.24,13.26,21.09,10.78,19.36,12.32,21.22,12.32,14.46,26.17,21.42,24.28,23.72,23.78,31.31
14.12,7.89,22.08,27.49,3.76,18.81,13.17,14.19,5.54,21.05,17.98,20.9,6.94,7.73,21.91,19.3,13.96,17.91,6.5,21.43,22.34,15.37,11.14,20.48,11.07,18.84,21.63,3.78,18.93,20.57,23.01,19.92,25.86,23.52,17.78,23.2,6.53,15.92,16.68,23.39,17.15,23.12,27.42,10.58,17.07,22.03,24.24,26.09,22.99,16.53,18.12,19.09,20.15,18.79,16.81,18.53,12.1,24.78,17.05,24.53,10.45,24.86,11.31,19.81,9.42,12.76,21.68,22.03,21.38,23.58,22.78,16.1,18.09,14.3,17.21,20.52,10.66,17.27,16.99,20.69,21.77,19.16,19.99,17.94,21.69,20.03,18.64,13.05,22.34,17.57,13.46,13.98,14.32,20.74,18.26,24.9,5.07,18.26,10.95,17.92,16.39,9.75,21.48,15.6,16.83,19.06,12.86,11.51,19.25,12.38,9.8,6.02,24.45,12.51,11.41,9.99,18.02,13.77,14.16,17.19,12.85,12.32,17.38,7.53,10.78,8.67,10.64,9.88,8.47,5.72,22.86,19.71,13.67,19.36,16.37,7.39,20.79,12.66,17.77,18.25,17.22,12.51,6.76,12.69,15.96,12.85,23.9,14.22,19.97,7.21,16.67,25.5,23.2,22.85,24.32,21.46,22.92,19.76,22.45,20.48,19.6,22.79,25.41,22.48,18.05,21.97,19.32,16.75,8.93,11.54,10.49,12.28,12.76,10.56,7.99,15.36,12.43,13.53,12.65,19.4,11.52,17.79,10.39,10.71,10.89,10.03,14.88,11.82,11.96,12.02,5.53,9.38,10.24,9.09,8.08,14.07,11.68,9.28,17.23,10.33,11.72,15.66,14.29,9.8,5.75,2.86,27.85,6.35,6.75,5.84,6.28,4.81,18.1,8.21,1.38,3.11,6.18,3.69,10.47,5.07,4.01,2.64,7.98,2.41,3.89,4.76,5.83,1.86,3.99,1.64,2.47,7.17,9.57,4.48,3.69,5.04,1.38,0.0,9.06,19.41,18.77,21.15,20.32,19.81,22.73,14.84,14.26,20.66,16.63,19.81,17.73,21.97,17.34,22.96,18.49,16.79,12.99,21.8,20.23,20.98,18.35,19.63,20.89,26.71,18.99,19.69,18.55,22.94,17.06,18.63,19.74,19.36,14.76,16.54,23.34,16.99,24.47,27.41,25.81,21.11,13.9,15.37,9.23,14.91,15.17,13.89,15.59,15.66,8.36,9.92,13.65,23.62,16.9,11.84,8.34,9.41,9.91,8.58,8.71,15.16,11.33,22.66,12.78,17.13,13.62,10.23,12.04,16.27,14.97,9.33,12.86,8.18,17.44,18.24,16.84,26.49,25.0,14.35,20.95,12.78,26.26,27.52,13.55,21.38,11.07,19.64,12.61,21.5,12.6,14.74,26.46,21.7,24.56,24.0,24.06,38.11
20.72,8.67,14.32,19.72,10.36,12.31,6.66,8.09,4.72,14.96,11.89,14.39,13.54,6.33,15.82,13.2,22.07,11.41,4.03,15.33,16.24,9.27,4.63,14.38,7.66,11.07,15.13,5.91,21.62,12.8,16.91,12.16,19.76,17.42,10.02,17.11,7.31,9.82,10.58,16.89,11.06,17.02,21.33,8.03,10.97,15.93,17.74,20.0,10.76,10.03,12.02,13.0,22.84,12.69,10.31,12.43,5.6,18.69,9.28,18.43,16.27,18.76,3.15,13.71,15.24,4.61,15.18,15.53,14.87,17.48,16.68,8.34,11.59,7.8,5.75,14.42,16.48,11.17,10.89,14.59,9.54,12.66,13.48,6.38,9.45,13.93,12.13,5.29,15.83,6.88,6.49,7.48,7.08,14.24,6.35,18.8,5.84,20.95,16.77,11.82,9.89,1.59,14.97,9.09,10.33,12.55,4.71,3.35,6.14,4.85,15.62,6.8,18.36,3.94,3.25,1.83,4.63,3.67,22.82,19.88,18.66,18.14,20.07,13.34,16.6,14.49,16.46,15.69,14.29,11.54,25.55,22.4,22.04,22.05,24.8,13.2,23.49,18.48,20.46,20.94,24.71,19.11,12.57,22.66,23.41,19.45,26.59,24.58,22.66,13.03,19.37,18.99,16.69,16.34,17.82,14.96,16.41,13.26,15.94,13.97,13.1,16.29,19.32,15.97,11.54,15.87,12.82,23.36,15.54,18.14,16.17,18.89,19.36,17.16,14.6,21.97,19.04,20.14,19.26,26.01,17.2,24.4,17.0,17.32,17.49,16.64,21.48,18.43,18.56,18.62,12.13,15.99,16.84,15.69,14.69,20.67,18.29,15.88,23.83,16.01,18.33,22.26,20.9,3.76,5.32,7.32,30.54,7.12,7.53,6.74,3.79,4.3,10.91,13.88,7.68,8.93,8.88,9.75,4.43,11.67,10.97,7.05,1.94,9.38,9.7,11.36,7.99,8.46,9.67,10.11,8.13,2.66,15.24,6.65,9.5,11.65,9.41,9.06,0.0,11.64,11.0,13.38,12.56,13.59,16.51,8.61,8.04,14.44,10.4,13.59,11.51,15.75,11.12,16.74,12.27,10.57,18.73,15.58,14.01,14.76,12.13,13.41,14.67,20.49,7.6,8.3,8.48,11.81,7.8,7.24,9.1,9.61,6.99,8.77,11.65,9.22,18.25,21.19,19.59,14.89,14.74,16.21,6.31,11.51,14.87,14.73,12.99,12.25,6.97,3.5,10.24,20.21,17.75,12.68,6.95,5.15,10.75,5.32,4.59,16.0,12.17,19.25,13.62,13.73,14.46,11.08,8.64,12.87,15.82,2.92,13.7,5.53,14.03,19.08,17.68,20.27,17.23,8.34,13.18,9.37,18.49,19.76,5.78,13.61,6.64,16.22,4.84,13.74,5.94,6.98,18.69,13.94,16.8,16.23,16.29,23.82
30.44,16.02,4.31,9.71,20.08,22.3,16.66,13.19,15.71,20.05,14.99,25.3,23.26,12.88,20.91,16.3,33.71,21.4,15.68,20.43,21.34,14.37,14.62,17.48,10.78,1.1,26.03,17.55,33.26,2.79,22.01,2.15,16.38,18.16,1.77,22.2,14.18,14.92,15.68,26.88,16.16,22.12,15.08,11.54,16.07,21.03,27.73,13.75,5.48,20.02,17.12,18.09,34.49,17.79,20.3,17.53,15.59,23.78,2.86,15.4,27.91,23.86,11.96,18.81,26.88,11.37,25.17,24.34,24.86,22.58,19.84,3.43,21.58,17.79,9.18,19.52,28.12,16.27,15.99,19.69,4.27,22.65,23.47,9.91,4.18,19.03,22.12,8.46,25.82,8.09,11.71,17.47,12.57,24.23,7.49,17.46,14.75,32.6,28.41,16.92,19.88,13.23,24.97,19.08,20.32,22.55,9.54,11.56,8.26,13.53,27.26,14.15,19.1,15.38,10.73,11.76,9.62,10.65,34.46,31.52,30.31,29.78,31.71,24.98,28.24,26.13,28.1,27.34,25.93,23.18,37.19,34.05,33.69,33.69,36.44,24.84,35.13,30.12,32.1,32.58,36.35,28.84,24.22,29.02,35.05,29.18,38.24,31.51,34.3,24.67,31.01,28.99,27.43,26.33,27.81,24.95,26.41,23.25,25.0,23.9,23.81,26.57,24.41,26.25,21.53,20.97,23.25,33.08,25.26,27.87,25.89,28.61,29.09,26.88,24.32,31.69,28.76,29.86,28.98,35.73,26.92,34.12,26.72,27.04,27.22,26.36,31.2,28.15,28.29,28.34,21.85,25.71,26.57,25.42,24.41,30.4,28.01,25.6,33.56,25.73,28.05,31.99,30.62,15.4,16.31,18.96,42.19,16.39,15.37,18.38,15.44,15.94,20.37,23.61,19.32,20.57,20.52,19.47,16.07,21.39,22.62,16.77,13.58,21.02,21.35,21.08,19.64,18.18,19.39,19.76,17.85,14.3,24.97,15.92,21.15,21.37,19.13,19.41,11.64,0.0,2.76,3.38,1.52,18.32,21.24,13.28,12.77,19.16,15.13,18.31,16.24,20.48,15.85,21.47,17.0,15.29,28.39,20.3,18.73,19.48,13.29,16.13,17.39,13.33,7.03,5.49,11.15,6.53,9.56,5.89,7.64,12.28,4.75,3.88,6.36,4.84,20.97,16.07,18.94,16.96,21.89,23.36,11.6,14.63,17.99,21.88,16.12,15.38,12.67,15.15,13.37,23.34,24.14,19.46,12.66,10.85,17.55,15.2,11.77,23.15,18.97,22.38,18.23,16.85,21.62,17.87,11.76,15.99,22.97,14.57,20.85,11.23,17.16,25.4,23.9,13.11,7.23,11.47,1.85,12.5,8.48,9.75,6.25,3.6,9.77,6.21,7.25,3.73,9.07,4.6,8.68,3.93,6.79,6.22,6.28,13.82
29.8,15.38,5.43,10.83,19.44,21.66,16.02,12.55,15.07,19.41,14.35,24.66,22.62,12.24,20.27,15.66,33.07,20.76,15.04,19.79,20.7,13.73,13.98,16.84,10.14,2.18,25.39,16.91,32.62,3.91,21.37,3.27,15.74,17.52,0.99,21.56,13.54,14.28,15.04,26.24,15.52,21.48,14.44,10.9,15.43,20.39,27.09,13.11,4.85,19.38,16.48,17.45,33.85,17.15,19.66,16.89,14.95,23.14,2.22,14.76,27.27,23.22,11.32,18.17,26.24,10.73,24.53,23.7,24.22,21.94,19.2,2.79,20.94,17.15,8.54,18.88,27.48,15.63,15.35,19.05,3.63,22.01,22.83,9.27,3.54,18.39,21.48,7.82,25.19,7.45,11.07,16.83,11.93,23.59,6.85,16.82,14.11,31.96,27.77,16.28,19.24,12.59,24.33,18.44,19.68,21.91,8.9,10.92,7.63,12.89,26.62,13.51,18.46,14.74,10.09,11.12,8.98,10.01,33.82,30.88,29.67,29.14,31.07,24.34,27.6,25.49,27.46,26.7,25.29,22.54,36.55,33.41,33.05,33.05,35.8,24.2,34.49,29.48,31.46,31.94,35.71,28.2,23.58,28.38,34.41,28.54,37.6,30.88,33.66,24.03,30.37,28.35,26.79,25.7,27.17,24.31,25.77,22.61,24.36,23.26,23.17,25.93,23.78,25.61,20.89,20.33,22.61,32.44,24.62,27.23,25.25,27.97,28.45,26.24,23.68,31.05,28.12,29.22,28.34,35.09,26.28,33.48,26.08,26.4,26.58,25.72,30.56,27.51,27.65,27.7,21.22,25.07,25.93,24.78,23.77,29.76,27.37,24.96,32.92,25.09,27.41,31.35,29.98,14.76,15.67,18.32,41.55,15.75,14.73,17.74,14.8,15.3,19.73,22.97,18.69,19.93,19.88,18.83,15.43,20.75,21.98,16.13,12.94,20.38,20.71,20.44,19.0,17.54,18.75,19.12,17.21,13.66,24.33,15.28,20.51,20.73,18.49,18.77,11.0,2.76,0.0,4.5,3.67,17.68,20.6,12.64,12.13,18.52,14.49,17.67,15.6,19.84,15.21,20.83,16.36,14.65,27.75,19.66,18.09,18.84,12.65,15.49,16.75,12.69,6.39,4.85,10.51,5.89,8.92,5.25,7.0,11.64,4.11,3.24,5.72,4.2,20.33,15.43,18.3,16.32,21.25,22.72,10.96,13.99,17.35,21.24,15.48,14.74,12.03,14.51,12.73,22.7,23.5,18.82,12.02,10.21,16.91,14.56,11.13,22.51,18.33,21.74,17.59,16.21,20.98,17.23,11.12,15.35,22.33,13.93,20.21,10.6,16.52,24.76,23.26,12.47,8.35,10.83,4.29,11.86,9.61,10.87,5.61,4.72,9.13,7.33,6.61,4.85,8.43,3.96,9.8,5.05,7.91,7.35,7.41,14.94
32.18,17.75,1.31,6.71,21.82,24.04,18.39,14.93,17.45,21.79,16.73,27.04,25.0,14.62,22.65,18.04,35.45,23.14,17.42,22.17,23.08,16.11,16.36,19.22,12.52,2.83,27.77,19.29,35.0,2.94,23.75,1.37,18.12,19.9,3.51,23.94,15.92,16.66,17.42,28.62,17.89,23.86,16.82,13.28,17.81,22.77,29.47,15.49,7.22,21.76,18.86,19.83,36.22,19.53,22.04,19.27,17.33,25.52,4.6,17.14,29.65,25.6,13.7,20.55,28.62,13.11,26.91,26.08,26.6,24.32,21.58,5.17,23.32,19.53,10.92,21.26,29.86,18.01,17.73,21.43,6.01,24.39,25.21,11.65,5.92,20.77,23.86,10.2,27.56,9.83,13.45,19.21,14.3,25.97,9.23,19.2,16.49,34.33,30.15,18.66,21.62,14.97,26.71,20.82,22.06,24.29,11.28,13.3,10.0,15.27,29.0,15.88,20.84,17.12,12.47,13.5,11.36,12.39,36.2,33.26,32.05,31.52,33.45,26.72,29.98,27.87,29.84,29.08,27.67,24.92,38.93,35.78,35.43,35.43,38.18,26.58,36.87,31.86,33.84,34.32,38.09,30.58,25.95,30.76,36.79,30.92,39.97,33.25,36.04,26.41,32.75,30.72,29.17,28.07,29.55,26.69,28.15,24.99,26.74,25.64,25.55,28.31,26.15,27.99,23.27,22.71,24.99,34.82,27.0,29.61,27.63,30.35,30.83,28.62,26.06,33.43,30.5,31.6,30.72,37.47,28.66,35.86,28.46,28.78,28.95,28.1,32.94,29.89,30.03,30.08,23.59,27.45,28.31,27.16,26.15,32.14,29.75,27.34,35.29,27.47,29.79,33.73,32.36,17.14,18.05,20.7,43.93,18.13,17.11,20.12,17.18,17.68,22.11,25.35,21.06,22.31,22.26,21.21,17.81,23.13,24.36,18.51,15.32,22.76,23.09,22.82,21.38,19.92,21.13,21.5,19.59,16.04,26.71,17.66,22.89,23.11,20.87,21.15,13.38,3.38,4.5,0.0,4.29,20.06,22.98,15.02,14.5,20.9,16.87,20.05,17.98,22.22,17.59,23.2,18.74,17.03,30.13,22.04,20.47,21.22,15.03,17.87,19.13,15.07,8.77,7.23,12.89,8.27,11.3,7.63,9.38,14.02,6.49,5.62,8.1,6.58,22.71,17.81,20.68,18.7,14.81,16.28,13.34,7.31,10.91,14.8,9.04,8.3,14.41,16.89,7.73,20.14,17.06,12.38,14.4,12.59,14.5,16.94,13.51,16.07,14.82,15.05,11.15,9.52,14.54,13.53,13.5,8.91,15.89,16.31,13.77,12.97,9.83,18.32,16.82,14.85,4.23,13.21,4.91,14.24,5.49,6.75,7.99,0.6,11.51,3.21,8.99,3.88,10.81,6.34,5.69,4.08,3.79,3.23,3.29,10.82
31.36,16.93,5.22,10.62,21.0,23.21,17.57,14.11,16.62,20.97,15.91,26.21,24.18,13.79,21.83,17.21,34.63,22.31,16.59,21.34,22.25,15.29,15.54,18.4,11.7,2.01,26.94,18.46,34.18,3.7,22.92,3.06,17.3,19.08,2.68,23.12,15.1,15.83,16.59,27.8,17.07,23.03,15.99,12.46,16.98,21.94,28.64,14.66,6.4,20.93,18.03,19.01,35.4,18.71,21.21,18.44,16.5,24.7,3.77,16.31,28.82,24.77,12.87,19.72,27.8,12.29,26.08,25.25,25.78,23.5,20.75,4.34,22.49,18.7,10.09,20.44,29.03,17.19,16.9,20.6,5.18,23.56,24.39,10.82,5.09,19.94,23.04,9.38,26.74,9.0,12.62,18.38,13.48,25.14,8.4,18.37,15.66,33.51,29.33,17.83,20.79,14.15,25.88,20.0,21.23,23.46,10.46,12.47,9.18,14.44,28.18,15.06,20.01,16.29,11.65,12.67,10.53,11.57,35.37,32.44,31.22,30.7,32.63,25.9,29.15,27.05,29.01,28.25,26.84,24.09,38.1,34.96,34.6,34.61,37.36,25.76,36.04,31.03,33.02,33.5,37.26,29.75,25.13,29.93,35.96,30.09,39.15,32.43,35.22,25.59,31.92,29.9,28.35,27.25,28.72,25.87,27.32,24.17,25.91,24.81,24.73,27.48,25.33,27.17,22.45,21.89,24.16,34.0,26.18,28.78,26.8,29.52,30.0,27.8,25.23,32.6,29.67,30.77,29.89,36.64,27.83,35.03,27.63,27.95,28.13,27.27,32.12,29.06,29.2,29.26,22.77,26.62,27.48,26.33,25.32,31.31,28.92,26.52,34.47,26.64,28.96,32.9,31.53,16.31,17.22,19.88,43.1,17.31,16.29,19.3,16.35,16.85,21.29,24.52,20.24,21.48,21.43,20.38,16.98,22.31,23.53,17.68,14.49,21.93,22.26,22.0,20.55,19.1,20.3,20.67,18.76,15.22,25.88,16.84,22.06,22.28,20.04,20.32,12.56,1.52,3.67,4.29,0.0,19.23,22.15,14.2,13.68,20.08,16.05,19.23,17.15,21.39,16.76,22.38,17.91,16.21,29.31,21.22,19.65,20.4,14.2,17.04,18.3,14.24,7.95,6.4,12.06,7.44,10.47,6.8,8.55,13.19,5.66,4.8,7.28,5.75,21.88,16.98,19.86,17.87,22.81,24.28,12.51,15.54,18.9,22.79,17.03,16.29,13.59,16.07,14.28,24.25,25.05,20.37,13.57,11.76,18.46,16.11,12.68,24.07,19.88,23.29,19.15,17.76,22.53,18.79,12.67,16.9,23.88,15.48,21.76,12.15,18.07,26.31,24.82,14.02,8.14,12.38,3.06,13.41,9.4,10.66,7.16,4.51,10.68,7.12,8.16,4.64,9.98,5.52,9.59,4.84,7.7,7.14,7.2,14.73
32.04,22.91,20.99,26.39,21.68,11.15,11.98,4.71,17.42,4.64,6.73,9.34,24.86,19.03,3.19,8.05,32.61,10.2,16.73,2.7,3.61,4.12,9.95,9.23,17.42,17.74,10.05,17.23,32.16,19.48,4.29,18.83,14.61,12.27,16.69,11.95,21.55,3.7,5.24,13.18,2.64,3.5,15.42,18.18,5.85,10.78,14.03,16.18,16.3,12.84,3.58,7.84,33.38,7.35,11.87,7.98,10.92,6.06,15.96,13.28,27.02,5.24,12.85,1.09,26.0,10.47,11.47,8.52,11.96,4.86,11.53,16.75,10.43,13.12,10.52,9.27,27.24,5.83,3.81,1.96,15.08,11.1,11.3,11.25,15.0,8.59,9.27,13.4,12.92,10.88,6.71,12.8,7.57,9.6,11.57,13.65,20.08,31.49,27.53,1.84,11.62,13.0,10.05,12.2,11.2,10.99,12.52,10.37,12.55,8.54,26.38,21.04,13.2,10.71,9.11,11.77,11.32,7.94,33.35,30.42,29.42,28.9,30.6,24.1,27.36,25.25,27.21,26.45,25.05,22.3,36.08,32.94,32.58,32.58,35.34,23.96,34.02,29.24,30.99,31.48,35.24,30.44,23.33,33.2,33.94,30.78,37.13,35.11,33.2,23.79,29.9,15.28,11.45,12.63,14.11,12.05,13.5,11.7,7.27,8.03,8.4,10.33,6.69,10.02,10.33,5.56,7.83,34.68,26.86,29.47,27.49,30.21,30.69,28.48,25.92,33.29,30.36,31.46,30.58,37.33,28.52,35.72,28.32,28.64,28.82,27.96,32.81,29.75,29.89,29.94,23.46,27.31,28.17,27.02,26.01,32.0,29.61,27.2,35.16,27.33,29.65,33.59,32.22,16.46,19.12,18.08,41.08,21.36,21.77,19.22,16.49,18.19,15.7,25.21,18.44,19.68,19.41,21.07,17.13,22.99,21.73,18.37,14.64,20.13,20.46,22.68,19.21,19.78,20.99,20.87,19.45,15.36,26.57,19.5,20.26,22.97,20.62,19.81,13.59,18.32,17.68,20.06,19.23,0.0,5.37,7.1,5.67,3.29,5.58,2.44,5.65,2.27,5.17,3.26,2.46,4.17,29.85,5.46,6.46,5.0,6.27,7.55,8.81,20.06,12.34,13.04,8.41,16.29,10.41,11.98,13.09,7.28,14.02,16.55,16.7,17.0,12.39,15.33,13.74,9.03,28.78,30.25,17.69,20.72,24.08,28.76,22.2,21.46,18.7,15.35,19.45,29.42,31.78,26.72,18.68,16.88,24.78,17.17,16.44,30.04,26.21,28.46,24.32,22.94,28.5,25.11,17.85,22.08,29.85,14.76,27.74,17.26,23.24,33.12,31.72,16.67,23.43,17.55,19.37,18.58,24.69,25.95,14.73,19.8,15.85,22.41,14.05,19.93,15.15,14.76,24.88,20.13,22.99,22.43,22.48,31.46
34.96,25.83,23.91,29.31,24.6,7.49,10.88,7.33,20.34,0.98,9.35,6.22,27.78,21.95,8.45,10.67,35.53,6.54,19.65,7.96,4.84,6.74,12.87,11.85,20.34,20.66,6.96,20.15,35.08,22.4,9.54,21.75,17.22,14.88,19.61,14.57,24.47,6.31,7.86,10.09,5.26,3.05,18.04,21.1,7.58,13.4,10.94,18.8,19.22,9.18,6.2,10.46,36.3,9.97,8.21,9.71,13.84,7.84,18.88,15.89,29.94,4.78,15.77,6.34,28.92,13.39,8.38,5.27,8.87,9.47,14.14,19.67,6.77,9.14,13.44,11.89,30.15,8.45,6.42,7.22,18.0,7.44,8.21,14.16,17.91,11.2,5.61,16.32,9.83,13.8,9.63,10.57,10.49,6.51,14.49,16.26,23.0,34.41,30.45,4.45,7.97,15.92,6.95,8.54,7.54,7.33,15.44,13.29,15.47,11.45,29.3,23.96,15.82,13.63,12.03,14.69,14.24,10.86,36.27,33.33,32.34,31.82,33.52,27.02,30.27,28.17,30.13,29.37,27.97,25.21,39.0,35.86,35.5,35.5,38.26,26.88,36.94,32.15,33.91,34.39,38.16,33.36,26.25,36.12,36.86,33.7,40.05,38.03,36.12,26.71,32.82,12.19,8.36,9.54,11.02,8.96,10.41,8.04,6.72,4.82,4.74,7.49,7.54,7.18,6.67,1.9,4.17,37.6,29.78,32.39,30.41,33.13,33.61,31.4,28.84,36.21,33.28,34.38,33.5,40.25,31.44,38.64,31.24,31.56,31.74,30.88,35.72,32.67,32.81,32.86,26.37,30.23,31.09,29.94,28.93,34.92,32.53,30.12,38.08,30.25,32.57,36.51,35.14,19.38,22.04,21.0,44.0,24.28,24.69,22.14,19.41,21.11,18.62,28.13,21.36,22.6,22.33,23.99,20.05,25.91,24.65,21.29,17.56,23.05,23.38,25.6,22.13,22.7,23.91,23.79,22.37,18.28,29.49,22.42,23.18,25.89,23.54,22.73,16.51,21.24,20.6,22.98,22.15,5.37,0.0,10.09,8.66,2.43,7.36,3.04,8.22,4.54,6.95,5.07,4.24,5.95,32.84,10.76,7.24,10.3,8.83,10.12,11.38,23.05,15.33,16.03,10.98,19.28,13.4,14.97,16.08,9.84,17.0,19.54,19.68,19.99,14.96,17.9,16.3,11.6,31.77,33.24,20.67,23.7,27.06,31.75,25.19,24.45,21.69,18.34,22.44,32.41,34.77,29.71,21.67,19.86,27.77,20.16,19.42,33.03,29.2,31.45,27.3,25.92,31.49,28.1,20.83,25.06,32.84,17.75,30.72,20.25,26.23,36.11,34.71,19.24,26.41,20.54,22.36,21.57,27.67,28.94,17.72,22.79,18.84,25.4,17.04,22.92,18.14,17.74,27.87,23.12,25.98,25.41,25.47,34.45
27.06,17.93,15.95,21.36,16.71,12.65,7.01,2.46,12.44,9.32,6.25,14.56,19.88,14.06,10.18,7.57,27.63,11.75,11.75,9.69,10.6,3.64,4.97,8.75,12.38,12.71,15.3,12.25,27.18,14.44,11.28,13.79,14.12,11.79,11.65,11.47,16.57,4.19,4.95,17.23,5.42,11.39,15.69,13.14,5.34,10.3,18.08,14.36,11.26,10.37,6.39,7.36,28.4,7.06,10.65,6.8,5.94,13.05,10.92,12.8,22.05,13.13,7.87,8.08,21.02,5.49,15.52,13.61,15.21,11.85,11.05,11.71,11.93,8.14,5.48,8.79,22.26,5.54,5.26,8.96,10.04,13.0,13.82,6.21,9.96,8.3,12.47,8.37,16.17,5.84,1.73,7.82,2.59,14.85,6.53,13.16,15.1,26.51,22.55,6.19,10.23,8.02,15.3,9.43,10.67,12.9,7.48,5.39,7.51,3.56,21.4,16.06,12.72,5.73,4.14,6.79,6.28,2.96,28.37,25.44,24.44,23.92,25.63,19.12,22.38,20.27,22.24,21.47,20.07,17.32,31.1,27.96,27.6,27.61,30.36,18.98,29.04,24.26,26.02,26.5,30.26,25.46,18.35,28.22,28.96,25.8,32.15,30.13,28.22,18.81,24.92,19.34,16.7,16.68,18.16,15.3,16.76,13.6,14.27,13.17,13.08,15.83,13.68,15.52,11.88,10.24,12.52,29.7,21.88,24.49,22.51,25.23,25.71,23.5,20.94,28.31,25.38,26.48,25.6,32.35,23.54,30.74,23.34,23.66,23.84,22.98,27.83,24.77,24.91,24.97,18.48,22.33,23.19,22.04,21.03,27.02,24.63,22.23,30.18,22.35,24.67,28.61,27.24,11.48,14.15,13.1,36.1,16.38,16.79,14.24,11.52,13.21,10.72,20.23,13.46,14.7,14.43,16.09,12.15,18.01,16.75,13.39,9.66,15.16,15.48,17.7,14.23,14.8,16.01,15.89,14.47,10.38,21.59,14.52,15.28,17.99,15.64,14.84,8.61,13.28,12.64,15.02,14.2,7.1,10.09,0.0,5.4,11.8,7.77,10.95,8.87,13.11,8.48,14.1,9.63,7.93,22.75,12.94,11.37,12.12,9.49,10.77,12.03,17.85,10.13,10.83,9.69,14.08,8.2,9.77,10.88,10.5,11.8,14.34,14.48,14.79,15.61,18.55,16.95,12.25,21.67,23.14,11.94,15.27,18.63,21.66,16.76,16.02,12.61,8.24,14.01,23.98,24.68,19.61,12.59,10.78,17.68,10.06,9.33,22.94,19.1,23.02,20.56,17.49,21.4,18.01,12.4,16.63,22.75,7.66,20.63,11.17,17.8,26.02,24.61,17.63,21.22,12.11,17.16,13.14,22.47,23.74,9.55,17.59,10.41,20.2,8.61,17.72,9.71,12.54,22.67,17.92,20.78,20.21,20.27,29.25
26.49,17.35,15.44,20.84,16.13,12.08,6.43,1.03,11.86,7.89,4.82,13.13,19.31,13.48,8.75,6.13,27.05,11.18,11.18,8.26,9.17,2.21,4.4,7.32,11.86,12.19,13.86,11.67,26.6,13.92,9.84,13.28,12.69,10.35,11.13,10.04,15.99,2.75,3.51,16.66,3.99,9.95,13.5,12.62,3.9,8.86,17.5,13.84,10.74,9.79,4.95,5.93,27.82,5.63,10.07,5.36,5.36,11.62,10.4,11.36,21.47,11.69,7.29,6.64,20.44,4.91,14.94,12.17,14.64,10.42,9.61,11.2,11.35,7.56,4.96,7.36,21.68,4.11,3.82,7.52,9.53,12.42,13.25,5.69,9.44,6.86,12.52,7.85,15.6,5.32,1.16,7.24,2.01,13.42,6.01,11.73,14.53,25.93,21.97,4.75,9.65,7.45,13.86,8.86,10.09,12.32,6.96,4.82,7.0,2.98,20.82,15.48,11.29,5.15,3.56,6.21,5.77,2.39,27.8,24.86,23.87,23.34,25.05,18.54,21.8,19.69,21.66,20.9,19.49,16.74,30.53,27.38,27.02,27.03,29.78,18.4,28.47,23.68,25.44,25.92,29.69,24.88,17.77,27.64,28.39,25.22,31.57,29.56,27.64,18.23,24.35,18.76,15.27,16.11,17.58,14.73,16.18,13.03,12.83,11.73,11.65,14.4,12.25,14.09,11.31,8.81,11.08,29.13,21.31,23.91,21.93,24.66,25.13,22.93,20.37,27.74,24.8,25.9,25.03,31.78,22.97,30.16,22.77,23.09,23.26,22.4,27.25,24.19,24.33,24.39,17.9,21.75,22.61,21.46,20.45,26.44,24.06,21.65,29.6,21.78,24.09,28.03,26.67,10.9,13.57,12.52,35.52,15.81,16.21,13.67,10.94,12.63,10.15,19.65,12.88,14.13,13.86,15.51,11.57,17.44,16.18,12.81,9.08,14.58,14.91,17.13,13.65,14.23,15.44,15.32,13.9,9.8,21.01,13.95,14.71,17.41,15.06,14.26,8.04,12.77,12.13,14.5,13.68,5.67,8.66,5.4,0.0,6.58,2.55,5.73,3.65,7.89,3.27,8.88,4.42,2.71,24.37,7.72,6.15,6.9,4.27,5.55,6.81,14.58,6.85,7.55,6.42,10.8,4.92,6.49,7.6,5.28,8.53,11.06,11.21,11.51,10.39,13.33,11.74,7.03,23.29,24.76,12.2,15.23,18.59,23.28,16.71,15.97,13.21,9.86,13.97,23.93,26.3,21.23,13.2,11.39,19.3,11.68,10.95,24.55,20.72,22.97,18.83,17.45,23.01,19.63,12.36,16.59,24.37,9.28,22.25,11.77,17.76,27.63,26.23,14.35,17.94,12.07,13.89,13.1,19.2,20.46,9.25,14.31,10.37,16.92,8.56,14.44,9.67,9.27,19.4,14.64,17.5,16.94,17.0,25.98
32.89,23.75,21.83,27.24,22.53,8.17,12.83,5.25,18.26,1.66,7.27,6.91,25.71,19.88,6.37,8.59,33.45,7.22,17.58,5.88,5.53,4.66,10.8,9.77,18.26,18.59,7.64,18.07,33.0,20.32,7.46,19.67,15.15,12.81,17.53,12.49,22.39,4.24,5.78,10.77,3.18,3.73,15.96,19.02,5.51,11.32,11.62,16.72,17.14,9.86,4.12,8.38,34.22,7.89,8.89,7.63,11.76,8.52,16.8,13.82,27.87,5.47,13.69,4.27,26.84,11.31,9.06,5.95,9.55,8.04,12.07,17.59,7.45,9.83,11.36,9.81,28.08,6.37,4.35,5.14,15.92,8.12,8.9,12.09,15.84,9.13,6.3,14.25,10.52,11.72,7.55,13.64,8.41,7.2,12.41,14.19,20.92,32.33,28.37,2.38,8.65,13.85,7.64,9.22,8.22,8.02,13.36,11.22,13.39,9.38,27.22,21.88,13.74,11.55,9.96,12.61,12.16,8.79,34.19,31.26,30.26,29.74,31.45,24.94,28.2,26.09,28.06,27.29,25.89,23.14,36.93,33.78,33.42,33.43,36.18,24.8,34.86,30.08,31.84,32.32,36.08,31.28,24.17,34.04,34.79,31.62,37.97,35.95,34.04,24.63,30.74,12.88,9.04,10.23,11.7,9.64,11.1,8.72,7.4,5.51,5.42,8.18,8.22,7.86,7.35,2.58,4.86,35.53,27.71,30.31,28.33,31.05,31.53,29.33,26.76,34.13,31.2,32.3,31.42,38.17,29.36,36.56,29.16,29.48,29.66,28.8,33.65,30.59,30.73,30.79,24.3,28.15,29.01,27.86,26.85,32.84,30.45,28.05,36.0,28.17,30.49,34.43,33.06,17.3,19.97,18.92,41.92,22.2,22.61,20.06,17.34,19.03,16.55,26.05,19.28,20.53,20.25,21.91,17.97,23.84,22.57,19.21,15.48,20.98,21.3,23.53,20.05,20.63,21.83,21.71,20.29,16.2,27.41,20.34,21.1,23.81,21.46,20.66,14.44,19.16,18.52,20.9,20.08,3.29,2.43,11.8,6.58,0.0,5.28,0.96,6.14,5.23,4.87,5.76,2.16,3.87,30.76,8.68,5.16,8.22,6.76,8.04,9.3,20.97,13.25,13.95,8.9,17.2,11.32,12.89,14.0,7.77,14.93,17.46,17.61,17.91,12.88,15.82,14.22,9.52,29.69,31.16,18.6,21.63,24.99,29.67,23.11,22.37,19.61,16.26,20.36,30.33,32.69,27.63,19.59,17.79,25.7,18.08,17.35,30.95,27.12,29.37,25.23,23.85,29.41,26.02,18.76,22.99,30.76,15.67,28.65,18.17,24.15,34.03,32.63,17.16,24.34,18.46,20.28,19.49,25.6,26.86,15.64,20.71,16.76,23.32,14.96,20.84,16.06,15.67,25.79,21.04,23.9,23.34,23.4,32.37
28.85,19.72,17.8,23.21,18.5,13.1,8.8,2.79,14.23,6.59,6.58,11.83,21.68,15.85,8.66,7.9,29.42,12.15,13.54,8.17,9.08,3.97,6.77,9.08,14.23,14.56,12.56,14.04,28.97,16.29,9.75,15.64,14.46,12.12,13.5,11.8,18.36,4.52,5.28,15.7,5.47,8.65,15.27,14.99,2.6,10.63,16.55,16.21,13.11,12.16,6.41,7.69,30.19,7.39,12.44,7.13,7.73,11.53,12.77,13.13,23.84,10.39,9.66,6.55,22.81,7.28,13.99,10.87,14.48,10.33,11.38,13.56,12.37,9.93,7.33,9.12,24.05,5.87,5.59,7.43,11.89,13.05,13.82,8.06,11.81,8.63,11.22,10.22,15.44,7.69,3.52,9.61,4.38,12.12,8.38,13.5,16.89,28.3,24.34,4.66,12.02,9.81,12.56,11.22,12.46,12.94,9.33,7.19,9.36,5.35,23.19,17.85,13.05,7.52,5.93,8.58,8.13,4.75,30.16,27.23,26.23,25.71,27.42,20.91,24.17,22.06,24.03,23.26,21.86,19.11,32.9,29.75,29.39,29.4,32.15,20.77,30.83,26.05,27.81,28.29,32.05,27.25,20.14,30.01,30.76,27.59,33.94,31.92,30.01,20.6,26.71,17.8,13.97,15.15,16.63,14.57,16.02,13.65,12.74,10.43,10.35,13.1,12.16,12.79,12.28,7.51,9.78,31.49,23.67,26.28,24.3,27.02,27.5,25.3,22.73,30.1,27.17,28.27,27.39,34.14,25.33,32.53,25.13,25.45,25.63,24.77,29.62,26.56,26.7,26.76,20.27,24.12,24.98,23.83,22.82,28.81,26.42,24.02,31.97,24.14,26.46,30.4,29.03,13.27,15.94,14.89,37.89,18.17,18.58,16.03,13.31,15.0,12.51,22.02,15.25,16.5,16.22,17.88,13.94,19.81,18.54,15.18,11.45,16.95,17.27,19.5,16.02,16.6,17.8,17.68,16.26,12.17,23.38,16.31,17.07,19.78,17.43,16.63,10.4,15.13,14.49,16.87,16.05,5.58,7.36,7.77,2.55,5.28,0.0,4.43,5.42,7.78,1.97,8.77,3.12,1.41,26.73,9.49,7.45,10.51,6.04,7.32,8.58,16.94,9.22,9.92,8.18,13.17,7.29,8.86,9.97,7.05,10.9,13.43,13.57,13.88,12.16,15.1,13.5,8.8,25.66,27.13,14.57,17.6,20.96,25.64,19.08,18.34,15.58,12.23,16.33,26.3,28.66,23.6,15.56,13.75,21.66,14.05,13.32,26.92,23.09,25.34,21.2,19.82,25.38,21.99,14.73,18.96,26.73,11.64,24.62,14.14,20.12,30.0,28.6,16.72,20.31,14.43,16.25,15.46,21.57,22.83,11.61,16.68,12.73,19.29,10.93,16.81,12.03,11.64,21.76,17.01,19.87,19.31,19.36,28.34
32.04,22.9,20.98,26.39,21.68,8.78,11.98,4.4,17.41,2.27,6.42,7.51,24.86,19.03,5.52,7.74,32.6,7.83,16.73,5.03,5.94,3.81,9.95,8.92,17.41,17.74,8.25,17.22,32.15,19.47,6.62,18.82,14.3,11.96,16.68,11.64,21.54,3.39,4.93,11.38,2.33,4.34,15.11,18.17,4.66,10.47,12.23,15.87,16.29,10.47,3.27,7.53,33.37,7.04,9.5,6.78,10.91,8.39,15.95,12.97,27.02,6.08,12.84,3.42,25.99,10.46,9.67,6.56,10.16,7.19,11.22,16.74,8.06,13.11,10.51,8.96,27.23,5.52,3.5,4.29,15.07,8.73,9.5,11.24,14.99,8.28,6.91,13.4,11.12,10.87,6.7,12.79,7.56,7.8,11.56,13.34,20.07,31.48,27.52,1.53,9.26,13.0,8.25,9.83,8.83,8.63,12.51,10.37,12.54,8.53,26.37,21.03,12.89,10.7,9.11,11.76,11.31,7.94,33.34,30.41,29.41,28.89,30.6,24.09,27.35,25.24,27.21,26.44,25.04,22.29,36.08,32.93,32.57,32.58,35.33,23.95,34.01,29.23,30.99,31.47,35.24,30.43,23.32,33.19,33.94,30.77,37.12,35.1,33.19,23.78,29.89,13.48,9.65,10.83,12.31,10.25,11.7,9.33,8.01,6.12,6.03,8.78,9.02,8.47,7.96,3.19,5.46,34.68,26.86,29.46,27.48,30.2,30.68,28.48,25.91,33.28,30.35,31.45,30.57,37.32,28.51,35.71,28.31,28.63,28.81,27.95,32.8,29.74,29.88,29.94,23.45,27.3,28.16,27.01,26.0,31.99,29.6,27.2,35.15,27.32,29.64,33.58,32.21,16.45,19.12,18.07,41.07,21.35,21.76,19.21,16.49,18.18,15.7,25.2,18.43,19.68,19.4,21.06,17.12,22.99,21.72,18.36,14.63,20.13,20.45,22.68,19.2,19.78,20.98,20.86,19.44,15.35,26.56,19.49,20.25,22.96,20.61,19.81,13.59,18.31,17.67,20.05,19.23,2.44,3.04,10.95,5.73,0.96,4.43,0.0,5.29,4.64,4.02,5.63,1.31,3.02,29.91,7.83,4.31,7.37,5.91,7.19,8.45,20.12,12.4,13.1,8.05,16.35,10.47,12.04,13.15,6.92,14.08,16.61,16.76,17.06,12.03,14.97,13.37,8.67,28.84,30.31,17.75,20.78,24.14,28.82,22.26,21.52,18.76,15.41,19.51,29.48,31.84,26.78,18.74,16.94,24.85,17.23,16.5,30.1,26.27,28.52,24.38,23.0,28.56,25.17,17.91,22.14,29.91,14.82,27.8,17.32,23.3,33.18,31.78,16.31,23.49,17.62,19.43,18.64,24.75,26.01,14.79,19.86,15.91,22.47,14.11,19.99,15.21,14.82,24.94,20.19,23.05,22.49,22.55,31.52
29.96,20.82,18.91,24.31,19.6,15.55,9.9,2.63,15.34,7.45,1.93,12.69,22.78,16.95,8.73,2.47,30.52,13.01,14.65,8.24,9.15,1.89,7.87,3.65,14.07,15.66,13.43,15.15,30.07,17.39,9.83,16.75,9.03,6.69,14.61,6.37,19.47,2.74,3.5,16.56,3.97,9.51,9.84,14.83,6.77,5.2,17.41,10.6,14.22,13.27,4.93,2.26,31.29,5.61,13.55,5.35,8.84,11.6,13.87,7.7,24.94,11.25,10.76,6.63,23.91,8.39,14.85,11.74,15.34,10.4,5.95,14.67,14.82,11.04,7.17,3.69,25.15,4.09,3.8,7.5,13.0,13.91,14.68,7.35,12.91,6.84,12.08,10.05,16.3,8.79,4.63,10.72,5.49,12.98,9.49,8.07,18.0,29.4,25.44,4.74,13.12,10.92,13.42,12.33,13.56,13.8,9.16,8.29,10.47,6.45,24.29,18.96,7.63,8.63,7.03,9.68,7.97,5.86,31.27,28.33,27.34,26.81,28.52,22.02,25.27,23.16,25.13,24.37,22.96,20.21,34.0,30.85,30.5,30.5,33.25,21.88,31.94,27.15,28.91,29.39,33.16,28.35,21.25,31.11,31.86,28.69,35.04,33.03,31.11,21.7,27.82,18.66,14.83,16.01,17.49,15.43,16.88,14.51,12.81,11.29,11.21,13.96,12.23,13.65,13.14,8.37,10.64,32.6,24.78,27.38,25.41,28.13,28.6,26.4,23.84,31.21,28.28,29.38,28.5,35.25,26.44,33.64,26.24,26.56,26.73,25.88,30.72,27.67,27.8,27.86,21.37,25.23,26.08,24.93,23.93,29.91,27.53,25.12,33.07,25.25,27.57,31.5,30.14,14.37,17.04,16.0,39.0,19.28,19.68,17.14,14.41,16.11,13.62,23.12,16.36,17.6,17.33,18.99,15.04,20.91,19.65,16.29,12.55,18.05,18.38,20.6,17.12,17.7,18.91,18.79,17.37,13.28,24.48,17.42,18.18,20.89,18.53,17.73,11.51,16.24,15.6,17.98,17.15,5.65,8.22,8.87,3.65,6.14,5.42,5.29,0.0,7.73,6.15,8.72,5.29,5.59,27.85,7.56,5.99,6.74,2.59,1.9,3.16,13.77,10.33,11.03,4.73,14.28,8.4,9.97,11.08,3.6,12.01,14.54,14.69,14.99,6.74,9.68,8.08,3.38,26.77,28.24,15.68,18.71,22.07,26.76,20.19,19.45,16.69,13.34,17.45,27.41,29.78,24.71,16.68,14.87,22.78,15.16,14.43,28.03,24.2,26.45,22.31,20.93,26.49,23.11,15.84,20.07,27.85,12.76,25.73,15.25,21.24,31.11,29.71,11.02,21.42,15.55,17.37,16.58,22.68,23.94,12.73,17.79,13.85,20.4,12.04,17.92,13.15,12.75,22.88,18.12,20.98,20.42,20.48,29.46
34.2,25.06,23.15,28.55,23.84,7.45,14.14,6.87,19.57,3.56,8.89,6.18,27.02,21.19,4.47,10.2,34.76,6.5,18.89,3.98,1.67,6.28,12.11,11.39,19.57,19.9,6.92,19.39,34.31,21.63,5.57,20.99,16.76,14.42,18.84,14.11,23.71,5.85,7.4,10.05,4.8,1.56,17.57,20.34,8.0,12.93,10.9,18.34,18.45,9.14,5.73,10.0,35.53,9.51,8.17,9.26,13.08,7.34,18.11,15.43,29.18,3.3,15.0,1.18,28.15,12.63,8.34,3.59,8.83,6.14,13.68,18.91,6.73,9.1,12.68,11.43,29.39,7.99,5.96,3.24,17.24,7.4,8.17,13.4,17.15,10.74,5.58,15.56,9.79,13.03,8.87,10.53,9.73,6.47,13.72,15.8,22.24,33.64,29.68,3.99,7.93,15.16,6.92,8.5,7.5,7.3,14.67,12.53,14.71,10.69,28.53,23.19,15.36,12.86,11.27,13.92,13.48,10.1,35.51,32.57,31.58,31.05,32.76,26.25,29.51,27.4,29.37,28.61,27.2,24.45,38.24,35.09,34.74,34.74,37.49,26.11,36.18,31.39,33.15,33.63,37.4,32.59,25.48,35.35,36.1,32.93,39.28,37.27,35.35,25.94,32.06,12.15,8.32,9.5,10.98,8.92,10.37,8.0,6.68,4.78,4.7,7.45,7.97,7.14,6.63,2.64,4.13,36.84,29.02,31.62,29.64,32.37,32.84,30.64,28.08,35.45,32.51,33.61,32.74,39.49,30.68,37.88,30.48,30.8,30.97,30.12,34.96,31.9,32.04,32.1,25.61,29.46,30.32,29.17,28.17,34.15,31.77,29.36,37.31,29.49,31.81,35.74,34.38,18.61,21.28,20.23,43.23,23.52,23.92,21.38,18.65,20.35,17.86,27.36,20.59,21.84,21.57,23.22,19.28,25.15,23.89,20.52,16.79,22.29,22.62,24.84,21.36,21.94,23.15,23.03,21.61,17.52,28.72,21.66,22.42,25.12,22.77,21.97,15.75,20.48,19.84,22.22,21.39,2.27,4.54,13.11,7.89,5.23,7.78,4.64,7.73,0.0,7.33,1.32,4.62,6.32,32.01,6.74,7.74,6.28,8.42,9.71,10.97,22.22,14.5,15.2,10.57,18.45,12.57,14.13,15.25,9.44,16.17,18.71,18.85,19.16,14.55,17.49,15.89,11.19,30.93,32.4,19.84,22.87,26.23,30.92,24.36,23.62,20.86,17.5,21.61,31.58,33.94,28.87,20.84,19.03,26.94,19.32,18.59,32.2,28.36,30.62,26.47,25.09,30.66,27.27,20.0,24.23,32.01,16.92,29.89,19.42,25.4,35.28,33.88,18.83,25.58,19.71,21.53,20.74,26.84,28.1,16.89,21.96,18.01,24.56,16.21,22.09,17.31,16.91,27.04,22.29,25.15,24.58,24.64,33.62
29.57,20.44,18.52,23.92,19.21,12.69,9.51,3.51,14.95,6.18,7.3,11.42,22.39,16.56,8.25,8.62,30.14,11.74,14.26,7.76,8.67,4.69,7.48,9.8,14.95,15.27,12.15,14.76,29.69,17.01,9.34,16.36,15.17,12.83,14.22,12.52,19.08,5.24,6.0,15.29,5.06,8.24,15.99,15.71,1.24,11.35,16.13,16.93,13.83,12.88,6.0,8.41,30.91,8.11,13.16,7.85,8.45,11.12,13.49,13.84,24.55,9.98,10.38,6.14,23.53,8.0,13.57,10.46,14.07,9.92,12.09,14.28,11.96,10.65,8.05,9.84,24.76,6.59,6.3,7.02,12.61,12.64,13.41,8.77,12.52,9.34,10.81,10.93,15.03,8.41,4.24,10.33,5.1,11.71,9.1,14.21,17.61,29.02,25.06,4.25,12.74,10.53,12.15,11.94,13.18,12.53,10.05,7.9,10.08,6.06,23.91,18.57,13.77,8.24,6.64,9.3,8.85,5.47,30.88,27.94,26.95,26.43,28.13,21.63,24.88,22.78,24.74,23.98,22.57,19.82,33.61,30.47,30.11,30.11,32.87,21.49,31.55,26.76,28.52,29.0,32.77,27.97,20.86,30.72,31.47,28.31,34.66,32.64,30.72,21.32,27.43,17.39,13.56,14.74,16.22,14.16,15.61,13.24,12.33,10.02,9.94,12.69,11.75,12.38,11.87,7.09,9.37,32.21,24.39,27.0,25.02,27.74,28.22,26.01,23.45,30.82,27.89,28.99,28.11,34.86,26.05,33.25,25.85,26.17,26.35,25.49,30.33,27.28,27.42,27.47,20.98,24.84,25.7,24.55,23.54,29.53,27.14,24.73,32.68,24.86,27.18,31.12,29.75,13.98,16.65,15.61,38.61,18.89,19.3,16.75,14.02,15.72,13.23,22.74,15.97,17.21,16.94,18.6,14.66,20.52,19.26,15.9,12.17,17.66,17.99,20.21,16.74,17.31,18.52,18.4,16.98,12.89,24.1,17.03,17.79,20.5,18.14,17.34,11.12,15.85,15.21,17.59,16.76,5.17,6.95,8.48,3.27,4.87,1.97,4.02,6.15,7.33,0.0,8.35,2.71,1.0,27.45,10.56,7.04,10.1,6.75,8.04,9.3,17.66,9.94,10.64,8.89,13.89,8.01,9.58,10.69,7.76,11.61,14.15,14.29,14.6,12.88,15.81,14.22,9.51,26.38,27.85,15.28,18.31,21.67,26.36,19.8,19.06,16.3,12.95,17.05,27.02,29.38,24.32,16.28,14.47,22.38,14.77,14.03,27.64,23.81,26.06,21.91,20.53,26.1,22.71,15.44,19.67,27.45,12.36,25.33,14.86,20.84,30.72,29.32,17.44,21.02,15.15,16.97,16.18,22.28,23.55,12.33,17.4,13.45,20.01,11.65,17.53,12.75,12.35,22.48,17.73,20.59,20.02,20.08,29.06
35.19,26.05,24.14,29.54,24.83,7.98,15.13,7.86,20.56,4.1,9.88,6.72,28.01,22.18,5.46,11.19,35.75,7.03,19.88,4.97,2.2,7.27,13.1,12.38,20.56,20.89,7.45,20.37,35.3,22.62,6.56,21.98,17.75,15.41,19.83,15.1,24.69,6.84,8.39,10.58,5.79,2.09,18.56,21.33,8.99,13.92,11.43,19.33,19.44,9.67,6.72,10.99,36.52,10.5,8.7,10.25,14.07,8.33,19.1,16.42,30.17,3.83,15.99,2.17,29.14,13.62,8.87,4.12,9.36,7.13,14.67,19.9,7.26,9.64,13.67,12.42,30.38,8.98,6.95,4.23,18.23,7.93,8.7,14.39,18.14,11.73,6.11,16.55,10.32,14.02,9.86,11.06,10.71,7.01,14.71,16.79,23.23,34.63,30.67,4.98,8.46,16.15,7.45,9.03,8.03,7.83,15.66,13.52,15.7,11.68,29.52,24.18,16.35,13.85,12.26,14.91,14.47,11.09,36.5,33.56,32.57,32.04,33.75,27.24,30.5,28.39,30.36,29.6,28.19,25.44,39.23,36.08,35.72,35.73,38.48,27.1,37.17,32.38,34.14,34.62,38.39,33.58,26.47,36.34,37.09,33.92,40.27,38.26,36.34,26.93,33.05,12.69,8.85,10.04,11.51,9.45,10.91,8.53,7.21,5.32,5.23,7.99,8.03,7.67,7.16,3.18,4.67,37.83,30.01,32.61,30.63,33.36,33.83,31.63,29.07,36.44,33.5,34.6,33.73,40.48,31.67,38.87,31.47,31.79,31.96,31.11,35.95,32.89,33.03,33.09,26.6,30.45,31.31,30.16,29.16,35.14,32.76,30.35,38.3,30.48,32.8,36.73,35.37,19.6,22.27,21.22,44.22,24.51,24.91,22.37,19.64,21.33,18.85,28.35,21.58,22.83,22.56,24.21,20.27,26.14,24.88,21.51,17.78,23.28,23.61,25.83,22.35,22.93,24.14,24.02,22.6,18.51,29.71,22.65,23.41,26.11,23.76,22.96,16.74,21.47,20.83,23.2,22.38,3.26,5.07,14.1,8.88,5.76,8.77,5.63,8.72,1.32,8.35,0.0,5.61,7.31,33.0,7.73,8.73,7.27,9.41,10.7,11.96,23.21,15.49,16.19,11.56,19.44,13.56,15.12,16.24,10.42,17.16,19.7,19.84,20.15,15.54,18.48,16.88,12.18,31.92,33.39,20.83,23.86,27.22,31.91,25.35,24.61,21.85,18.49,22.6,32.57,34.93,29.86,21.83,20.02,27.93,20.31,19.58,33.19,29.35,31.61,27.46,26.08,31.65,28.26,20.99,25.22,33.0,17.91,30.88,20.41,26.39,36.27,34.86,19.82,26.57,20.7,22.52,21.73,27.83,29.09,17.88,22.95,19.0,25.55,17.2,23.08,18.3,17.9,28.03,23.28,26.14,25.57,25.63,34.61
30.72,21.59,19.67,25.07,20.36,9.98,10.66,4.66,16.1,3.47,6.45,8.71,23.54,17.71,5.54,7.76,31.28,9.03,15.41,5.05,5.96,3.84,8.63,8.95,16.1,16.42,9.45,15.91,30.84,18.15,6.64,17.51,14.32,11.98,15.37,11.67,20.23,3.41,4.95,12.58,2.35,5.54,15.13,16.86,3.34,10.49,13.43,15.9,14.98,14.03,3.29,7.56,32.06,7.06,10.7,6.8,9.6,8.41,14.63,12.99,25.7,7.28,11.52,3.44,24.68,9.15,10.87,7.76,11.36,7.21,11.24,15.43,9.26,11.8,9.2,8.98,25.91,5.54,3.52,4.31,13.76,9.93,10.7,9.92,13.67,8.3,8.11,12.08,12.32,9.56,5.39,11.48,6.25,9.0,10.25,13.36,18.76,30.17,26.2,1.55,10.46,11.68,9.45,13.09,10.03,9.83,11.19,9.05,11.23,7.21,25.06,19.72,12.92,9.39,7.79,10.45,10.0,6.62,32.03,29.09,28.1,27.57,29.28,22.78,26.03,23.93,25.89,25.13,23.72,20.97,34.76,31.62,31.26,31.26,34.01,22.64,32.7,27.91,29.67,30.15,33.92,29.12,22.01,31.87,32.62,29.45,35.81,33.79,31.87,22.46,28.58,14.68,10.85,12.03,13.51,11.45,12.9,10.53,9.63,7.32,7.23,9.98,9.04,9.67,9.16,4.39,6.66,33.36,25.54,28.15,26.17,28.89,29.37,27.16,24.6,31.97,29.04,30.14,29.26,36.01,27.2,34.4,27.0,27.32,27.49,26.64,31.48,28.43,28.57,28.62,22.13,25.99,26.85,25.69,24.69,30.68,28.29,25.88,33.83,26.01,28.33,32.26,30.9,15.13,17.8,16.76,39.76,20.04,20.45,17.9,15.17,16.87,14.38,23.89,17.12,18.36,18.09,19.75,15.8,21.67,20.41,17.05,13.31,18.81,19.14,21.36,17.88,18.46,19.67,19.55,18.13,14.04,25.25,18.18,18.94,21.65,19.29,18.49,12.27,17.0,16.36,18.74,17.91,2.46,4.24,9.63,4.42,2.16,3.12,1.31,5.29,4.62,2.71,5.61,0.0,1.7,28.6,7.85,4.33,7.39,5.93,7.21,8.47,18.81,11.09,11.79,8.07,15.04,9.16,10.72,11.84,6.94,12.76,15.3,15.44,15.75,12.05,14.99,13.4,8.69,27.52,28.99,16.43,19.46,22.82,27.51,20.95,20.21,17.45,14.1,18.2,28.17,30.53,25.46,17.43,15.62,23.53,15.91,15.18,28.79,24.96,27.21,23.06,21.68,27.25,23.86,16.59,20.82,28.6,13.51,26.48,16.01,21.99,31.87,30.47,16.33,22.17,16.3,18.12,17.33,23.43,24.69,13.48,18.55,14.6,21.16,12.8,18.68,13.9,13.5,23.63,18.88,21.74,21.17,21.23,30.21
29.02,19.88,17.96,23.37,18.66,11.69,8.96,2.95,14.39,5.18,6.75,10.42,21.84,16.01,7.25,8.06,29.58,10.73,13.71,6.76,7.67,4.13,6.93,9.24,14.39,14.72,11.15,14.2,29.13,16.45,8.34,15.81,14.62,12.28,13.66,11.96,18.52,4.68,5.44,14.29,4.06,7.24,15.43,15.15,1.64,10.79,15.13,16.37,13.27,12.32,5.0,7.85,30.35,7.55,12.6,7.29,7.89,10.12,12.93,13.29,24.0,8.98,9.82,5.14,22.97,7.44,12.57,9.46,13.07,8.91,11.54,13.72,10.96,10.09,7.49,9.28,24.21,6.03,5.22,6.02,12.05,11.63,12.41,8.22,11.97,8.79,9.81,10.38,14.03,7.85,3.68,9.77,4.54,10.71,8.54,13.66,17.06,28.46,24.5,3.25,12.18,9.98,11.15,11.39,12.62,11.53,9.49,7.35,9.53,5.51,23.35,18.01,13.22,7.68,6.09,8.74,8.3,4.92,30.33,27.39,26.4,25.87,27.58,21.07,24.33,22.22,24.19,23.43,22.02,19.27,33.06,29.91,29.55,29.56,32.31,20.93,31.0,26.21,27.97,28.45,32.22,27.41,20.3,30.17,30.92,27.75,34.1,32.09,30.17,20.76,26.88,16.39,12.56,13.74,15.21,13.15,14.61,12.24,11.33,9.02,8.94,11.69,10.75,11.37,10.87,6.09,8.37,31.66,23.84,26.44,24.46,27.18,27.66,25.46,22.89,30.26,27.33,28.43,27.55,34.3,25.5,32.69,25.29,25.61,25.79,24.93,29.78,26.72,26.86,26.92,20.43,24.28,25.14,23.99,22.98,28.97,26.58,24.18,32.13,24.31,26.62,30.56,29.2,13.43,16.1,15.05,38.05,18.34,18.74,16.2,13.47,15.16,12.68,22.18,15.41,16.66,16.39,18.04,14.1,19.97,18.71,15.34,11.61,17.11,17.44,19.66,16.18,16.76,17.97,17.85,16.42,12.33,23.54,16.47,17.24,19.94,17.59,16.79,10.57,15.29,14.65,17.03,16.21,4.17,5.95,7.93,2.71,3.87,1.41,3.02,5.59,6.32,1.0,7.31,1.7,0.0,26.9,9.56,6.04,9.1,6.2,7.48,8.74,17.11,9.38,10.08,8.34,13.33,7.45,9.02,10.13,7.21,11.06,13.59,13.74,14.04,12.32,15.26,13.67,8.96,25.82,27.29,14.73,17.76,21.12,25.81,19.24,18.5,15.74,12.39,16.5,26.46,28.82,23.76,15.73,13.92,21.83,14.21,13.48,27.08,23.25,25.5,21.36,19.98,25.54,22.15,14.89,19.12,26.89,11.81,24.78,14.3,20.28,30.16,28.76,16.88,20.47,14.6,16.41,15.63,21.73,22.99,11.77,16.84,12.9,19.45,11.09,16.97,12.2,11.8,21.92,17.17,20.03,19.47,19.53,28.51
6.43,16.87,31.06,36.47,13.66,29.83,24.19,25.21,14.53,32.07,29.0,31.91,11.72,16.71,32.93,30.32,20.96,28.93,16.19,32.44,33.35,26.39,22.15,31.5,20.05,27.82,32.65,12.76,23.31,29.55,34.03,28.91,36.87,34.53,26.76,34.22,15.51,26.94,27.7,34.41,28.17,34.14,38.44,19.56,28.09,33.05,35.26,37.11,27.5,27.55,29.14,30.11,24.53,29.81,27.83,29.55,23.12,35.8,26.03,35.54,22.86,35.88,20.99,30.83,21.84,22.44,32.7,33.05,32.39,34.6,33.8,25.08,29.11,25.32,28.23,31.54,23.07,28.29,28.0,31.7,26.29,30.18,31.0,28.96,26.2,31.04,29.65,22.03,33.35,28.59,24.48,25.0,25.34,31.76,29.28,35.91,14.05,23.46,23.37,28.94,27.41,19.43,32.5,26.61,27.85,30.08,22.54,21.19,23.98,23.4,22.22,15.0,35.47,23.53,21.09,19.67,29.03,24.79,21.97,22.38,21.57,21.56,27.58,19.94,21.89,21.09,23.05,22.29,20.88,18.13,21.07,19.79,18.42,20.78,17.85,19.8,20.87,20.21,21.23,21.71,18.71,17.26,19.17,17.44,17.45,17.6,21.34,19.94,20.05,19.63,21.87,36.52,34.22,33.87,35.34,32.48,33.94,30.78,33.47,31.49,30.62,33.81,36.43,33.49,29.06,32.99,30.34,9.07,13.69,13.58,2.78,12.53,8.43,10.34,12.75,15.61,13.92,13.78,6.12,11.72,2.78,18.04,15.15,10.96,8.7,14.79,7.2,9.77,7.63,13.75,13.26,9.7,10.49,10.68,10.86,15.56,7.35,14.03,9.55,2.78,16.48,7.98,14.54,19.48,15.13,14.84,38.06,15.33,15.73,15.52,15.63,14.49,29.11,5.4,13.79,15.52,16.39,10.98,20.15,14.44,16.42,12.19,17.66,14.82,16.3,14.66,15.51,11.76,9.56,13.34,10.61,16.85,3.22,12.56,16.1,14.95,12.71,12.99,18.73,28.39,27.75,30.13,29.31,29.85,32.84,22.75,24.37,30.76,26.73,29.91,27.85,32.01,27.45,33.0,28.6,26.9,0.0,31.98,30.4,31.16,28.52,29.81,31.07,36.89,29.17,29.87,28.73,33.12,27.24,28.8,29.92,29.54,23.74,25.52,28.39,25.97,34.65,37.59,35.99,31.29,22.88,24.35,18.21,23.89,24.15,22.87,24.57,24.64,17.34,19.53,22.63,32.6,25.89,20.82,17.32,18.39,18.89,17.56,17.69,24.14,20.31,31.64,21.76,26.11,22.6,19.22,21.02,25.25,23.96,18.95,21.84,17.16,26.42,25.69,25.82,36.66,33.98,23.33,29.93,21.76,35.24,36.5,22.53,30.36,20.05,28.63,21.59,30.49,21.58,23.72,35.44,30.68,33.55,32.98,33.04,36.63
34.03,24.89,22.97,28.38,23.67,13.82,13.97,6.7,19.4,9.99,8.72,10.73,26.85,21.02,4.58,10.03,34.59,13.54,18.72,3.16,8.08,6.11,11.94,11.22,19.4,19.73,11.43,19.21,34.14,21.46,2.24,20.82,16.59,14.25,18.67,13.94,23.53,6.55,4.44,14.57,7.99,7.97,17.4,20.16,11.19,12.76,15.41,18.17,18.28,16.27,2.24,9.83,35.36,4.0,15.3,2.59,12.9,7.44,17.94,15.26,29.01,10.43,14.83,5.56,27.98,12.45,12.85,9.9,13.35,6.24,13.51,18.74,13.09,15.1,12.5,11.26,29.22,3.83,4.06,4.06,17.06,13.38,12.69,13.23,16.98,5.23,12.62,15.39,14.31,12.86,8.69,14.78,9.55,10.99,13.55,15.63,22.07,33.47,29.51,7.18,15.06,14.99,11.43,15.63,13.86,13.11,14.5,12.36,14.54,10.52,28.36,23.02,15.19,12.69,11.1,13.75,13.31,9.93,35.34,32.4,31.41,30.88,32.59,26.08,29.34,27.23,29.2,28.44,27.03,24.28,38.07,34.92,34.56,34.57,37.32,25.94,36.01,31.22,32.98,33.46,37.23,32.42,25.31,35.18,35.93,32.76,39.11,37.1,35.18,25.77,31.89,16.67,12.84,14.02,15.5,13.43,14.89,13.82,8.66,9.41,11.75,11.71,8.08,11.4,13.68,10.9,12.07,36.67,28.85,31.45,29.47,32.19,32.67,30.47,27.9,35.27,32.34,33.44,32.56,39.31,30.5,37.7,30.3,30.62,30.8,29.94,34.79,31.73,31.87,31.93,25.44,29.29,30.15,29.0,27.99,33.98,31.59,29.19,37.14,29.32,31.63,35.57,34.21,18.44,21.11,20.06,43.06,23.35,23.75,21.21,18.48,20.17,17.69,27.19,20.42,21.67,21.4,23.05,19.11,24.98,23.72,20.35,16.62,22.12,22.45,24.67,21.19,21.77,22.98,22.86,21.43,17.34,28.55,21.48,22.24,24.95,22.6,21.8,15.58,20.3,19.66,22.04,21.22,5.46,10.76,12.94,7.72,8.68,9.49,7.83,7.56,6.74,10.56,7.73,7.85,9.56,31.98,0.0,1.07,2.95,8.29,9.58,10.84,22.09,14.36,15.07,10.43,18.31,12.44,14.0,15.12,9.3,16.04,18.58,18.72,19.02,14.42,17.35,15.76,11.05,30.8,32.27,19.71,22.74,26.1,30.79,24.22,23.49,20.73,17.37,21.48,31.45,33.81,28.74,20.71,18.9,26.81,19.19,18.46,32.06,28.23,30.49,26.34,24.96,30.53,27.14,19.87,24.1,31.88,16.79,29.76,19.29,25.27,35.15,33.74,18.7,25.45,19.58,21.4,20.61,26.71,27.97,16.76,21.83,17.88,24.43,16.07,21.96,17.18,16.78,26.91,22.15,25.02,24.45,24.51,33.49
32.46,23.32,21.4,26.81,22.1,14.82,12.4,5.12,17.83,6.47,7.15,11.73,25.28,19.45,5.58,8.46,33.02,14.55,17.15,4.17,9.09,4.53,10.37,9.64,17.83,18.16,12.44,17.64,32.57,19.89,3.24,19.24,15.02,12.68,17.1,12.37,21.96,4.11,5.09,15.57,3.95,8.97,15.83,18.59,7.67,11.19,16.42,16.6,16.71,15.76,1.17,8.26,33.79,4.64,16.3,3.24,11.33,8.45,16.37,13.69,27.44,11.44,13.26,6.56,26.41,10.88,13.86,10.91,14.35,7.25,11.94,17.16,14.09,13.53,10.93,9.68,27.65,4.47,2.98,5.06,15.49,14.38,13.69,11.66,15.41,5.88,13.62,13.82,15.31,11.29,7.12,13.21,7.98,11.99,11.98,14.06,20.49,31.9,27.94,3.76,16.06,13.42,12.43,14.82,14.87,14.11,12.93,10.79,12.96,8.95,26.79,21.45,13.62,11.12,9.53,12.18,11.73,8.36,33.76,30.83,29.83,29.31,31.02,24.51,27.77,25.66,27.63,26.86,25.46,22.71,36.5,33.35,32.99,33.0,35.75,24.37,34.43,29.65,31.41,31.89,35.65,30.85,23.74,33.61,34.36,31.19,37.54,35.52,33.61,24.2,30.31,17.67,13.84,15.02,16.5,14.44,15.89,14.82,9.66,10.42,12.75,12.72,9.08,12.4,14.68,7.38,9.66,35.1,27.28,29.88,27.9,30.62,31.1,28.9,26.33,33.7,30.77,31.87,30.99,37.74,28.93,36.13,28.73,29.05,29.23,28.37,33.22,30.16,30.3,30.36,23.87,27.72,28.58,27.43,26.42,32.41,30.02,27.62,35.57,27.74,30.06,34.0,32.63,16.87,19.54,18.49,41.49,21.77,22.18,19.63,16.91,18.6,16.12,25.62,18.85,20.1,19.82,21.48,17.54,23.41,22.14,18.78,15.05,20.55,20.87,23.1,19.62,20.2,21.4,21.28,19.86,15.77,26.98,19.91,20.67,23.38,21.03,20.23,14.01,18.73,18.09,20.47,19.65,6.46,7.24,11.37,6.15,5.16,7.45,4.31,5.99,7.74,7.04,8.73,4.33,6.04,30.4,1.07,0.0,2.06,6.68,7.96,9.22,20.47,12.75,13.45,8.82,16.7,10.82,12.39,13.5,7.69,14.42,16.96,17.1,17.41,12.8,15.74,14.15,9.44,29.19,30.66,18.1,21.12,24.49,29.17,22.61,21.87,19.11,15.76,19.86,29.83,32.19,27.13,19.09,17.28,25.19,17.58,16.84,30.45,26.62,28.87,24.73,23.34,28.91,25.52,18.26,22.48,30.26,15.17,28.15,17.67,23.65,33.53,32.13,17.08,23.84,17.96,19.78,18.99,25.09,26.36,15.14,20.21,16.26,22.82,14.46,20.34,15.56,15.16,25.29,20.54,23.4,22.83,22.89,31.87
33.21,24.07,22.15,27.56,22.85,13.36,13.15,5.88,18.58,9.52,7.9,10.26,26.03,20.2,4.11,9.21,33.77,13.08,17.9,2.7,7.62,5.29,11.12,10.4,18.58,18.91,10.97,18.39,33.32,20.64,1.11,20.0,15.77,13.43,17.85,13.12,22.71,4.86,7.33,14.11,7.53,7.51,16.58,19.34,10.73,11.94,14.95,17.35,17.46,15.81,1.92,9.01,34.54,6.88,14.84,5.48,12.08,6.98,17.12,14.44,28.19,9.97,14.01,5.1,27.16,11.63,12.39,9.44,12.89,5.78,12.69,17.91,12.63,14.28,11.68,10.44,28.4,6.71,3.74,3.6,16.24,12.92,12.23,12.41,16.16,8.12,12.16,14.57,13.85,12.04,7.87,13.96,8.73,10.53,12.73,14.81,21.25,32.65,28.69,6.72,14.6,14.17,10.97,15.17,13.4,12.65,13.68,11.54,13.72,9.7,27.54,22.2,14.37,11.87,10.28,12.93,12.49,9.11,34.52,31.58,30.59,30.06,31.77,25.26,28.52,26.41,28.38,27.62,26.21,23.46,37.25,34.1,33.74,33.75,36.5,25.12,35.18,30.4,32.16,32.64,36.41,31.6,24.49,34.36,35.11,31.94,38.29,36.28,34.36,24.95,31.07,16.21,12.37,13.56,15.03,12.97,14.43,13.36,8.2,8.95,11.28,11.25,7.61,10.94,13.22,10.44,11.61,35.85,28.03,30.63,28.65,31.37,31.85,29.65,27.08,34.45,31.52,32.62,31.74,38.49,29.68,36.88,29.48,29.8,29.98,29.12,33.97,30.91,31.05,31.11,24.62,28.47,29.33,28.18,27.17,33.16,30.77,28.37,36.32,28.5,30.81,34.75,33.39,17.62,20.29,19.24,42.24,22.53,22.93,20.39,17.66,19.35,16.87,26.37,19.6,20.85,20.58,22.23,18.29,24.16,22.9,19.53,15.8,21.3,21.63,23.85,20.37,20.95,22.16,22.04,20.61,16.52,27.73,20.66,21.42,24.13,21.78,20.98,14.76,19.48,18.84,21.22,20.4,5.0,10.3,12.12,6.9,8.22,10.51,7.37,6.74,6.28,10.1,7.27,7.39,9.1,31.16,2.95,2.06,0.0,7.43,8.71,9.97,21.22,13.5,14.2,9.57,17.45,11.57,13.14,14.25,8.44,15.18,17.71,17.86,18.16,13.55,16.49,14.9,10.19,29.94,31.41,18.85,21.88,25.24,29.92,23.36,22.62,19.86,16.51,20.61,30.58,32.94,27.88,19.84,18.04,25.94,18.33,17.6,31.2,27.37,29.62,25.48,24.1,29.66,26.27,19.01,23.24,31.01,15.92,28.9,18.42,24.4,34.28,32.88,17.83,24.59,18.71,20.53,19.74,25.85,27.11,15.89,20.96,17.01,23.57,15.21,21.09,16.31,15.92,26.04,21.29,24.15,23.59,23.64,32.62
30.58,21.44,15.96,21.36,20.22,16.16,10.52,3.24,15.95,8.06,1.58,13.31,23.4,13.52,9.35,2.88,31.14,13.62,15.26,8.86,9.77,2.5,8.49,4.07,11.48,12.71,14.04,15.76,30.69,14.45,10.44,13.8,9.96,7.63,11.66,5.16,14.82,3.35,4.11,17.17,4.59,10.13,10.78,12.24,7.39,6.14,18.02,11.54,11.27,13.88,5.55,3.2,31.91,6.22,14.16,5.96,9.45,12.22,10.93,8.64,25.56,11.87,8.99,7.24,24.53,8.41,15.46,12.35,15.95,11.01,6.89,11.72,15.44,11.65,4.58,4.63,25.77,4.7,4.42,8.12,10.05,14.52,15.3,4.76,9.97,7.46,12.7,7.46,16.91,5.85,5.24,11.33,6.1,13.6,6.54,9.0,18.61,30.02,26.06,5.35,13.74,11.53,14.04,12.94,14.18,14.42,6.58,8.59,6.69,7.07,24.91,14.78,8.56,9.24,7.77,10.3,5.38,6.47,31.88,28.95,27.95,27.43,29.14,22.63,25.89,23.78,25.75,24.98,23.58,20.83,34.62,31.47,31.11,31.12,33.87,22.49,32.55,27.77,29.53,30.01,33.77,28.97,21.86,31.73,32.48,29.31,35.66,33.64,31.73,22.32,28.43,19.28,15.44,16.63,18.1,16.04,17.5,15.12,13.43,11.91,11.82,14.58,12.85,14.26,13.75,8.98,11.26,33.21,25.39,28.0,26.02,28.74,29.22,27.02,24.45,31.82,28.89,29.99,29.11,35.86,27.05,34.25,26.85,27.17,27.35,26.49,31.34,28.28,28.42,28.48,21.99,25.84,26.7,25.55,24.54,30.53,28.14,25.74,33.69,25.86,28.18,32.12,30.75,14.99,17.66,16.61,39.61,19.89,16.07,17.75,15.03,16.72,14.24,23.74,16.97,18.22,17.94,19.6,15.66,21.53,20.26,16.9,13.17,18.67,18.99,21.22,17.74,18.32,19.52,19.4,17.98,13.89,25.1,18.03,18.79,21.5,19.15,18.35,12.13,13.29,12.65,15.03,14.2,6.27,8.83,9.49,4.27,6.76,6.04,5.91,2.59,8.42,6.75,9.41,5.93,6.2,28.52,8.29,6.68,7.43,0.0,2.84,4.1,14.71,7.92,8.62,2.14,11.87,5.99,7.56,8.67,1.01,9.59,12.13,12.27,12.58,7.68,10.61,9.02,3.67,22.64,24.11,12.35,15.38,18.74,22.62,16.86,16.12,13.36,13.96,14.11,24.08,24.88,20.21,13.34,11.53,23.39,15.78,15.04,23.9,24.82,23.12,18.98,17.6,22.36,23.72,12.51,16.74,23.71,13.37,21.6,11.92,17.9,26.14,24.65,11.96,19.01,12.21,14.95,13.24,20.27,21.53,9.65,15.38,10.51,17.99,8.71,15.51,9.81,10.34,20.46,15.71,18.57,18.01,18.06,28.18
31.86,22.72,18.8,24.2,21.5,17.45,11.8,4.53,17.23,9.35,1.35,14.59,24.68,16.35,10.63,1.89,32.42,14.91,16.55,10.14,11.05,3.79,9.77,3.07,14.32,15.55,15.32,17.04,31.97,17.28,11.72,16.64,7.94,5.6,14.49,5.29,21.36,4.64,5.39,18.46,5.87,11.41,8.75,15.08,8.67,4.11,19.3,9.52,14.11,15.16,6.83,1.18,33.19,7.51,15.44,7.24,10.74,13.5,13.76,6.61,26.84,13.15,12.66,8.53,25.81,10.29,16.74,13.63,17.24,12.3,4.86,14.56,16.72,12.93,7.42,2.61,27.05,5.99,5.7,9.4,12.89,15.81,16.58,7.59,12.8,8.74,13.98,10.3,18.2,8.68,6.53,12.61,7.38,14.88,9.38,6.98,19.9,31.3,27.34,6.64,15.02,12.82,15.32,14.23,15.46,15.7,9.41,10.19,9.53,8.35,26.19,20.85,6.54,10.52,8.93,11.58,8.22,7.76,33.17,30.23,29.24,28.71,30.42,23.91,27.17,25.06,27.03,26.27,24.86,22.11,35.9,32.75,32.39,32.4,35.15,23.77,33.84,29.05,30.81,31.29,35.06,30.25,23.14,33.01,33.76,30.59,36.94,34.93,33.01,23.6,29.72,20.56,16.73,17.91,19.39,17.33,18.78,16.41,14.71,13.19,13.11,15.86,14.13,15.55,15.04,10.26,12.54,34.5,26.68,29.28,27.3,30.03,30.5,28.3,25.74,33.11,30.17,31.27,30.4,37.15,28.34,35.54,28.14,28.46,28.63,27.78,32.62,29.56,29.7,29.76,23.27,27.12,27.98,26.83,25.83,31.81,29.43,27.02,34.97,27.15,29.47,33.4,32.04,16.27,18.94,17.89,40.89,21.18,21.58,19.04,16.31,18.0,15.52,25.02,18.25,19.5,19.23,20.88,16.94,22.81,21.55,18.18,14.45,19.95,20.28,22.5,19.02,19.6,20.81,20.69,19.27,15.18,26.38,19.32,20.08,22.78,20.43,19.63,13.41,16.13,15.49,17.87,17.04,7.55,10.12,10.77,5.55,8.04,7.32,7.19,1.9,9.71,8.04,10.7,7.21,7.48,29.81,9.58,7.96,8.71,2.84,0.0,1.26,12.68,12.23,12.93,4.98,16.18,10.3,11.87,12.98,3.85,13.91,16.44,16.59,16.89,5.65,8.59,7.0,2.8,28.67,30.14,15.18,18.21,21.57,28.65,19.7,18.96,16.2,15.24,16.95,26.92,31.67,26.61,16.18,14.37,24.68,17.06,16.33,29.93,26.1,25.96,21.81,20.43,28.39,25.0,15.34,19.57,29.74,14.66,27.63,14.76,20.74,33.01,31.61,9.93,23.32,15.05,19.26,16.08,24.58,25.84,12.49,19.69,13.35,22.3,11.55,19.82,12.65,14.65,24.77,20.02,22.88,22.32,22.38,28.48
33.12,23.98,20.06,25.46,22.76,18.71,13.06,5.79,18.49,10.61,2.61,15.85,25.94,17.61,11.89,3.15,33.68,16.17,17.81,11.4,12.31,5.05,11.03,4.34,15.58,16.81,16.58,18.31,33.23,18.54,12.99,17.9,9.2,6.86,15.76,6.55,22.63,5.9,6.66,19.72,7.13,12.67,10.01,16.34,9.93,5.37,20.57,10.78,15.37,16.43,8.09,2.44,34.45,8.77,16.7,8.51,12.0,14.76,15.02,7.87,28.1,14.41,13.92,9.79,27.07,11.55,18.01,14.89,18.5,13.56,6.12,15.82,17.98,14.2,8.68,3.87,28.31,7.25,6.96,10.66,14.15,17.07,17.84,8.86,14.06,10.0,15.24,11.56,19.46,9.94,7.79,13.88,8.65,16.14,10.64,8.24,21.16,32.56,28.6,7.9,16.28,14.08,16.58,15.49,16.72,16.96,10.67,11.45,10.79,9.61,27.45,22.11,7.8,11.78,10.19,12.84,9.48,9.02,34.43,31.49,30.5,29.97,31.68,25.17,28.43,26.32,28.29,27.53,26.12,23.37,37.16,34.01,33.66,33.66,36.41,25.03,35.1,30.31,32.07,32.55,36.32,31.51,24.41,34.27,35.02,31.85,38.2,36.19,34.27,24.86,30.98,21.82,17.99,19.17,20.65,18.59,20.04,17.67,15.97,14.45,14.37,17.12,15.39,16.81,16.3,11.53,13.8,35.76,27.94,30.54,28.57,31.29,31.76,29.56,27.0,34.37,31.43,32.54,31.66,38.41,29.6,36.8,29.4,29.72,29.89,29.04,33.88,30.83,30.96,31.02,24.53,28.38,29.24,28.09,27.09,33.07,30.69,28.28,36.23,28.41,30.73,34.66,33.3,17.53,20.2,19.15,42.15,22.44,22.84,20.3,17.57,19.27,16.78,26.28,19.52,20.76,20.49,22.15,18.2,24.07,22.81,19.44,15.71,21.21,21.54,23.76,20.28,20.86,22.07,21.95,20.53,16.44,27.64,20.58,21.34,24.05,21.69,20.89,14.67,17.39,16.75,19.13,18.3,8.81,11.38,12.03,6.81,9.3,8.58,8.45,3.16,10.97,9.3,11.96,8.47,8.74,31.07,10.84,9.22,9.97,4.1,1.26,0.0,13.94,13.49,14.19,6.24,17.44,11.56,13.13,14.24,5.11,15.17,17.7,17.85,18.15,6.91,9.85,8.26,4.06,29.93,31.4,16.44,19.47,22.83,29.92,20.96,20.22,17.46,16.5,18.21,28.18,32.93,27.87,17.44,15.63,25.94,18.32,17.59,31.19,27.36,27.22,23.07,21.69,29.65,26.26,16.6,20.83,31.0,15.92,28.89,16.02,22.0,34.27,32.87,11.19,24.58,16.31,20.52,17.34,25.84,27.1,13.75,20.95,14.61,23.56,12.81,21.08,13.91,15.91,26.03,21.28,24.14,23.58,23.64,29.74
38.94,29.8,16.0,21.4,28.58,24.53,18.88,15.42,24.32,22.28,13.22,27.52,31.76,21.47,23.14,12.28,39.5,23.63,23.63,22.65,23.56,15.66,16.85,12.56,19.44,12.75,28.26,24.13,39.05,14.49,24.24,13.84,6.48,8.26,11.7,11.83,22.78,17.15,17.91,29.11,18.38,24.35,5.17,20.2,18.3,10.66,29.96,3.84,9.24,22.25,19.34,11.5,40.27,20.02,22.53,19.76,17.82,26.01,10.97,5.5,33.92,26.09,16.95,21.04,32.89,16.37,27.4,26.57,27.09,24.81,9.93,11.9,23.8,20.02,12.54,10.83,34.13,18.5,18.21,21.91,10.09,24.88,25.7,13.26,10.01,21.25,24.35,15.42,28.05,12.9,13.93,19.7,14.79,26.46,13.59,7.55,26.98,38.38,34.42,19.15,22.1,19.9,27.19,21.31,22.54,24.77,14.54,16.55,14.57,15.76,33.27,22.74,9.2,17.61,15.73,18.66,13.34,15.16,40.25,37.31,36.32,35.79,37.5,31.0,34.25,32.14,34.11,33.35,31.94,29.19,42.98,39.84,39.48,39.48,42.23,30.86,40.92,36.13,37.89,38.37,42.14,37.34,30.23,40.09,40.84,37.67,44.03,42.01,40.09,30.68,36.8,31.21,29.66,28.56,30.04,27.18,28.63,25.48,27.22,26.13,26.04,28.79,26.64,28.48,23.76,23.2,25.47,41.58,33.76,36.36,34.39,37.11,37.59,35.38,32.82,40.19,37.26,38.36,37.48,44.23,35.42,42.62,35.22,35.54,35.71,34.86,39.7,36.65,36.78,36.84,30.35,34.21,35.06,33.91,32.91,38.89,36.51,34.1,42.05,34.23,36.55,40.48,39.12,23.35,26.02,24.98,47.98,28.26,24.03,26.12,23.39,25.09,22.6,32.11,25.34,26.58,26.31,27.97,24.02,29.89,28.63,25.27,21.53,27.03,27.36,29.58,26.1,26.68,27.89,27.77,26.35,22.26,33.47,26.4,27.16,29.87,27.51,26.71,20.49,13.33,12.69,15.07,14.24,20.06,23.05,17.85,14.58,20.97,16.94,20.12,13.77,22.22,17.66,23.21,18.81,17.11,36.89,22.09,20.47,21.22,14.71,12.68,13.94,0.0,14.19,10.7,13.76,7.76,12.26,11.1,14.94,14.89,11.64,12.29,10.7,13.24,12.64,6.09,8.97,15.15,29.83,31.3,19.54,22.57,25.93,29.82,24.05,23.31,20.55,22.12,21.31,31.27,32.08,27.4,20.54,18.73,31.56,23.94,23.21,31.09,32.98,30.31,26.17,24.79,29.55,31.89,19.7,23.93,30.9,21.54,28.79,19.11,25.1,33.33,31.84,3.13,18.85,19.41,14.8,20.44,20.11,20.44,13.13,15.23,17.71,17.83,15.9,15.36,17.01,13.16,20.31,15.56,18.42,17.85,17.91,19.15
31.22,14.81,9.7,15.11,20.86,16.81,11.16,7.7,11.43,14.56,9.5,19.8,24.04,11.61,15.42,10.8,31.78,15.91,10.74,14.93,15.84,8.88,9.13,11.99,9.58,6.46,20.54,16.4,31.33,8.19,16.51,7.55,17.32,17.02,5.4,16.71,12.92,9.42,10.18,21.39,10.66,16.62,16.01,10.34,10.57,15.53,22.23,14.68,5.01,14.52,11.62,12.6,32.55,12.3,14.8,12.03,10.09,18.29,4.67,16.33,26.2,18.36,7.09,13.32,25.17,6.5,19.67,18.85,19.37,17.09,16.28,5.61,16.08,12.29,3.68,14.03,26.41,10.78,10.49,14.19,3.79,17.16,17.98,4.41,3.71,13.53,16.63,5.56,20.33,2.59,6.21,11.97,7.07,18.73,1.99,18.39,13.48,30.66,26.7,11.42,14.38,7.01,19.47,13.59,14.82,17.05,4.67,6.69,3.33,8.03,25.55,12.88,17.96,9.88,5.86,5.78,4.37,5.41,32.53,29.59,28.6,28.07,29.78,23.27,26.53,24.42,26.39,25.63,24.22,21.47,35.26,32.11,31.75,31.76,34.51,23.13,33.2,28.41,30.17,30.65,34.42,29.61,22.5,32.37,33.12,29.95,36.3,34.29,32.37,22.96,29.08,23.49,21.94,20.84,22.32,19.46,20.91,17.76,19.5,18.4,18.32,21.07,18.92,20.76,16.04,15.48,17.75,33.86,26.04,28.64,26.66,29.39,29.86,27.66,25.1,32.47,29.53,30.63,29.76,36.51,27.7,34.9,27.5,27.82,27.99,27.14,31.98,28.92,29.06,29.12,22.63,26.48,27.34,26.19,25.18,31.17,28.79,26.38,34.33,26.51,28.82,32.76,31.4,10.47,12.03,17.25,40.25,13.83,14.16,18.4,10.5,11.01,14.88,24.38,17.61,18.86,18.59,20.24,11.14,22.17,20.91,17.54,8.65,19.31,19.64,21.86,18.38,18.96,20.17,20.05,18.63,9.37,25.74,18.68,19.44,22.14,19.79,18.99,7.6,7.03,6.39,8.77,7.95,12.34,15.33,10.13,6.85,13.25,9.22,12.4,10.33,14.5,9.94,15.49,11.09,9.38,29.17,14.36,12.75,13.5,7.92,12.23,13.49,14.19,0.0,2.3,5.62,5.55,4.03,1.24,4.5,6.75,5.42,6.12,5.95,7.07,15.44,15.09,16.79,11.43,20.68,22.15,10.39,13.41,16.77,20.66,14.9,14.16,11.4,10.18,12.15,22.12,22.92,18.25,11.38,9.57,16.33,12.0,11.27,21.94,17.75,21.16,17.02,15.63,20.4,16.66,10.55,14.77,21.75,9.6,19.63,9.96,15.94,24.18,22.69,12.13,12.68,10.25,8.63,11.28,13.94,15.21,6.14,9.06,8.55,11.67,6.75,9.19,7.85,6.16,14.14,9.39,12.25,11.68,11.74,19.27
31.92,15.14,8.16,13.56,21.56,17.51,11.86,8.4,12.13,15.26,10.2,20.5,24.74,12.0,16.12,11.5,32.48,16.61,11.44,15.63,16.54,9.58,9.83,12.69,9.91,4.91,21.24,17.11,32.03,6.64,17.22,6.0,13.82,15.6,3.86,17.41,13.31,10.13,10.89,22.09,11.36,17.33,12.51,10.67,11.28,16.23,22.94,11.18,3.47,15.23,12.32,13.3,33.25,13.0,15.5,12.74,10.8,18.99,3.12,12.84,26.9,19.06,7.79,14.02,25.87,7.2,20.38,19.55,20.07,17.79,16.98,4.06,16.78,13.0,4.39,14.73,27.11,11.48,11.19,14.89,2.25,17.86,18.68,5.11,2.16,14.23,17.33,6.26,21.03,3.3,6.91,12.68,7.77,19.43,2.69,14.89,13.87,31.36,27.4,12.13,15.08,7.71,20.17,14.29,15.52,17.75,5.37,7.39,4.03,8.74,26.25,13.27,16.54,10.58,6.57,6.48,5.07,6.11,33.23,30.29,29.3,28.77,30.48,23.97,27.23,25.12,27.09,26.33,24.92,22.17,35.96,32.81,32.46,32.46,35.21,23.83,33.9,29.11,30.87,31.35,35.12,30.31,23.21,33.07,33.82,30.65,37.0,34.99,33.07,23.66,29.78,24.19,22.64,21.54,23.02,20.16,21.61,18.46,20.2,19.1,19.02,21.77,19.62,21.46,16.74,16.18,18.45,34.56,26.74,29.34,27.37,30.09,30.56,28.36,25.8,33.17,30.23,31.34,30.46,37.21,28.4,35.6,28.2,28.52,28.69,27.84,32.68,29.63,29.76,29.82,23.33,27.18,28.04,26.89,25.89,31.87,29.49,27.08,35.03,27.21,29.53,33.46,32.1,11.17,12.73,17.95,40.95,14.53,14.5,19.1,11.21,11.71,15.58,25.08,18.32,19.56,19.29,20.95,11.84,22.87,21.61,18.24,9.35,20.01,20.34,22.56,19.08,19.66,20.87,20.75,19.33,10.07,26.44,19.38,20.14,22.85,20.49,19.69,8.3,5.49,4.85,7.23,6.4,13.04,16.03,10.83,7.55,13.95,9.92,13.1,11.03,15.2,10.64,16.19,11.79,10.08,29.87,15.07,13.45,14.2,8.62,12.93,14.19,10.7,2.3,0.0,6.37,3.96,4.78,1.11,5.24,7.5,3.88,4.53,4.36,5.48,16.19,13.5,16.37,12.18,21.02,22.49,10.73,13.76,17.12,21.01,15.24,14.5,12.15,10.93,12.5,22.46,23.27,18.59,12.13,10.32,16.67,12.75,12.01,22.28,18.1,21.5,17.36,15.98,20.74,17.0,10.89,15.12,22.09,10.34,19.98,10.71,16.29,24.52,23.03,10.54,11.09,10.6,7.04,11.63,12.35,13.61,5.38,7.47,8.9,10.07,6.38,7.6,8.2,5.4,12.55,7.8,10.66,10.09,10.15,17.68
30.78,14.57,13.82,19.22,20.42,16.37,10.72,5.39,12.3,10.2,3.72,15.45,23.6,11.37,11.49,5.02,31.35,15.47,11.62,11.0,11.91,4.65,8.69,6.21,9.34,10.57,16.18,15.97,30.9,12.3,12.58,11.66,12.11,9.77,9.52,7.31,12.68,5.49,6.25,19.32,6.73,12.27,12.92,10.1,9.53,8.28,20.16,13.68,9.13,14.09,7.69,5.34,32.12,8.37,14.37,8.1,9.66,14.36,8.79,10.78,25.76,14.01,6.85,9.38,24.74,6.26,17.6,14.49,18.93,13.16,9.03,9.58,15.65,11.86,2.44,6.77,25.97,6.85,6.56,10.26,7.91,16.72,17.54,2.62,7.82,9.6,14.84,5.32,19.89,3.71,5.77,11.54,6.63,15.74,4.4,11.15,13.24,30.23,26.27,7.49,13.95,7.89,16.18,13.15,14.39,16.61,4.43,6.45,4.55,7.6,25.12,12.64,10.71,9.45,5.63,6.65,3.24,4.28,32.09,29.15,28.16,27.64,29.34,22.84,26.09,23.99,25.95,25.19,23.78,21.03,34.82,31.68,31.32,31.32,34.08,22.7,32.76,27.97,29.73,30.21,33.98,29.18,22.07,31.93,32.68,29.52,35.87,33.85,31.94,22.53,28.64,21.42,17.58,18.77,20.24,19.02,20.48,17.32,15.57,14.05,13.97,16.72,14.99,16.4,15.6,11.12,13.4,33.42,25.6,28.21,26.23,28.95,29.43,27.22,24.66,32.03,29.1,30.2,29.32,36.07,27.26,34.46,27.06,27.38,27.56,26.7,31.54,28.49,28.63,28.68,22.19,26.05,26.91,25.76,24.75,30.74,28.35,25.94,33.89,26.07,28.39,32.33,30.96,11.34,17.86,16.82,39.82,14.89,13.93,17.96,11.38,16.93,14.44,23.95,17.18,18.42,18.15,19.81,12.01,21.73,20.47,17.11,9.52,18.87,19.2,21.42,17.95,18.52,19.73,19.61,18.19,10.25,25.31,18.24,19.0,21.71,19.36,18.55,8.48,11.15,10.51,12.89,12.06,8.41,10.98,9.69,6.42,8.9,8.18,8.05,4.73,10.57,8.89,11.56,8.07,8.34,28.73,10.43,8.82,9.57,2.14,4.98,6.24,13.76,5.62,6.37,0.0,9.73,3.85,5.42,6.53,1.13,7.45,9.99,10.13,10.44,9.82,12.76,11.16,5.81,20.5,21.97,10.2,13.23,16.59,20.48,14.72,13.98,11.22,10.36,11.97,21.94,22.74,18.06,11.2,9.39,16.15,13.75,11.44,21.76,17.57,20.98,16.83,15.45,20.22,16.48,10.36,14.59,21.57,9.77,19.45,9.78,15.76,24.0,22.5,14.1,16.86,10.07,12.81,11.1,18.12,19.39,7.51,13.24,8.37,15.85,6.57,13.37,7.67,8.19,18.32,13.57,16.43,15.86,15.92,26.03
35.17,16.18,9.2,14.6,24.81,20.75,15.11,11.65,15.87,18.51,13.45,23.75,27.99,13.04,19.37,14.75,35.73,19.86,15.84,18.88,19.79,12.83,13.08,16.96,10.95,5.95,24.49,20.35,35.28,7.68,20.46,7.04,10.88,12.66,4.89,16.23,14.35,13.37,14.13,25.34,14.61,20.57,9.57,11.71,14.52,15.06,26.18,8.24,4.51,18.47,15.57,15.91,36.5,16.25,18.75,15.98,14.04,22.24,4.16,9.9,30.15,22.31,11.04,17.26,29.12,10.45,23.62,22.79,23.32,21.04,14.34,5.1,20.03,16.24,7.63,15.24,30.36,14.73,14.44,18.14,3.29,21.1,21.93,8.36,3.2,17.48,20.58,8.63,24.28,6.54,10.16,15.92,11.02,22.68,5.94,11.95,14.91,34.61,30.65,15.37,18.33,10.96,23.42,17.54,18.77,21.0,8.62,10.64,7.28,11.98,29.5,14.31,13.6,13.83,9.81,9.73,8.32,9.36,36.48,33.54,32.55,32.02,33.73,27.22,30.48,28.37,30.34,29.58,28.17,25.42,39.21,36.06,35.7,35.71,38.46,27.08,37.15,32.36,34.12,34.6,38.37,33.56,26.45,36.32,37.07,33.9,40.25,38.24,36.32,26.91,33.03,27.44,25.89,24.79,26.26,23.41,24.86,21.71,23.45,22.35,22.27,25.02,22.87,24.71,19.99,19.43,21.7,37.81,29.99,32.59,30.61,33.34,33.81,31.61,29.05,36.42,33.48,34.58,33.7,40.46,31.65,38.84,31.44,31.77,31.94,31.08,35.93,32.87,33.01,33.07,26.58,30.43,31.29,30.14,29.13,35.12,32.74,30.33,38.28,30.46,32.77,36.71,35.35,15.57,16.47,21.2,44.2,16.56,15.54,22.35,15.6,16.11,18.83,28.33,21.56,22.81,22.54,24.19,16.24,26.12,24.86,21.49,13.75,23.26,23.59,25.81,22.33,22.91,24.12,24.0,22.58,14.47,29.69,16.09,23.39,26.09,23.74,22.94,11.81,6.53,5.89,8.27,7.44,16.29,19.28,14.08,10.8,17.2,13.17,16.35,14.28,18.45,13.89,19.44,15.04,13.33,33.12,18.31,16.7,17.45,11.87,16.18,17.44,7.76,5.55,3.96,9.73,0.0,8.03,4.36,7.78,10.75,4.9,5.55,5.38,6.5,17.11,10.56,13.44,15.43,22.04,23.51,11.75,14.78,18.14,22.03,16.26,15.53,12.82,15.3,13.52,23.49,24.29,19.61,12.81,11.0,17.69,15.35,11.92,23.3,19.12,22.53,18.38,17.0,21.76,18.02,11.91,16.14,23.12,14.72,21.0,11.38,17.31,25.54,24.05,7.6,12.11,11.62,8.06,12.65,13.37,14.64,6.4,8.49,9.92,11.1,7.4,8.62,9.22,6.42,13.57,8.82,11.68,11.11,11.17,17.1
29.29,20.15,12.23,17.63,18.93,14.88,9.23,5.77,11.62,12.63,7.57,17.87,22.11,10.69,13.49,8.87,29.85,13.98,10.94,13.0,13.91,6.95,7.2,10.06,8.66,8.98,18.61,14.48,29.4,10.71,14.59,10.07,15.39,15.09,7.92,14.78,12.0,7.5,8.26,19.46,8.73,14.7,14.08,9.42,8.65,13.6,20.31,12.75,7.54,12.6,9.69,10.67,30.62,10.37,12.87,10.1,8.17,16.36,7.19,14.4,24.27,16.43,6.17,11.39,23.24,5.58,17.75,16.92,17.44,15.16,14.35,7.99,14.15,10.37,1.76,12.1,24.48,8.85,8.56,12.26,6.32,15.23,16.05,2.48,6.23,11.6,14.7,4.64,18.4,2.11,4.28,10.04,5.14,16.8,2.81,16.46,17.33,28.73,24.77,9.5,12.45,7.21,17.54,11.66,12.89,15.12,3.75,5.77,3.79,6.11,23.62,11.96,16.03,7.95,4.94,5.97,2.56,3.59,30.6,27.66,26.67,26.14,27.85,21.34,24.6,22.49,24.46,23.7,22.29,19.54,33.33,30.18,29.83,29.83,32.58,21.2,31.27,26.48,28.24,28.72,32.49,27.68,20.58,30.44,31.19,28.02,34.37,32.36,30.44,21.03,27.15,21.56,20.01,18.91,20.39,17.53,18.98,15.83,17.57,16.47,16.39,19.14,16.99,18.83,14.11,13.55,15.82,31.93,24.11,26.71,24.74,27.46,27.93,25.73,23.17,30.54,27.6,28.7,27.83,34.58,25.77,32.97,25.57,25.89,26.06,25.21,30.05,27.0,27.13,27.19,20.7,24.55,25.41,24.26,23.26,29.24,26.86,24.45,32.4,24.58,26.9,30.83,29.47,10.66,16.37,15.32,38.32,18.61,13.24,16.47,10.7,15.44,12.95,22.45,15.68,16.93,16.66,18.32,11.33,20.24,18.98,15.61,8.84,17.38,17.71,19.93,16.45,17.03,18.24,18.12,16.7,9.56,23.81,16.75,17.51,20.22,17.86,17.06,7.8,9.56,8.92,11.3,10.47,10.41,13.4,8.2,4.92,11.32,7.29,10.47,8.4,12.57,8.01,13.56,9.16,7.45,27.24,12.44,10.82,11.57,5.99,10.3,11.56,12.26,4.03,4.78,3.85,8.03,0.0,14.13,18.93,18.87,14.66,15.32,13.73,16.27,20.07,13.52,16.4,24.19,33.81,35.28,23.52,26.55,29.91,33.8,28.04,27.3,24.54,26.11,25.29,35.26,36.06,31.38,24.52,22.71,35.54,27.93,27.19,35.07,36.97,34.3,30.15,28.77,33.54,35.87,23.68,27.91,34.89,25.52,32.77,23.1,29.08,37.32,35.82,10.56,21.88,23.39,17.83,24.42,23.14,23.47,16.16,18.26,21.69,20.86,17.17,18.39,20.99,16.19,23.34,18.58,21.44,20.88,20.94,22.18
30.86,14.44,8.56,13.96,20.5,16.44,10.8,7.33,11.07,14.2,9.14,19.44,23.68,11.25,15.06,10.44,31.42,15.54,10.38,14.57,15.48,8.51,8.77,11.62,9.21,5.31,20.17,16.04,30.97,7.04,16.15,6.4,14.22,16.66,4.26,16.35,12.55,9.06,9.82,21.02,10.3,16.26,12.91,9.97,10.21,15.17,21.87,11.58,3.87,14.16,11.26,12.24,32.19,11.93,14.44,11.67,9.73,17.93,3.53,13.24,25.84,18.0,6.73,12.95,24.81,6.14,19.31,18.48,19.0,16.72,15.92,4.46,15.72,11.93,3.32,13.66,26.05,10.41,10.13,13.83,2.65,16.79,17.61,4.05,2.56,13.17,16.27,5.2,19.97,2.23,5.85,11.61,6.71,18.37,1.63,15.29,13.12,30.3,26.34,11.06,14.02,6.65,19.11,13.22,14.46,16.69,4.31,6.33,2.97,7.67,25.19,12.52,17.6,9.52,5.5,5.41,4.01,5.04,32.16,29.23,28.23,27.71,29.42,22.91,26.17,24.06,26.03,25.26,23.86,21.11,34.9,31.75,31.39,31.4,34.15,22.77,32.83,28.05,29.81,30.29,34.05,29.25,22.14,32.01,32.76,29.59,35.94,33.92,32.01,22.6,28.71,23.13,21.58,20.48,21.95,19.09,20.55,17.39,19.14,18.04,17.96,20.71,18.56,20.39,15.67,15.11,17.39,33.5,25.68,28.28,26.3,29.02,29.5,27.3,24.73,32.1,29.17,30.27,29.39,36.14,27.33,34.53,27.13,27.45,27.63,26.77,31.62,28.56,28.7,28.76,22.27,26.12,26.98,25.83,24.82,30.81,28.42,26.02,33.97,26.14,28.46,32.4,31.03,10.1,11.66,16.89,39.89,13.47,13.8,18.03,10.14,10.64,14.52,24.02,17.25,18.5,18.22,19.88,10.77,21.81,20.54,17.18,8.28,18.95,19.27,21.5,18.02,18.6,19.8,19.68,18.26,9.01,25.38,18.31,19.07,21.78,19.43,18.63,7.24,5.89,5.25,7.63,6.8,11.98,14.97,9.77,6.49,12.89,8.86,12.04,9.97,14.13,9.58,15.12,10.72,9.02,28.8,14.0,12.39,13.14,7.56,11.87,13.13,11.1,1.24,1.11,5.42,4.36,14.13,0.0,4.18,6.44,4.28,4.93,4.76,5.88,15.12,13.9,16.47,11.12,20.36,21.83,10.07,13.1,16.46,20.34,14.58,13.84,11.08,9.86,11.83,21.8,22.61,17.93,11.06,9.26,16.01,11.68,10.95,21.62,17.44,20.84,16.7,15.32,20.08,16.34,10.23,14.46,21.43,9.28,19.32,9.64,15.62,23.86,22.37,10.94,11.49,9.94,7.44,10.96,12.75,14.02,5.82,7.87,8.23,10.48,6.43,8.0,7.53,5.84,12.95,8.2,11.06,10.49,10.55,18.08
31.97,13.47,10.31,15.71,21.61,17.56,11.91,8.45,13.16,15.31,10.25,20.55,24.79,10.33,16.17,11.55,32.53,16.66,11.11,15.68,16.59,9.63,9.88,12.74,8.24,7.06,21.29,17.16,32.08,8.79,17.26,8.15,18.07,17.77,6.0,17.46,11.64,10.18,10.94,22.14,11.41,17.38,16.76,9.0,11.33,16.28,22.98,15.43,6.75,15.27,12.37,13.35,33.3,13.05,15.55,12.78,10.85,19.04,5.27,17.08,26.95,19.11,6.34,14.07,25.92,5.76,20.42,19.6,20.12,17.84,17.03,5.08,16.83,13.04,4.44,14.78,27.16,11.53,11.24,14.94,5.53,17.91,18.73,5.16,5.44,14.28,17.38,4.82,21.08,3.8,6.96,12.72,7.82,19.48,3.27,19.14,12.2,31.41,27.45,12.18,15.13,7.38,20.22,14.34,15.57,17.8,3.93,5.94,2.69,8.79,26.3,11.6,18.71,10.63,5.12,6.14,4.04,5.08,33.28,30.34,29.35,28.82,30.53,24.02,27.28,25.17,27.14,26.38,24.97,22.22,36.01,32.86,32.51,32.51,35.26,23.88,33.95,29.16,30.92,31.4,35.17,30.36,23.25,33.12,33.87,30.7,37.05,35.04,33.12,23.71,29.83,24.24,22.69,21.59,23.07,20.21,21.66,18.51,20.25,19.15,19.07,21.82,19.67,21.51,16.79,16.23,18.5,34.61,26.79,29.39,27.41,30.14,30.61,28.41,25.85,33.22,30.28,31.38,30.51,37.26,28.45,35.65,28.25,28.57,28.74,27.89,32.73,29.67,29.81,29.87,23.38,27.23,28.09,26.94,25.94,31.92,29.54,27.13,35.08,27.26,29.58,33.51,32.15,10.83,13.76,18.0,41.0,13.85,12.83,19.15,10.87,11.37,15.63,25.13,18.36,19.61,19.34,20.99,11.5,22.92,21.66,18.29,9.01,20.06,20.39,22.61,19.13,19.71,20.92,20.8,19.38,9.74,26.49,13.38,20.19,22.89,20.54,19.74,9.1,7.64,7.0,9.38,8.55,13.09,16.08,10.88,7.6,14.0,9.97,13.15,11.08,15.25,10.69,16.24,11.84,10.13,29.92,15.12,13.5,14.25,8.67,12.98,14.24,14.94,4.5,5.24,6.53,7.78,18.93,4.18,0.0,7.68,2.98,5.52,7.63,5.96,16.37,18.48,17.71,12.36,19.34,20.81,9.05,12.08,15.44,19.33,13.56,12.83,10.12,12.6,10.82,20.79,21.59,16.91,10.11,8.3,15.0,12.65,9.22,20.6,16.42,19.83,15.68,14.3,19.07,15.32,9.21,13.44,20.42,12.02,18.3,8.68,14.61,22.85,21.35,15.52,13.22,8.92,9.17,9.95,14.48,15.74,3.7,9.6,7.22,12.2,4.7,9.73,6.52,3.72,14.68,9.92,12.79,12.22,12.28,19.81
31.59,15.7,14.95,20.35,21.23,17.17,11.53,4.26,13.43,9.07,2.59,14.32,24.41,12.5,10.36,3.89,32.15,14.63,12.75,9.87,10.78,3.52,9.5,5.08,10.47,11.7,15.05,16.77,31.7,13.44,11.45,12.79,10.98,8.64,10.65,6.17,13.81,4.36,5.12,18.18,5.6,11.14,11.79,11.23,8.4,7.15,19.03,12.55,10.26,14.89,6.56,4.21,32.92,7.24,15.17,6.97,10.46,13.23,9.92,9.65,26.57,12.88,7.98,8.25,25.54,7.4,16.47,13.36,16.96,12.03,7.9,10.71,16.45,12.66,3.57,5.64,26.78,5.72,5.43,9.13,9.04,15.53,16.31,3.75,8.95,8.47,13.71,6.45,17.93,4.84,6.25,12.34,7.11,14.61,5.53,10.02,14.37,31.03,27.07,6.36,14.75,9.02,15.05,13.96,15.19,15.43,5.57,7.58,5.68,8.08,25.92,13.77,9.57,10.25,6.76,7.78,4.37,5.41,32.9,29.96,28.97,28.44,30.15,23.64,26.9,24.79,26.76,26.0,24.59,21.84,35.63,32.48,32.12,32.13,34.88,23.5,33.56,28.78,30.54,31.02,34.79,29.98,22.87,32.74,33.49,30.32,36.67,34.65,32.74,23.33,29.45,20.29,16.45,17.64,19.11,17.05,18.51,16.13,14.44,12.92,12.83,15.59,13.86,15.27,14.76,9.99,12.27,34.23,26.41,29.01,27.03,29.75,30.23,28.03,25.46,32.83,29.9,31.0,30.12,36.87,28.06,35.26,27.86,28.18,28.36,27.5,32.35,29.29,29.43,29.49,23.0,26.85,27.71,26.56,25.55,31.54,29.15,26.75,34.7,26.88,29.19,33.13,31.76,12.47,18.67,17.62,40.62,16.02,15.06,18.77,12.51,17.73,15.25,24.75,17.98,19.23,18.96,20.61,13.14,22.54,21.28,17.91,10.65,19.68,20.01,22.23,18.75,19.33,20.53,20.41,18.99,11.38,26.11,19.04,19.8,22.51,20.16,19.36,9.61,12.28,11.64,14.02,13.19,7.28,9.84,10.5,5.28,7.77,7.05,6.92,3.6,9.44,7.76,10.42,6.94,7.21,29.54,9.3,7.69,8.44,1.01,3.85,5.11,14.89,6.75,7.5,1.13,10.75,18.87,6.44,7.68,0.0,8.58,11.12,11.26,11.57,8.69,11.63,10.03,4.68,21.63,23.1,11.33,14.36,17.72,21.61,15.85,15.11,12.35,11.49,13.1,23.07,23.87,19.19,12.33,10.52,17.28,14.88,12.57,22.89,18.7,22.11,17.97,16.58,21.35,17.61,11.49,15.72,22.7,10.9,20.58,10.91,16.89,25.13,23.64,12.97,18.0,11.2,13.94,12.23,19.25,20.52,8.64,14.37,9.5,16.98,7.7,14.5,8.8,9.32,19.45,14.7,17.56,16.99,17.05,27.16
25.79,11.36,7.42,12.82,15.43,18.48,12.83,9.37,11.06,16.23,11.17,21.47,18.61,8.23,17.09,12.48,29.06,17.58,11.03,16.6,17.52,10.55,10.8,13.66,6.13,4.17,22.21,12.9,28.61,5.9,18.19,5.26,14.76,16.54,3.12,18.38,9.53,11.1,11.86,23.06,12.33,18.3,13.45,6.89,12.25,17.21,23.91,12.12,3.86,16.2,13.3,14.27,29.83,13.97,16.48,13.71,11.77,19.96,2.39,13.78,23.26,20.04,7.31,14.99,22.23,6.72,21.35,20.52,21.04,18.76,17.96,2.98,17.76,13.97,5.36,15.7,23.47,12.45,12.17,15.87,2.64,18.83,19.65,6.08,2.55,15.21,18.3,3.81,22.0,4.73,7.88,13.65,8.74,20.41,4.2,15.83,10.1,27.94,23.76,13.1,16.06,8.58,21.14,15.26,16.5,18.72,4.89,6.91,3.61,9.71,22.61,9.49,17.47,9.06,6.08,7.11,4.97,6.0,29.81,26.87,25.66,25.13,27.06,20.33,23.59,21.48,23.45,22.69,21.28,18.53,32.54,29.39,29.04,29.04,31.79,20.19,30.48,25.47,27.45,27.93,31.7,24.19,19.56,24.36,30.4,24.52,33.58,26.86,29.65,20.02,26.36,25.16,23.61,22.51,23.99,21.13,22.58,19.43,21.18,20.08,19.99,22.74,20.59,22.43,17.71,17.15,19.43,28.43,20.61,23.21,21.24,23.96,24.44,22.23,19.67,27.04,24.11,25.21,24.33,31.08,22.27,29.47,22.07,22.39,22.56,21.71,26.55,23.5,23.64,23.69,17.2,21.06,21.91,20.76,19.76,25.74,23.36,20.95,28.9,21.08,23.4,27.33,25.97,10.75,11.66,14.31,37.53,11.74,10.72,13.73,10.79,11.29,16.55,18.96,14.67,15.92,15.87,14.82,11.42,16.74,17.97,12.12,8.93,16.37,16.7,16.43,14.99,13.53,14.74,15.11,13.2,9.65,20.32,11.27,16.5,16.72,14.48,14.76,6.99,4.75,4.11,6.49,5.66,14.02,17.0,11.8,8.53,14.93,10.9,14.08,12.01,16.17,11.61,17.16,12.76,11.06,23.74,16.04,14.42,15.18,9.59,13.91,15.17,11.64,5.42,3.88,7.45,4.9,14.66,4.28,2.98,8.58,0.0,3.41,4.75,3.86,17.29,14.45,17.33,13.29,17.24,18.71,6.95,9.97,13.33,17.22,11.46,10.72,8.02,10.5,8.71,18.68,19.48,14.81,8.0,6.19,12.89,10.54,7.11,18.5,14.31,17.72,13.58,12.19,16.96,13.22,7.11,11.33,18.31,9.91,16.19,6.58,12.5,20.74,19.25,11.49,10.33,6.81,6.28,7.84,11.59,12.86,1.59,6.71,5.11,9.32,2.59,6.84,4.41,1.61,11.79,7.04,9.9,9.33,9.39,16.92
27.57,13.14,6.55,11.96,17.21,21.02,15.37,11.91,12.83,18.77,13.71,24.01,20.39,10.0,19.63,15.01,30.84,20.12,12.8,19.14,20.05,13.09,13.34,16.2,7.91,3.31,24.75,14.68,30.39,5.04,20.72,4.4,15.41,17.19,2.25,20.92,11.31,13.64,14.39,25.6,14.87,20.84,14.1,8.67,14.79,19.74,26.44,12.77,4.51,18.73,15.83,16.81,31.61,16.51,19.01,16.24,14.31,22.5,1.89,14.43,25.04,22.57,9.08,17.53,24.01,8.5,23.88,23.06,23.58,21.3,18.86,1.01,20.29,16.5,7.9,18.24,25.25,14.99,14.7,18.4,3.29,21.37,22.19,8.62,3.21,17.74,20.84,5.59,24.54,7.26,10.42,16.18,11.28,22.94,6.73,16.48,11.87,29.72,25.54,15.64,18.59,10.36,23.68,17.8,19.03,21.26,6.67,8.69,6.15,12.25,24.39,11.27,18.12,10.84,7.86,8.89,7.5,8.54,31.59,28.65,27.44,26.91,28.84,22.11,25.37,23.26,25.23,24.46,23.06,20.31,34.32,31.17,30.81,30.82,33.57,21.97,32.26,27.25,29.23,29.71,33.48,25.96,21.34,26.14,32.18,26.3,35.36,28.64,31.43,21.8,28.14,27.7,26.15,25.05,26.53,23.67,25.12,21.97,23.71,22.61,22.53,25.28,23.13,24.97,20.25,19.69,21.96,30.21,22.39,24.99,23.02,25.74,26.21,24.01,21.45,28.82,25.89,26.99,26.11,32.86,24.05,31.25,23.85,24.17,24.34,23.49,28.33,25.28,25.41,25.47,18.98,22.83,23.69,22.54,21.54,27.52,25.14,22.73,30.68,22.86,25.18,29.11,27.75,12.53,13.44,16.09,39.31,13.52,12.5,15.51,12.57,13.07,19.09,20.73,16.45,17.7,17.65,16.6,13.2,18.52,19.74,13.89,10.71,18.15,18.47,18.21,16.76,15.31,16.52,16.89,14.98,11.43,22.09,13.05,18.27,18.5,16.26,16.54,8.77,3.88,3.24,5.62,4.8,16.55,19.54,14.34,11.06,17.46,13.43,16.61,14.54,18.71,14.15,19.7,15.3,13.59,25.52,18.58,16.96,17.71,12.13,16.44,17.7,12.29,6.12,4.53,9.99,5.55,15.32,4.93,5.52,11.12,3.41,0.0,5.39,2.03,19.83,15.09,17.97,15.82,19.02,20.48,8.72,11.75,15.11,19.0,13.24,12.5,9.8,12.28,10.49,20.46,21.26,16.58,9.78,7.97,14.67,12.32,8.89,20.28,16.09,19.5,15.35,13.97,18.74,15.0,8.88,13.11,20.09,11.69,17.97,8.36,14.28,22.52,21.02,12.13,9.47,8.59,5.42,9.62,10.73,12.0,3.37,5.85,6.89,8.46,4.37,5.98,6.19,1.8,10.93,6.18,9.04,8.47,8.53,16.06
30.45,16.02,9.03,14.44,20.09,21.16,15.51,12.05,15.71,18.91,13.85,24.15,23.27,12.88,19.77,15.16,36.14,20.26,15.68,19.28,20.19,13.23,13.48,16.34,10.79,5.79,24.89,20.76,35.69,7.52,20.87,6.88,13.82,15.6,4.73,21.06,14.19,13.78,14.54,25.74,15.01,20.98,12.51,11.55,14.93,19.89,26.59,11.18,1.46,18.88,15.98,16.95,36.91,16.65,19.16,16.39,14.45,22.64,4.0,12.84,30.55,22.72,11.44,17.67,29.53,10.86,24.03,23.2,23.72,21.44,17.27,4.94,20.44,16.65,8.04,18.38,30.76,15.13,14.85,18.55,3.12,21.51,22.33,8.76,2.19,17.89,20.98,8.47,24.68,6.95,10.56,16.33,11.42,23.09,6.35,14.89,14.75,35.02,31.06,15.78,18.74,11.37,23.82,17.94,19.18,21.4,9.03,11.04,7.69,12.39,29.91,14.15,16.53,14.24,10.22,10.13,8.72,9.76,36.88,33.94,32.95,32.42,34.13,27.63,30.88,28.78,30.74,29.98,28.57,25.82,39.61,36.47,36.11,36.11,38.87,27.49,37.55,32.76,34.52,35.0,38.77,28.84,26.86,36.72,37.47,29.18,40.66,38.64,36.72,27.32,33.43,27.84,26.29,25.19,26.67,23.81,25.26,22.11,23.86,22.76,22.67,25.42,23.27,25.11,20.39,19.83,22.11,33.09,25.26,27.87,25.89,28.61,29.09,26.89,24.32,31.69,28.76,29.86,28.98,35.73,26.92,34.12,26.72,27.04,27.22,26.36,31.21,28.15,28.29,28.35,21.86,25.71,26.57,25.42,24.41,30.4,28.01,25.61,33.56,25.73,28.05,31.99,30.62,15.4,16.31,21.61,44.61,16.4,15.38,18.39,15.44,15.94,19.23,23.61,21.97,23.21,22.94,19.47,16.07,21.4,25.26,16.77,13.58,23.66,23.99,21.09,22.73,18.19,19.39,24.4,17.85,14.31,24.97,15.93,23.79,21.37,24.14,23.34,11.65,6.36,5.72,8.1,7.28,16.7,19.68,14.48,11.21,17.61,13.57,16.76,14.69,18.85,14.29,19.84,15.44,13.74,28.39,18.72,17.1,17.86,12.27,16.59,17.85,10.7,5.95,4.36,10.13,5.38,13.73,4.76,7.63,11.26,4.75,5.39,0.0,6.34,19.83,13.43,16.31,15.82,21.88,23.35,11.59,14.62,17.98,21.87,16.11,15.37,12.67,15.14,13.36,23.33,24.13,19.45,12.65,10.84,17.54,15.19,11.76,23.15,18.96,22.37,18.22,16.84,21.61,17.87,11.75,15.98,22.96,14.56,20.84,11.23,17.15,25.39,23.89,10.47,11.96,11.46,7.9,12.49,13.22,14.48,6.24,8.33,9.76,10.94,7.24,8.46,9.06,6.26,13.41,8.66,11.52,10.96,11.01,17.47
28.02,13.59,7.51,12.91,17.66,21.46,15.82,12.36,13.28,19.22,14.16,24.46,20.84,10.45,20.08,15.46,31.29,20.56,13.25,19.59,20.5,13.54,13.79,16.65,8.36,4.26,25.19,15.13,30.84,5.99,21.17,5.35,16.36,18.14,3.21,21.37,11.76,14.08,14.84,26.05,15.32,21.28,15.06,9.12,15.23,20.19,26.89,13.72,5.46,19.18,16.28,17.26,32.06,16.96,19.46,16.69,14.75,22.95,2.84,15.38,25.49,23.02,9.53,17.97,24.46,8.95,24.33,23.5,24.03,21.75,20.94,1.89,20.74,16.95,8.34,18.69,25.7,15.44,15.15,18.85,4.24,21.81,22.64,9.07,4.16,18.19,21.29,6.04,24.99,7.71,10.87,16.63,11.73,23.39,7.18,17.43,12.32,30.17,25.99,16.08,19.04,10.81,24.13,18.25,19.48,21.71,7.12,9.13,6.6,12.69,24.84,11.72,19.08,11.29,8.31,9.33,7.95,8.99,32.04,29.1,27.88,27.36,29.29,22.56,25.82,23.71,25.68,24.91,23.51,20.76,34.77,31.62,31.26,31.27,34.02,22.42,32.7,27.7,29.68,30.16,33.93,26.41,21.79,26.59,32.63,26.75,35.81,29.09,31.88,22.25,28.59,28.15,26.6,25.5,26.97,24.12,25.57,22.42,24.16,23.06,22.98,25.73,23.58,25.42,20.7,20.14,22.41,30.66,22.84,25.44,23.46,26.19,26.66,24.46,21.9,29.27,26.33,27.43,26.56,33.31,24.5,31.7,24.3,24.62,24.79,23.94,28.78,25.72,25.86,25.92,19.43,23.28,24.14,22.99,21.98,27.97,25.59,23.18,31.13,23.31,25.62,29.56,28.2,12.98,13.89,16.54,39.76,13.97,12.95,15.96,13.01,13.52,19.54,21.18,16.9,18.14,18.1,17.04,13.65,18.97,20.19,14.34,11.16,18.6,18.92,18.66,17.21,15.76,16.97,17.33,15.43,11.88,22.54,13.5,18.72,18.94,16.7,16.99,9.22,4.84,4.2,6.58,5.75,17.0,19.99,14.79,11.51,17.91,13.88,17.06,14.99,19.16,14.6,20.15,15.75,14.04,25.97,19.02,17.41,18.16,12.58,16.89,18.15,13.24,7.07,5.48,10.44,6.5,16.27,5.88,5.96,11.57,3.86,2.03,6.34,0.0,20.28,16.05,18.92,16.27,19.46,20.93,9.17,12.2,15.56,19.45,13.69,12.95,10.24,12.72,10.94,20.91,21.71,17.03,10.23,8.42,15.12,12.77,9.34,20.72,16.54,19.95,15.8,14.42,19.19,15.44,9.33,13.56,20.54,12.14,18.42,8.81,14.73,22.97,21.47,13.08,10.43,9.04,3.98,10.07,11.69,12.95,3.82,6.8,7.34,9.41,4.82,6.93,6.64,2.24,11.88,7.13,9.99,9.43,9.49,17.02
36.7,27.56,23.64,29.04,26.34,22.29,16.64,9.37,22.07,14.19,6.19,19.43,29.52,21.19,15.47,4.99,37.26,19.75,21.39,14.98,15.89,8.63,14.61,3.33,19.16,20.39,20.16,21.89,36.81,22.12,16.56,21.48,7.42,4.69,19.34,2.33,26.21,9.48,10.24,23.3,10.71,16.25,8.23,19.92,13.51,1.84,24.14,8.99,18.52,20.0,11.67,4.47,38.03,12.35,20.28,12.08,15.58,18.34,18.6,5.75,31.68,17.99,17.5,13.37,30.65,15.13,21.58,18.47,22.08,17.14,3.12,19.4,21.56,17.77,12.26,3.37,31.89,10.83,10.54,14.24,17.73,20.65,21.42,12.43,17.64,13.58,18.82,15.14,23.04,13.52,11.37,17.45,12.23,19.72,14.22,5.23,24.74,36.14,32.18,11.48,19.86,17.66,20.16,19.07,20.3,20.54,14.25,15.03,14.37,13.19,31.03,25.69,4.4,15.36,13.77,16.42,13.06,12.6,38.01,35.07,34.08,33.55,35.26,28.75,32.01,29.9,31.87,31.11,29.7,26.95,40.74,37.59,37.24,37.24,39.99,28.61,38.68,33.89,35.65,36.13,39.9,35.09,27.98,37.85,38.6,35.43,41.78,39.77,37.85,28.44,34.56,25.4,21.57,22.75,24.23,22.17,23.62,21.25,19.55,18.03,17.95,20.7,18.97,20.39,19.88,15.1,17.38,39.34,31.52,34.12,32.14,34.87,35.34,33.14,30.58,37.95,35.01,36.11,35.24,41.99,33.18,40.38,32.98,33.3,33.47,32.62,37.46,34.4,34.54,34.6,28.11,31.96,32.82,31.67,30.67,36.65,34.27,31.86,39.81,31.99,34.31,38.24,36.88,21.11,23.78,22.73,45.73,26.02,26.42,23.88,21.15,22.85,20.36,29.86,23.09,24.34,24.07,25.72,21.78,27.65,26.39,23.02,19.29,24.79,25.12,27.34,23.86,24.44,25.65,25.53,24.11,20.02,31.22,24.16,24.92,27.62,25.27,24.47,18.25,20.97,20.33,22.71,21.88,12.39,14.96,15.61,10.39,12.88,12.16,12.03,6.74,14.55,12.88,15.54,12.05,12.32,34.65,14.42,12.8,13.55,7.68,5.65,6.91,12.64,15.44,16.19,9.82,17.11,20.07,15.12,16.37,8.69,17.29,19.83,19.83,20.28,0.0,7.08,5.49,7.78,33.65,35.12,20.16,23.19,26.55,33.64,24.68,23.94,21.18,20.22,21.93,31.9,36.65,31.59,21.16,19.35,29.66,22.04,21.31,34.91,31.08,30.94,26.79,25.41,33.37,29.98,20.32,24.55,34.72,19.64,32.61,19.74,25.72,37.99,36.59,9.59,28.3,20.03,24.24,21.06,29.56,29.42,17.47,24.67,18.33,27.28,16.53,24.8,17.63,19.63,29.75,25.0,27.86,27.3,27.36,28.13
39.64,30.5,18.74,24.14,29.28,25.22,19.58,12.31,25.01,17.12,9.13,22.37,32.46,24.21,18.41,8.18,40.2,22.68,24.33,17.92,18.83,11.57,17.55,8.47,22.17,15.49,23.1,24.82,39.75,17.22,19.5,16.58,4.83,3.0,14.44,6.57,25.52,12.41,13.17,26.24,13.65,19.19,3.52,22.94,16.45,5.4,27.08,2.45,11.98,22.94,14.61,7.41,40.97,15.29,23.22,15.02,18.51,21.28,13.7,1.37,34.62,20.93,19.69,16.3,33.59,19.1,24.52,21.41,25.02,20.08,4.68,14.64,24.5,20.71,15.28,6.74,34.83,13.77,13.48,17.18,12.83,23.58,24.36,16.0,12.74,16.52,21.76,18.16,25.98,15.63,14.3,20.39,15.16,22.66,16.32,4.38,27.68,39.08,35.12,14.41,22.8,20.6,23.1,22.01,23.24,23.48,17.27,19.29,17.31,16.13,33.97,25.48,3.94,18.3,18.46,19.36,16.08,15.54,40.95,38.01,37.02,36.49,38.2,31.69,34.95,32.84,34.81,34.05,32.64,29.89,43.68,40.53,40.17,40.18,42.93,31.55,41.62,36.83,38.59,39.07,42.84,38.03,30.92,40.79,41.54,38.37,44.72,42.71,40.79,31.38,37.5,28.34,24.5,25.69,27.16,25.1,26.56,24.19,22.49,20.97,20.89,23.64,21.91,23.32,22.82,18.04,20.32,42.28,34.46,37.06,35.08,37.8,38.28,36.08,33.51,40.88,37.95,39.05,38.17,44.92,36.12,43.31,35.91,36.23,36.41,35.55,40.4,37.34,37.48,37.54,31.05,34.9,35.76,34.61,33.6,39.59,37.2,34.8,42.75,34.93,37.24,41.18,39.82,24.05,26.72,25.67,48.67,28.96,26.76,26.82,24.09,25.78,23.3,32.8,26.03,27.28,27.01,28.66,24.72,30.59,29.33,25.96,22.23,27.73,28.06,30.28,26.8,27.38,28.59,28.47,27.04,22.95,34.16,27.09,27.86,30.56,28.21,27.41,21.19,16.07,15.43,17.81,16.98,15.33,17.9,18.55,13.33,15.82,15.1,14.97,9.68,17.49,15.81,18.48,14.99,15.26,37.59,17.35,15.74,16.49,10.61,8.59,9.85,6.09,15.09,13.5,12.76,10.56,13.52,13.9,18.48,11.63,14.45,15.09,13.43,16.05,7.08,0.0,3.79,9.97,32.57,34.04,22.28,25.3,28.66,32.55,26.79,26.05,23.29,22.41,24.04,34.01,34.81,30.14,23.27,21.46,31.85,24.23,23.5,33.83,33.27,33.05,28.91,27.52,32.29,32.17,22.44,26.66,33.64,21.83,31.52,21.85,27.83,36.07,34.58,3.34,21.59,22.14,17.53,23.17,22.85,23.17,15.87,17.96,20.44,20.57,18.64,18.09,19.74,15.89,23.04,18.29,21.15,20.59,20.65,21.89
38.04,28.91,21.61,27.02,27.68,23.63,17.98,10.71,23.42,15.53,7.54,20.77,30.86,22.54,16.81,6.59,38.61,21.09,22.73,16.33,17.24,9.97,15.95,6.88,20.5,18.37,21.51,23.23,38.16,20.1,17.91,19.45,3.75,1.41,17.31,4.98,27.55,10.82,11.58,24.64,12.05,17.6,4.56,21.26,14.86,3.81,25.49,5.32,14.85,21.35,13.02,5.82,39.38,13.69,21.63,13.43,16.92,19.68,16.58,2.42,33.02,19.34,18.85,14.71,32.0,16.47,22.93,19.82,23.42,18.48,3.08,17.52,22.91,19.12,13.6,5.15,33.24,12.17,11.89,15.59,15.7,21.99,22.76,13.78,15.62,14.93,20.17,16.49,24.38,14.87,12.71,18.8,13.57,21.06,15.56,2.79,26.08,37.49,33.53,12.82,21.21,19.0,21.51,20.41,21.65,21.89,15.6,16.37,15.71,14.54,32.38,27.04,2.34,16.71,15.11,17.77,14.4,13.94,39.35,36.42,35.42,34.9,36.6,30.1,33.36,31.25,33.21,32.45,31.05,28.3,42.08,38.94,38.58,38.58,41.34,29.96,40.02,35.24,36.99,37.48,41.24,36.44,29.33,39.2,39.94,36.78,43.13,41.11,39.2,29.79,35.9,26.74,22.91,24.09,25.57,23.51,24.96,22.59,20.9,19.38,19.29,22.04,20.31,21.73,21.22,16.45,18.73,40.68,32.86,35.47,33.49,36.21,36.69,34.48,31.92,39.29,36.36,37.46,36.58,43.33,34.52,41.72,34.32,34.64,34.82,33.96,38.81,35.75,35.89,35.94,29.46,33.31,34.17,33.02,32.01,38.0,35.61,33.2,41.16,33.33,35.65,39.59,38.22,22.46,25.12,24.08,47.08,27.36,27.77,25.22,22.49,24.19,21.7,31.21,24.44,25.68,25.41,27.07,23.13,28.99,27.73,24.37,20.64,26.13,26.46,28.68,25.21,25.78,26.99,26.87,25.45,21.36,32.57,25.5,26.26,28.97,26.62,25.81,19.59,18.94,18.3,20.68,19.86,13.74,16.3,16.95,11.74,14.22,13.5,13.37,8.08,15.89,14.22,16.88,13.4,13.67,35.99,15.76,14.15,14.9,9.02,7.0,8.26,8.97,16.79,16.37,11.16,13.44,16.4,16.47,17.71,10.03,17.33,17.97,16.31,18.92,5.49,3.79,0.0,6.18,32.05,33.52,18.57,21.59,24.95,32.04,23.08,22.34,19.58,18.62,20.33,30.3,35.06,29.99,19.56,17.75,28.06,20.44,19.71,33.31,29.48,29.34,25.2,23.81,31.78,28.39,18.73,22.95,33.13,18.04,31.01,18.14,24.12,36.4,34.99,10.24,26.7,18.43,22.65,19.46,27.96,29.22,15.87,23.08,16.73,25.68,14.93,23.21,16.03,18.03,28.16,23.4,26.27,25.7,25.76,28.79
33.34,24.2,19.63,25.03,22.98,18.92,13.28,6.01,18.71,10.82,2.18,16.07,26.16,17.18,12.11,2.84,33.9,16.38,18.03,11.62,12.53,5.27,11.25,4.03,15.15,16.38,16.8,18.52,33.45,18.12,13.2,17.47,9.93,7.59,15.33,5.12,22.84,6.11,6.87,19.94,7.35,12.89,10.74,15.91,10.15,6.1,20.78,11.5,14.94,16.64,8.31,3.16,34.67,8.99,16.92,8.72,12.21,14.98,14.6,8.6,28.32,14.63,14.14,10.0,27.29,12.08,18.22,15.11,18.71,13.78,6.85,15.39,18.2,14.41,8.25,4.59,28.53,7.47,7.18,10.88,13.72,17.28,18.06,8.43,13.64,10.22,15.46,11.13,19.68,9.52,8.0,14.09,8.86,16.36,10.21,8.97,21.38,32.78,28.82,8.11,16.5,14.3,16.8,15.71,16.94,17.18,10.25,12.26,10.36,9.83,27.67,22.33,8.52,12.0,10.41,13.06,9.05,9.24,34.65,31.71,30.72,30.19,31.9,25.39,28.65,26.54,28.51,27.75,26.34,23.59,37.38,34.23,33.87,33.88,36.63,25.25,35.31,30.53,32.29,32.77,36.54,31.73,24.62,34.49,35.24,32.07,38.42,36.41,34.49,25.08,31.2,22.04,18.2,19.39,20.86,18.8,20.26,17.89,16.19,14.67,14.59,17.34,15.61,17.02,16.52,11.74,14.02,35.98,28.16,30.76,28.78,31.5,31.98,29.78,27.21,34.58,31.65,32.75,31.87,38.62,29.81,37.01,29.61,29.93,30.11,29.25,34.1,31.04,31.18,31.24,24.75,28.6,29.46,28.31,27.3,33.29,30.9,28.5,36.45,28.63,30.94,34.88,33.52,17.75,20.42,19.37,42.37,22.66,23.06,20.52,17.79,19.48,17.0,26.5,19.73,20.98,20.71,22.36,18.42,24.29,23.03,19.66,15.93,21.43,21.76,23.98,20.5,21.08,22.29,22.17,20.74,16.65,27.86,20.79,21.55,24.26,21.91,21.11,14.89,16.96,16.32,18.7,17.87,9.03,11.6,12.25,7.03,9.52,8.8,8.67,3.38,11.19,9.51,12.18,8.69,8.96,31.29,11.05,9.44,10.19,3.67,2.8,4.06,15.15,11.43,12.18,5.81,15.43,24.19,11.12,12.36,4.68,13.29,15.82,15.82,16.27,7.78,9.97,6.18,0.0,30.15,31.62,16.02,19.05,22.41,30.13,20.53,19.79,17.03,16.72,17.78,27.75,28.55,23.88,17.01,15.2,26.15,18.54,17.81,31.41,27.58,26.79,22.65,21.26,29.87,26.48,16.18,20.4,31.22,16.13,29.11,15.59,21.57,34.49,28.32,11.92,22.68,15.88,18.62,16.91,23.93,25.2,13.32,19.05,14.18,21.66,12.38,19.18,13.48,14.0,24.13,19.38,22.24,21.68,21.73,30.46
24.93,6.18,13.5,18.04,14.57,28.76,23.11,24.13,10.2,31.0,27.93,30.84,17.75,12.38,31.86,29.24,28.51,27.86,15.77,31.37,32.28,25.31,21.08,30.43,11.1,21.32,31.57,11.69,28.06,23.05,32.95,15.8,35.8,33.46,20.26,33.15,11.19,25.86,26.62,33.34,27.1,33.06,31.65,9.99,27.01,31.97,34.18,30.31,21.0,26.48,28.06,29.04,29.28,28.73,26.75,28.47,22.05,34.73,19.53,31.97,22.71,34.8,17.0,29.75,21.68,18.5,31.62,31.97,31.32,33.52,32.72,18.58,28.03,24.24,18.5,30.46,22.92,27.21,26.93,30.63,19.78,29.11,29.93,19.13,19.7,29.97,28.58,15.59,32.28,19.78,23.41,23.92,24.26,30.68,19.45,34.84,9.27,27.39,23.21,27.86,26.33,15.44,31.42,25.54,26.77,29.0,16.67,17.2,18.1,18.7,22.06,10.68,34.4,17.79,17.1,15.68,18.1,17.52,29.26,26.32,25.1,24.58,26.51,19.78,23.04,20.93,22.9,22.13,20.73,17.98,31.99,28.84,24.48,28.49,27.18,19.64,29.93,24.92,26.9,27.38,31.15,23.33,19.01,23.51,29.85,23.67,33.03,26.0,29.1,19.47,25.81,35.44,33.14,32.79,34.27,31.41,32.86,29.71,32.39,30.42,29.55,32.73,35.36,32.42,27.99,31.91,29.27,27.57,19.75,22.36,20.38,23.1,23.58,21.37,18.81,26.18,23.25,24.35,23.47,30.22,21.41,28.61,21.21,21.53,21.71,20.85,25.69,22.64,22.78,22.83,16.34,20.2,21.06,19.91,18.9,24.89,22.5,20.09,28.04,20.22,22.54,26.48,25.11,15.49,10.8,13.76,36.98,8.37,9.46,14.45,11.31,12.47,24.76,18.1,14.12,15.37,15.32,13.96,16.16,15.88,17.33,11.26,13.67,15.73,16.14,15.57,14.43,12.67,13.88,14.25,12.34,12.86,19.46,10.41,15.94,15.86,13.62,13.9,14.74,21.89,21.25,14.81,22.81,28.78,31.77,21.67,23.29,29.69,25.66,28.84,26.77,30.93,26.38,31.92,27.52,25.82,22.88,30.8,29.19,29.94,22.64,28.67,29.93,29.83,20.68,21.02,20.5,22.04,33.81,20.36,19.34,21.63,17.24,19.02,21.88,19.46,33.65,32.57,32.05,30.15,0.0,1.47,12.94,8.54,6.22,1.85,6.64,7.5,12.95,14.75,8.73,17.25,3.0,2.89,12.93,14.01,4.64,13.17,13.3,1.26,4.96,16.29,3.83,10.76,1.59,3.67,10.13,7.83,2.94,14.19,1.54,12.78,11.07,4.34,2.94,30.32,15.55,15.41,23.42,11.18,16.81,18.08,16.02,14.97,12.12,13.28,15.08,23.98,13.66,17.22,16.69,24.18,14.8,14.55,14.61,22.14
26.4,7.65,14.97,19.51,16.04,30.23,24.58,25.6,11.67,32.47,29.4,32.31,19.22,13.85,33.33,30.71,29.98,29.33,17.24,32.84,33.75,26.78,22.55,31.89,12.57,22.79,33.04,13.16,29.53,24.52,34.42,17.27,37.27,34.93,21.73,34.62,12.66,27.33,28.09,34.81,28.57,34.53,33.11,11.46,28.48,33.44,35.65,31.78,22.47,27.94,29.53,30.51,30.75,30.2,28.22,29.94,23.52,36.2,21.0,33.44,24.18,36.27,18.47,31.22,23.15,19.97,33.09,33.44,32.79,34.99,34.19,20.05,29.5,25.71,19.96,31.93,24.39,28.68,28.4,32.1,21.25,30.58,31.4,20.6,21.17,31.44,30.05,17.06,33.75,21.25,24.88,25.39,25.73,32.15,20.92,36.31,10.74,28.86,24.68,29.33,27.8,16.91,32.89,27.01,28.24,30.47,18.14,18.67,19.57,20.17,23.53,12.15,35.87,19.26,18.57,17.15,19.57,18.99,30.73,27.79,26.57,26.05,27.98,21.25,24.51,22.4,24.37,23.6,22.2,19.45,33.46,30.31,25.95,29.96,28.65,21.11,31.4,26.39,28.37,28.85,32.62,24.8,20.48,24.98,31.32,25.14,34.5,27.47,30.57,20.94,27.28,36.91,34.61,34.26,35.74,32.88,34.33,31.18,33.86,31.89,31.02,34.2,36.83,33.89,29.46,33.38,30.74,29.04,21.22,23.83,21.85,24.57,25.05,22.84,20.28,27.65,24.72,25.82,24.94,28.83,22.88,30.08,22.68,23.0,23.18,22.32,27.16,24.11,24.25,24.3,17.81,21.67,22.53,21.38,20.37,26.36,23.97,21.56,29.51,21.69,24.01,27.95,26.58,16.96,12.27,15.23,38.45,9.84,10.93,15.92,12.78,13.94,26.23,19.57,15.59,16.84,16.79,15.43,17.63,17.35,18.8,12.73,15.14,17.2,17.61,17.04,15.9,14.14,15.35,15.72,13.81,14.33,20.93,11.88,17.41,17.33,15.09,15.37,16.21,23.36,22.72,16.28,24.28,30.25,33.24,23.14,24.76,31.16,27.13,30.31,28.24,32.4,27.85,33.39,28.99,27.29,24.35,32.27,30.66,31.41,24.11,30.14,31.4,31.3,22.15,22.49,21.97,23.51,35.28,21.83,20.81,23.1,18.71,20.48,23.35,20.93,35.12,34.04,33.52,31.62,1.47,0.0,14.41,10.01,7.69,3.32,8.11,8.97,14.42,16.21,10.2,18.72,1.53,4.36,14.4,15.48,6.11,14.64,14.77,1.2,6.43,17.76,5.3,12.23,3.06,5.14,11.6,9.3,4.41,15.66,3.01,14.25,12.54,2.87,1.47,31.79,17.02,16.88,24.89,12.65,18.28,19.54,17.49,16.44,13.59,14.75,16.55,25.45,15.13,18.69,18.16,25.65,16.27,16.02,16.08,23.61
20.26,7.76,14.27,19.67,9.91,18.62,12.97,13.04,5.53,19.9,13.92,20.7,13.08,2.7,20.76,15.23,23.84,17.72,10.34,20.28,21.19,14.22,10.94,16.41,1.84,11.02,21.44,7.02,23.39,12.76,21.86,12.11,22.66,19.97,9.97,17.51,4.0,14.77,15.53,23.2,16.0,21.97,21.35,1.72,15.92,18.48,24.05,20.02,10.71,16.34,16.97,15.55,24.61,17.64,16.62,17.38,11.91,23.63,9.24,21.68,18.04,23.71,8.79,18.66,17.01,8.21,21.49,24.19,21.18,22.43,19.23,8.29,17.9,14.11,8.2,16.98,18.25,16.12,15.84,19.54,9.49,18.97,19.79,8.84,9.41,18.88,18.44,5.3,22.14,9.49,11.56,13.79,12.41,20.55,9.16,21.35,4.57,22.72,18.54,16.77,16.2,7.9,21.28,15.4,16.64,18.86,6.37,8.39,7.81,11.16,17.39,3.97,20.91,10.25,7.57,8.14,7.81,8.84,24.59,21.65,20.44,19.91,21.84,15.11,18.37,16.26,18.23,17.47,16.06,13.31,27.32,24.17,19.82,23.82,22.51,14.97,25.26,20.25,22.23,22.71,26.48,18.66,14.34,18.84,25.18,19.0,28.36,21.34,24.43,14.8,21.14,25.3,23.0,22.65,24.13,21.27,22.73,19.57,24.85,23.75,19.41,22.6,24.26,22.28,17.85,20.82,19.13,22.9,15.08,17.69,15.71,18.43,18.91,16.71,14.14,21.51,18.58,19.68,18.8,25.55,16.74,23.94,16.54,16.86,17.04,16.18,21.03,17.97,18.11,18.17,11.68,15.53,16.39,15.24,14.23,20.22,17.83,15.43,23.38,15.55,17.87,21.81,20.44,10.07,6.13,9.09,32.32,6.22,5.55,9.78,6.64,7.8,17.22,13.43,9.45,10.7,10.65,9.29,10.74,11.22,12.66,6.59,8.25,11.06,11.48,10.9,9.77,8.0,9.21,9.58,7.67,5.71,14.79,5.75,11.28,11.19,8.95,9.23,6.31,11.6,10.96,13.34,12.51,17.69,20.67,11.94,12.2,18.6,14.57,17.75,15.68,19.84,15.28,20.83,16.43,14.73,18.21,19.71,18.1,18.85,12.35,15.18,16.44,19.54,10.39,10.73,10.2,11.75,23.52,10.07,9.05,11.33,6.95,8.72,11.59,9.17,20.16,22.28,18.57,16.02,12.94,14.41,0.0,5.68,9.04,12.93,7.16,6.43,2.49,6.59,4.42,14.39,15.19,10.51,2.47,2.01,7.72,5.02,5.15,14.2,9.14,13.43,9.28,7.9,12.66,8.04,2.81,7.04,14.02,6.03,11.9,1.05,8.21,16.44,14.95,20.03,17.19,5.12,13.13,3.55,18.45,19.71,5.73,13.56,1.83,10.41,4.79,13.69,3.37,6.93,18.64,13.89,16.75,16.19,16.24,23.78
25.94,9.78,6.0,10.53,15.59,21.95,16.3,16.07,11.21,22.93,16.95,24.03,18.76,8.38,23.79,18.26,29.52,21.05,15.54,23.31,24.22,17.25,14.27,19.44,3.84,14.05,24.77,12.7,29.07,9.87,24.89,8.29,25.69,23.0,13.0,20.54,9.68,17.8,18.56,26.53,19.03,25.0,24.38,5.63,18.95,21.51,27.38,23.05,13.74,19.67,20.0,18.58,30.29,20.67,19.95,20.41,15.24,26.66,12.27,24.71,23.72,26.74,11.82,21.69,22.69,11.23,24.82,27.22,24.51,25.46,22.26,11.32,21.23,17.44,11.23,20.01,23.93,19.15,18.87,22.57,12.52,22.3,23.12,11.87,12.44,21.91,21.77,8.33,25.47,12.52,14.59,17.12,15.44,23.88,12.19,24.38,10.25,28.4,24.22,19.8,19.53,13.1,24.62,18.73,19.97,22.2,9.4,11.42,10.84,13.64,23.07,9.65,23.94,13.58,10.6,11.62,10.84,11.87,30.27,27.33,26.12,25.59,27.52,20.79,24.05,21.94,23.91,23.15,21.74,18.99,33.0,29.85,25.5,29.5,28.19,20.65,30.94,25.93,27.91,28.39,32.16,24.34,20.02,24.52,30.86,24.68,34.04,27.02,30.11,20.48,26.82,28.63,26.33,25.98,27.46,24.6,26.06,22.9,27.88,26.78,26.69,29.45,27.29,29.13,21.18,23.85,26.13,28.58,20.76,23.37,21.39,24.11,24.59,22.38,19.82,27.19,24.26,25.36,24.48,31.23,22.42,29.62,22.22,22.54,22.72,21.86,26.71,23.65,23.79,23.85,17.36,21.21,22.07,20.92,19.91,25.9,23.51,21.11,29.06,21.23,23.55,27.49,26.12,15.26,11.81,14.77,38.0,11.96,9.46,15.46,12.32,13.48,20.55,19.11,15.13,16.38,16.33,14.97,15.93,16.89,18.34,12.27,13.44,16.74,17.16,16.58,15.45,13.68,14.89,15.26,13.35,11.39,20.47,11.43,16.96,16.87,14.63,14.91,11.51,14.63,13.99,7.31,15.54,20.72,23.7,15.27,15.23,21.63,17.6,20.78,18.71,22.87,18.31,23.86,19.46,17.76,23.89,22.74,21.12,21.88,15.38,18.21,19.47,22.57,13.41,13.76,13.23,14.78,26.55,13.1,12.08,14.36,9.97,11.75,14.62,12.2,23.19,25.3,21.59,19.05,8.54,10.01,5.68,0.0,4.64,8.53,2.77,2.03,8.17,12.27,1.47,8.71,10.79,6.11,8.15,7.69,8.23,10.7,10.83,9.8,8.55,7.75,4.88,2.22,8.27,7.26,2.87,2.64,9.62,11.71,7.5,6.73,2.53,12.05,10.55,23.06,8.05,8.15,16.16,3.92,9.3,10.57,8.76,7.46,4.86,5.77,7.82,10.81,6.4,9.96,9.19,11.0,7.29,7.04,7.1,14.64
26.2,7.45,9.6,14.13,15.84,25.31,19.66,19.43,11.47,26.29,20.31,27.39,19.02,11.74,27.15,21.62,29.78,24.41,17.04,26.67,27.58,20.61,17.63,22.8,7.2,17.41,28.13,12.96,29.33,19.15,28.25,11.9,29.05,26.36,16.36,23.9,12.46,21.16,21.92,29.89,22.39,28.36,27.74,8.99,22.31,24.87,30.74,26.41,17.1,23.03,23.36,21.94,30.55,24.03,23.31,23.77,18.6,30.02,15.63,28.07,23.98,30.1,15.18,25.05,22.95,14.59,28.18,30.58,27.87,28.82,25.62,14.68,24.59,20.8,14.59,23.37,24.19,22.51,22.23,25.93,15.88,25.66,26.48,15.23,15.8,25.27,25.13,11.69,28.83,15.88,17.95,20.48,18.8,27.24,15.55,27.74,10.54,28.66,24.48,23.16,22.89,16.46,27.98,22.09,23.33,25.56,12.76,14.78,14.2,17.0,23.33,11.95,27.3,16.94,13.96,14.98,14.2,15.23,30.53,27.59,26.38,25.85,27.78,21.05,24.31,22.2,24.17,23.4,22.0,19.25,33.26,30.11,25.75,29.76,28.45,20.91,31.2,26.19,28.17,28.65,32.42,24.6,20.28,24.78,31.12,24.94,34.3,27.28,30.37,20.74,27.08,31.99,29.69,29.34,30.82,27.96,29.42,26.26,31.24,30.14,30.05,32.81,30.65,32.49,24.54,27.21,29.49,28.84,21.02,23.63,21.65,24.37,24.85,22.64,20.08,27.45,24.52,25.62,24.74,31.49,22.68,29.88,22.48,22.8,22.98,22.12,26.97,23.91,24.05,24.1,17.62,21.47,22.33,21.18,20.17,26.16,23.77,21.36,29.32,21.49,23.81,27.75,26.38,16.76,12.07,15.03,38.25,9.64,10.73,15.72,12.58,13.74,23.91,19.37,15.39,16.64,16.59,15.23,17.43,17.15,18.6,12.53,14.94,17.0,17.42,16.84,15.7,13.94,15.15,15.52,13.61,14.13,20.73,11.68,17.21,17.13,14.89,15.17,14.87,17.99,17.35,10.91,18.9,24.08,27.06,18.63,18.59,24.99,20.96,24.14,22.07,26.23,21.67,27.22,22.82,21.12,24.15,26.1,24.49,25.24,18.74,21.57,22.83,25.93,16.77,17.12,16.59,18.14,29.91,16.46,15.44,17.72,13.33,15.11,17.98,15.56,26.55,28.66,24.95,22.41,6.22,7.69,9.04,4.64,0.0,6.21,2.74,3.6,11.53,15.63,4.83,13.35,6.15,3.79,11.51,11.05,5.91,14.06,14.19,5.06,6.23,12.39,2.56,6.86,5.94,4.94,6.23,3.93,7.3,15.07,5.18,10.09,7.17,7.4,5.91,26.42,11.65,11.51,19.52,7.28,12.91,14.17,12.12,11.07,8.22,9.37,11.18,20.08,9.76,13.32,12.79,20.28,10.9,10.65,10.71,18.24
24.92,6.17,13.49,18.02,14.56,28.74,23.1,24.12,10.18,30.98,27.91,30.82,17.74,12.36,31.84,29.23,28.5,27.84,15.75,31.35,32.26,25.3,21.06,30.41,11.09,21.3,31.56,11.67,28.05,23.03,32.94,15.79,35.78,33.44,20.25,33.13,11.17,25.85,26.61,33.32,27.08,33.05,31.63,9.98,27.0,31.96,34.17,30.3,20.99,26.46,28.05,29.02,29.27,28.72,26.74,28.46,22.03,34.71,19.51,31.95,22.69,34.79,16.98,29.74,21.67,18.48,31.61,31.96,31.3,33.51,32.71,18.57,28.02,24.23,18.48,30.45,22.9,27.2,26.91,30.61,19.77,29.09,29.91,19.11,19.68,29.95,28.56,15.57,32.27,19.76,23.39,23.91,24.25,30.67,19.44,34.82,9.26,27.38,23.19,27.85,26.32,15.42,31.41,25.52,26.76,28.99,16.65,17.19,18.09,18.68,22.04,10.66,34.38,17.77,17.08,15.66,18.08,17.51,29.24,26.3,25.09,24.56,26.49,19.77,23.02,20.92,22.88,22.12,20.71,17.96,31.97,28.83,24.47,28.47,27.17,19.63,29.91,24.9,26.88,27.36,31.13,23.31,19.0,23.49,29.83,23.65,33.02,25.99,29.09,19.45,25.79,35.43,33.13,32.78,34.25,31.39,32.85,29.69,32.38,30.4,29.53,32.72,35.34,32.4,27.97,31.9,29.25,27.56,19.74,22.34,20.36,23.09,23.56,21.36,18.8,26.17,23.23,24.33,23.46,30.21,21.4,28.59,21.2,21.52,21.69,20.83,25.68,22.62,22.76,22.82,16.33,20.18,21.04,19.89,18.88,24.87,22.49,20.08,28.03,20.21,22.52,26.46,25.1,15.48,10.78,13.75,36.97,8.35,9.44,14.43,11.29,12.46,24.74,18.08,14.11,15.35,15.3,13.94,16.15,15.87,17.31,11.24,13.66,15.71,16.13,15.56,14.42,12.66,13.87,14.23,12.33,12.85,19.44,10.4,15.93,15.84,13.6,13.89,14.73,21.88,21.24,14.8,22.79,28.76,31.75,21.66,23.28,29.67,25.64,28.82,26.76,30.92,26.36,31.91,27.51,25.81,22.87,30.79,29.17,29.92,22.62,28.65,29.92,29.82,20.66,21.01,20.48,22.03,33.8,20.34,19.33,21.61,17.22,19.0,21.87,19.45,33.64,32.55,32.04,30.13,1.85,3.32,12.93,8.53,6.21,0.0,6.62,7.49,12.94,14.73,8.71,17.23,4.86,2.88,12.92,13.99,4.62,13.16,13.29,3.11,4.95,16.27,3.82,10.75,1.58,3.65,10.12,7.82,1.09,14.17,1.53,12.76,11.06,6.2,4.79,30.3,15.54,15.39,23.41,11.16,16.8,18.06,16.01,14.96,12.11,13.26,15.07,23.97,13.64,17.2,16.68,24.17,14.79,14.54,14.6,22.13
26.62,7.87,7.73,12.26,16.26,23.43,17.79,17.56,11.89,24.42,18.44,25.52,19.44,9.86,25.28,19.74,30.2,22.53,17.02,24.79,25.7,18.74,15.76,20.93,5.33,15.54,26.25,13.38,29.75,17.27,26.37,10.02,27.17,24.49,14.48,22.02,11.17,19.28,20.04,28.02,20.52,26.48,25.87,7.11,20.43,23.0,28.86,24.54,15.23,21.15,21.48,20.06,30.97,22.16,21.43,21.89,16.72,28.15,13.75,26.19,24.4,28.22,13.3,23.17,23.37,12.72,26.3,28.7,26.0,26.95,23.75,12.81,22.71,18.92,12.72,21.49,24.61,20.64,20.35,24.05,14.01,23.78,24.61,13.35,13.92,23.39,23.26,9.81,26.96,14.0,16.07,18.6,16.93,25.36,13.67,25.86,10.96,29.08,24.9,21.28,21.01,14.58,26.1,20.22,21.45,23.68,10.89,12.9,12.32,15.13,23.75,11.13,25.42,15.06,12.08,13.11,12.32,13.36,30.94,28.01,26.79,26.27,28.2,21.47,24.73,22.62,24.58,23.82,22.42,19.67,33.68,30.53,26.17,30.18,28.87,21.33,31.61,26.61,28.59,29.07,32.84,25.02,20.7,25.19,31.54,25.35,34.72,27.69,30.79,21.16,27.49,30.12,27.82,27.47,28.94,26.08,27.54,24.38,29.36,28.26,28.18,30.93,28.78,30.62,22.67,25.34,27.61,29.26,21.44,24.04,22.07,24.79,25.27,23.06,20.5,27.87,24.94,26.04,25.16,31.91,23.1,30.3,22.9,23.22,23.39,22.54,27.38,24.33,24.46,24.52,18.03,21.89,22.74,21.59,20.59,26.57,24.19,21.78,29.73,21.91,24.23,28.16,26.8,16.75,12.49,15.45,38.67,10.05,10.94,16.14,12.99,14.16,22.03,19.79,15.81,17.05,17.0,15.65,17.42,17.57,19.02,12.95,14.93,17.42,17.83,17.26,16.12,14.36,15.57,15.94,14.03,12.88,21.14,12.1,17.63,17.55,15.31,15.59,12.99,16.12,15.48,9.04,17.03,22.2,25.19,16.76,16.71,23.11,19.08,22.26,20.19,24.36,19.8,25.35,20.95,19.24,24.57,24.22,22.61,23.36,16.86,19.7,20.96,24.05,14.9,15.24,14.72,16.26,28.04,14.58,13.56,15.85,11.46,13.24,16.11,13.69,24.68,26.79,23.08,20.53,6.64,8.11,7.16,2.77,2.74,6.62,0.0,1.73,9.66,13.76,2.95,11.47,8.89,4.21,9.64,9.17,6.32,12.18,12.31,7.9,6.65,10.51,2.98,4.99,6.36,5.35,4.35,2.06,7.71,13.2,5.6,8.22,5.29,10.14,8.65,24.54,9.78,9.63,17.65,5.4,11.03,12.3,10.25,9.19,6.35,7.5,9.31,18.2,7.88,11.44,10.92,18.4,9.02,8.77,8.83,16.37
26.69,8.74,6.99,11.52,16.33,22.7,17.05,16.82,11.96,23.68,17.7,24.78,19.51,9.13,24.54,19.0,30.27,21.8,16.29,24.05,24.96,18.0,15.02,20.19,4.59,14.8,25.51,13.45,29.82,16.53,25.64,9.29,26.44,23.75,13.75,21.29,10.43,18.55,19.31,27.28,19.78,25.75,25.13,6.37,19.7,22.26,28.12,23.8,14.49,20.41,20.74,19.32,31.04,21.42,20.69,21.16,15.99,27.41,13.01,25.45,24.47,27.48,12.57,22.44,23.44,11.98,25.56,27.97,25.26,26.21,23.01,12.07,21.97,18.18,11.98,20.75,24.68,19.9,19.61,23.31,13.27,23.05,23.87,12.61,13.18,22.65,22.52,9.07,26.22,13.26,15.33,17.86,16.19,24.62,12.94,25.13,11.0,29.15,24.97,20.55,20.27,13.84,25.36,19.48,20.71,22.94,10.15,12.17,11.59,14.39,23.82,10.39,24.68,14.32,11.34,12.37,11.58,12.62,31.01,28.08,26.86,26.34,28.27,21.54,24.8,22.69,24.66,23.89,22.49,19.74,33.75,30.6,26.24,30.25,28.94,21.4,31.68,26.68,28.66,29.14,32.91,25.09,20.77,25.26,31.61,25.42,34.79,27.76,30.86,21.23,27.56,29.38,27.08,26.73,28.21,25.35,26.8,23.65,28.62,27.52,27.44,30.19,28.04,29.88,21.93,24.6,26.87,29.33,21.51,24.11,22.14,24.86,25.34,23.13,20.57,27.94,25.01,26.11,25.23,31.98,23.17,30.37,22.97,23.29,23.46,22.61,27.45,24.4,24.54,24.59,18.1,21.96,22.81,21.66,20.66,26.64,24.26,21.85,29.8,21.98,24.3,28.23,26.87,16.01,12.56,15.52,38.74,10.92,10.2,16.21,13.06,14.23,21.29,19.86,15.88,17.12,17.07,15.72,16.68,17.64,19.09,13.02,14.19,17.49,17.9,17.33,16.19,14.43,15.64,16.01,14.1,12.14,21.22,12.17,17.7,17.62,15.38,15.66,12.25,15.38,14.74,8.3,16.29,21.46,24.45,16.02,15.97,22.37,18.34,21.52,19.45,23.62,19.06,24.61,20.21,18.5,24.64,23.49,21.87,22.62,16.12,18.96,20.22,23.31,14.16,14.5,13.98,15.53,27.3,13.84,12.83,15.11,10.72,12.5,15.37,12.95,23.94,26.05,22.34,19.79,7.5,8.97,6.43,2.03,3.6,7.49,1.73,0.0,8.92,13.02,2.21,10.73,9.75,5.07,8.9,8.43,7.19,11.44,11.58,8.77,7.51,9.77,3.84,4.25,7.23,6.22,3.62,1.6,8.58,12.46,6.46,7.48,4.55,11.01,9.51,23.8,9.04,8.89,16.91,4.66,10.3,11.56,9.51,8.45,5.61,6.76,8.57,17.47,7.14,10.7,10.18,17.67,8.29,8.04,8.1,15.63
19.39,6.89,15.34,20.75,9.03,19.28,13.64,14.06,4.65,20.92,14.94,21.36,12.21,1.82,21.78,16.24,22.97,18.38,9.84,21.29,22.2,15.24,11.6,17.43,4.33,12.1,22.1,6.14,22.52,13.83,22.87,13.19,23.68,20.99,11.04,18.52,3.13,15.79,16.55,23.86,17.02,22.99,22.37,4.21,16.94,19.5,24.71,21.04,11.78,17.0,17.98,16.56,23.74,18.66,17.28,18.39,12.57,24.65,10.31,22.69,17.16,24.72,10.12,19.68,16.14,9.22,22.15,25.21,21.84,23.45,20.25,9.36,18.56,14.77,9.22,17.99,17.37,17.14,16.85,20.55,10.57,19.63,20.45,9.85,10.48,19.89,19.1,6.31,22.8,10.5,12.57,14.45,13.43,21.21,10.18,22.37,3.69,21.85,17.66,17.79,16.86,8.56,21.95,16.06,17.3,19.53,7.39,9.41,8.83,11.82,16.51,3.09,21.92,10.91,8.58,8.8,8.82,9.86,23.71,20.77,19.56,19.03,20.96,14.24,17.49,15.39,17.35,16.59,15.18,12.43,26.44,23.3,18.94,22.94,21.64,14.1,24.38,19.37,21.35,21.83,25.6,17.78,13.47,17.96,24.3,18.12,27.49,20.46,23.56,13.92,20.26,25.96,23.67,23.31,24.79,21.93,23.39,20.23,25.86,20.94,20.07,23.26,25.28,22.94,18.51,21.84,19.79,22.03,14.21,16.81,14.83,17.56,18.03,15.83,13.27,20.64,17.7,18.8,17.92,24.68,15.87,23.06,15.67,15.99,16.16,15.3,20.15,17.09,17.23,17.29,10.8,14.65,15.51,14.36,13.35,19.34,16.96,14.55,22.5,14.68,16.99,20.93,19.57,9.57,5.25,8.22,31.44,5.34,5.74,8.9,5.76,6.92,17.88,12.55,8.58,9.82,9.77,8.41,10.24,10.34,11.78,5.71,7.75,10.18,10.6,10.03,8.89,7.13,8.34,8.7,6.8,4.84,13.91,4.87,10.4,10.31,8.07,8.36,6.97,12.67,12.03,14.41,13.59,18.7,21.69,12.61,13.21,19.61,15.58,18.76,16.69,20.86,16.3,21.85,17.45,15.74,17.34,20.73,19.11,19.86,13.36,16.2,17.46,20.55,11.4,12.15,11.22,12.82,24.54,11.08,10.12,12.35,8.02,9.8,12.67,10.24,21.18,23.29,19.58,17.03,12.95,14.42,2.49,8.17,11.53,12.94,9.66,8.92,0.0,5.71,6.91,16.88,16.01,10.95,1.3,2.67,9.01,4.14,4.27,14.27,10.44,15.92,11.77,10.39,12.73,9.34,5.3,9.53,14.08,5.16,11.97,1.44,10.7,17.35,15.95,21.04,18.26,7.61,14.21,6.04,19.52,20.78,6.81,14.63,4.32,12.9,5.87,14.76,5.86,8.0,19.72,14.96,17.82,17.26,17.32,24.85
21.58,8.68,17.82,23.23,11.22,14.92,9.27,10.71,5.58,17.57,14.5,17.0,14.4,3.6,18.43,15.81,22.93,14.02,4.89,17.94,18.85,11.89,7.24,17.0,8.43,14.58,17.74,6.77,22.48,16.31,19.52,15.66,22.37,20.03,13.52,19.72,4.92,12.43,13.19,19.5,13.67,19.63,23.94,8.31,13.58,18.54,20.35,22.61,14.26,12.64,14.63,15.61,23.7,15.31,12.92,15.04,8.21,21.3,12.79,21.04,17.13,21.37,5.76,16.32,16.1,7.22,17.79,18.14,17.48,20.1,19.29,11.84,14.2,10.41,8.36,17.04,17.34,13.78,13.5,17.2,13.04,15.27,16.09,8.99,12.96,16.54,14.74,8.79,18.44,9.49,9.1,10.09,9.69,16.85,8.96,21.41,5.49,21.81,17.63,14.43,12.5,4.2,17.59,11.7,12.94,15.17,7.32,5.97,8.75,7.46,16.48,4.88,20.97,6.55,5.86,4.44,7.24,6.29,23.68,20.74,19.53,19.0,20.93,14.2,17.46,15.35,17.32,16.56,15.15,12.4,26.41,23.26,22.91,22.91,25.66,14.06,24.35,19.34,21.32,21.8,25.57,19.98,13.43,23.52,24.27,20.32,27.45,25.44,23.52,13.89,20.23,21.6,19.3,18.95,20.43,17.57,19.03,15.87,18.56,16.58,15.71,18.9,21.93,18.58,14.15,18.48,15.43,24.22,16.4,19.01,17.03,19.75,20.23,18.02,15.46,22.83,19.9,21.0,20.12,26.87,18.06,25.26,17.86,18.18,18.35,17.5,22.34,19.29,19.43,19.48,12.99,16.85,17.71,16.56,15.55,21.54,19.15,16.74,24.69,16.87,19.19,23.12,21.76,4.62,6.18,8.18,31.4,7.13,7.54,7.6,4.66,5.16,13.52,14.75,8.54,9.79,9.74,10.61,5.29,12.53,11.84,7.91,2.8,10.24,10.57,12.22,8.85,9.32,10.53,10.98,8.99,3.52,16.11,6.66,10.36,12.51,10.27,9.92,3.5,15.15,14.51,16.89,16.07,15.35,18.34,8.24,9.86,16.26,12.23,15.41,13.34,17.5,12.95,18.49,14.1,12.39,19.53,17.37,15.76,16.51,13.96,15.24,16.5,22.12,10.18,10.93,10.36,15.3,26.11,9.86,12.6,11.49,10.5,12.28,15.14,12.72,20.22,22.41,18.62,16.72,14.75,16.21,6.59,12.27,15.63,14.73,13.76,13.02,5.71,0.0,11.01,20.98,17.8,12.74,5.7,2.91,10.81,2.59,1.85,16.06,12.23,20.02,13.68,14.49,14.52,11.13,9.4,13.63,15.87,1.34,13.76,5.54,14.8,19.14,17.74,22.88,20.74,11.71,16.68,10.14,22.0,23.26,9.28,17.11,8.42,19.72,8.34,17.24,9.45,10.48,22.19,17.44,20.3,19.74,19.8,27.33
24.68,9.96,6.43,10.96,14.32,20.69,15.04,14.81,9.95,21.67,15.69,22.77,17.5,7.12,22.53,17.0,28.26,19.79,14.28,22.04,22.95,15.99,13.01,18.18,2.58,12.79,23.5,11.44,27.81,14.52,23.63,13.88,24.43,21.74,11.74,19.28,8.42,16.54,17.3,25.27,17.77,23.74,23.12,4.36,17.69,20.25,26.12,21.79,12.48,18.41,18.73,17.31,29.03,19.41,18.68,19.15,13.98,25.4,11.0,23.44,22.46,25.48,10.56,20.43,21.43,9.97,23.56,25.96,23.25,24.2,21.0,10.06,19.96,16.18,9.97,18.74,22.67,17.89,17.6,21.3,11.26,21.04,21.86,10.6,11.17,20.64,20.51,7.06,24.21,11.25,13.32,15.86,14.18,22.62,10.93,23.12,8.99,27.14,22.96,18.54,18.26,11.83,23.35,17.47,18.7,20.93,8.14,10.16,9.58,12.38,21.81,8.38,22.68,12.32,9.33,10.36,9.57,10.61,29.01,26.07,24.85,24.33,26.26,19.53,22.79,20.68,22.65,21.88,20.48,17.73,31.74,28.59,24.23,28.24,26.93,19.39,29.67,24.67,26.65,27.13,30.9,23.08,18.76,23.26,29.6,23.42,32.78,25.75,28.85,19.22,25.56,27.37,25.07,24.72,26.2,23.34,24.79,21.64,26.61,25.51,25.43,28.18,26.03,27.87,19.92,22.59,24.86,27.32,19.5,22.11,20.13,22.85,23.33,21.12,18.56,25.93,23.0,24.1,23.22,29.97,21.16,28.36,20.96,21.28,21.45,20.6,25.44,22.39,22.53,22.58,16.09,19.95,20.81,19.66,18.65,24.64,22.25,19.84,27.79,19.97,22.29,26.22,24.86,14.0,10.55,13.51,36.73,10.04,8.19,14.2,11.06,12.22,19.29,17.85,13.87,15.12,15.07,13.71,14.67,15.63,17.08,11.01,12.18,15.48,15.89,15.32,14.18,12.42,13.63,14.0,12.09,10.13,19.21,10.16,15.69,15.61,13.37,13.65,10.24,13.37,12.73,7.73,14.28,19.45,22.44,14.01,13.97,20.36,16.33,19.51,17.45,21.61,17.05,22.6,18.2,16.5,22.63,21.48,19.86,20.61,14.11,16.95,18.21,21.31,12.15,12.5,11.97,13.52,25.29,11.83,10.82,13.1,8.71,10.49,13.36,10.94,21.93,24.04,20.33,17.78,8.73,10.2,4.42,1.47,4.83,8.71,2.95,2.21,6.91,11.01,0.0,10.17,10.97,6.3,6.89,6.43,8.41,9.44,9.57,9.99,8.74,9.21,5.07,3.68,8.45,7.44,1.61,2.82,9.8,10.45,7.69,5.47,3.99,12.23,10.74,21.79,8.48,6.88,14.9,2.65,9.73,11.0,7.5,7.89,3.6,6.2,6.56,15.46,5.13,8.69,9.61,15.66,7.72,7.47,7.53,15.07
34.65,18.48,18.83,14.99,24.29,30.66,25.01,24.78,19.92,31.64,25.66,32.74,27.47,17.08,32.5,26.96,38.23,29.76,24.24,32.01,32.92,25.96,22.98,28.15,12.55,22.76,33.47,21.4,37.78,22.7,33.59,21.13,34.4,31.71,21.7,29.24,18.39,26.51,27.27,35.24,27.74,33.71,33.09,14.33,27.66,30.22,36.08,31.76,22.45,28.37,28.7,27.28,39.0,29.38,28.65,29.11,23.94,35.37,20.97,33.41,32.43,35.44,20.53,30.4,31.4,19.94,33.52,35.93,33.22,34.17,30.97,20.03,29.93,26.14,19.94,28.71,32.64,27.86,27.57,31.27,21.23,31.01,31.83,20.57,21.14,30.61,30.48,17.03,34.18,21.22,23.29,25.82,24.15,32.58,20.9,33.09,18.96,37.11,32.93,28.51,28.23,21.8,33.32,27.44,28.67,30.9,18.11,20.13,19.55,22.35,31.78,18.35,32.64,22.28,19.3,20.33,19.54,20.58,38.97,36.04,34.82,34.3,36.23,29.5,32.76,30.65,32.61,31.85,30.45,27.7,41.71,38.56,34.2,38.21,36.9,29.36,39.64,34.64,36.62,37.1,40.86,33.04,28.73,33.22,39.57,33.38,42.75,35.72,38.82,29.19,35.52,37.34,35.04,34.69,36.17,33.31,34.76,31.61,36.58,35.48,35.4,38.15,36.0,37.84,29.89,32.56,34.83,37.29,29.47,32.07,30.1,32.82,33.29,31.09,28.53,35.9,32.97,34.07,33.19,39.94,31.13,38.33,30.93,31.25,31.42,30.57,35.41,32.36,32.49,32.55,26.06,29.92,30.77,29.62,28.62,34.6,32.22,29.81,37.76,29.94,32.26,36.19,34.83,23.97,20.52,23.48,46.7,20.67,18.16,24.17,21.02,22.19,29.25,27.82,23.84,25.08,25.03,23.68,24.64,25.6,27.04,20.98,22.15,25.45,25.86,25.29,24.15,22.39,23.6,23.97,22.06,20.1,29.17,20.13,25.66,25.58,23.34,23.62,20.21,23.34,22.7,20.14,24.25,29.42,32.41,23.98,23.93,30.33,26.3,29.48,27.41,31.58,27.02,32.57,28.17,26.46,32.6,31.45,29.83,30.58,24.08,26.92,28.18,31.27,22.12,22.46,21.94,23.49,35.26,21.8,20.79,23.07,18.68,20.46,23.33,20.91,31.9,34.01,30.3,27.75,17.25,18.72,14.39,8.71,13.35,17.23,11.47,10.73,16.88,20.98,10.17,0.0,19.5,14.82,16.86,16.39,16.94,19.4,19.54,18.51,17.26,1.72,13.59,6.49,16.97,15.96,11.58,11.35,18.32,20.42,16.21,15.44,7.58,20.75,19.26,31.76,15.91,16.85,24.87,12.62,15.18,13.39,17.47,20.3,13.57,14.47,16.53,23.64,15.1,18.66,13.9,23.84,16.67,17.48,18.54,14.03
27.94,9.19,15.75,20.28,17.58,31.76,26.11,27.14,13.2,34.0,26.46,33.84,20.76,15.38,34.86,27.77,31.52,30.86,18.77,34.37,35.28,28.32,24.08,28.95,13.35,23.56,34.58,14.69,31.07,25.3,35.96,18.05,35.2,36.46,22.51,36.15,14.19,28.87,29.63,36.34,30.1,36.07,33.89,12.99,30.02,34.97,37.19,32.56,23.25,29.48,31.06,32.04,32.29,31.74,29.76,31.48,25.05,37.73,21.78,34.22,25.71,37.8,20.0,32.76,24.68,20.74,34.63,34.98,34.32,36.53,35.72,20.83,31.04,27.25,20.74,33.47,25.92,30.22,29.93,33.63,22.03,32.11,32.93,21.37,21.95,32.97,31.58,17.83,35.28,22.03,26.41,26.93,27.27,33.69,21.7,37.84,12.28,30.4,26.21,30.87,29.34,18.44,34.43,28.54,29.78,32.01,18.91,20.21,20.35,21.7,25.06,13.68,37.4,20.79,20.11,18.68,20.35,20.53,32.26,29.32,28.11,27.58,29.51,22.79,26.04,23.93,25.9,25.14,23.73,20.98,34.99,31.85,27.49,31.49,30.19,22.65,32.93,27.92,29.9,30.38,34.15,26.33,22.02,26.51,32.85,26.67,36.04,29.01,32.1,22.47,28.81,38.44,36.14,35.79,37.27,34.41,35.87,32.71,35.4,33.42,32.55,35.74,38.36,35.42,30.99,34.92,32.27,30.58,22.76,25.36,23.38,26.1,26.58,24.38,21.81,29.18,26.25,27.35,26.47,28.56,24.41,31.61,24.21,24.53,24.71,23.85,28.7,25.64,25.78,25.84,19.35,23.2,24.06,22.91,21.9,27.89,25.5,23.1,31.05,23.23,25.54,29.48,28.12,18.5,13.8,16.77,39.99,11.37,12.46,17.45,14.31,15.47,27.76,21.1,17.13,18.37,18.32,16.96,19.17,18.89,20.33,14.26,16.68,18.73,19.15,18.58,17.44,15.68,16.88,17.25,15.34,15.87,22.46,13.42,18.95,18.86,16.62,16.9,17.75,24.14,23.5,17.06,25.05,31.78,34.77,24.68,26.3,32.69,28.66,31.84,29.78,33.94,29.38,34.93,30.53,28.82,25.89,33.81,32.19,32.94,24.88,31.67,32.93,32.08,22.92,23.27,22.74,24.29,36.06,22.61,21.59,23.87,19.48,21.26,24.13,21.71,36.65,34.81,35.06,28.55,3.0,1.53,15.19,10.79,6.15,4.86,8.89,9.75,16.01,17.8,10.97,19.5,0.0,5.89,15.94,17.2,7.64,16.18,16.31,2.74,7.96,18.54,6.84,13.01,4.59,6.67,12.38,10.08,5.95,17.19,4.55,15.78,13.32,2.6,1.42,32.56,17.8,17.66,25.67,13.43,19.06,20.32,18.27,17.22,14.37,15.52,17.33,26.23,15.9,19.47,18.94,26.43,17.05,16.8,16.86,29.4
22.87,4.12,11.07,15.61,12.51,26.7,21.05,22.07,8.14,28.93,21.78,28.78,15.69,10.32,29.8,23.09,26.45,25.8,13.71,29.31,30.22,23.25,19.02,24.27,8.67,18.88,29.51,9.63,26.0,20.62,30.89,13.37,30.52,31.4,17.83,31.08,9.13,23.8,24.56,31.28,25.04,31.0,29.21,7.93,24.95,29.91,32.12,27.88,18.57,24.41,26.0,26.97,27.22,26.67,24.69,26.41,19.99,32.66,17.1,29.54,20.65,32.74,14.94,27.69,19.62,16.07,29.56,29.91,29.26,31.46,30.66,16.15,25.97,22.18,16.06,28.4,20.86,25.15,24.87,28.57,17.35,27.05,27.87,16.7,17.27,27.91,26.52,13.16,30.22,17.35,21.34,21.86,22.2,28.62,17.02,32.78,7.21,25.33,21.15,25.8,24.27,13.38,29.36,23.48,24.71,26.94,14.23,15.14,15.67,16.64,20.0,8.62,32.34,15.72,15.43,13.62,15.67,15.46,27.2,24.26,23.04,22.52,24.45,17.72,20.98,18.87,20.84,20.07,18.67,15.92,29.93,26.78,22.42,26.43,25.12,17.58,27.86,22.86,24.84,25.32,29.09,21.27,16.95,21.45,27.79,21.61,30.97,23.94,27.04,17.41,23.75,33.38,31.08,30.73,32.21,29.35,30.8,27.65,30.33,28.36,27.49,30.67,33.3,30.36,25.93,29.85,27.21,25.51,17.69,20.3,18.32,21.04,21.52,19.31,16.75,24.12,21.19,22.29,21.41,28.16,19.35,26.55,19.15,19.47,19.64,18.79,23.63,20.58,20.72,20.77,14.28,18.14,19.0,17.85,16.84,22.83,20.44,18.03,25.98,18.16,20.48,24.42,23.05,13.43,8.74,11.7,34.92,6.31,7.4,12.39,9.25,10.41,22.7,16.04,12.06,13.31,13.26,11.9,14.1,13.82,15.27,9.2,11.61,13.67,14.08,13.51,12.37,10.61,11.82,12.19,10.28,10.8,17.4,8.35,13.88,13.8,11.56,11.84,12.68,19.46,18.82,12.38,20.37,26.72,29.71,19.61,21.23,27.63,23.6,26.78,24.71,28.87,24.32,29.86,25.46,23.76,20.82,28.74,27.13,27.88,20.21,26.61,27.87,27.4,18.25,18.59,18.06,19.61,31.38,17.93,16.91,19.19,14.81,16.58,19.45,17.03,31.59,30.14,29.99,23.88,2.89,4.36,10.51,6.11,3.79,2.88,4.21,5.07,10.95,12.74,6.3,14.82,5.89,0.0,10.87,11.95,2.58,11.11,11.24,4.15,2.9,13.86,1.4,8.33,2.61,1.61,7.7,5.4,3.96,12.13,1.85,10.72,8.64,7.23,5.83,27.89,13.12,12.98,20.99,8.75,14.38,15.64,13.59,12.54,9.69,10.84,12.65,21.55,11.23,14.79,14.26,21.75,12.37,12.12,12.18,19.71
19.37,6.87,15.33,20.73,9.01,19.26,13.62,14.04,4.64,20.9,14.92,21.35,12.19,1.8,21.76,16.23,22.95,18.36,9.83,21.27,22.18,15.22,11.59,17.41,4.31,12.08,22.08,6.12,22.5,13.81,22.86,13.17,23.66,20.97,11.02,18.51,3.11,15.77,16.53,23.84,17.0,22.97,22.35,4.19,16.92,19.48,24.69,21.02,11.77,16.98,17.97,16.55,23.72,18.64,17.26,18.38,12.55,24.63,10.29,22.68,17.14,24.71,10.1,19.66,16.12,9.2,22.13,25.19,21.83,23.43,20.23,9.35,18.54,14.75,9.2,17.98,17.36,17.12,16.83,20.53,10.55,19.61,20.44,9.83,10.46,19.87,19.09,6.29,22.79,10.48,12.55,14.43,13.41,21.19,10.16,22.35,3.68,21.83,17.65,17.77,16.84,8.54,21.93,16.05,17.28,19.51,7.37,9.39,8.81,11.8,16.5,3.07,21.91,10.89,8.56,8.79,8.81,9.84,23.69,20.76,19.54,19.02,20.95,14.22,17.48,15.37,17.33,16.57,15.17,12.42,26.43,23.28,18.92,22.93,21.62,14.08,24.36,19.36,21.34,21.82,25.58,17.76,13.45,17.94,24.29,18.1,27.47,20.44,23.54,13.91,20.24,25.95,23.65,23.3,24.77,21.91,23.37,20.21,25.84,20.93,20.05,23.24,25.26,22.93,18.5,21.82,19.77,22.01,14.19,16.79,14.82,17.54,18.01,15.81,13.25,20.62,17.69,18.79,17.91,24.66,15.85,23.05,15.65,15.97,16.14,15.29,20.13,17.08,17.21,17.27,10.78,14.64,15.49,14.34,13.34,19.32,16.94,14.53,22.48,14.66,16.98,20.91,19.55,9.55,5.24,8.2,31.42,5.32,5.73,8.89,5.74,6.91,17.86,12.54,8.56,9.8,9.75,8.4,10.22,10.32,11.76,5.7,7.73,10.17,10.58,10.01,8.87,7.11,8.32,8.69,6.78,4.82,13.89,4.85,10.38,10.3,8.06,8.34,6.95,12.66,12.02,14.4,13.57,18.68,21.67,12.59,13.2,19.59,15.56,18.74,16.68,20.84,16.28,21.83,17.43,15.73,17.32,20.71,19.09,19.84,13.34,16.18,17.44,20.54,11.38,12.13,11.2,12.81,24.52,11.06,10.11,12.33,8.0,9.78,12.65,10.23,21.16,23.27,19.56,17.01,12.93,14.4,2.47,8.15,11.51,12.92,9.64,8.9,1.3,5.7,6.89,16.86,15.94,10.87,0.0,2.65,9.0,4.12,4.26,14.25,10.42,15.9,11.75,10.37,12.71,9.32,5.28,9.51,14.06,5.14,11.95,1.42,10.68,17.33,15.93,21.02,18.24,7.59,14.19,6.02,19.5,20.76,6.79,14.62,4.31,12.89,5.85,14.75,5.84,7.98,19.7,14.95,17.81,17.24,17.3,24.83
20.44,7.94,13.52,18.92,10.08,17.45,11.81,12.23,5.71,19.09,13.11,19.54,13.26,2.88,19.95,14.42,24.02,16.55,9.18,19.46,20.37,13.41,9.78,15.6,3.85,10.27,20.27,7.2,23.57,12.0,21.05,11.36,21.85,19.16,9.22,16.7,4.18,13.96,14.72,22.04,15.19,21.16,20.54,3.73,15.11,17.67,22.88,19.21,9.96,15.17,16.16,14.74,24.79,16.83,15.45,16.57,10.74,22.82,8.48,20.87,18.22,22.9,8.3,17.85,17.19,7.39,20.32,23.38,20.02,21.62,18.42,7.54,16.73,12.94,7.39,16.17,18.43,15.31,15.03,18.73,8.74,17.8,18.63,8.02,8.65,18.07,17.28,4.48,20.98,8.68,10.74,12.62,11.6,19.38,8.35,20.54,4.75,22.9,18.72,15.96,15.03,6.74,20.12,14.24,15.47,17.7,5.56,7.58,7.0,10.0,17.57,4.15,20.1,9.08,6.76,6.98,7.0,8.03,24.77,21.83,20.62,20.09,22.02,15.29,18.55,16.44,18.41,17.65,16.24,13.49,27.5,24.35,19.99,24.0,22.69,15.15,25.44,20.43,22.41,22.89,26.66,18.84,14.52,19.02,25.36,19.18,28.54,21.52,24.61,14.98,21.32,24.14,21.84,21.49,22.96,20.11,21.56,18.41,24.04,19.12,18.25,21.43,23.45,21.12,16.69,20.01,17.96,23.08,15.26,17.87,15.89,18.61,19.09,16.88,14.32,21.69,18.76,19.86,18.98,25.73,16.92,24.12,16.72,17.04,17.22,16.36,21.21,18.15,18.29,18.34,11.86,15.71,16.57,15.42,14.41,20.4,18.01,15.6,23.56,15.73,18.05,21.99,20.62,8.9,6.31,9.27,32.49,6.4,7.56,9.96,6.82,7.98,16.05,13.61,9.63,10.88,10.83,9.47,9.57,11.39,12.84,6.77,7.08,11.24,11.66,11.08,9.94,8.18,9.39,9.76,7.85,2.9,14.97,5.92,11.45,11.37,9.13,9.41,5.15,10.85,10.21,12.59,11.76,16.88,19.86,10.78,11.39,17.79,13.75,16.94,14.87,19.03,14.47,20.02,15.62,13.92,18.39,18.9,17.28,18.04,11.53,14.37,15.63,18.73,9.57,10.32,9.39,11.0,22.71,9.26,8.3,10.52,6.19,7.97,10.84,8.42,19.35,21.46,17.75,15.2,14.01,15.48,2.01,7.69,11.05,13.99,9.17,8.43,2.67,2.91,6.43,16.39,17.2,11.95,2.65,0.0,10.07,2.2,1.06,15.32,11.49,15.43,11.29,9.91,13.79,10.4,4.82,9.05,15.14,2.36,13.02,1.23,10.22,18.41,17.0,19.21,16.43,7.13,12.38,5.56,17.69,18.95,4.98,12.81,3.84,15.41,4.04,12.94,5.14,6.17,17.89,13.14,16.0,15.43,15.49,23.02
20.94,2.19,13.19,17.72,10.58,24.76,19.12,20.14,6.2,27.0,23.93,26.84,13.76,8.39,27.86,25.25,24.52,23.86,11.78,27.37,28.28,21.32,17.09,26.43,7.78,16.97,27.58,7.69,24.07,18.7,28.96,18.06,31.8,29.47,15.91,29.15,7.19,21.87,22.63,29.34,23.1,29.07,33.37,6.0,23.02,27.98,30.19,32.04,16.66,22.48,24.07,25.04,25.29,24.74,22.76,24.48,18.05,30.73,15.18,30.48,18.71,30.81,13.0,25.76,17.69,14.46,27.63,27.98,27.32,29.53,28.73,14.24,24.04,20.25,14.15,26.47,18.92,23.22,22.94,26.63,15.44,25.11,25.93,14.78,15.35,25.98,24.58,11.24,28.29,15.43,19.41,19.93,20.27,26.69,15.1,30.84,5.28,23.4,19.22,23.87,22.34,11.44,27.43,21.54,22.78,25.01,12.32,13.21,13.76,14.7,18.07,6.68,30.4,13.79,13.1,11.68,13.75,13.53,25.26,22.33,21.11,20.58,22.52,15.79,19.04,16.94,18.9,18.14,16.73,13.98,27.99,24.85,20.49,24.49,23.19,15.65,25.93,20.92,22.91,23.39,27.15,19.33,15.02,19.51,25.85,19.67,29.04,22.01,25.11,15.48,21.81,31.45,29.15,28.8,30.27,27.41,28.87,25.71,28.4,26.42,25.55,28.74,31.36,28.42,23.99,27.92,25.27,23.58,15.76,18.36,16.38,19.11,19.58,17.38,14.82,22.19,19.25,20.35,19.48,26.23,17.42,24.62,17.22,17.54,17.71,16.86,21.7,18.64,18.78,18.84,12.35,16.2,17.06,15.91,14.91,20.89,18.51,16.1,24.05,16.23,18.55,22.48,21.12,11.5,6.81,9.77,32.99,4.37,5.46,10.46,7.31,8.48,20.76,14.1,10.13,11.37,11.32,9.96,12.17,11.89,13.33,7.26,9.68,11.74,12.15,11.58,10.44,8.68,9.89,10.26,8.35,8.87,15.46,6.42,11.95,11.86,9.62,9.91,10.75,17.55,16.91,14.5,18.46,24.78,27.77,17.68,19.3,25.7,21.66,24.85,22.78,26.94,22.38,27.93,23.53,21.83,18.89,26.81,25.19,25.94,23.39,24.68,25.94,31.56,16.33,16.67,16.15,17.69,35.54,16.01,15.0,17.28,12.89,14.67,17.54,15.12,29.66,31.85,28.06,26.15,4.64,6.11,7.72,8.23,5.91,4.62,6.32,7.19,9.01,10.81,8.41,16.94,7.64,2.58,9.0,10.07,0.0,9.18,9.31,5.9,2.07,15.98,3.52,10.45,4.36,0.97,9.82,7.52,5.71,10.19,3.6,8.78,10.76,8.98,7.58,31.65,15.24,11.06,19.08,10.87,16.5,17.76,11.68,14.66,7.78,12.96,10.74,19.64,9.31,12.87,16.38,19.83,14.49,14.24,14.3,21.83
19.61,7.11,17.87,23.27,9.25,16.74,11.09,12.52,4.87,19.38,16.32,18.82,12.43,2.02,20.25,17.63,21.52,15.84,5.02,19.76,20.67,13.7,9.06,18.81,6.86,14.62,19.56,5.36,21.07,16.36,21.34,15.71,24.19,21.85,13.57,21.53,3.35,14.25,15.01,21.32,15.49,21.45,25.76,6.74,15.4,20.36,22.17,24.43,14.31,14.46,16.45,17.42,22.29,17.12,14.74,16.86,10.03,23.12,12.84,22.86,15.72,23.19,7.58,18.14,14.69,9.04,19.61,19.96,19.3,21.91,21.11,11.89,16.02,12.23,11.75,18.85,15.93,15.6,15.32,19.02,13.09,17.09,17.91,12.38,13.01,18.36,16.56,8.84,20.26,13.03,10.92,11.91,11.51,18.67,10.78,23.23,3.91,20.4,16.22,16.25,14.32,6.02,19.4,13.52,14.76,16.98,9.92,7.78,11.35,9.28,15.07,3.31,22.79,8.37,7.68,6.26,11.35,8.1,22.27,19.33,18.12,17.59,19.52,12.79,16.05,13.94,15.91,15.15,13.74,10.99,25.0,21.85,21.5,21.5,24.25,12.65,22.94,17.93,19.91,20.39,24.16,18.0,12.02,18.18,22.86,18.34,26.04,20.68,22.11,12.48,18.82,23.42,21.12,20.77,22.25,19.39,20.84,17.69,20.37,18.4,17.53,20.71,23.75,20.4,15.97,20.3,17.25,22.25,14.43,17.03,15.05,17.78,18.25,16.05,13.49,20.86,17.92,19.02,18.15,24.9,16.09,23.28,15.89,16.21,16.38,15.52,20.37,17.31,17.45,17.51,11.02,14.87,15.73,14.58,13.57,19.56,17.18,14.77,22.72,14.9,17.21,21.15,19.79,4.74,5.47,6.77,29.99,5.56,5.97,6.19,3.25,3.75,15.34,12.77,7.13,8.38,8.33,8.63,5.41,10.56,10.43,5.93,2.92,8.83,9.16,10.25,7.44,7.35,8.56,8.92,7.02,1.33,14.13,5.09,8.95,10.53,8.29,8.58,5.32,15.2,14.56,16.94,16.11,17.17,20.16,10.06,11.68,18.08,14.05,17.23,15.16,19.32,14.77,20.31,15.91,14.21,17.56,19.19,17.58,18.33,15.78,17.06,18.32,23.94,12.0,12.75,13.75,15.35,27.93,11.68,12.65,14.88,10.54,12.32,15.19,12.77,22.04,24.23,20.44,18.54,13.17,14.64,5.02,10.7,14.06,13.16,12.18,11.44,4.14,2.59,9.44,19.4,16.18,11.11,4.12,2.2,9.18,0.0,1.14,14.49,10.66,18.44,12.11,12.92,12.95,9.56,7.83,12.06,14.3,2.03,12.19,3.97,13.23,17.57,16.17,24.7,20.79,10.14,16.73,8.57,22.05,23.31,9.33,17.16,6.85,15.43,8.39,17.29,8.38,10.53,22.24,17.49,20.35,19.79,19.84,27.38
19.74,7.24,14.44,19.84,9.38,16.01,10.36,11.79,5.01,18.65,15.58,18.09,12.56,2.16,19.51,16.9,24.02,15.11,5.98,19.02,19.94,12.97,8.33,18.08,6.99,11.19,18.82,6.49,23.57,12.93,20.61,12.28,23.46,21.12,10.14,20.8,3.48,13.52,14.28,20.59,14.75,20.72,25.02,6.87,14.67,19.63,21.44,23.69,10.88,13.73,15.72,16.69,24.79,16.39,14.0,16.13,9.3,22.38,9.41,22.13,18.22,22.46,6.85,17.41,17.19,8.3,18.88,19.22,18.57,21.18,20.38,8.46,15.28,11.5,9.44,18.12,18.43,14.87,14.59,18.29,9.66,16.36,17.18,10.08,9.58,17.63,15.83,5.41,19.53,10.58,10.19,11.18,10.78,17.93,10.04,22.5,4.04,22.9,18.72,15.52,13.58,5.29,18.67,12.79,14.02,16.25,6.49,7.05,7.92,8.55,17.57,3.44,22.05,7.64,6.95,5.53,8.33,7.37,24.76,21.83,20.61,20.09,22.02,15.29,18.55,16.44,18.4,17.64,16.24,13.49,27.5,24.35,19.29,24.0,21.99,15.15,25.43,20.43,22.41,22.89,26.65,18.13,14.52,18.31,25.36,18.47,28.54,20.81,24.61,14.98,21.31,22.69,20.39,20.04,21.52,18.66,20.11,16.96,19.64,17.67,16.8,19.98,23.01,19.67,15.24,19.57,16.52,22.38,14.56,17.16,15.19,17.91,18.38,16.18,13.62,20.99,18.06,19.16,18.28,25.03,16.22,23.42,16.02,16.34,16.51,15.66,20.5,17.45,17.58,17.64,11.15,15.0,15.86,14.71,13.71,19.69,17.31,14.9,22.85,15.03,17.35,21.28,19.92,5.7,5.61,9.27,32.49,5.69,6.1,8.69,5.74,6.24,14.61,12.9,9.63,10.87,10.82,8.77,6.37,10.69,12.13,6.06,3.88,10.54,11.65,10.38,9.94,7.48,8.69,9.06,7.15,1.84,14.26,5.22,11.45,10.67,8.43,8.71,4.59,11.77,11.13,13.51,12.68,16.44,19.42,9.33,10.95,17.35,13.32,16.5,14.43,18.59,14.03,19.58,15.18,13.48,17.69,18.46,16.84,17.6,15.04,16.33,17.59,23.21,11.27,12.01,11.44,11.92,27.19,10.95,9.22,12.57,7.11,8.89,11.76,9.34,21.31,23.5,19.71,17.81,13.3,14.77,5.15,10.83,14.19,13.29,12.31,11.58,4.27,1.85,9.57,19.54,16.31,11.24,4.26,1.06,9.31,1.14,0.0,14.62,10.79,18.58,12.24,13.05,13.08,9.69,7.96,12.19,14.43,1.3,12.32,4.1,13.36,17.7,16.3,23.96,17.36,10.27,13.3,8.7,18.61,19.88,5.9,13.73,6.98,16.34,4.96,13.86,8.52,7.1,18.81,14.06,16.92,16.35,16.41,23.95
26.19,7.44,14.76,19.3,15.83,30.02,24.37,25.4,11.46,32.26,29.19,32.1,19.01,13.64,33.12,30.5,29.77,29.12,17.03,32.63,33.54,26.58,22.34,31.69,12.37,22.58,32.83,12.95,29.32,24.31,34.21,17.06,37.06,34.72,21.52,34.41,12.45,27.12,27.88,34.6,28.36,34.32,32.91,11.25,28.27,33.23,35.45,31.58,22.26,27.74,29.32,30.3,30.54,30.0,28.02,29.73,23.31,35.99,20.79,33.23,23.97,36.06,18.26,31.01,22.94,19.76,32.89,33.24,32.58,34.79,33.98,19.84,29.29,25.51,19.76,31.73,24.18,28.48,28.19,31.89,21.05,30.37,31.19,20.39,20.96,31.23,29.84,16.85,33.54,21.04,24.67,25.19,25.53,31.95,20.71,36.1,10.53,28.65,24.47,29.12,27.59,16.7,32.68,26.8,28.03,30.26,17.93,18.46,19.36,19.96,23.32,11.94,35.66,19.05,18.36,16.94,19.36,18.78,30.52,27.58,26.37,25.84,27.77,21.04,24.3,22.19,24.16,23.4,21.99,19.24,33.25,30.1,25.74,29.75,28.44,20.9,31.19,26.18,28.16,28.64,32.41,24.59,20.27,24.77,31.11,24.93,34.29,27.27,30.36,20.73,27.07,36.7,34.4,34.05,35.53,32.67,34.12,30.97,33.65,31.68,30.81,33.99,36.62,33.68,29.25,33.18,30.53,28.83,21.01,23.62,21.64,24.36,24.84,22.63,20.07,27.44,24.51,25.61,24.73,31.48,22.67,29.87,22.47,22.79,22.97,22.11,26.96,23.9,24.04,24.1,17.61,21.46,22.32,21.17,20.16,26.15,23.76,21.35,29.31,21.48,23.8,27.74,26.37,16.75,12.06,15.02,38.24,9.63,10.72,15.71,12.57,13.73,26.02,19.36,15.38,16.63,16.58,15.22,17.42,17.14,18.59,12.52,14.93,16.99,17.41,16.83,15.69,13.93,15.14,15.51,13.6,14.12,20.72,11.67,17.2,17.12,14.88,15.16,16.0,23.15,22.51,16.07,24.07,30.04,33.03,22.94,24.55,30.95,26.92,30.1,28.03,32.2,27.64,33.19,28.79,27.08,24.14,32.06,30.45,31.2,23.9,29.93,31.19,31.09,21.94,22.28,21.76,23.3,35.07,21.62,20.6,22.89,18.5,20.28,23.15,20.72,34.91,33.83,33.31,31.41,1.26,1.2,14.2,9.8,5.06,3.11,7.9,8.77,14.27,16.06,9.99,18.51,2.74,4.15,14.25,15.32,5.9,14.49,14.62,0.0,6.22,17.55,5.09,12.02,2.85,4.93,11.39,9.1,4.2,15.45,2.8,14.04,12.33,4.08,2.67,31.58,16.81,16.67,24.69,12.44,18.07,19.34,17.29,16.23,13.38,14.54,16.35,25.24,14.92,18.48,17.95,25.44,16.06,15.81,15.87,23.41
22.36,3.61,13.51,18.05,12.0,26.19,20.54,21.56,7.63,28.43,25.36,28.27,15.18,9.81,29.29,26.67,25.94,25.29,13.2,28.8,29.71,22.75,18.51,27.86,11.11,18.39,29.0,9.12,25.49,20.13,30.38,15.81,33.23,30.89,17.34,30.58,8.62,23.29,24.05,30.77,24.53,30.49,34.8,7.42,24.44,29.4,31.62,33.47,18.08,23.91,25.49,26.47,26.71,26.16,24.18,25.9,19.48,32.16,16.61,31.9,20.14,32.23,14.43,27.18,19.11,15.88,29.06,29.4,28.75,30.96,30.15,15.66,25.46,21.68,15.57,27.9,20.35,24.64,24.36,28.06,16.86,26.54,27.36,16.2,16.78,27.4,26.01,12.66,29.71,16.86,20.84,21.36,21.69,28.11,16.53,32.27,6.7,24.82,20.64,25.29,23.76,12.87,28.85,22.97,24.2,26.43,13.74,14.63,15.18,16.13,19.49,8.11,31.83,15.22,14.53,13.11,15.18,14.95,26.69,23.75,22.54,22.01,23.94,17.21,20.47,18.36,20.33,19.56,18.16,15.41,29.42,26.27,21.91,25.92,24.61,17.07,27.36,22.35,24.33,24.81,28.58,20.76,16.44,20.94,27.28,21.1,30.46,23.44,26.53,16.9,23.24,32.87,30.57,30.22,31.7,28.84,30.29,27.14,29.82,27.85,26.98,30.16,32.79,29.85,25.42,29.34,26.7,25.0,17.18,19.79,17.81,20.53,21.01,18.8,16.24,23.61,20.68,21.78,20.9,27.65,18.84,26.04,18.64,18.96,19.14,18.28,23.12,20.07,20.21,20.26,13.78,17.63,18.49,17.34,16.33,22.32,19.93,17.52,25.48,17.65,19.97,23.91,22.54,12.92,8.23,11.19,34.41,5.8,6.89,11.88,8.74,9.9,22.19,15.53,11.55,12.8,12.75,11.39,13.59,13.31,14.76,8.69,11.1,13.16,13.57,13.0,11.86,10.1,11.31,11.68,9.77,10.29,16.89,7.84,13.37,13.29,11.05,11.33,12.17,18.97,18.33,14.82,19.88,26.21,29.2,19.1,20.72,27.12,23.09,26.27,24.2,28.36,23.81,29.35,24.96,23.25,20.31,28.23,26.62,27.37,24.82,26.1,27.36,32.98,17.75,18.1,17.57,19.12,36.97,17.44,16.42,18.7,14.31,16.09,18.96,16.54,31.08,33.27,29.48,27.58,4.96,6.43,9.14,8.55,6.23,4.95,6.65,7.51,10.44,12.23,8.74,17.26,7.96,2.9,10.42,11.49,2.07,10.66,10.79,6.22,0.0,16.3,3.84,10.77,4.68,1.29,10.14,7.85,6.04,11.62,3.92,10.21,11.08,9.3,7.9,33.08,15.56,12.49,20.5,11.19,16.82,18.09,13.1,14.98,9.2,13.29,12.16,21.06,10.73,14.3,16.7,21.26,14.81,14.56,14.62,22.15
33.69,17.52,13.74,16.21,23.33,29.7,24.05,23.82,18.96,30.68,24.7,31.78,26.51,16.12,31.54,26.0,37.27,28.8,23.28,31.05,31.96,25.0,22.02,27.19,11.59,21.8,32.51,20.44,36.82,17.61,32.63,16.04,33.44,30.75,20.74,28.28,17.43,25.55,26.3,34.28,26.78,32.75,32.13,13.37,26.7,29.26,35.12,30.8,21.49,27.41,27.74,26.32,38.04,28.42,27.69,28.15,22.98,34.41,20.01,32.45,31.46,34.48,19.57,29.44,30.44,18.98,32.56,34.97,32.26,33.21,30.01,19.07,28.97,25.18,18.98,27.75,31.68,26.9,26.61,30.31,20.27,30.05,30.87,19.61,20.18,29.65,29.52,16.07,33.22,20.26,22.33,24.86,23.19,31.62,19.94,32.13,18.0,36.15,31.97,27.55,27.27,20.84,32.36,26.48,27.71,29.94,17.15,19.17,18.59,21.39,30.82,17.39,31.68,21.32,18.34,19.37,18.58,19.62,38.01,35.08,33.86,33.34,35.27,28.54,31.8,29.69,31.65,30.89,29.49,26.74,40.75,37.6,33.24,37.25,35.94,28.4,38.68,33.68,35.66,36.14,39.9,32.08,27.77,32.26,38.61,32.42,41.79,34.76,37.86,28.23,34.56,36.38,34.08,33.73,35.21,32.35,33.8,30.65,35.62,34.52,34.44,37.19,35.04,36.88,28.93,31.6,33.87,36.33,28.51,31.11,29.14,31.86,32.33,30.13,27.57,34.94,32.01,33.11,32.23,38.98,30.17,37.37,29.97,30.29,30.46,29.61,34.45,31.4,31.53,31.59,25.1,28.96,29.81,28.66,27.66,33.64,31.26,28.85,36.8,28.98,31.3,35.23,33.87,23.01,19.56,22.52,45.74,19.71,17.2,23.21,20.06,21.23,28.29,26.85,22.88,24.12,24.07,22.72,23.68,24.64,26.08,20.02,21.19,24.49,24.9,24.33,23.19,21.43,22.64,23.01,21.1,19.14,28.21,19.17,24.7,24.62,22.38,22.66,19.25,22.38,21.74,15.05,23.29,28.46,31.45,23.02,22.97,29.37,25.34,28.52,26.45,30.62,26.06,31.61,27.21,25.5,31.64,30.49,28.87,29.62,23.12,25.96,27.22,30.31,21.16,21.5,20.98,22.53,34.3,20.84,19.83,22.11,17.72,19.5,22.37,19.95,30.94,33.05,29.34,26.79,16.29,17.76,13.43,7.75,12.39,16.27,10.51,9.77,15.92,20.02,9.21,1.72,18.54,13.86,15.9,15.43,15.98,18.44,18.58,17.55,16.3,0.0,12.63,5.53,16.01,15.0,10.62,10.39,17.36,19.46,15.25,14.48,6.62,19.79,18.3,30.8,17.13,15.89,23.91,11.66,16.39,14.61,16.51,15.21,12.61,13.51,15.57,18.55,14.14,17.7,15.12,18.75,15.04,18.69,14.85,15.25
23.81,5.06,9.84,14.38,13.45,27.64,21.99,19.67,9.08,26.53,20.55,29.72,16.63,11.26,27.39,21.86,27.39,26.74,14.65,26.91,27.82,20.85,19.96,23.04,7.44,17.66,30.45,10.57,26.94,19.39,28.49,12.14,29.29,26.6,16.6,24.14,10.07,21.4,22.16,32.22,22.64,28.6,27.98,9.23,22.55,25.11,33.07,26.65,17.34,25.36,23.6,22.18,28.16,24.27,25.64,24.01,20.93,30.26,15.87,28.31,21.59,30.34,15.42,25.29,20.56,14.84,30.51,30.82,30.2,29.06,25.86,14.92,26.91,23.13,14.83,23.61,21.8,22.75,22.47,26.17,16.12,27.99,28.81,15.47,16.04,25.51,27.46,11.93,31.16,16.12,18.19,22.81,19.05,29.57,15.79,27.98,8.15,26.27,22.09,23.4,25.21,14.32,30.3,24.42,25.65,27.88,13.01,15.02,14.44,17.58,20.94,9.56,27.54,16.67,14.2,14.56,14.44,15.47,28.14,25.2,23.99,23.46,25.39,18.66,21.92,19.81,21.78,21.02,19.61,16.86,30.87,27.72,23.36,27.37,26.06,18.52,28.81,23.8,25.78,26.26,30.03,22.21,17.89,22.39,28.73,22.55,31.91,24.89,27.98,18.35,24.69,34.32,32.02,31.67,33.15,30.29,31.74,28.59,31.48,29.3,28.43,31.61,30.89,31.3,26.87,27.45,28.15,26.45,18.63,21.24,19.26,21.98,22.46,20.25,17.69,25.06,22.13,23.23,22.35,29.1,20.29,27.49,20.09,20.41,20.59,19.73,24.58,21.52,21.66,21.72,15.23,19.08,19.94,18.79,17.78,23.77,21.38,18.97,26.93,19.1,21.42,25.36,23.99,14.37,9.68,12.64,35.86,7.25,8.34,13.33,10.19,11.35,23.64,16.98,13.0,14.25,14.2,12.84,15.04,14.76,16.21,10.14,12.55,14.61,15.03,14.45,13.31,11.55,12.76,13.13,11.22,11.74,18.34,9.29,14.82,14.74,12.5,12.78,13.62,18.23,17.59,11.15,19.15,24.32,27.3,20.56,18.83,25.23,21.2,24.38,22.31,26.47,21.91,27.46,23.06,21.36,21.76,26.34,24.73,25.48,18.98,21.81,23.07,26.17,17.02,17.36,16.83,18.38,30.15,16.7,15.68,17.97,13.58,15.35,18.22,15.8,26.79,28.91,25.2,22.65,3.83,5.3,9.28,4.88,2.56,3.82,2.98,3.84,11.77,13.68,5.07,13.59,6.84,1.4,11.75,11.29,3.52,12.11,12.24,5.09,3.84,12.63,0.0,7.1,3.55,2.55,6.47,4.17,4.91,13.07,2.79,10.33,7.41,8.17,6.77,26.66,11.89,11.75,19.76,7.52,13.15,14.41,12.36,11.31,8.46,9.61,11.42,20.32,10.0,13.56,13.03,20.52,11.14,10.89,10.95,18.48
28.16,11.99,8.22,12.75,17.8,24.17,18.52,18.29,13.43,25.15,19.17,26.25,20.98,10.6,26.01,20.48,31.74,23.27,17.76,25.52,26.44,19.47,16.49,21.66,6.06,16.27,26.99,14.92,31.29,12.09,27.11,10.51,27.91,25.22,15.22,22.76,11.9,20.02,20.78,28.75,21.25,27.22,26.6,7.85,21.17,23.73,29.6,25.27,15.96,21.89,22.22,20.8,32.51,22.89,22.17,22.63,17.46,28.88,14.49,26.93,25.94,28.96,14.04,23.91,24.91,13.45,27.04,29.44,26.73,27.68,24.48,13.54,23.45,19.66,13.45,22.23,26.15,21.37,21.09,24.79,14.74,24.52,25.34,14.08,14.66,24.13,23.99,10.54,27.69,14.74,16.8,19.34,17.66,26.1,14.41,26.6,12.47,30.62,26.44,22.02,21.75,15.32,26.83,20.95,22.19,24.41,11.62,13.64,13.06,15.86,25.29,11.87,26.16,15.8,12.82,13.84,13.06,14.09,32.49,29.55,28.34,27.81,29.74,23.01,26.27,24.16,26.13,25.37,23.96,21.21,35.22,32.07,27.71,31.72,30.41,22.87,33.16,28.15,30.13,30.61,34.38,26.56,22.24,26.74,33.08,26.9,36.26,29.24,32.33,22.7,29.04,30.85,28.55,28.2,29.68,26.82,28.27,25.12,30.1,29.0,28.91,31.66,29.51,31.35,23.4,26.07,28.35,30.8,22.98,25.59,23.61,26.33,26.81,24.6,22.04,29.41,26.48,27.58,26.7,33.45,24.64,31.84,24.44,24.76,24.94,24.08,28.93,25.87,26.01,26.07,19.58,23.43,24.29,23.14,22.13,28.12,25.73,23.33,31.28,23.45,25.77,29.71,28.34,17.48,14.03,16.99,40.21,14.18,11.68,17.68,14.54,15.7,22.77,21.33,17.35,18.6,18.55,17.19,18.15,19.11,20.56,14.49,15.66,18.96,19.38,18.8,17.66,15.9,17.11,17.48,15.57,13.61,22.69,13.64,19.18,19.09,16.85,17.13,13.73,16.85,16.21,9.52,17.76,22.94,25.92,17.49,17.45,23.85,19.82,23.0,20.93,25.09,20.53,26.08,21.68,19.98,26.11,24.96,23.34,24.1,17.6,20.43,21.69,24.79,15.63,15.98,15.45,17.0,28.77,15.32,14.3,16.58,12.19,13.97,16.84,14.42,25.41,27.52,23.81,21.26,10.76,12.23,7.9,2.22,6.86,10.75,4.99,4.25,10.39,14.49,3.68,6.49,13.01,8.33,10.37,9.91,10.45,12.92,13.05,12.02,10.77,5.53,7.1,0.0,10.49,9.48,5.09,4.86,11.84,13.93,9.72,8.95,1.09,14.27,12.77,25.28,10.27,10.37,18.38,6.14,11.52,12.79,10.98,9.68,7.08,7.99,10.04,13.03,8.61,12.18,11.4,13.22,9.51,9.26,9.32,20.02
24.66,5.91,13.23,17.76,14.3,28.48,22.83,23.86,9.92,30.72,27.65,30.56,17.48,12.1,31.58,28.96,28.23,27.58,15.49,31.09,32.0,25.04,20.8,30.15,10.83,21.04,31.3,11.41,27.78,22.77,32.68,15.52,35.52,33.18,19.98,32.87,10.91,25.59,26.35,33.06,26.82,32.79,31.37,9.71,26.74,31.69,33.91,30.04,20.73,26.2,27.78,28.76,29.01,28.46,26.48,28.2,21.77,34.45,19.25,31.69,22.43,34.52,16.72,29.48,21.4,18.22,31.35,31.7,31.04,33.25,32.44,18.31,27.76,23.97,18.22,30.19,22.64,26.94,26.65,30.35,19.51,28.83,29.65,18.85,19.42,29.69,28.3,15.31,32.0,19.5,23.13,23.65,23.99,30.41,19.18,34.56,8.99,27.12,22.93,27.59,26.06,15.16,31.14,25.26,26.5,28.72,16.39,16.93,17.83,18.42,21.78,10.4,34.12,17.51,16.82,15.4,17.82,17.25,28.98,26.04,24.83,24.3,26.23,19.5,22.76,20.65,22.62,21.86,20.45,17.7,31.71,28.57,24.21,28.21,26.91,19.36,29.65,24.64,26.62,27.1,30.87,23.05,18.74,23.23,29.57,23.39,32.76,25.73,28.82,19.19,25.53,35.16,32.86,32.51,33.99,31.13,32.59,29.43,32.12,30.14,29.27,32.46,35.08,32.14,27.71,31.64,28.99,27.3,19.48,22.08,20.1,22.82,23.3,21.1,18.53,25.9,22.97,24.07,23.19,29.94,21.13,28.33,20.93,21.25,21.43,20.57,25.42,22.36,22.5,22.56,16.07,19.92,20.78,19.63,18.62,24.61,22.22,19.82,27.77,19.94,22.26,26.2,24.83,15.22,10.52,13.48,36.71,8.09,9.18,14.17,11.03,12.19,24.48,17.82,13.84,15.09,15.04,13.68,15.89,15.61,17.05,10.98,13.4,15.45,15.87,15.3,14.16,12.4,13.6,13.97,12.06,12.59,19.18,10.14,15.67,15.58,13.34,13.62,14.46,21.62,20.98,14.54,22.53,28.5,31.49,21.4,23.01,29.41,25.38,28.56,26.49,30.66,26.1,31.65,27.25,25.54,22.6,30.53,28.91,29.66,22.36,28.39,29.65,29.55,20.4,20.74,20.22,21.76,33.54,20.08,19.07,21.35,16.96,18.74,21.61,19.19,33.37,32.29,31.78,29.87,1.59,3.06,12.66,8.27,5.94,1.58,6.36,7.23,12.73,14.52,8.45,16.97,4.59,2.61,12.71,13.79,4.36,12.95,13.08,2.85,4.68,16.01,3.55,10.49,0.0,3.39,9.85,7.56,2.66,13.91,1.26,12.5,10.79,5.93,4.53,30.04,15.28,15.13,23.15,10.9,16.54,17.8,15.75,14.69,11.85,13.0,14.81,23.71,13.38,16.94,16.42,23.9,14.52,14.28,14.33,21.87
21.27,2.52,12.22,16.75,10.91,25.09,19.44,20.47,6.53,27.33,24.26,27.17,14.09,8.71,28.19,25.57,24.85,24.19,12.1,27.7,28.61,21.65,17.41,26.76,9.82,17.3,27.91,8.02,24.4,19.03,29.29,14.52,32.13,29.79,16.24,29.48,7.52,22.2,22.96,29.67,23.43,29.4,33.7,6.32,23.35,28.3,30.52,32.37,16.98,22.81,24.39,25.37,25.62,25.07,23.09,24.81,18.38,31.06,15.51,30.8,19.04,31.14,13.33,26.09,18.01,14.79,27.96,28.31,27.65,29.86,29.05,14.56,24.37,20.58,14.48,26.8,19.25,23.55,23.26,26.96,15.77,25.44,26.26,15.11,15.68,26.3,24.91,11.57,28.61,15.76,19.74,20.26,20.6,27.02,15.43,31.17,5.61,23.73,19.54,24.2,22.67,11.77,27.76,21.87,23.11,25.34,12.65,13.54,14.08,15.03,18.39,7.01,30.73,14.12,13.43,12.01,14.08,13.86,25.59,22.65,21.44,20.91,22.84,16.12,19.37,17.26,19.23,18.47,17.06,14.31,28.32,25.18,20.82,24.82,23.52,15.98,26.26,21.25,23.23,23.71,27.48,19.66,15.35,19.84,26.18,20.0,29.37,22.34,25.43,15.8,22.14,31.77,29.47,29.12,30.6,27.74,29.2,26.04,28.73,26.75,25.88,29.07,31.69,28.75,24.32,28.25,25.6,23.91,16.09,18.69,16.71,19.43,19.91,17.71,15.14,22.51,19.58,20.68,19.8,26.55,17.74,24.94,17.54,17.86,18.04,17.18,22.03,18.97,19.11,19.17,12.68,16.53,17.39,16.24,15.23,21.22,18.83,16.43,24.38,16.56,18.87,22.81,21.44,11.83,7.13,10.1,33.32,4.7,5.79,10.78,7.64,8.8,21.09,14.43,10.46,11.7,11.65,10.29,12.5,12.22,13.66,7.59,10.01,12.06,12.48,11.91,10.77,9.01,10.21,10.58,8.67,9.2,15.79,6.75,12.28,12.19,9.95,10.23,11.08,17.87,17.23,13.53,18.79,25.11,28.1,18.01,19.63,26.02,21.99,25.17,23.11,27.27,22.71,28.26,23.86,22.15,19.22,27.14,25.52,26.27,23.72,25.0,26.26,31.89,16.66,17.0,16.48,18.02,35.87,16.34,15.32,17.61,13.22,15.0,17.87,15.44,29.98,32.17,28.39,26.48,3.67,5.14,8.04,7.26,4.94,3.65,5.35,6.22,9.34,11.13,7.44,15.96,6.67,1.61,9.32,10.4,0.97,9.56,9.69,4.93,1.29,15.0,2.55,9.48,3.39,0.0,8.85,6.55,4.74,10.52,2.62,9.11,9.79,8.01,6.61,31.98,14.27,11.39,19.41,9.89,15.53,16.79,12.01,13.69,8.1,11.99,11.07,19.96,9.64,13.2,15.41,20.16,13.52,13.27,13.33,20.86
23.07,7.23,7.83,12.36,12.72,19.08,13.43,13.2,8.34,20.06,14.08,21.16,15.9,5.51,20.92,15.39,26.65,18.18,12.67,20.44,21.35,14.38,11.4,16.57,0.97,11.18,21.9,9.83,26.2,12.92,22.02,12.27,22.82,20.13,10.13,17.67,6.81,14.93,15.69,23.66,16.16,22.13,21.51,2.76,16.08,18.64,24.51,20.18,10.87,16.8,17.13,15.71,27.42,17.8,17.08,17.54,12.37,23.79,9.4,21.84,20.85,23.87,8.95,18.82,19.82,8.37,21.95,24.35,21.64,22.59,19.39,8.45,18.36,14.57,8.36,17.14,21.06,16.28,16.0,19.7,9.65,19.43,20.25,9.0,9.57,19.04,18.9,5.46,22.6,9.65,11.72,14.25,12.57,21.01,9.32,21.51,7.38,25.53,21.35,16.93,16.66,10.23,21.75,15.86,17.1,19.33,6.53,8.55,7.97,10.77,20.2,6.78,21.07,10.71,7.73,8.75,7.97,9.0,27.4,24.46,23.25,22.72,24.65,17.92,21.18,19.07,21.04,20.28,18.87,16.12,30.13,26.98,22.63,26.63,25.33,17.78,28.07,23.06,25.04,25.52,29.29,21.47,17.15,21.65,27.99,21.81,31.17,24.15,27.24,17.61,23.95,25.76,23.46,23.11,24.59,21.73,23.19,20.03,25.01,23.91,23.82,26.58,24.42,26.26,18.31,20.98,23.26,25.71,17.89,20.5,18.52,21.24,21.72,19.52,16.95,24.32,21.39,22.49,21.61,28.36,19.55,26.75,19.35,19.67,19.85,18.99,23.84,20.78,20.92,20.98,14.49,18.34,19.2,18.05,17.04,23.03,20.64,18.24,26.19,18.36,20.68,24.62,23.25,12.39,8.94,11.9,35.13,8.43,6.59,12.59,9.45,10.61,17.68,16.24,12.26,13.51,13.46,12.1,13.06,14.03,15.47,9.4,10.57,13.87,14.29,13.72,12.58,10.82,12.02,12.39,10.48,8.52,17.6,8.56,14.09,14.0,11.76,12.04,8.64,11.76,11.12,13.5,12.67,17.85,20.83,12.4,12.36,18.76,14.73,17.91,15.84,20.0,15.44,20.99,16.59,14.89,21.02,19.87,18.26,19.01,12.51,15.34,16.6,19.7,10.55,10.89,10.36,11.91,23.68,10.23,9.21,11.49,7.11,8.88,11.75,9.33,20.32,22.44,18.73,16.18,10.13,11.6,2.81,2.87,6.23,10.12,4.35,3.62,5.3,9.4,1.61,11.58,12.38,7.7,5.28,4.82,9.82,7.83,7.96,11.39,10.14,10.62,6.47,5.09,9.85,8.85,0.0,4.23,11.21,8.84,9.09,3.86,5.4,13.63,12.14,20.19,9.88,5.28,13.29,1.05,11.14,12.4,5.89,13.72,1.99,7.6,4.95,13.85,3.53,7.09,11.02,14.05,9.13,8.88,8.94,16.47
27.3,9.07,7.6,12.13,16.94,23.31,17.66,17.43,12.57,24.29,18.31,25.39,20.12,9.74,25.15,19.62,30.88,22.41,16.9,24.66,25.58,18.61,15.63,20.8,5.2,15.41,26.13,14.06,30.43,17.15,26.25,9.9,27.05,24.36,14.36,21.9,11.04,19.16,19.92,27.89,20.39,26.36,25.74,6.99,20.31,22.87,28.74,24.41,15.1,21.03,21.36,19.94,31.65,22.03,21.31,21.77,16.6,28.02,13.63,26.07,25.08,28.1,13.18,23.05,24.05,12.59,26.18,28.58,25.87,26.82,23.62,12.68,22.59,18.8,12.59,21.37,25.29,20.51,20.23,23.93,13.88,23.66,24.48,13.22,13.8,23.27,23.13,9.68,26.83,13.88,15.94,18.48,16.8,25.24,13.55,25.74,11.61,29.76,25.58,21.16,20.89,14.46,25.97,20.09,21.33,23.55,10.76,12.78,12.2,15.0,24.43,11.01,25.3,14.94,11.96,12.98,12.2,13.23,31.63,28.69,27.48,26.95,28.88,22.15,25.41,23.3,25.27,24.51,23.1,20.35,34.36,31.21,26.85,30.86,29.55,22.01,32.3,27.29,29.27,29.75,33.52,25.7,21.38,25.88,32.22,26.04,35.4,28.38,31.47,21.84,28.18,29.99,27.69,27.34,28.82,25.96,27.41,24.26,29.24,28.14,28.05,30.8,28.65,30.49,22.54,25.21,27.49,29.94,22.12,24.73,22.75,25.47,25.95,23.74,21.18,28.55,25.62,26.72,25.84,32.59,23.78,30.98,23.58,23.9,24.08,23.22,28.07,25.01,25.15,25.21,18.72,22.57,23.43,22.28,21.27,27.26,24.87,22.47,30.42,22.59,24.91,28.85,27.48,16.62,13.17,16.13,39.35,11.25,10.82,16.82,13.68,14.84,21.91,20.47,16.49,17.74,17.69,16.33,17.29,18.25,19.7,13.63,14.8,18.1,18.52,17.94,16.8,15.04,16.25,16.62,14.71,12.75,21.83,12.78,18.32,18.23,15.99,16.27,12.87,15.99,15.35,8.91,16.9,22.08,25.06,16.63,16.59,22.99,18.96,22.14,20.07,24.23,19.67,25.22,20.82,19.12,25.25,24.1,22.48,23.24,16.74,19.57,20.83,23.93,14.77,15.12,14.59,16.14,27.91,14.46,13.44,15.72,11.33,13.11,15.98,13.56,24.55,26.66,22.95,20.4,7.83,9.3,7.04,2.64,3.93,7.82,2.06,1.6,9.53,13.63,2.82,11.35,10.08,5.4,9.51,9.05,7.52,12.06,12.19,9.1,7.85,10.39,4.17,4.86,7.56,6.55,4.23,0.0,8.91,13.07,6.79,8.09,5.17,11.34,9.84,24.42,9.65,9.51,17.52,5.28,10.91,12.17,10.12,9.07,6.22,7.37,9.18,18.08,7.75,11.32,10.79,18.28,8.9,8.65,8.71,16.24
26.01,7.26,14.58,19.11,15.65,29.83,24.18,25.21,11.27,32.07,29.0,31.91,18.83,13.45,32.93,30.32,29.59,28.93,16.84,32.44,33.35,26.39,22.15,31.5,12.18,22.39,32.65,12.76,29.14,24.12,34.03,16.88,36.87,34.53,21.34,34.22,12.26,26.94,27.7,34.41,28.17,34.14,32.72,11.06,28.09,33.04,35.26,31.39,22.08,27.55,29.13,30.11,30.36,29.81,27.83,29.55,23.12,35.8,20.6,33.04,23.78,35.88,18.07,30.83,22.75,19.57,32.7,33.05,32.39,34.6,33.79,19.66,29.11,25.32,19.57,31.54,23.99,28.29,28.0,31.7,20.86,30.18,31.0,20.2,20.77,31.04,29.65,16.66,33.35,20.85,24.48,25.0,25.34,31.76,20.53,35.91,10.35,28.47,24.28,28.94,27.41,16.51,32.5,26.61,27.85,30.08,17.74,18.28,19.18,19.77,23.13,11.75,35.47,18.86,18.17,16.75,19.17,18.6,30.33,27.39,26.18,25.65,27.58,20.86,24.11,22.0,23.97,23.21,21.8,19.05,33.06,29.92,25.56,29.56,28.26,20.72,31.0,25.99,27.97,28.45,32.22,24.4,20.09,24.58,30.92,24.74,34.11,27.08,30.17,20.54,26.88,36.51,34.21,33.86,35.34,32.48,33.94,30.78,33.47,31.49,30.62,33.81,36.43,33.49,29.06,32.99,30.34,28.65,20.83,23.43,21.45,24.17,24.65,22.45,19.88,27.25,24.32,25.42,24.54,31.29,22.48,29.68,22.28,22.6,22.78,21.92,26.77,23.71,23.85,23.91,17.42,21.27,22.13,20.98,19.97,25.96,23.57,21.17,29.12,21.3,23.61,27.55,26.18,16.57,11.87,14.84,38.06,9.44,10.53,15.52,12.38,13.54,25.83,19.17,15.2,16.44,16.39,15.03,17.24,16.96,18.4,12.33,14.75,16.8,17.22,16.65,15.51,13.75,14.95,15.32,13.41,13.94,20.53,11.49,17.02,16.93,14.69,14.97,15.82,22.97,22.33,15.89,23.88,29.85,32.84,22.75,24.37,30.76,26.73,29.91,27.85,32.01,27.45,33.0,28.6,26.89,23.96,31.88,30.26,31.01,23.71,29.74,31.0,30.9,21.75,22.09,21.57,23.12,34.89,21.43,20.42,22.7,18.31,20.09,22.96,20.54,34.72,33.64,33.13,31.22,2.94,4.41,14.02,9.62,7.3,1.09,7.71,8.58,14.08,15.87,9.8,18.32,5.95,3.96,14.06,15.14,5.71,14.3,14.43,4.2,6.04,17.36,4.91,11.84,2.66,4.74,11.21,8.91,0.0,15.26,2.62,13.85,12.14,7.28,5.88,31.39,16.63,16.48,24.5,12.25,17.89,19.15,17.1,16.04,13.2,14.35,16.16,25.06,14.73,18.29,17.77,25.26,15.88,15.63,15.69,23.22
21.0,8.12,17.24,22.64,10.64,14.34,8.69,10.12,5.0,16.98,13.91,16.42,13.82,3.04,17.84,15.23,22.35,13.44,4.31,17.35,18.26,11.3,6.66,16.41,7.87,13.99,17.15,6.18,21.9,15.72,18.94,15.08,21.78,19.45,12.94,19.13,4.36,11.85,12.61,18.92,13.08,19.05,23.35,7.75,13.0,17.96,19.76,22.02,13.68,12.05,14.05,15.02,23.12,14.72,12.33,14.46,7.62,20.71,12.2,20.46,16.54,20.79,5.18,15.74,15.52,6.63,17.2,17.55,16.9,19.51,18.71,11.26,13.61,9.82,7.77,16.45,16.75,13.2,12.92,16.61,12.46,14.69,15.51,8.4,12.37,15.96,14.16,8.2,17.86,8.9,8.52,9.5,9.11,16.26,8.37,20.82,4.93,21.23,17.05,13.85,11.91,3.62,17.0,11.12,12.35,14.58,6.73,5.38,8.17,6.88,15.9,4.33,20.38,5.96,5.28,3.86,6.66,5.7,23.09,20.16,18.94,18.42,20.35,13.62,16.87,14.77,16.73,15.97,14.56,11.81,25.82,22.68,22.32,22.33,25.08,13.48,23.76,18.75,20.74,21.22,24.98,19.39,12.85,22.94,23.68,19.73,26.87,24.85,22.94,13.31,19.64,21.02,18.72,18.37,19.85,16.99,18.44,15.29,17.97,16.0,15.13,18.31,21.34,18.0,13.57,17.9,14.84,23.64,15.82,18.42,16.44,19.16,19.64,17.44,14.87,22.24,19.31,20.41,19.53,26.28,17.47,24.67,17.27,17.59,17.77,16.91,21.76,18.7,18.84,18.9,12.41,16.26,17.12,15.97,14.96,20.95,18.56,16.16,24.11,16.29,18.6,22.54,21.18,4.03,5.59,7.6,30.82,6.58,6.98,7.02,4.07,4.57,12.93,14.16,7.96,9.2,9.15,10.02,4.7,11.95,11.25,7.32,2.21,9.65,9.98,11.64,8.27,8.74,9.95,10.39,8.4,2.94,15.52,6.1,9.78,11.92,9.68,9.33,2.92,14.57,13.93,16.31,15.48,14.76,17.75,7.66,9.28,15.67,11.64,14.82,12.76,16.92,12.36,17.91,13.51,11.81,18.95,16.79,15.17,15.92,13.37,14.66,15.92,21.54,9.6,10.34,9.77,14.72,25.52,9.28,12.02,10.9,9.91,11.69,14.56,12.14,19.64,21.83,18.04,16.13,14.19,15.66,6.03,11.71,15.07,14.17,13.2,12.46,5.16,1.34,10.45,20.42,17.19,12.13,5.14,2.36,10.19,2.03,1.3,15.45,11.62,19.46,13.07,13.93,13.91,10.52,8.84,13.07,15.26,0.0,13.2,4.98,14.24,18.59,17.18,22.29,20.15,11.15,16.1,9.58,21.41,22.67,8.7,16.53,7.87,19.14,7.76,16.66,8.86,9.89,21.61,16.86,19.72,19.15,19.21,26.74
23.89,5.14,12.46,16.99,13.53,27.71,22.07,23.09,9.16,29.95,26.88,29.8,16.71,11.34,30.81,28.2,27.47,26.81,14.73,30.33,31.24,24.27,20.04,29.38,10.06,20.27,30.53,10.65,27.02,22.01,31.91,14.76,34.76,32.42,19.22,32.1,10.14,24.82,25.58,32.3,26.06,32.02,30.6,8.95,25.97,30.93,33.14,29.27,19.96,25.43,27.02,27.99,28.24,27.69,25.71,27.43,21.0,33.68,18.49,30.93,21.67,33.76,15.96,28.71,20.64,17.45,30.58,30.93,30.28,32.48,31.68,17.54,26.99,23.2,17.45,29.42,21.88,26.17,25.89,29.59,18.74,28.06,28.89,18.09,18.66,28.93,27.54,14.55,31.24,18.74,22.36,22.88,23.22,29.64,18.41,33.8,8.23,26.35,22.17,26.82,25.29,14.4,30.38,24.5,25.73,27.96,15.62,16.16,17.06,17.66,21.02,9.63,33.35,16.74,16.06,14.64,17.06,16.48,28.21,25.28,24.06,23.54,25.47,18.74,22.0,19.89,21.86,21.09,19.69,16.94,30.95,27.8,23.44,27.45,26.14,18.6,28.88,23.88,25.86,26.34,30.11,22.29,17.97,22.46,28.81,22.62,31.99,24.96,28.06,18.43,24.76,34.4,32.1,31.75,33.22,30.37,31.82,28.67,31.35,29.38,28.51,31.69,34.31,31.38,26.95,30.87,28.22,26.53,18.71,21.31,19.34,22.06,22.54,20.33,17.77,25.14,22.21,23.31,22.43,29.18,20.37,27.57,20.17,20.49,20.66,19.81,24.65,21.6,21.74,21.79,15.3,19.16,20.01,18.86,17.86,23.84,21.46,19.05,27.0,19.18,21.5,25.43,24.07,14.45,9.76,12.72,35.94,7.32,8.42,13.41,10.26,11.43,23.71,17.06,13.08,14.32,14.27,12.92,15.12,14.84,16.29,10.22,12.63,14.69,15.1,14.53,13.39,11.63,12.84,13.21,11.3,11.82,18.42,9.37,14.9,14.82,12.58,12.86,13.7,20.85,20.21,13.77,21.76,27.74,30.72,20.63,22.25,28.65,24.62,27.8,25.73,29.89,25.33,30.88,26.48,24.78,21.84,29.76,28.15,28.9,21.6,27.63,28.89,28.79,19.63,19.98,19.45,21.0,32.77,19.32,18.3,20.58,16.19,17.97,20.84,18.42,32.61,31.52,31.01,29.11,1.54,3.01,11.9,7.5,5.18,1.53,5.6,6.46,11.97,13.76,7.69,16.21,4.55,1.85,11.95,13.02,3.6,12.19,12.32,2.8,3.92,15.25,2.79,9.72,1.26,2.62,9.09,6.79,2.62,13.2,0.0,11.74,10.03,5.88,4.48,29.28,14.51,14.37,22.38,10.14,15.77,17.03,14.98,13.93,11.08,12.23,14.04,22.94,12.62,16.18,15.65,23.14,13.76,13.51,13.57,21.1
19.21,6.71,13.9,19.31,8.85,17.84,12.2,12.62,4.48,19.48,13.5,19.92,12.03,1.65,20.34,14.8,22.79,16.94,9.57,19.85,20.76,13.8,10.16,15.99,2.89,10.66,20.66,5.97,22.34,12.39,21.44,11.75,22.24,19.55,9.6,17.09,2.95,14.35,15.11,22.42,15.58,21.55,20.93,2.77,15.5,18.06,23.27,19.6,10.34,15.56,16.54,15.12,23.56,17.22,15.84,16.96,11.13,23.21,8.87,21.25,16.99,23.28,8.68,18.24,15.96,7.78,20.71,23.77,20.4,22.01,18.81,7.93,17.12,13.33,7.78,16.55,17.2,15.7,15.41,19.11,9.13,18.19,19.01,8.41,9.04,18.45,17.66,4.87,21.37,9.06,11.13,13.01,11.99,19.77,8.74,20.93,3.52,21.67,17.49,16.35,15.42,7.12,20.51,14.62,15.86,18.09,5.95,7.97,7.39,10.38,16.34,2.92,20.49,9.47,7.14,7.36,7.38,8.42,23.54,20.6,19.39,18.86,20.79,14.06,17.32,15.21,17.18,16.41,15.01,12.26,26.27,23.12,18.76,22.77,21.46,13.92,24.21,19.2,21.18,21.66,25.43,17.61,13.29,17.79,24.13,17.95,27.31,20.28,23.38,13.75,20.09,24.53,22.23,21.88,23.35,20.49,21.95,18.79,24.42,19.5,18.63,21.82,23.84,21.5,17.07,20.4,18.35,21.85,14.03,16.64,14.66,17.38,17.86,15.65,13.09,20.46,17.53,18.63,17.75,24.5,15.69,22.89,15.49,15.81,15.99,15.13,19.97,16.92,17.06,17.11,10.62,14.48,15.34,14.19,13.18,19.17,16.78,14.37,22.32,14.5,16.82,20.76,19.39,9.29,5.08,8.04,31.26,5.16,5.57,8.73,5.59,6.75,16.44,12.38,8.4,9.65,9.6,8.24,9.96,10.16,11.61,5.54,7.47,10.01,10.42,9.85,8.71,6.95,8.16,8.53,6.62,4.66,13.74,4.69,10.22,10.14,7.9,8.18,5.53,11.23,10.6,12.97,12.15,17.26,20.25,11.17,11.77,18.17,14.14,17.32,15.25,19.42,14.86,20.41,16.01,14.3,17.16,19.29,17.67,18.42,11.92,14.76,16.02,19.11,9.96,10.71,9.78,11.38,23.1,9.64,8.68,10.91,6.58,8.36,11.23,8.81,19.74,21.85,18.14,15.59,12.78,14.25,1.05,6.73,10.09,12.76,8.22,7.48,1.44,5.54,5.47,15.44,15.78,10.72,1.42,1.23,8.78,3.97,4.1,14.04,10.21,14.48,10.33,8.95,12.5,9.11,3.86,8.09,13.85,4.98,11.74,0.0,9.26,17.18,15.77,19.6,16.82,6.17,12.77,4.6,18.08,19.34,5.37,13.19,2.88,11.46,4.43,13.32,4.42,6.56,18.28,13.52,16.38,15.82,15.88,23.41
28.47,12.3,8.52,13.06,18.11,24.48,18.83,18.6,13.74,25.46,19.48,26.56,21.29,10.91,26.32,20.79,32.05,23.58,18.07,25.83,26.74,19.78,16.8,21.97,6.37,16.58,27.29,15.23,31.6,12.39,27.42,10.82,28.22,25.53,15.53,23.07,12.21,20.33,21.09,29.06,21.56,27.53,26.91,8.15,21.48,24.04,29.91,25.58,16.27,22.2,22.52,21.1,32.82,23.2,22.47,22.94,17.77,29.19,14.79,27.23,26.25,29.27,14.35,24.22,25.22,13.76,27.35,29.75,27.04,27.99,24.79,13.85,23.75,19.97,13.76,22.53,26.46,21.68,21.39,25.09,15.05,24.83,25.65,14.39,14.96,24.43,24.3,10.85,28.0,15.04,17.11,19.65,17.97,26.4,14.72,26.91,12.78,30.93,26.75,22.33,22.05,15.62,27.14,21.26,22.49,24.72,11.93,13.95,13.37,16.17,25.6,12.17,26.47,16.11,13.12,14.15,13.36,14.4,32.8,29.86,28.64,28.12,30.05,23.32,26.58,24.47,26.44,25.67,24.27,21.52,35.53,32.38,28.02,32.03,30.72,23.18,33.46,28.46,30.44,30.92,34.69,26.87,22.55,27.05,33.39,27.2,36.57,29.54,32.64,23.01,29.35,31.16,28.86,28.51,29.99,27.13,28.58,25.43,30.4,29.3,29.22,31.97,29.82,31.66,23.71,26.38,28.65,31.11,23.29,25.9,23.92,26.64,27.12,24.91,22.35,29.72,26.79,27.89,27.01,33.76,24.95,32.15,24.75,25.07,25.24,24.39,29.23,26.18,26.32,26.37,19.88,23.74,24.6,23.44,22.44,28.43,26.04,23.63,31.58,23.76,26.08,30.01,28.65,17.79,14.34,17.3,40.52,14.49,11.98,17.99,14.84,16.01,23.08,21.64,17.66,18.91,18.86,17.5,18.46,19.42,20.87,14.8,15.97,19.27,19.68,19.11,17.97,16.21,17.42,17.79,15.88,13.92,23.0,13.95,19.48,19.4,17.16,17.44,14.03,17.16,16.52,9.83,18.07,23.24,26.23,17.8,17.76,24.15,20.12,23.3,21.24,25.4,20.84,26.39,21.99,20.28,26.42,25.27,23.65,24.4,17.9,20.74,22.0,25.1,15.94,16.29,15.76,17.31,29.08,15.62,14.61,16.89,12.5,14.28,17.15,14.73,25.72,27.83,24.12,21.57,11.07,12.54,8.21,2.53,7.17,11.06,5.29,4.55,10.7,14.8,3.99,7.58,13.32,8.64,10.68,10.22,10.76,13.23,13.36,12.33,11.08,6.62,7.41,1.09,10.79,9.79,5.4,5.17,12.14,14.24,10.03,9.26,0.0,14.57,13.08,25.58,10.57,10.67,18.69,6.44,11.83,13.1,11.29,9.99,7.39,8.3,10.35,13.33,8.92,12.48,11.71,13.53,9.82,9.57,9.63,21.11
29.28,10.53,17.01,21.54,18.92,33.1,27.45,28.48,14.54,35.34,27.72,35.18,22.1,16.72,36.2,33.58,32.85,32.2,20.11,35.71,36.62,29.66,25.42,34.77,14.61,24.82,35.92,16.03,32.4,26.55,37.3,19.3,36.46,37.8,23.76,37.49,15.53,30.21,30.97,37.68,31.44,37.41,35.15,14.33,31.36,36.31,38.53,33.82,24.51,30.82,32.4,33.38,33.63,33.08,31.1,32.82,26.39,39.07,23.03,35.47,27.05,39.14,21.34,34.1,26.02,22.0,35.97,36.32,35.66,37.87,37.06,22.09,32.38,28.59,22.0,34.81,27.26,31.56,31.27,34.97,23.29,33.45,34.27,22.63,23.2,34.31,32.92,19.09,36.62,23.28,27.75,28.27,28.61,35.03,22.95,39.18,13.61,31.74,27.55,32.21,30.68,19.78,35.76,29.88,31.12,33.34,20.17,21.55,21.6,23.04,26.4,15.02,38.74,22.13,21.36,20.02,21.6,21.87,33.6,30.66,29.45,28.92,30.85,24.12,27.38,25.27,27.24,26.48,25.07,22.32,36.33,33.19,28.83,32.83,31.53,23.98,34.27,29.26,31.24,31.72,35.49,27.67,23.36,27.85,34.19,28.01,37.38,30.35,33.44,23.81,30.15,39.78,37.48,37.13,38.61,35.75,37.21,34.05,36.74,34.76,33.89,37.08,39.7,36.76,32.33,36.26,33.61,29.62,24.1,26.7,24.72,27.44,27.92,25.72,23.15,30.52,27.59,28.69,27.81,28.55,25.75,32.95,25.55,25.87,26.05,25.19,30.04,26.98,27.12,27.18,20.69,24.54,25.4,24.25,23.24,29.23,26.84,24.44,32.39,24.56,26.88,30.82,29.45,19.84,15.14,18.1,41.33,12.71,13.8,18.79,15.65,16.81,29.1,22.44,18.46,19.71,19.66,18.3,20.51,20.23,21.67,15.6,18.02,20.07,20.49,19.92,18.78,17.02,18.22,18.59,16.68,17.21,23.8,14.76,20.29,20.2,17.96,18.24,19.08,25.4,24.76,18.32,26.31,33.12,36.11,26.02,27.63,34.03,30.0,33.18,31.11,35.28,30.72,36.27,31.87,30.16,25.69,35.15,33.53,34.28,26.14,33.01,34.27,33.33,24.18,24.52,24.0,25.54,37.32,23.86,22.85,25.13,20.74,22.52,25.39,22.97,37.99,36.07,36.4,34.49,4.34,2.87,16.44,12.05,7.4,6.2,10.14,11.01,17.35,19.14,12.23,20.75,2.6,7.23,17.33,18.41,8.98,17.57,17.7,4.08,9.3,19.79,8.17,14.27,5.93,8.01,13.63,11.34,7.28,18.59,5.88,17.18,14.57,0.0,1.49,33.82,19.06,18.91,26.93,14.68,20.32,21.58,19.53,18.47,15.63,16.78,18.59,27.49,17.16,20.72,20.2,27.68,18.3,18.06,18.11,29.39
27.87,9.12,15.51,20.05,17.51,31.7,26.05,27.08,13.14,33.94,26.22,33.78,20.69,15.32,34.8,32.18,31.45,30.8,18.71,34.31,35.22,28.26,24.02,33.37,13.11,23.33,34.51,14.63,31.0,25.06,35.89,17.81,34.96,36.4,22.27,36.09,14.13,28.8,29.56,36.28,30.04,36.0,33.65,12.93,29.95,34.91,37.13,32.32,23.01,29.42,31.0,31.98,32.22,31.68,29.7,31.41,24.99,37.67,21.54,33.98,25.65,37.74,19.94,32.69,24.62,20.51,34.57,34.91,34.26,36.47,35.66,20.59,30.97,27.19,20.5,33.41,25.86,30.16,29.87,33.57,21.79,32.05,32.87,21.14,21.71,32.91,31.52,17.6,35.22,21.79,26.35,26.87,27.21,33.63,21.46,37.78,12.21,30.33,26.15,30.8,29.27,18.38,34.36,28.48,29.71,31.94,18.68,20.14,20.11,21.64,25.0,13.62,37.34,20.73,19.87,18.62,20.11,20.46,32.2,29.26,28.05,27.52,29.45,22.72,25.98,23.87,25.84,25.08,23.67,20.92,34.93,31.78,27.42,31.43,30.12,22.58,32.87,27.86,29.84,30.32,34.09,26.27,21.95,26.45,32.79,26.61,35.97,28.95,32.04,22.41,28.75,38.38,36.08,35.73,37.21,34.35,35.8,32.65,35.33,33.36,32.49,35.67,38.3,35.36,30.93,34.85,32.21,28.56,22.69,25.3,23.32,26.04,26.52,24.31,21.75,29.12,26.19,27.29,26.41,27.5,24.35,31.55,24.15,24.47,24.65,23.79,28.64,25.58,25.72,25.77,19.29,23.14,24.0,22.85,21.84,27.83,25.44,23.03,30.99,23.16,25.48,29.42,28.05,18.43,13.74,16.7,39.92,11.31,12.4,17.39,14.25,15.41,27.7,21.04,17.06,18.31,18.26,16.9,19.1,18.82,20.27,14.2,16.61,18.67,19.09,18.51,17.37,15.61,16.82,17.19,15.28,15.8,22.4,13.35,18.88,18.8,16.56,16.84,17.68,23.9,23.26,16.82,24.82,31.72,34.71,24.61,26.23,32.63,28.6,31.78,29.71,33.88,29.32,34.86,30.47,28.76,25.82,33.74,32.13,32.88,24.65,31.61,32.87,31.84,22.69,23.03,22.5,24.05,35.82,22.37,21.35,23.64,19.25,21.02,23.89,21.47,36.59,34.58,34.99,28.32,2.94,1.47,14.95,10.55,5.91,4.79,8.65,9.51,15.95,17.74,10.74,19.26,1.42,5.83,15.93,17.0,7.58,16.17,16.3,2.67,7.9,18.3,6.77,12.77,4.53,6.61,12.14,9.84,5.88,17.18,4.48,15.77,13.08,1.49,0.0,32.33,17.56,17.42,25.43,13.19,18.82,20.08,18.03,16.98,14.13,15.28,17.09,25.99,15.67,19.23,18.7,26.19,16.81,16.56,16.62,28.34
38.72,29.58,15.78,21.18,28.36,24.3,18.66,13.65,24.09,18.47,10.47,23.71,31.54,21.25,19.75,9.53,39.28,23.4,23.41,19.26,20.17,12.91,16.63,9.81,19.21,12.53,24.44,23.9,38.83,14.26,20.84,13.62,3.73,5.51,11.47,9.08,22.55,13.76,14.51,28.88,14.99,20.53,2.42,19.97,18.07,7.91,29.73,1.09,9.02,22.02,15.95,8.75,40.05,16.63,22.3,16.36,17.59,22.62,10.74,2.75,33.7,22.27,16.73,17.65,32.67,16.14,27.17,22.75,26.87,21.42,7.18,11.68,23.58,19.79,12.31,8.08,33.91,15.11,14.82,18.52,9.87,24.65,25.48,13.04,9.78,17.86,24.13,15.2,27.83,12.67,13.71,19.47,14.57,24.0,13.36,4.8,26.75,38.16,34.2,15.76,21.88,19.68,24.44,21.09,22.32,24.55,14.31,16.33,14.35,15.53,33.05,22.52,6.45,17.38,15.5,18.44,13.12,14.94,40.02,37.09,36.1,35.57,37.28,30.77,34.03,31.92,33.89,33.12,31.72,28.97,42.76,39.61,39.25,39.26,42.01,30.63,40.69,35.91,37.67,38.15,41.92,37.11,30.0,39.87,40.62,37.45,43.8,41.78,39.87,30.46,36.58,30.99,25.85,28.34,29.81,26.95,28.41,25.25,23.83,22.31,22.23,24.98,23.25,24.67,23.54,19.38,21.66,41.36,33.54,36.14,34.16,36.88,37.36,35.16,32.59,39.96,37.03,38.13,37.25,44.0,35.19,42.39,34.99,35.31,35.49,34.63,39.48,36.42,36.56,36.62,30.13,33.98,34.84,33.69,32.68,38.67,36.28,33.88,41.83,34.0,36.32,40.26,38.89,23.13,25.8,24.75,47.75,28.03,23.8,25.89,23.17,24.86,22.38,31.88,25.11,26.36,26.09,27.74,23.8,29.67,28.4,25.04,21.31,26.81,27.13,29.36,25.88,26.46,27.66,27.54,26.12,22.03,33.24,26.17,26.93,29.64,27.29,26.49,20.27,13.11,12.47,14.85,14.02,16.67,19.24,17.63,14.35,17.16,16.72,16.31,11.02,18.83,17.44,19.82,16.33,16.88,36.66,18.7,17.08,17.83,11.96,9.93,11.19,3.13,12.13,10.54,14.1,7.6,10.56,10.94,15.52,12.97,11.49,12.13,10.47,13.08,9.59,3.34,10.24,11.92,30.32,31.79,20.03,23.06,26.42,30.3,24.54,23.8,21.04,22.88,21.79,31.76,32.56,27.89,21.02,19.21,31.65,24.7,23.96,31.58,33.08,30.8,26.66,25.28,30.04,31.98,20.19,24.42,31.39,22.29,29.28,19.6,25.58,33.82,32.33,0.0,18.63,19.18,14.57,20.21,19.89,20.21,12.91,15.0,17.48,17.61,15.68,15.13,16.78,12.93,20.08,15.33,18.19,17.63,17.69,18.93
36.03,16.79,2.92,2.48,25.67,27.89,22.25,18.78,21.3,25.64,20.58,30.89,28.85,18.47,26.5,21.89,39.3,26.99,21.27,26.02,26.93,19.96,20.21,23.07,16.37,6.69,31.62,23.14,38.85,6.79,27.6,5.22,21.97,23.75,7.36,27.79,19.77,20.51,21.27,32.47,21.75,27.71,20.67,17.14,21.66,26.62,33.32,19.34,11.08,25.61,22.71,23.68,40.08,23.38,25.89,23.12,21.18,29.37,8.45,20.99,33.5,29.45,17.55,24.4,32.47,16.96,30.76,29.93,30.45,28.17,25.43,9.02,27.17,23.38,14.77,25.11,33.71,21.86,21.58,25.28,9.86,28.24,29.06,15.5,9.77,24.62,27.71,14.05,31.42,13.68,17.3,23.06,18.16,29.82,13.08,23.05,20.34,38.19,34.0,22.51,25.47,18.82,30.56,24.67,25.91,28.14,15.13,17.15,13.86,19.12,32.85,19.74,24.69,20.97,16.32,17.35,15.21,16.24,40.05,37.11,35.9,35.37,37.3,30.57,33.83,31.72,33.69,32.93,31.52,28.77,42.78,39.64,39.28,39.28,42.03,30.43,40.72,35.71,37.69,38.17,41.94,34.43,29.81,34.61,40.64,34.77,43.83,37.11,39.89,30.26,36.6,34.58,33.02,31.93,33.4,30.54,32.0,28.84,30.59,29.49,29.4,32.16,30.01,31.84,27.12,26.56,28.84,38.67,30.85,33.46,31.48,34.2,34.68,32.47,29.91,37.28,34.35,35.45,34.57,41.32,32.51,39.71,32.31,32.63,32.81,31.95,36.8,33.74,33.88,33.93,27.44,31.3,32.16,31.01,30.0,35.99,33.6,31.19,39.15,31.32,33.64,37.58,36.21,20.99,21.9,24.55,47.78,21.98,20.96,23.97,21.03,21.53,25.96,29.2,24.92,26.16,26.11,25.06,21.66,26.98,28.21,22.36,19.17,26.61,26.94,26.67,25.23,23.77,24.98,25.35,23.44,19.89,30.56,21.51,26.74,26.96,24.72,25.0,17.23,7.23,8.35,4.23,8.14,23.43,26.41,21.22,17.94,24.34,20.31,23.49,21.42,25.58,21.02,26.57,22.17,20.47,33.98,25.45,23.84,24.59,19.01,23.32,24.58,18.85,12.68,11.09,16.86,12.11,21.88,11.49,13.22,18.0,10.33,9.47,11.96,10.43,28.3,21.59,26.7,22.68,15.55,17.02,17.19,8.05,11.65,15.54,9.78,9.04,18.26,20.74,8.48,15.91,17.8,13.12,18.24,16.43,15.24,20.79,17.36,16.81,15.56,17.13,11.89,10.27,15.28,14.27,9.88,9.65,16.63,20.15,14.51,16.82,10.57,19.06,17.56,18.63,0.0,17.06,8.76,10.93,1.26,2.52,11.84,4.39,15.36,3.95,12.84,7.73,14.66,10.19,6.43,7.93,4.53,1.56,2.63,6.59
25.38,9.54,14.14,19.54,15.02,18.79,13.14,12.91,10.65,19.77,13.79,20.87,18.2,7.82,20.63,15.1,28.96,17.89,12.38,20.14,21.05,14.09,11.11,16.28,4.31,10.89,21.61,12.14,28.51,12.63,21.73,11.98,22.53,19.84,9.84,17.38,9.12,14.64,15.4,23.37,15.87,21.84,21.22,5.07,15.79,18.35,24.22,19.89,10.58,16.51,16.84,15.42,29.73,17.51,16.79,17.25,12.08,23.5,9.11,21.55,23.16,23.58,8.66,18.53,22.13,8.07,21.66,24.06,21.35,22.3,19.1,8.16,18.06,14.28,8.07,16.85,23.37,15.99,15.71,19.4,9.36,19.14,19.96,8.7,9.28,18.75,18.61,5.16,22.31,9.36,11.42,13.96,12.28,20.72,9.03,21.22,9.69,27.84,23.66,16.64,16.36,9.93,21.45,15.57,16.8,19.03,6.24,8.26,7.68,10.48,22.51,9.09,20.78,10.42,7.44,8.46,7.68,8.71,29.71,26.77,25.55,25.03,26.96,20.23,23.49,21.38,23.35,22.58,21.18,18.43,32.44,29.29,24.93,28.94,27.63,20.09,30.38,25.37,27.35,27.83,31.6,23.78,19.46,23.96,30.3,24.12,33.48,26.45,29.55,19.92,26.26,25.47,23.17,22.82,24.3,21.44,22.89,19.74,24.72,23.62,23.53,26.28,24.13,25.97,18.02,20.69,22.97,28.02,20.2,22.81,20.83,23.55,24.03,21.82,19.26,26.63,23.7,24.8,23.92,30.67,21.86,29.06,21.66,21.98,22.16,21.3,26.14,23.09,23.23,23.28,16.79,20.65,21.51,20.36,19.35,25.34,22.95,20.54,28.5,20.67,22.99,26.93,25.56,12.1,11.25,14.21,37.43,10.74,8.89,15.08,12.14,12.64,17.39,18.55,14.57,15.82,15.77,14.41,12.77,16.33,17.78,11.71,10.28,16.18,16.59,16.02,14.88,13.12,14.33,14.7,12.79,11.0,19.91,10.86,16.39,16.31,14.07,14.35,8.34,11.47,10.83,13.21,12.38,17.55,20.54,12.11,12.07,18.46,14.43,17.62,15.55,19.71,15.15,20.7,16.3,14.6,23.33,19.58,17.96,18.71,12.21,15.05,16.31,19.41,10.25,10.6,10.07,11.62,23.39,9.94,8.92,11.2,6.81,8.59,11.46,9.04,20.03,22.14,18.43,15.88,15.41,16.88,5.12,8.15,11.51,15.39,9.63,8.89,7.61,11.71,6.88,16.85,17.66,12.98,7.59,7.13,11.06,10.14,10.27,16.67,12.49,15.89,11.75,10.37,15.13,11.39,5.28,9.51,16.48,11.15,14.37,6.17,10.67,18.91,17.42,19.18,17.06,0.0,13.0,6.01,18.31,19.58,5.6,13.43,3.29,16.04,4.66,13.56,3.23,6.8,18.51,13.76,16.62,16.05,16.11,23.65
31.98,17.55,5.84,11.24,21.62,23.84,18.19,14.73,17.24,21.59,16.53,26.83,24.8,14.41,22.45,17.83,35.25,22.94,17.21,21.96,22.87,15.91,16.16,19.02,12.32,2.63,27.57,19.09,34.8,4.33,23.55,3.68,17.92,19.7,3.3,23.74,15.72,16.46,17.22,28.42,17.69,23.66,16.61,13.08,17.61,22.57,29.27,15.28,7.02,21.56,18.65,19.63,36.02,19.33,21.84,19.07,17.13,25.32,4.4,16.94,29.45,25.4,13.49,20.35,28.42,12.91,26.71,25.88,26.4,24.12,21.38,4.97,23.11,19.33,10.72,21.06,29.66,17.81,17.52,21.22,5.8,24.19,25.01,11.44,5.72,20.56,23.66,10.0,27.36,9.63,13.24,19.01,14.1,25.77,9.03,18.99,16.28,34.13,29.95,18.46,21.41,14.77,26.5,20.62,21.85,24.08,11.08,13.09,9.8,15.07,28.8,15.68,20.64,16.92,12.27,13.3,11.15,12.19,36.0,33.06,31.84,31.32,33.25,26.52,29.78,27.67,29.64,28.87,27.47,24.72,38.73,35.58,35.22,35.23,37.98,26.38,36.66,31.66,33.64,34.12,37.89,30.37,25.75,30.55,36.59,30.71,39.77,33.05,35.84,26.21,32.55,30.52,28.97,27.87,29.35,26.49,27.94,24.79,26.53,25.43,25.35,28.1,25.95,27.79,23.07,22.51,24.78,34.62,26.8,29.4,27.42,30.15,30.62,28.42,25.86,33.23,30.29,31.39,30.52,37.27,28.46,35.66,28.26,28.58,28.75,27.9,32.74,29.68,29.82,29.88,23.39,27.24,28.1,26.95,25.95,31.93,29.55,27.14,35.09,27.27,29.59,33.52,32.16,16.94,17.85,20.5,43.72,17.93,16.91,19.92,16.97,17.48,21.91,25.14,20.86,22.11,22.06,21.0,17.61,22.93,24.15,18.3,15.12,22.56,22.88,22.62,21.17,19.72,20.93,21.29,19.39,15.84,26.5,17.46,22.68,22.9,20.66,20.95,13.18,1.85,4.29,4.91,3.06,19.37,22.36,17.16,13.89,20.28,16.25,19.43,17.37,21.53,16.97,22.52,18.12,16.41,29.93,21.4,19.78,20.53,14.95,19.26,20.52,14.8,8.63,7.04,12.81,8.06,17.83,7.44,9.17,13.94,6.28,5.42,7.9,3.98,24.24,17.53,22.65,18.62,23.42,24.89,13.13,16.16,19.52,23.41,17.65,16.91,14.21,16.68,14.9,24.87,25.67,20.99,14.19,12.38,19.08,16.73,13.3,24.69,20.5,23.91,19.76,18.38,23.15,19.41,13.29,17.52,24.5,16.1,22.38,12.77,18.69,26.93,25.43,14.57,8.76,13.0,0.0,14.03,10.02,11.28,7.78,5.14,11.31,7.74,8.79,5.27,10.6,6.14,10.22,5.47,8.33,7.76,7.82,15.35
23.81,7.97,8.88,13.41,13.45,19.82,14.17,13.94,9.08,20.8,14.82,21.9,16.63,6.25,21.66,16.13,27.39,18.92,13.41,21.17,22.08,15.12,12.14,17.31,1.71,11.92,22.63,10.57,26.94,13.65,22.76,13.01,23.56,20.87,10.87,18.41,7.55,15.67,16.43,24.4,16.9,22.87,22.25,3.5,16.82,19.38,25.25,20.92,11.61,17.54,17.86,16.45,28.16,18.54,17.82,18.28,13.11,24.53,10.13,22.57,21.59,24.61,9.69,19.56,20.56,9.1,22.69,25.09,22.38,23.33,20.13,9.19,19.09,15.31,9.1,17.87,21.8,17.02,16.73,20.43,10.39,20.17,20.99,9.73,10.3,19.77,19.64,6.19,23.34,10.38,12.45,14.99,13.31,21.75,10.06,22.25,8.12,26.27,22.09,17.67,17.39,10.96,22.48,16.6,17.83,20.06,7.27,9.29,8.71,11.51,20.94,7.51,21.81,11.45,8.46,9.49,8.71,9.74,28.14,25.2,23.98,23.46,25.39,18.66,21.92,19.81,21.78,21.01,19.61,16.86,30.87,27.72,23.36,27.37,26.06,18.52,28.81,23.8,25.78,26.26,30.03,22.21,17.89,22.39,28.73,22.55,31.91,24.88,27.98,18.35,24.69,26.5,24.2,23.85,25.33,22.47,23.92,20.77,25.74,24.65,24.56,27.31,25.16,27.0,19.05,21.72,23.99,26.45,18.63,21.24,19.26,21.98,22.46,20.25,17.69,25.06,22.13,23.23,22.35,29.1,20.29,27.49,20.09,20.41,20.58,19.73,24.57,21.52,21.66,21.71,15.22,19.08,19.94,18.79,17.78,23.77,21.38,18.97,26.92,19.1,21.42,25.36,23.99,13.13,9.68,12.64,35.86,9.17,7.32,13.33,10.19,11.35,18.42,16.98,13.0,14.25,14.2,12.84,13.8,14.76,16.21,10.14,11.31,14.61,15.02,14.45,13.31,11.55,12.76,13.13,11.22,9.26,18.34,9.29,14.82,14.74,12.5,12.78,9.37,12.5,11.86,14.24,13.41,18.58,21.57,13.14,13.1,19.49,15.46,18.64,16.58,20.74,16.18,21.73,17.33,15.63,21.76,20.61,18.99,19.74,13.24,16.08,17.34,20.44,11.28,11.63,11.1,12.65,24.42,10.96,9.95,12.23,7.84,9.62,12.49,10.07,21.06,23.17,19.46,16.91,11.18,12.65,3.55,3.92,7.28,11.16,5.4,4.66,6.04,10.14,2.65,12.62,13.43,8.75,6.02,5.56,10.87,8.57,8.7,12.44,11.19,11.66,7.52,6.14,10.9,9.89,1.05,5.28,12.25,9.58,10.14,4.6,6.44,14.68,13.19,20.21,10.93,6.01,14.03,0.0,12.19,13.45,6.63,14.46,2.73,8.65,5.69,14.59,4.26,7.82,12.07,14.79,10.17,9.93,9.98,17.52
37.29,18.04,4.18,1.75,26.93,29.15,23.5,20.04,22.56,26.9,21.84,32.15,30.11,19.73,27.76,23.15,40.56,28.25,22.53,27.27,28.19,21.22,21.47,24.33,17.63,7.94,32.88,24.4,40.11,8.05,28.86,6.48,23.23,25.01,8.62,29.05,21.03,21.77,22.53,33.73,23.0,28.97,21.93,18.39,22.92,27.88,34.58,20.59,12.33,26.87,23.97,24.94,41.33,24.64,27.15,24.38,22.44,30.63,9.71,22.25,34.76,30.71,18.81,25.66,33.73,18.22,32.02,31.19,31.71,29.43,26.69,10.28,28.43,24.64,16.03,26.37,34.97,23.12,22.84,26.54,11.12,29.5,30.32,16.75,11.03,25.88,28.97,15.31,32.67,14.94,18.56,24.32,19.41,31.08,14.34,24.3,21.6,39.44,35.26,23.77,26.73,20.08,31.82,25.93,27.17,29.4,16.39,18.41,15.11,20.38,34.11,20.99,25.95,22.23,17.58,18.61,16.47,17.5,41.31,38.37,37.16,36.63,38.56,31.83,35.09,32.98,34.95,34.19,32.78,30.03,44.04,40.89,40.54,40.54,43.29,31.69,41.98,36.97,38.95,39.43,43.2,35.69,31.06,35.86,41.9,36.02,45.08,38.36,41.15,31.52,37.86,35.83,34.28,33.18,34.66,31.8,33.26,30.1,31.85,30.75,30.66,33.42,31.26,33.1,28.38,27.82,30.1,39.93,32.11,34.72,32.74,35.46,35.94,33.73,31.17,38.54,35.61,36.71,35.83,42.58,33.77,40.97,33.57,33.89,34.06,33.21,38.05,35.0,35.14,35.19,28.7,32.56,33.42,32.26,31.26,37.24,34.86,32.45,40.4,32.58,34.9,38.83,37.47,22.25,23.16,25.81,49.04,23.24,22.22,25.23,22.29,22.79,27.22,30.46,26.17,27.42,27.37,26.32,22.92,28.24,29.47,23.62,20.43,27.87,28.2,27.93,26.49,25.03,26.24,26.61,24.7,21.15,31.82,22.77,28.0,28.22,25.98,26.26,18.49,8.48,9.61,5.49,9.4,24.69,27.67,22.47,19.2,25.6,21.57,24.75,22.68,26.84,22.28,27.83,23.43,21.73,35.24,26.71,25.09,25.85,20.27,24.58,25.84,20.11,13.94,12.35,18.12,13.37,23.14,12.75,14.48,19.25,11.59,10.73,13.22,11.69,29.56,22.85,27.96,23.93,16.81,18.28,18.45,9.3,12.91,16.8,11.03,10.3,19.52,22.0,9.73,15.18,19.06,14.38,19.5,17.69,16.5,22.05,18.61,18.07,16.82,16.39,13.15,11.52,16.54,15.53,11.14,10.91,17.89,21.41,15.77,18.08,11.83,20.32,18.82,19.89,1.26,18.31,10.02,12.19,0.0,1.78,13.1,5.65,16.62,5.21,14.1,8.99,15.92,11.45,5.3,9.19,5.79,2.82,3.89,5.85
38.55,19.31,5.44,1.6,28.2,30.41,24.77,21.3,23.82,28.17,23.11,33.41,31.37,20.99,29.03,24.41,41.83,29.51,23.79,28.54,29.45,22.48,22.74,25.59,18.9,9.21,34.14,25.66,41.38,9.31,30.12,7.74,23.56,25.34,9.88,28.91,22.29,23.03,23.79,34.99,24.27,30.23,22.25,19.66,24.18,27.74,35.84,20.92,13.6,28.13,25.23,26.21,42.6,25.9,28.41,25.64,23.7,31.9,10.97,22.58,36.02,31.97,20.07,26.92,34.99,19.48,33.28,32.45,32.97,30.69,27.01,11.54,29.69,25.9,17.29,27.63,36.23,24.38,24.1,27.8,12.38,30.76,31.59,18.02,12.29,27.14,30.24,16.57,33.94,16.2,19.82,25.58,20.68,32.34,15.6,24.63,22.86,40.71,36.52,25.03,27.99,21.35,33.08,27.19,28.43,30.66,17.65,19.67,16.38,21.64,35.37,22.26,26.28,23.49,18.85,19.87,17.73,18.76,42.57,39.63,38.42,37.89,39.82,33.1,36.35,34.24,36.21,35.45,34.04,31.29,45.3,42.16,41.8,41.8,44.56,32.96,43.24,38.23,40.21,40.69,44.46,36.95,32.33,37.13,43.16,37.29,46.35,39.63,42.42,32.78,39.12,37.1,35.55,34.45,35.92,33.06,34.52,31.36,33.11,32.01,31.93,34.68,32.53,34.36,29.64,29.08,31.36,41.19,33.37,35.98,34.0,36.72,37.2,34.99,32.43,39.8,36.87,37.97,37.09,43.84,35.03,42.23,34.83,35.15,35.33,34.47,39.32,36.26,36.4,36.46,29.97,33.82,34.68,33.53,32.52,38.51,36.12,33.72,41.67,33.84,36.16,40.1,38.73,23.51,24.42,27.08,50.3,24.51,23.48,26.49,23.55,24.05,28.49,31.72,27.44,28.68,28.63,27.58,24.18,29.5,30.73,24.88,21.69,29.13,29.46,29.19,27.75,26.29,27.5,27.87,25.96,22.42,33.08,24.03,29.26,29.48,27.24,27.52,19.76,9.75,10.87,6.75,10.66,25.95,28.94,23.74,20.46,26.86,22.83,26.01,23.94,28.1,23.55,29.09,24.69,22.99,36.5,27.97,26.36,27.11,21.53,25.84,27.1,20.44,15.21,13.61,19.39,14.64,23.47,14.02,15.74,20.52,12.86,12.0,14.48,12.95,29.42,23.17,29.22,25.2,18.08,19.54,19.71,10.57,14.17,18.06,12.3,11.56,20.78,23.26,11.0,13.39,20.32,15.64,20.76,18.95,17.76,23.31,19.88,19.34,18.09,14.61,14.41,12.79,17.8,16.79,12.4,12.17,19.15,22.67,17.03,19.34,13.1,21.58,20.08,20.21,2.52,19.58,11.28,13.45,1.78,0.0,14.36,6.91,17.88,6.47,15.36,10.25,17.18,12.71,3.51,10.45,7.06,4.08,5.15,4.09
24.58,10.15,8.92,14.32,14.22,16.22,10.58,10.09,9.84,16.95,11.23,18.31,17.4,7.01,17.81,12.53,27.85,15.32,9.81,17.32,18.23,11.27,8.55,13.72,4.92,5.67,19.04,11.69,27.4,7.4,18.91,6.76,16.26,17.28,4.62,14.81,8.32,11.82,12.58,20.81,13.05,19.02,14.95,5.68,12.97,15.79,21.65,13.62,5.36,13.94,14.01,12.85,28.62,14.69,14.22,14.43,9.51,20.68,3.88,15.27,22.05,20.76,6.09,15.71,21.02,5.51,19.09,21.24,18.79,19.48,16.54,2.94,15.5,11.71,5.51,14.28,22.26,13.17,12.88,16.58,4.14,16.57,17.4,6.14,4.05,15.92,16.05,2.6,19.75,5.44,8.6,11.39,9.46,18.15,4.91,17.33,8.88,26.73,22.55,13.82,13.8,7.37,18.89,13.01,14.24,16.47,3.68,5.69,4.33,7.92,21.4,8.28,18.21,7.85,4.87,5.9,5.11,6.15,28.6,25.66,24.44,23.92,25.85,19.12,22.38,20.27,22.24,21.47,20.07,17.32,31.33,28.18,27.82,27.83,30.58,18.98,29.27,24.26,26.24,26.72,30.49,22.97,18.35,23.15,29.19,23.31,32.37,25.65,28.44,18.81,25.15,22.91,24.33,20.26,21.73,18.88,20.33,17.18,21.89,20.79,20.71,23.46,21.31,23.15,15.46,17.87,20.14,27.22,19.4,22.0,20.03,22.75,23.22,21.02,18.46,25.83,22.89,24.0,23.12,29.87,21.06,28.26,20.86,21.18,21.35,20.5,25.34,22.29,22.42,22.48,15.99,19.84,20.7,19.55,18.55,24.53,22.15,19.74,27.69,19.87,22.19,26.12,24.76,9.54,10.45,13.1,36.32,10.53,9.51,12.52,9.58,10.08,14.82,17.74,13.46,14.71,14.66,13.61,10.21,15.53,16.75,10.9,7.72,15.16,15.48,15.22,13.77,12.32,13.53,13.9,11.99,8.44,19.1,10.06,15.28,15.51,13.26,13.55,5.78,6.25,5.61,7.99,7.16,14.73,17.72,9.55,9.25,15.64,11.61,14.79,12.73,16.89,12.33,17.88,13.48,11.77,22.53,16.76,15.14,15.89,9.65,12.49,13.75,13.13,6.14,5.38,7.51,6.4,16.16,5.82,3.7,8.64,1.59,3.37,6.24,3.82,17.47,15.87,15.87,13.32,16.02,17.49,5.73,8.76,12.12,16.01,10.25,9.51,6.81,9.28,7.5,17.47,18.27,13.59,6.79,4.98,11.68,9.33,5.9,17.29,13.1,16.51,12.36,10.98,15.75,12.01,5.89,10.12,17.1,8.7,14.98,5.37,11.29,19.53,18.03,12.91,11.84,5.6,7.78,6.63,13.1,14.36,0.0,8.21,3.9,10.82,1.38,8.34,3.2,1.57,13.29,8.54,11.4,10.83,10.89,18.42
32.41,17.98,1.47,6.87,22.05,24.27,18.62,15.16,17.67,22.02,16.96,27.26,25.23,14.84,22.88,18.26,35.68,23.37,17.64,22.39,23.3,16.34,16.59,19.45,12.75,3.06,28.0,19.52,35.23,3.17,23.98,1.59,18.35,20.13,3.73,24.17,16.15,16.89,17.65,28.85,18.12,24.09,17.04,13.51,18.04,22.99,29.69,15.71,7.45,21.99,19.08,20.06,36.45,19.76,22.26,19.49,17.56,25.75,4.83,17.37,29.88,25.82,13.92,20.78,28.85,13.34,27.14,26.31,26.83,24.55,21.8,5.4,23.54,19.75,11.15,21.49,30.09,18.24,17.95,21.65,6.23,24.62,25.44,11.87,6.15,20.99,24.09,10.43,27.79,10.06,13.67,19.43,14.53,26.19,9.45,19.42,16.71,34.56,30.38,18.89,21.84,15.2,26.93,21.05,22.28,24.51,11.51,13.52,10.23,15.5,29.23,16.11,21.07,17.34,12.7,13.72,11.58,12.62,36.42,33.49,32.27,31.75,33.68,26.95,30.21,28.1,30.06,29.3,27.9,25.15,39.16,36.01,35.65,35.66,38.41,26.81,37.09,32.09,34.07,34.55,38.32,30.8,26.18,30.98,37.02,31.14,40.2,33.48,36.27,26.64,32.97,30.95,29.4,28.3,29.78,26.92,28.37,25.22,26.96,25.86,25.78,28.53,26.38,28.22,23.5,22.94,25.21,35.05,27.23,29.83,27.85,30.57,31.05,28.85,26.28,33.65,30.72,31.82,30.94,37.7,28.89,36.08,28.68,29.0,29.18,28.32,33.17,30.11,30.25,30.31,23.82,27.67,28.53,27.38,26.37,32.36,29.98,27.57,35.52,27.7,30.01,33.95,32.59,17.36,18.27,20.93,44.15,18.36,17.34,20.35,17.4,17.91,22.34,25.57,21.29,22.53,22.48,21.43,18.03,23.36,24.58,18.73,15.54,22.98,23.31,23.05,21.6,20.15,21.36,21.72,19.82,16.27,26.93,17.89,23.11,23.33,21.09,21.38,13.61,3.6,4.72,0.6,4.51,19.8,22.79,17.59,14.31,20.71,16.68,19.86,17.79,21.96,17.4,22.95,18.55,16.84,30.36,21.83,20.21,20.96,15.38,19.69,20.95,15.23,9.06,7.47,13.24,8.49,18.26,7.87,9.6,14.37,6.71,5.85,8.33,6.8,24.67,17.96,23.08,19.05,14.97,16.44,13.56,7.46,11.07,14.96,9.19,8.45,14.63,17.11,7.89,20.3,17.22,12.54,14.62,12.81,14.66,17.16,13.73,16.23,14.98,15.21,11.31,9.68,14.69,13.69,13.72,9.07,16.04,16.53,13.93,13.19,9.99,18.47,16.98,15.0,4.39,13.43,5.14,14.46,5.65,6.91,8.21,0.0,11.73,3.37,9.22,4.1,11.03,6.57,5.84,4.3,3.95,3.39,3.44,10.98
22.1,6.25,12.44,17.84,11.74,17.09,11.44,11.21,7.36,18.07,12.09,19.17,14.92,4.53,18.93,13.4,25.68,16.19,10.68,18.44,19.35,12.39,9.41,14.58,1.02,9.19,19.91,8.85,25.23,10.92,20.03,10.28,20.83,18.14,8.14,15.68,5.84,12.94,13.7,21.67,14.17,20.14,19.52,1.78,14.09,16.65,22.52,18.19,8.88,14.81,15.14,13.72,26.45,15.81,15.09,15.55,10.38,21.8,7.41,19.85,19.87,21.88,6.96,16.83,18.84,6.37,19.96,22.36,19.65,20.6,17.4,6.46,16.36,12.58,6.37,15.15,20.08,14.29,14.0,17.7,7.66,17.44,18.26,7.0,7.58,17.04,16.91,3.46,20.61,7.66,9.72,12.26,10.58,19.02,7.33,19.52,6.4,24.56,20.37,14.94,14.66,8.23,19.75,13.87,15.1,17.33,4.54,6.56,5.98,8.78,19.22,5.8,19.08,8.72,5.73,6.76,5.98,7.01,26.42,23.48,22.27,21.74,23.67,16.95,20.2,18.09,20.06,19.3,17.89,15.14,29.15,26.01,21.65,25.65,24.35,16.81,27.09,22.08,24.06,24.54,28.31,20.49,16.18,20.67,27.01,20.83,30.2,23.17,26.27,16.63,22.97,23.77,21.47,21.12,22.6,19.74,21.19,18.04,23.01,21.92,21.83,24.58,22.43,24.27,16.32,18.99,21.27,24.74,16.92,19.52,17.54,20.26,20.74,18.54,15.97,23.34,20.41,21.51,20.63,27.38,18.58,25.77,18.37,18.69,18.87,18.01,22.86,19.8,19.94,20.0,13.51,17.36,18.22,17.07,16.06,22.05,19.66,17.26,25.21,17.39,19.7,23.64,22.28,10.4,7.96,10.93,34.15,7.45,5.61,11.61,8.47,9.63,15.69,15.26,11.29,12.53,12.48,11.12,11.07,13.05,14.49,8.42,8.58,12.89,13.31,12.74,11.6,9.84,11.05,11.41,9.51,7.55,16.62,7.58,13.11,13.02,10.78,11.07,6.64,9.77,9.13,11.51,10.68,15.85,18.84,10.41,10.37,16.76,12.73,15.91,13.85,18.01,13.45,19.0,14.6,12.9,20.05,17.88,16.26,17.01,10.51,13.35,14.61,17.71,8.55,8.9,8.37,9.92,21.69,8.23,7.22,9.5,5.11,6.89,9.76,7.34,18.33,20.44,16.73,14.18,12.12,13.59,1.83,4.86,8.22,12.11,6.35,5.61,4.32,8.42,3.6,13.57,14.37,9.69,4.31,3.84,7.78,6.85,6.98,13.38,9.2,12.61,8.46,7.08,11.85,8.1,1.99,6.22,13.2,7.87,11.08,2.88,7.39,15.63,14.13,17.48,15.36,3.29,11.31,2.73,16.62,17.88,3.9,11.73,0.0,9.59,2.96,11.86,1.53,5.1,16.81,12.06,14.92,14.35,14.41,21.94
30.68,14.51,1.9,6.44,20.32,26.87,21.23,17.77,15.94,24.63,19.57,29.87,23.5,13.11,25.49,20.87,38.29,25.97,20.25,25.0,25.91,18.95,19.2,22.06,8.57,5.67,30.6,22.12,37.84,5.77,26.58,4.2,20.96,22.74,6.34,26.78,14.42,19.49,20.25,31.45,20.73,26.69,19.65,10.36,20.64,25.6,32.3,18.32,10.06,24.59,21.69,22.67,39.06,22.37,24.87,22.1,20.16,28.36,7.43,19.97,32.48,28.43,16.53,23.38,31.46,15.94,29.74,28.91,29.44,27.16,24.41,8.0,26.15,22.36,13.75,24.1,32.69,20.84,20.56,24.26,8.84,27.22,28.05,14.48,8.75,23.6,26.7,13.04,30.4,12.66,16.28,22.04,17.14,28.8,12.06,22.03,14.98,37.17,32.98,21.49,24.45,17.81,29.54,23.66,24.89,27.12,14.11,16.13,12.84,18.1,31.84,14.38,23.67,19.95,15.31,16.33,14.19,15.23,39.03,36.1,34.88,34.35,36.28,29.56,32.81,30.71,32.67,31.91,30.5,27.75,41.76,38.62,38.26,38.26,41.02,29.42,39.7,34.69,36.67,37.16,40.92,29.07,28.79,29.25,39.62,29.41,42.81,31.75,38.88,29.24,35.58,33.56,32.01,30.91,32.38,29.52,30.98,27.82,29.57,28.47,28.39,31.14,28.99,30.83,26.11,25.54,27.82,33.32,25.5,28.1,26.12,28.84,29.32,27.12,24.55,31.92,28.99,30.09,29.21,35.96,27.15,34.35,26.95,27.27,27.45,26.59,31.44,28.38,28.52,28.58,22.09,25.94,26.8,25.65,24.64,30.63,28.24,25.84,33.79,25.97,28.28,32.22,30.86,19.97,16.54,23.54,46.76,16.69,14.19,22.96,20.01,20.51,24.95,23.84,23.9,25.14,25.09,19.7,20.64,21.63,27.19,17.0,18.15,25.59,25.92,21.32,24.21,18.42,19.63,19.99,18.08,18.88,25.2,16.16,25.72,21.6,19.36,19.64,16.22,6.21,7.33,3.21,7.12,22.41,25.4,20.2,16.92,23.32,19.29,22.47,20.4,24.56,20.01,25.55,21.16,19.45,28.63,24.43,22.82,23.57,17.99,22.3,23.56,17.83,11.67,10.07,15.85,11.1,20.86,10.48,12.2,16.98,9.32,8.46,10.94,9.41,27.28,20.57,25.68,21.66,13.28,14.75,10.41,5.77,9.37,13.26,7.5,6.76,12.9,19.72,6.2,14.47,15.52,10.84,12.89,15.41,12.96,15.43,16.34,14.54,13.29,13.51,9.61,7.99,13.0,11.99,7.6,7.37,14.35,19.14,12.23,11.46,8.3,16.78,15.28,17.61,3.95,16.04,7.74,8.65,5.21,6.47,10.82,3.37,9.59,0.0,11.82,6.71,13.64,9.18,5.09,6.91,3.2,2.95,3.01,10.54
23.64,9.21,9.92,15.32,13.28,15.28,9.64,9.41,8.9,16.27,10.29,17.37,16.46,6.07,17.13,11.59,26.91,14.38,8.87,16.64,17.55,10.59,7.61,12.78,3.98,6.67,18.1,10.75,26.46,8.41,18.22,7.76,19.03,16.34,5.62,13.87,7.38,11.13,11.89,19.87,12.37,18.33,17.72,4.74,12.28,14.85,20.71,16.39,6.36,13.0,13.33,11.91,27.68,14.01,13.28,13.74,8.57,20.0,4.89,18.04,21.11,20.07,5.15,15.02,20.08,4.57,18.15,20.55,17.85,18.8,15.6,3.94,14.56,10.77,4.57,13.34,21.32,12.49,12.2,15.9,5.14,15.63,16.46,5.2,5.06,15.24,15.11,1.66,18.81,5.85,7.92,10.45,8.78,17.21,5.52,17.72,7.94,25.79,21.61,13.13,12.86,6.43,17.95,12.07,13.3,15.53,2.74,4.75,4.17,6.98,20.46,7.34,17.27,6.91,3.93,4.96,4.17,5.21,27.66,24.72,23.5,22.98,24.91,18.18,21.44,19.33,21.3,20.53,19.13,16.38,30.39,27.24,26.88,26.89,29.64,18.04,28.33,23.32,25.3,25.78,29.55,22.03,17.41,22.21,28.25,22.37,31.43,24.71,27.5,17.87,24.21,21.97,19.67,19.32,20.79,17.93,19.39,16.24,21.21,20.11,20.03,22.78,20.63,22.47,14.52,17.19,19.46,26.28,18.46,21.06,19.09,21.81,22.28,20.08,17.52,24.89,21.95,23.06,22.18,28.93,20.12,27.32,19.92,20.24,20.41,19.56,24.4,21.35,21.48,21.54,15.05,18.9,19.76,18.61,17.61,23.59,21.21,18.8,26.75,18.93,21.25,25.18,23.82,8.6,9.51,12.16,35.38,9.59,8.57,11.58,8.64,9.14,13.88,16.8,12.52,13.77,13.72,12.67,9.27,14.59,15.81,9.96,6.78,14.22,14.54,14.28,12.83,11.38,12.59,12.96,11.05,7.5,18.16,9.12,14.34,14.57,12.32,12.61,4.84,7.25,6.61,8.99,8.16,14.05,17.04,8.61,8.56,14.96,10.93,14.11,12.04,16.21,11.65,17.2,12.8,11.09,21.59,16.07,14.46,15.21,8.71,11.55,12.81,15.9,6.75,6.38,6.57,7.4,17.17,6.43,4.7,7.7,2.59,4.37,7.24,4.82,16.53,18.64,14.93,12.38,15.08,16.55,4.79,7.82,11.18,15.07,9.31,8.57,5.87,8.34,6.56,16.53,17.33,12.65,5.85,4.04,10.74,8.39,4.96,16.35,12.16,15.57,11.42,10.04,14.81,11.07,4.95,9.18,16.16,7.76,14.04,4.43,10.35,18.59,17.09,15.68,12.84,4.66,8.79,5.69,14.1,15.36,1.38,9.22,2.96,11.82,0.0,9.34,2.26,2.58,14.29,9.54,12.4,11.83,11.89,19.43
32.54,18.11,4.81,10.21,22.18,24.4,18.75,15.29,17.8,22.15,17.09,27.39,25.36,14.97,23.01,18.39,35.81,23.5,17.77,22.52,23.43,16.47,16.72,19.58,12.88,3.19,28.13,19.64,35.36,1.23,24.1,2.65,18.48,20.26,3.86,24.3,16.28,17.02,17.77,28.98,18.25,24.22,17.17,13.64,18.17,23.12,29.82,15.84,7.58,22.11,19.21,20.19,36.58,19.89,22.39,19.62,17.69,25.88,4.96,17.5,30.01,25.95,14.05,20.91,28.98,13.47,27.26,26.44,26.96,24.68,21.93,5.53,23.67,19.88,11.28,21.62,30.22,18.37,18.08,21.78,6.36,24.75,25.57,12.0,6.28,21.12,24.22,10.56,27.92,10.19,13.8,19.56,14.66,26.32,9.58,19.55,16.84,34.69,30.51,19.02,21.97,15.33,27.06,21.18,22.41,24.64,11.64,13.65,10.36,15.63,29.36,16.24,21.19,17.47,12.83,13.85,11.71,12.75,36.55,33.62,32.4,31.88,33.81,27.08,30.34,28.23,30.19,29.43,28.03,25.28,39.29,36.14,35.78,35.79,38.54,26.94,37.22,32.22,34.2,34.68,38.44,30.93,26.31,31.11,37.15,31.27,40.33,33.61,36.4,26.77,33.1,31.08,29.53,28.43,29.91,27.05,28.5,25.35,27.09,25.99,25.91,28.66,26.51,28.35,23.63,23.07,25.34,35.18,27.36,29.96,27.98,30.7,31.18,28.98,26.41,33.78,30.85,31.95,31.07,37.82,29.02,36.21,28.81,29.13,29.31,28.45,33.3,30.24,30.38,30.44,23.95,27.8,28.66,27.51,26.5,32.49,30.1,27.7,35.65,27.83,30.14,34.08,32.72,17.49,18.4,21.06,44.28,18.49,17.47,20.48,17.53,18.04,22.47,25.7,21.42,22.66,22.61,21.56,18.16,23.49,24.71,18.86,15.67,23.11,23.44,23.18,21.73,20.28,21.49,21.85,19.94,16.4,27.06,18.02,23.24,23.46,21.22,21.5,13.74,3.73,4.85,3.88,4.64,19.93,22.92,17.72,14.44,20.84,16.81,19.99,17.92,22.09,17.53,23.08,18.68,16.97,30.49,21.96,20.34,21.09,15.51,19.82,21.08,15.36,9.19,7.6,13.37,8.62,18.39,8.0,9.73,14.5,6.84,5.98,8.46,6.93,24.8,18.09,23.21,19.18,23.98,25.45,13.69,10.81,20.08,23.97,18.2,17.47,14.76,17.24,15.46,23.64,26.23,21.55,14.75,12.94,19.64,17.29,13.86,25.24,21.06,18.55,20.32,13.03,23.71,19.96,13.85,18.08,25.06,16.66,22.94,13.32,13.33,27.49,25.99,15.13,7.73,13.56,5.27,14.59,8.99,10.25,8.34,4.1,11.86,6.71,9.34,0.0,11.16,6.7,9.19,1.07,7.29,6.73,6.79,14.32
23.63,7.78,11.74,17.14,13.27,16.39,10.74,10.51,8.9,17.37,11.39,18.47,16.45,6.07,18.23,12.7,27.21,15.49,9.98,17.74,18.65,11.69,8.71,13.88,2.55,8.49,19.2,10.39,26.76,10.22,19.33,9.58,20.13,17.44,7.44,14.98,7.37,12.24,13.0,20.97,13.47,19.44,18.82,3.31,13.39,15.95,21.82,17.49,8.18,14.11,14.43,13.01,27.98,15.11,14.38,14.85,9.68,21.1,6.7,19.14,21.41,21.18,6.26,16.13,20.38,5.67,19.26,21.66,18.95,19.9,16.7,5.76,15.66,11.88,5.67,14.44,21.62,13.59,13.3,17.0,6.96,16.74,17.56,6.3,6.87,16.34,16.21,2.76,19.91,6.95,9.02,11.56,9.88,18.32,6.63,18.82,7.94,26.09,21.91,14.24,13.96,7.53,19.05,13.17,14.4,16.63,3.84,5.86,5.28,8.08,20.76,7.33,18.38,8.02,5.03,6.06,5.28,6.31,27.95,25.02,23.8,23.28,25.21,18.48,21.74,19.63,21.6,20.83,19.43,16.68,30.69,27.54,23.18,27.19,25.88,18.34,28.62,23.62,25.6,26.08,29.85,22.03,17.71,22.2,28.55,22.36,31.73,24.7,27.8,18.17,24.5,23.07,20.77,20.42,21.9,19.04,20.49,17.34,22.31,21.22,21.13,23.88,21.73,23.57,15.62,18.29,20.56,26.27,18.45,21.05,19.08,21.8,22.28,20.07,17.51,24.88,21.95,23.05,22.17,28.92,20.11,27.31,19.91,20.23,20.4,19.55,24.39,21.34,21.48,21.53,15.04,18.9,19.75,18.6,17.6,23.58,21.2,18.79,26.74,18.92,21.24,25.17,23.81,9.7,9.5,12.46,35.68,8.99,7.14,12.68,9.74,10.24,14.99,16.8,12.82,14.06,14.01,12.66,10.37,14.58,16.03,9.96,7.88,14.43,14.84,14.27,13.13,11.37,12.58,12.95,11.04,8.6,18.16,9.11,14.64,14.56,12.32,12.6,5.94,9.07,8.43,10.81,9.98,15.15,18.14,9.71,9.67,16.06,12.03,15.21,13.15,17.31,12.75,18.3,13.9,12.2,21.58,17.18,15.56,16.31,9.81,12.65,13.91,17.01,7.85,8.2,7.67,9.22,20.99,7.53,6.52,8.8,4.41,6.19,9.06,6.64,17.63,19.74,16.03,13.48,13.66,15.13,3.37,6.4,9.76,13.64,7.88,7.14,5.86,9.45,5.13,15.1,15.9,11.23,5.84,5.14,9.31,8.38,8.52,14.92,10.73,14.14,10.0,8.61,13.38,9.64,3.53,7.75,14.73,8.86,12.62,4.42,8.92,17.16,15.67,16.78,14.66,3.23,10.6,4.26,15.92,17.18,3.2,11.03,1.53,13.64,2.26,11.16,0.0,4.39,16.11,11.36,14.22,13.65,13.71,21.24
25.77,11.35,7.27,12.68,15.41,19.22,13.57,10.11,11.04,16.97,11.91,22.22,18.59,8.21,17.83,13.22,29.05,18.32,11.01,17.34,18.26,11.29,11.54,14.4,6.12,4.03,22.95,12.88,28.6,5.76,18.93,5.11,16.28,19.44,2.97,19.12,9.51,11.84,12.6,23.8,13.07,19.04,14.97,6.88,12.99,17.95,24.65,13.64,5.38,16.94,14.04,15.01,29.82,14.71,17.22,14.45,12.51,20.7,2.61,15.3,23.24,20.78,7.29,15.73,22.21,6.7,22.09,21.26,21.78,19.5,18.7,1.36,18.5,14.71,6.1,16.44,23.45,13.19,12.91,16.61,4.16,19.57,20.39,6.82,4.08,15.95,19.04,3.79,22.74,5.47,8.62,14.39,9.48,21.15,4.94,17.35,10.08,27.93,23.74,13.84,16.8,8.57,21.89,16.0,17.24,19.47,4.87,6.89,4.35,10.45,22.59,9.48,20.37,9.05,6.07,7.09,5.71,6.74,29.79,26.85,25.64,25.11,27.04,20.32,23.57,21.46,23.43,22.67,21.26,18.51,32.52,29.38,29.02,29.02,31.78,20.18,30.46,25.45,27.43,27.91,31.68,24.17,19.55,24.35,30.38,24.51,33.57,26.85,29.63,20.0,26.34,25.9,24.35,23.25,24.73,21.87,23.33,20.17,21.92,20.82,20.73,23.49,21.33,23.17,18.45,17.89,20.17,28.41,20.59,23.2,21.22,23.94,24.42,22.21,19.65,27.02,24.09,25.19,24.31,31.06,22.25,29.45,22.05,22.37,22.55,21.69,26.54,23.48,23.62,23.68,17.19,21.04,21.9,20.75,19.74,25.73,23.34,20.93,28.89,21.06,23.38,27.32,25.95,10.73,11.64,14.3,37.52,11.73,10.7,13.71,10.77,11.27,17.29,18.94,14.66,15.9,15.85,14.8,11.4,16.72,17.95,12.1,8.91,16.35,16.68,16.41,14.97,13.51,14.72,15.09,13.18,9.64,20.3,11.25,16.48,16.7,14.46,14.74,6.98,4.6,3.96,6.34,5.52,14.76,17.74,12.54,9.27,15.67,11.64,14.82,12.75,16.91,12.35,17.9,13.5,11.8,23.72,16.78,15.16,15.92,10.34,14.65,15.91,13.16,6.16,5.4,8.19,6.42,16.19,5.84,3.72,9.32,1.61,1.8,6.26,2.24,19.63,15.89,18.03,14.0,17.22,18.69,6.93,9.96,13.32,17.2,11.44,10.7,8.0,10.48,8.69,18.66,19.47,14.79,7.98,6.17,12.87,10.53,7.1,18.48,14.3,17.7,13.56,12.18,16.94,13.2,7.09,11.32,18.29,9.89,16.18,6.56,12.48,20.72,19.23,12.93,10.19,6.8,6.14,7.82,11.45,12.71,1.57,6.57,5.1,9.18,2.58,6.7,4.39,0.0,11.65,6.9,9.76,9.19,9.25,16.78
37.49,17.92,4.38,5.11,27.13,29.35,23.7,20.24,22.75,27.1,22.04,32.34,30.31,19.92,27.96,23.34,40.76,28.45,22.72,27.47,28.38,21.42,21.67,24.53,11.99,8.14,33.08,24.6,40.31,8.25,29.06,6.67,23.43,25.21,8.81,29.25,21.23,21.97,22.73,33.93,23.2,29.17,22.12,18.59,23.12,28.08,34.78,20.79,12.53,27.07,24.16,25.14,41.53,24.84,27.35,24.58,22.64,30.83,9.91,22.45,34.96,30.91,19.0,25.86,33.93,18.42,32.22,31.39,31.91,29.63,26.88,10.48,28.62,24.84,16.23,26.57,35.17,23.32,23.03,26.73,11.31,29.7,30.52,16.95,11.23,26.07,29.17,15.51,32.87,15.14,18.75,24.52,19.61,31.28,14.54,24.5,21.79,39.64,35.46,23.97,26.92,20.28,32.01,26.13,27.36,29.59,16.59,18.6,15.31,20.58,34.31,21.19,26.15,22.43,17.78,18.81,16.66,17.7,41.51,38.57,37.35,36.83,38.76,32.03,35.29,33.18,35.15,34.38,32.98,30.23,44.24,41.09,40.73,40.74,43.49,31.89,42.17,37.17,39.15,39.63,43.4,35.88,31.26,36.06,42.1,36.22,45.28,38.56,41.35,31.72,38.06,36.03,34.48,33.38,34.86,32.0,33.45,30.3,32.04,30.94,30.86,33.61,31.46,33.3,28.58,28.02,30.29,40.13,32.31,34.91,32.93,35.66,36.13,33.93,31.37,38.74,35.8,36.9,36.03,42.78,33.97,41.17,33.77,34.09,34.26,33.41,38.25,35.19,35.33,35.39,28.9,32.75,33.61,32.46,31.46,37.44,35.06,32.65,40.6,32.78,35.1,39.03,37.67,22.45,23.36,26.01,49.23,23.44,22.42,25.43,22.48,22.99,27.42,30.65,26.37,27.62,27.57,26.51,23.12,28.44,29.66,23.81,20.63,28.07,28.39,28.13,26.68,25.23,26.44,26.8,24.9,21.35,32.01,22.97,28.19,28.41,26.17,26.46,18.69,8.68,9.8,5.69,9.59,24.88,27.87,22.67,19.4,25.79,21.76,24.94,22.88,27.04,22.48,28.03,23.63,21.92,35.44,26.91,25.29,26.04,20.46,24.77,26.03,20.31,14.14,12.55,18.32,13.57,23.34,12.95,14.68,19.45,11.79,10.93,13.41,11.88,29.75,23.04,28.16,24.13,16.69,18.16,18.64,9.19,12.79,16.68,10.92,10.18,19.72,22.19,9.61,13.9,18.94,14.26,19.7,17.89,16.38,22.24,18.81,17.95,16.7,15.12,13.03,11.4,16.42,15.41,11.02,10.79,17.77,21.61,15.65,18.28,11.71,20.2,18.7,20.08,6.43,18.51,10.22,12.07,5.3,3.51,13.29,5.84,16.81,5.09,14.29,9.19,16.11,11.65,0.0,9.38,2.76,5.42,5.48,7.6
32.74,18.31,5.01,10.41,22.38,24.59,18.95,15.49,18.0,22.35,17.29,27.59,25.56,15.17,23.21,18.59,36.01,23.7,17.97,22.72,23.63,16.67,16.92,19.78,13.08,3.39,28.33,19.84,35.56,1.43,24.3,2.85,18.68,20.46,4.06,24.5,16.48,17.21,17.97,29.18,18.45,24.41,17.37,13.84,18.36,23.32,30.02,16.04,7.78,22.31,19.41,20.39,36.78,20.09,22.59,19.82,17.88,26.08,5.16,17.69,30.2,26.15,14.25,21.1,29.18,13.67,27.46,26.63,27.16,24.88,22.13,5.72,23.87,20.08,11.47,21.82,30.41,18.57,18.28,21.98,6.56,24.94,25.77,12.2,6.47,21.32,24.42,10.76,28.12,10.38,14.0,19.76,14.86,26.52,9.78,19.75,17.04,34.89,30.71,19.21,22.17,15.53,27.26,21.38,22.61,24.84,11.84,13.85,10.56,15.82,29.56,16.44,21.39,17.67,13.03,14.05,11.91,12.95,36.75,33.82,32.6,32.08,34.01,27.28,30.53,28.43,30.39,29.63,28.22,25.47,39.49,36.34,35.98,35.99,38.74,27.14,37.42,32.41,34.4,34.88,38.64,31.13,26.51,31.31,37.34,31.47,40.53,33.81,36.6,26.97,33.3,31.28,29.73,28.63,30.1,27.25,28.7,25.55,27.29,26.19,26.11,28.86,26.71,28.55,23.83,23.27,25.54,35.38,27.56,30.16,28.18,30.9,31.38,29.18,26.61,33.98,31.05,32.15,31.27,38.02,29.21,36.41,29.01,29.33,29.51,28.65,33.5,30.44,30.58,30.64,24.15,28.0,28.86,27.71,26.7,32.69,30.3,27.9,35.85,28.02,30.34,34.28,32.91,17.69,18.6,21.26,44.48,18.69,17.67,20.68,17.73,18.23,22.67,25.9,21.62,22.86,22.81,21.76,18.36,23.69,24.91,19.06,15.87,23.31,23.64,23.38,21.93,20.48,21.68,22.05,20.14,16.6,27.26,18.22,23.44,23.66,21.42,21.7,13.94,3.93,5.05,4.08,4.84,20.13,23.12,17.92,14.64,21.04,17.01,20.19,18.12,22.29,17.73,23.28,18.88,17.17,30.68,22.15,20.54,21.29,15.71,20.02,21.28,15.56,9.39,7.8,13.57,8.82,18.58,8.2,9.92,14.7,7.04,6.18,8.66,7.13,25.0,18.29,23.4,19.38,24.18,25.65,13.89,11.0,20.28,24.17,18.4,17.67,14.96,17.44,15.66,23.84,26.43,21.75,14.95,13.14,19.83,17.49,14.06,25.44,21.26,18.75,20.52,13.22,23.9,20.16,14.05,18.28,25.26,16.86,23.14,13.52,13.53,27.68,26.19,15.33,7.93,13.76,5.47,14.79,9.19,10.45,8.54,4.3,12.06,6.91,9.54,1.07,11.36,6.9,9.38,0.0,7.49,6.93,6.99,14.52
35.6,16.03,2.48,7.02,25.24,27.46,21.81,18.35,20.86,25.21,20.15,30.45,28.42,18.03,26.07,21.45,38.87,26.56,20.83,25.58,26.49,19.53,19.78,22.64,10.1,6.25,31.19,22.7,38.42,6.35,27.16,4.78,21.54,23.32,6.92,27.36,19.34,20.08,20.83,32.04,21.31,27.28,20.23,16.7,21.23,26.18,32.88,18.9,10.64,25.17,22.27,23.25,39.64,22.95,25.45,22.68,20.75,28.94,8.02,20.56,33.06,29.01,17.11,23.97,32.04,16.53,30.32,29.5,30.02,27.74,24.99,8.59,26.73,22.94,14.34,24.68,33.28,21.43,21.14,24.84,9.42,27.81,28.63,15.06,9.34,24.18,27.28,13.62,30.98,13.25,16.86,22.62,17.72,29.38,12.64,22.61,19.9,37.75,33.57,22.08,25.03,18.39,30.12,24.24,25.47,27.7,14.7,16.71,13.42,18.69,32.42,19.3,24.25,20.53,15.89,16.91,14.77,15.81,39.61,36.68,35.46,34.94,36.87,30.14,33.4,31.29,33.25,32.49,31.09,28.34,42.35,39.2,38.84,38.85,41.6,30.0,40.28,35.28,37.26,37.74,41.5,33.99,29.37,34.17,40.21,34.33,43.39,36.67,39.46,29.83,36.16,34.14,32.59,31.49,32.97,30.11,31.56,28.41,30.15,29.05,28.97,31.72,29.57,31.41,26.69,26.13,28.4,38.24,30.42,33.02,31.04,33.76,34.24,32.04,29.47,36.84,33.91,35.01,34.13,40.88,32.07,39.27,31.87,32.19,32.37,31.51,36.36,33.3,33.44,33.5,27.01,30.86,31.72,30.57,29.56,35.55,33.16,30.76,38.71,30.89,33.2,37.14,35.78,20.55,21.46,24.12,47.34,21.55,20.53,23.54,20.59,21.1,25.53,28.76,24.48,25.72,25.67,24.62,21.22,26.55,27.77,21.92,18.73,26.17,26.5,26.24,24.79,23.34,24.55,24.91,23.0,19.46,30.12,21.08,26.3,26.52,24.28,24.56,16.8,6.79,7.91,3.79,7.7,22.99,25.98,20.78,17.5,23.9,19.87,23.05,20.98,25.15,20.59,26.14,21.74,20.03,33.55,25.02,23.4,24.15,18.57,22.88,24.14,18.42,12.25,10.66,16.43,11.68,21.44,11.06,12.79,17.56,9.9,9.04,11.52,9.99,27.86,21.15,26.27,22.24,14.8,16.27,16.75,7.29,10.9,14.79,9.02,8.29,17.82,20.3,7.72,16.67,17.05,12.37,17.81,16.0,14.49,20.35,16.92,16.06,14.81,15.04,11.14,9.51,14.52,13.52,9.13,8.9,15.88,19.72,13.76,16.38,9.82,18.3,16.81,18.19,4.53,16.62,8.33,10.17,5.79,7.06,11.4,3.95,14.92,3.2,12.4,7.29,14.22,9.76,2.76,7.49,0.0,3.53,3.59,11.12
35.03,15.78,1.92,4.05,24.67,26.89,21.24,17.78,20.3,24.64,19.58,29.89,27.85,17.47,25.5,20.89,38.3,25.99,20.27,25.02,25.93,18.96,19.21,22.07,15.37,5.68,30.62,22.14,37.85,5.79,26.6,4.22,20.97,22.75,6.36,26.79,18.77,19.51,20.27,31.47,20.74,26.71,19.67,16.13,20.66,25.62,32.32,18.33,10.07,24.61,21.71,22.68,39.07,22.38,24.89,22.12,20.18,28.37,7.45,19.99,32.5,28.45,16.55,23.4,31.47,15.96,29.76,28.93,29.45,27.17,24.43,8.02,26.17,22.38,13.77,24.11,32.71,20.86,20.58,24.28,8.86,27.24,28.06,14.5,8.77,23.62,26.71,13.05,30.41,12.68,16.3,22.06,17.15,28.82,12.08,22.04,19.34,37.18,33.0,21.51,24.47,17.82,29.56,23.67,24.91,27.14,14.13,16.15,12.85,18.12,31.85,18.73,23.69,19.97,15.32,16.35,14.21,15.24,39.05,36.11,34.9,34.37,36.3,29.57,32.83,30.72,32.69,31.93,30.52,27.77,41.78,38.63,38.28,38.28,41.03,29.43,39.72,34.71,36.69,37.17,40.94,33.43,28.8,33.6,39.64,33.76,42.82,36.1,38.89,29.26,35.6,33.57,32.02,30.92,32.4,29.54,31.0,27.84,29.59,28.49,28.4,31.16,29.0,30.84,26.12,25.56,27.84,37.67,29.85,32.46,30.48,33.2,33.68,31.47,28.91,36.28,33.35,34.45,33.57,40.32,31.51,38.71,31.31,31.63,31.8,30.95,35.79,32.74,32.88,32.93,26.44,30.3,31.16,30.0,29.0,34.98,32.6,30.19,38.14,30.32,32.64,36.57,35.21,19.99,20.9,23.55,46.78,20.98,19.96,22.97,20.03,20.53,24.96,28.2,23.91,25.16,25.11,24.06,20.66,25.98,27.21,21.36,18.17,25.61,25.94,25.67,24.23,22.77,23.98,24.35,22.44,18.89,29.56,20.51,25.74,25.96,23.72,24.0,16.23,6.22,7.35,3.23,7.14,22.43,25.41,20.21,16.94,23.34,19.31,22.49,20.42,24.58,20.02,25.57,21.17,19.47,32.98,24.45,22.83,23.59,18.01,22.32,23.58,17.85,11.68,10.09,15.86,11.11,20.88,10.49,12.22,16.99,9.33,8.47,10.96,9.43,27.3,20.59,25.7,21.68,14.55,16.02,16.19,7.04,10.65,14.54,8.77,8.04,17.26,19.74,7.47,17.48,16.8,12.12,17.24,15.43,14.24,19.79,16.35,15.81,14.56,18.69,10.89,9.26,14.28,13.27,8.88,8.65,15.63,19.15,13.51,15.82,9.57,18.06,16.56,17.63,1.56,16.05,7.76,9.93,2.82,4.08,10.83,3.39,14.35,2.95,11.83,6.73,13.65,9.19,5.42,6.93,3.53,0.0,1.63,8.15
35.09,15.84,1.98,5.11,24.73,26.95,21.3,17.84,20.36,24.7,19.64,29.94,27.91,17.52,25.56,20.95,38.36,26.05,20.32,25.07,25.98,19.02,19.27,22.13,15.43,5.74,30.68,22.2,37.91,5.85,26.66,4.28,21.03,22.81,6.41,26.85,18.83,19.57,20.33,31.53,20.8,26.77,19.72,16.19,20.72,25.68,32.38,18.39,10.13,24.67,21.77,22.74,39.13,22.44,24.95,22.18,20.24,28.43,7.51,20.05,32.56,28.51,16.6,23.46,31.53,16.02,29.82,28.99,29.51,27.23,24.49,8.08,26.22,22.44,13.83,24.17,32.77,20.92,20.64,24.33,8.91,27.3,28.12,14.55,8.83,23.68,26.77,13.11,30.47,12.74,16.35,22.12,17.21,28.88,12.14,22.1,19.4,37.24,33.06,21.57,24.53,17.88,29.61,23.73,24.97,27.19,14.19,16.21,12.91,18.18,31.91,18.79,23.75,20.03,15.38,16.41,14.26,15.3,39.11,36.17,34.96,34.43,36.36,29.63,32.89,30.78,32.75,31.99,30.58,27.83,41.84,38.69,38.34,38.34,41.09,29.49,39.78,34.77,36.75,37.23,41.0,33.48,28.86,33.66,39.7,33.82,42.88,36.16,38.95,29.32,35.66,33.63,32.08,30.98,32.46,29.6,31.05,27.9,29.65,28.55,28.46,31.21,29.06,30.9,26.18,25.62,27.9,37.73,29.91,32.51,30.54,33.26,33.73,31.53,28.97,36.34,33.41,34.51,33.63,40.38,31.57,38.77,31.37,31.69,31.86,31.01,35.85,32.8,32.93,32.99,26.5,30.36,31.21,30.06,29.06,35.04,32.66,30.25,38.2,30.38,32.7,36.63,35.27,20.05,20.96,23.61,46.83,21.04,20.02,23.03,20.09,20.59,25.02,28.26,23.97,25.22,25.17,24.12,20.72,26.04,27.27,21.42,18.23,25.67,26.0,25.73,24.28,22.83,24.04,24.41,22.5,18.95,29.61,20.57,25.79,26.02,23.78,24.06,16.29,6.28,7.41,3.29,7.2,22.48,25.47,20.27,17.0,23.4,19.36,22.55,20.48,24.64,20.08,25.63,21.23,19.53,33.04,24.51,22.89,23.64,18.06,22.38,23.64,17.91,11.74,10.15,15.92,11.17,20.94,10.55,12.28,17.05,9.39,8.53,11.01,9.49,27.36,20.65,25.76,21.73,14.61,16.08,16.24,7.1,10.71,14.6,8.83,8.1,17.32,19.8,7.53,18.54,16.86,12.18,17.3,15.49,14.3,19.84,16.41,15.87,14.62,14.85,10.95,9.32,14.33,13.33,8.94,8.71,15.69,19.21,13.57,15.88,9.63,18.11,16.62,17.69,2.63,16.11,7.82,9.98,3.89,5.15,10.89,3.44,14.41,3.01,11.89,6.79,13.71,9.25,5.48,6.99,3.59,1.63,0.0,9.22
42.62,23.38,9.51,5.66,32.26,35.93,30.28,26.82,27.89,33.68,29.02,38.92,35.44,25.06,34.54,28.07,50.9,35.03,27.86,34.05,34.96,28.0,28.25,28.36,22.96,13.28,39.66,35.53,50.45,13.38,35.64,11.81,22.28,24.06,13.95,27.63,26.36,28.55,29.31,40.51,29.78,35.75,20.97,23.73,29.7,26.45,41.36,19.64,16.01,33.65,30.75,27.3,51.68,31.42,33.93,31.16,29.22,37.41,15.04,21.29,45.32,37.49,24.14,32.44,44.3,23.55,38.8,37.97,38.49,36.21,25.73,15.61,35.2,31.42,23.94,26.63,45.53,29.9,29.61,33.31,16.45,36.28,37.1,24.66,16.36,32.65,35.75,20.64,39.45,20.27,25.33,31.1,26.19,37.86,19.67,23.35,26.93,49.79,45.82,30.55,33.5,25.41,38.59,32.71,33.94,36.17,21.72,23.74,20.45,27.16,44.67,26.33,24.99,29.01,22.91,23.94,21.8,26.57,51.65,48.71,47.72,47.19,48.9,42.4,45.65,43.55,45.51,44.75,43.34,40.59,54.38,51.24,50.88,50.88,53.63,42.26,52.32,47.53,49.29,49.77,53.54,41.02,41.63,51.49,52.24,41.36,55.43,53.41,51.49,42.08,48.2,42.61,41.06,39.96,41.44,38.58,40.03,36.88,38.62,37.53,37.44,40.19,38.04,39.88,35.16,34.6,36.88,42.59,37.44,40.05,38.07,40.79,41.27,39.06,36.5,43.87,40.94,42.04,41.16,41.53,38.24,46.3,38.9,39.22,39.4,38.54,43.39,40.33,40.47,40.52,34.04,37.89,38.75,37.6,36.59,42.58,40.19,37.78,44.83,37.91,40.23,43.5,42.8,27.58,28.49,36.38,59.38,28.58,27.55,30.56,27.62,28.12,34.0,35.79,36.74,37.98,37.71,31.65,28.25,33.57,40.03,28.95,25.76,38.43,38.76,33.26,37.5,30.36,31.57,31.94,30.03,26.48,37.15,28.1,38.56,33.55,31.31,38.11,23.82,13.82,14.94,10.82,14.73,31.46,34.45,29.25,25.98,32.37,28.34,31.52,29.46,33.62,29.06,34.61,30.21,28.51,36.63,33.49,31.87,32.62,28.18,28.48,29.74,19.15,19.27,17.68,26.03,17.1,22.18,18.08,19.81,27.16,16.92,16.06,17.47,17.02,28.13,21.89,28.79,30.46,22.14,23.61,23.78,14.64,18.24,22.13,16.37,15.63,24.85,27.33,15.07,14.03,29.4,19.71,24.83,23.02,21.83,27.38,23.95,23.41,22.15,15.25,18.48,20.02,21.87,20.86,16.47,16.24,23.22,26.74,21.1,23.41,21.11,29.39,28.34,18.93,6.59,23.65,15.35,17.52,5.85,4.09,18.42,10.98,21.94,10.54,19.43,14.32,21.24,16.78,7.6,14.52,11.12,8.15,9.22,0.0
