0.0,3.8,14.9,17.97,9.15,5.94,15.24,16.06,16.13,22.3,11.92,6.66,4.84,17.22,23.44,11.78,20.13,21.35,18.01,19.91,21.39,14.78,17.79,13.7,19.61,8.62,4.52,17.49,2.6,15.63,10.43,16.22,13.94,10.31,21.65,5.7,12.09,4.75,18.95,4.33,4.92,17.76,12.94,18.63,10.33,17.09,17.13,17.42,21.13,3.55,9.66,11.47,18.53,16.37,15.73,16.77,12.73,15.43,14.29,14.36,14.02,17.88,10.88,16.01,13.67,15.92,12.14,17.4,15.2,18.27,14.07,12.28,17.24,16.31,14.99,14.54,23.66,22.22,22.39,23.88,26.17,19.56,22.1,26.23,24.55,18.9,21.93,20.1,18.8,17.77,21.48,23.79,15.39,15.68,15.35,15.44,6.87,14.32,13.28,21.31,9.55,13.95,17.43,11.84,16.24,12.8,11.83,15.94,21.98,23.3,10.98,11.07,15.56,11.05,14.36,13.04,12.54,13.97,5.95,19.76,5.11,3.38,5.92,20.1,5.88,9.81,9.45,5.03,5.63,13.42,6.37,3.43,2.98,6.71,6.55,1.08,8.23,7.26,5.34,1.73,7.66,4.98,2.76,7.23,4.61,4.17,20.22,19.64,16.95,11.43,19.31,11.54,12.9,22.22,8.74,25.56,17.89,22.12,12.08,22.86,9.37,21.12,10.74,21.58,17.37,20.51,18.01,8.6,16.5
3.8,0.0,18.69,14.18,8.07,4.86,11.45,21.63,12.33,21.22,10.84,5.57,5.96,16.97,28.9,10.7,24.14,25.36,23.48,18.83,20.3,13.13,18.55,12.06,23.62,7.54,8.32,21.5,3.71,16.38,12.2,12.62,10.95,8.66,20.56,4.62,10.45,2.4,22.96,3.83,3.83,21.77,11.3,15.03,9.25,15.44,17.89,22.88,20.05,3.34,8.57,10.39,19.29,17.13,16.49,17.52,11.08,13.78,16.02,12.71,12.38,18.64,9.23,16.77,12.02,16.68,10.5,18.16,15.96,16.62,14.83,10.63,15.6,14.67,13.34,12.89,22.58,21.14,21.31,22.8,25.09,16.81,21.02,25.15,23.46,17.81,20.84,19.02,22.81,23.24,25.49,27.8,19.19,19.69,14.27,14.36,7.99,13.24,11.63,26.78,10.67,17.96,21.44,13.61,15.99,11.61,13.61,19.95,25.99,27.31,14.78,9.98,14.48,9.97,18.16,11.96,10.89,12.33,4.86,16.16,2.16,1.81,2.32,20.86,7.0,8.17,7.8,1.24,3.28,11.77,2.77,7.23,2.18,5.07,5.47,4.33,4.7,6.18,6.46,2.78,6.02,6.1,3.89,4.88,5.73,5.3,16.62,16.04,13.36,7.83,15.51,7.74,9.31,18.62,7.09,21.77,14.29,18.32,8.49,19.06,7.73,21.88,7.15,17.79,13.58,16.72,14.42,8.04,12.71
14.9,18.69,0.0,30.53,21.41,16.45,27.8,6.96,28.69,18.57,15.61,25.3,13.1,14.37,8.47,18.58,9.13,9.83,7.95,16.18,17.28,25.05,33.93,25.88,6.74,21.03,10.93,8.58,17.49,31.76,9.7,34.36,13.14,28.1,17.92,24.34,30.38,16.07,7.95,14.1,15.42,8.85,26.74,34.8,19.72,30.89,33.27,7.35,17.4,18.44,18.89,18.04,34.67,32.51,31.87,32.91,27.51,29.23,28.75,28.16,27.82,34.02,27.13,32.15,28.61,32.06,28.56,30.71,29.38,32.07,30.21,25.32,31.04,30.11,28.79,28.34,22.86,21.42,25.61,23.08,25.37,14.25,21.31,23.74,20.82,15.16,18.19,18.52,8.73,7.69,11.33,13.64,1.44,10.37,15.77,15.85,10.79,18.64,21.5,6.34,10.68,11.1,11.63,11.04,13.39,12.0,11.03,10.63,11.83,13.15,4.53,20.44,17.0,19.51,5.59,17.69,26.29,27.77,14.82,34.94,16.42,18.28,20.81,36.24,11.74,25.34,25.33,19.14,17.0,23.69,21.26,11.78,17.88,17.22,22.74,15.98,18.74,23.57,13.28,16.63,18.17,16.36,17.66,19.36,15.98,14.05,35.4,35.81,34.66,25.22,38.03,24.1,26.7,40.55,19.25,41.06,33.02,37.14,25.68,41.63,19.88,37.26,24.34,34.14,29.93,33.07,33.42,20.73,29.06
17.97,14.18,30.53,0.0,21.25,15.71,3.06,33.3,1.84,32.88,24.4,17.02,17.82,28.63,40.57,22.36,35.81,37.02,35.14,30.49,31.97,17.23,7.07,15.59,35.28,20.72,20.71,33.16,17.09,10.04,24.06,6.13,24.57,14.08,32.23,17.55,13.24,15.46,34.62,16.76,16.76,33.44,14.15,4.84,22.61,17.96,11.61,34.54,31.71,16.4,21.76,23.95,12.59,9.28,9.21,8.06,13.49,15.94,10.88,15.14,11.68,13.31,15.36,8.93,11.78,9.51,13.41,13.74,10.82,16.72,10.1,15.22,14.47,15.63,16.63,12.52,32.67,32.8,28.72,34.46,35.19,28.47,31.07,32.56,35.13,29.47,32.5,30.68,34.47,34.9,37.16,39.46,29.98,31.36,25.93,26.02,19.84,24.9,18.46,38.44,22.53,29.62,33.11,26.64,27.65,25.22,25.46,31.62,37.65,38.97,27.57,23.33,26.14,22.4,35.93,23.62,16.18,16.04,17.79,7.22,14.31,15.9,13.55,13.7,18.86,16.4,16.03,13.66,12.97,16.41,12.84,21.32,16.27,13.37,18.65,18.43,12.29,17.82,18.31,16.87,14.25,18.96,17.99,11.37,18.59,19.39,5.6,3.91,6.86,9.8,2.51,7.01,11.27,5.8,13.64,7.72,7.8,3.4,4.49,4.93,11.3,8.2,5.83,3.66,1.36,2.59,7.93,10.01,2.94
9.15,8.07,21.41,21.25,0.0,6.27,19.33,14.84,19.36,14.42,4.05,5.16,6.88,10.18,22.11,3.91,17.35,18.56,16.68,12.03,13.51,9.27,18.16,10.11,16.83,0.89,13.67,14.71,6.74,15.99,7.39,16.88,4.16,10.75,13.77,4.21,12.53,6.46,16.17,5.82,5.25,14.98,10.97,19.03,2.46,15.12,17.5,16.09,13.25,7.31,1.78,3.59,18.9,16.74,16.09,17.13,11.74,13.46,12.98,12.39,12.05,18.24,11.35,16.38,12.84,16.29,12.58,14.94,13.61,16.3,14.43,9.55,15.27,14.34,13.02,12.57,15.78,14.34,14.51,16.0,18.3,10.01,14.23,18.35,16.67,11.02,14.05,12.22,16.01,16.44,18.7,21.0,22.39,12.9,7.48,7.56,8.9,6.44,5.73,19.98,7.95,11.17,14.65,6.23,9.19,4.81,6.99,13.16,19.2,20.52,20.34,3.19,7.68,3.18,17.47,5.16,10.51,12.0,4.36,19.17,6.81,7.72,9.22,20.47,7.91,6.65,5.54,9.3,7.39,7.91,9.24,12.58,8.16,7.91,2.6,9.68,9.35,3.43,5.48,8.2,8.1,8.62,9.24,9.97,8.25,9.44,19.63,20.04,18.89,12.09,22.26,14.75,13.56,24.77,9.86,25.29,17.24,21.37,14.96,25.86,10.49,21.49,13.62,24.79,20.61,23.73,17.64,11.34,19.74
5.94,4.86,16.45,15.71,6.27,0.0,13.79,19.84,13.82,19.43,9.05,3.78,3.67,15.18,27.11,8.91,22.35,23.56,21.68,17.04,18.51,8.8,12.69,8.61,21.83,5.75,10.46,19.71,3.53,10.53,9.91,11.34,9.16,5.21,18.77,2.83,6.99,3.25,21.17,2.61,1.35,19.98,7.84,13.57,7.46,11.99,12.03,21.09,18.25,4.1,6.78,8.6,13.43,11.27,10.63,11.67,7.63,10.33,9.19,9.26,8.93,12.78,5.78,10.91,8.57,10.82,7.04,12.3,10.1,13.17,8.97,7.18,12.15,11.21,9.89,9.44,20.78,19.35,18.28,21.0,23.3,15.01,19.23,22.12,21.67,16.02,19.05,17.22,21.02,21.44,23.7,26.0,21.33,17.9,12.48,12.57,5.69,11.44,7.3,24.99,8.38,16.17,19.65,11.23,14.2,9.81,11.31,18.16,24.2,25.52,13.03,8.19,12.68,8.18,14.41,10.17,7.44,8.87,3.07,13.7,3.61,4.52,6.02,15.0,4.71,3.84,3.47,6.09,4.18,7.44,6.04,9.37,4.96,2.37,3.67,6.48,3.81,5.27,4.16,5.0,2.57,5.41,6.04,4.43,5.04,6.23,14.16,14.57,12.07,6.55,17.0,11.54,8.02,19.31,4.32,19.82,11.78,15.91,10.57,20.4,4.96,16.02,10.62,18.15,15.07,17.08,12.18,5.8,14.2
15.24,11.45,27.8,3.06,19.33,13.79,0.0,31.42,1.22,31.0,22.52,15.14,15.94,26.75,38.69,20.48,33.93,35.14,33.26,28.61,30.09,15.35,7.44,13.71,33.4,18.84,17.98,31.28,14.36,8.16,22.18,4.25,22.69,12.2,30.35,15.67,11.36,12.73,32.74,14.88,14.88,31.56,12.27,6.66,20.73,15.55,10.5,32.66,29.83,13.67,19.88,22.07,11.9,9.74,7.33,8.43,11.61,14.06,9.0,13.26,9.8,11.25,13.48,7.05,9.9,9.29,11.53,10.77,8.94,12.11,8.22,13.34,11.21,14.78,14.75,10.64,30.79,30.92,26.84,32.58,33.31,26.59,29.19,30.68,33.25,27.59,30.62,28.8,32.59,33.02,35.27,37.58,27.25,29.48,24.05,24.14,17.96,23.02,16.58,36.56,20.65,27.74,31.23,24.76,25.77,23.34,23.58,29.73,35.77,37.09,24.84,21.45,24.26,20.52,34.05,21.74,14.3,14.16,15.91,7.79,11.58,13.17,10.82,14.74,16.98,14.52,14.15,10.93,11.09,14.53,10.11,18.59,13.54,11.49,16.77,15.7,10.41,15.94,16.43,14.14,12.37,16.23,15.26,9.49,15.86,16.66,8.25,5.79,4.98,7.92,4.4,4.28,9.39,7.68,11.76,9.6,5.92,5.28,2.61,6.82,9.42,9.24,3.95,5.54,2.46,4.47,6.05,8.13,1.59
16.06,21.63,6.96,33.3,14.84,19.84,31.42,0.0,31.55,11.89,8.93,18.62,13.73,7.7,7.58,11.91,3.89,4.58,2.15,9.5,10.6,18.37,27.25,19.21,5.85,14.35,12.1,5.01,15.8,25.09,7.66,27.68,11.11,21.42,11.24,17.67,23.7,19.92,2.71,14.72,18.71,5.28,20.07,28.13,13.05,24.21,26.59,1.55,10.72,16.32,12.22,11.36,28.0,25.83,25.19,26.23,20.83,22.55,22.08,21.48,21.15,27.34,20.45,25.48,21.93,25.38,21.88,24.04,22.71,25.39,23.53,18.65,24.37,23.44,22.11,21.66,16.18,14.74,18.93,16.4,18.7,7.57,14.63,17.06,14.14,8.49,11.52,11.84,3.1,1.91,5.7,8.01,7.86,3.69,9.09,9.18,11.41,11.97,14.82,5.45,8.64,4.43,4.95,9.0,6.71,9.96,9.0,3.95,6.2,7.52,5.7,13.77,10.33,12.84,2.83,11.01,19.61,21.1,17.82,28.26,20.27,17.56,22.68,29.56,12.37,18.66,18.65,22.76,20.85,17.01,22.71,12.95,18.52,21.34,16.06,17.14,22.78,16.89,13.91,17.27,21.53,16.98,18.3,23.4,16.61,14.02,28.72,29.13,27.98,26.45,31.35,33.53,27.38,33.87,23.29,34.39,26.34,30.47,32.44,34.96,23.92,30.58,27.08,33.84,32.8,32.77,26.74,24.77,31.93
16.13,12.33,28.69,1.84,19.36,13.82,1.22,31.55,0.0,31.04,22.55,15.18,15.97,26.79,38.72,20.52,33.96,35.17,33.29,28.65,30.12,15.38,7.47,13.75,33.44,18.88,18.87,31.32,15.24,8.2,22.21,4.29,22.73,12.23,30.38,15.71,11.39,13.62,32.78,14.92,14.92,31.59,12.3,6.7,20.77,15.59,10.54,32.7,29.86,14.55,19.91,22.1,11.94,9.78,7.36,8.47,11.65,14.09,9.03,13.29,9.83,11.28,13.52,7.09,9.94,9.33,11.57,10.81,8.97,12.15,8.25,13.38,11.25,14.81,14.79,10.68,30.83,30.96,26.87,32.61,33.34,26.62,29.23,30.71,33.28,27.63,30.66,28.83,32.63,33.06,35.31,37.62,28.14,29.51,24.09,24.18,18.0,23.05,16.62,36.6,20.69,27.78,31.26,24.79,25.81,23.38,23.62,29.77,35.81,37.13,25.72,21.49,24.29,20.56,34.08,21.78,14.34,14.2,15.95,7.83,12.46,14.06,11.71,14.36,17.01,14.55,14.18,11.81,11.13,14.56,10.99,19.48,14.43,11.53,16.81,16.58,10.45,15.98,16.47,15.03,12.4,17.12,16.14,9.53,16.74,17.55,6.26,4.57,5.02,7.96,3.18,5.17,9.43,6.47,11.8,8.38,5.95,4.06,2.65,5.6,9.46,8.86,3.99,4.32,1.24,3.26,6.08,8.16,1.1
22.3,21.22,18.57,32.88,14.42,19.43,31.0,11.89,31.04,0.0,11.82,18.26,20.01,7.09,19.16,11.55,14.11,14.54,13.73,2.39,2.13,18.01,26.89,17.58,13.88,13.99,20.8,11.76,19.84,24.73,13.95,27.32,12.66,21.06,1.4,17.31,23.34,19.56,13.22,18.92,18.35,12.03,19.7,27.77,12.68,23.85,26.23,13.14,1.63,20.41,11.87,11.02,27.63,25.47,24.83,25.87,20.47,22.19,21.72,19.54,20.79,26.98,20.09,25.11,21.57,25.02,21.52,23.67,22.35,25.03,23.17,18.29,24.01,23.08,21.75,21.3,7.39,5.96,8.38,7.61,9.91,4.65,5.84,8.27,5.07,3.41,1.58,3.05,13.07,13.5,12.04,9.71,19.45,9.87,8.93,8.2,17.69,8.31,14.46,17.04,14.93,10.71,11.7,15.29,8.15,13.32,15.28,10.13,11.69,10.16,17.39,13.4,6.74,12.48,14.52,10.38,19.25,18.78,17.46,27.9,19.91,20.82,22.32,29.2,18.65,18.3,18.29,22.4,20.49,16.65,22.34,20.76,21.26,20.98,15.7,22.78,22.42,16.53,20.19,21.3,21.17,21.72,22.34,23.04,21.35,20.3,28.36,28.77,27.62,26.09,30.99,33.17,27.02,33.51,22.93,34.02,25.98,30.11,32.08,34.6,23.56,30.22,26.72,33.48,32.43,32.41,26.38,24.41,31.56
11.92,10.84,15.61,24.4,4.05,9.05,22.52,8.93,22.55,11.82,0.0,7.93,9.65,5.14,16.22,2.46,11.45,12.67,10.79,9.43,10.53,9.35,18.24,10.19,10.93,3.66,12.74,8.81,9.51,16.07,5.6,18.67,2.37,12.41,11.17,6.98,14.69,9.23,10.27,8.59,8.02,9.09,11.05,19.11,3.58,15.2,17.58,10.19,10.65,10.08,2.09,1.41,18.98,16.82,16.17,17.21,11.82,13.54,13.06,12.47,12.13,18.32,11.43,16.46,12.92,16.37,12.86,15.02,13.69,16.38,14.51,9.63,15.35,14.42,13.1,12.65,13.46,12.03,11.09,13.68,15.98,7.5,11.91,14.34,14.07,8.41,11.44,9.9,10.12,10.55,12.8,15.11,16.5,7.01,6.53,6.62,9.64,4.12,5.81,14.09,6.16,5.27,8.75,4.44,4.16,3.02,5.2,7.26,13.3,14.62,14.45,4.3,5.36,3.37,11.58,3.17,10.59,12.08,7.14,19.25,9.59,10.5,12.0,20.55,10.59,9.65,9.64,12.07,10.17,7.99,12.02,12.71,10.94,10.69,5.37,12.46,12.13,6.2,8.26,10.98,10.88,11.4,12.02,12.75,11.02,12.24,19.71,20.12,18.97,17.43,22.34,24.52,18.37,24.85,12.63,25.37,17.32,21.45,17.73,25.94,13.27,21.57,16.39,24.83,23.78,23.76,17.72,14.11,22.91
6.66,5.57,25.3,17.02,5.16,3.78,15.14,18.62,15.18,18.26,7.93,0.0,4.38,14.06,26.0,7.79,21.24,22.45,20.57,15.92,17.4,7.47,14.0,8.3,20.71,4.64,11.18,18.59,4.25,11.84,10.62,12.65,8.05,6.52,17.66,0.95,8.3,3.97,20.06,3.33,2.76,18.87,9.16,14.88,6.34,13.31,13.34,19.97,17.14,4.82,5.67,7.48,14.74,12.58,11.94,12.98,8.94,11.65,11.18,10.58,10.25,14.09,7.09,12.22,9.88,12.13,8.35,13.61,11.41,14.49,10.28,7.75,13.47,12.53,11.21,10.76,19.67,18.23,18.4,19.89,22.18,13.9,18.12,22.24,20.56,14.91,17.94,16.11,19.9,20.33,22.59,24.89,26.28,16.79,11.36,11.45,6.41,10.33,5.97,23.87,7.29,15.05,18.54,10.12,13.08,8.7,10.88,17.05,23.09,24.4,13.74,7.08,11.57,7.06,21.36,9.05,8.71,10.19,1.96,15.01,4.32,5.23,6.73,16.31,5.42,2.51,2.14,6.81,4.9,6.11,6.75,10.09,5.67,3.68,2.56,7.19,5.12,3.27,3.08,5.71,3.88,6.13,6.75,5.74,5.76,6.95,15.47,15.88,13.38,7.86,18.31,12.26,9.33,20.62,5.63,21.13,13.09,17.22,12.47,21.71,6.27,17.33,11.13,19.46,16.38,18.39,13.49,7.11,15.51
4.84,5.96,13.1,17.82,6.88,3.67,15.94,13.73,15.97,20.01,9.65,4.38,0.0,13.35,21.03,9.51,16.27,17.48,15.6,17.63,18.73,12.5,15.52,11.43,15.74,6.35,8.72,13.62,2.4,13.35,6.56,13.48,10.08,8.03,19.36,3.43,9.82,3.28,15.08,1.32,2.64,13.9,10.67,15.89,8.06,14.82,14.86,15.0,18.85,2.92,7.38,9.2,16.26,14.1,13.45,14.49,10.45,13.16,12.01,12.09,11.75,15.6,8.6,13.74,11.39,13.65,9.87,15.13,12.93,16.0,11.79,10.01,14.97,14.04,12.71,12.27,21.39,19.95,20.12,21.61,23.9,15.69,19.83,23.96,22.27,16.61,19.64,17.83,14.93,15.36,17.61,19.92,14.55,11.82,13.08,13.17,2.35,12.05,11.0,18.9,5.03,10.08,13.57,7.97,12.37,8.93,7.97,12.07,18.11,19.43,9.68,8.79,13.28,8.78,11.06,10.77,10.26,11.7,2.36,16.53,3.64,4.15,6.05,17.83,1.36,7.54,7.17,7.16,4.22,11.14,6.07,8.24,5.11,4.44,4.28,5.34,5.96,4.99,0.82,3.86,5.39,3.58,4.9,6.58,3.2,4.39,16.99,16.9,14.22,8.69,19.14,11.57,10.17,22.13,6.47,22.65,14.6,18.73,11.78,23.22,7.1,18.85,10.44,21.62,17.21,20.55,15.0,7.95,16.34
17.22,16.97,14.37,28.63,10.18,15.18,26.75,7.7,26.79,7.09,5.14,14.06,13.35,0.0,14.33,7.25,9.57,10.78,8.9,4.7,5.8,13.72,22.6,14.55,9.05,9.7,14.15,6.93,15.55,20.43,7.3,23.03,7.22,16.77,6.43,13.01,19.05,15.27,8.39,14.63,14.06,7.2,15.41,23.47,8.39,19.56,21.94,8.31,5.92,16.12,7.56,6.71,23.34,21.18,20.54,21.58,16.18,17.9,17.42,16.83,16.49,22.69,15.8,20.82,17.28,20.73,17.23,19.38,18.05,20.74,18.88,13.99,19.71,18.78,17.46,17.01,11.38,9.94,11.9,11.6,13.89,2.76,9.82,12.26,9.34,3.68,6.71,7.04,8.24,8.66,10.92,13.22,14.61,5.04,2.36,1.11,11.05,3.52,10.17,12.21,8.28,4.02,6.87,8.64,1.47,7.87,8.63,5.3,11.42,12.74,12.56,9.11,2.63,8.18,9.69,5.58,14.96,16.44,13.17,23.61,15.62,16.53,18.03,24.91,12.0,14.01,14.0,18.11,16.2,12.36,18.05,14.12,16.97,16.69,11.41,18.31,18.13,12.24,13.54,17.01,16.88,16.61,18.05,18.75,16.24,13.65,24.07,24.48,23.33,21.8,26.7,28.88,22.73,29.22,18.64,29.73,21.69,25.81,27.78,30.3,19.27,25.93,22.43,29.19,28.14,28.12,22.09,20.12,27.27
23.44,28.9,8.47,40.57,22.11,27.11,38.69,7.58,38.72,19.16,16.22,26.0,21.03,14.33,0.0,19.19,6.17,6.87,5.78,16.78,17.88,25.65,34.53,26.49,3.78,21.63,19.47,6.21,23.08,32.37,14.95,34.96,18.39,28.7,18.52,24.95,30.99,27.2,4.99,22.01,25.99,6.48,27.35,35.41,20.33,31.5,33.88,4.82,18.0,23.6,19.5,18.65,35.28,33.11,32.47,33.51,28.12,29.83,29.36,28.76,28.43,34.62,27.73,32.76,29.21,32.67,29.16,31.32,29.99,32.67,30.81,25.93,31.65,30.72,29.39,28.94,23.46,22.03,26.21,23.68,25.98,14.85,21.91,24.34,14.54,15.77,18.8,19.12,5.77,8.29,8.37,10.68,9.34,10.97,16.37,16.46,18.69,19.25,22.1,2.13,15.92,11.71,6.65,16.28,14.0,17.24,16.28,7.0,8.87,10.19,13.07,21.05,17.61,20.12,10.2,18.29,26.89,28.38,25.11,35.55,27.56,24.84,29.96,36.84,19.65,25.94,25.93,30.04,28.13,24.29,29.99,20.32,25.8,28.63,23.34,24.52,30.06,24.17,21.19,24.55,28.82,24.26,25.59,30.68,23.89,21.3,36.01,36.42,35.26,33.73,38.63,40.81,34.66,41.15,30.57,41.67,33.62,37.75,39.72,42.24,31.21,37.86,34.36,41.12,40.08,40.06,34.02,32.05,39.21
11.78,10.7,18.58,22.36,3.91,8.91,20.48,11.91,20.52,11.55,2.46,7.79,9.51,7.25,19.19,0.0,14.57,15.78,13.9,8.69,10.17,7.32,16.2,8.16,14.05,3.3,13.21,11.93,9.15,14.04,6.07,16.63,2.84,10.37,10.43,6.62,12.65,8.87,13.39,8.23,7.66,12.2,9.02,17.08,1.99,13.16,15.54,13.31,9.91,9.72,1.76,1.71,16.95,14.78,14.14,15.18,9.78,11.5,11.03,10.43,10.1,16.29,9.4,14.43,10.88,14.33,10.83,12.98,11.66,14.34,12.48,7.6,13.32,12.39,11.06,10.61,12.44,11.0,11.73,12.66,14.95,6.67,10.88,15.57,13.33,7.68,10.71,8.88,13.23,13.66,15.92,18.22,19.61,10.12,4.7,4.78,11.31,3.1,3.77,17.2,6.63,8.39,11.87,4.91,6.42,3.49,5.67,10.38,16.42,17.74,17.56,2.72,4.34,1.79,14.69,2.38,8.56,10.05,6.77,17.21,9.22,10.13,11.63,18.51,10.32,7.61,7.6,11.71,9.8,5.96,11.65,14.99,10.57,10.29,5.01,12.09,11.73,5.84,7.89,10.61,10.48,11.03,11.65,12.35,10.66,11.85,17.67,18.08,16.93,15.4,20.3,22.48,16.33,22.82,12.24,23.33,15.29,19.42,21.39,23.91,12.87,19.53,16.03,22.79,21.74,21.72,15.69,13.72,20.88
20.13,24.14,9.13,35.81,17.35,22.35,33.93,3.89,33.96,14.11,11.45,21.24,16.27,9.57,6.17,14.57,0.0,0.96,3.53,12.13,13.22,20.99,29.88,21.83,2.63,16.98,15.78,3.76,18.43,27.71,10.29,30.31,13.73,24.05,13.71,20.29,26.33,22.55,1.18,17.35,21.33,4.04,22.69,30.75,15.67,26.84,29.22,2.38,12.5,18.95,14.84,13.99,30.62,28.46,27.82,28.85,23.46,25.18,24.7,24.11,23.77,29.96,23.08,28.1,24.56,28.01,24.51,26.66,25.33,28.02,26.16,21.27,26.99,26.06,24.74,24.29,16.01,16.94,20.53,14.91,18.52,10.19,18.15,17.08,9.04,11.11,13.76,14.47,4.01,4.6,2.87,5.18,10.03,5.68,11.71,11.8,14.03,14.59,17.45,4.04,11.27,7.05,4.89,11.63,9.34,12.59,11.62,4.56,3.37,4.69,9.37,16.39,12.95,15.46,6.5,13.64,22.24,23.72,20.45,30.89,22.9,20.18,25.31,32.19,14.99,21.29,21.28,25.38,23.48,19.63,25.33,17.11,21.14,23.97,18.69,21.3,25.41,19.52,16.53,19.89,24.16,19.6,20.93,26.03,19.23,16.64,31.35,31.76,30.61,29.07,33.98,36.16,30.01,36.5,25.92,37.01,28.96,33.09,35.06,37.58,26.55,33.21,29.71,36.47,35.42,35.4,29.36,27.4,34.55
21.35,25.36,9.83,37.02,18.56,23.56,35.14,4.58,35.17,14.54,12.67,22.45,17.48,10.78,6.87,15.78,0.96,0.0,4.23,13.34,14.44,22.21,31.09,23.04,3.32,18.19,16.47,4.98,19.64,28.93,11.5,31.52,14.95,25.26,14.14,21.51,27.54,23.76,1.88,18.56,22.55,5.25,23.9,31.97,16.88,28.05,30.43,3.07,12.93,20.16,16.06,15.2,31.83,29.67,29.03,30.07,24.67,26.39,25.92,25.32,24.99,31.18,24.29,29.31,25.77,29.22,25.72,27.87,26.55,29.23,27.37,22.49,28.21,27.28,25.95,25.5,16.44,17.37,20.96,15.34,18.96,11.41,18.58,17.52,9.47,12.32,14.19,15.68,4.44,5.29,3.31,5.61,10.72,6.9,12.93,13.02,15.25,15.81,18.66,4.74,12.48,8.26,5.32,12.84,10.55,13.8,12.83,5.77,3.81,5.13,10.07,17.6,14.16,16.68,7.2,14.85,23.45,24.93,21.66,32.1,24.11,21.39,26.52,33.4,16.2,22.5,22.49,26.6,24.69,20.85,26.54,18.32,22.35,25.18,19.9,22.51,26.62,20.73,17.74,21.1,25.37,20.82,22.14,27.24,20.45,17.85,32.56,32.97,31.82,30.29,35.19,37.37,31.22,37.71,27.13,38.22,30.18,34.31,36.28,38.8,27.76,34.42,30.92,37.68,36.63,36.61,30.58,28.61,35.76
18.01,23.48,7.95,35.14,16.68,21.68,33.26,2.15,33.29,13.73,10.79,20.57,15.6,8.9,5.78,13.9,3.53,4.23,0.0,11.36,12.46,20.23,29.11,21.07,2.81,16.21,14.05,2.72,17.66,26.95,9.52,29.54,12.97,23.28,13.1,19.53,25.56,21.78,2.37,16.58,20.57,2.99,21.93,29.99,14.91,26.07,28.45,1.21,12.58,18.18,14.08,13.22,29.86,27.69,27.05,28.09,22.69,24.41,23.94,23.34,23.01,29.2,22.31,27.34,23.79,27.24,23.74,25.9,24.57,27.25,25.39,20.51,26.23,25.3,23.97,23.52,18.04,16.6,20.79,18.26,20.56,9.43,16.49,18.92,11.53,10.35,13.38,13.7,2.76,2.87,5.36,7.67,8.82,5.55,10.95,11.04,13.27,13.83,16.68,3.65,10.5,6.29,3.64,10.86,8.57,11.82,10.86,3.51,5.86,7.18,7.65,15.63,12.19,14.7,4.78,12.87,21.47,22.96,19.68,30.12,22.13,19.42,24.54,31.42,14.23,20.52,20.51,24.62,22.71,18.87,24.57,14.9,20.38,23.2,17.92,19.09,24.64,18.75,15.77,19.13,23.4,18.84,20.17,25.26,18.47,15.88,30.58,31.0,29.84,28.31,33.21,35.39,29.24,35.73,25.15,36.25,28.2,32.33,34.3,36.82,25.79,32.44,28.94,35.7,34.66,34.64,28.6,26.63,33.79
19.91,18.83,16.18,30.49,12.03,17.04,28.61,9.5,28.65,2.39,9.43,15.92,17.63,4.7,16.78,8.69,12.13,13.34,11.36,0.0,1.1,15.62,24.5,16.45,11.49,11.6,18.41,9.37,17.45,22.34,11.56,24.93,10.27,18.67,1.74,14.92,20.95,17.17,10.83,16.53,15.96,9.64,17.31,25.38,10.29,21.46,23.84,10.75,1.22,18.02,9.48,8.63,25.24,23.08,22.44,23.48,18.08,19.8,19.33,18.73,18.4,24.59,17.7,22.72,19.18,22.63,19.13,21.28,19.95,22.64,20.78,15.9,21.62,20.68,19.36,18.91,6.68,5.24,7.66,6.9,9.19,2.26,5.13,7.56,4.64,1.02,2.01,2.34,10.68,11.1,7.13,9.27,17.05,7.48,6.54,5.81,15.3,5.92,12.07,14.65,12.54,8.32,9.31,12.9,5.76,10.93,12.89,7.74,11.25,9.72,15.0,11.01,4.35,10.08,12.13,7.98,16.86,18.34,15.07,25.51,17.52,18.43,19.93,26.81,16.26,15.91,15.9,20.01,18.1,14.26,19.95,18.37,18.87,18.59,13.31,20.39,20.03,14.14,17.8,18.91,18.78,19.33,19.95,20.65,18.96,17.91,25.97,26.38,25.23,23.7,28.6,30.78,24.63,31.12,20.54,31.63,23.59,27.72,29.69,32.21,21.17,27.83,24.33,31.09,30.04,30.02,23.99,22.02,29.17
21.39,20.3,17.28,31.97,13.51,18.51,30.09,10.6,30.12,2.13,10.53,17.4,18.73,5.8,17.88,10.17,13.22,14.44,12.46,1.1,0.0,17.05,25.93,15.77,12.64,13.03,19.56,10.52,18.88,23.76,12.7,26.36,11.7,20.1,1.49,16.34,22.38,18.6,11.98,17.96,17.38,10.79,18.74,26.8,11.72,20.37,25.27,11.9,1.64,19.45,10.91,10.06,26.67,24.51,23.87,24.9,19.51,21.23,20.75,17.73,19.82,26.01,19.13,24.15,20.61,24.06,20.56,22.71,21.38,21.53,22.21,17.32,20.51,19.58,19.55,20.34,5.58,4.15,6.57,5.8,8.1,3.41,4.03,6.46,5.06,2.16,2.22,1.24,11.82,12.25,8.28,9.7,18.2,8.62,7.68,6.96,16.45,7.07,13.5,15.79,13.68,9.47,10.46,13.77,6.9,12.35,14.04,8.88,11.68,10.15,16.15,12.44,5.5,11.51,13.28,9.41,18.29,16.97,16.5,26.94,18.95,19.86,21.36,28.24,17.41,17.34,17.33,21.43,19.53,15.68,21.38,19.52,20.3,20.02,14.74,21.82,21.46,15.57,17.62,20.34,20.21,20.76,21.38,22.08,20.39,19.06,27.4,27.81,26.66,25.12,30.03,32.21,26.06,32.55,21.97,33.06,25.01,29.14,31.11,33.63,22.6,29.26,25.76,32.52,31.47,31.45,25.41,23.45,30.6
14.78,13.13,25.05,17.23,9.27,8.8,15.35,18.37,15.38,18.01,9.35,7.47,12.5,13.72,25.65,7.32,20.99,22.21,20.23,15.62,17.05,0.0,11.19,1.06,20.37,9.0,19.22,18.25,12.29,9.03,12.88,11.63,9.65,5.36,17.31,9.75,7.65,11.4,19.71,11.37,9.88,18.52,3.01,12.07,7.69,5.8,10.54,19.63,16.79,12.41,8.37,9.03,11.94,9.78,9.13,10.17,4.78,6.5,6.02,3.16,5.09,11.28,4.39,9.42,5.87,9.33,5.82,7.13,6.65,6.97,7.47,2.59,5.94,5.01,4.99,5.61,17.76,17.88,13.8,19.54,20.27,13.55,16.15,17.64,20.21,14.56,17.59,15.76,19.55,19.98,22.24,24.54,25.93,16.44,11.02,11.1,14.45,9.98,3.55,23.52,13.44,14.71,18.19,11.72,12.73,10.3,12.48,16.7,22.74,24.06,23.88,8.42,11.22,7.49,21.01,8.7,3.55,2.4,9.91,12.21,11.92,12.83,14.33,13.51,13.46,5.34,5.33,14.4,11.43,1.49,14.35,18.13,13.27,8.02,8.27,15.23,9.46,7.43,11.03,13.75,7.61,14.17,14.79,10.08,13.8,14.99,12.67,13.08,11.92,10.39,15.29,17.47,11.33,17.97,9.97,18.48,10.28,14.41,16.38,19.06,10.6,14.68,18.88,17.79,16.74,16.72,10.68,11.21,15.87
17.79,18.55,33.93,7.07,18.16,12.69,7.44,27.25,7.47,26.89,18.24,14.0,15.52,22.6,34.53,16.2,29.88,31.09,29.11,24.5,25.93,11.19,0.0,9.46,29.15,17.79,25.12,27.03,15.44,5.55,21.67,3.6,18.44,7.95,26.1,15.31,6.39,14.51,28.5,14.52,13.82,27.31,8.02,2.13,16.48,12.67,3.32,28.41,25.58,15.53,17.15,17.82,4.72,2.67,4.71,1.45,7.36,9.81,4.75,6.2,5.55,4.6,9.23,4.44,5.65,2.9,7.28,4.12,3.63,5.46,4.15,9.09,4.57,5.73,5.93,5.26,26.55,26.67,22.59,28.33,29.06,22.34,24.94,26.43,29.0,23.35,26.38,24.55,28.34,28.77,31.03,33.33,34.72,25.23,19.8,19.89,17.6,18.77,12.33,32.31,22.23,23.49,26.98,20.51,21.52,19.09,21.27,25.49,31.53,32.84,32.67,17.2,20.01,16.27,29.8,17.49,10.05,9.91,15.55,1.46,15.47,15.94,14.71,8.41,16.62,14.13,14.12,18.07,11.83,10.28,14.0,21.28,16.38,11.13,17.05,18.39,11.15,16.22,16.07,16.91,10.18,17.32,17.95,10.23,16.95,18.14,1.92,3.13,3.9,8.66,4.55,11.38,10.13,3.92,12.5,5.84,3.31,3.67,8.36,6.41,10.16,2.92,8.38,7.04,7.24,5.97,3.43,8.86,7.85
13.7,12.06,25.88,15.59,10.11,8.61,13.71,19.21,13.75,17.58,10.19,8.3,11.43,14.55,26.49,8.16,21.83,23.04,21.07,16.45,15.77,1.06,9.46,0.0,21.2,9.84,18.24,19.08,11.31,7.47,13.72,10.07,10.49,3.81,16.89,10.59,6.09,10.38,20.54,10.39,9.69,19.36,2.0,10.51,8.53,4.8,8.98,20.46,17.05,11.4,9.2,9.86,10.38,8.22,7.57,8.61,3.22,4.94,4.46,2.15,3.53,6.74,2.83,7.86,4.32,7.77,4.26,6.13,5.09,5.96,5.91,2.69,4.94,4.0,3.98,4.05,16.85,16.65,12.9,18.12,19.37,14.39,15.25,16.74,20.46,15.39,17.62,14.53,20.39,20.82,23.07,25.38,26.77,17.28,11.85,11.94,13.47,10.82,4.38,24.36,14.28,15.54,19.03,12.56,13.57,11.14,13.32,17.53,23.57,24.89,24.72,9.25,12.06,8.32,21.85,9.54,3.65,1.39,10.75,10.65,10.9,11.81,13.31,12.98,12.49,6.18,6.17,17.75,10.42,2.33,16.93,17.15,12.25,7.01,9.1,14.26,8.44,8.27,11.95,12.78,6.05,13.2,13.82,9.06,12.82,14.01,11.11,11.52,10.37,8.83,13.74,15.92,9.77,16.96,8.95,17.48,8.72,12.85,14.82,18.05,9.8,13.67,17.33,19.06,15.18,15.16,9.12,9.65,14.31
19.61,23.62,6.74,35.28,16.83,21.83,33.4,5.85,33.44,13.88,10.93,20.71,15.74,9.05,3.78,14.05,2.63,3.32,2.81,11.49,12.64,20.37,29.15,21.2,0.0,16.45,17.77,3.24,17.91,27.19,9.77,29.79,13.21,23.52,13.34,19.77,25.81,22.02,1.45,16.83,20.81,3.51,22.17,30.23,15.15,26.32,28.7,1.86,12.82,18.43,14.32,13.47,30.1,27.94,27.29,28.33,22.94,24.66,24.18,23.58,23.25,29.44,22.55,27.58,24.03,27.49,23.98,26.14,24.81,27.49,25.63,20.75,26.47,25.54,24.21,23.77,18.29,16.85,21.04,17.44,20.8,9.67,16.73,19.16,11.57,10.59,13.62,13.94,2.8,3.88,5.41,7.71,7.64,5.16,11.19,11.28,13.51,14.07,16.92,1.65,10.74,6.53,3.69,11.11,8.82,12.06,11.1,4.03,5.91,7.22,11.37,15.87,12.43,14.94,8.5,13.11,21.71,23.2,19.93,30.37,22.38,19.66,24.79,31.67,14.47,20.77,20.75,24.86,22.95,19.11,24.81,18.62,20.62,23.45,18.16,22.81,24.89,18.99,16.01,19.37,23.64,19.08,20.41,25.5,18.71,16.12,30.83,31.24,30.08,28.55,33.45,35.63,29.49,35.97,25.39,36.49,28.44,32.57,34.54,37.06,26.03,32.68,29.18,35.94,34.9,34.88,28.84,26.87,34.03
8.62,7.54,21.03,20.72,0.89,5.75,18.84,14.35,18.88,13.99,3.66,4.64,6.35,9.7,21.63,3.3,16.98,18.19,16.21,11.6,13.03,9.0,17.79,9.84,16.45,0.0,13.14,14.33,6.22,15.61,7.01,16.35,3.78,10.22,13.39,3.68,12.01,5.94,15.79,5.3,4.72,14.6,10.59,18.65,2.07,14.74,17.12,15.71,12.87,6.78,1.4,3.21,18.52,16.36,15.71,16.75,11.36,13.07,12.6,12.0,11.67,17.86,10.97,16.0,12.45,15.91,12.06,14.56,13.23,15.91,14.05,9.17,14.89,13.96,12.63,12.19,15.4,13.96,14.13,15.62,17.91,9.63,13.85,17.97,16.29,10.64,13.67,11.84,15.63,16.06,18.32,20.62,22.01,12.52,7.09,7.18,8.37,6.06,5.34,19.6,7.57,10.79,14.27,5.85,8.81,4.43,6.61,12.78,18.82,20.13,19.96,2.81,7.3,2.79,17.09,4.78,10.13,11.62,3.84,18.79,6.29,7.2,8.7,20.09,7.39,6.13,5.01,8.77,6.87,7.53,8.72,12.05,7.64,7.39,2.07,9.16,8.83,2.9,4.96,7.68,7.58,8.1,8.72,9.45,7.72,8.91,19.25,19.66,17.09,11.56,21.87,14.23,13.04,24.39,9.34,24.91,16.86,20.99,14.43,25.48,9.97,21.1,13.09,24.27,20.08,23.2,17.26,10.82,19.21
4.52,8.32,10.93,20.71,13.67,10.46,17.98,12.1,18.87,20.8,12.74,11.18,8.72,14.15,19.47,13.21,15.78,16.47,14.05,18.41,19.56,19.22,25.12,18.24,17.77,13.14,0.0,14.41,7.12,22.98,7.35,20.74,10.87,14.83,20.16,10.23,16.61,9.27,14.61,8.86,9.44,14.69,17.46,23.15,14.85,21.61,24.49,13.46,19.64,8.07,12.21,12.34,25.89,23.73,23.09,24.13,17.25,19.95,18.81,18.88,18.55,25.24,15.4,23.37,18.19,23.28,16.66,24.76,22.56,22.79,21.43,16.8,21.77,20.83,19.51,19.06,25.1,23.66,22.02,25.32,27.61,16.49,23.55,25.98,23.06,17.4,20.43,20.76,15.72,13.81,18.41,20.71,11.03,12.61,15.54,15.63,6.4,15.06,17.8,17.35,8.4,10.87,14.36,8.76,13.16,9.72,8.76,12.87,18.91,20.22,7.02,15.59,16.77,15.57,10.4,14.1,17.06,18.49,10.47,24.28,9.63,7.9,10.44,27.46,7.36,14.34,13.97,9.56,10.15,17.94,10.89,1.41,7.5,11.23,11.07,5.6,12.75,11.78,8.9,6.25,12.19,9.5,7.29,11.75,9.13,6.0,24.74,24.16,21.47,15.95,22.11,14.34,17.42,27.33,13.26,28.37,24.24,24.92,16.6,25.66,13.89,28.48,15.26,24.39,20.18,23.32,22.54,13.12,19.31
17.49,21.5,8.58,33.16,14.71,19.71,31.28,5.01,31.32,11.76,8.81,18.59,13.62,6.93,6.21,11.93,3.76,4.98,2.72,9.37,10.52,18.25,27.03,19.08,3.24,14.33,14.41,0.0,15.79,25.07,7.65,27.67,11.09,21.4,11.22,17.65,23.69,19.9,2.58,14.71,18.69,1.39,20.05,28.11,13.03,24.2,26.58,1.79,10.7,16.31,12.2,11.35,27.98,25.82,25.17,26.21,20.82,22.54,22.06,21.46,21.13,27.32,20.43,25.46,21.91,25.37,21.86,24.02,22.69,25.37,23.51,18.63,24.35,23.42,22.09,21.65,16.17,14.73,18.92,16.39,18.68,7.55,14.61,17.04,11.28,8.47,11.5,11.82,2.25,3.51,5.11,7.42,9.46,3.04,9.07,9.16,11.39,11.95,14.8,4.08,8.62,4.41,2.83,8.99,6.7,9.94,8.98,1.91,5.61,6.93,10.62,13.75,10.31,12.82,7.75,10.99,19.59,21.08,17.81,28.25,20.26,17.54,22.67,29.55,12.35,18.65,18.63,22.74,20.83,16.99,22.69,14.46,18.5,21.33,16.04,18.66,22.77,16.87,13.89,17.25,21.52,16.96,18.29,23.38,16.59,14.0,28.71,29.12,27.96,26.43,31.33,33.51,27.37,33.85,23.27,34.37,26.32,30.45,32.42,34.94,23.91,30.56,27.06,33.82,32.78,32.76,26.72,24.75,31.91
2.6,3.71,17.49,17.09,6.74,3.53,14.36,15.8,15.24,19.84,9.51,4.25,2.4,15.55,23.08,9.15,18.43,19.64,17.66,17.45,18.88,12.29,15.44,11.31,17.91,6.22,7.12,15.79,0.0,13.22,8.67,11.73,12.19,7.9,19.24,3.3,9.69,2.35,17.2,1.93,2.51,16.01,10.54,14.14,7.93,14.68,14.73,17.12,18.72,1.14,7.25,9.06,16.13,13.96,13.32,14.36,10.32,13.02,11.88,11.95,11.62,15.47,8.47,13.61,11.26,13.52,9.74,14.99,12.79,15.86,11.66,9.87,14.84,13.91,12.58,12.13,21.25,19.81,19.98,21.47,23.77,15.48,19.7,23.82,22.14,16.49,19.52,17.69,17.04,17.47,19.73,22.03,17.98,13.93,12.95,13.03,4.46,11.91,10.87,21.01,7.15,12.2,15.68,10.09,14.67,11.04,10.08,14.19,20.23,21.55,13.57,8.66,13.15,8.65,13.18,10.63,10.13,11.57,3.54,16.39,2.7,2.38,5.11,17.69,3.47,7.41,7.04,4.95,3.22,11.01,5.13,6.03,2.9,4.3,4.14,3.13,5.83,4.86,2.93,1.65,5.26,2.57,2.69,4.82,2.2,3.39,16.86,15.15,12.46,6.94,18.4,10.64,8.41,22.0,6.33,22.52,14.47,21.22,10.85,23.09,6.97,18.71,9.51,20.68,16.47,19.61,14.87,6.19,15.6
15.63,16.38,31.76,10.04,15.99,10.53,8.16,25.09,8.2,24.73,16.07,11.84,13.35,20.43,32.37,14.04,27.71,28.93,26.95,22.34,23.76,9.03,5.55,7.47,27.19,15.61,22.98,25.07,13.22,0.0,19.54,4.29,16.31,5.82,23.97,13.18,4.27,12.38,26.37,12.4,11.69,25.18,5.89,4.74,14.35,9.18,5.06,26.29,23.45,13.4,15.03,15.69,6.46,4.3,1.15,4.69,5.23,7.68,3.55,6.88,4.35,5.8,7.11,2.09,3.52,3.85,5.15,5.32,3.49,6.67,2.19,6.96,5.77,8.4,8.38,6.63,24.42,24.54,20.46,26.2,26.93,20.21,22.81,24.3,26.87,21.22,24.25,22.42,26.21,26.64,28.9,31.2,32.59,23.1,17.67,17.76,15.47,16.64,10.21,30.18,20.1,21.37,24.85,18.38,19.39,16.96,19.14,23.36,29.4,30.71,30.54,15.07,17.88,14.14,27.67,15.36,7.92,7.79,13.42,5.87,12.9,13.81,15.83,8.03,14.49,12.0,11.99,15.94,12.42,8.15,15.12,19.15,14.25,9.01,14.92,16.26,10.45,14.09,13.95,14.78,8.05,15.2,15.82,9.19,14.82,16.01,6.33,5.74,4.59,7.01,8.4,14.1,7.94,8.32,10.95,10.24,2.95,7.52,9.05,10.81,7.98,7.32,9.06,10.89,9.4,9.82,3.35,7.82,8.54
10.43,12.2,9.7,24.06,7.39,9.91,22.18,7.66,22.21,13.95,5.6,10.62,6.56,7.3,14.95,6.07,10.29,11.5,9.52,11.56,12.7,12.88,21.67,13.72,9.77,7.01,7.35,7.65,8.67,19.54,0.0,19.72,3.72,14.27,13.3,9.67,16.06,9.52,9.02,7.56,8.88,7.84,14.53,22.59,6.94,18.67,21.05,8.94,12.79,9.16,5.06,5.19,22.46,20.29,19.65,20.69,15.29,17.01,16.54,15.94,15.61,21.8,14.91,19.94,16.39,19.84,16.11,18.5,17.17,19.85,17.99,13.11,18.83,17.9,16.57,16.12,18.25,16.81,14.87,18.47,20.76,9.63,16.69,19.12,16.2,10.55,13.58,13.9,8.87,9.3,11.55,13.86,15.25,5.75,8.69,8.77,4.24,7.91,9.28,12.84,1.13,4.02,7.5,1.62,6.31,2.58,1.61,6.01,12.05,13.37,6.77,7.66,9.92,6.73,5.79,6.95,14.07,15.56,8.28,22.72,9.87,10.39,12.28,24.02,5.2,13.12,13.11,13.4,10.45,11.47,12.31,7.32,11.35,10.67,8.72,11.51,12.2,9.55,6.74,10.1,11.63,9.81,11.14,12.82,9.44,6.85,23.18,23.6,20.45,14.93,25.81,17.81,16.41,28.33,12.7,28.85,20.8,24.93,18.02,29.42,13.34,25.04,16.68,27.85,23.45,26.79,21.2,14.18,22.58
16.22,12.62,34.36,6.13,16.88,11.34,4.25,27.68,4.29,27.32,18.67,12.65,13.48,23.03,34.96,16.63,30.31,31.52,29.54,24.93,26.36,11.63,3.6,10.07,29.79,16.35,20.74,27.67,11.73,4.29,19.72,0.0,18.86,8.36,26.51,13.22,6.81,10.06,28.91,12.44,12.43,27.72,8.43,2.83,16.9,11.72,6.67,28.83,26.0,11.07,17.57,18.23,8.07,5.91,3.49,4.6,7.78,10.22,5.16,9.43,5.97,7.41,9.65,3.22,6.07,5.46,7.7,6.94,5.1,8.28,4.38,9.51,7.38,10.95,10.92,6.81,26.96,27.09,23.0,28.75,29.48,22.76,25.36,26.84,29.42,23.76,26.79,24.97,28.76,29.19,31.44,33.75,29.53,25.64,20.22,20.31,15.51,19.19,12.75,32.73,18.2,23.91,27.39,20.92,21.94,19.51,21.68,25.9,31.94,33.26,27.2,17.62,20.43,16.69,30.22,17.91,10.47,10.33,13.46,3.96,12.28,11.49,11.53,10.91,14.53,12.07,11.7,13.21,8.64,10.7,10.81,19.65,13.95,9.05,14.32,16.76,7.96,13.49,13.99,15.2,9.92,15.24,16.32,7.04,14.86,16.05,4.42,3.84,1.15,5.47,7.46,8.2,6.95,6.41,9.31,8.33,2.09,5.61,5.17,8.91,6.98,5.41,5.19,8.61,5.53,7.54,2.21,5.68,4.66
13.94,10.95,13.14,24.57,4.16,9.16,22.69,11.11,22.73,12.66,2.37,8.05,10.08,7.22,18.39,2.84,13.73,14.95,12.97,10.27,11.7,9.65,18.44,10.49,13.21,3.78,10.87,11.09,12.19,16.31,3.72,18.86,0.0,12.65,12.01,7.09,14.94,9.35,12.47,8.71,8.14,11.28,11.3,19.36,3.71,15.45,17.83,12.39,11.49,10.2,1.83,1.96,19.23,17.07,16.42,17.46,12.07,13.78,13.31,12.71,12.38,18.57,11.68,16.71,13.16,16.62,13.11,15.27,13.94,16.62,14.76,9.88,15.6,14.67,13.34,12.9,14.02,12.58,11.65,14.24,16.54,8.25,12.47,14.9,14.91,9.26,12.29,10.46,12.31,12.74,15.0,17.3,18.69,9.2,6.04,6.12,7.76,4.68,6.05,16.28,4.29,7.47,10.95,2.56,6.29,1.15,3.32,9.46,15.5,16.81,10.29,4.43,5.92,3.5,9.24,3.72,10.84,12.33,7.25,19.5,9.7,10.61,12.11,20.8,8.72,9.9,9.88,12.19,10.28,8.24,12.13,10.83,11.05,10.8,5.49,15.03,12.24,6.32,8.21,11.09,10.99,13.33,12.13,12.86,12.96,10.37,19.96,20.37,19.21,17.68,22.58,24.76,18.61,25.1,12.75,25.62,17.57,21.7,17.85,26.19,13.38,21.81,16.51,25.07,24.03,24.01,17.97,14.23,23.16
10.31,8.66,28.1,14.08,10.75,5.21,12.2,21.42,12.23,21.06,12.41,6.52,8.03,16.77,28.7,10.37,24.05,25.26,23.28,18.67,20.1,5.36,7.95,3.81,23.52,10.22,14.83,21.4,7.9,5.82,14.27,8.36,12.65,0.0,20.46,7.75,2.23,6.96,22.86,6.97,6.27,21.67,3.06,8.8,10.84,7.21,7.27,22.78,19.94,7.97,11.24,12.18,8.67,6.51,5.87,6.91,2.85,5.55,4.43,4.48,4.14,8.02,0.99,6.15,3.81,6.06,2.28,7.54,5.34,8.39,4.21,2.4,7.36,6.43,5.11,4.66,20.91,21.03,16.95,22.69,23.42,16.7,19.3,20.79,23.36,17.71,20.74,18.91,22.7,23.13,25.39,27.69,29.08,19.59,14.17,14.25,10.05,13.13,6.7,26.67,12.74,17.86,21.34,14.87,15.88,13.45,15.63,19.85,25.89,27.21,17.38,11.57,14.37,10.64,24.16,11.85,2.66,4.09,8.0,8.94,7.47,8.39,9.88,10.24,9.06,5.88,5.51,9.96,6.99,4.64,9.91,13.73,8.82,3.58,8.13,10.83,5.02,7.3,8.52,9.35,2.62,9.77,10.39,5.64,9.4,10.59,9.4,9.81,8.66,5.74,12.03,14.23,6.68,14.55,5.53,15.06,7.02,11.14,13.12,15.63,6.16,11.26,10.42,14.52,13.47,13.45,7.42,7.01,12.6
21.65,20.56,17.92,32.23,13.77,18.77,30.35,11.24,30.38,1.4,11.17,17.66,19.36,6.43,18.52,10.43,13.71,14.14,13.1,1.74,1.49,17.31,26.1,16.89,13.34,13.39,20.16,11.22,19.24,23.97,13.3,26.51,12.01,20.46,0.0,16.65,22.69,18.91,12.57,18.27,17.69,11.38,19.05,27.11,12.03,21.49,25.58,12.49,1.25,19.76,11.22,10.36,26.98,24.82,24.18,25.21,19.82,21.54,21.06,18.85,20.13,26.32,19.44,24.46,20.92,24.37,20.87,23.02,21.69,22.66,22.51,17.63,21.63,20.7,21.1,20.65,6.71,5.27,7.69,6.93,9.22,4.0,5.15,7.58,4.67,2.75,1.44,2.37,12.41,12.84,11.63,9.3,18.79,9.21,8.27,7.55,17.04,7.66,13.81,16.38,14.27,10.06,11.05,14.63,7.49,12.66,14.63,9.47,11.28,9.75,16.74,12.75,6.09,11.82,13.87,9.72,18.59,18.09,16.81,27.25,19.26,20.17,21.67,28.55,17.99,17.65,17.64,21.74,19.84,15.99,21.69,20.11,20.61,20.33,15.05,22.13,21.77,15.88,19.54,20.65,20.52,21.07,21.69,22.39,20.69,19.64,27.71,28.12,26.97,25.43,30.34,32.52,26.37,32.86,22.28,33.37,25.32,29.45,31.42,33.94,22.91,29.57,26.07,32.83,31.78,31.76,25.72,23.76,30.91
5.7,4.62,24.34,17.55,4.21,2.83,15.67,17.67,15.71,17.31,6.98,0.95,3.43,13.01,24.95,6.62,20.29,21.51,19.53,14.92,16.34,9.75,15.31,10.59,19.77,3.68,10.23,17.65,3.3,13.18,9.67,13.22,7.09,7.75,16.65,0.0,9.55,3.02,19.1,2.38,1.8,17.91,10.4,15.62,5.39,14.55,14.59,19.02,16.19,3.86,4.71,6.53,15.99,13.83,13.19,14.22,10.18,12.89,11.74,11.82,11.48,15.33,8.33,13.47,11.13,13.38,9.6,14.86,12.66,15.73,11.53,10.03,14.7,13.77,12.45,12.0,18.72,17.28,17.45,18.94,21.23,12.95,17.16,21.29,19.61,13.95,16.98,15.16,18.95,19.38,21.63,23.94,25.33,15.83,10.41,10.5,5.45,9.38,8.25,22.92,6.33,14.1,17.58,9.16,12.13,7.75,9.92,16.09,22.13,23.45,12.79,6.12,10.62,6.11,20.41,8.1,10.99,11.43,1.0,16.26,3.37,4.28,5.78,17.56,4.47,5.54,4.42,5.85,3.95,8.39,5.8,9.13,4.72,4.17,1.61,6.24,5.69,2.32,2.12,4.76,5.12,5.18,5.8,6.31,4.8,5.99,16.72,16.63,13.95,8.42,18.88,11.31,9.9,21.87,6.2,22.38,14.33,18.46,11.51,22.95,6.83,18.58,10.17,21.35,16.94,20.28,14.73,7.68,16.07
12.09,10.45,30.38,13.24,12.53,6.99,11.36,23.7,11.39,23.34,14.69,8.3,9.82,19.05,30.99,12.65,26.33,27.54,25.56,20.95,22.38,7.65,6.39,6.09,25.81,12.01,16.61,23.69,9.69,4.27,16.06,6.81,14.94,2.23,22.69,9.55,0.0,8.8,24.65,8.81,8.11,23.46,4.9,7.24,12.64,8.19,5.71,24.57,21.74,9.82,13.08,13.97,7.11,4.94,4.3,5.34,3.11,6.69,3.83,5.89,5.12,6.45,2.79,4.59,2.24,4.5,1.57,5.97,3.77,7.31,2.64,4.19,5.74,7.41,7.39,5.64,22.7,22.83,18.74,24.49,25.22,18.5,21.1,22.58,25.15,19.5,22.53,20.71,24.5,24.93,27.18,29.49,30.88,21.38,15.96,16.05,11.89,14.93,8.49,28.47,14.58,19.65,23.13,16.66,17.68,15.25,17.42,21.64,27.68,29.0,19.23,13.36,16.17,12.43,25.96,13.65,4.45,6.8,9.84,7.38,9.32,10.23,10.17,8.67,10.91,7.72,7.35,14.5,8.84,6.43,9.46,15.57,10.67,5.43,9.98,12.68,6.86,9.15,10.37,11.2,4.47,11.62,12.24,5.69,11.24,12.43,7.84,8.25,7.09,3.51,10.46,12.66,4.45,12.98,7.37,13.5,5.45,9.58,8.14,14.07,4.48,9.69,8.19,12.95,12.64,11.89,5.85,4.33,11.77
4.75,2.4,16.07,15.46,6.46,3.25,12.73,19.92,13.62,19.56,9.23,3.97,3.28,15.27,27.2,8.87,22.55,23.76,21.78,17.17,18.6,11.4,14.51,10.38,22.02,5.94,9.27,19.9,2.35,12.38,9.52,10.06,9.35,6.96,18.91,3.02,8.8,0.0,21.32,2.19,2.19,20.13,9.57,12.47,7.61,13.72,13.76,21.24,18.4,1.69,6.93,8.74,15.17,13.0,12.36,13.4,9.36,12.06,10.92,10.99,10.66,14.51,7.51,12.65,10.3,12.55,8.78,14.03,11.83,14.9,10.7,8.91,13.88,12.95,11.62,11.17,20.93,19.49,19.66,21.15,23.44,15.16,19.38,23.5,21.82,16.17,19.2,17.37,21.16,21.59,23.85,26.15,20.18,18.05,12.62,12.71,5.27,11.59,9.91,25.13,7.96,16.32,19.8,10.9,14.34,9.96,10.89,18.31,24.35,25.66,15.77,8.34,12.83,8.32,13.99,10.31,9.17,10.61,3.22,13.6,1.2,2.11,3.6,16.73,4.28,6.45,6.08,3.68,1.55,10.05,3.63,8.22,2.54,3.34,3.82,5.33,2.98,4.53,3.74,3.85,4.3,4.26,4.89,3.15,3.88,5.07,14.06,13.48,10.79,5.27,16.9,9.13,6.74,16.06,5.37,21.56,13.51,19.71,9.34,20.45,6.01,17.75,8.0,19.18,14.97,18.11,11.86,4.52,14.1
18.95,22.96,7.95,34.62,16.17,21.17,32.74,2.71,32.78,13.22,10.27,20.06,15.08,8.39,4.99,13.39,1.18,1.88,2.37,10.83,11.98,19.71,28.5,20.54,1.45,15.79,14.61,2.58,17.2,26.37,9.02,28.91,12.47,22.86,12.57,19.1,24.65,21.32,0.0,16.17,20.15,2.85,21.51,29.57,14.49,25.66,28.04,1.2,12.17,17.77,13.66,12.81,29.44,27.28,26.63,27.67,22.28,24.0,23.52,22.93,22.59,28.78,21.89,26.92,23.38,26.83,23.32,25.48,24.15,26.84,24.97,20.09,25.81,24.88,23.56,23.11,17.63,16.19,20.38,15.83,20.14,9.01,16.07,18.5,9.96,9.93,12.96,13.28,2.14,3.42,3.79,6.1,8.85,4.5,10.53,10.62,12.85,13.41,16.27,2.86,10.09,5.87,3.03,10.45,8.16,11.41,10.44,3.38,4.29,5.61,8.19,15.21,11.77,14.28,5.32,12.45,21.05,22.54,19.27,29.71,21.72,19.0,24.13,31.01,13.81,20.11,20.1,24.2,22.3,18.45,24.15,15.92,19.96,22.79,17.5,20.12,24.23,18.34,15.35,18.71,22.98,18.42,19.75,24.85,18.05,15.46,30.17,30.58,29.43,27.89,32.8,34.98,28.83,35.31,24.74,35.83,27.78,31.91,33.88,36.4,25.37,32.03,28.52,35.29,34.24,34.22,28.18,26.22,33.37
4.33,3.83,14.1,16.76,5.82,2.61,14.88,14.72,14.92,18.92,8.59,3.33,1.32,14.63,22.01,8.23,17.35,18.56,16.58,16.53,17.96,11.37,14.52,10.39,16.83,5.3,8.86,14.71,1.93,12.4,7.56,12.44,8.71,6.97,18.27,2.38,8.81,2.19,16.17,0.0,1.59,14.9,9.61,14.84,7.0,13.76,13.8,16.0,17.8,2.41,6.33,8.14,15.2,13.04,12.4,13.44,9.4,12.1,10.96,11.03,10.7,14.55,7.55,12.68,10.34,12.59,8.81,14.07,11.87,14.94,10.74,8.95,13.92,12.98,11.66,11.21,20.33,18.89,19.06,20.55,22.84,14.56,18.78,22.9,21.22,15.57,18.6,16.77,15.93,16.36,18.61,20.92,19.69,12.81,12.02,12.11,3.34,10.99,9.95,19.9,6.03,11.08,14.56,8.97,13.74,9.93,8.96,13.07,19.11,20.43,10.68,7.74,12.23,7.72,12.06,9.71,9.21,10.64,2.62,15.47,2.58,3.64,4.99,16.77,2.36,6.48,6.12,5.07,3.16,10.09,5.01,7.73,4.6,3.38,3.22,4.83,4.9,3.93,1.82,3.35,4.34,3.07,4.39,5.52,2.69,3.88,15.93,15.84,13.16,7.64,18.09,10.52,9.11,21.08,5.41,21.59,13.55,17.68,10.73,22.17,6.04,17.79,9.39,20.56,16.16,19.49,13.95,6.89,15.29
4.92,3.83,15.42,16.76,5.25,1.35,14.88,18.71,14.92,18.35,8.02,2.76,2.64,14.06,25.99,7.66,21.33,22.55,20.57,15.96,17.38,9.88,13.82,9.69,20.81,4.72,9.44,18.69,2.51,11.69,8.88,12.43,8.14,6.27,17.69,1.8,8.11,2.19,20.15,1.59,0.0,18.95,8.92,14.84,6.43,13.07,13.11,20.06,17.23,3.08,5.75,7.57,14.51,12.35,11.7,12.74,8.7,11.41,10.26,10.34,10.0,13.85,6.85,11.99,9.64,11.9,8.12,13.38,11.18,14.25,10.04,8.26,13.22,12.29,10.96,10.52,19.76,18.32,18.49,19.98,22.27,13.99,18.2,22.33,20.65,14.99,18.02,16.2,19.99,20.42,22.67,24.98,20.3,16.87,11.45,11.54,4.67,10.42,8.38,23.96,7.35,15.14,18.62,10.2,13.17,8.79,10.28,17.13,23.17,24.49,12.0,7.16,11.66,7.15,13.38,9.14,8.51,9.95,2.04,14.78,2.58,3.49,4.99,16.08,3.68,4.92,4.55,5.06,3.16,8.52,5.01,8.35,3.93,3.38,2.65,5.45,4.9,3.36,3.14,3.97,3.64,4.39,5.01,5.52,4.02,5.2,15.24,15.84,13.16,7.63,18.09,10.52,9.11,20.38,5.41,20.9,12.85,16.98,10.73,21.47,6.04,17.1,9.39,20.56,16.15,19.49,13.25,6.89,15.28
17.76,21.77,8.85,33.44,14.98,19.98,31.56,5.28,31.59,12.03,9.09,18.87,13.9,7.2,6.48,12.2,4.04,5.25,2.99,9.64,10.79,18.52,27.31,19.36,3.51,14.6,14.69,1.39,16.01,25.18,7.84,27.72,11.28,21.67,11.38,17.91,23.46,20.13,2.85,14.9,18.95,0.0,20.32,28.38,13.3,24.47,26.85,2.06,10.98,16.58,12.47,11.62,28.25,26.09,25.45,26.48,21.09,22.81,22.33,21.74,21.4,27.59,20.71,25.73,22.19,25.64,22.14,24.29,22.96,25.65,23.78,18.9,24.62,23.69,22.37,21.92,16.44,15.0,19.19,16.66,18.95,7.82,14.88,17.31,11.55,8.74,11.77,12.1,2.52,3.78,5.38,7.69,9.73,3.31,9.35,9.43,11.66,12.22,15.08,4.35,8.9,4.68,3.11,9.26,6.97,10.22,9.25,2.19,5.88,7.2,10.9,14.02,10.58,13.09,8.03,11.27,19.87,21.35,18.08,28.52,20.53,17.81,22.94,29.82,12.62,18.92,18.91,23.01,21.11,17.26,22.96,14.74,18.77,21.6,16.32,18.93,23.04,17.15,14.16,17.52,21.79,17.23,18.56,23.66,16.86,14.27,28.98,29.39,28.24,26.7,31.61,33.79,27.64,34.13,23.55,34.64,26.59,30.72,32.69,35.21,24.18,30.84,27.34,34.1,33.05,33.03,26.99,25.03,32.18
12.94,11.3,26.74,14.15,10.97,7.84,12.27,20.07,12.3,19.7,11.05,9.16,10.67,15.41,27.35,9.02,22.69,23.9,21.93,17.31,18.74,3.01,8.02,2.0,22.17,10.59,17.46,20.05,10.54,5.89,14.53,8.43,11.3,3.06,19.05,10.4,4.9,9.57,21.51,9.61,8.92,20.32,0.0,9.01,9.36,5.09,7.48,21.3,18.46,10.68,10.04,10.7,8.88,6.71,6.07,7.11,1.85,3.43,2.96,1.96,2.03,8.22,2.12,6.36,4.41,6.27,3.55,4.92,3.59,6.27,4.41,1.97,5.25,4.32,2.99,2.54,19.43,19.55,15.47,21.21,21.94,15.22,17.82,19.31,21.88,16.23,19.26,17.43,21.22,21.65,23.91,26.21,27.6,18.11,12.69,12.77,12.76,11.65,5.22,25.19,15.11,16.38,19.86,13.39,14.4,11.97,14.15,18.37,24.41,25.73,25.55,10.09,12.89,9.16,22.68,10.37,2.93,1.83,10.7,9.15,10.18,11.09,16.14,10.44,11.77,7.01,7.0,16.25,9.7,3.16,15.43,16.44,11.53,6.29,9.94,13.54,7.73,9.1,11.23,12.06,5.33,12.48,13.1,8.35,12.11,13.29,9.61,10.02,8.86,7.33,12.23,14.41,8.26,14.75,8.24,15.27,7.22,11.35,13.32,15.84,8.29,11.46,15.82,14.72,13.68,13.66,7.62,8.14,12.81
18.63,15.03,34.8,4.84,19.03,13.57,6.66,28.13,6.7,27.77,19.11,14.88,15.89,23.47,35.41,17.08,30.75,31.97,29.99,25.38,26.8,12.07,2.13,10.51,30.23,18.65,23.15,28.11,14.14,4.74,22.59,2.83,19.36,8.8,27.11,15.62,7.24,12.47,29.57,14.84,14.84,28.38,9.01,0.0,17.34,12.17,4.99,29.28,26.44,13.48,18.02,18.68,8.32,4.34,3.94,3.12,8.22,10.67,5.61,9.87,6.41,6.27,10.1,3.67,6.52,4.57,8.14,5.8,5.55,7.14,4.83,9.95,6.24,7.4,11.37,7.26,27.41,27.53,23.45,29.19,29.92,23.2,25.8,27.29,29.86,24.21,27.24,25.41,29.2,29.63,31.89,34.19,35.58,26.09,20.67,20.75,17.92,19.63,13.2,33.17,20.61,24.36,27.84,21.37,22.38,19.95,22.13,26.35,32.39,33.71,29.61,18.07,20.87,17.14,30.66,18.35,10.91,10.78,15.87,2.48,14.69,13.9,13.94,9.43,16.94,14.99,14.98,15.61,11.05,11.14,13.22,22.06,16.36,11.46,17.92,19.17,10.37,17.08,16.4,17.61,11.04,17.65,18.72,9.45,17.27,18.46,2.94,1.31,3.13,7.88,3.97,10.61,9.36,4.94,11.72,6.86,2.53,3.08,7.58,7.43,9.39,3.93,7.6,6.46,5.02,5.39,2.66,8.09,7.07
10.33,9.25,19.72,22.61,2.46,7.46,20.73,13.05,20.77,12.68,3.58,6.34,8.06,8.39,20.33,1.99,15.67,16.88,14.91,10.29,11.72,7.69,16.48,8.53,15.15,2.07,14.85,13.03,7.93,14.35,6.94,16.9,3.71,10.84,12.03,5.39,12.64,7.61,14.49,7.0,6.43,13.3,9.36,17.34,0.0,13.43,15.81,14.4,11.56,8.49,2.46,3.19,17.21,15.05,14.41,15.44,10.05,11.77,11.29,10.7,10.36,16.55,9.67,14.69,11.15,14.6,11.1,13.25,11.92,14.61,12.75,7.86,13.58,12.65,11.33,10.88,14.09,12.66,12.83,14.31,16.61,8.32,12.54,16.67,14.98,9.33,12.36,10.53,14.33,14.75,17.01,19.32,20.7,11.21,5.79,5.88,10.08,4.75,4.04,18.3,7.57,9.48,12.96,5.84,7.51,4.43,6.6,11.47,17.51,18.83,18.65,1.5,5.99,1.49,15.78,3.48,8.83,10.31,5.55,17.48,8.0,8.91,10.41,18.78,9.1,7.88,6.72,10.48,8.58,6.22,10.43,13.76,9.35,9.1,3.78,10.87,10.54,4.61,6.67,9.39,9.29,9.81,10.43,11.16,9.43,10.62,17.94,18.35,17.2,13.27,20.57,15.93,16.6,23.09,11.04,23.6,15.55,19.68,16.14,24.17,11.68,19.8,14.8,23.06,22.01,21.99,15.95,12.52,21.14
17.09,15.44,30.89,17.96,15.12,11.99,15.55,24.21,15.59,23.85,15.2,13.31,14.82,19.56,31.5,13.16,26.84,28.05,26.07,21.46,20.37,5.8,12.67,4.8,26.32,14.74,21.61,24.2,14.68,9.18,18.67,11.72,15.45,7.21,21.49,14.55,8.19,13.72,25.66,13.76,13.07,24.47,5.09,12.17,13.43,0.0,7.8,25.09,22.26,14.48,13.83,14.5,8.77,9.27,9.13,9.66,5.64,6.5,6.0,3.14,3.49,7.62,5.91,9.42,7.47,9.02,8.53,3.95,4.43,3.78,7.47,5.77,2.76,1.71,2.0,2.84,20.94,20.74,16.98,22.21,23.46,19.02,19.34,20.82,25.68,20.03,23.06,18.61,25.02,25.45,27.71,30.01,31.4,21.91,16.48,16.57,16.55,15.45,9.01,28.99,18.91,20.17,23.66,17.19,18.2,15.77,17.95,22.17,28.21,29.52,29.35,13.88,16.69,12.95,26.48,14.17,6.73,2.98,14.5,12.77,13.98,14.89,19.2,9.23,15.57,10.81,10.8,19.31,13.5,6.96,18.49,20.23,15.33,10.09,13.73,17.34,11.52,12.9,15.03,15.86,9.13,16.28,16.9,12.14,15.9,17.09,12.75,15.59,11.92,10.39,15.38,17.47,11.33,13.22,12.03,13.73,10.28,14.5,16.38,14.3,11.36,9.93,18.88,15.31,18.07,16.8,10.68,11.21,15.87
17.13,17.89,33.27,11.61,17.5,12.03,10.5,26.59,10.54,26.23,17.58,13.34,14.86,21.94,33.88,15.54,29.22,30.43,28.45,23.84,25.27,10.54,3.32,8.98,28.7,17.12,24.49,26.58,14.73,5.06,21.05,6.67,17.83,7.27,25.58,14.59,5.71,13.76,28.04,13.8,13.11,26.85,7.48,4.99,15.81,7.8,0.0,27.74,24.9,14.85,16.48,17.14,1.4,2.01,4.23,2.17,6.68,9.13,4.07,5.4,4.87,1.74,8.56,4.52,4.97,2.22,6.6,1.9,2.96,3.79,3.47,8.41,2.89,4.05,4.25,4.58,25.87,25.99,21.91,27.65,28.38,21.66,24.26,25.75,28.32,22.67,25.7,23.87,27.66,28.09,30.35,32.65,34.04,24.55,19.12,19.21,16.92,18.09,11.66,31.63,21.55,22.82,26.3,19.83,20.84,18.41,20.59,24.81,30.85,32.16,31.99,16.53,19.33,15.6,29.12,16.81,9.37,9.24,14.87,6.47,14.35,15.26,17.28,3.61,15.94,13.45,13.44,17.39,13.87,9.6,16.57,20.6,15.7,10.46,16.37,17.71,11.9,15.54,15.4,16.23,9.5,16.65,17.27,10.64,16.27,17.46,6.46,9.29,7.02,8.46,9.09,15.55,9.4,6.92,12.4,7.44,5.38,8.2,11.48,8.01,9.43,3.63,11.49,9.01,11.77,10.51,5.78,9.28,10.97
17.42,22.88,7.35,34.54,16.09,21.09,32.66,1.55,32.7,13.14,10.19,19.97,15.0,8.31,4.82,13.31,2.38,3.07,1.21,10.75,11.9,19.63,28.41,20.46,1.86,15.71,13.46,1.79,17.12,26.29,8.94,28.83,12.39,22.78,12.49,19.02,24.57,21.24,1.2,16.0,20.06,2.06,21.3,29.28,14.4,25.09,27.74,0.0,11.99,17.59,13.48,12.63,29.26,27.1,26.46,27.49,22.1,23.82,23.34,22.75,22.41,28.6,21.72,26.74,23.2,26.65,23.15,25.3,23.97,26.66,24.8,19.91,25.63,24.7,23.38,22.93,17.45,16.01,20.2,16.23,19.96,8.83,15.89,18.32,10.36,9.75,12.78,13.11,1.59,2.28,4.19,6.5,8.23,3.71,10.36,10.44,12.68,13.23,16.09,2.69,9.91,5.69,2.47,10.27,7.98,11.23,10.26,2.58,4.69,6.01,7.06,15.03,11.59,14.1,4.19,12.28,20.88,22.36,19.09,29.53,21.54,18.82,23.95,30.83,13.63,19.93,19.92,24.02,22.12,18.27,23.97,14.31,19.78,22.61,17.33,18.5,24.05,18.16,15.17,18.53,22.8,18.24,19.57,24.67,17.87,15.28,29.99,30.4,29.25,27.71,32.62,34.8,28.65,35.14,24.56,35.65,27.6,31.73,33.7,36.22,25.19,31.85,28.35,35.11,34.06,34.04,28.0,26.04,33.19
21.13,20.05,17.4,31.71,13.25,18.25,29.83,10.72,29.86,1.63,10.65,17.14,18.85,5.92,18.0,9.91,12.5,12.93,12.58,1.22,1.64,16.79,25.58,17.05,12.82,12.87,19.64,10.7,18.72,23.45,12.79,26.0,11.49,19.94,1.25,16.19,21.74,18.4,12.17,17.8,17.23,10.98,18.46,26.44,11.56,22.26,24.9,11.99,0.0,19.24,10.7,9.85,26.46,24.3,23.66,24.7,19.3,21.02,20.54,19.95,19.62,25.81,18.92,23.94,20.4,23.85,20.35,22.5,21.17,23.86,22.0,17.12,22.84,21.9,20.58,20.13,6.86,5.42,7.84,6.58,9.37,3.48,5.31,7.74,3.46,2.24,1.26,2.52,11.9,12.32,10.43,8.1,18.27,8.7,7.76,7.03,16.52,7.14,13.29,15.87,13.75,9.54,10.53,14.12,6.98,12.15,14.11,8.96,10.08,8.55,16.22,12.23,5.57,11.3,13.35,9.2,18.08,18.24,16.29,26.73,18.74,19.65,21.15,28.03,17.48,17.13,17.12,21.23,19.32,15.48,21.17,19.59,20.09,19.81,14.53,21.61,21.25,15.36,19.02,20.13,20.0,20.55,21.17,21.87,20.18,19.13,27.19,27.6,26.45,24.92,29.82,32.0,25.85,32.34,21.76,32.85,24.81,28.94,30.91,33.42,22.39,29.05,25.55,32.31,31.26,31.24,25.21,23.24,30.39
3.55,3.34,18.44,16.4,7.31,4.1,13.67,16.32,14.55,20.41,10.08,4.82,2.92,16.12,23.6,9.72,18.95,20.16,18.18,18.02,19.45,12.41,15.53,11.4,18.43,6.78,8.07,16.31,1.14,13.4,9.16,11.07,10.2,7.97,19.76,3.86,9.82,1.69,17.77,2.41,3.08,16.58,10.68,13.48,8.49,14.48,14.85,17.59,19.24,0.0,7.73,9.55,16.18,14.02,13.38,14.41,10.37,13.08,11.93,12.01,11.67,15.52,8.52,13.66,11.32,13.57,9.79,15.05,12.85,15.92,11.71,9.93,14.89,13.96,12.64,12.19,21.73,20.29,20.46,21.95,24.25,15.96,20.18,24.3,22.62,16.97,20.0,18.17,17.52,17.95,20.21,22.51,18.98,14.41,13.43,13.51,4.94,12.39,10.92,21.49,7.63,12.68,16.16,10.57,15.15,11.52,10.56,14.67,20.71,22.03,14.57,9.14,13.63,9.13,13.66,11.11,10.18,11.62,4.02,14.62,2.05,1.72,4.46,17.75,3.95,7.46,7.09,4.53,2.57,11.06,4.48,7.02,2.16,4.36,4.62,4.12,3.99,5.34,3.41,2.64,5.31,3.05,3.68,4.17,2.68,3.87,15.08,14.49,11.81,6.28,17.75,9.98,7.76,17.07,6.39,22.57,14.52,20.56,10.19,21.3,7.02,18.77,8.85,20.03,15.82,18.96,12.87,5.54,14.95
9.66,8.57,18.89,21.76,1.78,6.78,19.88,12.22,19.91,11.87,2.09,5.67,7.38,7.56,19.5,1.76,14.84,16.06,14.08,9.48,10.91,8.37,17.15,9.2,14.32,1.4,12.21,12.2,7.25,15.03,5.06,17.57,1.83,11.24,11.22,4.71,13.08,6.93,13.66,6.33,5.75,12.47,10.04,18.02,2.46,13.83,16.48,13.48,10.7,7.73,0.0,1.68,17.94,15.78,15.14,16.17,10.78,12.5,12.02,11.43,11.09,17.29,10.4,15.42,11.88,15.33,11.83,13.98,12.65,15.34,13.48,8.59,14.31,13.38,12.06,11.61,13.23,11.79,13.07,13.45,15.74,7.46,11.67,14.1,14.12,8.46,11.5,9.67,14.57,15.0,17.25,19.56,20.95,11.45,6.03,6.12,9.41,3.89,4.77,18.54,5.62,9.72,13.2,3.9,7.75,2.48,4.66,11.71,17.75,19.07,11.63,3.19,5.13,2.22,16.03,3.72,9.56,11.04,4.87,18.21,7.32,8.23,9.73,19.51,8.42,7.16,6.04,9.8,7.9,6.96,9.75,13.09,8.67,8.42,3.11,10.19,9.86,3.94,5.99,8.71,8.61,9.13,9.75,10.48,8.76,9.94,18.67,19.08,17.93,12.59,21.3,15.26,14.07,23.82,10.37,24.33,16.28,20.41,15.47,24.9,11.0,20.53,14.13,23.79,21.11,22.72,16.69,11.85,20.24
11.47,10.39,18.04,23.95,3.59,8.6,22.07,11.36,22.1,11.02,1.41,7.48,9.2,6.71,18.65,1.71,13.99,15.2,13.22,8.63,10.06,9.03,17.82,9.86,13.47,3.21,12.34,11.35,9.06,15.69,5.19,18.23,1.96,12.18,10.36,6.53,13.97,8.74,12.81,8.14,7.57,11.62,10.7,18.68,3.19,14.5,17.14,12.63,9.85,9.55,1.68,0.0,19.06,16.9,16.26,17.3,11.9,13.62,13.14,12.55,12.22,18.41,11.52,16.54,13.0,16.45,12.95,15.1,13.77,16.46,14.6,9.72,15.43,14.5,13.18,12.73,12.38,10.94,10.0,12.6,14.89,6.6,10.82,13.25,13.26,7.61,10.64,8.82,12.93,13.36,15.61,17.92,19.31,9.81,4.39,4.48,9.23,3.04,5.89,16.9,5.75,8.08,11.56,4.03,6.11,2.62,4.79,10.07,16.11,17.43,17.26,4.83,4.27,3.9,14.39,2.08,10.68,12.16,6.73,19.33,9.18,10.09,11.59,20.63,10.19,9.73,9.72,11.67,9.76,8.08,11.61,12.3,10.53,12.41,4.97,12.05,13.85,5.8,7.85,10.57,12.6,10.99,11.61,14.47,10.62,11.84,19.79,20.2,19.05,17.52,22.42,24.6,18.45,24.94,14.36,25.45,17.41,21.53,23.51,26.02,14.99,21.65,15.99,24.91,23.86,23.84,17.81,15.84,22.99
18.53,19.29,34.67,12.59,18.9,13.43,11.9,28.0,11.94,27.63,18.98,14.74,16.26,23.34,35.28,16.95,30.62,31.83,29.86,25.24,26.67,11.94,4.72,10.38,30.1,18.52,25.89,27.98,16.13,6.46,22.46,8.07,19.23,8.67,26.98,15.99,7.11,15.17,29.44,15.2,14.51,28.25,8.88,8.32,17.21,8.77,1.4,29.26,26.46,16.18,17.94,19.06,0.0,3.41,5.63,3.57,8.08,10.53,5.47,6.8,6.27,3.14,9.96,5.92,6.38,3.62,8.0,3.3,4.36,5.19,4.87,9.81,4.29,5.45,5.66,5.98,27.27,27.39,23.31,29.05,29.78,23.06,25.66,27.15,29.72,24.07,27.1,25.27,29.07,29.49,31.75,34.05,35.44,25.95,20.53,20.61,18.33,19.49,13.06,33.04,22.95,24.22,27.7,21.23,22.25,19.82,21.99,26.21,32.25,33.57,33.39,17.93,20.73,17.0,30.52,18.22,10.78,10.64,16.28,7.44,15.75,16.66,18.68,4.58,17.34,14.85,14.84,18.79,15.27,11.0,17.97,22.01,17.1,11.86,17.78,19.11,13.3,16.95,16.8,17.63,10.9,18.05,18.67,12.04,17.68,18.86,7.43,10.27,8.42,9.86,10.06,16.95,10.8,7.89,13.81,8.41,6.78,9.18,12.88,8.98,10.83,4.61,12.9,9.99,12.75,11.48,7.18,10.68,12.37
16.37,17.13,32.51,9.28,16.74,11.27,9.74,25.83,9.78,25.47,16.82,12.58,14.1,21.18,33.11,14.78,28.46,29.67,27.69,23.08,24.51,9.78,2.67,8.22,27.94,16.36,23.73,25.82,13.96,4.3,20.29,5.91,17.07,6.51,24.82,13.83,4.94,13.0,27.28,13.04,12.35,26.09,6.71,4.34,15.05,9.27,2.01,27.1,24.3,14.02,15.78,16.9,3.41,0.0,3.48,1.48,5.93,8.37,3.31,4.77,4.12,3.17,7.8,3.76,4.22,1.47,5.85,2.69,2.2,4.03,2.71,7.66,3.13,4.29,4.5,3.83,25.11,25.24,21.16,26.9,27.63,20.91,23.51,24.99,27.57,21.91,24.94,23.12,26.91,27.34,29.59,31.9,33.29,23.79,18.37,18.46,16.17,17.34,10.9,30.88,20.8,22.06,25.54,19.08,20.09,17.66,19.84,24.05,30.09,31.41,31.24,15.77,18.58,14.84,28.37,16.06,8.62,8.48,14.12,3.67,13.6,14.51,16.53,5.39,15.18,12.7,12.69,16.63,13.11,8.85,15.81,19.85,14.95,9.7,15.62,16.95,11.14,14.79,14.64,15.47,8.75,15.89,16.51,9.89,15.52,16.71,4.13,5.34,6.27,7.71,6.76,14.8,8.64,6.13,11.65,10.21,4.62,5.88,10.72,10.78,8.67,6.41,10.74,9.25,9.45,8.18,5.02,8.52,10.21
15.73,16.49,31.87,9.21,16.09,10.63,7.33,25.19,7.36,24.83,16.17,11.94,13.45,20.54,32.47,14.14,27.82,29.03,27.05,22.44,23.87,9.13,4.71,7.57,27.29,15.71,23.09,25.17,13.32,1.15,19.65,3.49,16.42,5.87,24.18,13.19,4.3,12.36,26.63,12.4,11.7,25.45,6.07,3.94,14.41,9.13,4.23,26.46,23.66,13.38,15.14,16.26,5.63,3.48,0.0,3.86,5.33,7.77,2.72,6.98,3.52,4.97,7.2,1.25,3.62,3.01,5.25,4.49,2.65,5.83,1.94,7.06,4.93,8.5,8.47,4.36,24.51,24.64,20.56,26.3,27.03,20.31,22.91,24.4,26.97,21.31,24.34,22.52,26.31,26.74,28.99,31.3,32.69,23.2,17.77,17.86,15.57,16.74,10.3,30.28,20.2,21.46,24.95,18.48,19.49,17.06,19.24,23.45,29.49,30.81,30.64,15.17,17.98,14.24,27.77,15.46,8.02,7.88,13.52,5.03,13.0,13.91,15.93,7.19,14.59,12.1,12.09,16.03,11.68,8.25,15.21,19.25,14.35,9.1,15.02,16.36,10.54,14.19,14.04,14.88,8.15,15.29,15.91,10.08,14.92,16.11,5.49,4.91,3.76,7.11,7.56,14.2,8.04,7.49,11.05,9.41,2.11,6.68,8.21,9.98,8.07,6.48,8.23,10.05,8.57,8.99,2.51,8.72,7.7
16.77,17.52,32.91,8.06,17.13,11.67,8.43,26.23,8.47,25.87,17.21,12.98,14.49,21.58,33.51,15.18,28.85,30.07,28.09,23.48,24.9,10.17,1.45,8.61,28.33,16.75,24.13,26.21,14.36,4.69,20.69,4.6,17.46,6.91,25.21,14.22,5.34,13.4,27.67,13.44,12.74,26.48,7.11,3.12,15.44,9.66,2.17,27.49,24.7,14.41,16.17,17.3,3.57,1.48,3.86,0.0,6.33,8.77,3.71,5.17,4.52,3.57,8.2,4.16,4.62,1.87,6.25,3.09,2.6,4.43,3.11,8.06,3.53,4.69,4.9,4.23,25.51,25.64,21.56,27.3,28.03,21.31,23.91,25.4,27.97,22.31,25.34,23.52,27.31,27.74,29.99,32.3,33.69,24.2,18.77,18.86,16.57,17.74,11.3,31.28,21.2,22.46,25.94,19.48,20.49,18.06,20.24,24.45,30.49,31.81,31.64,16.17,18.98,15.24,28.77,16.46,9.02,8.88,14.52,2.47,14.0,14.91,16.93,5.79,15.59,13.1,13.09,17.03,13.52,9.25,16.21,20.25,15.35,10.1,16.02,17.36,11.54,15.19,15.04,15.87,9.15,16.29,16.91,10.29,15.92,17.11,2.93,4.14,4.91,8.11,5.56,15.2,9.04,4.92,12.05,6.84,4.31,4.67,9.36,7.42,9.07,3.92,9.38,8.05,8.24,6.98,4.44,8.92,8.85
12.73,11.08,27.51,13.49,11.74,7.63,11.61,20.83,11.65,20.47,11.82,8.94,10.45,16.18,28.12,9.78,23.46,24.67,22.69,18.08,19.51,4.78,7.36,3.22,22.94,11.36,17.25,20.82,10.32,5.23,15.29,7.78,12.07,2.85,19.82,10.18,3.11,9.36,22.28,9.4,8.7,21.09,1.85,8.22,10.05,5.64,6.68,22.1,19.3,10.37,10.78,11.9,8.08,5.93,5.33,6.33,0.0,4.34,2.75,3.27,2.93,9.13,1.85,7.26,2.06,7.17,2.01,5.46,4.13,7.18,5.32,2.14,6.15,5.22,3.9,3.45,20.3,20.42,16.34,22.08,22.81,16.09,18.69,20.18,22.75,17.1,20.13,18.3,22.09,22.52,24.78,27.08,28.47,18.98,13.55,13.64,12.49,12.52,6.09,26.06,15.98,17.25,20.73,14.26,15.27,12.84,15.02,19.24,25.28,26.59,26.42,10.95,13.76,10.03,23.55,11.24,3.1,3.48,10.44,10.05,9.92,10.83,12.33,11.35,11.5,7.88,7.87,12.4,9.43,4.03,12.35,16.17,11.27,6.02,10.8,13.27,7.46,9.97,10.96,11.79,5.07,12.21,12.83,8.08,11.84,13.03,10.51,10.92,9.77,6.58,13.14,15.32,7.51,15.66,7.97,16.17,8.12,12.25,14.22,16.74,7.54,12.37,16.73,15.63,14.58,14.56,8.53,7.39,13.71
15.43,13.78,29.23,15.94,13.46,10.33,14.06,22.55,14.09,22.19,13.54,11.65,13.16,17.9,29.83,11.5,25.18,26.39,24.41,19.8,21.23,6.5,9.81,4.94,24.66,13.07,19.95,22.54,13.02,7.68,17.01,10.22,13.78,5.55,21.54,12.89,6.69,12.06,24.0,12.1,11.41,22.81,3.43,10.67,11.77,6.5,9.13,23.82,21.02,13.08,12.5,13.62,10.53,8.37,7.77,8.77,4.34,0.0,19.25,21.29,20.52,21.87,21.51,20.01,18.52,19.92,19.58,21.39,19.19,22.73,18.06,21.37,21.16,22.81,22.78,21.03,38.82,38.95,34.86,40.61,41.34,34.62,37.22,38.7,41.28,35.62,38.65,36.83,40.62,41.05,43.3,45.61,29.14,37.5,32.08,32.17,19.13,31.05,24.61,44.59,21.82,35.77,39.25,24.76,33.8,23.82,24.75,37.76,43.8,45.12,26.72,22.2,32.29,22.19,30.1,29.77,22.33,22.19,17.08,22.8,13.46,15.06,12.71,24.09,18.14,20.39,20.02,12.82,15.49,22.56,12.0,20.48,15.43,17.28,17.68,17.58,15.76,18.4,17.6,16.03,18.24,18.12,17.14,14.85,17.75,18.55,23.26,23.33,18.8,13.27,18.75,10.98,14.75,23.96,17.12,25.0,20.87,21.56,13.73,22.29,14.78,25.11,12.39,21.02,16.81,19.95,21.27,13.48,15.94
14.29,16.02,28.75,10.88,12.98,9.19,9.0,22.08,9.03,21.72,13.06,11.18,12.01,17.42,29.36,11.03,24.7,25.92,23.94,19.33,20.75,6.02,4.75,4.46,24.18,12.6,18.81,22.06,11.88,3.55,16.54,5.16,13.31,4.43,21.06,11.74,3.83,10.92,23.52,10.96,10.26,22.33,2.96,5.61,11.29,6.0,4.07,23.34,20.54,11.93,12.02,13.14,5.47,3.31,2.72,3.71,2.75,19.25,0.0,3.16,1.32,4.82,3.61,2.96,1.78,2.87,2.66,3.01,1.39,4.35,1.91,4.04,3.36,5.46,3.36,2.16,21.49,21.62,17.53,23.27,24.0,17.28,19.89,21.37,23.94,18.29,21.32,19.49,23.29,23.72,25.97,28.28,29.67,20.17,14.75,14.84,14.07,13.72,7.28,27.26,17.18,18.44,21.92,15.45,16.47,14.04,16.21,20.43,26.47,27.79,27.61,12.15,14.95,11.22,24.74,12.44,5.0,4.85,12.02,5.75,11.49,12.41,15.34,7.05,13.08,9.07,9.06,15.44,11.01,5.22,14.62,17.75,12.84,7.6,12.0,14.85,9.04,11.17,12.54,13.37,6.64,13.79,14.41,8.7,13.42,14.61,6.21,6.62,5.47,6.52,8.84,13.61,7.45,11.35,9.55,11.87,3.82,7.95,9.92,12.44,7.48,8.07,9.94,11.33,10.28,10.26,4.22,7.33,9.41
14.36,12.71,28.16,15.14,12.39,9.26,13.26,21.48,13.29,19.54,12.47,10.58,12.09,16.83,28.76,10.43,24.11,25.32,23.34,18.73,17.73,3.16,6.2,2.15,23.58,12.0,18.88,21.46,11.95,6.88,15.94,9.43,12.71,4.48,18.85,11.82,5.89,10.99,22.93,11.03,10.34,21.74,1.96,9.87,10.7,3.14,5.4,22.75,19.95,12.01,11.43,12.55,6.8,4.77,6.98,5.17,3.27,21.29,3.16,0.0,1.81,4.71,3.57,7.43,3.86,4.31,5.0,4.1,2.88,3.93,5.48,3.42,2.91,2.55,1.54,1.84,18.81,18.61,14.86,20.08,21.33,16.67,17.21,18.69,23.33,17.68,19.58,16.49,22.68,23.1,25.36,27.66,29.05,19.56,14.14,14.23,14.21,13.1,6.67,26.65,16.57,17.83,21.31,14.84,15.86,13.43,15.6,19.82,25.86,27.18,27.0,11.54,14.34,10.61,24.13,11.83,4.39,1.24,12.16,7.21,11.63,12.55,17.21,7.68,13.22,8.46,8.45,17.32,11.15,4.61,16.5,17.89,12.98,7.74,11.39,14.99,9.18,10.56,12.68,13.51,6.79,13.93,14.55,9.8,13.56,14.75,7.67,11.09,9.94,8.4,10.3,15.48,9.34,11.99,9.69,12.5,8.29,9.42,14.39,13.08,9.37,8.7,16.89,14.08,14.75,11.72,8.69,9.22,13.88
14.02,12.38,27.82,11.68,12.05,8.93,9.8,21.15,9.83,20.79,12.13,10.25,11.75,16.49,28.43,10.1,23.77,24.99,23.01,18.4,19.82,5.09,5.55,3.53,23.25,11.67,18.55,21.13,11.62,4.35,15.61,5.97,12.38,4.14,20.13,11.48,5.12,10.66,22.59,10.7,10.0,21.4,2.03,6.41,10.36,3.49,4.87,22.41,19.62,11.67,11.09,12.22,6.27,4.12,3.52,4.52,2.93,20.52,1.32,1.81,0.0,4.09,3.27,3.76,2.06,3.32,2.94,3.22,1.89,4.23,2.71,3.12,3.2,2.84,2.04,1.25,20.58,20.7,16.62,22.36,23.09,16.37,18.97,20.46,23.03,17.38,20.41,18.58,22.37,22.8,25.06,27.36,28.75,19.26,13.84,13.92,13.91,12.8,6.37,26.34,16.26,17.53,21.01,14.54,15.55,13.12,15.3,19.52,25.56,26.88,26.7,11.24,14.04,10.31,23.83,11.52,4.08,3.94,11.85,6.55,11.33,12.24,16.55,7.85,12.92,8.16,8.15,16.65,10.85,4.31,15.83,17.59,12.68,7.44,11.09,14.69,8.88,10.25,12.38,13.21,6.48,13.63,14.25,9.5,13.26,14.44,7.01,7.42,6.27,7.73,9.64,14.82,8.67,12.16,9.38,12.67,4.63,8.75,10.72,13.24,8.7,8.87,16.23,12.13,11.08,11.06,5.03,8.55,10.21
17.88,18.64,34.02,13.31,18.24,12.78,11.25,27.34,11.28,26.98,18.32,14.09,15.6,22.69,34.62,16.29,29.96,31.18,29.2,24.59,26.01,11.28,4.6,6.74,29.44,17.86,25.24,27.32,15.47,5.8,21.8,7.41,18.57,8.02,26.32,15.33,6.45,14.51,28.78,14.55,13.85,27.59,8.22,6.27,16.55,7.62,1.74,28.6,25.81,15.52,17.29,18.41,3.14,3.17,4.97,3.57,9.13,21.87,4.82,4.71,4.09,0.0,9.15,5.11,5.57,2.82,7.2,1.45,2.49,3.08,4.06,9.01,2.18,3.34,3.54,4.12,26.46,26.59,22.5,28.25,28.98,22.26,24.86,26.34,28.92,23.26,26.29,24.47,28.26,28.69,30.94,33.25,34.64,25.14,19.72,19.81,17.52,18.69,12.25,32.23,22.15,23.41,26.89,20.42,21.44,19.01,21.18,25.4,31.44,32.76,32.59,17.12,19.93,16.19,29.72,17.41,9.97,5.39,15.47,7.87,14.95,15.86,17.87,4.01,16.53,14.04,14.03,17.98,14.46,10.2,17.16,21.2,16.3,11.05,16.97,18.3,12.49,16.14,15.99,16.82,10.1,17.24,17.86,11.24,16.87,18.06,7.86,10.69,7.62,9.06,10.48,16.15,9.99,8.32,13.0,8.83,5.97,9.6,12.07,9.41,10.02,5.03,12.09,10.41,13.17,11.91,6.37,9.87,11.56
10.88,9.23,27.13,15.36,11.35,5.78,13.48,20.45,13.52,20.09,11.43,7.09,8.6,15.8,27.73,9.4,23.08,24.29,22.31,17.7,19.13,4.39,9.23,2.83,22.55,10.97,15.4,20.43,8.47,7.11,14.91,9.65,11.68,0.99,19.44,8.33,2.79,7.51,21.89,7.55,6.85,20.71,2.12,10.1,9.67,5.91,8.56,21.72,18.92,8.52,10.4,11.52,9.96,7.8,7.2,8.2,1.85,21.51,3.61,3.57,3.27,9.15,0.0,7.48,2.95,7.39,2.87,6.04,4.71,7.39,5.53,1.75,6.37,5.44,4.11,3.66,19.91,20.04,15.96,21.7,22.43,15.71,18.31,19.79,22.37,16.71,19.74,17.92,21.71,22.14,24.39,26.7,28.09,18.59,13.17,13.26,10.64,12.14,5.7,25.68,13.33,16.86,20.34,13.88,14.89,12.46,14.64,18.85,24.89,26.21,17.97,10.57,13.38,9.64,23.17,10.86,1.96,3.1,8.59,10.27,8.07,8.98,10.48,11.56,9.65,6.47,6.1,10.55,7.58,3.65,10.5,14.32,9.42,4.17,8.72,11.42,5.61,7.89,9.11,9.94,3.22,10.36,10.98,6.23,9.99,11.18,10.73,11.14,9.98,6.33,13.35,15.53,7.27,15.87,6.12,16.39,8.34,12.47,14.44,16.96,6.75,12.58,11.01,15.84,14.8,14.78,8.74,7.6,13.93
16.01,16.77,32.15,8.93,16.38,10.91,7.05,25.48,7.09,25.11,16.46,12.22,13.74,20.82,32.76,14.43,28.1,29.31,27.34,22.72,24.15,9.42,4.44,7.86,27.58,16.0,23.37,25.46,13.61,2.09,19.94,3.22,16.71,6.15,24.46,13.47,4.59,12.65,26.92,12.68,11.99,25.73,6.36,3.67,14.69,9.42,4.52,26.74,23.94,13.66,15.42,16.54,5.92,3.76,1.25,4.16,7.26,20.01,2.96,7.43,3.76,5.11,7.48,0.0,3.83,3.22,5.45,4.69,2.86,6.03,2.14,7.26,5.14,8.7,8.68,4.57,24.72,24.84,20.76,26.5,27.23,20.51,23.11,24.6,27.17,21.52,24.55,22.72,26.51,26.94,29.2,31.5,32.89,23.4,17.98,18.06,15.78,16.94,10.51,30.48,20.4,21.67,25.15,18.68,19.7,17.27,19.44,23.66,29.7,31.02,30.84,15.38,18.18,14.45,27.97,15.66,8.23,8.09,13.72,4.8,13.2,14.11,16.13,7.4,14.79,12.3,12.29,16.24,11.44,8.45,15.42,19.46,14.55,9.31,15.23,16.56,10.75,14.4,14.25,15.08,8.35,15.5,16.12,9.85,15.13,16.31,5.26,4.67,3.52,7.31,7.33,14.4,8.25,7.25,11.26,9.17,1.16,6.44,7.98,9.74,8.28,6.25,7.99,9.82,8.33,8.75,2.28,8.48,7.46
13.67,12.02,28.61,11.78,12.84,8.57,9.9,21.93,9.94,21.57,12.92,9.88,11.39,17.28,29.21,10.88,24.56,25.77,23.79,19.18,20.61,5.87,5.65,4.32,24.03,12.45,18.19,21.91,11.26,3.52,16.39,6.07,13.16,3.81,20.92,11.13,2.24,10.3,23.38,10.34,9.64,22.19,4.41,6.52,11.15,7.47,4.97,23.2,20.4,11.32,11.88,13.0,6.38,4.22,3.62,4.62,2.06,18.52,1.78,3.86,2.06,5.57,2.95,3.83,0.0,3.79,1.97,4.46,2.84,5.56,1.93,3.2,4.42,7.34,3.83,2.91,21.36,21.49,17.4,23.15,23.88,17.16,19.76,21.24,23.82,18.16,21.19,19.37,23.16,23.59,25.84,28.15,29.54,20.04,14.62,14.71,13.4,13.59,7.15,27.13,16.09,18.31,21.79,15.32,16.34,13.91,16.08,20.3,26.34,27.66,20.74,12.02,14.83,11.09,24.62,12.31,4.16,6.73,11.35,6.66,10.83,11.74,14.32,7.96,12.42,8.95,8.86,14.43,10.35,5.1,13.61,17.08,12.18,6.93,11.48,14.19,8.37,10.65,11.87,12.71,5.98,13.12,13.74,7.12,12.75,13.94,7.13,7.54,6.38,4.94,9.75,12.59,5.87,12.27,8.88,12.79,4.74,8.87,10.84,13.36,5.9,8.98,9.61,12.24,11.2,11.18,5.14,5.75,10.33
15.92,16.68,32.06,9.51,16.29,10.82,9.29,25.38,9.33,25.02,16.37,12.13,13.65,20.73,32.67,14.33,28.01,29.22,27.24,22.63,24.06,9.33,2.9,7.77,27.49,15.91,23.28,25.37,13.52,3.85,19.84,5.46,16.62,6.06,24.37,13.38,4.5,12.55,26.83,12.59,11.9,25.64,6.27,4.57,14.6,9.02,2.22,26.65,23.85,13.57,15.33,16.45,3.62,1.47,3.01,1.87,7.17,19.92,2.87,4.31,3.32,2.82,7.39,3.22,3.79,0.0,4.38,3.68,1.79,5.02,1.25,6.19,3.75,7.63,7.6,3.49,23.65,23.77,19.69,25.43,26.16,19.44,22.04,23.53,26.1,20.45,23.48,21.65,25.44,25.87,28.13,30.43,31.82,22.33,16.9,16.99,14.7,15.87,9.44,29.41,19.33,20.6,24.08,17.61,18.62,16.19,18.37,22.59,28.63,29.94,29.77,14.3,17.11,13.37,26.9,14.59,7.15,7.02,12.65,5.08,12.13,13.04,15.06,6.38,13.72,11.23,11.22,15.17,11.65,7.38,14.35,18.38,13.48,8.24,14.15,15.49,9.68,13.32,13.18,14.01,7.28,14.43,15.05,8.42,14.05,15.24,5.54,5.95,4.8,6.24,8.17,13.33,7.17,10.69,10.18,11.2,3.16,7.29,9.26,11.78,7.2,7.4,9.27,10.66,9.61,9.59,3.56,7.05,8.74
12.14,10.5,28.56,13.41,12.58,7.04,11.53,21.88,11.57,21.52,12.86,8.35,9.87,17.23,29.16,10.83,24.51,25.72,23.74,19.13,20.56,5.82,7.28,4.26,23.98,12.06,16.66,21.86,9.74,5.15,16.11,7.7,13.11,2.28,20.87,9.6,1.57,8.78,23.32,8.81,8.12,22.14,3.55,8.14,11.1,8.53,6.6,23.15,20.35,9.79,11.83,12.95,8.0,5.85,5.25,6.25,2.01,19.58,2.66,5.0,2.94,7.2,2.87,5.45,1.97,4.38,0.0,5.36,4.03,6.43,3.55,3.22,5.29,6.91,4.71,3.78,21.38,21.51,17.43,23.17,23.9,17.18,19.78,21.27,23.84,18.18,21.21,19.39,23.18,23.61,25.87,28.17,29.56,20.07,14.64,14.73,11.92,13.61,7.17,27.15,14.61,18.33,21.82,15.35,16.36,13.93,16.11,20.32,26.36,27.68,19.26,12.04,14.85,11.11,24.64,12.33,4.48,4.57,9.87,8.28,9.35,10.26,11.76,9.58,10.94,7.75,7.38,11.83,8.86,5.12,11.78,15.6,10.7,5.45,10.0,12.7,6.89,9.17,10.39,11.22,4.5,11.64,12.26,7.51,11.27,12.46,8.74,9.15,8.0,5.08,11.37,13.57,6.02,13.89,7.4,14.4,6.35,10.48,12.45,14.97,6.05,10.6,9.76,13.86,12.81,12.79,6.75,5.9,11.94
17.4,18.16,30.71,13.74,14.94,12.3,10.77,24.04,10.81,23.67,15.02,13.61,15.13,19.38,31.32,12.98,26.66,27.87,25.9,21.28,22.71,7.13,4.12,6.13,26.14,14.56,24.76,24.02,14.99,5.32,18.5,6.94,15.27,7.54,23.02,14.86,5.97,14.03,25.48,14.07,13.38,24.29,4.92,5.8,13.25,3.95,1.9,25.3,22.5,15.05,13.98,15.1,3.3,2.69,4.49,3.09,5.46,21.39,3.01,4.1,3.22,1.45,6.04,4.69,4.46,3.68,5.36,0.0,1.62,2.48,3.7,5.95,1.58,2.74,2.94,3.25,22.75,22.54,18.79,24.01,25.26,19.2,21.14,22.63,25.86,20.21,23.24,20.42,25.2,25.63,27.89,30.19,31.58,22.09,16.67,16.75,17.15,15.63,9.2,29.17,19.09,20.36,23.84,17.37,18.39,15.96,18.13,22.35,28.39,29.71,29.53,14.07,16.87,13.14,26.66,14.35,6.92,4.79,15.1,5.13,14.58,15.49,17.51,4.42,16.17,10.99,10.98,17.62,14.1,7.14,16.8,20.83,15.93,10.69,13.92,17.94,12.13,13.09,15.63,16.46,9.73,16.88,17.5,10.87,16.5,17.69,8.27,11.1,7.25,8.69,10.9,15.78,9.63,8.73,12.63,9.25,5.61,10.01,11.71,9.82,9.66,5.44,11.72,10.82,13.58,12.32,6.01,9.51,11.2
15.2,15.96,29.38,10.82,13.61,10.1,8.94,22.71,8.97,22.35,13.69,11.41,12.93,18.05,29.99,11.66,25.33,26.55,24.57,19.95,21.38,6.65,3.63,5.09,24.81,13.23,22.56,22.69,12.79,3.49,17.17,5.1,13.94,5.34,21.69,12.66,3.77,11.83,24.15,11.87,11.18,22.96,3.59,5.55,11.92,4.43,2.96,23.97,21.17,12.85,12.65,13.77,4.36,2.2,2.65,2.6,4.13,19.19,1.39,2.88,1.89,2.49,4.71,2.86,2.84,1.79,4.03,1.62,0.0,2.96,1.86,4.68,1.97,3.22,3.0,1.98,22.14,22.26,18.18,23.92,24.65,17.93,20.53,22.02,24.59,18.94,21.97,20.14,23.94,24.36,26.62,28.92,30.31,20.82,15.4,15.48,14.93,14.36,7.93,27.91,17.82,19.09,22.57,16.1,17.12,14.69,16.86,21.08,27.12,28.44,28.26,12.8,15.6,11.87,25.39,13.08,5.65,7.25,12.88,4.62,12.36,13.27,15.29,5.92,13.95,9.72,9.71,15.4,11.88,5.87,14.58,18.61,13.71,8.47,12.65,15.72,9.91,11.82,13.41,14.24,7.51,14.66,15.28,8.65,14.28,15.47,5.08,6.57,5.42,6.47,7.71,13.56,7.4,10.23,10.41,10.74,3.78,6.83,9.88,11.32,7.44,6.94,9.89,10.2,10.23,9.13,4.18,7.28,9.36
18.27,16.62,32.07,16.72,16.3,13.17,12.11,25.39,12.15,25.03,16.38,14.49,16.0,20.74,32.67,14.34,28.02,29.23,27.25,22.64,21.53,6.97,5.46,5.96,27.49,15.91,22.79,25.37,15.86,6.67,19.85,8.28,16.62,8.39,22.66,15.73,7.31,14.9,26.84,14.94,14.25,25.65,6.27,7.14,14.61,3.78,3.79,26.66,23.86,15.92,15.34,16.46,5.19,4.03,5.83,4.43,7.18,22.73,4.35,3.93,4.23,3.08,7.39,6.03,5.56,5.02,6.43,2.48,2.96,0.0,5.09,7.33,1.34,2.5,2.7,3.54,22.5,22.3,18.55,23.77,25.02,20.58,20.9,22.38,27.24,21.59,24.62,20.18,26.58,27.01,29.27,31.57,32.96,23.47,18.04,18.13,18.11,17.01,10.58,30.55,20.47,21.74,25.22,18.75,19.76,17.33,19.51,23.73,29.77,31.08,30.91,15.44,18.25,14.51,28.04,15.73,8.29,4.54,16.06,6.52,15.54,16.45,18.9,6.11,17.13,12.37,12.36,19.01,15.06,8.52,18.19,21.79,16.89,11.65,15.29,18.9,13.09,14.46,16.59,17.42,10.69,17.84,18.46,13.7,17.46,18.65,11.46,14.29,8.64,10.08,14.08,17.17,11.02,11.92,13.59,12.43,7.0,13.2,13.1,13.01,11.05,8.63,13.11,14.01,16.77,15.51,7.4,10.9,12.59
14.07,14.83,30.21,10.1,14.43,8.97,8.22,23.53,8.25,23.17,14.51,10.28,11.79,18.88,30.81,12.48,26.16,27.37,25.39,20.78,22.21,7.47,4.15,5.91,25.63,14.05,21.43,23.51,11.66,2.19,17.99,4.38,14.76,4.21,22.51,11.53,2.64,10.7,24.97,10.74,10.04,23.78,4.41,4.83,12.75,7.47,3.47,24.8,22.0,11.71,13.48,14.6,4.87,2.71,1.94,3.11,5.32,18.06,1.91,5.48,2.71,4.06,5.53,2.14,1.93,1.25,3.55,3.7,1.86,5.09,0.0,5.39,4.16,6.83,6.8,5.05,22.85,22.97,18.89,24.63,25.36,18.64,21.24,22.73,25.3,19.65,22.68,20.85,24.64,25.07,27.33,29.63,31.02,21.53,16.1,16.19,13.9,15.07,8.63,28.61,18.53,19.79,23.28,16.81,17.82,15.39,17.57,21.79,27.83,29.14,28.97,13.5,16.31,12.57,26.1,13.79,6.35,6.21,11.85,5.11,11.33,12.24,14.26,6.41,12.92,10.43,10.42,14.37,10.85,6.58,13.55,17.58,12.68,7.43,13.35,14.69,8.87,12.52,12.37,13.21,6.48,13.62,14.25,7.62,13.25,14.44,5.58,5.82,4.67,5.44,8.2,12.53,6.37,10.72,9.38,11.24,3.02,7.32,9.12,11.81,6.4,7.43,13.94,10.69,9.48,9.63,3.42,6.25,8.61
12.28,10.63,25.32,15.22,9.55,7.18,13.34,18.65,13.38,18.29,9.63,7.75,10.01,13.99,25.93,7.6,21.27,22.49,20.51,15.9,17.32,2.59,9.09,2.69,20.75,9.17,16.8,18.63,9.87,6.96,13.11,9.51,9.88,2.4,17.63,10.03,4.19,8.91,20.09,8.95,8.26,18.9,1.97,9.95,7.86,5.77,8.41,19.91,17.12,9.93,8.59,9.72,9.81,7.66,7.06,8.06,2.14,21.37,4.04,3.42,3.12,9.01,1.75,7.26,3.2,6.19,3.22,5.95,4.68,7.33,5.39,0.0,6.29,5.36,4.03,3.58,18.05,18.17,14.09,19.83,20.56,13.84,16.44,17.93,20.5,14.85,17.88,16.05,19.84,20.27,22.53,24.83,26.22,16.73,11.3,11.39,12.35,10.27,3.84,23.81,13.73,15.0,18.48,12.01,13.02,10.59,12.77,16.99,23.03,24.34,24.17,8.7,11.51,7.78,21.3,8.99,1.15,3.02,10.2,10.18,9.78,10.69,12.19,11.48,11.37,5.63,5.62,12.26,9.3,1.78,12.21,16.03,11.13,5.88,8.55,13.14,7.32,7.72,10.82,11.66,4.93,12.07,12.7,7.94,11.7,12.89,10.65,11.06,9.9,8.37,13.27,15.45,9.3,15.79,7.83,16.31,8.26,12.39,14.36,16.88,9.33,12.5,16.86,15.76,14.72,14.7,8.66,9.18,13.85
17.24,15.6,31.04,14.47,15.27,12.15,11.21,24.37,11.25,24.01,15.35,13.47,14.97,19.71,31.65,13.32,26.99,28.21,26.23,21.62,20.51,5.94,4.57,4.94,26.47,14.89,21.77,24.35,14.84,5.77,18.83,7.38,15.6,7.36,21.63,14.7,5.74,13.88,25.81,13.92,13.22,24.62,5.25,6.24,13.58,2.76,2.89,25.63,22.84,14.89,14.31,15.43,4.29,3.13,4.93,3.53,6.15,21.16,3.36,2.91,3.2,2.18,6.37,5.14,4.42,3.75,5.29,1.58,1.97,1.34,4.16,6.29,0.0,1.61,1.81,2.65,21.61,21.41,17.65,22.88,24.13,19.69,20.01,21.49,26.35,20.69,23.72,19.28,25.69,26.12,28.38,30.68,32.07,22.58,17.15,17.24,17.22,16.12,9.68,29.66,19.58,20.84,24.33,17.86,18.87,16.44,18.62,22.83,28.87,30.19,30.02,14.55,17.36,13.62,27.15,14.84,7.4,3.65,15.17,5.5,14.65,15.56,17.88,5.09,16.24,11.48,11.47,17.99,14.17,7.63,17.17,20.9,16.0,10.75,14.4,18.01,12.19,13.57,15.69,16.53,9.8,16.94,17.57,11.24,16.57,17.76,8.94,11.77,7.62,9.06,11.56,16.15,10.0,9.4,12.7,9.91,5.98,10.68,12.08,10.49,10.03,6.11,12.09,11.49,14.25,12.99,6.38,9.88,11.57
16.31,14.67,30.11,15.63,14.34,11.21,14.78,23.44,14.81,23.08,14.42,12.53,14.04,18.78,30.72,12.39,26.06,27.28,25.3,20.68,19.58,5.01,5.73,4.0,25.54,13.96,20.83,23.42,13.91,8.4,17.9,10.95,14.67,6.43,20.7,13.77,7.41,12.95,24.88,12.98,12.29,23.69,4.32,7.4,12.65,1.71,4.05,24.7,21.9,13.96,13.38,14.5,5.45,4.29,8.5,4.69,5.22,22.81,5.46,2.55,2.84,3.34,5.44,8.7,7.34,7.63,6.91,2.74,3.22,2.5,6.83,5.36,1.61,0.0,1.38,2.22,20.65,20.44,16.69,21.91,23.16,18.72,19.04,20.53,25.38,19.73,22.76,18.32,24.73,25.15,27.41,29.71,31.1,21.61,16.19,16.28,16.26,15.15,8.72,28.7,18.62,19.88,23.36,16.89,17.91,15.48,17.65,21.87,27.91,29.23,29.05,13.59,16.39,12.66,26.18,13.88,6.44,2.69,14.21,6.82,13.68,14.6,18.91,6.41,15.27,10.51,10.5,19.01,13.2,6.66,18.19,19.94,15.03,9.79,13.44,17.04,11.23,12.61,14.73,15.56,8.84,15.98,16.6,11.85,15.61,16.8,10.26,13.09,11.63,10.09,12.88,17.18,11.03,10.72,11.74,11.23,9.98,12.0,16.08,11.8,11.06,7.43,18.59,12.81,16.44,14.31,10.39,10.91,15.57
14.99,13.34,28.79,16.63,13.02,9.89,14.75,22.11,14.79,21.75,13.1,11.21,12.71,17.46,29.39,11.06,24.74,25.95,23.97,19.36,19.55,4.99,5.93,3.98,24.21,12.63,19.51,22.09,12.58,8.38,16.57,10.92,13.34,5.11,21.1,12.45,7.39,11.62,23.56,11.66,10.96,22.37,2.99,11.37,11.33,2.0,4.25,23.38,20.58,12.64,12.06,13.18,5.66,4.5,8.47,4.9,3.9,22.78,3.36,1.54,2.04,3.54,4.11,8.68,3.83,7.6,4.71,2.94,3.0,2.7,6.8,4.03,1.81,1.38,0.0,1.31,19.92,19.72,15.97,21.19,22.44,17.27,18.32,19.81,23.93,18.28,21.31,17.6,23.28,23.71,25.96,28.27,29.66,20.16,14.74,14.83,14.81,13.7,7.27,27.25,17.17,18.43,21.91,15.44,16.46,14.03,16.2,20.42,26.46,27.78,27.6,12.14,14.94,11.21,24.73,12.43,4.99,2.73,12.76,6.92,12.24,13.15,17.45,6.51,13.82,9.06,9.05,17.56,11.75,5.21,16.74,18.49,13.59,8.34,11.99,15.59,9.78,11.16,13.28,14.11,7.39,14.53,15.15,10.4,14.16,15.35,10.36,13.2,10.17,8.64,12.99,15.72,9.57,10.82,10.29,11.34,8.53,12.1,14.63,11.91,9.6,7.53,17.13,12.92,14.98,14.41,8.93,9.45,14.11
14.54,12.89,28.34,12.52,12.57,9.44,10.64,21.66,10.68,21.3,12.65,10.76,12.27,17.01,28.94,10.61,24.29,25.5,23.52,18.91,20.34,5.61,5.26,4.05,23.77,12.19,19.06,21.65,12.13,6.63,16.12,6.81,12.9,4.66,20.65,12.0,5.64,11.17,23.11,11.21,10.52,21.92,2.54,7.26,10.88,2.84,4.58,22.93,20.13,12.19,11.61,12.73,5.98,3.83,4.36,4.23,3.45,21.03,2.16,1.84,1.25,4.12,3.66,4.57,2.91,3.49,3.78,3.25,1.98,3.54,5.05,3.58,2.65,2.22,1.31,0.0,21.37,21.49,17.41,23.15,23.88,17.16,19.76,21.25,23.82,18.17,21.2,19.37,23.16,23.59,25.85,28.15,29.54,20.05,14.62,14.71,14.69,13.59,7.16,27.13,17.05,18.32,21.8,15.33,16.34,13.91,16.09,20.31,26.35,27.66,27.49,12.02,14.83,11.1,24.62,12.31,4.87,2.73,12.64,6.96,12.12,13.03,17.33,7.33,13.71,8.95,8.94,17.44,11.64,5.1,16.62,18.37,13.47,8.23,11.87,15.48,9.67,11.04,13.17,14.0,7.27,14.42,15.04,10.29,14.04,15.23,7.42,8.95,7.8,8.52,10.04,15.61,9.46,11.64,10.17,12.15,6.15,9.16,12.25,12.73,9.49,8.35,17.02,13.73,12.61,11.47,6.55,9.34,11.74
23.66,22.58,22.86,32.67,15.78,20.78,30.79,16.18,30.83,7.39,13.46,19.67,21.39,11.38,23.46,12.44,16.01,16.44,18.04,6.68,5.58,17.76,26.55,16.85,18.29,15.4,25.1,16.17,21.25,24.42,18.25,26.96,14.02,20.91,6.71,18.72,22.7,20.93,17.63,20.33,19.76,16.44,19.43,27.41,14.09,20.94,25.87,17.45,6.86,21.73,13.23,12.38,27.27,25.11,24.51,25.51,20.3,38.82,21.49,18.81,20.58,26.46,19.91,24.72,21.36,23.65,21.38,22.75,22.14,22.5,22.85,18.05,21.61,20.65,19.92,21.37,0.0,1.44,5.03,2.74,2.87,9.04,2.65,1.59,6.97,7.79,7.44,4.34,17.46,17.88,13.94,11.61,23.83,14.25,11.97,14.13,22.08,11.09,15.82,21.42,17.81,15.1,16.09,16.09,12.53,14.67,16.85,14.51,13.59,12.06,21.78,14.76,11.13,13.83,18.91,11.73,19.0,18.05,18.82,27.65,21.27,22.18,23.68,28.95,22.37,18.77,18.76,23.75,21.85,16.4,23.7,25.15,22.62,21.45,17.06,24.14,22.89,17.89,19.94,22.66,21.64,23.08,23.7,23.51,22.71,23.89,28.11,28.52,27.37,25.84,30.74,32.92,26.77,33.26,23.4,33.77,25.73,29.86,31.83,34.35,24.03,29.97,28.08,33.23,32.18,32.16,26.13,24.88,31.31
22.22,21.14,21.42,32.8,14.34,19.35,30.92,14.74,30.96,5.96,12.03,18.23,19.95,9.94,22.03,11.0,16.94,17.37,16.6,5.24,4.15,17.88,26.67,16.65,16.85,13.96,23.66,14.73,19.81,24.54,16.81,27.09,12.58,21.03,5.27,17.28,22.83,19.49,16.19,18.89,18.32,15.0,19.55,27.53,12.66,20.74,25.99,16.01,5.42,20.29,11.79,10.94,27.39,25.24,24.64,25.64,20.42,38.95,21.62,18.61,20.7,26.59,20.04,24.84,21.49,23.77,21.51,22.54,22.26,22.3,22.97,18.17,21.41,20.44,19.72,21.49,1.44,0.0,4.11,1.66,3.95,7.6,1.57,2.31,7.9,6.36,6.0,2.9,16.02,16.44,14.86,12.53,22.4,12.82,10.53,12.69,20.64,9.65,14.38,19.99,16.37,13.66,14.65,14.65,11.1,13.24,15.41,13.08,14.51,12.98,20.34,13.32,9.69,12.39,17.47,10.29,19.17,17.85,17.38,27.82,19.83,20.74,22.24,29.12,20.93,18.22,18.21,22.32,20.41,16.57,22.26,23.71,21.18,20.9,15.62,22.7,22.34,16.45,18.5,21.22,21.09,21.64,22.26,22.96,21.27,22.46,28.28,28.69,27.54,26.01,30.91,33.09,26.94,33.43,22.85,33.94,25.9,30.02,32.0,34.51,23.48,30.14,26.64,33.4,32.35,32.33,26.3,24.33,31.48
22.39,21.31,25.61,28.72,14.51,18.28,26.84,18.93,26.87,8.38,11.09,18.4,20.12,11.9,26.21,11.73,20.53,20.96,20.79,7.66,6.57,13.8,22.59,12.9,21.04,14.13,22.02,18.92,19.98,20.46,14.87,23.0,11.65,16.95,7.69,17.45,18.74,19.66,20.38,19.06,18.49,19.19,15.47,23.45,12.83,16.98,21.91,20.2,7.84,20.46,13.07,10.0,23.31,21.16,20.56,21.56,16.34,34.86,17.53,14.86,16.62,22.5,15.96,20.76,17.4,19.69,17.43,18.79,18.18,18.55,18.89,14.09,17.65,16.69,15.97,17.41,5.03,4.11,0.0,5.41,7.54,10.02,2.54,4.91,11.49,8.78,8.42,5.33,20.21,20.64,18.45,16.12,26.59,17.09,9.6,11.76,21.94,8.72,11.56,24.18,15.44,15.36,18.84,13.71,13.39,12.3,14.47,17.35,18.1,16.57,24.54,13.34,9.96,12.41,21.67,9.36,15.04,14.1,17.4,23.69,19.85,20.76,22.26,24.99,20.95,14.81,14.8,22.34,20.43,12.44,22.28,25.62,21.2,17.49,15.64,22.72,18.93,16.47,18.52,21.24,17.69,21.66,22.28,19.55,21.29,22.48,24.16,24.57,23.41,21.88,26.78,28.96,22.81,29.3,19.44,29.82,21.77,25.9,27.87,30.39,20.08,26.01,30.37,29.27,28.23,28.21,22.17,20.92,27.36
23.88,22.8,23.08,34.46,16.0,21.0,32.58,16.4,32.61,7.61,13.68,19.89,21.61,11.6,23.68,12.66,14.91,15.34,18.26,6.9,5.8,19.54,28.33,18.12,17.44,15.62,25.32,16.39,21.47,26.2,18.47,28.75,14.24,22.69,6.93,18.94,24.49,21.15,15.83,20.55,19.98,16.66,21.21,29.19,14.31,22.21,27.65,16.23,6.58,21.95,13.45,12.6,29.05,26.9,26.3,27.3,22.08,40.61,23.27,20.08,22.36,28.25,21.7,26.5,23.15,25.43,23.17,24.01,23.92,23.77,24.63,19.83,22.88,21.91,21.19,23.15,2.74,1.66,5.41,0.0,5.25,9.26,2.87,3.61,5.87,8.01,7.84,4.56,17.68,18.1,12.84,10.51,24.05,14.48,12.19,14.35,22.3,11.31,16.04,21.64,18.03,15.32,16.31,16.31,12.75,14.89,17.07,14.73,12.49,10.96,22.0,14.98,11.35,14.05,19.13,11.95,20.83,19.32,19.04,29.48,21.49,22.4,23.9,30.78,22.59,19.88,19.87,23.97,22.07,18.22,23.92,25.37,22.84,22.56,17.28,24.36,24.0,18.11,20.16,22.88,22.75,23.3,23.92,24.62,22.93,24.11,29.94,30.35,29.2,27.66,32.57,34.75,28.6,35.09,24.51,35.6,27.55,31.68,33.65,36.17,25.14,31.8,28.3,35.06,34.01,33.99,27.95,25.99,33.14
26.17,25.09,25.37,35.19,18.3,23.3,33.31,18.7,33.34,9.91,15.98,22.18,23.9,13.89,25.98,14.95,18.52,18.96,20.56,9.19,8.1,20.27,29.06,19.37,20.8,17.91,27.61,18.68,23.77,26.93,20.76,29.48,16.54,23.42,9.22,21.23,25.22,23.44,20.14,22.84,22.27,18.95,21.94,29.92,16.61,23.46,28.38,19.96,9.37,24.25,15.74,14.89,29.78,27.63,27.03,28.03,22.81,41.34,24.0,21.33,23.09,28.98,22.43,27.23,23.88,26.16,23.9,25.26,24.65,25.02,25.36,20.56,24.13,23.16,22.44,23.88,2.87,3.95,7.54,5.25,0.0,11.55,5.16,4.1,9.48,10.31,9.95,6.86,19.97,20.4,16.45,14.12,26.35,16.77,14.48,16.65,24.59,13.61,18.33,23.94,20.33,17.61,18.6,18.6,15.05,17.19,19.36,17.03,16.1,14.57,24.3,17.28,13.64,16.35,21.43,14.25,21.51,20.57,21.33,30.17,23.78,24.69,26.19,31.47,24.88,21.29,21.27,26.27,24.36,18.91,26.21,27.67,25.13,23.97,19.57,26.65,25.41,20.4,22.45,25.17,24.16,25.59,26.21,26.03,25.22,26.41,30.63,31.04,29.88,28.35,33.25,35.43,29.29,35.77,25.91,36.29,28.24,32.37,34.34,36.86,26.55,32.48,30.59,35.75,34.7,34.68,28.64,27.39,33.83
19.56,16.81,14.25,28.47,10.01,15.01,26.59,7.57,26.62,4.65,7.5,13.9,15.69,2.76,14.85,6.67,10.19,11.41,9.43,2.26,3.41,13.55,22.34,14.39,9.67,9.63,16.49,7.55,15.48,20.21,9.63,22.76,8.25,16.7,4.0,12.95,18.5,15.16,9.01,14.56,13.99,7.82,15.22,23.2,8.32,19.02,21.66,8.83,3.48,15.96,7.46,6.6,23.06,20.91,20.31,21.31,16.09,34.62,17.28,16.67,16.37,22.26,15.71,20.51,17.16,19.44,17.18,19.2,17.93,20.58,18.64,13.84,19.69,18.72,17.27,17.16,9.04,7.6,10.02,9.26,11.55,0.0,7.39,9.82,6.9,1.25,4.28,4.6,8.74,9.17,11.43,11.54,15.12,5.54,4.51,3.88,13.37,3.9,10.05,12.71,10.6,6.38,7.38,10.96,3.82,8.9,10.95,5.8,11.93,13.24,13.07,8.99,2.33,8.06,10.2,5.96,14.84,16.32,13.05,23.49,15.5,16.41,17.91,24.79,14.32,13.89,13.88,17.98,16.08,12.23,17.93,16.44,16.85,16.57,11.29,20.63,18.01,12.12,15.86,16.89,16.76,18.94,17.93,18.63,18.57,15.97,23.95,24.36,23.21,21.67,26.58,28.76,22.61,29.1,18.52,29.61,21.56,25.69,27.66,30.18,19.15,25.81,22.31,29.07,28.02,28.0,21.96,20.0,27.15
22.1,21.02,21.31,31.07,14.23,19.23,29.19,14.63,29.23,5.84,11.91,18.12,19.83,9.82,21.91,10.88,18.15,18.58,16.49,5.13,4.03,16.15,24.94,15.25,16.73,13.85,23.55,14.61,19.7,22.81,16.69,25.36,12.47,19.3,5.15,17.16,21.1,19.38,16.07,18.78,18.2,14.88,17.82,25.8,12.54,19.34,24.26,15.89,5.31,20.18,11.67,10.82,25.66,23.51,22.91,23.91,18.69,37.22,19.89,17.21,18.97,24.86,18.31,23.11,19.76,22.04,19.78,21.14,20.53,20.9,21.24,16.44,20.01,19.04,18.32,19.76,2.65,1.57,2.54,2.87,5.16,7.39,0.0,3.53,9.11,6.24,5.89,2.79,15.9,16.33,16.08,13.75,22.28,12.7,10.42,12.58,20.53,9.54,13.92,19.87,16.26,13.54,14.54,14.53,10.98,13.12,15.29,12.96,15.73,14.19,20.23,13.21,9.58,12.28,17.36,10.18,17.39,16.45,17.27,26.05,19.72,20.63,22.12,27.35,20.82,17.17,17.16,22.2,20.29,14.79,22.15,23.6,21.06,19.85,15.5,22.59,21.29,16.33,18.39,21.11,20.04,21.52,22.14,21.91,21.15,22.34,26.51,26.92,25.77,24.23,29.14,31.32,25.17,31.65,21.8,32.17,24.12,28.25,30.22,32.74,22.43,28.37,26.52,31.63,30.58,30.56,24.52,23.28,29.71
26.23,25.15,23.74,32.56,18.35,22.12,30.68,17.06,30.71,8.27,14.34,22.24,23.96,12.26,24.34,15.57,17.08,17.52,18.92,7.56,6.46,17.64,26.43,16.74,19.16,17.97,25.98,17.04,23.82,24.3,19.12,26.84,14.9,20.79,7.58,21.29,22.58,23.5,18.5,22.9,22.33,17.31,19.31,27.29,16.67,20.82,25.75,18.32,7.74,24.3,14.1,13.25,27.15,24.99,24.4,25.4,20.18,38.7,21.37,18.69,20.46,26.34,19.79,24.6,21.24,23.53,21.27,22.63,22.02,22.38,22.73,17.93,21.49,20.53,19.81,21.25,1.59,2.31,4.91,3.61,4.1,9.82,3.53,0.0,8.04,8.67,8.32,5.22,18.33,18.76,15.01,12.68,24.71,15.13,12.85,15.01,22.96,11.97,15.4,22.3,18.69,15.97,16.97,16.96,13.41,15.55,17.72,15.39,14.66,13.13,22.66,17.18,12.01,16.25,19.79,12.61,18.88,17.93,21.24,27.53,23.69,24.6,26.1,34.93,24.79,18.65,18.64,26.18,24.27,16.28,26.12,26.03,25.04,21.33,19.48,26.56,22.77,20.31,22.36,25.08,21.53,25.5,26.12,23.39,25.13,26.32,27.99,28.41,27.25,25.72,30.62,32.8,26.65,39.3,23.28,39.81,25.61,29.74,31.71,40.38,23.92,36.01,34.21,41.39,32.07,32.04,26.01,24.76,31.2
24.55,23.46,20.82,35.13,16.67,21.67,33.25,14.14,33.28,5.07,14.07,20.56,22.27,9.34,14.54,13.33,9.04,9.47,11.53,4.64,5.06,20.21,29.0,20.46,11.57,16.29,23.06,11.28,22.14,26.87,16.2,29.42,14.91,23.36,4.67,19.61,25.15,21.82,9.96,21.22,20.65,11.55,21.88,29.86,14.98,25.68,28.32,10.36,3.46,22.62,14.12,13.26,29.72,27.57,26.97,27.97,22.75,41.28,23.94,23.33,23.03,28.92,22.37,27.17,23.82,26.1,23.84,25.86,24.59,27.24,25.3,20.5,26.35,25.38,23.93,23.82,6.97,7.9,11.49,5.87,9.48,6.9,9.11,8.04,0.0,5.65,4.72,5.94,10.74,15.74,6.97,4.64,21.69,12.12,11.17,10.45,19.94,10.56,16.71,12.41,17.17,12.96,11.63,17.53,10.39,15.56,17.53,12.37,6.62,5.09,19.64,15.65,8.99,14.72,16.77,12.62,21.5,21.66,19.71,30.15,22.16,23.07,24.57,31.45,20.9,20.55,20.54,24.65,22.74,18.9,24.59,23.01,23.51,23.23,17.95,25.03,24.67,18.78,22.44,23.55,23.42,23.97,24.59,25.29,23.6,22.55,30.61,31.02,29.87,28.33,33.24,35.42,29.27,35.76,25.18,36.27,28.22,32.35,34.32,36.84,25.81,32.47,28.97,35.73,34.68,34.66,28.63,26.66,33.81
18.9,17.81,15.16,29.47,11.02,16.02,27.59,8.49,27.63,3.41,8.41,14.91,16.61,3.68,15.77,7.68,11.11,12.32,10.35,1.02,2.16,14.56,23.35,15.39,10.59,10.64,17.4,8.47,16.49,21.22,10.55,23.76,9.26,17.71,2.75,13.95,19.5,16.17,9.93,15.57,14.99,8.74,16.23,24.21,9.33,20.03,22.67,9.75,2.24,16.97,8.46,7.61,24.07,21.91,21.31,22.31,17.1,35.62,18.29,17.68,17.38,23.26,16.71,21.52,18.16,20.45,18.18,20.21,18.94,21.59,19.65,14.85,20.69,19.73,18.28,18.17,7.79,6.36,8.78,8.01,10.31,1.25,6.24,8.67,5.65,0.0,3.03,3.35,9.66,10.09,6.12,10.29,16.04,6.46,5.52,4.8,14.29,4.91,11.05,13.63,11.52,7.3,8.3,11.88,4.74,9.91,11.87,6.72,12.84,10.74,13.99,10.0,3.34,9.07,11.12,6.97,15.84,17.33,14.06,24.5,16.51,17.42,18.92,25.8,15.24,14.9,14.88,18.99,17.08,13.24,18.94,17.36,17.86,17.58,12.29,19.38,19.02,13.12,16.78,17.9,17.77,18.31,18.94,19.63,17.94,16.89,24.96,25.37,24.21,22.68,27.58,29.76,23.62,30.1,19.52,30.62,22.57,26.7,28.67,31.19,20.16,26.81,23.31,30.07,29.03,29.01,22.97,21.0,28.16
21.93,20.84,18.19,32.5,14.05,19.05,30.62,11.52,30.66,1.58,11.44,17.94,19.64,6.71,18.8,10.71,13.76,14.19,13.38,2.01,2.22,17.59,26.38,17.62,13.62,13.67,20.43,11.5,19.52,24.25,13.58,26.79,12.29,20.74,1.44,16.98,22.53,19.2,12.96,18.6,18.02,11.77,19.26,27.24,12.36,23.06,25.7,12.78,1.26,20.0,11.5,10.64,27.1,24.94,24.34,25.34,20.13,38.65,21.32,19.58,20.41,26.29,19.74,24.55,21.19,23.48,21.21,23.24,21.97,24.62,22.68,17.88,23.72,22.76,21.31,21.2,7.44,6.0,8.42,7.84,9.95,4.28,5.89,8.32,4.72,3.03,0.0,3.1,12.69,13.12,11.66,9.33,19.07,9.49,8.55,7.83,17.32,7.94,14.09,16.66,14.55,10.33,11.33,14.91,7.77,12.94,14.9,9.75,11.31,9.78,17.02,13.03,6.37,12.1,14.15,10.0,18.87,18.82,17.09,27.53,19.54,20.45,21.95,28.83,18.27,17.93,17.92,22.02,20.12,16.27,21.97,20.39,20.89,20.61,15.32,22.41,22.05,16.15,19.81,20.93,20.8,21.35,21.97,22.67,20.97,19.92,27.99,28.4,27.25,25.71,30.62,32.79,26.65,33.13,22.56,33.65,25.6,29.73,31.7,34.22,23.19,29.85,26.34,33.11,32.06,32.04,26.0,24.03,31.19
20.1,19.02,18.52,30.68,12.22,17.22,28.8,11.84,28.83,3.05,9.9,16.11,17.83,7.04,19.12,8.88,14.47,15.68,13.7,2.34,1.24,15.76,24.55,14.53,13.94,11.84,20.76,11.82,17.69,22.42,13.9,24.97,10.46,18.91,2.37,15.16,20.71,17.37,13.28,16.77,16.2,12.1,17.43,25.41,10.53,18.61,23.87,13.11,2.52,18.17,9.67,8.82,25.27,23.12,22.52,23.52,18.3,36.83,19.49,16.49,18.58,24.47,17.92,22.72,19.37,21.65,19.39,20.42,20.14,20.18,20.85,16.05,19.28,18.32,17.6,19.37,4.34,2.9,5.33,4.56,6.86,4.6,2.79,5.22,5.94,3.35,3.1,0.0,13.11,13.54,12.91,10.58,19.49,9.91,8.41,8.25,17.74,7.53,12.26,17.08,14.25,10.75,11.75,12.53,8.19,11.11,13.29,10.17,12.56,11.02,17.44,11.2,6.79,10.27,14.57,8.17,17.05,15.72,15.26,25.7,17.71,18.62,20.12,27.0,18.69,16.1,16.09,20.19,18.29,14.44,20.14,20.81,19.06,18.78,13.5,20.58,20.22,14.33,16.38,19.1,18.97,19.52,20.14,20.84,19.15,20.33,26.16,26.57,25.42,23.88,28.79,30.97,24.82,31.31,20.73,31.82,23.77,27.9,29.87,32.39,21.36,28.02,24.52,31.28,30.23,30.21,24.17,22.21,29.36
18.8,22.81,8.73,34.47,16.01,21.02,32.59,3.1,32.63,13.07,10.12,19.9,14.93,8.24,5.77,13.23,4.01,4.44,2.76,10.68,11.82,19.55,28.34,20.39,2.8,15.63,15.72,2.25,17.04,26.21,8.87,28.76,12.31,22.7,12.41,18.95,24.5,21.16,2.14,15.93,19.99,2.52,21.22,29.2,14.33,25.02,27.66,1.59,11.9,17.52,14.57,12.93,29.07,26.91,26.31,27.31,22.09,40.62,23.29,22.68,22.37,28.26,21.71,26.51,23.16,25.44,23.18,25.2,23.94,26.58,24.64,19.84,25.69,24.73,23.28,23.16,17.46,16.02,20.21,17.68,19.97,8.74,15.9,18.33,10.74,9.66,12.69,13.11,0.0,3.82,4.58,6.88,9.62,4.29,10.39,10.48,12.71,13.27,16.13,3.64,9.95,5.73,1.92,10.31,8.02,11.27,10.3,3.16,5.08,6.39,8.6,15.07,10.73,14.14,5.73,12.32,20.91,22.4,19.13,29.57,21.58,18.86,23.99,30.87,13.67,19.97,19.96,24.06,22.16,18.31,24.01,15.79,19.82,22.65,17.36,19.98,24.09,18.2,15.21,18.57,22.84,18.28,19.61,24.71,17.91,15.32,30.03,30.44,29.29,27.75,32.66,34.84,28.69,35.17,24.6,35.69,27.64,31.77,33.74,36.26,25.23,31.89,28.38,35.15,34.1,34.08,28.04,26.08,33.23
17.77,23.24,7.69,34.9,16.44,21.44,33.02,1.91,33.06,13.5,10.55,20.33,15.36,8.66,8.29,13.66,4.6,5.29,2.87,11.1,12.25,19.98,28.77,20.82,3.88,16.06,13.81,3.51,17.47,26.64,9.3,29.19,12.74,23.13,12.84,19.38,24.93,21.59,3.42,16.36,20.42,3.78,21.65,29.63,14.75,25.45,28.09,2.28,12.32,17.95,15.0,13.36,29.49,27.34,26.74,27.74,22.52,41.05,23.72,23.1,22.8,28.69,22.14,26.94,23.59,25.87,23.61,25.63,24.36,27.01,25.07,20.27,26.12,25.15,23.71,23.59,17.88,16.44,20.64,18.1,20.4,9.17,16.33,18.76,15.74,10.09,13.12,13.54,3.82,0.0,6.43,8.73,8.58,5.29,10.69,10.78,13.01,13.57,16.42,6.18,10.24,6.03,6.55,10.6,8.32,11.56,10.6,5.55,6.93,8.24,7.39,15.37,11.93,14.44,4.52,12.61,21.21,22.7,19.43,29.87,21.88,19.16,24.28,31.16,13.97,20.26,20.25,24.36,22.45,18.61,24.31,14.64,20.12,22.95,17.66,18.84,24.38,18.49,15.51,18.87,23.14,18.58,19.91,25.0,18.21,15.62,30.33,30.74,29.58,28.05,32.95,35.13,28.98,35.47,24.89,35.99,27.94,32.07,34.04,36.56,25.53,32.18,28.68,35.44,34.4,34.38,28.34,26.37,33.53
21.48,25.49,11.33,37.16,18.7,23.7,35.27,5.7,35.31,12.04,12.8,22.59,17.61,10.92,8.37,15.92,2.87,3.31,5.36,7.13,8.28,22.24,31.03,23.07,5.41,18.32,18.41,5.11,19.73,28.9,11.55,31.44,15.0,25.39,11.63,21.63,27.18,23.85,3.79,18.61,22.67,5.38,23.91,31.89,17.01,27.71,30.35,4.19,10.43,20.21,17.25,15.61,31.75,29.59,28.99,29.99,24.78,43.3,25.97,25.36,25.06,30.94,24.39,29.2,25.84,28.13,25.87,27.89,26.62,29.27,27.33,22.53,28.38,27.41,25.96,25.85,13.94,14.86,18.45,12.84,16.45,11.43,16.08,15.01,6.97,6.12,11.66,12.91,4.58,6.43,0.0,3.11,12.23,7.03,13.06,13.15,15.38,15.94,18.8,6.24,12.62,8.4,5.46,12.98,10.69,13.94,12.97,5.91,1.3,2.62,11.2,17.74,8.27,16.81,8.34,14.99,23.58,25.07,21.8,32.24,24.25,21.53,26.66,33.54,16.34,22.64,22.63,26.73,24.83,20.98,26.68,18.46,22.49,25.32,20.04,22.65,26.76,20.87,17.88,21.24,25.51,20.95,22.28,27.38,20.58,17.99,32.7,33.11,31.96,30.42,35.33,37.51,31.36,37.85,27.27,38.36,30.31,34.44,36.41,38.93,27.9,34.56,31.06,37.82,36.77,36.75,30.71,28.75,35.9
23.79,27.8,13.64,39.46,21.0,26.0,37.58,8.01,37.62,9.71,15.11,24.89,19.92,13.22,10.68,18.22,5.18,5.61,7.67,9.27,9.7,24.54,33.33,25.38,7.71,20.62,20.71,7.42,22.03,31.2,13.86,33.75,17.3,27.69,9.3,23.94,29.49,26.15,6.1,20.92,24.98,7.69,26.21,34.19,19.32,30.01,32.65,6.5,8.1,22.51,19.56,17.92,34.05,31.9,31.3,32.3,27.08,45.61,28.28,27.66,27.36,33.25,26.7,31.5,28.15,30.43,28.17,30.19,28.92,31.57,29.63,24.83,30.68,29.71,28.27,28.15,11.61,12.53,16.12,10.51,14.12,11.54,13.75,12.68,4.64,10.29,9.33,10.58,6.88,8.73,3.11,0.0,14.53,9.34,15.37,15.46,17.69,15.2,21.1,8.55,14.92,10.71,7.76,15.28,12.99,16.24,15.27,8.21,1.11,1.23,13.51,20.05,13.63,19.12,10.64,17.29,25.89,27.38,24.1,34.54,26.55,23.84,28.96,35.84,18.64,24.94,24.93,29.04,27.13,23.29,28.98,20.76,24.8,27.62,22.34,24.95,29.06,23.17,20.18,23.54,27.81,23.26,24.58,29.68,22.89,20.29,35.0,35.41,34.26,32.73,37.63,39.81,33.66,40.15,29.57,40.66,32.62,36.75,38.72,41.24,30.2,36.86,33.36,40.12,39.07,39.05,33.02,31.05,38.2
15.39,19.19,1.44,29.98,22.39,21.33,27.25,7.86,28.14,19.45,16.5,26.28,14.55,14.61,9.34,19.61,10.03,10.72,8.82,17.05,18.2,25.93,34.72,26.77,7.64,22.01,11.03,9.46,17.98,32.59,15.25,29.53,18.69,29.08,18.79,25.33,30.88,20.18,8.85,19.69,20.3,9.73,27.6,35.58,20.7,31.4,34.04,8.23,18.27,18.98,20.95,19.31,35.44,33.29,32.69,33.69,28.47,29.14,29.67,29.05,28.75,34.64,28.09,32.89,29.54,31.82,29.56,31.58,30.31,32.96,31.02,26.22,32.07,31.1,29.66,29.54,23.83,22.4,26.59,24.05,26.35,15.12,22.28,24.71,21.69,16.04,19.07,19.49,9.62,8.58,12.23,14.53,0.0,11.24,16.64,16.73,12.23,19.52,22.37,7.22,16.19,11.98,12.5,16.55,14.27,17.51,16.55,11.5,12.71,14.03,5.98,21.32,17.88,20.39,7.03,18.56,27.16,28.65,25.37,35.81,20.49,18.77,21.31,37.11,13.19,26.21,26.2,18.65,21.02,24.56,21.76,12.28,18.37,22.1,23.61,16.47,23.62,24.44,14.73,17.12,23.05,20.37,18.15,22.62,20.0,16.87,36.28,36.69,30.26,24.74,31.38,23.61,26.21,41.42,24.13,41.94,33.89,34.19,25.19,42.51,24.76,38.13,23.85,33.66,29.45,32.59,34.29,24.95,28.58
15.68,19.69,10.37,31.36,12.9,17.9,29.48,3.69,29.51,9.87,7.01,16.79,11.82,5.04,10.97,10.12,5.68,6.9,5.55,7.48,8.62,16.44,25.23,17.28,5.16,12.52,12.61,3.04,13.93,23.1,5.75,25.64,9.2,19.59,9.21,15.83,21.38,18.05,4.5,12.81,16.87,3.31,18.11,26.09,11.21,21.91,24.55,3.71,8.7,14.41,11.45,9.81,25.95,23.79,23.2,24.2,18.98,37.5,20.17,19.56,19.26,25.14,18.59,23.4,20.04,22.33,20.07,22.09,20.82,23.47,21.53,16.73,22.58,21.61,20.16,20.05,14.25,12.82,17.09,14.48,16.77,5.54,12.7,15.13,12.12,6.46,9.49,9.91,4.29,5.29,7.03,9.34,11.24,0.0,7.17,7.26,9.49,10.05,12.9,8.83,6.72,2.51,2.92,7.08,4.79,8.04,7.08,1.48,7.53,8.84,9.19,11.85,7.67,10.92,6.32,9.09,17.69,19.18,15.9,26.34,18.35,15.64,20.76,27.64,10.44,16.74,16.73,20.84,18.93,15.09,20.78,12.56,16.6,19.42,14.14,16.75,20.86,14.97,11.99,15.35,19.61,15.06,16.38,21.48,14.69,12.09,26.8,27.21,26.06,24.53,29.43,31.61,25.46,31.95,21.37,32.46,24.42,28.55,30.52,33.04,22.0,28.66,25.16,31.92,30.88,30.85,24.82,22.85,30.01
15.35,14.27,15.77,25.93,7.48,12.48,24.05,9.09,24.09,8.93,6.53,11.36,13.08,2.36,16.37,4.7,11.71,12.93,10.95,6.54,7.68,11.02,19.8,11.85,11.19,7.09,15.54,9.07,12.95,17.67,8.69,20.22,6.04,14.17,8.27,10.41,15.96,12.62,10.53,12.02,11.45,9.35,12.69,20.67,5.79,16.48,19.12,10.36,7.76,13.43,6.03,4.39,20.53,18.37,17.77,18.77,13.55,32.08,14.75,14.14,13.84,19.72,13.17,17.98,14.62,16.9,14.64,16.67,15.4,18.04,16.1,11.3,17.15,16.19,14.74,14.62,11.97,10.53,9.6,12.19,14.48,4.51,10.42,12.85,11.17,5.52,8.55,8.41,10.39,10.69,13.06,15.37,16.64,7.17,0.0,1.25,12.44,1.21,7.47,14.23,9.67,5.41,8.89,7.73,3.44,6.31,8.49,7.4,13.44,14.76,14.59,6.42,2.18,5.49,11.72,3.66,12.26,13.75,10.47,20.91,12.92,13.84,15.33,22.21,13.4,11.31,11.3,15.41,13.5,9.66,15.36,15.51,14.27,13.99,8.71,15.79,15.43,9.54,11.6,14.31,14.19,14.73,15.35,16.05,14.36,15.05,21.38,21.79,20.63,19.1,24.0,26.18,20.03,26.52,15.94,27.04,18.99,23.12,25.09,27.61,16.58,23.23,19.73,26.49,25.45,25.43,19.39,17.42,24.58
15.44,14.36,15.85,26.02,7.56,12.57,24.14,9.18,24.18,8.2,6.62,11.45,13.17,1.11,16.46,4.78,11.8,13.02,11.04,5.81,6.96,11.1,19.89,11.94,11.28,7.18,15.63,9.16,13.03,17.76,8.77,20.31,6.12,14.25,7.55,10.5,16.05,12.71,10.62,12.11,11.54,9.43,12.77,20.75,5.88,16.57,19.21,10.44,7.03,13.51,6.12,4.48,20.61,18.46,17.86,18.86,13.64,32.17,14.84,14.23,13.92,19.81,13.26,18.06,14.71,16.99,14.73,16.75,15.48,18.13,16.19,11.39,17.24,16.28,14.83,14.71,14.13,12.69,11.76,14.35,16.65,3.88,12.58,15.01,10.45,4.8,7.83,8.25,10.48,10.78,13.15,15.46,16.73,7.26,1.25,0.0,12.53,2.46,7.56,14.32,9.76,5.5,8.98,7.82,3.53,6.4,8.58,7.49,13.53,14.85,14.68,6.5,2.86,5.58,11.81,3.75,12.35,13.83,10.56,21.0,13.01,13.92,15.42,22.3,13.48,11.4,11.39,15.5,13.59,9.75,15.44,15.6,14.36,14.08,8.8,15.88,15.52,9.63,11.68,14.4,14.27,14.82,15.44,16.14,14.45,15.13,21.46,21.87,20.72,19.19,24.09,26.27,20.12,26.61,16.03,27.12,19.08,23.21,25.18,27.7,16.66,23.32,19.82,26.58,25.53,25.51,19.48,17.51,24.66
6.87,7.99,10.79,19.84,8.9,5.69,17.96,11.41,18.0,17.69,9.64,6.41,2.35,11.05,18.69,11.31,14.03,15.25,13.27,15.3,16.45,14.45,17.6,13.47,13.51,8.37,6.4,11.39,4.46,15.47,4.24,15.51,7.76,10.05,17.04,5.45,11.89,5.27,12.85,3.34,4.67,11.66,12.76,17.92,10.08,16.55,16.92,12.68,16.52,4.94,9.41,9.23,18.33,16.17,15.57,16.57,12.49,19.13,14.07,14.21,13.91,17.52,10.64,15.78,13.4,14.7,11.92,17.15,14.93,18.11,13.9,12.35,17.22,16.26,14.81,14.69,22.08,20.64,21.94,22.3,24.59,13.37,20.53,22.96,19.94,14.29,17.32,17.74,12.71,13.01,15.38,17.69,12.23,9.49,12.44,12.53,0.0,11.95,13.03,16.58,5.3,7.77,11.25,5.66,10.06,6.61,5.65,9.76,15.8,17.12,7.36,9.93,13.67,9.91,8.75,11.9,12.29,13.72,4.06,18.55,5.66,6.18,8.07,19.85,0.99,9.56,9.2,9.19,6.24,13.17,8.09,6.37,7.14,6.46,5.41,7.37,7.98,6.12,2.53,5.89,7.41,5.6,6.93,8.6,5.23,6.42,19.01,18.92,16.24,10.72,21.17,13.6,12.19,24.16,8.49,24.67,16.63,20.75,13.81,25.24,9.12,20.87,12.47,23.64,19.23,22.57,17.03,9.97,18.36
14.32,13.24,18.64,24.9,6.44,11.44,23.02,11.97,23.05,8.31,4.12,10.33,12.05,3.52,19.25,3.1,14.59,15.81,13.83,5.92,7.07,9.98,18.77,10.82,14.07,6.06,15.06,11.95,11.91,16.64,7.91,19.19,4.68,13.13,7.66,9.38,14.93,11.59,13.41,10.99,10.42,12.22,11.65,19.63,4.75,15.45,18.09,13.23,7.14,12.39,3.89,3.04,19.49,17.34,16.74,17.74,12.52,31.05,13.72,13.1,12.8,18.69,12.14,16.94,13.59,15.87,13.61,15.63,14.36,17.01,15.07,10.27,16.12,15.15,13.7,13.59,11.09,9.65,8.72,11.31,13.61,3.9,9.54,11.97,10.56,4.91,7.94,7.53,13.27,13.57,15.94,15.2,19.52,10.05,1.21,2.46,11.95,0.0,6.48,17.21,8.47,8.4,11.88,6.75,6.42,5.33,7.51,10.39,16.43,17.74,17.57,5.42,1.57,4.49,14.7,2.39,11.27,12.75,9.48,19.92,11.93,12.84,14.34,21.22,13.03,10.32,10.31,14.41,12.51,8.66,14.36,15.02,13.28,13.0,7.72,14.8,14.44,8.55,10.6,13.32,13.19,13.74,14.36,15.06,13.37,14.55,20.38,20.79,19.64,18.1,23.01,25.19,19.04,25.53,14.95,26.04,17.99,22.12,24.09,26.61,15.58,22.24,18.74,25.5,24.45,24.43,18.39,16.43,23.58
13.28,11.63,21.5,18.46,5.73,7.3,16.58,14.82,16.62,14.46,5.81,5.97,11.0,10.17,22.1,3.77,17.45,18.66,16.68,12.07,13.5,3.55,12.33,4.38,16.92,5.34,17.8,14.8,10.87,10.21,9.28,12.75,6.05,6.7,13.81,8.25,8.49,9.91,16.27,9.95,8.38,15.08,5.22,13.2,4.04,9.01,11.66,16.09,13.29,10.92,4.77,5.89,13.06,10.9,10.3,11.3,6.09,24.61,7.28,6.67,6.37,12.25,5.7,10.51,7.15,9.44,7.17,9.2,7.93,10.58,8.63,3.84,9.68,8.72,7.27,7.16,15.82,14.38,11.56,16.04,18.33,10.05,13.92,15.4,16.71,11.05,14.09,12.26,16.13,16.42,18.8,21.1,22.37,12.9,7.47,7.56,13.03,6.48,0.0,19.98,9.9,11.16,14.64,8.17,9.19,6.76,8.93,13.15,19.19,20.51,20.33,4.87,7.67,3.94,17.46,5.16,4.79,6.27,8.41,13.44,10.42,11.33,12.83,14.74,11.96,3.84,3.83,12.9,9.93,2.19,12.85,16.63,11.77,6.52,6.76,13.73,7.96,5.93,9.53,12.25,6.71,12.67,13.29,8.58,12.3,13.49,13.9,14.31,13.16,11.63,16.53,18.71,12.56,19.05,8.47,19.56,11.52,15.64,17.62,20.13,9.1,15.76,20.12,19.02,17.97,17.95,11.92,9.95,17.1
21.31,26.78,6.34,38.44,19.98,24.99,36.56,5.45,36.6,17.04,14.09,23.87,18.9,12.21,2.13,17.2,4.04,4.74,3.65,14.65,15.79,23.52,32.31,24.36,1.65,19.6,17.35,4.08,21.01,30.18,12.84,32.73,16.28,26.67,16.38,22.92,28.47,25.13,2.86,19.9,23.96,4.35,25.19,33.17,18.3,28.99,31.63,2.69,15.87,21.49,18.54,16.9,33.04,30.88,30.28,31.28,26.06,44.59,27.26,26.65,26.34,32.23,25.68,30.48,27.13,29.41,27.15,29.17,27.91,30.55,28.61,23.81,29.66,28.7,27.25,27.13,21.42,19.99,24.18,21.64,23.94,12.71,19.87,22.3,12.41,13.63,16.66,17.08,3.64,6.18,6.24,8.55,7.22,8.83,14.23,14.32,16.58,17.21,19.98,0.0,13.8,9.58,4.53,14.16,11.87,15.12,14.15,4.87,6.75,8.07,10.95,18.92,15.48,17.99,8.08,16.17,24.77,26.25,22.98,33.42,25.43,22.71,27.84,34.72,17.52,23.82,23.81,27.91,26.01,22.16,27.86,18.2,23.67,26.5,21.22,22.39,27.94,22.05,19.06,22.42,26.69,22.14,23.46,28.56,21.76,19.17,33.88,34.29,33.14,31.6,36.51,38.69,32.54,39.03,28.45,39.54,31.49,35.62,37.59,40.11,29.08,35.74,32.24,39.0,37.95,37.93,31.89,29.93,37.08
9.55,10.67,10.68,22.53,7.95,8.38,20.65,8.64,20.69,14.93,6.16,7.29,5.03,8.28,15.92,6.63,11.27,12.48,10.5,12.54,13.68,13.44,22.23,14.28,10.74,7.57,8.4,8.62,7.15,20.1,1.13,18.2,4.29,12.74,14.27,6.33,14.58,7.96,10.09,6.03,7.35,8.9,15.11,20.61,7.57,18.91,21.55,9.91,13.75,7.63,5.62,5.75,22.95,20.8,20.2,21.2,15.98,21.82,17.18,16.57,16.26,22.15,13.33,20.4,16.09,19.33,14.61,19.09,17.82,20.47,18.53,13.73,19.58,18.62,17.17,17.05,17.81,16.37,15.44,18.03,20.33,10.6,16.26,18.69,17.17,11.52,14.55,14.25,9.95,10.24,12.62,14.92,16.19,6.72,9.67,9.76,5.3,8.47,9.9,13.8,0.0,5.0,8.48,2.18,7.29,3.14,2.17,6.99,13.03,14.35,7.83,8.22,9.71,7.3,6.77,7.52,14.63,16.12,5.75,23.29,8.35,8.86,10.76,24.59,5.76,11.03,9.91,11.88,8.93,12.03,10.78,8.37,9.82,9.15,7.1,10.05,10.67,7.81,4.22,8.57,10.1,8.29,9.61,11.29,7.92,9.1,23.75,21.61,18.93,13.4,23.86,16.29,14.88,28.89,11.18,29.41,21.36,25.49,16.5,29.98,11.81,25.61,15.16,26.33,21.92,25.26,21.76,12.66,21.05
13.95,17.96,11.1,29.62,11.17,16.17,27.74,4.43,27.78,10.71,5.27,15.05,10.08,4.02,11.71,8.39,7.05,8.26,6.29,8.32,9.47,14.71,23.49,15.54,6.53,10.79,10.87,4.41,12.2,21.37,4.02,23.91,7.47,17.86,10.06,14.1,19.65,16.32,5.87,11.08,15.14,4.68,16.38,24.36,9.48,20.17,22.82,5.69,9.54,12.68,9.72,8.08,24.22,22.06,21.46,22.46,17.25,35.77,18.44,17.83,17.53,23.41,16.86,21.67,18.31,20.6,18.33,20.36,19.09,21.74,19.79,15.0,20.84,19.88,18.43,18.32,15.1,13.66,15.36,15.32,17.61,6.38,13.54,15.97,12.96,7.3,10.33,10.75,5.73,6.03,8.4,10.71,11.98,2.51,5.41,5.5,7.77,8.4,11.16,9.58,5.0,0.0,4.23,5.37,3.08,6.33,5.36,2.74,8.78,10.1,9.92,10.13,6.69,9.2,7.05,7.38,15.98,17.46,14.19,24.63,16.64,13.92,19.05,25.93,8.73,15.03,15.02,19.13,17.22,13.38,19.07,10.85,14.88,17.71,12.43,15.04,19.15,13.26,10.27,13.63,17.9,13.35,14.67,19.77,12.97,10.38,25.09,25.5,24.35,22.82,27.72,29.9,23.75,30.24,19.66,30.75,22.71,26.83,28.8,31.32,20.29,26.95,23.45,30.21,29.16,29.14,23.11,21.14,28.29
17.43,21.44,11.63,33.11,14.65,19.65,31.23,4.95,31.26,11.7,8.75,18.54,13.57,6.87,6.65,11.87,4.89,5.32,3.64,9.31,10.46,18.19,26.98,19.03,3.69,14.27,14.36,2.83,15.68,24.85,7.5,27.39,10.95,21.34,11.05,17.58,23.13,19.8,3.03,14.56,18.62,3.11,19.86,27.84,12.96,23.66,26.3,2.47,10.53,16.16,13.2,11.56,27.7,25.54,24.95,25.94,20.73,39.25,21.92,21.31,21.01,26.89,20.34,25.15,21.79,24.08,21.82,23.84,22.57,25.22,23.28,18.48,24.33,23.36,21.91,21.8,16.09,14.65,18.84,16.31,18.6,7.38,14.54,16.97,11.63,8.3,11.33,11.75,1.92,6.55,5.46,7.76,12.5,2.92,8.89,8.98,11.25,11.88,14.64,4.53,8.48,4.23,0.0,8.94,6.65,9.9,8.94,1.79,5.96,7.28,10.58,13.71,9.37,12.78,7.71,10.95,19.55,21.04,17.76,28.2,20.21,17.5,22.62,29.5,12.3,18.6,18.59,22.7,20.79,16.95,22.64,14.42,18.46,21.28,16.0,18.61,22.72,16.83,13.85,17.2,21.47,16.92,18.24,23.34,16.55,13.95,28.66,29.07,27.92,26.39,31.29,33.47,27.32,33.81,23.23,34.32,26.28,30.41,32.38,34.9,23.86,30.52,27.02,33.78,32.73,32.71,26.68,24.71,31.87
11.84,13.61,11.04,26.64,6.23,11.23,24.76,9.0,24.79,15.29,4.44,10.12,7.97,8.64,16.28,4.91,11.63,12.84,10.86,12.9,13.77,11.72,20.51,12.56,11.11,5.85,8.76,8.99,10.09,18.38,1.62,20.92,2.56,14.87,14.63,9.16,16.66,10.9,10.45,8.97,10.2,9.26,13.39,21.37,5.84,17.19,19.83,10.27,14.12,10.57,3.9,4.03,21.23,19.08,18.48,19.48,14.26,24.76,15.45,14.84,14.54,20.42,13.88,18.68,15.32,17.61,15.35,17.37,16.1,18.75,16.81,12.01,17.86,16.89,15.44,15.33,16.09,14.65,13.71,16.31,18.6,10.96,14.53,16.96,17.53,11.88,14.91,12.53,10.31,10.6,12.98,15.28,16.55,7.08,7.73,7.82,5.66,6.75,8.17,14.16,2.18,5.37,8.94,0.0,7.65,1.42,1.22,7.35,13.39,14.71,8.19,6.5,7.99,5.57,7.13,5.79,12.91,14.4,9.32,21.56,11.29,11.8,13.7,22.86,6.61,11.96,11.95,14.81,11.87,10.31,13.72,8.73,12.76,12.09,7.55,12.92,13.61,8.39,6.11,11.51,13.04,11.23,12.55,14.23,10.85,8.26,22.02,22.43,21.28,16.34,24.65,19.22,20.68,27.17,14.12,27.68,19.64,23.77,19.43,28.26,14.75,23.88,18.09,27.14,26.09,26.07,20.04,15.6,25.23
16.24,15.99,13.39,27.65,9.19,14.2,25.77,6.71,25.81,8.15,4.16,13.08,12.37,1.47,14.0,6.42,9.34,10.55,8.57,5.76,6.9,12.73,21.52,13.57,8.82,8.81,13.16,6.7,14.67,19.39,6.31,21.94,6.29,15.88,7.49,12.13,17.68,14.34,8.16,13.74,13.17,6.97,14.4,22.38,7.51,18.2,20.84,7.98,6.98,15.15,7.75,6.11,22.25,20.09,19.49,20.49,15.27,33.8,16.47,15.86,15.55,21.44,14.89,19.7,16.34,18.62,16.36,18.39,17.12,19.76,17.82,13.02,18.87,17.91,16.46,16.34,12.53,11.1,13.39,12.75,15.05,3.82,10.98,13.41,10.39,4.74,7.77,8.19,8.02,8.32,10.69,12.99,14.27,4.79,3.44,3.53,10.06,6.42,9.19,11.87,7.29,3.08,6.65,7.65,0.0,6.89,7.65,5.03,11.07,12.38,12.21,8.13,4.1,7.2,9.34,5.38,13.97,15.46,12.19,22.63,14.64,15.55,17.05,23.93,11.02,13.03,13.02,17.12,15.22,11.37,17.07,13.13,15.99,15.71,10.43,17.33,17.15,11.26,12.56,16.03,15.9,15.63,17.07,17.77,15.26,12.67,23.09,23.5,22.35,20.81,25.72,27.9,21.75,28.24,17.66,28.75,20.7,24.83,26.8,29.32,18.29,24.95,21.45,28.21,27.16,27.14,21.1,19.14,26.29
12.8,11.61,12.0,25.22,4.81,9.81,23.34,9.96,23.38,13.32,3.02,8.7,8.93,7.87,17.24,3.49,12.59,13.8,11.82,10.93,12.35,10.3,19.09,11.14,12.06,4.43,9.72,9.94,11.04,16.96,2.58,19.51,1.15,13.45,12.66,7.75,15.25,9.96,11.41,9.93,8.79,10.22,11.97,19.95,4.43,15.77,18.41,11.23,12.15,11.52,2.48,2.62,19.82,17.66,17.06,18.06,12.84,23.82,14.04,13.43,13.12,19.01,12.46,17.27,13.91,16.19,13.93,15.96,14.69,17.33,15.39,10.59,16.44,15.48,14.03,13.91,14.67,13.24,12.3,14.89,17.19,8.9,13.12,15.55,15.56,9.91,12.94,11.11,11.27,11.56,13.94,16.24,17.51,8.04,6.31,6.4,6.61,5.33,6.76,15.12,3.14,6.33,9.9,1.42,6.89,0.0,2.18,8.31,14.35,15.67,9.14,5.09,6.57,4.16,8.09,4.38,11.49,12.98,7.9,20.15,10.35,12.76,12.76,21.45,7.57,10.55,10.54,12.84,10.93,8.89,12.79,9.69,13.72,11.45,6.14,13.88,12.89,6.97,7.07,12.47,11.64,12.18,13.51,13.51,11.81,9.22,20.61,21.02,19.87,18.33,23.24,25.42,19.27,25.75,13.4,26.27,18.22,22.35,18.5,26.84,14.04,22.47,17.16,25.73,24.68,24.66,18.62,14.88,23.81
11.83,13.61,11.03,25.46,6.99,11.31,23.58,9.0,23.62,15.28,5.2,10.88,7.97,8.63,16.28,5.67,11.62,12.83,10.86,12.89,14.04,12.48,21.27,13.32,11.1,6.61,8.76,8.98,10.08,19.14,1.61,21.68,3.32,15.63,14.63,9.92,17.42,10.89,10.44,8.96,10.28,9.25,14.15,22.13,6.6,17.95,20.59,10.26,14.11,10.56,4.66,4.79,21.99,19.84,19.24,20.24,15.02,24.75,16.21,15.6,15.3,21.18,14.64,19.44,16.08,18.37,16.11,18.13,16.86,19.51,17.57,12.77,18.62,17.65,16.2,16.09,16.85,15.41,14.47,17.07,19.36,10.95,15.29,17.72,17.53,11.87,14.9,13.29,10.3,10.6,12.97,15.27,16.55,7.08,8.49,8.58,5.65,7.51,8.93,14.15,2.17,5.36,8.94,1.22,7.65,2.18,0.0,7.34,13.38,14.7,8.18,7.26,8.75,6.33,7.12,6.55,13.67,15.16,7.63,22.32,11.28,11.8,13.69,23.62,6.61,12.72,12.71,14.81,11.86,11.07,13.71,8.72,12.76,12.08,8.32,12.91,13.6,9.15,6.1,11.51,13.03,11.22,12.54,14.22,10.85,8.25,22.78,23.19,22.04,16.34,25.41,19.22,17.81,27.93,14.11,28.44,20.4,24.53,19.43,29.02,14.74,24.64,18.09,27.9,24.85,26.83,20.8,15.59,23.98
15.94,19.95,10.63,31.62,13.16,18.16,29.73,3.95,29.77,10.13,7.26,17.05,12.07,5.3,7.0,10.38,4.56,5.77,3.51,7.74,8.88,16.7,25.49,17.53,4.03,12.78,12.87,1.91,14.19,23.36,6.01,25.9,9.46,19.85,9.47,16.09,21.64,18.31,3.38,13.07,17.13,2.19,18.37,26.35,11.47,22.17,24.81,2.58,8.96,14.67,11.71,10.07,26.21,24.05,23.45,24.45,19.24,37.76,20.43,19.82,19.52,25.4,18.85,23.66,20.3,22.59,20.32,22.35,21.08,23.73,21.79,16.99,22.83,21.87,20.42,20.31,14.51,13.08,17.35,14.73,17.03,5.8,12.96,15.39,12.37,6.72,9.75,10.17,3.16,5.55,5.91,8.21,11.5,1.48,7.4,7.49,9.76,10.39,13.15,4.87,6.99,2.74,1.79,7.35,5.03,8.31,7.34,0.0,6.4,7.72,9.45,12.1,7.93,11.18,6.58,9.35,17.95,19.43,16.16,26.6,18.61,15.89,21.02,27.9,10.7,17.0,16.99,21.1,19.19,15.35,21.04,12.82,16.85,19.68,14.4,17.01,21.12,15.23,12.24,15.6,19.87,15.32,16.64,21.74,14.95,12.35,27.06,27.47,26.32,24.79,29.69,31.87,25.72,32.21,21.63,32.72,24.68,28.81,30.78,33.3,22.26,28.92,25.42,32.18,31.13,31.11,25.08,23.11,30.26
21.98,25.99,11.83,37.65,19.2,24.2,35.77,6.2,35.81,11.69,13.3,23.09,18.11,11.42,8.87,16.42,3.37,3.81,5.86,11.25,11.68,22.74,31.53,23.57,5.91,18.82,18.91,5.61,20.23,29.4,12.05,31.94,15.5,25.89,11.28,22.13,27.68,24.35,4.29,19.11,23.17,5.88,24.41,32.39,17.51,28.21,30.85,4.69,10.08,20.71,17.75,16.11,32.25,30.09,29.49,30.49,25.28,43.8,26.47,25.86,25.56,31.44,24.89,29.7,26.34,28.63,26.36,28.39,27.12,29.77,27.83,23.03,28.87,27.91,26.46,26.35,13.59,14.51,18.1,12.49,16.1,11.93,15.73,14.66,6.62,12.84,11.31,12.56,5.08,6.93,1.3,1.11,12.71,7.53,13.44,13.53,15.8,16.43,19.19,6.75,13.03,8.78,5.96,13.39,11.07,14.35,13.38,6.4,0.0,2.27,11.7,18.24,14.8,17.31,8.83,15.48,24.08,25.57,22.3,32.74,24.75,22.03,27.16,34.04,16.84,23.14,23.13,27.23,25.33,21.48,27.18,18.95,22.99,25.82,20.53,23.15,27.26,21.37,18.38,21.74,26.01,21.45,22.78,27.88,21.08,18.49,33.2,33.61,32.46,30.92,35.83,38.01,31.86,38.34,27.77,38.86,30.81,34.94,36.91,39.43,28.4,35.06,31.55,38.32,37.27,37.25,31.21,29.25,36.4
23.3,27.31,13.15,38.97,20.52,25.52,37.09,7.52,37.13,10.16,14.62,24.4,19.43,12.74,10.19,17.74,4.69,5.13,7.18,9.72,10.15,24.06,32.84,24.89,7.22,20.13,20.22,6.93,21.55,30.71,13.37,33.26,16.81,27.21,9.75,23.45,29.0,25.66,5.61,20.43,24.49,7.2,25.73,33.71,18.83,29.52,32.16,6.01,8.55,22.03,19.07,17.43,33.57,31.41,30.81,31.81,26.59,45.12,27.79,27.18,26.88,32.76,26.21,31.02,27.66,29.94,27.68,29.71,28.44,31.08,29.14,24.34,30.19,29.23,27.78,27.66,12.06,12.98,16.57,10.96,14.57,13.24,14.19,13.13,5.09,10.74,9.78,11.02,6.39,8.24,2.62,1.23,14.03,8.84,14.76,14.85,17.12,17.74,20.51,8.07,14.35,10.1,7.28,14.71,12.38,15.67,14.7,7.72,2.27,0.0,13.02,19.56,14.08,18.63,10.15,16.8,25.4,26.89,23.62,34.06,26.07,23.35,28.47,35.36,18.16,24.46,24.44,28.55,26.64,22.8,28.5,20.27,24.31,27.14,21.85,24.47,28.58,22.68,19.7,23.06,27.33,22.77,24.1,29.19,22.4,19.81,34.52,34.93,33.77,32.24,37.14,39.32,33.17,39.66,29.08,40.18,32.13,36.26,38.23,40.75,29.72,36.37,32.87,39.63,38.59,38.57,32.53,30.56,37.72
10.98,14.78,4.53,27.57,20.34,13.03,24.84,5.7,25.72,17.39,14.45,13.74,9.68,12.56,13.07,17.56,9.37,10.07,7.65,15.0,16.15,23.88,32.67,24.72,11.37,19.96,7.02,10.62,13.57,30.54,6.77,27.2,10.29,17.38,16.74,12.79,19.23,15.77,8.19,10.68,12.0,10.9,25.55,29.61,18.65,29.35,31.99,7.06,16.22,14.57,11.63,17.26,33.39,31.24,30.64,31.64,26.42,26.72,27.61,27.0,26.7,32.59,17.97,30.84,20.74,29.77,19.26,29.53,28.26,30.91,28.97,24.17,30.02,29.05,27.6,27.49,21.78,20.34,24.54,22.0,24.3,13.07,20.23,22.66,19.64,13.99,17.02,17.44,8.6,7.39,11.2,13.51,5.98,9.19,14.59,14.68,7.36,17.57,20.33,10.95,7.83,9.92,10.58,8.19,12.21,9.14,8.18,9.45,11.7,13.02,0.0,19.27,15.83,18.34,4.0,16.51,25.11,26.6,11.4,33.77,16.08,14.36,16.9,35.07,8.32,24.17,16.53,16.01,16.61,22.51,17.35,7.87,13.96,13.79,12.75,12.06,15.32,13.46,9.86,12.71,14.75,15.96,13.74,15.94,15.59,12.46,34.23,30.62,27.93,22.41,28.96,21.2,23.88,39.37,15.82,39.89,31.84,31.78,23.06,32.51,16.46,36.08,21.72,31.24,27.03,30.17,32.24,17.3,26.16
11.07,9.98,20.44,23.33,3.19,8.19,21.45,13.77,21.49,13.4,4.3,7.08,8.79,9.11,21.05,2.72,16.39,17.6,15.63,11.01,12.44,8.42,17.2,9.25,15.87,2.81,15.59,13.75,8.66,15.07,7.66,17.62,4.43,11.57,12.75,6.12,13.36,8.34,15.21,7.74,7.16,14.02,10.09,18.07,1.5,13.88,16.53,15.03,12.23,9.14,3.19,4.83,17.93,15.77,15.17,16.17,10.95,22.2,12.15,11.54,11.24,17.12,10.57,15.38,12.02,14.3,12.04,14.07,12.8,15.44,13.5,8.7,14.55,13.59,12.14,12.02,14.76,13.32,13.34,14.98,17.28,8.99,13.21,17.18,15.65,10.0,13.03,11.2,15.07,15.37,17.74,20.05,21.32,11.85,6.42,6.5,9.93,5.42,4.87,18.92,8.22,10.13,13.71,6.5,8.13,5.09,7.26,12.1,18.24,19.56,19.27,0.0,6.71,2.21,16.5,4.2,9.55,11.03,6.28,18.2,8.73,9.64,11.14,19.5,9.83,8.6,7.45,11.21,9.31,6.95,11.16,14.5,10.08,9.83,4.52,11.6,11.27,5.35,7.4,10.12,10.02,10.54,11.16,11.89,10.16,11.35,18.66,19.07,17.92,14.0,21.29,16.67,17.32,23.81,11.78,24.32,16.27,20.4,16.88,24.89,12.41,20.52,15.54,23.78,22.73,22.71,16.68,13.26,21.86
15.56,14.48,17.0,26.14,7.68,12.68,24.26,10.33,24.29,6.74,5.36,11.57,13.28,2.63,17.61,4.34,12.95,14.16,12.19,4.35,5.5,11.22,20.01,12.06,12.43,7.3,16.77,10.31,13.15,17.88,9.92,20.43,5.92,14.37,6.09,10.62,16.17,12.83,11.77,12.23,11.66,10.58,12.89,20.87,5.99,16.69,19.33,11.59,5.57,13.63,5.13,4.27,20.73,18.58,17.98,18.98,13.76,32.29,14.95,14.34,14.04,19.93,13.38,18.18,14.83,17.11,14.85,16.87,15.6,18.25,16.31,11.51,17.36,16.39,14.94,14.83,11.13,9.69,9.96,11.35,13.64,2.33,9.58,12.01,8.99,3.34,6.37,6.79,10.73,11.93,8.27,13.63,17.88,7.67,2.18,2.86,13.67,1.57,7.67,15.48,9.71,6.69,9.37,7.99,4.1,6.57,8.75,7.93,14.8,14.08,15.83,6.71,0.0,5.73,12.32,3.63,12.51,13.99,10.72,21.16,13.17,14.08,15.58,22.46,14.27,11.56,11.55,15.65,13.75,9.9,15.6,16.75,14.52,14.24,8.96,16.04,15.68,9.79,11.84,14.56,14.43,14.98,15.6,16.3,14.61,15.79,21.62,22.03,20.88,19.34,24.25,26.43,20.28,26.77,16.19,27.28,19.23,23.36,25.33,27.85,16.82,23.48,19.98,26.74,25.69,25.67,19.63,17.67,24.82
11.05,9.97,19.51,22.4,3.18,8.18,20.52,12.84,20.56,12.48,3.37,7.06,8.78,8.18,20.12,1.79,15.46,16.68,14.7,10.08,11.51,7.49,16.27,8.32,14.94,2.79,15.57,12.82,8.65,14.14,6.73,16.69,3.5,10.64,11.82,6.11,12.43,8.32,14.28,7.72,7.15,13.09,9.16,17.14,1.49,12.95,15.6,14.1,11.3,9.13,2.22,3.9,17.0,14.84,14.24,15.24,10.03,22.19,11.22,10.61,10.31,16.19,9.64,14.45,11.09,13.37,11.11,13.14,11.87,14.51,12.57,7.78,13.62,12.66,11.21,11.1,13.83,12.39,12.41,14.05,16.35,8.06,12.28,16.25,14.72,9.07,12.1,10.27,14.14,14.44,16.81,19.12,20.39,10.92,5.49,5.58,9.91,4.49,3.94,17.99,7.3,9.2,12.78,5.57,7.2,4.16,6.33,11.18,17.31,18.63,18.34,2.21,5.73,0.0,15.51,3.21,8.56,10.04,6.33,17.21,8.77,9.69,11.18,18.51,9.88,7.61,7.6,11.26,9.35,5.96,11.21,14.54,10.12,10.29,4.56,11.65,11.73,5.39,7.45,10.17,10.48,10.58,11.2,12.35,10.21,11.4,17.67,18.08,16.93,15.39,20.3,22.48,16.33,22.82,12.24,23.33,15.28,19.41,16.92,23.9,12.87,19.53,15.58,22.79,21.74,21.72,15.68,13.72,20.87
14.36,18.16,5.59,35.93,17.47,14.41,34.05,2.83,34.08,14.52,11.58,21.36,11.06,9.69,10.2,14.69,6.5,7.2,4.78,12.13,13.28,21.01,29.8,21.85,8.5,17.09,10.4,7.75,13.18,27.67,5.79,30.22,9.24,24.16,13.87,20.41,25.96,13.99,5.32,12.06,13.38,8.03,22.68,30.66,15.78,26.48,29.12,4.19,13.35,13.66,16.03,14.39,30.52,28.37,27.77,28.77,23.55,30.1,24.74,24.13,23.83,29.72,23.17,27.97,24.62,26.9,24.64,26.66,25.39,28.04,26.1,21.3,27.15,26.18,24.73,24.62,18.91,17.47,21.67,19.13,21.43,10.2,17.36,19.79,16.77,11.12,14.15,14.57,5.73,4.52,8.34,10.64,7.03,6.32,11.72,11.81,8.75,14.7,17.46,8.08,6.77,7.05,7.71,7.13,9.34,8.09,7.12,6.58,8.83,10.15,4.0,16.5,12.32,15.51,0.0,13.64,22.24,23.73,12.78,30.9,14.38,17.74,16.79,32.2,9.7,21.3,21.28,19.39,14.96,19.64,16.81,11.25,17.34,15.18,18.69,15.44,16.7,19.52,11.24,16.09,16.13,14.32,17.12,17.32,13.94,12.01,31.36,31.77,30.61,19.43,33.98,24.58,20.91,36.5,17.21,37.02,28.97,33.1,22.52,37.59,17.84,33.21,21.18,36.48,35.43,35.41,29.37,18.69,34.56
13.04,11.96,17.69,23.62,5.16,10.17,21.74,11.01,21.78,10.38,3.17,9.05,10.77,5.58,18.29,2.38,13.64,14.85,12.87,7.98,9.41,8.7,17.49,9.54,13.11,4.78,14.1,10.99,10.63,15.36,6.95,17.91,3.72,11.85,9.72,8.1,13.65,10.31,12.45,9.71,9.14,11.27,10.37,18.35,3.48,14.17,16.81,12.28,9.2,11.11,3.72,2.08,18.22,16.06,15.46,16.46,11.24,29.77,12.44,11.83,11.52,17.41,10.86,15.66,12.31,14.59,12.33,14.35,13.08,15.73,13.79,8.99,14.84,13.88,12.43,12.31,11.73,10.29,9.36,11.95,14.25,5.96,10.18,12.61,12.62,6.97,10.0,8.17,12.32,12.61,14.99,17.29,18.56,9.09,3.66,3.75,11.9,2.39,5.16,16.17,7.52,7.38,10.95,5.79,5.38,4.38,6.55,9.35,15.48,16.8,16.51,4.2,3.63,3.21,13.64,0.0,10.66,12.15,8.88,19.32,11.33,12.24,13.74,20.62,13.99,9.72,9.71,13.81,11.91,8.06,13.76,16.1,12.68,12.4,7.11,14.2,13.84,7.94,10.0,12.72,12.59,13.14,13.76,14.46,12.76,13.95,19.78,20.19,19.04,17.5,22.41,24.59,18.44,24.92,14.35,25.44,17.39,21.52,23.49,26.01,14.98,21.64,18.13,24.9,23.85,23.83,17.79,15.83,22.98
12.54,10.89,26.29,16.18,10.51,7.44,14.3,19.61,14.34,19.25,10.59,8.71,10.26,14.96,26.89,8.56,22.24,23.45,21.47,16.86,18.29,3.55,10.05,3.65,21.71,10.13,17.06,19.59,10.13,7.92,14.07,10.47,10.84,2.66,18.59,10.99,4.45,9.17,21.05,9.21,8.51,19.87,2.93,10.91,8.83,6.73,9.37,20.88,18.08,10.18,9.56,10.68,10.78,8.62,8.02,9.02,3.1,22.33,5.0,4.39,4.08,9.97,1.96,8.23,4.16,7.15,4.48,6.92,5.65,8.29,6.35,1.15,7.4,6.44,4.99,4.87,19.0,19.17,15.04,20.83,21.51,14.84,17.39,18.88,21.5,15.84,18.87,17.05,20.91,21.21,23.58,25.89,27.16,17.69,12.26,12.35,12.29,11.27,4.79,24.77,14.63,15.98,19.55,12.91,13.97,11.49,13.67,17.95,24.08,25.4,25.11,9.55,12.51,8.56,22.24,10.66,0.0,4.0,10.21,11.17,9.69,10.6,12.1,12.47,11.28,6.62,6.61,12.17,9.21,2.77,12.12,15.94,11.04,5.79,9.54,13.05,7.23,8.71,10.73,11.57,4.84,11.98,12.61,7.85,11.61,12.8,11.63,12.04,10.89,9.36,14.26,16.44,10.29,16.78,7.74,17.29,9.25,13.38,15.35,17.87,8.37,13.49,17.85,16.75,15.7,15.68,9.65,9.22,14.83
13.97,12.33,27.77,16.04,12.0,8.87,14.16,21.1,14.2,18.78,12.08,10.19,11.7,16.44,28.38,10.05,23.72,24.93,22.96,18.34,16.97,2.4,9.91,1.39,23.2,11.62,18.49,21.08,11.57,7.79,15.56,10.33,12.33,4.09,18.09,11.43,6.8,10.61,22.54,10.64,9.95,21.35,1.83,10.78,10.31,2.98,9.24,22.36,18.24,11.62,11.04,12.16,10.64,8.48,7.88,8.88,3.48,22.19,4.85,1.24,3.94,5.39,3.1,8.09,6.73,7.02,4.57,4.79,7.25,4.54,6.21,3.02,3.65,2.69,2.73,2.73,18.05,17.85,14.1,19.32,20.57,16.32,16.45,17.93,21.66,17.33,18.82,15.72,22.4,22.7,25.07,27.38,28.65,19.18,13.75,13.83,13.72,12.75,6.27,26.25,16.12,17.46,21.04,14.4,15.46,12.98,15.16,19.43,25.57,26.89,26.6,11.03,13.99,10.04,23.73,12.15,4.0,0.0,11.69,10.93,11.17,12.08,17.92,11.68,12.76,8.0,7.99,18.03,10.69,4.15,17.21,17.42,12.52,7.27,10.92,14.53,8.71,10.09,12.21,13.05,6.32,13.46,14.08,9.33,13.09,14.28,11.39,11.8,10.65,9.11,14.01,16.19,10.05,15.66,9.22,16.18,9.0,13.13,15.1,16.75,10.08,12.37,17.6,17.76,15.46,15.44,9.4,9.93,14.59
5.95,4.86,14.82,17.79,4.36,3.07,15.91,17.82,15.95,17.46,7.14,1.96,2.36,13.17,25.11,6.77,20.45,21.66,19.68,15.07,16.5,9.91,15.55,10.75,19.93,3.84,10.47,17.81,3.54,13.42,8.28,13.46,7.25,8.0,16.81,1.0,9.84,3.22,19.27,2.62,2.04,18.08,10.7,15.87,5.55,14.5,14.87,19.09,16.29,4.02,4.87,6.73,16.28,14.12,13.52,14.52,10.44,17.08,12.02,12.16,11.85,15.47,8.59,13.72,11.35,12.65,9.87,15.1,12.88,16.06,11.85,10.2,15.17,14.21,12.76,12.64,18.82,17.38,17.4,19.04,21.33,13.05,17.27,21.24,19.71,14.06,17.09,15.26,19.13,19.43,21.8,24.1,25.37,15.9,10.47,10.56,4.06,9.48,8.41,22.98,5.75,14.19,17.76,9.32,12.19,7.9,7.63,16.16,22.3,23.62,11.4,6.28,10.72,6.33,12.78,8.88,10.21,11.69,0.0,16.5,3.61,4.52,6.02,17.8,3.08,5.7,4.58,6.09,4.19,8.55,6.04,9.38,4.96,4.41,1.76,6.48,5.93,2.48,1.54,5.0,5.36,5.61,6.04,6.55,5.24,6.43,16.96,16.87,14.19,8.66,19.12,11.55,10.14,22.11,6.44,22.62,14.57,18.7,11.76,23.19,7.07,18.82,10.42,21.59,17.18,20.52,14.98,7.92,16.31
19.76,16.16,34.94,7.22,19.17,13.7,7.79,28.26,7.83,27.9,19.25,15.01,16.53,23.61,35.55,17.21,30.89,32.1,30.12,25.51,26.94,12.21,1.46,10.65,30.37,18.79,24.28,28.25,16.39,5.87,22.72,3.96,19.5,8.94,27.25,16.26,7.38,13.6,29.71,15.47,14.78,28.52,9.15,2.48,17.48,12.77,6.47,29.53,26.73,14.62,18.21,19.33,7.44,3.67,5.03,2.47,10.05,22.8,5.75,7.21,6.55,7.87,10.27,4.8,6.66,5.08,8.28,5.13,4.62,6.52,5.11,10.18,5.5,6.82,6.92,6.96,27.65,27.82,23.69,29.48,30.17,23.49,26.05,27.53,30.15,24.5,27.53,25.7,29.57,29.87,32.24,34.54,35.81,26.34,20.91,21.0,18.55,19.92,13.44,33.42,23.29,24.63,28.2,21.56,22.63,20.15,22.32,26.6,32.74,34.06,33.77,18.2,21.16,17.21,30.9,19.32,11.17,10.93,16.5,0.0,15.82,15.03,15.07,7.91,17.63,15.14,15.13,16.74,12.18,11.29,14.35,23.19,17.49,12.15,18.07,20.3,11.5,17.23,17.09,18.74,11.19,18.34,19.85,10.58,17.96,19.15,2.06,4.89,4.26,9.01,4.69,11.74,10.49,4.05,12.85,6.34,3.66,3.8,8.71,6.92,10.52,2.41,8.73,7.18,7.37,6.11,3.79,9.22,8.2
5.11,2.16,16.42,14.31,6.81,3.61,11.58,20.27,12.46,19.91,9.59,4.32,3.64,15.62,27.56,9.22,22.9,24.11,22.13,17.52,18.95,11.92,15.47,10.9,22.38,6.29,9.63,20.26,2.7,12.9,9.87,12.28,9.7,7.47,19.26,3.37,9.32,1.2,21.72,2.58,2.58,20.53,10.18,14.69,8.0,13.98,14.35,21.54,18.74,2.05,7.32,9.18,15.75,13.6,13.0,14.0,9.92,13.46,11.49,11.63,11.33,14.95,8.07,13.2,10.83,12.13,9.35,14.58,12.36,15.54,11.33,9.78,14.65,13.68,12.24,12.12,21.27,19.83,19.85,21.49,23.78,15.5,19.72,23.69,22.16,16.51,19.54,17.71,21.58,21.88,24.25,26.55,20.49,18.35,12.92,13.01,5.66,11.93,10.42,25.43,8.35,16.64,20.21,11.29,14.64,10.35,11.28,18.61,24.75,26.07,16.08,8.73,13.17,8.77,14.38,11.33,9.69,11.17,3.61,15.82,0.0,2.5,2.41,17.21,4.68,6.92,6.55,3.4,2.03,10.52,2.43,8.62,2.94,3.82,4.22,5.72,3.45,4.93,4.14,4.74,4.77,4.65,5.28,3.63,4.28,5.47,16.28,15.7,13.02,7.49,15.71,7.94,8.97,18.28,5.85,21.96,13.95,18.52,8.15,19.25,6.48,18.23,6.81,17.98,13.77,16.91,14.08,5.0,12.9
3.38,1.81,18.28,15.9,7.72,4.52,13.17,17.56,14.06,20.82,10.5,5.23,4.15,16.53,24.84,10.13,20.18,21.39,19.42,18.43,19.86,12.83,15.94,11.81,19.66,7.2,7.9,17.54,2.38,13.81,10.39,11.49,10.61,8.39,20.17,4.28,10.23,2.11,19.0,3.64,3.49,17.81,11.09,13.9,8.91,14.89,15.26,18.82,19.65,1.72,8.23,10.09,16.66,14.51,13.91,14.91,10.83,15.06,12.41,12.55,12.24,15.86,8.98,14.11,11.74,13.04,10.26,15.49,13.27,16.45,12.24,10.69,15.56,14.6,13.15,13.03,22.18,20.74,20.76,22.4,24.69,16.41,20.63,24.6,23.07,17.42,20.45,18.62,18.86,19.16,21.53,23.84,18.77,15.64,13.84,13.92,6.18,12.84,11.33,22.71,8.86,13.92,17.5,11.8,15.55,12.76,11.8,15.89,22.03,23.35,14.36,9.64,14.08,9.69,17.74,12.24,10.6,12.08,4.52,15.03,2.5,0.0,3.75,18.16,5.19,7.88,7.51,3.05,2.98,11.48,4.89,6.81,0.83,4.77,5.17,3.92,4.41,5.89,4.65,2.37,5.73,4.29,3.48,4.58,3.91,4.88,15.49,14.91,12.22,6.7,17.32,9.55,8.17,17.49,6.8,22.98,14.94,20.13,10.61,20.87,7.44,19.18,9.27,19.59,15.39,18.53,13.28,5.95,14.52
5.92,2.32,20.81,13.55,9.22,6.02,10.82,22.68,11.71,22.32,12.0,6.73,6.05,18.03,29.96,11.63,25.31,26.52,24.54,19.93,21.36,14.33,14.71,13.31,24.79,8.7,10.44,22.67,5.11,15.83,12.28,11.53,12.11,9.88,21.67,5.78,10.17,3.6,24.13,4.99,4.99,22.94,16.14,13.94,10.41,19.2,17.28,23.95,21.15,4.46,9.73,11.59,18.68,16.53,15.93,16.93,12.33,12.71,15.34,17.21,16.55,17.87,10.48,16.13,14.32,15.06,11.76,17.51,15.29,18.9,14.26,12.19,17.88,18.91,17.45,17.33,23.68,22.24,22.26,23.9,26.19,17.91,22.12,26.1,24.57,18.92,21.95,20.12,23.99,24.28,26.66,28.96,21.31,20.76,15.33,15.42,8.07,14.34,12.83,27.84,10.76,19.05,22.62,13.7,17.05,12.76,13.69,21.02,27.16,28.47,16.9,11.14,15.58,11.18,16.79,13.74,12.1,17.92,6.02,15.07,2.41,3.75,0.0,20.3,7.09,9.33,8.96,2.07,4.44,12.93,1.67,9.35,3.65,6.23,6.63,6.45,5.86,7.34,6.55,4.9,7.18,7.06,6.01,6.04,6.69,7.42,15.53,14.94,12.26,6.73,14.95,7.18,8.21,17.52,8.26,21.21,13.19,17.76,7.39,18.5,8.24,16.52,6.05,17.22,13.02,16.16,13.32,6.94,12.15
20.1,20.86,36.24,13.7,20.47,15.0,14.74,29.56,14.36,29.2,20.55,16.31,17.83,24.91,36.84,18.51,32.19,33.4,31.42,26.81,28.24,13.51,8.41,12.98,31.67,20.09,27.46,29.55,17.69,8.03,24.02,10.91,20.8,10.24,28.55,17.56,8.67,16.73,31.01,16.77,16.08,29.82,10.44,9.43,18.78,9.23,3.61,30.83,28.03,17.75,19.51,20.63,4.58,5.39,7.19,5.79,11.35,24.09,7.05,7.68,7.85,4.01,11.56,7.4,7.96,6.38,9.58,4.42,5.92,6.11,6.41,11.48,5.09,6.41,6.51,7.33,28.95,29.12,24.99,30.78,31.47,24.79,27.35,34.93,31.45,25.8,28.83,27.0,30.87,31.16,33.54,35.84,37.11,27.64,22.21,22.3,19.85,21.22,14.74,34.72,24.59,25.93,29.5,22.86,23.93,21.45,23.62,27.9,34.04,35.36,35.07,19.5,22.46,18.51,32.2,20.62,12.47,11.68,17.8,7.91,17.21,18.16,20.3,0.0,18.64,16.15,16.14,20.09,16.57,12.3,19.27,23.3,18.4,13.16,19.07,20.41,14.59,18.24,18.1,18.93,12.2,19.35,19.97,13.34,18.97,20.16,8.2,11.03,10.85,11.16,10.82,18.25,12.09,8.66,15.1,9.17,8.08,9.94,15.3,9.75,12.12,5.37,15.32,10.75,13.51,12.25,8.48,11.97,14.79
5.88,7.0,11.74,18.86,7.91,4.71,16.98,12.37,17.01,18.65,10.59,5.42,1.36,12.0,19.65,10.32,14.99,16.2,14.23,16.26,17.41,13.46,16.62,12.49,14.47,7.39,7.36,12.35,3.47,14.49,5.2,14.53,8.72,9.06,17.99,4.47,10.91,4.28,13.81,2.36,3.68,12.62,11.77,16.94,9.1,15.57,15.94,13.63,17.48,3.95,8.42,10.19,17.34,15.18,14.59,15.59,11.5,18.14,13.08,13.22,12.92,16.53,9.65,14.79,12.42,13.72,10.94,16.17,13.95,17.13,12.92,11.37,16.24,15.27,13.82,13.71,22.37,20.93,20.95,22.59,24.88,14.32,20.82,24.79,20.9,15.24,18.27,18.69,13.67,13.97,16.34,18.64,13.19,10.44,13.4,13.48,0.99,13.03,11.96,17.52,5.76,8.73,12.3,6.61,11.02,7.57,6.61,10.7,16.84,18.16,8.32,9.83,14.27,9.88,9.7,13.99,11.28,12.76,3.08,17.63,4.68,5.19,7.09,18.64,0.0,8.58,8.21,8.2,5.25,12.18,7.11,7.32,6.15,5.47,4.43,6.38,7.0,5.14,1.54,4.9,6.43,4.61,5.94,7.62,4.24,5.43,18.03,17.94,15.25,9.73,20.18,12.61,11.21,23.17,7.5,23.69,15.64,19.77,12.82,24.26,8.14,19.88,11.48,22.65,18.25,21.59,16.04,8.98,17.38
9.81,8.17,25.34,16.4,6.65,3.84,14.52,18.66,14.55,18.3,9.65,2.51,7.54,14.01,25.94,7.61,21.29,22.5,20.52,15.91,17.34,5.34,14.13,6.18,20.77,6.13,14.34,18.65,7.41,12.0,13.12,12.07,9.9,5.88,17.65,5.54,7.72,6.45,20.11,6.48,4.92,18.92,7.01,14.99,7.88,10.81,13.45,19.93,17.13,7.46,7.16,9.73,14.85,12.7,12.1,13.1,7.88,20.39,9.07,8.46,8.16,14.04,6.47,12.3,8.95,11.23,7.75,10.99,9.72,12.37,10.43,5.63,11.48,10.51,9.06,8.95,18.77,18.22,14.81,19.88,21.29,13.89,17.17,18.65,20.55,14.9,17.93,16.1,19.97,20.26,22.64,24.94,26.21,16.74,11.31,11.4,9.56,10.32,3.84,23.82,11.03,15.03,18.6,11.96,13.03,10.55,12.72,17.0,23.14,24.46,24.17,8.6,11.56,7.61,21.3,9.72,6.62,8.0,5.7,15.14,6.92,7.88,9.33,16.15,8.58,0.0,1.12,9.44,6.47,3.98,9.39,13.92,8.3,3.06,4.06,11.02,4.5,3.22,6.82,9.54,3.25,9.96,10.58,5.12,9.59,10.78,15.7,16.11,12.76,7.23,18.32,20.5,8.71,20.84,5.01,21.36,13.31,17.44,11.25,21.93,5.64,17.55,11.3,18.83,15.75,17.76,13.71,6.49,14.88
9.45,7.8,25.33,16.03,5.54,3.47,14.15,18.65,14.18,18.29,9.64,2.14,7.17,14.0,25.93,7.6,21.28,22.49,20.51,15.9,17.33,5.33,14.12,6.17,20.75,5.01,13.97,18.63,7.04,11.99,13.11,11.7,9.88,5.51,17.64,4.42,7.35,6.08,20.1,6.12,4.55,18.91,7.0,14.98,6.72,10.8,13.44,19.92,17.12,7.09,6.04,9.72,14.84,12.69,12.09,13.09,7.87,20.02,9.06,8.45,8.15,14.03,6.1,12.29,8.86,11.22,7.38,10.98,9.71,12.36,10.42,5.62,11.47,10.5,9.05,8.94,18.76,18.21,14.8,19.87,21.27,13.88,17.16,18.64,20.54,14.88,17.92,16.09,19.96,20.25,22.63,24.93,26.2,16.73,11.3,11.39,9.2,10.31,3.83,23.81,9.91,15.02,18.59,11.95,13.02,10.54,12.71,16.99,23.13,24.44,16.53,7.45,11.55,7.6,21.28,9.71,6.61,7.99,4.58,15.13,6.55,7.51,8.96,16.14,8.21,1.12,0.0,9.07,6.1,3.97,9.02,12.8,7.94,2.69,2.94,9.9,4.13,2.1,5.7,8.42,2.88,8.84,9.46,4.75,8.47,9.66,15.68,16.1,12.39,6.87,18.31,14.52,8.34,20.83,4.64,21.35,13.3,17.43,10.89,21.92,5.27,17.54,10.93,18.46,15.38,17.4,13.7,6.12,14.51
5.03,1.24,19.14,13.66,9.3,6.09,10.93,22.76,11.81,22.4,12.07,6.81,7.16,18.11,30.04,11.71,25.38,26.6,24.62,20.01,21.43,14.4,18.07,17.75,24.86,8.77,9.56,22.74,4.95,15.94,13.4,13.21,12.19,9.96,21.74,5.85,14.5,3.68,24.2,5.07,5.06,23.01,16.25,15.61,10.48,19.31,17.39,24.02,21.23,4.53,9.8,11.67,18.79,16.63,16.03,17.03,12.4,12.82,15.44,17.32,16.65,17.98,10.55,16.24,14.43,15.17,11.83,17.62,15.4,19.01,14.37,12.26,17.99,19.01,17.56,17.44,23.75,22.32,22.34,23.97,26.27,17.98,22.2,26.18,24.65,18.99,22.02,20.19,24.06,24.36,26.73,29.04,18.65,20.84,15.41,15.5,9.19,14.41,12.9,27.91,11.88,19.13,22.7,14.81,17.12,12.84,14.81,21.1,27.23,28.55,16.01,11.21,15.65,11.26,19.39,13.81,12.17,18.03,6.09,16.74,3.4,3.05,2.07,20.09,8.2,9.44,9.07,0.0,4.51,13.01,2.52,8.47,3.41,6.3,6.7,5.57,5.94,7.42,7.7,4.02,7.26,7.34,5.13,6.12,6.96,6.54,17.22,16.64,13.96,8.43,15.07,7.31,9.91,20.29,8.33,21.33,17.2,17.89,8.89,18.62,9.94,21.44,7.55,17.35,13.14,16.28,15.02,8.64,12.27
5.63,3.28,17.0,12.97,7.39,4.18,11.09,20.85,11.13,20.49,10.17,4.9,4.22,16.2,28.13,9.8,23.48,24.69,22.71,18.1,19.53,11.43,11.83,10.42,22.95,6.87,10.15,20.83,3.22,12.42,10.45,8.64,10.28,6.99,19.84,3.95,8.84,1.55,22.3,3.16,3.16,21.11,9.7,11.05,8.58,13.5,13.87,22.12,19.32,2.57,7.9,9.76,15.27,13.11,11.68,13.52,9.43,15.49,11.01,11.15,10.85,14.46,7.58,11.44,10.35,11.65,8.86,14.1,11.88,15.06,10.85,9.3,14.17,13.2,11.75,11.64,21.85,20.41,20.43,22.07,24.36,16.08,20.29,24.27,22.74,17.08,20.12,18.29,22.16,22.45,24.83,27.13,21.02,18.93,13.5,13.59,6.24,12.51,9.93,26.01,8.93,17.22,20.79,11.87,15.22,10.93,11.86,19.19,25.33,26.64,16.61,9.31,13.75,9.35,14.96,11.91,9.21,10.69,4.19,12.18,2.03,2.98,4.44,16.57,5.25,6.47,6.1,4.51,0.0,10.08,4.5,9.1,3.42,3.38,4.84,6.2,1.56,5.55,4.76,4.72,4.33,5.13,5.76,1.74,4.76,5.95,12.64,12.06,9.38,3.85,14.3,10.01,5.33,14.64,2.91,16.56,10.31,13.83,7.87,17.13,3.54,13.63,8.88,15.45,12.37,14.38,10.44,3.1,11.5
13.42,11.77,23.69,16.41,7.91,7.44,14.53,17.01,14.56,16.65,7.99,6.11,11.14,12.36,24.29,5.96,19.63,20.85,18.87,14.26,15.68,1.49,10.28,2.33,19.11,7.53,17.94,16.99,11.01,8.15,11.47,10.7,8.24,4.64,15.99,8.39,6.43,10.05,18.45,10.09,8.52,17.26,3.16,11.14,6.22,6.96,9.6,18.27,15.48,11.06,6.96,8.08,11.0,8.85,8.25,9.25,4.03,22.56,5.22,4.61,4.31,10.2,3.65,8.45,5.1,7.38,5.12,7.14,5.87,8.52,6.58,1.78,7.63,6.66,5.21,5.1,16.4,16.57,12.44,18.22,18.91,12.23,14.79,16.28,18.9,13.24,16.27,14.44,18.31,18.61,20.98,23.29,24.56,15.09,9.66,9.75,13.17,8.66,2.19,22.16,12.03,13.38,16.95,10.31,11.37,8.89,11.07,15.35,21.48,22.8,22.51,6.95,9.9,5.96,19.64,8.06,2.77,4.15,8.55,11.29,10.52,11.48,12.93,12.3,12.18,3.98,3.97,13.01,10.08,0.0,12.99,16.77,11.91,6.66,6.9,13.87,8.1,6.07,9.67,12.39,6.79,12.81,13.43,8.72,12.44,13.62,11.85,12.26,11.1,9.57,14.47,16.65,10.5,16.99,8.61,17.51,9.46,13.59,15.56,18.08,9.24,13.7,18.06,16.96,15.92,15.9,9.86,10.38,15.05
6.37,2.77,21.26,12.84,9.24,6.04,10.11,22.71,10.99,22.34,12.02,6.75,6.07,18.05,29.99,11.65,25.33,26.54,24.57,19.95,21.38,14.35,14.0,16.93,24.81,8.72,10.89,22.69,5.13,15.12,12.31,10.81,12.13,9.91,21.69,5.8,9.46,3.63,24.15,5.01,5.01,22.96,15.43,13.22,10.43,18.49,16.57,23.97,21.17,4.48,9.75,11.61,17.97,15.81,15.21,16.21,12.35,12.0,14.62,16.5,15.83,17.16,10.5,15.42,13.61,14.35,11.78,16.8,14.58,18.19,13.55,12.21,17.17,18.19,16.74,16.62,23.7,22.26,22.28,23.92,26.21,17.93,22.15,26.12,24.59,18.94,21.97,20.14,24.01,24.31,26.68,28.98,21.76,20.78,15.36,15.44,8.09,14.36,12.85,27.86,10.78,19.07,22.64,13.72,17.07,12.79,13.71,21.04,27.18,28.5,17.35,11.16,15.6,11.21,16.81,13.76,12.12,17.21,6.04,14.35,2.43,4.89,1.67,19.27,7.11,9.39,9.02,2.52,4.5,12.99,0.0,9.8,4.1,6.25,6.65,6.9,5.89,7.36,6.57,5.35,7.2,7.09,6.46,6.06,6.71,7.87,14.81,14.23,11.55,6.02,14.24,6.47,7.5,16.81,8.28,20.49,12.48,17.05,6.68,17.79,7.53,15.81,5.34,16.51,12.3,15.44,12.61,6.23,11.43
3.43,7.23,11.78,21.32,12.58,9.37,18.59,12.95,19.48,20.76,12.71,10.09,8.24,14.12,20.32,14.99,17.11,18.32,14.9,18.37,19.52,18.13,21.28,17.15,18.62,12.05,1.41,14.46,6.03,19.15,7.32,19.65,10.83,13.73,20.11,9.13,15.57,8.22,15.92,7.73,8.35,14.74,16.44,22.06,13.76,20.23,20.6,14.31,19.59,7.02,13.09,12.3,22.01,19.85,19.25,20.25,16.17,20.48,17.75,17.89,17.59,21.2,14.32,19.46,17.08,18.38,15.6,20.83,18.61,21.79,17.58,16.03,20.9,19.94,18.49,18.37,25.15,23.71,25.62,25.37,27.67,16.44,23.6,26.03,23.01,17.36,20.39,20.81,15.79,14.64,18.46,20.76,12.28,12.56,15.51,15.6,6.37,15.02,16.63,18.2,8.37,10.85,14.42,8.73,13.13,9.69,8.72,12.82,18.95,20.27,7.87,14.5,16.75,14.54,11.25,16.1,15.94,17.42,9.38,23.19,8.62,6.81,9.35,23.3,7.32,13.92,12.8,8.47,9.1,16.77,9.8,0.0,6.42,10.14,9.98,4.51,11.66,10.69,8.77,5.17,11.1,8.41,6.2,10.66,8.04,4.06,23.65,23.07,20.38,14.86,22.74,14.97,16.34,25.65,12.17,29.0,21.32,25.55,15.52,26.29,12.81,24.55,14.18,25.01,20.81,23.95,21.45,12.03,19.94
2.98,2.18,17.88,16.27,8.16,4.96,13.54,18.52,14.43,21.26,10.94,5.67,5.11,16.97,25.8,10.57,21.14,22.35,20.38,18.87,20.3,13.27,16.38,12.25,20.62,7.64,7.5,18.5,2.9,14.25,11.35,13.95,11.05,8.82,20.61,4.72,10.67,2.54,19.96,4.6,3.93,18.77,11.53,16.36,9.35,15.33,15.7,19.78,20.09,2.16,8.67,10.53,17.1,14.95,14.35,15.35,11.27,15.43,12.84,12.98,12.68,16.3,9.42,14.55,12.18,13.48,10.7,15.93,13.71,16.89,12.68,11.13,16.0,15.03,13.59,13.47,22.62,21.18,21.2,22.84,25.13,16.85,21.06,25.04,23.51,17.86,20.89,19.06,19.82,20.12,22.49,24.8,18.37,16.6,14.27,14.36,7.14,13.28,11.77,23.67,9.82,14.88,18.46,12.76,15.99,13.72,12.76,16.85,22.99,24.31,13.96,10.08,14.52,10.12,17.34,12.68,11.04,12.52,4.96,17.49,2.94,0.83,3.65,18.4,6.15,8.3,7.94,3.41,3.42,11.91,4.1,6.42,0.0,5.21,5.61,3.52,4.85,6.32,5.65,1.97,6.16,5.29,3.08,5.02,4.91,4.49,17.95,17.37,14.68,9.16,17.69,9.92,10.63,19.95,7.24,23.94,15.62,20.5,9.81,21.24,7.87,19.62,8.47,19.96,15.75,18.89,15.74,6.39,14.88
6.71,5.07,17.22,13.37,7.91,2.37,11.49,21.34,11.53,20.98,10.69,3.68,4.44,16.69,28.63,10.29,23.97,25.18,23.2,18.59,20.02,8.02,11.13,7.01,23.45,7.39,11.23,21.33,4.3,9.01,10.67,9.05,10.8,3.58,20.33,4.17,5.43,3.34,22.79,3.38,3.38,21.6,6.29,11.46,9.1,10.09,10.46,22.61,19.81,4.36,8.42,12.41,11.86,9.7,9.1,10.1,6.02,17.28,7.6,7.74,7.44,11.05,4.17,9.31,6.93,8.24,5.45,10.69,8.47,11.65,7.43,5.88,10.75,9.79,8.34,8.23,21.45,20.9,17.49,22.56,23.97,16.57,19.85,21.33,23.23,17.58,20.61,18.78,22.65,22.95,25.32,27.62,22.1,19.42,13.99,14.08,6.46,13.0,6.52,26.5,9.15,17.71,21.28,12.09,15.71,11.45,12.08,19.68,25.82,27.14,13.79,9.83,14.24,10.29,15.18,12.4,5.79,7.27,4.41,12.15,3.82,4.77,6.23,13.16,5.47,3.06,2.69,6.3,3.38,6.66,6.25,10.14,5.21,0.0,5.36,7.25,1.52,4.53,4.94,5.77,0.95,6.19,6.81,2.14,5.82,7.01,12.55,12.46,9.78,4.26,14.71,11.83,5.73,17.7,2.03,18.21,10.17,14.29,8.28,18.78,2.66,14.41,8.32,15.85,12.77,14.79,10.57,3.51,11.9
6.55,5.47,22.74,18.65,2.6,3.67,16.77,16.06,16.81,15.7,5.37,2.56,4.28,11.41,23.34,5.01,18.69,19.9,17.92,13.31,14.74,8.27,17.05,9.1,18.16,2.07,11.07,16.04,4.14,14.92,8.72,14.32,5.49,8.13,15.05,1.61,9.98,3.82,17.5,3.22,2.65,16.32,9.94,17.92,3.78,13.73,16.37,17.33,14.53,4.62,3.11,4.97,17.78,15.62,15.02,16.02,10.8,17.68,12.0,11.39,11.09,16.97,8.72,15.23,11.48,14.15,10.0,13.92,12.65,15.29,13.35,8.55,14.4,13.44,11.99,11.87,17.06,15.62,15.64,17.28,19.57,11.29,15.5,19.48,17.95,12.29,15.32,13.5,17.36,17.66,20.04,22.34,23.61,14.14,8.71,8.8,5.41,7.72,6.76,21.22,7.1,12.43,16.0,7.55,10.43,6.14,8.32,14.4,20.53,21.85,12.75,4.52,8.96,4.56,18.69,7.11,9.54,10.92,1.76,18.07,4.22,5.17,6.63,19.07,4.43,4.06,2.94,6.7,4.84,6.9,6.65,9.98,5.61,5.36,0.0,7.08,6.75,0.83,2.88,5.6,5.5,6.02,6.64,7.37,5.65,6.84,18.62,19.03,15.01,9.49,19.94,12.15,10.96,23.77,7.26,24.28,16.23,20.36,12.36,24.85,7.9,20.48,11.02,22.19,18.01,21.13,16.63,8.74,17.14
1.08,4.33,15.98,18.43,9.68,6.48,15.7,17.14,16.58,22.78,12.46,7.19,5.34,18.31,24.52,12.09,21.3,22.51,19.09,20.39,21.82,15.23,18.39,14.26,22.81,9.16,5.6,18.66,3.13,16.26,11.51,16.76,15.03,10.83,22.13,6.24,12.68,5.33,20.12,4.83,5.45,18.93,13.54,19.17,10.87,17.34,17.71,18.5,21.61,4.12,10.19,12.05,19.11,16.95,16.36,17.36,13.27,17.58,14.85,14.99,14.69,18.3,11.42,16.56,14.19,15.49,12.7,17.94,15.72,18.9,14.69,13.14,18.01,17.04,15.59,15.48,24.14,22.7,22.72,24.36,26.65,20.63,22.59,26.56,25.03,19.38,22.41,20.58,19.98,18.84,22.65,24.95,16.47,16.75,15.79,15.88,7.37,14.8,13.73,22.39,10.05,15.04,18.61,12.92,17.33,13.88,12.91,17.01,23.15,24.47,12.06,11.6,16.04,11.65,15.44,14.2,13.05,14.53,6.48,20.3,5.72,3.92,6.45,20.41,6.38,11.02,9.9,5.57,6.2,13.87,6.9,4.51,3.52,7.25,7.08,0.0,8.77,7.8,5.87,1.58,8.2,5.52,3.3,7.77,5.14,4.71,20.76,20.17,17.49,11.96,19.84,12.08,13.44,22.75,9.28,26.1,18.42,22.66,12.62,23.39,9.91,21.66,11.28,22.12,17.91,21.05,18.55,9.13,17.04
8.23,4.7,18.74,12.29,9.35,3.81,10.41,22.78,10.45,22.42,12.13,5.12,5.96,18.13,30.06,11.73,25.41,26.62,24.64,20.03,21.46,9.46,11.15,8.44,24.89,8.83,12.75,22.77,5.83,10.45,12.2,7.96,12.24,5.02,21.77,5.69,6.86,2.98,24.23,4.9,4.9,23.04,7.73,10.37,10.54,11.52,11.9,24.05,21.25,3.99,9.86,13.85,13.3,11.14,10.54,11.54,7.46,15.76,9.04,9.18,8.88,12.49,5.61,10.75,8.37,9.68,6.89,12.13,9.91,13.09,8.87,7.32,12.19,11.23,9.78,9.67,22.89,22.34,18.93,24.0,25.41,18.01,21.29,22.77,24.67,19.02,22.05,20.22,24.09,24.38,26.76,29.06,23.62,20.86,15.43,15.52,7.98,14.44,7.96,27.94,10.67,19.15,22.72,13.61,17.15,12.89,13.6,21.12,27.26,28.58,15.32,11.27,15.68,11.73,16.7,13.84,7.23,8.71,5.93,11.5,3.45,4.41,5.86,14.59,7.0,4.5,4.13,5.94,1.56,8.1,5.89,11.66,4.85,1.52,6.75,8.77,0.0,5.97,6.46,7.29,2.39,7.71,8.33,1.06,7.34,8.53,11.96,11.38,8.7,3.17,13.62,10.24,4.65,13.96,1.79,15.88,9.63,13.15,7.19,16.45,2.42,12.96,7.24,14.77,11.69,13.7,9.76,2.43,10.82
7.26,6.18,23.57,17.82,3.43,5.27,15.94,16.89,15.98,16.53,6.2,3.27,4.99,12.24,24.17,5.84,19.52,20.73,18.75,14.14,15.57,7.43,16.22,8.27,18.99,2.9,11.78,16.87,4.86,14.09,9.55,13.49,6.32,7.3,15.88,2.32,9.15,4.53,18.34,3.93,3.36,17.15,9.1,17.08,4.61,12.9,15.54,18.16,15.36,5.34,3.94,5.8,16.95,14.79,14.19,15.19,9.97,18.4,11.17,10.56,10.25,16.14,7.89,14.4,10.65,13.32,9.17,13.09,11.82,14.46,12.52,7.72,13.57,12.61,11.16,11.04,17.89,16.45,16.47,18.11,20.4,12.12,16.33,20.31,18.78,13.12,16.15,14.33,18.2,18.49,20.87,23.17,24.44,14.97,9.54,9.63,6.12,8.55,5.93,22.05,7.81,13.26,16.83,8.39,11.26,6.97,9.15,15.23,21.37,22.68,13.46,5.35,9.79,5.39,19.52,7.94,8.71,10.09,2.48,17.23,4.93,5.89,7.34,18.24,5.14,3.22,2.1,7.42,5.55,6.07,7.36,10.69,6.32,4.53,0.83,7.8,5.97,0.0,3.6,6.32,4.67,6.73,7.36,6.54,6.36,7.55,17.79,18.2,14.18,8.66,19.11,12.86,10.13,22.94,6.43,23.45,15.4,19.53,13.07,24.02,7.06,19.65,11.73,20.25,17.18,19.19,15.8,7.91,16.31
5.34,6.46,13.28,18.31,5.48,4.16,16.43,13.91,16.47,20.19,8.26,3.08,0.82,13.54,21.19,7.89,16.53,17.74,15.77,17.8,17.62,11.03,16.07,11.95,16.01,4.96,8.9,13.89,2.93,13.95,6.74,13.99,8.21,8.52,19.54,2.12,10.37,3.74,15.35,1.82,3.14,14.16,11.23,16.4,6.67,15.03,15.4,15.17,19.02,3.41,5.99,7.85,16.8,14.64,14.04,15.04,10.96,17.6,12.54,12.68,12.38,15.99,9.11,14.25,11.87,13.18,10.39,15.63,13.41,16.59,12.37,10.82,15.69,14.73,13.28,13.17,19.94,18.5,18.52,20.16,22.45,15.86,18.39,22.36,22.44,16.78,19.81,16.38,15.21,15.51,17.88,20.18,14.73,11.99,11.6,11.68,2.53,10.6,9.53,19.06,4.22,10.27,13.85,6.11,12.56,7.07,6.1,12.24,18.38,19.7,9.86,7.4,11.84,7.45,11.24,10.0,10.73,12.21,1.54,17.09,4.14,4.65,6.55,18.1,1.54,6.82,5.7,7.7,4.76,9.67,6.57,8.77,5.65,4.94,2.88,5.87,6.46,3.6,0.0,4.36,5.89,4.07,5.4,7.07,3.7,4.89,17.48,17.4,14.71,9.19,19.64,12.07,10.66,22.63,6.96,23.14,15.1,19.23,12.28,23.72,7.6,19.34,10.94,22.11,17.71,21.04,15.5,8.44,16.84
1.73,2.78,16.63,16.87,8.2,5.0,14.14,17.27,15.03,21.3,10.98,5.71,3.86,17.01,24.55,10.61,19.89,21.1,19.13,18.91,20.34,13.75,16.91,12.78,19.37,7.68,6.25,17.25,1.65,14.78,10.1,15.2,11.09,9.35,20.65,4.76,11.2,3.85,18.71,3.35,3.97,17.52,12.06,17.61,9.39,15.86,16.23,18.53,20.13,2.64,8.71,10.57,17.63,15.47,14.88,15.87,11.79,16.03,13.37,13.51,13.21,16.82,9.94,15.08,12.71,14.01,11.22,16.46,14.24,17.42,13.21,11.66,16.53,15.56,14.11,14.0,22.66,21.22,21.24,22.88,25.17,16.89,21.11,25.08,23.55,17.9,20.93,19.1,18.57,18.87,21.24,23.54,17.12,15.35,14.31,14.4,5.89,13.32,12.25,22.42,8.57,13.63,17.2,11.51,16.03,12.47,11.51,15.6,21.74,23.06,12.71,10.12,14.56,10.17,16.09,12.72,11.57,13.05,5.0,18.74,4.74,2.37,4.9,18.93,4.9,9.54,8.42,4.02,4.72,12.39,5.35,5.17,1.97,5.77,5.6,1.58,7.29,6.32,4.36,0.0,6.72,4.04,1.83,6.29,3.66,3.24,19.2,18.62,15.94,10.41,18.29,10.52,11.89,21.2,7.8,24.55,16.87,21.1,11.07,21.84,8.43,20.18,9.73,20.56,16.36,19.5,17.0,7.65,15.49
7.66,6.02,18.17,14.25,8.1,2.57,12.37,21.53,12.4,21.17,10.88,3.88,5.39,16.88,28.82,10.48,24.16,25.37,23.4,18.78,20.21,7.61,10.18,6.05,23.64,7.58,12.19,21.52,5.26,8.05,11.63,9.92,10.99,2.62,20.52,5.12,4.47,4.3,22.98,4.34,3.64,21.79,5.33,11.04,9.29,9.13,9.5,22.8,20.0,5.31,8.61,12.6,10.9,8.75,8.15,9.15,5.07,18.24,6.64,6.79,6.48,10.1,3.22,8.35,5.98,7.28,4.5,9.73,7.51,10.69,6.48,4.93,9.8,8.84,7.39,7.27,21.64,21.09,17.69,22.75,24.16,16.76,20.04,21.53,23.42,17.77,20.8,18.97,22.84,23.14,25.51,27.81,23.05,19.61,14.19,14.27,7.41,13.19,6.71,26.69,10.1,17.9,21.47,13.04,15.9,11.64,13.03,19.87,26.01,27.33,14.75,10.02,14.43,10.48,16.13,12.59,4.84,6.32,5.36,11.19,4.77,5.73,7.18,12.2,6.43,3.25,2.88,7.26,4.33,6.79,7.2,11.1,6.16,0.95,5.5,8.2,2.39,4.67,5.89,6.72,0.0,7.14,7.77,3.01,6.77,7.96,11.6,12.01,10.65,5.13,14.22,12.79,6.6,16.74,2.9,17.26,9.21,13.34,9.15,17.83,3.54,13.45,9.2,16.73,13.65,15.66,9.61,4.38,12.78
4.98,6.1,16.36,18.96,8.62,5.41,16.23,16.98,17.12,21.72,11.4,6.13,3.58,16.61,24.26,11.03,19.6,20.82,18.84,19.33,20.76,14.17,17.32,13.2,19.08,8.1,9.5,16.96,2.57,15.2,9.81,15.24,13.33,9.77,21.07,5.18,11.62,4.26,18.42,3.07,4.39,17.23,12.48,17.65,9.81,16.28,16.65,18.24,20.55,3.05,9.13,10.99,18.05,15.89,15.29,16.29,12.21,18.12,13.79,13.93,13.63,17.24,10.36,15.5,13.12,14.43,11.64,16.88,14.66,17.84,13.62,12.07,16.94,15.98,14.53,14.42,23.08,21.64,21.66,23.3,25.59,18.94,21.52,25.5,23.97,18.31,21.35,19.52,18.28,18.58,20.95,23.26,20.37,15.06,14.73,14.82,5.6,13.74,12.67,22.14,8.29,13.35,16.92,11.23,15.63,12.18,11.22,15.32,21.45,22.77,15.96,10.54,14.98,10.58,14.32,13.14,11.98,13.46,5.61,18.34,4.65,4.29,7.06,19.35,4.61,9.96,8.84,7.34,5.13,12.81,7.09,8.41,5.29,6.19,6.02,5.52,7.71,6.73,4.07,4.04,7.14,0.0,2.76,6.74,0.52,1.71,18.73,17.06,14.38,8.85,20.32,12.55,10.33,23.88,8.21,24.4,16.35,23.13,12.76,24.97,8.85,20.59,11.42,22.59,18.39,21.53,16.75,8.11,17.52
2.76,3.89,17.66,17.99,9.24,6.04,15.26,18.3,16.14,22.34,12.02,6.75,4.9,18.05,25.59,11.65,20.93,22.14,20.17,19.95,21.38,14.79,17.95,13.82,20.41,8.72,7.29,18.29,2.69,15.82,11.14,16.32,12.13,10.39,21.69,5.8,12.24,4.89,19.75,4.39,5.01,18.56,13.1,18.72,10.43,16.9,17.27,19.57,21.17,3.68,9.75,11.61,18.67,16.51,15.91,16.91,12.83,17.14,14.41,14.55,14.25,17.86,10.98,16.12,13.74,15.05,12.26,17.5,15.28,18.46,14.25,12.7,17.57,16.6,15.15,15.04,23.7,22.26,22.28,23.92,26.21,17.93,22.14,26.12,24.59,18.94,21.97,20.14,19.61,19.91,22.28,24.58,18.15,16.38,15.35,15.44,6.93,14.36,13.29,23.46,9.61,14.67,18.24,12.55,17.07,13.51,12.54,16.64,22.78,24.1,13.74,11.16,15.6,11.2,17.12,13.76,12.61,14.08,6.04,19.85,5.28,3.48,6.01,19.97,5.94,10.58,9.46,5.13,5.76,13.43,6.46,6.2,3.08,6.81,6.64,3.3,8.33,7.36,5.4,1.83,7.77,2.76,0.0,7.33,2.24,1.41,20.32,19.73,17.05,11.52,19.4,11.64,13.0,22.31,8.84,25.66,17.98,22.21,12.18,22.95,9.47,21.21,10.84,21.68,17.47,20.61,18.11,8.69,16.6
7.23,4.88,19.36,11.37,9.97,4.43,9.49,23.4,9.53,23.04,12.75,5.74,6.58,18.75,30.68,12.35,26.03,27.24,25.26,20.65,22.08,10.08,10.23,9.06,25.5,9.45,11.75,23.38,4.82,9.19,12.82,7.04,12.86,5.64,22.39,6.31,5.69,3.15,24.85,5.52,5.52,23.66,8.35,9.45,11.16,12.14,10.64,24.67,21.87,4.17,10.48,14.47,12.04,9.89,10.08,10.29,8.08,14.85,8.7,9.8,9.5,11.24,6.23,9.85,7.12,8.42,7.51,10.87,8.65,13.7,7.62,7.94,11.24,11.85,10.4,10.29,23.51,22.96,19.55,24.62,26.03,18.63,21.91,23.39,25.29,19.63,22.67,20.84,24.71,25.0,27.38,29.68,22.62,21.48,16.05,16.14,8.6,15.06,8.58,28.56,11.29,19.77,23.34,14.23,17.77,13.51,14.22,21.74,27.88,29.19,15.94,11.89,16.3,12.35,17.32,14.46,7.85,9.33,6.55,10.58,3.63,4.58,6.04,13.34,7.62,5.12,4.75,6.12,1.74,8.72,6.06,10.66,5.02,2.14,7.37,7.77,1.06,6.54,7.07,6.29,3.01,6.74,7.33,0.0,7.96,9.15,11.04,10.46,7.78,2.25,12.7,9.32,3.73,13.04,2.41,14.96,8.71,12.23,6.27,15.53,3.04,12.04,6.32,13.85,10.77,12.78,8.84,1.51,9.9
4.61,5.73,15.98,18.59,8.25,5.04,15.86,16.61,16.74,21.35,11.02,5.76,3.2,16.24,23.89,10.66,19.23,20.45,18.47,18.96,20.39,13.8,16.95,12.82,18.71,7.72,9.13,16.59,2.2,14.82,9.44,14.86,12.96,9.4,20.69,4.8,11.24,3.88,18.05,2.69,4.02,16.86,12.11,17.27,9.43,15.9,16.27,17.87,20.18,2.68,8.76,10.62,17.68,15.52,14.92,15.92,11.84,17.75,13.42,13.56,13.26,16.87,9.99,15.13,12.75,14.05,11.27,16.5,14.28,17.46,13.25,11.7,16.57,15.61,14.16,14.04,22.71,21.27,21.29,22.93,25.22,18.57,21.15,25.13,23.6,17.94,20.97,19.15,17.91,18.21,20.58,22.89,20.0,14.69,14.36,14.45,5.23,13.37,12.3,21.76,7.92,12.97,16.55,10.85,15.26,11.81,10.85,14.95,21.08,22.4,15.59,10.16,14.61,10.21,13.94,12.76,11.61,13.09,5.24,17.96,4.28,3.91,6.69,18.97,4.24,9.59,8.47,6.96,4.76,12.44,6.71,8.04,4.91,5.82,5.65,5.14,7.34,6.36,3.7,3.66,6.77,0.52,2.24,7.96,0.0,1.19,18.36,16.69,14.0,8.48,19.95,12.18,9.95,23.51,7.84,24.02,15.98,22.76,12.39,24.59,8.47,20.22,11.05,22.22,18.01,21.15,16.38,7.73,17.14
4.17,5.3,14.05,19.39,9.44,6.23,16.66,14.02,17.55,20.3,12.24,6.95,4.39,13.65,21.3,11.85,16.64,17.85,15.88,17.91,19.06,14.99,18.14,14.01,16.12,8.91,6.0,14.0,3.39,16.01,6.85,16.05,10.37,10.59,19.64,5.99,12.43,5.07,15.46,3.88,5.2,14.27,13.29,18.46,10.62,17.09,17.46,15.28,19.13,3.87,9.94,11.84,18.86,16.71,16.11,17.11,13.03,18.55,14.61,14.75,14.44,18.06,11.18,16.31,13.94,15.24,12.46,17.69,15.47,18.65,14.44,12.89,17.76,16.8,15.35,15.23,23.89,22.46,22.48,24.11,26.41,15.97,22.34,26.32,22.55,16.89,19.92,20.33,15.32,15.62,17.99,20.29,16.87,12.09,15.05,15.13,6.42,14.55,13.49,19.17,9.1,10.38,13.95,8.26,12.67,9.22,8.25,12.35,18.49,19.81,12.46,11.35,15.79,11.4,12.01,13.95,12.8,14.28,6.43,19.15,5.47,4.88,7.42,20.16,5.43,10.78,9.66,6.54,5.95,13.62,7.87,4.06,4.49,7.01,6.84,4.71,8.53,7.55,4.89,3.24,7.96,1.71,1.41,9.15,1.19,0.0,19.55,17.88,15.19,9.67,20.81,13.04,11.14,24.7,9.03,25.21,17.16,23.62,13.59,24.36,9.66,21.41,12.25,23.08,18.88,22.02,17.56,8.92,18.01
20.22,16.62,35.4,5.6,19.63,14.16,8.25,28.72,6.26,28.36,19.71,15.47,16.99,24.07,36.01,17.67,31.35,32.56,30.58,25.97,27.4,12.67,1.92,11.11,30.83,19.25,24.74,28.71,16.86,6.33,23.18,4.42,19.96,9.4,27.71,16.72,7.84,14.06,30.17,15.93,15.24,28.98,9.61,2.94,17.94,12.75,6.46,29.99,27.19,15.08,18.67,19.79,7.43,4.13,5.49,2.93,10.51,23.26,6.21,7.67,7.01,7.86,10.73,5.26,7.13,5.54,8.74,8.27,5.08,11.46,5.58,10.65,8.94,10.26,10.36,7.42,28.11,28.28,24.16,29.94,30.63,23.95,26.51,27.99,30.61,24.96,27.99,26.16,30.03,30.33,32.7,35.0,36.28,26.8,21.38,21.46,19.01,20.38,13.9,33.88,23.75,25.09,28.66,22.02,23.09,20.61,22.78,27.06,33.2,34.52,34.23,18.66,21.62,17.67,31.36,19.78,11.63,11.39,16.96,2.06,16.28,15.49,15.53,8.2,18.03,15.7,15.68,17.22,12.64,11.85,14.81,23.65,17.95,12.55,18.62,20.76,11.96,17.79,17.48,19.2,11.6,18.73,20.32,11.04,18.36,19.55,0.0,3.3,4.72,9.47,3.09,13.36,10.95,2.78,13.32,4.7,4.12,2.2,9.17,5.27,10.98,3.06,9.19,5.58,5.78,4.51,4.25,9.68,7.36
19.64,16.04,35.81,3.91,20.04,14.57,5.79,29.13,4.57,28.77,20.12,15.88,16.9,24.48,36.42,18.08,31.76,32.97,31.0,26.38,27.81,13.08,3.13,11.52,31.24,19.66,24.16,29.12,15.15,5.74,23.6,3.84,20.37,9.81,28.12,16.63,8.25,13.48,30.58,15.84,15.84,29.39,10.02,1.31,18.35,15.59,9.29,30.4,27.6,14.49,19.08,20.2,10.27,5.34,4.91,4.14,10.92,23.33,6.62,11.09,7.42,10.69,11.14,4.67,7.54,5.95,9.15,11.1,6.57,14.29,5.82,11.06,11.77,13.09,13.2,8.95,28.52,28.69,24.57,30.35,31.04,24.36,26.92,28.41,31.02,25.37,28.4,26.57,30.44,30.74,33.11,35.41,36.69,27.21,21.79,21.87,18.92,20.79,14.31,34.29,21.61,25.5,29.07,22.43,23.5,21.02,23.19,27.47,33.61,34.93,30.62,19.07,22.03,18.08,31.77,20.19,12.04,11.8,16.87,4.89,15.7,14.91,14.94,11.03,17.94,16.11,16.1,16.64,12.06,12.26,14.23,23.07,17.37,12.46,19.03,20.17,11.38,18.2,17.4,18.62,12.01,17.06,19.73,10.46,16.69,17.88,3.3,0.0,4.14,8.89,2.66,12.93,10.36,3.89,12.73,5.81,3.54,1.77,7.22,6.38,10.39,5.9,8.61,5.15,4.08,4.08,3.67,9.1,5.67
16.95,13.36,34.66,6.86,18.89,12.07,4.98,27.98,5.02,27.62,18.97,13.38,14.22,23.33,35.26,16.93,30.61,31.82,29.84,25.23,26.66,11.92,3.9,10.37,30.08,17.09,21.47,27.96,12.46,4.59,20.45,1.15,19.21,8.66,26.97,13.95,7.09,10.79,29.43,13.16,13.16,28.24,8.86,3.13,17.2,11.92,7.02,29.25,26.45,11.81,17.93,19.05,8.42,6.27,3.76,4.91,9.77,18.8,5.47,9.94,6.27,7.62,9.98,3.52,6.38,4.8,8.0,7.25,5.42,8.64,4.67,9.9,7.62,11.63,10.17,7.8,27.37,27.54,23.41,29.2,29.88,23.21,25.77,27.25,29.87,24.21,27.25,25.42,29.29,29.58,31.96,34.26,30.26,26.06,20.63,20.72,16.24,19.64,13.16,33.14,18.93,24.35,27.92,21.28,22.35,19.87,22.04,26.32,32.46,33.77,27.93,17.92,20.88,16.93,30.61,19.04,10.89,10.65,14.19,4.26,13.02,12.22,12.26,10.85,15.25,12.76,12.39,13.96,9.38,11.1,11.55,20.38,14.68,9.78,15.01,17.49,8.7,14.18,14.71,15.94,10.65,14.38,17.05,7.78,14.0,15.19,4.72,4.14,0.0,6.2,6.79,8.93,7.68,6.71,10.05,8.63,2.39,5.91,5.91,9.2,7.71,5.71,5.92,9.34,6.26,8.28,2.51,6.41,5.39
11.43,7.83,25.22,9.8,12.09,6.55,7.92,26.45,7.96,26.09,17.43,7.86,8.69,21.8,33.73,15.4,29.07,30.29,28.31,23.7,25.12,10.39,8.66,8.83,28.55,11.56,15.95,26.43,6.94,7.01,14.93,5.47,17.68,5.74,25.43,8.42,3.51,5.27,27.89,7.64,7.63,26.7,7.33,7.88,13.27,10.39,8.46,27.71,24.92,6.28,12.59,17.52,9.86,7.71,7.11,8.11,6.58,13.27,6.52,8.4,7.73,9.06,6.33,7.31,4.94,6.24,5.08,8.69,6.47,10.08,5.44,8.37,9.06,10.09,8.64,8.52,25.84,26.01,21.88,27.66,28.35,21.67,24.23,25.72,28.33,22.68,25.71,23.88,27.75,28.05,30.42,32.73,24.74,24.53,19.1,19.19,10.72,18.1,11.63,31.6,13.4,22.82,26.39,16.34,20.81,18.33,16.34,24.79,30.92,32.24,22.41,14.0,19.34,15.39,19.43,17.5,9.36,9.11,8.66,9.01,7.49,6.7,6.73,11.16,9.73,7.23,6.87,8.43,3.85,9.57,6.02,14.86,9.16,4.26,9.49,11.96,3.17,8.66,9.19,10.41,5.13,8.85,11.52,2.25,8.48,9.67,9.47,8.89,6.2,0.0,11.13,7.75,1.55,11.47,4.52,13.39,7.14,10.66,4.7,13.96,1.58,10.46,4.75,12.28,9.2,11.21,7.27,0.89,8.33
19.31,15.51,38.03,2.51,22.26,17.0,4.4,31.35,3.18,30.99,22.34,18.31,19.14,26.7,38.63,20.3,33.98,35.19,33.21,28.6,30.03,15.29,4.55,13.74,33.45,21.87,22.11,31.33,18.4,8.4,25.81,7.46,22.58,12.03,30.34,18.88,10.46,16.9,32.8,18.09,18.09,31.61,12.23,3.97,20.57,15.38,9.09,32.62,29.82,17.75,21.3,22.42,10.06,6.76,7.56,5.56,13.14,18.75,8.84,10.3,9.64,10.48,13.35,7.33,9.75,8.17,11.37,10.9,7.71,14.08,8.2,13.27,11.56,12.88,12.99,10.04,30.74,30.91,26.78,32.57,33.25,26.58,29.14,30.62,33.24,27.58,30.62,28.79,32.66,32.95,35.33,37.63,31.38,29.43,24.0,24.09,21.17,23.01,16.53,36.51,23.86,27.72,31.29,24.65,25.72,23.24,25.41,29.69,35.83,37.14,28.96,21.29,24.25,20.3,33.98,22.41,14.26,14.01,19.12,4.69,15.71,17.32,14.95,10.82,20.18,18.32,18.31,15.07,14.3,14.47,14.24,22.74,17.69,14.71,19.94,19.84,13.62,19.11,19.64,18.29,14.22,20.32,19.4,12.7,19.95,20.81,3.09,2.66,6.79,11.13,0.0,8.34,12.61,3.29,14.97,5.21,6.19,0.88,5.83,5.78,12.64,5.69,7.17,3.82,2.69,2.76,6.32,11.34,4.27
11.54,7.74,24.1,7.01,14.75,11.54,4.28,33.53,5.17,33.17,24.52,12.26,11.57,28.88,40.81,22.48,36.16,37.37,35.39,30.78,32.21,17.47,11.38,15.92,35.63,14.23,14.34,33.51,10.64,14.1,17.81,8.2,24.76,14.23,32.52,11.31,12.66,9.13,34.98,10.52,10.52,33.79,14.41,10.61,15.93,17.47,15.55,34.8,32.0,9.98,15.26,24.6,16.95,14.8,14.2,15.2,15.32,10.98,13.61,15.48,14.82,16.15,15.53,14.4,12.59,13.33,13.57,15.78,13.56,17.17,12.53,15.45,16.15,17.18,15.72,15.61,32.92,33.09,28.96,34.75,35.43,28.76,31.32,32.8,35.42,29.76,32.79,30.97,34.84,35.13,37.51,39.81,23.61,31.61,26.18,26.27,13.6,25.19,18.71,38.69,16.29,29.9,33.47,19.22,27.9,25.42,19.22,31.87,38.01,39.32,21.2,16.67,26.43,22.48,24.58,24.59,16.44,16.19,11.55,11.74,7.94,9.55,7.18,18.25,12.61,20.5,14.52,7.31,10.01,16.65,6.47,14.97,9.92,11.83,12.15,12.08,10.24,12.86,12.07,10.52,12.79,12.55,11.64,9.32,12.18,13.04,13.36,12.93,8.93,7.75,8.34,0.0,9.16,13.56,11.52,14.6,9.87,11.16,6.56,11.89,9.19,16.98,6.8,10.62,6.41,9.55,9.99,7.89,5.54
12.9,9.31,26.7,11.27,13.56,8.02,9.39,27.38,9.43,27.02,18.37,9.33,10.17,22.73,34.66,16.33,30.01,31.22,29.24,24.63,26.06,11.33,10.13,9.77,29.49,13.04,17.42,27.37,8.41,7.94,16.41,6.95,18.61,6.68,26.37,9.9,4.45,6.74,28.83,9.11,9.11,27.64,8.26,9.36,16.6,11.33,9.4,28.65,25.85,7.76,14.07,18.45,10.8,8.64,8.04,9.04,7.51,14.75,7.45,9.34,8.67,9.99,7.27,8.25,5.87,7.17,6.02,9.63,7.4,11.02,6.37,9.3,10.0,11.03,9.57,9.46,26.77,26.94,22.81,28.6,29.29,22.61,25.17,26.65,29.27,23.62,26.65,24.82,28.69,28.98,31.36,33.66,26.21,25.46,20.03,20.12,12.19,19.04,12.56,32.54,14.88,23.75,27.32,20.68,21.75,19.27,17.81,25.72,31.86,33.17,23.88,17.32,20.28,16.33,20.91,18.44,10.29,10.05,10.14,10.49,8.97,8.17,8.21,12.09,11.21,8.71,8.34,9.91,5.33,10.5,7.5,16.34,10.63,5.73,10.96,13.44,4.65,10.13,10.66,11.89,6.6,10.33,13.0,3.73,9.95,11.14,10.95,10.36,7.68,1.55,12.61,9.16,0.0,12.94,1.98,14.86,8.61,12.13,6.18,15.43,0.98,11.94,6.22,13.75,10.67,12.68,8.74,2.36,9.8
22.22,18.62,40.55,5.8,24.77,19.31,7.68,33.87,6.47,33.51,24.85,20.62,22.13,29.22,41.15,22.82,36.5,37.71,35.73,31.12,32.55,17.97,3.92,16.96,35.97,24.39,27.33,33.85,22.0,8.32,28.33,6.41,25.1,14.55,32.86,21.87,12.98,16.06,35.31,21.08,20.38,34.13,14.75,4.94,23.09,13.22,6.92,35.14,32.34,17.07,23.82,24.94,7.89,6.13,7.49,4.92,15.66,23.96,11.35,11.99,12.16,8.32,15.87,7.25,12.27,10.69,13.89,8.73,10.23,11.92,10.72,15.79,9.4,10.72,10.82,11.64,33.26,33.43,29.3,35.09,35.77,29.1,31.65,39.3,35.76,30.1,33.13,31.31,35.17,35.47,37.85,40.15,41.42,31.95,26.52,26.61,24.16,25.53,19.05,39.03,28.89,30.24,33.81,27.17,28.24,25.75,27.93,32.21,38.34,39.66,39.37,23.81,26.77,22.82,36.5,24.92,16.78,15.66,22.11,4.05,18.28,17.49,17.52,8.66,23.17,20.84,20.83,20.29,14.64,16.99,16.81,25.65,19.95,17.7,23.77,22.75,13.96,22.94,22.63,21.2,16.74,23.88,22.31,13.04,23.51,24.7,2.78,3.89,6.71,11.47,3.29,13.56,12.94,0.0,15.31,1.92,6.12,2.4,9.12,2.49,12.97,3.67,11.19,3.5,5.98,4.71,6.25,11.68,7.56
8.74,7.09,19.25,13.64,9.86,4.32,11.76,23.29,11.8,22.93,12.63,5.63,6.47,18.64,30.57,12.24,25.92,27.13,25.15,20.54,21.97,9.97,12.5,8.95,25.39,9.34,13.26,23.27,6.33,10.95,12.7,9.31,12.75,5.53,22.28,6.2,7.37,5.37,24.74,5.41,5.41,23.55,8.24,11.72,11.04,12.03,12.4,24.56,21.76,6.39,10.37,14.36,13.81,11.65,11.05,12.05,7.97,17.12,9.55,9.69,9.38,13.0,6.12,11.26,8.88,10.18,7.4,12.63,10.41,13.59,9.38,7.83,12.7,11.74,10.29,10.17,23.4,22.85,19.44,24.51,25.91,18.52,21.8,23.28,25.18,19.52,22.56,20.73,24.6,24.89,27.27,29.57,24.13,21.37,15.94,16.03,8.49,14.95,8.47,28.45,11.18,19.66,23.23,14.12,17.66,13.4,14.11,21.63,27.77,29.08,15.82,11.78,16.19,12.24,17.21,14.35,7.74,9.22,6.44,12.85,5.85,6.8,8.26,15.1,7.5,5.01,4.64,8.33,2.91,8.61,8.28,12.17,7.24,2.03,7.26,9.28,1.79,6.43,6.96,7.8,2.9,8.21,8.84,2.41,7.84,9.03,13.32,12.73,10.05,4.52,14.97,11.52,1.98,15.31,0.0,17.23,10.98,14.5,8.54,17.8,1.0,14.31,8.59,16.12,13.04,15.05,11.11,3.78,12.17
25.56,21.77,41.06,7.72,25.29,19.82,9.6,34.39,8.38,34.02,25.37,21.13,22.65,29.73,41.67,23.33,37.01,38.22,36.25,31.63,33.06,18.48,5.84,17.48,36.49,24.91,28.37,34.37,22.52,10.24,28.85,8.33,25.62,15.06,33.37,22.38,13.5,21.56,35.83,21.59,20.9,34.64,15.27,6.86,23.6,13.73,7.44,35.65,32.85,22.57,24.33,25.45,8.41,10.21,9.41,6.84,16.17,25.0,11.87,12.5,12.67,8.83,16.39,9.17,12.79,11.2,14.4,9.25,10.74,12.43,11.24,16.31,9.91,11.23,11.34,12.15,33.77,33.94,29.82,35.6,36.29,29.61,32.17,39.81,36.27,30.62,33.65,31.82,35.69,35.99,38.36,40.66,41.94,32.46,27.04,27.12,24.67,26.04,19.56,39.54,29.41,30.75,34.32,27.68,28.75,26.27,28.44,32.72,38.86,40.18,39.89,24.32,27.28,23.33,37.02,25.44,17.29,16.18,22.62,6.34,21.96,22.98,21.21,9.17,23.69,21.36,21.35,21.33,16.56,17.51,20.49,29.0,23.94,18.21,24.28,26.1,15.88,23.45,23.14,24.55,17.26,24.4,25.66,14.96,24.02,25.21,4.7,5.81,8.63,13.39,5.21,14.6,14.86,1.92,17.23,0.0,8.05,4.33,11.04,1.27,14.9,4.18,13.11,2.28,7.9,3.35,8.17,13.6,9.49
17.89,14.29,33.02,7.8,17.24,11.78,5.92,26.34,5.95,25.98,17.32,13.09,14.6,21.69,33.62,15.29,28.96,30.18,28.2,23.59,25.01,10.28,3.31,8.72,28.44,16.86,24.24,26.32,14.47,2.95,20.8,2.09,17.57,7.02,25.32,14.33,5.45,13.51,27.78,13.55,12.85,26.59,7.22,2.53,15.55,10.28,5.38,27.6,24.81,14.52,16.28,17.41,6.78,4.62,2.11,4.31,8.12,20.87,3.82,8.29,4.63,5.97,8.34,1.16,4.74,3.16,6.35,5.61,3.78,7.0,3.02,8.26,5.98,9.98,8.53,6.15,25.73,25.9,21.77,27.55,28.24,21.56,24.12,25.61,28.22,22.57,25.6,23.77,27.64,27.94,30.31,32.62,33.89,24.42,18.99,19.08,16.63,17.99,11.52,31.49,21.36,22.71,26.28,19.64,20.7,18.22,20.4,24.68,30.81,32.13,31.84,16.27,19.23,15.28,28.97,17.39,9.25,9.0,14.57,3.66,13.95,14.94,13.19,8.08,15.64,13.31,13.3,17.2,10.31,9.46,12.48,21.32,15.62,10.17,16.23,18.42,9.63,15.4,15.1,16.87,9.21,16.35,17.98,8.71,15.98,17.16,4.12,3.54,2.39,7.14,6.19,9.87,8.61,6.12,10.98,8.05,0.0,5.31,6.84,8.61,8.65,5.12,6.86,8.69,7.2,7.62,1.52,7.35,6.33
22.12,18.32,37.14,3.4,21.37,15.91,5.28,30.47,4.06,30.11,21.45,17.22,18.73,25.81,37.75,19.42,33.09,34.31,32.33,27.72,29.14,14.41,3.67,12.85,32.57,20.99,24.92,30.45,21.22,7.52,24.93,5.61,21.7,11.14,29.45,18.46,9.58,19.71,31.91,17.68,16.98,30.72,11.35,3.08,19.68,14.5,8.2,31.73,28.94,20.56,20.41,21.53,9.18,5.88,6.68,4.67,12.25,21.56,7.95,9.42,8.75,9.6,12.47,6.44,8.87,7.29,10.48,10.01,6.83,13.2,7.32,12.39,10.68,12.0,12.1,9.16,29.86,30.02,25.9,31.68,32.37,25.69,28.25,29.74,32.35,26.7,29.73,27.9,31.77,32.07,34.44,36.75,34.19,28.55,23.12,23.21,20.75,22.12,15.64,35.62,25.49,26.83,30.41,23.77,24.83,22.35,24.53,28.81,34.94,36.26,31.78,20.4,23.36,19.41,33.1,21.52,13.38,13.13,18.7,3.8,18.52,20.13,17.76,9.94,19.77,17.44,17.43,17.89,13.83,13.59,17.05,25.55,20.5,14.29,20.36,22.66,13.15,19.53,19.23,21.1,13.34,23.13,22.21,12.23,22.76,23.62,2.2,1.77,5.91,10.66,0.88,11.16,12.13,2.4,14.5,4.33,5.31,0.0,6.71,4.89,12.17,4.8,8.05,3.38,3.57,2.31,5.44,10.87,5.16
12.08,8.49,25.68,4.49,14.96,10.57,2.61,32.44,2.65,32.08,17.73,12.47,11.78,27.78,39.72,21.39,35.06,36.28,34.3,29.69,31.11,16.38,8.36,14.82,34.54,14.43,16.6,32.42,10.85,9.05,18.02,5.17,17.85,13.12,31.42,11.51,8.14,9.34,33.88,10.73,10.73,32.69,13.32,7.58,16.14,16.38,11.48,33.7,30.91,10.19,15.47,23.51,12.88,10.72,8.21,9.36,14.22,13.73,9.92,14.39,10.72,12.07,14.44,7.98,10.84,9.26,12.45,11.71,9.88,13.1,9.12,14.36,12.08,16.08,14.63,12.25,31.83,32.0,27.87,33.65,34.34,27.66,30.22,31.71,34.32,28.67,31.7,29.87,33.74,34.04,36.41,38.72,25.19,30.52,25.09,25.18,13.81,24.09,17.62,37.59,16.5,28.8,32.38,19.43,26.8,18.5,19.43,30.78,36.91,38.23,23.06,16.88,25.33,16.92,22.52,23.49,15.35,15.1,11.76,8.71,8.15,10.61,7.39,15.3,12.82,11.25,10.89,8.89,7.87,15.56,6.68,15.52,9.81,8.28,12.36,12.62,7.19,13.07,12.28,11.07,9.15,12.76,12.18,6.27,12.39,13.59,9.17,7.22,5.91,4.7,5.83,6.56,6.18,9.12,8.54,11.04,6.84,6.71,0.0,8.25,6.21,10.17,1.34,6.97,3.89,5.91,6.97,4.91,3.02
22.86,19.06,41.63,4.93,25.86,20.4,6.82,34.96,5.6,34.6,25.94,21.71,23.22,30.3,42.24,23.91,37.58,38.8,36.82,32.21,33.63,19.06,6.41,18.05,37.06,25.48,25.66,34.94,23.09,10.81,29.42,8.91,26.19,15.63,33.94,22.95,14.07,20.45,36.4,22.17,21.47,35.21,15.84,7.43,24.17,14.3,8.01,36.22,33.42,21.3,24.9,26.02,8.98,10.78,9.98,7.42,16.74,22.29,12.44,13.08,13.24,9.41,16.96,9.74,13.36,11.78,14.97,9.82,11.32,13.01,11.81,16.88,10.49,11.8,11.91,12.73,34.35,34.51,30.39,36.17,36.86,30.18,32.74,40.38,36.84,31.19,34.22,32.39,36.26,36.56,38.93,41.24,42.51,33.04,27.61,27.7,25.24,26.61,20.13,40.11,29.98,31.32,34.9,28.26,29.32,26.84,29.02,33.3,39.43,40.75,32.51,24.89,27.85,23.9,37.59,26.01,17.87,16.75,23.19,6.92,19.25,20.87,18.5,9.75,24.26,21.93,21.92,18.62,17.13,18.08,17.79,26.29,21.24,18.78,24.85,23.39,16.45,24.02,23.72,21.84,17.83,24.97,22.95,15.53,24.59,24.36,5.27,6.38,9.2,13.96,5.78,11.89,15.43,2.49,17.8,1.27,8.61,4.89,8.25,0.0,15.47,4.75,9.59,1.27,5.11,2.34,8.74,14.17,6.69
9.37,7.73,19.88,11.3,10.49,4.96,9.42,23.92,9.46,23.56,13.27,6.27,7.1,19.27,31.21,12.87,26.55,27.76,25.79,21.17,22.6,10.6,10.16,9.8,26.03,9.97,13.89,23.91,6.97,7.98,13.34,6.98,13.38,6.16,22.91,6.83,4.48,6.01,25.37,6.04,6.04,24.18,8.29,9.39,11.68,11.36,9.43,25.19,22.39,7.02,11.0,14.99,10.83,8.67,8.07,9.07,7.54,14.78,7.48,9.37,8.7,10.02,6.75,8.28,5.9,7.2,6.05,9.66,7.44,11.05,6.4,9.33,10.03,11.06,9.6,9.49,24.03,23.48,20.08,25.14,26.55,19.15,22.43,23.92,25.81,20.16,23.19,21.36,25.23,25.53,27.9,30.2,24.76,22.0,16.58,16.66,9.12,15.58,9.1,29.08,11.81,20.29,23.86,14.75,18.29,14.04,14.74,22.26,28.4,29.72,16.46,12.41,16.82,12.87,17.84,14.98,8.37,10.08,7.07,10.52,6.48,7.44,8.24,12.12,8.14,5.64,5.27,9.94,3.54,9.24,7.53,12.81,7.87,2.66,7.9,9.91,2.42,7.06,7.6,8.43,3.54,8.85,9.47,3.04,8.47,9.66,10.98,10.39,7.71,1.58,12.64,9.19,0.98,12.97,1.0,14.9,8.65,12.17,6.21,15.47,0.0,11.97,6.25,13.78,10.7,12.72,8.77,2.39,9.83
21.12,21.88,37.26,8.2,21.49,16.02,9.24,30.58,8.86,30.22,21.57,17.33,18.85,25.93,37.86,19.53,33.21,34.42,32.44,27.83,29.26,14.68,2.92,13.67,32.68,21.1,28.48,30.56,18.71,7.32,25.04,5.41,21.81,11.26,29.57,18.58,9.69,17.75,32.03,17.79,17.1,30.84,11.46,3.93,19.8,9.93,3.63,31.85,29.05,18.77,20.53,21.65,4.61,6.41,6.48,3.92,12.37,25.11,8.07,8.7,8.87,5.03,12.58,6.25,8.98,7.4,10.6,5.44,6.94,8.63,7.43,12.5,6.11,7.43,7.53,8.35,29.97,30.14,26.01,31.8,32.48,25.81,28.37,36.01,32.47,26.81,29.85,28.02,31.89,32.18,34.56,36.86,38.13,28.66,23.23,23.32,20.87,22.24,15.76,35.74,25.61,26.95,30.52,23.88,24.95,22.47,24.64,28.92,35.06,36.37,36.08,20.52,23.48,19.53,33.21,21.64,13.49,12.37,18.82,2.41,18.23,19.18,16.52,5.37,19.88,17.55,17.54,21.44,13.63,13.7,15.81,24.55,19.62,14.41,20.48,21.66,12.96,19.65,19.34,20.18,13.45,20.59,21.21,12.04,20.22,21.41,3.06,5.9,5.71,10.46,5.69,16.98,11.94,3.67,14.31,4.18,5.12,4.8,10.17,4.75,11.97,0.0,10.18,5.75,8.38,7.11,5.24,10.67,9.65
10.74,7.15,24.34,5.83,13.62,10.62,3.95,27.08,3.99,26.72,16.39,11.13,10.44,22.43,34.36,16.03,29.71,30.92,28.94,24.33,25.76,18.88,8.38,17.33,29.18,13.09,15.26,27.06,9.51,9.06,16.68,5.19,16.51,10.42,26.07,10.17,8.19,8.0,28.52,9.39,9.39,27.34,15.82,7.6,14.8,18.88,11.49,28.35,25.55,8.85,14.13,15.99,12.9,10.74,8.23,9.38,16.73,12.39,9.94,16.89,16.23,12.09,11.01,7.99,9.61,9.27,9.76,11.72,9.89,13.11,13.94,16.86,12.09,18.59,17.13,17.02,28.08,26.64,30.37,28.3,30.59,22.31,26.52,34.21,28.97,23.31,26.34,24.52,28.38,28.68,31.06,33.36,23.85,25.16,19.73,19.82,12.47,18.74,20.12,32.24,15.16,23.45,27.02,18.09,21.45,17.16,18.09,25.42,31.55,32.87,21.72,15.54,19.98,15.58,21.18,18.13,17.85,17.6,10.42,8.73,6.81,9.27,6.05,15.32,11.48,11.3,10.93,7.55,8.88,18.06,5.34,14.18,8.47,8.32,11.02,11.28,7.24,11.73,10.94,9.73,9.2,11.42,10.84,6.32,11.05,12.25,9.19,8.61,5.92,4.75,7.17,6.8,6.22,11.19,8.59,13.11,6.86,8.05,1.34,9.59,6.25,10.18,0.0,8.31,5.23,7.25,6.98,4.96,4.37
21.58,17.79,34.14,3.66,24.79,18.15,5.54,33.84,4.32,33.48,24.83,19.46,21.62,29.19,41.12,22.79,36.47,37.68,35.7,31.09,32.52,17.79,7.04,19.06,35.94,24.27,24.39,33.82,20.68,10.89,27.85,8.61,25.07,14.52,32.83,21.35,12.95,19.18,35.29,20.56,20.56,34.1,14.72,6.46,23.06,15.31,9.01,35.11,32.31,20.03,23.79,24.91,9.99,9.25,10.05,8.05,15.63,21.02,11.33,14.08,12.13,10.41,15.84,9.82,12.24,10.66,13.86,10.82,10.2,14.01,10.69,15.76,11.49,12.81,12.92,13.73,33.23,33.4,29.27,35.06,35.75,29.07,31.63,41.39,35.73,30.07,33.11,31.28,35.15,35.44,37.82,40.12,33.66,31.92,26.49,26.58,23.64,25.5,19.02,39.0,26.33,30.21,33.78,27.14,28.21,25.73,27.9,32.18,38.32,39.63,31.24,23.78,26.74,22.79,36.48,24.9,16.75,17.76,21.59,7.18,17.98,19.59,17.22,10.75,22.65,18.83,18.46,17.35,15.45,16.96,16.51,25.01,19.96,15.85,22.19,22.12,14.77,20.25,22.11,20.56,16.73,22.59,21.68,13.85,22.22,23.08,5.58,5.15,9.34,12.28,3.82,10.62,13.75,3.5,16.12,2.28,8.69,3.38,6.97,1.27,13.78,5.75,8.31,0.0,3.83,1.07,8.81,12.49,5.42
17.37,13.58,29.93,1.36,20.61,15.07,2.46,32.8,1.24,32.43,23.78,16.38,17.21,28.14,40.08,21.74,35.42,36.63,34.66,30.04,31.47,16.74,7.24,15.18,34.9,20.08,20.18,32.78,16.47,9.4,23.45,5.53,24.03,13.47,31.78,16.94,12.64,14.97,34.24,16.16,16.15,33.05,13.68,5.02,22.01,18.07,11.77,34.06,31.26,15.82,21.11,23.86,12.75,9.45,8.57,8.24,14.58,16.81,10.28,14.75,11.08,13.17,14.8,8.33,11.2,9.61,12.81,13.58,10.23,16.77,9.48,14.72,14.25,16.44,14.98,12.61,32.18,32.35,28.23,34.01,34.7,28.02,30.58,32.07,34.68,29.03,32.06,30.23,34.1,34.4,36.77,39.07,29.45,30.88,25.45,25.53,19.23,24.45,17.97,37.95,21.92,29.16,32.73,26.09,27.16,24.68,24.85,31.13,37.27,38.59,27.03,22.73,25.69,21.74,35.43,23.85,15.7,15.46,17.18,7.37,13.77,15.39,13.02,13.51,18.25,15.75,15.38,13.14,12.37,15.92,12.3,20.81,15.75,12.77,18.01,17.91,11.69,17.18,17.71,16.36,13.65,18.39,17.47,10.77,18.01,18.88,5.78,4.08,6.26,9.2,2.69,6.41,10.67,5.98,13.04,7.9,7.2,3.57,3.89,5.11,10.7,8.38,5.23,3.83,0.0,2.77,7.33,9.41,2.34
20.51,16.72,33.07,2.59,23.73,17.08,4.47,32.77,3.26,32.41,23.76,18.39,20.55,28.12,40.06,21.72,35.4,36.61,34.64,30.02,31.45,16.72,5.97,15.16,34.88,23.2,23.32,32.76,19.61,9.82,26.79,7.54,24.01,13.45,31.76,20.28,11.89,18.11,34.22,19.49,19.49,33.03,13.66,5.39,21.99,16.8,10.51,34.04,31.24,18.96,22.72,23.84,11.48,8.18,8.99,6.98,14.56,19.95,10.26,11.72,11.06,11.91,14.78,8.75,11.18,9.59,12.79,12.32,9.13,15.51,9.63,14.7,12.99,14.31,14.41,11.47,32.16,32.33,28.21,33.99,34.68,28.0,30.56,32.04,34.66,29.01,32.04,30.21,34.08,34.38,36.75,39.05,32.59,30.85,25.43,25.51,22.57,24.43,17.95,37.93,25.26,29.14,32.71,26.07,27.14,24.66,26.83,31.11,37.25,38.57,30.17,22.71,25.67,21.72,35.41,23.83,15.68,15.44,20.52,6.11,16.91,18.53,16.16,12.25,21.59,17.76,17.4,16.28,14.38,15.9,15.44,23.95,18.89,14.79,21.13,21.05,13.7,19.19,21.04,19.5,15.66,21.53,20.61,12.78,21.15,22.02,4.51,4.08,8.28,11.21,2.76,9.55,12.68,4.71,15.05,3.35,7.62,2.31,5.91,2.34,12.72,7.11,7.25,1.07,2.77,0.0,7.74,11.42,4.35
18.01,14.42,33.42,7.93,17.64,12.18,6.05,26.74,6.08,26.38,17.72,13.49,15.0,22.09,34.02,15.69,29.36,30.58,28.6,23.99,25.41,10.68,3.43,9.12,28.84,17.26,22.54,26.72,14.87,3.35,21.2,2.21,17.97,7.42,25.72,14.73,5.85,11.86,28.18,13.95,13.25,26.99,7.62,2.66,15.95,10.68,5.78,28.0,25.21,12.87,16.69,17.81,7.18,5.02,2.51,4.44,8.53,21.27,4.22,8.69,5.03,6.37,8.74,2.28,5.14,3.56,6.75,6.01,4.18,7.4,3.42,8.66,6.38,10.39,8.93,6.55,26.13,26.3,22.17,27.95,28.64,21.96,24.52,26.01,28.63,22.97,26.0,24.17,28.04,28.34,30.71,33.02,34.29,24.82,19.39,19.48,17.03,18.39,11.92,31.89,21.76,23.11,26.68,20.04,21.1,18.62,20.8,25.08,31.21,32.53,32.24,16.68,19.63,15.68,29.37,17.79,9.65,9.4,14.98,3.79,14.08,13.28,13.32,8.48,16.04,13.71,13.7,15.02,10.44,9.86,12.61,21.45,15.74,10.57,16.63,18.55,9.76,15.8,15.5,17.0,9.61,16.75,18.11,8.84,16.38,17.56,4.25,3.67,2.51,7.27,6.32,9.99,8.74,6.25,11.11,8.17,1.52,5.44,6.97,8.74,8.77,5.24,6.98,8.81,7.33,7.74,0.0,7.47,6.46
8.6,8.04,20.73,10.01,11.34,5.8,8.13,24.77,8.16,24.41,14.11,7.11,7.95,20.12,32.05,13.72,27.4,28.61,26.63,22.02,23.45,11.21,8.86,9.65,26.87,10.82,13.12,24.75,6.19,7.82,14.18,5.68,14.23,7.01,23.76,7.68,4.33,4.52,26.22,6.89,6.89,25.03,8.14,8.09,12.52,11.21,9.28,26.04,23.24,5.54,11.85,15.84,10.68,8.52,8.72,8.92,7.39,13.48,7.33,9.22,8.55,9.87,7.6,8.48,5.75,7.05,5.9,9.51,7.28,10.9,6.25,9.18,9.88,10.91,9.45,9.34,24.88,24.33,20.92,25.99,27.39,20.0,23.28,24.76,26.66,21.0,24.03,22.21,26.08,26.37,28.75,31.05,24.95,22.85,17.42,17.51,9.97,16.43,9.95,29.93,12.66,21.14,24.71,15.6,19.14,14.88,15.59,23.11,29.25,30.56,17.3,13.26,17.67,13.72,18.69,15.83,9.22,9.93,7.92,9.22,5.0,5.95,6.94,11.97,8.98,6.49,6.12,8.64,3.1,10.38,6.23,12.03,6.39,3.51,8.74,9.13,2.43,7.91,8.44,7.65,4.38,8.11,8.69,1.51,7.73,8.92,9.68,9.1,6.41,0.89,11.34,7.89,2.36,11.68,3.78,13.6,7.35,10.87,4.91,14.17,2.39,10.67,4.96,12.49,9.41,11.42,7.47,0.0,8.54
16.5,12.71,29.06,2.94,19.74,14.2,1.59,31.93,1.1,31.56,22.91,15.51,16.34,27.27,39.21,20.88,34.55,35.76,33.79,29.17,30.6,15.87,7.85,14.31,34.03,19.21,19.31,31.91,15.6,8.54,22.58,4.66,23.16,12.6,30.91,16.07,11.77,14.1,33.37,15.29,15.28,32.18,12.81,7.07,21.14,15.87,10.97,33.19,30.39,14.95,20.24,22.99,12.37,10.21,7.7,8.85,13.71,15.94,9.41,13.88,10.21,11.56,13.93,7.46,10.33,8.74,11.94,11.2,9.36,12.59,8.61,13.85,11.57,15.57,14.11,11.74,31.31,31.48,27.36,33.14,33.83,27.15,29.71,31.2,33.81,28.16,31.19,29.36,33.23,33.53,35.9,38.2,28.58,30.01,24.58,24.66,18.36,23.58,17.1,37.08,21.05,28.29,31.87,25.23,26.29,23.81,23.98,30.26,36.4,37.72,26.16,21.86,24.82,20.87,34.56,22.98,14.83,14.59,16.31,8.2,12.9,14.52,12.15,14.79,17.38,14.88,14.51,12.27,11.5,15.05,11.43,19.94,14.88,11.9,17.14,17.04,10.82,16.31,16.84,15.49,12.78,17.52,16.6,9.9,17.14,18.01,7.36,5.67,5.39,8.33,4.27,5.54,9.8,7.56,12.17,9.49,6.33,5.16,3.02,6.69,9.83,9.65,4.37,5.42,2.34,4.35,6.46,8.54,0.0
