0.0,33.88,23.69,58.09,52.43,53.08,42.36,31.32,39.11,24.35,12.87,43.44,52.06,1.28,39.54,26.38,13.85,40.48,53.11,40.29,49.05,28.85,41.71,50.81,45.61,36.93,59.37,41.76,26.89,34.78,32.66,41.83,41.8,21.22,22.64,50.47,1.9,32.98,34.78,35.14,32.1,51.45,33.17,14.84,37.19,31.97,42.25,32.27,26.5,29.14,50.15,42.2,38.3,32.61,44.82,32.7,38.31,43.45,25.36,32.36,42.06,59.91,44.83,28.55,47.91,33.4,38.26,32.34,58.59,49.35,31.64,31.56,49.37,32.69,50.44,33.72,30.26,27.92,45.3,32.45,31.99,27.72,39.07,30.53,29.76,51.05,50.13,33.23,30.4,29.82,27.76,31.21,34.01,27.69,33.36,38.4,31.05,35.93,36.54,32.14,31.51,31.69,30.32,37.65,27.09,31.36,31.28,35.8,31.88,29.39,29.95,36.97,17.55,34.81,19.23,15.4,8.97,16.22,22.28,21.46,14.92,22.38,16.04,37.36,18.38,14.65,20.03,20.43,20.83,11.07,15.18,42.41,35.78,36.88,42.52,40.16,39.87,36.23,37.76,40.95,46.3,38.99,42.12,40.51,41.71,40.48,38.7,49.66,37.95,39.7,41.8,39.18,43.28,39.24,44.45,37.89,40.66,40.1,41.87,43.15,39.1,47.23,42.43,39.09,40.16,49.62,47.91,61.6,55.4,56.26,52.16,51.56,46.19,49.11,58.83,57.3,60.81,59.02,53.15,58.61,70.32,59.41,66.13,52.73,55.34,66.45,45.55,54.48,50.91,37.53,41.89,39.3,41.24,26.17,28.02,40.31,34.05,32.19,39.15,31.23,28.94,39.8,32.35,33.64,40.87,43.43,29.85,46.9,40.33,34.44,33.38,39.3,41.86,31.12,32.14,39.6,45.76,42.66,36.26,34.54,42.73,45.87,45.14,41.71,41.26,41.08,45.73,54.68,53.25,55.17,45.54,44.9,44.75,42.8,44.97,41.68,45.16,42.58,49.88,43.56,46.63,52.83,36.99,48.77,43.18,12.78,27.7,14.45,24.0,24.87,18.68,21.83,26.84,26.35,21.69,20.64,14.64,23.26,30.43,10.79,13.94,29.04,25.63,24.15,20.8,32.31,29.72,23.72,44.27,51.5,54.64,52.2,47.36,32.98,38.36,45.9,46.48,45.55,53.15,44.16,33.79,51.78,39.77,40.67,37.38,25.85,27.27,45.57,44.82,43.72,42.68,1.49,13.17,11.23,9.41,12.64,11.55,10.08,8.82,7.38,6.97,8.89,8.47,16.1,3.07,5.62,7.44,5.03,3.3,9.69,7.05,6.05,6.25,3.36,17.85,6.87,2.56,4.23,11.28,3.91,12.44,10.62,10.56,12.38,7.1,31.16,21.79,28.38,29.0,31.94,32.19,28.49,13.79,18.82,15.8
33.88,0.0,13.31,25.02,23.23,22.03,18.76,57.9,6.13,14.47,26.3,10.46,18.99,34.46,6.47,9.07,25.18,12.45,20.04,7.31,19.47,21.39,18.95,17.74,26.72,3.86,26.3,12.52,27.93,14.55,4.14,8.85,8.82,13.25,15.19,19.42,33.06,34.02,1.02,8.37,7.69,20.4,12.55,20.26,10.58,2.73,14.23,2.37,14.27,10.05,19.1,17.85,8.57,1.56,25.93,5.99,10.29,24.56,13.45,13.47,17.84,26.84,25.94,11.17,16.86,2.35,11.65,2.44,25.52,18.3,4.05,10.94,20.0,13.8,19.39,11.76,9.64,10.53,26.41,9.2,11.37,7.55,11.04,7.94,12.38,21.44,20.55,6.62,9.79,7.86,10.38,10.6,2.96,8.35,14.46,10.37,4.83,10.65,9.93,9.42,10.9,7.23,6.43,7.91,8.98,3.24,7.7,10.03,7.29,5.99,6.26,8.48,19.11,15.92,19.41,20.03,25.69,20.61,15.12,18.81,25.12,16.44,18.59,18.47,18.49,26.64,20.2,18.91,25.69,23.56,40.07,9.43,2.8,3.9,9.54,7.09,6.88,3.09,4.78,7.97,13.31,6.01,9.05,7.53,8.64,7.41,5.63,16.68,4.97,6.72,10.75,6.11,12.22,8.19,11.47,4.82,7.67,7.12,10.82,12.1,6.03,14.25,9.36,6.02,7.18,20.04,18.32,28.53,22.33,23.19,19.09,18.58,19.42,16.04,35.08,24.23,27.74,25.95,20.08,34.86,37.25,26.34,33.06,19.75,22.27,33.38,19.95,21.41,19.86,6.48,13.86,11.28,13.21,8.94,8.31,11.07,12.81,14.19,20.52,7.48,8.14,21.49,16.41,4.4,18.59,22.69,6.1,17.66,19.59,11.94,15.39,10.06,21.11,15.99,5.55,10.37,16.52,13.42,7.03,5.3,20.75,16.64,15.9,13.68,11.67,13.05,16.15,23.63,22.2,24.12,15.96,15.31,15.17,14.78,15.39,13.65,14.11,13.0,18.83,17.45,15.58,21.78,14.94,17.72,18.89,21.28,11.3,20.84,10.72,11.47,15.37,12.23,9.8,18.9,15.99,14.58,22.12,15.81,22.97,23.4,20.7,22.67,12.35,12.57,14.44,24.86,22.27,16.26,19.99,32.61,35.75,33.31,28.47,26.14,19.47,27.01,27.59,21.27,34.26,25.27,25.15,32.89,20.88,33.34,18.48,14.76,13.98,26.68,25.93,24.83,23.79,33.1,42.9,40.96,39.15,24.68,36.85,25.22,25.81,27.26,31.47,28.12,27.58,33.05,32.28,28.71,27.23,29.63,34.47,36.83,31.77,32.86,30.75,30.69,44.43,38.03,31.95,35.4,37.87,30.75,39.03,40.36,41.72,42.11,28.95,57.75,45.12,29.43,30.05,32.98,58.77,38.88,43.52,48.55,45.53
23.69,13.31,0.0,37.43,33.62,32.42,30.42,54.16,18.45,23.14,28.53,22.78,31.39,24.12,18.88,8.57,33.84,22.84,32.45,19.62,29.86,7.07,29.76,30.15,33.66,16.26,38.7,17.99,36.59,13.01,10.64,21.16,21.14,3.16,1.21,29.8,24.74,42.69,14.12,18.76,18.07,30.79,21.22,21.25,20.97,11.31,24.61,11.61,22.94,10.23,29.49,28.24,18.96,11.95,32.88,16.38,20.67,31.5,22.12,20.41,30.11,39.25,32.89,12.15,27.25,12.74,22.03,11.68,37.92,28.69,14.44,19.61,30.38,20.74,29.78,21.77,18.31,11.52,33.35,19.59,20.04,13.52,21.43,18.58,13.36,31.83,30.94,17.0,18.46,13.43,11.37,19.26,13.35,14.02,21.41,20.76,15.21,21.04,20.31,20.19,19.56,17.61,13.93,18.3,9.97,13.63,18.09,20.42,17.67,16.37,16.64,18.87,20.09,22.86,20.39,21.02,24.03,21.6,16.1,27.47,33.79,25.1,19.58,25.41,19.47,35.31,21.19,27.57,34.36,22.62,29.73,21.75,15.12,16.22,21.86,19.5,19.2,15.57,17.1,20.29,25.63,18.32,21.46,19.85,21.04,19.81,18.04,29.0,17.28,19.04,21.14,18.51,22.61,18.58,23.79,17.23,19.99,19.44,21.21,22.49,18.44,26.57,21.76,18.42,19.5,30.43,28.71,40.93,34.73,35.6,31.5,30.89,24.42,28.45,37.06,36.64,40.15,38.36,32.49,36.84,49.65,38.74,45.46,32.07,34.68,45.79,23.78,33.81,30.25,16.87,24.25,21.67,23.6,9.93,5.0,16.53,12.28,10.42,17.38,7.02,5.91,18.03,10.58,10.02,19.1,21.66,7.21,22.23,18.56,12.67,11.6,15.53,20.08,9.34,8.88,15.83,21.17,14.14,12.49,10.65,20.95,17.57,16.83,24.07,22.06,23.44,26.54,34.02,32.59,34.5,26.35,25.7,25.56,25.17,25.78,24.04,24.5,23.39,29.22,27.84,25.97,32.17,25.04,28.11,31.23,10.94,9.89,10.5,6.18,1.84,5.04,4.01,10.79,4.58,5.65,4.25,11.79,1.49,8.65,13.06,10.36,12.33,7.82,1.13,4.1,10.54,7.95,1.94,32.32,39.55,42.69,40.25,35.41,33.08,26.41,33.95,34.54,33.6,41.21,32.21,32.09,39.83,27.82,40.28,25.43,23.42,22.64,33.62,32.87,31.77,30.73,22.76,32.56,30.63,28.81,24.19,34.39,21.63,20.37,18.93,29.81,26.46,20.02,41.72,25.9,18.37,25.57,27.97,26.14,32.53,29.89,28.89,29.09,20.35,40.68,29.71,21.61,27.07,34.12,26.75,35.28,30.02,33.4,31.78,27.29,54.0,44.62,38.09,38.71,41.65,55.02,47.55,33.19,38.21,35.19
58.09,25.02,37.43,0.0,31.62,30.42,40.22,81.06,11.61,37.63,49.46,10.15,7.22,61.74,19.93,36.35,48.34,33.91,6.27,13.32,29.51,41.1,40.41,7.41,48.17,21.54,15.3,19.67,51.09,20.42,31.42,12.69,12.33,40.54,42.47,27.8,60.35,57.18,23.99,33.61,30.85,28.79,35.71,47.55,32.04,27.2,35.68,26.83,37.43,37.34,27.48,39.31,30.03,25.82,47.39,27.45,31.74,46.02,36.61,34.92,39.29,15.84,47.4,38.45,25.24,29.64,33.1,26.9,14.52,26.69,27.21,34.1,28.38,35.26,27.77,33.22,32.8,37.82,47.87,30.66,34.53,30.71,32.5,31.1,32.4,29.83,29.57,28.73,32.95,31.02,32.81,36.1,30.25,31.51,35.92,31.83,27.99,32.11,31.38,33.63,34.5,31.42,29.59,29.37,36.27,28.48,30.86,31.49,30.45,29.14,29.41,29.94,40.74,37.38,41.04,47.32,52.98,42.25,36.75,41.97,48.28,39.6,45.88,39.92,40.12,49.8,41.84,42.07,48.85,50.85,67.36,11.27,22.5,16.86,12.85,20.04,10.43,22.64,15.6,13.54,7.07,18.97,17.6,17.33,17.17,18.83,20.28,4.87,17.93,14.16,19.14,20.76,20.61,29.65,9.51,21.85,15.11,15.75,19.21,20.48,20.53,7.54,17.9,23.05,16.97,30.09,39.78,17.53,10.9,11.77,8.78,3.13,23.53,10.93,24.08,1.18,16.74,1.47,8.65,23.86,26.25,2.05,22.06,2.15,3.88,22.39,24.59,7.64,28.24,27.94,35.32,32.74,34.67,36.23,35.6,22.88,23.17,24.56,30.78,34.77,35.42,31.75,22.28,28.87,24.46,32.94,33.39,23.53,29.85,22.3,21.26,22.54,31.37,23.7,30.02,21.56,22.39,19.29,31.49,29.77,32.24,22.51,16.03,35.14,33.13,34.51,37.61,32.01,30.58,32.5,37.42,36.77,36.63,36.24,36.85,35.11,22.5,34.46,27.21,38.91,23.96,30.16,36.4,26.1,40.35,48.57,38.59,48.12,38.01,38.76,42.66,39.51,37.09,46.19,43.28,41.87,49.41,43.1,41.98,50.69,47.99,49.96,39.64,39.86,41.73,42.4,41.3,43.55,41.45,54.07,57.21,54.77,49.93,47.6,40.93,48.46,49.05,42.72,55.72,46.73,46.6,54.35,42.33,54.79,39.94,37.92,37.14,48.13,47.38,46.29,45.24,60.38,70.19,68.25,66.43,51.96,60.01,52.5,53.1,54.54,58.76,55.41,54.86,56.21,59.57,55.99,54.52,56.92,61.75,59.99,54.93,55.92,58.04,57.98,67.59,65.32,59.23,62.68,61.03,58.04,62.19,67.64,70.45,69.4,56.24,80.91,68.28,52.59,53.21,56.14,81.93,62.04,70.81,75.84,72.82
52.43,23.23,33.62,31.62,0.0,12.52,22.93,72.12,20.53,28.68,40.51,21.69,38.13,52.92,25.61,28.74,39.39,16.62,39.18,18.54,4.73,41.07,23.12,36.88,34.58,23.0,45.44,33.28,42.14,35.31,23.81,20.08,20.06,32.93,34.86,9.9,50.95,48.18,22.53,20.01,20.27,4.31,26.76,38.15,18.45,23.49,18.4,23.8,28.48,29.72,5.23,22.02,15.37,21.41,33.8,18.28,15.24,32.42,27.66,21.33,22.0,45.98,33.81,24.83,6.99,22.02,19.51,23.86,44.66,7.88,19.6,25.15,4.62,21.66,4.5,19.63,23.4,24.19,34.27,15.78,23.42,20.65,15.21,20.43,23.55,2.57,2.82,18.6,23.3,22.17,22.74,22.51,22.64,21.99,22.33,14.99,20.38,18.51,17.79,20.03,20.91,17.01,21.97,14.94,28.66,20.87,18.16,17.9,19.18,19.52,18.78,15.99,34.97,23.78,35.27,37.92,43.58,36.47,30.98,33.02,39.33,30.65,38.46,26.33,34.35,40.86,36.07,33.12,39.9,41.44,59.75,20.66,19.13,17.92,20.77,26.24,21.28,19.47,19.18,19.2,24.55,16.53,28.19,15.72,27.78,26.55,24.78,27.91,17.3,17.46,14.15,25.25,11.51,15.04,22.7,23.96,16.8,15.87,14.22,15.5,25.17,25.48,28.5,25.16,15.37,5.3,7.62,47.67,41.47,42.33,38.24,29.81,40.18,35.19,54.22,31.59,46.88,32.55,39.22,54.0,56.39,32.93,52.2,30.99,41.41,52.52,40.7,40.55,10.35,16.74,18.03,13.28,17.38,28.62,27.99,31.83,33.56,34.95,41.28,27.16,27.81,42.25,37.17,25.16,39.35,43.45,25.78,38.42,40.35,32.69,36.14,30.82,41.87,36.74,26.31,31.12,37.28,34.18,27.79,26.06,41.5,37.4,36.66,17.85,11.7,12.08,8.21,14.12,12.69,14.6,10.9,10.25,10.11,18.95,8.37,11.02,10.59,11.36,6.06,9.03,9.26,12.27,19.11,9.69,23.06,40.95,30.98,40.51,30.4,31.14,35.05,31.9,29.47,38.58,35.66,34.26,41.8,35.49,42.65,43.08,40.38,42.35,32.03,32.25,34.11,44.54,41.94,35.94,24.16,40.48,43.62,41.17,36.33,34.0,27.33,26.32,35.46,25.44,42.13,33.13,33.01,40.75,24.3,41.2,26.35,28.97,25.7,34.54,33.79,32.7,31.65,51.56,61.36,59.42,57.61,42.56,51.06,43.1,43.7,45.14,49.36,46.0,45.46,47.26,50.17,47.17,45.11,47.52,52.35,51.04,45.98,46.98,48.63,49.15,58.64,55.92,50.41,53.28,52.08,48.64,53.24,58.82,61.5,60.57,46.84,71.96,59.28,43.64,44.26,47.15,72.98,53.04,61.98,67.01,63.99
53.08,22.03,32.42,30.42,12.52,0.0,28.81,74.3,19.33,30.87,42.7,20.49,37.56,53.57,25.05,28.18,41.57,22.5,38.62,17.34,10.42,40.51,29.0,36.32,36.77,22.44,44.87,32.72,44.33,34.74,23.25,18.88,18.86,32.36,34.3,4.0,52.18,50.37,21.96,22.2,22.67,9.69,28.95,39.37,20.63,22.93,24.28,23.23,30.67,29.16,8.39,27.9,18.62,20.84,35.98,17.71,20.34,34.61,29.85,23.51,27.89,45.42,35.99,30.28,5.61,21.46,21.7,23.3,44.09,4.65,19.04,27.34,9.28,23.85,8.68,21.81,25.59,29.65,36.46,19.25,25.6,22.54,21.09,22.93,24.23,10.73,10.48,19.0,25.48,22.84,24.63,24.69,22.07,23.34,24.51,20.42,19.81,20.7,19.98,22.22,23.1,20.01,21.41,17.96,28.1,20.31,20.82,20.08,22.27,20.97,21.24,18.53,32.57,25.97,32.87,39.15,44.81,34.07,28.58,35.2,41.52,32.83,37.71,28.52,31.95,43.04,33.67,35.31,42.09,42.67,59.18,19.46,17.93,16.72,19.57,25.67,20.08,18.27,17.98,18.0,23.35,15.33,27.63,14.52,27.21,25.99,24.21,26.71,16.1,16.26,12.95,24.69,10.31,13.84,21.5,23.4,15.6,14.67,13.02,14.3,24.61,24.28,27.94,24.59,14.17,10.99,13.31,47.1,40.9,41.77,37.67,28.61,39.62,34.62,53.66,30.39,46.32,31.35,38.66,53.44,55.83,31.73,51.64,29.79,40.85,51.96,40.14,39.98,2.17,16.53,23.91,18.97,23.26,28.06,27.43,31.27,33.0,34.39,40.72,26.59,27.25,41.69,36.6,24.6,38.79,42.88,25.22,37.86,39.78,32.13,35.58,30.26,41.31,36.18,25.75,30.56,36.72,33.61,27.22,25.49,40.94,36.83,36.1,23.73,17.39,17.78,13.9,6.46,5.03,3.48,16.59,15.94,15.8,24.83,14.06,16.71,9.39,17.06,8.12,14.72,8.06,1.38,24.99,8.48,28.94,40.39,30.41,39.95,29.83,30.58,34.49,31.34,28.91,38.02,35.1,33.7,41.24,34.92,42.09,42.51,39.81,41.78,31.47,31.69,33.55,43.97,41.38,35.38,30.04,42.66,45.8,43.36,38.52,36.19,29.52,37.06,37.64,31.32,44.31,35.32,35.2,42.94,30.93,43.39,28.53,31.15,27.89,36.72,35.98,34.88,33.84,52.21,62.01,60.08,58.26,43.79,53.25,44.33,44.93,46.37,50.59,47.23,46.69,49.45,51.4,47.82,46.34,48.75,53.58,53.23,48.16,49.16,49.86,49.8,60.83,57.14,51.06,54.51,54.27,49.87,55.42,59.47,63.69,61.23,48.07,74.14,61.47,45.82,46.44,49.33,75.17,55.23,62.64,67.66,64.64
42.36,18.76,30.42,40.22,22.93,28.81,0.0,61.89,21.42,18.45,30.29,25.74,34.27,42.69,21.76,23.13,29.16,6.31,35.33,22.59,19.59,35.46,1.42,33.03,12.44,19.14,41.58,29.42,24.83,31.45,19.96,24.13,24.11,27.31,29.25,26.39,40.72,26.05,18.67,14.17,15.74,21.69,16.54,27.92,11.56,19.63,5.51,19.94,18.26,21.98,20.52,1.34,12.58,17.55,11.66,14.42,9.31,10.28,17.44,11.1,1.77,42.13,11.67,21.39,23.83,18.17,12.63,20.01,40.8,25.28,15.75,14.92,19.9,11.72,20.97,12.75,13.17,20.76,12.14,13.46,13.19,17.2,8.12,14.16,22.6,21.59,20.67,14.75,13.07,18.72,20.6,12.28,18.78,18.54,12.1,9.06,16.52,14.96,10.22,13.65,13.23,13.3,17.39,11.92,21.98,18.15,14.66,12.12,15.51,16.17,15.06,12.34,24.74,8.76,25.04,27.69,33.35,26.25,20.75,22.79,29.11,20.42,28.23,8.51,24.12,30.63,25.84,22.89,29.68,31.22,54.13,24.71,18.09,19.18,24.82,22.38,22.17,18.84,20.06,23.25,28.6,20.11,24.34,19.3,23.92,22.69,20.92,31.96,20.25,22.0,17.73,21.39,19.2,15.16,26.75,20.11,20.38,19.45,17.8,19.07,21.32,29.53,24.64,21.3,18.95,20.16,18.45,43.81,37.61,38.48,34.38,33.86,36.32,31.33,50.37,39.52,43.03,41.24,35.37,50.14,52.53,41.62,48.34,35.04,37.56,48.67,36.85,36.69,26.83,12.88,6.9,9.69,7.4,21.65,24.13,27.97,29.71,31.1,37.42,23.3,23.96,38.4,33.31,21.3,35.49,39.59,21.92,34.57,36.49,28.84,32.29,26.96,38.01,32.89,22.45,27.27,33.43,30.32,23.93,22.2,37.65,33.54,32.8,6.75,15.53,11.46,19.03,30.6,29.17,31.09,19.45,18.8,18.66,7.82,18.88,12.07,21.09,16.86,22.18,13.94,22.56,28.75,8.01,24.69,2.89,35.34,23.23,34.9,24.78,27.29,29.44,26.29,23.54,32.97,30.05,28.64,36.19,29.87,37.04,37.46,34.76,36.73,26.42,28.39,28.5,38.92,36.33,30.33,3.98,18.34,21.48,19.04,14.2,16.18,9.51,6.14,13.32,5.26,19.99,14.05,15.18,18.62,2.6,19.06,5.64,18.74,15.47,12.4,11.65,8.43,9.51,41.33,51.14,49.2,47.38,32.33,40.83,32.87,33.47,34.91,39.13,35.78,35.23,37.04,39.94,36.94,34.89,37.29,42.12,40.81,35.75,36.75,38.41,38.92,48.42,45.69,40.18,43.05,41.86,38.41,43.01,48.59,51.27,50.35,36.61,61.73,37.15,26.33,26.95,25.01,62.76,30.91,51.76,56.78,53.76
31.32,57.9,54.16,81.06,72.12,74.3,61.89,0.0,62.05,43.43,35.13,66.38,74.91,31.27,62.39,59.13,34.01,60.1,75.96,63.23,68.68,59.28,61.34,73.66,46.5,59.78,82.22,68.38,34.12,70.4,58.91,64.77,64.74,51.66,53.07,71.74,29.41,28.98,59.3,54.77,51.73,72.73,46.56,41.35,56.82,58.59,61.88,58.89,45.59,57.98,71.43,61.83,57.93,56.5,43.4,55.48,57.94,45.48,44.45,51.07,61.69,82.76,45.6,57.39,69.19,57.12,57.89,58.96,81.44,70.63,54.42,47.69,68.99,52.32,71.72,53.35,48.95,56.76,45.6,57.42,48.79,53.2,58.69,50.16,58.6,70.68,69.76,56.02,50.03,54.72,56.6,49.89,55.17,54.54,48.89,58.02,53.83,55.56,56.17,51.76,51.14,53.95,53.39,57.27,57.98,54.15,53.34,55.43,51.51,52.17,52.7,56.6,44.06,54.44,45.75,41.92,36.78,42.74,48.8,40.55,34.01,41.47,42.55,56.99,44.89,33.37,46.54,39.52,32.21,38.92,35.99,65.35,58.72,59.82,65.46,63.01,62.8,59.48,60.7,63.89,69.23,61.93,64.97,64.66,64.56,63.33,61.55,72.6,60.89,62.64,63.08,62.03,64.55,60.52,67.39,60.74,63.59,64.8,63.15,64.43,61.95,70.17,65.28,61.94,64.3,69.25,67.54,84.45,78.25,79.11,75.01,74.5,75.28,71.96,91.0,80.15,83.66,81.87,76.0,90.78,93.17,82.26,88.98,75.67,78.19,89.3,75.8,77.33,72.19,58.24,61.52,58.93,60.87,57.65,63.54,66.92,68.66,62.62,76.38,62.7,63.36,77.35,62.79,60.26,74.45,78.54,61.33,73.52,75.44,67.79,71.24,65.92,76.97,61.55,63.61,66.22,72.38,69.27,62.88,61.15,76.6,72.49,71.76,61.34,60.89,60.71,65.36,75.96,74.53,76.44,65.17,64.52,64.38,62.43,64.6,61.31,66.44,62.21,71.16,63.19,67.91,74.11,56.62,70.05,62.8,43.21,59.23,44.89,60.78,55.3,49.12,52.26,53.36,56.79,52.12,51.08,45.08,53.7,60.86,41.23,44.38,59.47,62.41,54.59,51.24,62.75,60.16,54.15,63.9,54.34,57.48,55.03,48.08,52.06,57.99,48.49,47.2,65.18,55.99,45.79,52.88,54.62,59.4,37.92,57.0,44.93,46.36,48.4,47.65,46.31,45.27,31.93,26.84,29.66,32.09,40.49,22.93,40.52,39.25,37.81,34.78,36.7,38.91,27.48,30.88,36.05,35.25,32.84,28.01,21.62,34.86,33.86,34.06,33.8,14.13,28.88,33.0,28.02,21.48,31.72,23.0,30.7,21.04,28.76,34.91,1.12,16.93,36.04,36.66,29.06,1.53,24.64,30.17,39.63,36.61
39.11,6.13,18.45,11.61,20.53,19.33,21.42,62.05,0.0,18.61,30.44,5.64,18.43,39.68,5.92,14.28,29.31,14.88,19.49,2.49,21.9,26.61,21.39,17.19,29.15,3.3,25.74,17.95,32.07,19.97,9.36,4.03,2.57,18.47,20.4,16.71,38.28,38.16,4.94,14.59,11.82,17.7,16.69,25.48,13.02,8.16,16.66,7.79,18.41,15.27,16.4,20.29,11.0,6.78,28.37,8.43,12.72,26.99,17.59,15.9,20.27,26.29,28.38,16.38,14.16,7.57,14.08,7.86,24.96,15.6,8.19,15.08,17.29,16.23,16.68,14.2,13.78,15.75,28.85,11.64,15.51,11.69,13.47,12.08,13.38,18.74,18.49,9.71,13.93,11.99,13.78,17.08,8.18,12.49,16.9,12.8,8.96,13.09,12.36,14.6,15.48,12.39,10.56,10.35,14.2,9.46,11.84,12.47,11.42,10.12,10.39,10.92,21.72,18.35,22.02,25.25,30.91,23.23,17.73,22.94,29.26,20.57,23.81,20.9,21.1,30.78,22.82,23.05,29.83,28.78,45.29,4.61,3.44,2.61,4.72,6.54,1.18,3.78,1.35,3.15,8.5,4.71,8.5,6.24,8.08,6.85,5.08,11.86,3.67,1.9,8.05,5.55,9.52,10.63,6.65,4.27,2.86,3.5,8.12,9.4,5.48,9.43,8.8,5.46,5.89,22.48,20.76,27.97,21.77,22.64,18.54,13.76,25.04,15.49,34.53,11.58,27.19,12.54,19.53,34.3,36.69,12.92,32.5,14.94,21.72,32.83,25.57,20.85,17.15,8.92,16.3,13.71,15.65,14.16,13.53,16.5,18.23,19.62,25.95,12.7,13.35,26.92,21.83,9.83,24.02,28.11,11.32,23.09,25.02,17.36,20.81,15.49,26.54,21.41,10.98,15.79,21.95,18.84,12.45,10.72,26.17,22.06,20.58,16.12,14.11,15.49,18.58,20.93,19.5,21.41,18.4,17.75,17.6,17.21,17.83,16.09,11.41,15.43,16.12,19.89,12.88,19.07,17.37,15.02,21.33,26.5,16.52,26.05,15.94,16.69,20.59,17.45,15.02,24.12,21.21,19.8,27.34,21.03,28.19,28.62,25.92,27.89,17.57,17.79,19.66,30.08,27.48,21.48,22.42,35.05,38.19,35.74,30.91,28.57,21.9,29.44,30.03,23.7,36.7,27.7,27.58,35.33,23.31,35.77,20.92,18.89,18.11,29.11,28.36,27.27,26.22,38.31,48.12,46.18,44.36,29.9,40.99,30.44,31.03,32.47,36.69,33.34,32.8,37.19,37.5,33.93,32.45,34.85,39.68,40.97,35.9,36.9,35.97,35.91,48.57,43.25,37.16,40.61,42.01,35.97,43.16,45.58,46.94,47.33,34.17,61.88,49.26,33.56,34.18,37.12,62.91,43.02,48.74,53.77,50.75
24.35,14.47,23.14,37.63,28.68,30.87,18.45,43.43,18.61,0.0,11.83,22.95,31.47,24.29,18.96,15.69,10.71,16.67,32.53,19.79,25.25,28.02,17.91,30.23,21.8,16.35,38.78,24.94,13.46,26.97,15.48,21.33,21.31,19.88,21.81,28.31,30.15,19.55,15.87,11.34,8.3,29.3,3.12,20.48,13.39,15.15,18.45,15.46,2.16,14.54,28.0,18.39,14.5,13.07,21.02,12.05,14.51,19.64,1.02,7.63,18.26,39.33,21.03,13.95,25.75,13.69,14.45,15.53,38.0,27.2,10.98,4.25,25.56,8.88,28.28,9.92,5.51,13.32,21.5,13.98,5.35,9.76,15.26,6.72,15.17,27.25,26.33,12.58,6.6,11.28,13.17,6.46,11.74,11.11,5.45,14.59,10.4,12.13,12.73,8.33,7.71,10.52,9.96,13.84,14.55,10.71,9.91,12.0,8.08,8.74,9.27,13.16,17.3,11.0,17.61,20.26,25.92,18.81,13.32,4.33,10.65,1.97,20.79,13.55,16.69,12.17,18.4,4.44,11.22,23.78,46.7,21.92,15.29,16.38,22.02,19.58,19.37,16.04,17.27,20.45,25.8,18.49,21.54,21.22,21.12,19.9,18.12,29.16,17.45,19.21,19.65,18.59,21.12,17.08,23.96,17.31,20.16,21.37,19.72,20.99,18.52,26.73,21.84,18.5,20.87,25.82,24.1,41.01,34.81,35.68,31.58,31.06,31.84,28.53,47.57,36.72,40.23,38.44,32.57,47.35,49.74,38.82,45.54,32.24,34.76,45.87,32.37,33.89,28.75,14.81,18.08,15.5,17.43,14.22,20.1,23.49,25.23,26.61,32.94,19.27,19.93,33.91,28.83,16.82,31.01,35.11,17.89,30.08,32.01,24.36,27.81,22.48,33.53,28.41,20.18,22.79,28.94,25.84,19.45,17.72,33.17,29.06,28.32,17.9,17.45,17.27,21.93,32.53,31.1,33.01,21.74,21.09,20.95,19.0,21.17,17.88,23.01,18.78,27.72,19.75,24.48,30.67,13.18,26.62,19.37,27.91,15.8,27.46,17.35,23.26,22.0,18.85,16.11,25.53,22.62,21.21,28.75,22.44,29.6,30.03,27.33,29.3,18.98,23.32,21.07,31.49,28.89,22.89,20.47,27.7,30.84,28.4,23.56,21.22,14.56,22.09,22.68,21.75,29.35,20.36,20.23,27.98,15.96,28.42,13.57,1.5,2.93,21.76,21.01,19.92,18.87,24.96,35.86,41.76,39.94,24.9,22.38,25.44,26.04,27.48,23.46,28.34,27.8,18.58,21.96,29.51,27.45,21.52,28.75,22.36,17.3,18.29,22.73,31.49,29.96,34.92,32.74,32.28,23.4,21.09,24.55,41.15,32.82,42.91,29.18,43.28,30.65,14.96,15.58,18.51,44.3,24.41,44.32,49.35,46.33
12.87,26.3,28.53,49.46,40.51,42.7,30.29,35.13,30.44,11.83,0.0,34.78,43.3,12.82,30.79,21.17,1.33,28.5,44.36,31.62,37.08,33.5,29.74,42.06,33.63,28.18,50.61,36.77,14.37,38.8,27.31,33.16,33.14,25.36,27.29,40.14,11.27,20.46,27.7,23.17,20.13,41.13,14.95,7.76,25.22,26.98,30.28,27.29,13.99,26.37,39.83,30.22,26.33,24.9,32.85,23.88,26.34,31.47,12.85,19.46,30.09,51.16,32.86,25.79,37.59,25.52,26.28,27.36,49.83,39.03,22.82,16.08,37.39,20.71,40.11,21.75,17.35,25.15,33.33,25.82,17.18,21.6,27.09,18.55,27.0,39.08,38.16,24.41,18.43,23.11,25.0,18.29,23.57,22.94,17.28,26.42,22.23,23.96,24.56,20.16,19.54,22.35,21.79,25.67,20.01,22.54,21.74,23.83,19.91,20.57,21.1,25.0,10.46,22.84,12.15,8.32,13.09,9.14,15.2,8.95,2.4,9.87,8.95,25.38,11.29,2.13,12.94,7.92,2.92,10.96,27.17,33.75,27.12,28.21,33.86,31.41,31.2,27.88,29.1,32.29,37.63,30.32,33.37,33.05,32.95,31.73,29.95,40.99,29.28,31.04,31.48,30.43,32.95,28.92,35.79,29.14,31.99,33.2,31.55,32.83,30.35,38.57,33.68,30.33,32.7,37.65,35.93,52.84,46.64,47.51,43.41,42.89,43.67,40.36,59.4,48.55,52.06,50.27,44.4,59.18,61.57,50.66,57.38,44.07,46.59,57.7,44.2,45.72,40.58,26.64,29.91,27.33,29.26,19.09,25.58,35.32,37.06,38.44,44.77,24.75,25.4,45.75,40.66,28.65,42.84,46.94,23.37,41.92,43.84,36.19,39.64,34.31,45.36,40.24,25.66,34.62,40.77,37.67,31.28,29.55,45.0,40.89,40.15,29.73,29.28,29.1,33.76,44.36,42.93,44.84,33.57,32.92,32.78,30.83,33.0,29.71,34.84,30.61,39.55,31.59,36.31,42.5,25.02,38.45,31.2,22.64,27.63,24.31,22.83,28.74,27.48,24.33,19.76,31.01,28.09,26.69,24.51,27.91,35.08,20.65,23.8,34.77,24.46,28.8,26.54,36.97,34.37,28.37,32.3,39.53,42.67,40.23,35.39,20.46,26.39,33.92,34.51,33.58,41.18,23.11,21.28,39.81,27.79,28.15,25.4,13.33,14.76,33.59,32.84,31.75,30.7,13.48,19.92,23.22,21.41,12.07,14.08,12.61,13.21,14.65,11.98,15.52,14.97,10.28,10.49,16.68,12.45,10.05,12.67,14.06,5.82,6.82,11.26,18.66,21.66,16.24,14.56,13.6,15.1,9.62,16.25,22.62,24.52,24.38,12.11,34.97,25.6,15.87,16.49,19.43,36.0,25.32,25.79,30.81,27.79
43.44,10.46,22.78,10.15,21.69,20.49,25.74,66.38,5.64,22.95,34.78,0.0,16.17,44.0,10.25,18.61,33.64,19.21,15.22,3.4,19.59,30.94,25.72,16.36,33.48,7.63,24.25,22.28,36.39,24.3,13.68,2.77,2.41,22.8,24.73,17.88,42.61,42.49,9.27,18.91,16.15,18.86,21.02,29.81,17.35,12.49,20.99,12.12,22.74,19.6,17.56,24.62,15.33,11.11,32.7,12.76,17.05,31.32,21.92,20.23,24.6,24.79,32.71,20.71,15.32,11.9,18.41,12.19,23.47,16.76,12.52,19.41,18.46,20.56,17.85,18.53,18.11,20.08,33.17,15.97,19.84,16.02,17.8,16.41,17.71,19.9,19.65,14.04,18.26,16.32,18.11,21.41,12.51,16.82,21.23,17.13,13.29,17.42,16.69,18.93,19.81,16.72,14.89,14.68,18.53,13.79,16.16,16.8,15.75,14.45,14.72,15.25,26.05,22.68,26.35,29.58,35.24,27.55,22.06,27.27,33.59,24.9,28.14,25.23,25.43,35.11,27.15,27.37,34.16,33.11,49.62,1.35,7.77,6.93,2.93,10.87,4.6,8.11,5.68,3.61,3.08,9.04,12.83,7.41,12.41,11.18,9.41,6.45,8.0,4.23,9.21,9.88,10.68,14.95,1.24,8.6,5.19,5.83,9.28,10.56,9.81,4.02,13.13,9.79,7.05,20.16,25.09,26.48,19.85,20.71,17.73,8.34,32.48,19.82,33.03,10.13,25.69,11.08,17.6,32.81,35.2,11.47,31.01,9.52,12.82,31.34,33.54,16.59,18.32,13.24,20.62,18.04,19.97,18.49,17.86,20.83,22.56,23.95,30.28,17.03,17.68,31.25,26.16,14.16,28.35,32.44,15.65,27.42,29.34,21.69,25.14,19.82,30.87,25.74,15.3,20.12,26.28,23.17,16.78,15.05,30.5,26.39,24.91,20.44,18.44,19.82,22.91,22.09,20.66,22.58,22.72,22.08,21.93,21.54,22.15,20.42,12.57,19.76,17.29,24.22,14.04,20.24,21.7,16.18,25.65,30.83,20.85,30.38,20.27,21.02,24.92,21.77,19.35,28.45,25.54,24.13,31.67,25.36,32.52,32.95,30.25,32.22,21.9,22.12,23.99,34.41,31.81,25.81,26.75,39.38,42.52,40.07,35.24,32.9,26.23,33.77,34.36,28.03,41.03,32.03,31.91,39.66,27.64,40.1,25.25,23.22,22.44,33.44,32.69,31.6,30.55,42.64,52.45,50.51,48.69,34.22,45.31,34.76,35.36,36.8,41.02,37.67,37.12,41.52,41.83,38.25,36.78,39.18,44.01,45.3,40.23,41.23,40.3,40.24,52.9,47.58,41.49,44.94,46.34,40.3,47.49,49.9,51.27,51.66,38.5,66.21,53.59,37.89,38.51,41.45,67.24,47.35,53.07,58.1,55.08
52.06,18.99,31.39,7.22,38.13,37.56,34.27,74.91,18.43,31.47,43.3,16.17,0.0,55.71,13.9,30.32,42.3,27.87,2.24,19.59,34.89,35.07,34.38,1.38,42.14,15.51,9.26,13.64,45.05,14.38,25.39,21.13,21.11,34.5,36.44,34.84,54.32,51.15,17.95,27.57,24.81,35.82,29.68,41.51,26.01,21.16,29.65,20.8,31.4,31.3,34.52,33.28,23.99,19.79,41.36,21.42,25.71,39.98,30.58,28.89,33.26,9.81,41.37,32.42,32.28,23.6,27.07,20.87,8.48,33.73,21.18,28.07,35.42,29.22,34.81,27.19,26.76,31.79,41.83,24.63,28.5,24.68,26.46,25.07,26.37,36.87,35.97,22.7,26.91,24.98,26.77,30.07,24.21,25.48,29.89,25.79,21.95,26.07,25.35,27.59,28.47,25.38,23.55,23.34,30.24,22.45,24.82,25.45,24.41,23.11,23.38,23.91,34.71,31.34,35.01,41.29,46.95,36.21,30.72,35.93,42.25,33.56,39.85,33.89,34.09,43.77,35.81,36.03,42.82,44.81,61.32,17.29,16.46,16.18,21.83,14.01,19.17,16.61,17.07,20.26,13.09,18.29,11.56,19.82,11.13,12.8,14.24,10.88,17.25,19.01,26.18,14.73,27.65,23.61,15.53,15.82,19.96,19.41,26.25,27.52,14.5,13.56,11.87,17.01,19.46,35.46,33.75,11.49,4.41,5.28,2.75,9.14,17.5,4.9,18.05,6.43,10.71,8.15,2.16,17.83,20.22,8.54,16.03,10.32,4.47,16.35,18.56,3.6,35.28,21.9,29.28,26.7,28.63,30.2,29.57,16.84,17.13,18.52,24.74,28.73,29.39,25.72,16.24,22.84,18.43,26.91,27.36,17.5,23.81,16.26,15.22,16.5,25.33,17.66,23.98,15.53,16.36,13.26,25.46,23.73,26.2,16.47,9.99,29.1,27.1,28.47,31.57,39.05,37.62,39.54,31.38,30.73,30.59,30.2,30.81,29.08,29.54,28.42,34.25,32.88,31.0,37.2,30.36,33.14,34.31,42.53,32.55,42.09,31.97,32.72,36.63,33.48,31.05,40.16,37.24,35.84,43.38,37.06,35.94,44.65,41.95,43.92,33.61,33.83,35.69,36.37,35.26,37.52,35.41,48.04,51.18,48.73,43.89,41.56,34.89,42.43,43.02,36.69,49.69,40.69,40.57,48.31,36.3,48.76,33.91,31.88,31.1,42.1,41.35,40.26,39.21,54.35,64.15,62.22,60.4,45.93,53.97,46.47,47.07,48.51,52.73,49.37,48.83,50.18,53.54,49.96,48.48,50.89,55.72,53.96,48.89,49.89,52.0,51.94,61.56,59.28,53.2,56.65,55.0,52.01,56.15,61.61,64.41,63.37,50.21,74.87,62.25,46.55,47.17,50.11,75.9,56.01,64.78,69.8,66.78
1.28,34.46,24.12,61.74,52.92,53.57,42.69,31.27,39.68,24.29,12.82,44.0,55.71,0.0,39.94,26.79,13.8,40.88,53.51,40.69,49.45,29.25,42.11,51.22,46.01,37.33,59.77,42.16,26.83,35.18,33.07,42.23,42.21,21.63,23.04,50.87,1.85,32.93,35.18,35.54,32.51,51.86,33.57,15.24,37.6,32.37,42.66,32.68,26.45,29.54,50.55,42.6,38.7,33.01,45.23,33.1,38.72,43.85,25.31,32.76,42.46,60.31,45.24,28.95,48.31,33.8,38.66,32.75,58.99,49.76,32.04,31.96,49.77,33.09,50.84,34.13,30.66,28.32,45.7,32.85,32.39,28.12,39.47,30.93,30.16,51.46,50.53,33.64,30.81,30.23,28.16,31.62,34.41,28.09,33.76,38.8,31.45,36.34,36.94,32.54,31.91,32.1,30.72,38.05,27.49,31.77,31.69,36.2,32.29,29.79,30.36,37.37,17.95,35.21,19.64,15.81,8.92,16.63,22.69,21.41,14.87,22.33,16.44,37.76,18.78,14.59,20.43,20.38,20.78,11.47,15.58,42.81,36.19,37.28,42.92,40.57,40.27,36.63,38.16,41.35,46.7,39.39,42.53,40.92,42.11,40.88,39.11,50.06,38.35,40.1,42.21,39.58,43.68,39.64,44.85,38.29,41.06,40.5,42.28,43.55,39.51,47.63,42.83,39.49,40.56,50.03,48.31,62.0,55.8,56.67,52.57,51.96,46.59,49.52,59.23,57.7,61.21,59.42,53.55,59.01,70.72,59.81,66.53,53.14,55.74,66.86,45.95,54.88,51.31,37.93,42.29,39.71,41.64,26.58,28.42,40.71,34.45,32.59,39.55,31.63,29.34,40.2,32.76,34.04,41.27,43.83,30.26,47.3,40.74,34.85,33.78,39.7,42.26,31.52,32.54,40.0,46.16,43.06,36.67,34.94,43.13,46.28,45.54,42.11,41.66,41.48,46.14,55.08,53.65,55.57,45.95,45.3,45.16,43.21,45.38,42.08,45.57,42.99,50.28,43.96,47.04,53.23,37.39,49.17,43.58,13.18,28.11,14.85,24.4,25.27,19.08,22.23,27.25,26.76,22.09,21.04,15.05,23.66,30.83,11.19,14.34,29.44,26.04,24.55,21.21,32.72,30.12,24.12,44.68,51.91,55.05,52.6,47.76,32.92,38.76,46.3,46.89,45.95,53.56,44.56,33.74,52.18,40.17,40.61,37.78,25.8,27.22,45.97,45.22,44.13,43.08,1.89,13.57,11.63,9.82,13.04,11.5,10.48,9.22,7.78,6.92,8.84,8.87,16.05,3.02,6.02,7.38,4.98,3.25,9.64,7.0,6.0,6.19,3.77,17.79,6.82,2.97,4.18,11.23,3.86,12.39,11.03,10.51,12.78,7.05,31.11,21.73,28.33,28.95,31.89,32.13,28.44,14.19,19.22,16.2
39.54,6.47,18.88,19.93,25.61,25.05,21.76,62.39,5.92,18.96,30.79,10.25,13.9,39.94,0.0,17.8,29.79,15.36,14.97,7.08,22.38,30.13,21.86,12.67,29.62,2.99,21.23,18.44,32.54,20.46,12.87,8.62,8.59,21.99,23.92,22.32,41.8,38.63,5.44,15.06,12.3,23.31,17.16,29.0,13.49,8.65,17.13,8.28,18.88,18.79,22.01,20.76,11.48,7.27,28.84,8.9,13.19,27.46,18.06,16.37,20.74,21.77,28.85,19.9,19.77,11.08,14.55,8.35,20.45,21.21,8.66,15.55,22.9,16.7,22.3,14.67,14.25,19.27,29.32,12.11,15.98,12.16,13.95,12.55,13.85,24.35,23.46,10.18,14.4,12.47,14.26,17.55,11.7,12.96,17.37,13.28,9.44,13.56,12.83,15.08,15.95,12.87,11.04,10.82,17.72,9.93,12.31,12.94,11.9,10.59,10.86,11.39,22.19,18.83,22.49,28.77,34.43,23.7,18.2,23.42,29.73,21.05,27.33,21.37,21.57,31.25,23.29,23.52,30.3,32.3,48.81,9.2,3.95,3.67,9.31,1.41,6.66,4.09,4.55,7.74,13.08,5.78,3.98,7.3,3.57,1.64,1.66,16.45,4.74,6.49,13.66,2.21,15.13,11.1,11.24,3.3,7.45,6.89,13.73,15.01,4.51,14.02,4.29,4.5,6.95,22.95,21.23,23.46,17.26,18.12,14.02,21.87,20.53,10.97,30.01,19.16,22.67,20.88,15.01,29.79,32.18,21.27,27.99,23.05,17.2,28.31,21.05,16.34,22.77,9.39,16.77,14.19,16.12,17.68,17.05,16.99,18.72,20.11,26.44,16.22,16.87,27.41,22.32,10.32,24.51,28.6,14.84,23.58,25.51,17.85,21.3,15.98,27.03,21.9,11.47,16.28,22.44,19.34,12.94,11.22,26.66,22.55,16.07,16.59,14.58,15.96,19.06,26.54,25.11,27.02,18.87,18.22,18.08,17.69,18.3,16.56,17.02,15.91,21.74,20.36,18.49,24.69,17.85,20.63,21.8,30.02,20.04,29.57,19.46,20.21,24.11,20.96,18.54,27.64,24.73,23.32,30.86,24.55,31.71,32.14,29.44,31.41,21.09,21.31,23.18,33.6,31.0,25.0,22.9,35.52,38.66,36.22,31.38,29.05,22.38,29.91,30.5,24.17,37.17,28.18,28.05,35.8,23.78,36.24,21.39,19.37,18.59,29.58,28.83,27.74,26.69,41.83,51.64,49.7,47.88,33.41,41.46,33.95,34.55,35.99,40.21,36.86,36.31,37.66,41.02,37.44,35.97,38.37,43.2,41.44,36.38,37.37,39.49,39.43,49.04,46.77,40.68,44.13,42.48,39.49,43.64,49.09,51.9,50.85,37.69,62.36,49.73,34.04,34.66,37.59,63.38,43.49,52.26,57.29,54.27
26.38,9.07,8.57,36.35,28.74,28.18,23.13,59.13,14.28,15.69,21.17,18.61,30.32,26.79,17.8,0.0,26.67,18.51,28.12,15.3,25.53,13.72,22.59,25.83,26.49,11.94,34.38,16.77,29.42,18.8,7.67,16.84,16.82,5.58,7.51,25.48,27.41,35.52,9.79,10.42,9.17,26.46,14.05,14.08,16.64,6.98,20.29,7.29,15.77,2.27,25.16,23.08,14.63,7.62,25.7,12.06,16.35,24.33,14.95,13.24,22.94,34.92,25.71,2.98,22.92,8.41,17.71,7.35,33.6,24.37,10.12,12.44,26.06,13.57,25.45,14.6,11.13,4.35,26.18,15.27,12.87,6.34,17.1,11.41,6.19,27.5,26.61,12.68,11.28,6.26,4.2,12.09,9.02,6.85,14.23,16.43,10.89,16.71,15.99,13.02,12.39,10.04,6.75,13.98,2.8,9.3,9.75,16.09,8.77,7.73,8.3,14.55,12.92,15.69,13.22,13.85,19.51,14.43,8.93,20.3,26.62,17.93,12.41,18.24,12.3,28.14,14.02,20.4,27.19,17.38,32.4,17.42,10.8,11.89,17.53,15.18,14.88,11.24,12.77,15.96,21.31,14.0,17.13,15.53,16.72,15.49,13.72,24.67,12.96,14.71,16.81,14.19,18.29,14.25,19.46,12.9,15.67,15.11,16.89,18.16,14.11,22.24,17.44,14.1,15.17,26.1,24.39,36.61,30.41,31.27,27.18,26.57,23.67,24.13,43.16,32.31,35.82,34.03,28.16,42.94,45.33,34.42,41.14,27.75,30.35,41.46,24.19,29.49,25.92,12.54,19.92,17.34,19.27,2.76,7.07,15.32,17.05,18.44,24.77,6.24,6.9,25.74,20.65,8.65,22.84,26.94,4.86,21.91,23.84,16.18,19.63,14.31,25.36,15.99,7.15,14.61,20.77,17.67,11.28,9.55,24.99,20.89,20.15,19.74,17.74,19.11,22.21,29.69,28.26,30.18,22.02,21.37,21.23,20.84,21.45,19.72,20.18,19.06,24.89,23.52,21.64,27.84,17.87,23.78,24.05,13.61,1.93,13.16,2.03,10.23,7.7,4.56,3.61,11.23,8.32,6.91,14.45,8.14,15.3,15.73,13.03,15.0,0.95,9.03,6.77,17.19,14.59,8.59,25.15,32.38,35.52,33.08,28.24,25.91,19.24,26.78,27.36,26.43,34.03,25.04,24.92,32.66,20.65,33.11,18.25,16.25,15.47,26.45,25.7,24.6,23.56,25.42,35.23,33.29,31.47,18.49,38.34,19.03,19.63,21.07,25.29,21.94,21.39,34.55,26.1,21.04,21.05,23.45,28.81,38.33,27.67,26.67,24.57,23.02,45.93,32.37,24.27,29.74,39.37,24.57,40.52,32.69,36.06,34.44,22.77,59.24,46.62,30.92,31.54,34.48,60.27,40.38,35.85,40.88,37.86
13.85,25.18,33.84,48.34,39.39,41.57,29.16,34.01,29.31,10.71,1.33,33.64,42.3,13.8,29.79,26.67,0.0,27.38,43.23,30.5,35.95,38.73,28.61,40.94,32.51,27.05,49.49,35.65,13.25,37.67,26.18,32.04,32.01,30.58,32.52,39.02,12.25,19.34,26.58,22.04,19.01,40.0,13.83,7.56,24.1,25.86,29.16,26.16,12.86,25.25,38.7,29.1,25.2,23.78,31.73,22.75,25.22,30.35,11.72,18.34,28.96,50.03,31.74,24.66,36.46,24.39,25.16,26.23,48.71,37.9,21.69,14.96,36.27,19.59,38.99,20.63,16.22,24.03,32.2,24.69,16.06,20.47,25.97,17.43,25.87,37.95,37.03,23.29,17.31,21.99,23.87,17.16,22.45,21.81,16.16,25.3,21.1,22.83,23.44,19.04,18.41,21.23,20.66,24.55,25.25,21.42,20.62,22.7,18.78,19.44,19.97,23.87,10.26,21.71,11.95,8.12,12.89,8.94,15.0,7.82,1.28,8.74,8.75,24.26,11.1,1.68,12.75,6.79,1.8,10.76,28.15,32.62,25.99,27.09,32.73,30.29,30.08,26.75,27.97,31.16,36.51,29.2,32.24,31.93,31.83,30.6,28.83,39.87,28.16,29.91,30.35,29.3,31.82,27.79,34.66,28.01,30.87,32.07,30.42,31.7,29.23,37.44,32.55,29.21,31.57,36.53,34.81,51.72,45.52,46.38,42.29,41.77,42.55,39.24,58.28,47.42,50.93,49.14,43.27,58.05,60.44,49.53,56.25,42.94,45.46,56.58,43.07,44.6,39.46,25.51,28.79,26.21,28.14,18.89,30.81,34.2,35.93,37.32,43.65,29.98,30.63,44.62,39.53,27.53,41.72,45.81,28.6,40.79,42.72,35.06,38.51,33.19,44.24,39.11,30.88,33.49,39.65,36.55,30.15,28.43,43.87,39.76,39.03,28.61,28.16,27.98,32.63,43.23,41.8,43.72,32.44,31.8,31.65,29.71,31.87,28.58,33.71,29.48,38.43,30.46,35.18,41.38,23.89,37.32,30.08,22.44,26.5,24.11,28.05,33.96,32.71,29.56,19.56,36.24,33.32,31.92,24.31,33.14,40.31,20.45,23.6,40.0,29.69,34.03,31.77,42.19,39.6,33.6,31.17,38.4,41.54,39.1,34.26,19.34,25.26,32.8,33.39,32.45,40.06,21.98,20.15,38.68,26.67,27.03,24.28,12.21,13.63,32.47,31.72,30.62,29.58,14.46,20.9,24.2,22.38,11.87,12.95,12.41,13.01,14.45,12.96,15.32,14.77,9.16,11.47,16.48,14.43,11.02,19.32,12.93,6.8,7.8,12.24,18.46,20.53,17.21,15.53,14.58,13.97,10.59,15.13,23.59,23.39,25.35,13.09,33.85,24.48,14.74,15.36,18.3,34.87,24.2,26.76,31.79,28.77
40.48,12.45,22.84,33.91,16.62,22.5,6.31,60.1,14.88,16.67,28.5,19.21,27.87,40.88,15.36,18.51,27.38,0.0,29.02,16.28,13.28,30.91,6.5,26.72,17.53,12.84,35.27,23.12,30.06,25.14,13.65,17.82,17.8,22.76,24.7,20.08,38.87,31.13,12.36,7.93,10.25,15.38,14.68,26.06,5.26,13.33,1.78,13.63,16.4,20.12,14.21,5.4,6.27,11.24,16.74,8.11,3.0,15.37,15.58,9.25,5.39,35.82,16.75,19.54,17.53,11.86,6.32,13.7,34.49,18.97,9.44,13.07,13.6,9.58,14.67,7.54,11.32,18.9,17.22,7.15,11.33,10.63,1.81,12.3,13.53,15.28,14.36,8.44,11.21,12.15,12.72,10.42,12.47,11.97,10.25,2.75,10.21,6.43,3.91,7.95,8.83,6.99,11.81,5.61,18.5,10.71,7.74,5.81,9.16,9.5,8.76,6.03,22.89,4.67,23.19,25.84,31.5,24.39,18.9,20.94,27.25,18.57,26.37,13.59,22.27,28.77,23.98,21.04,27.82,29.36,49.58,18.41,11.78,12.87,18.52,16.07,15.86,12.53,13.76,16.94,22.29,13.8,18.03,12.99,17.61,16.39,14.61,25.65,13.94,15.7,11.42,15.09,12.89,8.86,20.45,13.8,14.07,13.14,11.49,12.77,15.01,23.22,18.33,14.99,12.64,13.86,12.14,37.5,31.3,32.17,28.07,27.55,30.02,25.02,44.06,33.21,36.72,34.93,29.06,43.84,46.23,35.31,42.03,28.73,31.25,42.36,30.54,30.38,20.52,6.58,1.63,3.38,1.22,18.46,17.82,21.66,23.4,24.79,31.12,16.99,17.65,32.09,27.0,15.0,29.19,33.28,15.62,28.26,30.18,22.53,25.98,20.66,31.71,26.58,16.14,20.96,27.12,24.01,17.62,15.89,31.34,27.23,26.5,1.23,9.22,5.16,12.72,24.3,22.87,24.78,13.14,12.49,12.35,2.54,12.57,5.76,14.78,10.55,15.87,7.64,16.25,22.44,2.49,18.39,6.44,30.79,21.38,30.35,20.23,20.98,24.89,21.74,19.31,28.42,25.5,24.09,31.64,25.32,32.49,32.91,30.21,32.18,21.87,22.09,23.95,34.37,31.78,25.78,7.54,23.42,26.56,24.12,19.28,21.92,15.25,9.7,18.4,8.82,25.07,19.14,20.93,23.7,7.68,24.15,10.73,16.89,13.62,17.48,16.74,11.98,12.79,39.47,49.28,47.34,45.52,30.48,38.98,31.02,31.62,33.06,37.28,33.92,33.38,35.18,38.09,35.09,33.03,35.44,40.27,38.96,33.9,34.89,36.55,37.07,46.56,43.83,38.32,41.2,40.0,36.56,41.15,46.74,49.42,48.49,34.76,59.88,42.23,31.56,32.18,30.09,60.9,35.99,49.9,54.93,51.91
53.11,20.04,32.45,6.27,39.18,38.62,35.33,75.96,19.49,32.53,44.36,15.22,2.24,53.51,14.97,28.12,43.23,29.02,0.0,20.65,35.95,36.12,35.43,2.43,43.19,16.56,10.32,14.69,46.11,15.44,26.44,17.77,17.41,35.56,37.49,35.9,55.37,52.2,19.01,28.63,25.87,36.88,30.73,42.57,27.06,22.22,30.71,21.86,32.45,32.36,35.58,34.33,25.05,20.84,42.41,22.47,26.76,41.04,31.63,29.94,34.31,10.86,42.42,33.47,33.34,24.66,28.12,21.92,9.54,34.78,22.23,29.12,36.47,30.28,35.87,28.24,27.82,32.84,42.89,25.68,29.55,25.73,27.52,26.12,27.42,37.92,37.03,23.75,27.97,26.04,27.83,31.12,25.27,26.53,30.94,26.85,23.01,27.13,26.4,28.65,29.52,26.44,24.61,24.39,31.29,23.5,25.88,26.51,25.47,24.17,24.43,24.96,35.76,32.4,36.06,42.34,48.0,37.27,31.77,36.99,43.3,34.62,40.9,34.94,35.14,44.82,36.86,37.09,43.87,45.87,62.38,16.34,17.52,17.24,17.93,15.06,20.23,17.66,18.12,21.31,12.14,19.35,12.62,20.88,12.19,13.85,15.3,9.94,18.31,20.06,27.23,15.79,28.7,24.67,14.58,16.87,21.02,20.46,27.3,28.58,15.55,12.61,12.92,18.07,20.52,36.52,34.8,12.55,5.92,6.79,3.8,8.2,18.55,5.95,19.11,5.48,11.76,7.2,3.67,18.88,21.27,7.59,17.08,9.38,3.52,17.41,19.61,1.57,36.34,22.96,30.34,27.76,29.69,31.25,30.62,17.9,18.19,19.58,25.8,29.79,30.44,26.77,17.3,23.89,19.48,27.96,28.41,18.55,24.87,17.32,16.28,17.56,26.39,18.72,25.04,16.58,17.41,14.31,26.51,24.79,27.26,17.53,11.05,30.16,28.15,29.53,32.63,40.11,38.68,40.59,32.44,31.79,31.65,31.26,31.87,30.13,30.59,29.48,35.31,33.93,32.06,38.26,31.42,34.2,35.37,43.59,33.61,43.14,33.03,33.78,37.68,34.54,32.11,41.21,38.3,36.89,44.43,38.12,37.0,45.71,43.01,44.98,34.66,34.88,36.75,37.42,36.32,38.57,36.47,49.09,52.23,49.79,44.95,42.62,35.95,43.48,44.07,37.75,50.74,41.75,41.62,49.37,37.35,49.82,34.96,32.94,32.16,43.15,42.4,41.31,40.26,55.4,65.21,63.27,61.45,46.98,55.03,47.52,48.12,49.56,53.78,50.43,49.89,51.23,54.59,51.02,49.54,51.94,56.77,55.01,49.95,50.95,53.06,53.0,62.61,60.34,54.25,57.7,56.05,53.06,57.21,62.66,65.47,64.42,51.26,75.93,63.3,47.61,48.23,51.16,76.95,57.06,65.83,70.86,67.84
40.29,7.31,19.62,13.32,18.54,17.34,22.59,63.23,2.49,19.79,31.62,3.4,19.59,40.69,7.08,15.3,30.5,16.28,20.65,0.0,16.44,27.79,22.56,18.37,30.33,4.48,26.92,19.12,33.24,21.15,10.53,1.79,1.76,19.65,21.58,14.72,39.46,39.33,6.12,15.76,13.0,15.71,17.87,26.66,14.19,9.33,17.84,8.97,19.59,16.44,14.41,21.46,12.18,7.96,29.55,9.61,13.9,28.17,18.77,17.08,21.45,27.46,29.56,17.56,12.17,8.74,15.26,9.04,26.14,13.61,9.37,16.25,15.3,17.41,14.7,15.37,14.95,16.93,30.02,12.82,16.69,12.87,14.65,13.26,14.56,16.75,16.5,10.89,15.1,13.17,14.96,18.25,9.36,13.67,18.08,13.98,10.14,14.26,13.54,15.78,16.66,13.57,11.74,11.52,15.38,10.64,13.01,13.64,12.6,11.3,11.57,12.09,22.89,19.53,23.2,26.43,32.09,24.4,18.91,24.12,30.44,21.75,24.99,22.08,22.28,31.96,23.99,24.22,31.01,29.95,46.47,2.37,4.61,3.78,2.48,7.72,2.32,4.96,2.53,0.91,6.25,5.89,9.68,4.25,9.26,8.03,6.26,9.62,4.85,1.08,6.06,6.73,7.53,11.8,4.41,5.44,2.04,2.67,6.13,7.41,6.66,7.19,9.98,6.64,3.9,17.01,21.94,29.15,22.95,23.82,19.72,11.52,26.22,16.67,35.71,13.3,28.36,14.25,20.7,35.48,37.87,14.64,33.68,12.69,16.0,34.01,26.74,22.03,15.17,10.09,17.47,14.89,16.82,15.34,14.71,17.67,19.41,20.79,27.12,13.88,14.53,28.1,23.01,11.0,25.19,29.29,12.5,24.27,26.19,18.54,21.99,16.66,27.71,22.59,12.15,16.97,23.12,20.02,13.63,11.9,27.35,23.24,21.76,17.29,15.29,16.66,19.76,18.94,17.51,19.42,19.57,18.92,18.78,18.39,19.0,17.27,9.42,16.61,14.14,21.07,10.89,17.09,18.55,13.03,22.5,27.67,17.7,27.23,17.12,17.86,21.77,18.62,16.19,25.3,22.38,20.98,28.52,22.2,29.37,29.8,27.09,29.06,18.75,18.97,20.83,31.26,28.66,22.66,23.6,36.22,39.36,36.92,32.08,29.75,23.08,30.62,31.21,24.88,37.88,28.88,28.76,36.5,24.49,36.95,22.1,20.07,19.29,30.29,29.54,28.44,27.4,39.49,49.3,47.36,45.54,31.07,42.16,31.61,32.21,33.65,37.87,34.52,33.97,38.37,38.68,35.1,33.62,36.03,40.86,42.14,37.08,38.08,37.14,37.09,49.75,44.43,38.34,41.79,43.18,37.15,44.34,46.75,48.11,48.51,35.35,63.06,50.43,34.74,35.36,38.3,64.09,44.19,49.92,54.94,51.93
49.05,19.47,29.86,29.51,4.73,10.42,19.59,68.68,21.9,25.25,37.08,19.59,34.89,49.45,22.38,25.53,35.95,13.28,35.95,16.44,0.0,37.65,19.71,33.47,31.16,19.58,42.02,29.86,38.72,31.89,20.4,17.98,17.95,29.51,31.45,7.8,47.53,44.77,19.11,16.6,16.86,3.47,23.35,34.73,15.03,20.07,14.98,20.38,25.07,26.31,2.3,18.61,11.95,17.99,30.38,14.86,11.83,29.0,24.25,17.91,18.59,42.57,30.39,21.41,4.88,18.61,16.09,20.45,41.24,5.78,16.19,21.74,1.69,18.24,2.76,16.21,19.98,20.78,30.86,12.36,20.0,17.23,11.79,17.02,20.14,3.37,2.45,15.19,19.88,18.75,19.32,19.09,19.22,18.58,18.91,11.58,16.96,15.1,14.37,16.62,17.49,13.6,18.56,11.53,25.24,17.45,14.74,14.48,15.77,16.1,15.36,12.58,31.55,20.37,31.85,34.5,40.16,33.06,27.56,29.6,35.92,27.23,35.04,22.91,30.93,37.44,32.65,29.7,36.49,38.03,56.33,18.56,18.53,15.82,18.67,22.82,22.61,19.28,20.5,17.1,22.45,14.43,24.78,13.62,24.36,23.13,21.36,25.81,15.2,15.36,12.05,21.83,9.41,12.94,20.6,20.55,14.7,13.77,12.12,13.39,21.76,23.38,25.08,21.74,13.27,1.19,4.21,44.25,38.05,38.92,34.82,27.71,36.76,31.77,50.81,39.96,43.47,41.68,35.81,50.58,52.97,42.06,48.78,28.88,38.0,49.11,37.29,37.13,8.24,13.32,14.61,9.87,13.96,25.2,24.57,28.41,30.15,31.54,37.86,23.74,24.4,38.84,33.75,21.75,35.93,40.03,22.36,35.01,36.93,29.28,32.73,27.4,38.45,33.33,22.89,27.71,33.87,30.76,24.37,22.64,38.09,33.98,33.24,14.43,8.29,8.67,4.79,12.02,10.59,12.5,7.48,6.83,6.69,15.53,4.95,7.6,8.49,7.95,3.96,5.61,7.16,10.16,15.69,7.58,19.64,37.54,27.56,37.1,26.98,27.73,31.63,28.49,26.06,35.16,32.25,30.84,38.38,32.07,39.23,39.66,36.96,38.93,28.61,28.83,30.7,41.12,38.53,32.52,20.74,37.06,40.2,37.76,32.92,30.59,23.92,22.9,32.04,22.02,38.71,29.72,29.59,37.34,20.88,37.78,22.93,25.55,22.28,31.12,30.37,29.28,28.23,48.14,57.95,56.01,54.19,39.15,47.64,39.68,40.28,41.72,45.94,42.59,42.05,43.85,46.75,43.75,41.7,44.1,48.93,47.63,42.56,43.56,45.22,45.74,55.23,52.5,46.99,49.86,48.67,45.22,49.82,55.4,58.08,57.16,43.42,68.54,55.87,40.22,40.84,43.73,69.57,49.63,58.57,63.59,60.58
28.85,21.39,7.07,41.1,41.07,40.51,35.46,59.28,26.61,28.02,33.5,30.94,35.07,29.25,30.13,13.72,38.73,30.91,36.12,27.79,37.65,0.0,34.92,23.45,38.81,24.27,30.47,12.6,41.75,10.88,20.0,29.17,29.14,8.32,6.7,37.81,29.9,47.84,22.12,22.75,21.5,38.79,26.38,26.4,28.97,19.31,32.62,19.61,28.1,15.39,37.49,35.4,26.96,19.95,38.03,24.38,28.68,36.66,27.27,25.56,35.27,31.01,38.04,17.31,35.25,20.74,30.04,19.68,29.68,36.69,22.44,24.76,38.39,25.9,37.78,26.93,23.46,16.68,38.51,27.59,25.19,18.67,29.43,23.74,18.52,39.83,38.94,25.01,23.61,18.59,16.52,24.42,21.35,19.17,26.56,28.76,23.22,29.04,28.32,25.34,24.72,22.37,19.08,26.3,15.13,21.63,22.08,28.42,21.1,20.06,20.63,26.87,25.25,28.02,25.55,26.18,29.19,26.76,21.26,32.63,38.95,30.26,24.74,30.56,24.63,40.47,26.35,32.73,39.52,27.78,25.67,29.75,23.12,24.22,29.86,27.5,27.21,23.57,25.1,28.29,33.63,26.33,29.46,27.85,29.05,27.82,26.04,37.0,25.29,27.04,29.14,26.52,30.61,26.58,31.79,25.23,28.0,27.44,29.21,30.49,26.44,34.57,29.77,26.42,27.5,38.43,36.71,32.7,31.77,32.97,24.8,43.03,17.57,19.79,30.21,40.32,31.91,42.04,35.49,29.99,41.42,42.42,37.23,44.21,38.36,37.55,16.93,37.49,38.25,24.87,32.25,29.67,31.6,15.09,12.84,13.42,10.14,8.28,10.53,14.86,13.76,11.18,8.45,20.98,12.25,14.81,15.05,15.38,11.72,10.54,9.47,13.08,13.24,7.21,16.72,12.11,14.32,12.01,15.83,18.49,14.11,16.03,14.7,32.07,30.06,31.44,34.54,42.02,40.59,42.51,34.35,33.7,33.56,33.17,33.78,32.04,32.5,31.39,37.22,35.84,33.97,40.17,30.2,36.11,36.38,16.1,15.04,15.65,11.34,9.68,10.19,9.17,15.94,6.75,10.81,9.4,16.94,6.57,1.81,18.22,15.52,14.86,12.97,8.97,9.26,3.69,1.1,5.13,37.48,44.71,47.85,45.41,40.57,38.24,31.57,39.1,39.69,38.76,46.36,37.37,37.24,44.99,32.97,45.44,30.58,28.58,27.8,38.77,38.02,36.93,35.88,27.92,37.72,32.0,33.96,29.35,39.54,26.79,25.53,24.09,34.97,31.61,25.18,46.88,31.06,23.53,30.72,33.13,31.3,37.69,35.04,34.05,34.24,25.51,45.84,34.87,26.76,32.23,39.28,31.91,40.43,31.39,38.55,36.93,32.45,59.16,49.78,43.25,43.87,46.81,60.18,52.7,38.34,38.96,35.94
41.71,18.95,29.76,40.41,23.12,29.0,1.42,61.34,21.39,17.91,29.74,25.72,34.38,42.11,21.86,22.59,28.61,6.5,35.43,22.56,19.71,34.92,0.0,33.22,11.79,19.34,41.78,29.62,24.17,31.65,20.15,24.33,24.3,26.66,28.59,26.59,40.07,25.39,18.87,13.51,15.08,21.88,15.88,27.26,11.76,19.83,5.71,20.14,17.6,21.32,20.71,1.25,12.77,17.75,11.01,14.62,9.5,9.63,16.78,10.45,1.12,42.32,11.02,20.74,24.03,18.36,12.82,20.2,41.0,25.47,15.94,14.27,20.1,11.06,21.17,12.1,12.52,20.1,11.48,16.16,12.53,16.55,8.31,13.5,21.95,21.79,20.87,14.94,12.41,18.07,19.95,11.62,18.52,17.89,11.45,9.25,17.18,14.31,10.42,12.99,12.58,16.0,16.74,12.12,21.33,17.49,14.0,14.17,14.86,15.52,16.05,15.34,24.09,8.11,24.39,27.04,32.7,25.59,20.1,22.14,28.45,19.77,27.57,7.85,23.47,29.97,25.18,22.24,29.02,30.56,53.48,24.91,18.28,19.38,25.02,22.58,22.37,19.04,20.26,23.45,28.79,20.3,24.53,19.5,24.12,22.89,21.11,32.16,20.45,22.2,17.92,21.59,19.39,15.36,26.95,20.3,20.57,19.64,17.99,19.27,21.51,29.73,24.84,21.5,19.14,20.36,18.64,44.01,37.81,38.67,34.58,34.06,36.52,31.53,50.56,39.71,43.22,41.43,35.56,50.34,52.73,41.82,48.54,35.23,37.75,48.86,37.04,36.89,27.03,13.08,7.1,9.89,7.6,21.0,26.88,28.17,29.9,31.29,37.62,26.05,26.71,38.59,33.5,21.5,35.69,39.79,24.68,34.76,36.69,29.03,32.48,27.16,38.21,33.08,22.65,27.46,33.62,30.52,24.13,22.4,37.84,33.74,33.0,6.95,15.73,11.66,19.23,30.8,29.37,31.29,19.64,19.0,18.85,8.01,19.08,12.26,21.28,17.05,22.37,14.14,22.75,28.95,8.21,24.89,2.23,34.69,22.58,34.24,24.13,30.04,28.78,25.64,22.89,32.31,29.4,27.99,35.53,29.22,36.38,36.81,34.11,36.08,25.76,30.11,27.85,38.27,35.67,29.67,3.33,17.69,20.83,18.38,13.54,15.52,8.85,5.49,12.67,4.61,19.34,13.4,14.53,17.96,1.94,18.41,4.99,18.09,14.82,11.75,11.0,7.77,8.86,40.67,50.48,48.54,46.72,31.68,40.18,32.22,32.82,34.26,38.48,35.12,34.58,36.38,39.29,36.29,34.23,36.64,41.47,40.16,35.1,36.09,37.75,38.27,47.76,45.03,39.52,42.4,41.2,37.76,42.36,47.94,50.62,49.69,35.96,61.08,36.49,25.67,26.29,24.36,62.1,30.25,51.1,56.13,53.11
50.81,17.74,30.15,7.41,36.88,36.32,33.03,73.66,17.19,30.23,42.06,16.36,1.38,51.22,12.67,25.83,40.94,26.72,2.43,18.37,33.47,23.45,33.22,0.0,40.76,14.13,12.01,12.26,43.67,13.0,24.01,19.75,19.73,33.12,35.06,33.46,52.94,49.77,16.57,26.19,23.43,34.44,28.3,40.13,24.63,19.78,28.27,19.42,30.02,29.92,33.14,31.9,22.61,18.41,39.98,20.04,24.33,38.6,29.2,27.51,31.88,12.55,39.99,31.04,30.9,22.22,25.69,19.49,11.23,32.35,19.8,26.69,34.04,27.84,33.43,25.81,25.39,30.41,40.45,23.25,27.12,23.3,25.08,23.69,24.99,35.49,34.59,21.32,25.53,23.6,25.39,28.69,22.83,24.1,28.51,24.41,20.57,24.69,23.97,26.21,27.09,24.0,22.17,21.96,28.86,21.07,23.44,24.08,23.03,21.73,22.0,22.53,33.33,29.96,33.63,39.91,45.57,34.83,29.34,34.55,40.87,32.18,38.47,32.51,32.71,42.39,34.43,34.65,41.44,43.43,59.94,20.34,15.08,14.8,20.45,12.63,17.79,15.23,15.69,18.88,16.6,16.91,10.18,18.44,9.75,11.42,12.86,14.4,15.87,17.63,24.8,13.35,26.27,22.23,19.04,14.44,18.58,18.03,24.87,26.14,13.12,17.07,10.49,15.63,18.08,34.08,32.37,14.24,8.04,8.9,4.81,12.66,20.24,3.52,20.79,9.94,13.45,11.66,5.79,20.57,22.96,12.05,18.77,13.83,7.98,19.09,13.6,7.12,33.9,20.52,27.9,25.32,27.25,28.82,28.19,15.46,15.75,17.14,18.98,27.35,28.01,19.95,14.86,21.46,17.05,21.14,25.98,16.12,18.05,14.88,13.84,15.12,19.57,16.28,22.6,14.15,14.98,11.88,24.08,22.35,19.2,15.09,8.61,27.72,25.72,27.09,30.19,37.67,36.24,38.16,30.0,29.35,29.21,28.82,29.43,27.7,28.16,27.04,32.87,31.5,29.62,35.82,28.98,31.76,32.93,41.15,31.17,40.71,30.59,31.34,35.25,32.1,29.67,38.78,35.86,34.46,42.0,35.68,30.18,43.27,40.57,42.54,32.23,32.45,34.31,30.6,29.5,36.14,34.03,46.66,49.8,47.35,42.51,40.18,33.51,41.05,41.64,35.31,48.31,39.31,39.19,46.93,34.92,47.38,32.53,30.5,29.72,40.72,39.97,38.88,37.83,52.97,62.78,60.84,59.02,44.55,52.59,45.09,45.69,47.13,51.35,47.99,47.45,48.8,52.16,48.58,47.1,49.51,54.34,52.58,47.51,48.51,50.62,50.56,60.18,57.9,51.82,55.27,53.62,50.63,54.77,60.23,63.03,61.99,48.83,73.49,60.87,45.17,45.79,48.73,74.52,54.63,63.4,68.42,65.4
45.61,26.72,33.66,48.17,34.58,36.77,12.44,46.5,29.15,21.8,33.63,33.48,42.14,46.01,29.62,26.49,32.51,17.53,43.19,30.33,31.16,38.81,11.79,40.76,0.0,26.98,49.42,37.26,23.92,39.29,27.79,31.97,31.94,30.4,32.33,34.23,43.8,20.04,26.51,17.25,18.82,35.21,19.62,31.0,19.3,27.47,16.62,27.78,21.34,25.06,33.91,12.17,20.41,25.39,3.33,22.26,20.42,2.69,20.52,14.18,12.03,49.96,1.73,24.47,31.67,26.0,20.37,27.84,48.64,33.11,23.58,18.01,31.48,14.8,34.2,15.83,16.25,23.84,1.8,19.9,16.27,20.28,19.23,17.24,25.68,33.16,32.24,22.58,16.15,21.8,23.69,15.36,22.26,21.63,15.18,20.51,20.91,18.04,18.65,16.73,16.32,19.74,20.47,19.76,25.06,21.23,17.74,17.91,18.6,19.25,19.78,19.08,27.82,11.85,28.12,30.77,36.43,29.33,23.83,25.87,32.19,23.5,31.31,11.59,27.2,33.71,28.92,25.97,32.76,34.3,57.22,32.55,25.92,27.02,32.66,30.22,30.01,26.68,27.9,31.09,36.43,27.94,32.17,27.14,31.76,30.53,28.76,39.8,28.09,29.84,25.56,29.23,27.03,23.0,34.59,27.94,28.21,27.28,25.63,26.91,29.15,37.37,32.48,29.14,26.78,31.74,30.02,51.65,45.45,46.31,42.22,41.7,44.16,39.17,58.2,47.35,50.86,49.07,43.2,57.98,60.37,49.46,56.18,42.87,45.39,56.5,44.68,44.53,34.67,20.72,18.01,21.42,18.51,24.73,30.62,35.81,37.54,38.93,45.26,29.79,30.44,46.23,41.15,29.14,43.33,47.43,28.41,42.4,44.33,36.68,40.12,34.8,45.85,40.72,30.29,35.1,41.26,38.16,31.77,30.04,45.48,41.38,40.64,17.87,23.37,23.19,27.84,38.44,37.01,38.93,27.65,27.01,26.86,18.93,27.08,23.79,28.92,24.69,33.64,25.67,30.39,36.59,14.03,32.53,11.46,38.42,26.31,37.98,27.87,33.78,32.52,29.37,26.62,36.05,33.13,31.73,39.27,32.95,40.12,40.54,37.84,39.81,29.5,33.84,31.58,42.01,39.41,33.41,12.55,8.67,11.81,9.36,2.82,10.21,12.59,7.27,1.95,13.83,10.32,8.04,9.22,8.95,9.74,13.06,8.73,21.82,18.56,2.73,1.98,5.1,4.05,44.41,54.22,52.28,50.46,35.42,43.91,35.96,36.55,37.99,42.21,38.86,38.32,40.12,43.02,40.02,37.97,40.37,45.2,43.9,38.83,39.83,41.49,42.01,51.5,48.77,43.26,46.13,44.94,41.49,46.09,51.67,54.35,53.43,39.69,49.19,31.14,20.36,20.98,19.0,49.59,24.9,54.84,59.86,56.85
36.93,3.86,16.26,21.54,23.0,22.44,19.14,59.78,3.3,16.35,28.18,7.63,15.51,37.33,2.99,11.94,27.05,12.84,16.56,4.48,19.58,24.27,19.34,14.13,26.98,0.0,22.44,17.21,31.31,19.23,11.64,7.39,7.36,20.76,22.69,21.09,40.57,37.4,4.21,13.83,11.07,22.08,15.93,27.77,12.26,7.42,15.91,7.06,17.65,17.56,20.78,19.53,10.25,6.04,27.61,7.67,11.96,26.24,16.83,15.14,19.51,22.98,27.62,18.67,18.54,9.86,13.32,7.12,21.66,19.98,7.43,14.32,21.67,15.48,21.07,13.44,13.02,18.04,28.09,10.88,14.75,10.93,12.72,11.32,12.62,23.12,22.23,8.95,13.17,11.24,13.03,16.32,10.47,11.73,16.14,12.05,8.21,12.33,11.6,13.85,14.72,11.64,9.81,9.59,16.49,8.7,11.08,11.71,10.67,9.37,9.63,10.16,20.96,17.6,21.26,27.54,33.2,22.47,16.97,22.19,28.5,19.82,26.1,20.14,20.34,30.02,22.06,22.29,29.07,31.07,47.58,7.97,2.72,2.44,8.08,3.24,5.43,2.86,3.32,6.51,11.86,4.55,5.19,6.07,4.78,3.55,1.78,15.22,3.51,5.26,12.43,2.25,13.9,9.87,10.01,2.06,6.22,5.66,12.5,13.78,3.27,12.79,5.5,3.25,5.72,21.72,20.0,24.67,18.47,19.33,15.24,17.12,21.74,12.19,31.22,20.37,23.88,22.09,16.22,31.0,33.39,22.48,29.2,18.29,18.41,29.52,22.26,17.55,21.54,8.16,15.54,12.96,14.89,16.45,15.82,15.76,17.49,18.88,25.21,14.99,15.64,26.18,21.09,9.09,23.28,27.37,13.61,22.35,24.28,16.62,20.07,14.75,25.8,20.67,10.24,15.05,21.21,18.11,11.71,9.99,25.43,21.33,17.28,15.36,13.35,14.73,17.83,25.31,23.88,25.79,17.64,16.99,16.85,16.46,17.07,15.33,15.79,14.68,20.51,19.13,17.26,23.46,16.62,19.4,20.57,28.79,18.81,28.34,18.23,18.98,22.88,19.74,17.31,26.41,23.5,22.09,29.63,23.32,30.48,30.91,28.21,30.18,19.86,20.08,21.95,32.37,29.77,23.77,21.67,34.29,37.43,34.99,30.15,27.82,21.15,28.68,29.27,22.95,35.94,26.95,26.82,34.57,22.55,35.02,20.16,18.14,17.36,28.35,27.6,26.51,25.46,40.6,50.41,48.47,46.65,32.18,40.23,32.72,33.32,34.76,38.98,35.63,35.09,36.43,39.79,36.21,34.74,37.14,41.97,40.21,35.15,36.15,38.26,38.2,47.81,45.54,39.45,42.9,41.25,38.26,42.41,47.86,50.67,49.62,36.46,61.13,48.5,32.81,33.43,36.36,62.15,42.26,51.03,56.06,53.04
59.37,26.3,38.7,15.3,45.44,44.87,41.58,82.22,25.74,38.78,50.61,24.25,9.26,59.77,21.23,34.38,49.49,35.27,10.32,26.92,42.02,30.47,41.78,12.01,49.42,22.44,0.0,19.3,51.6,20.04,31.94,27.68,27.66,41.05,42.99,41.39,60.87,57.69,24.5,34.12,31.36,42.37,36.23,48.06,32.55,27.71,36.2,27.35,37.95,37.85,41.07,39.82,30.54,26.33,47.91,27.96,32.26,46.53,37.12,35.44,39.81,2.98,47.92,38.97,38.83,30.15,33.62,27.42,2.04,40.27,27.73,34.61,41.97,35.77,41.36,33.73,33.31,38.33,48.38,31.18,35.04,31.23,33.01,31.62,32.92,43.41,42.52,29.25,33.46,31.53,33.32,36.61,30.76,32.03,36.44,32.34,28.5,32.62,31.9,34.14,35.02,31.93,30.1,29.88,36.79,29.0,31.37,32.0,30.96,29.66,29.93,30.45,41.25,37.89,41.56,47.83,53.5,42.76,37.27,42.48,48.8,40.11,46.4,40.44,40.64,50.32,42.35,42.58,49.37,51.36,52.51,24.59,23.01,22.73,28.37,20.56,25.72,23.15,23.61,26.8,20.39,24.84,18.11,26.37,17.68,19.34,20.79,18.19,23.8,25.55,32.72,21.28,34.2,30.16,22.83,22.37,26.51,25.95,32.79,34.07,21.04,20.86,18.42,23.56,26.01,42.01,40.3,4.69,5.19,6.39,9.29,16.45,12.13,11.45,12.69,13.73,3.91,15.45,8.9,12.46,13.41,15.84,9.22,17.62,11.77,9.55,13.19,10.91,41.83,28.45,35.83,33.25,35.18,36.75,36.11,22.5,22.79,24.18,19.38,35.28,35.94,20.35,21.9,29.38,18.98,21.55,33.9,22.11,18.45,21.93,20.88,22.16,19.97,23.32,30.53,21.19,21.05,18.92,24.91,30.28,20.84,22.76,16.54,35.65,33.64,35.02,38.12,45.6,44.17,46.09,37.93,37.28,37.14,36.75,37.36,35.62,36.08,34.97,40.8,39.42,37.55,43.75,36.91,39.69,40.86,49.08,39.1,48.64,38.52,39.27,43.17,40.03,37.6,36.23,43.79,42.38,49.93,43.61,30.58,51.2,48.5,50.47,40.16,40.38,42.24,31.0,29.9,34.6,41.96,54.58,57.72,55.28,50.44,48.11,41.44,48.98,49.56,43.24,56.23,47.24,47.12,54.86,42.85,55.31,40.46,38.43,37.65,48.65,47.9,46.8,45.76,60.9,70.7,68.76,66.95,52.48,60.52,53.02,53.61,55.06,59.27,55.92,55.38,56.73,60.08,56.51,55.03,57.43,62.27,60.5,55.44,56.44,58.55,58.49,68.11,65.83,59.75,63.2,61.54,58.55,62.7,68.16,70.96,69.91,56.75,81.42,68.79,53.1,53.72,56.66,82.45,62.55,71.32,76.35,73.33
41.76,12.52,17.99,19.67,33.28,32.72,29.42,68.38,17.95,24.94,36.77,22.28,13.64,42.16,18.44,16.77,35.65,23.12,14.69,19.12,29.86,12.6,29.62,12.26,37.26,17.21,19.3,0.0,38.47,2.29,12.09,21.32,21.29,21.2,14.36,29.95,41.01,44.56,14.27,18.91,18.23,30.94,23.09,28.21,21.12,10.31,24.76,11.04,24.81,18.0,29.64,28.39,19.11,12.1,36.47,16.53,20.82,35.1,23.99,24.0,28.37,20.61,36.48,19.12,27.4,12.89,22.18,10.11,19.28,28.84,14.59,21.48,30.53,24.33,29.93,22.3,20.18,18.48,36.95,19.74,21.91,18.09,21.58,18.48,20.33,31.98,31.09,17.15,20.33,18.39,18.33,21.14,13.5,20.98,25.0,20.91,15.36,21.19,20.46,19.96,21.43,17.76,16.96,18.45,16.93,13.78,18.24,20.57,17.82,16.52,16.79,19.02,27.06,26.46,27.36,27.98,33.64,28.56,23.07,29.34,35.66,26.97,26.54,29.0,26.44,37.18,28.15,29.45,36.23,31.51,41.4,21.9,15.27,16.37,22.01,19.65,19.35,15.72,17.25,20.44,25.78,18.47,17.4,20.0,16.97,19.96,18.19,23.34,17.43,19.19,21.29,18.66,22.76,18.73,23.94,17.38,20.14,19.59,21.36,22.64,18.59,26.72,17.71,18.57,19.65,30.58,28.86,22.29,16.98,17.84,13.75,21.6,7.16,8.74,19.81,18.88,21.51,20.6,14.73,19.58,31.01,20.99,26.82,22.77,16.92,27.15,7.69,16.06,30.4,17.02,24.4,21.82,23.75,16.89,12.99,3.47,3.76,5.15,8.26,12.15,12.81,9.24,4.15,8.12,6.33,10.43,11.39,5.41,7.33,2.89,3.13,3.13,8.85,5.57,9.11,2.16,4.26,1.16,5.88,8.86,8.49,4.38,3.64,24.22,22.21,23.59,26.69,34.17,32.74,34.65,26.5,25.85,25.71,25.32,25.93,24.19,24.65,23.54,29.37,27.99,26.12,32.32,25.48,28.26,29.43,29.23,19.25,28.78,18.67,16.14,23.32,20.18,17.75,14.41,23.94,22.53,30.07,14.22,19.46,31.35,28.65,30.62,20.3,17.25,22.39,19.89,18.78,12.79,30.53,43.15,46.29,43.85,39.01,36.68,30.01,37.54,38.13,31.8,44.8,35.81,35.68,43.43,31.41,43.87,29.02,25.29,24.51,37.21,36.46,35.37,34.32,41.05,50.85,48.91,47.09,32.63,47.39,33.17,33.76,35.2,39.42,36.07,35.53,43.59,40.23,36.66,35.18,37.58,42.42,47.37,41.81,40.81,38.7,38.64,54.97,45.98,39.9,43.34,48.41,38.7,49.56,48.31,49.67,50.06,36.9,68.29,55.66,39.97,40.58,43.52,69.31,49.42,51.47,56.5,53.48
26.89,27.93,36.59,51.09,42.14,44.33,24.83,34.12,32.07,13.46,14.37,36.39,45.05,26.83,32.54,29.42,13.25,30.06,46.11,33.24,38.72,41.75,24.17,43.67,23.92,31.31,51.6,38.47,0.0,40.43,28.93,34.79,34.77,33.34,35.27,41.77,32.69,6.09,29.33,24.79,21.76,42.75,16.58,20.59,26.85,28.61,31.91,28.92,15.61,28.0,41.45,29.62,27.95,26.53,19.26,25.5,27.97,21.33,14.48,21.09,29.48,52.78,21.46,27.41,39.21,27.14,27.91,28.98,51.46,40.66,24.44,17.71,39.02,22.34,41.74,23.38,18.97,26.78,21.46,27.44,18.81,23.22,28.72,20.18,28.62,40.7,39.78,26.04,20.06,24.74,26.63,19.91,25.2,24.56,18.91,28.05,23.85,25.59,26.19,21.79,21.16,23.98,23.41,27.3,28.0,24.17,23.37,25.45,21.54,22.19,22.72,26.62,23.3,24.46,24.99,21.16,25.93,21.98,26.77,10.57,13.19,11.49,21.79,19.76,24.13,14.71,25.78,9.54,13.76,23.79,41.18,35.37,28.75,29.84,35.48,33.04,32.83,29.5,30.72,33.91,39.26,31.95,35.0,34.68,34.58,33.35,31.58,42.62,30.91,32.66,33.1,32.05,34.58,30.54,37.41,30.77,33.62,34.82,33.17,34.45,31.98,40.19,35.3,31.96,34.32,39.28,37.56,54.47,48.27,49.14,45.04,44.52,45.3,41.99,61.03,50.17,53.68,51.89,46.02,60.8,63.19,52.28,59.0,45.7,48.21,59.33,45.82,47.35,42.21,28.26,31.54,28.96,30.89,27.67,33.56,36.95,38.68,40.07,46.4,32.73,33.38,47.37,42.28,30.28,44.47,48.57,31.35,43.54,45.47,37.81,41.26,35.94,46.99,41.86,33.64,36.24,42.4,39.3,32.9,31.18,46.62,42.52,41.78,31.36,30.91,30.73,35.38,45.98,44.55,46.47,35.2,34.55,34.41,32.46,34.63,31.33,36.46,32.24,41.18,33.21,37.93,44.13,26.64,40.07,28.53,35.48,29.25,40.92,30.81,36.72,35.46,32.31,29.56,38.99,36.07,34.67,37.34,35.89,43.06,33.49,40.78,42.75,32.44,36.78,34.52,44.95,42.35,36.35,29.63,30.19,33.33,30.89,23.94,8.82,15.32,24.34,23.06,30.9,31.84,11.47,9.64,30.47,27.19,13.78,19.81,14.96,16.38,24.26,23.51,22.17,21.12,27.5,38.4,37.24,35.42,24.91,24.92,25.45,26.05,27.49,26.0,28.35,27.81,21.12,24.5,29.52,27.46,24.06,31.29,24.9,19.84,20.83,25.27,31.5,32.5,37.46,28.57,34.82,25.94,23.63,27.09,36.63,35.36,38.39,26.13,35.24,17.19,1.93,2.55,5.06,35.65,10.95,39.8,44.82,41.81
34.78,14.55,13.01,20.42,35.31,34.74,31.45,70.4,19.97,26.97,38.8,24.3,14.38,35.18,20.46,18.8,37.67,25.14,15.44,21.15,31.89,10.88,31.65,13.0,39.29,19.23,20.04,2.29,40.43,0.0,14.12,23.34,23.32,14.26,12.64,31.98,35.83,46.58,16.29,20.93,20.25,32.96,25.12,30.24,23.15,12.33,26.79,13.07,26.84,20.02,31.66,30.42,21.13,14.12,38.5,18.56,22.85,37.12,26.01,26.03,30.4,21.35,38.51,21.14,29.42,14.91,24.21,12.13,20.03,30.87,16.62,23.5,32.56,26.36,31.95,24.32,22.2,20.51,38.97,21.77,23.93,20.12,23.6,20.51,22.35,34.0,33.11,19.18,22.35,20.42,20.36,23.16,15.52,23.0,27.03,22.93,17.39,23.21,22.49,21.98,23.46,19.79,18.99,20.48,18.96,15.8,20.26,22.59,19.85,18.55,18.82,21.05,29.08,28.48,29.38,30.01,35.67,30.59,25.09,31.37,37.69,29.0,28.57,31.03,28.46,39.21,30.18,31.47,38.26,33.53,36.32,23.92,17.3,18.39,24.03,20.6,21.38,17.74,19.27,22.46,27.81,20.5,18.15,22.03,17.72,19.38,20.22,24.08,19.46,21.21,23.31,20.69,24.79,20.75,25.96,19.4,22.17,21.61,23.39,24.66,20.62,28.74,18.46,20.6,21.67,32.6,30.89,23.04,17.73,18.59,14.49,22.34,7.91,9.49,20.56,19.63,22.25,21.35,15.48,20.33,31.76,21.74,27.57,23.52,17.67,27.9,8.44,16.81,32.42,19.04,26.42,23.84,25.77,18.92,15.01,5.5,5.79,5.46,9.01,14.18,14.83,9.98,2.43,10.14,7.08,11.18,13.42,6.15,8.08,4.92,1.4,5.16,9.6,3.85,11.13,4.18,5.01,1.7,7.9,10.88,9.24,5.13,4.39,26.24,24.24,25.61,28.71,36.19,34.76,36.68,28.52,27.87,27.73,27.34,27.95,26.22,26.68,25.56,31.39,30.02,28.14,34.34,27.5,30.28,31.45,22.03,21.28,21.59,20.7,18.17,16.13,15.1,19.77,12.69,16.74,15.34,22.88,12.5,12.46,24.16,21.45,23.43,22.33,14.9,15.19,14.34,11.75,11.07,32.55,45.18,48.31,45.87,41.03,38.7,32.03,39.57,40.16,33.83,46.83,37.83,37.71,45.45,33.44,45.9,31.05,27.32,26.54,39.24,38.49,37.4,36.35,33.85,43.66,41.72,39.9,34.65,49.41,35.19,35.79,30.02,41.45,38.09,37.55,45.62,42.26,29.46,37.2,39.61,37.24,49.39,43.83,42.83,40.72,31.45,57.0,40.8,32.7,38.17,50.43,40.73,51.59,41.11,44.49,42.87,38.93,70.31,57.68,41.99,42.61,45.55,71.34,51.44,44.28,49.3,46.29
32.66,4.14,10.64,31.42,23.81,23.25,19.96,58.91,9.36,15.48,27.31,13.68,25.39,33.07,12.87,7.67,26.18,13.65,26.44,10.53,20.4,20.0,20.15,24.01,27.79,11.64,31.94,12.09,28.93,14.12,0.0,12.19,12.17,11.71,13.64,20.83,31.52,35.44,5.15,9.79,9.1,21.82,13.97,18.72,12.0,2.27,15.64,2.58,15.69,8.5,20.52,19.27,9.98,2.98,27.35,7.41,11.7,25.97,14.87,14.88,19.25,30.28,27.36,9.62,18.28,3.76,13.06,2.65,28.95,19.72,5.47,12.36,21.41,15.21,20.8,13.18,11.06,8.99,27.83,10.62,12.79,8.97,12.46,9.36,10.83,22.86,21.96,8.03,11.21,10.9,8.84,12.01,2.15,11.49,15.88,11.79,6.24,12.07,11.34,10.83,12.31,8.64,7.84,9.33,7.44,4.66,9.12,11.45,8.7,7.4,7.67,9.9,17.56,17.34,17.86,18.49,24.15,19.07,13.57,20.22,26.54,17.85,17.05,19.88,16.94,28.06,18.66,20.33,27.11,22.02,38.53,12.78,6.15,7.24,12.89,10.53,10.23,6.59,8.13,11.32,16.66,9.35,12.49,10.88,12.07,10.84,9.07,20.02,8.31,10.07,12.17,9.54,13.64,9.61,14.82,8.26,11.02,10.47,12.24,13.52,9.47,17.6,12.79,9.45,10.52,21.46,19.74,31.96,25.76,26.63,22.53,21.92,18.96,19.48,38.52,27.67,31.18,29.39,23.52,38.29,40.68,29.77,36.49,23.1,25.71,36.82,19.49,24.84,21.28,7.9,15.28,12.69,14.63,7.4,5.64,10.61,12.35,13.74,20.07,4.81,5.46,21.04,15.95,3.95,18.13,22.23,3.43,17.21,19.13,11.48,14.93,9.6,20.65,15.53,5.09,9.91,16.07,12.96,6.57,4.84,20.29,16.18,15.44,15.1,13.09,14.47,17.57,25.05,23.62,25.53,17.38,16.73,16.59,16.19,16.81,15.07,15.53,14.42,20.25,18.87,17.0,23.19,16.35,19.14,20.31,19.73,9.76,19.29,9.18,8.8,13.83,10.68,8.26,17.36,14.45,13.04,20.58,14.27,21.43,21.86,19.16,21.13,10.81,9.9,12.9,23.32,20.72,14.72,21.41,34.03,37.17,34.73,29.89,27.55,20.89,28.42,29.01,22.68,35.68,26.69,26.56,34.31,22.29,34.75,19.9,16.17,15.39,28.09,27.34,26.25,25.2,31.55,41.36,39.42,37.6,23.13,38.27,23.67,24.27,25.71,29.93,26.58,26.03,34.47,30.74,27.16,25.69,28.09,32.92,38.25,32.31,31.32,29.21,29.15,45.85,36.49,30.4,33.85,39.29,29.21,40.44,38.81,40.18,40.57,27.41,59.16,46.54,30.84,31.46,34.4,60.19,40.3,41.98,47.01,43.99
41.83,8.85,21.16,12.69,20.08,18.88,24.13,64.77,4.03,21.33,33.16,2.77,21.13,42.23,8.62,16.84,32.04,17.82,17.77,1.79,17.98,29.17,24.33,19.75,31.97,7.39,27.68,21.32,34.79,23.34,12.19,0.0,1.13,21.19,23.12,16.26,41.0,40.88,7.66,17.3,14.54,17.25,19.41,28.2,15.73,10.87,19.38,10.51,21.13,17.98,15.95,23.01,13.72,9.5,31.09,11.15,15.44,29.71,20.31,18.62,22.99,29.0,31.1,19.1,13.71,10.28,16.8,10.58,27.68,15.15,10.91,17.79,16.84,18.95,16.24,16.91,16.49,18.47,31.56,14.36,18.23,14.41,16.19,14.8,16.1,18.29,18.04,12.43,16.64,14.71,16.5,19.79,10.9,15.21,19.62,15.52,11.68,15.8,15.08,17.32,18.2,15.11,13.28,13.07,16.92,12.18,14.55,15.18,14.14,12.84,13.11,13.64,24.44,21.07,24.74,27.97,33.63,25.94,20.45,25.66,31.98,23.29,26.53,23.62,23.82,33.5,25.53,25.76,32.55,31.5,48.01,1.74,6.15,5.32,1.61,9.26,2.99,6.5,4.07,2.0,5.62,7.43,11.22,5.79,10.8,9.57,7.8,8.99,6.39,2.62,7.6,8.27,9.07,13.34,3.78,6.99,3.58,4.21,7.67,8.95,8.2,6.56,11.52,8.18,5.44,18.55,23.48,30.69,24.49,25.36,21.26,10.89,27.76,18.21,37.25,12.67,29.9,13.62,22.24,37.02,39.41,14.01,35.22,12.06,15.37,35.55,28.29,19.13,16.71,11.63,19.01,16.43,18.36,16.88,16.25,19.21,20.95,22.34,28.66,15.42,16.07,29.64,24.55,12.55,26.73,30.83,14.04,25.81,27.73,20.08,23.53,18.2,29.25,24.13,13.69,18.51,24.67,21.56,15.17,13.44,28.89,24.78,23.3,18.83,16.83,18.2,21.3,20.48,19.05,20.96,21.11,20.46,20.32,19.93,20.54,18.81,10.96,18.15,15.68,22.61,12.43,18.63,20.09,14.57,24.04,29.21,19.24,28.77,18.66,19.4,23.31,20.16,17.73,26.84,23.92,22.52,30.06,23.74,30.91,31.34,28.63,30.6,20.29,20.51,22.37,32.8,30.2,24.2,25.14,37.76,40.9,38.46,33.62,31.29,24.62,32.16,32.75,26.42,39.42,30.42,30.3,38.04,26.03,38.49,23.64,21.61,20.83,31.83,31.08,29.98,28.94,41.03,50.84,48.9,47.08,32.61,43.7,33.15,33.75,35.19,39.41,36.06,35.51,39.91,40.22,36.64,35.16,37.57,42.4,43.68,38.62,39.62,38.68,38.63,51.29,45.97,39.88,43.33,44.73,38.69,45.88,48.29,49.66,50.05,36.89,64.6,51.97,36.28,36.9,39.84,65.63,45.73,51.46,56.48,53.47
41.8,8.82,21.14,12.33,20.06,18.86,24.11,64.74,2.57,21.31,33.14,2.41,21.11,42.21,8.59,16.82,32.01,17.8,17.41,1.76,17.95,29.14,24.3,19.73,31.94,7.36,27.66,21.29,34.77,23.32,12.17,1.13,0.0,21.16,23.1,16.24,40.98,40.85,7.64,17.28,14.52,17.22,19.38,28.17,15.71,10.85,19.35,10.49,21.1,17.96,15.92,22.98,13.7,9.47,31.06,11.12,15.41,29.68,20.28,18.59,22.96,28.98,31.07,19.08,13.68,10.26,16.77,10.55,27.65,15.13,10.88,17.77,16.82,18.92,16.21,16.89,16.47,18.44,31.54,14.33,18.2,14.38,16.17,14.77,16.07,18.27,18.01,12.4,16.62,14.69,16.48,19.77,10.87,15.18,19.59,15.5,11.66,15.78,15.05,17.3,18.17,15.09,13.26,13.04,16.9,12.15,14.53,15.16,14.12,12.81,13.08,13.61,24.41,21.05,24.71,27.94,33.61,25.92,20.42,25.64,31.95,23.27,26.51,23.59,23.79,33.47,25.51,25.74,32.52,31.47,47.98,1.38,6.13,5.3,1.72,9.23,2.05,6.47,4.04,1.98,5.27,7.41,11.19,5.77,10.77,9.55,7.77,8.63,6.37,2.6,7.58,8.25,9.05,13.32,3.42,6.96,3.55,4.19,7.65,8.92,8.17,6.2,11.5,8.15,5.41,18.53,23.45,30.66,24.47,25.33,21.23,10.53,27.74,18.18,37.22,12.31,29.88,13.26,22.22,37.0,39.39,13.65,35.2,11.7,15.01,35.52,28.26,18.77,16.68,11.61,18.99,16.4,18.34,16.86,16.22,19.19,20.92,22.31,28.64,15.39,16.05,29.61,24.52,12.52,26.71,30.81,14.01,25.78,27.71,20.05,23.5,18.18,29.23,24.1,13.67,18.48,24.64,21.54,15.15,13.42,28.86,24.76,23.28,18.81,16.8,18.18,21.28,20.45,19.02,20.94,21.09,20.44,20.3,19.91,20.52,18.78,10.94,18.13,15.65,22.58,12.4,18.6,20.07,14.54,24.02,29.19,19.21,28.75,18.63,19.38,23.28,20.14,17.71,26.81,23.9,22.49,30.04,23.72,30.88,31.31,28.61,30.58,20.27,20.49,22.35,32.77,30.18,24.18,25.12,37.74,40.88,38.44,33.6,31.27,24.6,32.13,32.72,26.39,39.39,30.4,30.27,38.02,26.0,38.46,23.61,21.59,20.81,31.8,31.05,29.96,28.91,41.01,50.81,48.87,47.06,32.59,43.68,33.13,33.72,35.17,39.38,36.03,35.49,39.88,40.19,36.62,35.14,37.54,42.38,43.66,38.6,39.59,38.66,38.6,51.26,45.94,39.86,43.31,44.7,38.66,45.86,48.27,49.63,50.02,36.86,64.58,51.95,36.26,36.88,39.81,65.6,45.71,51.43,56.46,53.44
21.22,13.25,3.16,40.54,32.93,32.36,27.31,51.66,18.47,19.88,25.36,22.8,34.5,21.63,21.99,5.58,30.58,22.76,35.56,19.65,29.51,8.32,26.66,33.12,30.4,20.76,41.05,21.2,33.34,14.26,11.71,21.19,21.16,0.0,2.11,29.66,22.28,39.7,13.98,14.6,13.36,30.65,18.23,18.26,20.83,11.17,24.48,11.47,19.95,7.25,29.35,27.26,18.82,11.81,29.89,16.24,20.53,28.51,19.13,17.42,27.12,39.11,29.9,9.17,27.11,12.6,21.89,11.54,37.78,28.55,14.3,16.62,30.24,17.75,29.64,18.79,15.32,8.53,30.37,19.45,17.05,10.53,21.29,15.59,10.38,31.69,30.8,16.86,15.47,10.44,8.38,16.28,13.21,11.03,18.42,20.62,15.08,20.9,20.17,17.2,16.58,14.23,10.94,18.16,6.99,13.49,13.93,20.28,12.96,11.92,12.49,18.73,17.11,19.87,17.41,18.04,21.57,18.61,13.12,24.49,30.8,22.12,16.6,22.42,16.49,32.32,18.21,24.59,31.37,20.16,27.27,21.61,14.98,16.08,21.72,19.36,19.06,15.43,16.96,20.15,25.49,18.18,21.32,19.71,20.9,19.68,17.9,28.86,17.14,18.9,21.0,18.38,22.47,18.44,23.65,17.09,19.85,19.3,21.07,22.35,18.3,26.43,21.62,18.28,19.36,30.29,28.57,40.79,34.59,35.46,31.36,30.75,25.66,28.31,38.31,36.5,40.01,38.22,32.35,38.08,49.52,38.6,45.32,31.93,34.54,45.65,25.02,33.67,30.11,16.73,24.11,21.53,23.46,6.95,7.5,19.5,13.52,11.66,18.62,10.43,8.41,19.27,11.83,12.84,20.34,22.9,9.05,26.1,19.81,13.92,12.85,18.5,21.33,10.59,11.34,18.8,24.96,21.85,15.46,13.73,22.2,25.07,24.34,23.93,21.92,23.3,26.4,33.88,32.45,34.36,26.21,25.56,25.42,25.03,25.64,23.9,24.36,23.25,29.08,27.7,25.83,32.03,22.05,27.97,28.24,8.48,6.9,8.03,3.2,4.34,2.57,1.54,7.8,5.83,3.19,1.78,9.32,2.73,9.9,10.6,7.9,9.87,4.83,3.62,1.64,11.79,9.19,3.19,29.34,36.57,39.71,37.26,32.43,30.09,23.42,30.96,31.55,30.62,38.22,29.22,29.1,36.85,24.83,37.29,22.44,20.44,19.66,30.63,29.88,28.79,27.74,20.29,30.1,28.16,26.34,21.73,31.92,19.17,17.91,16.46,27.34,23.99,17.56,38.73,23.44,15.9,23.1,25.5,23.68,30.07,27.42,26.42,26.62,17.89,38.22,27.24,19.14,24.61,31.66,24.29,32.81,27.55,30.93,29.31,24.82,51.53,42.16,35.11,35.73,38.66,52.56,44.56,30.72,35.75,32.73
22.64,15.19,1.21,42.47,34.86,34.3,29.25,53.07,20.4,21.81,27.29,24.73,36.44,23.04,23.92,7.51,32.52,24.7,37.49,21.58,31.45,6.7,28.59,35.06,32.33,22.69,42.99,14.36,35.27,12.64,13.64,23.12,23.1,2.11,0.0,31.6,23.69,41.64,15.91,16.54,15.29,32.58,20.17,20.2,22.76,13.1,26.41,13.41,21.89,9.18,31.28,29.2,20.75,13.74,31.82,18.18,22.47,30.45,21.07,19.35,29.06,41.04,31.83,11.1,29.04,14.53,23.83,13.47,39.72,30.48,16.24,18.55,32.18,19.69,31.57,20.72,17.25,10.47,32.3,21.39,18.99,12.46,23.22,17.53,12.31,33.62,32.73,18.8,17.4,12.38,10.32,18.21,15.14,12.97,20.35,22.55,17.01,22.83,22.11,19.13,18.51,16.16,12.87,20.1,8.92,15.42,15.87,22.21,14.89,13.85,14.42,20.66,19.04,21.81,19.34,19.97,22.98,20.55,15.05,26.42,32.74,24.05,18.53,24.36,18.42,34.26,20.14,26.52,33.31,21.57,28.68,23.54,16.91,18.01,23.65,21.3,21.0,17.36,18.89,22.08,27.43,20.12,23.25,21.65,22.84,21.61,19.83,30.79,19.08,20.83,22.93,20.31,24.41,20.37,25.58,19.02,21.79,21.23,23.0,24.28,20.23,28.36,23.56,20.22,21.29,32.22,30.51,42.73,36.53,37.39,33.3,32.69,24.09,30.25,36.74,38.43,41.94,40.15,34.28,36.51,51.45,40.54,47.26,33.86,36.47,47.58,23.45,35.61,32.04,18.66,26.04,23.46,25.39,8.88,5.9,17.43,11.95,10.09,17.05,7.92,6.81,17.71,10.26,10.92,18.78,21.34,8.11,21.91,18.24,12.35,11.28,16.43,19.76,9.02,9.78,16.73,20.84,13.82,13.39,11.55,20.63,17.25,16.51,25.86,23.86,25.23,28.33,35.81,34.38,36.3,28.14,27.49,27.35,26.96,27.57,25.84,26.29,25.18,31.01,29.64,27.76,33.96,23.99,29.9,30.17,9.89,8.83,9.45,5.13,2.74,3.98,2.96,9.73,4.26,4.6,3.19,10.74,1.12,8.33,12.01,9.31,11.28,6.76,2.03,3.05,10.22,7.62,1.62,31.27,38.5,41.64,39.2,34.36,32.03,25.36,32.9,33.48,32.55,40.15,31.16,31.04,38.78,26.77,39.23,24.37,22.37,21.59,32.56,31.82,30.72,29.68,21.71,31.51,29.57,27.76,23.14,33.34,20.58,19.32,17.88,28.76,25.4,18.97,40.67,24.85,17.32,24.51,26.92,25.09,31.48,28.84,27.84,28.03,19.3,39.63,28.66,20.56,26.02,33.07,25.7,34.22,28.97,32.35,30.72,26.24,52.95,43.57,37.04,37.66,40.6,53.97,46.5,32.13,37.16,34.14
50.47,19.42,29.8,27.8,9.9,4.0,26.39,71.74,16.71,28.31,40.14,17.88,34.84,50.87,22.32,25.48,39.02,20.08,35.9,14.72,7.8,37.81,26.59,33.46,34.23,21.09,41.39,29.95,41.77,31.98,20.83,16.26,16.24,29.66,31.6,0.0,49.56,47.75,19.35,19.58,20.06,7.07,26.33,36.76,18.02,20.31,21.66,20.62,28.05,26.54,5.77,25.29,16.0,18.23,33.37,15.1,17.72,31.99,27.23,20.9,25.27,42.8,33.38,27.66,2.99,18.84,19.08,20.68,41.48,2.03,16.42,24.72,6.67,21.23,6.06,19.2,22.97,27.03,33.84,16.64,22.99,19.92,18.47,20.31,21.61,8.11,7.86,16.38,22.86,20.23,22.02,22.08,19.46,20.72,21.9,17.8,17.2,18.08,17.36,19.6,20.48,17.39,18.79,15.35,25.48,17.69,18.2,17.46,19.65,18.35,18.62,15.92,29.95,23.35,30.25,36.53,42.19,31.46,25.96,32.59,38.9,30.22,35.09,25.9,29.33,40.42,31.05,32.69,39.47,40.06,56.57,16.85,15.31,14.11,16.96,23.06,17.47,15.65,15.36,15.39,20.73,12.71,25.01,11.91,24.6,23.37,21.6,24.09,13.48,13.64,10.33,22.07,7.7,11.23,18.89,20.78,12.98,12.05,10.4,11.68,21.99,21.67,25.32,21.98,11.55,8.37,10.7,44.49,38.29,39.15,35.06,25.99,37.0,32.01,51.04,27.78,43.7,28.73,36.04,50.82,53.21,29.12,49.02,27.17,38.23,49.34,37.52,37.37,1.82,13.91,21.29,16.36,20.64,25.44,24.81,28.65,30.38,31.77,38.1,23.98,24.63,39.07,33.99,21.98,36.17,40.27,22.6,35.24,37.17,29.52,32.96,27.64,38.69,33.56,23.13,27.94,34.1,31.0,24.61,22.88,38.32,34.22,33.48,21.11,14.78,15.16,11.28,5.59,4.16,6.08,13.97,13.33,13.18,22.21,11.44,14.09,6.77,14.44,5.5,12.1,5.45,3.74,22.37,5.87,26.32,37.77,27.8,37.33,27.22,27.96,31.87,28.72,26.3,35.4,32.49,31.08,38.62,32.31,39.47,39.9,37.2,39.17,28.85,29.07,30.94,41.36,38.76,32.76,27.42,40.05,43.19,40.74,35.9,33.57,26.9,34.44,35.03,28.7,41.7,32.7,32.58,40.32,28.31,40.77,25.92,28.54,25.27,34.11,33.36,32.27,31.22,49.59,59.4,57.46,55.64,41.17,50.63,41.71,42.31,43.75,47.97,44.62,44.07,46.83,48.78,45.2,43.73,46.13,50.96,50.61,45.55,46.55,47.25,47.19,58.21,54.53,48.44,51.89,51.65,47.25,52.81,56.85,61.07,58.61,45.45,71.53,58.85,43.21,43.83,46.72,72.55,52.61,60.02,65.04,62.03
1.9,33.06,24.74,60.35,50.95,52.18,40.72,29.41,38.28,30.15,11.27,42.61,54.32,1.85,41.8,27.41,12.25,38.87,55.37,39.46,47.53,29.9,40.07,52.94,43.8,40.57,60.87,41.01,32.69,35.83,31.52,41.0,40.98,22.28,23.69,49.56,0.0,38.78,33.82,33.57,30.54,50.49,33.27,13.28,35.63,31.01,40.69,31.31,32.31,27.57,49.19,40.63,36.73,31.65,43.26,31.13,36.75,41.88,31.17,30.79,40.49,58.95,43.27,26.98,46.95,32.44,36.69,31.38,57.62,48.39,30.07,29.99,47.8,31.12,49.48,32.16,28.69,26.35,43.74,30.88,30.42,26.15,37.5,28.96,28.19,49.49,48.57,31.67,28.84,28.26,26.2,29.65,33.05,26.12,31.79,36.83,29.48,34.37,34.97,30.57,29.95,30.13,28.75,36.08,25.53,29.8,29.72,34.23,30.32,27.82,28.39,35.4,15.98,33.24,17.67,13.84,7.37,14.66,20.72,27.26,20.72,28.18,14.47,35.79,16.81,13.04,18.47,26.23,18.93,9.5,16.2,41.45,34.82,35.92,41.56,39.2,38.91,35.27,36.8,39.99,45.33,38.03,41.16,39.55,40.75,39.52,37.74,48.7,36.99,38.74,40.84,38.22,42.31,38.28,43.49,36.93,39.7,39.14,40.91,42.19,38.14,46.27,41.47,38.12,39.2,48.06,46.34,60.64,54.44,55.3,51.2,50.6,47.21,48.15,67.19,56.34,59.85,58.06,52.19,66.97,69.36,58.45,65.17,51.77,54.38,65.49,46.57,53.52,49.95,37.04,40.32,37.74,39.67,24.61,29.05,39.35,35.07,33.21,40.17,30.27,30.92,40.82,33.38,32.68,41.9,44.46,28.89,45.94,41.36,40.21,34.4,38.34,42.88,32.14,31.18,38.64,44.8,41.69,35.3,33.57,43.75,44.91,44.18,40.14,39.69,39.51,44.17,53.72,52.29,54.21,43.98,43.33,43.19,41.24,43.41,40.12,44.2,41.02,48.92,41.99,45.67,51.87,35.42,47.81,41.61,13.8,28.82,15.47,25.02,25.89,19.71,22.85,25.28,27.38,22.71,21.66,15.67,24.29,31.45,11.81,14.96,30.06,26.66,25.17,21.83,33.34,30.74,24.74,42.71,49.94,53.08,50.63,45.8,38.78,36.79,44.33,44.92,43.99,51.59,42.59,39.6,50.22,38.2,46.47,35.81,31.65,33.08,44.0,43.25,42.16,41.11,2.51,8.65,12.26,10.44,11.07,9.65,11.1,9.84,8.4,5.37,7.29,9.49,14.2,1.47,6.64,5.84,3.43,1.4,7.79,5.45,4.45,4.65,4.39,15.94,4.97,3.59,2.33,9.38,2.31,10.53,11.65,8.66,13.41,5.5,29.26,19.88,34.19,34.81,37.75,30.28,26.59,14.82,19.84,16.82
32.98,34.02,42.69,57.18,48.18,50.37,26.05,28.98,38.16,19.55,20.46,42.49,51.15,32.93,38.63,35.52,19.34,31.13,52.2,39.33,44.77,47.84,25.39,49.77,20.04,37.4,57.69,44.56,6.09,46.58,35.44,40.88,40.85,39.7,41.64,47.75,38.78,0.0,35.42,30.81,27.85,48.78,22.67,26.69,32.87,34.7,30.19,35.01,21.71,34.09,47.47,25.73,33.98,32.62,15.38,35.82,33.99,17.45,20.57,27.75,25.6,58.88,17.57,33.51,45.23,33.24,33.93,35.08,57.55,46.68,30.54,23.8,45.04,28.36,47.76,29.4,25.07,32.87,17.57,33.46,24.9,29.32,32.79,26.27,34.72,46.73,45.81,32.13,26.15,30.83,32.72,26.01,31.29,30.66,25.0,34.07,29.95,31.61,32.21,27.88,27.26,30.07,29.51,33.32,34.1,30.26,29.46,31.47,27.63,28.29,28.82,32.64,29.39,25.41,31.08,27.25,32.02,28.07,32.87,16.66,19.29,17.58,27.88,25.15,30.23,20.81,31.88,15.64,19.86,29.89,47.28,41.47,34.84,35.93,41.58,39.13,38.92,35.59,36.82,40.01,45.35,38.04,41.09,40.7,40.67,39.45,37.67,48.71,37.0,38.76,39.13,38.15,40.6,36.56,43.51,36.86,39.71,40.85,39.2,40.47,38.07,46.28,41.4,38.05,40.35,45.3,43.58,60.56,54.36,55.23,51.13,50.61,51.39,48.08,67.12,56.27,59.78,57.99,52.12,66.9,69.29,58.37,65.1,51.79,54.31,65.42,51.92,53.44,48.23,34.28,31.58,34.98,32.08,33.77,39.65,43.04,44.78,46.16,52.49,38.82,39.48,53.47,48.38,36.37,50.56,54.66,37.44,49.64,51.56,43.91,47.36,42.03,53.08,47.96,39.73,42.34,48.49,45.39,39.0,37.27,52.72,48.61,47.87,31.43,36.93,36.75,41.41,52.0,50.57,52.49,41.22,40.57,40.43,32.49,40.65,37.36,42.49,38.26,47.2,39.23,43.96,50.15,27.59,46.09,24.65,41.57,35.35,47.01,36.9,42.81,41.55,38.41,35.66,45.08,42.17,40.76,43.44,41.99,49.15,39.58,46.88,48.85,38.53,42.88,40.62,51.04,48.44,42.44,25.74,26.31,29.45,27.01,20.06,14.92,26.15,20.46,19.18,27.02,27.96,17.77,15.74,26.59,23.3,9.9,22.29,21.05,22.48,20.37,19.63,18.29,17.24,33.59,44.5,43.33,41.51,31.0,31.01,31.54,32.14,33.58,32.09,34.45,33.9,27.22,30.6,35.61,33.56,30.15,37.38,30.99,25.93,26.93,31.37,37.59,38.6,43.55,34.66,40.91,21.91,29.73,20.39,42.73,41.45,44.48,32.22,30.1,12.05,8.02,8.64,1.04,30.51,5.81,45.89,50.92,47.9
34.78,1.02,14.12,23.99,22.53,21.96,18.67,59.3,4.94,15.87,27.7,9.27,17.95,35.18,5.44,9.79,26.58,12.36,19.01,6.12,19.11,22.12,18.87,16.57,26.51,4.21,24.5,14.27,29.33,16.29,5.15,7.66,7.64,13.98,15.91,19.35,33.82,35.42,0.0,12.78,8.59,21.03,13.45,21.16,11.21,3.84,14.85,3.47,15.17,10.95,19.73,18.48,9.19,2.46,26.56,6.62,10.91,25.18,14.35,14.09,18.46,25.76,26.57,12.06,17.49,3.25,12.27,3.54,24.43,18.93,4.95,11.84,20.62,14.42,20.01,12.39,10.54,11.43,27.04,9.83,12.27,8.45,11.66,8.84,13.28,22.07,21.17,7.9,10.69,8.76,11.28,11.5,3.86,9.25,15.09,10.99,5.73,11.28,10.55,12.8,13.67,8.13,7.32,8.54,9.88,4.14,8.6,10.66,8.18,6.88,7.15,9.11,20.0,16.55,20.3,20.93,26.59,21.51,16.02,19.7,26.02,17.34,19.49,19.09,19.39,27.54,21.1,19.81,26.59,24.46,40.97,8.25,1.63,2.72,8.36,6.01,5.71,2.07,3.61,6.79,12.14,4.83,7.97,6.36,7.55,6.32,4.55,15.5,3.79,5.55,8.16,5.02,12.85,8.82,10.29,3.74,6.5,5.95,8.24,9.51,4.95,13.07,8.27,4.93,6.0,20.67,18.95,27.44,21.24,22.11,18.01,17.4,20.53,14.96,34.0,23.14,26.66,24.86,18.99,33.77,36.16,25.25,31.97,18.58,21.18,32.3,21.05,20.32,20.48,7.11,14.49,11.9,13.84,9.84,9.21,12.18,13.91,15.3,21.63,8.38,9.03,22.6,17.51,5.51,19.7,23.79,7.0,18.77,20.7,13.04,16.49,11.17,22.22,17.09,6.66,11.47,17.63,14.52,8.13,6.4,21.85,17.74,20.05,14.31,12.3,13.68,16.77,24.26,22.83,24.74,16.59,15.94,15.8,15.4,16.02,14.28,14.74,13.63,19.45,18.08,16.21,22.4,15.56,18.35,19.52,22.18,12.2,21.73,11.62,12.37,16.27,13.13,10.7,19.8,16.89,15.48,23.02,16.71,23.87,24.3,21.6,23.57,13.25,13.47,15.34,25.76,23.16,17.16,20.61,33.24,36.38,33.94,29.1,26.76,20.1,27.63,28.22,21.89,34.89,25.9,25.77,33.52,21.5,33.96,19.11,15.66,14.87,27.3,26.55,25.46,24.41,33.99,43.8,41.86,40.04,25.58,37.75,26.11,26.71,28.15,32.37,29.02,28.48,33.95,33.18,29.61,28.13,30.53,35.36,37.73,32.67,33.76,31.65,31.59,45.33,38.93,32.84,36.29,38.77,31.65,39.92,41.26,42.62,43.01,29.85,58.65,46.02,30.33,30.95,33.88,59.67,39.78,44.42,49.45,46.43
35.14,8.37,18.76,33.61,20.01,22.2,14.17,54.77,14.59,11.34,23.17,18.91,27.57,35.54,15.06,10.42,22.04,7.93,28.63,15.76,16.6,22.75,13.51,26.19,17.25,13.83,34.12,18.91,24.79,20.93,9.79,17.3,17.28,14.6,16.54,19.58,33.57,30.81,12.78,0.0,3.81,20.57,7.67,19.05,4.67,9.72,9.73,10.03,9.39,9.21,19.27,14.13,5.77,7.64,16.76,7.62,5.79,15.39,8.57,4.29,14.0,35.32,16.77,8.62,17.03,8.26,5.73,10.1,34.0,18.47,5.56,6.06,16.84,4.63,19.56,2.12,4.3,7.99,17.24,3.45,4.69,4.44,6.54,3.97,7.35,18.52,17.6,5.88,3.89,5.96,6.53,3.85,6.16,5.78,5.29,5.87,4.09,1.5,4.01,1.51,2.71,2.43,4.56,5.12,9.21,5.3,1.04,3.14,2.72,3.31,2.57,4.44,15.87,6.75,16.17,18.82,24.48,17.38,11.88,13.92,20.24,11.55,19.36,9.3,15.26,21.76,16.97,14.03,20.81,22.35,41.36,17.91,11.28,12.38,18.02,15.58,15.37,12.04,13.26,16.45,21.8,13.31,17.53,12.5,17.12,15.89,14.12,25.16,13.45,15.2,10.92,14.59,12.4,8.36,19.95,13.3,13.57,12.64,10.99,12.27,14.52,22.73,17.84,14.5,12.14,17.1,15.38,37.01,30.81,31.67,27.58,27.06,26.41,24.53,43.56,32.71,36.22,34.43,28.56,43.34,45.73,34.82,41.54,28.23,30.75,41.87,26.94,29.89,20.03,6.08,9.36,6.78,8.71,8.88,14.22,18.06,19.8,21.18,27.51,13.39,14.05,28.49,23.4,11.39,25.58,29.68,12.01,24.66,26.58,18.93,22.38,17.05,28.1,22.98,12.54,17.36,23.51,20.41,14.02,12.29,27.74,23.63,22.89,9.18,8.73,8.55,13.2,23.8,22.37,24.29,13.01,12.37,12.22,10.28,12.45,9.15,14.28,10.05,19.0,11.03,15.75,21.95,8.93,17.89,15.11,22.57,10.46,22.13,12.01,17.38,16.67,13.52,10.77,20.2,17.28,15.87,23.42,17.1,24.27,24.69,21.99,23.96,13.65,18.48,15.73,26.15,23.56,17.56,16.21,23.44,26.58,24.14,19.3,16.97,10.3,17.83,18.42,17.49,25.09,16.1,15.97,23.72,11.7,24.17,9.31,9.87,8.67,17.5,16.76,15.66,14.62,32.46,42.27,40.33,38.51,23.47,31.97,24.01,24.6,26.05,30.26,26.91,26.37,28.17,31.07,28.07,26.02,28.42,33.26,31.95,26.88,27.88,29.54,30.06,39.55,36.82,31.31,34.19,32.99,29.54,34.14,39.72,42.4,41.48,27.74,52.86,40.24,24.54,25.16,28.1,53.89,34.0,42.89,47.91,44.9
32.1,7.69,18.07,30.85,20.27,22.67,15.74,51.73,11.82,8.3,20.13,16.15,24.81,32.51,12.3,9.17,19.01,10.25,25.87,13.0,16.86,21.5,15.08,23.43,18.82,11.07,31.36,18.23,21.76,20.25,9.1,14.54,14.52,13.36,15.29,20.06,30.54,27.85,8.59,3.81,0.0,21.02,6.56,15.08,7.01,8.37,12.07,8.67,8.28,7.75,19.72,15.59,6.85,6.28,18.21,5.26,8.13,16.84,7.46,5.75,15.45,32.54,18.22,7.16,17.48,6.9,8.07,8.74,31.22,18.92,4.2,4.95,17.18,6.08,20.0,7.11,3.64,6.52,18.69,4.49,5.38,2.98,8.88,1.95,5.88,18.87,17.95,5.8,3.79,4.5,5.07,4.6,4.95,4.32,6.74,8.21,3.61,5.01,6.35,5.53,4.9,3.73,3.17,6.2,7.75,3.93,3.12,5.22,1.29,1.95,2.48,5.39,11.9,8.2,12.2,14.85,20.51,13.41,7.91,12.81,19.13,10.44,15.39,10.75,11.28,20.65,13.0,12.91,19.7,18.38,39.9,15.13,8.5,9.6,15.24,12.79,12.59,9.26,10.48,13.67,19.01,11.71,14.75,12.94,14.34,13.11,11.33,22.38,10.67,12.42,11.37,11.81,12.84,8.8,17.17,10.52,13.37,12.82,11.44,12.71,11.73,19.95,15.06,11.72,12.59,17.44,15.72,34.23,28.03,28.89,24.79,24.28,25.06,21.74,40.78,29.93,33.44,31.65,25.78,40.56,42.95,32.04,38.76,25.45,27.97,39.08,25.58,27.11,20.47,7.1,11.7,9.12,11.05,7.42,12.86,16.7,18.44,19.83,26.16,12.03,12.69,27.13,22.04,10.04,24.23,28.32,10.66,23.3,25.22,17.57,21.02,15.7,26.75,21.62,11.18,16.0,22.16,19.05,12.66,10.93,26.38,22.27,21.54,11.52,9.07,10.89,13.55,24.25,22.82,24.73,13.36,12.71,12.57,12.62,12.79,11.5,14.73,10.4,19.44,14.85,16.2,22.39,10.38,18.34,16.56,21.11,9.0,20.67,10.55,16.02,15.2,12.06,9.31,18.73,15.82,14.41,21.95,15.64,22.8,23.23,20.53,22.5,12.18,17.13,14.27,24.69,22.1,16.09,17.66,24.89,28.03,25.59,20.75,18.42,11.75,19.29,19.87,18.94,26.54,17.55,17.43,25.17,13.16,25.62,10.76,8.76,7.98,18.96,18.21,17.11,16.07,28.49,38.3,36.36,34.54,19.5,30.85,20.03,20.63,22.07,26.29,22.94,22.4,27.06,27.1,24.1,22.05,24.45,29.28,30.84,25.77,26.77,25.57,26.09,38.44,32.85,27.34,30.21,31.88,25.57,33.03,35.75,41.29,37.51,23.77,51.75,39.13,23.43,24.05,26.99,52.78,32.89,38.92,43.94,40.92
51.45,20.4,30.79,28.79,4.31,9.69,21.69,72.73,17.7,29.3,41.13,18.86,35.82,51.86,23.31,26.46,40.0,15.38,36.88,15.71,3.47,38.79,21.88,34.44,35.21,22.08,42.37,30.94,42.75,32.96,21.82,17.25,17.22,30.65,32.58,7.07,50.49,48.78,21.03,20.57,21.02,0.0,27.32,37.74,19.0,21.3,17.11,21.6,29.04,27.53,2.29,20.74,14.08,19.21,34.35,16.08,13.96,32.98,28.22,21.88,20.72,43.79,34.36,28.65,4.15,19.83,20.06,21.67,42.46,5.05,17.41,25.71,2.7,22.22,1.16,20.18,23.95,28.01,34.83,14.5,23.97,20.91,13.92,21.3,22.6,2.29,2.27,17.36,23.85,21.21,23.0,23.06,20.44,21.71,22.88,13.71,18.18,19.07,18.34,20.59,21.46,15.73,19.78,16.33,26.47,18.68,16.87,18.45,17.9,19.34,17.49,14.71,30.93,24.34,31.24,37.51,43.18,32.44,26.95,33.57,39.89,31.2,36.08,26.88,30.32,41.41,32.03,33.67,40.46,41.04,57.55,17.83,16.3,15.09,17.94,24.04,18.45,16.64,16.35,16.37,21.72,13.7,26.0,12.89,25.58,24.35,22.58,25.08,14.47,14.63,11.32,23.05,8.68,12.21,19.87,21.77,13.97,13.04,11.39,12.66,22.98,22.65,26.3,22.96,12.54,4.01,6.34,45.47,39.27,40.14,36.04,26.98,37.98,32.99,52.03,28.76,44.69,29.72,37.03,51.8,54.19,30.1,50.0,28.16,39.22,50.33,38.51,38.35,7.51,14.9,16.75,12.0,16.09,26.43,25.79,29.63,31.37,32.76,39.09,24.96,25.62,40.06,34.97,22.97,37.15,41.25,23.58,36.23,38.15,30.5,33.95,28.63,39.68,34.55,24.11,28.93,35.09,31.98,25.59,23.86,39.31,35.2,34.47,16.56,10.42,10.8,6.92,11.29,9.86,11.77,9.62,8.97,8.82,17.66,7.08,9.73,7.76,10.08,3.23,7.74,6.43,9.43,17.82,6.85,21.78,38.76,28.78,38.32,28.2,28.95,32.85,29.71,27.28,36.38,33.47,32.06,39.61,33.29,40.45,40.88,38.18,40.15,29.84,30.06,31.92,42.34,39.75,33.75,22.87,41.03,44.17,41.73,36.89,34.56,27.89,25.03,36.01,24.15,42.68,33.69,33.56,41.31,23.01,41.76,26.9,29.52,26.26,35.09,34.34,33.25,32.2,50.58,60.38,58.44,56.63,42.16,51.61,42.7,43.29,44.74,48.95,45.6,45.06,47.82,49.76,46.19,44.71,47.11,51.95,51.6,46.53,47.53,48.23,48.17,59.2,55.51,49.43,52.88,52.64,48.23,53.79,57.84,62.05,59.59,46.43,72.51,59.84,44.19,44.81,47.7,73.54,53.6,61.0,66.03,63.01
33.17,12.55,21.22,35.71,26.76,28.95,16.54,46.56,16.69,3.12,14.95,21.02,29.68,33.57,17.16,14.05,13.83,14.68,30.73,17.87,23.35,26.38,15.88,28.3,19.62,15.93,36.23,23.09,16.58,25.12,13.97,19.41,19.38,18.23,20.17,26.33,33.27,22.67,13.45,7.67,6.56,27.32,0.0,18.56,11.47,13.23,16.53,13.54,2.92,12.63,26.08,16.47,12.58,11.15,19.1,10.13,12.59,17.73,2.1,5.71,16.34,37.41,19.11,12.04,23.84,11.77,12.54,13.61,36.08,25.28,9.07,2.34,23.64,6.96,26.36,8.0,3.6,11.4,19.58,12.07,3.43,7.85,13.34,4.8,13.25,25.33,24.41,10.66,4.68,9.37,11.25,4.54,9.82,9.19,5.15,12.67,8.48,10.21,10.82,6.41,5.79,8.6,8.04,11.92,12.63,8.79,7.99,10.08,6.16,6.82,7.35,11.25,15.39,9.09,15.69,18.34,24.0,16.89,11.4,7.46,13.78,5.09,18.87,11.63,14.77,15.3,16.48,7.56,14.35,21.86,44.78,20.0,13.37,14.46,20.11,17.66,17.45,14.13,15.35,18.54,23.88,16.57,19.62,19.3,19.2,17.98,16.2,27.24,15.53,17.29,17.73,16.68,19.2,15.17,22.04,15.39,18.24,19.45,17.8,19.08,16.6,24.82,19.93,16.58,18.95,23.9,22.18,39.09,32.9,33.76,29.66,29.14,29.92,26.61,45.65,34.8,38.31,36.52,30.65,45.43,47.82,36.91,43.63,30.32,32.84,43.95,30.45,31.97,26.83,12.89,16.17,13.58,15.51,12.3,18.18,21.57,23.31,24.69,31.02,17.35,18.01,32.0,26.91,14.9,29.09,33.19,15.98,28.17,30.09,22.44,25.89,20.56,31.61,26.49,18.26,20.87,27.02,23.92,17.53,15.8,31.25,27.14,26.4,15.98,15.53,15.36,20.01,30.61,29.18,31.09,19.82,19.17,19.03,17.08,19.25,15.96,21.09,16.86,25.81,17.84,22.56,28.75,11.27,24.7,17.45,25.99,13.88,25.54,15.43,21.34,20.08,16.94,14.19,23.61,20.7,19.29,26.83,20.52,27.68,28.11,25.41,27.38,17.06,21.41,19.15,29.57,26.98,20.97,18.55,25.78,28.92,26.48,21.64,19.31,12.64,20.17,20.76,19.83,27.43,18.44,18.31,26.06,14.04,26.5,11.65,3.41,2.63,19.84,19.09,18.0,16.95,31.98,41.78,39.84,38.02,22.98,25.5,23.52,24.12,25.56,29.78,26.42,25.88,21.71,25.09,27.59,25.53,27.94,31.87,25.48,20.42,21.42,29.05,29.57,33.08,38.04,30.83,35.4,26.52,29.06,27.68,39.24,35.94,40.99,27.26,46.4,33.77,18.08,18.7,21.64,47.42,27.53,42.4,47.43,44.41
14.84,20.26,21.25,47.55,38.15,39.37,27.92,41.35,25.48,20.48,7.76,29.81,41.51,15.24,29.0,14.08,7.56,26.06,42.57,26.66,34.73,26.4,27.26,40.13,31.0,27.77,48.06,28.21,20.59,30.24,18.72,28.2,28.17,18.26,20.2,36.76,13.28,26.69,21.16,19.05,15.08,37.74,18.56,0.0,22.82,18.2,27.88,18.51,20.52,14.77,36.39,27.83,23.93,18.85,30.45,18.33,23.94,29.08,19.7,17.99,27.69,46.15,30.47,14.18,34.15,19.63,23.89,18.58,44.82,35.59,17.27,17.19,35.0,18.32,36.67,19.35,15.89,13.55,30.93,18.08,17.62,13.35,24.7,16.16,15.39,36.68,35.76,18.86,16.04,15.45,13.39,16.84,20.25,13.32,18.99,24.03,16.68,21.56,22.17,17.77,17.14,17.32,15.95,23.28,12.72,16.99,16.91,21.43,17.51,15.02,15.58,22.6,3.18,20.44,4.86,1.04,5.91,1.85,7.91,15.17,8.63,16.09,1.67,22.99,4.01,8.35,5.66,14.14,9.14,3.77,25.7,28.65,22.02,23.11,28.76,26.4,26.1,22.46,24.0,27.19,32.53,25.22,28.36,26.75,27.94,26.71,24.94,35.89,24.18,25.94,28.04,25.41,29.51,25.48,30.69,24.13,26.89,26.34,28.11,29.39,25.34,33.46,28.66,25.32,26.39,35.25,33.54,47.83,41.63,42.5,38.4,37.79,34.89,35.35,54.39,43.54,47.05,45.26,39.39,54.16,56.55,45.64,52.36,38.97,41.58,52.69,35.42,40.71,37.14,24.24,27.52,24.94,26.87,11.8,18.3,26.54,28.28,29.66,35.99,17.47,18.12,36.97,31.88,19.87,34.06,38.16,16.09,33.14,35.06,27.41,30.86,25.53,36.58,28.49,18.37,25.84,31.99,28.89,22.5,20.77,36.22,32.11,31.37,27.34,26.89,26.71,31.36,40.92,39.49,41.4,31.17,30.53,30.38,28.44,30.6,27.31,31.4,28.21,36.12,29.19,32.87,39.06,22.62,35.01,28.81,15.46,16.02,17.13,15.54,21.45,20.2,17.05,12.47,23.73,20.81,19.4,17.32,20.63,27.8,13.47,16.62,27.49,17.18,21.52,19.26,29.68,27.09,21.09,29.9,37.13,40.27,37.83,32.99,30.66,23.99,31.53,32.11,31.18,38.78,29.79,29.67,37.41,25.4,37.86,23.01,21.0,20.22,31.2,30.45,29.35,28.31,13.88,23.69,21.75,19.93,4.89,20.3,5.43,6.02,7.47,11.68,8.33,7.79,16.5,12.49,9.49,7.44,9.84,14.68,20.28,14.07,13.07,10.96,11.48,27.88,18.24,12.73,15.61,21.32,10.96,22.48,21.14,21.93,22.9,9.16,41.2,31.82,22.09,22.71,25.65,42.22,31.55,24.31,29.34,26.32
37.19,10.58,20.97,32.04,18.45,20.63,11.56,56.82,13.02,13.39,25.22,17.35,26.01,37.6,13.49,16.64,24.1,5.26,27.06,14.19,15.03,28.97,11.76,24.63,19.3,12.26,32.55,21.12,26.85,23.15,12.0,15.73,15.71,20.83,22.76,18.02,35.63,32.87,11.21,4.67,7.01,19.0,11.47,22.82,0.0,11.47,7.06,11.78,13.15,16.87,17.91,10.69,4.41,9.39,18.46,6.26,3.12,17.08,12.33,5.99,10.67,33.96,18.47,16.28,15.67,10.0,1.06,11.84,32.64,17.11,7.58,9.81,15.47,6.32,18.2,4.29,8.06,15.65,18.94,3.9,8.08,7.37,3.87,9.05,10.28,17.16,16.24,6.58,7.96,8.89,9.46,7.17,10.62,8.71,6.99,3.2,6.3,3.18,1.34,4.7,5.57,3.74,6.89,3.76,16.64,8.85,4.48,2.56,5.91,6.24,5.5,3.08,19.63,8.45,19.93,22.58,28.24,21.14,15.64,17.68,24.0,15.31,23.12,10.99,19.01,25.52,20.73,17.78,24.57,26.11,47.73,16.55,9.92,11.02,16.66,14.21,14.01,10.68,11.9,15.09,20.43,11.94,16.17,11.14,15.76,14.53,12.75,23.8,12.09,13.84,9.56,13.23,11.03,7.0,18.59,11.94,12.21,11.28,9.63,10.91,13.15,21.37,16.48,13.14,10.78,15.73,14.02,35.65,29.45,30.31,26.21,25.7,28.16,23.17,42.2,31.35,34.86,33.07,27.2,41.98,44.37,33.46,40.18,26.87,29.39,40.5,28.68,28.53,18.67,4.72,6.7,4.11,6.04,16.6,15.97,19.81,21.54,22.93,29.26,15.14,15.79,30.23,25.14,13.14,27.33,31.42,13.76,26.4,28.33,20.67,24.12,18.8,29.85,24.72,14.29,19.1,25.26,22.16,15.76,14.04,29.48,25.38,24.64,6.51,7.37,5.89,11.84,22.44,21.01,22.92,11.65,11.0,10.86,7.61,11.08,6.49,12.92,8.69,17.64,8.37,14.39,20.59,7.77,16.53,11.73,28.93,18.12,28.49,18.38,19.12,23.03,19.88,17.45,26.56,23.64,22.24,29.78,23.46,30.63,31.06,28.35,30.32,20.01,20.23,22.09,32.52,29.92,23.92,12.82,25.14,28.28,25.84,21.0,18.66,12.0,14.98,20.12,14.1,26.79,17.8,17.67,25.42,13.4,25.86,11.01,13.63,10.36,19.2,18.45,17.36,16.31,36.22,46.03,44.09,42.27,27.22,35.72,27.76,28.36,29.8,34.02,30.67,30.12,31.93,34.83,31.83,29.78,32.18,37.01,35.7,30.64,31.64,33.3,33.81,43.31,40.58,35.07,37.94,36.75,33.3,37.9,43.48,46.16,45.24,31.5,56.62,43.95,28.3,28.92,31.81,57.65,37.71,46.65,51.67,48.65
31.97,2.73,11.31,27.2,23.49,22.93,19.63,58.59,8.16,15.15,26.98,12.49,21.16,32.37,8.65,6.98,25.86,13.33,22.22,9.33,20.07,19.31,19.83,19.78,27.47,7.42,27.71,10.31,28.61,12.33,2.27,10.87,10.85,11.17,13.1,20.31,31.01,34.7,3.84,9.72,8.37,21.3,13.23,18.2,11.47,0.0,14.97,1.91,15.02,8.21,19.85,18.6,9.32,2.31,26.68,6.74,11.03,25.3,14.2,14.21,18.58,29.61,26.69,9.33,17.61,3.1,12.39,1.21,28.28,19.05,4.8,11.69,20.74,14.54,20.14,12.51,10.39,8.69,27.16,9.95,12.12,8.3,11.79,8.69,10.54,22.19,21.3,7.36,10.54,8.6,8.54,11.35,3.71,11.19,15.21,11.12,5.57,11.4,10.67,10.17,11.64,7.97,7.17,8.66,7.14,3.99,8.45,10.78,8.03,6.73,7.0,9.23,17.27,16.67,17.57,18.19,23.85,18.77,13.28,19.55,25.87,17.18,16.75,19.21,16.65,27.39,18.36,19.66,26.44,21.72,38.23,12.11,5.48,6.58,12.22,9.86,9.56,5.93,7.46,10.65,15.99,8.68,11.82,10.21,11.4,10.17,8.4,19.35,7.64,9.4,11.5,8.87,12.97,8.94,14.15,7.59,10.35,9.8,11.57,12.85,8.8,16.93,12.12,8.78,9.86,20.79,19.07,31.29,25.09,25.96,21.86,21.25,17.21,18.81,29.85,27.0,30.51,28.72,22.85,29.63,40.01,29.1,35.82,22.43,25.04,36.15,17.73,24.17,20.61,7.23,14.61,12.02,13.96,7.1,6.47,8.86,10.59,11.98,18.31,5.64,6.29,19.28,14.19,2.19,16.38,20.47,4.26,15.45,17.37,9.72,13.17,7.85,18.9,13.77,3.33,8.15,14.31,11.2,4.81,3.08,18.53,14.42,13.69,14.43,12.42,13.8,16.9,24.38,22.95,24.86,16.71,16.06,15.92,15.53,16.14,14.4,14.86,13.75,19.58,18.2,16.33,22.52,15.69,18.47,19.64,19.44,9.46,18.99,8.88,9.63,13.53,10.39,7.96,17.06,14.15,12.74,20.28,13.97,21.13,21.56,18.86,20.83,10.51,10.73,12.6,23.02,20.43,14.42,20.74,33.36,36.5,34.06,29.22,26.89,20.22,27.75,28.34,22.01,35.01,26.02,25.89,33.64,21.62,34.08,19.23,15.5,14.72,27.42,26.67,25.58,24.53,31.26,41.06,39.12,37.3,22.84,37.6,23.38,23.97,25.41,29.63,26.28,25.74,33.8,30.44,26.87,25.39,27.79,32.62,37.58,32.02,31.02,28.91,28.85,45.18,36.19,30.1,33.55,38.62,28.91,39.77,38.52,39.88,40.27,27.11,58.5,45.87,30.18,30.79,33.73,59.52,39.63,41.68,46.71,43.69
42.25,14.23,24.61,35.68,18.4,24.28,5.51,61.88,16.66,18.45,30.28,20.99,29.65,42.66,17.13,20.29,29.16,1.78,30.71,17.84,14.98,32.62,5.71,28.27,16.62,15.91,36.2,24.76,31.91,26.79,15.64,19.38,19.35,24.48,26.41,21.66,40.69,30.19,14.85,9.73,12.07,17.11,16.53,27.88,7.06,14.97,0.0,15.41,18.18,21.9,15.99,4.61,8.05,13.02,15.95,9.89,4.78,14.57,17.36,11.02,4.59,37.6,15.96,21.31,19.3,13.64,8.1,15.48,36.27,20.75,11.22,14.85,15.38,11.36,16.44,9.32,13.1,20.68,16.43,8.93,13.11,12.4,3.59,14.08,15.31,17.06,16.14,10.22,12.99,13.92,14.5,12.2,14.25,13.75,12.02,4.53,11.99,8.21,5.69,9.73,10.61,8.77,13.59,7.39,20.27,12.48,9.52,7.59,10.94,11.28,10.53,7.81,24.66,5.66,24.96,27.61,33.28,26.17,20.67,22.71,29.03,20.34,28.15,12.79,24.05,30.55,25.76,22.82,29.6,31.14,51.36,20.18,13.56,14.65,20.29,17.85,17.64,14.31,15.53,18.72,24.07,15.58,19.81,14.77,19.39,18.16,16.39,27.43,15.72,17.47,13.2,16.86,14.67,10.63,22.22,15.58,15.85,14.92,13.27,14.54,16.79,25.0,20.11,16.77,14.42,15.63,13.92,39.28,33.08,33.95,29.85,29.33,31.79,26.8,45.84,34.99,38.5,36.71,30.84,45.61,48.0,37.09,43.81,30.51,33.03,44.14,32.32,32.16,22.3,8.35,1.98,5.16,2.87,20.23,19.6,23.44,25.18,26.56,32.89,18.77,19.43,33.87,28.78,16.77,30.96,35.06,17.39,30.04,31.96,24.31,27.76,22.43,33.48,28.36,17.92,22.74,28.9,25.79,19.4,17.67,33.12,29.01,28.27,2.22,11.0,6.93,14.5,26.07,24.64,26.56,14.92,14.27,14.13,2.89,14.35,7.54,16.56,12.33,17.65,9.41,18.02,24.22,3.48,20.16,5.65,32.57,23.16,32.13,22.01,22.76,26.66,23.52,21.09,30.19,27.28,25.87,33.41,27.1,34.26,34.69,31.99,33.96,23.64,23.86,25.73,36.15,33.56,27.55,6.74,22.63,25.77,23.32,18.49,20.46,13.8,8.9,17.61,8.02,24.28,18.34,19.47,22.91,6.88,23.35,9.93,18.66,15.4,16.69,15.94,11.19,12.0,41.25,51.06,49.12,47.3,32.26,40.76,32.8,33.39,34.84,39.05,35.7,35.16,36.96,39.86,36.86,34.81,37.21,42.05,40.74,35.67,36.67,38.33,38.85,48.34,45.61,40.1,42.98,41.78,38.33,42.93,48.51,51.2,50.27,36.53,61.65,41.43,33.33,33.95,29.3,62.68,35.19,51.68,56.71,53.69
32.27,2.37,11.61,26.83,23.8,23.23,19.94,58.89,7.79,15.46,27.29,12.12,20.8,32.68,8.28,7.29,26.16,13.63,21.86,8.97,20.38,19.61,20.14,19.42,27.78,7.06,27.35,11.04,28.92,13.07,2.58,10.51,10.49,11.47,13.41,20.62,31.31,35.01,3.47,10.03,8.67,21.6,13.54,18.51,11.78,1.91,15.41,0.0,15.28,8.47,20.11,18.86,9.58,2.57,26.94,7.0,11.3,25.57,14.46,14.48,18.85,28.6,26.96,9.59,17.87,3.36,12.66,1.38,27.28,19.31,5.06,11.95,21.01,14.81,20.4,12.77,10.65,8.96,27.42,10.21,12.38,8.57,12.05,8.95,10.8,22.45,21.56,7.63,10.8,8.87,8.8,11.61,3.97,11.45,15.48,11.38,5.84,11.66,10.94,10.43,11.91,8.24,7.44,8.92,7.41,4.25,8.71,11.04,8.3,7.0,7.27,9.49,17.53,16.93,17.83,18.46,24.12,19.04,13.54,19.82,26.13,17.45,17.02,19.48,16.91,27.66,18.63,19.92,26.7,21.98,38.49,11.1,4.48,5.57,11.21,8.86,8.56,4.92,6.45,9.64,14.99,7.68,10.82,9.21,10.4,9.17,7.4,18.35,6.64,8.39,11.76,7.87,13.24,9.2,13.14,6.58,9.35,8.79,11.83,13.11,7.8,15.92,11.12,7.78,8.85,21.05,19.33,30.29,24.09,24.96,20.86,20.25,17.94,17.81,36.85,25.99,29.5,27.71,21.84,36.62,39.01,28.1,34.82,21.43,24.03,35.15,18.47,23.17,20.87,7.49,14.87,12.29,14.22,7.37,6.74,9.59,11.33,12.71,19.04,5.9,6.56,20.02,14.93,2.92,17.11,21.21,4.53,16.19,18.11,10.46,13.91,8.58,19.63,14.51,4.07,8.89,15.04,11.94,5.55,3.82,19.27,15.16,14.42,14.69,12.68,14.06,17.16,24.64,23.21,25.13,16.97,16.32,16.18,15.79,16.4,14.66,15.12,14.01,19.84,18.46,16.59,22.79,15.95,18.73,19.9,19.7,9.72,19.26,9.14,9.89,13.8,10.65,8.22,17.33,14.41,13.01,20.55,14.23,21.4,21.82,19.12,21.09,10.78,11.0,12.86,23.28,20.69,14.69,21.0,33.62,36.76,34.32,29.48,27.15,20.48,28.02,28.6,22.28,35.27,26.28,26.16,33.9,21.89,34.35,19.5,15.77,14.99,27.69,26.94,25.84,24.8,31.52,41.32,39.39,37.57,23.1,37.86,23.64,24.24,25.68,29.9,26.54,26.0,34.06,30.71,27.13,25.65,28.06,32.89,37.84,32.28,31.28,29.17,29.11,45.44,36.45,30.37,33.82,38.88,29.18,40.04,38.78,40.14,40.54,27.38,58.76,46.13,30.44,31.06,33.99,59.78,39.89,41.95,46.97,43.95
26.5,14.27,22.94,37.43,28.48,30.67,18.26,45.59,18.41,2.16,13.99,22.74,31.4,26.45,18.88,15.77,12.86,16.4,32.45,19.59,25.07,28.1,17.6,30.02,21.34,17.65,37.95,24.81,15.61,26.84,15.69,21.13,21.1,19.95,21.89,28.05,32.31,21.71,15.17,9.39,8.28,29.04,2.92,20.52,13.15,15.02,18.18,15.28,0.0,14.34,27.8,18.19,14.3,12.87,20.82,11.85,14.31,19.44,1.96,5.63,18.06,39.13,20.83,13.76,25.56,13.49,14.25,15.33,37.8,27.0,10.79,4.06,25.36,8.68,28.08,9.72,5.32,13.12,21.3,13.79,5.15,9.57,15.06,6.52,14.97,27.05,26.13,12.38,6.4,11.08,12.97,6.26,11.54,10.91,4.63,14.39,10.2,11.93,12.53,8.13,7.51,10.32,9.76,13.64,14.35,10.51,9.71,11.8,7.88,8.54,9.07,12.97,17.11,10.81,17.41,20.06,25.72,18.61,13.12,6.49,12.81,4.12,20.59,13.35,16.49,14.33,18.2,6.59,13.38,23.58,46.5,21.72,15.09,16.18,21.83,19.38,19.17,15.85,17.07,20.26,25.6,18.29,21.34,21.02,20.92,19.7,17.92,28.96,17.25,19.01,19.45,18.4,20.92,16.89,23.76,17.11,19.96,21.17,19.52,20.8,18.32,26.54,21.65,18.3,20.67,25.62,23.9,40.81,34.61,35.48,31.38,30.86,31.64,28.33,47.37,36.52,40.03,38.24,32.37,47.15,49.54,38.63,45.35,32.04,34.56,45.67,32.17,33.69,28.55,14.61,17.88,15.3,17.23,14.02,19.9,23.29,25.03,26.41,32.74,19.07,19.73,33.72,28.63,16.62,30.81,34.91,17.7,29.89,31.81,24.16,27.61,22.28,33.33,28.21,19.98,22.59,28.74,25.64,19.25,17.52,32.97,28.86,28.12,17.7,17.25,17.07,21.73,32.33,30.9,32.81,21.54,20.89,20.75,18.8,20.97,17.68,22.81,18.58,27.52,19.56,24.28,30.47,12.99,26.42,19.17,27.71,15.6,27.26,17.15,23.06,21.8,18.66,15.91,25.33,22.42,21.01,28.55,22.24,29.4,29.83,27.13,29.1,18.78,23.13,20.87,31.29,28.69,22.69,20.27,27.5,30.64,28.2,23.36,21.03,14.36,21.89,22.48,21.55,29.15,20.16,20.03,27.78,15.76,28.22,13.37,2.27,1.3,21.56,20.81,19.72,18.67,33.69,38.02,41.56,39.74,24.7,24.53,25.24,25.84,27.28,25.61,28.14,27.6,20.74,24.12,29.31,27.25,23.68,30.91,24.52,19.45,20.45,24.89,31.29,32.12,37.07,32.54,34.44,25.56,23.25,26.71,40.96,34.97,42.71,28.98,45.43,32.81,17.11,17.73,20.67,46.46,26.57,44.12,49.15,46.13
29.14,10.05,10.23,37.34,29.72,29.16,21.98,57.98,15.27,14.54,26.37,19.6,31.3,29.54,18.79,2.27,25.25,20.12,32.36,16.44,26.31,15.39,21.32,29.92,25.06,17.56,37.85,18.0,28.0,20.02,8.5,17.98,17.96,7.25,9.18,26.54,27.57,34.09,10.95,9.21,7.75,27.53,12.63,14.77,16.87,8.21,21.9,8.47,14.34,0.0,26.49,21.8,15.95,8.95,24.43,13.38,17.92,23.05,13.67,11.96,21.67,36.25,24.44,0.87,24.25,9.73,17.86,8.68,34.92,25.69,11.44,11.16,27.38,12.29,26.77,13.33,9.86,1.54,24.91,9.52,11.59,5.07,18.67,10.13,3.79,28.83,27.93,14.0,10.01,3.86,2.73,10.82,10.35,5.57,12.96,18.0,6.83,15.54,16.14,11.74,11.12,8.77,4.46,15.3,1.58,10.63,8.47,10.25,7.5,6.46,7.03,10.42,11.65,14.42,11.95,14.6,20.26,13.15,7.66,19.03,25.34,16.66,12.14,16.96,11.03,26.86,12.75,19.13,25.91,18.12,34.07,18.75,12.12,13.21,18.86,16.5,16.2,12.56,14.1,17.29,22.63,15.32,18.46,16.85,18.04,16.81,15.04,25.99,14.28,16.04,18.14,15.51,19.61,15.58,20.79,14.23,16.99,16.44,18.21,19.49,15.44,23.56,18.76,15.42,16.49,27.43,25.71,37.93,31.73,32.6,28.5,27.89,24.99,25.45,44.49,33.64,37.15,35.36,29.49,44.26,46.65,35.74,42.46,29.07,31.68,42.79,25.52,30.81,27.24,13.87,21.49,18.91,20.84,2.49,8.4,16.64,18.38,19.76,26.09,7.57,8.22,27.07,21.98,9.97,24.16,28.26,6.19,23.24,25.16,17.51,20.96,15.63,26.68,17.66,8.47,15.94,22.09,18.99,12.6,10.87,26.32,22.21,21.47,21.31,19.06,20.68,23.54,31.02,29.59,31.5,23.35,22.7,22.56,22.41,22.78,21.29,21.5,20.39,26.22,23.16,22.97,29.16,16.6,25.11,22.78,15.27,1.5,14.83,4.05,11.55,9.37,6.22,4.38,12.9,9.98,8.58,16.12,9.8,16.97,17.4,14.69,16.66,2.96,10.69,8.43,18.86,16.26,10.26,23.88,31.11,34.25,31.81,26.97,24.63,17.97,25.5,26.09,25.16,32.76,23.77,23.64,31.39,19.37,31.83,16.98,14.98,14.2,25.17,24.42,23.33,22.28,28.24,38.04,36.1,34.29,19.24,37.07,19.78,20.38,21.82,26.04,22.68,22.14,33.27,26.85,23.85,21.79,24.2,29.03,37.05,28.42,27.42,25.31,25.83,44.65,32.6,27.09,29.96,38.09,25.32,39.25,35.5,36.28,37.25,23.52,57.97,45.34,29.65,30.27,33.2,58.99,39.1,38.66,43.69,40.67
50.15,19.1,29.49,27.48,5.23,8.39,20.52,71.43,16.4,28.0,39.83,17.56,34.52,50.55,22.01,25.16,38.7,14.21,35.58,14.41,2.3,37.49,20.71,33.14,33.91,20.78,41.07,29.64,41.45,31.66,20.52,15.95,15.92,29.35,31.28,5.77,49.19,47.47,19.73,19.27,19.72,2.29,26.08,36.39,17.91,19.85,15.99,20.11,27.8,26.49,0.0,19.6,12.94,17.91,33.05,14.78,12.82,31.67,26.92,20.58,19.58,42.49,33.06,27.35,2.85,18.53,18.76,20.37,41.16,3.75,16.11,24.41,1.17,20.91,1.27,18.88,22.65,26.71,33.53,13.35,22.67,19.61,12.78,20.0,21.3,3.33,2.96,16.06,22.55,19.91,21.7,21.76,19.14,20.41,21.58,12.57,16.88,17.77,17.04,19.29,20.16,14.59,18.48,15.03,25.16,17.37,15.73,17.15,16.76,18.04,18.31,15.6,29.63,23.04,29.93,36.21,41.87,31.14,25.64,32.27,38.59,29.9,34.77,25.58,29.02,40.11,30.73,32.37,39.16,39.74,56.25,16.53,14.99,13.79,16.64,22.74,17.15,15.34,15.05,15.07,20.42,12.4,24.7,11.59,24.28,23.05,21.28,23.78,13.17,13.33,10.02,21.75,7.38,10.91,18.57,20.47,12.66,11.73,10.09,11.36,21.68,21.35,25.0,21.66,11.24,2.87,5.2,44.17,37.97,38.84,34.74,25.68,36.68,31.69,50.73,27.46,43.39,28.41,35.73,50.5,52.89,28.8,48.7,26.85,37.92,49.03,37.21,37.05,6.21,13.6,15.6,10.86,14.95,25.12,24.49,28.33,30.07,31.45,37.78,23.66,24.32,38.76,33.67,21.66,35.85,39.95,22.28,34.93,36.85,29.2,32.65,27.32,38.37,33.25,22.81,27.63,33.78,30.68,24.29,22.56,38.01,33.9,33.16,15.42,9.28,9.66,5.78,9.99,8.55,10.47,8.47,7.83,7.68,16.52,5.94,8.59,6.46,8.94,1.93,6.6,5.13,8.13,16.68,5.55,20.63,37.46,27.48,37.02,26.9,27.65,31.55,28.41,25.98,35.08,32.17,30.76,38.3,31.99,39.15,39.58,36.88,38.85,28.53,28.75,30.62,41.04,38.45,32.44,21.73,39.73,42.87,40.43,35.59,33.26,26.59,23.89,34.71,23.01,41.38,32.39,32.26,40.01,21.87,40.45,25.6,28.22,24.95,33.79,33.04,31.95,30.9,49.28,59.08,57.14,55.32,40.86,50.31,41.4,41.99,43.44,47.65,44.3,43.76,46.52,48.46,44.89,43.41,45.81,50.65,50.3,45.23,46.23,46.93,46.87,57.9,54.21,48.13,51.58,51.34,46.93,52.49,56.54,60.75,58.29,45.13,71.21,58.54,42.89,43.51,46.4,72.24,52.3,59.7,64.73,61.71
42.2,17.85,28.24,39.31,22.02,27.9,1.34,61.83,20.29,18.39,30.22,24.62,33.28,42.6,20.76,23.08,29.1,5.4,34.33,21.46,18.61,35.4,1.25,31.9,12.17,19.53,39.82,28.39,29.62,30.42,19.27,23.01,22.98,27.26,29.2,25.29,40.63,25.73,18.48,14.13,15.59,20.74,16.47,27.83,10.69,18.6,4.61,18.86,18.19,21.8,19.6,0.0,11.67,16.65,11.49,13.52,8.4,10.12,17.27,10.93,1.37,41.22,11.5,21.22,22.93,17.26,11.72,19.1,39.9,24.37,14.84,14.76,19.0,11.55,20.07,12.59,13.0,20.59,11.97,12.56,13.02,17.03,7.21,13.99,22.43,20.69,19.77,13.84,12.9,18.55,20.44,12.11,17.88,18.38,11.93,8.15,15.62,11.84,9.32,13.48,13.07,12.4,17.22,11.02,21.81,16.11,14.49,11.22,15.35,16.0,14.16,11.44,24.57,8.6,24.87,27.52,33.18,26.08,20.58,22.62,28.94,20.25,28.06,8.34,23.95,30.46,25.67,22.72,29.51,31.05,53.97,23.81,17.18,18.28,23.92,21.48,21.27,17.94,19.16,22.35,27.69,19.2,23.43,18.4,23.02,21.79,20.01,31.06,19.35,21.1,16.82,20.49,18.29,14.26,25.85,19.2,19.47,18.54,16.89,18.17,20.41,28.63,23.74,20.4,18.04,19.26,17.54,42.91,36.71,37.57,33.48,32.96,35.42,30.43,49.46,38.61,42.12,40.33,34.46,49.24,51.63,40.72,47.44,34.13,36.65,47.76,35.94,35.79,25.93,11.98,6.0,8.79,6.5,21.48,23.23,27.07,28.8,30.19,36.52,22.4,23.05,37.49,32.4,20.4,34.59,38.69,21.02,33.66,35.59,27.93,31.38,26.06,37.11,31.98,21.55,26.36,32.52,29.42,23.03,21.3,36.74,32.64,31.9,5.85,14.63,10.56,18.13,29.7,28.27,30.19,18.54,17.9,17.75,6.91,17.98,11.16,20.18,15.95,21.27,13.04,21.65,27.85,7.11,23.79,2.43,35.17,23.06,34.73,24.62,26.38,29.27,26.12,23.37,32.8,29.88,28.48,36.02,29.7,36.87,37.3,34.59,36.56,26.25,27.49,28.33,38.76,36.16,30.16,3.53,18.17,21.31,18.87,14.03,16.01,9.34,5.69,13.15,4.81,19.82,13.89,15.02,18.45,2.43,18.9,5.48,18.57,15.31,12.24,11.49,7.97,9.35,41.16,50.97,49.03,47.21,32.17,40.67,32.71,33.3,34.74,38.96,35.61,35.07,36.87,39.77,36.77,34.72,37.12,41.96,40.65,35.58,36.58,38.24,38.76,48.25,45.52,40.01,42.88,41.69,38.24,42.84,48.42,51.1,50.18,36.44,61.56,36.98,26.16,26.78,24.84,62.59,30.74,51.59,56.61,53.6
38.3,8.57,18.96,30.03,15.37,18.62,12.58,57.93,11.0,14.5,26.33,15.33,23.99,38.7,11.48,14.63,25.2,6.27,25.05,12.18,11.95,26.96,12.77,22.61,20.41,10.25,30.54,19.11,27.95,21.13,9.98,13.72,13.7,18.82,20.75,16.0,36.73,33.98,9.19,5.77,6.85,14.08,12.58,23.93,4.41,9.32,8.05,9.58,14.3,15.95,12.94,11.67,0.0,7.35,19.59,4.22,3.94,18.21,13.45,7.12,11.49,31.92,19.6,16.78,13.63,7.96,5.3,9.8,30.6,15.07,5.54,10.94,12.3,7.45,16.16,5.42,9.19,16.15,20.07,2.37,9.21,9.04,4.69,10.18,10.73,13.98,13.06,4.54,9.09,9.35,11.14,8.3,8.58,9.84,8.12,4.02,6.32,4.31,3.58,5.82,6.7,3.61,7.91,0.87,14.6,6.81,4.43,3.69,5.78,7.47,5.38,2.14,20.76,9.57,21.06,23.71,29.37,22.27,16.77,18.81,25.13,16.44,24.25,12.12,20.14,26.65,21.86,18.91,25.7,27.24,45.69,14.51,7.88,8.98,14.62,12.18,11.97,8.64,9.86,13.05,18.39,9.9,14.13,9.1,13.72,12.49,10.72,21.76,10.05,11.8,7.52,11.19,8.99,4.96,16.55,9.9,10.17,9.24,7.59,8.87,11.11,19.33,14.44,11.1,8.74,12.55,10.84,33.61,27.41,28.27,24.18,23.66,26.12,21.13,40.16,29.31,32.82,31.03,25.16,39.94,42.33,31.42,38.14,24.83,27.35,38.46,26.64,26.49,16.63,2.68,7.52,4.93,6.86,14.56,13.93,17.77,19.5,20.89,27.22,13.1,13.75,28.19,23.11,11.1,25.29,29.39,11.72,24.36,26.29,18.64,22.08,16.76,27.81,22.68,12.25,17.06,23.22,20.12,13.73,12.0,27.44,23.34,22.6,7.33,4.19,6.71,8.66,20.4,18.97,20.89,8.47,7.83,7.68,8.43,7.9,7.31,10.88,5.51,15.6,9.97,12.35,18.55,8.59,14.49,12.55,26.89,16.92,26.45,16.34,17.09,20.99,17.84,15.42,24.52,21.61,20.2,27.74,21.43,28.59,29.02,26.32,28.29,17.97,18.19,20.06,30.48,27.88,21.88,13.64,26.27,29.41,26.96,22.13,19.79,13.12,20.66,21.25,14.92,27.92,18.92,18.8,26.55,14.53,26.99,12.14,14.76,11.49,20.33,19.58,18.49,17.44,37.35,47.15,45.21,43.4,28.35,36.85,28.89,29.49,30.93,35.15,31.8,31.25,33.06,35.96,32.96,30.91,33.31,38.14,36.83,31.77,32.77,34.42,34.94,44.43,41.71,36.2,39.07,37.87,34.43,39.03,44.61,47.29,46.37,32.63,57.75,45.07,29.43,30.05,32.94,58.77,38.83,47.78,52.8,49.78
32.61,1.56,11.95,25.82,21.41,20.84,17.55,56.5,6.78,13.07,24.9,11.11,19.79,33.01,7.27,7.62,23.78,11.24,20.84,7.96,17.99,19.95,17.75,18.41,25.39,6.04,26.33,12.1,26.53,14.12,2.98,9.5,9.47,11.81,13.74,18.23,31.65,32.62,2.46,7.64,6.28,19.21,11.15,18.85,9.39,2.31,13.02,2.57,12.87,8.95,17.91,16.65,7.35,0.0,24.37,4.43,8.73,23.0,11.89,11.9,16.27,30.37,24.38,13.73,15.3,4.92,10.09,6.76,29.04,16.74,2.49,9.38,18.43,12.24,17.83,10.2,8.08,13.1,24.85,7.64,9.81,5.99,9.48,6.38,7.68,19.88,18.99,5.06,8.23,6.3,8.09,9.04,5.53,6.79,12.9,8.81,3.27,9.09,8.37,7.86,9.34,5.67,4.87,6.35,11.55,3.76,6.14,8.47,5.73,4.42,4.69,6.92,16.02,14.36,16.32,22.6,28.26,17.53,12.03,17.25,23.56,14.88,21.16,16.91,15.4,25.08,17.12,17.35,24.13,26.13,42.64,12.95,6.33,7.42,13.06,10.62,10.41,7.08,8.3,11.49,16.84,9.53,12.58,10.77,12.16,10.93,9.16,20.2,8.49,10.24,9.19,9.63,10.66,6.63,14.99,8.35,11.2,10.64,9.26,10.54,9.56,17.77,12.88,9.54,10.41,18.48,16.76,32.05,25.85,26.72,22.62,22.1,23.07,19.57,38.61,27.75,31.27,29.47,23.6,38.38,40.77,29.86,36.58,23.28,25.79,36.91,23.6,24.93,18.3,4.92,12.3,9.72,11.65,11.51,10.88,14.72,16.45,17.84,24.17,10.05,10.7,25.14,20.06,8.05,22.24,26.34,8.67,21.31,23.24,15.59,19.03,13.71,24.76,19.63,9.2,14.01,20.17,17.07,10.68,8.95,24.4,20.29,19.55,12.12,10.11,11.49,14.59,22.07,20.64,22.56,14.4,13.75,13.61,13.22,13.83,12.09,12.55,11.44,17.27,15.89,14.02,20.22,13.38,16.16,17.33,23.85,13.87,23.4,13.29,14.04,17.94,14.79,12.37,21.47,18.56,17.15,24.69,18.38,25.54,25.97,23.27,25.24,14.92,15.14,17.01,27.43,24.83,18.83,18.43,31.05,34.19,31.75,26.91,24.58,17.91,25.44,26.03,19.71,32.7,23.71,23.59,31.33,19.32,31.78,16.92,13.2,12.42,25.11,24.37,23.27,22.23,35.66,45.47,43.53,41.71,27.24,35.29,27.78,28.38,29.82,34.04,30.69,30.14,31.49,34.85,31.27,29.8,32.2,37.03,35.27,30.21,31.2,33.32,33.26,42.87,40.6,34.51,37.96,36.31,33.32,37.47,42.92,45.73,44.68,31.52,56.19,43.56,27.87,28.49,31.42,57.21,37.32,46.09,51.12,48.1
44.82,25.93,32.88,47.39,33.8,35.98,11.66,43.4,28.37,21.02,32.85,32.7,41.36,45.23,28.84,25.7,31.73,16.74,42.41,29.55,30.38,38.03,11.01,39.98,3.33,27.61,47.91,36.47,19.26,38.5,27.35,31.09,31.06,29.89,31.82,33.37,43.26,15.38,26.56,16.76,18.21,34.35,19.1,30.45,18.46,26.68,15.95,26.94,20.82,24.43,33.05,11.49,19.59,24.37,0.0,21.44,19.6,2.59,19.7,13.36,11.21,49.14,2.48,23.65,30.85,25.18,19.55,27.02,47.81,32.29,22.76,17.18,30.65,13.98,33.38,15.01,15.43,23.02,2.48,19.08,15.45,19.46,18.41,16.42,24.86,32.34,31.42,21.76,15.33,20.98,22.86,14.54,21.44,20.8,14.36,19.68,20.09,17.22,17.83,15.91,15.49,18.92,19.65,18.94,24.24,20.41,16.92,17.09,17.77,18.43,18.96,18.26,27.0,11.02,27.3,29.95,35.61,28.51,23.01,25.05,31.37,22.68,30.49,10.77,26.38,32.89,28.1,25.15,31.94,33.48,56.39,31.73,25.1,26.2,31.84,29.39,29.18,25.86,27.08,30.27,35.61,27.12,31.35,26.32,30.94,29.71,27.93,38.98,27.27,29.02,24.74,28.41,26.21,22.18,33.77,27.12,27.39,26.46,24.81,26.09,28.33,36.55,31.66,28.32,25.96,30.91,29.2,50.83,44.63,45.49,41.39,40.88,43.34,38.34,57.38,46.53,50.04,48.25,42.38,57.16,59.55,48.64,55.36,42.05,44.57,55.68,43.86,43.71,33.85,19.9,17.19,20.59,17.69,23.91,29.8,34.99,36.72,38.11,44.44,28.97,29.62,45.41,40.32,28.32,42.51,46.6,27.59,41.58,43.51,35.85,39.3,33.98,45.03,39.9,29.47,34.28,40.44,37.34,30.94,29.22,44.66,40.55,39.82,17.04,22.55,22.37,27.02,37.62,36.19,38.1,26.83,26.18,26.04,18.11,26.26,22.97,28.1,23.87,32.82,24.85,29.57,35.77,13.2,31.71,10.26,37.6,25.49,37.16,27.04,32.95,31.7,28.55,25.8,35.23,32.31,30.91,38.45,32.13,39.3,39.72,37.02,38.99,28.68,33.02,30.76,41.18,38.59,32.59,11.36,9.74,12.88,10.43,4.96,5.55,8.53,6.07,4.09,12.64,11.39,3.38,4.56,10.02,8.92,8.39,7.9,21.0,17.73,3.53,3.05,3.9,2.86,43.59,53.4,51.46,49.64,34.59,43.09,35.13,35.73,37.17,41.39,38.04,37.49,39.3,42.2,39.2,37.15,39.55,44.38,43.07,38.01,39.01,40.67,41.18,50.68,47.95,42.44,45.31,44.12,40.67,45.27,50.85,53.53,52.61,38.87,44.52,26.48,15.7,16.32,14.34,44.93,20.24,54.02,59.04,56.02
32.7,5.99,16.38,27.45,18.28,17.71,14.42,55.48,8.43,12.05,23.88,12.76,21.42,33.1,8.9,12.06,22.75,8.11,22.47,9.61,14.86,24.38,14.62,20.04,22.26,7.67,27.96,16.53,25.5,18.56,7.41,11.15,11.12,16.24,18.18,15.1,31.13,35.82,6.62,7.62,5.26,16.08,10.13,18.33,6.26,6.74,9.89,7.0,11.85,13.38,14.78,13.52,4.22,4.43,21.44,0.0,5.85,20.12,10.91,9.02,13.39,29.33,21.5,7.74,12.42,5.37,7.21,7.21,28.0,13.86,2.08,8.4,15.56,9.36,14.95,7.32,7.1,7.21,21.97,4.76,11.11,5.01,6.6,5.4,6.7,17.0,16.11,1.68,7.25,5.31,7.1,10.2,3.9,5.81,10.02,5.93,1.83,6.21,5.49,7.73,8.61,4.13,3.88,3.47,12.01,3.04,4.6,5.59,4.14,3.44,3.16,4.04,15.04,11.48,15.34,17.99,23.65,16.55,11.05,16.26,22.58,13.89,21.62,14.03,14.42,24.1,16.14,16.37,23.15,21.52,43.1,11.92,5.29,6.39,12.03,9.58,9.37,6.05,7.27,10.46,15.8,8.49,11.54,7.89,11.12,9.9,8.12,19.17,7.46,9.21,6.31,8.6,7.78,3.75,13.96,7.31,8.96,8.03,6.38,7.66,8.52,16.74,11.85,8.5,7.53,15.6,13.88,31.02,24.82,25.68,21.58,21.06,23.53,18.53,37.57,26.72,30.23,28.44,22.57,37.35,39.74,28.83,35.55,22.24,24.76,35.87,24.05,23.9,15.42,2.04,9.42,6.84,8.77,11.97,11.34,15.18,16.91,18.3,24.63,10.5,11.16,25.6,20.51,8.51,22.7,26.79,9.13,21.77,23.7,16.04,19.49,14.17,25.22,20.09,9.66,14.47,20.63,17.53,11.13,9.4,24.85,20.74,20.01,9.24,7.23,8.61,11.71,19.19,17.76,19.68,11.52,10.87,10.73,10.34,10.95,9.21,9.67,8.56,14.39,13.01,11.14,17.34,10.5,13.28,14.45,24.3,14.32,23.86,13.74,14.49,18.4,15.25,12.82,21.93,19.01,17.61,25.15,18.83,26.0,26.42,23.72,25.69,15.38,15.6,17.46,27.88,25.29,19.29,15.55,28.17,31.31,28.87,24.03,21.7,15.03,22.57,23.15,16.83,29.82,20.83,20.71,28.45,16.44,28.9,14.04,12.21,13.4,22.23,21.49,20.39,19.35,31.63,41.43,39.5,37.68,22.63,34.31,23.17,23.77,25.21,29.43,26.08,25.53,30.51,30.24,27.24,25.19,27.59,32.42,34.29,29.22,30.22,28.71,29.22,41.89,35.99,30.48,33.35,35.33,28.71,36.48,38.89,44.75,40.65,26.91,55.21,42.58,26.89,27.5,30.44,56.23,36.34,42.06,47.08,44.06
38.31,10.29,20.67,31.74,15.24,20.34,9.31,57.94,12.72,14.51,26.34,17.05,25.71,38.72,13.19,16.35,25.22,3.0,26.76,13.9,11.83,28.68,9.5,24.33,20.42,11.96,32.26,20.82,27.97,22.85,11.7,15.44,15.41,20.53,22.47,17.72,36.75,33.99,10.91,5.79,8.13,13.96,12.59,23.94,3.12,11.03,4.78,11.3,14.31,17.92,12.82,8.4,3.94,8.73,19.6,5.85,0.0,18.21,13.45,7.12,8.42,33.69,19.6,17.41,15.4,9.73,4.19,11.57,32.36,16.84,7.31,10.94,12.08,7.45,13.14,5.41,9.19,16.77,20.06,5.03,9.2,8.5,1.62,10.17,11.4,13.76,12.84,6.31,9.08,10.02,10.59,8.29,10.34,9.84,8.12,0.95,8.08,4.3,1.78,5.82,6.7,4.86,9.68,3.48,16.37,8.58,5.61,3.68,7.03,7.37,6.63,3.9,20.76,9.57,21.06,23.71,29.37,22.26,16.77,18.81,25.12,16.44,24.24,12.12,20.14,26.64,21.86,18.91,25.69,27.23,47.45,16.28,9.65,10.74,16.39,13.94,13.73,10.41,11.63,14.82,20.16,11.67,15.9,10.86,15.48,14.26,12.48,23.52,11.81,13.57,9.29,12.96,10.76,6.73,18.32,11.67,11.94,11.01,9.36,10.64,12.88,21.1,16.21,12.86,10.51,12.33,10.62,35.37,29.17,30.04,25.94,25.42,27.89,22.89,41.93,31.08,34.59,32.8,26.93,41.71,44.1,33.19,39.91,26.6,29.12,40.23,28.41,28.25,18.4,4.45,4.44,1.86,3.79,16.33,15.7,19.54,21.27,22.66,28.99,14.86,15.52,29.96,24.87,12.87,27.06,31.15,13.49,26.13,28.05,20.4,23.85,18.53,29.58,24.45,14.02,18.83,24.99,21.88,15.49,13.76,29.21,25.1,24.37,4.26,7.09,3.63,11.2,22.17,20.74,22.65,11.62,10.97,10.83,5.36,11.05,4.24,12.65,8.42,14.35,6.12,14.12,20.31,5.52,16.26,9.47,28.66,19.25,28.22,18.1,18.85,22.76,19.61,17.18,26.29,23.37,21.97,29.51,23.19,30.36,30.78,28.08,30.05,19.74,19.96,21.82,32.24,29.65,23.65,10.57,26.27,29.4,26.96,22.12,19.79,13.12,12.73,21.25,11.85,27.92,18.92,18.8,26.54,10.71,26.99,12.14,14.76,11.49,20.33,19.58,15.01,17.44,37.35,47.15,45.21,43.39,28.35,36.85,28.89,29.49,30.93,35.15,31.79,31.25,33.05,35.96,32.96,30.9,33.31,38.14,36.83,31.77,32.77,34.42,34.94,44.43,41.7,36.2,39.07,37.87,34.43,39.03,44.61,47.29,46.36,32.63,57.75,45.07,29.43,30.05,32.93,58.77,38.83,47.77,52.8,49.78
43.45,24.56,31.5,46.02,32.42,34.61,10.28,45.48,26.99,19.64,31.47,31.32,39.98,43.85,27.46,24.33,30.35,15.37,41.04,28.17,29.0,36.66,9.63,38.6,2.69,26.24,46.53,35.1,21.33,37.12,25.97,29.71,29.68,28.51,30.45,31.99,41.88,17.45,25.18,15.39,16.84,32.98,17.73,29.08,17.08,25.3,14.57,25.57,19.44,23.05,31.67,10.12,18.21,23.0,2.59,20.12,18.21,0.0,18.32,11.98,9.83,47.76,1.79,22.27,29.47,23.81,18.17,25.65,46.44,30.91,21.38,15.81,29.28,12.6,32.0,13.64,14.06,21.64,1.79,17.7,14.07,18.08,17.03,15.04,23.48,30.96,30.04,20.39,13.95,19.6,21.49,13.16,20.06,19.43,12.98,18.31,18.72,15.84,16.45,14.53,14.12,17.54,18.27,17.56,22.87,19.03,15.54,15.71,16.4,17.06,17.58,16.88,25.62,9.65,25.92,28.57,34.24,27.13,21.63,23.67,29.99,21.3,29.11,9.39,25.01,31.51,26.72,23.78,30.56,32.1,55.02,30.35,23.72,24.82,30.46,28.02,27.81,24.48,25.7,28.89,34.24,25.75,29.98,24.94,29.56,28.33,26.56,37.6,25.89,27.64,23.36,27.03,24.84,20.8,32.39,25.74,26.01,25.08,23.43,24.71,26.96,35.17,30.28,26.94,24.58,29.54,27.82,49.45,43.25,44.12,40.02,39.5,41.96,36.97,56.01,45.15,48.66,46.87,41.0,55.78,58.17,47.26,53.98,40.68,43.19,54.31,42.49,42.33,32.47,18.52,15.81,19.22,16.31,22.53,28.42,33.61,35.35,36.73,43.06,27.59,28.24,44.03,38.95,26.94,41.13,45.23,26.21,40.2,42.13,34.48,37.93,32.6,43.65,38.53,28.09,32.91,39.06,35.96,29.57,27.84,43.29,39.18,38.44,15.67,21.17,20.99,25.64,36.24,34.81,36.73,25.46,24.81,24.67,16.73,24.89,21.59,26.72,22.5,31.44,23.47,28.19,34.39,11.83,30.33,8.88,36.22,24.12,35.78,25.67,31.58,30.32,27.17,24.43,33.85,30.94,29.53,37.07,30.76,37.92,38.35,35.65,37.62,27.3,31.64,29.38,39.81,37.21,31.21,9.98,9.05,12.18,9.74,4.27,7.62,10.39,4.7,3.39,11.26,10.7,5.46,6.63,9.32,7.54,10.47,6.53,19.62,16.36,2.84,2.36,2.53,1.48,42.21,52.02,50.08,48.26,33.22,41.72,33.76,34.35,35.8,40.01,36.66,36.12,37.92,40.82,37.82,35.77,38.17,43.01,41.7,36.63,37.63,39.29,39.81,49.3,46.57,41.06,43.94,42.74,39.29,43.89,49.47,52.16,51.23,37.49,46.6,28.55,17.77,18.39,16.41,47.01,22.31,52.64,57.67,54.65
25.36,13.45,22.12,36.61,27.66,29.85,17.44,44.45,17.59,1.02,12.85,21.92,30.58,25.31,18.06,14.95,11.72,15.58,31.63,18.77,24.25,27.27,16.78,29.2,20.52,16.83,37.12,23.99,14.48,26.01,14.87,20.31,20.28,19.13,21.07,27.23,31.17,20.57,14.35,8.57,7.46,28.22,2.1,19.7,12.33,14.2,17.36,14.46,1.96,13.67,26.92,17.27,13.45,11.89,19.7,10.91,13.45,18.32,0.0,6.61,17.24,38.31,20.01,12.94,24.74,12.67,13.43,14.51,36.98,26.18,9.97,3.23,24.54,7.86,27.26,8.9,4.5,12.3,20.48,12.97,4.33,8.75,14.24,5.7,14.15,26.23,25.31,11.56,5.58,10.26,12.15,5.44,10.72,10.09,4.43,13.57,9.38,11.11,11.71,7.31,6.69,9.5,8.94,12.82,13.53,9.69,8.89,10.98,7.06,7.72,8.25,12.15,16.29,9.99,16.59,19.24,24.9,17.79,12.3,5.35,11.67,2.99,19.77,12.53,15.67,13.19,17.38,5.46,12.24,22.76,45.68,20.9,14.27,15.36,21.01,18.56,18.35,15.02,16.25,19.44,24.78,17.47,20.52,20.2,20.1,18.88,17.1,28.14,16.43,18.19,18.63,17.58,20.1,16.07,22.94,16.29,19.14,20.35,18.7,19.98,17.5,25.72,20.83,17.48,19.85,24.8,23.08,39.99,33.79,34.66,30.56,30.04,30.82,27.51,46.55,35.7,39.21,37.42,31.55,46.33,48.72,37.8,44.53,31.22,33.74,44.85,31.35,32.87,27.73,13.79,17.06,14.48,16.41,13.2,19.08,22.47,24.21,25.59,31.92,18.25,18.91,32.9,27.81,15.8,29.99,34.09,16.87,29.07,30.99,23.34,26.79,21.46,32.51,27.39,19.16,21.77,27.92,24.82,18.43,16.7,32.15,28.04,27.3,16.88,16.43,16.25,20.91,31.51,30.08,31.99,20.72,20.07,19.93,17.98,20.15,16.86,21.99,17.76,26.7,18.74,23.46,29.65,12.17,25.6,18.35,26.89,14.78,26.44,16.33,22.24,20.98,17.84,15.09,24.51,21.6,20.19,27.73,21.42,28.58,29.01,26.31,28.28,17.96,22.31,20.05,30.47,27.87,21.87,19.45,26.68,29.82,27.38,22.54,20.21,13.54,21.07,21.66,20.73,28.33,19.34,19.21,26.96,14.94,27.4,12.55,1.3,1.91,20.74,19.99,18.9,17.85,32.87,36.88,40.74,38.92,23.88,23.4,24.42,25.02,26.46,24.48,27.32,26.78,19.6,22.98,28.49,26.43,22.54,29.77,23.38,18.32,19.31,23.75,30.47,30.98,35.94,31.72,33.3,24.42,22.11,25.57,40.14,33.84,41.89,28.16,44.3,31.67,15.98,16.59,19.53,45.32,25.43,43.3,48.33,45.31
32.36,13.47,20.41,34.92,21.33,23.51,11.1,51.07,15.9,7.63,19.46,20.23,28.89,32.76,16.37,13.24,18.34,9.25,29.94,17.08,17.91,25.56,10.45,27.51,14.18,15.14,35.44,24.0,21.09,26.03,14.88,18.62,18.59,17.42,19.35,20.9,30.79,27.75,14.09,4.29,5.75,21.88,5.71,17.99,5.99,14.21,11.02,14.48,5.63,11.96,20.58,10.93,7.12,11.9,13.36,9.02,7.12,11.98,6.61,0.0,10.92,36.71,13.69,11.22,18.42,12.75,7.12,14.59,35.39,19.86,10.33,3.26,18.23,1.55,20.95,2.58,2.27,10.59,14.16,6.65,2.09,7.03,7.93,3.99,12.43,19.91,18.99,9.33,2.9,8.55,10.44,1.18,9.01,8.37,1.0,7.26,7.66,4.79,5.4,3.48,3.06,6.49,7.22,6.51,11.81,7.98,4.49,4.66,5.34,6.0,6.53,5.83,14.57,3.67,14.87,17.52,23.18,16.08,10.58,12.62,18.94,10.25,18.06,6.22,13.95,20.46,15.67,12.72,19.51,21.05,43.97,19.3,12.67,13.77,19.41,16.96,16.76,13.43,14.65,17.84,23.18,14.69,18.92,13.89,18.51,17.28,15.5,26.55,14.84,16.59,12.31,15.98,13.78,9.75,21.34,14.69,14.96,14.03,12.38,13.66,15.9,24.12,19.23,15.89,13.53,18.48,16.77,38.4,32.2,33.06,28.96,28.45,30.91,25.92,44.95,34.1,37.61,35.82,29.95,44.73,47.12,36.21,42.93,29.62,32.14,43.25,31.43,31.28,21.42,7.47,10.75,8.16,10.1,11.48,17.37,22.56,24.29,25.68,32.01,16.54,17.19,32.98,27.89,15.89,30.08,34.18,15.16,29.15,31.08,23.42,26.87,21.55,32.6,27.47,17.04,21.85,28.01,24.91,18.51,16.79,32.23,28.13,27.39,10.57,10.12,9.94,14.59,25.19,23.76,25.68,14.4,13.75,13.61,11.66,13.83,10.54,15.67,11.44,20.39,12.42,17.14,23.34,5.85,19.28,12.03,25.17,13.06,24.73,14.61,20.52,19.27,16.12,13.37,22.8,19.88,18.48,26.02,19.7,26.87,27.29,24.59,26.56,16.25,20.59,18.33,28.75,26.16,20.16,13.13,20.36,23.5,21.06,16.22,13.89,7.22,14.76,15.34,14.41,22.01,13.02,12.9,20.64,8.63,21.09,6.23,6.27,4.37,14.43,13.68,12.58,11.54,31.16,40.97,39.03,37.21,22.17,30.66,22.7,23.3,24.74,28.96,25.61,25.07,26.87,29.77,26.77,24.72,27.12,31.95,30.65,25.58,26.58,28.24,28.76,38.25,35.52,30.01,32.88,31.69,28.24,32.84,38.42,41.1,40.18,26.44,51.56,39.17,23.24,23.86,27.03,52.59,32.93,41.59,46.61,43.59
42.06,17.84,30.11,39.29,22.0,27.89,1.77,61.69,20.27,18.26,30.09,24.6,33.26,42.46,20.74,22.94,28.96,5.39,34.31,21.45,18.59,35.27,1.12,31.88,12.03,19.51,39.81,28.37,29.48,30.4,19.25,22.99,22.96,27.12,29.06,25.27,40.49,25.6,18.46,14.0,15.45,20.72,16.34,27.69,10.67,18.58,4.59,18.85,18.06,21.67,19.58,1.37,11.49,16.27,11.21,13.39,8.42,9.83,17.24,10.92,0.0,41.2,11.37,21.09,22.91,17.25,11.71,19.09,39.88,24.36,14.82,14.62,18.98,11.41,20.05,12.45,12.87,20.45,11.83,12.54,12.88,16.9,7.2,13.85,22.3,20.67,19.75,13.83,12.76,18.41,20.3,11.97,17.86,18.24,11.8,8.14,15.6,11.82,9.3,13.34,12.93,12.38,17.09,11.0,21.68,16.09,14.35,11.2,15.21,15.87,14.14,11.42,24.44,8.46,24.74,27.39,33.05,25.94,20.45,22.48,28.8,20.12,27.92,8.2,23.82,30.32,25.53,22.59,29.37,30.91,53.83,23.79,17.17,18.26,23.9,21.46,21.25,17.92,19.14,22.33,27.68,19.19,23.42,18.38,23.0,21.77,20.0,31.04,19.33,21.08,16.8,20.47,18.28,14.24,25.83,19.19,19.45,18.52,16.87,18.15,20.4,28.61,23.72,20.38,18.02,19.24,17.53,42.89,36.69,37.56,33.46,32.94,35.4,30.41,49.45,38.59,42.1,40.31,34.44,49.22,51.61,40.7,47.42,34.12,36.63,47.75,35.93,35.77,25.91,11.96,5.98,8.77,6.48,21.35,23.21,27.05,28.79,30.17,36.5,22.38,23.03,37.47,32.39,20.38,34.57,38.67,21.0,33.64,35.57,27.92,31.37,26.04,37.09,31.97,21.53,26.35,32.5,29.4,23.01,21.28,36.73,32.62,31.88,5.83,14.61,10.54,18.11,29.68,28.25,30.17,18.53,17.88,17.74,6.9,17.96,11.14,20.16,15.94,21.25,13.02,21.63,27.83,7.09,23.77,1.12,35.04,22.93,34.59,24.48,26.37,29.13,25.99,23.24,32.66,29.75,28.34,35.88,29.57,36.73,37.16,34.46,36.43,26.11,27.47,28.2,38.62,36.02,30.02,2.21,18.04,21.18,18.73,13.89,15.87,9.2,4.37,13.02,3.49,19.69,13.75,14.88,18.31,2.29,18.76,5.34,18.44,15.17,12.1,11.35,6.66,7.46,41.02,50.83,48.89,47.07,32.03,40.53,32.57,33.17,34.61,38.83,35.47,34.93,36.73,39.64,36.64,34.58,36.99,41.82,40.51,35.45,36.44,38.1,38.62,48.11,45.38,39.87,42.75,41.55,38.11,42.7,48.29,50.97,50.04,36.31,61.43,36.84,26.02,26.64,24.71,62.45,30.6,51.45,56.48,53.46
59.91,26.84,39.25,15.84,45.98,45.42,42.13,82.76,26.29,39.33,51.16,24.79,9.81,60.31,21.77,34.92,50.03,35.82,10.86,27.46,42.57,31.01,42.32,12.55,49.96,22.98,2.98,20.61,52.78,21.35,30.28,29.0,28.98,39.11,41.04,42.8,58.95,58.88,25.76,35.32,32.54,43.79,37.41,46.15,33.96,29.61,37.6,28.6,39.13,36.25,42.49,41.22,31.92,30.37,49.14,29.33,33.69,47.76,38.31,36.71,41.2,0.0,49.22,40.27,40.14,31.46,34.93,28.72,2.58,41.58,29.03,35.92,43.27,37.08,42.67,35.04,34.62,39.64,49.69,32.48,36.35,32.53,34.32,32.92,34.22,44.72,43.83,30.55,34.77,32.84,34.63,37.92,32.07,33.33,37.74,33.65,29.81,33.93,33.21,35.45,36.33,33.24,31.41,31.19,38.09,30.3,32.68,33.31,32.27,30.97,31.24,31.76,42.56,39.2,42.86,49.14,54.8,44.07,38.57,43.79,50.1,41.42,47.7,41.75,41.94,51.62,43.66,43.89,50.67,52.67,53.82,25.9,24.32,24.04,29.68,21.86,27.03,24.46,24.92,28.11,21.7,26.15,19.42,27.68,18.99,20.65,22.1,19.49,25.11,26.86,34.03,22.59,35.5,31.47,24.14,23.67,27.82,27.26,34.1,35.38,22.35,22.17,19.72,24.87,27.32,43.32,41.6,4.26,6.49,7.69,10.6,17.75,13.44,12.75,13.99,15.04,3.47,16.76,10.21,13.77,10.3,17.15,8.79,18.93,13.08,9.11,14.5,12.22,43.14,29.76,37.14,34.56,36.49,38.05,37.42,23.81,24.1,25.49,20.69,36.59,37.24,21.66,23.21,30.69,20.29,22.85,35.21,23.42,19.75,23.23,22.19,23.47,21.28,24.63,31.84,22.5,22.36,20.22,26.22,31.59,22.15,24.07,17.85,36.96,34.95,36.33,39.43,46.91,45.48,47.39,39.24,38.59,38.45,38.06,38.67,36.93,37.39,36.28,42.11,40.73,38.86,45.06,38.22,41.0,42.17,50.39,40.41,49.94,39.83,40.58,44.48,41.34,38.91,37.54,45.1,43.69,51.23,44.92,31.89,52.51,49.81,51.78,41.46,41.68,43.55,32.31,31.21,35.91,43.27,55.89,59.03,56.59,51.75,49.42,42.75,50.28,50.87,44.55,57.54,48.55,48.42,56.17,44.15,56.62,41.76,39.74,38.96,49.95,49.21,48.11,47.07,62.2,72.01,70.07,68.25,53.79,61.83,54.32,54.92,56.36,60.58,57.23,56.69,58.03,61.39,57.82,56.34,58.74,63.57,61.81,56.75,57.75,59.86,59.8,69.41,67.14,61.05,64.5,62.85,59.86,64.01,69.47,72.27,71.22,58.06,82.73,70.1,54.41,55.03,57.96,83.75,63.86,72.63,77.66,74.64
44.83,25.94,32.89,47.4,33.81,35.99,11.67,45.6,28.38,21.03,32.86,32.71,41.37,45.24,28.85,25.71,31.74,16.75,42.42,29.56,30.39,38.04,11.02,39.99,1.73,27.62,47.92,36.48,21.46,38.51,27.36,31.1,31.07,29.9,31.83,33.38,43.27,17.57,26.57,16.77,18.22,34.36,19.11,30.47,18.47,26.69,15.96,26.96,20.83,24.44,33.06,11.5,19.6,24.38,2.48,21.5,19.6,1.79,20.01,13.69,11.37,49.22,0.0,23.95,31.15,25.48,19.85,27.32,48.12,32.59,23.06,17.49,30.96,14.28,33.68,15.31,15.73,23.32,1.1,19.38,15.75,19.76,18.71,16.72,25.16,32.64,31.72,22.06,15.63,21.28,23.17,14.84,21.74,21.1,14.66,19.99,20.39,17.52,18.13,16.21,15.79,19.22,19.95,19.24,24.54,20.71,17.22,17.39,18.07,18.73,19.26,18.56,27.3,11.32,27.6,30.25,35.91,28.81,23.31,25.35,31.67,22.98,30.79,11.07,26.68,33.19,28.4,25.45,32.24,33.78,56.7,32.03,25.4,26.5,32.14,29.7,29.49,26.16,27.38,30.57,35.91,27.42,31.65,26.62,31.24,30.01,28.23,39.28,27.57,29.32,25.04,28.71,26.51,22.48,34.07,27.42,27.69,26.76,25.11,26.39,28.63,36.85,31.96,28.62,26.26,31.21,29.5,51.13,44.93,45.79,41.7,41.18,43.64,38.65,57.68,46.83,50.34,48.55,42.68,57.46,59.85,48.94,55.66,42.35,44.87,55.98,44.16,44.01,34.15,20.2,17.49,20.89,17.99,24.21,30.1,35.29,37.02,38.41,44.74,29.27,29.92,45.71,40.62,28.62,42.81,46.91,27.89,41.88,43.81,36.15,39.6,34.28,45.33,40.2,29.77,34.58,40.74,37.64,31.24,29.52,44.96,40.86,40.12,17.34,22.85,22.67,27.32,37.92,36.49,38.41,27.13,26.48,26.34,18.41,26.56,23.27,28.4,24.17,33.12,25.15,29.87,36.07,13.5,32.01,10.93,37.9,25.79,37.46,27.34,33.26,32.0,28.85,26.1,35.53,32.61,31.21,38.75,32.43,39.6,40.02,37.32,39.29,28.98,33.32,31.06,41.48,38.89,32.89,12.03,7.77,10.91,8.47,3.48,7.75,12.07,6.75,2.6,13.31,9.42,5.58,6.75,8.05,9.22,10.59,8.21,21.3,18.03,1.35,1.09,4.57,3.53,43.89,53.7,51.76,49.94,34.9,43.39,35.43,36.03,37.47,41.69,38.34,37.8,39.6,42.5,39.5,37.45,39.85,44.68,43.38,38.31,39.31,40.97,41.49,50.98,48.25,42.74,45.61,44.42,40.97,45.57,51.15,53.83,52.91,39.17,46.72,28.67,17.9,18.52,16.54,47.13,22.43,54.32,59.34,56.32
28.55,11.17,12.15,38.45,24.83,30.28,21.39,57.39,16.38,13.95,25.79,20.71,32.42,28.95,19.9,2.98,24.66,19.54,33.47,17.56,21.41,17.31,20.74,31.04,24.47,18.67,38.97,19.12,27.41,21.14,9.62,19.1,19.08,9.17,11.1,27.66,26.98,33.51,12.06,8.62,7.16,28.65,12.04,14.18,16.28,9.33,21.31,9.59,13.76,0.87,27.35,21.22,16.78,13.73,23.65,7.74,17.41,22.27,12.94,11.22,21.09,40.27,23.95,0.0,25.28,10.76,17.27,9.71,35.95,26.72,6.83,10.57,21.62,11.7,27.8,12.74,9.27,1.19,24.32,8.93,11.0,4.48,18.08,9.54,3.2,23.31,22.39,8.43,9.42,3.27,2.14,10.23,11.38,4.98,12.37,17.41,6.24,14.95,15.55,11.15,10.53,8.18,3.87,16.33,1.76,6.56,7.88,9.66,6.91,5.87,6.44,9.83,11.06,13.83,11.36,14.01,19.67,12.57,7.07,18.44,24.75,16.07,12.32,16.37,10.44,26.28,12.16,18.54,25.32,17.54,36.02,19.78,13.15,14.24,19.89,17.53,17.23,13.59,15.13,18.31,23.66,16.35,19.49,17.88,19.07,17.84,16.07,27.02,15.31,17.07,19.17,16.54,20.64,16.61,21.82,15.26,18.02,17.47,19.24,20.52,16.47,24.59,19.79,16.45,17.52,21.88,20.17,38.96,32.76,33.63,29.53,28.92,26.02,26.48,45.52,34.67,38.18,36.39,30.52,45.29,47.68,36.77,43.49,30.1,32.71,43.82,26.55,31.84,28.27,14.9,20.9,18.32,20.25,2.67,9.43,17.67,19.41,20.79,27.12,8.6,9.25,28.1,23.01,11.0,25.19,29.29,7.22,24.27,26.19,18.54,21.99,16.66,27.71,19.62,9.5,16.97,23.12,20.02,13.63,11.9,27.35,23.24,22.5,20.72,13.51,20.09,17.99,32.05,30.62,32.53,17.8,17.15,17.01,21.82,17.23,20.7,22.53,14.84,27.24,22.58,24.0,30.19,16.01,26.14,22.19,17.23,2.37,16.79,6.67,12.58,11.33,8.18,4.56,14.86,11.94,10.53,18.08,11.76,18.93,19.35,16.65,18.62,3.83,12.65,10.39,20.81,18.22,12.22,23.29,30.52,33.66,31.22,26.38,24.05,17.38,24.91,25.5,24.57,32.17,23.18,23.05,30.8,18.78,31.24,16.39,14.39,13.61,24.58,23.83,22.74,21.69,27.65,37.45,35.51,33.7,18.65,36.48,19.19,19.79,21.23,25.45,22.1,21.55,32.69,26.26,23.26,21.21,23.61,28.44,36.46,27.83,26.83,24.72,25.24,44.06,32.01,26.5,29.37,37.5,24.73,38.66,34.91,35.7,36.67,22.93,57.38,44.75,29.06,29.68,32.62,58.4,38.51,38.08,43.1,40.08
47.91,16.86,27.25,25.24,6.99,5.61,23.83,69.19,14.16,25.75,37.59,15.32,32.28,48.31,19.77,22.92,36.46,17.53,33.34,12.17,4.88,35.25,24.03,30.9,31.67,18.54,38.83,27.4,39.21,29.42,18.28,13.71,13.68,27.11,29.04,2.99,46.95,45.23,17.49,17.03,17.48,4.15,23.84,34.15,15.67,17.61,19.3,17.87,25.56,24.25,2.85,22.93,13.63,15.3,30.85,12.42,15.4,29.47,24.74,18.42,22.91,40.14,31.15,25.28,0.0,16.29,16.52,18.13,38.92,1.33,13.87,22.16,3.75,18.67,3.14,16.64,20.41,24.47,31.29,14.08,20.43,17.37,15.92,17.76,19.05,5.2,4.94,13.82,20.31,17.67,19.46,19.52,16.9,18.16,19.34,15.25,14.64,15.53,14.8,17.05,17.92,14.84,16.24,12.79,22.92,15.13,15.65,14.91,17.1,15.8,16.07,13.36,27.39,20.8,27.69,33.97,39.63,28.9,23.4,30.03,36.35,27.66,32.53,23.34,26.78,37.87,28.49,30.13,36.92,37.5,54.01,14.29,12.75,11.55,14.4,20.5,14.91,13.1,12.81,12.83,18.17,10.16,22.46,9.35,22.04,20.81,19.04,21.54,10.93,11.09,7.78,19.51,5.14,8.67,16.33,18.23,10.42,9.49,7.85,9.12,19.44,19.11,22.76,19.42,9.0,5.46,7.78,41.93,35.73,36.6,32.5,23.44,34.44,29.45,48.49,25.22,41.15,26.17,33.48,48.26,50.65,26.56,46.46,24.61,35.68,46.79,34.97,34.81,3.43,11.36,18.74,13.44,18.09,22.88,22.25,26.09,27.83,29.21,35.54,21.42,22.08,36.52,31.43,19.42,33.61,37.71,20.04,32.69,34.61,26.96,30.41,25.08,36.13,31.01,20.57,25.39,31.54,28.44,22.05,20.32,35.77,31.66,30.92,18.56,11.86,12.24,8.36,7.21,5.78,7.69,11.06,10.41,10.27,19.65,8.53,11.18,4.22,11.52,2.58,9.19,2.89,5.35,19.81,3.31,23.77,35.22,25.24,34.78,24.66,25.41,29.31,26.17,23.74,32.84,29.93,28.52,36.06,29.75,36.91,37.34,34.64,36.61,26.29,26.51,28.38,38.8,36.21,30.2,24.87,37.49,40.63,38.19,33.35,31.02,24.35,31.88,32.47,26.14,39.14,30.15,30.02,37.77,25.75,38.21,23.36,25.98,22.71,31.55,30.8,29.71,28.66,47.04,56.84,54.9,53.08,38.62,48.07,39.16,39.75,41.19,45.41,42.06,41.52,44.28,46.22,42.65,41.17,43.57,48.41,48.05,42.99,43.99,44.69,44.63,55.66,51.97,45.89,49.33,49.1,44.69,50.25,54.3,58.51,56.05,42.89,68.97,56.3,40.65,41.27,44.16,70.0,50.06,57.46,62.49,59.47
33.4,2.35,12.74,29.64,22.02,21.46,18.17,57.12,7.57,13.69,25.52,11.9,23.6,33.8,11.08,8.41,24.39,11.86,24.66,8.74,18.61,20.74,18.36,22.22,26.0,9.86,30.15,12.89,27.14,14.91,3.76,10.28,10.26,12.6,14.53,18.84,32.44,33.24,3.25,8.26,6.9,19.83,11.77,19.63,10.0,3.1,13.64,3.36,13.49,9.73,18.53,17.26,7.96,4.92,25.18,5.37,9.73,23.81,12.67,12.75,17.25,31.46,25.48,10.76,16.29,0.0,12.26,1.84,28.14,18.91,4.66,11.55,20.6,14.41,20.0,12.37,10.25,8.19,27.02,9.81,11.98,10.18,11.65,8.55,10.03,22.05,21.16,7.22,10.4,10.09,8.03,11.21,3.57,10.68,15.07,10.98,5.44,11.26,10.54,10.03,11.5,7.84,7.03,8.52,6.64,3.85,8.31,10.64,7.9,6.59,6.86,9.09,16.76,16.53,17.06,17.69,23.35,18.26,12.77,19.41,25.73,17.05,16.25,19.08,16.14,27.25,17.86,19.52,26.3,21.21,37.72,11.97,5.34,6.44,12.08,9.72,9.42,5.79,7.32,10.51,15.85,8.55,11.68,10.07,11.26,10.04,8.26,19.22,7.51,9.26,11.36,8.74,12.83,8.8,14.01,7.45,10.21,9.66,11.43,12.71,8.66,16.79,11.99,8.64,9.72,20.65,18.93,31.15,24.95,25.82,21.72,21.11,18.16,18.67,37.71,26.86,30.37,28.58,22.71,37.49,39.88,28.96,35.69,22.29,24.9,36.01,18.68,24.03,20.47,7.09,14.47,11.89,13.82,6.6,5.96,9.81,11.54,12.93,19.26,5.13,5.79,20.23,15.14,3.14,17.33,21.42,3.76,16.4,18.32,10.67,14.12,8.8,19.85,14.72,4.28,9.1,15.26,12.15,5.76,4.03,19.48,15.37,14.64,14.29,12.28,13.66,16.76,24.24,22.81,24.72,16.57,15.92,15.78,15.39,16.0,14.26,14.72,13.61,19.44,18.06,16.19,22.39,15.55,18.33,19.5,18.93,8.95,18.49,8.37,9.12,13.03,9.88,7.45,16.56,13.64,12.23,19.78,13.46,20.63,21.05,18.35,20.32,10.01,10.23,12.09,22.51,19.92,13.92,20.6,33.22,36.36,33.92,29.08,26.75,20.08,27.61,28.2,21.88,34.87,25.88,25.75,33.5,21.48,33.95,19.09,15.37,14.58,27.28,26.54,25.44,24.4,30.75,40.55,38.62,36.8,22.33,37.46,22.87,23.47,24.91,29.13,25.77,25.23,33.66,29.93,26.36,24.88,27.28,32.12,37.44,31.51,30.51,28.4,28.34,45.04,35.68,29.6,33.05,38.48,28.41,39.63,38.01,39.37,39.77,26.61,58.36,45.73,30.04,30.66,33.59,59.38,39.49,41.18,46.2,43.18
38.26,11.65,22.03,33.1,19.51,21.7,12.63,57.89,14.08,14.45,26.28,18.41,27.07,38.66,14.55,17.71,25.16,6.32,28.12,15.26,16.09,30.04,12.82,25.69,20.37,13.32,33.62,22.18,27.91,24.21,13.06,16.8,16.77,21.89,23.83,19.08,36.69,33.93,12.27,5.73,8.07,20.06,12.54,23.89,1.06,12.39,8.1,12.66,14.25,17.86,18.76,11.72,5.3,10.09,19.55,7.21,4.19,18.17,13.43,7.12,11.71,34.93,19.85,17.27,16.52,12.26,0.0,12.91,33.7,18.18,8.65,10.88,16.54,7.39,19.26,5.35,9.13,16.71,20.0,4.96,9.14,8.44,4.94,10.11,11.34,18.23,17.3,7.65,9.02,9.95,10.53,8.23,11.68,9.78,8.05,4.27,7.36,4.24,2.41,5.76,6.64,4.8,7.95,4.82,17.7,9.91,5.55,3.62,6.97,7.31,6.56,4.14,20.69,9.51,21.0,23.65,29.31,22.2,16.71,18.74,25.06,16.37,24.18,12.06,20.08,26.58,21.79,18.85,25.63,27.17,48.79,17.61,10.99,12.08,17.72,15.28,15.07,11.74,12.96,16.15,21.5,13.01,17.24,12.2,16.82,15.59,13.82,24.86,13.15,14.9,10.62,14.29,12.1,8.06,19.65,13.01,13.27,12.34,10.7,11.97,14.22,22.43,17.54,14.2,11.84,16.8,15.08,36.71,30.51,31.38,27.28,26.76,29.22,24.23,43.27,32.41,35.93,34.13,28.26,43.04,45.43,34.52,41.24,27.94,30.45,41.57,29.75,29.59,19.73,5.78,7.76,5.18,7.11,17.66,17.03,20.87,22.61,23.99,30.32,16.2,16.85,31.3,26.21,14.2,28.39,32.49,14.82,27.46,29.39,21.74,25.19,19.86,30.91,25.79,15.35,20.17,26.32,23.22,16.83,15.1,30.55,26.44,25.7,7.58,8.43,6.95,12.91,23.5,22.07,23.99,12.72,12.07,11.93,8.68,12.15,7.55,13.99,9.76,18.7,9.43,15.45,21.65,8.84,17.59,12.79,30.0,19.19,29.55,19.44,20.19,24.09,20.95,18.52,27.62,24.71,23.3,30.84,24.53,31.69,32.12,29.42,31.39,21.07,21.29,23.16,33.58,30.99,24.98,13.89,26.2,29.34,26.9,22.06,19.73,13.06,16.05,21.18,15.17,27.85,18.86,18.74,26.48,14.47,26.93,12.07,14.69,11.43,20.27,19.52,18.42,17.38,37.28,47.09,45.15,43.33,28.29,36.79,28.83,29.42,30.87,35.08,31.73,31.19,32.99,35.89,32.89,30.84,33.24,38.08,36.77,31.7,32.7,34.36,34.88,44.37,41.64,36.13,39.01,37.81,34.36,38.96,44.54,47.23,46.3,32.56,57.69,45.01,29.37,29.98,32.87,58.71,38.77,47.71,52.74,49.72
32.34,2.44,11.68,26.9,23.86,23.3,20.01,58.96,7.86,15.53,27.36,12.19,20.87,32.75,8.35,7.35,26.23,13.7,21.92,9.04,20.45,19.68,20.2,19.49,27.84,7.12,27.42,10.11,28.98,12.13,2.65,10.58,10.55,11.54,13.47,20.68,31.38,35.08,3.54,10.1,8.74,21.67,13.61,18.58,11.84,1.21,15.48,1.38,15.33,8.68,20.37,19.1,9.8,6.76,27.02,7.21,11.57,25.65,14.51,14.59,19.09,28.72,27.32,9.71,18.13,1.84,12.91,0.0,27.35,19.38,5.13,12.02,21.07,14.88,20.47,12.84,10.72,9.02,27.49,10.28,12.45,8.63,12.12,9.02,10.87,22.52,21.63,7.69,10.87,8.94,8.87,11.68,4.04,11.52,15.54,11.45,5.91,11.73,11.0,10.5,11.97,8.31,7.5,8.99,7.48,4.32,8.78,11.11,8.36,7.06,7.33,9.56,17.6,17.0,17.9,18.52,24.18,19.1,13.61,19.88,26.2,17.52,17.08,19.55,16.98,27.72,18.69,19.99,26.77,22.05,38.56,11.17,4.54,5.64,11.28,8.93,8.63,4.99,6.52,9.71,15.06,7.75,10.88,9.28,10.47,9.24,7.46,18.42,6.71,8.46,11.83,7.94,13.3,9.27,13.21,6.65,9.42,8.86,11.9,13.18,7.86,15.99,11.19,7.85,8.92,21.12,19.4,30.36,24.16,25.02,20.93,20.32,17.01,17.88,29.65,26.06,29.57,27.78,21.91,29.43,39.08,28.17,34.89,21.49,24.1,35.21,17.53,23.24,20.94,7.56,14.94,12.36,14.29,7.44,6.8,8.66,10.39,11.78,18.11,5.97,6.63,19.08,13.99,1.99,16.18,20.27,4.59,15.25,17.18,9.52,12.97,7.65,18.7,13.57,3.14,7.95,14.11,11.01,4.61,2.89,18.33,14.23,13.49,14.76,12.75,14.13,17.23,24.71,23.28,25.19,17.04,16.39,16.25,15.86,16.47,14.73,15.19,14.08,19.91,18.53,16.66,22.86,16.02,18.8,19.97,19.77,9.79,19.33,9.21,9.96,13.86,10.72,8.29,17.39,14.48,13.07,20.62,14.3,21.46,21.89,19.19,21.16,10.84,11.06,12.93,23.35,20.76,14.75,21.07,33.69,36.83,34.39,29.55,27.22,20.55,28.08,28.67,22.35,35.34,26.35,26.22,33.97,21.95,34.42,19.56,15.84,15.05,27.75,27.01,25.91,24.87,31.59,41.39,39.45,37.64,23.17,37.93,23.71,24.3,25.75,29.96,26.61,26.07,34.13,30.77,27.2,25.72,28.12,32.96,37.91,32.35,31.35,29.24,29.18,45.51,36.52,30.44,33.89,38.95,29.24,40.1,38.85,40.21,40.6,27.44,58.83,46.2,30.51,31.13,34.06,59.85,39.96,42.01,47.04,44.02
58.59,25.52,37.92,14.52,44.66,44.09,40.8,81.44,24.96,38.0,49.83,23.47,8.48,58.99,20.45,33.6,48.71,34.49,9.54,26.14,41.24,29.68,41.0,11.23,48.64,21.66,2.04,19.28,51.46,20.03,28.95,27.68,27.65,37.78,39.72,41.48,57.62,57.55,24.43,34.0,31.22,42.46,36.08,44.82,32.64,28.28,36.27,27.28,37.8,34.92,41.16,39.9,30.6,29.04,47.81,28.0,32.36,46.44,36.98,35.39,39.88,2.58,48.12,35.95,38.92,28.14,33.7,27.35,0.0,40.26,27.71,34.6,41.95,35.75,41.34,33.72,33.3,38.32,48.37,31.16,35.03,31.21,32.99,31.6,32.9,43.4,42.5,29.23,33.45,31.51,33.3,36.6,30.74,32.01,36.42,32.32,28.48,32.61,31.88,34.12,35.0,31.91,30.08,29.87,36.77,28.98,31.35,31.99,30.94,29.64,29.91,30.44,41.24,37.87,41.54,47.82,53.48,42.74,37.25,42.46,48.78,40.09,46.38,40.42,40.62,50.3,42.34,42.56,49.35,51.34,52.5,24.57,22.99,22.71,28.36,20.54,25.7,23.14,23.6,26.79,20.37,24.82,18.1,26.35,17.67,19.33,20.78,18.17,23.78,25.54,32.71,21.26,34.18,30.14,22.81,22.35,26.49,25.94,32.78,34.05,21.03,20.85,18.4,23.54,26.0,41.99,40.28,5.06,4.76,5.96,9.28,16.43,12.12,11.43,12.67,13.72,4.27,15.43,8.89,12.45,11.45,15.82,9.59,17.61,11.76,9.92,13.18,10.89,41.81,28.43,35.82,33.23,35.16,36.73,36.1,22.49,22.78,24.16,19.36,35.26,35.92,20.33,21.89,29.37,18.97,21.53,33.89,22.1,18.43,21.91,20.87,22.15,19.95,23.31,30.51,21.17,21.04,18.9,24.89,30.26,20.82,22.75,16.52,35.63,33.63,35.01,38.1,45.59,44.15,46.07,37.91,37.27,37.12,36.73,37.34,35.61,36.07,34.95,40.78,39.41,37.54,43.73,36.89,39.67,40.85,49.06,39.08,48.62,38.5,39.25,43.16,40.01,37.58,36.21,43.77,42.37,49.91,43.59,30.56,51.18,48.48,50.45,40.14,40.36,42.22,30.99,29.88,34.59,41.94,54.57,57.71,55.26,50.43,48.09,41.42,48.96,49.55,43.22,56.22,47.22,47.1,54.85,42.83,55.29,40.44,38.41,37.63,48.63,47.88,46.79,45.74,60.88,70.69,68.75,66.93,52.46,60.51,53.0,53.6,55.04,59.26,55.9,55.36,56.71,60.07,56.49,55.01,57.42,62.25,60.49,55.42,56.42,58.53,58.48,68.09,65.82,59.73,63.18,61.53,58.54,62.68,68.14,70.94,69.9,56.74,81.4,68.78,53.08,53.7,56.64,82.43,62.54,71.31,76.33,73.31
49.35,18.3,28.69,26.69,7.88,4.65,25.28,70.63,15.6,27.2,39.03,16.76,33.73,49.76,21.21,24.37,37.9,18.97,34.78,13.61,5.78,36.69,25.47,32.35,33.11,19.98,40.27,28.84,40.66,30.87,19.72,15.15,15.13,28.55,30.48,2.03,48.39,46.68,18.93,18.47,18.92,5.05,25.28,35.59,17.11,19.05,20.75,19.31,27.0,25.69,3.75,24.37,15.07,16.74,32.29,13.86,16.84,30.91,26.18,19.86,24.36,41.58,32.59,26.72,1.33,18.91,18.18,19.38,40.26,0.0,15.31,23.61,4.64,20.12,4.03,18.08,21.86,25.92,32.73,15.52,21.87,18.81,17.36,19.2,20.5,6.09,5.84,15.27,21.75,19.11,20.9,20.96,18.34,19.61,20.78,16.69,16.08,16.97,16.25,18.49,19.37,16.28,17.68,14.23,24.37,16.58,17.09,16.35,18.54,17.24,17.51,14.8,28.84,22.24,29.14,35.42,41.08,30.34,24.85,31.47,37.79,29.1,33.98,24.79,28.22,39.31,29.94,31.58,38.36,38.94,55.45,15.73,14.2,12.99,15.84,21.94,16.35,14.54,14.25,14.27,19.62,11.6,23.9,10.79,23.48,22.26,20.48,22.98,12.37,12.53,9.22,20.96,6.58,10.11,17.77,19.67,11.87,10.94,9.29,10.57,20.88,20.55,24.21,20.86,10.44,6.35,8.67,43.37,37.17,38.04,33.94,24.88,35.89,30.89,49.93,26.66,42.59,27.62,34.93,49.71,52.1,28.0,47.91,26.06,37.12,48.23,36.41,36.25,2.48,12.8,20.18,14.33,19.53,24.33,23.7,27.54,29.27,30.66,36.99,22.86,23.52,37.96,32.87,20.87,35.06,39.15,21.49,34.13,36.05,28.4,31.85,26.53,37.58,32.45,22.02,26.83,32.99,29.88,23.49,21.76,37.21,33.1,32.37,20.0,12.75,13.14,9.26,6.25,4.82,6.73,11.95,11.3,11.16,21.1,9.42,12.07,5.66,12.42,3.47,10.08,4.33,4.39,21.26,4.75,25.21,36.66,26.68,36.22,26.1,26.85,30.76,27.61,25.18,34.29,31.37,29.97,37.51,31.19,38.36,38.78,36.08,38.05,27.74,27.96,29.82,40.24,37.65,31.65,26.31,38.93,42.07,39.63,34.79,32.46,25.79,33.33,33.91,27.59,40.58,31.59,31.47,39.21,27.2,39.66,24.8,27.42,24.16,32.99,32.25,31.15,30.11,48.48,58.28,56.35,54.53,40.06,49.52,40.6,41.2,42.64,46.86,43.5,42.96,45.72,47.67,44.09,42.61,45.02,49.85,49.5,44.43,45.43,46.13,46.07,57.1,53.41,47.33,50.78,50.54,46.14,51.69,55.74,59.96,57.5,44.34,70.41,57.74,42.09,42.71,45.6,71.44,51.5,58.91,63.93,60.91
31.64,4.05,14.44,27.21,19.6,19.04,15.75,54.42,8.19,10.98,22.82,12.52,21.18,32.04,8.66,10.12,21.69,9.44,22.23,9.37,16.19,22.44,15.94,19.8,23.58,7.43,27.73,14.59,24.44,16.62,5.47,10.91,10.88,14.3,16.24,16.42,30.07,30.54,4.95,5.56,4.2,17.41,9.07,17.27,7.58,4.8,11.22,5.06,10.79,11.44,16.11,14.84,5.54,2.49,22.76,2.08,7.31,21.38,9.97,10.33,14.82,29.03,23.06,6.83,13.87,4.66,8.65,5.13,27.71,15.31,0.0,7.48,17.15,8.61,16.55,8.92,6.18,11.63,21.22,4.52,7.91,4.09,8.2,4.48,5.78,18.6,17.7,3.15,6.33,4.39,6.18,7.13,4.05,4.89,9.28,7.53,1.36,7.81,7.08,5.95,7.43,3.76,2.96,5.07,10.08,1.86,4.23,7.19,3.82,2.52,2.79,5.64,14.12,10.73,14.42,17.07,22.73,15.62,10.13,15.34,21.66,12.97,19.69,13.28,13.5,23.18,15.22,15.44,22.23,20.59,41.17,11.67,5.04,6.14,11.78,9.34,9.13,5.8,7.02,10.21,15.56,8.25,11.29,9.48,10.88,9.65,7.88,18.92,7.21,8.96,7.91,8.35,9.38,5.35,13.71,7.06,9.92,9.36,7.98,9.26,8.28,16.49,11.6,8.26,9.13,17.2,15.48,30.77,24.57,25.43,21.34,20.82,21.6,18.29,37.32,26.47,29.98,28.19,22.32,37.1,39.49,28.58,35.3,21.99,24.51,35.63,22.12,23.65,17.02,3.64,11.02,8.43,10.37,10.04,9.41,13.25,14.98,16.37,22.7,8.57,9.23,23.67,18.58,6.58,20.77,24.86,7.2,19.84,21.77,14.11,17.56,12.24,23.29,18.16,7.73,12.54,18.7,15.6,9.2,7.47,22.92,18.81,18.08,10.84,8.83,10.21,13.31,20.79,19.36,21.27,13.12,12.47,12.33,11.93,12.55,10.81,11.27,10.16,15.99,14.61,12.74,18.93,12.1,14.88,16.05,22.37,12.39,21.93,11.81,12.56,16.47,13.32,10.89,20.0,17.08,15.68,23.22,16.9,24.07,24.49,21.79,23.76,13.45,13.67,15.53,25.95,23.36,17.36,17.15,27.42,30.56,28.12,23.28,20.95,14.28,21.82,22.4,18.42,29.07,20.08,19.96,27.7,15.69,28.15,13.3,11.29,10.51,21.49,20.74,19.64,18.6,34.19,44.0,42.06,40.24,21.71,33.38,22.25,22.85,24.29,28.51,25.15,24.61,29.59,29.32,29.8,24.26,26.67,31.5,33.37,28.3,29.3,27.78,31.78,40.97,35.07,33.04,32.43,34.41,27.79,35.56,41.45,43.82,43.21,25.99,54.28,41.66,25.96,26.58,29.52,55.31,35.42,44.62,49.64,46.62
31.56,10.94,19.61,34.1,25.15,27.34,14.92,47.69,15.08,4.25,16.08,19.41,28.07,31.96,15.55,12.44,14.96,13.07,29.12,16.25,21.74,24.76,14.27,26.69,18.01,14.32,34.61,21.48,17.71,23.5,12.36,17.79,17.77,16.62,18.55,24.72,29.99,23.8,11.84,6.06,4.95,25.71,2.34,17.19,9.81,11.69,14.85,11.95,4.06,11.16,24.41,14.76,10.94,9.38,17.18,8.4,10.94,15.81,3.23,3.26,14.62,35.92,17.49,10.57,22.16,11.55,10.88,12.02,34.6,23.61,7.48,0.0,22.03,5.35,24.75,6.39,1.02,9.79,17.97,10.45,1.4,6.23,11.73,3.19,11.64,23.72,22.8,9.05,3.07,7.75,9.64,2.13,8.21,7.58,4.11,11.06,6.87,8.6,9.2,4.8,4.18,6.99,6.43,10.31,11.02,7.18,6.38,8.46,4.55,5.21,5.74,9.63,13.77,7.47,14.08,16.73,22.39,15.28,9.79,8.59,14.91,6.22,17.26,10.02,13.16,16.43,14.87,8.69,15.48,20.25,43.17,18.39,11.76,12.85,18.49,16.05,15.84,12.51,13.74,16.92,22.27,14.96,18.01,17.69,17.59,16.36,14.59,25.63,13.92,15.68,16.12,15.06,17.59,13.55,20.43,13.78,16.63,17.84,16.19,17.46,14.99,23.2,18.31,14.97,17.34,22.29,20.57,37.48,31.28,32.15,28.05,27.53,28.31,25.0,44.04,33.19,36.7,34.91,29.04,43.81,46.2,35.29,42.01,28.71,31.23,42.34,28.84,30.36,25.22,11.28,14.55,11.97,13.9,10.68,16.57,19.96,21.7,23.08,29.41,15.74,16.4,30.38,25.3,13.29,27.48,31.58,14.36,26.55,28.48,20.83,24.28,18.95,30.0,24.88,16.65,19.26,25.41,22.31,15.92,14.19,29.64,25.53,24.79,14.37,13.92,13.74,18.4,29.0,27.56,29.48,18.21,17.56,17.42,15.47,17.64,14.35,19.48,15.25,24.19,16.22,20.95,27.14,9.65,23.08,15.84,24.37,12.27,23.93,13.82,19.73,18.47,15.32,12.58,22.0,19.09,17.68,25.22,18.91,26.07,26.5,23.8,25.77,15.45,19.79,17.54,27.96,25.36,19.36,16.94,24.17,27.31,24.86,20.03,17.69,11.03,18.56,19.15,18.22,25.82,16.82,16.7,24.45,12.43,24.89,10.04,4.54,3.76,18.23,17.48,16.39,15.34,30.36,40.17,38.23,36.41,21.37,26.63,21.91,22.51,23.95,28.16,24.81,24.27,22.84,28.97,25.97,23.92,26.32,33.0,26.61,21.55,22.55,27.44,27.96,34.22,34.72,29.21,32.09,27.65,27.44,28.81,37.62,37.07,39.38,25.64,47.53,34.9,19.21,19.83,22.77,48.56,28.66,40.79,45.82,42.8
49.37,20.0,30.38,28.38,4.62,9.28,19.9,68.99,17.29,25.56,37.39,18.46,35.42,49.77,22.9,26.06,36.27,13.6,36.47,15.3,1.69,38.39,20.1,34.04,31.48,21.67,41.97,30.53,39.02,32.56,21.41,16.84,16.82,30.24,32.18,6.67,47.8,45.04,20.62,16.84,17.18,2.7,23.64,35.0,15.47,20.74,15.38,21.01,25.36,27.38,1.17,19.0,12.3,18.43,30.65,15.56,12.08,29.28,24.54,18.23,18.98,43.27,30.96,21.62,3.75,20.6,16.54,21.07,41.95,4.64,17.15,22.03,0.0,18.62,2.17,16.59,20.36,27.61,31.24,12.74,20.38,17.61,12.17,17.39,22.19,3.27,2.35,16.96,20.26,20.8,19.7,19.47,20.04,18.95,19.29,11.96,17.77,15.48,14.75,16.99,17.87,13.98,19.37,11.9,26.06,18.27,15.12,14.86,16.15,18.93,15.74,12.95,31.93,20.74,32.23,34.88,40.54,33.44,27.94,29.98,36.3,27.61,35.67,23.29,31.31,37.82,33.03,30.08,36.87,38.41,57.15,17.43,15.89,14.69,17.54,23.63,18.05,16.23,15.94,15.96,21.31,13.29,25.59,12.49,25.18,23.95,22.17,24.67,14.06,14.22,10.91,22.65,8.28,11.81,19.47,21.36,13.56,12.63,10.98,12.26,22.57,22.24,25.9,22.56,12.13,2.26,4.58,45.07,38.87,39.73,35.64,26.57,37.58,32.59,51.62,28.36,44.28,29.31,36.62,51.4,53.79,29.7,49.6,27.75,38.81,49.92,38.1,37.95,7.11,14.49,14.99,10.24,14.34,26.02,25.39,29.23,30.96,32.35,38.68,24.56,25.21,39.65,34.56,22.56,36.75,40.85,23.18,35.82,37.75,30.09,33.54,28.22,39.27,34.14,23.71,28.52,34.68,31.58,25.18,23.46,38.9,34.8,34.06,14.81,8.66,9.05,5.17,10.88,9.45,11.37,7.86,7.21,7.07,15.91,5.33,7.98,7.35,8.33,2.82,5.99,6.02,9.03,16.07,6.45,20.02,38.35,28.38,37.91,27.8,28.54,32.45,29.3,26.87,35.98,33.06,31.66,39.2,32.88,40.05,40.48,37.77,39.74,29.43,29.65,31.51,41.94,39.34,33.34,21.12,37.44,40.58,38.13,33.3,30.96,24.29,23.28,32.42,22.4,39.09,30.09,29.97,37.72,21.26,38.16,23.31,25.93,22.66,31.5,30.75,29.66,28.61,48.52,58.32,56.38,54.57,39.52,48.02,40.06,40.66,42.1,46.32,42.97,42.42,44.23,47.13,44.13,42.08,44.48,49.31,48.0,42.94,43.94,45.6,46.11,55.61,52.88,47.37,50.24,49.04,45.6,50.2,55.78,58.46,57.54,43.8,68.92,56.24,40.6,41.22,44.11,69.95,50.0,58.95,63.97,60.95
32.69,13.8,20.74,35.26,21.66,23.85,11.72,52.32,16.23,8.88,20.71,20.56,29.22,33.09,16.7,13.57,19.59,9.58,30.28,17.41,18.24,25.9,11.06,27.84,14.8,15.48,35.77,24.33,22.34,26.36,15.21,18.95,18.92,17.75,19.69,21.23,31.12,28.36,14.42,4.63,6.08,22.22,6.96,18.32,6.32,14.54,11.36,14.81,8.68,12.29,20.91,11.55,7.45,12.24,13.98,9.36,7.45,12.6,7.86,1.55,11.41,37.08,14.28,11.7,18.67,14.41,7.39,14.88,35.75,20.12,8.61,5.35,18.62,0.0,21.53,3.16,3.58,11.17,14.46,7.23,3.6,7.61,8.51,4.57,13.01,20.49,19.57,9.91,3.48,9.13,11.02,2.5,9.59,8.95,2.51,7.84,8.24,5.37,5.98,4.06,3.65,7.07,7.8,7.09,12.39,8.56,5.07,5.24,5.92,6.58,7.11,6.41,15.15,3.97,15.45,18.1,23.76,16.66,11.16,13.2,19.52,10.83,18.64,6.51,14.53,21.04,16.25,13.3,20.09,21.63,44.55,19.88,13.25,14.35,19.99,17.55,17.34,14.01,15.23,18.42,23.76,15.27,19.5,14.47,19.09,17.86,16.08,27.13,15.42,17.17,12.89,16.56,14.36,10.33,21.92,15.27,15.54,14.61,12.96,14.24,16.48,24.7,19.81,16.47,14.11,19.06,17.35,38.98,32.78,33.64,29.55,29.03,31.49,26.5,45.53,34.68,38.19,36.4,30.53,45.31,47.7,36.79,43.51,30.2,32.72,43.83,32.01,31.86,22.0,8.05,11.33,8.75,10.68,12.06,17.95,23.14,24.87,26.26,32.59,17.12,17.77,33.56,28.48,16.47,30.66,34.76,15.74,29.73,31.66,24.0,27.45,22.13,33.18,28.05,17.62,22.43,28.59,25.49,19.1,17.37,32.81,28.71,27.97,11.15,10.7,10.52,15.17,25.77,24.34,26.26,14.98,14.34,14.19,12.25,14.41,11.12,16.25,12.02,20.97,13.0,17.72,23.92,6.15,19.86,12.33,25.75,13.64,25.31,15.2,21.11,19.85,16.7,13.95,23.38,20.46,19.06,26.6,20.28,27.45,27.87,25.17,27.14,16.83,21.17,18.91,29.34,26.74,20.74,13.43,20.66,23.8,21.36,16.52,14.19,7.52,15.05,15.64,14.71,22.31,13.32,13.19,20.94,8.92,21.38,6.53,9.15,5.88,14.72,13.97,12.88,11.83,31.74,41.55,39.61,37.79,22.75,31.24,23.28,23.88,25.32,29.54,26.19,25.65,27.45,30.35,27.35,25.3,27.7,32.53,31.23,26.16,27.16,28.82,29.34,38.83,36.1,30.59,33.46,32.27,28.82,33.42,39.0,41.68,40.76,27.02,52.14,39.47,23.82,24.44,27.33,53.17,33.23,42.17,47.19,44.18
50.44,19.39,29.78,27.77,4.5,8.68,20.97,71.72,16.68,28.28,40.11,17.85,34.81,50.84,22.3,25.45,38.99,14.67,35.87,14.7,2.76,37.78,21.17,33.43,34.2,21.07,41.36,29.93,41.74,31.95,20.8,16.24,16.21,29.64,31.57,6.06,49.48,47.76,20.01,19.56,20.0,1.16,26.36,36.67,18.2,20.14,16.44,20.4,28.08,26.77,1.27,20.07,16.16,17.83,33.38,14.95,13.14,32.0,27.26,20.95,20.05,42.67,33.68,27.8,3.14,20.0,19.26,20.47,41.34,4.03,16.55,24.75,2.17,21.53,0.0,19.17,22.94,27.0,33.82,13.81,22.96,19.89,13.24,20.28,21.58,2.71,2.46,16.35,22.84,20.2,21.99,22.05,19.43,20.69,21.87,13.02,17.17,18.06,17.33,19.57,20.45,15.04,18.77,15.32,25.45,17.66,16.19,17.44,19.63,18.33,18.59,15.89,29.92,23.32,30.22,36.5,42.16,31.43,25.93,32.56,38.88,30.19,35.06,25.87,29.3,40.4,31.02,32.66,39.45,40.03,56.54,16.82,15.28,14.08,16.93,23.03,17.44,15.63,15.33,15.36,20.7,12.69,24.99,11.88,24.57,23.34,21.57,24.07,13.46,13.61,10.3,22.04,7.67,11.2,18.86,20.75,12.95,12.02,10.37,11.65,21.97,21.64,25.29,21.95,11.52,3.33,5.65,44.46,38.26,39.13,35.03,25.97,36.97,31.98,51.02,27.75,43.67,28.7,36.01,50.79,53.18,29.09,48.99,27.14,38.2,49.32,37.5,37.34,6.5,13.89,16.06,11.31,15.41,25.41,24.78,28.62,30.36,31.74,38.07,23.95,24.6,39.04,33.96,21.95,36.14,40.24,22.57,35.21,37.14,29.49,32.94,27.61,38.66,33.54,23.1,27.92,34.07,30.97,24.58,22.85,38.3,34.19,33.45,15.88,9.73,10.11,6.24,10.27,8.84,10.76,8.93,8.28,8.14,16.98,6.4,9.05,6.74,9.39,2.22,7.06,5.42,8.42,17.14,5.84,21.09,37.75,27.77,37.3,27.19,27.94,31.84,28.7,26.27,35.37,32.46,31.05,38.59,32.28,39.44,39.87,37.17,39.14,28.82,29.04,30.91,41.33,38.73,32.73,22.19,40.02,43.16,40.71,35.88,33.54,26.87,24.35,35.0,23.47,41.67,32.67,32.55,40.3,28.28,40.74,25.89,28.51,25.24,34.08,33.33,32.24,31.19,49.56,59.37,57.43,55.61,41.15,50.6,41.68,42.28,43.72,47.94,44.59,44.05,46.81,48.75,45.18,43.7,46.1,50.93,50.58,45.52,46.52,47.22,47.16,58.19,54.5,48.41,51.86,51.62,47.22,52.78,56.82,61.04,58.58,45.42,71.5,58.82,43.18,43.8,46.69,72.53,52.58,59.99,65.02,62.0
33.72,11.76,21.77,33.22,19.63,21.81,12.75,53.35,14.2,9.92,21.75,18.53,27.19,34.13,14.67,14.6,20.63,7.54,28.24,15.37,16.21,26.93,12.1,25.81,15.83,13.44,33.73,22.3,23.38,24.32,13.18,16.91,16.89,18.79,20.72,19.2,32.16,29.4,12.39,2.12,7.11,20.18,8.0,19.35,4.29,12.51,9.32,12.77,9.72,13.33,18.88,12.59,5.42,10.2,15.01,7.32,5.41,13.64,8.9,2.58,12.45,35.04,15.31,12.74,16.64,12.37,5.35,12.84,33.72,18.08,8.92,6.39,16.59,3.16,19.17,0.0,4.0,11.22,15.89,4.95,4.32,7.66,6.23,4.62,13.06,18.21,17.29,7.63,3.22,9.18,11.07,2.91,11.67,9.01,3.94,5.56,7.35,2.09,3.7,1.57,1.71,4.79,7.86,4.81,12.45,9.9,2.58,2.96,4.91,6.64,4.51,4.13,15.2,5.39,15.5,18.15,23.82,16.71,11.21,13.25,19.57,10.88,18.69,7.94,14.59,21.09,16.3,13.36,20.14,21.68,44.6,17.6,10.97,12.07,17.71,15.27,15.06,11.73,12.95,16.14,21.49,13.0,17.22,12.19,16.81,15.58,13.81,24.85,13.14,14.89,10.61,14.28,12.09,8.05,19.64,12.99,13.26,12.33,10.68,11.96,14.21,22.42,17.53,14.19,11.83,16.79,15.07,36.7,30.5,31.36,27.27,26.75,29.21,24.22,43.25,32.4,35.91,34.12,28.25,43.03,45.42,34.51,41.23,27.92,30.44,41.56,29.74,29.58,19.72,5.77,9.05,6.47,8.4,12.11,17.02,20.86,22.59,23.98,30.31,16.19,16.84,31.28,26.2,14.19,28.38,32.48,14.81,27.45,29.38,21.73,25.17,19.85,30.9,25.77,15.34,20.15,26.31,23.21,16.82,15.09,30.54,26.43,25.69,8.87,8.42,8.24,12.89,23.49,22.06,23.98,12.7,12.06,11.91,9.97,12.14,8.84,13.97,9.74,18.69,10.72,15.44,21.64,7.57,17.58,13.76,25.8,13.7,25.36,15.25,20.18,19.9,16.75,14.01,23.43,20.52,19.11,26.65,20.34,27.5,27.93,25.23,27.2,16.88,21.28,18.96,29.39,26.79,20.79,14.86,22.09,25.23,22.78,17.95,15.61,8.94,16.48,17.07,16.14,23.74,14.74,14.62,22.37,10.35,22.81,7.96,9.2,7.31,16.15,15.4,14.31,13.26,31.79,41.6,39.66,37.84,22.8,31.3,23.34,23.93,25.38,29.59,26.24,25.7,27.5,30.4,27.4,25.35,27.75,32.59,31.28,26.21,27.21,28.87,29.39,38.88,36.15,30.64,33.52,32.32,28.87,33.47,39.05,41.74,40.81,27.07,52.19,40.89,23.87,24.49,28.76,53.22,34.65,42.22,47.25,44.23
30.26,9.64,18.31,32.8,23.4,25.59,13.17,48.95,13.78,5.51,17.35,18.11,26.76,30.66,14.25,11.13,16.22,11.32,27.82,14.95,19.98,23.46,12.52,25.39,16.25,13.02,33.31,20.18,18.97,22.2,11.06,16.49,16.47,15.32,17.25,22.97,28.69,25.07,10.54,4.3,3.64,23.95,3.6,15.89,8.06,10.39,13.1,10.65,5.32,9.86,22.65,13.0,9.19,8.08,15.43,7.1,9.19,14.06,4.5,2.27,12.87,34.62,15.73,9.27,20.41,10.25,9.13,10.72,33.3,21.86,6.18,1.02,20.36,3.58,22.94,4.0,0.0,8.51,16.17,8.65,1.91,4.95,9.93,1.91,10.35,21.92,21.0,7.77,1.78,6.47,8.35,1.14,6.92,6.29,3.12,9.26,5.58,6.8,7.4,3.0,2.38,5.7,5.14,8.51,9.73,5.9,5.09,6.66,3.26,3.92,4.45,7.83,12.49,5.67,12.79,15.44,21.1,14.0,8.5,9.74,16.06,7.37,15.98,8.22,11.87,17.58,13.59,9.84,16.63,18.97,41.88,17.1,10.47,11.57,17.21,14.77,14.56,11.23,12.45,15.64,20.98,13.68,16.72,15.89,16.31,15.08,13.3,24.35,12.64,14.39,14.32,13.78,15.79,11.75,19.14,12.49,15.34,16.04,14.39,15.66,13.7,21.92,17.03,13.69,15.54,20.49,18.77,36.2,30.0,30.86,26.77,26.25,27.03,23.72,42.75,31.9,35.41,33.62,27.75,42.53,44.92,34.01,40.73,27.42,29.94,41.05,27.55,29.08,23.42,9.47,12.75,10.17,12.1,9.4,15.29,18.68,20.41,21.8,28.13,14.45,15.11,29.1,24.01,12.01,26.2,30.29,13.08,25.27,27.19,19.54,22.99,17.67,28.72,23.59,15.36,17.97,24.13,21.02,14.63,12.9,28.35,24.24,23.51,12.57,12.12,11.94,16.6,27.2,25.76,27.68,16.41,15.76,15.62,13.67,15.84,12.55,17.68,13.45,22.39,14.42,19.15,25.34,7.85,21.28,14.04,23.09,10.98,22.65,12.53,18.44,17.18,14.04,11.29,20.71,17.8,16.39,23.94,17.62,24.79,25.21,22.51,24.48,14.17,18.51,16.25,26.67,24.08,18.08,15.14,22.37,25.51,23.06,18.23,15.89,9.22,16.76,17.35,16.42,24.02,15.02,14.9,22.65,10.63,23.09,8.24,5.69,4.91,16.43,15.68,14.59,13.54,29.08,38.88,36.94,35.13,20.08,27.78,20.62,21.22,22.66,26.88,23.53,22.98,23.99,27.69,24.69,22.64,25.04,29.87,27.76,22.7,23.7,26.16,26.67,35.37,33.44,27.93,30.8,28.81,26.16,29.96,36.34,38.22,38.1,24.36,48.68,36.06,20.36,20.98,23.92,49.71,29.82,39.51,44.53,41.51
27.92,10.53,11.52,37.82,24.19,29.65,20.76,56.76,15.75,13.32,25.15,20.08,31.79,28.32,19.27,4.35,24.03,18.9,32.84,16.93,20.78,16.68,20.1,30.41,23.84,18.04,38.33,18.48,26.78,20.51,8.99,18.47,18.44,8.53,10.47,27.03,26.35,32.87,11.43,7.99,6.52,28.01,11.4,13.55,15.65,8.69,20.68,8.96,13.12,1.54,26.71,20.59,16.15,13.1,23.02,7.21,16.77,21.64,12.3,10.59,20.45,39.64,23.32,1.19,24.47,8.19,16.71,9.02,38.32,25.92,11.63,9.79,27.61,11.17,27.0,11.22,8.51,0.0,23.69,8.3,10.37,3.85,17.45,8.91,2.67,22.68,21.76,7.89,8.79,2.73,1.51,9.6,9.72,4.35,11.74,16.78,5.71,14.32,14.92,10.52,9.9,7.54,3.34,14.68,1.35,10.0,7.25,9.03,6.28,5.24,5.81,9.2,10.43,13.19,10.73,13.38,19.04,11.93,6.44,17.81,24.12,15.44,11.52,15.74,9.81,25.64,11.52,17.91,24.69,16.9,34.37,18.12,11.5,12.59,18.23,15.88,15.58,11.94,13.47,16.66,22.01,14.7,17.83,16.23,17.42,16.19,14.42,25.37,13.66,15.41,17.51,14.89,18.99,14.95,20.16,13.6,16.37,15.81,17.59,18.86,14.82,22.94,18.14,14.8,15.87,21.25,19.53,37.31,31.11,31.97,27.88,27.27,24.37,24.83,43.86,33.01,36.52,34.73,28.86,43.64,46.03,35.12,41.84,28.45,31.05,42.16,24.89,30.19,26.62,13.24,20.27,17.69,19.62,1.87,7.77,16.02,17.75,19.14,25.47,6.94,7.6,26.44,21.36,9.35,23.54,27.64,5.57,22.61,24.54,16.88,20.33,15.01,26.06,17.96,7.85,15.31,21.47,18.37,11.98,10.25,25.69,21.59,20.85,20.09,12.88,19.46,17.36,30.39,28.96,30.88,17.17,16.52,16.38,21.19,16.6,20.06,20.88,14.21,25.59,21.94,22.34,28.54,15.37,24.48,21.56,15.58,2.79,15.13,5.02,10.93,9.67,6.53,3.76,13.2,10.29,8.88,16.42,10.11,17.27,17.7,15.0,16.97,4.25,11.0,8.74,19.16,16.56,10.56,22.66,29.89,33.03,30.58,25.75,23.41,16.74,24.28,24.87,23.94,31.54,22.54,22.42,30.17,18.15,30.61,15.76,13.76,12.98,23.95,23.2,22.11,21.06,27.01,36.82,34.88,33.06,18.02,35.85,18.56,19.16,20.6,24.82,21.46,20.92,32.05,25.63,22.63,20.57,22.98,27.81,35.83,27.2,26.2,24.09,24.61,43.43,31.37,25.86,28.74,36.87,24.1,38.03,34.28,35.06,36.03,22.3,56.75,44.12,28.43,29.05,31.98,57.77,37.88,37.44,42.47,39.45
45.3,26.41,33.35,47.87,34.27,36.46,12.14,45.6,28.85,21.5,33.33,33.17,41.83,45.7,29.32,26.18,32.2,17.22,42.89,30.02,30.86,38.51,11.48,40.45,1.8,28.09,48.38,36.95,21.46,38.97,27.83,31.56,31.54,30.37,32.3,33.84,43.74,17.57,27.04,17.24,18.69,34.83,19.58,30.93,18.94,27.16,16.43,27.42,21.3,24.91,33.53,11.97,20.07,24.85,2.48,21.97,20.06,1.79,20.48,14.16,11.83,49.69,1.1,24.32,31.29,27.02,20.0,27.49,48.37,32.73,21.22,17.97,31.24,14.46,33.82,15.89,16.17,23.69,0.0,19.6,15.97,19.98,18.92,16.94,25.38,32.86,31.94,22.28,15.84,21.5,23.38,15.06,21.95,21.32,14.88,20.2,20.61,17.74,18.34,16.42,16.01,19.43,20.17,19.45,24.76,20.93,17.44,17.61,18.29,18.95,19.48,18.78,27.52,11.54,27.82,30.47,36.13,29.02,23.53,25.57,31.88,23.2,31.0,11.28,26.9,33.4,28.62,25.67,32.45,33.99,56.91,32.25,25.62,26.71,32.35,29.91,29.7,26.37,27.6,30.78,36.13,27.64,31.87,26.83,31.45,30.22,28.45,39.49,27.78,29.54,25.26,28.92,26.73,22.7,34.29,27.64,27.91,26.98,25.33,26.61,28.85,37.06,32.17,28.83,26.48,31.43,29.71,51.34,45.14,46.01,41.91,41.39,43.86,38.86,57.9,47.05,50.56,48.77,42.9,57.67,60.06,49.15,55.87,42.57,45.09,56.2,44.38,44.22,34.36,20.42,17.71,21.11,18.21,24.43,30.32,35.5,37.24,38.63,44.96,29.48,30.14,45.93,40.84,28.84,43.03,47.12,28.11,42.1,44.02,36.37,39.82,34.5,45.55,40.42,29.98,34.8,40.96,37.85,31.46,29.73,45.18,41.07,40.34,17.56,23.06,22.88,27.54,38.14,36.71,38.62,27.35,26.7,26.56,18.62,26.78,23.49,28.62,24.39,33.33,25.37,30.09,36.28,13.72,32.23,11.15,38.12,26.01,37.68,27.56,33.47,32.21,29.07,26.32,35.74,32.83,31.42,38.96,32.65,39.81,40.24,37.54,39.51,29.19,33.54,31.28,41.7,39.11,33.1,12.25,8.36,11.5,9.06,2.48,7.75,12.29,6.96,1.6,13.53,10.01,5.58,6.75,8.64,9.43,10.59,8.42,21.52,18.25,2.16,1.68,4.79,3.74,44.11,53.91,51.97,50.16,35.11,43.61,35.65,36.25,37.69,41.91,38.55,38.01,39.81,42.72,39.72,37.66,40.07,44.9,43.59,38.53,39.53,41.18,41.7,51.19,48.47,42.96,45.83,44.63,41.19,45.79,51.37,54.05,53.12,39.39,46.72,28.67,17.9,18.52,16.54,47.13,22.43,54.53,59.56,56.54
32.45,9.2,19.59,30.66,15.78,19.25,13.46,57.42,11.64,13.98,25.82,15.97,24.63,32.85,12.11,15.27,24.69,7.15,25.68,12.82,12.36,27.59,16.16,23.25,19.9,10.88,31.18,19.74,27.44,21.77,10.62,14.36,14.33,19.45,21.39,16.64,30.88,33.46,9.83,3.45,4.49,14.5,12.07,18.08,3.9,9.95,8.93,10.21,13.79,9.52,13.35,12.56,2.37,7.64,19.08,4.76,5.03,17.7,12.97,6.65,12.54,32.48,19.38,8.93,14.08,9.81,4.96,10.28,31.16,15.52,4.52,10.45,12.74,7.23,13.81,4.95,8.65,8.3,19.6,0.0,8.83,4.87,5.73,4.65,7.77,14.38,13.46,5.08,8.71,6.39,6.96,7.92,5.86,6.21,7.74,5.06,3.8,3.52,3.2,3.74,4.94,1.24,4.38,2.25,9.64,5.0,2.38,2.07,3.41,3.74,3.0,2.24,14.9,9.2,15.2,17.85,23.51,16.4,10.91,15.61,21.93,13.25,18.38,11.74,14.28,23.45,15.99,15.72,22.5,21.37,46.22,15.04,8.42,9.51,15.15,12.71,12.5,9.17,10.39,13.58,18.93,10.44,14.67,9.63,14.25,13.02,11.25,22.29,10.58,12.33,8.05,11.72,9.53,5.49,17.08,10.44,10.7,9.77,8.13,9.4,11.65,19.86,14.97,11.63,9.28,12.95,11.23,34.14,27.94,28.81,24.71,24.19,26.65,21.66,40.7,29.84,33.36,31.56,25.69,40.47,42.86,31.95,38.67,25.37,27.88,39.0,27.18,27.02,17.16,3.21,8.55,5.97,7.9,9.31,14.46,18.3,20.04,21.42,27.75,13.63,14.28,28.73,23.64,11.63,25.82,29.92,12.25,24.9,26.82,19.17,22.62,17.29,28.34,23.22,12.78,17.6,23.75,20.65,14.26,12.53,27.98,23.87,23.13,8.37,4.58,7.74,9.06,20.93,19.5,21.42,8.87,8.22,8.08,9.47,8.3,8.35,11.42,5.91,16.13,10.36,12.88,19.08,9.63,15.02,13.58,27.43,10.89,26.98,16.87,17.62,21.52,18.38,11.2,25.05,22.14,20.73,28.27,21.96,29.12,29.55,26.85,28.82,18.5,18.72,20.59,31.01,28.42,22.41,14.68,25.89,29.03,26.59,21.75,19.41,12.75,20.28,20.87,15.96,27.54,18.55,18.42,26.17,14.15,26.61,11.76,11.56,11.11,19.95,19.2,18.11,17.06,31.48,41.29,39.35,37.53,22.49,33.66,23.03,23.63,25.07,29.29,25.93,25.39,29.86,30.1,27.1,25.04,27.45,32.28,33.64,28.58,29.57,28.56,29.08,41.24,35.84,30.33,33.21,34.68,28.57,35.83,38.75,44.1,40.5,26.77,54.56,44.7,26.24,26.85,32.56,55.58,38.46,41.91,46.94,43.92
31.99,11.37,20.04,34.53,23.42,25.6,13.19,48.79,15.51,5.35,17.18,19.84,28.5,32.39,15.98,12.87,16.06,11.33,29.55,16.69,20.0,25.19,12.53,27.12,16.27,14.75,35.04,21.91,18.81,23.93,12.79,18.23,18.2,17.05,18.99,22.99,30.42,24.9,12.27,4.69,5.38,23.97,3.43,17.62,8.08,12.12,13.11,12.38,5.15,11.59,22.67,13.02,9.21,9.81,15.45,11.11,9.2,14.07,4.33,2.09,12.88,36.35,15.75,11.0,20.43,11.98,9.14,12.45,35.03,21.87,7.91,1.4,20.38,3.6,22.96,4.32,1.91,10.37,15.97,8.83,0.0,6.73,10.01,3.69,12.13,22.0,21.08,11.42,2.6,8.25,10.13,1.44,8.7,8.07,2.89,9.34,7.36,6.88,7.48,3.39,2.76,8.57,6.92,8.59,11.51,7.68,6.58,6.75,5.04,5.7,6.23,7.92,14.27,5.76,14.57,17.22,22.88,15.78,10.28,9.69,16.0,7.32,17.76,8.3,13.65,17.53,15.37,9.79,16.57,20.75,43.66,18.88,12.25,13.35,18.99,16.55,16.34,13.01,14.23,17.42,22.76,16.78,18.5,15.97,18.09,16.86,15.08,26.13,14.42,16.17,14.4,15.56,15.87,11.84,20.92,14.27,17.05,16.12,14.47,15.75,15.48,23.7,18.81,15.47,15.62,20.57,18.85,37.98,31.78,32.64,28.55,28.03,28.81,25.5,44.53,33.68,37.19,35.4,29.53,44.31,46.7,35.79,42.51,29.2,31.72,42.83,29.33,30.86,23.5,9.56,12.84,10.25,12.18,11.18,17.07,20.46,22.19,23.58,29.91,16.23,16.89,30.88,25.79,13.79,27.98,32.07,14.86,27.05,28.97,21.32,24.77,19.45,30.5,25.37,17.14,19.75,25.91,22.8,16.41,14.68,30.13,26.02,25.29,12.65,12.2,12.03,16.68,27.28,25.85,27.76,16.49,15.84,15.7,13.75,15.92,12.63,17.76,13.53,22.48,14.51,19.23,25.42,7.94,21.37,14.12,24.87,12.76,24.43,14.31,20.22,18.96,15.82,13.07,22.49,19.58,18.17,25.72,19.4,26.56,26.99,24.29,26.26,15.95,20.29,18.03,28.45,25.86,19.86,15.22,22.45,25.59,23.15,18.31,15.98,9.31,16.84,17.43,16.5,24.1,15.11,14.98,22.73,10.71,23.17,8.32,5.64,4.86,16.51,15.76,14.67,13.62,30.86,40.66,38.72,36.91,21.86,27.73,22.4,23.0,24.44,28.66,25.31,24.76,23.94,29.47,26.47,24.42,26.82,34.1,27.71,22.65,23.65,27.94,28.45,35.31,35.22,29.71,32.58,28.75,27.94,29.91,38.12,38.17,39.88,26.14,48.63,36.0,20.31,20.93,23.87,49.65,29.76,41.29,46.31,43.29
27.72,7.55,13.52,30.71,20.65,22.54,17.2,53.2,11.69,9.76,21.6,16.02,24.68,28.12,12.16,6.34,20.47,10.63,25.73,12.87,17.23,18.67,16.55,23.3,20.28,10.93,31.23,18.09,23.22,20.12,8.97,14.41,14.38,10.53,12.46,19.92,26.15,29.32,8.45,4.44,2.98,20.91,7.85,13.35,7.37,8.3,12.4,8.57,9.57,5.07,19.61,17.03,9.04,5.99,19.46,5.01,8.5,18.08,8.75,7.03,16.9,32.53,19.76,4.48,17.37,10.18,8.44,8.63,31.21,18.81,4.09,6.23,17.61,7.61,19.89,7.66,4.95,3.85,19.98,4.87,6.73,0.0,9.31,3.55,3.23,19.29,18.37,5.7,5.4,1.85,2.42,6.2,4.86,1.49,8.35,8.64,3.52,5.44,6.78,5.7,6.5,4.16,1.71,8.43,5.1,3.83,3.87,5.65,2.89,1.86,2.42,5.81,10.22,9.8,10.53,13.18,18.84,11.73,6.24,14.41,20.73,12.04,13.71,12.35,9.61,22.25,11.32,14.51,21.3,16.7,37.25,15.03,8.41,9.5,15.14,12.7,12.49,9.16,10.39,13.57,18.92,11.61,14.66,12.85,14.24,13.01,11.24,22.28,10.57,12.33,11.27,11.71,12.75,8.71,17.08,10.43,13.28,12.73,11.34,12.62,11.64,19.85,14.96,11.62,12.49,17.87,16.15,34.13,27.93,28.8,24.7,24.18,24.96,21.65,40.69,29.84,33.35,31.56,25.69,40.46,42.85,31.94,38.66,25.36,27.88,38.99,25.49,27.01,20.38,7.0,12.13,9.55,11.48,4.77,10.65,16.61,18.35,19.73,26.06,9.82,10.48,27.03,21.95,9.94,24.13,28.23,8.44,23.2,25.13,17.48,20.93,15.6,26.65,21.53,10.73,15.9,22.06,18.96,12.57,10.84,26.29,22.18,21.44,11.95,9.5,11.32,13.97,24.15,22.72,24.64,13.78,13.14,13.0,13.05,13.22,11.92,14.63,10.82,19.35,15.28,16.1,22.3,11.98,18.24,18.17,18.46,6.35,18.01,7.9,13.81,12.55,9.41,6.66,16.08,13.17,11.76,19.3,12.99,20.15,20.58,17.88,19.85,9.53,13.88,11.62,22.04,19.44,13.44,19.26,26.49,29.63,27.19,22.35,20.02,13.35,20.89,21.47,20.54,28.14,19.15,19.03,26.77,14.76,27.22,12.37,10.36,9.58,20.56,19.81,18.71,17.67,26.81,36.62,34.68,32.86,17.82,32.45,18.36,18.96,20.4,24.61,21.26,20.72,28.66,25.42,22.43,20.37,22.77,27.61,32.44,27.0,26.0,23.89,24.41,40.04,31.17,25.66,28.54,33.48,23.9,34.63,34.07,34.86,35.83,22.1,53.35,40.73,25.03,25.65,28.59,54.38,34.49,37.24,42.27,39.25
39.07,11.04,21.43,32.5,15.21,21.09,8.12,58.69,13.47,15.26,27.09,17.8,26.46,39.47,13.95,17.1,25.97,1.81,27.52,14.65,11.79,29.43,8.31,25.08,19.23,12.72,33.01,21.58,28.72,23.6,12.46,16.19,16.17,21.29,23.22,18.47,37.5,32.79,11.66,6.54,8.88,13.92,13.34,24.7,3.87,11.79,3.59,12.05,15.06,18.67,12.78,7.21,4.69,9.48,18.41,6.6,1.62,17.03,14.24,7.93,7.2,34.32,18.71,18.08,15.92,11.65,4.94,12.12,32.99,17.36,8.2,11.73,12.17,8.51,13.24,6.23,9.93,17.45,18.92,5.73,10.01,9.31,0.0,10.96,12.19,13.94,13.02,7.1,9.87,10.8,11.38,9.08,11.13,10.63,8.9,1.41,8.87,5.09,2.57,6.61,7.49,5.65,10.47,4.27,17.16,9.37,6.4,4.47,7.82,8.16,7.41,4.69,21.54,10.36,21.84,24.5,30.16,23.05,17.56,19.59,25.91,17.22,25.03,12.91,20.93,27.43,22.64,19.7,26.48,28.02,48.24,17.06,10.44,11.53,17.17,14.73,14.52,11.19,12.42,15.6,20.95,12.46,16.69,11.65,16.27,15.04,13.27,24.31,12.6,14.35,10.08,13.74,11.55,7.51,19.1,12.46,12.73,11.8,10.15,11.42,13.67,21.88,16.99,13.65,11.3,12.51,10.8,36.16,29.96,30.83,26.73,26.21,28.67,23.68,42.72,31.87,35.38,33.59,27.72,42.49,44.88,33.97,40.69,27.39,29.91,41.02,29.2,29.04,19.18,5.24,3.22,2.04,2.57,17.12,16.48,20.32,22.06,23.45,29.78,15.65,16.31,30.75,25.66,13.66,27.84,31.94,14.27,26.92,28.84,21.19,24.64,19.32,30.36,25.24,14.8,19.62,25.78,22.67,16.28,14.55,30.0,25.89,25.16,3.04,7.88,3.81,11.38,22.96,21.52,23.44,11.8,11.15,11.01,4.14,11.23,4.42,13.44,9.21,14.53,6.3,14.91,21.1,4.3,17.04,8.25,29.45,20.04,29.01,18.89,19.64,23.54,20.4,17.97,27.07,24.16,22.75,30.3,23.98,31.14,31.57,28.87,30.84,20.53,20.74,22.61,33.03,30.44,24.44,9.35,25.23,28.37,25.93,21.09,20.58,13.91,11.51,20.21,10.63,26.88,19.71,19.59,25.51,9.49,25.96,12.92,15.54,12.28,19.3,18.55,13.79,14.6,38.13,47.94,46.0,44.18,29.14,37.64,29.68,30.28,31.72,35.93,32.58,32.04,33.84,36.74,33.74,31.69,34.09,38.93,37.62,32.55,33.55,35.21,35.73,45.22,42.49,36.98,39.86,38.66,35.21,39.81,45.39,48.08,47.15,33.41,58.54,44.04,30.22,30.83,31.9,59.56,37.8,48.56,53.59,50.57
30.53,7.94,18.58,31.1,20.43,22.93,14.16,50.16,12.08,6.72,18.55,16.41,25.07,30.93,12.55,11.41,17.43,12.3,26.12,13.26,17.02,23.74,13.5,23.69,17.24,11.32,31.62,18.48,20.18,20.51,9.36,14.8,14.77,15.59,17.53,20.31,28.96,26.27,8.84,3.97,1.95,21.3,4.8,16.16,9.05,8.69,14.08,8.95,6.52,10.13,20.0,13.99,10.18,6.38,16.42,5.4,10.17,15.04,5.7,3.99,13.85,32.92,16.72,9.54,17.76,8.55,10.11,9.02,31.6,19.2,4.48,3.19,17.39,4.57,20.28,4.62,1.91,8.91,16.94,4.65,3.69,3.55,10.96,0.0,6.34,19.04,18.12,6.25,1.88,4.95,5.52,2.83,5.41,4.77,4.97,10.02,4.06,7.55,8.16,3.76,3.13,3.91,3.62,9.27,10.23,4.38,3.3,7.42,1.47,2.4,2.65,5.56,12.99,6.43,13.29,15.94,21.6,14.5,9.0,11.04,17.36,8.67,16.48,8.98,12.37,18.88,14.09,11.14,17.93,19.47,42.39,15.58,8.95,10.05,15.69,13.25,13.04,9.71,10.93,14.12,19.47,12.16,15.2,13.4,14.79,13.56,11.79,22.83,11.12,12.87,11.82,12.26,13.29,9.26,17.62,10.97,13.83,13.27,11.89,13.17,12.19,20.4,15.51,12.17,13.04,17.61,15.9,34.68,28.48,29.34,25.25,24.73,25.51,22.2,41.24,30.38,33.89,32.1,26.23,41.01,43.4,32.49,39.21,25.9,28.42,39.54,26.03,27.56,20.93,7.55,13.51,10.92,12.86,9.9,13.32,17.16,18.89,20.28,26.61,12.48,13.14,27.58,22.49,10.49,24.68,28.77,11.11,23.75,25.68,18.02,21.47,16.15,27.2,22.07,11.64,16.45,22.61,19.51,13.11,11.39,26.83,22.72,21.99,13.33,9.25,12.7,13.72,24.7,23.27,25.18,13.53,12.88,12.74,14.42,12.96,13.3,15.18,10.57,19.9,15.18,16.65,22.85,8.61,18.79,14.79,23.59,11.48,23.15,13.03,16.47,17.69,14.54,11.79,21.22,18.3,16.9,24.44,18.12,25.29,25.71,23.01,24.98,14.67,17.58,16.75,27.17,24.58,18.58,15.89,23.12,26.26,23.82,18.98,16.65,9.98,17.52,18.1,17.17,24.77,15.78,15.66,23.4,11.39,23.85,8.99,6.99,6.21,17.19,16.44,15.34,14.3,29.58,39.39,37.45,35.63,20.59,29.08,21.12,21.72,23.16,27.38,24.03,23.49,25.29,28.19,25.19,23.14,25.54,30.37,29.07,24.0,25.0,26.66,27.18,36.67,33.94,28.43,31.3,30.11,26.66,31.26,36.84,39.52,38.6,24.86,49.98,37.36,21.66,22.28,25.22,51.01,31.12,40.01,45.03,42.02
29.76,12.38,13.36,32.4,23.55,24.23,22.6,58.6,13.38,15.17,27.0,17.71,26.37,30.16,13.85,6.19,25.87,13.53,27.42,14.56,20.14,18.52,21.95,24.99,25.68,12.62,32.92,20.33,28.62,22.35,10.83,16.1,16.07,10.38,12.31,21.61,28.19,34.72,13.28,7.35,5.88,22.6,13.25,15.39,10.28,10.54,15.31,10.8,14.97,3.79,21.3,22.43,10.73,7.68,24.86,6.7,11.4,23.48,14.15,12.43,22.3,34.22,25.16,3.2,19.05,10.03,11.34,10.87,32.9,20.5,5.78,11.64,22.19,13.01,21.58,13.06,10.35,2.67,25.38,7.77,12.13,3.23,12.19,6.34,0.0,23.61,21.14,7.34,10.67,1.56,2.02,11.48,6.5,3.74,13.62,11.4,5.16,8.21,9.55,8.47,11.78,6.93,2.79,10.08,4.06,5.47,6.64,8.41,5.66,4.62,5.19,8.58,12.31,15.08,12.61,15.26,20.92,13.82,8.32,19.69,26.01,17.32,14.44,17.63,11.69,27.53,13.41,19.79,26.58,18.79,37.28,16.68,10.05,11.15,16.79,14.34,14.13,10.81,12.03,15.22,20.56,13.25,16.3,14.49,15.88,14.66,12.88,23.92,12.21,13.97,12.92,13.36,14.39,10.35,18.72,12.07,14.92,14.37,12.99,14.26,13.28,21.5,16.61,13.26,14.14,20.63,18.92,35.77,29.58,30.44,26.34,25.82,27.28,23.29,42.33,31.48,34.99,33.2,27.33,42.11,44.5,33.59,40.31,27.0,29.52,40.63,27.8,28.65,22.02,8.64,14.9,12.31,14.25,4.79,10.68,18.92,20.66,22.05,28.38,9.85,10.5,29.35,24.26,12.26,26.45,30.54,8.47,25.52,27.44,19.79,23.24,17.92,28.97,20.87,10.76,18.22,24.38,21.27,14.88,13.15,28.6,24.49,23.76,14.72,12.27,14.09,16.74,25.79,24.36,26.28,16.55,15.9,15.76,15.81,15.98,14.69,16.28,13.59,20.99,18.05,17.74,23.94,17.26,19.88,23.44,18.48,5.08,18.04,7.92,13.84,12.58,9.43,6.68,16.11,13.19,11.79,19.33,13.01,20.18,20.6,17.9,19.87,6.54,13.9,11.64,22.06,19.47,13.47,24.54,31.77,34.91,32.47,27.63,25.3,18.63,26.16,26.75,25.82,33.42,24.43,24.3,32.05,20.03,32.5,17.64,15.64,14.86,25.83,25.09,23.99,22.95,28.9,38.71,36.77,34.95,19.9,37.73,20.44,21.04,22.48,26.7,23.35,22.8,33.94,27.51,24.51,22.46,24.86,29.69,37.71,29.08,28.09,25.98,26.49,45.32,33.26,27.75,30.62,38.76,25.98,39.91,36.16,36.95,37.92,24.18,58.63,46.0,30.31,30.93,33.87,59.66,39.76,39.33,44.35,41.33
51.05,21.44,31.83,29.83,2.57,10.73,21.59,70.68,18.74,27.25,39.08,19.9,36.87,51.46,24.35,27.5,37.95,15.28,37.92,16.75,3.37,39.83,21.79,35.49,33.16,23.12,43.41,31.98,40.7,34.0,22.86,18.29,18.27,31.69,33.62,8.11,49.49,46.73,22.07,18.52,18.87,2.29,25.33,36.68,17.16,22.19,17.06,22.45,27.05,28.83,3.33,20.69,13.98,19.88,32.34,17.0,13.76,30.96,26.23,19.91,20.67,44.72,32.64,23.31,5.2,22.05,18.23,22.52,43.4,6.09,18.6,23.72,3.27,20.49,2.71,18.21,21.92,22.68,32.86,14.38,22.0,19.29,13.94,19.04,23.61,0.0,1.44,18.41,21.91,22.25,21.36,21.13,21.48,20.61,20.95,13.61,19.22,17.13,16.41,18.65,19.53,15.63,20.82,13.56,27.51,19.72,16.78,16.52,17.8,18.14,17.4,14.61,33.59,22.4,33.89,36.54,42.2,35.09,29.6,31.64,37.95,29.27,37.12,24.95,32.97,39.48,34.69,31.74,38.52,40.06,58.59,18.87,17.34,16.13,18.98,25.08,19.49,17.68,17.39,17.41,22.76,14.74,27.04,13.93,26.62,25.39,23.62,26.12,15.51,15.67,12.36,24.09,9.72,13.25,20.91,22.81,15.01,14.08,12.43,13.71,24.02,23.69,27.34,24.0,13.58,3.92,6.24,46.51,40.31,41.18,37.08,28.02,39.03,34.03,53.07,29.8,45.73,30.76,38.07,52.85,55.24,31.14,51.04,29.2,40.26,51.37,39.55,39.39,8.55,15.94,16.65,11.9,16.0,27.47,26.83,30.67,32.41,33.8,40.13,26.0,26.66,41.1,36.01,24.01,38.2,42.29,24.63,37.27,39.19,31.54,34.99,29.67,40.72,35.59,25.15,29.97,36.13,33.02,26.63,24.9,40.35,36.24,35.51,16.47,10.32,10.7,6.83,12.33,10.9,12.81,9.52,8.87,8.73,17.57,6.99,9.64,8.8,9.98,4.27,7.65,7.47,10.47,17.73,7.89,21.68,39.8,29.82,39.36,29.24,29.99,33.89,30.75,28.32,37.42,34.51,33.1,40.65,34.33,41.5,41.92,39.22,41.19,30.88,31.1,32.96,43.38,40.79,34.79,22.78,39.1,42.24,39.79,34.95,32.62,25.95,24.94,34.08,24.06,40.75,31.75,31.63,39.37,22.92,39.82,24.97,27.59,24.32,33.16,32.41,31.32,30.27,50.18,59.98,58.04,56.23,41.18,49.68,41.72,42.32,43.76,47.98,44.62,44.08,45.88,48.79,45.79,43.73,46.14,50.97,49.66,44.6,45.6,47.25,47.77,57.26,54.54,49.03,51.9,50.7,47.26,51.86,57.44,60.12,59.19,45.46,70.58,57.9,42.26,42.88,45.77,71.6,51.66,60.6,65.63,62.61
50.13,20.55,30.94,29.57,2.82,10.48,20.67,69.76,18.49,26.33,38.16,19.65,35.97,50.53,23.46,26.61,37.03,14.36,37.03,16.5,2.45,38.94,20.87,34.59,32.24,22.23,42.52,31.09,39.78,33.11,21.96,18.04,18.01,30.8,32.73,7.86,48.57,45.81,21.17,17.6,17.95,2.27,24.41,35.76,16.24,21.3,16.14,21.56,26.13,27.93,2.96,19.77,13.06,18.99,31.42,16.11,12.84,30.04,25.31,18.99,19.75,43.83,31.72,22.39,4.94,21.16,17.3,21.63,42.5,5.84,17.7,22.8,2.35,19.57,2.46,17.29,21.0,21.76,31.94,13.46,21.08,18.37,13.02,18.12,21.14,1.44,0.0,16.23,20.92,19.8,20.37,20.14,20.27,19.62,19.96,12.62,18.01,16.14,15.42,17.66,18.54,14.64,19.6,12.57,26.29,18.5,15.79,15.52,16.81,17.15,16.41,13.62,32.6,21.41,32.9,35.55,41.21,34.1,28.61,30.65,36.96,28.28,36.08,23.96,31.98,38.48,33.7,30.75,37.53,39.07,57.38,18.62,19.57,15.88,18.73,23.87,19.24,20.33,17.14,17.16,22.5,14.49,25.82,13.68,25.41,24.18,22.4,25.87,15.26,15.42,12.11,22.88,9.47,13.0,20.66,21.59,14.75,13.82,12.18,13.45,22.8,23.44,26.13,22.79,13.33,2.93,5.25,45.3,39.1,39.96,35.87,27.77,37.81,32.82,51.85,29.55,44.51,30.5,36.85,51.63,54.02,30.89,49.83,28.94,39.04,50.15,38.33,38.18,8.3,14.37,15.66,10.91,15.01,26.25,25.62,29.46,31.19,32.58,38.91,24.79,25.44,39.88,34.79,22.79,36.98,41.08,23.41,36.05,37.98,30.32,33.77,28.45,39.5,34.37,23.94,28.75,34.91,31.81,25.42,23.69,39.13,35.03,34.29,15.48,9.33,9.71,5.84,12.08,10.64,12.56,8.53,7.88,7.74,16.58,6.0,8.65,8.55,8.99,4.02,6.66,7.22,10.22,16.74,7.64,20.69,38.58,28.61,38.14,28.03,28.77,32.68,29.53,27.1,36.21,33.29,31.89,39.43,33.12,40.28,40.71,38.01,39.98,29.66,29.88,31.74,42.17,39.57,33.57,21.79,38.11,41.25,38.8,33.96,31.63,24.96,23.95,33.09,23.07,39.76,30.76,30.64,38.38,21.93,38.83,23.98,26.6,23.33,32.17,31.42,30.33,29.28,49.19,58.99,57.05,55.24,40.19,48.69,40.73,41.33,42.77,46.99,43.63,43.09,44.89,47.8,44.8,42.74,45.15,49.98,48.67,43.61,44.61,46.26,46.78,56.27,53.55,48.04,50.91,49.71,46.27,50.87,56.45,59.13,58.2,44.47,69.59,56.91,41.27,41.89,44.78,70.61,50.67,59.61,64.64,61.62
33.23,6.62,17.0,28.73,18.6,19.0,14.75,56.02,9.71,12.58,24.41,14.04,22.7,33.64,10.18,12.68,23.29,8.44,23.75,10.89,15.19,25.01,14.94,21.32,22.58,8.95,29.25,17.15,26.04,19.18,8.03,12.43,12.4,16.86,18.8,16.38,31.67,32.13,7.9,5.88,5.8,17.36,10.66,18.86,6.58,7.36,10.22,7.63,12.38,14.0,16.06,13.84,4.54,5.06,21.76,1.68,6.31,20.39,11.56,9.33,13.83,30.55,22.06,8.43,13.82,7.22,7.65,7.69,29.23,15.27,3.15,9.05,16.96,9.91,16.35,7.63,7.77,7.89,22.28,5.08,11.42,5.7,7.1,6.25,7.34,18.41,16.23,0.0,7.78,5.85,7.64,8.59,4.43,6.35,11.31,7.21,2.37,7.49,6.77,9.01,9.89,4.67,4.42,4.75,13.17,3.57,5.14,6.87,4.67,3.98,3.69,5.32,15.57,12.76,15.87,18.52,24.19,17.08,11.58,16.8,23.12,14.43,19.06,15.31,14.96,24.64,16.67,16.9,23.69,22.05,44.26,13.2,6.57,7.67,13.31,10.87,10.66,7.33,8.55,11.74,17.08,9.78,12.82,9.17,12.41,11.18,9.4,20.45,8.74,10.49,7.59,9.88,9.07,5.03,15.24,8.59,10.24,9.31,7.66,8.94,9.8,18.02,13.13,9.79,8.81,16.88,15.17,32.3,26.1,26.96,22.87,22.35,24.69,19.82,38.85,28.0,31.51,29.72,23.85,38.63,41.02,30.11,36.83,23.52,26.04,37.15,25.21,25.18,16.7,3.32,10.7,8.12,10.05,13.13,12.5,16.34,18.07,19.46,25.79,11.66,12.32,26.76,21.67,9.67,23.86,27.95,10.29,22.93,24.86,17.2,20.65,15.33,26.38,21.25,10.82,15.63,21.79,18.68,12.29,10.56,26.01,21.9,21.17,10.52,8.51,9.89,12.99,20.47,19.04,20.96,12.8,12.15,12.01,11.62,12.23,10.49,10.95,9.84,15.67,14.29,12.42,18.62,11.78,14.56,15.73,25.46,10.12,25.02,14.9,15.65,19.56,16.41,13.98,23.09,20.17,18.77,26.31,19.99,27.16,27.58,24.88,26.85,16.54,16.76,18.62,29.04,26.45,20.45,16.83,29.45,32.59,30.15,25.31,22.98,16.31,23.85,24.43,18.11,31.1,22.11,21.99,29.73,17.72,30.18,15.33,12.75,11.97,23.52,22.77,21.67,20.63,32.16,41.97,40.03,38.21,23.17,34.84,23.71,24.3,25.75,29.96,26.61,26.07,31.05,30.77,27.77,25.72,28.12,32.96,34.82,29.76,30.76,29.24,29.76,42.43,36.52,31.01,33.89,35.86,29.24,37.02,39.42,45.28,41.18,27.44,55.74,43.11,27.42,28.04,30.98,56.77,36.87,42.59,47.62,44.6
30.4,9.79,18.46,32.95,23.3,25.48,13.07,50.03,13.93,6.6,18.43,18.26,26.91,30.81,14.4,11.28,17.31,11.21,27.97,15.1,19.88,23.61,12.41,25.53,16.15,13.17,33.46,20.33,20.06,22.35,11.21,16.64,16.62,15.47,17.4,22.86,28.84,26.15,10.69,3.89,3.79,23.85,4.68,16.04,7.96,10.54,12.99,10.8,6.4,10.01,22.55,12.9,9.09,8.23,15.33,7.25,9.08,13.95,5.58,2.9,12.76,34.77,15.63,9.42,20.31,10.4,9.02,10.87,33.45,21.75,6.33,3.07,20.26,3.48,22.84,3.22,1.78,8.79,15.84,8.71,2.6,5.4,9.87,1.88,10.67,21.91,20.92,7.78,0.0,6.84,8.72,1.8,7.29,6.66,4.01,9.05,5.95,3.86,7.19,2.54,1.92,8.28,5.51,8.3,10.1,6.27,4.37,6.45,3.63,4.29,3.73,7.62,12.86,5.46,13.16,15.81,21.47,14.36,8.87,10.91,17.22,8.54,16.35,8.01,12.24,18.75,13.96,11.01,17.79,19.33,42.25,17.47,10.84,11.94,17.58,15.13,14.92,11.6,12.82,16.01,21.35,14.05,17.09,15.68,16.68,15.45,13.67,24.72,13.01,14.76,14.1,14.15,15.58,11.54,19.51,12.86,15.71,15.82,14.17,15.45,14.07,22.29,17.4,14.05,15.32,20.28,18.56,36.57,30.37,31.23,27.13,26.61,27.4,24.08,43.12,32.27,35.78,33.99,28.12,42.9,45.29,34.38,41.1,27.79,30.31,41.42,27.92,29.45,23.21,9.26,12.54,9.96,11.89,9.77,15.66,19.04,20.78,22.17,28.5,14.82,15.48,29.47,24.38,12.38,26.56,30.66,13.45,25.64,27.56,19.91,23.36,18.04,29.09,23.96,15.73,18.34,24.5,21.39,15.0,13.27,28.72,24.61,23.88,12.36,11.91,11.73,16.38,26.98,25.55,27.47,16.2,15.55,15.4,13.46,15.63,12.33,17.46,13.23,22.18,14.21,18.93,25.13,7.64,21.07,13.83,23.46,11.35,23.02,12.9,18.81,17.55,14.41,11.66,21.08,18.17,16.76,24.3,17.99,25.15,25.58,22.88,24.85,14.53,18.88,16.62,27.04,24.45,18.44,14.92,22.16,25.29,22.85,18.01,15.68,9.01,16.55,17.14,16.2,23.81,14.81,14.69,22.43,10.42,22.88,8.03,6.86,6.08,16.22,15.47,14.38,13.33,29.45,39.25,37.31,35.5,20.45,28.95,20.99,21.59,23.03,27.25,23.89,23.35,25.15,28.06,25.06,23.0,25.41,30.24,28.93,23.87,24.87,26.52,27.04,36.53,33.81,28.3,31.17,29.97,26.53,31.13,36.71,39.39,38.46,24.73,49.85,37.22,21.53,22.15,25.08,50.87,30.98,39.87,44.9,41.88
29.82,7.86,13.43,31.02,22.17,22.84,18.72,54.72,11.99,11.28,23.11,16.32,24.98,30.23,12.47,6.26,21.99,12.15,26.04,13.17,18.75,18.59,18.07,23.6,21.8,11.24,31.53,18.39,24.74,20.42,10.9,14.71,14.69,10.44,12.38,20.23,28.26,30.83,8.76,5.96,4.5,21.21,9.37,15.45,8.89,8.6,13.92,8.87,11.08,3.86,19.91,18.55,9.35,6.3,20.98,5.31,10.02,19.6,10.26,8.55,18.41,32.84,21.28,3.27,17.67,10.09,9.95,8.94,31.51,19.11,4.39,7.75,20.8,9.13,20.2,9.18,6.47,2.73,21.5,6.39,8.25,1.85,10.8,4.95,1.56,22.25,19.8,5.85,6.84,0.0,2.09,7.63,5.16,2.39,9.77,10.06,3.82,6.87,8.21,7.13,7.93,5.59,1.45,8.74,4.13,4.13,5.29,7.07,4.32,3.28,3.85,7.24,12.38,11.23,12.68,15.33,20.99,13.89,8.39,15.84,22.15,13.47,14.51,13.77,11.76,23.68,13.48,15.94,22.72,18.86,37.35,15.34,8.71,9.8,15.44,13.0,12.79,9.46,10.69,13.87,19.22,11.91,14.96,13.15,14.54,13.32,11.54,22.58,10.87,12.63,11.57,12.01,13.05,9.01,17.38,10.73,13.58,13.03,11.64,12.92,11.94,20.15,15.26,11.92,12.79,19.29,17.58,34.43,28.23,29.1,25.0,24.48,25.26,21.95,40.99,30.14,33.65,31.86,25.99,40.77,43.16,32.24,38.96,25.66,28.18,39.29,25.79,27.31,20.68,7.3,13.56,10.97,12.9,4.86,10.75,16.91,18.65,20.03,26.36,9.92,10.57,27.33,22.25,10.24,24.43,28.53,8.54,23.5,25.43,17.78,21.23,15.9,26.95,21.83,10.83,16.21,22.36,19.26,12.87,11.14,26.59,22.48,21.74,13.37,10.92,12.75,15.4,24.45,23.02,24.94,15.21,14.56,14.42,14.47,14.64,13.35,14.93,12.25,19.65,16.7,16.4,22.6,13.41,18.54,19.59,18.55,5.15,18.11,7.99,13.91,12.65,9.5,6.75,16.18,13.26,11.86,19.4,13.08,20.25,20.67,17.97,19.94,6.61,13.97,11.71,22.13,19.54,13.54,20.69,27.92,31.06,28.62,23.78,21.44,14.78,22.31,22.9,21.97,29.57,20.58,20.45,28.2,16.18,28.64,13.79,11.79,11.01,21.98,21.23,20.14,19.09,28.97,38.78,36.84,35.02,19.97,33.88,20.51,21.11,22.55,26.77,23.42,22.87,30.09,27.58,24.58,22.53,24.93,29.76,33.86,29.15,28.16,26.05,26.56,41.46,33.33,27.82,30.69,34.9,26.05,36.06,36.23,37.02,37.99,24.25,54.78,42.15,26.46,27.08,30.02,55.8,35.91,39.4,44.42,41.4
27.76,10.38,11.37,32.81,22.74,24.63,20.6,56.6,13.78,13.17,25.0,18.11,26.77,28.16,14.26,4.2,23.87,12.72,27.83,14.96,19.32,16.52,19.95,25.39,23.69,13.03,33.32,18.33,26.63,20.36,8.84,16.5,16.48,8.38,10.32,22.02,26.2,32.72,11.28,6.53,5.07,23.0,11.25,13.39,9.46,8.54,14.5,8.8,12.97,2.73,21.7,20.44,11.14,8.09,22.86,7.1,10.59,21.49,12.15,10.44,20.3,34.63,23.17,2.14,19.46,8.03,10.53,8.87,33.3,20.9,6.18,9.64,19.7,11.02,21.99,11.07,8.35,1.51,23.38,6.96,10.13,2.42,11.38,5.52,2.02,21.36,20.37,7.64,8.72,2.09,0.0,9.44,6.83,2.94,11.59,10.61,5.49,7.41,8.75,10.37,9.74,6.14,2.85,10.41,3.09,5.81,5.84,7.62,4.87,3.83,4.4,7.79,10.27,13.04,10.57,13.22,18.88,11.78,6.28,17.65,23.97,15.28,12.4,15.59,9.65,25.49,11.37,17.76,24.54,16.75,35.24,17.01,10.38,11.48,17.12,14.67,14.47,11.14,12.36,15.55,20.89,13.59,16.63,14.82,16.22,14.99,13.21,24.26,12.55,14.3,13.25,13.69,14.72,10.69,19.05,12.4,15.25,14.7,13.32,14.6,13.61,21.83,16.94,13.6,14.47,19.84,18.12,36.11,29.91,30.77,26.68,26.16,25.24,23.63,42.66,31.81,35.32,33.53,27.66,42.44,44.83,33.92,40.64,27.33,29.85,40.96,25.76,28.99,22.35,8.98,14.1,11.52,13.45,2.75,8.64,16.89,18.62,20.01,26.34,7.81,8.46,27.31,22.22,10.22,24.41,28.5,6.43,23.48,25.41,17.75,21.2,15.88,26.93,18.83,8.72,16.18,22.34,19.24,12.84,11.12,26.56,22.45,21.72,13.92,11.47,13.29,15.95,26.13,24.7,26.61,15.76,15.11,14.97,15.02,15.19,13.9,16.61,12.8,21.32,17.25,18.08,24.27,15.22,20.22,21.41,16.44,3.66,16.0,5.89,11.8,10.54,7.39,4.65,14.07,11.16,9.75,17.29,10.98,18.14,18.57,15.87,17.84,7.52,11.86,9.61,20.03,17.43,11.43,22.5,29.73,32.87,30.43,25.59,23.26,16.59,24.13,24.72,23.78,31.39,22.39,22.27,30.01,18.0,30.46,15.61,13.6,12.82,23.8,23.05,21.95,20.91,26.86,36.67,34.73,32.91,17.87,35.7,18.41,19.0,20.45,24.66,21.31,20.77,31.9,25.47,22.47,20.42,22.82,27.66,35.68,27.05,26.05,23.94,24.46,43.28,31.22,25.71,28.59,36.72,23.94,37.87,34.12,34.91,35.88,22.14,56.59,43.97,28.27,28.89,31.83,57.62,37.73,37.29,42.31,39.3
31.21,10.6,19.26,36.1,22.51,24.69,12.28,49.89,17.08,6.46,18.29,21.41,30.07,31.62,17.55,12.09,17.16,10.42,31.12,18.25,19.09,24.42,11.62,28.69,15.36,16.32,36.61,21.14,19.91,23.16,12.01,19.79,19.77,16.28,18.21,22.08,29.65,26.01,11.5,3.85,4.6,23.06,4.54,16.84,7.17,11.35,12.2,11.61,6.26,10.82,21.76,12.11,8.3,9.04,14.54,10.2,8.29,13.16,5.44,1.18,11.97,37.92,14.84,10.23,19.52,11.21,8.23,11.68,36.6,20.96,7.13,2.13,19.47,2.5,22.05,2.91,1.14,9.6,15.06,7.92,1.44,6.2,9.08,2.83,11.48,21.13,20.14,8.59,1.8,7.63,9.44,0.0,7.98,7.35,1.98,8.43,6.64,5.97,6.57,2.59,1.97,7.66,6.19,7.68,10.78,6.95,5.67,5.84,4.32,4.97,5.5,7.01,13.54,4.85,13.84,16.49,22.15,15.05,9.55,10.73,17.05,8.36,17.03,7.39,12.92,18.57,14.64,10.84,17.62,20.02,42.94,20.48,13.85,14.94,20.59,18.14,17.93,14.6,15.83,19.02,24.36,15.87,20.1,15.06,19.68,18.46,16.68,27.72,16.01,17.77,13.49,17.16,14.96,10.93,22.52,15.87,16.14,15.21,13.56,14.84,17.08,25.29,20.4,17.06,14.71,19.66,17.94,39.57,33.37,34.24,30.14,29.62,28.08,27.09,46.13,35.28,38.79,37.0,31.13,45.91,48.3,37.38,44.1,30.8,33.32,44.43,28.6,32.45,22.59,8.65,11.92,9.34,11.27,10.45,16.34,19.73,21.46,22.85,29.18,15.51,16.16,30.15,25.07,13.06,27.25,31.35,14.13,26.32,28.25,20.59,24.04,18.72,29.77,24.64,16.42,19.02,25.18,22.08,15.69,13.96,29.4,25.3,24.56,11.74,11.29,11.11,15.77,26.37,24.94,26.85,15.58,14.93,14.79,12.84,15.01,11.72,16.85,12.62,21.56,13.6,18.32,24.51,7.03,20.46,13.21,24.14,12.03,23.7,13.59,19.5,18.24,15.09,12.34,21.77,18.85,17.45,24.99,18.67,25.84,26.27,23.56,25.53,15.22,19.56,17.3,27.73,25.13,19.13,14.31,21.54,24.68,22.24,17.4,15.07,8.4,15.93,16.52,15.59,23.19,14.2,14.07,21.82,9.8,22.26,7.41,6.68,5.9,15.6,14.85,13.76,12.71,30.13,39.94,38.0,36.18,21.14,28.78,21.68,22.27,23.71,27.93,24.58,24.04,24.98,28.74,25.74,23.69,26.09,30.93,28.76,23.69,24.69,27.21,27.73,36.36,34.49,28.98,31.85,29.8,27.21,30.95,37.39,39.21,39.15,25.41,49.67,37.05,21.35,21.97,24.91,50.7,30.81,40.56,45.58,42.57
34.01,2.96,13.35,30.25,22.64,22.07,18.78,55.17,8.18,11.74,23.57,12.51,24.21,34.41,11.7,9.02,22.45,12.47,25.27,9.36,19.22,21.35,18.52,22.83,22.26,10.47,30.76,13.5,25.2,15.52,2.15,10.9,10.87,13.21,15.14,19.46,33.05,31.29,3.86,6.16,4.95,20.44,9.82,20.25,10.62,3.71,14.25,3.97,11.54,10.35,19.14,17.88,8.58,5.53,21.44,3.9,10.34,20.06,10.72,9.01,17.86,32.07,21.74,11.38,16.9,3.57,11.68,4.04,30.74,18.34,4.05,8.21,20.04,9.59,19.43,11.67,6.92,9.72,21.95,5.86,8.7,4.86,11.13,5.41,6.5,21.48,20.27,4.43,7.29,5.16,6.83,7.98,0.0,5.84,10.22,10.51,2.25,10.79,10.06,7.24,8.38,5.05,3.91,8.05,8.95,1.49,5.52,6.54,4.77,3.47,4.08,8.62,19.07,11.68,19.37,20.0,25.66,20.58,15.08,16.29,22.61,13.92,18.56,14.23,18.45,24.13,20.17,16.39,23.18,23.53,40.04,11.5,4.87,5.96,11.61,9.25,8.95,5.32,6.85,10.04,15.38,8.07,11.21,9.6,10.79,9.56,7.79,18.74,7.03,8.79,10.89,8.26,12.36,8.33,13.54,6.98,9.74,9.19,10.96,12.24,8.19,16.32,11.51,8.17,9.25,20.18,18.46,30.68,24.48,25.35,21.25,20.64,20.47,18.2,37.24,26.39,29.9,28.11,22.24,37.01,39.4,28.49,35.21,21.82,24.43,35.54,20.99,23.56,20.0,6.62,14.0,11.41,13.35,8.91,8.28,12.12,13.85,15.24,21.57,7.45,8.1,22.54,17.45,5.45,19.64,23.74,6.07,18.71,20.64,12.98,16.43,11.11,22.16,17.03,6.6,11.41,17.57,14.47,8.08,6.35,21.79,17.69,16.95,13.82,11.81,13.19,16.29,23.77,22.34,24.25,16.1,15.45,15.31,14.92,15.53,13.79,14.25,13.14,18.97,17.59,15.72,21.91,15.08,17.86,19.03,21.24,11.27,20.8,10.69,11.43,15.34,12.19,9.76,18.87,15.95,14.55,22.09,15.78,22.94,23.37,20.67,22.64,12.32,12.54,14.4,24.83,22.23,16.23,20.13,28.37,31.51,29.07,24.23,21.9,15.23,22.77,23.35,21.4,30.02,21.03,20.91,28.65,16.64,29.1,14.24,12.24,11.46,22.44,21.69,20.59,19.55,33.06,42.87,40.93,39.11,24.64,34.33,25.18,25.78,27.22,31.44,28.09,27.54,30.54,32.25,28.67,27.2,29.6,34.43,34.32,29.25,32.82,30.72,30.66,41.92,38.0,31.91,35.36,35.36,30.72,36.51,40.32,41.69,42.08,28.92,55.23,42.61,26.91,27.53,30.47,56.26,36.37,43.49,48.51,45.5
27.69,8.35,14.02,31.51,21.99,23.34,18.54,54.54,12.49,11.11,22.94,16.82,25.48,28.09,12.96,6.85,21.81,11.97,26.53,13.67,18.58,19.17,17.89,24.1,21.63,11.73,32.03,20.98,24.56,23.0,11.49,15.21,15.18,11.03,12.97,20.72,26.12,30.66,9.25,5.78,4.32,21.71,9.19,13.32,8.71,11.19,13.75,11.45,10.91,5.57,20.41,18.38,9.84,6.79,20.8,5.81,9.84,19.43,10.09,8.37,18.24,33.33,21.1,4.98,18.16,10.68,9.78,11.52,32.01,19.61,4.89,7.58,18.95,8.95,20.69,9.01,6.29,4.35,21.32,6.21,8.07,1.49,10.63,4.77,3.74,20.61,19.62,6.35,6.66,2.39,2.94,7.35,5.84,0.0,9.63,9.93,4.81,6.73,8.07,6.99,7.79,5.45,2.16,9.72,5.56,5.12,5.16,6.94,4.18,3.14,3.71,7.1,10.15,11.09,10.45,13.1,18.76,11.65,6.16,15.7,22.02,13.33,13.63,13.64,9.53,23.54,11.24,15.8,22.59,16.62,37.71,16.32,9.7,10.79,16.43,13.99,13.78,10.45,11.67,14.86,20.21,12.9,15.95,14.14,15.53,14.3,12.53,23.57,11.86,13.61,12.56,13.0,14.03,10.0,18.36,11.72,14.57,14.01,12.63,13.91,12.93,21.14,16.25,12.91,13.78,19.15,17.44,35.42,29.22,30.09,25.99,25.47,27.71,22.94,41.98,31.13,34.64,32.84,26.97,41.75,44.14,33.23,39.95,26.65,29.17,40.28,28.23,28.3,21.67,8.29,13.42,10.83,12.77,5.22,11.11,19.36,21.09,22.48,28.81,10.28,10.93,29.78,24.69,12.69,26.88,30.97,8.9,25.95,27.88,20.22,23.67,18.35,29.4,21.3,11.19,18.65,24.81,21.7,15.31,13.58,29.03,24.92,24.19,13.24,10.79,12.61,15.26,25.44,24.01,25.93,15.07,14.43,14.28,14.34,14.5,13.21,15.92,12.11,20.64,16.57,17.39,23.59,13.27,19.53,19.45,18.91,6.81,18.47,8.36,14.27,13.01,9.86,7.12,16.54,13.62,12.22,19.76,13.45,20.61,21.04,18.34,20.31,9.99,14.33,12.07,22.5,19.9,13.9,20.55,27.78,30.92,28.48,23.64,21.31,14.64,22.18,22.76,21.83,29.43,20.44,20.32,28.06,16.05,28.51,13.65,11.65,10.87,21.84,21.1,20.0,18.96,26.73,36.54,34.6,32.78,17.74,33.74,18.28,18.88,20.32,24.54,21.18,20.64,29.95,25.34,22.35,20.29,22.7,27.53,33.72,26.92,25.92,23.81,24.33,41.33,31.09,25.58,28.46,34.77,23.82,35.92,34.0,34.78,35.75,22.02,54.64,42.02,26.32,26.94,29.88,55.67,35.78,37.16,42.19,39.17
33.36,14.46,21.41,35.92,22.33,24.51,12.1,48.89,16.9,5.45,17.28,21.23,29.89,33.76,17.37,14.23,16.16,10.25,30.94,18.08,18.91,26.56,11.45,28.51,15.18,16.14,36.44,25.0,18.91,27.03,15.88,19.62,19.59,18.42,20.35,21.9,31.79,25.0,15.09,5.29,6.74,22.88,5.15,18.99,6.99,15.21,12.02,15.48,4.63,12.96,21.58,11.93,8.12,12.9,14.36,10.02,8.12,12.98,4.43,1.0,11.8,37.74,14.66,12.37,19.34,15.07,8.05,15.54,36.42,20.78,9.28,4.11,19.29,2.51,21.87,3.94,3.12,11.74,14.88,7.74,2.89,8.35,8.9,4.97,13.62,20.95,19.96,11.31,4.01,9.77,11.59,1.98,10.22,9.63,0.0,8.26,8.66,5.79,6.4,4.48,4.06,7.49,8.22,7.51,12.81,8.98,5.49,5.66,6.34,7.0,7.53,6.83,15.57,4.67,15.87,18.52,24.18,17.08,11.58,9.79,16.11,7.42,19.06,7.22,14.95,17.63,16.67,9.89,16.68,22.05,44.97,20.3,13.67,14.77,20.41,17.96,17.76,14.43,15.65,18.84,24.18,15.69,19.92,14.89,19.51,18.28,16.5,27.55,15.84,17.59,13.31,16.98,14.78,10.75,22.34,15.69,15.96,15.03,13.38,14.66,16.9,25.12,20.23,16.89,14.53,19.48,17.77,39.4,33.2,34.06,29.96,29.45,31.91,26.91,45.95,35.1,38.61,36.82,30.95,45.73,48.12,37.21,43.93,30.62,33.14,44.25,32.43,32.28,22.42,8.47,11.75,9.16,11.1,12.48,18.37,23.56,25.29,26.68,33.01,17.54,18.19,33.98,28.89,16.89,31.08,35.17,16.16,30.15,32.08,24.42,27.87,22.55,33.6,28.47,18.04,22.85,29.01,25.91,19.51,17.79,33.23,29.13,28.39,11.57,11.12,10.94,15.59,26.19,24.76,26.67,15.4,14.75,14.61,12.66,14.83,11.54,16.67,12.44,21.39,13.42,18.14,24.34,6.85,20.28,13.03,26.17,14.06,25.73,15.61,21.52,20.27,17.12,14.37,23.8,20.88,19.48,27.02,20.7,27.87,28.29,25.59,27.56,17.25,21.59,19.33,29.75,27.16,21.16,14.13,21.36,24.5,22.06,17.22,14.89,8.22,15.76,16.34,15.41,23.01,14.02,13.9,21.64,9.63,22.09,7.23,5.27,3.37,15.43,14.68,13.58,12.54,32.16,41.97,40.03,38.21,23.16,27.83,23.7,24.3,25.74,29.96,26.61,26.07,24.04,30.77,27.77,25.72,28.12,32.95,27.81,22.75,23.75,29.24,29.76,35.41,36.52,31.01,33.88,28.85,29.24,30.01,39.42,38.27,41.18,27.44,48.73,36.1,20.41,21.03,23.97,49.75,29.86,42.59,47.61,44.59
38.4,10.37,20.76,31.83,14.99,20.42,9.06,58.02,12.8,14.59,26.42,17.13,25.79,38.8,13.28,16.43,25.3,2.75,26.85,13.98,11.58,28.76,9.25,24.41,20.51,12.05,32.34,20.91,28.05,22.93,11.79,15.52,15.5,20.62,22.55,17.8,36.83,34.07,10.99,5.87,8.21,13.71,12.67,24.03,3.2,11.12,4.53,11.38,14.39,18.0,12.57,8.15,4.02,8.81,19.68,5.93,0.95,18.31,13.57,7.26,8.14,33.65,19.99,17.41,15.25,10.98,4.27,11.45,32.32,16.69,7.53,11.06,11.96,7.84,13.02,5.56,9.26,16.78,20.2,5.06,9.34,8.64,1.41,10.02,11.4,13.61,12.62,7.21,9.05,10.06,10.61,8.43,10.51,9.93,8.26,0.0,8.18,4.41,1.88,5.92,6.8,4.97,9.78,3.59,16.47,8.68,5.71,3.79,7.14,7.47,6.73,4.01,20.86,9.67,21.16,23.81,29.47,22.37,16.87,18.91,25.23,16.54,24.35,12.22,20.24,26.75,21.96,19.01,25.8,27.34,47.56,16.38,9.75,10.85,16.49,14.04,13.84,10.51,11.73,14.92,20.26,11.77,16.0,10.97,15.59,14.36,12.58,23.63,11.92,13.67,9.39,13.06,10.86,6.83,18.42,11.77,12.04,11.11,9.46,10.74,12.98,21.2,16.31,12.97,10.61,12.15,10.44,35.48,29.28,30.14,26.04,25.53,27.99,22.99,42.03,31.18,34.69,32.9,27.03,41.81,44.2,33.29,40.01,26.7,29.22,40.33,28.51,28.36,18.5,4.55,4.26,1.68,3.61,16.43,15.8,19.64,21.37,22.76,29.09,14.97,15.62,30.06,24.97,12.97,27.16,31.25,13.59,26.23,28.16,20.5,23.95,18.63,29.68,24.55,14.12,18.93,25.09,21.99,15.59,13.87,29.31,25.21,24.47,4.08,7.2,3.45,11.02,22.27,20.84,22.75,11.44,10.79,10.65,5.18,10.87,4.06,12.75,8.52,14.16,5.93,14.22,20.42,5.34,16.36,9.29,28.76,19.35,28.32,18.21,18.95,22.86,19.71,17.28,26.39,23.47,22.07,29.61,23.29,30.46,30.89,28.18,30.15,19.84,20.06,21.92,32.35,29.75,23.75,10.39,26.37,29.51,27.06,22.23,19.89,13.22,12.55,21.35,11.67,28.02,19.02,18.9,26.65,10.53,27.09,12.24,14.86,11.59,20.43,19.68,14.83,17.54,37.45,47.25,45.31,43.5,28.45,36.95,28.99,29.59,31.03,35.25,31.9,31.35,33.16,36.06,33.06,31.01,33.41,38.24,36.93,31.87,32.87,34.52,35.04,44.53,41.81,36.3,39.17,37.97,34.53,39.13,44.71,47.39,46.47,32.73,57.85,45.17,29.53,30.15,33.04,58.87,38.93,47.88,52.9,49.88
31.05,4.83,15.21,27.99,20.38,19.81,16.52,53.83,8.96,10.4,22.23,13.29,21.95,31.45,9.44,10.89,21.1,10.21,23.01,10.14,16.96,23.22,17.18,20.57,20.91,8.21,28.5,15.36,23.85,17.39,6.24,11.68,11.66,15.08,17.01,17.2,29.48,29.95,5.73,4.09,3.61,18.18,8.48,16.68,6.3,5.57,11.99,5.84,10.2,6.83,16.88,15.62,6.32,3.27,20.09,1.83,8.08,18.72,9.38,7.66,15.6,29.81,20.39,6.24,14.64,5.44,7.36,5.91,28.48,16.08,1.36,6.87,17.77,8.24,17.17,7.35,5.58,5.71,20.61,3.8,7.36,3.52,8.87,4.06,5.16,19.22,18.01,2.37,5.95,3.82,5.49,6.64,2.25,4.81,8.66,8.18,0.0,4.9,5.59,5.17,6.7,2.98,2.23,4.91,11.23,1.39,3.45,4.46,3.09,1.79,2.0,4.63,13.39,10.0,13.69,16.34,22.0,14.89,9.4,14.61,20.93,12.24,16.87,12.55,12.77,22.45,14.48,14.71,21.5,19.86,42.32,12.82,6.2,7.29,12.93,10.49,10.28,6.95,8.17,11.36,16.71,9.4,12.45,9.32,12.03,10.8,9.03,20.07,8.36,10.11,7.74,9.5,9.22,5.18,14.86,8.22,11.07,10.51,7.81,9.09,9.43,17.64,12.75,9.41,8.96,17.03,15.32,31.92,25.72,26.59,22.49,21.97,22.75,19.44,38.48,27.62,31.14,29.34,23.47,38.25,40.64,29.73,36.45,23.15,25.66,36.78,23.27,24.8,16.85,3.47,10.85,8.27,10.2,11.19,10.56,14.4,16.13,17.52,23.85,9.73,10.38,24.82,19.74,7.73,21.92,26.02,8.35,20.99,22.92,15.26,18.71,13.39,24.44,19.31,8.88,13.69,19.85,16.75,10.36,8.63,24.07,19.97,19.23,10.67,8.67,10.04,13.14,20.62,19.19,21.11,12.95,12.3,12.16,11.77,12.38,10.65,11.1,9.99,15.82,14.45,12.57,18.77,12.18,14.71,18.36,23.52,7.93,23.08,12.97,13.71,17.62,14.47,12.04,21.15,18.24,16.83,24.37,18.06,25.22,25.65,22.95,24.92,14.6,14.82,16.68,27.11,24.51,18.51,19.46,26.69,29.83,27.39,22.55,20.22,13.55,21.09,21.67,20.74,28.34,19.35,19.23,26.97,14.96,27.42,12.56,10.56,9.78,20.75,20.01,18.91,17.87,29.97,39.78,37.84,36.02,20.98,32.65,21.52,22.12,23.56,27.78,24.42,23.88,28.86,28.59,25.59,23.53,25.94,30.77,32.64,27.57,28.57,27.05,27.57,40.24,34.33,28.82,31.7,33.68,27.06,34.83,37.24,43.09,38.99,25.26,53.55,40.93,25.23,25.85,28.79,54.58,34.69,40.4,45.43,42.41
35.93,10.65,21.04,32.11,18.51,20.7,14.96,55.56,13.09,12.13,23.96,17.42,26.07,36.34,13.56,16.71,22.83,6.43,27.13,14.26,15.1,29.04,14.31,24.69,18.04,12.33,32.62,21.19,25.59,23.21,12.07,15.8,15.78,20.9,22.83,18.08,34.37,31.61,11.28,1.5,5.01,19.07,10.21,21.56,3.18,11.4,8.21,11.66,11.93,15.54,17.77,11.84,4.31,9.09,17.22,6.21,4.3,15.84,11.11,4.79,11.82,33.93,17.52,14.95,15.53,11.26,4.24,11.73,32.61,16.97,7.81,8.6,15.48,5.37,18.06,2.09,6.8,14.32,17.74,3.52,6.88,5.44,5.09,7.55,8.21,17.13,16.14,7.49,3.86,6.87,7.41,5.97,10.79,6.73,5.79,4.41,4.9,0.0,2.51,1.52,2.72,2.33,5.66,3.62,15.77,8.71,2.31,1.64,4.08,4.41,3.67,2.94,18.53,7.35,18.83,21.48,27.14,20.04,14.54,16.58,22.9,14.21,22.02,9.89,17.91,24.42,19.63,16.68,23.47,25.01,47.59,16.41,9.78,10.88,16.52,14.08,13.87,10.54,11.76,14.95,20.3,11.81,16.03,11.0,15.62,14.39,12.62,23.66,11.95,13.7,9.42,13.09,10.9,6.86,18.45,11.8,12.07,11.14,9.49,10.77,13.02,21.23,16.34,13.0,10.64,15.6,13.88,35.51,29.31,30.17,26.08,25.56,28.02,23.03,42.07,31.21,34.72,32.93,27.06,41.84,44.23,33.32,40.04,26.73,29.25,40.37,28.55,28.39,18.53,4.58,7.86,5.28,7.21,15.44,15.83,19.67,21.41,22.79,29.12,15.0,15.65,30.09,25.01,13.0,27.19,31.29,13.62,26.26,28.19,20.54,23.98,18.66,29.71,24.58,14.15,18.96,25.12,22.02,15.63,13.9,29.35,25.24,24.5,7.68,7.23,7.05,11.7,22.3,20.87,22.79,11.52,10.87,10.73,8.78,10.95,7.65,12.78,8.56,17.5,9.53,14.25,20.45,9.53,16.39,12.89,28.8,17.02,28.35,18.24,18.99,22.89,19.74,17.32,26.42,23.51,22.1,29.64,23.33,30.49,30.92,28.22,30.19,19.87,20.09,21.96,32.38,29.78,23.78,13.99,24.04,27.18,24.74,19.9,17.57,10.9,18.43,19.02,15.27,25.69,16.7,16.57,24.32,12.3,24.76,9.91,12.53,9.26,18.1,17.35,16.26,15.21,35.12,44.93,42.99,41.17,26.13,34.62,26.66,27.26,28.7,32.92,29.57,29.03,30.83,33.73,30.73,28.68,31.08,35.91,34.61,29.54,30.54,32.2,32.72,42.21,39.48,33.97,36.84,35.65,32.2,36.8,42.38,45.06,44.14,30.4,55.52,42.85,27.2,27.82,30.71,56.55,36.61,45.55,50.57,47.55
36.54,9.93,20.31,31.38,17.79,19.98,10.22,56.17,12.36,12.73,24.56,16.69,25.35,36.94,12.83,15.99,23.44,3.91,26.4,13.54,14.37,28.32,10.42,23.97,18.65,11.6,31.9,20.46,26.19,22.49,11.34,15.08,15.05,20.17,22.11,17.36,34.97,32.21,10.55,4.01,6.35,18.34,10.82,22.17,1.34,10.67,5.69,10.94,12.53,16.14,17.04,9.32,3.58,8.37,17.83,5.49,1.78,16.45,11.71,5.4,9.3,33.21,18.13,15.55,14.8,10.54,2.41,11.0,31.88,16.25,7.08,9.2,14.75,5.98,17.33,3.7,7.4,14.92,18.34,3.2,7.48,6.78,2.57,8.16,9.55,16.41,15.42,6.77,7.19,8.21,8.75,6.57,10.06,8.07,6.4,1.88,5.59,2.51,0.0,4.04,4.92,3.08,6.23,3.1,15.98,8.19,3.83,1.9,5.25,5.59,4.84,2.42,18.97,7.79,19.27,21.93,27.59,20.48,14.99,17.02,23.34,14.65,22.46,10.34,18.36,24.86,20.07,17.13,23.91,25.45,47.07,15.89,9.27,10.36,16.0,13.56,13.35,10.02,11.24,14.43,19.78,11.29,15.52,10.48,15.1,13.87,12.1,23.14,11.43,13.18,8.9,12.57,10.38,6.34,17.93,11.29,11.55,10.62,8.98,10.25,12.5,20.71,15.82,12.48,10.12,13.24,11.52,34.99,28.79,29.66,25.56,25.04,27.5,22.51,41.55,30.69,34.21,32.41,26.54,41.32,43.71,32.8,39.52,26.22,28.73,39.85,28.03,27.87,18.01,4.06,5.35,2.77,4.7,15.94,15.31,19.15,20.89,22.27,28.6,14.48,15.13,29.58,24.49,12.48,26.67,30.77,13.1,25.74,27.67,20.02,23.47,18.14,29.19,24.07,13.63,18.45,24.6,21.5,15.11,13.38,28.83,24.72,23.98,5.17,6.71,4.54,11.19,21.78,20.35,22.27,11.0,10.35,10.21,6.27,10.43,5.14,12.27,8.04,16.98,7.02,13.73,19.93,6.43,15.87,10.38,28.28,17.47,27.83,17.72,18.47,22.37,19.23,16.8,25.9,22.99,21.58,29.12,22.81,29.97,30.4,27.7,29.67,19.35,19.57,21.44,31.86,29.27,23.26,11.48,24.48,27.62,25.18,20.34,18.01,11.34,13.64,19.46,12.76,26.13,17.14,17.02,24.76,12.75,25.21,10.35,12.97,9.71,18.55,17.8,16.7,15.66,35.56,45.37,43.43,41.61,26.57,35.07,27.11,27.7,29.15,33.36,30.01,29.47,31.27,34.17,31.17,29.12,31.52,36.36,35.05,29.98,30.98,32.64,33.16,42.65,39.92,34.41,37.29,36.09,32.64,37.24,42.82,45.51,44.58,30.84,55.97,43.29,27.65,28.26,31.15,56.99,37.05,45.99,51.02,48.0
32.14,9.42,20.19,33.63,20.03,22.22,13.65,51.76,14.6,8.33,20.16,18.93,27.59,32.54,15.08,13.02,19.04,7.95,28.65,15.78,16.62,25.34,12.99,26.21,16.73,13.85,34.14,19.96,21.79,21.98,10.83,17.32,17.3,17.2,19.13,19.6,30.57,27.88,12.8,1.51,5.53,20.59,6.41,17.77,4.7,10.17,9.73,10.43,8.13,11.74,19.29,13.48,5.82,7.86,15.91,7.73,5.82,14.53,7.31,3.48,13.34,35.45,16.21,11.15,17.05,10.03,5.76,10.5,34.12,18.49,5.95,4.8,16.99,4.06,19.57,1.57,3.0,10.52,16.42,3.74,3.39,5.7,6.61,3.76,8.47,18.65,17.66,9.01,2.54,7.13,10.37,2.59,7.24,6.99,4.48,5.92,5.17,1.52,4.04,0.0,1.41,2.61,7.22,5.65,11.81,7.98,2.01,3.17,5.35,6.0,3.94,4.97,14.57,6.24,14.87,17.52,23.18,16.08,10.58,12.62,18.94,10.25,18.06,8.79,13.95,20.46,15.67,12.72,19.51,21.05,43.97,18.44,11.82,12.91,18.55,16.11,15.9,12.57,13.8,16.98,22.33,13.84,18.07,13.03,17.65,16.42,14.65,25.69,13.98,15.73,11.46,15.12,12.93,8.89,20.48,13.84,14.11,13.18,11.53,12.8,15.05,23.26,18.37,15.03,12.68,17.63,15.91,37.54,31.34,32.21,28.11,27.59,30.05,25.06,44.1,33.25,36.76,34.97,29.1,43.87,46.26,35.35,42.07,28.77,31.29,42.4,30.58,30.42,20.56,6.61,9.89,7.31,9.24,11.48,17.86,21.7,23.44,24.83,31.16,17.03,17.69,32.13,27.04,15.04,29.22,33.32,15.65,28.3,30.22,22.57,26.02,20.7,31.74,26.62,16.18,21.0,27.16,24.05,17.66,15.93,31.38,27.27,26.53,9.71,9.26,9.08,13.74,24.34,22.9,24.82,13.55,12.9,12.76,10.81,12.98,9.69,14.82,10.59,19.53,11.56,16.29,22.48,8.42,18.42,14.6,25.17,13.06,24.73,14.62,21.02,19.27,16.12,13.37,22.8,19.88,18.48,26.02,19.7,26.87,27.29,24.59,26.56,16.25,20.59,18.33,28.76,26.16,20.16,15.7,22.93,26.07,23.63,18.79,16.46,9.79,17.32,17.91,16.98,24.58,15.59,15.46,23.21,11.19,23.66,8.8,8.57,7.79,16.99,16.25,15.15,14.11,31.16,40.97,39.03,37.21,22.17,30.66,22.71,23.3,24.74,28.96,25.61,25.07,26.87,29.77,26.77,24.72,27.12,31.95,30.65,25.58,26.58,28.24,28.76,38.25,35.52,30.01,32.88,31.69,28.24,32.84,38.42,41.1,40.18,26.44,51.56,38.94,23.24,23.86,26.8,52.59,32.7,41.59,46.61,43.6
31.51,10.9,19.56,34.5,20.91,23.1,13.23,51.14,15.48,7.71,19.54,19.81,28.47,31.91,15.95,12.39,18.41,8.83,29.52,16.66,17.49,24.72,12.58,27.09,16.32,14.72,35.02,21.43,21.16,23.46,12.31,18.2,18.17,16.58,18.51,20.48,29.95,27.26,13.67,2.71,4.9,21.46,5.79,17.14,5.57,11.64,10.61,11.91,7.51,11.12,20.16,13.07,6.7,9.34,15.49,8.61,6.7,14.12,6.69,3.06,12.93,36.33,15.79,10.53,17.92,11.5,6.64,11.97,35.0,19.37,7.43,4.18,17.87,3.65,20.45,1.71,2.38,9.9,16.01,4.94,2.76,6.5,7.49,3.13,11.78,19.53,18.54,9.89,1.92,7.93,9.74,1.97,8.38,7.79,4.06,6.8,6.7,2.72,4.92,1.41,0.0,3.81,6.6,6.09,11.19,7.36,3.22,4.25,4.72,5.38,5.91,5.42,13.95,5.59,14.25,16.9,22.56,15.45,9.96,12.0,18.31,9.63,17.43,8.13,13.33,19.83,15.05,12.1,18.88,20.42,43.34,18.89,12.26,13.35,18.99,16.55,16.34,13.01,14.24,17.42,22.77,14.28,18.51,13.47,18.09,16.86,15.09,26.13,14.42,16.18,11.9,15.56,13.37,9.34,20.93,14.28,14.55,13.62,11.97,13.24,15.49,23.7,18.81,15.47,13.12,18.07,16.35,37.98,31.78,32.65,28.55,28.03,28.48,25.5,44.54,33.69,37.2,35.41,29.54,44.31,46.7,35.79,42.51,29.21,31.73,42.84,29.01,30.86,21.0,7.06,10.33,7.75,9.68,10.86,16.75,20.13,21.87,23.26,29.59,15.91,16.57,30.56,25.47,13.47,27.65,31.75,14.54,26.73,28.65,21.0,24.45,19.13,30.18,25.05,16.82,19.43,25.59,22.48,16.09,14.36,29.81,25.7,24.97,10.15,9.7,9.52,14.18,24.78,23.35,25.26,13.99,13.34,13.2,11.25,13.42,10.13,15.26,11.03,19.97,12.01,16.73,22.92,7.77,18.87,13.95,24.55,12.44,24.1,13.99,19.9,18.64,15.5,12.75,22.17,19.26,17.85,25.39,19.08,26.24,26.67,23.97,25.94,15.62,19.97,17.71,28.13,25.54,19.53,15.05,22.28,25.42,22.98,18.14,15.81,9.14,16.67,17.26,16.33,23.93,14.94,14.81,22.56,10.54,23.0,8.15,7.95,7.17,16.34,15.59,14.5,13.45,30.54,40.34,38.4,36.59,21.54,30.04,22.08,22.68,24.12,28.34,24.98,24.44,26.24,29.15,26.15,24.09,26.5,31.33,30.02,24.96,25.96,27.61,28.13,37.62,34.9,29.39,32.26,31.06,27.62,32.22,37.8,40.48,39.55,25.82,50.94,38.31,22.62,23.24,26.17,51.96,32.07,40.96,45.99,42.97
31.69,7.23,17.61,31.42,17.01,20.01,13.3,53.95,12.39,10.52,22.35,16.72,25.38,32.1,12.87,10.04,21.23,6.99,26.44,13.57,13.6,22.37,16.0,24.0,19.74,11.64,31.93,17.76,23.98,19.79,8.64,15.11,15.09,14.23,16.16,17.39,30.13,30.07,8.13,2.43,3.73,15.73,8.6,17.32,3.74,7.97,8.77,8.24,10.32,8.77,14.59,12.4,3.61,5.67,18.92,4.13,4.86,17.54,9.5,6.49,12.38,33.24,19.22,8.18,14.84,7.84,4.8,8.31,31.91,16.28,3.76,6.99,13.98,7.07,15.04,4.79,5.7,7.54,19.43,1.24,8.57,4.16,5.65,3.91,6.93,15.63,14.64,4.67,8.28,5.59,6.14,7.66,5.05,5.45,7.49,4.97,2.98,2.33,3.08,2.61,3.81,0.0,3.59,3.04,8.85,4.21,1.38,2.06,2.61,2.95,2.21,2.23,14.1,9.19,14.41,17.06,22.72,15.61,10.12,14.82,21.14,12.45,17.59,11.74,13.49,22.66,15.2,14.93,21.71,20.58,41.0,15.84,9.21,10.3,15.95,13.5,13.29,9.96,11.19,14.38,19.72,11.23,15.46,10.42,15.04,13.82,12.04,23.08,11.37,13.13,8.85,12.52,10.32,6.29,17.88,11.23,11.5,10.57,8.92,10.2,12.44,20.66,15.77,12.42,10.07,14.28,12.57,34.93,28.73,29.6,25.5,24.98,25.33,22.45,41.49,30.64,34.15,32.36,26.49,41.27,43.66,32.74,39.47,26.16,28.68,39.79,25.85,27.81,17.95,4.01,8.55,5.96,7.9,8.52,13.13,16.97,18.71,20.1,26.43,12.3,12.96,27.4,22.31,10.31,24.5,28.59,10.93,23.57,25.49,17.84,21.29,15.97,27.02,21.89,11.45,16.27,22.43,19.32,12.93,11.2,26.65,22.54,21.81,8.37,5.92,7.74,10.39,21.73,20.3,22.21,10.2,9.56,9.41,9.46,9.63,8.34,12.21,7.24,16.92,11.7,13.68,19.87,9.63,15.82,13.58,22.21,10.1,21.77,11.65,16.29,16.3,13.16,10.41,19.83,16.92,15.51,23.05,16.74,23.9,24.33,21.63,23.6,13.28,17.4,15.37,25.79,23.2,17.19,14.68,25.88,29.02,26.58,21.74,19.41,12.74,20.28,20.87,15.95,27.54,18.54,18.42,26.16,14.15,26.61,11.76,10.77,9.99,19.95,19.2,18.1,17.06,30.69,40.5,38.56,36.74,21.7,32.87,22.24,22.84,24.28,28.5,25.14,24.6,29.07,29.3,26.31,24.25,26.65,31.49,32.85,27.78,28.78,27.77,28.29,40.45,35.05,29.54,32.42,33.89,27.78,35.04,37.95,43.31,39.71,25.98,53.76,41.14,25.44,26.06,29.0,54.79,34.9,41.12,46.15,43.13
30.32,6.43,13.93,29.59,21.97,21.41,17.39,53.39,10.56,9.96,21.79,14.89,23.55,30.72,11.04,6.75,20.66,11.81,24.61,11.74,18.56,19.08,16.74,22.17,20.47,9.81,30.1,16.96,23.41,18.99,7.84,13.28,13.26,10.94,12.87,18.79,28.75,29.51,7.32,4.56,3.17,19.78,8.04,15.95,6.89,7.17,13.59,7.44,9.76,4.46,18.48,17.22,7.91,4.87,19.65,3.88,9.68,18.27,8.94,7.22,17.09,31.41,19.95,3.87,16.24,7.03,7.95,7.5,30.08,17.68,2.96,6.43,19.37,7.8,18.77,7.86,5.14,3.34,20.17,4.38,6.92,1.71,10.47,3.62,2.79,20.82,19.6,4.42,5.51,1.45,2.85,6.19,3.91,2.16,8.22,9.78,2.23,5.66,6.23,7.22,6.6,3.59,0.0,7.34,5.63,2.74,4.03,5.18,2.9,1.6,2.58,7.91,12.82,9.81,13.12,15.77,21.43,14.32,8.83,14.42,20.74,12.05,14.95,12.35,12.2,22.26,13.91,14.52,21.3,19.29,37.78,13.94,7.32,8.41,14.05,11.61,11.4,8.07,9.3,12.48,17.83,10.52,13.57,11.76,13.15,11.92,10.15,21.19,9.48,11.24,10.18,10.62,11.66,7.62,15.98,9.34,12.19,11.64,10.25,11.53,10.55,18.76,13.87,10.53,11.4,19.47,17.75,33.04,26.84,27.71,23.61,23.09,23.87,20.56,39.6,28.75,32.26,30.47,24.6,39.37,41.76,30.85,37.57,24.27,26.79,37.9,24.4,25.92,19.29,5.91,13.29,10.71,12.64,5.3,11.68,15.52,17.26,18.64,24.97,10.85,11.5,25.94,20.86,8.85,23.04,27.14,9.47,22.11,24.04,16.39,19.84,14.51,25.56,20.44,10.0,14.81,20.97,17.87,11.48,9.75,25.2,21.09,20.35,13.11,11.1,12.48,15.58,23.06,21.63,23.55,15.39,14.74,14.6,14.21,14.82,13.08,13.54,12.43,18.26,16.88,15.01,21.21,11.99,17.15,18.17,18.99,5.76,18.54,8.43,14.84,13.08,9.94,7.19,16.61,13.7,12.29,19.83,13.52,20.68,21.11,18.41,20.38,7.22,15.94,12.15,22.57,19.98,13.97,19.27,26.5,29.64,27.2,22.36,20.03,13.36,20.89,21.48,20.55,28.15,19.16,19.03,26.78,14.76,27.22,12.37,10.37,9.59,20.56,19.81,18.72,17.67,29.4,39.21,37.27,35.45,20.41,32.46,20.95,21.55,22.99,27.21,23.85,23.31,28.67,28.02,25.02,22.96,25.37,30.2,32.44,27.38,28.59,26.48,27.0,40.04,33.76,28.25,31.13,33.48,26.49,34.64,36.67,37.45,38.42,24.69,53.36,40.73,25.04,25.66,28.6,54.38,34.49,39.83,44.86,41.84
37.65,7.91,18.3,29.37,14.94,17.96,11.92,57.27,10.35,13.84,25.67,14.68,23.34,38.05,10.82,13.98,24.55,5.61,24.39,11.52,11.53,26.3,12.12,21.96,19.76,9.59,29.88,18.45,27.3,20.48,9.33,13.07,13.04,18.16,20.1,15.35,36.08,33.32,8.54,5.12,6.2,16.33,11.92,23.28,3.76,8.66,7.39,8.92,13.64,15.3,15.03,11.02,0.87,6.35,18.94,3.47,3.48,17.56,12.82,6.51,11.0,31.19,19.24,16.33,12.79,8.52,4.82,8.99,29.87,14.23,5.07,10.31,11.9,7.09,15.32,4.81,8.51,14.68,19.45,2.25,8.59,8.43,4.27,9.27,10.08,13.56,12.57,4.75,8.3,8.74,10.41,7.68,8.05,9.72,7.51,3.59,4.91,3.62,3.1,5.65,6.09,3.04,7.34,0.0,13.95,6.16,3.77,3.03,5.13,6.82,4.72,1.48,20.1,8.92,20.4,23.06,28.72,21.61,16.12,18.15,24.47,15.78,23.59,11.47,19.49,25.99,21.2,18.26,25.04,26.58,45.03,13.86,7.23,8.32,13.97,11.52,11.31,7.98,9.21,12.39,17.74,9.25,13.48,8.44,13.06,11.84,10.06,21.1,9.39,11.15,6.87,10.54,8.34,4.31,15.9,9.25,9.52,8.59,6.94,8.22,10.46,18.67,13.78,10.44,8.09,12.13,10.42,32.95,26.75,27.62,23.52,23.0,25.47,20.47,39.51,28.66,32.17,30.38,24.51,39.29,41.68,30.76,37.48,24.18,26.7,37.81,25.99,25.83,15.97,2.03,6.86,4.28,6.21,13.91,13.27,17.11,18.85,20.24,26.57,12.44,13.1,27.54,22.45,10.45,24.64,28.73,11.07,23.71,25.63,17.98,21.43,16.11,27.16,22.03,11.59,16.41,22.57,19.46,13.07,11.34,26.79,22.68,21.95,6.68,3.77,6.05,8.24,19.75,18.32,20.23,8.05,7.4,7.26,7.78,7.48,6.65,10.23,5.09,14.94,9.55,11.7,17.89,7.94,13.84,11.89,26.24,16.26,25.8,15.68,16.43,20.34,17.19,14.76,23.86,20.95,19.54,27.09,20.77,27.94,28.36,25.66,27.63,17.32,17.54,19.4,29.82,27.23,21.23,12.99,25.61,28.75,26.31,21.47,19.14,12.47,20.01,20.59,14.27,27.26,18.27,18.15,25.89,13.88,26.34,11.48,14.1,10.84,19.68,18.93,17.83,16.79,36.69,46.5,44.56,42.74,27.7,36.2,28.24,28.83,30.28,34.49,31.14,30.6,32.4,35.3,32.3,30.25,32.65,37.49,36.18,31.11,32.11,33.77,34.29,43.78,41.05,35.54,38.42,37.22,33.77,38.37,43.95,46.64,45.71,31.97,57.09,44.42,28.78,29.39,32.28,58.12,38.18,47.12,52.15,49.13
27.09,8.98,9.97,36.27,28.66,28.1,21.98,57.98,14.2,14.55,20.01,18.53,30.24,27.49,17.72,2.8,25.25,18.5,31.29,15.38,25.24,15.13,21.33,28.86,25.06,16.49,36.79,16.93,28.0,18.96,7.44,16.92,16.9,6.99,8.92,25.48,25.53,34.1,9.88,9.21,7.75,26.47,12.63,12.72,16.64,7.14,20.27,7.41,14.35,1.58,25.16,21.81,14.6,11.55,24.24,12.01,16.37,22.87,13.53,11.81,21.68,38.09,24.54,1.76,22.92,6.64,17.7,7.48,36.77,24.37,10.08,11.02,26.06,12.39,25.45,12.45,9.73,1.35,24.76,9.64,11.51,5.1,17.16,10.23,4.06,27.51,26.29,13.17,10.1,4.13,3.09,10.78,8.95,5.56,12.81,16.47,11.23,15.77,15.98,11.81,11.19,8.85,5.63,13.95,0.0,9.56,8.44,10.22,7.46,6.43,6.99,14.81,11.61,14.38,11.91,12.52,18.18,13.12,7.62,18.99,25.31,16.62,11.08,16.93,11.0,20.62,12.71,19.1,25.88,16.04,33.93,17.68,11.06,12.15,17.79,15.44,15.14,11.5,13.03,16.22,21.57,14.26,17.39,15.79,16.98,15.75,13.98,24.93,13.22,14.97,17.07,14.45,18.55,14.51,19.72,13.16,15.93,15.37,17.15,18.42,14.38,22.5,17.7,14.36,15.43,26.36,24.65,36.87,30.67,31.53,27.44,26.83,23.93,24.39,43.42,32.57,36.08,34.29,28.42,43.2,45.59,34.68,41.4,28.01,30.61,41.73,24.45,29.75,26.18,12.8,20.18,17.6,19.53,1.43,7.33,15.58,17.31,18.7,25.03,6.5,7.16,26.0,20.92,8.91,23.1,27.2,5.13,22.17,24.1,16.45,19.89,14.57,25.62,17.52,7.41,14.87,21.03,17.93,11.54,9.81,25.25,21.15,20.41,20.0,18.0,19.37,22.47,29.95,28.52,30.44,22.28,21.63,21.49,21.1,21.71,19.98,20.44,19.32,25.15,23.78,21.9,28.1,16.56,24.04,22.75,15.14,2.84,14.69,4.58,10.49,9.23,6.09,3.32,12.76,9.85,8.44,15.98,9.67,16.83,17.26,14.56,16.53,4.3,10.56,8.3,18.72,16.13,10.12,23.84,31.08,34.21,31.77,26.93,24.6,17.93,25.47,26.06,25.12,32.73,23.73,23.61,31.35,19.34,31.8,16.95,14.94,14.16,25.14,24.39,23.3,22.25,26.15,35.96,34.02,32.2,17.16,37.04,17.7,18.3,19.74,23.96,20.6,20.06,33.24,24.77,21.77,19.71,22.12,26.95,37.02,26.34,25.34,23.23,23.75,44.62,30.51,25.0,27.88,38.06,23.24,39.21,33.42,34.2,35.17,21.44,57.93,45.31,29.61,30.23,33.17,58.96,39.07,36.58,41.61,38.59
31.36,3.24,13.63,28.48,20.87,20.31,18.15,54.15,9.46,10.71,22.54,13.79,22.45,31.77,9.93,9.3,21.42,10.71,23.5,10.64,17.45,21.63,17.49,21.07,21.23,8.7,29.0,13.78,24.17,15.8,4.66,12.18,12.15,13.49,15.42,17.69,29.8,30.26,4.14,5.3,3.93,18.68,8.79,16.99,8.85,3.99,12.48,4.25,10.51,10.63,17.37,16.11,6.81,3.76,20.41,3.04,8.58,19.03,9.69,7.98,16.09,30.3,20.71,6.56,15.13,3.85,9.91,4.32,28.98,16.58,1.86,7.18,18.27,8.56,17.66,9.9,5.9,10.0,20.93,5.0,7.68,3.83,9.37,4.38,5.47,19.72,18.5,3.57,6.27,4.13,5.81,6.95,1.49,5.12,8.98,8.68,1.39,8.71,8.19,7.98,7.36,4.21,2.74,6.16,9.56,0.0,4.6,5.61,3.84,2.54,3.15,6.94,14.14,10.75,14.44,20.28,25.94,15.65,10.15,15.36,21.68,13.0,18.84,13.3,13.52,23.2,15.24,15.47,22.25,23.81,40.32,12.97,6.34,7.44,13.08,10.63,10.43,5.6,8.32,11.51,16.85,9.55,12.59,10.78,12.18,10.95,9.17,20.22,8.51,10.26,9.21,9.65,10.68,6.64,15.01,8.36,11.21,10.66,9.28,10.55,9.57,17.79,12.9,9.56,10.43,18.5,16.78,32.07,25.87,26.73,22.63,22.12,20.75,19.58,38.62,27.77,31.28,29.49,23.62,38.4,40.79,29.88,36.6,23.29,25.81,36.92,21.27,24.95,18.31,4.94,12.32,9.73,11.67,9.19,8.56,12.4,14.13,15.52,21.85,7.73,8.38,22.82,17.73,5.73,19.92,24.02,6.35,18.99,20.92,13.26,16.71,11.39,22.44,17.31,6.88,11.69,17.85,14.75,8.35,6.63,22.07,17.97,17.23,12.13,10.13,11.51,14.6,22.09,20.66,22.57,14.41,13.77,13.62,13.23,13.84,12.11,12.57,11.45,17.28,15.91,14.04,20.23,12.93,16.18,17.35,21.52,11.55,21.08,10.97,11.71,15.62,12.47,10.04,19.15,16.23,14.83,22.37,16.05,23.22,23.65,20.94,22.92,12.6,12.82,14.68,25.11,22.51,16.51,18.44,27.45,30.59,28.14,23.3,20.97,14.3,21.84,22.43,19.72,29.1,20.1,19.98,27.73,15.71,28.17,13.32,11.32,10.53,21.51,20.76,19.67,18.62,33.34,43.15,41.21,39.39,24.92,33.41,25.46,26.06,27.5,31.72,28.37,27.82,29.61,32.53,28.95,27.47,29.88,34.71,33.39,28.33,29.32,30.99,30.94,40.99,38.28,32.19,35.64,34.43,31.0,35.58,40.6,41.97,42.36,29.2,54.31,41.68,25.99,26.61,29.54,55.33,35.44,43.77,48.79,45.78
31.28,7.7,18.09,30.86,18.16,20.82,14.66,53.34,11.84,9.91,21.74,16.16,24.82,31.69,12.31,9.75,20.62,7.74,25.88,13.01,14.74,22.08,14.0,23.44,17.74,11.08,31.37,18.24,23.37,20.26,9.12,14.55,14.53,13.93,15.87,18.2,29.72,29.46,8.6,1.04,3.12,16.87,7.99,16.91,4.48,8.45,9.52,8.71,9.71,8.47,15.73,14.49,4.43,6.14,16.92,4.6,5.61,15.54,8.89,4.49,14.35,32.68,17.22,7.88,15.65,8.31,5.55,8.78,31.35,17.09,4.23,6.38,15.12,5.07,16.19,2.58,5.09,7.25,17.44,2.38,6.58,3.87,6.4,3.3,6.64,16.78,15.79,5.14,4.37,5.29,5.84,5.67,5.52,5.16,5.49,5.71,3.45,2.31,3.83,2.01,3.22,1.38,4.03,3.77,8.44,4.6,0.0,2.16,2.05,2.64,1.9,3.36,13.75,7.24,14.05,16.7,22.36,15.25,9.76,14.26,20.58,11.89,17.24,9.78,13.13,22.1,14.85,14.36,21.15,20.23,40.69,15.81,9.19,10.28,15.92,13.48,13.27,9.94,11.17,14.35,19.7,12.36,15.44,11.55,15.02,13.79,12.02,23.06,11.35,13.11,9.97,12.49,11.45,7.41,17.86,11.21,12.62,11.69,10.04,11.32,12.42,20.63,15.74,12.4,11.19,15.41,13.69,34.91,28.71,29.58,25.48,24.96,25.74,22.43,41.47,30.62,34.13,32.34,26.47,41.24,43.63,32.72,39.44,26.14,28.66,39.77,26.27,27.79,19.08,5.13,9.3,6.72,8.65,8.21,13.55,17.39,19.13,20.51,26.84,12.72,13.37,27.81,22.73,10.72,24.91,29.01,11.34,23.98,25.91,18.26,21.71,16.38,27.43,22.31,11.87,16.68,22.84,19.74,13.35,11.62,27.07,22.96,22.22,9.12,7.04,8.49,11.52,22.85,21.42,23.34,11.33,10.68,10.54,10.22,10.76,9.1,13.33,8.37,18.05,10.97,14.8,21.0,9.42,16.94,15.6,21.9,9.79,21.46,11.34,16.71,15.99,12.85,10.1,19.52,16.61,15.2,22.75,16.43,23.59,24.02,21.32,23.29,12.97,17.81,15.06,25.48,22.89,16.88,16.7,23.93,27.07,24.63,19.79,17.46,10.79,18.32,18.91,17.98,25.58,16.59,16.46,24.21,12.19,24.65,9.8,10.21,9.43,17.99,17.24,16.15,15.1,30.34,40.14,38.2,36.39,21.34,32.3,21.88,22.48,23.92,28.14,24.79,24.24,28.51,28.95,25.95,23.89,26.3,31.13,32.28,27.22,28.22,27.41,27.93,39.89,34.7,29.19,32.06,33.32,27.42,34.48,37.6,42.74,39.35,25.62,53.2,40.57,24.88,25.5,28.44,54.23,34.33,40.76,45.79,42.77
35.8,10.03,20.42,31.49,17.9,20.08,12.12,55.43,12.47,12.0,23.83,16.8,25.45,36.2,12.94,16.09,22.7,5.81,26.51,13.64,14.48,28.42,14.17,24.08,17.91,11.71,32.0,20.57,25.45,22.59,11.45,15.18,15.16,20.28,22.21,17.46,34.23,31.47,10.66,3.14,5.22,18.45,10.08,21.43,2.56,10.78,7.59,11.04,11.8,10.25,17.15,11.22,3.69,8.47,17.09,5.59,3.68,15.71,10.98,4.66,11.2,33.31,17.39,9.66,14.91,10.64,3.62,11.11,31.99,16.35,7.19,8.46,14.86,5.24,17.44,2.96,6.66,9.03,17.61,2.07,6.75,5.65,4.47,7.42,8.41,16.52,15.52,6.87,6.45,7.07,7.62,5.84,6.54,6.94,5.66,3.79,4.46,1.64,1.9,3.17,4.25,2.06,5.18,3.03,10.22,5.61,2.16,0.0,4.07,4.4,3.66,1.24,18.35,7.17,18.66,21.31,26.97,19.86,14.37,16.4,22.72,14.04,21.84,9.72,17.74,24.24,19.45,16.51,23.29,24.83,47.02,15.85,9.22,10.31,15.96,13.51,13.3,9.97,11.2,14.38,19.73,11.24,15.47,10.43,15.05,13.83,12.05,23.09,11.38,13.14,8.86,12.53,10.33,6.3,17.89,11.24,11.51,10.58,8.93,10.21,12.45,20.66,15.77,12.43,10.08,15.03,13.31,34.94,28.74,29.61,25.51,24.99,27.46,22.46,41.5,30.65,34.16,32.37,26.5,41.28,43.67,32.75,39.47,26.17,28.69,39.8,27.98,27.82,17.96,4.02,7.29,4.71,6.64,9.97,15.26,19.1,20.84,22.23,28.56,14.43,15.09,29.53,24.44,12.44,26.63,30.72,13.06,25.7,27.62,19.97,23.42,18.1,29.15,24.02,13.58,18.4,24.56,21.45,15.06,13.33,28.78,24.67,23.94,7.11,6.66,6.48,11.14,21.74,20.31,22.22,10.95,10.3,10.16,8.21,10.38,7.09,12.22,7.99,16.93,8.97,13.69,19.88,8.37,15.83,12.32,28.23,11.55,27.79,17.67,18.42,22.33,19.18,16.75,25.85,22.94,21.53,29.08,22.76,29.93,30.35,27.65,29.62,19.31,19.53,21.39,31.81,29.22,23.22,13.42,23.86,27.0,24.56,19.72,17.39,10.72,18.26,18.84,14.7,25.51,16.52,16.4,24.14,12.13,24.59,9.74,12.36,9.09,17.93,17.18,16.08,15.04,34.94,44.75,42.81,40.99,25.95,34.45,26.49,27.09,28.53,32.75,29.39,28.85,30.65,33.55,30.56,28.5,30.9,35.74,34.43,29.37,30.36,32.02,32.54,42.03,39.3,33.79,36.67,35.47,32.03,36.62,42.21,44.89,43.96,30.23,55.35,42.67,27.03,27.64,30.53,56.37,36.43,45.37,50.4,47.38
31.88,7.29,17.67,30.45,19.18,22.27,15.51,51.51,11.42,8.08,19.91,15.75,24.41,32.29,11.9,8.77,18.78,9.16,25.47,12.6,15.77,21.1,14.86,23.03,18.6,10.67,30.96,17.82,21.54,19.85,8.7,14.14,14.12,12.96,14.89,19.65,30.32,27.63,8.18,2.72,1.29,17.9,6.16,17.51,5.91,8.03,10.94,8.3,7.88,7.5,16.76,15.35,5.78,5.73,17.77,4.14,7.03,16.4,7.06,5.34,15.21,32.27,18.07,6.91,17.1,7.9,6.97,8.36,30.94,18.54,3.82,4.55,16.15,5.92,19.63,4.91,3.26,6.28,18.29,3.41,5.04,2.89,7.82,1.47,5.66,17.8,16.81,4.67,3.63,4.32,4.87,4.32,4.77,4.18,6.34,7.14,3.09,4.08,5.25,5.35,4.72,2.61,2.9,5.13,7.46,3.84,2.05,4.07,0.0,1.74,1.41,4.31,14.38,7.82,14.68,17.33,22.99,15.88,10.39,12.43,18.74,10.06,17.87,10.36,13.76,20.27,15.48,12.53,19.31,20.85,39.7,14.92,8.3,9.39,15.03,12.59,12.38,9.05,10.27,13.46,18.81,11.5,14.55,12.74,14.13,12.9,11.13,22.17,10.46,12.21,11.16,11.6,12.63,8.6,16.96,10.32,13.17,12.61,11.23,12.51,11.53,19.74,14.85,11.51,12.38,16.37,14.65,34.02,27.82,28.69,24.59,24.07,24.85,21.54,40.58,29.73,33.24,31.45,25.58,40.35,42.74,31.83,38.55,25.25,27.77,38.88,25.38,26.9,20.27,6.89,10.63,8.05,9.98,7.21,12.66,16.5,18.23,19.62,25.95,11.83,12.48,26.92,21.84,9.83,24.02,28.12,10.45,23.09,25.02,17.37,20.81,15.49,26.54,21.41,10.98,15.79,21.95,18.85,12.46,10.73,26.17,22.07,21.33,10.45,8.0,9.82,12.47,24.04,22.61,24.53,12.29,11.64,11.5,11.55,11.72,10.42,14.52,9.33,19.24,13.78,15.99,22.19,10.0,18.13,16.18,20.9,8.79,20.46,10.35,15.82,15.0,11.85,9.1,18.53,15.61,14.21,21.75,15.43,22.6,23.03,20.32,22.29,11.98,16.92,14.06,24.49,21.89,15.89,17.28,24.51,27.65,25.21,20.37,18.04,11.37,18.9,19.49,18.56,26.16,17.17,17.04,24.79,12.77,25.23,10.38,8.38,7.6,18.57,17.82,16.73,15.68,30.97,40.77,38.83,37.02,21.97,30.47,22.51,23.11,24.55,28.77,25.42,24.87,26.68,29.58,26.58,24.52,26.93,31.76,30.45,25.39,26.39,28.04,28.56,38.05,35.33,29.82,32.69,31.49,28.05,32.65,38.23,40.91,39.98,26.25,51.37,38.74,23.05,23.67,26.61,52.39,32.5,41.39,46.42,43.4
29.39,5.99,16.37,29.14,19.52,20.97,16.17,52.17,10.12,8.74,20.57,14.45,23.11,29.79,10.59,7.73,19.44,9.5,24.17,11.3,16.1,20.06,15.52,21.73,19.25,9.37,29.66,16.52,22.19,18.55,7.4,12.84,12.81,11.92,13.85,18.35,27.82,28.29,6.88,3.31,1.95,19.34,6.82,15.02,6.24,6.73,11.28,7.0,8.54,6.46,18.04,16.0,7.47,4.42,18.43,3.44,7.37,17.06,7.72,6.0,15.87,30.97,18.73,5.87,15.8,6.59,7.31,7.06,29.64,17.24,2.52,5.21,18.93,6.58,18.33,6.64,3.92,5.24,18.95,3.74,5.7,1.86,8.16,2.4,4.62,18.14,17.15,3.98,4.29,3.28,3.83,4.97,3.47,3.14,7.0,7.47,1.79,4.41,5.59,6.0,5.38,2.95,1.6,6.82,6.43,2.54,2.64,4.4,1.74,0.0,1.39,4.79,12.01,8.62,12.31,14.96,20.62,13.51,8.02,13.23,19.55,10.86,15.49,11.17,11.39,21.07,13.1,13.33,20.12,18.48,38.48,13.18,6.55,7.65,13.29,10.84,10.64,7.31,8.53,11.72,17.06,9.76,12.8,10.99,12.39,11.16,9.38,20.43,8.72,10.47,9.42,9.86,10.89,6.86,15.22,8.57,11.42,10.87,9.49,10.77,9.78,18.0,13.11,9.77,10.64,18.71,16.99,32.28,26.08,26.94,22.84,22.33,23.11,19.8,38.83,27.98,31.49,29.7,23.83,38.61,41.0,30.09,36.81,23.5,26.02,37.13,23.63,25.16,18.52,5.15,12.53,9.94,11.88,6.0,10.91,14.75,16.49,17.88,24.21,10.08,10.74,25.18,20.09,8.09,22.28,26.37,8.71,21.35,23.27,15.62,19.07,13.75,24.8,19.67,9.23,14.05,20.21,17.1,10.71,8.98,24.43,20.32,19.59,12.35,10.34,11.72,14.81,22.3,20.87,22.78,14.62,13.98,13.83,13.44,14.06,12.32,12.78,11.66,17.49,16.12,14.25,20.44,10.8,16.39,16.98,19.69,7.58,19.25,9.13,14.07,13.78,10.64,7.89,17.31,14.4,12.99,20.54,14.22,21.38,21.81,19.11,21.08,10.77,15.18,12.85,23.27,20.68,14.68,18.08,25.31,28.45,26.01,21.17,18.84,12.17,19.7,20.29,19.36,26.96,17.97,17.84,25.59,13.58,26.04,11.18,9.18,8.4,19.37,18.63,17.53,16.49,28.59,38.4,36.46,34.64,19.6,31.27,20.14,20.74,22.18,26.4,23.04,22.5,27.48,27.2,24.21,22.15,24.56,29.39,31.25,26.19,27.19,25.67,26.19,38.86,32.95,27.44,30.32,32.3,25.68,33.45,35.86,41.71,37.61,23.88,52.17,39.54,23.85,24.47,27.41,53.2,33.3,39.02,44.05,41.03
29.95,6.26,16.64,29.41,18.78,21.24,15.06,52.7,10.39,9.27,21.1,14.72,23.38,30.36,10.86,8.3,19.97,8.76,24.43,11.57,15.36,20.63,16.05,22.0,19.78,9.63,29.93,16.79,22.72,18.82,7.67,13.11,13.08,12.49,14.42,18.62,28.39,28.82,7.15,2.57,2.48,17.49,7.35,15.58,5.5,7.0,10.53,7.27,9.07,7.03,18.31,14.16,5.38,4.69,18.96,3.16,6.63,17.58,8.25,6.53,14.14,31.24,19.26,6.44,16.07,6.86,6.56,7.33,29.91,17.51,2.79,5.74,15.74,7.11,18.59,4.51,4.45,5.81,19.48,3.0,6.23,2.42,7.41,2.65,5.19,17.4,16.41,3.69,3.73,3.85,4.4,5.5,4.08,3.71,7.53,6.73,2.0,3.67,4.84,3.94,5.91,2.21,2.58,4.72,6.99,3.15,1.9,3.66,1.41,1.39,0.0,3.39,12.61,8.52,12.91,15.56,21.22,14.12,8.62,13.9,20.21,11.53,16.1,11.06,11.99,21.73,13.71,14.0,20.78,19.09,39.51,14.61,7.98,9.07,14.72,12.27,12.06,8.73,9.96,13.15,18.49,11.18,14.23,11.58,13.81,12.59,10.81,21.85,10.14,11.9,10.01,11.29,11.48,7.45,16.65,10.0,12.85,11.73,10.08,11.36,11.21,19.42,14.54,11.19,11.23,15.44,13.73,33.7,27.5,28.37,24.27,23.75,24.53,21.22,40.26,29.41,32.92,31.13,25.26,40.04,42.43,31.51,38.23,24.93,27.45,38.56,25.06,26.58,19.11,5.17,9.71,7.12,9.06,7.02,12.34,16.18,17.92,19.3,25.63,11.51,12.16,26.61,21.52,9.51,23.7,27.8,10.13,22.77,24.7,17.05,20.5,15.17,26.22,21.1,10.66,15.48,21.63,18.53,12.14,10.41,25.86,21.75,21.01,9.53,7.08,8.9,11.55,22.89,21.46,23.37,11.36,10.71,10.57,10.62,10.79,9.5,13.37,8.4,18.08,12.86,14.84,21.03,10.78,16.98,14.74,20.71,8.6,20.27,10.16,15.5,14.81,11.66,8.91,18.34,15.42,14.02,21.56,15.24,22.41,22.83,20.13,22.1,11.79,16.6,13.87,24.3,21.7,15.7,15.84,25.21,28.35,25.91,21.07,18.74,12.07,19.6,20.19,17.11,26.86,17.87,17.74,25.49,13.47,25.93,11.08,9.85,9.07,19.27,18.52,17.43,16.38,29.2,39.0,37.07,35.25,20.2,31.94,20.74,21.34,22.78,27.0,23.65,23.1,28.14,27.81,24.81,22.76,25.16,29.99,31.92,26.86,27.86,26.28,26.79,39.52,33.56,28.05,30.92,32.96,26.28,34.12,36.46,37.25,38.22,24.48,52.84,40.21,24.52,25.14,28.07,53.86,33.97,39.63,44.65,41.63
36.97,8.48,18.87,29.94,15.99,18.53,12.34,56.6,10.92,13.16,25.0,15.25,23.91,37.37,11.39,14.55,23.87,6.03,24.96,12.09,12.58,26.87,15.34,22.53,19.08,10.16,30.45,19.02,26.62,21.05,9.9,13.64,13.61,18.73,20.66,15.92,35.4,32.64,9.11,4.44,5.39,14.71,11.25,22.6,3.08,9.23,7.81,9.49,12.97,10.42,15.6,11.44,2.14,6.92,18.26,4.04,3.9,16.88,12.15,5.83,11.42,31.76,18.56,9.83,13.36,9.09,4.14,9.56,30.44,14.8,5.64,9.63,12.95,6.41,15.89,4.13,7.83,9.2,18.78,2.24,7.92,5.81,4.69,5.56,8.58,14.61,13.62,5.32,7.62,7.24,7.79,7.01,8.62,7.1,6.83,4.01,4.63,2.94,2.42,4.97,5.42,2.23,7.91,1.48,14.81,6.94,3.36,1.24,4.31,4.79,3.39,0.0,19.55,8.37,19.85,22.5,28.16,21.06,15.56,17.6,23.92,15.23,23.04,10.91,18.93,25.44,20.65,17.7,24.49,26.03,45.45,14.28,7.65,8.74,14.39,11.94,11.73,8.41,9.63,12.82,18.16,9.67,13.9,8.86,13.48,12.26,10.48,21.52,9.81,11.57,7.29,10.96,8.76,4.73,16.32,9.67,9.94,9.01,7.36,8.64,10.88,19.1,14.21,10.86,8.51,13.24,11.52,33.37,27.17,28.04,23.94,23.42,25.89,20.89,39.93,29.08,32.59,30.8,24.93,39.71,42.1,31.18,37.91,24.6,27.12,38.23,26.41,26.25,16.39,2.45,7.72,5.14,7.07,14.33,13.7,17.54,19.27,20.66,26.99,12.86,13.52,27.96,22.87,10.87,25.06,29.15,11.49,24.13,26.05,18.4,21.85,16.53,27.58,22.45,12.02,16.83,22.99,19.88,13.49,11.76,27.21,23.1,22.37,7.54,4.87,6.91,9.35,20.17,18.74,20.65,9.16,8.51,8.37,8.64,8.59,7.52,10.65,6.2,15.37,10.65,12.12,18.31,8.8,14.26,12.75,26.66,16.68,26.22,16.1,16.85,20.76,17.61,15.18,24.29,21.37,19.97,27.51,21.19,28.36,28.78,26.08,28.05,17.74,17.96,19.82,30.24,27.65,21.65,13.85,25.06,28.2,25.76,20.92,18.59,11.92,19.45,20.04,15.13,26.71,17.72,17.59,25.34,13.32,25.78,10.93,13.55,10.28,19.12,18.37,17.28,16.23,36.14,45.95,44.01,42.19,27.15,35.64,27.68,28.28,29.72,33.94,30.59,30.05,31.85,34.75,31.75,29.7,32.1,36.93,35.63,30.56,31.56,33.22,33.74,43.23,40.5,34.99,37.86,36.67,33.22,37.82,43.4,46.08,45.16,31.42,56.54,43.87,28.22,28.84,31.73,57.57,37.63,46.57,51.59,48.58
17.55,19.11,20.09,40.74,34.97,32.57,24.74,44.06,21.72,17.3,10.46,26.05,34.71,17.95,22.19,12.92,10.26,22.89,35.76,22.89,31.55,25.25,24.09,33.33,27.82,20.96,41.25,27.06,23.3,29.08,17.56,24.44,24.41,17.11,19.04,29.95,15.98,29.39,20.0,15.87,11.9,30.93,15.39,3.18,19.63,17.27,24.66,17.53,17.11,11.65,29.63,24.57,20.76,16.02,27.0,15.04,20.76,25.62,16.29,14.57,24.44,42.56,27.3,11.06,27.39,16.76,20.69,17.6,41.24,28.84,14.12,13.77,31.93,15.15,29.92,15.2,12.49,10.43,27.52,14.9,14.27,10.22,21.54,12.99,12.31,33.59,32.6,15.57,12.86,12.38,10.27,13.54,19.07,10.15,15.57,20.86,13.39,18.53,18.97,14.57,13.95,14.1,12.82,20.1,11.61,14.14,13.75,18.35,14.38,12.01,12.61,19.55,0.0,17.26,1.69,2.95,8.61,1.51,4.74,21.87,11.33,19.5,3.49,19.81,0.83,11.06,2.48,16.84,11.85,6.48,28.4,25.02,18.39,19.49,25.13,22.68,22.48,21.32,20.37,23.56,28.9,21.6,24.64,22.83,24.23,23.0,21.22,32.27,20.56,22.31,21.26,21.7,22.73,18.69,27.06,20.41,23.26,22.71,21.33,22.6,21.62,29.84,24.95,21.61,22.48,32.08,30.36,44.12,37.92,38.78,34.68,34.17,33.74,31.63,50.67,39.82,43.33,41.54,35.67,50.45,52.84,41.93,48.65,35.34,37.86,48.97,34.27,37.0,30.36,21.06,24.34,21.76,23.69,11.26,17.15,25.39,27.13,28.51,34.84,16.32,16.97,35.82,30.73,18.72,32.91,37.01,14.94,31.99,33.91,26.26,29.71,24.38,35.43,27.34,17.22,24.69,30.84,27.74,21.35,19.62,35.07,30.96,30.22,24.16,23.71,23.53,28.18,34.14,32.71,34.62,28.0,27.35,27.21,25.26,27.43,24.13,24.62,25.04,29.33,26.01,26.09,32.28,19.44,28.23,25.63,18.16,12.84,19.83,14.39,20.3,19.05,15.9,13.15,22.58,19.66,18.26,20.03,19.48,26.65,16.17,19.32,26.34,16.03,20.37,18.11,28.53,25.94,19.94,26.73,33.96,37.1,34.65,29.81,27.48,20.81,28.35,28.94,28.0,35.61,26.61,26.49,34.23,22.22,34.68,19.83,17.82,17.04,28.02,27.27,26.18,25.13,16.59,26.4,24.46,22.64,7.59,23.01,8.13,8.73,10.17,14.39,11.04,10.49,19.21,15.2,12.2,10.15,12.55,17.38,22.99,16.77,15.78,13.67,14.18,30.59,20.95,15.44,18.31,24.03,13.67,25.18,23.85,24.64,25.61,11.87,43.9,34.53,24.8,25.42,28.36,44.93,34.25,27.02,32.04,29.02
34.81,15.92,22.86,37.38,23.78,25.97,8.76,54.44,18.35,11.0,22.84,22.68,31.34,35.21,18.83,15.69,21.71,4.67,32.4,19.53,20.37,28.02,8.11,29.96,11.85,17.6,37.89,26.46,24.46,28.48,17.34,21.07,21.05,19.87,21.81,23.35,33.24,25.41,16.55,6.75,8.2,24.34,9.09,20.44,8.45,16.67,5.66,16.93,10.81,14.42,23.04,8.6,9.57,14.36,11.02,11.48,9.57,9.65,9.99,3.67,8.46,39.2,11.32,13.83,20.8,16.53,9.51,17.0,37.87,22.24,10.73,7.47,20.74,3.97,23.32,5.39,5.67,13.19,11.54,9.2,5.76,9.8,10.36,6.43,15.08,22.4,21.41,12.76,5.46,11.23,13.04,4.85,11.68,11.09,4.67,9.67,10.0,7.35,7.79,6.24,5.59,9.19,9.81,8.92,14.38,10.75,7.24,7.17,7.82,8.62,8.52,8.37,17.26,0.0,17.46,20.11,25.77,18.67,13.17,15.21,21.52,12.84,20.65,3.69,16.54,23.05,18.26,15.31,22.09,23.64,46.55,21.89,15.26,16.35,22.0,19.55,19.34,16.02,17.24,20.43,25.77,17.28,21.51,16.47,21.09,19.87,18.09,29.13,17.42,19.18,14.9,18.57,16.37,12.34,23.93,17.28,17.55,16.62,14.97,16.25,18.49,26.71,21.82,18.47,16.12,21.07,19.35,40.98,34.78,35.65,31.55,31.03,33.5,28.5,47.54,36.69,40.2,38.41,32.54,47.32,49.71,38.8,45.52,32.21,34.73,45.84,34.02,33.86,24.0,10.06,5.71,10.75,5.76,14.07,19.96,25.15,26.88,28.27,34.6,19.12,19.78,35.57,30.48,18.48,32.67,36.76,17.75,31.74,33.66,26.01,29.46,24.14,35.19,30.06,19.63,24.44,30.6,27.49,21.1,19.37,34.82,30.71,29.98,3.44,12.7,12.53,17.18,27.78,26.35,28.26,16.99,16.34,16.2,6.62,16.42,13.13,18.26,14.03,22.98,15.01,19.73,25.92,2.18,21.87,9.51,27.76,15.65,27.32,17.2,23.11,21.85,18.71,15.96,25.38,22.47,21.06,28.61,22.29,29.46,29.88,27.18,29.15,18.84,23.18,20.92,31.34,28.75,22.75,10.61,17.84,20.98,18.54,13.7,11.37,4.7,12.23,12.82,11.89,19.49,10.5,10.37,18.12,6.1,18.56,3.71,11.16,7.89,11.9,11.15,10.06,9.01,33.75,43.55,41.61,39.8,24.75,33.25,25.29,25.89,27.33,31.55,28.2,27.65,29.46,32.36,29.36,27.31,29.71,34.54,33.23,28.17,29.17,30.82,31.34,40.83,38.11,32.6,35.47,34.27,30.83,35.43,41.01,43.69,42.77,29.03,54.15,36.65,25.83,26.45,24.51,55.17,30.41,44.18,49.2,46.18
19.23,19.41,20.39,41.04,35.27,32.87,25.04,45.75,22.02,17.61,12.15,26.35,35.01,19.64,22.49,13.22,11.95,23.19,36.06,23.2,31.85,25.55,24.39,33.63,28.12,21.26,41.56,27.36,24.99,29.38,17.86,24.74,24.71,17.41,19.34,30.25,17.67,31.08,20.3,16.17,12.2,31.24,15.69,4.86,19.93,17.57,24.96,17.83,17.41,11.95,29.93,24.87,21.06,16.32,27.3,15.34,21.06,25.92,16.59,14.87,24.74,42.86,27.6,11.36,27.69,17.06,21.0,17.9,41.54,29.14,14.42,14.08,32.23,15.45,30.22,15.5,12.79,10.73,27.82,15.2,14.57,10.53,21.84,13.29,12.61,33.89,32.9,15.87,13.16,12.68,10.57,13.84,19.37,10.45,15.87,21.16,13.69,18.83,19.27,14.87,14.25,14.41,13.12,20.4,11.91,14.44,14.05,18.66,14.68,12.31,12.91,19.85,1.69,17.46,0.0,4.64,10.3,3.19,5.04,22.17,13.02,19.81,5.17,20.11,1.13,12.74,2.22,22.28,13.53,8.16,30.09,25.32,18.69,19.79,25.43,22.99,22.78,21.62,20.67,23.86,29.2,21.9,24.94,23.13,24.53,23.3,21.52,32.57,20.86,22.61,21.56,22.0,23.03,19.0,27.36,20.71,23.57,23.01,21.63,22.91,21.92,30.14,25.25,21.91,22.78,32.38,30.66,44.42,38.22,39.08,34.99,34.47,34.04,31.94,50.97,40.12,43.63,41.84,35.97,50.75,53.14,42.23,48.95,35.64,38.16,49.27,34.57,37.3,30.66,21.36,24.64,22.06,23.99,11.56,17.45,25.69,27.43,28.82,35.15,16.62,17.27,36.12,31.03,19.03,33.21,37.31,15.24,32.29,34.21,26.56,30.01,24.69,35.74,27.64,17.52,24.99,31.15,28.04,21.65,19.92,35.37,31.26,30.53,24.46,24.01,23.83,28.49,34.44,33.01,34.92,28.3,27.65,27.51,25.56,27.73,24.43,24.92,25.34,29.63,26.31,26.39,32.58,19.74,28.53,25.93,19.85,13.14,21.52,14.69,20.6,19.35,16.2,13.45,22.88,19.96,18.56,21.71,19.78,26.95,17.86,21.01,26.64,16.33,20.67,18.41,28.83,26.24,20.24,27.03,34.26,37.4,34.95,30.11,27.78,21.11,28.65,29.24,28.3,35.91,26.91,26.79,34.53,22.52,34.98,20.13,18.13,17.34,28.32,27.57,26.48,25.43,18.27,28.08,26.14,24.32,9.28,24.69,9.82,10.42,11.86,16.08,12.72,12.18,20.9,16.89,13.89,11.83,14.24,19.07,24.67,18.46,17.46,15.35,15.87,32.27,22.63,17.12,20.0,25.71,15.36,26.87,25.54,26.32,27.29,13.56,45.59,36.22,26.48,27.1,30.04,46.61,35.94,28.7,33.73,30.71
15.4,20.03,21.02,47.32,37.92,39.15,27.69,41.92,25.25,20.26,8.32,29.58,41.29,15.81,28.77,13.85,8.12,25.84,42.34,26.43,34.5,26.18,27.04,39.91,30.77,27.54,47.83,27.98,21.16,30.01,18.49,27.97,27.94,18.04,19.97,36.53,13.84,27.25,20.93,18.82,14.85,37.51,18.34,1.04,22.58,18.19,27.61,18.46,20.06,14.6,36.21,27.52,23.71,22.6,29.95,17.99,23.71,28.57,19.24,17.52,27.39,49.14,30.25,14.01,33.97,17.69,23.65,18.52,47.82,35.42,17.07,16.73,34.88,18.1,36.5,18.15,15.44,13.38,30.47,17.85,17.22,13.18,24.5,15.94,15.26,36.54,35.55,18.52,15.81,15.33,13.22,16.49,20.0,13.1,18.52,23.81,16.34,21.48,21.93,17.52,16.9,17.06,15.77,23.06,12.52,20.28,16.7,21.31,17.33,14.96,15.56,22.5,2.95,20.11,4.64,0.0,6.47,1.63,7.69,15.73,9.19,16.65,1.44,22.76,3.78,8.92,5.43,14.7,9.71,4.33,26.26,28.42,21.79,22.89,28.53,26.17,25.88,22.24,23.77,26.96,32.3,25.0,28.13,26.52,27.71,26.49,24.71,35.67,23.96,25.71,27.81,25.19,29.28,25.25,30.46,23.9,26.66,26.11,27.88,29.16,25.11,33.24,28.44,25.09,26.17,35.03,33.31,47.6,41.41,42.27,38.17,37.57,34.67,35.12,54.16,43.31,46.82,45.03,39.16,53.94,56.33,45.42,52.14,38.74,41.35,52.46,35.19,40.48,36.92,24.01,27.29,24.71,26.64,11.58,18.07,26.32,28.05,29.44,35.77,17.24,17.89,36.74,31.65,19.65,33.84,37.93,15.86,32.91,34.83,27.18,30.63,25.31,36.36,28.26,18.15,25.61,31.77,28.66,22.27,20.54,35.99,31.88,31.15,27.11,26.66,26.48,31.14,40.69,39.26,41.18,30.95,30.3,30.16,28.21,30.38,27.08,31.17,27.99,35.89,28.96,32.64,38.84,22.39,34.78,28.58,16.02,15.79,17.69,15.32,21.23,19.97,16.82,12.25,23.5,20.58,19.18,17.89,20.4,27.57,14.03,17.18,27.26,16.95,21.29,19.03,29.46,26.86,20.86,29.68,36.91,40.05,37.6,32.76,30.43,23.76,31.3,31.89,30.95,38.56,29.56,29.44,37.19,25.17,37.63,22.78,20.78,19.99,30.97,30.22,29.13,28.08,14.45,24.25,22.31,20.5,5.45,20.86,5.99,6.59,8.03,12.25,8.89,8.35,17.07,13.06,10.06,8.0,10.41,15.24,20.84,14.63,13.63,11.52,12.04,28.45,18.81,13.3,16.17,21.89,11.53,23.04,21.71,22.49,23.46,9.73,41.76,32.39,22.66,23.28,26.21,42.79,32.11,24.87,29.9,26.88
8.97,25.69,24.03,52.98,43.58,44.81,33.35,36.78,30.91,25.92,13.09,35.24,46.95,8.92,34.43,19.51,12.89,31.5,48.0,32.09,40.16,29.19,32.7,45.57,36.43,33.2,53.5,33.64,25.93,35.67,24.15,33.63,33.61,21.57,22.98,42.19,7.37,32.02,26.59,24.48,20.51,43.18,24.0,5.91,28.24,23.85,33.28,24.12,25.72,20.26,41.87,33.18,29.37,28.26,35.61,23.65,29.37,34.24,24.9,23.18,33.05,54.8,35.91,19.67,39.63,23.35,29.31,24.18,53.48,41.08,22.73,22.39,40.54,23.76,42.16,23.82,21.1,19.04,36.13,23.51,22.88,18.84,30.16,21.6,20.92,42.2,41.21,24.19,21.47,20.99,18.88,22.15,25.66,18.76,24.18,29.47,22.0,27.14,27.59,23.18,22.56,22.72,21.43,28.72,18.18,25.94,22.36,26.97,22.99,20.62,21.22,28.16,8.61,25.77,10.3,6.47,0.0,7.29,13.35,20.5,13.96,21.42,7.1,28.42,9.44,13.69,11.1,19.47,14.48,2.13,23.33,34.08,27.45,28.55,34.19,31.83,31.54,27.9,29.43,32.62,37.96,30.66,33.79,32.18,33.38,32.15,30.37,41.33,29.62,31.37,33.47,30.85,34.94,30.91,36.12,29.56,32.33,31.77,33.54,34.82,30.77,38.9,34.1,30.75,31.83,40.69,38.97,53.27,47.07,47.93,43.83,43.23,40.33,40.78,59.82,48.97,52.48,50.69,44.82,59.6,61.99,51.08,57.8,44.4,47.01,58.12,40.85,46.15,42.58,29.67,32.95,30.37,32.3,17.24,23.73,31.98,33.71,35.1,41.43,22.9,23.55,42.4,32.67,25.31,39.5,43.59,21.52,38.57,40.5,32.84,36.29,30.97,42.02,31.43,23.81,31.27,37.43,34.32,27.93,26.2,41.65,37.54,36.81,32.77,32.32,32.14,36.8,46.35,44.92,46.84,36.61,35.96,35.82,33.87,36.04,32.74,36.83,33.65,41.55,34.62,38.3,44.5,28.05,40.44,34.24,13.09,21.45,14.76,20.98,25.18,18.99,22.14,17.91,26.67,22.0,20.95,14.96,23.57,30.74,11.1,14.25,29.35,22.61,24.46,21.12,32.63,30.03,24.03,35.34,42.57,45.71,43.26,38.43,36.09,29.42,36.96,37.55,36.62,44.22,35.22,35.1,42.85,30.83,43.29,28.44,26.44,25.66,36.63,35.88,34.79,33.74,11.52,21.32,19.38,17.57,3.7,17.02,3.06,3.66,5.1,5.78,2.43,5.42,21.57,6.59,7.13,1.54,3.94,8.77,15.16,8.16,7.16,5.05,9.11,23.31,12.34,10.37,9.7,16.75,5.06,17.9,18.78,16.03,20.54,3.26,36.63,27.25,27.43,28.05,30.98,37.65,36.88,21.95,26.97,23.95
16.22,20.61,21.6,42.25,36.47,34.07,26.25,42.74,23.23,18.81,9.14,27.55,36.21,16.63,23.7,14.43,8.94,24.39,37.27,24.4,33.06,26.76,25.59,34.83,29.33,22.47,42.76,28.56,21.98,30.59,19.07,25.94,25.92,18.61,20.55,31.46,14.66,28.07,21.51,17.38,13.41,32.44,16.89,1.85,21.14,18.77,26.17,19.04,18.61,13.15,31.14,26.08,22.27,17.53,28.51,16.55,22.26,27.13,17.79,16.08,25.94,44.07,28.81,12.57,28.9,18.26,22.2,19.1,42.74,30.34,15.62,15.28,33.44,16.66,31.43,16.71,14.0,11.93,29.02,16.4,15.78,11.73,23.05,14.5,13.82,35.09,34.1,17.08,14.36,13.89,11.78,15.05,20.58,11.65,17.08,22.37,14.89,20.04,20.48,16.08,15.45,15.61,14.32,21.61,13.12,15.65,15.25,19.86,15.88,13.51,14.12,21.06,1.51,18.67,3.19,1.63,7.29,0.0,6.24,16.55,10.01,21.01,2.16,21.32,2.34,9.73,3.99,15.52,10.52,5.15,27.08,26.53,19.9,20.99,26.63,24.19,23.98,22.82,21.88,25.06,30.41,23.1,26.15,24.34,25.73,24.51,22.73,33.77,22.06,23.82,22.76,23.2,24.24,20.2,28.57,21.92,24.77,24.22,22.83,24.11,23.13,31.34,26.45,23.11,23.98,33.58,31.87,45.62,39.42,40.29,36.19,35.67,35.25,33.14,52.18,41.33,44.84,43.05,37.18,51.96,54.35,43.43,50.15,36.85,39.37,50.48,35.78,38.5,31.87,22.57,25.85,23.26,25.2,12.77,18.66,26.9,28.63,30.02,36.35,17.82,18.48,37.32,32.24,20.23,34.42,38.52,16.45,33.49,35.42,27.77,31.21,25.89,36.94,28.84,18.73,26.19,32.35,29.25,22.86,21.13,36.58,32.47,31.73,25.67,25.22,25.04,29.69,35.64,34.21,36.13,29.5,28.85,28.71,26.76,28.93,25.64,26.12,26.54,30.84,27.52,27.59,33.79,20.95,29.73,27.13,16.84,14.35,18.51,15.9,21.81,20.55,17.41,12.97,24.08,21.17,19.76,18.7,20.99,28.15,14.85,18.0,27.85,17.53,21.88,19.62,30.04,27.45,21.44,28.23,35.46,38.6,36.16,31.32,28.99,22.32,29.86,30.44,29.51,37.11,28.12,28.0,35.74,23.73,36.19,21.33,19.33,18.55,29.52,28.78,27.68,26.64,15.26,25.07,23.13,21.31,6.27,21.68,6.81,7.41,8.85,13.07,9.71,9.17,17.89,13.88,10.88,8.82,11.23,16.06,21.66,15.45,14.45,12.34,12.86,29.26,19.62,14.11,16.99,22.7,12.35,23.86,22.53,23.31,24.28,10.55,42.58,33.2,23.47,24.09,27.03,43.6,32.93,25.69,30.72,27.7
22.28,15.12,16.1,36.75,30.98,28.58,20.75,48.8,17.73,13.32,15.2,22.06,30.72,22.69,18.2,8.93,15.0,18.9,31.77,18.91,27.56,21.26,20.1,29.34,23.83,16.97,37.27,23.07,26.77,25.09,13.57,20.45,20.42,13.12,15.05,25.96,20.72,32.87,16.02,11.88,7.91,26.95,11.4,7.91,15.64,13.28,20.67,13.54,13.12,7.66,25.64,20.58,16.77,12.03,23.01,11.05,16.77,21.63,12.3,10.58,20.45,38.57,23.31,7.07,23.4,12.77,16.71,13.61,37.25,24.85,10.13,9.79,27.94,11.16,25.93,11.21,8.5,6.44,23.53,10.91,10.28,6.24,17.56,9.0,8.32,29.6,28.61,11.58,8.87,8.39,6.28,9.55,15.08,6.16,11.58,16.87,9.4,14.54,14.99,10.58,9.96,10.12,8.83,16.12,7.62,10.15,9.76,14.37,10.39,8.02,8.62,15.56,4.74,13.17,5.04,7.69,13.35,6.24,0.0,17.88,16.07,15.52,8.22,15.82,4.12,15.8,5.84,17.99,16.59,11.21,33.14,21.03,14.4,15.5,21.14,18.7,18.49,17.33,16.38,19.57,24.91,17.61,20.65,18.84,20.24,19.01,17.24,28.28,16.57,18.32,17.27,17.71,18.74,14.71,23.07,16.42,19.28,18.72,17.34,18.62,17.63,25.85,20.96,17.62,18.49,28.09,26.37,40.13,33.93,34.79,30.7,30.18,29.76,27.65,46.68,35.83,39.34,37.55,31.68,46.46,48.85,37.94,44.66,31.35,33.87,44.98,30.28,33.01,26.37,17.07,20.35,17.77,19.7,7.27,13.16,21.4,23.14,24.53,30.86,12.33,12.98,31.83,26.74,14.74,28.93,33.02,10.95,28.0,29.92,22.27,25.72,20.4,31.45,23.35,13.24,20.7,26.86,23.75,17.36,15.63,31.08,26.97,26.24,20.17,19.72,19.54,24.2,30.15,28.72,30.63,24.01,23.36,23.22,21.27,23.44,20.14,20.63,21.05,25.34,22.02,22.1,28.29,15.45,24.24,21.64,20.96,8.85,20.52,10.4,16.32,15.06,11.91,9.16,18.59,15.67,14.27,21.81,15.49,22.66,20.91,20.38,22.35,12.04,16.38,14.12,24.54,21.95,15.95,22.74,29.97,33.11,30.66,25.83,23.49,16.82,24.36,24.95,24.02,31.62,22.62,22.5,30.25,18.23,30.69,15.84,13.84,13.05,24.03,23.28,22.19,21.14,21.33,31.13,29.19,27.37,12.33,27.74,12.87,13.47,14.91,19.13,15.77,15.23,23.95,19.94,16.94,14.88,17.29,22.12,27.72,21.51,20.51,18.4,18.92,35.33,25.69,20.18,23.05,28.76,18.41,29.92,28.59,29.37,30.34,16.61,48.64,44.2,28.51,29.13,32.06,49.67,37.96,31.75,36.78,33.76
21.46,18.81,27.47,41.97,33.02,35.2,22.79,40.55,22.94,4.33,8.95,27.27,35.93,21.41,23.42,20.3,7.82,20.94,36.99,24.12,29.6,32.63,22.14,34.55,25.87,22.19,42.48,29.34,10.57,31.37,20.22,25.66,25.64,24.49,26.42,32.59,27.26,16.66,19.7,13.92,12.81,33.57,7.46,15.17,17.68,19.55,22.71,19.82,6.49,19.03,32.27,22.62,18.81,17.25,25.05,16.26,18.81,23.67,5.35,12.62,22.48,43.79,25.35,18.44,30.03,19.41,18.74,19.88,42.46,31.47,15.34,8.59,29.98,13.2,32.56,13.25,9.74,17.81,25.57,15.61,9.69,14.41,19.59,11.04,19.69,31.64,30.65,16.8,10.91,15.84,17.65,10.73,16.29,15.7,9.79,18.91,14.61,16.58,17.02,12.62,12.0,14.82,14.42,18.15,18.99,15.36,14.26,16.4,12.43,13.23,13.9,17.6,21.87,15.21,22.17,15.73,20.5,16.55,17.88,0.0,7.77,2.37,16.36,17.89,21.02,9.29,22.74,1.0,8.34,18.37,35.76,26.25,19.62,20.72,26.36,23.92,23.71,20.38,21.6,24.79,30.13,22.83,25.87,25.56,25.46,24.23,22.46,33.5,21.79,23.54,23.98,22.93,25.45,21.42,28.29,21.64,24.5,25.7,24.05,25.33,22.85,31.07,26.18,22.84,25.2,30.15,28.44,45.35,39.15,40.01,35.92,35.4,36.18,32.87,51.9,41.05,44.56,42.77,36.9,51.68,54.07,43.16,49.88,36.57,39.09,50.2,36.7,38.23,33.09,19.14,22.42,19.84,21.77,18.55,24.44,27.83,29.56,30.95,37.28,23.61,24.26,38.25,33.16,21.16,35.35,39.44,22.23,34.42,36.35,28.69,32.14,26.82,37.87,32.74,24.51,27.12,33.28,30.17,23.78,22.05,37.5,33.39,32.66,22.24,21.79,21.61,26.26,36.86,35.43,37.35,26.07,25.43,25.28,23.34,25.5,22.21,27.34,23.11,32.06,24.09,28.81,35.01,17.52,30.95,23.71,32.24,20.13,31.8,21.68,27.59,26.34,23.19,20.44,29.87,26.95,25.54,33.09,26.77,33.94,28.07,31.66,33.63,23.32,27.66,25.4,35.82,33.23,27.23,24.8,32.03,35.17,32.73,27.89,16.66,18.89,26.43,27.01,26.08,33.68,19.31,17.48,32.31,20.3,24.35,17.91,5.84,7.26,26.1,25.35,24.25,23.21,22.07,32.98,31.81,29.99,19.49,19.49,20.02,20.62,22.06,20.57,22.93,22.39,15.7,19.08,24.09,22.04,18.63,25.86,19.47,14.41,15.41,19.85,26.08,27.08,32.03,23.14,29.39,20.51,18.21,21.67,31.21,29.93,32.96,20.7,40.39,27.76,12.07,12.69,15.63,41.42,21.52,34.37,39.4,36.38
14.92,25.12,33.79,48.28,39.33,41.52,29.11,34.01,29.26,10.65,2.4,33.59,42.25,14.87,29.73,26.62,1.28,27.25,43.3,30.44,35.92,38.95,28.45,40.87,32.19,28.5,48.8,35.66,13.19,37.69,26.54,31.98,31.95,30.8,32.74,38.9,20.72,19.29,26.02,20.24,19.13,39.89,13.78,8.63,24.0,25.87,29.03,26.13,12.81,25.34,38.59,28.94,25.13,23.56,31.37,22.58,25.12,29.99,11.67,18.94,28.8,50.1,31.67,24.75,36.35,25.73,25.06,26.2,48.78,37.79,21.66,14.91,36.3,19.52,38.88,19.57,16.06,24.12,31.88,21.93,16.0,20.73,25.91,17.36,26.01,37.95,36.96,23.12,17.22,22.15,23.97,17.05,22.61,22.02,16.11,25.23,20.93,22.9,23.34,18.94,18.31,21.14,20.74,24.47,25.31,21.68,20.58,22.72,18.74,19.55,20.21,23.92,11.33,21.52,13.02,9.19,13.96,10.01,16.07,7.77,0.0,8.69,9.82,24.2,12.17,2.75,13.82,6.74,1.8,11.83,29.22,32.57,25.94,27.04,32.68,30.23,30.02,26.7,27.92,31.11,36.45,29.14,32.19,31.87,31.77,30.55,28.77,39.82,28.1,29.86,30.3,29.25,31.77,27.74,34.61,27.96,30.81,32.02,30.37,31.65,29.17,37.39,32.5,29.15,31.52,36.47,34.76,51.66,45.47,46.33,42.23,41.71,42.49,39.18,58.22,47.37,50.88,49.09,43.22,58.0,60.39,49.48,56.2,42.89,45.41,56.52,43.02,44.55,39.41,25.46,28.74,26.15,28.08,24.87,30.76,34.14,35.88,37.27,43.6,29.92,30.58,44.57,39.48,27.48,41.66,45.76,28.55,40.74,42.66,35.01,38.46,33.14,44.18,39.06,30.83,33.44,39.6,36.49,30.1,28.37,43.82,39.71,38.97,28.55,28.1,27.93,32.58,43.18,41.75,43.66,32.39,31.74,31.6,29.65,31.82,28.53,33.66,29.43,38.38,30.41,35.13,41.32,23.84,37.27,30.02,23.51,26.45,25.18,28.0,33.91,32.65,29.51,20.63,36.18,33.27,31.86,25.38,33.09,40.25,21.52,24.67,39.95,29.63,33.98,31.72,42.14,39.55,33.54,31.12,38.35,41.49,39.05,34.21,19.28,25.21,32.74,33.33,32.4,40.0,21.93,20.1,38.63,26.61,26.97,24.22,12.15,13.58,32.41,31.66,30.57,29.52,15.53,26.44,25.27,23.45,12.94,12.95,13.48,14.08,15.52,14.03,16.39,15.84,9.16,12.54,17.55,15.5,12.09,19.32,12.93,7.87,8.87,13.31,19.53,20.53,25.49,16.6,22.85,13.97,11.67,15.13,24.66,23.39,26.42,14.16,33.85,24.48,14.69,15.31,18.25,34.87,24.14,27.83,32.86,29.84
22.38,16.44,25.1,39.6,30.65,32.83,20.42,41.47,20.57,1.97,9.87,24.9,33.56,22.33,21.05,17.93,8.74,18.57,34.62,21.75,27.23,30.26,19.77,32.18,23.5,19.82,40.11,26.97,11.49,29.0,17.85,23.29,23.27,22.12,24.05,30.22,28.18,17.58,17.34,11.55,10.44,31.2,5.09,16.09,15.31,17.18,20.34,17.45,4.12,16.66,29.9,20.25,16.44,14.88,22.68,13.89,16.44,21.3,2.99,10.25,20.12,41.42,22.98,16.07,27.66,17.05,16.37,17.52,40.09,29.1,12.97,6.22,27.61,10.83,30.19,10.88,7.37,15.44,23.2,13.25,7.32,12.04,17.22,8.67,17.32,29.27,28.28,14.43,8.54,13.47,15.28,8.36,13.92,13.33,7.42,16.54,12.24,14.21,14.65,10.25,9.63,12.45,12.05,15.78,16.62,13.0,11.89,14.04,10.06,10.86,11.53,15.23,19.5,12.84,19.81,16.65,21.42,21.01,15.52,2.37,8.69,0.0,17.28,15.52,18.65,10.21,20.37,2.47,9.26,19.29,36.68,23.88,17.25,18.35,23.99,21.55,21.34,18.01,19.23,22.42,27.77,20.46,23.51,23.19,23.09,21.86,20.09,31.13,19.42,21.17,21.61,20.56,23.08,19.05,25.92,19.27,22.13,23.33,21.68,22.96,20.49,28.7,23.81,20.47,22.83,27.79,26.07,42.98,36.78,37.65,33.55,33.03,33.81,30.5,49.54,38.68,42.19,40.4,34.53,49.31,51.7,40.79,47.51,34.2,36.72,47.84,34.33,35.86,30.72,16.77,20.05,17.47,19.4,16.18,22.07,25.46,27.19,28.58,34.91,21.24,21.89,35.88,30.79,18.79,32.98,37.07,19.86,32.05,33.98,26.32,29.77,24.45,35.5,30.37,22.14,24.75,30.91,27.81,21.41,19.69,35.13,31.02,30.29,19.87,19.42,19.24,23.89,34.49,33.06,34.98,23.7,23.06,22.91,20.97,23.14,19.84,24.97,20.74,29.69,21.72,26.44,32.64,15.15,28.58,21.34,29.87,17.76,29.43,19.31,25.22,23.97,20.82,18.07,27.5,24.58,23.18,30.72,24.4,31.57,31.99,29.29,31.26,20.95,25.29,23.03,33.45,30.86,24.86,22.43,29.66,32.8,30.36,25.52,17.58,16.52,24.06,24.65,23.71,31.32,22.32,18.4,29.94,17.93,25.27,15.54,3.47,4.89,23.73,22.98,21.88,20.84,22.99,33.9,32.73,30.91,20.41,20.41,20.94,21.54,22.98,21.49,23.85,23.31,16.62,20.0,25.01,22.96,19.55,26.78,20.39,15.33,16.33,20.77,27.0,28.0,32.95,24.06,30.31,21.43,19.13,22.59,32.13,30.85,33.88,21.62,41.31,28.68,12.99,13.61,16.55,42.34,22.44,35.29,40.32,37.3
16.04,18.59,19.58,45.88,38.46,37.71,28.23,42.55,23.81,20.79,8.95,28.14,39.85,16.44,27.33,12.41,8.75,26.37,40.9,24.99,35.04,24.74,27.57,38.47,31.31,26.1,46.4,26.54,21.79,28.57,17.05,26.53,26.51,16.6,18.53,35.09,14.47,27.88,19.49,19.36,15.39,36.08,18.87,1.67,23.12,16.75,28.15,17.02,20.59,12.14,34.77,28.06,24.25,21.16,30.49,21.62,24.24,29.11,19.77,18.06,27.92,47.7,30.79,12.32,32.53,16.25,24.18,17.08,46.38,33.98,19.69,17.26,35.67,18.64,35.06,18.69,15.98,11.52,31.0,18.38,17.76,13.71,25.03,16.48,14.44,37.12,36.08,19.06,16.35,14.51,12.4,17.03,18.56,13.63,19.06,24.35,16.87,22.02,22.46,18.06,17.43,17.59,14.95,23.59,11.08,18.84,17.24,21.84,17.87,15.49,16.1,23.04,3.49,20.65,5.17,1.44,7.1,2.16,8.22,16.36,9.82,17.28,0.0,23.3,4.32,9.55,5.97,15.33,10.34,4.97,26.89,26.98,20.35,21.45,27.09,24.73,24.44,20.8,22.33,25.52,30.86,23.56,26.69,25.08,26.28,25.05,23.27,34.23,22.52,24.27,26.37,23.75,27.84,23.81,29.02,22.46,25.23,24.67,26.44,27.72,23.67,31.8,27.0,23.65,24.73,35.56,33.85,46.17,39.97,40.83,36.73,36.13,33.23,33.68,52.72,41.87,45.38,43.59,37.72,52.5,54.89,43.98,50.7,37.3,39.91,51.02,33.75,39.05,35.48,22.1,27.83,25.24,27.18,10.14,16.63,24.88,26.61,28.0,34.33,15.8,16.45,35.3,30.21,18.21,32.4,36.49,14.42,31.47,33.4,25.74,29.19,23.87,34.92,26.82,16.71,24.17,30.33,27.22,20.83,19.1,34.55,30.44,29.71,27.65,27.2,27.02,31.67,39.25,37.82,39.74,31.48,30.84,30.69,28.75,30.91,27.62,29.73,28.52,34.45,29.5,31.2,37.4,22.93,33.34,29.12,16.65,13.37,18.32,13.88,19.79,18.53,15.38,10.81,22.06,19.14,17.74,18.52,18.97,26.13,14.66,17.81,25.83,15.51,19.85,17.59,28.02,25.42,19.42,30.21,37.44,40.58,38.14,33.3,30.97,24.3,31.84,32.42,31.49,39.09,30.1,29.98,37.72,25.71,38.17,23.32,21.31,20.53,31.51,30.76,29.66,28.62,15.08,24.88,22.94,21.13,6.08,21.49,6.62,7.22,8.66,12.88,9.53,8.98,17.7,13.69,10.69,8.64,11.04,15.87,21.48,15.26,14.26,12.15,12.67,29.08,19.44,13.93,16.8,22.52,12.16,23.67,22.34,23.13,24.1,10.36,42.39,33.02,23.29,23.91,26.84,43.42,32.74,25.51,30.53,27.51
37.36,18.47,25.41,39.92,26.33,28.52,8.51,56.99,20.9,13.55,25.38,25.23,33.89,37.76,21.37,18.24,24.26,13.59,34.94,22.08,22.91,30.56,7.85,32.51,11.59,20.14,40.44,29.0,19.76,31.03,19.88,23.62,23.59,22.42,24.36,25.9,35.79,25.15,19.09,9.3,10.75,26.88,11.63,22.99,10.99,19.21,12.79,19.48,13.35,16.96,25.58,8.34,12.12,16.91,10.77,14.03,12.12,9.39,12.53,6.22,8.2,41.75,11.07,16.37,23.34,19.08,12.06,19.55,40.42,24.79,13.28,10.02,23.29,6.51,25.87,7.94,8.22,15.74,11.28,11.74,8.3,12.35,12.91,8.98,17.63,24.95,23.96,15.31,8.01,13.77,15.59,7.39,14.23,13.64,7.22,12.22,12.55,9.89,10.34,8.79,8.13,11.74,12.35,11.47,16.93,13.3,9.78,9.72,10.36,11.17,11.06,10.91,19.81,3.69,20.11,22.76,28.42,21.32,15.82,17.89,24.2,15.52,23.3,0.0,16.32,22.82,18.04,15.09,21.87,23.41,46.33,21.67,15.04,16.13,21.77,19.33,19.12,15.79,17.02,20.2,25.55,17.06,21.29,16.25,20.87,19.64,17.87,28.91,17.2,18.96,14.68,18.34,16.15,12.12,23.71,17.06,17.33,16.4,14.75,16.03,18.27,26.48,21.59,18.25,15.9,20.85,19.13,40.76,34.56,35.43,31.33,30.81,33.28,28.28,47.32,36.47,39.98,38.19,32.32,47.09,49.48,38.57,45.29,31.99,34.51,45.62,33.8,33.64,23.78,9.84,13.11,10.53,12.46,13.85,19.74,24.92,26.66,28.05,34.38,18.9,19.56,35.35,30.26,18.26,32.45,36.54,17.53,31.52,33.44,25.79,29.24,23.92,34.97,29.84,19.4,24.22,30.38,27.27,20.88,19.15,34.6,30.49,29.76,4.39,12.48,12.3,16.96,27.56,26.13,28.04,16.77,16.12,15.98,14.03,16.2,12.91,18.04,13.81,22.75,14.79,19.51,25.7,3.13,21.65,9.32,27.54,15.43,27.1,16.98,22.89,21.63,18.49,15.74,25.16,22.25,20.84,28.38,22.07,29.23,29.66,26.96,28.93,18.61,22.96,20.7,31.12,28.53,22.52,10.41,17.64,20.78,18.34,13.5,11.17,4.5,12.04,12.62,11.69,19.29,10.3,10.18,17.92,5.91,18.37,3.52,10.94,7.67,11.71,10.96,9.86,8.82,33.53,43.33,41.39,39.58,24.53,33.03,25.07,25.67,27.11,31.33,27.97,27.43,29.23,32.14,29.14,27.08,29.49,34.32,33.01,27.95,28.95,30.6,31.12,40.61,37.89,32.38,35.25,34.05,30.61,35.21,40.79,43.47,42.54,28.81,53.93,36.45,25.61,26.23,24.31,54.95,30.21,43.95,48.98,45.96
18.38,18.49,19.47,40.12,34.35,31.95,24.12,44.89,21.1,16.69,11.29,25.43,34.09,18.78,21.57,12.3,11.1,22.27,35.14,22.28,30.93,24.63,23.47,32.71,27.2,20.34,40.64,26.44,24.13,28.46,16.94,23.82,23.79,16.49,18.42,29.33,16.81,30.23,19.39,15.26,11.28,30.32,14.77,4.01,19.01,16.65,24.05,16.91,16.49,11.03,29.02,23.95,20.14,15.4,26.38,14.42,20.14,25.01,15.67,13.95,23.82,41.94,26.68,10.44,26.78,16.14,20.08,16.98,40.62,28.22,13.5,13.16,31.31,14.53,29.3,14.59,11.87,9.81,26.9,14.28,13.65,9.61,20.93,12.37,11.69,32.97,31.98,14.96,12.24,11.76,9.65,12.92,18.45,9.53,14.95,20.24,12.77,17.91,18.36,13.95,13.33,13.49,12.2,19.49,11.0,13.52,13.13,17.74,13.76,11.39,11.99,18.93,0.83,16.54,1.13,3.78,9.44,2.34,4.12,21.02,12.17,18.65,4.32,16.32,0.0,11.89,1.93,21.36,12.68,7.31,29.24,24.4,17.77,18.87,24.51,22.07,21.86,20.7,19.75,22.94,28.28,20.98,24.02,22.21,23.61,22.38,20.61,31.65,19.94,21.69,20.64,21.08,22.11,18.08,26.44,19.79,22.65,22.09,20.71,21.99,21.0,29.22,24.33,20.99,21.86,31.46,29.74,43.5,37.3,38.16,34.07,33.55,33.13,31.02,50.05,39.2,42.71,40.92,35.05,49.83,52.22,41.31,48.03,34.72,37.24,48.35,33.65,36.38,29.74,20.44,23.72,21.14,23.07,10.64,16.53,24.77,26.51,27.9,34.23,15.7,16.35,35.2,30.11,18.11,32.3,36.39,14.32,31.37,33.29,25.64,29.09,23.77,34.82,26.72,16.61,24.07,30.23,27.12,20.73,19.0,34.45,30.34,29.61,23.54,23.09,22.91,27.57,33.52,32.09,34.0,27.38,26.73,26.59,24.64,26.81,23.52,24.0,24.42,28.72,25.39,25.47,31.66,18.82,27.61,25.01,18.99,12.22,20.67,13.78,19.69,18.43,15.28,12.53,21.96,19.04,17.64,20.86,18.86,26.03,17.01,20.16,25.72,15.41,19.75,17.49,27.92,25.32,19.32,26.11,33.34,36.48,34.03,29.2,26.86,20.19,27.73,28.32,27.39,34.99,25.99,25.87,33.62,21.6,34.06,19.21,17.21,16.43,27.4,26.65,25.56,24.51,17.42,27.23,25.29,23.47,8.43,23.84,8.97,9.56,11.01,15.22,11.87,11.33,20.04,16.03,13.03,10.98,13.38,18.22,23.82,17.61,16.61,14.5,15.02,31.42,21.78,16.27,19.15,24.86,14.5,26.01,24.68,25.47,26.44,12.7,44.74,35.36,25.63,26.25,29.19,45.76,35.09,27.85,32.87,29.86
14.65,26.64,35.31,49.8,40.86,43.04,30.63,33.37,30.78,12.17,2.13,35.11,43.77,14.59,31.25,28.14,1.68,28.77,44.82,31.96,37.44,40.47,29.97,42.39,33.71,30.02,50.32,37.18,14.71,39.21,28.06,33.5,33.47,32.32,34.26,40.42,13.04,20.81,27.54,21.76,20.65,41.41,15.3,8.35,25.52,27.39,30.55,27.66,14.33,26.86,40.11,30.46,26.65,25.08,32.89,24.1,26.64,31.51,13.19,20.46,30.32,51.62,33.19,26.28,37.87,27.25,26.58,27.72,50.3,39.31,23.18,16.43,37.82,21.04,40.4,21.09,17.58,25.64,33.4,23.45,17.53,22.25,27.43,18.88,27.53,39.48,38.48,24.64,18.75,23.68,25.49,18.57,24.13,23.54,17.63,26.75,22.45,24.42,24.86,20.46,19.83,22.66,22.26,25.99,20.62,23.2,22.1,24.24,20.27,21.07,21.73,25.44,11.06,23.05,12.74,8.92,13.69,9.73,15.8,9.29,2.75,10.21,9.55,22.82,11.89,0.0,13.54,8.26,3.26,11.55,28.94,34.09,27.46,28.56,34.2,31.75,31.54,28.22,29.44,32.63,37.97,30.67,33.71,33.4,33.3,32.07,30.29,41.34,29.63,31.38,31.82,30.77,33.29,29.26,36.13,29.48,32.33,33.54,31.89,33.17,30.69,38.91,34.02,30.68,33.04,37.99,36.28,53.19,46.99,47.85,43.75,43.24,44.02,40.7,59.74,48.89,52.4,50.61,44.74,59.52,61.91,51.0,57.72,44.41,46.93,58.04,44.54,46.07,40.93,26.98,30.26,27.67,29.61,19.68,26.18,35.66,37.4,38.79,45.12,25.35,26.0,46.09,41.0,29.0,43.19,47.28,23.97,42.26,44.18,36.53,39.98,34.66,45.71,40.58,26.25,34.96,41.12,38.01,31.62,29.89,45.34,41.23,40.5,30.08,29.63,29.45,34.1,44.7,43.27,45.18,33.91,33.26,33.12,31.17,33.34,30.05,35.18,30.95,39.9,31.93,36.65,42.85,25.36,38.79,31.54,23.24,27.97,24.91,23.42,29.33,28.08,24.93,20.36,31.61,28.69,27.29,25.1,28.51,35.68,21.25,24.4,35.37,25.06,29.4,27.14,37.56,34.97,28.97,32.64,39.87,43.01,40.57,35.73,20.8,26.73,34.26,34.85,33.92,41.52,23.45,21.62,40.15,28.14,28.49,25.74,13.67,15.1,33.93,33.19,32.09,31.05,15.25,21.7,25.0,23.18,12.67,12.32,13.21,13.81,15.25,13.76,16.11,15.57,10.62,10.95,17.28,15.22,11.82,18.69,12.3,7.6,8.59,13.03,19.26,19.9,18.01,16.33,15.38,13.34,11.39,14.49,24.39,22.76,26.15,13.89,33.22,23.84,16.21,16.83,19.77,34.24,25.67,27.56,32.58,29.56
20.03,20.2,21.19,41.84,36.07,33.67,25.84,46.54,22.82,18.4,12.94,27.15,35.81,20.43,23.29,14.02,12.75,23.98,36.86,23.99,32.65,26.35,25.18,34.43,28.92,22.06,42.35,28.15,25.78,30.18,18.66,25.53,25.51,18.21,20.14,31.05,18.47,31.88,21.1,16.97,13.0,32.03,16.48,5.66,20.73,18.36,25.76,18.63,18.2,12.75,30.73,25.67,21.86,17.12,28.1,16.14,21.86,26.72,17.38,15.67,25.53,43.66,28.4,12.16,28.49,17.86,21.79,18.69,42.34,29.94,15.22,14.87,33.03,16.25,31.02,16.3,13.59,11.52,28.62,15.99,15.37,11.32,22.64,14.09,13.41,34.69,33.7,16.67,13.96,13.48,11.37,14.64,20.17,11.24,16.67,21.96,14.48,19.63,20.07,15.67,15.05,15.2,13.91,21.2,12.71,15.24,14.85,19.45,15.48,13.1,13.71,20.65,2.48,18.26,2.22,5.43,11.1,3.99,5.84,22.74,13.82,20.37,5.97,18.04,1.93,13.54,0.0,23.07,14.33,8.96,30.89,26.12,19.49,20.59,26.23,23.78,23.57,22.41,21.47,24.66,30.0,22.69,25.74,23.93,25.32,24.1,22.32,33.37,21.65,23.41,22.36,22.8,23.83,19.79,28.16,21.51,24.36,23.81,22.43,23.7,22.72,30.94,26.05,22.7,23.58,33.18,31.46,45.21,39.02,39.88,35.78,35.26,34.84,32.73,51.77,40.92,44.43,42.64,36.77,51.55,53.94,43.03,49.75,36.44,38.96,50.07,35.37,38.1,31.46,22.16,25.44,22.86,24.79,12.36,18.25,26.49,28.23,29.61,35.94,17.41,18.07,36.91,31.83,19.82,34.01,38.11,16.04,33.08,35.01,27.36,30.81,25.48,36.53,28.44,18.32,25.79,31.94,28.84,22.45,20.72,36.17,32.06,31.32,25.26,24.81,24.63,29.28,35.23,33.8,35.72,29.09,28.45,28.3,26.36,28.52,25.23,25.72,26.13,30.43,27.11,27.18,33.38,20.54,29.32,26.73,20.65,13.94,22.32,15.49,21.4,20.14,17.0,14.25,23.67,20.76,19.35,22.51,20.58,27.75,18.66,21.81,27.44,17.13,21.47,19.21,29.63,27.04,21.04,27.82,35.05,38.19,35.75,30.91,28.58,21.91,29.45,30.04,29.1,36.71,27.71,27.59,35.33,23.32,35.78,20.93,18.92,18.14,29.12,28.37,27.27,26.23,19.07,28.88,26.94,25.12,10.08,25.49,10.62,11.21,12.66,16.87,13.52,12.98,21.69,17.68,14.68,12.63,15.03,19.87,25.47,19.26,18.26,16.15,16.67,33.07,23.43,17.92,20.8,26.51,16.15,27.67,26.33,27.12,28.09,14.35,46.39,37.01,27.28,27.9,30.84,47.41,36.74,29.5,34.53,31.51
20.43,18.91,27.57,42.07,33.12,35.31,22.89,39.52,23.05,4.44,7.92,27.37,36.03,20.38,23.52,20.4,6.79,21.04,37.09,24.22,29.7,32.73,22.24,34.65,25.97,22.29,42.58,29.45,9.54,31.47,20.33,25.76,25.74,24.59,26.52,32.69,26.23,15.64,19.81,14.03,12.91,33.67,7.56,14.14,17.78,19.66,22.82,19.92,6.59,19.13,32.37,22.72,18.91,17.35,25.15,16.37,18.91,23.78,5.46,12.72,22.59,43.89,25.45,18.54,30.13,19.52,18.85,19.99,42.56,31.58,15.44,8.69,30.08,13.3,32.66,13.36,9.84,17.91,25.67,15.72,9.79,14.51,19.7,11.14,19.79,31.74,30.75,16.9,11.01,15.94,17.76,10.84,16.39,15.8,9.89,19.01,14.71,16.68,17.13,12.72,12.1,14.93,14.52,18.26,19.1,15.47,14.36,16.51,12.53,13.33,14.0,17.7,16.84,15.31,22.28,14.7,19.47,15.52,17.99,1.0,6.74,2.47,15.33,15.09,21.36,8.26,23.07,0.0,7.31,17.34,34.73,26.35,19.73,20.82,26.46,24.02,23.81,20.48,21.7,24.89,30.24,22.93,25.98,25.66,25.56,24.33,22.56,33.6,21.89,23.64,24.08,23.03,25.56,21.52,28.39,21.75,24.6,25.8,24.16,25.43,22.96,31.17,26.28,22.94,25.3,30.26,28.54,45.45,39.25,40.12,36.02,35.5,36.28,32.97,52.01,41.15,44.67,42.87,37.0,51.78,54.17,43.26,49.98,36.68,39.19,50.31,36.8,38.33,33.19,19.24,22.52,19.94,21.87,18.65,24.54,27.93,29.66,31.05,37.38,23.71,24.36,38.35,33.27,21.26,35.45,39.55,22.33,34.52,36.45,28.79,32.24,26.92,37.97,32.84,24.62,27.22,33.38,30.28,23.89,22.16,37.6,33.5,32.76,22.34,21.89,21.71,26.37,36.96,35.53,37.45,26.18,25.53,25.39,23.44,25.61,22.31,27.44,23.22,32.16,24.19,28.91,35.11,17.62,31.05,23.81,32.34,20.23,31.9,21.79,27.7,26.44,23.29,20.54,29.97,27.05,25.65,33.19,26.87,34.04,27.04,31.76,33.73,23.42,27.76,25.5,35.93,33.33,27.33,24.91,32.14,35.28,32.83,27.99,15.63,18.99,26.53,27.12,26.18,33.79,18.28,16.45,32.41,20.4,23.32,18.01,5.94,7.36,26.2,25.45,24.36,23.31,21.04,31.95,30.78,28.96,18.46,18.46,18.99,19.59,21.03,19.54,21.9,21.36,14.67,18.05,23.06,21.01,17.6,24.83,18.44,13.38,14.38,18.82,25.05,26.05,31.0,22.11,28.36,19.49,17.18,20.64,30.18,28.9,31.93,19.67,39.36,26.73,11.04,11.66,14.6,40.39,20.49,33.34,38.37,35.35
20.83,25.69,34.36,48.85,39.9,42.09,29.68,32.21,29.83,11.22,2.92,34.16,42.82,20.78,30.3,27.19,1.8,27.82,43.87,31.01,36.49,39.52,29.02,41.44,32.76,29.07,49.37,36.23,13.76,38.26,27.11,32.55,32.52,31.37,33.31,39.47,18.93,19.86,26.59,20.81,19.7,40.46,14.35,9.14,24.57,26.44,29.6,26.7,13.38,25.91,39.16,29.51,25.7,24.13,31.94,23.15,25.69,30.56,12.24,19.51,29.37,50.67,32.24,25.32,36.92,26.3,25.63,26.77,49.35,38.36,22.23,15.48,36.87,20.09,39.45,20.14,16.63,24.69,32.45,22.5,16.57,21.3,26.48,17.93,26.58,38.52,37.53,23.69,17.79,22.72,24.54,17.62,23.18,22.59,16.68,25.8,21.5,23.47,23.91,19.51,18.88,21.71,21.3,25.04,25.88,22.25,21.15,23.29,19.31,20.12,20.78,24.49,11.85,22.09,13.53,9.71,14.48,10.52,16.59,8.34,1.8,9.26,10.34,21.87,12.68,3.26,14.33,7.31,0.0,12.34,35.13,33.14,26.51,27.61,33.25,30.8,30.59,27.27,28.49,31.68,37.02,29.71,32.76,32.44,32.34,31.12,29.34,40.39,28.67,30.43,30.87,29.82,32.34,28.31,35.18,28.53,31.38,32.59,30.94,32.22,29.74,37.96,33.07,29.72,32.09,37.04,35.33,52.23,46.04,46.9,42.8,42.28,43.06,39.75,58.79,47.94,51.45,49.66,43.79,58.57,60.96,50.05,56.77,43.46,45.98,57.09,43.59,45.12,39.98,26.03,29.31,26.72,28.65,25.44,31.32,34.71,36.45,37.84,44.17,30.49,31.15,45.14,40.05,28.05,42.23,46.33,29.12,41.31,43.23,35.58,39.03,33.7,44.75,39.63,31.4,34.01,40.17,37.06,30.67,28.94,44.39,40.28,39.54,29.12,28.67,28.5,33.15,43.75,42.32,44.23,32.96,32.31,32.17,30.22,32.39,29.1,34.23,30.0,38.95,30.98,35.7,41.89,24.41,37.84,30.59,24.03,27.02,25.7,28.57,34.48,33.22,30.08,21.15,36.75,33.84,32.43,25.89,33.66,40.82,22.04,25.19,40.52,30.2,34.55,32.29,42.71,40.12,34.11,31.69,38.92,42.06,39.62,34.78,19.85,25.78,33.31,33.9,32.97,40.57,22.5,20.67,39.2,27.18,27.54,24.79,12.72,14.15,32.98,32.23,31.14,30.09,21.44,24.64,31.18,29.37,13.46,11.16,14.0,14.6,16.04,14.55,16.9,16.36,7.36,13.05,18.07,16.01,12.61,17.53,11.14,8.39,9.38,13.82,20.05,18.74,23.69,22.52,21.06,12.18,12.18,13.33,30.58,21.6,32.33,14.68,32.05,22.68,15.26,15.88,18.82,33.08,24.71,33.74,38.77,35.75
11.07,23.56,22.62,50.85,41.44,42.67,31.22,38.92,28.78,23.78,10.96,33.11,44.81,11.47,32.3,17.38,10.76,29.36,45.87,29.95,38.03,27.78,30.56,43.43,34.3,31.07,51.36,31.51,23.79,33.53,22.02,31.5,31.47,20.16,21.57,40.06,9.5,29.89,24.46,22.35,18.38,41.04,21.86,3.77,26.11,21.72,31.14,21.98,23.58,18.12,39.74,31.05,27.24,26.13,33.48,21.52,27.23,32.1,22.76,21.05,30.91,52.67,33.78,17.54,37.5,21.21,27.17,22.05,51.34,38.94,20.59,20.25,38.41,21.63,40.03,21.68,18.97,16.9,33.99,21.37,20.75,16.7,28.02,19.47,18.79,40.06,39.07,22.05,19.33,18.86,16.75,20.02,23.53,16.62,22.05,27.34,19.86,25.01,25.45,21.05,20.42,20.58,19.29,26.58,16.04,23.81,20.23,24.83,20.85,18.48,19.09,26.03,6.48,23.64,8.16,4.33,2.13,5.15,11.21,18.37,11.83,19.29,4.97,23.41,7.31,11.55,8.96,17.34,12.34,0.0,21.93,31.95,25.32,26.41,32.05,29.7,29.4,25.76,27.3,30.48,35.83,28.52,31.66,30.05,31.24,30.01,28.24,39.19,27.48,29.24,31.34,28.71,32.81,28.78,33.99,27.43,30.19,29.64,31.41,32.69,28.64,36.76,31.96,28.62,29.69,38.55,36.84,51.13,44.93,45.8,41.7,41.09,38.19,38.65,57.69,46.83,50.35,48.55,42.68,57.46,59.85,48.94,55.66,42.27,44.88,55.99,38.72,44.01,40.44,27.54,30.82,28.23,30.17,15.1,21.6,29.84,31.58,32.96,39.29,20.76,21.42,40.27,35.18,23.17,37.36,41.46,19.39,36.43,38.36,30.71,34.16,28.83,39.88,30.02,21.67,29.14,35.29,32.19,25.8,24.07,39.52,35.41,34.67,30.64,30.19,30.01,34.66,44.22,42.79,44.7,34.47,33.82,33.68,31.73,33.9,30.61,34.7,31.51,39.41,32.49,36.17,42.36,25.92,38.31,32.1,11.68,19.32,13.36,18.84,24.75,17.59,20.35,15.77,25.26,20.59,19.54,13.55,22.17,29.33,9.7,12.85,27.94,20.48,23.06,19.71,31.22,28.63,22.62,33.2,40.43,43.57,41.13,36.29,33.96,27.29,34.83,35.41,34.48,42.08,33.09,32.97,40.71,28.7,41.16,26.3,24.3,23.52,34.5,33.75,32.65,31.61,10.11,19.92,17.98,16.16,1.57,19.15,1.66,2.25,3.7,7.91,4.56,4.02,19.7,8.72,5.72,3.67,6.07,10.91,17.29,10.3,9.3,7.19,7.71,25.45,14.47,8.96,11.84,18.89,7.19,20.04,17.37,18.16,19.13,5.39,38.76,29.39,25.29,25.91,28.85,39.79,34.75,20.54,25.56,22.55
15.18,40.07,29.73,67.36,59.75,59.18,54.13,35.99,45.29,46.7,27.17,49.62,61.32,15.58,48.81,32.4,28.15,49.58,62.38,46.47,56.33,25.67,53.48,59.94,57.22,47.58,52.51,41.4,41.18,36.32,38.53,48.01,47.98,27.27,28.68,56.57,16.2,47.28,40.97,41.36,39.9,57.55,44.78,25.7,47.73,38.23,51.36,38.49,46.5,34.07,56.25,53.97,45.69,42.64,56.39,43.1,47.45,55.02,45.68,43.97,53.83,53.82,56.7,36.02,54.01,37.72,48.79,38.56,52.5,55.45,41.17,43.17,57.15,44.55,56.54,44.6,41.88,34.37,56.91,46.22,43.66,37.25,48.24,42.39,37.28,58.59,57.38,44.26,42.25,37.35,35.24,42.94,40.04,37.71,44.97,47.56,42.32,47.59,47.07,43.97,43.34,41.0,37.78,45.03,33.93,40.32,40.69,47.02,39.7,38.48,39.51,45.45,28.4,46.55,30.09,26.26,23.33,27.08,33.14,35.76,29.22,36.68,26.89,46.33,29.24,28.94,30.89,34.73,35.13,21.93,0.0,48.43,41.81,42.9,48.54,46.19,45.89,42.25,43.78,46.97,52.32,45.01,48.14,46.54,47.73,46.5,44.73,55.68,43.97,45.72,47.82,45.2,49.3,45.26,50.47,43.91,46.68,46.12,47.9,49.17,45.12,53.25,48.45,45.11,46.18,57.11,55.4,55.51,61.42,62.28,58.19,57.58,40.38,55.14,53.03,63.32,54.72,65.04,59.17,52.8,64.23,65.43,60.04,58.76,61.36,60.37,39.74,60.5,56.93,43.55,50.93,48.35,50.28,33.77,34.04,46.33,35.58,33.72,33.34,37.25,34.96,33.99,33.89,39.66,35.06,37.63,35.88,38.19,34.53,35.98,34.91,45.32,36.05,32.65,38.16,45.62,37.13,40.57,42.29,40.56,36.92,38.84,43.5,50.75,48.75,50.12,53.22,60.7,59.27,61.19,53.03,52.38,52.24,51.85,52.46,50.73,51.19,50.07,55.9,54.53,52.65,58.85,48.88,54.79,55.06,23.63,33.73,25.3,30.02,30.89,27.76,27.85,34.62,32.38,27.07,26.97,25.5,29.28,26.54,21.64,24.79,18.88,31.66,30.17,25.64,26.97,25.87,29.74,56.16,63.39,66.53,64.09,59.25,56.92,50.25,57.79,58.37,57.44,65.04,56.05,55.93,63.67,51.66,64.12,49.26,47.26,46.48,57.46,56.71,55.61,54.57,14.22,9.73,6.33,6.38,23.49,25.85,20.93,19.67,18.23,21.27,25.76,19.32,30.4,17.36,16.47,21.73,19.33,17.6,23.99,21.35,20.35,20.54,14.22,22.52,12.84,13.42,15.57,25.58,18.21,26.74,5.72,15.41,7.39,21.4,35.83,36.08,42.68,43.3,46.24,36.86,42.79,9.52,13.29,10.27
42.41,9.43,21.75,11.27,20.66,19.46,24.71,65.35,4.61,21.92,33.75,1.35,17.29,42.81,9.2,17.42,32.62,18.41,16.34,2.37,18.56,29.75,24.91,20.34,32.55,7.97,24.59,21.9,35.37,23.92,12.78,1.74,1.38,21.61,23.54,16.85,41.45,41.47,8.25,17.91,15.13,17.83,20.0,28.65,16.55,12.11,20.18,11.1,21.72,18.75,16.53,23.81,14.51,12.95,31.73,11.92,16.28,30.35,20.9,19.3,23.79,25.9,32.03,19.78,14.29,11.97,17.61,11.17,24.57,15.73,11.67,18.39,17.43,19.88,16.82,17.6,17.1,18.12,32.25,15.04,18.88,15.03,17.06,15.58,16.68,18.87,18.62,13.2,17.47,15.34,17.01,20.48,11.5,16.32,20.3,16.38,12.82,16.41,15.89,18.44,18.89,15.84,13.94,13.86,17.68,12.97,15.81,15.85,14.92,13.18,14.61,14.28,25.02,21.89,25.32,28.42,34.08,26.53,21.03,26.25,32.57,23.88,26.98,21.67,24.4,34.09,26.12,26.35,33.14,31.95,48.43,0.0,6.74,5.9,1.9,9.84,3.57,7.08,4.65,2.58,4.2,8.01,11.8,6.38,11.38,10.15,8.38,7.56,6.97,3.2,8.18,8.85,9.65,13.92,2.36,7.57,4.16,4.8,8.25,9.53,8.78,5.13,12.1,8.76,6.02,19.13,24.06,27.6,20.97,21.83,21.84,9.46,28.34,18.79,34.15,11.25,26.81,12.2,18.72,33.93,36.32,12.59,32.13,10.64,13.94,32.45,28.87,17.71,17.29,12.21,19.6,17.01,18.94,17.46,16.83,19.8,21.53,22.92,29.25,16.0,16.65,30.22,25.13,13.13,27.32,31.41,14.62,26.39,28.31,20.66,24.11,18.79,29.84,24.71,14.27,19.09,25.25,22.14,15.75,14.02,29.47,25.36,23.88,19.41,17.41,18.79,21.88,21.06,19.63,21.55,21.69,21.05,20.9,20.51,21.12,19.39,11.54,18.73,16.26,23.19,13.01,19.21,20.67,15.15,24.63,29.8,19.82,29.35,19.24,19.99,23.89,20.75,18.32,27.42,24.51,23.1,30.64,24.33,31.49,31.92,29.22,31.19,20.87,21.09,22.96,33.38,30.78,24.78,25.72,38.35,41.49,39.04,34.21,31.87,25.2,32.74,33.33,27.0,40.0,31.0,30.88,38.63,26.61,39.07,24.22,22.19,21.41,32.41,31.66,30.57,29.52,41.61,51.42,49.48,47.66,33.19,44.29,33.73,34.33,35.77,39.99,36.64,36.1,40.49,40.8,37.22,35.75,38.15,42.98,44.27,39.2,40.2,39.27,39.21,51.87,46.55,40.46,43.91,45.31,39.27,46.46,48.87,50.24,50.63,37.47,65.18,52.56,36.86,37.48,40.42,66.21,46.32,52.04,57.07,54.05
35.78,2.8,15.12,22.5,19.13,17.93,18.09,58.72,3.44,15.29,27.12,7.77,16.46,36.19,3.95,10.8,25.99,11.78,17.52,4.61,18.53,23.12,18.28,15.08,25.92,2.72,23.01,15.27,28.75,17.3,6.15,6.15,6.13,14.98,16.91,15.31,34.82,34.84,1.63,11.28,8.5,16.3,13.37,22.02,9.92,5.48,13.56,4.48,15.09,12.12,14.99,17.18,7.88,6.33,25.1,5.29,9.65,23.72,14.27,12.67,17.17,24.32,25.4,13.15,12.75,5.34,10.99,4.54,22.99,14.2,5.04,11.76,15.89,13.25,15.28,10.97,10.47,11.5,25.62,8.42,12.25,8.41,10.44,8.95,10.05,17.34,19.57,6.57,10.84,8.71,10.38,13.85,4.87,9.7,13.67,9.75,6.2,9.78,9.27,11.82,12.26,9.21,7.32,7.23,11.06,6.34,9.19,9.22,8.3,6.55,7.98,7.65,18.39,15.26,18.69,21.79,27.45,19.9,14.4,19.62,25.94,17.25,20.35,15.04,17.77,27.46,19.49,19.73,26.51,25.32,41.81,6.74,0.0,8.19,13.83,11.39,11.18,7.85,9.07,12.26,17.61,10.3,13.35,11.33,12.93,11.7,9.93,20.97,9.26,11.01,9.75,10.4,11.22,7.19,15.76,9.11,11.97,11.41,9.82,11.1,10.33,18.54,13.65,10.31,10.97,19.04,17.32,32.82,26.62,27.49,23.39,22.87,25.33,20.34,39.38,28.52,32.03,30.24,24.37,39.15,41.54,30.63,37.35,24.05,26.56,37.68,25.86,25.7,18.86,5.48,12.86,10.28,12.21,13.77,13.14,16.98,18.72,20.1,26.43,12.31,12.96,27.4,22.32,10.31,24.5,28.6,10.93,23.57,25.5,17.85,21.3,15.97,27.02,21.9,11.46,16.27,22.43,19.33,12.94,11.21,26.66,22.55,21.81,12.68,10.67,12.05,15.15,22.63,21.2,23.11,14.96,14.31,14.17,13.78,14.39,12.65,13.11,12.0,17.83,16.45,14.58,20.78,13.94,16.72,17.89,26.11,16.13,25.66,15.55,16.3,20.2,17.06,14.63,23.73,20.82,19.41,26.95,20.64,27.8,28.23,25.53,27.5,17.18,17.4,19.27,29.69,27.09,21.09,18.99,31.61,34.75,32.31,27.47,25.14,18.47,26.0,26.59,20.27,33.26,24.27,24.14,31.89,19.87,32.34,17.48,15.46,14.68,25.67,24.93,23.83,22.79,37.92,47.73,45.79,43.97,29.51,37.55,30.04,30.64,32.08,36.3,32.95,32.41,33.75,37.11,33.54,32.06,34.46,39.29,37.53,32.47,33.47,35.58,35.52,45.13,42.86,36.77,40.22,38.57,35.58,39.73,45.18,47.99,46.94,33.78,58.45,45.82,30.13,30.75,33.68,59.47,39.58,48.35,53.38,50.36
36.88,3.9,16.22,16.86,17.92,16.72,19.18,59.82,2.61,16.38,28.21,6.93,16.18,37.28,3.67,11.89,27.09,12.87,17.24,3.78,15.82,24.22,19.38,14.8,27.02,2.44,22.73,16.37,29.84,18.39,7.24,5.32,5.3,16.08,18.01,14.11,35.92,35.93,2.72,12.38,9.6,15.09,14.46,23.11,11.02,6.58,14.65,5.57,16.18,13.21,13.79,18.28,8.98,7.42,26.2,6.39,10.74,24.82,15.36,13.77,18.26,24.04,26.5,14.24,11.55,6.44,12.08,5.64,22.71,12.99,6.14,12.85,14.69,14.35,14.08,12.07,11.57,12.59,26.71,9.51,13.35,9.5,11.53,10.05,11.15,16.13,15.88,7.67,11.94,9.8,11.48,14.94,5.96,10.79,14.77,10.85,7.29,10.88,10.36,12.91,13.35,10.3,8.41,8.32,12.15,7.44,10.28,10.31,9.39,7.65,9.07,8.74,19.49,16.35,19.79,22.89,28.55,20.99,15.5,20.72,27.04,18.35,21.45,16.13,18.87,28.56,20.59,20.82,27.61,26.41,42.9,5.9,8.19,0.0,6.01,4.31,3.36,1.55,1.25,4.44,9.79,2.11,6.27,3.64,5.85,4.62,2.85,13.15,1.07,3.19,5.44,3.32,6.91,8.39,7.94,2.04,4.15,3.22,5.51,6.79,3.25,10.72,6.57,3.23,3.28,16.39,18.53,25.74,19.54,20.41,16.31,15.05,22.81,13.26,32.3,16.83,24.95,17.79,17.29,32.07,34.46,18.17,30.27,16.23,19.48,30.6,23.34,18.62,14.55,6.68,14.06,11.48,13.41,11.93,11.3,14.26,16.0,17.39,23.72,10.47,11.12,24.69,19.6,7.6,21.78,25.88,9.09,20.86,22.78,15.13,18.58,13.25,24.3,19.18,8.74,13.56,19.72,16.61,10.22,8.49,23.94,19.83,18.35,13.88,11.88,13.25,16.35,18.32,16.89,18.81,16.16,15.51,15.37,14.98,15.59,13.86,8.8,13.2,13.52,17.66,10.27,16.47,15.14,12.41,19.09,24.26,14.29,23.82,13.71,14.45,18.36,15.21,12.78,21.89,18.97,17.57,25.11,18.79,25.96,26.39,23.68,25.66,15.34,15.56,17.42,27.85,25.25,19.25,20.19,32.82,35.95,33.51,28.67,26.34,19.67,27.21,27.8,21.47,34.47,25.47,25.35,33.09,21.08,33.54,18.69,16.66,15.88,26.88,26.13,25.03,23.99,36.08,45.89,43.95,42.13,27.66,38.75,28.2,28.8,30.24,34.46,31.11,30.56,34.96,35.27,31.69,30.21,32.62,37.45,38.73,33.67,34.67,33.73,33.68,46.34,41.02,34.93,38.38,39.78,33.74,40.93,43.34,44.71,45.1,31.94,59.65,47.02,31.33,31.95,34.89,60.68,40.78,46.51,51.53,48.52
42.52,9.54,21.86,12.85,20.77,19.57,24.82,65.46,4.72,22.02,33.86,2.93,21.83,42.92,9.31,17.53,32.73,18.52,17.93,2.48,18.67,29.86,25.02,20.45,32.66,8.08,28.37,22.01,35.48,24.03,12.89,1.61,1.72,21.72,23.65,16.96,41.56,41.58,8.36,18.02,15.24,17.94,20.11,28.76,16.66,12.22,20.29,11.21,21.83,18.86,16.64,23.92,14.62,13.06,31.84,12.03,16.39,30.46,21.01,19.41,23.9,29.68,32.14,19.89,14.4,12.08,17.72,11.28,28.36,15.84,11.78,18.49,17.54,19.99,16.93,17.71,17.21,18.23,32.35,15.15,18.99,15.14,17.17,15.69,16.79,18.98,18.73,13.31,17.58,15.44,17.12,20.59,11.61,16.43,20.41,16.49,12.93,16.52,16.0,18.55,18.99,15.95,14.05,13.97,17.79,13.08,15.92,15.96,15.03,13.29,14.72,14.39,25.13,22.0,25.43,28.53,34.19,26.63,21.14,26.36,32.68,23.99,27.09,21.77,24.51,34.2,26.23,26.46,33.25,32.05,48.54,1.9,13.83,6.01,0.0,9.95,3.68,7.19,4.76,2.69,5.78,8.12,11.91,6.49,11.49,10.26,8.49,9.15,7.08,3.31,8.29,8.96,9.76,14.03,3.94,7.68,4.27,4.91,8.36,9.64,8.89,6.72,12.21,8.87,6.13,19.24,24.17,31.38,25.18,26.05,21.95,11.05,28.45,18.9,37.94,12.83,30.6,13.78,22.93,37.71,40.1,14.17,35.91,12.22,15.53,36.24,28.98,19.29,17.4,12.32,19.7,17.12,19.05,17.57,16.94,19.9,21.64,23.03,29.36,16.11,16.76,30.33,25.24,13.24,27.43,31.52,14.73,26.5,28.42,20.77,24.22,18.9,29.95,24.82,14.38,19.2,25.36,22.25,15.86,14.13,29.58,25.47,23.99,19.52,17.52,18.89,21.99,21.17,19.74,21.66,21.8,21.15,21.01,20.62,21.23,19.5,11.65,18.84,16.37,23.3,13.12,19.32,20.78,15.26,24.73,29.9,19.93,29.46,19.35,20.1,24.0,20.85,18.43,27.53,24.62,23.21,30.75,24.44,31.6,32.03,29.33,31.3,20.98,21.2,23.07,33.49,30.89,24.89,25.83,38.46,41.6,39.15,34.31,31.98,25.31,32.85,33.44,27.11,40.11,31.11,30.99,38.73,26.72,39.18,24.33,22.3,21.52,32.52,31.77,30.68,29.63,41.72,51.53,49.59,47.77,33.3,44.39,33.84,34.44,35.88,40.1,36.75,36.2,40.6,40.91,37.33,35.86,38.26,43.09,44.38,39.31,40.31,39.38,39.32,51.98,46.66,40.57,44.02,45.42,39.38,46.57,48.98,50.35,50.74,37.58,65.29,52.67,36.97,37.59,40.53,66.32,46.43,52.15,57.18,54.16
40.16,7.09,19.5,20.04,26.24,25.67,22.38,63.01,6.54,19.58,31.41,10.87,14.01,40.57,1.41,15.18,30.29,16.07,15.06,7.72,22.82,27.5,22.58,12.63,30.22,3.24,20.56,19.65,33.04,20.6,10.53,9.26,9.23,19.36,21.3,23.06,39.2,39.13,6.01,15.58,12.79,24.04,17.66,26.4,14.21,9.86,17.85,8.86,19.38,16.5,22.74,21.48,12.18,10.62,29.39,9.58,13.94,28.02,18.56,16.96,21.46,21.86,29.7,17.53,20.5,9.72,15.28,8.93,20.54,21.94,9.34,16.05,23.63,17.55,23.03,15.27,14.77,15.88,29.91,12.71,16.55,12.7,14.73,13.25,14.34,25.08,23.87,10.87,15.13,13.0,14.67,18.14,9.25,13.99,17.96,14.04,10.49,14.08,13.56,16.11,16.55,13.5,11.61,11.52,15.44,10.63,13.48,13.51,12.59,10.84,12.27,11.94,22.68,19.55,22.99,26.17,31.83,24.19,18.7,23.92,30.23,21.55,24.73,19.33,22.07,31.75,23.78,24.02,30.8,29.7,46.19,9.84,11.39,4.31,9.95,0.0,7.28,4.72,5.18,8.36,13.71,6.4,4.09,7.93,3.68,1.75,2.28,17.07,5.36,7.12,14.28,2.84,15.76,11.72,11.86,3.93,8.07,7.52,14.35,15.63,5.14,14.64,4.4,5.12,7.57,23.57,21.86,23.57,17.37,18.23,14.13,21.98,20.64,11.08,30.12,19.27,22.78,20.99,15.12,29.9,32.29,21.38,28.1,23.16,17.31,28.42,21.16,16.45,23.39,10.01,17.39,14.81,16.74,18.31,17.67,17.61,19.35,20.73,26.55,16.84,17.5,27.52,22.43,10.94,24.61,28.71,15.47,23.69,25.61,18.48,21.41,16.6,27.14,22.53,12.09,16.91,22.55,19.44,13.57,11.84,26.77,22.66,16.18,17.21,15.21,16.58,19.68,27.16,25.73,27.65,19.49,18.84,18.7,18.31,18.92,17.19,17.64,16.53,22.36,20.99,19.11,25.31,18.47,21.25,22.42,30.64,20.66,30.2,20.08,20.83,24.74,21.59,19.16,28.26,25.35,23.94,31.49,25.17,32.34,32.76,30.06,32.03,21.72,21.94,23.8,34.22,31.63,25.63,23.52,36.15,39.28,36.84,32.0,29.67,23.0,30.54,31.13,24.8,37.8,28.8,28.68,36.42,24.41,36.87,22.02,19.99,19.21,30.21,29.46,28.36,27.32,42.46,52.26,50.32,48.51,34.04,42.08,34.58,35.18,36.62,40.83,37.48,36.94,38.29,41.64,38.07,36.59,38.99,43.83,42.06,37.0,38.0,40.11,40.05,49.67,47.39,41.31,44.76,43.11,40.12,44.26,49.72,52.52,51.48,38.32,62.98,50.36,34.66,35.28,38.22,64.01,44.12,52.89,57.91,54.89
39.87,6.88,19.2,10.43,21.28,20.08,22.17,62.8,1.18,19.37,31.2,4.6,19.17,40.27,6.66,14.88,30.08,15.86,20.23,2.32,22.61,27.21,22.37,17.79,30.01,5.43,25.72,19.35,32.83,21.38,10.23,2.99,2.05,19.06,21.0,17.47,38.91,38.92,5.71,15.37,12.59,18.45,17.45,26.1,14.01,9.56,17.64,8.56,19.17,16.2,17.15,21.27,11.97,10.41,29.18,9.37,13.73,27.81,18.35,16.76,21.25,27.03,29.49,17.23,14.91,9.42,15.07,8.63,25.7,16.35,9.13,15.84,18.05,17.34,17.44,15.06,14.56,15.58,29.7,12.5,16.34,12.49,14.52,13.04,14.13,19.49,19.24,10.66,14.92,12.79,14.47,17.93,8.95,13.78,17.76,13.84,10.28,13.87,13.35,15.9,16.34,13.29,11.4,11.31,15.14,10.43,13.27,13.3,12.38,10.64,12.06,11.73,22.48,19.34,22.78,25.88,31.54,23.98,18.49,23.71,30.02,21.34,24.44,19.12,21.86,31.54,23.57,23.81,30.59,29.4,45.89,3.57,11.18,3.36,3.68,7.28,0.0,4.54,2.11,2.99,7.45,5.47,9.25,7.0,8.84,7.61,5.84,10.82,4.43,1.74,8.8,6.31,10.27,11.38,5.61,5.02,2.69,3.33,8.87,10.15,6.23,8.39,9.56,6.22,6.64,23.23,21.51,28.73,22.53,23.39,19.3,11.47,25.8,16.25,35.28,10.41,27.94,11.36,20.28,35.06,37.45,11.75,33.26,12.65,13.1,33.58,26.32,21.61,17.91,9.67,17.05,14.47,16.4,14.92,14.29,17.25,18.99,20.37,26.7,13.45,14.11,27.67,22.59,10.58,24.77,28.87,12.08,23.84,25.77,18.12,21.57,16.24,27.29,22.17,11.73,16.55,22.7,19.6,13.21,11.48,26.93,22.82,21.34,16.87,14.86,16.24,19.34,21.68,20.25,22.17,19.15,18.5,18.36,17.97,18.58,16.84,12.16,16.19,16.88,20.64,13.63,19.83,18.13,15.77,22.08,27.25,17.27,26.81,16.69,17.44,21.35,18.2,15.77,24.88,21.96,20.56,28.1,21.78,28.95,29.37,26.67,28.64,18.33,18.55,20.41,30.83,28.24,22.24,23.18,35.8,38.94,36.5,31.66,29.33,22.66,30.2,30.78,24.46,37.45,28.46,28.34,36.08,24.07,36.53,21.67,19.65,18.87,29.87,29.12,28.02,26.98,39.07,48.88,46.94,45.12,30.65,41.74,31.19,31.79,33.23,37.45,34.09,33.55,37.95,38.26,34.68,33.2,35.61,40.44,41.72,36.66,37.66,36.72,36.67,49.32,44.01,37.92,41.37,42.76,36.73,43.92,46.33,47.69,48.09,34.93,62.64,50.01,34.32,34.94,37.88,63.66,43.77,49.5,54.52,51.5
36.23,3.09,15.57,22.64,19.47,18.27,18.84,59.48,3.78,16.04,27.88,8.11,16.61,36.63,4.09,11.24,26.75,12.53,17.66,4.96,19.28,23.57,19.04,15.23,26.68,2.86,23.15,15.72,29.5,17.74,6.59,6.5,6.47,15.43,17.36,15.65,35.27,35.59,2.07,12.04,9.26,16.64,14.13,22.46,10.68,5.93,14.31,4.92,15.85,12.56,15.34,17.94,8.64,7.08,25.86,6.05,10.41,24.48,15.02,13.43,17.92,24.46,26.16,13.59,13.1,5.79,11.74,4.99,23.14,14.54,5.8,12.51,16.23,14.01,15.63,11.73,11.23,11.94,26.37,9.17,13.01,9.16,11.19,9.71,10.81,17.68,20.33,7.33,11.6,9.46,11.14,14.6,5.32,10.45,14.43,10.51,6.95,10.54,10.02,12.57,13.01,9.96,8.07,7.98,11.5,5.6,9.94,9.97,9.05,7.31,8.73,8.41,21.32,16.02,21.62,22.24,27.9,22.82,17.33,20.38,26.7,18.01,20.8,15.79,20.7,28.22,22.41,20.48,27.27,25.76,42.25,7.08,7.85,1.55,7.19,4.72,4.54,0.0,2.43,5.62,10.96,3.66,6.69,5.18,6.27,5.04,3.27,14.33,2.62,4.37,6.99,3.74,8.46,8.62,9.12,2.18,5.33,4.77,7.06,8.34,3.4,11.9,6.99,3.38,4.83,20.47,18.76,26.16,19.96,20.83,16.73,16.23,23.23,13.68,32.72,21.87,25.38,23.59,17.72,32.49,34.88,23.97,30.69,17.4,19.91,31.02,23.76,19.04,16.1,6.91,14.29,11.71,13.64,11.29,10.66,13.62,15.36,16.75,23.08,9.83,10.48,24.05,18.96,6.96,21.15,25.24,8.45,20.22,22.14,14.49,17.94,12.62,23.67,18.54,8.1,12.92,19.08,15.97,9.58,7.85,23.3,19.19,18.78,14.11,12.1,13.48,16.58,19.87,18.44,20.35,16.39,15.74,15.6,15.21,15.82,14.08,10.35,13.43,15.07,17.88,11.82,18.02,15.37,13.96,19.32,23.62,13.65,23.18,13.07,13.82,17.72,14.57,12.15,21.25,18.34,16.93,24.47,18.16,25.32,25.75,23.05,25.02,14.7,14.92,16.79,27.21,24.61,18.61,20.42,33.04,36.18,33.74,28.9,26.57,19.9,27.44,28.02,21.7,34.69,25.7,25.58,33.32,21.31,33.77,18.92,16.89,16.11,27.11,26.36,25.26,24.22,35.44,45.25,43.31,41.49,27.02,38.98,27.56,28.16,29.6,33.82,30.47,29.92,35.19,34.63,31.05,29.58,31.98,36.81,38.96,33.9,35.21,33.1,33.04,46.57,40.38,34.29,37.74,40.0,33.1,41.16,42.7,44.07,44.46,31.3,59.88,47.25,31.56,32.18,35.12,60.91,41.01,45.87,50.9,47.88
37.76,4.78,17.1,15.6,19.18,17.98,20.06,60.7,1.35,17.27,29.1,5.68,17.07,38.16,4.55,12.77,27.97,13.76,18.12,2.53,20.5,25.1,20.26,15.69,27.9,3.32,23.61,17.25,30.72,19.27,8.13,4.07,4.04,16.96,18.89,15.36,36.8,36.82,3.61,13.26,10.48,16.35,15.35,24.0,11.9,7.46,15.53,6.45,17.07,14.1,15.05,19.16,9.86,8.3,27.08,7.27,11.63,25.7,16.25,14.65,19.14,24.92,27.38,15.13,12.81,7.32,12.96,6.52,23.6,14.25,7.02,13.74,15.94,15.23,15.33,12.95,12.45,13.47,27.6,10.39,14.23,10.39,12.42,10.93,12.03,17.39,17.14,8.55,12.82,10.69,12.36,15.83,6.85,11.67,15.65,11.73,8.17,11.76,11.24,13.8,14.24,11.19,9.3,9.21,13.03,8.32,11.17,11.2,10.27,8.53,9.96,9.63,20.37,17.24,20.67,23.77,29.43,21.88,16.38,21.6,27.92,19.23,22.33,17.02,19.75,29.44,21.47,21.7,28.49,27.3,43.78,4.65,9.07,1.25,4.76,5.18,2.11,2.43,0.0,3.19,8.53,3.36,7.15,4.89,6.73,5.5,3.73,11.9,2.32,1.94,6.7,4.2,8.17,9.28,6.69,2.92,2.89,3.53,6.77,8.04,4.13,9.47,7.45,4.11,4.54,21.13,19.41,26.62,20.42,21.29,17.19,13.8,23.69,14.14,33.18,15.58,25.84,16.53,18.18,32.95,35.34,16.92,31.15,14.97,20.37,31.48,24.22,19.5,15.8,7.57,14.95,12.36,14.3,12.81,12.18,15.15,16.88,18.27,24.6,11.35,12.0,25.57,20.48,8.48,22.67,26.76,9.97,21.74,23.67,16.01,19.46,14.14,25.19,20.06,9.63,14.44,20.6,17.49,11.1,9.37,24.82,20.71,19.23,14.76,12.76,14.14,17.23,19.58,18.15,20.06,17.04,16.4,16.25,15.86,16.48,14.74,10.06,14.08,14.77,18.54,11.53,17.72,16.02,13.67,19.98,25.15,15.17,24.7,14.59,15.34,19.24,16.1,13.67,22.77,19.86,18.45,25.99,19.68,26.84,27.27,24.57,26.54,16.22,16.44,18.31,28.73,26.13,20.13,21.07,33.7,36.84,34.39,29.56,27.22,20.55,28.09,28.68,22.35,35.35,26.35,26.23,33.98,21.96,34.42,19.57,17.54,16.76,27.76,27.01,25.92,24.87,36.96,46.77,44.83,43.01,28.55,39.64,29.08,29.68,31.12,35.34,31.99,31.45,35.84,36.15,32.58,31.1,33.5,38.33,39.62,34.55,35.55,34.62,34.56,47.22,41.9,35.81,39.26,40.66,34.62,41.81,44.23,45.59,45.98,32.82,60.53,47.91,32.21,32.83,35.77,61.56,41.67,47.39,52.42,49.4
40.95,7.97,20.29,13.54,19.2,18.0,23.25,63.89,3.15,20.45,32.29,3.61,20.26,41.35,7.74,15.96,31.16,16.94,21.31,0.91,17.1,28.29,23.45,18.88,31.09,6.51,26.8,20.44,33.91,22.46,11.32,2.0,1.98,20.15,22.08,15.39,39.99,40.01,6.79,16.45,13.67,16.37,18.54,27.19,15.09,10.65,18.72,9.64,20.26,17.29,15.07,22.35,13.05,11.49,30.27,10.46,14.82,28.89,19.44,17.84,22.33,28.11,30.57,18.31,12.83,10.51,16.15,9.71,26.79,14.27,10.21,16.92,15.96,18.42,15.36,16.14,15.64,16.66,30.78,13.58,17.42,13.57,15.6,14.12,15.22,17.41,17.16,11.74,16.01,13.87,15.55,19.02,10.04,14.86,18.84,14.92,11.36,14.95,14.43,16.98,17.42,14.38,12.48,12.39,16.22,11.51,14.35,14.38,13.46,11.72,13.15,12.82,23.56,20.43,23.86,26.96,32.62,25.06,19.57,24.79,31.11,22.42,25.52,20.2,22.94,32.63,24.66,24.89,31.68,30.48,46.97,2.58,12.26,4.44,2.69,8.36,2.99,5.62,3.19,0.0,6.47,6.55,10.34,4.92,9.92,8.69,6.92,9.83,5.51,1.74,6.72,7.39,8.19,12.46,4.62,6.11,2.7,3.33,6.79,8.07,7.32,7.4,10.64,7.3,4.56,17.67,22.6,29.81,23.61,24.48,20.38,11.73,26.88,17.33,36.37,13.51,29.03,14.47,21.36,36.14,38.53,14.85,34.34,12.91,16.21,34.67,27.41,22.69,15.83,10.75,18.13,15.55,17.48,16.0,15.37,18.33,20.07,21.46,27.79,14.54,15.19,28.76,23.67,11.67,25.86,29.95,13.16,24.93,26.85,19.2,22.65,17.33,28.38,23.25,12.81,17.63,23.79,20.68,14.29,12.56,28.01,23.9,22.42,17.95,15.95,17.32,20.42,19.6,18.17,20.09,20.23,19.58,19.44,19.05,19.66,17.93,10.08,17.27,14.8,21.73,11.55,17.75,19.21,13.69,23.16,28.33,18.36,27.89,17.78,18.53,22.43,19.28,16.86,25.96,23.05,21.64,29.18,22.87,30.03,30.46,27.76,29.73,19.41,19.63,21.5,31.92,29.32,23.32,24.26,36.89,40.03,37.58,32.74,30.41,23.74,31.28,31.87,25.54,38.54,29.54,29.42,37.16,25.15,37.61,22.76,20.73,19.95,30.95,30.2,29.11,28.06,40.15,49.96,48.02,46.2,31.73,42.82,32.27,32.87,34.31,38.53,35.18,34.63,39.03,39.34,35.76,34.29,36.69,41.52,42.81,37.74,38.74,37.81,37.75,50.41,45.09,39.0,42.45,43.85,37.81,45.0,47.41,48.78,49.17,36.01,63.72,51.1,35.4,36.02,38.96,64.75,44.86,50.58,55.61,52.59
46.3,13.31,25.63,7.07,24.55,23.35,28.6,69.23,8.5,25.8,37.63,3.08,13.09,46.7,13.08,21.31,36.51,22.29,12.14,6.25,22.45,33.63,28.79,16.6,36.43,11.86,20.39,25.78,39.26,27.81,16.66,5.62,5.27,25.49,27.43,20.73,45.33,45.35,12.14,21.8,19.01,21.72,23.88,32.53,20.43,15.99,24.07,14.99,25.6,22.63,20.42,27.69,18.39,16.84,35.61,15.8,20.16,34.24,24.78,23.18,27.68,21.7,35.91,23.66,18.17,15.85,21.5,15.06,20.37,19.62,15.56,22.27,21.31,23.76,20.7,21.49,20.98,22.01,36.13,18.93,22.76,18.92,20.95,19.47,20.56,22.76,22.5,17.08,21.35,19.22,20.89,24.36,15.38,20.21,24.18,20.26,16.71,20.3,19.78,22.33,22.77,19.72,17.83,17.74,21.57,16.85,19.7,19.73,18.81,17.06,18.49,18.16,28.9,25.77,29.2,32.3,37.96,30.41,24.91,30.13,36.45,27.77,30.86,25.55,28.28,37.97,30.0,30.24,37.02,35.83,52.32,4.2,17.61,9.79,5.78,13.71,7.45,10.96,8.53,6.47,0.0,11.9,15.68,10.26,15.27,14.04,12.26,3.36,10.86,7.09,12.07,12.74,13.54,17.81,2.44,11.45,8.04,8.68,12.14,13.41,12.66,0.93,15.99,12.65,9.9,23.02,27.94,23.4,16.77,17.63,14.65,5.26,29.4,16.8,29.95,7.05,22.61,8.0,14.52,29.73,32.12,8.39,27.93,6.44,9.74,28.25,30.46,13.51,21.17,16.1,23.48,20.9,22.83,21.35,20.71,23.68,25.41,26.8,36.65,19.88,20.54,37.62,29.02,17.01,31.2,38.81,18.51,30.27,35.71,24.55,27.99,22.67,37.24,28.59,18.16,22.97,29.13,26.03,19.64,17.91,33.35,29.25,21.89,23.3,21.29,22.67,25.77,24.95,23.51,25.43,25.58,24.93,24.79,24.4,25.01,23.27,15.43,22.62,20.14,27.07,16.9,23.09,24.56,19.03,28.51,33.68,23.7,33.24,23.12,23.87,27.78,24.63,22.2,31.3,28.39,26.98,34.53,28.21,35.38,35.8,33.1,35.07,24.76,24.98,26.84,37.26,34.67,28.67,29.61,42.23,45.37,42.93,38.09,35.76,29.09,36.62,37.21,30.89,43.88,34.89,34.76,42.51,30.49,42.96,28.1,26.08,25.3,36.29,35.55,34.45,33.41,45.5,55.3,53.36,51.55,37.08,48.17,37.62,38.22,39.66,43.88,40.52,39.98,44.37,44.68,41.11,39.63,42.03,46.87,48.15,43.09,44.09,43.15,43.09,55.75,50.43,44.35,47.8,49.19,43.16,50.35,52.76,54.12,54.52,41.36,69.07,56.44,40.75,41.37,44.3,70.09,50.2,55.93,60.95,57.93
38.99,6.01,18.32,18.97,16.53,15.33,20.11,61.93,4.71,18.49,30.32,9.04,18.29,39.39,5.78,14.0,29.2,13.8,19.35,5.89,14.43,26.33,20.3,16.91,27.94,4.55,24.84,18.47,31.95,20.5,9.35,7.43,7.41,18.18,20.12,12.71,38.03,38.04,4.83,13.31,11.71,13.7,16.57,25.22,11.94,8.68,15.58,7.68,18.29,15.32,12.4,19.2,9.9,9.53,27.12,8.49,11.67,25.75,17.47,14.69,19.19,26.15,27.42,16.35,10.16,8.55,13.01,7.75,24.82,11.6,8.25,14.96,13.29,15.27,12.69,13.0,13.68,14.7,27.64,10.44,16.78,11.61,12.46,12.16,13.25,14.74,14.49,9.78,14.05,11.91,13.59,15.87,8.07,12.9,15.69,11.77,9.4,11.81,11.29,13.84,14.28,11.23,10.52,9.25,14.26,9.55,12.36,11.24,11.5,9.76,11.18,9.67,21.6,17.28,21.9,25.0,30.66,23.1,17.61,22.83,29.14,20.46,23.56,17.06,20.98,30.67,22.69,22.93,29.71,28.52,45.01,8.01,10.3,2.11,8.12,6.4,5.47,3.66,3.36,6.55,11.9,0.0,8.37,1.08,7.96,6.73,4.96,15.26,1.04,3.42,4.05,5.43,5.52,4.94,10.05,4.14,2.76,1.83,4.12,5.4,5.36,12.83,8.68,5.34,1.89,15.0,17.33,27.85,21.65,22.51,18.42,17.16,24.92,15.37,34.4,18.94,27.06,19.9,19.4,34.18,36.57,20.28,32.38,18.34,21.59,32.71,25.44,20.73,13.16,8.79,16.17,13.59,15.52,14.04,13.41,16.37,18.11,19.49,25.82,12.57,13.23,26.8,21.71,9.7,23.89,27.99,11.2,22.97,24.89,17.24,20.69,15.36,26.41,21.29,10.85,15.67,21.82,18.72,12.33,10.6,26.05,21.94,20.46,15.99,13.98,15.36,18.46,16.93,15.5,17.41,18.27,17.62,17.48,17.09,17.7,15.96,7.41,15.31,12.13,19.76,8.88,15.08,17.25,11.02,21.2,26.37,16.4,25.93,15.82,16.56,20.47,17.32,14.89,24.0,21.08,19.68,27.22,20.9,28.07,28.49,25.79,27.76,17.45,17.67,19.53,29.96,27.36,21.36,22.3,34.92,38.06,35.62,30.78,28.45,21.78,29.32,29.9,23.58,36.57,27.58,27.46,35.2,23.19,35.65,20.8,18.77,17.99,28.99,28.24,27.14,26.1,38.19,48.0,46.06,44.24,29.77,40.86,30.31,30.91,32.35,36.57,33.21,32.67,37.07,37.38,33.8,32.32,34.73,39.56,40.84,35.78,36.78,35.84,35.79,48.45,43.13,37.04,40.49,41.88,35.85,43.04,45.45,46.81,47.21,34.05,61.76,49.13,33.44,34.06,37.0,62.79,42.89,48.62,53.64,50.63
42.12,9.05,21.46,17.6,28.19,27.63,24.34,64.97,8.5,21.54,33.37,12.83,11.56,42.53,3.98,17.13,32.24,18.03,12.62,9.68,24.78,29.46,24.53,10.18,32.17,5.19,18.11,17.4,35.0,18.15,12.49,11.22,11.19,21.32,23.25,25.01,41.16,41.09,7.97,17.53,14.75,26.0,19.62,28.36,16.17,11.82,19.81,10.82,21.34,18.46,24.7,23.43,14.13,12.58,31.35,11.54,15.9,29.98,20.52,18.92,23.42,19.42,31.65,19.49,22.46,11.68,17.24,10.88,18.1,23.9,11.29,18.01,25.59,19.5,24.99,17.22,16.72,17.83,31.87,14.67,18.5,14.66,16.69,15.2,16.3,27.04,25.82,12.82,17.09,14.96,16.63,20.1,11.21,15.95,19.92,16.0,12.45,16.03,15.52,18.07,18.51,15.46,13.57,13.48,17.39,12.59,15.44,15.47,14.55,12.8,14.23,13.9,24.64,21.51,24.94,28.13,33.79,26.15,20.65,25.87,32.19,23.51,26.69,21.29,24.02,33.71,25.74,25.98,32.76,31.66,48.14,11.8,13.35,6.27,11.91,4.09,9.25,6.69,7.15,10.34,15.68,8.37,0.0,14.67,5.99,7.65,9.1,19.63,12.11,13.86,21.03,9.58,22.5,18.47,18.61,10.67,14.81,14.26,21.1,22.38,9.35,22.31,6.72,11.86,14.32,30.32,28.6,19.47,13.27,14.14,10.04,17.89,16.55,6.99,26.03,15.18,18.69,16.9,11.03,25.81,28.2,17.28,24.01,19.07,13.22,24.33,17.07,12.35,30.13,16.76,24.14,21.55,23.49,25.05,24.42,18.94,19.23,20.62,22.45,23.59,24.24,23.42,18.34,17.69,20.52,24.62,22.21,19.59,21.52,18.36,17.32,18.6,23.04,19.76,18.84,17.62,18.45,15.35,20.31,18.58,22.68,18.57,12.09,23.96,21.95,23.33,26.42,33.91,32.48,34.39,26.24,25.59,25.45,25.05,25.67,23.93,24.39,23.28,29.1,27.73,25.86,32.05,25.21,28.0,29.17,37.38,27.41,36.94,26.83,27.57,31.48,28.33,25.9,35.01,32.09,30.69,38.23,31.92,39.08,39.51,36.8,38.78,28.46,28.68,30.54,34.08,38.37,32.37,30.26,42.89,46.03,43.59,38.75,36.41,29.75,37.28,37.87,31.54,44.54,35.55,35.42,43.17,31.15,43.61,28.76,26.73,25.95,36.95,36.2,35.11,34.06,49.2,59.01,57.07,55.25,40.78,48.83,41.32,41.92,43.36,47.58,44.23,43.68,45.03,48.39,44.81,43.34,45.74,50.57,48.81,43.74,44.74,46.85,46.8,56.41,54.14,48.05,51.5,49.85,46.86,51.0,56.46,59.27,58.22,45.06,69.73,57.1,41.41,42.02,44.96,70.75,50.86,59.63,64.65,61.64
40.51,7.53,19.85,17.33,15.72,14.52,19.3,64.66,6.24,21.22,33.05,7.41,19.82,40.92,7.3,15.53,31.93,12.99,20.88,4.25,13.62,27.85,19.5,18.44,27.14,6.07,26.37,20.0,34.68,22.03,10.88,5.79,5.77,19.71,21.65,11.91,39.55,40.7,6.36,12.5,12.94,12.89,19.3,26.75,11.14,10.21,14.77,9.21,21.02,16.85,11.59,18.4,9.1,10.77,26.32,7.89,10.86,24.94,20.2,13.89,18.38,27.68,26.62,17.88,9.35,10.07,12.2,9.28,26.35,10.79,9.48,17.69,12.49,14.47,11.88,12.19,15.89,16.23,26.83,9.63,15.97,12.85,11.65,13.4,14.49,13.93,13.68,9.17,15.68,13.15,14.82,15.06,9.6,14.14,14.89,10.97,9.32,11.0,10.48,13.03,13.47,10.42,11.76,8.44,15.79,10.78,11.55,10.43,12.74,10.99,11.58,8.86,22.83,16.47,23.13,26.52,32.18,24.34,18.84,25.56,31.87,23.19,25.08,16.25,22.21,33.4,23.93,25.66,32.44,30.05,46.54,6.38,11.33,3.64,6.49,7.93,7.0,5.18,4.89,4.92,10.26,1.08,14.67,0.0,9.49,8.26,6.48,13.62,2.12,3.17,3.24,6.96,4.72,4.14,8.42,5.67,2.51,1.58,3.31,4.59,6.88,11.2,10.21,6.86,1.08,14.19,16.52,29.38,23.18,24.04,19.94,15.52,26.45,16.89,35.93,17.31,28.59,18.26,20.93,35.71,38.1,18.65,33.91,16.7,23.12,34.23,26.97,22.26,12.35,6.82,14.21,11.62,13.55,15.57,14.93,17.9,19.63,21.02,27.35,14.1,14.76,28.32,23.24,11.23,25.42,29.52,12.73,24.49,26.42,18.77,22.21,16.89,27.94,22.81,12.38,17.19,23.35,20.25,13.86,12.13,27.57,23.47,21.99,14.02,12.02,13.4,16.49,16.12,14.69,16.61,16.3,15.66,15.51,15.12,15.73,14.0,6.6,13.34,11.32,17.8,8.07,14.27,15.28,10.21,19.24,27.9,17.92,27.46,17.34,18.09,22.0,18.85,16.42,25.52,22.61,21.2,28.75,22.43,29.6,30.02,27.32,29.29,18.98,19.2,21.06,31.48,28.89,22.89,20.33,32.96,36.1,33.65,28.82,26.48,19.81,27.35,27.94,21.61,34.61,25.61,25.49,33.24,21.22,33.68,18.83,21.45,18.18,27.02,26.27,25.18,24.13,39.72,49.52,47.58,45.77,31.3,43.54,31.84,32.44,33.88,38.09,34.74,34.2,39.75,38.9,35.33,33.85,36.25,41.09,43.52,38.46,39.46,37.37,37.31,51.12,44.65,38.57,42.02,44.56,37.38,45.72,46.98,53.98,48.74,35.58,64.44,51.76,36.12,36.74,39.63,65.46,45.52,50.15,55.17,52.15
41.71,8.64,21.04,17.17,27.78,27.21,23.92,64.56,8.08,21.12,32.95,12.41,11.13,42.11,3.57,16.72,31.83,17.61,12.19,9.26,24.36,29.05,24.12,9.75,31.76,4.78,17.68,16.97,34.58,17.72,12.07,10.8,10.77,20.9,22.84,24.6,40.75,40.67,7.55,17.12,14.34,25.58,19.2,27.94,15.76,11.4,19.39,10.4,20.92,18.04,24.28,23.02,13.72,12.16,30.94,11.12,15.48,29.56,20.1,18.51,23.0,18.99,31.24,19.07,22.04,11.26,16.82,10.47,17.67,23.48,10.88,17.59,25.18,19.09,24.57,16.81,16.31,17.42,31.45,14.25,18.09,14.24,16.27,14.79,15.88,26.62,25.41,12.41,16.68,14.54,16.22,19.68,10.79,15.53,19.51,15.59,12.03,15.62,15.1,17.65,18.09,15.04,13.15,13.06,16.98,12.18,15.02,15.05,14.13,12.39,13.81,13.48,24.23,21.09,24.53,27.71,33.38,25.73,20.24,25.46,31.77,23.09,26.28,20.87,23.61,33.3,25.32,25.56,32.34,31.24,47.73,11.38,12.93,5.85,11.49,3.68,8.84,6.27,6.73,9.92,15.27,7.96,5.99,9.49,0.0,2.45,3.9,20.85,6.91,8.66,15.83,4.38,17.3,13.27,13.41,5.47,9.61,9.06,15.9,17.18,4.15,16.19,1.52,6.66,9.12,25.12,23.4,20.69,14.49,15.36,11.26,19.11,17.76,8.21,27.25,16.39,19.9,18.11,12.24,27.02,29.41,18.5,25.22,20.28,14.43,25.55,18.29,13.57,24.93,11.56,18.94,16.35,18.29,19.85,19.22,19.15,20.89,22.28,23.67,18.38,19.04,24.64,19.55,12.49,21.74,25.83,17.01,20.81,22.74,20.02,18.53,18.15,24.26,20.97,13.63,18.45,19.67,16.57,15.11,13.38,23.89,19.78,13.3,18.76,16.75,18.13,21.22,28.71,27.28,29.19,21.03,20.39,20.24,19.85,20.47,18.73,19.19,18.07,23.9,22.53,20.66,26.85,20.01,22.8,23.97,32.18,22.21,31.74,21.63,22.37,26.28,23.13,20.7,29.81,26.89,25.49,33.03,26.71,33.88,34.3,31.6,33.57,23.26,23.48,25.34,35.77,33.17,27.17,25.06,37.69,40.83,38.38,33.55,31.21,24.54,32.08,32.67,26.34,39.34,30.34,30.22,37.97,25.95,38.41,23.56,21.53,20.75,31.75,31.0,29.91,28.86,44.0,53.81,51.87,50.05,35.58,43.63,36.12,36.72,38.16,42.38,39.02,38.48,39.83,43.19,39.61,38.13,40.54,45.37,43.61,38.54,39.54,41.65,41.6,51.21,48.94,42.85,46.3,44.65,41.66,45.8,51.26,54.06,53.02,39.86,64.52,51.9,36.2,36.82,39.76,65.55,45.66,54.43,59.45,56.44
40.48,7.41,19.81,18.83,26.55,25.99,22.69,63.33,6.85,19.9,31.73,11.18,12.8,40.88,1.64,15.49,30.6,16.39,13.85,8.03,23.13,27.82,22.89,11.42,30.53,3.55,19.34,19.96,33.35,19.38,10.84,9.57,9.55,19.68,21.61,23.37,39.52,39.45,6.32,15.89,13.11,24.35,17.98,26.71,14.53,10.17,18.16,9.17,19.7,16.81,23.05,21.79,12.49,10.93,29.71,9.9,14.26,28.33,18.88,17.28,21.77,20.65,30.01,17.84,20.81,10.04,15.59,9.24,19.33,22.26,9.65,16.36,23.95,17.86,23.34,15.58,15.08,16.19,30.22,13.02,16.86,13.01,15.04,13.56,14.66,25.39,24.18,11.18,15.45,13.32,14.99,18.46,9.56,14.3,18.28,14.36,10.8,14.39,13.87,16.42,16.86,13.82,11.92,11.84,15.75,10.95,13.79,13.83,12.9,11.16,12.59,12.26,23.0,19.87,23.3,26.49,32.15,24.51,19.01,24.23,30.55,21.86,25.05,19.64,22.38,32.07,24.1,24.33,31.12,30.01,46.5,10.15,11.7,4.62,10.26,1.75,7.61,5.04,5.5,8.69,14.04,6.73,7.65,8.26,2.45,0.0,2.67,17.38,5.67,7.43,14.6,3.15,16.07,12.03,12.18,4.24,8.38,7.83,14.67,15.94,5.45,14.96,3.18,5.43,7.88,23.88,22.17,22.35,16.15,17.02,12.92,20.77,19.42,9.87,28.91,18.06,21.57,19.78,13.91,28.69,31.08,20.16,26.88,21.95,16.1,27.21,19.95,15.23,23.7,10.32,17.7,15.12,17.05,18.62,17.99,17.92,19.66,21.05,25.33,17.15,17.81,26.3,21.22,11.26,23.4,27.5,15.78,22.47,24.4,18.79,20.19,16.92,25.92,22.84,12.4,17.22,21.33,18.23,13.88,12.15,25.56,21.45,14.97,17.52,15.52,16.89,19.99,27.47,26.04,27.96,19.8,19.15,19.01,18.62,19.23,17.5,17.96,16.84,22.67,21.3,19.42,25.62,18.78,21.56,22.73,30.95,20.97,30.51,20.39,21.14,25.05,21.9,19.47,28.58,25.66,24.26,31.8,25.48,32.65,33.07,30.37,32.34,22.03,22.25,24.11,34.53,31.94,25.94,23.83,36.46,39.6,37.15,32.31,29.98,23.31,30.85,31.44,25.11,38.11,29.11,28.99,36.73,24.72,37.18,22.33,20.3,19.52,30.52,29.77,28.68,27.63,42.77,52.58,50.64,48.82,34.35,42.39,34.89,35.49,36.93,41.15,37.79,37.25,38.6,41.96,38.38,36.9,39.31,44.14,42.38,37.31,38.31,40.42,40.36,49.98,47.7,41.62,45.07,43.42,40.43,44.57,50.03,52.83,51.79,38.63,63.29,50.67,34.97,35.59,38.53,64.32,44.43,53.2,58.22,55.2
38.7,5.63,18.04,20.28,24.78,24.21,20.92,61.55,5.08,18.12,29.95,9.41,14.24,39.11,1.66,13.72,28.83,14.61,15.3,6.26,21.36,26.04,21.11,12.86,28.76,1.78,20.79,18.19,31.58,20.22,9.07,7.8,7.77,17.9,19.83,21.6,37.74,37.67,4.55,14.12,11.33,22.58,16.2,24.94,12.75,8.4,16.39,7.4,17.92,15.04,21.28,20.01,10.72,9.16,27.93,8.12,12.48,26.56,17.1,15.5,20.0,22.1,28.23,16.07,19.04,8.26,13.82,7.46,20.78,20.48,7.88,14.59,22.17,16.08,21.57,13.81,13.3,14.42,28.45,11.25,15.08,11.24,13.27,11.79,12.88,23.62,22.4,9.4,13.67,11.54,13.21,16.68,7.79,12.53,16.5,12.58,9.03,12.62,12.1,14.65,15.09,12.04,10.15,10.06,13.98,9.17,12.02,12.05,11.13,9.38,10.81,10.48,21.22,18.09,21.52,24.71,30.37,22.73,17.24,22.46,28.77,20.09,23.27,17.87,20.61,30.29,22.32,22.56,29.34,28.24,44.73,8.38,9.93,2.85,8.49,2.28,5.84,3.27,3.73,6.92,12.26,4.96,9.1,6.48,3.9,2.67,0.0,15.61,3.9,5.65,12.82,1.38,14.3,10.26,10.4,2.47,6.61,6.05,12.89,14.17,3.68,13.18,4.63,3.66,6.11,22.11,20.4,23.8,17.6,18.46,14.37,22.21,20.87,11.32,30.35,19.5,23.01,21.22,15.35,30.13,32.52,21.61,28.33,23.39,17.54,28.65,21.39,16.68,21.93,8.55,15.93,13.35,15.28,16.85,16.21,16.15,17.89,19.27,25.6,15.38,16.04,26.57,21.49,9.48,23.67,27.77,14.0,22.74,24.67,17.02,20.47,15.14,26.19,21.07,10.63,15.45,21.6,18.5,12.11,10.38,25.83,21.72,16.41,15.75,13.75,15.12,18.22,25.7,24.27,26.19,18.03,17.38,17.24,16.85,17.46,15.73,16.18,15.07,20.9,19.53,17.65,23.85,17.01,19.79,20.96,29.18,19.2,28.74,18.62,19.37,23.27,20.13,17.7,26.8,23.89,22.48,30.03,23.71,30.88,31.3,28.6,30.57,20.26,20.48,22.34,32.76,30.17,24.17,22.06,34.68,37.82,35.38,30.54,28.21,21.54,29.08,29.67,23.34,36.34,27.34,27.22,34.96,22.95,35.41,20.56,18.53,17.75,28.75,28.0,26.9,25.86,41.0,50.8,48.86,47.05,32.58,40.62,33.12,33.71,35.16,39.37,36.02,35.48,36.83,40.18,36.61,35.13,37.53,42.37,40.6,35.54,36.54,38.65,38.59,48.21,45.93,39.85,43.3,41.65,38.65,42.8,48.26,51.06,50.01,36.85,61.52,48.89,33.2,33.82,36.76,62.55,42.65,51.42,56.45,53.43
49.66,16.68,29.0,4.87,27.91,26.71,31.96,72.6,11.86,29.16,40.99,6.45,10.88,50.06,16.45,24.67,39.87,25.65,9.94,9.62,25.81,37.0,32.16,14.4,39.8,15.22,18.19,23.34,42.62,24.08,20.02,8.99,8.63,28.86,30.79,24.09,48.7,48.71,15.5,25.16,22.38,25.08,27.24,35.89,23.8,19.35,27.43,18.35,28.96,25.99,23.78,31.06,21.76,20.2,38.98,19.17,23.52,37.6,28.14,26.55,31.04,19.49,39.28,27.02,21.54,19.22,24.86,18.42,18.17,22.98,18.92,25.63,24.67,27.13,24.07,24.85,24.35,25.37,39.49,22.29,26.13,22.28,24.31,22.83,23.92,26.12,25.87,20.45,24.72,22.58,24.26,27.72,18.74,23.57,27.55,23.63,20.07,23.66,23.14,25.69,26.13,23.08,21.19,21.1,24.93,20.22,23.06,23.09,22.17,20.43,21.85,21.52,32.27,29.13,32.57,35.67,41.33,33.77,28.28,33.5,39.82,31.13,34.23,28.91,31.65,41.34,33.37,33.6,40.39,39.19,55.68,7.56,20.97,13.15,9.15,17.07,10.82,14.33,11.9,9.83,3.36,15.26,19.63,13.62,20.85,17.38,15.61,0.0,14.22,10.45,15.43,16.1,16.9,21.17,5.8,14.82,11.41,12.04,15.5,16.78,16.03,3.84,21.57,16.01,13.27,26.38,31.31,21.19,14.57,15.43,12.45,3.06,27.2,14.6,27.75,4.84,20.41,5.8,12.32,27.53,29.92,6.18,25.73,4.24,7.54,26.05,28.26,11.31,24.54,19.46,26.84,24.26,26.19,24.71,24.08,27.04,26.83,28.22,34.44,23.25,23.9,35.42,25.94,20.38,28.13,36.61,21.87,27.2,33.51,25.96,24.92,26.03,35.03,27.36,21.52,26.34,26.06,22.96,23.0,21.27,35.9,26.17,19.69,26.66,24.66,26.03,29.13,28.31,26.88,28.79,28.94,28.29,28.15,27.76,28.37,26.64,18.79,25.98,23.51,30.44,20.26,26.46,27.92,22.4,31.87,37.04,27.07,36.6,26.49,27.23,31.14,27.99,25.56,34.67,31.75,30.35,37.89,31.57,38.74,39.17,36.46,38.43,28.12,28.34,30.2,40.63,38.03,32.03,32.97,45.59,48.73,46.29,41.45,39.12,32.45,39.99,40.58,34.25,47.25,38.25,38.13,45.87,33.86,46.32,31.47,29.44,28.66,39.66,38.91,37.81,36.77,48.86,58.67,56.73,54.91,40.44,51.53,40.98,41.58,43.02,47.24,43.89,43.34,47.74,48.05,44.47,42.99,45.4,50.23,51.51,46.45,47.45,46.51,46.46,59.12,53.8,47.71,51.16,52.56,46.52,53.71,56.12,57.49,57.88,44.72,72.43,59.8,44.11,44.73,47.67,73.46,53.56,59.29,64.31,61.3
37.95,4.97,17.28,17.93,17.3,16.1,20.25,60.89,3.67,17.45,29.28,8.0,17.25,38.35,4.74,12.96,28.16,13.94,18.31,4.85,15.2,25.29,20.45,15.87,28.09,3.51,23.8,17.43,30.91,19.46,8.31,6.39,6.37,17.14,19.08,13.48,36.99,37.0,3.79,13.45,10.67,14.47,15.53,24.18,12.09,7.64,15.72,6.64,17.25,14.28,13.17,19.35,10.05,8.49,27.27,7.46,11.81,25.89,16.43,14.84,19.33,25.11,27.57,15.31,10.93,7.51,13.15,6.71,23.78,12.37,7.21,13.92,14.06,15.42,13.46,13.14,12.64,13.66,27.78,10.58,14.42,10.57,12.6,11.12,12.21,15.51,15.26,8.74,13.01,10.87,12.55,16.01,7.03,11.86,15.84,11.92,8.36,11.95,11.43,13.98,14.42,11.37,9.48,9.39,13.22,8.51,11.35,11.38,10.46,8.72,10.14,9.81,20.56,17.42,20.86,23.96,29.62,22.06,16.57,21.79,28.1,19.42,22.52,17.2,19.94,29.63,21.65,21.89,28.67,27.48,43.97,6.97,9.26,1.07,7.08,5.36,4.43,2.62,2.32,5.51,10.86,1.04,12.11,2.12,6.91,5.67,3.9,14.22,0.0,4.26,4.82,4.39,6.29,5.71,9.01,3.1,3.53,2.6,4.89,6.17,4.32,11.79,7.64,4.3,2.66,15.77,19.6,26.81,20.61,21.48,17.38,16.12,23.88,14.33,33.37,17.9,26.02,18.86,18.36,33.14,35.53,19.24,31.34,17.3,20.55,31.67,24.4,19.69,13.93,7.75,15.13,12.55,14.48,13.0,12.37,15.33,17.07,18.45,24.78,11.54,12.19,25.76,20.67,8.66,22.85,26.95,10.16,21.93,23.85,16.2,19.65,14.32,25.37,20.25,9.81,14.63,20.78,17.68,11.29,9.56,25.01,20.9,19.42,14.95,12.95,14.32,17.42,17.7,16.27,18.18,17.23,16.58,16.44,16.05,16.66,14.93,8.18,14.27,12.9,18.73,9.65,15.85,16.21,11.79,20.16,25.33,15.36,24.89,14.78,15.52,19.43,16.28,13.85,22.96,20.04,18.64,26.18,19.86,27.03,27.46,24.75,26.72,16.41,16.63,18.49,28.92,26.32,20.32,21.26,33.88,37.02,34.58,29.74,27.41,20.74,28.28,28.87,22.54,35.54,26.54,26.42,34.16,22.15,34.61,19.76,17.73,16.95,27.95,27.2,26.1,25.06,37.15,46.96,45.02,43.2,28.73,39.82,29.27,29.87,31.31,35.53,32.17,31.63,36.03,36.34,32.76,31.28,33.69,38.52,39.8,34.74,35.74,34.8,34.75,47.41,42.09,36.0,39.45,40.85,34.81,42.0,44.41,45.77,46.17,33.01,60.72,48.09,32.4,33.02,35.96,61.75,41.85,47.58,52.6,49.59
39.7,6.72,19.04,14.16,17.46,16.26,22.0,62.64,1.9,19.21,31.04,4.23,19.01,40.1,6.49,14.71,29.91,15.7,20.06,1.08,15.36,27.04,22.2,17.63,29.84,5.26,25.55,19.19,32.66,21.21,10.07,2.62,2.6,18.9,20.83,13.64,38.74,38.76,5.55,15.2,12.42,14.63,17.29,25.94,13.84,9.4,17.47,8.39,19.01,16.04,13.33,21.1,11.8,10.24,29.02,9.21,13.57,27.64,18.19,16.59,21.08,26.86,29.32,17.07,11.09,9.26,14.9,8.46,25.54,12.53,8.96,15.68,14.22,17.17,13.61,14.89,14.39,15.41,29.54,12.33,16.17,12.33,14.35,12.87,13.97,15.67,15.42,10.49,14.76,12.63,14.3,17.77,8.79,13.61,17.59,13.67,10.11,13.7,13.18,15.73,16.18,13.13,11.24,11.15,14.97,10.26,13.11,13.14,12.21,10.47,11.9,11.57,22.31,19.18,22.61,25.71,31.37,23.82,18.32,23.54,29.86,21.17,24.27,18.96,21.69,31.38,23.41,23.64,30.43,29.24,45.72,3.2,11.01,3.19,3.31,7.12,1.74,4.37,1.94,1.74,7.09,3.42,13.86,3.17,8.66,7.43,5.65,10.45,4.26,0.0,4.98,6.14,6.45,5.87,5.24,4.86,0.96,1.59,5.05,6.33,6.07,8.02,9.39,6.05,2.82,15.93,21.35,28.56,22.36,23.23,19.13,12.35,25.63,16.08,35.12,14.13,27.78,15.09,20.12,34.89,37.28,15.47,33.09,13.53,16.83,33.42,26.16,21.44,14.08,9.5,16.89,14.3,16.23,14.75,14.12,17.09,18.82,20.21,26.54,13.29,13.94,27.51,22.42,10.42,24.61,28.7,11.91,23.68,25.6,17.95,21.4,16.08,27.13,22.0,11.57,16.38,22.54,19.43,13.04,11.31,26.76,22.65,21.17,16.7,14.7,16.08,19.17,17.86,16.43,18.34,18.98,18.34,18.19,17.8,18.41,16.68,8.34,16.02,13.05,20.48,9.81,16.0,17.96,11.95,21.92,27.09,17.11,26.64,16.53,17.28,21.18,18.04,15.61,24.71,21.8,20.39,27.93,21.62,28.78,29.21,26.51,28.48,18.16,18.38,20.25,30.67,28.07,22.07,23.01,35.64,38.78,36.33,31.5,29.16,22.49,30.03,30.62,24.29,37.29,28.29,28.17,35.92,23.9,36.36,21.51,19.48,18.7,29.7,28.95,27.86,26.81,38.9,48.71,46.77,44.95,30.49,41.58,31.02,31.62,33.06,37.28,33.93,33.39,37.78,38.09,34.52,33.04,35.44,40.27,41.56,36.49,37.49,36.56,36.5,49.16,43.84,37.75,41.2,42.6,36.56,43.75,46.16,47.53,47.92,34.76,62.47,49.85,34.15,34.77,37.71,63.5,43.61,49.33,54.36,51.34
41.8,10.75,21.14,19.14,14.15,12.95,17.73,63.08,8.05,19.65,31.48,9.21,26.18,42.21,13.66,16.81,30.35,11.42,27.23,6.06,12.05,29.14,17.92,24.8,25.56,12.43,32.72,21.29,33.1,23.31,12.17,7.6,7.58,21.0,22.93,10.33,40.84,39.13,8.16,10.92,11.37,11.32,17.73,28.04,9.56,11.5,13.2,11.76,19.45,18.14,10.02,16.82,7.52,9.19,24.74,6.31,9.29,23.36,18.63,12.31,16.8,34.03,25.04,19.17,7.78,11.36,10.62,11.83,32.71,9.22,7.91,16.12,10.91,12.89,10.3,10.61,14.32,17.51,25.26,8.05,14.4,11.27,10.08,11.82,12.92,12.36,12.11,7.59,14.1,11.57,13.25,13.49,10.89,12.56,13.31,9.39,7.74,9.42,8.9,11.46,11.9,8.85,10.18,6.87,17.07,9.21,9.97,8.86,11.16,9.42,10.01,7.29,21.26,14.9,21.56,27.81,33.47,22.76,17.27,23.98,30.3,21.61,26.37,14.68,20.64,31.82,22.36,24.08,30.87,31.34,47.82,8.18,9.75,5.44,8.29,14.28,8.8,6.99,6.7,6.72,12.07,4.05,21.03,3.24,15.83,14.6,12.82,15.43,4.82,4.98,0.0,13.4,3.14,2.56,10.22,7.48,4.32,3.39,0.99,2.27,8.69,13.0,16.65,8.67,2.89,12.62,14.94,35.82,29.62,30.49,26.39,17.33,28.34,23.34,42.38,19.11,35.04,20.07,27.38,42.15,44.54,20.45,40.35,18.51,29.57,40.68,28.86,28.7,10.77,5.25,12.63,10.05,11.98,16.78,16.14,19.98,21.72,23.11,29.44,15.31,15.97,30.41,25.32,13.32,27.51,31.6,13.93,26.58,28.5,20.85,24.3,18.98,30.03,24.9,14.46,19.28,25.44,22.33,15.94,14.21,29.66,25.55,24.82,12.45,10.44,11.82,14.92,14.55,13.12,15.03,14.73,14.08,13.94,13.55,14.16,12.42,5.03,11.77,9.74,16.22,6.5,12.69,13.71,8.64,17.66,29.11,19.13,28.67,18.55,19.3,23.2,20.06,17.63,26.73,23.82,22.41,29.96,23.64,30.81,31.23,28.53,30.5,20.19,20.41,22.27,32.69,30.1,24.1,18.76,31.38,34.52,32.08,27.24,24.91,18.24,25.77,26.36,20.04,33.03,24.04,23.91,31.66,19.64,32.11,17.25,19.87,16.61,25.44,24.7,23.6,22.56,40.93,50.73,48.79,46.98,32.51,41.96,33.05,33.65,35.09,39.3,35.95,35.41,38.17,40.11,36.54,35.06,37.46,42.3,41.95,36.88,37.88,38.58,38.52,49.55,45.86,39.78,43.23,42.99,38.58,44.14,48.19,52.4,49.95,36.78,62.86,50.19,34.54,35.16,38.05,63.89,43.95,51.36,56.38,53.36
39.18,6.11,18.51,20.76,25.25,24.69,21.39,62.03,5.55,18.59,30.43,9.88,14.73,39.58,2.21,14.19,29.3,15.09,15.79,6.73,21.83,26.52,21.59,13.35,29.23,2.25,21.28,18.66,32.05,20.69,9.54,8.27,8.25,18.38,20.31,22.07,38.22,38.15,5.02,14.59,11.81,23.05,16.68,25.41,13.23,8.87,16.86,7.87,18.4,15.51,21.75,20.49,11.19,9.63,28.41,8.6,12.96,27.03,17.58,15.98,20.47,22.59,28.71,16.54,19.51,8.74,14.29,7.94,21.26,20.96,8.35,15.06,22.65,16.56,22.04,14.28,13.78,14.89,28.92,11.72,15.56,11.71,13.74,12.26,13.36,24.09,22.88,9.88,14.15,12.01,13.69,17.16,8.26,13.0,16.98,13.06,9.5,13.09,12.57,15.12,15.56,12.52,10.62,10.54,14.45,9.65,12.49,12.53,11.6,9.86,11.29,10.96,21.7,18.57,22.0,25.19,30.85,23.2,17.71,22.93,29.25,20.56,23.75,18.34,21.08,30.77,22.8,23.03,29.82,28.71,45.2,8.85,10.4,3.32,8.96,2.84,6.31,3.74,4.2,7.39,12.74,5.43,9.58,6.96,4.38,3.15,1.38,16.1,4.39,6.14,13.4,0.0,16.15,12.12,12.26,4.32,8.47,7.91,14.75,16.03,5.53,15.04,3.25,5.52,7.97,23.97,22.25,22.42,16.22,17.08,12.99,20.84,19.49,9.94,28.97,18.12,21.63,19.84,13.97,28.75,31.14,20.23,26.95,22.01,16.16,27.28,20.01,15.3,23.79,10.41,17.79,15.2,17.14,18.7,18.07,18.01,19.74,21.13,25.4,17.24,17.89,26.37,21.28,11.34,23.47,27.56,15.86,22.54,24.46,18.87,20.26,17.0,25.99,22.7,12.49,17.3,21.4,18.29,13.96,12.24,25.62,21.51,15.03,17.61,15.6,16.98,20.08,27.56,26.13,28.04,19.89,19.24,19.1,18.7,19.32,17.58,18.04,16.93,22.76,21.38,19.51,25.7,18.87,21.65,22.82,31.03,21.06,30.59,20.48,21.23,25.13,21.98,19.56,28.66,25.75,24.34,31.88,25.57,32.73,33.16,30.46,32.43,22.11,22.33,24.2,34.62,32.02,26.02,23.92,36.54,39.68,37.24,32.4,30.07,23.4,30.93,31.52,25.19,38.19,29.2,29.07,36.82,24.8,37.26,22.41,20.39,19.6,30.6,29.85,28.76,27.71,42.85,52.66,50.72,48.9,34.43,42.48,34.97,35.57,37.01,41.23,37.88,37.33,38.68,42.04,38.46,36.99,39.39,44.22,42.46,37.4,38.39,40.51,40.45,50.06,47.79,41.7,45.15,43.5,40.51,44.65,50.11,52.92,51.87,38.71,63.38,50.75,35.06,35.68,38.61,64.4,44.51,53.28,58.3,55.29
43.28,12.22,22.61,20.61,11.51,10.31,19.2,64.55,9.52,21.12,32.95,10.68,27.65,43.68,15.13,18.29,31.82,12.89,28.7,7.53,9.41,30.61,19.39,26.27,27.03,13.9,34.2,22.76,34.58,24.79,13.64,9.07,9.05,22.47,24.41,7.7,42.31,40.6,12.85,12.4,12.84,8.68,19.2,29.51,11.03,12.97,14.67,13.24,20.92,19.61,7.38,18.29,8.99,10.66,26.21,7.78,10.76,24.84,20.1,13.78,18.28,35.5,26.51,20.64,5.14,12.83,12.1,13.3,34.18,6.58,9.38,17.59,8.28,14.36,7.67,12.09,15.79,18.99,26.73,9.53,15.87,12.75,11.55,13.29,14.39,9.72,9.47,9.07,15.58,13.05,14.72,14.96,12.36,14.03,14.78,10.86,9.22,10.9,10.38,12.93,13.37,10.32,11.66,8.34,18.55,10.68,11.45,10.33,12.63,10.89,11.48,8.76,22.73,16.37,23.03,29.28,34.94,24.24,18.74,25.45,31.77,23.08,27.84,16.15,22.11,33.29,23.83,25.56,32.34,32.81,49.3,9.65,11.22,6.91,9.76,15.76,10.27,8.46,8.17,8.19,13.54,5.52,22.5,4.72,17.3,16.07,14.3,16.9,6.29,6.45,3.14,16.15,0.0,4.03,11.69,13.59,5.79,4.86,3.21,4.49,14.8,14.47,18.13,14.78,4.36,9.98,12.31,37.3,31.1,31.96,27.86,18.8,29.81,24.81,43.85,20.58,36.51,21.54,28.85,43.63,46.02,21.93,41.83,19.98,31.04,42.15,30.33,30.18,8.14,6.72,14.1,11.52,13.45,18.25,17.62,21.46,23.19,24.58,30.91,16.78,17.44,31.88,26.79,14.79,28.98,33.07,15.41,28.05,29.98,22.32,25.77,20.45,31.5,26.37,15.94,20.75,26.91,23.81,17.41,15.68,31.13,27.02,26.29,13.92,11.91,13.29,12.89,11.91,10.48,12.4,16.2,15.55,15.41,15.02,15.63,13.89,2.39,13.24,7.11,13.71,3.86,10.06,15.18,6.0,19.13,30.58,20.6,30.14,20.02,20.77,24.68,21.53,19.1,28.21,25.29,23.89,31.43,25.11,32.28,32.7,30.0,31.97,21.66,21.88,23.74,34.16,31.57,25.57,20.23,32.85,35.99,33.55,28.71,26.38,19.71,27.25,27.83,21.51,34.5,25.51,25.39,33.13,21.12,33.58,18.73,21.35,18.08,26.92,26.17,25.07,24.03,42.4,52.21,50.27,48.45,33.98,43.44,34.52,35.12,36.56,40.78,37.42,36.88,39.64,41.59,38.01,36.53,38.94,43.77,43.42,38.36,39.35,40.05,40.0,51.02,47.34,41.25,44.7,44.46,40.06,45.61,49.66,53.88,51.42,38.26,64.34,51.66,36.02,36.63,39.52,65.36,45.42,52.83,57.85,54.83
39.24,8.19,18.58,29.65,15.04,13.84,15.16,60.52,10.63,17.08,28.92,14.95,23.61,39.64,11.1,14.25,27.79,8.86,24.67,11.8,12.94,26.58,15.36,22.23,23.0,9.87,30.16,18.73,30.54,20.75,9.61,13.34,13.32,18.44,20.37,11.23,38.28,36.56,8.82,8.36,8.8,12.21,15.17,25.48,7.0,8.94,10.63,9.2,16.89,15.58,10.91,14.26,4.96,6.63,22.18,3.75,6.73,20.8,16.07,9.75,14.24,31.47,22.48,16.61,8.67,8.8,8.06,9.27,30.14,10.11,5.35,13.55,11.81,10.33,11.2,8.05,11.75,14.95,22.7,5.49,11.84,8.71,7.51,9.26,10.35,13.25,13.0,5.03,11.54,9.01,10.69,10.93,8.33,10.0,10.75,6.83,5.18,6.86,6.34,8.89,9.34,6.29,7.62,4.31,14.51,6.64,7.41,6.3,8.6,6.86,7.45,4.73,18.69,12.34,19.0,25.25,30.91,20.2,14.71,21.42,27.74,19.05,23.81,12.12,18.08,29.26,19.79,21.52,28.31,28.78,45.26,13.92,7.19,8.39,14.03,11.72,11.38,8.62,9.28,12.46,17.81,4.94,18.47,4.14,13.27,12.03,10.26,21.17,5.71,5.87,2.56,12.12,4.03,0.0,16.2,9.56,5.21,4.28,2.63,3.91,10.77,18.98,14.09,10.75,3.78,13.51,14.53,33.26,27.06,27.93,23.83,23.31,25.77,20.78,39.82,28.96,32.48,30.68,24.81,39.59,41.98,31.07,37.79,24.49,27.01,38.12,26.3,26.14,11.67,2.69,10.07,7.48,9.42,14.21,13.58,17.42,19.16,20.54,26.87,12.75,13.4,27.85,22.76,10.75,24.94,29.04,11.37,24.02,25.94,18.29,21.74,16.41,27.46,22.34,11.9,16.72,22.87,19.77,13.38,11.65,27.1,22.99,22.25,9.89,7.88,9.26,12.36,15.44,14.01,15.93,12.17,11.52,11.38,10.98,11.6,9.86,5.92,9.21,10.64,13.66,7.39,13.59,11.14,9.53,15.1,26.55,16.57,26.1,15.99,16.74,20.64,17.5,15.07,24.17,21.26,19.85,27.39,21.08,28.24,28.67,25.97,27.94,17.62,17.84,19.71,30.13,27.54,21.53,16.2,28.82,31.96,29.52,24.68,22.34,15.68,23.21,23.8,17.47,30.47,21.48,21.35,29.1,17.08,29.54,14.69,17.31,14.04,22.88,22.13,21.04,19.99,38.37,48.17,46.23,44.41,29.95,39.4,30.49,31.08,32.52,36.74,33.39,32.85,35.61,37.55,33.98,32.5,34.9,39.74,39.38,34.32,35.32,36.02,35.96,46.99,43.3,37.22,40.66,40.43,36.02,41.58,45.63,49.84,47.38,34.22,60.3,47.63,31.98,32.6,35.49,61.33,41.39,48.79,53.82,50.8
44.45,11.47,23.79,9.51,22.7,21.5,26.75,67.39,6.65,23.96,35.79,1.24,15.53,44.85,11.24,19.46,34.66,20.45,14.58,4.41,20.6,31.79,26.95,19.04,34.59,10.01,22.83,23.94,37.41,25.96,14.82,3.78,3.42,23.65,25.58,18.89,43.49,43.51,10.29,19.95,17.17,19.87,22.04,30.69,18.59,14.15,22.22,13.14,23.76,20.79,18.57,25.85,16.55,14.99,33.77,13.96,18.32,32.39,22.94,21.34,25.83,24.14,34.07,21.82,16.33,14.01,19.65,13.21,22.81,17.77,13.71,20.43,19.47,21.92,18.86,19.64,19.14,20.16,34.29,17.08,20.92,17.08,19.1,17.62,18.72,20.91,20.66,15.24,19.51,17.38,19.05,22.52,13.54,18.36,22.34,18.42,14.86,18.45,17.93,20.48,20.93,17.88,15.98,15.9,19.72,15.01,17.86,17.89,16.96,15.22,16.65,16.32,27.06,23.93,27.36,30.46,36.12,28.57,23.07,28.29,34.61,25.92,29.02,23.71,26.44,36.13,28.16,28.39,35.18,33.99,50.47,2.36,15.76,7.94,3.94,11.86,5.61,9.12,6.69,4.62,2.44,10.05,18.61,8.42,13.41,12.18,10.4,5.8,9.01,5.24,10.22,12.26,11.69,16.2,0.0,9.61,6.2,6.84,10.29,11.57,10.82,3.38,14.14,10.8,8.06,21.17,26.1,25.84,19.21,20.07,17.09,7.7,31.84,19.24,32.39,9.49,25.05,10.44,16.96,32.17,34.56,10.83,30.37,8.88,12.18,30.69,32.9,15.95,19.33,14.25,21.64,19.05,20.98,19.5,18.87,21.84,23.57,24.96,31.29,18.04,18.69,32.26,27.17,15.17,29.36,33.45,16.66,28.43,30.35,22.7,26.15,20.83,31.88,26.75,16.31,21.13,27.29,24.18,17.79,16.06,31.51,27.4,24.34,21.45,19.45,20.83,23.92,23.1,21.67,23.59,23.73,23.09,22.94,22.55,23.16,21.43,13.58,20.77,18.3,25.23,15.05,21.25,22.71,17.19,26.67,31.84,21.86,31.39,21.28,22.03,25.93,22.79,20.36,29.46,26.55,25.14,32.68,26.37,33.53,33.96,31.26,33.23,22.91,23.13,25.0,35.42,32.82,26.82,27.76,40.39,43.53,41.08,36.25,33.91,27.24,34.78,35.37,29.04,42.04,33.04,32.92,40.67,28.65,41.11,26.26,24.23,23.45,34.45,33.7,32.61,31.56,43.65,53.46,51.52,49.7,35.23,46.33,35.77,36.37,37.81,42.03,38.68,38.14,42.53,42.84,39.26,37.79,40.19,45.02,46.31,41.24,42.24,41.31,41.25,53.91,48.59,42.5,45.95,47.35,41.31,48.5,50.91,52.28,52.67,39.51,67.22,54.6,38.9,39.52,42.46,68.25,48.36,54.08,59.11,56.09
37.89,4.82,17.23,21.85,23.96,23.4,20.11,60.74,4.27,17.31,29.14,8.6,15.82,38.29,3.3,12.9,28.01,13.8,16.87,5.44,20.55,25.23,20.3,14.44,27.94,2.06,22.37,17.38,30.77,19.4,8.26,6.99,6.96,17.09,19.02,20.78,36.93,36.86,3.74,13.3,10.52,21.77,15.39,24.13,11.94,7.59,15.58,6.58,17.11,14.23,20.47,19.2,9.9,8.35,27.12,7.31,11.67,25.74,16.29,14.69,19.19,23.67,27.42,15.26,18.23,7.45,13.01,6.65,22.35,19.67,7.06,13.78,21.36,15.27,20.75,12.99,12.49,13.6,27.64,10.44,14.27,10.43,12.46,10.97,12.07,22.81,21.59,8.59,12.86,10.73,12.4,15.87,6.98,11.72,15.69,11.77,8.22,11.8,11.29,13.84,14.28,11.23,9.34,9.25,13.16,8.36,11.21,11.24,10.32,8.57,10.0,9.67,20.41,17.28,20.71,23.9,29.56,21.92,16.42,21.64,27.96,19.27,22.46,17.06,19.79,29.48,21.51,21.75,28.53,27.43,43.91,7.57,9.11,2.04,7.68,3.93,5.02,2.18,2.92,6.11,11.45,4.14,10.67,5.67,5.47,4.24,2.47,14.82,3.1,4.86,7.48,4.32,13.59,9.56,9.61,0.0,5.81,5.26,7.55,8.83,1.21,12.39,6.19,1.19,5.32,21.32,19.6,25.36,19.16,20.02,15.92,16.72,22.43,12.87,31.91,21.06,24.57,22.78,16.91,31.69,34.08,23.17,29.89,17.89,19.1,30.21,22.95,18.24,21.13,7.76,15.14,12.55,14.49,16.05,15.42,15.36,17.09,18.48,24.81,14.59,15.24,25.78,20.69,8.69,22.88,26.97,13.21,21.95,23.87,16.22,19.67,14.35,25.4,20.27,9.84,14.65,20.81,17.7,11.31,9.58,25.03,20.92,17.97,14.96,12.95,14.33,17.42,24.91,23.48,25.39,17.24,16.59,16.45,16.05,16.67,14.93,15.39,14.28,20.1,18.73,16.86,23.05,16.21,19.0,20.17,28.38,18.41,27.94,17.83,18.57,22.48,19.33,16.9,26.01,23.09,21.69,29.23,22.91,30.08,30.51,27.8,29.77,19.46,19.68,21.54,31.97,29.37,23.37,21.26,33.89,37.03,34.59,29.75,27.41,20.75,28.28,28.87,22.54,35.54,26.54,26.42,34.17,22.15,34.61,19.76,17.73,16.95,27.95,27.2,26.11,25.06,40.2,50.01,48.07,46.25,31.78,39.83,32.32,32.92,34.36,38.58,35.23,34.68,36.03,39.39,35.81,34.33,36.74,41.57,39.81,34.74,35.74,37.85,37.8,47.41,45.14,39.05,42.5,40.85,37.86,42.0,47.46,50.27,49.22,36.06,60.72,48.1,32.4,33.02,35.96,61.75,41.86,50.63,55.65,52.64
40.66,7.67,19.99,15.11,16.8,15.6,20.38,63.59,2.86,20.16,31.99,5.19,19.96,41.06,7.45,15.67,30.87,14.07,21.02,2.04,14.7,28.0,20.57,18.58,28.21,6.22,26.51,20.14,33.62,22.17,11.02,3.58,3.55,19.85,21.79,12.98,39.7,39.71,6.5,13.57,13.37,13.97,18.24,26.89,12.21,10.35,15.85,9.35,19.96,16.99,12.66,19.47,10.17,11.2,27.39,8.96,11.94,26.01,19.14,14.96,19.45,27.82,27.69,18.02,10.42,10.21,13.27,9.42,26.49,11.87,9.92,16.63,13.56,15.54,12.95,13.26,15.34,16.37,27.91,10.7,17.05,13.28,12.73,13.83,14.92,15.01,14.75,10.24,15.71,13.58,15.25,16.14,9.74,14.57,15.96,12.04,11.07,12.07,11.55,14.11,14.55,11.5,12.19,9.52,15.93,11.21,12.62,11.51,13.17,11.42,12.85,9.94,23.26,17.55,23.57,26.66,32.33,24.77,19.28,24.5,30.81,22.13,25.23,17.33,22.65,32.33,24.36,24.6,31.38,30.19,46.68,4.16,11.97,4.15,4.27,8.07,2.69,5.33,2.89,2.7,8.04,2.76,14.81,2.51,9.61,8.38,6.61,11.41,3.53,0.96,4.32,8.47,5.79,5.21,6.2,5.81,0.0,1.52,4.39,5.66,7.02,8.98,10.35,7.01,2.15,15.27,17.59,29.52,23.32,24.18,20.09,13.31,26.59,17.04,36.07,15.09,28.73,16.04,21.07,35.85,38.24,16.43,34.05,14.48,17.79,34.37,27.11,22.4,13.42,7.9,15.28,12.7,14.63,15.71,15.08,18.04,19.78,21.16,27.49,14.24,14.9,28.46,23.38,11.37,25.56,29.66,12.87,24.63,26.56,18.91,22.36,17.03,28.08,22.96,12.52,17.34,23.49,20.39,14.0,12.27,27.72,23.61,22.13,15.1,13.09,14.47,17.57,17.2,15.76,17.68,17.38,16.73,16.59,16.2,16.81,15.07,7.68,14.42,12.39,18.87,9.15,15.34,16.36,11.28,20.31,28.04,18.06,27.6,17.48,18.23,22.14,18.99,16.56,25.67,22.75,21.35,28.89,22.57,29.74,30.16,27.46,29.43,19.12,19.34,21.2,31.62,29.03,23.03,21.41,34.03,37.17,34.73,29.89,27.56,20.89,28.42,29.01,22.68,35.68,26.69,26.56,34.31,22.29,34.75,19.9,20.44,19.66,28.09,27.34,26.25,25.2,39.86,49.67,47.73,45.91,31.44,42.53,31.98,32.58,34.02,38.24,34.88,34.34,38.74,39.05,35.47,33.99,36.4,41.23,42.51,37.45,38.45,37.51,37.45,50.11,44.79,38.71,42.16,43.55,37.52,44.71,47.12,48.48,48.88,35.72,63.43,50.8,35.11,35.73,38.67,64.45,44.56,50.29,55.31,52.29
40.1,7.12,19.44,15.75,15.87,14.67,19.45,64.8,3.5,21.37,33.2,5.83,19.41,40.5,6.89,15.11,32.07,13.14,20.46,2.67,13.77,27.44,19.64,18.03,27.28,5.66,25.95,19.59,34.82,21.61,10.47,4.21,4.19,19.3,21.23,12.05,39.14,40.85,5.95,12.64,12.82,13.04,19.45,26.34,11.28,9.8,14.92,8.79,21.17,16.44,11.73,18.54,9.24,10.64,26.46,8.03,11.01,25.08,20.35,14.03,18.52,27.26,26.76,17.47,9.49,9.66,12.34,8.86,25.94,10.94,9.36,17.84,12.63,14.61,12.02,12.33,16.04,15.81,26.98,9.77,16.12,12.73,11.8,13.27,14.37,14.08,13.82,9.31,15.82,13.03,14.7,15.21,9.19,14.01,15.03,11.11,10.51,11.14,10.62,13.18,13.62,10.57,11.64,8.59,15.37,10.66,11.69,10.58,12.61,10.87,11.73,9.01,22.71,16.62,23.01,26.11,31.77,24.22,18.72,25.7,32.02,23.33,24.67,16.4,22.09,33.54,23.81,25.8,32.59,29.64,46.12,4.8,11.41,3.22,4.91,7.52,3.33,4.77,3.53,3.33,8.68,1.83,14.26,1.58,9.06,7.83,6.05,12.04,2.6,1.59,3.39,7.91,4.86,4.28,6.84,5.26,1.52,0.0,3.46,4.73,6.47,9.61,9.79,6.45,1.22,14.34,16.66,28.96,22.76,23.63,19.53,13.94,26.03,16.48,35.52,15.73,28.18,16.68,20.52,35.29,37.68,17.07,33.49,15.12,22.71,33.82,26.56,21.84,12.49,6.97,14.35,11.77,13.7,15.15,14.52,17.49,19.22,20.61,26.94,13.69,14.34,27.91,22.82,10.82,25.01,29.1,12.31,24.08,26.0,18.35,21.8,16.48,27.53,22.4,11.97,16.78,22.94,19.83,13.44,11.71,27.16,23.05,21.57,14.17,12.16,13.54,16.64,16.27,14.83,16.75,16.45,15.8,15.66,15.27,15.88,14.14,6.75,13.49,11.46,17.94,8.22,14.41,15.43,10.35,19.38,27.49,17.51,27.04,16.93,17.68,21.58,18.44,16.01,25.11,22.2,20.79,28.33,22.02,29.18,29.61,26.91,28.88,18.56,18.78,20.65,31.07,28.47,22.47,20.48,33.1,36.24,33.8,28.96,26.63,19.96,27.49,28.08,21.76,34.75,25.76,25.63,33.38,21.36,33.82,18.97,21.59,18.32,27.16,26.41,25.32,24.27,39.3,49.11,47.17,45.35,30.89,43.68,31.42,32.02,33.46,37.68,34.33,33.79,39.89,38.49,34.92,33.44,35.84,40.67,43.67,38.6,39.6,36.96,36.9,51.27,44.24,38.15,41.6,44.71,36.96,45.86,46.57,54.12,48.32,35.16,64.58,51.91,36.26,36.88,39.77,65.61,45.67,49.73,54.76,51.74
41.87,10.82,21.21,19.21,14.22,13.02,17.8,63.15,8.12,19.72,31.55,9.28,26.25,42.28,13.73,16.89,30.42,11.49,27.3,6.13,12.12,29.21,17.99,24.87,25.63,12.5,32.79,21.36,33.17,23.39,12.24,7.67,7.65,21.07,23.0,10.4,40.91,39.2,8.24,10.99,11.44,11.39,17.8,28.11,9.63,11.57,13.27,11.83,19.52,18.21,10.09,16.89,7.59,9.26,24.81,6.38,9.36,23.43,18.7,12.38,16.87,34.1,25.11,19.24,7.85,11.43,10.7,11.9,32.78,9.29,7.98,16.19,10.98,12.96,10.37,10.68,14.39,17.59,25.33,8.13,14.47,11.34,10.15,11.89,12.99,12.43,12.18,7.66,14.17,11.64,13.32,13.56,10.96,12.63,13.38,9.46,7.81,9.49,8.98,11.53,11.97,8.92,10.25,6.94,17.15,9.28,10.04,8.93,11.23,9.49,10.08,7.36,21.33,14.97,21.63,27.88,33.54,22.83,17.34,24.05,30.37,21.68,26.44,14.75,20.71,31.89,22.43,24.16,30.94,31.41,47.9,8.25,9.82,5.51,8.36,14.35,8.87,7.06,6.77,6.79,12.14,4.12,21.1,3.31,15.9,14.67,12.89,15.5,4.89,5.05,0.99,14.75,3.21,2.63,10.29,7.55,4.39,3.46,0.0,1.28,8.76,13.07,16.73,8.74,2.96,12.69,15.01,35.89,29.69,30.56,26.46,17.4,28.41,23.41,42.45,19.18,35.11,20.14,27.45,42.23,44.62,20.52,40.42,18.58,29.64,40.75,28.93,28.77,10.84,5.32,12.7,10.12,12.05,16.85,16.22,20.06,21.79,23.18,29.51,15.38,16.04,30.48,25.39,13.39,27.58,31.67,14.01,26.65,28.57,20.92,24.37,19.05,30.1,24.97,14.53,19.35,25.51,22.4,16.01,14.28,29.73,25.62,24.89,12.52,10.51,11.89,14.99,14.62,13.19,15.1,14.8,14.15,14.01,13.62,14.23,12.49,5.1,11.84,9.81,16.29,6.57,12.76,13.78,8.71,17.73,29.18,19.2,28.74,18.62,19.37,23.28,20.13,17.7,26.81,23.89,22.48,30.03,23.71,30.88,31.3,28.6,30.57,20.26,20.48,22.34,32.76,30.17,24.17,18.83,31.45,34.59,32.15,27.31,24.98,18.31,25.84,26.43,20.11,33.1,24.11,23.98,31.73,19.72,32.18,17.32,19.94,16.68,25.51,24.77,23.67,22.63,41.0,50.8,48.87,47.05,32.58,42.04,33.12,33.72,35.16,39.38,36.02,35.48,38.24,40.18,36.61,35.13,37.54,42.37,42.02,36.95,37.95,38.65,38.59,49.62,45.93,39.85,43.3,43.06,38.66,44.21,48.26,52.47,50.02,36.86,62.93,50.26,34.61,35.23,38.12,63.96,44.02,51.43,56.45,53.43
43.15,12.1,22.49,20.48,15.5,14.3,19.07,64.43,9.4,20.99,32.83,10.56,27.52,43.55,15.01,18.16,31.7,12.77,28.58,7.41,13.39,30.49,19.27,26.14,26.91,13.78,34.07,22.64,34.45,24.66,13.52,8.95,8.92,22.35,24.28,11.68,42.19,40.47,9.51,12.27,12.71,12.66,19.08,29.39,10.91,12.85,14.54,13.11,20.8,19.49,11.36,18.17,8.87,10.54,26.09,7.66,10.64,24.71,19.98,13.66,18.15,35.38,26.39,20.52,9.12,12.71,11.97,13.18,34.05,10.57,9.26,17.46,12.26,14.24,11.65,11.96,15.66,18.86,26.61,9.4,15.75,12.62,11.42,13.17,14.26,13.71,13.45,8.94,15.45,12.92,14.6,14.84,12.24,13.91,14.66,10.74,9.09,10.77,10.25,12.8,13.24,10.2,11.53,8.22,18.42,10.55,11.32,10.21,12.51,10.77,11.36,8.64,22.6,16.25,22.91,29.16,34.82,24.11,18.62,25.33,31.65,22.96,27.72,16.03,21.99,33.17,23.7,25.43,32.22,32.69,49.17,9.53,11.1,6.79,9.64,15.63,10.15,8.34,8.04,8.07,13.41,5.4,22.38,4.59,17.18,15.94,14.17,16.78,6.17,6.33,2.27,16.03,4.49,3.91,11.57,8.83,5.66,4.73,1.28,0.0,10.04,14.35,18.0,10.02,4.24,13.97,16.29,37.17,30.97,31.84,27.74,18.68,29.68,24.69,43.73,20.46,36.39,21.41,28.72,43.5,45.89,21.8,41.7,19.85,30.92,42.03,30.21,30.05,12.12,6.6,13.98,11.39,13.33,18.12,17.49,21.33,23.07,24.45,30.78,16.66,17.31,31.76,26.67,14.66,28.85,32.95,15.28,27.93,29.85,22.2,25.65,20.32,31.37,26.25,15.81,20.63,26.78,23.68,17.29,15.56,31.01,26.9,26.16,13.8,11.79,13.17,16.27,15.89,14.46,16.38,16.08,15.43,15.29,14.89,15.51,13.77,6.38,13.12,11.09,17.57,7.84,14.04,15.05,9.98,19.01,30.46,20.48,30.01,19.9,20.65,24.55,21.41,18.98,28.08,25.17,23.76,31.3,24.99,32.15,32.58,29.88,31.85,21.53,21.75,23.62,34.04,31.45,25.44,20.11,32.73,35.87,33.43,28.59,26.25,19.59,27.12,27.71,21.38,34.38,25.39,25.26,33.01,20.99,33.45,18.6,21.22,17.95,26.79,26.04,24.95,23.9,42.28,52.08,50.14,48.32,33.86,43.31,34.4,34.99,36.43,40.65,37.3,36.76,39.52,41.46,37.89,36.41,38.81,43.65,43.29,38.23,39.23,39.93,39.87,50.9,47.21,41.13,44.57,44.34,39.93,45.49,49.54,53.75,51.29,38.13,64.21,51.54,35.89,36.51,39.4,65.24,45.3,52.7,57.73,54.71
39.1,6.03,18.44,20.53,25.17,24.61,21.32,61.95,5.48,18.52,30.35,9.81,14.5,39.51,4.51,14.11,29.23,15.01,15.55,6.66,21.76,26.44,21.51,13.12,29.15,3.27,21.04,18.59,31.98,20.62,9.47,8.2,8.17,18.3,20.23,21.99,38.14,38.07,4.95,14.52,11.73,22.98,16.6,25.34,13.15,8.8,16.79,7.8,18.32,15.44,21.68,20.41,11.11,9.56,28.33,8.52,12.88,26.96,17.5,15.9,20.4,22.35,28.63,16.47,19.44,8.66,14.22,7.86,21.03,20.88,8.28,14.99,22.57,16.48,21.97,14.21,13.7,14.82,28.85,11.65,15.48,11.64,13.67,12.19,13.28,24.02,22.8,9.8,14.07,11.94,13.61,17.08,8.19,12.93,16.9,12.98,9.43,13.02,12.5,15.05,15.49,12.44,10.55,10.46,14.38,9.57,12.42,12.45,11.53,9.78,11.21,10.88,21.62,18.49,21.92,25.11,30.77,23.13,17.63,22.85,29.17,20.49,23.67,18.27,21.0,30.69,22.72,22.96,29.74,28.64,45.12,8.78,10.33,3.25,8.89,5.14,6.23,3.4,4.13,7.32,12.66,5.36,9.35,6.88,4.15,5.45,3.68,16.03,4.32,6.07,8.69,5.53,14.8,10.77,10.82,1.21,7.02,6.47,8.76,10.04,0.0,13.6,2.63,1.43,6.53,22.53,20.81,23.98,17.78,18.65,14.55,17.93,21.05,11.5,30.54,19.69,23.2,21.41,15.54,30.32,32.7,21.79,28.51,19.1,17.73,28.84,21.58,16.86,22.35,8.97,16.35,13.76,15.7,17.26,16.63,16.57,18.3,19.69,26.02,15.8,16.45,26.99,21.9,9.9,24.09,28.18,14.42,23.16,25.09,17.43,20.88,15.56,26.61,21.48,11.05,15.86,22.02,18.92,12.52,10.8,26.24,22.13,16.6,16.17,14.16,15.54,18.64,26.12,24.69,26.6,18.45,17.8,17.66,17.26,17.88,16.14,16.6,15.49,21.32,19.94,18.07,24.26,17.43,20.21,21.38,29.59,19.62,29.15,19.04,19.79,23.69,20.54,18.12,27.22,24.31,22.9,30.44,24.13,31.29,31.72,29.02,30.99,20.67,20.89,22.76,33.18,30.58,24.58,22.48,35.1,38.24,35.8,30.96,28.63,21.96,29.49,30.08,23.75,36.75,27.76,27.63,35.38,23.36,35.82,20.97,18.95,18.16,29.16,28.41,27.32,26.27,41.41,51.22,49.28,47.46,32.99,41.04,33.53,34.13,35.57,39.79,36.44,35.89,37.24,40.6,37.02,35.55,37.95,42.78,41.02,35.96,36.95,39.07,39.01,48.62,46.35,40.26,43.71,42.06,39.07,43.21,48.67,51.48,50.43,37.27,61.94,49.31,33.62,34.24,37.17,62.96,43.07,51.84,56.86,53.85
47.23,14.25,26.57,7.54,25.48,24.28,29.53,70.17,9.43,26.73,38.57,4.02,13.56,47.63,14.02,22.24,37.44,23.22,12.61,7.19,23.38,34.57,29.73,17.07,37.37,12.79,20.86,26.72,40.19,28.74,17.6,6.56,6.2,26.43,28.36,21.67,46.27,46.28,13.07,22.73,19.95,22.65,24.82,33.46,21.37,16.93,25.0,15.92,26.54,23.56,21.35,28.63,19.33,17.77,36.55,16.74,21.1,35.17,25.72,24.12,28.61,22.17,36.85,24.59,19.11,16.79,22.43,15.99,20.85,20.55,16.49,23.2,22.24,24.7,21.64,22.42,21.92,22.94,37.06,19.86,23.7,19.85,21.88,20.4,21.5,23.69,23.44,18.02,22.29,20.15,21.83,25.29,16.32,21.14,25.12,21.2,17.64,21.23,20.71,23.26,23.7,20.66,18.76,18.67,22.5,17.79,20.63,20.66,19.74,18.0,19.42,19.1,29.84,26.71,30.14,33.24,38.9,31.34,25.85,31.07,37.39,28.7,31.8,26.48,29.22,38.91,30.94,31.17,37.96,36.76,53.25,5.13,18.54,10.72,6.72,14.64,8.39,11.9,9.47,7.4,0.93,12.83,22.31,11.2,16.19,14.96,13.18,3.84,11.79,8.02,13.0,15.04,14.47,18.98,3.38,12.39,8.98,9.61,13.07,14.35,13.6,0.0,16.92,13.58,10.84,23.95,28.88,23.87,17.24,18.11,15.12,5.73,29.87,17.27,30.43,7.52,23.08,8.47,14.99,30.2,32.59,8.86,28.4,6.91,10.22,28.73,30.93,13.98,22.11,17.03,24.41,21.83,23.76,22.28,21.65,24.61,26.35,27.74,37.12,20.82,21.47,38.09,29.95,17.95,32.14,39.28,19.44,31.21,36.19,25.48,28.93,23.61,37.71,29.53,19.09,23.91,30.07,26.96,20.57,18.84,34.29,30.18,22.37,24.23,22.23,23.6,26.7,25.88,24.45,26.36,26.51,25.86,25.72,25.33,25.94,24.21,16.36,23.55,21.08,28.01,17.83,24.03,25.49,19.97,29.44,34.61,24.64,34.17,24.06,24.8,28.71,25.56,23.14,32.24,29.33,27.92,35.46,29.15,36.31,36.74,34.04,36.01,25.69,25.91,27.78,38.2,35.6,29.6,30.54,43.17,46.31,43.86,39.02,36.69,30.02,37.56,38.15,31.82,44.82,35.82,35.7,43.44,31.43,43.89,29.04,27.01,26.23,37.23,36.48,35.39,34.34,46.43,56.24,54.3,52.48,38.01,49.1,38.55,39.15,40.59,44.81,41.46,40.91,45.31,45.62,42.04,40.57,42.97,47.8,49.09,44.02,45.02,44.09,44.03,56.69,51.37,45.28,48.73,50.13,44.09,51.28,53.69,55.06,55.45,42.29,70.0,57.38,41.68,42.3,45.24,71.03,51.14,56.86,61.88,58.87
42.43,9.36,21.76,17.9,28.5,27.94,24.64,65.28,8.8,21.84,33.68,13.13,11.87,42.83,4.29,17.44,32.55,18.33,12.92,9.98,25.08,29.77,24.84,10.49,32.48,5.5,18.42,17.71,35.3,18.46,12.79,11.52,11.5,21.62,23.56,25.32,41.47,41.4,8.27,17.84,15.06,26.3,19.93,28.66,16.48,12.12,20.11,11.12,21.65,18.76,25.0,23.74,14.44,12.88,31.66,11.85,16.21,30.28,20.83,19.23,23.72,19.72,31.96,19.79,22.76,11.99,17.54,11.19,18.4,24.21,11.6,18.31,25.9,19.81,25.29,17.53,17.03,18.14,32.17,14.97,18.81,14.96,16.99,15.51,16.61,27.34,26.13,13.13,17.4,15.26,16.94,20.4,11.51,16.25,20.23,16.31,12.75,16.34,15.82,18.37,18.81,15.77,13.87,13.78,17.7,12.9,15.74,15.77,14.85,13.11,14.54,14.21,24.95,21.82,25.25,28.44,34.1,26.45,20.96,26.18,32.5,23.81,27.0,21.59,24.33,34.02,26.05,26.28,33.07,31.96,48.45,12.1,13.65,6.57,12.21,4.4,9.56,6.99,7.45,10.64,15.99,8.68,6.72,10.21,1.52,3.18,4.63,21.57,7.64,9.39,16.65,3.25,18.13,14.09,14.14,6.19,10.35,9.79,16.73,18.0,2.63,16.92,0.0,4.06,9.8,25.79,24.08,21.36,15.16,16.02,11.92,19.77,18.43,8.87,27.91,17.06,20.57,18.78,12.91,27.69,30.08,19.17,25.89,20.95,15.1,26.21,18.95,14.24,25.61,12.23,19.61,17.03,18.96,20.53,19.9,19.83,21.57,22.96,24.34,19.06,19.72,25.31,20.22,13.17,22.4,26.5,17.69,21.48,23.4,20.7,19.2,18.83,24.92,21.64,14.31,19.13,20.34,17.23,15.79,14.06,24.56,20.45,13.97,19.43,17.43,18.81,21.9,29.38,27.95,29.87,21.71,21.07,20.92,20.53,21.14,19.41,19.87,18.75,24.58,23.21,21.34,27.53,20.69,23.47,24.64,32.86,22.88,32.42,22.3,23.05,26.96,23.81,21.38,30.49,27.57,26.17,33.71,27.39,34.56,34.98,32.28,34.25,23.94,24.16,26.02,36.44,33.85,27.85,25.74,38.37,41.51,39.06,34.23,31.89,25.22,32.76,33.35,27.02,40.02,31.02,30.9,38.65,26.63,39.09,24.24,22.21,21.43,32.43,31.68,30.59,29.54,44.68,54.49,52.55,50.73,36.26,44.3,36.8,37.4,38.84,43.06,39.7,39.16,40.51,43.87,40.29,38.81,41.22,46.05,44.29,39.22,40.22,42.33,42.27,51.89,49.61,43.53,46.98,45.33,42.34,46.48,51.94,54.74,53.7,40.54,65.2,52.58,36.88,37.5,40.44,66.23,46.34,55.11,60.13,57.11
39.09,6.02,18.42,23.05,25.16,24.59,21.3,61.94,5.46,18.5,30.33,9.79,17.01,39.49,4.5,14.1,29.21,14.99,18.07,6.64,21.74,26.42,21.5,15.63,29.14,3.25,23.56,18.57,31.96,20.6,9.45,8.18,8.15,18.28,20.22,21.98,38.12,38.05,4.93,14.5,11.72,22.96,16.58,25.32,13.14,8.78,16.77,7.78,18.3,15.42,21.66,20.4,11.1,9.54,28.32,8.5,12.86,26.94,17.48,15.89,20.38,24.87,28.62,16.45,19.42,8.64,14.2,7.85,23.54,20.86,8.26,14.97,22.56,16.47,21.95,14.19,13.69,14.8,28.83,11.63,15.47,11.62,13.65,12.17,13.26,24.0,22.79,9.79,14.05,11.92,13.6,17.06,8.17,12.91,16.89,12.97,9.41,13.0,12.48,15.03,15.47,12.42,10.53,10.44,14.36,9.56,12.4,12.43,11.51,9.77,11.19,10.86,21.61,18.47,21.91,25.09,30.75,23.11,17.62,22.84,29.15,20.47,23.65,18.25,20.99,30.68,22.7,22.94,29.72,28.62,45.11,8.76,10.31,3.23,8.87,5.12,6.22,3.38,4.11,7.3,12.65,5.34,11.86,6.86,6.66,5.43,3.66,16.01,4.3,6.05,8.67,5.52,14.78,10.75,10.8,1.19,7.01,6.45,8.74,10.02,1.43,13.58,4.06,0.0,6.51,22.51,20.79,26.55,20.35,21.22,17.12,17.91,23.62,14.07,33.11,22.25,25.76,23.97,18.1,32.88,35.27,24.36,31.08,19.09,20.29,31.41,24.15,19.43,22.33,8.95,16.33,13.75,15.68,17.24,16.61,16.55,18.28,19.67,26.0,15.78,16.43,26.97,21.89,9.88,24.07,28.17,14.4,23.14,25.07,17.41,20.86,15.54,26.59,21.46,11.03,15.84,22.0,18.9,12.51,10.78,26.22,22.12,19.16,16.15,14.14,15.52,18.62,26.1,24.67,26.59,18.43,17.78,17.64,17.25,17.86,16.12,16.58,15.47,21.3,19.92,18.05,24.25,17.41,20.19,21.36,29.58,19.6,29.13,19.02,19.77,23.67,20.53,18.1,27.2,24.29,22.88,30.42,24.11,31.27,31.7,29.0,30.97,20.65,20.87,22.74,33.16,30.56,24.56,22.46,35.08,38.22,35.78,30.94,28.61,21.94,29.48,30.06,23.74,36.73,27.74,27.62,35.36,23.35,35.81,20.95,18.93,18.15,29.14,28.4,27.3,26.26,41.39,51.2,49.26,47.44,32.98,41.02,33.52,34.11,35.55,39.77,36.42,35.88,37.22,40.58,37.01,35.53,37.93,42.76,41.0,35.94,36.94,39.05,38.99,48.6,46.33,40.24,43.69,42.04,39.05,43.2,48.66,51.46,50.41,37.25,61.92,49.29,33.6,34.22,37.16,62.94,43.05,51.82,56.85,53.83
40.16,7.18,19.5,16.97,15.37,14.17,18.95,64.3,5.89,20.87,32.7,7.05,19.46,40.56,6.95,15.17,31.57,12.64,20.52,3.9,13.27,27.5,19.14,18.08,26.78,5.72,26.01,19.65,34.32,21.67,10.52,5.44,5.41,19.36,21.29,11.55,39.2,40.35,6.0,12.14,12.59,12.54,18.95,26.39,10.78,9.86,14.42,8.85,20.67,16.49,11.24,18.04,8.74,10.41,25.96,7.53,10.51,24.58,19.85,13.53,18.02,27.32,26.26,17.52,9.0,9.72,11.84,8.92,26.0,10.44,9.13,17.34,12.13,14.11,11.52,11.83,15.54,15.87,26.48,9.28,15.62,12.49,11.3,13.04,14.14,13.58,13.33,8.81,15.32,12.79,14.47,14.71,9.25,13.78,14.53,10.61,8.96,10.64,10.12,12.68,13.12,10.07,11.4,8.09,15.43,10.43,11.19,10.08,12.38,10.64,11.23,8.51,22.48,16.12,22.78,26.17,31.83,23.98,18.49,25.2,31.52,22.83,24.73,15.9,21.86,33.04,23.58,25.3,32.09,29.69,46.18,6.02,10.97,3.28,6.13,7.57,6.64,4.83,4.54,4.56,9.9,1.89,14.32,1.08,9.12,7.88,6.11,13.27,2.66,2.82,2.89,7.97,4.36,3.78,8.06,5.32,2.15,1.22,2.96,4.24,6.53,10.84,9.8,6.51,0.0,13.84,16.16,29.02,22.82,23.69,19.59,15.17,26.09,16.54,35.58,16.95,28.23,17.9,20.57,35.35,37.74,18.29,33.55,16.34,22.76,33.88,26.62,21.9,11.99,6.47,13.85,11.27,13.2,15.21,14.58,17.54,19.28,20.67,27.0,13.75,14.4,27.97,22.88,10.88,25.06,29.16,12.37,24.14,26.06,18.41,21.86,16.54,27.58,22.46,12.02,16.84,23.0,19.89,13.5,11.77,27.22,23.11,21.63,13.67,11.66,13.04,16.14,15.77,14.34,16.25,15.95,15.3,15.16,14.77,15.38,13.64,6.25,12.99,10.96,17.44,7.72,13.91,14.93,9.86,18.88,27.54,17.57,27.1,16.99,17.73,21.64,18.49,16.06,25.17,22.25,20.85,28.39,22.08,29.24,29.67,26.97,28.94,18.62,18.84,20.7,31.13,28.53,22.53,19.98,32.6,35.74,33.3,28.46,26.13,19.46,26.99,27.58,21.26,34.25,25.26,25.13,32.88,20.86,33.33,18.47,21.09,17.83,26.66,25.92,24.82,23.78,39.36,49.17,47.23,45.41,30.94,43.19,31.48,32.08,33.52,37.74,34.39,33.84,39.39,38.55,34.97,33.5,35.9,40.73,43.17,38.1,39.1,37.02,36.96,50.77,44.3,38.21,41.66,44.21,37.02,45.36,46.62,53.62,48.38,35.22,64.08,51.41,35.76,36.38,39.27,65.11,45.17,49.79,54.81,51.8
49.62,20.04,30.43,30.09,5.3,10.99,20.16,69.25,22.48,25.82,37.65,20.16,35.46,50.03,22.95,26.1,36.53,13.86,36.52,17.01,1.19,38.43,20.36,34.08,31.74,21.72,42.01,30.58,39.28,32.6,21.46,18.55,18.53,30.29,32.22,8.37,48.06,45.3,20.67,17.1,17.44,4.01,23.9,35.25,15.73,20.79,15.63,21.05,25.62,27.43,2.87,19.26,12.55,18.48,30.91,15.6,12.33,29.54,24.8,18.48,19.24,43.32,31.21,21.88,5.46,20.65,16.8,21.12,41.99,6.35,17.2,22.29,2.26,19.06,3.33,16.79,20.49,21.25,31.43,12.95,20.57,17.87,12.51,17.61,20.63,3.92,2.93,16.88,20.28,19.29,19.84,19.66,20.18,19.15,19.48,12.15,17.03,15.6,13.24,17.63,18.07,14.28,19.47,12.13,26.36,18.5,15.41,15.03,16.37,18.71,15.44,13.24,32.08,21.07,32.38,35.03,40.69,33.58,28.09,30.15,36.47,27.79,35.56,20.85,31.46,37.99,33.18,30.26,37.04,38.55,57.11,19.13,19.04,16.39,19.24,23.57,23.23,20.47,21.13,17.67,23.02,15.0,30.32,14.19,25.12,23.88,22.11,26.38,15.77,15.93,12.62,23.97,9.98,13.51,21.17,21.32,15.27,14.34,12.69,13.97,22.53,23.95,25.79,22.51,13.84,0.0,4.78,44.82,38.62,39.49,35.39,28.28,37.34,32.34,51.38,40.53,44.04,42.25,36.38,51.16,53.55,42.63,49.36,29.46,38.57,49.68,37.86,37.7,8.82,13.9,15.19,10.44,14.54,25.78,25.15,28.99,30.72,32.11,38.44,24.31,24.97,39.41,34.32,22.32,36.51,40.6,22.94,35.58,37.5,29.85,33.3,27.98,39.03,33.9,23.46,28.28,34.44,31.33,24.94,23.21,38.66,34.55,33.82,15.0,8.86,9.24,5.36,12.59,11.16,13.07,8.06,7.41,7.27,16.1,5.52,8.17,9.06,8.52,4.53,6.18,7.73,10.74,16.26,8.15,20.22,38.11,28.13,37.67,27.55,28.3,32.21,29.06,26.63,35.74,32.82,31.42,38.96,32.64,39.81,40.23,37.53,39.5,29.19,29.41,31.27,41.69,39.1,33.1,21.31,37.63,40.77,38.33,33.49,31.16,24.49,23.47,32.61,22.59,39.28,30.29,30.17,37.91,21.45,38.36,23.5,26.12,22.86,31.7,30.95,29.85,28.81,48.71,58.52,56.58,54.76,39.72,48.22,40.26,40.85,42.3,46.51,43.16,42.62,44.42,47.32,44.32,42.27,44.67,49.51,48.2,43.13,44.13,45.79,46.31,55.8,53.07,47.56,50.44,49.24,45.79,50.39,55.97,58.66,57.73,43.99,69.11,56.44,40.79,41.41,44.3,70.14,50.2,59.14,64.17,61.15
47.91,18.32,28.71,39.78,7.62,13.31,18.45,67.54,20.76,24.1,35.93,25.09,33.75,48.31,21.23,24.39,34.81,12.14,34.8,21.94,4.21,36.71,18.64,32.37,30.02,20.0,40.3,28.86,37.56,30.89,19.74,23.48,23.45,28.57,30.51,10.7,46.34,43.58,18.95,15.38,15.72,6.34,22.18,33.54,14.02,19.07,13.92,19.33,23.9,25.71,5.2,17.54,10.84,16.76,29.2,13.88,10.62,27.82,23.08,16.77,17.53,41.6,29.5,20.17,7.78,18.93,15.08,19.4,40.28,8.67,15.48,20.57,4.58,17.35,5.65,15.07,18.77,19.53,29.71,11.23,18.85,16.15,10.8,15.9,18.92,6.24,5.25,15.17,18.56,17.58,18.12,17.94,18.46,17.44,17.77,10.44,15.32,13.88,11.52,15.91,16.35,12.57,17.75,10.42,24.65,16.78,13.69,13.31,14.65,16.99,13.73,11.52,30.36,19.35,30.66,33.31,38.97,31.87,26.37,28.44,34.76,26.07,33.85,19.13,29.74,36.28,31.46,28.54,35.33,36.84,55.4,24.06,17.32,18.53,24.17,21.86,21.51,18.76,19.41,22.6,27.94,17.33,28.6,16.52,23.4,22.17,20.4,31.31,19.6,21.35,14.94,22.25,12.31,14.53,26.1,19.6,17.59,16.66,15.01,16.29,20.81,28.88,24.08,20.79,16.16,4.78,0.0,43.14,36.94,37.81,33.71,33.19,35.66,30.66,49.7,38.85,42.36,40.57,34.7,49.48,51.86,40.95,47.67,34.37,36.89,48.0,36.18,36.02,11.11,12.22,13.5,8.76,12.85,24.1,23.46,27.3,29.04,30.43,36.76,22.63,23.29,37.73,32.64,20.64,34.83,38.92,21.26,33.9,35.82,28.17,31.62,26.3,37.35,32.22,21.78,26.6,32.76,29.65,23.26,21.53,36.98,32.87,32.14,13.32,7.18,7.56,2.33,14.88,13.45,15.37,4.58,3.93,3.79,14.42,2.49,6.49,11.36,6.84,6.83,4.5,10.03,13.03,14.58,10.45,18.53,36.43,26.45,35.99,25.87,26.62,30.52,27.38,24.95,34.05,31.14,29.73,37.28,30.96,38.13,38.55,35.85,37.82,27.51,27.73,29.59,40.01,37.42,31.42,19.63,35.95,39.09,36.65,31.81,29.48,22.81,21.79,30.93,20.91,37.6,28.61,28.48,36.23,19.77,36.68,21.82,24.44,21.18,30.01,29.27,28.17,27.13,47.03,56.84,54.9,53.08,38.04,46.54,38.58,39.17,40.62,44.83,41.48,40.94,42.74,45.64,42.64,40.59,42.99,47.83,46.52,41.45,42.45,44.11,44.63,54.12,51.39,45.88,48.76,47.56,44.11,48.71,54.29,56.97,56.05,42.31,67.43,54.76,39.11,39.73,42.62,68.46,48.52,57.46,62.48,59.47
61.6,28.53,40.93,17.53,47.67,47.1,43.81,84.45,27.97,41.01,52.84,26.48,11.49,62.0,23.46,36.61,51.72,37.5,12.55,29.15,44.25,32.7,44.01,14.24,51.65,24.67,4.69,22.29,54.47,23.04,31.96,30.69,30.66,40.79,42.73,44.49,60.64,60.56,27.44,37.01,34.23,45.47,39.09,47.83,35.65,31.29,39.28,30.29,40.81,37.93,44.17,42.91,33.61,32.05,50.83,31.02,35.37,49.45,39.99,38.4,42.89,4.26,51.13,38.96,41.93,31.15,36.71,30.36,5.06,43.37,30.77,37.48,45.07,38.98,44.46,36.7,36.2,37.31,51.34,34.14,37.98,34.13,36.16,34.68,35.77,46.51,45.3,32.3,36.57,34.43,36.11,39.57,30.68,35.42,39.4,35.48,31.92,35.51,34.99,37.54,37.98,34.93,33.04,32.95,36.87,32.07,34.91,34.94,34.02,32.28,33.7,33.37,44.12,40.98,44.42,47.6,53.27,45.62,40.13,45.35,51.66,42.98,46.17,40.76,43.5,53.19,45.21,45.45,52.23,51.13,55.51,27.6,32.82,25.74,31.38,23.57,28.73,26.16,26.62,29.81,23.4,27.85,19.47,29.38,20.69,22.35,23.8,21.19,26.81,28.56,35.82,22.42,37.3,33.26,25.84,25.36,29.52,28.96,35.89,37.17,23.98,23.87,21.36,26.55,29.02,44.82,43.14,0.0,7.85,9.05,11.95,19.1,14.79,14.1,15.35,16.39,1.44,18.11,11.56,15.12,12.2,18.5,6.75,20.28,14.43,7.08,15.85,13.57,44.49,31.11,38.49,35.91,37.84,39.4,38.77,25.16,25.45,26.84,22.04,37.94,38.59,23.01,24.56,32.04,21.64,24.2,36.56,24.77,21.11,24.58,23.54,24.82,22.63,25.98,33.19,23.85,23.71,21.57,27.57,32.94,23.5,25.42,19.2,38.31,36.3,37.68,40.78,48.26,46.83,48.75,40.59,39.94,39.8,39.41,40.02,38.28,38.74,37.63,43.46,42.08,40.21,46.41,39.57,42.35,43.52,51.74,41.76,51.29,41.18,41.93,45.83,42.69,40.26,38.89,46.45,45.04,52.58,46.27,33.24,53.86,51.16,53.13,42.81,43.03,44.9,33.66,32.56,37.26,44.62,57.24,60.38,57.94,53.1,50.77,44.1,51.64,52.22,45.9,58.89,49.9,49.78,57.52,45.51,57.97,43.11,41.09,40.31,51.31,50.56,49.46,48.42,63.56,73.36,71.42,69.6,55.14,63.18,55.68,56.27,57.71,61.93,58.58,58.04,59.39,62.74,59.17,57.69,60.09,64.92,63.16,58.1,59.1,61.21,61.15,70.76,68.49,62.4,65.85,64.2,61.21,65.36,70.82,73.62,72.57,59.41,84.08,71.45,55.76,56.38,59.32,85.1,65.21,73.98,79.01,75.99
55.4,22.33,34.73,10.9,41.47,40.9,37.61,78.25,21.77,34.81,46.64,19.85,4.41,55.8,17.26,30.41,45.52,31.3,5.92,22.95,38.05,31.77,37.81,8.04,45.45,18.47,5.19,16.98,48.27,17.73,25.76,24.49,24.47,34.59,36.53,38.29,54.44,54.36,21.24,30.81,28.03,39.27,32.9,41.63,29.45,25.09,33.08,24.09,34.61,31.73,37.97,36.71,27.41,25.85,44.63,24.82,29.17,43.25,33.79,32.2,36.69,6.49,44.93,32.76,35.73,24.95,30.51,24.16,4.76,37.17,24.57,31.28,38.87,32.78,38.26,30.5,30.0,31.11,45.14,27.94,31.78,27.93,29.96,28.48,29.58,40.31,39.1,26.1,30.37,28.23,29.91,33.37,24.48,29.22,33.2,29.28,25.72,29.31,28.79,31.34,31.78,28.73,26.84,26.75,30.67,25.87,28.71,28.74,27.82,26.08,27.5,27.17,37.92,34.78,38.22,41.41,47.07,39.42,33.93,39.15,45.47,36.78,39.97,34.56,37.3,46.99,39.02,39.25,46.04,44.93,61.42,20.97,26.62,19.54,25.18,17.37,22.53,19.96,20.42,23.61,16.77,21.65,13.27,23.18,14.49,16.15,17.6,14.57,20.61,22.36,29.62,16.22,31.1,27.06,19.21,19.16,23.32,22.76,29.69,30.97,17.78,17.24,15.16,20.35,22.82,38.62,36.94,7.85,0.0,1.53,6.09,12.82,14.2,8.24,14.76,10.11,7.42,11.83,2.96,14.53,15.51,12.22,12.73,14.0,8.15,13.06,15.26,7.29,38.62,25.25,32.63,30.04,31.98,33.54,32.91,20.18,20.48,21.86,21.45,32.07,32.73,22.42,19.58,26.18,21.05,23.62,30.7,24.18,20.52,19.61,18.56,19.85,22.04,21.0,27.32,18.87,23.12,16.6,28.8,27.07,22.91,24.83,13.33,32.44,30.44,31.82,34.91,42.4,40.97,42.88,34.72,34.08,33.93,33.54,34.16,32.42,32.88,31.76,37.59,36.22,34.35,40.54,33.7,36.49,37.66,45.87,35.9,45.43,35.32,36.06,39.97,36.82,34.39,38.3,40.58,39.18,46.72,40.4,32.65,47.99,45.29,47.26,36.95,37.17,39.03,33.07,31.97,40.86,38.75,51.38,54.52,52.07,47.24,44.9,38.23,45.77,46.36,40.03,53.03,44.03,43.91,51.66,39.64,52.1,37.25,35.22,34.44,45.44,44.69,43.6,42.55,57.69,67.5,65.56,63.74,49.27,57.32,49.81,50.41,51.85,56.07,52.71,52.17,53.52,56.88,53.3,51.82,54.23,59.06,57.3,52.23,53.23,55.34,55.29,64.9,62.63,56.54,59.99,58.34,55.35,59.49,64.95,67.75,66.71,53.55,78.21,65.59,49.89,50.51,53.45,79.24,59.35,68.12,73.14,70.12
56.26,23.19,35.6,11.77,42.33,41.77,38.48,79.11,22.64,35.68,47.51,20.71,5.28,56.67,18.12,31.27,46.38,32.17,6.79,23.82,38.92,32.97,38.67,8.9,46.31,19.33,6.39,17.84,49.14,18.59,26.63,25.36,25.33,35.46,37.39,39.15,55.3,55.23,22.11,31.67,28.89,40.14,33.76,42.5,30.31,25.96,33.95,24.96,35.48,32.6,38.84,37.57,28.27,26.72,45.49,25.68,30.04,44.12,34.66,33.06,37.56,7.69,45.79,33.63,36.6,25.82,31.38,25.02,5.96,38.04,25.43,32.15,39.73,33.64,39.13,31.36,30.86,31.97,46.01,28.81,32.64,28.8,30.83,29.34,30.44,41.18,39.96,26.96,31.23,29.1,30.77,34.24,25.35,30.09,34.06,30.14,26.59,30.17,29.66,32.21,32.65,29.6,27.71,27.62,31.53,26.73,29.58,29.61,28.69,26.94,28.37,28.04,38.78,35.65,39.08,42.27,47.93,40.29,34.79,40.01,46.33,37.65,40.83,35.43,38.16,47.85,39.88,40.12,46.9,45.8,62.28,21.83,27.49,20.41,26.05,18.23,23.39,20.83,21.29,24.48,17.63,22.51,14.14,24.04,15.36,17.02,18.46,15.43,21.48,23.23,30.49,17.08,31.96,27.93,20.07,20.02,24.18,23.63,30.56,31.84,18.65,18.11,16.02,21.22,23.69,39.49,37.81,9.05,1.53,0.0,6.95,13.69,15.4,9.11,15.96,10.98,8.62,12.7,3.83,15.73,16.71,13.08,13.93,14.87,9.02,14.26,16.46,8.15,39.49,26.11,33.49,30.91,32.84,34.4,33.77,21.05,21.34,22.73,22.65,32.94,33.6,23.62,20.45,27.04,22.26,24.82,31.56,25.38,21.72,20.47,19.43,20.71,23.24,21.87,28.19,19.74,24.32,17.46,29.67,27.94,24.11,20.68,14.2,33.31,31.3,32.68,35.78,43.26,41.83,43.75,35.59,34.94,34.8,34.41,35.02,33.28,33.74,32.63,38.46,37.08,35.21,41.41,34.57,37.35,38.52,46.74,36.76,46.3,36.18,36.93,40.83,37.69,35.26,44.36,41.45,40.04,47.58,41.27,33.85,48.86,46.16,48.13,37.81,38.03,39.9,34.27,33.17,41.72,39.62,52.24,55.38,52.94,48.1,45.77,39.1,46.64,47.22,40.9,53.89,44.9,44.78,52.52,40.51,52.97,38.12,36.09,35.31,46.31,45.56,44.46,43.42,58.56,68.36,66.42,64.61,50.14,58.18,50.68,51.27,52.72,56.93,53.58,53.04,54.39,57.74,54.17,52.69,55.09,59.93,58.16,53.1,54.1,56.21,56.15,65.76,63.49,57.41,60.86,59.2,56.21,60.36,65.82,68.62,67.57,54.41,79.08,66.45,50.76,51.38,54.32,80.11,60.21,68.98,74.01,70.99
52.16,19.09,31.5,8.78,38.24,37.67,34.38,75.01,18.54,31.58,43.41,17.73,2.75,52.57,14.02,27.18,42.29,28.07,3.8,19.72,34.82,24.8,34.58,4.81,42.22,15.24,9.29,13.75,45.04,14.49,22.53,21.26,21.23,31.36,33.3,35.06,51.2,51.13,18.01,27.58,24.79,36.04,29.66,38.4,26.21,21.86,29.85,20.86,31.38,28.5,34.74,33.48,24.18,22.62,41.39,21.58,25.94,40.02,30.56,28.96,33.46,10.6,41.7,29.53,32.5,21.72,27.28,20.93,9.28,33.94,21.34,28.05,35.64,29.55,35.03,27.27,26.77,27.88,41.91,24.71,28.55,24.7,26.73,25.25,26.34,37.08,35.87,22.87,27.13,25.0,26.68,30.14,21.25,25.99,29.96,26.04,22.49,26.08,25.56,28.11,28.55,25.5,23.61,23.52,27.44,22.63,25.48,25.51,24.59,22.84,24.27,23.94,34.68,31.55,34.99,38.17,43.83,36.19,30.7,35.92,42.23,33.55,36.73,31.33,34.07,43.75,35.78,36.02,42.8,41.7,58.19,21.84,23.39,16.31,21.95,14.13,19.3,16.73,17.19,20.38,14.65,18.42,10.04,19.94,11.26,12.92,14.37,12.45,17.38,19.13,26.39,12.99,27.86,23.83,17.09,15.92,20.09,19.53,26.46,27.74,14.55,15.12,11.92,17.12,19.59,35.39,33.71,11.95,6.09,6.95,0.0,10.71,18.29,5.02,18.84,7.99,11.5,9.71,3.84,18.62,21.01,10.1,16.82,11.88,6.03,17.14,19.35,5.17,35.41,22.03,29.41,26.83,28.76,30.32,29.69,16.97,17.26,18.65,25.54,28.86,29.51,26.51,16.37,22.96,18.55,27.7,27.48,17.62,24.6,16.39,15.35,16.63,26.13,17.79,24.11,15.65,16.48,13.38,25.58,23.86,20.71,16.6,10.12,29.23,27.22,28.6,31.7,39.18,37.75,39.66,31.51,30.86,30.72,30.33,30.94,29.2,29.66,28.55,34.38,33.0,31.13,37.33,30.49,33.27,34.44,42.66,32.68,42.21,32.1,32.85,36.75,33.6,31.18,40.28,37.37,35.96,43.5,37.19,36.74,44.78,42.08,44.05,33.73,33.95,35.82,37.16,36.06,37.64,35.54,48.16,51.3,48.86,44.02,41.69,35.02,42.55,43.14,36.82,49.81,40.82,40.69,48.44,36.42,48.88,34.03,32.01,31.23,42.22,41.47,40.38,39.33,54.47,64.28,62.34,60.52,46.05,54.1,46.59,47.19,48.63,52.85,49.5,48.95,50.3,53.66,50.08,48.61,51.01,55.84,54.08,49.02,50.01,52.13,52.07,61.68,59.41,53.32,56.77,55.12,52.13,56.28,61.73,64.54,63.49,50.33,75.0,62.37,46.68,47.3,50.23,76.02,56.13,64.9,69.93,66.91
51.56,18.58,30.89,3.13,29.81,28.61,33.86,74.5,13.76,31.06,42.89,8.34,9.14,51.96,21.87,26.57,41.77,27.55,8.2,11.52,27.71,43.03,34.06,12.66,41.7,17.12,16.45,21.6,44.52,22.34,21.92,10.89,10.53,30.75,32.69,25.99,50.6,50.61,17.4,27.06,24.28,26.98,29.14,37.79,25.7,21.25,29.33,20.25,30.86,27.89,25.68,32.96,23.66,22.1,40.88,21.06,25.42,39.5,30.04,28.45,32.94,17.75,41.18,28.92,23.44,21.11,26.76,20.32,16.43,24.88,20.82,27.53,26.57,29.03,25.97,26.75,26.25,27.27,41.39,24.19,28.03,24.18,26.21,24.73,25.82,28.02,27.77,22.35,26.61,24.48,26.16,29.62,20.64,25.47,29.45,25.53,21.97,25.56,25.04,27.59,28.03,24.98,23.09,23.0,26.83,22.12,24.96,24.99,24.07,22.33,23.75,23.42,34.17,31.03,34.47,37.57,43.23,35.67,30.18,35.4,41.71,33.03,36.13,30.81,33.55,43.24,35.26,35.5,42.28,41.09,57.58,9.46,22.87,15.05,11.05,21.98,11.47,16.23,13.8,11.73,5.26,17.16,17.89,15.52,19.11,20.77,22.21,3.06,16.12,12.35,17.33,20.84,18.8,23.31,7.7,16.72,13.31,13.94,17.4,18.68,17.93,5.73,19.77,17.91,15.17,28.28,33.19,19.1,12.82,13.69,10.71,0.0,25.46,12.86,26.01,3.1,18.67,4.06,10.58,25.78,28.17,4.44,23.98,1.18,5.8,24.31,26.52,9.56,26.44,21.36,28.74,26.16,28.09,26.61,25.98,24.8,25.09,26.48,32.7,25.14,25.8,33.67,24.2,22.27,26.39,34.87,23.77,25.46,31.77,24.22,23.18,24.46,33.29,25.62,23.42,23.49,24.32,21.21,24.9,23.17,34.16,24.43,17.95,28.56,26.55,27.93,31.03,30.21,28.78,30.69,30.84,30.19,30.05,29.66,30.27,28.53,20.69,27.88,25.41,32.33,22.16,28.35,29.82,24.3,33.77,38.94,28.97,38.5,28.39,29.13,33.04,29.89,27.46,36.57,33.65,32.25,39.79,33.47,43.9,41.06,38.36,40.33,30.02,30.24,32.1,44.33,43.22,33.93,34.87,47.49,50.63,48.19,43.35,41.02,34.35,41.89,42.47,36.15,49.14,40.15,40.03,47.77,35.76,48.22,33.37,31.34,30.56,41.56,40.81,39.71,38.67,50.76,60.57,58.63,56.81,42.34,53.43,42.88,43.48,44.92,49.14,45.78,45.24,49.64,49.95,46.37,44.89,47.3,52.13,53.41,48.35,49.35,48.41,48.36,61.02,55.7,49.61,53.06,54.45,48.42,55.61,58.02,59.38,59.78,46.62,74.33,61.7,46.01,46.63,49.57,75.36,55.46,61.19,66.21,63.19
46.19,19.42,24.42,23.53,40.18,39.62,36.32,75.28,25.04,31.84,43.67,32.48,17.5,46.59,20.53,23.67,42.55,30.02,18.55,26.22,36.76,17.57,36.52,20.24,44.16,21.74,12.13,7.16,45.3,7.91,18.96,27.76,27.74,25.66,24.09,37.0,47.21,51.39,20.53,26.41,25.06,37.98,29.92,34.89,28.16,17.21,31.79,17.94,31.64,24.99,36.68,35.42,26.12,23.07,43.34,23.53,27.89,41.96,30.82,30.91,35.4,13.44,43.64,26.02,34.44,18.16,29.22,17.01,12.12,35.89,21.6,28.31,37.58,31.49,36.97,29.21,27.03,24.37,43.86,26.65,28.81,24.96,28.67,25.51,27.28,39.03,37.81,24.69,27.4,25.26,25.24,28.08,20.47,27.71,31.91,27.99,22.75,28.02,27.5,30.05,28.48,25.33,23.87,25.47,23.93,20.75,25.74,27.46,24.85,23.11,24.53,25.89,33.74,33.5,34.04,34.67,40.33,35.25,29.76,36.18,42.49,33.81,33.23,33.28,33.13,44.02,34.84,36.28,43.06,38.19,40.38,28.34,25.33,22.81,28.45,20.64,25.8,23.23,23.69,26.88,29.4,24.92,16.55,26.45,17.76,19.42,20.87,27.2,23.88,25.63,28.34,19.49,29.81,25.77,31.84,22.43,26.59,26.03,28.41,29.68,21.05,29.87,18.43,23.62,26.09,37.34,35.66,14.79,14.2,15.4,18.29,25.46,0.0,9.55,12.64,22.75,14.34,24.47,17.92,12.42,23.85,24.86,19.66,26.64,20.79,19.98,1.06,19.92,37.3,23.92,31.3,28.71,30.65,23.79,19.89,10.37,10.66,12.05,7.25,19.05,19.71,8.22,9.77,15.02,6.85,9.41,18.29,9.98,6.31,9.79,8.75,10.03,7.84,11.19,16.01,9.06,8.92,6.78,12.78,15.76,8.71,10.63,4.46,31.12,29.11,30.49,33.59,41.07,39.64,41.55,33.4,32.75,32.61,32.21,32.83,31.09,31.55,30.44,36.27,34.89,33.02,39.21,32.37,35.16,36.33,33.44,26.15,33.0,25.57,23.04,27.53,26.51,24.65,24.1,28.15,26.74,34.29,23.91,18.45,35.56,32.86,29.58,27.2,26.31,26.6,18.87,17.77,22.47,37.43,50.05,53.19,50.75,45.91,43.58,36.91,44.44,45.03,38.7,51.7,42.71,42.58,50.33,38.31,50.77,35.92,32.19,31.41,44.11,43.36,42.27,41.22,45.26,55.06,46.71,46.76,39.53,54.29,40.06,40.66,41.43,46.32,42.97,42.43,50.49,47.13,40.87,42.08,44.48,48.64,54.27,48.71,47.71,45.6,42.85,61.87,52.21,44.11,49.57,55.31,45.6,56.46,46.1,55.9,47.77,43.8,75.18,62.56,46.86,47.48,50.42,76.21,56.32,49.9,53.67,50.65
49.11,16.04,28.45,10.93,35.19,34.62,31.33,71.96,15.49,28.53,40.36,19.82,4.9,49.52,10.97,24.13,39.24,25.02,5.95,16.67,31.77,19.79,31.53,3.52,39.17,12.19,11.45,8.74,41.99,9.49,19.48,18.21,18.18,28.31,30.25,32.01,48.15,48.08,14.96,24.53,21.74,32.99,26.61,35.35,23.17,18.81,26.8,17.81,28.33,25.45,31.69,30.43,21.13,19.57,38.34,18.53,22.89,36.97,27.51,25.92,30.41,12.75,38.65,26.48,29.45,18.67,24.23,17.88,11.43,30.89,18.29,25.0,32.59,26.5,31.98,24.22,23.72,24.83,38.86,21.66,25.5,21.65,23.68,22.2,23.29,34.03,32.82,19.82,24.08,21.95,23.63,27.09,18.2,22.94,26.91,22.99,19.44,23.03,22.51,25.06,25.5,22.45,20.56,20.47,24.39,19.58,22.43,22.46,21.54,19.8,21.22,20.89,31.63,28.5,31.94,35.12,40.78,33.14,27.65,32.87,39.18,30.5,33.68,28.28,31.02,40.7,32.73,32.97,39.75,38.65,55.14,18.79,20.34,13.26,18.9,11.08,16.25,13.68,14.14,17.33,16.8,15.37,6.99,16.89,8.21,9.87,11.32,14.6,14.33,16.08,23.34,9.94,24.81,20.78,19.24,12.87,17.04,16.48,23.41,24.69,11.5,17.27,8.87,14.07,16.54,32.34,30.66,14.1,8.24,9.11,5.02,12.86,9.55,0.0,21.0,10.14,13.65,11.86,5.99,20.77,23.16,12.25,18.97,14.03,8.18,19.3,10.08,7.32,32.38,19.0,26.38,23.8,25.73,27.3,26.67,11.94,12.24,13.62,15.46,25.83,26.49,16.43,11.35,19.94,13.53,17.63,24.46,12.6,14.53,11.37,10.32,11.61,16.05,12.76,21.08,10.63,11.46,8.36,14.35,20.83,15.68,11.58,5.09,26.2,24.2,25.58,28.67,36.15,34.72,36.64,28.48,27.84,27.69,27.3,27.91,26.18,26.64,25.52,31.35,29.98,28.11,34.3,27.46,30.24,31.42,39.63,29.65,39.19,29.07,29.82,33.73,30.58,28.15,21.61,34.34,32.94,40.48,34.16,26.66,41.75,39.05,41.02,30.71,30.93,32.79,27.08,25.98,19.98,32.51,45.14,48.28,45.83,41.0,38.66,31.99,39.53,40.12,33.79,46.79,37.79,37.67,45.42,33.4,45.86,31.01,28.98,28.2,39.2,38.45,37.36,36.31,51.45,61.26,59.32,57.5,43.03,51.08,43.57,44.17,45.61,49.83,46.47,45.93,47.28,50.64,47.06,45.58,47.99,52.82,51.06,45.99,46.99,49.1,49.04,58.66,56.38,50.3,53.75,52.1,49.11,53.25,58.71,61.51,60.47,47.31,71.97,59.35,43.65,44.27,47.21,73.0,53.11,61.88,66.9,63.88
58.83,35.08,37.06,24.08,54.22,53.66,50.37,91.0,34.53,47.57,59.4,33.03,18.05,59.23,30.01,43.16,58.28,44.06,19.11,35.71,50.81,30.21,50.56,20.79,58.2,31.22,12.69,19.81,61.03,20.56,38.52,37.25,37.22,38.31,36.74,51.04,67.19,67.12,34.0,43.56,40.78,52.03,45.65,54.39,42.2,29.85,45.84,36.85,47.37,44.49,50.73,49.46,40.16,38.61,57.38,37.57,41.93,56.01,46.55,44.95,49.45,13.99,57.68,45.52,48.49,37.71,43.27,29.65,12.67,49.93,37.32,44.04,51.62,45.53,51.02,43.25,42.75,43.86,57.9,40.7,44.53,40.69,42.72,41.24,42.33,53.07,51.85,38.85,43.12,40.99,42.66,46.13,37.24,41.98,45.95,42.03,38.48,42.07,41.55,44.1,44.54,41.49,39.6,39.51,43.42,38.62,41.47,41.5,40.58,38.83,40.26,39.93,50.67,47.54,50.97,54.16,59.82,52.18,46.68,51.9,58.22,49.54,52.72,47.32,50.05,59.74,51.77,52.01,58.79,57.69,53.03,34.15,39.38,32.3,37.94,30.12,35.28,32.72,33.18,36.37,29.95,34.4,26.03,35.93,27.25,28.91,30.35,27.75,33.37,35.12,42.38,28.97,43.85,39.82,32.39,31.91,36.07,35.52,42.45,43.73,30.54,30.43,27.91,33.11,35.58,51.38,49.7,15.35,14.76,15.96,18.84,26.01,12.64,21.0,0.0,23.3,14.9,25.02,18.47,1.25,24.4,25.41,20.21,27.19,21.34,20.54,13.71,20.48,51.4,38.02,45.4,42.82,44.75,46.32,32.53,23.01,23.31,24.69,19.89,31.7,32.35,9.76,22.42,27.66,19.5,8.52,43.47,22.63,18.96,22.44,21.39,22.68,8.78,23.83,28.65,21.7,21.57,19.43,25.42,28.4,21.35,23.28,17.1,45.22,43.22,44.59,47.69,55.17,53.74,55.66,47.5,46.85,46.71,46.32,46.93,45.2,45.65,44.54,50.37,49.0,47.12,53.32,46.48,49.26,50.43,46.08,48.67,45.64,48.09,35.69,40.18,49.6,47.17,36.74,40.79,39.39,46.93,36.55,31.09,48.21,45.51,42.22,49.73,38.95,39.24,31.52,30.41,35.12,51.53,64.15,67.29,64.85,60.01,57.68,51.01,58.55,59.14,52.81,65.81,56.81,56.69,64.43,52.42,64.88,50.03,48.0,47.22,58.22,57.47,56.37,55.33,57.9,67.71,59.36,59.41,62.05,70.09,62.59,63.18,64.63,68.84,65.49,64.95,66.3,69.65,53.51,64.6,67.0,61.29,70.07,65.01,66.01,68.12,55.5,77.68,64.85,56.75,62.22,71.11,68.12,72.27,58.75,68.54,60.42,66.32,90.99,78.36,62.67,63.29,66.23,92.02,72.12,62.54,66.32,63.3
57.3,24.23,36.64,1.18,31.59,30.39,39.52,80.15,11.58,36.72,48.55,10.13,6.43,57.7,19.16,32.31,47.42,33.21,5.48,13.3,39.96,40.32,39.71,9.94,47.35,20.37,13.73,18.88,50.17,19.63,27.67,12.67,12.31,36.5,38.43,27.78,56.34,56.27,23.14,32.71,29.93,28.76,34.8,43.54,31.35,27.0,34.99,25.99,36.52,33.64,27.46,38.61,29.31,27.75,46.53,26.72,31.08,45.15,35.7,34.1,38.59,15.04,46.83,34.67,25.22,26.86,32.41,26.06,13.72,26.66,26.47,33.19,28.36,34.68,27.75,32.4,31.9,33.01,47.05,29.84,33.68,29.84,31.87,30.38,31.48,29.8,29.55,28.0,32.27,30.14,31.81,35.28,26.39,31.13,35.1,31.18,27.62,31.21,30.69,33.25,33.69,30.64,28.75,28.66,32.57,27.77,30.62,30.65,29.73,27.98,29.41,29.08,39.82,36.69,40.12,43.31,48.97,41.33,35.83,41.05,47.37,38.68,41.87,36.47,39.2,48.89,40.92,41.15,47.94,46.83,63.32,11.25,28.52,16.83,12.83,19.27,10.41,21.87,15.58,13.51,7.05,18.94,15.18,17.31,16.39,18.06,19.5,4.84,17.9,14.13,19.11,18.12,20.58,28.96,9.49,21.06,15.09,15.73,19.18,20.46,19.69,7.52,17.06,22.25,16.95,40.53,38.85,16.39,10.11,10.98,7.99,3.1,22.75,10.14,23.3,0.0,15.95,1.48,7.86,23.07,25.46,1.76,21.27,4.28,3.09,21.6,23.8,6.85,28.22,27.15,34.53,31.95,33.88,35.44,34.81,22.09,22.38,23.77,29.99,33.98,34.63,30.96,21.49,28.08,23.67,32.15,32.6,22.74,29.06,21.51,20.47,21.75,30.58,22.91,29.23,20.77,21.6,18.5,30.7,28.98,31.45,21.72,15.24,34.35,32.34,33.72,36.82,31.99,30.56,32.48,36.63,35.98,35.84,35.45,36.06,34.32,22.47,33.67,27.19,38.12,23.94,30.14,35.61,26.08,39.56,47.78,37.8,47.33,37.22,37.97,41.87,38.72,36.3,45.4,42.49,41.08,48.62,42.31,41.19,49.9,47.2,49.17,38.85,39.07,40.94,41.61,40.51,42.76,40.66,53.28,56.42,53.98,49.14,46.81,40.14,47.67,48.26,41.94,54.93,45.94,45.81,53.56,41.54,54.0,39.15,37.13,36.35,47.34,46.59,45.5,44.45,59.59,69.4,67.46,65.64,51.17,59.22,51.71,52.31,53.75,57.97,54.62,54.07,55.42,58.78,55.2,53.73,56.13,60.96,59.2,54.14,55.14,57.25,57.19,66.8,64.53,58.44,61.89,60.24,57.25,61.4,66.85,69.66,68.61,55.45,80.12,67.49,51.8,52.42,55.35,81.14,61.25,70.02,75.05,72.03
60.81,27.74,40.15,16.74,46.88,46.32,43.03,83.66,27.19,40.23,52.06,25.69,10.71,61.21,22.67,35.82,50.93,36.72,11.76,28.36,43.47,31.91,43.22,13.45,50.86,23.88,3.91,21.51,53.68,22.25,31.18,29.9,29.88,40.01,41.94,43.7,59.85,59.78,26.66,36.22,33.44,44.69,38.31,47.05,34.86,30.51,38.5,29.5,40.03,37.15,43.39,42.12,32.82,31.27,50.04,30.23,34.59,48.66,39.21,37.61,42.1,3.47,50.34,38.18,41.15,30.37,35.93,29.57,4.27,42.59,29.98,36.7,44.28,38.19,43.67,35.91,35.41,36.52,50.56,33.36,37.19,33.35,35.38,33.89,34.99,45.73,44.51,31.51,35.78,33.65,35.32,38.79,29.9,34.64,38.61,34.69,31.14,34.72,34.21,36.76,37.2,34.15,32.26,32.17,36.08,31.28,34.13,34.16,33.24,31.49,32.92,32.59,43.33,40.2,43.63,46.82,52.48,44.84,39.34,44.56,50.88,42.19,45.38,39.98,42.71,52.4,44.43,44.67,51.45,50.35,54.72,26.81,32.03,24.95,30.6,22.78,27.94,25.38,25.84,29.03,22.61,27.06,18.69,28.59,19.9,21.57,23.01,20.41,26.02,27.78,35.04,21.63,36.51,32.48,25.05,24.57,28.73,28.18,35.11,36.39,23.2,23.08,20.57,25.76,28.23,44.04,42.36,1.44,7.42,8.62,11.5,18.67,14.34,13.65,14.9,15.95,0.0,21.62,15.07,18.63,15.71,22.01,5.32,23.79,17.94,5.64,19.36,17.08,48.0,34.62,42.0,39.42,41.35,42.91,42.28,28.67,28.96,30.35,25.55,41.45,42.1,26.52,28.07,35.55,25.15,27.71,40.07,28.28,24.61,28.09,27.05,28.33,26.14,29.49,36.7,27.36,27.22,25.08,31.08,36.45,27.01,28.93,22.71,41.82,39.81,41.19,44.29,51.77,50.34,52.25,44.1,43.45,43.31,42.92,43.53,41.79,42.25,41.14,46.97,45.59,43.72,49.92,43.08,45.86,47.03,55.25,45.27,54.8,44.69,45.44,49.34,46.2,43.77,42.4,49.96,48.55,56.09,49.78,36.75,57.37,54.67,56.64,46.32,46.54,48.41,37.17,36.07,40.77,48.13,60.75,63.89,61.45,56.61,54.28,47.61,55.14,55.73,49.41,62.4,53.41,53.28,61.03,49.01,61.48,46.62,44.6,43.82,54.81,54.07,52.97,51.93,67.06,76.87,74.93,73.11,58.65,66.69,59.18,59.78,61.22,65.44,62.09,61.55,62.89,66.25,62.68,61.2,63.6,68.43,66.67,61.61,62.61,64.72,64.66,74.27,72.0,65.91,69.36,67.71,64.72,68.87,74.33,77.13,76.08,62.92,87.59,74.96,59.27,59.89,62.82,88.61,68.72,77.49,82.52,79.5
59.02,25.95,38.36,1.47,32.55,31.35,41.24,81.87,12.54,38.44,50.27,11.08,8.15,59.42,20.88,34.03,49.14,34.93,7.2,14.25,41.68,42.04,41.43,11.66,49.07,22.09,15.45,20.6,51.89,21.35,29.39,13.62,13.26,38.22,40.15,28.73,58.06,57.99,24.86,34.43,31.65,29.72,36.52,45.26,33.07,28.72,36.71,27.71,38.24,35.36,28.41,40.33,31.03,29.47,48.25,28.44,32.8,46.87,37.42,35.82,40.31,16.76,48.55,36.39,26.17,28.58,34.13,27.78,15.43,27.62,28.19,34.91,29.31,36.4,28.7,34.12,33.62,34.73,48.77,31.56,35.4,31.56,33.59,32.1,33.2,30.76,30.5,29.72,33.99,31.86,33.53,37.0,28.11,32.84,36.82,32.9,29.34,32.93,32.41,34.97,35.41,32.36,30.47,30.38,34.29,29.49,32.34,32.37,31.45,29.7,31.13,30.8,41.54,38.41,41.84,45.03,50.69,43.05,37.55,42.77,49.09,40.4,43.59,38.19,40.92,50.61,42.64,42.87,49.66,48.55,65.04,12.2,30.24,17.79,13.78,20.99,11.36,23.59,16.53,14.47,8.0,19.9,16.9,18.26,18.11,19.78,21.22,5.8,18.86,15.09,20.07,19.84,21.54,30.68,10.44,22.78,16.04,16.68,20.14,21.41,21.41,8.47,18.78,23.97,17.9,42.25,40.57,18.11,11.83,12.7,9.71,4.06,24.47,11.86,25.02,1.48,21.62,0.0,9.58,24.79,27.18,2.28,22.99,1.86,4.81,23.32,25.52,8.57,29.17,28.87,36.25,33.67,35.6,37.16,36.53,23.81,24.1,25.49,31.71,35.7,36.35,32.68,23.21,29.8,25.39,33.87,34.32,24.46,30.78,23.23,22.19,23.47,32.3,24.63,30.95,22.49,23.32,20.22,32.42,30.7,33.17,23.44,16.96,36.07,34.06,35.44,38.54,32.94,31.51,33.43,38.35,37.7,37.56,37.17,37.78,36.04,23.43,35.39,28.14,39.84,24.89,31.09,37.33,27.03,41.28,49.5,39.52,49.05,38.94,39.69,43.59,40.44,38.02,47.12,44.21,42.8,50.34,44.03,42.91,51.62,48.92,50.89,40.57,40.79,42.66,43.33,42.23,44.48,42.38,55.0,58.14,55.7,50.86,48.53,41.86,49.39,49.98,43.66,56.65,47.66,47.53,55.28,43.26,55.72,40.87,38.85,38.07,49.06,48.31,47.22,46.17,61.31,71.12,69.18,67.36,52.89,60.94,53.43,54.03,55.47,59.69,56.34,55.79,57.14,60.5,56.92,55.45,57.85,62.68,60.92,55.86,56.86,58.97,58.91,68.52,66.25,60.16,63.61,61.96,58.97,63.12,68.57,71.38,70.33,57.17,81.84,69.21,53.52,54.14,57.07,82.86,62.97,71.74,76.77,73.75
53.15,20.08,32.49,8.65,39.22,38.66,35.37,76.0,19.53,32.57,44.4,17.6,2.16,53.55,15.01,28.16,43.27,29.06,3.67,20.7,35.81,35.49,35.56,5.79,43.2,16.22,8.9,14.73,46.02,15.48,23.52,22.24,22.22,32.35,34.28,36.04,52.19,52.12,18.99,28.56,25.78,37.03,30.65,39.39,27.2,22.85,30.84,21.84,32.37,29.49,35.73,34.46,25.16,23.6,42.38,22.57,26.93,41.0,31.55,29.95,34.44,10.21,42.68,30.52,33.48,22.71,28.26,21.91,8.89,34.93,22.32,29.04,36.62,30.53,36.01,28.25,27.75,28.86,42.9,25.69,29.53,25.69,27.72,26.23,27.33,38.07,36.85,23.85,28.12,25.99,27.66,31.13,22.24,26.97,30.95,27.03,23.47,27.06,26.54,29.1,29.54,26.49,24.6,24.51,28.42,23.62,26.47,26.5,25.58,23.83,25.26,24.93,35.67,32.54,35.97,39.16,44.82,37.18,31.68,36.9,43.22,34.53,37.72,32.32,35.05,44.74,36.77,37.0,43.79,42.68,59.17,18.72,24.37,17.29,22.93,15.12,20.28,17.72,18.18,21.36,14.52,19.4,11.03,20.93,12.24,13.91,15.35,12.32,18.36,20.12,27.38,13.97,28.85,24.81,16.96,16.91,21.07,20.52,27.45,28.72,15.54,14.99,12.91,18.1,20.57,36.38,34.7,11.56,2.96,3.83,3.84,10.58,17.92,5.99,18.47,7.86,15.07,9.58,0.0,18.24,20.63,9.97,16.44,11.75,5.9,16.77,18.97,5.04,36.38,23.0,30.38,27.8,29.73,31.29,30.66,17.94,18.23,19.62,25.16,29.83,30.48,26.13,17.34,23.93,24.76,27.33,28.45,18.59,24.23,17.36,16.32,17.6,25.75,18.76,25.08,16.62,17.45,14.35,26.55,24.83,26.62,17.57,11.09,30.2,28.19,29.57,32.67,40.15,38.72,40.63,32.48,31.83,31.69,31.3,31.91,30.17,30.63,29.52,35.35,33.97,32.1,38.3,31.46,34.24,35.41,43.63,33.65,43.18,33.07,33.82,37.72,34.58,32.15,41.25,38.34,36.93,44.47,38.16,36.36,45.75,43.05,45.02,34.7,34.92,36.79,36.78,35.68,38.61,36.51,49.13,52.27,49.83,44.99,42.66,35.99,43.52,44.11,37.79,50.78,41.79,41.66,49.41,37.39,49.86,35.0,32.98,32.2,43.19,42.44,41.35,40.3,55.44,65.25,63.31,61.49,47.02,55.07,47.56,48.16,49.6,53.82,50.47,49.93,51.27,54.63,51.06,49.58,51.98,56.81,55.05,49.99,50.99,53.1,53.04,62.65,60.38,54.29,57.74,56.09,53.1,57.25,62.7,65.51,64.46,51.3,75.97,63.34,47.65,48.27,51.2,76.99,57.1,65.87,70.9,67.88
58.61,34.86,36.84,23.86,54.0,53.44,50.14,90.78,34.3,47.35,59.18,32.81,17.83,59.01,29.79,42.94,58.05,43.84,18.88,35.48,50.58,29.99,50.34,20.57,57.98,31.0,12.46,19.58,60.8,20.33,38.29,37.02,37.0,38.08,36.51,50.82,66.97,66.9,33.77,43.34,40.56,51.8,45.43,54.16,41.98,29.63,45.61,36.62,47.15,44.26,50.5,49.24,39.94,38.38,57.16,37.35,41.71,55.78,46.33,44.73,49.22,13.77,57.46,45.29,48.26,37.49,43.04,29.43,12.45,49.71,37.1,43.81,51.4,45.31,50.79,43.03,42.53,43.64,57.67,40.47,44.31,40.46,42.49,41.01,42.11,52.85,51.63,38.63,42.9,40.77,42.44,45.91,37.01,41.75,45.73,41.81,38.25,41.84,41.32,43.87,44.31,41.27,39.37,39.29,43.2,38.4,41.24,41.28,40.35,38.61,40.04,39.71,50.45,47.32,50.75,53.94,59.6,51.96,46.46,51.68,58.0,49.31,52.5,47.09,49.83,59.52,51.55,51.78,58.57,57.46,52.8,33.93,39.15,32.07,37.71,29.9,35.06,32.49,32.95,36.14,29.73,34.18,25.81,35.71,27.02,28.69,30.13,27.53,33.14,34.89,42.15,28.75,43.63,39.59,32.17,31.69,35.85,35.29,42.23,43.5,30.32,30.2,27.69,32.88,35.35,51.16,49.48,15.12,14.53,15.73,18.62,25.78,12.42,20.77,1.25,23.07,18.63,24.79,18.24,0.0,24.18,25.18,19.99,26.97,21.12,20.31,13.48,20.25,51.18,37.8,45.18,42.59,44.53,46.09,32.31,22.79,23.08,24.47,19.67,31.47,32.13,20.64,22.19,27.44,19.27,9.77,43.25,22.4,18.74,22.21,21.17,22.45,20.26,23.61,28.43,21.48,21.34,19.2,25.2,28.18,21.13,23.05,16.88,45.0,42.99,44.37,47.47,54.95,53.52,55.43,47.28,46.63,46.49,46.1,46.71,44.97,45.43,44.32,50.15,48.77,46.9,53.09,46.26,49.04,50.21,45.86,48.45,45.42,47.87,35.46,39.96,49.37,46.95,36.52,40.57,39.16,46.71,36.33,30.87,47.98,45.28,42.0,49.5,38.73,39.02,31.29,30.19,34.89,51.31,63.93,67.07,64.63,59.79,57.46,50.79,58.32,58.91,52.58,65.58,56.59,56.46,64.21,52.19,64.65,49.8,47.78,46.99,57.99,57.24,56.15,55.1,57.68,67.48,59.13,59.18,61.82,69.87,62.36,62.96,64.4,68.62,65.27,64.72,66.07,69.43,53.29,64.38,66.78,61.06,69.85,64.79,65.78,67.9,55.27,77.45,64.63,56.53,61.99,70.89,67.9,72.04,58.53,68.32,60.2,66.1,90.77,78.14,62.45,63.07,66.0,91.79,71.9,62.32,66.09,63.08
70.32,37.25,49.65,26.25,56.39,55.83,52.53,93.17,36.69,49.74,61.57,35.2,20.22,70.72,32.18,45.33,60.44,46.23,21.27,37.87,52.97,41.42,52.73,22.96,60.37,33.39,13.41,31.01,63.19,31.76,40.68,39.41,39.39,49.52,51.45,53.21,69.36,69.29,36.16,45.73,42.95,54.19,47.82,56.55,44.37,40.01,48.0,39.01,49.54,46.65,52.89,51.63,42.33,40.77,59.55,39.74,44.1,58.17,48.72,47.12,51.61,10.3,59.85,47.68,50.65,39.88,45.43,39.08,11.45,52.1,39.49,46.2,53.79,47.7,53.18,45.42,44.92,46.03,60.06,42.86,46.7,42.85,44.88,43.4,44.5,55.24,54.02,41.02,45.29,43.16,44.83,48.3,39.4,44.14,48.12,44.2,40.64,44.23,43.71,46.26,46.7,43.66,41.76,41.68,45.59,40.79,43.63,43.67,42.74,41.0,42.43,42.1,52.84,49.71,53.14,56.33,61.99,54.35,48.85,54.07,60.39,51.7,54.89,49.48,52.22,61.91,53.94,54.17,60.96,59.85,64.23,36.32,41.54,34.46,40.1,32.29,37.45,34.88,35.34,38.53,32.12,36.57,28.2,38.1,29.41,31.08,32.52,29.92,35.53,37.28,44.54,31.14,46.02,41.98,34.56,34.08,38.24,37.68,44.62,45.89,32.7,32.59,30.08,35.27,37.74,53.55,51.86,12.2,15.51,16.71,21.01,28.17,23.85,23.16,24.4,25.46,15.71,27.18,20.63,24.18,0.0,27.56,17.09,29.34,23.49,17.41,24.91,22.62,53.55,40.17,47.55,44.97,46.9,48.46,47.83,34.22,34.51,35.9,31.1,47.0,47.65,32.07,33.62,41.1,30.7,33.26,45.62,33.83,30.16,33.64,32.6,33.88,31.69,35.04,42.25,32.91,32.77,30.63,36.63,42.0,32.56,34.48,28.26,47.37,45.36,46.74,49.84,57.32,55.89,57.8,49.65,49.0,48.86,48.47,49.08,47.34,47.8,46.69,52.52,51.14,49.27,55.47,48.63,51.41,52.58,60.79,50.82,60.35,50.24,50.99,54.89,51.74,49.32,47.94,55.51,54.1,61.64,55.33,42.3,62.92,60.22,62.19,51.87,52.09,53.96,42.72,41.62,46.32,53.68,66.3,69.44,67.0,62.16,59.83,53.16,60.69,61.28,54.95,67.95,58.96,58.83,66.58,54.56,67.02,52.17,50.15,49.37,60.36,59.61,58.52,57.47,72.61,82.42,80.48,78.66,64.19,72.24,64.73,65.33,66.77,70.99,67.64,67.09,68.44,71.8,68.22,66.75,69.15,73.98,72.22,67.16,68.15,70.27,70.21,79.82,77.55,71.46,74.91,73.26,70.27,74.42,79.87,82.68,81.63,68.47,93.14,80.51,64.82,65.44,68.37,94.16,74.27,83.04,88.07,85.05
59.41,26.34,38.74,2.05,32.93,31.73,41.62,82.26,12.92,38.82,50.66,11.47,8.54,59.81,21.27,34.42,49.53,35.31,7.59,14.64,42.06,42.42,41.82,12.05,49.46,22.48,15.84,20.99,52.28,21.74,29.77,14.01,13.65,38.6,40.54,29.12,58.45,58.37,25.25,34.82,32.04,30.1,36.91,45.64,33.46,29.1,37.09,28.1,38.63,35.74,28.8,40.72,31.42,29.86,48.64,28.83,33.19,47.26,37.8,36.21,40.7,17.15,48.94,36.77,26.56,28.96,34.52,28.17,15.82,28.0,28.58,35.29,29.7,36.79,29.09,34.51,34.01,35.12,49.15,31.95,35.79,31.94,33.97,32.49,33.59,31.14,30.89,30.11,34.38,32.24,33.92,37.38,28.49,33.23,37.21,33.29,29.73,33.32,32.8,35.35,35.79,32.74,30.85,30.76,34.68,29.88,32.72,32.75,31.83,30.09,31.51,31.18,41.93,38.8,42.23,45.42,51.08,43.43,37.94,43.16,49.48,40.79,43.98,38.57,41.31,51.0,43.03,43.26,50.05,48.94,65.43,12.59,30.63,18.17,14.17,21.38,11.75,23.97,16.92,14.85,8.39,20.28,17.28,18.65,18.5,20.16,21.61,6.18,19.24,15.47,20.45,20.23,21.93,31.07,10.83,23.17,16.43,17.07,20.52,21.8,21.79,8.86,19.17,24.36,18.29,42.63,40.95,18.5,12.22,13.08,10.1,4.44,24.86,12.25,25.41,1.76,22.01,2.28,9.97,25.18,27.56,0.0,23.38,4.14,2.89,23.7,25.91,8.96,29.56,29.26,36.64,34.05,35.98,37.55,36.92,24.19,24.49,25.87,32.1,36.08,36.74,33.07,23.59,30.19,25.78,34.26,34.71,24.85,31.16,23.62,22.57,23.86,32.69,25.01,31.33,22.88,23.71,20.61,32.81,31.08,33.56,23.83,17.34,36.45,34.45,35.83,38.92,33.33,31.9,33.82,38.73,38.09,37.94,37.55,38.16,36.43,23.81,35.77,28.53,40.23,25.28,31.48,37.71,27.42,41.67,49.88,39.91,49.44,39.33,40.07,43.98,40.83,38.4,47.51,44.59,43.19,50.73,44.41,43.3,52.0,49.3,51.27,40.96,41.18,43.04,43.72,42.62,44.87,42.76,55.39,58.53,56.08,51.25,48.91,42.24,49.78,50.37,44.04,57.04,48.04,47.92,55.67,43.65,56.11,41.26,39.23,38.45,49.45,48.7,47.61,46.56,61.7,71.51,69.57,67.75,53.28,61.33,53.82,54.42,55.86,60.08,56.72,56.18,57.53,60.89,57.31,55.83,58.24,63.07,61.31,56.24,57.24,59.35,59.3,68.91,66.64,60.55,64.0,62.35,59.36,63.5,68.96,71.76,70.72,57.56,82.22,69.6,53.9,54.52,57.46,83.25,63.36,72.13,77.15,74.13
66.13,33.06,45.46,22.06,52.2,51.64,48.34,88.98,32.5,45.54,57.38,31.01,16.03,66.53,27.99,41.14,56.25,42.03,17.08,33.68,48.78,37.23,48.54,18.77,56.18,29.2,9.22,26.82,59.0,27.57,36.49,35.22,35.2,45.32,47.26,49.02,65.17,65.1,31.97,41.54,38.76,50.0,43.63,52.36,40.18,35.82,43.81,34.82,45.35,42.46,48.7,47.44,38.14,36.58,55.36,35.55,39.91,53.98,44.53,42.93,47.42,8.79,55.66,43.49,46.46,35.69,41.24,34.89,9.59,47.91,35.3,42.01,49.6,43.51,48.99,41.23,40.73,41.84,55.87,38.67,42.51,38.66,40.69,39.21,40.31,51.04,49.83,36.83,41.1,38.96,40.64,44.1,35.21,39.95,43.93,40.01,36.45,40.04,39.52,42.07,42.51,39.47,37.57,37.48,41.4,36.6,39.44,39.47,38.55,36.81,38.23,37.91,48.65,45.52,48.95,52.14,57.8,50.15,44.66,49.88,56.2,47.51,50.7,45.29,48.03,57.72,49.75,49.98,56.77,55.66,60.04,32.13,37.35,30.27,35.91,28.1,33.26,30.69,31.15,34.34,27.93,32.38,24.01,33.91,25.22,26.88,28.33,25.73,31.34,33.09,40.35,26.95,41.83,37.79,30.37,29.89,34.05,33.49,40.42,41.7,28.51,28.4,25.89,31.08,33.55,49.36,47.67,6.75,12.73,13.93,16.82,23.98,19.66,18.97,20.21,21.27,5.32,22.99,16.44,19.99,17.09,23.38,0.0,25.17,19.32,0.66,20.74,18.45,49.37,36.0,43.38,40.79,42.72,44.29,43.66,30.05,30.34,31.73,26.92,42.82,43.48,27.9,29.45,36.93,26.53,29.09,41.45,29.66,25.99,29.47,28.43,29.71,27.51,30.87,38.07,28.73,28.6,26.46,32.46,37.82,28.38,30.31,24.08,43.19,41.19,42.57,45.66,53.15,51.72,53.63,45.47,44.83,44.68,44.29,44.9,43.17,43.63,42.51,48.34,46.97,45.1,51.29,44.45,47.24,48.41,56.62,46.65,56.18,46.07,46.81,50.72,47.57,45.14,43.77,51.33,49.93,57.47,51.15,38.12,58.74,56.04,58.01,47.7,47.92,49.78,38.55,37.44,42.15,49.5,62.13,65.27,62.82,57.99,55.65,48.98,56.52,57.11,50.78,63.78,54.78,54.66,62.41,50.39,62.85,48.0,45.97,45.19,56.19,55.44,54.35,53.3,68.44,78.25,76.31,74.49,60.02,68.07,60.56,61.16,62.6,66.82,63.46,62.92,64.27,67.63,64.05,62.57,64.98,69.81,68.05,62.98,63.98,66.09,66.04,75.65,73.38,67.29,70.74,69.09,66.1,70.24,75.7,78.5,77.46,64.3,88.96,76.34,60.64,61.26,64.2,89.99,70.1,78.87,83.89,80.87
52.73,19.75,32.07,2.15,30.99,29.79,35.04,75.67,14.94,32.24,44.07,9.52,10.32,53.14,23.05,27.75,42.94,28.73,9.38,12.69,28.88,44.21,35.23,13.83,42.87,18.29,17.62,22.77,45.7,23.52,23.1,12.06,11.7,31.93,33.86,27.17,51.77,51.79,18.58,28.23,25.45,28.16,30.32,38.97,26.87,22.43,30.51,21.43,32.04,29.07,26.85,34.13,24.83,23.28,42.05,22.24,26.6,40.68,31.22,29.62,34.12,18.93,42.35,30.1,24.61,22.29,27.94,21.49,17.61,26.06,21.99,28.71,27.75,30.2,27.14,27.92,27.42,28.45,42.57,25.37,29.2,25.36,27.39,25.9,27.0,29.2,28.94,23.52,27.79,25.66,27.33,30.8,21.82,26.65,30.62,26.7,23.15,26.73,26.22,28.77,29.21,26.16,24.27,24.18,28.01,23.29,26.14,26.17,25.25,23.5,24.93,24.6,35.34,32.21,35.64,38.74,44.4,36.85,31.35,36.57,42.89,34.2,37.3,31.99,34.72,44.41,36.44,36.68,43.46,42.27,58.76,10.64,24.05,16.23,12.22,23.16,12.65,17.4,14.97,12.91,6.44,18.34,19.07,16.7,20.28,21.95,23.39,4.24,17.3,13.53,18.51,22.01,19.98,24.49,8.88,17.89,14.48,15.12,18.58,19.85,19.1,6.91,20.95,19.09,16.34,29.46,34.37,20.28,14.0,14.87,11.88,1.18,26.64,14.03,27.19,4.28,23.79,1.86,11.75,26.97,29.34,4.14,25.17,0.0,6.98,25.49,27.69,10.74,27.61,22.54,29.92,27.34,29.27,27.79,27.15,25.98,26.27,27.66,33.88,26.32,26.98,34.85,25.38,23.45,27.56,36.04,24.94,26.64,32.95,25.4,24.36,25.64,34.47,26.8,24.6,24.66,25.49,22.39,26.08,24.35,35.34,25.61,19.13,29.74,27.73,29.11,32.21,31.38,29.95,31.87,32.02,31.37,31.23,30.84,31.45,29.71,21.87,29.06,26.58,33.51,23.33,29.53,31.0,25.47,34.95,40.12,30.14,39.68,29.56,30.31,34.21,31.07,28.64,37.74,34.83,33.42,40.97,34.65,45.08,42.24,39.54,41.51,31.2,31.42,33.28,45.5,44.4,35.11,36.05,48.67,51.81,49.37,44.53,42.2,35.53,43.06,43.65,37.32,50.32,41.33,41.2,48.95,36.93,49.39,34.54,32.52,31.74,42.73,41.98,40.89,39.84,51.94,61.74,59.8,57.99,43.52,54.61,44.06,44.65,46.1,50.31,46.96,46.42,50.81,51.12,47.55,46.07,48.47,53.31,54.59,49.53,50.52,49.59,49.53,62.19,56.87,50.79,54.24,55.63,49.59,56.79,59.2,60.56,60.95,47.79,75.51,62.88,47.19,47.81,50.74,76.53,56.64,62.36,67.39,64.37
55.34,22.27,34.68,3.88,41.41,40.85,37.56,78.19,21.72,34.76,46.59,12.82,4.47,55.74,17.2,30.35,45.46,31.25,3.52,16.0,38.0,38.36,37.75,7.98,45.39,18.41,11.77,16.92,48.21,17.67,25.71,15.37,15.01,34.54,36.47,38.23,54.38,54.31,21.18,30.75,27.97,39.22,32.84,41.58,29.39,25.04,33.03,24.03,34.56,31.68,37.92,36.65,27.35,25.79,44.57,24.76,29.12,43.19,33.74,32.14,36.63,13.08,44.87,32.71,35.68,24.9,30.45,24.1,11.76,37.12,24.51,31.23,38.81,32.72,38.2,30.44,29.94,31.05,45.09,27.88,31.72,27.88,29.91,28.42,29.52,40.26,39.04,26.04,30.31,28.18,29.85,33.32,24.43,29.17,33.14,29.22,25.66,29.25,28.73,31.29,31.73,28.68,26.79,26.7,30.61,25.81,28.66,28.69,27.77,26.02,27.45,27.12,37.86,34.73,38.16,41.35,47.01,39.37,33.87,39.09,45.41,36.72,39.91,34.51,37.24,46.93,38.96,39.19,45.98,44.88,61.36,13.94,26.56,19.48,15.53,17.31,13.1,19.91,20.37,16.21,9.74,21.59,13.22,23.12,14.43,16.1,17.54,7.54,20.55,16.83,29.57,16.16,31.04,27.01,12.18,19.1,17.79,22.71,29.64,30.92,17.73,10.22,15.1,20.29,22.76,38.57,36.89,14.43,8.15,9.02,6.03,5.8,20.79,8.18,21.34,3.09,17.94,4.81,5.9,21.12,23.49,2.89,19.32,6.98,0.0,19.64,21.84,4.89,38.57,25.19,32.57,29.99,31.92,33.48,32.85,20.13,20.42,21.81,28.03,32.02,32.67,29.0,19.53,26.12,21.71,30.19,30.64,20.78,27.1,19.55,18.51,19.79,28.62,20.95,27.27,18.81,19.64,16.54,28.74,27.02,29.49,19.76,13.28,32.39,30.38,31.76,34.86,42.34,40.91,42.82,34.67,34.02,33.88,33.49,34.1,32.36,32.82,31.71,37.54,36.16,34.29,40.49,33.65,36.43,37.6,45.82,35.84,45.37,35.26,36.01,39.91,36.77,34.34,43.44,40.53,39.12,46.66,40.35,39.23,47.94,45.24,47.21,36.89,37.11,38.98,39.65,38.55,40.8,38.7,51.32,54.46,52.02,47.18,44.85,38.18,45.71,46.3,39.98,52.97,43.98,43.85,51.6,39.58,52.04,37.19,35.17,34.39,45.38,44.63,43.54,42.49,57.63,67.44,65.5,63.68,49.21,57.26,49.75,50.35,51.79,56.01,52.66,52.12,53.46,56.82,53.24,51.77,54.17,59.0,57.24,52.18,53.18,55.29,55.23,64.84,62.57,56.48,59.93,58.28,55.29,59.44,64.89,67.7,66.65,53.49,78.16,65.53,49.84,50.46,53.39,79.18,59.29,68.06,73.09,70.07
66.45,33.38,45.79,22.39,52.52,51.96,48.67,89.3,32.83,45.87,57.7,31.34,16.35,66.86,28.31,41.46,56.58,42.36,17.41,34.01,49.11,37.55,48.86,19.09,56.5,29.52,9.55,27.15,59.33,27.9,36.82,35.55,35.52,45.65,47.58,49.34,65.49,65.42,32.3,41.87,39.08,50.33,43.95,52.69,40.5,36.15,44.14,35.15,45.67,42.79,49.03,47.76,38.46,36.91,55.68,35.87,40.23,54.31,44.85,43.25,47.75,9.11,55.98,43.82,46.79,36.01,41.57,35.21,9.92,48.23,35.63,42.34,49.92,43.83,49.32,41.56,41.05,42.16,56.2,39.0,42.83,38.99,41.02,39.54,40.63,51.37,50.15,37.15,41.42,39.29,40.96,44.43,35.54,40.28,44.25,40.33,36.78,40.37,39.85,42.4,42.84,39.79,37.9,37.81,41.73,36.92,39.77,39.8,38.88,37.13,38.56,38.23,48.97,45.84,49.27,52.46,58.12,50.48,44.98,50.2,56.52,47.84,51.02,45.62,48.35,58.04,50.07,50.31,57.09,55.99,60.37,32.45,37.68,30.6,36.24,28.42,33.58,31.02,31.48,34.67,28.25,32.71,24.33,34.23,25.55,27.21,28.65,26.05,31.67,33.42,40.68,27.28,42.15,38.12,30.69,30.21,34.37,33.82,40.75,42.03,28.84,28.73,26.21,31.41,33.88,49.68,48.0,7.08,13.06,14.26,17.14,24.31,19.98,19.3,20.54,21.6,5.64,23.32,16.77,20.31,17.41,23.7,0.66,25.49,19.64,0.0,21.06,18.78,49.7,36.32,43.7,41.12,43.05,44.61,43.98,30.37,30.66,32.05,27.25,43.15,43.81,28.22,29.77,37.25,26.85,29.41,41.77,29.98,26.32,29.79,28.75,30.03,27.84,31.19,38.4,29.06,28.92,26.79,32.78,38.15,28.71,30.63,24.41,43.52,41.51,42.89,45.99,53.47,52.04,53.96,45.8,45.15,45.01,44.62,45.23,43.49,43.95,42.84,48.67,47.29,45.42,51.62,44.78,47.56,48.73,56.95,46.97,56.51,46.39,47.14,51.04,47.9,45.47,44.1,51.66,50.25,57.79,51.48,38.45,59.07,56.37,58.34,48.02,48.24,50.11,38.87,37.77,42.47,49.83,62.45,65.59,63.15,58.31,55.98,49.31,56.85,57.43,51.11,64.1,55.11,54.99,62.73,50.72,63.18,48.32,46.3,45.52,56.52,55.77,54.67,53.63,68.77,78.57,76.63,74.82,60.35,68.39,60.89,61.48,62.92,67.14,63.79,63.25,64.6,67.95,64.38,62.9,65.3,70.14,68.37,63.31,64.31,66.42,66.36,75.97,73.7,67.62,71.07,69.41,66.42,70.57,76.03,78.83,77.78,64.62,89.29,76.66,60.97,61.59,64.53,90.32,70.42,79.19,84.22,81.2
45.55,19.95,23.78,24.59,40.7,40.14,36.85,75.8,25.57,32.37,44.2,33.54,18.56,45.95,21.05,24.19,43.07,30.54,19.61,26.74,37.29,16.93,37.04,13.6,44.68,22.26,13.19,7.69,45.82,8.44,19.49,28.29,28.26,25.02,23.45,37.52,46.57,51.92,21.05,26.94,25.58,38.51,30.45,35.42,28.68,17.73,32.32,18.47,32.17,25.52,37.21,35.94,26.64,23.6,43.86,24.05,28.41,42.49,31.35,31.43,35.93,14.5,44.16,26.55,34.97,18.68,29.75,17.53,13.18,36.41,22.12,28.84,38.1,32.01,37.5,29.74,27.55,24.89,44.38,27.18,29.33,25.49,29.2,26.03,27.8,39.55,38.33,25.21,27.92,25.79,25.76,28.6,20.99,28.23,32.43,28.51,23.27,28.55,28.03,30.58,29.01,25.85,24.4,25.99,24.45,21.27,26.27,27.98,25.38,23.63,25.06,26.41,34.27,34.02,34.57,35.19,40.85,35.78,30.28,36.7,43.02,34.33,33.75,33.8,33.65,44.54,35.37,36.8,43.59,38.72,39.74,28.87,25.86,23.34,28.98,21.16,26.32,23.76,24.22,27.41,30.46,25.44,17.07,26.97,18.29,19.95,21.39,28.26,24.4,26.16,28.86,20.01,30.33,26.3,32.9,22.95,27.11,26.56,28.93,30.21,21.58,30.93,18.95,24.15,26.62,37.86,36.18,15.85,15.26,16.46,19.35,26.52,1.06,10.08,13.71,23.8,19.36,25.52,18.97,13.48,24.91,25.91,20.74,27.69,21.84,21.06,0.0,20.99,37.82,24.44,31.82,29.24,31.17,24.32,20.41,10.89,11.19,12.57,6.61,19.58,20.23,7.58,10.3,15.54,6.21,8.77,18.82,9.34,5.68,10.32,9.27,10.56,7.2,11.71,16.53,9.58,8.28,7.31,13.3,16.28,8.07,9.99,4.98,31.64,29.63,31.01,34.11,41.59,40.16,42.08,33.92,33.27,33.13,32.74,33.35,31.61,32.07,30.96,36.79,35.41,33.54,39.74,32.9,35.68,36.85,32.8,26.67,32.36,26.09,26.39,26.9,25.87,25.17,23.46,27.51,26.1,33.65,23.27,17.81,34.92,32.22,28.94,27.73,25.67,25.96,18.23,17.13,21.83,37.95,50.57,53.71,51.27,46.43,44.1,37.43,44.97,45.55,39.23,52.22,43.23,43.11,50.85,38.84,51.3,36.45,32.72,31.94,44.64,43.89,42.79,41.75,44.62,54.42,46.07,46.12,40.05,54.81,40.59,41.19,40.79,46.85,43.49,41.88,51.02,47.66,40.23,42.6,45.01,48.0,54.79,49.23,48.23,46.12,42.21,62.39,51.57,43.47,48.93,55.83,46.13,56.99,45.47,55.26,47.14,44.33,75.71,63.08,47.39,48.01,50.95,76.73,56.84,49.26,53.03,50.02
54.48,21.41,33.81,7.64,40.55,39.98,36.69,77.33,20.85,33.89,45.72,16.59,3.6,54.88,16.34,29.49,44.6,30.38,1.57,22.03,37.13,37.49,36.89,7.12,44.53,17.55,10.91,16.06,47.35,16.81,24.84,19.13,18.77,33.67,35.61,37.37,53.52,53.44,20.32,29.89,27.11,38.35,31.97,40.71,28.53,24.17,32.16,23.17,33.69,30.81,37.05,35.79,26.49,24.93,43.71,23.9,28.25,42.33,32.87,31.28,35.77,12.22,44.01,31.84,34.81,24.03,29.59,23.24,10.89,36.25,23.65,30.36,37.95,31.86,37.34,29.58,29.08,30.19,44.22,27.02,30.86,27.01,29.04,27.56,28.65,39.39,38.18,25.18,29.45,27.31,28.99,32.45,23.56,28.3,32.28,28.36,24.8,28.39,27.87,30.42,30.86,27.81,25.92,25.83,29.75,24.95,27.79,27.82,26.9,25.16,26.58,26.25,37.0,33.86,37.3,40.48,46.15,38.5,33.01,38.23,44.55,35.86,39.05,33.64,36.38,46.07,38.1,38.33,45.12,44.01,60.5,17.71,25.7,18.62,19.29,16.45,21.61,19.04,19.5,22.69,13.51,20.73,12.35,22.26,13.57,15.23,16.68,11.31,19.69,21.44,28.7,15.3,30.18,26.14,15.95,18.24,22.4,21.84,28.77,30.05,16.86,13.98,14.24,19.43,21.9,37.7,36.02,13.57,7.29,8.15,5.17,9.56,19.92,7.32,20.48,6.85,17.08,8.57,5.04,20.25,22.62,8.96,18.45,10.74,4.89,18.78,20.99,0.0,37.7,24.32,31.7,29.12,31.05,32.62,31.99,19.26,19.55,20.94,27.16,31.15,31.81,28.14,18.66,25.26,20.85,29.33,29.78,19.92,26.23,18.69,17.64,18.92,27.75,20.08,26.4,17.95,18.78,15.68,27.88,26.15,28.62,18.9,12.41,31.52,29.52,30.9,33.99,41.47,40.04,41.96,33.8,33.16,33.01,32.62,33.23,31.5,31.96,30.84,36.67,35.3,33.43,39.62,32.78,35.56,36.73,44.95,34.97,44.51,34.39,35.14,39.05,35.9,33.47,42.58,39.66,38.26,45.8,39.48,38.36,47.07,44.37,46.34,36.03,36.25,38.11,38.79,37.69,39.94,37.83,50.46,53.6,51.15,46.32,43.98,37.31,44.85,45.44,39.11,52.11,43.11,42.99,50.74,38.72,51.18,36.33,34.3,33.52,44.52,43.77,42.68,41.63,56.77,66.58,64.64,62.82,48.35,56.39,48.89,49.49,50.93,55.15,51.79,51.25,52.6,55.96,52.38,50.9,53.31,58.14,56.38,51.31,52.31,54.42,54.36,63.98,61.7,55.62,59.07,57.42,54.43,58.57,64.03,66.83,65.79,52.63,77.29,64.67,48.97,49.59,52.53,78.32,58.43,67.2,72.22,69.2
50.91,19.86,30.25,28.24,10.35,2.17,26.83,72.19,17.15,28.75,40.58,18.32,35.28,51.31,22.77,25.92,39.46,20.52,36.34,15.17,8.24,38.25,27.03,33.9,34.67,21.54,41.83,30.4,42.21,32.42,21.28,16.71,16.68,30.11,32.04,1.82,49.95,48.23,20.48,20.03,20.47,7.51,26.83,37.14,18.67,20.61,22.3,20.87,28.55,27.24,6.21,25.93,16.63,18.3,33.85,15.42,18.4,32.47,27.73,21.42,25.91,43.14,34.15,28.27,3.43,20.47,19.73,20.94,41.81,2.48,17.02,25.22,7.11,22.0,6.5,19.72,23.42,26.62,34.36,17.16,23.5,20.38,19.18,20.93,22.02,8.55,8.3,16.7,23.21,20.68,22.35,22.59,20.0,21.67,22.42,18.5,16.85,18.53,18.01,20.56,21.0,17.95,19.29,15.97,26.18,18.31,19.08,17.96,20.27,18.52,19.11,16.39,30.36,24.0,30.66,36.92,42.58,31.87,26.37,33.09,39.41,30.72,35.48,23.78,29.74,40.93,31.46,33.19,39.98,40.44,56.93,17.29,18.86,14.55,17.4,23.39,17.91,16.1,15.8,15.83,21.17,13.16,30.13,12.35,24.93,23.7,21.93,24.54,13.93,14.08,10.77,23.79,8.14,11.67,19.33,21.13,13.42,12.49,10.84,12.12,22.35,22.11,25.61,22.33,11.99,8.82,11.11,44.49,38.62,39.49,35.41,26.44,37.3,32.38,51.4,28.22,48.0,29.17,36.38,51.18,53.55,29.56,49.37,27.61,38.57,49.7,37.82,37.7,0.0,14.36,21.74,16.8,21.09,25.88,25.25,29.09,30.83,32.21,38.54,24.42,25.07,39.51,34.43,22.42,36.61,40.71,23.04,35.68,37.61,29.96,33.41,28.08,39.13,34.01,23.57,28.39,34.54,31.44,25.05,23.32,38.77,34.66,33.92,21.55,15.22,15.6,11.72,4.29,2.86,4.26,14.42,13.77,13.63,22.65,11.88,14.54,7.21,14.88,5.94,12.54,5.89,1.92,22.81,6.31,26.77,38.22,28.24,37.77,27.66,28.41,32.31,29.17,26.74,35.84,32.93,31.52,39.06,32.75,39.91,40.34,37.64,39.61,29.29,29.51,31.38,41.8,39.2,33.2,27.86,40.49,43.63,41.18,36.35,34.01,27.34,34.88,35.47,29.14,42.14,33.14,33.02,40.77,28.75,41.21,26.36,28.98,25.71,34.55,33.8,32.71,31.66,50.03,59.84,57.9,56.08,41.62,51.07,42.15,42.75,44.19,48.41,45.06,44.52,47.28,49.22,45.65,44.17,46.57,51.4,51.05,45.99,46.99,47.69,47.63,58.66,54.97,48.88,52.33,52.09,47.69,53.25,57.29,61.51,59.05,45.89,71.97,59.29,43.65,44.27,47.16,73.0,53.05,60.46,65.49,62.47
37.53,6.48,16.87,27.94,16.74,16.53,12.88,58.24,8.92,14.81,26.64,13.24,21.9,37.93,9.39,12.54,25.51,6.58,22.96,10.09,13.32,24.87,13.08,20.52,20.72,8.16,28.45,17.02,28.26,19.04,7.9,11.63,11.61,16.73,18.66,13.91,37.04,34.28,7.11,6.08,7.1,14.9,12.89,24.24,4.72,7.23,8.35,7.49,14.61,13.87,13.6,11.98,2.68,4.92,19.9,2.04,4.45,18.52,13.79,7.47,11.96,29.76,20.2,14.9,11.36,7.09,5.78,7.56,28.43,12.8,3.64,11.28,14.49,8.05,13.89,5.77,9.47,13.24,20.42,3.21,9.56,7.0,5.24,7.55,8.64,15.94,14.37,3.32,9.26,7.3,8.98,8.65,6.62,8.29,8.47,4.55,3.47,4.58,4.06,6.61,7.06,4.01,5.91,2.03,12.8,4.94,5.13,4.02,6.89,5.15,5.17,2.45,21.06,10.06,21.36,24.01,29.67,22.57,17.07,19.14,25.46,16.77,22.1,9.84,20.44,26.98,22.16,19.24,26.03,27.54,43.55,12.21,5.48,6.68,12.32,10.01,9.67,6.91,7.57,10.75,16.1,8.79,16.76,6.82,11.56,10.32,8.55,19.46,7.75,9.5,5.25,10.41,6.72,2.69,14.25,7.76,7.9,6.97,5.32,6.6,8.97,17.03,12.23,8.95,6.47,13.9,12.22,31.11,25.25,26.11,22.03,21.36,23.92,19.0,38.02,27.15,34.62,28.87,23.0,37.8,40.17,29.26,36.0,22.54,25.19,36.32,24.44,24.32,14.36,0.0,7.56,4.98,6.91,12.66,12.02,15.87,17.6,18.99,25.32,11.19,11.85,26.29,21.2,9.2,23.39,27.48,9.82,22.46,24.38,16.73,20.18,14.86,25.91,20.78,10.34,15.16,21.32,18.21,11.82,10.09,25.54,21.43,20.7,7.38,5.37,6.75,9.85,18.5,17.07,18.98,9.66,9.01,8.87,8.48,9.09,7.35,8.98,6.7,13.69,11.15,10.45,16.64,8.64,12.59,12.59,24.99,15.01,24.55,14.43,15.18,19.09,15.94,13.51,22.62,19.7,18.29,25.84,19.52,26.69,27.11,24.41,26.38,16.07,16.29,18.15,28.57,25.98,19.98,13.69,26.31,29.45,27.01,22.17,19.84,13.17,20.71,21.29,14.97,27.96,18.97,18.85,26.59,14.58,27.04,12.18,14.8,11.54,20.38,19.63,18.53,17.49,37.39,47.2,45.26,43.44,28.4,36.9,28.94,29.54,30.98,35.19,31.84,31.3,33.1,36.0,33.0,30.95,33.35,38.19,36.88,31.81,32.81,34.47,34.99,44.48,41.75,36.24,39.12,37.92,34.47,39.07,44.65,47.34,46.41,32.67,57.8,45.12,29.48,30.09,32.98,58.82,38.88,47.82,52.85,49.83
41.89,13.86,24.25,35.32,18.03,23.91,6.9,61.52,16.3,18.08,29.91,20.62,29.28,42.29,16.77,19.92,28.79,1.63,30.34,17.47,14.61,32.25,7.1,27.9,18.01,15.54,35.83,24.4,31.54,26.42,15.28,19.01,18.99,24.11,26.04,21.29,40.32,31.58,14.49,9.36,11.7,16.75,16.17,27.52,6.7,14.61,1.98,14.87,17.88,21.49,15.6,6.0,7.52,12.3,17.19,9.42,4.44,15.81,17.06,10.75,5.98,37.14,17.49,20.9,18.74,14.47,7.76,14.94,35.82,20.18,11.02,14.55,14.99,11.33,16.06,9.05,12.75,20.27,17.71,8.55,12.84,12.13,3.22,13.51,14.9,16.65,15.66,10.7,12.54,13.56,14.1,11.92,14.0,13.42,11.75,4.26,10.85,7.86,5.35,9.89,10.33,8.55,13.29,6.86,20.18,12.32,9.3,7.29,10.63,12.53,9.71,7.72,24.34,5.71,24.64,27.29,32.95,25.85,20.35,22.42,28.74,20.05,27.83,13.11,23.72,30.26,25.44,22.52,29.31,30.82,50.93,19.6,12.86,14.06,19.7,17.39,17.05,14.29,14.95,18.13,23.48,16.17,24.14,14.21,18.94,17.7,15.93,26.84,15.13,16.89,12.63,17.79,14.1,10.07,21.64,15.14,15.28,14.35,12.7,13.98,16.35,24.41,19.61,16.33,13.85,15.19,13.5,38.49,32.63,33.49,29.41,28.74,31.3,26.38,45.4,34.53,42.0,36.25,30.38,45.18,47.55,36.64,43.38,29.92,32.57,43.7,31.82,31.7,21.74,7.56,0.0,4.79,2.27,19.87,19.24,23.08,24.81,26.2,32.53,18.4,19.06,33.5,28.41,16.41,30.6,34.69,17.03,29.67,31.6,23.94,27.39,22.07,33.12,27.99,17.56,22.37,28.53,25.42,19.03,17.3,32.75,28.64,27.91,2.27,10.64,6.57,14.13,25.71,24.28,26.19,14.55,13.9,13.76,0.92,13.98,7.17,16.19,11.96,17.28,9.05,17.66,23.86,3.53,19.8,7.04,32.2,22.79,31.76,21.64,22.39,26.3,23.15,20.72,29.83,26.91,25.51,33.05,26.73,33.9,34.32,31.62,33.59,23.28,23.5,25.36,35.78,33.19,27.19,8.13,24.02,27.16,24.71,19.87,21.85,15.18,10.29,19.0,9.41,25.67,19.73,20.86,24.29,8.27,24.74,11.32,18.3,15.03,18.08,17.33,12.58,13.38,40.89,50.69,48.75,46.94,31.89,40.39,32.43,33.03,34.47,38.69,35.33,34.79,36.59,39.5,36.5,34.44,36.85,41.68,40.37,35.31,36.31,37.96,38.48,47.97,45.25,39.74,42.61,41.41,37.97,42.57,48.15,50.83,49.9,36.17,61.29,42.82,32.97,33.59,30.69,62.31,36.58,51.31,56.34,53.32
39.3,11.28,21.67,32.74,13.28,18.97,9.69,58.93,13.71,15.5,27.33,18.04,26.7,39.71,14.19,17.34,26.21,3.38,27.76,14.89,9.87,29.67,9.89,25.32,21.42,12.96,33.25,21.82,28.96,23.84,12.69,16.43,16.4,21.53,23.46,16.36,37.74,34.98,11.9,6.78,9.12,12.0,13.58,24.94,4.11,12.02,5.16,12.29,15.3,18.91,10.86,8.79,4.93,9.72,20.59,6.84,1.86,19.22,14.48,8.16,8.77,34.56,20.89,18.32,13.44,11.89,5.18,12.36,33.23,14.33,8.43,11.97,10.24,8.75,11.31,6.47,10.17,17.69,21.11,5.97,10.25,9.55,2.04,10.92,12.31,11.9,10.91,8.12,9.96,10.97,11.52,9.34,11.41,10.83,9.16,1.68,8.27,5.28,2.77,7.31,7.75,5.96,10.71,4.28,17.6,9.73,6.72,4.71,8.05,9.94,7.12,5.14,21.76,10.75,22.06,24.71,30.37,23.26,17.77,19.84,26.15,17.47,25.24,10.53,21.14,27.67,22.86,19.94,26.72,28.23,48.35,17.01,10.28,11.48,17.12,14.81,14.47,11.71,12.36,15.55,20.9,13.59,21.55,11.62,16.35,15.12,13.35,24.26,12.55,14.3,10.05,15.2,11.52,7.48,19.05,12.55,12.7,11.77,10.12,11.39,13.76,21.83,17.03,13.75,11.27,10.44,8.76,35.91,30.04,30.91,26.83,26.16,28.71,23.8,42.82,31.95,39.42,33.67,27.8,42.59,44.97,34.05,40.79,27.34,29.99,41.12,29.24,29.12,16.8,4.98,4.79,0.0,4.1,17.42,16.79,20.63,22.36,23.75,30.08,15.96,16.61,31.05,25.96,13.96,28.15,32.24,14.58,27.22,29.15,21.49,24.94,19.62,30.67,25.54,15.11,19.92,26.08,22.98,16.58,14.86,30.3,26.2,25.46,4.57,8.19,1.77,9.34,20.54,19.11,21.03,9.76,9.11,8.97,5.66,9.19,2.38,13.74,10.22,12.49,4.25,15.21,18.69,5.82,17.35,9.78,29.75,20.34,29.31,19.2,19.94,23.85,20.7,18.27,27.38,24.46,23.06,30.6,24.28,31.45,31.87,29.17,31.14,20.83,21.05,22.91,33.34,30.74,24.74,10.88,27.36,30.5,28.05,23.22,20.88,14.21,13.03,22.34,12.15,29.01,20.01,19.89,27.64,11.02,28.08,13.23,15.85,12.58,21.42,20.67,15.32,18.53,38.44,48.24,46.3,44.49,29.44,37.94,29.98,30.58,32.02,36.24,32.89,32.34,34.15,37.05,34.05,32.0,34.4,39.23,37.92,32.86,33.86,35.51,36.03,45.52,42.8,37.29,40.16,38.96,35.52,40.12,45.7,48.38,47.46,33.72,58.84,46.16,30.52,31.14,34.03,59.86,39.92,48.87,53.89,50.87
41.24,13.21,23.6,34.67,17.38,23.26,7.4,60.87,15.65,17.43,29.26,19.97,28.63,41.64,16.12,19.27,28.14,1.22,29.69,16.82,13.96,31.6,7.6,27.25,18.51,14.89,35.18,23.75,30.89,25.77,14.63,18.36,18.34,23.46,25.39,20.64,39.67,32.08,13.84,8.71,11.05,16.09,15.51,26.87,6.04,13.96,2.87,14.22,17.23,20.84,14.95,6.5,6.86,11.65,17.69,8.77,3.79,16.31,16.41,10.1,6.48,36.49,17.99,20.25,18.09,13.82,7.11,14.29,35.16,19.53,10.37,13.9,14.34,10.68,15.41,8.4,12.1,19.62,18.21,7.9,12.18,11.48,2.57,12.86,14.25,16.0,15.01,10.05,11.89,12.9,13.45,11.27,13.35,12.77,11.1,3.61,10.2,7.21,4.7,9.24,9.68,7.9,12.64,6.21,19.53,11.67,8.65,6.64,9.98,11.88,9.06,7.07,23.69,5.76,23.99,26.64,32.3,25.2,19.7,21.77,28.08,19.4,27.18,12.46,23.07,29.61,24.79,21.87,28.65,30.17,50.28,18.94,12.21,13.41,19.05,16.74,16.4,13.64,14.3,17.48,22.83,15.52,23.49,13.55,18.29,17.05,15.28,26.19,14.48,16.23,11.98,17.14,13.45,9.42,20.98,14.49,14.63,13.7,12.05,13.33,15.7,23.76,18.96,15.68,13.2,14.54,12.85,37.84,31.98,32.84,28.76,28.09,30.65,25.73,44.75,33.88,41.35,35.6,29.73,44.53,46.9,35.98,42.72,29.27,31.92,43.05,31.17,31.05,21.09,6.91,2.27,4.1,0.0,19.22,18.59,22.43,24.16,25.55,31.88,17.75,18.41,32.85,27.76,15.76,29.95,34.04,16.38,29.02,30.94,23.29,26.74,21.42,32.47,27.34,16.91,21.72,27.88,24.77,18.38,16.65,32.1,27.99,27.26,2.32,9.98,5.92,13.48,25.06,23.63,25.54,13.9,13.25,13.11,3.19,13.33,6.52,15.54,11.31,16.63,8.4,17.01,23.2,3.58,19.15,7.54,31.55,22.14,31.11,20.99,21.74,25.65,22.5,20.07,29.18,26.26,24.86,32.4,26.08,33.25,33.67,30.97,32.94,22.63,22.85,24.71,35.13,32.54,26.54,8.63,24.52,27.66,25.21,20.37,22.68,16.01,10.79,19.5,9.91,26.17,20.23,21.69,24.79,8.77,25.24,11.82,17.65,14.38,18.58,17.83,13.08,13.88,40.24,50.04,48.1,46.28,31.24,39.74,31.78,32.38,33.82,38.04,34.68,34.14,35.94,38.85,35.85,33.79,36.2,41.03,39.72,34.66,35.66,37.31,37.83,47.32,44.6,39.09,41.96,40.76,37.32,41.92,47.5,50.18,49.25,35.52,60.64,43.32,32.32,32.94,31.18,61.66,37.08,50.66,55.69,52.67
26.17,8.94,9.93,36.23,28.62,28.06,21.65,57.65,14.16,14.22,19.09,18.49,30.2,26.58,17.68,2.76,18.89,18.46,31.25,15.34,25.2,15.09,21.0,28.82,24.73,16.45,36.75,16.89,27.67,18.92,7.4,16.88,16.86,6.95,8.88,25.44,24.61,33.77,9.84,8.88,7.42,26.43,12.3,11.8,16.6,7.1,20.23,7.37,14.02,2.49,25.12,21.48,14.56,11.51,23.91,11.97,16.33,22.53,13.2,11.48,21.35,38.05,24.21,2.67,22.88,6.6,17.66,7.44,36.73,24.33,10.04,10.68,26.02,12.06,25.41,12.11,9.4,1.87,24.43,9.31,11.18,4.77,17.12,9.9,4.79,27.47,26.25,13.13,9.77,4.86,2.75,10.45,8.91,5.22,12.48,16.43,11.19,15.44,15.94,11.48,10.86,8.52,5.3,13.91,1.43,9.19,8.21,9.97,7.21,6.0,7.02,14.33,11.26,14.07,11.56,11.58,17.24,12.77,7.27,18.55,24.87,16.18,10.14,13.85,10.64,19.68,12.36,18.65,25.44,15.1,33.77,17.46,13.77,11.93,17.57,18.31,14.92,11.29,12.81,16.0,21.35,14.04,25.05,15.57,19.85,18.62,16.85,24.71,13.0,14.75,16.78,18.7,18.25,14.21,19.5,16.05,15.71,15.15,16.85,18.12,17.26,22.28,20.53,17.24,15.21,25.78,24.1,39.4,33.54,34.4,30.32,26.61,23.79,27.3,46.32,35.44,42.91,37.16,31.29,46.09,48.46,37.55,44.29,27.79,33.48,44.61,24.32,32.62,25.88,12.66,19.87,17.42,19.22,0.0,6.98,15.23,16.96,18.35,24.68,6.15,6.8,25.65,20.56,8.56,22.75,26.84,4.77,21.82,23.75,16.09,19.54,14.22,25.27,17.17,7.06,14.52,20.68,17.58,11.18,9.45,24.9,20.79,20.06,19.65,17.64,19.02,22.12,29.6,28.17,30.09,21.93,21.28,21.14,20.75,21.36,19.62,20.08,18.97,24.8,23.42,21.55,27.75,16.5,23.69,22.69,14.78,3.72,14.34,4.23,10.14,8.88,5.73,2.38,12.41,9.5,8.09,15.63,9.32,16.48,16.91,14.21,16.18,5.86,10.2,7.94,18.37,15.77,9.77,23.78,31.01,34.15,31.71,26.87,24.54,17.87,25.41,25.99,25.06,32.66,23.67,23.55,31.29,19.28,31.74,16.89,14.88,14.1,25.08,24.33,23.23,22.19,25.21,35.02,33.08,31.26,16.22,36.98,16.76,17.36,18.8,23.02,19.66,19.12,33.18,23.82,20.83,18.77,21.18,26.01,36.96,25.4,24.4,22.29,22.81,44.56,29.57,24.06,26.94,38.0,22.3,39.15,32.48,33.26,34.23,20.5,57.87,45.25,29.55,30.17,33.11,58.9,39.01,35.64,40.67,37.65
28.02,8.31,5.0,35.6,27.99,27.43,24.13,63.54,13.53,20.1,25.58,17.86,29.57,28.42,17.05,7.07,30.81,17.82,30.62,14.71,24.57,12.84,26.88,28.19,30.62,15.82,36.11,12.99,33.56,15.01,5.64,16.25,16.22,7.5,5.9,24.81,29.05,39.65,9.21,14.22,12.86,25.79,18.18,18.3,15.97,6.47,19.6,6.74,19.9,8.4,24.49,23.23,13.93,10.88,29.8,11.34,15.7,28.42,19.08,17.37,23.21,37.42,30.1,9.43,22.25,5.96,17.03,6.8,36.1,23.7,9.41,16.57,25.39,17.95,24.78,17.02,15.29,7.77,30.32,14.46,17.07,10.65,16.48,13.32,10.68,26.83,25.62,12.5,15.66,10.75,8.64,16.34,8.28,11.11,18.37,15.8,10.56,15.83,15.31,17.86,16.75,13.13,11.68,13.27,7.33,8.56,13.55,15.26,12.66,10.91,12.34,13.7,17.15,19.96,17.45,18.07,23.73,18.66,13.16,24.44,30.76,22.07,16.63,19.74,16.53,26.18,18.25,24.54,31.32,21.6,34.04,16.83,13.14,11.3,16.94,17.67,14.29,10.66,12.18,15.37,20.71,13.41,24.42,14.93,19.22,17.99,16.21,24.08,12.37,14.12,16.14,18.07,17.62,13.58,18.87,15.42,15.08,14.52,16.22,17.49,16.63,21.65,19.9,16.61,14.58,25.15,23.46,38.77,32.91,33.77,29.69,25.98,19.89,26.67,32.53,34.81,42.28,36.53,30.66,32.31,47.83,36.92,43.66,27.15,32.85,43.98,20.41,31.99,25.25,12.02,19.24,16.79,18.59,6.98,0.0,11.54,13.27,14.66,20.99,2.02,0.91,21.96,16.87,5.03,19.06,23.15,2.21,18.13,20.05,12.4,15.85,10.53,21.58,15.11,3.88,10.83,16.99,13.88,7.49,5.65,21.21,17.1,16.37,19.07,17.06,18.44,21.54,29.02,27.59,29.5,21.35,20.7,20.56,20.17,20.78,19.04,19.5,18.39,24.22,22.84,20.97,27.17,22.4,23.11,24.28,15.27,9.65,14.83,9.07,3.16,9.37,10.58,8.15,10.35,9.98,8.58,16.12,7.26,14.42,17.4,14.69,16.67,10.71,4.26,8.43,16.31,13.71,7.71,25.38,36.92,40.06,37.62,32.78,30.44,23.78,31.31,31.9,26.66,38.57,29.58,29.45,37.2,25.18,37.64,22.79,20.79,20.01,30.98,30.23,29.14,28.09,27.09,36.9,34.96,33.14,23.03,42.88,23.57,24.17,23.26,29.82,26.47,25.93,39.08,30.63,22.7,25.58,27.98,30.48,42.86,32.21,31.21,29.1,24.69,50.46,34.04,25.94,31.41,43.9,29.11,45.06,34.35,37.73,36.11,27.3,63.78,51.15,35.46,36.08,39.01,64.8,44.91,37.52,42.54,39.53
40.31,11.07,16.53,22.88,31.83,31.27,27.97,66.92,16.5,23.49,35.32,20.83,16.84,40.71,16.99,15.32,34.2,21.66,17.9,17.67,28.41,13.42,28.17,15.46,35.81,15.76,22.5,3.47,36.95,5.5,10.61,19.21,19.19,19.5,17.43,28.65,39.35,43.04,12.18,18.06,16.7,29.63,21.57,26.54,19.81,8.86,23.44,9.59,23.29,16.64,28.33,27.07,17.77,14.72,34.99,15.18,19.54,33.61,22.47,22.56,27.05,23.81,35.29,17.67,26.09,9.81,20.87,8.66,22.49,27.54,13.25,19.96,29.23,23.14,28.62,20.86,18.68,16.02,35.5,18.3,20.46,16.61,20.32,17.16,18.92,30.67,29.46,16.34,19.04,16.91,16.89,19.73,12.12,19.36,23.56,19.64,14.4,19.67,19.15,21.7,20.13,16.97,15.52,17.11,15.58,12.4,17.39,19.1,16.5,14.75,16.18,17.54,25.39,25.15,25.69,26.32,31.98,26.9,21.4,27.83,34.14,25.46,24.88,24.92,24.77,35.66,26.49,27.93,34.71,29.84,46.33,19.8,16.98,14.26,19.9,17.61,17.25,13.62,15.15,18.33,23.68,16.37,18.94,17.9,19.15,17.92,16.15,27.04,15.33,17.09,19.98,18.01,21.46,17.42,21.84,15.36,18.04,17.49,20.06,21.33,16.57,24.61,19.83,16.55,17.54,28.99,27.3,25.16,20.18,21.05,16.97,24.8,10.37,11.94,23.01,22.09,28.67,23.81,17.94,22.79,34.22,24.19,30.05,25.98,20.13,30.37,10.89,19.26,29.09,15.87,23.08,20.63,22.43,15.23,11.54,0.0,3.75,5.14,11.47,10.7,11.36,12.44,7.35,6.67,9.54,13.64,9.94,8.61,10.54,2.88,6.33,1.27,12.06,6.93,7.66,1.31,7.47,4.37,4.43,7.41,11.69,7.59,6.85,22.77,20.76,22.14,25.23,32.72,31.29,33.2,25.05,24.4,24.26,23.86,24.48,22.74,23.2,22.09,27.91,26.54,24.67,30.86,24.02,26.81,27.98,27.78,17.8,27.33,17.22,14.69,21.87,18.73,16.3,15.24,22.49,21.08,28.62,15.05,15.0,29.9,27.2,29.17,18.85,15.8,20.94,16.89,14.29,13.61,29.07,41.7,44.84,42.4,37.56,35.22,28.56,36.09,36.68,30.35,43.35,34.35,34.23,41.98,29.96,42.42,27.57,23.84,23.06,35.76,35.01,33.92,32.87,39.59,49.4,47.46,45.64,31.17,45.94,31.71,32.31,33.75,37.97,34.62,34.08,42.14,38.78,35.2,33.73,36.13,40.96,45.92,40.35,39.36,37.25,37.19,53.52,44.53,38.44,41.89,46.96,37.25,48.11,46.85,48.22,48.61,35.45,66.83,54.21,38.51,39.13,42.07,67.86,47.97,50.02,55.05,52.03
34.05,12.81,12.28,23.17,33.56,33.0,29.71,68.66,18.23,25.23,37.06,22.56,17.13,34.45,18.72,17.05,35.93,23.4,18.19,19.41,30.15,10.14,29.9,15.75,37.54,17.49,22.79,3.76,38.68,5.79,12.35,20.95,20.92,13.52,11.95,30.38,35.07,44.78,13.91,19.8,18.44,31.37,23.31,28.28,21.54,10.59,25.18,11.33,25.03,18.38,30.07,28.8,19.5,16.45,36.72,16.91,21.27,35.35,24.21,24.29,28.79,24.1,37.02,19.41,27.83,11.54,22.61,10.39,22.78,29.27,14.98,21.7,30.96,24.87,30.36,22.59,20.41,17.75,37.24,20.04,22.19,18.35,22.06,18.89,20.66,32.41,31.19,18.07,20.78,18.65,18.62,21.46,13.85,21.09,25.29,21.37,16.13,21.41,20.89,23.44,21.87,18.71,17.26,18.85,17.31,14.13,19.13,20.84,18.23,16.49,17.92,19.27,27.13,26.88,27.43,28.05,33.71,28.63,23.14,29.56,35.88,27.19,26.61,26.66,26.51,37.4,28.23,29.66,36.45,31.58,35.58,21.53,18.72,16.0,21.64,19.35,18.99,15.36,16.88,20.07,25.41,18.11,19.23,19.63,20.89,19.66,17.89,26.83,17.07,18.82,21.72,19.74,23.19,19.16,23.57,17.09,19.78,19.22,21.79,23.07,18.3,26.35,21.57,18.28,19.28,30.72,29.04,25.45,20.48,21.34,17.26,25.09,10.66,12.24,23.31,22.38,28.96,24.1,18.23,23.08,34.51,24.49,30.34,26.27,20.42,30.66,11.19,19.55,30.83,17.6,24.81,22.36,24.16,16.96,13.27,3.75,0.0,1.86,11.76,12.44,13.09,12.73,4.89,8.4,9.83,13.93,11.68,8.9,10.83,0.87,5.91,3.42,12.35,3.65,9.39,2.44,7.76,4.66,6.16,9.14,11.99,7.88,7.14,24.5,22.49,23.87,26.97,34.45,33.02,34.94,26.78,26.13,25.99,25.6,26.21,24.47,24.93,23.82,29.65,28.27,26.4,32.6,25.76,28.54,29.71,21.3,19.53,20.86,18.95,16.43,15.4,14.37,18.03,11.96,16.01,14.6,22.15,11.77,11.72,23.42,20.72,22.69,20.59,14.17,14.46,13.61,11.01,10.33,30.81,43.43,46.57,44.13,39.29,36.96,30.29,37.83,38.41,32.09,45.08,36.09,35.97,43.71,31.7,44.16,29.3,25.58,24.8,37.5,36.75,35.65,34.61,33.12,42.92,40.98,39.17,32.91,47.67,33.45,34.05,29.29,39.71,36.35,35.81,43.87,40.52,28.73,35.46,37.87,36.5,47.65,42.09,41.09,38.98,30.71,55.25,40.07,31.97,37.43,48.69,38.99,49.85,40.38,43.76,42.14,37.19,68.57,55.94,40.25,40.87,43.8,69.59,49.7,43.55,48.57,45.55
32.19,14.19,10.42,24.56,34.95,34.39,31.1,62.62,19.62,26.61,38.44,23.95,18.52,32.59,20.11,18.44,37.32,24.79,19.58,20.79,31.54,8.28,31.29,17.14,38.93,18.88,24.18,5.15,40.07,5.46,13.74,22.34,22.31,11.66,10.09,31.77,33.21,46.16,15.3,21.18,19.83,32.76,24.69,29.66,22.93,11.98,26.56,12.71,26.41,19.76,31.45,30.19,20.89,17.84,38.11,18.3,22.66,36.73,25.59,25.68,30.17,25.49,38.41,20.79,29.21,12.93,23.99,11.78,24.16,30.66,16.37,23.08,32.35,26.26,31.74,23.98,21.8,19.14,38.63,21.42,23.58,19.73,23.45,20.28,22.05,33.8,32.58,19.46,22.17,20.03,20.01,22.85,15.24,22.48,26.68,22.76,17.52,22.79,22.27,24.83,23.26,20.1,18.64,20.24,18.7,15.52,20.51,22.23,19.62,17.88,19.3,20.66,28.51,28.27,28.82,29.44,35.1,30.02,24.53,30.95,37.27,28.58,28.0,28.05,27.9,38.79,29.61,31.05,37.84,32.96,33.72,22.92,20.1,17.39,23.03,20.73,20.37,16.75,18.27,21.46,26.8,19.49,20.62,21.02,22.28,21.05,19.27,28.22,18.45,20.21,23.11,21.13,24.58,20.54,24.96,18.48,21.16,20.61,23.18,24.45,19.69,27.74,22.96,19.67,20.67,32.11,30.43,26.84,21.86,22.73,18.65,26.48,12.05,13.62,24.69,23.77,30.35,25.49,19.62,24.47,35.9,25.87,31.73,27.66,21.81,32.05,12.57,20.94,32.21,18.99,26.2,23.75,25.55,18.35,14.66,5.14,1.86,0.0,13.15,13.82,14.48,14.12,3.03,9.79,11.22,15.31,13.06,10.29,12.22,2.26,4.05,4.8,13.74,1.79,10.78,3.83,9.15,6.05,7.55,10.53,13.37,9.27,8.53,25.89,23.88,25.26,28.36,35.84,34.41,36.32,28.17,27.52,27.38,26.99,27.6,25.86,26.32,25.21,31.04,29.66,27.79,33.99,27.15,29.93,31.1,19.44,20.92,19.0,14.68,13.03,13.53,12.51,19.42,10.1,14.15,12.74,20.29,9.91,9.86,21.56,18.86,20.83,16.31,12.31,12.6,11.75,9.15,8.47,32.2,44.82,47.96,45.52,40.68,38.35,31.68,39.21,39.8,33.48,46.47,37.48,37.35,45.1,33.08,45.54,30.69,26.96,26.18,38.88,38.13,37.04,35.99,31.26,41.06,39.12,37.31,34.3,49.06,30.13,28.87,27.43,41.09,37.74,28.52,45.26,34.4,26.87,36.85,39.25,34.64,41.03,38.39,37.39,40.37,28.85,49.18,38.21,30.11,35.57,42.62,40.37,43.78,38.52,41.9,40.27,38.57,62.5,57.33,41.64,42.25,45.19,63.52,51.09,41.68,46.71,43.69
39.15,20.52,17.38,30.78,41.28,40.72,37.42,76.38,25.95,32.94,44.77,30.28,24.74,39.55,26.44,24.77,43.65,31.12,25.8,27.12,37.86,10.53,37.62,18.98,45.26,25.21,19.38,8.26,46.4,9.01,20.07,28.66,28.64,18.62,17.05,38.1,40.17,52.49,21.63,27.51,26.16,39.09,31.02,35.99,29.26,18.31,32.89,19.04,32.74,26.09,37.78,36.52,27.22,24.17,44.44,24.63,28.99,43.06,31.92,32.01,36.5,20.69,44.74,27.12,35.54,19.26,30.32,18.11,19.36,36.99,22.7,29.41,38.68,32.59,38.07,30.31,28.13,25.47,44.96,27.75,29.91,26.06,29.78,26.61,28.38,40.13,38.91,25.79,28.5,26.36,26.34,29.18,21.57,28.81,33.01,29.09,23.85,29.12,28.6,31.16,29.59,26.43,24.97,26.57,25.03,21.85,26.84,28.56,25.95,24.21,25.63,26.99,34.84,34.6,35.15,35.77,41.43,36.35,30.86,37.28,43.6,34.91,34.33,34.38,34.23,45.12,35.94,37.38,44.17,39.29,33.34,29.25,26.43,23.72,29.36,26.55,26.7,23.08,24.6,27.79,36.65,25.82,22.45,27.35,23.67,25.33,25.6,34.44,24.78,26.54,29.44,25.4,30.91,26.87,31.29,24.81,27.49,26.94,29.51,30.78,26.02,37.12,24.34,26.0,27.0,38.44,36.76,22.04,21.45,22.65,25.54,32.7,7.25,15.46,19.89,29.99,25.55,31.71,25.16,19.67,31.1,32.1,26.92,33.88,28.03,27.25,6.61,27.16,38.54,25.32,32.53,30.08,31.88,24.68,20.99,11.47,11.76,13.15,0.0,20.15,20.81,3.3,10.87,16.12,1.93,4.49,19.39,5.06,1.39,10.89,9.85,11.13,2.92,12.29,17.11,10.16,4.0,7.44,13.88,16.86,3.79,5.71,10.37,32.22,30.21,31.59,34.69,42.17,40.74,42.65,34.5,33.85,33.71,33.32,33.93,32.19,32.65,31.54,37.37,35.99,34.12,40.32,33.48,36.26,37.43,26.4,27.25,25.96,21.64,19.99,20.5,19.47,25.75,17.06,21.11,19.71,27.25,16.87,11.41,28.52,25.82,22.54,23.28,19.27,19.56,11.83,10.73,15.43,38.53,51.15,54.29,51.85,47.01,44.68,38.01,45.54,46.13,39.8,52.8,43.81,43.68,51.43,39.41,51.87,37.02,33.29,32.51,45.21,44.46,43.37,42.32,38.22,48.02,39.67,39.72,40.63,55.39,37.09,35.83,34.39,47.42,44.07,35.48,51.59,41.37,33.83,43.18,45.58,41.6,47.99,45.35,44.35,46.7,35.81,62.97,45.17,37.07,42.53,56.41,46.7,57.56,39.07,48.86,40.74,44.9,76.29,63.66,47.97,48.58,51.52,77.31,57.42,42.86,46.63,43.62
31.23,7.48,7.02,34.77,27.16,26.59,23.3,62.7,12.7,19.27,24.75,17.03,28.73,31.63,16.22,6.24,29.98,16.99,29.79,13.88,23.74,14.86,26.05,27.35,29.79,14.99,35.28,12.15,32.73,14.18,4.81,15.42,15.39,10.43,7.92,23.98,30.27,38.82,8.38,13.39,12.03,24.96,17.35,17.47,15.14,5.64,18.77,5.9,19.07,7.57,23.66,22.4,13.1,10.05,28.97,10.5,14.86,27.59,18.25,16.54,22.38,36.59,29.27,8.6,21.42,5.13,16.2,5.97,35.26,22.86,8.57,15.74,24.56,17.12,23.95,16.19,14.45,6.94,29.48,13.63,16.23,9.82,15.65,12.48,9.85,26.0,24.79,11.66,14.82,9.92,7.81,15.51,7.45,10.28,17.54,14.97,9.73,15.0,14.48,17.03,15.91,12.3,10.85,12.44,6.5,7.73,12.72,14.43,11.83,10.08,11.51,12.86,16.32,19.12,16.62,17.24,22.9,17.82,12.33,23.61,29.92,21.24,15.8,18.9,15.7,25.35,17.41,23.71,30.49,20.76,37.25,16.0,12.31,10.47,16.11,16.84,13.45,9.83,11.35,14.54,19.88,12.57,23.59,14.1,18.38,17.15,15.38,23.25,11.54,13.29,15.31,17.24,16.78,12.75,18.04,14.59,14.24,13.69,15.38,16.66,15.8,20.82,19.06,15.78,13.75,24.31,22.63,37.94,32.07,32.94,28.86,25.14,19.05,25.83,31.7,33.98,41.45,35.7,29.83,31.47,47.0,36.08,42.82,26.32,32.02,43.15,19.58,31.15,24.42,11.19,18.4,15.96,17.75,6.15,2.02,10.7,12.44,13.82,20.15,0.0,1.84,21.13,16.04,4.19,18.22,22.32,1.38,17.3,19.22,11.57,15.02,9.69,20.74,15.62,3.05,10.0,16.15,13.05,6.66,4.81,20.38,16.27,15.53,18.24,16.23,17.61,20.7,28.19,26.76,28.67,20.52,19.87,19.73,19.33,19.95,18.21,18.67,17.56,23.38,22.01,20.14,26.33,21.57,22.28,23.45,18.8,8.82,18.35,8.24,5.18,12.89,9.75,7.32,12.37,13.51,12.1,19.64,9.28,16.44,20.92,18.22,20.19,9.87,6.28,11.96,18.33,15.73,9.73,24.54,36.09,39.23,36.78,31.94,29.61,22.94,30.48,31.07,25.82,37.74,28.74,28.62,36.36,24.35,36.81,21.96,19.95,19.17,30.15,29.4,28.31,27.26,30.61,40.42,38.48,36.66,22.2,42.05,22.74,23.33,24.77,28.99,25.64,25.1,38.25,29.8,26.23,24.75,27.15,31.98,42.03,31.38,30.38,28.27,28.21,49.63,35.55,29.46,32.91,43.07,28.27,44.22,37.88,39.24,39.63,26.47,62.95,50.32,34.63,35.24,38.18,63.97,44.08,41.04,46.07,43.05
28.94,8.14,5.91,35.42,27.81,27.25,23.96,63.36,13.35,19.93,25.4,17.68,29.39,29.34,16.87,6.9,30.63,17.65,30.44,14.53,24.4,13.76,26.71,28.01,30.44,15.64,35.94,12.81,33.38,14.83,5.46,16.07,16.05,8.41,6.81,24.63,30.92,39.48,9.03,14.05,12.69,25.62,18.01,18.12,15.79,6.29,19.43,6.56,19.73,8.22,24.32,23.05,13.75,10.7,29.62,11.16,15.52,28.24,18.91,17.19,23.03,37.24,29.92,9.25,22.08,5.79,16.85,6.63,35.92,23.52,9.23,16.4,25.21,17.77,24.6,16.84,15.11,7.6,30.14,14.28,16.89,10.48,16.31,13.14,10.5,26.66,25.44,12.32,15.48,10.57,8.46,16.16,8.1,10.93,18.19,15.62,10.38,15.65,15.13,17.69,16.57,12.96,11.5,13.1,7.16,8.38,13.37,15.09,12.48,10.74,12.16,13.52,16.97,19.78,17.27,17.89,23.55,18.48,12.98,24.26,30.58,21.89,16.45,19.56,16.35,26.0,18.07,24.36,31.15,21.42,34.96,16.65,12.96,11.12,16.76,17.5,14.11,10.48,12.0,15.19,20.54,13.23,24.24,14.76,19.04,17.81,16.04,23.9,12.19,13.94,15.97,17.89,17.44,13.4,18.69,15.24,14.9,14.34,16.04,17.31,16.45,21.47,19.72,16.43,14.4,24.97,23.29,38.59,32.73,33.6,29.51,25.8,19.71,26.49,32.35,34.63,42.1,36.35,30.48,32.13,47.65,36.74,43.48,26.98,32.67,43.81,20.23,31.81,25.07,11.85,19.06,16.61,18.41,6.8,0.91,11.36,13.09,14.48,20.81,1.84,0.0,21.78,16.69,4.85,18.88,22.97,2.03,17.95,19.88,12.22,15.67,10.35,21.4,16.27,3.7,10.65,16.81,13.71,7.31,5.47,21.03,16.92,16.19,18.89,16.88,18.26,21.36,28.84,27.41,29.33,21.17,20.52,20.38,19.99,20.6,18.86,19.32,18.21,24.04,22.66,20.79,26.99,22.23,22.93,24.1,16.19,9.48,15.75,8.9,4.07,10.28,10.4,7.97,11.26,10.9,9.49,17.04,8.17,15.34,18.31,15.61,17.58,10.53,5.18,9.35,17.22,14.63,8.63,25.2,36.74,39.88,37.44,32.6,30.27,23.6,31.13,31.72,26.48,38.39,29.4,29.27,37.02,25.0,37.47,22.61,20.61,19.83,30.8,30.06,28.96,27.92,28.01,37.81,35.87,34.06,22.85,42.7,23.39,23.99,25.43,29.65,26.29,25.75,38.91,30.46,23.62,25.4,27.81,32.64,42.68,32.03,31.03,28.92,25.6,50.29,36.21,26.86,33.57,43.73,28.93,44.88,35.27,39.89,37.02,27.13,63.6,50.97,35.28,35.9,38.84,64.63,44.73,38.43,43.46,40.44
39.8,21.49,18.03,31.75,42.25,41.69,38.4,77.35,26.92,33.91,45.75,31.25,25.72,40.2,27.41,25.74,44.62,32.09,26.77,28.1,38.84,11.18,38.59,19.95,46.23,26.18,20.35,9.24,47.37,9.98,21.04,29.64,29.61,19.27,17.71,39.07,40.82,53.47,22.6,28.49,27.13,40.06,32.0,36.97,30.23,19.28,33.87,20.02,33.72,27.07,38.76,37.49,28.19,25.14,45.41,25.6,29.96,44.03,32.9,32.98,37.47,21.66,45.71,28.1,36.52,20.23,31.3,19.08,20.33,37.96,23.67,30.38,39.65,33.56,39.04,31.28,29.1,26.44,45.93,28.73,30.88,27.03,30.75,27.58,29.35,41.1,39.88,26.76,29.47,27.33,27.31,30.15,22.54,29.78,33.98,30.06,24.82,30.09,29.58,32.13,30.56,27.4,25.94,27.54,26.0,22.82,27.81,29.53,26.92,25.18,26.61,27.96,35.82,35.57,36.12,36.74,42.4,37.32,31.83,38.25,44.57,35.88,35.3,35.35,35.2,46.09,36.91,38.35,45.14,40.27,33.99,30.22,27.4,24.69,30.33,27.52,27.67,24.05,25.57,28.76,37.62,26.8,23.42,28.32,24.64,26.3,26.57,35.42,25.76,27.51,30.41,26.37,31.88,27.85,32.26,25.78,28.46,27.91,30.48,31.76,26.99,38.09,25.31,26.97,27.97,39.41,37.73,23.01,22.42,23.62,26.51,33.67,8.22,16.43,9.76,30.96,26.52,32.68,26.13,20.64,32.07,33.07,27.9,34.85,29.0,28.22,7.58,28.14,39.51,26.29,33.5,31.05,32.85,25.65,21.96,12.44,12.73,14.12,3.3,21.13,21.78,0.0,11.84,17.09,2.9,2.55,20.37,6.03,1.9,11.86,10.82,12.1,0.98,13.26,18.08,11.13,4.97,8.41,14.85,17.83,4.76,6.68,11.34,33.19,31.18,32.56,35.66,43.14,41.71,43.63,35.47,34.82,34.68,34.29,34.9,33.16,33.62,32.51,38.34,36.96,35.09,41.29,34.45,37.23,38.4,27.05,28.22,26.61,27.64,20.64,21.15,20.12,26.72,17.71,21.76,20.36,27.9,17.52,12.06,29.17,26.47,23.19,29.28,19.92,20.21,12.48,11.38,16.08,39.5,52.12,55.26,52.82,47.98,45.65,38.98,46.51,47.1,40.78,53.77,44.78,44.65,52.4,40.38,52.85,37.99,34.27,33.49,46.18,45.44,44.34,43.3,38.87,48.68,40.32,40.38,41.6,56.36,42.14,36.48,35.04,48.39,45.04,36.13,52.56,42.02,34.48,44.15,46.55,42.25,56.34,50.78,49.78,47.67,36.47,63.94,45.82,37.72,43.18,57.38,47.67,58.54,39.72,49.51,41.39,45.87,77.26,64.63,48.94,49.56,52.49,78.28,58.39,43.51,47.29,44.27
32.35,16.41,10.58,22.28,37.17,36.6,33.31,62.79,21.83,28.83,40.66,26.16,16.24,32.76,22.32,20.65,39.53,27.0,17.3,23.01,33.75,8.45,33.5,14.86,41.15,21.09,21.9,4.15,42.28,2.43,15.95,24.55,24.52,11.83,10.26,33.99,33.38,48.38,17.51,23.4,22.04,34.97,26.91,31.88,25.14,14.19,28.78,14.93,28.63,21.98,33.67,32.4,23.11,20.06,40.32,20.51,24.87,38.95,27.81,27.89,32.39,23.21,40.62,23.01,31.43,15.14,26.21,13.99,21.89,32.87,18.58,25.3,34.56,28.48,33.96,26.2,24.01,21.36,40.84,23.64,25.79,21.95,25.66,22.49,24.26,36.01,34.79,21.67,24.38,22.25,22.22,25.07,17.45,24.69,28.89,24.97,19.74,25.01,24.49,27.04,25.47,22.31,20.86,22.45,20.92,17.73,22.73,24.44,21.84,20.09,21.52,22.87,30.73,30.48,31.03,31.65,32.67,32.24,26.74,33.16,39.48,30.79,30.21,30.26,30.11,41.0,31.83,33.27,40.05,35.18,33.89,25.13,22.32,19.6,25.24,22.43,22.59,18.96,20.48,23.67,29.02,21.71,18.34,23.24,19.55,21.22,21.49,25.94,20.67,22.42,25.32,21.28,26.79,22.76,27.17,20.69,23.38,22.82,25.39,26.67,21.9,29.95,20.22,21.89,22.88,34.32,32.64,24.56,19.58,20.45,16.37,24.2,9.77,11.35,22.42,21.49,28.07,23.21,17.34,22.19,33.62,23.59,29.45,25.38,19.53,29.77,10.3,18.66,34.43,21.2,28.41,25.96,27.76,20.56,16.87,7.35,4.89,3.03,10.87,16.04,16.69,11.84,0.0,12.0,8.94,13.04,15.28,8.01,9.94,5.29,1.02,7.02,11.46,1.42,12.99,6.04,6.87,3.56,9.76,12.74,11.1,6.99,6.25,28.1,26.1,27.47,30.57,38.05,36.62,38.54,30.38,29.73,29.59,29.2,29.81,28.08,28.53,27.42,33.25,31.88,30.0,36.2,29.36,32.14,33.31,19.61,18.55,19.16,14.85,13.19,13.7,12.68,21.63,10.26,14.32,12.91,20.45,10.07,10.03,21.73,19.03,21.0,16.48,12.48,12.77,11.92,9.32,8.64,34.41,47.03,50.17,47.73,42.89,40.56,33.89,41.43,42.02,35.69,48.69,39.69,39.57,47.31,35.3,47.76,32.91,29.18,28.4,41.1,40.35,39.25,38.21,31.42,41.23,39.29,37.47,36.51,43.05,30.3,29.04,27.6,38.48,35.12,28.69,47.48,34.57,27.04,34.23,36.64,34.81,41.2,38.55,37.56,37.75,29.02,49.35,38.37,30.27,35.74,42.79,35.42,43.94,38.69,42.06,40.44,35.96,62.66,59.54,43.85,44.47,47.41,63.69,53.3,41.85,46.88,43.86
33.64,4.4,10.02,28.87,25.16,24.6,21.3,60.26,9.83,16.82,28.65,14.16,22.84,34.04,10.32,8.65,27.53,15.0,23.89,11.0,21.75,20.98,21.5,21.46,29.14,9.09,29.38,8.12,30.28,10.14,3.95,12.55,12.52,12.84,10.92,21.98,32.68,36.37,5.51,11.39,10.04,22.97,14.9,19.87,13.14,2.19,16.77,2.92,16.62,9.97,21.66,20.4,11.1,8.05,28.32,8.51,12.87,26.94,15.8,15.89,20.38,30.69,28.62,11.0,19.42,3.14,14.2,1.99,29.37,20.87,6.58,13.29,22.56,16.47,21.95,14.19,12.01,9.35,28.84,11.63,13.79,9.94,13.66,10.49,12.26,24.01,22.79,9.67,12.38,10.24,10.22,13.06,5.45,12.69,16.89,12.97,7.73,13.0,12.48,15.04,13.47,10.31,8.85,10.45,8.91,5.73,10.72,12.44,9.83,8.09,9.51,10.87,18.72,18.48,19.03,19.65,25.31,20.23,14.74,21.16,27.48,18.79,18.21,18.26,18.11,29.0,19.82,21.26,28.05,23.17,39.66,13.13,10.31,7.6,13.24,10.94,10.58,6.96,8.48,11.67,17.01,9.7,17.69,11.23,12.49,11.26,9.48,20.38,8.66,10.42,13.32,11.34,14.79,10.75,15.17,8.69,11.37,10.82,13.39,14.66,9.9,17.95,13.17,9.88,10.88,22.32,20.64,32.04,26.18,27.04,22.96,22.27,15.02,19.94,27.66,28.08,35.55,29.8,23.93,27.44,41.1,30.19,36.93,23.45,26.12,37.25,15.54,25.26,22.42,9.2,16.41,13.96,15.76,8.56,5.03,6.67,8.4,9.79,16.12,4.19,4.85,17.09,12.0,0.0,14.19,18.28,3.43,13.26,15.19,7.53,10.98,5.66,16.71,11.58,1.15,5.96,12.12,9.02,2.62,0.9,16.34,12.24,11.5,16.1,14.09,15.47,18.57,26.05,24.62,26.53,18.38,17.73,17.59,17.2,17.81,16.07,16.53,15.42,21.25,19.87,18.0,24.2,17.36,20.14,21.31,21.11,11.13,20.67,10.55,8.18,15.2,12.06,9.63,15.38,15.82,14.41,21.95,12.28,19.45,23.23,20.53,22.5,12.18,9.29,14.27,21.33,18.74,12.74,22.41,35.03,38.17,35.73,30.89,28.56,21.89,29.42,30.01,23.68,36.68,27.69,27.56,35.31,23.29,35.75,20.9,17.17,16.39,29.09,28.34,27.25,26.2,32.93,42.73,40.79,38.97,24.51,39.27,25.05,25.64,27.08,31.3,27.95,27.41,35.47,32.11,28.54,27.06,29.46,34.3,39.25,33.69,32.69,30.58,30.52,46.85,37.86,31.78,35.22,40.29,30.58,41.44,40.19,41.55,41.94,28.78,60.17,47.54,31.85,32.46,35.4,61.19,41.3,43.35,48.38,45.36
40.87,18.59,19.1,24.46,39.35,38.79,35.49,74.45,24.02,31.01,42.84,28.35,18.43,41.27,24.51,22.84,41.72,29.19,19.48,25.19,35.93,12.25,35.69,17.05,43.33,23.28,18.98,6.33,44.47,7.08,18.13,26.73,26.71,20.34,18.78,36.17,41.9,50.56,19.7,25.58,24.23,37.15,29.09,34.06,27.33,16.38,30.96,17.11,30.81,24.16,35.85,34.59,25.29,22.24,42.51,22.7,27.06,41.13,29.99,30.08,34.57,20.29,42.81,25.19,33.61,17.33,28.39,16.18,18.97,35.06,20.77,27.48,36.75,30.66,36.14,28.38,26.2,23.54,43.03,25.82,27.98,24.13,27.84,24.68,26.45,38.2,36.98,23.86,26.56,24.43,24.41,27.25,19.64,26.88,31.08,27.16,21.92,27.19,26.67,29.22,27.65,24.5,23.04,24.64,23.1,19.92,24.91,26.63,24.02,22.28,23.7,25.06,32.91,32.67,33.21,33.84,39.5,34.42,28.93,35.35,41.66,32.98,32.4,32.45,32.3,43.19,34.01,35.45,42.23,37.36,35.06,27.32,24.5,21.78,27.43,24.61,24.77,21.15,22.67,25.86,31.2,23.89,20.52,25.42,21.74,23.4,23.67,28.13,22.85,24.61,27.51,23.47,28.98,24.94,29.36,22.88,25.56,25.01,27.58,28.85,24.09,32.14,22.4,24.07,25.06,36.51,34.83,21.64,21.05,22.26,18.55,26.39,6.85,13.53,19.5,23.67,25.15,25.39,24.76,19.27,30.7,25.78,26.53,27.56,21.71,26.85,6.21,20.85,36.61,23.39,30.6,28.15,29.95,22.75,19.06,9.54,9.83,11.22,1.93,18.22,18.88,2.9,8.94,14.19,0.0,4.1,17.46,3.13,1.0,8.96,7.92,9.2,2.52,10.36,15.18,8.23,2.07,5.51,11.95,14.93,2.15,3.78,8.44,30.29,28.28,29.66,32.76,40.24,38.81,40.72,32.57,31.92,31.78,31.38,32.0,30.26,30.72,29.61,35.44,34.06,32.19,38.38,31.54,34.33,35.5,28.12,25.32,27.68,24.74,22.21,22.22,21.19,23.82,18.78,22.83,21.43,28.97,18.59,13.13,30.24,27.54,24.26,26.37,20.99,21.28,13.55,12.45,17.15,36.6,49.22,52.36,49.92,45.08,42.75,36.08,43.61,44.2,37.87,50.87,41.88,41.75,49.5,37.48,49.94,35.09,31.36,30.58,43.28,42.53,41.44,40.39,39.94,49.75,41.39,41.45,38.7,53.46,39.24,39.83,36.11,45.49,42.14,37.21,49.66,46.3,35.55,41.25,43.65,43.32,53.44,47.88,46.88,44.77,37.54,61.04,46.89,38.79,44.25,54.48,44.77,55.63,40.79,50.58,42.46,42.97,74.35,61.73,46.03,46.65,49.59,75.38,55.49,44.58,48.36,45.34
43.43,22.69,21.66,32.94,43.45,42.88,39.59,78.54,28.11,35.11,46.94,32.44,26.91,43.83,28.6,26.94,45.81,33.28,27.96,29.29,40.03,14.81,39.79,21.14,47.43,27.37,21.55,10.43,48.57,11.18,22.23,30.83,30.81,22.9,21.34,40.27,44.46,54.66,23.79,29.68,28.32,41.25,33.19,38.16,31.42,20.47,35.06,21.21,34.91,28.26,39.95,38.69,29.39,26.34,46.6,26.79,31.15,45.23,34.09,34.18,38.67,22.85,46.91,29.29,37.71,21.42,32.49,20.27,21.53,39.15,24.86,31.58,40.85,34.76,40.24,32.48,30.29,27.64,47.12,29.92,32.07,28.23,31.94,28.77,30.54,42.29,41.08,27.95,30.66,28.53,28.5,31.35,23.74,30.97,35.17,31.25,26.02,31.29,30.77,33.32,31.75,28.59,27.14,28.73,27.2,24.02,29.01,30.72,28.12,26.37,27.8,29.15,37.01,36.76,37.31,37.93,43.59,38.52,33.02,39.44,45.76,37.07,36.49,36.54,36.39,47.28,38.11,39.55,46.33,41.46,37.63,31.41,28.6,25.88,31.52,28.71,28.87,25.24,26.76,29.95,38.81,27.99,24.62,29.52,25.83,27.5,27.77,36.61,26.95,28.7,31.6,27.56,33.07,29.04,33.45,26.97,29.66,29.1,31.67,32.95,28.18,39.28,26.5,28.17,29.16,40.6,38.92,24.2,23.62,24.82,27.7,34.87,9.41,17.63,8.52,32.15,27.71,33.87,27.33,9.77,33.26,34.26,29.09,36.04,30.19,29.41,8.77,29.33,40.71,27.48,34.69,32.24,34.04,26.84,23.15,13.64,13.93,15.31,4.49,22.32,22.97,2.55,13.04,18.28,4.1,0.0,21.56,7.23,3.1,13.06,12.02,13.3,1.58,14.46,19.27,12.32,6.16,9.6,16.04,19.02,5.95,7.87,12.53,34.38,32.38,33.75,36.85,44.33,42.9,44.82,36.66,36.01,35.87,35.48,36.09,34.36,34.82,33.7,39.53,38.16,36.28,42.48,35.64,38.42,39.59,30.68,29.42,30.24,28.84,24.27,24.78,23.75,27.91,21.34,25.39,23.99,31.53,21.15,15.69,32.81,30.1,26.82,30.47,23.55,23.84,16.11,15.01,19.72,40.69,53.32,56.46,54.01,49.17,46.84,40.17,47.71,48.3,41.97,54.97,45.97,45.85,53.59,41.58,54.04,39.19,35.46,34.68,47.38,46.63,45.54,44.49,42.5,52.31,43.96,44.01,42.79,57.55,43.33,40.11,38.67,49.59,46.23,39.77,53.76,45.65,38.11,45.34,47.75,45.89,57.53,51.97,50.97,48.86,40.1,65.14,49.45,41.35,46.82,58.57,48.87,59.73,43.35,53.14,45.02,47.07,78.45,65.82,50.13,50.75,53.69,79.48,59.58,47.14,50.92,47.9
29.85,6.1,7.21,33.39,25.78,25.22,21.92,61.33,11.32,17.89,23.37,15.65,27.36,30.26,14.84,4.86,28.6,15.62,28.41,12.5,22.36,15.05,24.68,25.98,28.41,13.61,33.9,11.39,31.35,13.42,3.43,14.04,14.01,9.05,8.11,22.6,28.89,37.44,7.0,12.01,10.66,23.58,15.98,16.09,13.76,4.26,17.39,4.53,17.7,6.19,22.28,21.02,11.72,8.67,27.59,9.13,13.49,26.21,16.87,15.16,21.0,35.21,27.89,7.22,20.04,3.76,14.82,4.59,33.89,21.49,7.2,14.36,23.18,15.74,22.57,14.81,13.08,5.57,28.11,12.25,14.86,8.44,14.27,11.11,8.47,24.63,23.41,10.29,13.45,8.54,6.43,14.13,6.07,8.9,16.16,13.59,8.35,13.62,13.1,15.65,14.54,10.93,9.47,11.07,5.13,6.35,11.34,13.06,10.45,8.71,10.13,11.49,14.94,17.75,15.24,15.86,21.52,16.45,10.95,22.23,28.55,19.86,14.42,17.53,14.32,23.97,16.04,22.33,29.12,19.39,35.88,14.62,10.93,9.09,14.73,15.47,12.08,8.45,9.97,13.16,18.51,11.2,22.21,12.73,17.01,15.78,14.0,21.87,10.16,11.91,13.93,15.86,15.41,11.37,16.66,13.21,12.87,12.31,14.01,15.28,14.42,19.44,17.69,14.4,12.37,22.94,21.26,36.56,30.7,31.56,27.48,23.77,18.29,24.46,43.47,32.6,40.07,34.32,28.45,43.25,45.62,34.71,41.45,24.94,30.64,41.77,18.82,29.78,23.04,9.82,17.03,14.58,16.38,4.77,2.21,9.94,11.68,13.06,19.39,1.38,2.03,20.37,15.28,3.43,17.46,21.56,0.0,16.54,18.46,10.81,14.26,8.93,19.98,14.86,2.28,9.24,15.39,12.29,5.9,4.05,19.62,15.51,14.77,16.86,14.85,16.23,19.33,26.81,25.38,27.3,19.14,18.49,18.35,17.96,18.57,16.83,17.29,16.18,22.01,20.63,18.76,24.96,20.2,20.9,22.07,17.42,7.44,16.98,6.86,5.36,11.52,8.37,5.94,12.56,12.13,10.72,18.27,9.47,16.63,19.54,16.84,18.81,8.5,6.47,10.58,18.52,15.92,9.92,23.17,34.71,37.85,35.41,30.57,28.24,21.57,29.1,29.69,24.45,36.36,27.37,27.24,34.99,22.97,35.43,20.58,18.58,17.8,28.77,28.02,26.93,25.88,29.24,39.04,37.11,35.29,20.82,40.67,21.36,21.96,23.4,27.62,24.26,23.72,36.88,28.43,24.85,23.37,25.78,30.61,40.65,30.0,29.0,26.89,26.83,48.25,34.17,28.09,31.54,41.69,26.9,42.85,36.5,37.86,38.26,25.1,61.57,48.94,33.25,33.87,36.81,62.59,42.7,39.67,44.69,41.67
46.9,17.66,22.23,23.53,38.42,37.86,34.57,73.52,23.09,30.08,41.92,27.42,17.5,47.3,23.58,21.91,40.79,28.26,18.55,24.27,35.01,15.38,34.76,16.12,42.4,22.35,22.11,5.41,43.54,6.15,17.21,25.81,25.78,26.1,21.91,35.24,45.94,49.64,18.77,24.66,23.3,36.23,28.17,33.14,26.4,15.45,30.04,16.19,29.89,23.24,34.93,33.66,24.36,21.31,41.58,21.77,26.13,40.2,29.07,29.15,33.64,23.42,41.88,24.27,32.69,16.4,27.46,15.25,22.1,34.13,19.84,26.55,35.82,29.73,35.21,27.45,25.27,22.61,42.1,24.9,27.05,23.2,26.92,23.75,25.52,37.27,36.05,22.93,25.64,23.5,23.48,26.32,18.71,25.95,30.15,26.23,20.99,26.26,25.74,28.3,26.73,23.57,22.11,23.71,22.17,18.99,23.98,25.7,23.09,21.35,22.77,24.13,31.99,31.74,32.29,32.91,38.57,33.49,28.0,34.42,40.74,32.05,31.47,31.52,31.37,42.26,33.08,34.52,41.31,36.43,38.19,26.39,23.57,20.86,26.5,23.69,23.84,20.22,21.74,24.93,30.27,22.97,19.59,24.49,20.81,22.47,22.74,27.2,21.93,23.68,26.58,22.54,28.05,24.02,28.43,21.95,24.63,24.08,26.65,27.93,23.16,31.21,21.48,23.14,24.14,35.58,33.9,24.77,24.18,25.38,17.62,25.46,9.98,12.6,22.63,22.74,28.28,24.46,18.59,22.4,33.83,24.85,29.66,26.64,20.78,29.98,9.34,19.92,35.68,22.46,29.67,27.22,29.02,21.82,18.13,8.61,8.9,10.29,5.06,17.3,17.95,6.03,8.01,13.26,3.13,7.23,16.54,0.0,4.13,8.03,6.99,8.27,5.65,9.43,14.25,7.3,1.14,4.58,11.02,14.0,5.28,2.85,7.51,29.36,27.35,28.73,31.83,39.31,37.88,39.79,31.64,30.99,30.85,30.46,31.07,29.33,29.79,28.68,34.51,33.13,31.26,37.46,30.62,33.4,34.57,34.37,24.39,33.93,23.81,21.28,28.46,25.32,22.89,21.91,29.08,27.67,35.22,21.72,16.26,36.49,33.79,27.39,25.45,22.39,27.53,16.68,15.58,20.28,35.67,48.29,51.43,48.99,44.15,41.82,35.15,42.68,43.27,36.95,49.94,40.95,40.82,48.57,36.55,49.02,34.16,30.44,29.65,42.35,41.61,40.51,39.47,46.19,55.99,44.52,44.58,37.77,52.53,38.31,38.9,40.35,44.56,41.21,40.67,48.73,45.37,41.8,40.32,42.72,47.56,52.51,46.95,45.95,43.84,43.78,60.11,51.12,45.04,48.49,53.55,43.84,54.7,43.92,54.81,45.59,42.04,73.43,60.8,45.11,45.73,48.66,74.45,54.56,56.61,51.49,48.47
40.33,19.59,18.56,29.85,40.35,39.78,36.49,75.44,25.02,32.01,43.84,29.34,23.81,40.74,25.51,23.84,42.72,30.18,24.87,26.19,36.93,11.72,36.69,18.05,44.33,24.28,18.45,7.33,45.47,8.08,19.13,27.73,27.71,19.81,18.24,37.17,41.36,51.56,20.7,26.58,25.22,38.15,30.09,35.06,28.33,17.37,31.96,18.11,31.81,25.16,36.85,35.59,26.29,23.24,43.51,23.7,28.05,42.13,30.99,31.08,35.57,19.75,43.81,26.19,34.61,18.32,29.39,17.18,18.43,36.05,21.77,28.48,37.75,31.66,37.14,29.38,27.19,24.54,44.02,26.82,28.97,25.13,28.84,25.68,27.44,39.19,37.98,24.86,27.56,25.43,25.41,28.25,20.64,27.88,32.08,28.16,22.92,28.19,27.67,30.22,28.65,25.49,24.04,25.63,24.1,20.92,25.91,27.62,25.02,23.27,24.7,26.05,33.91,33.66,34.21,34.83,40.5,35.42,29.92,36.35,42.66,33.98,33.4,33.44,33.29,44.18,35.01,36.45,43.23,38.36,34.53,28.31,25.5,22.78,28.42,25.61,25.77,22.14,23.67,26.85,35.71,24.89,21.52,26.42,22.74,24.4,24.67,33.51,23.85,25.6,28.5,24.46,29.98,25.94,30.35,23.87,26.56,26.0,28.57,29.85,25.09,36.19,23.4,25.07,26.06,37.5,35.82,21.11,20.52,21.72,24.6,31.77,6.31,14.53,18.96,29.06,24.61,30.78,24.23,18.74,30.16,31.16,25.99,32.95,27.1,26.32,5.68,26.23,37.61,24.38,31.6,29.15,30.94,23.75,20.05,10.54,10.83,12.22,1.39,19.22,19.88,1.9,9.94,15.19,1.0,3.1,18.46,4.13,0.0,9.96,8.92,10.2,1.52,11.36,16.18,9.22,3.07,6.5,12.95,15.92,2.85,4.78,9.43,31.28,29.28,30.66,33.75,41.24,39.81,41.72,33.56,32.92,32.77,32.38,32.99,31.26,31.72,30.6,36.43,35.06,33.19,39.38,32.54,35.33,36.5,27.59,26.32,27.14,25.74,21.17,21.68,20.65,24.82,18.24,22.3,20.89,28.43,18.05,12.59,29.71,27.01,23.72,27.37,20.46,20.75,13.02,11.91,16.62,37.59,50.22,53.36,50.91,46.08,43.74,37.07,44.61,45.2,38.87,51.87,42.87,42.75,50.5,38.48,50.94,36.09,32.36,31.58,44.28,43.53,42.44,41.39,39.4,49.21,40.86,40.91,39.69,54.45,40.23,37.02,35.57,46.49,43.14,36.67,50.66,42.55,35.01,42.25,44.65,42.79,54.44,48.87,47.88,45.77,37.0,62.04,46.35,38.25,43.72,55.48,45.77,56.63,40.25,50.04,41.92,43.97,75.35,62.73,47.03,47.65,50.59,76.38,56.49,44.04,47.82,44.8
34.44,11.94,12.67,22.3,32.69,32.13,28.84,67.79,17.36,24.36,36.19,21.69,16.26,34.85,17.85,16.18,35.06,22.53,17.32,18.54,29.28,10.54,29.03,14.88,36.68,16.62,21.93,2.89,37.81,4.92,11.48,20.08,20.05,13.92,12.35,29.52,40.21,43.91,13.04,18.93,17.57,30.5,22.44,27.41,20.67,9.72,24.31,10.46,24.16,17.51,29.2,27.93,18.64,15.59,35.85,16.04,20.4,34.48,23.34,23.42,27.92,23.23,36.15,18.54,26.96,10.67,21.74,9.52,21.91,28.4,14.11,20.83,30.09,24.0,29.49,21.73,19.54,16.88,36.37,19.17,21.32,17.48,21.19,18.02,19.79,31.54,30.32,17.2,19.91,17.78,17.75,20.59,12.98,20.22,24.42,20.5,15.26,20.54,20.02,22.57,21.0,17.84,16.39,17.98,16.45,13.26,18.26,19.97,17.37,15.62,17.05,18.4,26.26,26.01,26.56,27.18,32.84,27.77,22.27,28.69,35.01,26.32,25.74,25.79,25.64,36.53,27.36,28.79,35.58,30.71,35.98,20.66,17.85,15.13,20.77,18.48,18.12,14.49,16.01,19.2,24.55,17.24,18.36,18.77,20.02,18.79,17.02,25.96,16.2,17.95,20.85,18.87,22.32,18.29,22.7,16.22,18.91,18.35,20.92,22.2,17.43,25.48,20.7,17.41,18.41,29.85,28.17,24.58,19.61,20.47,16.39,24.22,9.79,11.37,22.44,21.51,28.09,23.23,17.36,22.21,33.64,23.62,29.47,25.4,19.55,29.79,10.32,18.69,29.96,16.73,23.94,21.49,23.29,16.09,12.4,2.88,0.87,2.26,10.89,11.57,12.22,11.86,5.29,7.53,8.96,13.06,10.81,8.03,9.96,0.0,5.76,2.55,11.48,4.05,8.52,1.57,6.89,3.79,5.29,8.27,11.12,7.01,6.27,23.63,21.63,23.0,26.1,33.58,32.15,34.07,25.91,25.26,25.12,24.73,25.34,23.61,24.06,22.95,28.78,27.41,25.53,31.73,24.89,27.67,28.84,21.7,18.66,21.25,18.08,15.56,15.79,19.59,17.16,12.35,16.41,15.0,22.54,12.16,12.12,23.82,21.12,23.09,19.72,16.66,14.86,14.0,11.41,10.73,29.94,42.56,45.7,43.26,38.42,36.09,29.42,36.96,37.55,31.22,44.22,35.22,35.1,42.84,30.83,43.29,28.44,24.71,23.93,36.63,35.88,34.78,33.74,33.51,43.32,41.38,39.56,32.04,46.8,32.58,33.18,34.62,38.84,35.48,34.94,43.01,39.65,29.12,34.59,37.0,41.83,46.78,41.22,40.22,38.11,31.11,54.38,45.39,32.36,42.76,47.82,38.12,48.98,40.77,49.08,42.53,36.32,67.7,55.07,39.38,40.0,42.94,68.72,48.83,43.94,48.97,45.95
33.38,15.39,11.6,21.26,36.14,35.58,32.29,71.24,20.81,27.81,39.64,25.14,15.22,33.78,21.3,19.63,38.51,25.98,16.28,21.99,32.73,9.47,32.48,13.84,40.12,20.07,20.88,3.13,41.26,1.4,14.93,23.53,23.5,12.85,11.28,32.96,34.4,47.36,16.49,22.38,21.02,33.95,25.89,30.86,24.12,13.17,27.76,13.91,27.61,20.96,32.65,31.38,22.08,19.03,39.3,19.49,23.85,37.93,26.79,26.87,31.37,22.19,39.6,21.99,30.41,14.12,25.19,12.97,20.87,31.85,17.56,24.28,33.54,27.45,32.94,25.17,22.99,20.33,39.82,22.62,24.77,20.93,24.64,21.47,23.24,34.99,33.77,20.65,23.36,21.23,21.2,24.04,16.43,23.67,27.87,23.95,18.71,23.98,23.47,26.02,24.45,21.29,19.84,21.43,19.89,16.71,21.71,23.42,20.81,19.07,20.5,21.85,29.71,29.46,30.01,30.63,36.29,31.21,25.72,32.14,38.46,29.77,29.19,29.24,29.09,39.98,30.81,32.24,39.03,34.16,34.91,24.11,21.3,18.58,24.22,21.41,21.57,17.94,19.46,22.65,27.99,20.69,17.32,22.21,18.53,20.19,20.47,24.92,19.65,21.4,24.3,20.26,25.77,21.74,26.15,19.67,22.36,21.8,24.37,25.65,20.88,28.93,19.2,20.86,21.86,33.3,31.62,23.54,18.56,19.43,15.35,23.18,8.75,10.32,21.39,20.47,27.05,22.19,16.32,21.17,32.6,22.57,28.43,24.36,18.51,28.75,9.27,17.64,33.41,20.18,27.39,24.94,26.74,19.54,15.85,6.33,5.91,4.05,9.85,15.02,15.67,10.82,1.02,10.98,7.92,12.02,14.26,6.99,8.92,5.76,0.0,5.99,10.44,2.44,11.97,5.02,5.85,2.54,8.74,11.72,10.07,5.97,5.23,27.08,25.07,26.45,29.55,37.03,35.6,37.52,29.36,28.71,28.57,28.18,28.79,27.05,27.51,26.4,32.23,30.85,28.98,35.18,28.34,31.12,32.29,20.63,22.11,20.19,15.87,14.22,14.72,13.7,20.61,11.28,15.34,13.93,21.48,11.1,11.05,22.75,20.05,22.02,17.5,13.5,13.79,12.94,10.34,9.66,33.39,46.01,49.15,46.71,41.87,39.54,32.87,40.41,40.99,34.67,47.66,38.67,38.55,46.29,34.28,46.74,31.88,28.16,27.38,40.08,39.33,38.23,37.19,32.45,42.25,40.31,38.5,35.49,50.25,36.03,30.06,28.62,42.29,38.93,29.71,46.45,35.59,28.06,38.04,40.44,35.83,50.23,44.67,43.67,41.56,30.04,57.83,39.4,31.3,36.76,51.27,41.57,52.43,39.71,43.09,41.46,39.77,71.15,58.52,42.83,43.45,46.38,72.17,52.28,42.87,47.9,44.88
39.3,10.06,15.53,22.54,30.82,30.26,26.96,65.92,15.49,22.48,34.31,19.82,16.5,39.7,15.98,14.31,33.19,20.66,17.56,16.66,27.4,13.08,27.16,15.12,34.8,14.75,22.16,3.13,35.94,5.16,9.6,18.2,18.18,18.5,16.43,27.64,38.34,42.03,11.17,17.05,15.7,28.63,20.56,25.53,18.8,7.85,22.43,8.58,22.28,15.63,27.32,26.06,16.76,13.71,33.98,14.17,18.53,32.6,21.46,21.55,26.04,23.47,34.28,16.66,25.08,8.8,19.86,7.65,22.15,26.53,12.24,18.95,28.22,22.13,27.61,19.85,17.67,15.01,34.5,17.29,19.45,15.6,19.32,16.15,17.92,29.67,28.45,15.33,18.04,15.9,15.88,18.72,11.11,18.35,22.55,18.63,13.39,18.66,18.14,20.7,19.13,15.97,14.51,16.11,14.57,11.39,16.38,18.1,15.49,13.75,15.17,16.53,24.38,24.14,24.69,25.31,30.97,25.89,20.4,26.82,33.14,24.45,23.87,23.92,23.77,34.66,25.48,26.92,33.7,28.83,45.32,18.79,15.97,13.25,18.9,16.6,16.24,12.62,14.14,17.33,22.67,15.36,18.6,16.89,18.15,16.92,15.14,26.03,14.32,16.08,18.98,17.0,20.45,16.41,20.83,14.35,17.03,16.48,19.05,20.32,15.56,23.61,18.83,15.54,16.54,27.98,26.3,24.82,19.85,20.71,16.63,24.46,10.03,11.61,22.68,21.75,28.33,23.47,17.6,22.45,33.88,23.86,29.71,25.64,19.79,30.03,10.56,18.92,28.08,14.86,22.07,19.62,21.42,14.22,10.53,1.27,3.42,4.8,11.13,9.69,10.35,12.1,7.02,5.66,9.2,13.3,8.93,8.27,10.2,2.55,5.99,0.0,11.72,6.6,6.65,0.97,7.13,4.03,3.42,6.4,11.36,7.25,6.51,21.76,19.75,21.13,24.23,31.71,30.28,32.19,24.04,23.39,23.25,22.86,23.47,21.73,22.19,21.08,26.91,25.53,23.66,29.86,23.02,25.8,26.97,26.77,16.79,26.32,16.21,13.68,20.86,17.72,15.29,14.9,21.48,20.07,27.61,14.71,14.66,28.89,26.19,28.16,17.84,14.79,19.93,16.55,13.96,13.27,28.07,40.69,43.83,41.39,36.55,34.22,27.55,35.08,35.67,29.34,42.34,33.35,33.22,40.97,28.95,41.41,26.56,22.83,22.05,34.75,34.0,32.91,31.86,38.59,48.39,46.45,44.63,30.17,44.93,30.71,31.3,32.74,36.96,33.61,33.07,41.13,37.77,34.2,32.72,35.12,39.96,44.91,39.35,38.35,36.24,36.18,52.51,43.52,37.44,40.88,45.95,36.24,47.1,45.85,47.21,47.6,34.44,65.82,53.2,37.51,38.12,41.06,66.85,46.96,49.01,54.04,51.02
41.86,21.11,20.08,31.37,41.87,41.31,38.01,76.97,26.54,33.53,45.36,30.87,25.33,42.26,27.03,25.36,44.24,31.71,26.39,27.71,38.45,13.24,38.21,19.57,45.85,25.8,19.97,8.85,46.99,9.6,20.65,29.25,29.23,21.33,19.76,38.69,42.88,53.08,22.22,28.1,26.75,39.68,31.61,36.58,29.85,18.9,33.48,19.63,33.33,26.68,38.37,37.11,27.81,24.76,45.03,25.22,29.58,43.65,32.51,32.6,37.09,21.28,45.33,27.71,36.13,19.85,30.91,18.7,19.95,37.58,23.29,30.0,39.27,33.18,38.66,30.9,28.72,26.06,45.55,28.34,30.5,26.65,30.36,27.2,28.97,40.72,39.5,26.38,29.09,26.95,26.93,29.77,22.16,29.4,33.6,29.68,24.44,29.71,29.19,31.74,30.18,27.02,25.56,27.16,25.62,22.44,27.43,29.15,26.54,24.8,26.22,27.58,35.43,35.19,35.74,36.36,42.02,36.94,31.45,37.87,44.18,35.5,34.92,34.97,34.82,45.71,36.53,37.97,44.75,39.88,36.05,29.84,27.02,24.3,29.95,27.14,27.29,23.67,25.19,28.38,37.24,26.41,23.04,27.94,24.26,25.92,26.19,35.03,25.37,27.13,30.03,25.99,31.5,27.46,31.88,25.4,28.08,27.53,30.1,31.37,26.61,37.71,24.92,26.59,27.58,39.03,37.35,22.63,22.04,23.24,26.13,33.29,7.84,16.05,8.78,30.58,26.14,32.3,25.75,20.26,31.69,32.69,27.51,34.47,28.62,27.84,7.2,27.75,39.13,25.91,33.12,30.67,32.47,25.27,21.58,12.06,12.35,13.74,2.92,20.74,21.4,0.98,11.46,16.71,2.52,1.58,19.98,5.65,1.52,11.48,10.44,11.72,0.0,12.88,17.7,10.75,4.59,8.03,14.47,17.45,4.38,6.3,10.96,32.81,30.8,32.18,35.28,42.76,41.33,43.24,35.09,34.44,34.3,33.91,34.52,32.78,33.24,32.13,37.96,36.58,34.71,40.9,34.07,36.85,38.02,29.11,27.84,28.67,27.26,22.7,23.2,22.18,26.34,19.76,23.82,22.41,29.95,19.58,14.12,31.23,28.53,25.25,28.89,21.98,22.27,14.54,13.44,18.14,39.12,51.74,54.88,52.44,47.6,45.27,38.6,46.13,46.72,40.39,53.39,44.4,44.27,52.02,40.0,52.46,37.61,33.88,33.1,45.8,45.05,43.96,42.91,40.93,50.73,42.38,42.43,41.22,55.98,41.76,38.54,37.1,48.01,44.66,38.19,52.18,44.07,36.54,43.77,46.17,44.31,55.96,50.4,49.4,47.29,38.52,63.56,47.88,39.78,45.24,57.0,47.29,58.15,41.77,51.56,43.44,45.49,76.87,64.25,48.55,49.17,52.11,77.9,58.01,45.57,49.34,46.32
31.12,15.99,9.34,23.7,36.74,36.18,32.89,61.55,21.41,28.41,40.24,25.74,17.66,31.52,21.9,15.99,39.11,26.58,18.72,22.59,33.33,7.21,33.08,16.28,40.72,20.67,23.32,5.57,41.86,3.85,15.53,24.13,24.1,10.59,9.02,33.56,32.14,47.96,17.09,22.98,21.62,34.55,26.49,28.49,24.72,13.77,28.36,14.51,28.21,17.66,33.25,31.98,22.68,19.63,39.9,20.09,24.45,38.53,27.39,27.47,31.97,24.63,40.2,19.62,31.01,14.72,25.79,13.57,23.31,32.45,18.16,24.88,34.14,28.05,33.54,25.77,23.59,17.96,40.42,23.22,25.37,21.53,25.24,22.07,20.87,35.59,34.37,21.25,23.96,21.83,18.83,24.64,17.03,21.3,28.47,24.55,19.31,24.58,24.07,26.62,25.05,21.89,20.44,22.03,17.52,17.31,22.31,24.02,21.41,19.67,21.1,22.45,27.34,30.06,27.64,28.26,31.43,28.84,23.35,32.74,39.06,30.37,26.82,29.84,26.72,40.58,28.44,32.84,39.63,30.02,32.65,24.71,21.9,19.18,24.82,22.53,22.17,18.54,20.06,23.25,28.59,21.29,19.76,22.81,20.97,22.84,21.07,27.36,20.25,22.0,24.9,22.7,26.37,22.34,26.75,20.27,22.96,22.4,24.97,26.25,21.48,29.53,21.64,21.46,22.46,33.9,32.22,25.98,21.0,21.87,17.79,25.62,11.19,12.76,23.83,22.91,29.49,24.63,18.76,23.61,35.04,25.01,30.87,26.8,20.95,31.19,11.71,20.08,34.01,20.78,27.99,25.54,27.34,17.17,15.11,6.93,3.65,1.79,12.29,15.62,16.27,13.26,1.42,11.58,10.36,14.46,14.86,9.43,11.36,4.05,2.44,6.6,12.88,0.0,12.57,5.62,8.29,4.98,9.34,12.32,12.51,8.41,7.67,27.68,25.67,27.05,30.15,37.63,36.2,38.12,29.96,29.31,29.17,28.78,29.39,27.65,28.11,27.0,32.83,31.45,29.58,35.78,28.94,31.72,32.89,18.37,17.31,17.93,13.61,11.95,12.46,11.44,18.21,9.02,13.08,11.67,19.21,8.84,8.79,20.49,17.79,19.76,15.24,11.24,11.53,10.68,8.08,7.4,33.99,46.61,49.75,47.31,42.47,40.14,33.47,41.01,41.59,35.27,48.26,39.27,39.15,46.89,34.88,47.34,32.48,28.76,27.98,40.68,39.93,38.83,37.79,30.19,39.99,38.05,36.23,31.62,41.82,29.06,27.8,26.36,37.24,33.88,27.45,47.05,33.33,25.8,32.99,35.4,33.57,39.96,37.32,36.32,36.51,27.78,48.11,37.14,29.04,34.5,41.55,34.18,42.7,37.45,40.82,39.2,34.72,61.43,59.12,43.43,44.05,46.98,62.45,52.88,40.61,45.64,42.62
32.14,5.55,8.88,30.02,26.31,25.75,22.45,63.61,10.98,20.18,25.66,15.3,23.98,32.54,11.47,7.15,30.88,16.14,25.04,12.15,22.89,16.72,22.65,22.6,30.29,10.24,30.53,9.11,33.64,11.13,5.09,13.69,13.67,11.34,9.78,23.13,31.18,39.73,6.66,12.54,11.18,24.11,18.26,18.37,14.29,3.33,17.92,4.07,19.98,8.47,22.81,21.55,12.25,9.2,29.47,9.66,14.02,28.09,19.16,17.04,21.53,31.84,29.77,9.5,20.57,4.28,15.35,3.14,30.51,22.02,7.73,16.65,23.71,17.62,23.1,15.34,15.36,7.85,29.98,12.78,17.14,10.73,14.8,11.64,10.76,25.15,23.94,10.82,15.73,10.83,8.72,16.42,6.6,11.19,18.04,14.12,8.88,14.15,13.63,16.18,16.82,11.45,10.0,11.59,7.41,6.88,11.87,13.58,10.98,9.23,10.66,12.02,17.22,19.63,17.52,18.15,23.81,18.73,13.24,24.51,30.83,22.14,16.71,19.4,16.61,26.25,18.32,24.62,31.4,21.67,38.16,14.27,11.46,8.74,14.38,12.09,11.73,8.1,9.63,12.81,18.16,10.85,18.84,12.38,13.63,12.4,10.63,21.52,9.81,11.57,14.46,12.49,15.94,11.9,16.31,9.84,12.52,11.97,14.53,15.81,11.05,19.09,14.31,11.03,12.02,23.46,21.78,33.19,27.32,28.19,24.11,23.42,16.01,21.08,28.65,29.23,36.7,30.95,25.08,28.43,42.25,31.33,38.07,24.6,27.27,38.4,16.53,26.4,23.57,10.34,17.56,15.11,16.91,7.06,3.88,7.66,9.39,10.78,17.11,3.05,3.7,18.08,12.99,1.15,15.18,19.27,2.28,14.25,16.18,8.52,11.97,6.65,17.7,12.57,0.0,6.95,13.11,10.01,3.61,1.77,17.33,13.22,12.49,17.25,15.24,16.62,19.71,27.2,25.77,27.68,19.52,18.88,18.73,18.34,18.96,17.22,17.68,16.56,22.39,21.02,19.15,25.34,18.5,21.29,22.46,19.71,9.73,19.26,9.15,7.03,13.8,10.66,8.23,14.23,14.42,13.01,20.55,11.13,18.3,21.83,19.13,21.1,10.78,8.14,12.87,20.19,17.59,11.59,23.55,36.18,39.32,36.87,32.04,29.7,23.03,30.57,31.16,24.83,37.83,28.83,28.71,36.46,24.44,36.9,22.05,20.86,20.08,30.24,29.49,28.4,27.35,31.52,41.33,39.39,37.57,23.1,42.96,23.64,24.24,25.68,29.9,26.55,26.0,39.16,30.71,27.13,25.66,28.06,32.89,42.94,32.28,31.29,29.18,29.12,50.54,36.46,30.37,33.82,43.98,29.18,45.13,38.78,40.15,40.54,27.38,63.85,51.23,35.53,36.15,39.09,64.88,44.99,41.95,46.98,43.96
39.6,10.37,15.83,21.56,31.12,30.56,27.27,66.22,15.79,22.79,34.62,20.12,15.53,40.0,16.28,14.61,33.49,20.96,16.58,16.97,27.71,12.11,27.46,14.15,35.1,15.05,21.19,2.16,36.24,4.18,9.91,18.51,18.48,18.8,16.73,27.94,38.64,42.34,11.47,17.36,16.0,28.93,20.87,25.84,19.1,8.15,22.74,8.89,22.59,15.94,27.63,26.36,17.06,14.01,34.28,14.47,18.83,32.91,21.77,21.85,26.35,22.5,34.58,16.97,25.39,9.1,20.17,7.95,21.17,26.83,12.54,19.26,28.52,22.43,27.92,20.15,17.97,15.31,34.8,17.6,19.75,15.9,19.62,16.45,18.22,29.97,28.75,15.63,18.34,16.21,16.18,19.02,11.41,18.65,22.85,18.93,13.69,18.96,18.45,21.0,19.43,16.27,14.81,16.41,14.87,11.69,16.68,18.4,15.79,14.05,15.48,16.83,24.69,24.44,24.99,25.61,31.27,26.19,20.7,27.12,33.44,24.75,24.17,24.22,24.07,34.96,25.79,27.22,34.01,29.14,45.62,19.09,16.27,13.56,19.2,16.91,16.55,12.92,14.44,17.63,22.97,15.67,17.62,17.19,18.45,17.22,15.45,26.34,14.63,16.38,19.28,17.3,20.75,16.72,21.13,14.65,17.34,16.78,19.35,20.63,15.86,23.91,19.13,15.84,16.84,28.28,26.6,23.85,18.87,19.74,15.65,23.49,9.06,10.63,21.7,20.77,27.36,22.49,16.62,21.48,32.91,22.88,28.73,24.66,18.81,29.06,9.58,17.95,28.39,15.16,22.37,19.92,21.72,14.52,10.83,1.31,2.44,3.83,10.16,10.0,10.65,11.13,6.04,5.96,8.23,12.32,9.24,7.3,9.22,1.57,5.02,0.97,10.75,5.62,6.95,0.0,6.16,3.05,3.72,6.7,10.38,6.27,5.54,22.06,20.05,21.43,24.53,32.01,30.58,32.5,24.34,23.69,23.55,23.16,23.77,22.03,22.49,21.38,27.21,25.83,23.96,30.16,23.32,26.1,27.27,27.07,17.09,26.63,16.51,13.99,21.17,18.02,15.59,13.92,21.78,20.37,27.92,13.73,13.69,29.19,26.49,28.46,18.15,15.09,20.23,15.58,12.98,12.3,28.37,40.99,44.13,41.69,36.85,34.52,27.85,35.39,35.97,29.65,42.64,33.65,33.53,41.27,29.26,41.72,26.86,23.14,22.36,35.06,34.31,33.21,32.17,38.89,48.69,46.75,44.94,30.47,45.23,31.01,31.61,33.05,37.26,33.91,33.37,41.43,38.07,34.5,33.02,35.42,40.26,45.21,39.65,38.65,36.54,36.48,52.81,43.82,37.74,41.19,46.25,36.55,47.41,46.15,47.51,47.91,34.75,66.13,53.5,37.81,38.43,41.36,67.15,47.26,49.32,54.34,51.32
45.76,16.52,21.17,22.39,37.28,36.72,33.43,72.38,21.95,28.94,40.77,26.28,16.36,46.16,22.44,20.77,39.65,27.12,17.41,23.12,33.87,14.32,33.62,14.98,41.26,21.21,21.05,4.26,42.4,5.01,16.07,24.67,24.64,24.96,20.84,34.1,44.8,48.49,17.63,23.51,22.16,35.09,27.02,31.99,25.26,14.31,28.9,15.04,28.74,22.09,33.78,32.52,23.22,20.17,40.44,20.63,24.99,39.06,27.92,28.01,32.5,22.36,40.74,23.12,31.54,15.26,26.32,14.11,21.04,32.99,18.7,25.41,34.68,28.59,34.07,26.31,24.13,21.47,40.96,23.75,25.91,22.06,25.78,22.61,24.38,36.13,34.91,21.79,24.5,22.36,22.34,25.18,17.57,24.81,29.01,25.09,19.85,25.12,24.6,27.16,25.59,22.43,20.97,22.57,21.03,17.85,22.84,24.56,21.95,20.21,21.63,22.99,30.84,30.6,31.15,31.77,37.43,32.35,26.86,33.28,39.6,30.91,30.33,30.38,30.23,41.12,31.94,33.38,40.17,35.29,37.13,25.25,22.43,19.72,25.36,22.55,22.7,19.08,20.6,23.79,29.13,21.82,18.45,23.35,19.67,21.33,21.6,26.06,20.78,22.54,25.44,21.4,26.91,22.87,27.29,20.81,23.49,22.94,25.51,26.78,22.02,30.07,20.34,22.0,23.0,34.44,32.76,23.71,23.12,24.32,16.48,24.32,8.92,11.46,21.57,21.6,27.22,23.32,17.45,21.34,32.77,23.71,28.6,25.49,19.64,28.92,8.28,18.78,34.54,21.32,28.53,26.08,27.88,20.68,16.99,7.47,7.76,9.15,4.0,16.15,16.81,4.97,6.87,12.12,2.07,6.16,15.39,1.14,3.07,6.89,5.85,7.13,4.59,8.29,13.11,6.16,0.0,3.44,9.88,12.86,4.22,1.71,6.37,28.22,26.21,27.59,30.69,38.17,36.74,38.65,30.5,29.85,29.71,29.32,29.93,28.19,28.65,27.54,33.37,31.99,30.12,36.32,29.48,32.26,33.43,33.23,23.25,32.79,22.67,20.14,27.32,24.18,21.75,20.85,27.94,26.53,34.07,20.66,15.2,35.35,32.65,26.33,24.3,21.25,26.39,15.62,14.52,19.22,34.53,47.15,50.29,47.85,43.01,40.68,34.01,41.54,42.13,35.81,48.8,39.81,39.68,47.43,35.41,47.87,33.02,29.29,28.51,41.21,40.46,39.37,38.32,45.05,54.85,43.46,43.52,36.63,51.39,37.17,37.76,39.2,43.42,40.07,39.53,47.59,44.23,40.66,39.18,41.58,46.42,51.37,45.81,44.81,42.7,42.64,58.97,49.98,43.9,47.34,52.41,42.7,53.56,42.86,53.67,44.53,40.9,72.29,59.66,43.97,44.58,47.52,73.31,53.42,55.47,50.42,47.41
42.66,13.42,14.14,19.29,34.18,33.61,30.32,69.27,18.84,25.84,37.67,23.17,13.26,43.06,19.34,17.67,36.55,24.01,14.31,20.02,30.76,12.01,30.52,11.88,38.16,18.11,18.92,1.16,39.3,1.7,12.96,21.56,21.54,21.85,13.82,31.0,41.69,45.39,14.52,20.41,19.05,31.98,23.92,28.89,22.16,11.2,25.79,11.94,25.64,18.99,30.68,29.42,20.12,17.07,37.34,17.53,21.88,35.96,24.82,24.91,29.4,20.22,37.64,20.02,28.44,12.15,23.22,11.01,18.9,29.88,15.6,22.31,31.58,25.49,30.97,23.21,21.02,18.37,37.85,20.65,22.8,18.96,22.67,19.51,21.27,33.02,31.81,18.68,21.39,19.26,19.24,22.08,14.47,21.7,25.91,21.99,16.75,22.02,21.5,24.05,22.48,19.32,17.87,19.46,17.93,14.75,19.74,21.45,18.85,17.1,18.53,19.88,27.74,27.49,28.04,28.66,34.32,29.25,23.75,30.17,36.49,27.81,27.22,27.27,27.12,38.01,28.84,30.28,37.06,32.19,40.57,22.14,19.33,16.61,22.25,19.44,19.6,15.97,17.49,20.68,26.03,18.72,15.35,20.25,16.57,18.23,18.5,22.96,17.68,19.43,22.33,18.29,23.81,19.77,24.18,17.7,20.39,19.83,22.4,23.68,18.92,26.96,17.23,18.9,19.89,31.33,29.65,21.57,16.6,17.46,13.38,21.21,6.78,8.36,19.43,18.5,25.08,20.22,14.35,19.2,30.63,20.61,26.46,22.39,16.54,26.79,7.31,15.68,31.44,18.21,25.42,22.98,24.77,17.58,13.88,4.37,4.66,6.05,7.44,13.05,13.71,8.41,3.56,9.02,5.51,9.6,12.29,4.58,6.5,3.79,2.54,4.03,8.03,4.98,10.01,3.05,3.44,0.0,6.78,9.75,7.66,3.55,3.26,25.11,23.11,24.49,27.58,35.06,33.63,35.55,27.39,26.75,26.6,26.21,26.82,25.09,25.55,24.43,30.26,28.89,27.02,33.21,26.37,29.15,30.32,30.12,20.15,29.68,19.57,17.04,24.22,21.07,18.64,13.82,24.83,23.43,30.97,13.63,18.64,32.25,29.55,31.52,21.2,18.14,23.28,19.06,17.96,12.2,31.42,44.05,47.19,44.74,39.91,37.57,30.9,38.44,39.03,32.7,45.7,36.7,36.58,44.33,32.31,44.77,29.92,26.19,25.41,38.11,37.36,36.27,35.22,41.94,51.75,49.81,47.99,33.52,48.28,34.06,34.66,36.1,40.32,36.97,36.42,44.49,41.13,37.55,36.08,38.48,43.31,48.26,42.7,41.7,39.6,39.54,55.87,46.88,40.79,44.24,49.31,39.6,50.46,49.2,50.57,50.96,37.8,69.18,56.56,40.86,41.48,44.42,70.21,50.32,52.37,57.39,54.38
36.26,7.03,12.49,31.49,27.79,27.22,23.93,62.88,12.45,19.45,31.28,16.78,25.46,36.67,12.94,11.28,30.15,17.62,26.51,13.63,24.37,15.83,24.13,24.08,31.77,11.71,24.91,5.88,32.9,7.9,6.57,15.17,15.15,15.46,13.39,24.61,35.3,39.0,8.13,14.02,12.66,25.59,17.53,22.5,15.76,4.81,19.4,5.55,19.25,12.6,24.29,23.03,13.73,10.68,30.94,11.13,15.49,29.57,18.43,18.51,23.01,26.22,31.24,13.63,22.05,5.76,16.83,4.61,24.89,23.49,9.2,15.92,25.18,19.1,24.58,16.82,14.63,11.98,31.46,14.26,16.41,12.57,16.28,13.11,14.88,26.63,25.42,12.29,15.0,12.87,12.84,15.69,8.08,15.31,19.51,15.59,10.36,15.63,15.11,17.66,16.09,12.93,11.48,13.07,11.54,8.35,13.35,15.06,12.46,10.71,12.14,13.49,21.35,21.1,21.65,22.27,27.93,22.86,17.36,23.78,30.1,21.41,20.83,20.88,20.73,31.62,22.45,23.89,30.67,25.8,42.29,15.75,12.94,10.22,15.86,13.57,13.21,9.58,11.1,14.29,19.64,12.33,20.31,13.86,15.11,13.88,12.11,23.0,11.29,13.04,15.94,13.96,17.41,13.38,17.79,11.31,14.0,13.44,16.01,17.29,12.52,20.57,15.79,12.51,13.5,24.94,23.26,27.57,28.8,29.67,25.58,24.9,12.78,14.35,25.42,30.7,31.08,32.42,26.55,25.2,36.63,32.81,32.46,26.08,28.74,32.78,13.3,27.88,25.05,11.82,19.03,16.58,18.38,11.18,7.49,4.43,6.16,7.55,13.88,6.66,7.31,14.85,9.76,2.62,11.95,16.04,5.9,11.02,12.95,5.29,8.74,3.42,14.47,9.34,3.61,3.72,9.88,6.78,0.0,1.44,14.1,10.0,9.26,18.72,16.72,18.09,21.19,28.67,27.24,29.16,21.0,20.35,20.21,19.82,20.43,18.7,19.16,18.04,23.87,22.5,20.62,26.82,19.98,22.76,23.93,23.73,13.76,23.29,13.18,10.65,17.83,14.68,12.25,17.84,18.44,17.04,24.58,14.75,17.41,25.85,23.15,25.12,14.81,11.75,16.89,19.3,16.7,15.2,25.03,37.66,40.79,38.35,33.51,31.18,24.51,32.05,32.64,26.31,39.31,30.31,30.19,37.93,25.92,38.38,23.53,19.8,19.02,31.72,30.97,29.88,28.83,35.55,45.36,43.42,41.6,27.13,41.89,27.67,28.27,29.71,33.93,30.57,30.03,38.1,34.74,31.16,29.68,32.09,36.92,41.87,36.31,35.31,33.2,33.15,49.48,40.49,34.4,37.85,42.91,33.21,44.07,42.81,44.17,44.57,31.41,62.79,50.16,34.47,35.09,38.03,63.82,43.92,45.98,51.0,47.98
34.54,5.3,10.65,29.77,26.06,25.49,22.2,61.15,10.72,17.72,29.55,15.05,23.73,34.94,11.22,9.55,28.43,15.89,24.79,11.9,22.64,18.49,22.4,22.35,30.04,9.99,30.28,8.86,31.18,10.88,4.84,13.44,13.42,13.73,11.55,22.88,33.57,37.27,6.4,12.29,10.93,23.86,15.8,20.77,14.04,3.08,17.67,3.82,17.52,10.87,22.56,21.3,12.0,8.95,29.22,9.4,13.76,27.84,16.7,16.79,21.28,31.59,29.52,11.9,20.32,4.03,15.1,2.89,30.26,21.76,7.47,14.19,23.46,17.37,22.85,15.09,12.9,10.25,29.73,12.53,14.68,10.84,14.55,11.39,13.15,24.9,23.69,10.56,13.27,11.14,11.12,13.96,6.35,13.58,17.79,13.87,8.63,13.9,13.38,15.93,14.36,11.2,9.75,11.34,9.81,6.63,11.62,13.33,10.73,8.98,10.41,11.76,19.62,19.37,19.92,20.54,26.2,21.13,15.63,22.05,28.37,19.69,19.1,19.15,19.0,29.89,20.72,22.16,28.94,24.07,40.56,14.02,11.21,8.49,14.13,11.84,11.48,7.85,9.37,12.56,17.91,10.6,18.58,12.13,13.38,12.15,10.38,21.27,9.56,11.31,14.21,12.24,15.68,11.65,16.06,9.58,12.27,11.71,14.28,15.56,10.8,18.84,14.06,10.78,11.77,23.21,21.53,32.94,27.07,27.94,23.86,23.17,15.76,20.83,28.4,28.98,36.45,30.7,24.83,28.18,42.0,31.08,37.82,24.35,27.02,38.15,16.28,26.15,23.32,10.09,17.3,14.86,16.65,9.45,5.65,7.41,9.14,10.53,16.86,4.81,5.47,17.83,12.74,0.9,14.93,19.02,4.05,14.0,15.92,8.27,11.72,6.4,17.45,12.32,1.77,6.7,12.86,9.75,1.44,0.0,17.08,12.97,12.24,16.99,14.99,16.36,19.46,26.94,25.51,27.43,19.27,18.63,18.48,18.09,18.7,16.97,17.43,16.31,22.14,20.77,18.9,25.09,18.25,21.03,22.2,22.0,12.03,21.56,11.45,8.8,16.1,12.95,10.52,16.0,16.71,15.31,22.85,12.9,20.07,24.13,21.43,23.4,13.08,9.91,15.16,21.95,19.36,13.36,23.3,35.93,39.07,36.62,31.78,29.45,22.78,30.32,30.91,24.58,37.58,28.58,28.46,36.2,24.19,36.65,21.8,18.07,17.29,29.99,29.24,28.15,27.1,33.82,43.63,41.69,39.87,25.4,40.16,25.94,26.54,27.98,32.2,28.85,28.3,36.37,33.01,29.43,27.96,30.36,35.19,40.14,34.58,33.58,31.48,31.42,47.75,38.76,32.67,36.12,41.19,31.48,42.34,41.08,42.45,42.84,29.68,61.06,48.44,32.74,33.36,36.3,62.09,42.2,44.25,49.27,46.26
42.73,20.75,20.95,32.24,41.5,40.94,37.65,76.6,26.17,33.17,45.0,30.5,26.2,43.13,26.66,24.99,43.87,31.34,27.26,27.35,38.09,14.11,37.84,19.2,45.48,25.43,20.84,8.49,46.62,9.24,20.29,28.89,28.86,22.2,20.63,38.32,43.75,52.72,21.85,27.74,26.38,39.31,31.25,36.22,29.48,18.53,33.12,19.27,32.97,26.32,38.01,36.74,27.44,24.4,44.66,24.85,29.21,43.29,32.15,32.23,36.73,22.15,44.96,27.35,35.77,19.48,30.55,18.33,20.82,37.21,22.92,29.64,38.9,32.81,38.3,30.54,28.35,25.69,45.18,27.98,30.13,26.29,30.0,26.83,28.6,40.35,39.13,26.01,28.72,26.59,26.56,29.4,21.79,29.03,33.23,29.31,24.07,29.35,28.83,31.38,29.81,26.65,25.2,26.79,25.25,22.07,27.07,28.78,26.17,24.43,25.86,27.21,35.07,34.82,35.37,35.99,41.65,36.58,31.08,37.5,43.82,35.13,34.55,34.6,34.45,45.34,36.17,37.6,44.39,39.52,36.92,29.47,26.66,23.94,29.58,26.77,26.93,23.3,24.82,28.01,33.35,26.05,22.68,27.57,23.89,25.56,25.83,35.9,25.01,26.76,29.66,25.62,31.13,27.1,31.51,25.03,27.72,27.16,29.73,31.01,26.24,34.29,24.56,26.22,27.22,38.66,36.98,23.5,22.91,24.11,20.71,34.16,8.71,15.68,21.35,31.45,27.01,33.17,26.62,21.13,32.56,33.56,28.38,35.34,29.49,28.71,8.07,28.62,38.77,25.54,32.75,30.3,32.1,24.9,21.21,11.69,11.99,13.37,3.79,20.38,21.03,4.76,11.1,16.34,2.15,5.95,19.62,5.28,2.85,11.12,10.07,11.36,4.38,12.51,17.33,10.38,4.22,7.66,14.1,17.08,0.0,5.93,10.59,32.44,30.43,31.81,34.91,42.39,40.96,42.88,34.72,34.07,33.93,33.54,34.15,32.41,32.87,31.76,37.59,36.21,34.34,40.54,33.7,36.48,37.65,29.98,27.47,29.54,26.89,23.57,24.07,23.05,25.97,20.63,24.69,23.28,30.82,20.45,14.99,32.1,29.4,26.12,28.53,22.85,23.14,15.41,14.31,19.01,38.75,51.37,54.51,52.07,47.23,44.9,38.23,45.77,46.35,40.03,53.02,44.03,43.91,51.65,39.64,52.1,37.25,33.52,32.74,45.44,44.69,43.59,42.55,41.8,51.6,43.25,43.3,40.85,55.61,41.39,41.99,37.97,47.65,44.29,39.06,51.82,48.46,37.41,43.4,45.81,45.18,55.59,50.03,49.03,46.92,39.39,63.19,48.75,40.65,46.11,56.63,46.93,57.79,42.64,52.43,44.31,45.13,76.51,63.88,48.19,48.81,51.75,77.53,57.64,46.44,50.21,47.19
45.87,16.64,17.57,22.51,37.4,36.83,33.54,72.49,22.06,29.06,40.89,26.39,16.47,46.28,22.55,20.89,39.76,27.23,17.53,23.24,33.98,16.03,33.74,15.09,41.38,21.33,22.76,4.38,42.52,5.13,16.18,24.78,24.76,25.07,17.25,34.22,44.91,48.61,17.74,23.63,22.27,35.2,27.14,32.11,25.38,14.42,29.01,15.16,28.86,22.21,33.9,32.64,23.34,20.29,40.55,20.74,25.1,39.18,28.04,28.13,32.62,24.07,40.86,23.24,31.66,15.37,26.44,14.23,22.75,33.1,18.81,25.53,34.8,28.71,34.19,26.43,24.24,21.59,41.07,23.87,26.02,22.18,25.89,22.72,24.49,36.24,35.03,21.9,24.61,22.48,22.45,25.3,17.69,24.92,29.13,25.21,19.97,25.24,24.72,27.27,25.7,22.54,21.09,22.68,21.15,17.97,22.96,24.67,22.07,20.32,21.75,23.1,30.96,30.71,31.26,31.88,37.54,32.47,26.97,33.39,39.71,31.02,30.44,30.49,30.34,41.23,32.06,33.5,40.28,35.41,38.84,25.36,22.55,19.83,25.47,22.66,22.82,19.19,20.71,23.9,29.25,21.94,18.57,23.47,19.78,21.45,21.72,26.17,20.9,22.65,25.55,21.51,27.02,22.99,27.4,20.92,23.61,23.05,25.62,26.9,22.13,30.18,20.45,22.12,23.11,34.55,32.87,25.42,24.83,20.68,16.6,24.43,10.63,11.58,23.28,21.72,28.93,23.44,17.57,23.05,34.48,23.83,30.31,25.61,19.76,30.63,9.99,18.9,34.66,21.43,28.64,26.2,27.99,20.79,17.1,7.59,7.88,9.27,5.71,16.27,16.92,6.68,6.99,12.24,3.78,7.87,15.51,2.85,4.78,7.01,5.97,7.25,6.3,8.41,13.22,6.27,1.71,3.55,10.0,12.97,5.93,0.0,6.48,28.33,26.33,27.7,30.8,38.28,36.85,38.77,30.61,29.96,29.82,29.43,30.04,28.31,28.77,27.65,33.48,32.11,30.23,36.43,29.59,32.37,33.54,33.34,23.37,32.9,22.79,20.26,27.44,24.29,21.86,17.25,28.05,26.65,34.19,17.06,16.91,35.47,32.76,28.04,24.42,21.36,26.5,17.33,16.23,15.63,34.64,47.27,50.41,47.96,43.12,40.79,34.12,41.66,42.25,35.92,48.92,39.92,39.8,47.54,35.53,47.99,33.14,29.41,28.63,41.33,40.58,39.49,38.44,45.16,54.97,45.17,51.21,36.74,51.5,37.28,37.88,39.32,43.54,40.19,39.64,47.71,44.35,40.77,39.29,41.7,46.53,51.48,45.92,44.92,42.81,42.76,59.09,50.1,44.01,47.46,52.53,42.82,53.68,44.57,53.78,46.24,41.02,72.4,59.77,44.08,44.7,47.64,73.43,53.53,55.59,52.13,49.12
45.14,15.9,16.83,16.03,36.66,36.1,32.8,71.76,20.58,28.32,40.15,24.91,9.99,45.54,16.07,20.15,39.03,26.5,11.05,21.76,33.24,14.7,33.0,8.61,40.64,17.28,16.54,3.64,41.78,4.39,15.44,23.3,23.28,24.34,16.51,33.48,44.18,47.87,20.05,22.89,21.54,34.47,26.4,31.37,24.64,13.69,28.27,14.42,28.12,21.47,33.16,31.9,22.6,19.55,39.82,20.01,24.37,38.44,27.3,27.39,31.88,17.85,40.12,22.5,30.92,14.64,25.7,13.49,16.52,32.37,18.08,24.79,34.06,27.97,33.45,25.69,23.51,20.85,40.34,23.13,25.29,21.44,25.16,21.99,23.76,35.51,34.29,21.17,23.88,21.74,21.72,24.56,16.95,24.19,28.39,24.47,19.23,24.5,23.98,26.53,24.97,21.81,20.35,21.95,20.41,17.23,22.22,23.94,21.33,19.59,21.01,22.37,30.22,29.98,30.53,31.15,36.81,31.73,26.24,32.66,38.97,30.29,29.71,29.76,29.61,40.5,31.32,32.76,39.54,34.67,43.5,23.88,21.81,18.35,23.99,16.18,21.34,18.78,19.23,22.42,21.89,20.46,12.09,21.99,13.3,14.97,16.41,19.69,19.42,21.17,24.82,15.03,26.29,22.25,24.34,17.97,22.13,21.57,24.89,26.16,16.6,22.37,13.97,19.16,21.63,33.82,32.14,19.2,13.33,14.2,10.12,17.95,4.46,5.09,17.1,15.24,22.71,16.96,11.09,16.88,28.26,17.34,24.08,19.13,13.28,24.41,4.98,12.41,33.92,20.7,27.91,25.46,27.26,20.06,16.37,6.85,7.14,8.53,10.37,15.53,16.19,11.34,6.25,11.5,8.44,12.53,14.77,7.51,9.43,6.27,5.23,6.51,10.96,7.67,12.49,5.54,6.37,3.26,9.26,12.24,10.59,6.48,0.0,27.6,25.59,26.97,30.07,37.55,36.12,38.03,29.88,29.23,29.09,28.7,29.31,27.57,28.03,26.92,32.75,31.37,29.5,35.69,28.86,31.64,32.81,32.61,22.63,32.16,22.05,19.52,26.7,23.56,21.13,16.51,27.32,25.91,33.45,16.33,21.57,34.73,32.03,34.0,23.68,20.63,25.77,21.99,20.89,14.89,33.91,46.53,49.67,47.23,42.39,40.06,33.39,40.92,41.51,35.18,48.18,39.19,39.06,46.81,34.79,47.25,32.4,28.67,27.89,40.59,39.84,38.75,37.7,44.42,54.23,52.29,50.47,36.01,50.77,36.55,37.14,38.58,42.8,39.45,38.91,46.97,43.61,40.04,38.56,40.96,45.79,50.75,45.19,44.19,42.08,42.02,58.35,49.36,43.27,46.72,51.79,42.08,52.94,51.69,53.05,53.44,40.28,71.66,59.04,43.34,43.96,46.9,72.69,52.8,54.85,59.88,56.86
41.71,13.68,24.07,35.14,17.85,23.73,6.75,61.34,16.12,17.9,29.73,20.44,29.1,42.11,16.59,19.74,28.61,1.23,30.16,17.29,14.43,32.07,6.95,27.72,17.87,15.36,35.65,24.22,31.36,26.24,15.1,18.83,18.81,23.93,25.86,21.11,40.14,31.43,14.31,9.18,11.52,16.56,15.98,27.34,6.51,14.43,2.22,14.69,17.7,21.31,15.42,5.85,7.33,12.12,17.04,9.24,4.26,15.67,16.88,10.57,5.83,36.96,17.34,20.72,18.56,14.29,7.58,14.76,35.63,20.0,10.84,14.37,14.81,11.15,15.88,8.87,12.57,20.09,17.56,8.37,12.65,11.95,3.04,13.33,14.72,16.47,15.48,10.52,12.36,13.37,13.92,11.74,13.82,13.24,11.57,4.08,10.67,7.68,5.17,9.71,10.15,8.37,13.11,6.68,20.0,12.13,9.12,7.11,10.45,12.35,9.53,7.54,24.16,3.44,24.46,27.11,32.77,25.67,20.17,22.24,28.55,19.87,27.65,4.39,23.54,30.08,25.26,22.34,29.12,30.64,50.75,19.41,12.68,13.88,19.52,17.21,16.87,14.11,14.76,17.95,23.3,15.99,23.96,14.02,18.76,17.52,15.75,26.66,14.95,16.7,12.45,17.61,13.92,9.89,21.45,14.96,15.1,14.17,12.52,13.8,16.17,24.23,19.43,16.15,13.67,15.0,13.32,38.31,32.44,33.31,29.23,28.56,31.12,26.2,45.22,34.35,41.82,36.07,30.2,45.0,47.37,36.45,43.19,29.74,32.39,43.52,31.64,31.52,21.55,7.38,2.27,4.57,2.32,19.65,19.07,22.77,24.5,25.89,32.22,18.24,18.89,33.19,28.1,16.1,30.29,34.38,16.86,29.36,31.28,23.63,27.08,21.76,32.81,27.68,17.25,22.06,28.22,25.11,18.72,16.99,32.44,28.33,27.6,0.0,10.45,6.39,13.95,25.53,24.1,26.01,14.37,13.72,13.58,3.19,13.8,6.99,16.01,11.78,17.1,8.87,17.48,23.67,1.26,19.62,6.89,32.02,22.61,31.58,21.46,22.21,26.12,22.97,20.54,29.65,26.73,25.33,32.87,26.55,33.72,34.14,31.44,33.41,23.1,23.32,25.18,35.6,33.01,27.01,7.99,23.87,27.01,24.57,19.73,14.8,8.13,10.15,18.85,9.26,25.52,13.93,13.81,24.15,8.13,24.59,7.15,18.12,14.85,17.93,17.18,12.43,13.24,40.71,50.51,48.57,46.75,31.71,40.21,32.25,32.85,34.29,38.51,35.15,34.61,36.41,39.32,36.32,34.26,36.67,41.5,40.19,35.13,36.13,37.78,38.3,47.79,45.06,39.56,42.43,41.23,37.79,42.39,47.97,50.65,49.72,35.99,61.11,42.68,32.79,33.41,30.54,62.13,36.43,51.13,56.16,53.14
41.26,11.67,22.06,33.13,11.7,17.39,15.53,60.89,14.11,17.45,29.28,18.44,27.1,41.66,14.58,17.74,28.16,9.22,28.15,15.29,8.29,30.06,15.73,25.72,23.37,13.35,33.64,22.21,30.91,24.24,13.09,16.83,16.8,21.92,23.86,14.78,39.69,36.93,12.3,8.73,9.07,10.42,15.53,26.89,7.37,12.42,11.0,12.68,17.25,19.06,9.28,14.63,4.19,10.11,22.55,7.23,7.09,21.17,16.43,10.12,14.61,34.95,22.85,13.51,11.86,12.28,8.43,12.75,33.63,12.75,8.83,13.92,8.66,10.7,9.73,8.42,12.12,12.88,23.06,4.58,12.2,9.5,7.88,9.25,12.27,10.32,9.33,8.51,11.91,10.92,11.47,11.29,11.81,10.79,11.12,7.2,8.67,7.23,6.71,9.26,9.7,5.92,11.1,3.77,18.0,10.13,7.04,6.66,8.0,10.34,7.08,4.87,23.71,12.7,24.01,26.66,32.32,25.22,19.72,21.79,28.1,19.42,27.2,12.48,23.09,29.63,24.81,21.89,28.67,30.19,48.75,17.41,10.67,11.88,17.52,15.21,14.86,12.1,12.76,15.95,21.29,13.98,21.95,12.02,16.75,15.52,13.75,24.66,12.95,14.7,10.44,15.6,11.91,7.88,19.45,12.95,13.09,12.16,10.51,11.79,14.16,22.23,17.43,14.14,11.66,8.86,7.18,36.3,30.44,31.3,27.22,26.55,29.11,24.2,43.22,32.34,39.81,34.06,28.19,42.99,45.36,34.45,41.19,27.73,30.38,41.51,29.63,29.52,15.22,5.37,10.64,8.19,9.98,17.64,17.06,20.76,22.49,23.88,30.21,16.23,16.88,31.18,26.1,14.09,28.28,32.38,14.85,27.35,29.28,21.63,25.07,19.75,30.8,25.67,15.24,20.05,26.21,23.11,16.72,14.99,30.43,26.33,25.59,10.45,0.0,9.36,5.0,18.96,17.53,19.45,4.81,4.16,4.02,11.47,4.24,8.3,13.77,0.98,10.9,6.31,15.24,17.11,11.63,14.53,15.58,29.78,19.8,29.34,19.22,19.97,23.87,20.73,18.3,27.4,24.49,23.08,30.63,24.31,31.48,31.9,29.2,31.17,20.86,21.08,22.94,33.36,30.77,24.77,16.68,29.3,32.44,30.0,25.16,22.83,16.16,23.69,24.28,17.96,30.95,21.96,21.83,29.58,17.56,30.03,15.17,17.79,14.53,23.36,22.62,21.52,20.48,40.38,50.19,48.25,46.43,31.39,39.89,31.93,32.52,33.96,38.18,34.83,34.29,36.09,38.99,35.99,33.94,36.34,41.18,39.87,34.8,35.8,37.46,37.98,47.47,44.74,39.23,42.1,40.91,37.46,42.06,47.64,50.32,49.4,35.66,60.78,48.11,32.46,33.08,35.97,61.81,41.87,50.81,55.83,52.82
41.08,13.05,23.44,34.51,12.08,17.78,11.46,60.71,15.49,17.27,29.1,19.82,28.47,41.48,15.96,19.11,27.98,5.16,29.53,16.66,8.67,31.44,11.66,27.09,23.19,14.73,35.02,23.59,30.73,25.61,14.47,18.2,18.18,23.3,25.23,15.16,39.51,36.75,13.68,8.55,10.89,10.8,15.36,26.71,5.89,13.8,6.93,14.06,17.07,20.68,9.66,10.56,6.71,11.49,22.37,8.61,3.63,20.99,16.25,9.94,10.54,36.33,22.67,20.09,12.24,13.66,6.95,14.13,35.01,13.14,10.21,13.74,9.05,10.52,10.11,8.24,11.94,19.46,22.88,7.74,12.03,11.32,3.81,12.7,14.09,10.7,9.71,9.89,11.73,12.75,13.29,11.11,13.19,12.61,10.94,3.45,10.04,7.05,4.54,9.08,9.52,7.74,12.48,6.05,19.37,11.51,8.49,6.48,9.82,11.72,8.9,6.91,23.53,12.53,23.83,26.48,32.14,25.04,19.54,21.61,27.93,19.24,27.02,12.3,22.91,29.45,24.63,21.71,28.5,30.01,50.12,18.79,12.05,13.25,18.89,16.58,16.24,13.48,14.14,17.32,22.67,15.36,23.33,13.4,18.13,16.89,15.12,26.03,14.32,16.08,11.82,16.98,13.29,9.26,20.83,14.33,14.47,13.54,11.89,13.17,15.54,23.6,18.81,15.52,13.04,9.24,7.56,37.68,31.82,32.68,28.6,27.93,30.49,25.58,44.59,33.72,41.19,35.44,29.57,44.37,46.74,35.83,42.57,29.11,31.76,42.89,31.01,30.9,15.6,6.75,6.57,1.77,5.92,19.02,18.44,22.14,23.87,25.26,31.59,17.61,18.26,32.56,27.47,15.47,29.66,33.75,16.23,28.73,30.66,23.0,26.45,21.13,32.18,27.05,16.62,21.43,27.59,24.49,18.09,16.36,31.81,27.7,26.97,6.39,9.36,0.0,8.14,19.35,17.92,19.83,8.56,7.91,7.77,7.44,7.99,1.18,15.51,9.03,11.29,3.06,14.49,17.49,7.6,14.91,11.55,31.53,22.11,31.08,20.97,21.72,25.62,22.48,20.05,29.15,26.24,24.83,32.37,26.06,33.22,33.65,30.95,32.92,22.6,22.82,24.69,35.11,32.51,26.51,12.65,29.13,32.27,29.83,24.99,22.66,15.99,14.81,24.11,13.93,30.78,21.79,21.66,29.41,12.79,29.85,15.0,17.62,14.35,23.19,22.44,17.09,20.3,40.21,50.02,48.08,46.26,31.22,39.71,31.76,32.35,33.79,38.01,34.66,34.12,35.92,38.82,35.82,33.77,36.17,41.0,39.7,34.63,35.63,37.29,37.81,47.3,44.57,39.06,41.93,40.74,37.29,41.89,47.47,50.15,49.23,35.49,60.61,47.94,32.29,32.91,35.8,61.64,41.7,50.64,55.66,52.65
45.73,16.15,26.54,37.61,8.21,13.9,19.03,65.36,18.58,21.93,33.76,22.91,31.57,46.14,19.06,22.21,32.63,12.72,32.63,19.76,4.79,34.54,19.23,30.19,27.84,17.83,38.12,26.69,35.38,28.71,17.57,21.3,21.28,26.4,28.33,11.28,44.17,41.41,16.77,13.2,13.55,6.92,20.01,31.36,11.84,16.9,14.5,17.16,21.73,23.54,5.78,18.13,8.66,14.59,27.02,11.71,11.2,25.64,20.91,14.59,18.11,39.43,27.32,17.99,8.36,16.76,12.91,17.23,38.1,9.26,13.31,18.4,5.17,15.17,6.24,12.89,16.6,17.36,27.54,9.06,16.68,13.97,11.38,13.72,16.74,6.83,5.84,12.99,16.38,15.4,15.95,15.77,16.29,15.26,15.59,11.02,13.14,11.7,11.19,13.74,14.18,10.39,15.58,8.24,22.47,14.6,11.52,11.14,12.47,14.81,11.55,9.35,28.18,17.18,28.49,31.14,36.8,29.69,24.2,26.26,32.58,23.89,31.67,16.96,27.57,34.1,29.28,26.37,33.15,34.66,53.22,21.88,15.15,16.35,21.99,19.68,19.34,16.58,17.23,20.42,25.77,18.46,26.42,16.49,21.22,19.99,18.22,29.13,17.42,19.17,14.92,20.08,12.89,12.36,23.92,17.42,17.57,16.64,14.99,16.27,18.64,26.7,21.9,18.62,16.14,5.36,2.33,40.78,34.91,35.78,31.7,31.03,33.59,28.67,47.69,36.82,44.29,38.54,32.67,47.47,49.84,38.92,45.66,32.21,34.86,45.99,34.11,33.99,11.72,9.85,14.13,9.34,13.48,22.12,21.54,25.23,26.97,28.36,34.69,20.7,21.36,35.66,30.57,18.57,32.76,36.85,19.33,31.83,33.75,26.1,29.55,24.23,35.28,30.15,19.71,24.53,30.69,27.58,21.19,19.46,34.91,30.8,30.07,13.95,5.0,8.14,0.0,15.47,14.04,15.95,2.85,2.2,2.06,15.0,0.76,7.08,11.94,4.66,7.41,5.09,10.61,13.61,15.16,11.03,19.12,34.25,24.28,33.81,23.7,24.44,28.35,25.2,22.77,31.88,28.97,27.56,35.1,28.79,35.95,36.38,33.68,35.65,25.33,25.55,27.41,37.84,35.24,29.24,20.22,33.78,36.92,34.47,29.63,27.3,20.63,22.37,28.76,21.49,35.43,26.43,26.31,34.05,22.04,34.5,19.65,22.27,19.0,27.84,27.09,26.0,24.95,44.86,54.66,52.72,50.91,35.86,44.36,36.4,37.0,38.44,42.66,39.3,38.76,40.56,43.47,40.47,38.41,40.82,45.65,44.34,39.28,40.28,41.93,42.45,51.94,49.22,43.71,46.58,45.38,41.94,46.54,52.12,54.8,53.87,40.14,65.26,52.58,36.94,37.56,40.45,66.28,46.34,55.28,60.31,57.29
54.68,23.63,34.02,32.01,14.12,6.46,30.6,75.96,20.93,32.53,44.36,22.09,39.05,55.08,26.54,29.69,43.23,24.3,40.11,18.94,12.02,42.02,30.8,37.67,38.44,25.31,45.6,34.17,45.98,36.19,25.05,20.48,20.45,33.88,35.81,5.59,53.72,52.0,24.26,23.8,24.25,11.29,30.61,40.92,22.44,24.38,26.07,24.64,32.33,31.02,9.99,29.7,20.4,22.07,37.62,19.19,22.17,36.24,31.51,25.19,29.68,46.91,37.92,32.05,7.21,24.24,23.5,24.71,45.59,6.25,20.79,29.0,10.88,25.77,10.27,23.49,27.2,30.39,38.14,20.93,27.28,24.15,22.96,24.7,25.79,12.33,12.08,20.47,26.98,24.45,26.13,26.37,23.77,25.44,26.19,22.27,20.62,22.3,21.78,24.34,24.78,21.73,23.06,19.75,29.95,22.09,22.85,21.74,24.04,22.3,22.89,20.17,34.14,27.78,34.44,40.69,46.35,35.64,30.15,36.86,43.18,34.49,39.25,27.56,33.52,44.7,35.23,36.96,43.75,44.22,60.7,21.06,22.63,18.32,21.17,27.16,21.68,19.87,19.58,19.6,24.95,16.93,33.91,16.12,28.71,27.47,25.7,28.31,17.7,17.86,14.55,27.56,11.91,15.44,23.1,24.91,17.2,16.27,14.62,15.89,26.12,25.88,29.38,26.1,15.77,12.59,14.88,48.26,42.4,43.26,39.18,30.21,41.07,36.15,55.17,31.99,51.77,32.94,40.15,54.95,57.32,33.33,53.15,31.38,42.34,53.47,41.59,41.47,4.29,18.5,25.71,20.54,25.06,29.6,29.02,32.72,34.45,35.84,42.17,28.19,28.84,43.14,38.05,26.05,40.24,44.33,26.81,39.31,41.24,33.58,37.03,31.71,42.76,37.63,27.2,32.01,38.17,35.06,28.67,26.94,42.39,38.28,37.55,25.53,18.96,19.35,15.47,0.0,1.43,8.54,18.19,17.54,17.4,26.43,15.66,18.31,10.99,18.65,9.71,16.32,9.66,6.21,26.59,10.08,30.54,41.99,32.01,41.55,31.43,32.18,36.08,32.94,30.51,39.61,36.7,35.29,42.84,36.52,43.68,44.11,41.41,43.38,33.06,33.28,35.15,45.57,42.98,36.97,31.64,44.26,47.4,44.96,40.12,37.79,31.12,38.65,39.24,32.91,45.91,36.92,36.79,44.54,32.52,44.98,30.13,32.75,29.48,38.32,37.57,36.48,35.43,53.81,63.61,61.67,59.86,45.39,54.84,45.93,46.52,47.97,52.18,48.83,48.29,51.05,52.99,49.42,47.94,50.34,55.18,54.83,49.76,50.76,51.46,51.4,62.43,58.74,52.66,56.11,55.87,51.46,57.02,61.07,65.28,62.82,49.66,75.74,63.07,47.42,48.04,50.93,76.77,56.83,64.23,69.26,66.24
53.25,22.2,32.59,30.58,12.69,5.03,29.17,74.53,19.5,31.1,42.93,20.66,37.62,53.65,25.11,28.26,41.8,22.87,38.68,17.51,10.59,40.59,29.37,36.24,37.01,23.88,44.17,32.74,44.55,34.76,23.62,19.05,19.02,32.45,34.38,4.16,52.29,50.57,22.83,22.37,22.82,9.86,29.18,39.49,21.01,22.95,24.64,23.21,30.9,29.59,8.55,28.27,18.97,20.64,36.19,17.76,20.74,34.81,30.08,23.76,28.25,45.48,36.49,30.62,5.78,22.81,22.07,23.28,44.15,4.82,19.36,27.56,9.45,24.34,8.84,22.06,25.76,28.96,36.71,19.5,25.85,22.72,21.52,23.27,24.36,10.9,10.64,19.04,25.55,23.02,24.7,24.94,22.34,24.01,24.76,20.84,19.19,20.87,20.35,22.9,23.35,20.3,21.63,18.32,28.52,20.66,21.42,20.31,22.61,20.87,21.46,18.74,32.71,26.35,33.01,39.26,44.92,34.21,28.72,35.43,41.75,33.06,37.82,26.13,32.09,43.27,33.8,35.53,42.32,42.79,59.27,19.63,21.2,16.89,19.74,25.73,20.25,18.44,18.15,18.17,23.51,15.5,32.48,14.69,27.28,26.04,24.27,26.88,16.27,16.43,13.12,26.13,10.48,14.01,21.67,23.48,15.76,14.83,13.19,14.46,24.69,24.45,27.95,24.67,14.34,11.16,13.45,46.83,40.97,41.83,37.75,28.78,39.64,34.72,53.74,30.56,50.34,31.51,38.72,53.52,55.89,31.9,51.72,29.95,40.91,52.04,40.16,40.04,2.86,17.07,24.28,19.11,23.63,28.17,27.59,31.29,33.02,34.41,40.74,26.76,27.41,41.71,36.62,24.62,38.81,42.9,25.38,37.88,39.81,32.15,35.6,30.28,41.33,36.2,25.77,30.58,36.74,33.63,27.24,25.51,40.96,36.85,36.12,24.1,17.53,17.92,14.04,1.43,0.0,7.11,16.76,16.11,15.97,24.99,14.23,16.88,9.56,17.22,8.28,14.89,8.23,4.78,25.15,8.65,29.11,40.56,30.58,40.12,30.0,30.75,34.65,31.51,29.08,38.18,35.27,33.86,41.4,35.09,42.25,42.68,39.98,41.95,31.63,31.85,33.72,44.14,41.55,35.54,30.21,42.83,45.97,43.53,38.69,36.36,29.69,37.22,37.81,31.48,44.48,35.49,35.36,43.11,31.09,43.55,28.7,31.32,28.05,36.89,36.14,35.05,34.0,52.38,62.18,60.24,58.42,43.96,53.41,44.5,45.09,46.53,50.75,47.4,46.86,49.62,51.56,47.99,46.51,48.91,53.75,53.4,48.33,49.33,50.03,49.97,61.0,57.31,51.23,54.67,54.44,50.03,55.59,59.64,63.85,61.39,48.23,74.31,61.64,45.99,46.61,49.5,75.34,55.4,62.8,67.83,64.81
55.17,24.12,34.5,32.5,14.6,3.48,31.09,76.44,21.41,33.01,44.84,22.58,39.54,55.57,27.02,30.18,43.72,24.78,40.59,19.42,12.5,42.51,31.29,38.16,38.93,25.79,46.09,34.65,46.47,36.68,25.53,20.96,20.94,34.36,36.3,6.08,54.21,52.49,24.74,24.29,24.73,11.77,31.09,41.4,22.92,24.86,26.56,25.13,32.81,31.5,10.47,30.19,20.89,22.56,38.1,19.68,22.65,36.73,31.99,25.68,30.17,47.39,38.41,32.53,7.69,24.72,23.99,25.19,46.07,6.73,21.27,29.48,11.37,26.26,10.76,23.98,27.68,30.88,38.62,21.42,27.76,24.64,23.44,25.18,26.28,12.81,12.56,20.96,27.47,24.94,26.61,26.85,24.25,25.93,26.67,22.75,21.11,22.79,22.27,24.82,25.26,22.21,23.55,20.23,30.44,22.57,23.34,22.22,24.53,22.78,23.37,20.65,34.62,28.26,34.92,41.18,46.84,36.13,30.63,37.35,43.66,34.98,39.74,28.04,34.0,45.18,35.72,37.45,44.23,44.7,61.19,21.55,23.11,18.81,21.66,27.65,22.17,20.35,20.06,20.09,25.43,17.41,34.39,16.61,29.19,27.96,26.19,28.79,18.18,18.34,15.03,28.04,12.4,15.93,23.59,25.39,17.68,16.75,15.1,16.38,26.6,26.36,29.87,26.59,16.25,13.07,15.37,48.75,42.88,43.75,39.66,30.69,41.55,36.64,55.66,32.48,52.25,33.43,40.63,55.43,57.8,33.82,53.63,31.87,42.82,53.96,42.08,41.96,4.26,18.98,26.19,21.03,25.54,30.09,29.5,33.2,34.94,36.32,42.65,28.67,29.33,43.63,38.54,26.53,40.72,44.82,27.3,39.79,41.72,34.07,37.52,32.19,43.24,38.12,27.68,32.5,38.65,35.55,29.16,27.43,42.88,38.77,38.03,26.01,19.45,19.83,15.95,8.54,7.11,0.0,18.67,18.03,17.88,26.91,16.14,18.79,11.47,19.14,10.2,16.8,10.14,2.34,27.07,10.57,31.02,42.47,32.5,42.03,31.92,32.66,36.57,33.42,30.99,40.1,37.18,35.78,43.32,37.0,44.17,44.6,41.89,43.87,33.55,33.77,35.63,46.06,43.46,37.46,32.12,44.75,47.88,45.44,40.6,38.27,31.6,39.14,39.73,33.4,46.4,37.4,37.28,45.02,33.01,45.47,30.62,33.24,29.97,38.81,38.06,36.97,35.92,54.29,64.1,62.16,60.34,45.87,55.33,46.41,47.01,48.45,52.67,49.32,48.77,51.53,53.48,49.9,48.42,50.83,55.66,55.31,50.25,51.25,51.94,51.89,62.91,59.23,53.14,56.59,56.35,51.95,57.51,61.55,65.77,63.31,50.15,76.23,63.55,47.91,48.53,51.41,77.25,57.31,64.72,69.74,66.73
45.54,15.96,26.35,37.42,10.9,16.59,19.45,65.17,18.4,21.74,33.57,22.72,31.38,45.95,18.87,22.02,32.44,13.14,32.44,19.57,7.48,34.35,19.64,30.0,27.65,17.64,37.93,26.5,35.2,28.52,17.38,21.11,21.09,26.21,28.14,13.97,43.98,41.22,16.59,13.01,13.36,9.62,19.82,31.17,11.65,16.71,14.92,16.97,21.54,23.35,8.47,18.54,8.47,14.4,26.83,11.52,11.62,25.46,20.72,14.4,18.53,39.24,27.13,17.8,11.06,16.57,12.72,17.04,37.91,11.95,13.12,18.21,7.86,14.98,8.93,12.7,16.41,17.17,27.35,8.87,16.49,13.78,11.8,13.53,16.55,9.52,8.53,12.8,16.2,15.21,15.76,15.58,16.1,15.07,15.4,11.44,12.95,11.52,11.0,13.55,13.99,10.2,15.39,8.05,22.28,14.41,11.33,10.95,12.29,14.62,11.36,9.16,28.0,16.99,28.3,30.95,36.61,29.5,24.01,26.07,32.39,23.7,31.48,16.77,27.38,33.91,29.09,26.18,32.96,34.47,53.03,21.69,14.96,16.16,21.8,19.49,19.15,16.39,17.04,20.23,25.58,18.27,26.24,16.3,21.03,19.8,18.03,28.94,17.23,18.98,14.73,19.89,16.2,12.17,23.73,17.24,17.38,16.45,14.8,16.08,18.45,26.51,21.71,18.43,15.95,8.06,4.58,40.59,34.72,35.59,31.51,30.84,33.4,28.48,47.5,36.63,44.1,38.35,32.48,47.28,49.65,38.73,45.47,32.02,34.67,45.8,33.92,33.8,14.42,9.66,14.55,9.76,13.9,21.93,21.35,25.05,26.78,28.17,34.5,20.52,21.17,35.47,30.38,18.38,32.57,36.66,19.14,31.64,33.56,25.91,29.36,24.04,35.09,29.96,19.52,24.34,30.5,27.39,21.0,19.27,34.72,30.61,29.88,14.37,4.81,8.56,2.85,18.19,16.76,18.67,0.0,0.65,1.87,15.42,2.09,7.49,14.63,4.48,10.1,5.5,13.3,16.31,15.58,13.73,19.54,34.07,24.09,33.62,23.51,24.26,28.16,25.01,22.59,31.69,28.78,27.37,34.91,28.6,35.76,36.19,33.49,35.46,25.14,25.36,27.23,37.65,35.05,29.05,20.63,33.59,36.73,34.28,29.45,27.11,20.44,22.79,28.57,21.91,35.24,26.24,26.12,33.87,21.85,34.31,19.46,22.08,18.81,27.65,26.9,25.81,24.76,44.67,54.47,52.53,50.72,35.67,44.17,36.21,36.81,38.25,42.47,39.12,38.57,40.38,43.28,40.28,38.23,40.63,45.46,44.15,39.09,40.09,41.74,42.26,51.75,49.03,43.52,46.39,45.19,41.75,46.35,51.93,54.61,53.69,39.95,65.07,52.39,36.75,37.37,40.26,66.09,46.15,55.1,60.12,57.1
44.9,15.31,25.7,36.77,10.25,15.94,18.8,64.52,17.75,21.09,32.92,22.08,30.73,45.3,18.22,21.37,31.8,12.49,31.79,18.92,6.83,33.7,19.0,29.35,27.01,16.99,37.28,25.85,34.55,27.87,16.73,20.46,20.44,25.56,27.49,13.33,43.33,40.57,15.94,12.37,12.71,8.97,19.17,30.53,11.0,16.06,14.27,16.32,20.89,22.7,7.83,17.9,7.83,13.75,26.18,10.87,10.97,24.81,20.07,13.75,17.88,38.59,26.48,17.15,10.41,15.92,12.07,16.39,37.27,11.3,12.47,17.56,7.21,14.34,8.28,12.06,15.76,16.52,26.7,8.22,15.84,13.14,11.15,12.88,15.9,8.87,7.88,12.15,15.55,14.56,15.11,14.93,15.45,14.43,14.75,10.79,12.3,10.87,10.35,12.9,13.34,9.56,14.74,7.4,21.63,13.77,10.68,10.3,11.64,13.98,10.71,8.51,27.35,16.34,27.65,30.3,35.96,28.85,23.36,25.43,31.74,23.06,30.84,16.12,26.73,33.26,28.45,25.53,32.31,33.82,52.38,21.05,14.31,15.51,21.15,18.84,18.5,15.74,16.4,19.58,24.93,17.62,25.59,15.66,20.39,19.15,17.38,28.29,16.58,18.34,14.08,19.24,15.55,11.52,23.09,16.59,16.73,15.8,14.15,15.43,17.8,25.86,21.07,17.78,15.3,7.41,3.93,39.94,34.08,34.94,30.86,30.19,32.75,27.84,46.85,35.98,43.45,37.7,31.83,46.63,49.0,38.09,44.83,31.37,34.02,45.15,33.27,33.16,13.77,9.01,13.9,9.11,13.25,21.28,20.7,24.4,26.13,27.52,33.85,19.87,20.52,34.82,29.73,17.73,31.92,36.01,18.49,30.99,32.92,25.26,28.71,23.39,34.44,29.31,18.88,23.69,29.85,26.75,20.35,18.63,34.07,29.96,29.23,13.72,4.16,7.91,2.2,17.54,16.11,18.03,0.65,0.0,1.22,14.78,1.44,6.85,13.98,3.83,9.45,4.86,12.66,15.66,14.94,13.08,18.89,33.42,23.44,32.97,22.86,23.61,27.51,24.37,21.94,31.04,28.13,26.72,34.26,27.95,35.11,35.54,32.84,34.81,24.49,24.71,26.58,37.0,34.4,28.4,19.99,32.94,36.08,33.64,28.8,26.46,19.8,22.15,27.92,21.26,34.59,25.6,25.47,33.22,21.2,33.66,18.81,21.43,18.16,27.0,26.25,25.16,24.11,44.02,53.83,51.89,50.07,35.02,43.52,35.56,36.16,37.6,41.82,38.47,37.92,39.73,42.63,39.63,37.58,39.98,44.81,43.5,38.44,39.44,41.1,41.61,51.11,48.38,42.87,45.74,44.55,41.1,45.7,51.28,53.96,53.04,39.3,64.42,51.75,36.1,36.72,39.61,65.45,45.51,54.45,59.47,56.45
44.75,15.17,25.56,36.63,10.11,15.8,18.66,64.38,17.6,20.95,32.78,21.93,30.59,45.16,18.08,21.23,31.65,12.35,31.65,18.78,6.69,33.56,18.85,29.21,26.86,16.85,37.14,25.71,34.41,27.73,16.59,20.32,20.3,25.42,27.35,13.18,43.19,40.43,15.8,12.22,12.57,8.82,19.03,30.38,10.86,15.92,14.13,16.18,20.75,22.56,7.68,17.75,7.68,13.61,26.04,10.73,10.83,24.67,19.93,13.61,17.74,38.45,26.34,17.01,10.27,15.78,11.93,16.25,37.12,11.16,12.33,17.42,7.07,14.19,8.14,11.91,15.62,16.38,26.56,8.08,15.7,13.0,11.01,12.74,15.76,8.73,7.74,12.01,15.4,14.42,14.97,14.79,15.31,14.28,14.61,10.65,12.16,10.73,10.21,12.76,13.2,9.41,14.6,7.26,21.49,13.62,10.54,10.16,11.5,13.83,10.57,8.37,27.21,16.2,27.51,30.16,35.82,28.71,23.22,25.28,31.6,22.91,30.69,15.98,26.59,33.12,28.3,25.39,32.17,33.68,52.24,20.9,14.17,15.37,21.01,18.7,18.36,15.6,16.25,19.44,24.79,17.48,25.45,15.51,20.24,19.01,17.24,28.15,16.44,18.19,13.94,19.1,15.41,11.38,22.94,16.45,16.59,15.66,14.01,15.29,17.66,25.72,20.92,17.64,15.16,7.27,3.79,39.8,33.93,34.8,30.72,30.05,32.61,27.69,46.71,35.84,43.31,37.56,31.69,46.49,48.86,37.94,44.68,31.23,33.88,45.01,33.13,33.01,13.63,8.87,13.76,8.97,13.11,21.14,20.56,24.26,25.99,27.38,33.71,19.73,20.38,34.68,29.59,17.59,31.78,35.87,18.35,30.85,32.77,25.12,28.57,23.25,34.3,29.17,18.73,23.55,29.71,26.6,20.21,18.48,33.93,29.82,29.09,13.58,4.02,7.77,2.06,17.4,15.97,17.88,1.87,1.22,0.0,14.63,1.3,6.7,13.84,3.69,9.31,4.71,12.51,15.52,14.79,12.94,18.75,33.28,23.3,32.83,22.72,23.47,27.37,24.22,21.8,30.9,27.99,26.58,34.12,27.81,34.97,35.4,32.7,34.67,24.35,24.57,26.44,36.86,34.26,28.26,19.84,32.8,35.94,33.49,28.66,26.32,19.65,22.0,27.78,21.12,34.45,25.45,25.33,33.08,21.06,33.52,18.67,21.29,18.02,26.86,26.11,25.02,23.97,43.88,53.68,51.74,49.93,34.88,43.38,35.42,36.02,37.46,41.68,38.33,37.78,39.59,42.49,39.49,37.44,39.84,44.67,43.36,38.3,39.3,40.95,41.47,50.96,48.24,42.73,45.6,44.4,40.96,45.56,51.14,53.82,52.9,39.16,64.28,51.6,35.96,36.58,39.47,65.3,45.36,54.31,59.33,56.31
42.8,14.78,25.17,36.24,18.95,24.83,7.82,62.43,17.21,19.0,30.83,21.54,30.2,43.21,17.69,20.84,29.71,2.54,31.26,18.39,15.53,33.17,8.01,28.82,18.93,16.46,36.75,25.32,32.46,27.34,16.19,19.93,19.91,25.03,26.96,22.21,41.24,32.49,15.4,10.28,12.62,17.66,17.08,28.44,7.61,15.53,2.89,15.79,18.8,22.41,16.52,6.91,8.43,13.22,18.11,10.34,5.36,16.73,17.98,11.66,6.9,38.06,18.41,21.82,19.65,15.39,8.68,15.86,36.73,21.1,11.93,15.47,15.91,12.25,16.98,9.97,13.67,21.19,18.62,9.47,13.75,13.05,4.14,14.42,15.81,17.57,16.58,11.62,13.46,14.47,15.02,12.84,14.92,14.34,12.66,5.18,11.77,8.78,6.27,10.81,11.25,9.46,14.21,7.78,21.1,13.23,10.22,8.21,11.55,13.44,10.62,8.64,25.26,6.62,25.56,28.21,33.87,26.76,21.27,23.34,29.65,20.97,28.75,14.03,24.64,31.17,26.36,23.44,30.22,31.73,51.85,20.51,13.78,14.98,20.62,18.31,17.97,15.21,15.86,19.05,24.4,17.09,25.05,15.12,19.85,18.62,16.85,27.76,16.05,17.8,13.55,18.7,15.02,10.98,22.55,16.05,16.2,15.27,13.62,14.89,17.26,25.33,20.53,17.25,14.77,16.1,14.42,39.41,33.54,34.41,30.33,29.66,32.21,27.3,46.32,35.45,42.92,37.17,31.3,46.1,48.47,37.55,44.29,30.84,33.49,44.62,32.74,32.62,22.65,8.48,0.92,5.66,3.19,20.75,20.17,23.86,25.6,26.99,33.32,19.33,19.99,34.29,29.2,17.2,31.38,35.48,17.96,30.46,32.38,24.73,28.18,22.86,33.91,28.78,18.34,23.16,29.32,26.21,19.82,18.09,33.54,29.43,28.7,3.19,11.47,7.44,15.0,26.43,24.99,26.91,15.42,14.78,14.63,0.0,14.9,8.09,17.11,12.88,18.2,9.97,18.58,24.77,4.45,20.71,7.95,33.12,23.71,32.68,22.56,23.31,27.21,24.07,21.64,30.74,27.83,26.42,33.97,27.65,34.81,35.24,32.54,34.51,24.2,24.42,26.28,36.7,34.11,28.1,9.05,24.93,28.07,25.63,20.79,22.77,16.1,11.21,19.91,10.33,26.58,20.65,21.78,25.21,9.19,25.66,12.24,19.21,15.95,19.0,18.25,13.49,14.3,41.8,51.61,49.67,47.85,32.81,41.31,33.35,33.95,35.39,39.6,36.25,35.71,37.51,40.41,37.41,35.36,37.76,42.6,41.29,36.22,37.22,38.88,39.4,48.89,46.16,40.65,43.53,42.33,38.88,43.48,49.06,51.75,50.82,37.08,62.21,43.74,33.89,34.5,31.6,63.23,37.5,52.23,57.26,54.24
44.97,15.39,25.78,36.85,8.37,14.06,18.88,64.6,17.83,21.17,33.0,22.15,30.81,45.38,18.3,21.45,31.87,12.57,31.87,19.0,4.95,33.78,19.08,29.43,27.08,17.07,37.36,25.93,34.63,27.95,16.81,20.54,20.52,25.64,27.57,11.44,43.41,40.65,16.02,12.45,12.79,7.08,19.25,30.6,11.08,16.14,14.35,16.4,20.97,22.78,5.94,17.98,7.9,13.83,26.26,10.95,11.05,24.89,20.15,13.83,17.96,38.67,26.56,17.23,8.53,16.0,12.15,16.47,37.34,9.42,12.55,17.64,5.33,14.41,6.4,12.14,15.84,16.6,26.78,8.3,15.92,13.22,11.23,12.96,15.98,6.99,6.0,12.23,15.63,14.64,15.19,15.01,15.53,14.5,14.83,10.87,12.38,10.95,10.43,12.98,13.42,9.63,14.82,7.48,21.71,13.84,10.76,10.38,11.72,14.06,10.79,8.59,27.43,16.42,27.73,30.38,36.04,28.93,23.44,25.5,31.82,23.14,30.91,16.2,26.81,33.34,28.52,25.61,32.39,33.9,52.46,21.12,14.39,15.59,21.23,18.92,18.58,15.82,16.48,19.66,25.01,17.7,25.67,15.73,20.47,19.23,17.46,28.37,16.66,18.41,14.16,19.32,15.63,11.6,23.16,16.67,16.81,15.88,14.23,15.51,17.88,25.94,21.14,17.86,15.38,5.52,2.49,40.02,34.16,35.02,30.94,30.27,32.83,27.91,46.93,36.06,43.53,37.78,31.91,46.71,49.08,38.16,44.9,31.45,34.1,45.23,33.35,33.23,11.88,9.09,13.98,9.19,13.33,21.36,20.78,24.48,26.21,27.6,33.93,19.95,20.6,34.9,29.81,17.81,32.0,36.09,18.57,31.07,32.99,25.34,28.79,23.47,34.52,29.39,18.96,23.77,29.93,26.82,20.43,18.7,34.15,30.04,29.31,13.8,4.24,7.99,0.76,15.66,14.23,16.14,2.09,1.44,1.3,14.9,0.0,6.93,12.1,3.91,7.57,4.93,10.77,13.78,15.01,11.2,18.97,33.5,23.52,33.05,22.94,23.69,27.59,24.45,22.02,31.12,28.21,26.8,34.34,28.03,35.19,35.62,32.92,34.89,24.57,24.79,26.66,37.08,34.48,28.48,20.06,33.02,36.16,33.71,28.88,26.54,19.87,22.22,28.0,21.34,34.67,25.67,25.55,33.3,21.28,33.74,18.89,21.51,18.24,27.08,26.33,25.24,24.19,44.1,53.9,51.97,50.15,35.1,43.6,35.64,36.24,37.68,41.9,38.55,38.0,39.81,42.71,39.71,37.66,40.06,44.89,43.58,38.52,39.52,41.18,41.69,51.19,48.46,42.95,45.82,44.62,41.18,45.78,51.36,54.04,53.12,39.38,64.5,51.82,36.18,36.8,39.69,65.53,45.58,54.53,59.55,56.53
41.68,13.65,24.04,35.11,11.02,16.71,12.07,61.31,16.09,17.88,29.71,20.42,29.08,42.08,16.56,19.72,28.58,5.76,30.13,17.27,7.6,32.04,12.26,27.7,23.79,15.33,35.62,24.19,31.33,26.22,15.07,18.81,18.78,23.9,25.84,14.09,40.12,37.36,14.28,9.15,11.5,9.73,15.96,27.31,6.49,14.4,7.54,14.66,17.68,21.29,8.59,11.16,7.31,12.09,22.97,9.21,4.24,21.59,16.86,10.54,11.14,36.93,23.27,20.7,11.18,14.26,7.55,14.73,35.61,12.07,10.81,14.35,7.98,11.12,9.05,8.84,12.55,20.06,23.49,8.35,12.63,11.92,4.42,13.3,14.69,9.64,8.65,10.49,12.33,13.35,13.9,11.72,13.79,13.21,11.54,4.06,10.65,7.65,5.14,9.69,10.13,8.34,13.08,6.65,19.98,12.11,9.1,7.09,10.42,12.32,9.5,7.52,24.13,13.13,24.43,27.08,32.74,25.64,20.14,22.21,28.53,19.84,27.62,12.91,23.52,30.05,25.23,22.31,29.1,30.61,50.73,19.39,12.65,13.86,19.5,17.19,16.84,14.08,14.74,17.93,23.27,15.96,23.93,14.0,18.73,17.5,15.73,26.64,14.93,16.68,12.42,17.58,13.89,9.86,21.43,14.93,15.07,14.14,12.49,13.77,16.14,24.21,19.41,16.12,13.64,8.17,6.49,38.28,32.42,33.28,29.2,28.53,31.09,26.18,45.2,34.32,41.79,36.04,30.17,44.97,47.34,36.43,43.17,29.71,32.36,43.49,31.61,31.5,14.54,7.35,7.17,2.38,6.52,19.62,19.04,22.74,24.47,25.86,32.19,18.21,18.86,33.16,28.08,16.07,30.26,34.36,16.83,29.33,31.26,23.61,27.05,21.73,32.78,27.65,17.22,22.03,28.19,25.09,18.7,16.97,32.41,28.31,27.57,6.99,8.3,1.18,7.08,18.31,16.88,18.79,7.49,6.85,6.7,8.09,6.93,0.0,14.75,7.96,10.22,1.99,13.42,16.43,8.2,13.85,12.15,32.13,22.72,31.69,21.57,22.32,26.22,23.08,20.65,29.75,26.84,25.43,32.98,26.66,33.82,34.25,31.55,33.52,23.21,23.43,25.29,35.71,33.12,27.12,13.25,29.73,32.87,30.43,25.59,23.26,16.59,15.41,24.71,14.53,31.38,22.39,22.27,30.01,13.39,30.46,15.6,18.22,14.96,23.8,23.05,17.69,20.91,40.81,50.62,48.68,46.86,31.82,40.32,32.36,32.96,34.4,38.61,35.26,34.72,36.52,39.42,36.42,34.37,36.77,41.61,40.3,35.24,36.23,37.89,38.41,47.9,45.17,39.66,42.54,41.34,37.9,42.49,48.07,50.76,49.83,36.1,61.22,48.54,32.9,33.51,36.4,62.24,42.3,51.24,56.27,53.25
45.16,14.11,24.5,22.5,10.59,9.39,21.09,66.44,11.41,23.01,34.84,12.57,29.54,45.57,17.02,20.18,33.71,14.78,30.59,9.42,8.49,32.5,21.28,28.16,28.92,15.79,36.08,24.65,36.46,26.68,15.53,10.96,10.94,24.36,26.29,6.77,44.2,42.49,14.74,14.28,14.73,7.76,21.09,31.4,12.92,14.86,16.56,15.12,22.81,21.5,6.46,20.18,10.88,12.55,28.1,9.67,12.65,26.72,21.99,15.67,20.16,37.39,28.4,22.53,4.22,14.72,13.99,15.19,36.07,5.66,11.27,19.48,7.35,16.25,6.74,13.97,17.68,20.88,28.62,11.42,17.76,14.63,13.44,15.18,16.28,8.8,8.55,10.95,17.46,14.93,16.61,16.85,14.25,15.92,16.67,12.75,11.1,12.78,12.27,14.82,15.26,12.21,13.54,10.23,20.44,12.57,13.33,12.22,14.52,12.78,13.37,10.65,24.62,18.26,24.92,31.17,36.83,26.12,20.63,27.34,33.66,24.97,29.73,18.04,24.0,35.18,25.72,27.44,34.23,34.7,51.19,11.54,13.11,8.8,11.65,17.64,12.16,10.35,10.06,10.08,15.43,7.41,24.39,6.6,19.19,17.96,16.18,18.79,8.18,8.34,5.03,18.04,2.39,5.92,13.58,15.39,7.68,6.75,5.1,6.38,16.6,16.36,19.87,16.58,6.25,9.06,11.36,38.74,32.88,33.74,29.66,20.69,31.55,26.64,45.65,22.47,42.25,23.43,30.63,45.43,47.8,23.81,43.63,21.87,32.82,43.95,32.07,31.96,7.21,8.98,16.19,13.74,15.54,20.08,19.5,23.2,24.93,26.32,32.65,18.67,19.32,33.62,28.53,16.53,30.72,34.82,17.29,29.79,31.72,24.06,27.51,22.19,33.24,28.11,17.68,22.49,28.65,25.55,19.16,17.43,32.87,28.77,28.03,16.01,13.77,15.51,11.94,10.99,9.56,11.47,14.63,13.98,13.84,17.11,12.1,14.75,0.0,15.13,6.18,12.79,2.94,9.13,17.07,5.08,21.02,32.47,22.49,32.03,21.91,22.66,26.57,23.42,20.99,30.1,27.18,25.77,33.32,27.0,34.17,34.59,31.89,33.86,23.55,23.77,25.63,36.05,33.46,27.46,22.12,34.74,37.88,35.44,30.6,28.27,21.6,29.14,29.72,23.4,36.39,27.4,27.28,35.02,23.0,35.47,20.61,23.23,19.97,28.8,28.06,26.96,25.92,44.29,54.09,52.16,50.34,35.87,45.33,36.41,37.01,38.45,42.67,39.31,38.77,41.53,43.47,39.9,38.42,40.83,45.66,45.31,40.24,41.24,41.94,41.88,52.91,49.22,43.14,46.59,46.35,41.95,47.5,51.55,55.76,53.31,40.15,66.22,53.55,37.9,38.52,41.41,67.25,47.31,54.72,59.74,56.72
42.58,13.0,23.39,34.46,11.36,17.06,16.86,62.21,15.43,18.78,30.61,19.76,28.42,42.99,15.91,19.06,29.48,10.55,29.48,16.61,7.95,31.39,17.05,27.04,24.69,14.68,34.97,23.54,32.24,25.56,14.42,18.15,18.13,23.25,25.18,14.44,41.02,38.26,13.63,10.05,10.4,10.08,16.86,28.21,8.69,13.75,12.33,14.01,18.58,20.39,8.94,15.95,5.51,11.44,23.87,8.56,8.42,22.5,17.76,11.44,15.94,36.28,24.17,14.84,11.52,13.61,9.76,14.08,34.95,12.42,10.16,15.25,8.33,12.02,9.39,9.74,13.45,14.21,24.39,5.91,13.53,10.82,9.21,10.57,13.59,9.98,8.99,9.84,13.23,12.25,12.8,12.62,13.14,12.11,12.44,8.52,9.99,8.56,8.04,10.59,11.03,7.24,12.43,5.09,19.32,11.45,8.37,7.99,9.33,11.66,8.4,6.2,25.04,14.03,25.34,27.99,33.65,26.54,21.05,23.11,29.43,20.74,28.52,13.81,24.42,30.95,26.13,23.22,30.0,31.51,50.07,18.73,12.0,13.2,18.84,16.53,16.19,13.43,14.08,17.27,22.62,15.31,23.28,13.34,18.07,16.84,15.07,25.98,14.27,16.02,11.77,16.93,13.24,9.21,20.77,14.28,14.42,13.49,11.84,13.12,15.49,23.55,18.75,15.47,12.99,8.52,6.84,37.63,31.76,32.63,28.55,27.88,30.44,25.52,44.54,33.67,41.14,35.39,29.52,44.32,46.69,35.77,42.51,29.06,31.71,42.84,30.96,30.84,14.88,6.7,11.96,10.22,11.31,18.97,18.39,22.09,23.82,25.21,31.54,17.56,18.21,32.51,27.42,15.42,29.61,33.7,16.18,28.68,30.6,22.95,26.4,21.08,32.13,27.0,16.56,21.38,27.54,24.43,18.04,16.31,31.76,27.65,26.92,11.78,0.98,9.03,4.66,18.65,17.22,19.14,4.48,3.83,3.69,12.88,3.91,7.96,15.13,0.0,10.57,5.97,13.77,16.77,12.95,14.19,16.91,31.1,21.13,30.66,20.55,21.3,25.2,22.05,19.63,28.73,25.82,24.41,31.95,25.64,32.8,33.23,30.53,32.5,22.18,22.4,24.27,34.69,32.09,26.09,18.0,30.63,33.77,31.32,26.49,24.15,17.48,25.02,25.61,19.28,32.28,23.28,23.16,30.91,18.89,31.35,16.5,19.12,15.85,24.69,23.94,22.85,21.8,41.71,51.51,49.57,47.76,32.71,41.21,33.25,33.85,35.29,39.51,36.16,35.61,37.42,40.32,37.32,35.26,37.67,42.5,41.19,36.13,37.13,38.78,39.3,48.79,46.07,40.56,43.43,42.23,38.79,43.39,48.97,51.65,50.73,36.99,62.11,49.43,33.79,34.41,37.3,63.13,43.19,52.14,57.16,54.14
49.88,18.83,29.22,27.21,6.06,8.12,22.18,71.16,16.12,27.72,39.55,17.29,34.25,50.28,21.74,24.89,38.43,15.87,35.31,14.14,3.96,37.22,22.37,32.87,33.64,20.51,40.8,29.37,41.18,31.39,20.25,15.68,15.65,29.08,31.01,5.5,48.92,47.2,19.45,19.0,19.44,3.23,25.81,36.12,17.64,19.58,17.65,19.84,27.52,26.22,1.93,21.27,15.6,17.27,32.82,14.39,14.35,31.44,26.7,20.39,21.25,42.11,33.12,27.24,2.58,19.44,18.7,19.91,40.78,3.47,15.99,24.19,2.82,20.97,2.22,18.69,22.39,25.59,33.33,16.13,22.48,19.35,14.53,19.9,20.99,4.27,4.02,15.67,22.18,19.65,21.32,21.56,18.97,20.64,21.39,14.16,15.82,17.5,16.98,19.53,19.97,16.92,18.26,14.94,25.15,17.28,18.05,16.93,19.24,17.49,18.08,15.37,29.33,22.98,29.63,35.89,41.55,30.84,25.34,32.06,38.38,29.69,34.45,22.75,28.72,39.9,30.43,32.16,38.95,39.41,55.9,16.26,17.83,13.52,16.37,22.36,16.88,15.07,14.77,14.8,20.14,12.13,29.1,11.32,23.9,22.67,20.9,23.51,12.9,13.05,9.74,22.76,7.11,10.64,18.3,20.1,12.39,11.46,9.81,11.09,21.32,21.08,24.58,21.3,10.96,4.53,6.83,43.46,37.59,38.46,34.38,25.41,36.27,31.35,50.37,27.19,46.97,28.14,35.35,50.15,52.52,28.53,48.34,26.58,37.54,48.67,36.79,36.67,5.94,13.69,17.28,12.49,16.63,24.8,24.22,27.91,29.65,31.04,37.37,23.38,24.04,38.34,33.25,21.25,35.44,39.53,22.01,34.51,36.43,28.78,32.23,26.91,37.96,32.83,22.39,27.21,33.37,30.26,23.87,22.14,37.59,33.48,32.75,17.1,10.9,11.29,7.41,9.71,8.28,10.2,10.1,9.45,9.31,18.2,7.57,10.22,6.18,10.57,0.0,8.26,4.86,7.86,18.34,5.28,22.29,37.19,27.21,36.74,26.63,27.38,31.28,28.14,25.71,34.81,31.9,30.49,38.03,31.72,38.88,39.31,36.61,38.58,28.26,28.48,30.35,40.77,38.17,32.17,23.39,39.46,42.6,40.15,35.32,32.98,26.31,25.55,34.44,24.67,41.11,32.11,31.99,39.74,27.72,40.18,25.33,27.95,24.68,33.52,32.77,31.68,30.63,49.0,58.81,56.87,55.05,40.59,50.04,41.12,41.72,43.16,47.38,44.03,43.49,46.25,48.19,44.62,43.14,45.54,50.37,50.02,44.96,45.96,46.66,46.6,57.63,53.94,47.85,51.3,51.06,46.66,52.22,56.27,60.48,58.02,44.86,70.94,58.26,42.62,43.24,46.13,71.97,52.02,59.43,64.46,61.44
43.56,17.45,27.84,38.91,9.03,14.72,13.94,63.19,19.89,19.75,31.59,24.22,32.88,43.96,20.36,23.52,30.46,7.64,33.93,21.07,5.61,35.84,14.14,31.5,25.67,19.13,39.42,27.99,33.21,30.02,18.87,22.61,22.58,27.7,29.64,12.1,41.99,39.23,18.08,11.03,14.85,7.74,17.84,29.19,8.37,18.2,9.41,18.46,19.56,23.16,6.6,13.04,9.97,15.89,24.85,13.01,6.12,23.47,18.74,12.42,13.02,40.73,25.15,22.58,9.19,18.06,9.43,18.53,39.41,10.08,14.61,16.22,5.99,13.0,7.06,10.72,14.42,21.94,25.37,10.36,14.51,15.28,6.3,15.18,18.05,7.65,6.66,14.29,14.21,16.7,17.25,13.6,17.59,16.57,13.42,5.93,14.45,9.53,7.02,11.56,12.01,11.7,16.88,9.55,23.78,15.91,10.97,8.97,13.78,16.12,12.86,10.65,26.01,15.01,26.31,28.96,34.62,27.52,22.02,24.09,30.41,21.72,29.5,14.79,25.39,31.93,27.11,24.19,30.98,32.49,54.53,23.19,16.45,17.66,23.3,20.99,20.64,17.88,18.54,21.73,27.07,19.76,27.73,17.8,22.53,21.3,19.53,30.44,18.73,20.48,16.22,21.38,13.71,13.66,25.23,18.73,18.87,17.94,16.29,17.57,19.94,28.01,23.21,19.92,17.44,6.18,4.5,42.08,36.22,37.08,33.0,32.33,34.89,29.98,49.0,38.12,45.59,39.84,33.97,48.77,51.14,40.23,46.97,33.51,36.16,47.29,35.41,35.3,12.54,11.15,9.05,4.25,8.4,23.42,22.84,26.54,28.27,29.66,35.99,22.01,22.66,36.96,31.88,19.87,34.06,38.16,20.63,33.13,35.06,27.41,30.85,25.53,36.58,31.45,21.02,25.83,31.99,28.89,22.5,20.77,36.21,32.11,31.37,8.87,6.31,3.06,5.09,16.32,14.89,16.8,5.5,4.86,4.71,9.97,4.93,1.99,12.79,5.97,8.26,0.0,11.43,14.44,10.08,11.86,14.03,35.56,25.58,35.12,25.0,25.75,29.65,26.51,24.08,33.18,30.27,28.86,36.41,30.09,37.26,37.68,34.98,36.95,26.64,26.86,28.72,39.14,36.55,30.55,15.13,31.61,34.75,32.31,27.47,25.14,18.47,17.29,26.59,16.41,33.26,24.27,24.14,31.89,15.27,32.34,17.48,20.1,16.84,25.67,24.93,19.57,22.79,42.69,52.5,50.56,48.74,33.7,42.2,34.24,34.83,36.28,40.49,37.14,36.6,38.4,41.3,38.3,36.25,38.65,43.49,42.18,37.11,38.11,39.77,40.29,49.78,47.05,41.54,44.42,43.22,39.77,44.37,49.95,52.63,51.71,37.97,63.09,50.42,34.77,35.39,38.28,64.12,44.18,53.12,58.14,55.13
46.63,15.58,25.97,23.96,9.26,8.06,22.56,67.91,12.88,24.48,36.31,14.04,31.0,47.04,18.49,21.64,35.18,16.25,32.06,10.89,7.16,33.97,22.75,29.62,30.39,17.26,37.55,26.12,37.93,28.14,17.0,12.43,12.4,25.83,27.76,5.45,45.67,43.96,16.21,15.75,16.2,6.43,22.56,32.87,14.39,16.33,18.02,16.59,24.28,22.97,5.13,21.65,12.35,14.02,29.57,11.14,14.12,28.19,23.46,17.14,21.63,38.86,29.87,24.0,2.89,16.19,15.45,16.66,37.54,4.33,12.74,20.95,6.02,17.72,5.42,15.44,19.15,22.34,30.09,12.88,19.23,16.1,14.91,16.65,17.74,7.47,7.22,12.42,18.93,16.4,18.08,18.32,15.72,17.39,18.14,14.22,12.57,14.25,13.73,16.29,16.73,13.68,15.01,11.7,21.9,14.04,14.8,13.69,15.99,14.25,14.84,12.12,26.09,19.73,26.39,32.64,38.3,27.59,22.1,28.81,35.13,26.44,31.2,19.51,25.47,36.65,27.18,28.91,35.7,36.17,52.65,13.01,14.58,10.27,13.12,19.11,13.63,11.82,11.53,11.55,16.9,8.88,25.86,8.07,20.66,19.42,17.65,20.26,9.65,9.81,6.5,19.51,3.86,7.39,15.05,16.86,9.15,8.22,6.57,7.84,18.07,17.83,21.34,18.05,7.72,7.73,10.03,40.21,34.35,35.21,31.13,22.16,33.02,28.11,47.12,23.94,43.72,24.89,32.1,46.9,49.27,25.28,45.1,23.33,34.29,45.42,33.54,33.43,5.89,10.45,17.66,15.21,17.01,21.55,20.97,24.67,26.4,27.79,34.12,20.14,20.79,35.09,30.0,18.0,32.19,36.28,18.76,31.26,33.19,25.53,28.98,23.66,34.71,29.58,19.15,23.96,30.12,27.02,20.62,18.9,34.34,30.23,29.5,17.48,15.24,14.49,10.61,9.66,8.23,10.14,13.3,12.66,12.51,18.58,10.77,13.42,2.94,13.77,4.86,11.43,0.0,7.81,18.54,3.75,22.49,33.94,23.96,33.5,23.38,24.13,28.03,24.89,22.46,31.56,28.65,27.24,34.79,28.47,35.63,36.06,33.36,35.33,25.02,25.24,27.1,37.52,34.93,28.92,23.59,36.21,39.35,36.91,32.07,29.74,23.07,30.6,31.19,24.86,37.86,28.87,28.74,36.49,24.47,36.93,22.08,24.7,21.43,30.27,29.52,28.43,27.38,45.76,55.56,53.62,51.81,37.34,46.79,37.88,38.47,39.92,44.13,40.78,40.24,43.0,44.94,41.37,39.89,42.29,47.13,46.78,41.71,42.71,43.41,43.35,54.38,50.69,44.61,48.06,47.82,43.41,48.97,53.02,57.23,54.77,41.61,67.69,55.02,39.37,39.99,42.88,68.72,48.78,56.18,61.21,58.19
52.83,21.78,32.17,30.16,12.27,1.38,28.75,74.11,19.07,30.67,42.5,20.24,37.2,53.23,24.69,27.84,41.38,22.44,38.26,17.09,10.16,40.17,28.95,35.82,36.59,23.46,43.75,32.32,44.13,34.34,23.19,18.63,18.6,32.03,33.96,3.74,51.87,50.15,22.4,21.95,22.39,9.43,28.75,39.06,20.59,22.52,24.22,22.79,30.47,29.16,8.13,27.85,18.55,20.22,35.77,17.34,20.31,34.39,29.65,23.34,27.83,45.06,36.07,30.19,5.35,22.39,21.65,22.86,43.73,4.39,18.93,27.14,9.03,23.92,8.42,21.64,25.34,28.54,36.28,19.08,25.42,22.3,21.1,22.85,23.94,10.47,10.22,18.62,25.13,22.6,24.27,24.51,21.91,23.59,24.34,20.42,18.77,20.45,19.93,22.48,22.92,19.87,21.21,17.89,28.1,20.23,21.0,19.88,22.19,20.44,21.03,18.31,32.28,25.92,32.58,38.84,44.5,33.79,28.29,35.01,41.32,32.64,37.4,25.7,31.66,42.85,33.38,35.11,41.89,42.36,58.85,19.21,20.78,16.47,19.32,25.31,19.83,18.02,17.72,17.75,23.09,15.08,32.05,14.27,26.85,25.62,23.85,26.46,15.85,16.0,12.69,25.7,10.06,13.59,21.25,23.05,15.34,14.41,12.76,14.04,24.26,24.03,27.53,24.25,13.91,10.74,13.03,46.41,40.54,41.41,37.33,28.35,39.21,34.3,53.32,30.14,49.92,31.09,38.3,53.09,55.47,31.48,51.29,29.53,40.49,51.62,39.74,39.62,1.92,16.64,23.86,18.69,23.2,27.75,27.17,30.86,32.6,33.99,40.32,26.33,26.99,41.29,36.2,24.2,38.38,42.48,24.96,37.46,39.38,31.73,35.18,29.86,40.9,35.78,25.34,30.16,36.32,33.21,26.82,25.09,40.54,36.43,35.69,23.67,17.11,17.49,13.61,6.21,4.78,2.34,16.31,15.66,15.52,24.77,13.78,16.43,9.13,16.77,7.86,14.44,7.81,0.0,24.73,8.23,28.69,40.14,30.16,39.69,29.58,30.33,34.23,31.08,28.66,37.76,34.85,33.44,40.98,34.67,41.83,42.26,39.56,41.53,31.21,31.43,33.3,43.72,41.12,35.12,29.78,42.41,45.55,43.1,38.27,35.93,29.26,36.8,37.39,31.06,44.06,35.06,34.94,42.69,30.67,43.13,28.28,30.9,27.63,36.47,35.72,34.63,33.58,51.95,61.76,59.82,58.0,43.53,52.99,44.07,44.67,46.11,50.33,46.98,46.43,49.2,51.14,47.56,46.09,48.49,53.32,52.97,47.91,48.91,49.61,49.55,60.57,56.89,50.8,54.25,54.01,49.61,55.17,59.21,63.43,60.97,47.81,73.89,61.21,45.57,46.19,49.08,74.91,54.97,62.38,67.41,64.39
36.99,14.94,25.04,36.4,19.11,24.99,8.01,56.62,17.37,13.18,25.02,21.7,30.36,37.39,17.85,17.87,23.89,2.49,31.42,18.55,15.69,30.2,8.21,28.98,14.03,16.62,36.91,25.48,26.64,27.5,16.35,20.09,20.07,22.05,23.99,22.37,35.42,27.59,15.56,8.93,10.38,17.82,11.27,22.62,7.77,15.69,3.48,15.95,12.99,16.6,16.68,7.11,8.59,13.38,13.2,10.5,5.52,11.83,12.17,5.85,7.09,38.22,13.5,16.01,19.81,15.55,8.84,16.02,36.89,21.26,12.1,9.65,16.07,6.15,17.14,7.57,7.85,15.37,13.72,9.63,7.94,11.98,4.3,8.61,17.26,17.73,16.74,11.78,7.64,13.41,15.22,7.03,15.08,13.27,6.85,5.34,12.18,9.53,6.43,8.42,7.77,9.63,11.99,7.94,16.56,12.93,9.42,8.37,10.0,10.8,10.78,8.8,19.44,2.18,19.74,22.39,28.05,20.95,15.45,17.52,23.84,15.15,22.93,3.13,18.82,25.36,20.54,17.62,24.41,25.92,48.88,20.67,13.94,15.14,20.78,18.47,18.13,15.37,16.02,19.21,24.56,17.25,25.21,15.28,20.01,18.78,17.01,27.92,16.21,17.96,13.71,18.87,15.18,11.14,22.71,16.21,16.36,15.43,13.78,15.05,17.43,25.49,20.69,17.41,14.93,16.26,14.58,39.57,33.7,34.57,30.49,29.82,32.37,27.46,46.48,35.61,43.08,37.33,31.46,46.26,48.63,37.71,44.45,31.0,33.65,44.78,32.9,32.78,22.81,8.64,3.53,5.82,3.58,16.5,22.4,24.02,25.76,27.15,33.48,21.57,22.23,34.45,29.36,17.36,31.54,35.64,20.2,30.62,32.54,24.89,28.34,23.02,34.07,28.94,18.5,23.32,29.48,26.37,19.98,18.25,33.7,29.59,28.86,1.26,11.63,7.6,15.16,26.59,25.15,27.07,15.58,14.94,14.79,4.45,15.01,8.2,17.07,12.95,18.34,10.08,18.54,24.73,0.0,20.87,8.15,29.94,17.83,29.5,19.38,23.47,24.03,20.89,18.14,27.56,24.65,23.24,30.79,24.47,31.63,32.06,29.36,31.33,21.02,24.58,23.1,33.52,30.93,24.93,9.24,20.02,23.16,20.72,15.88,13.55,6.88,11.4,15.0,10.52,21.67,12.68,12.55,20.3,8.28,20.74,5.89,13.34,10.07,14.08,13.33,12.24,11.19,35.93,45.73,43.79,41.98,26.93,35.43,27.47,28.07,29.51,33.73,30.38,29.83,31.64,34.54,31.54,29.48,31.89,36.72,35.41,30.35,31.35,33.0,33.52,43.01,40.29,34.78,37.65,36.45,33.01,37.61,43.19,45.87,44.95,31.21,56.33,38.83,28.01,28.63,26.69,57.35,32.59,46.36,51.38,48.36
48.77,17.72,28.11,26.1,9.69,8.48,24.69,70.05,15.02,26.62,38.45,16.18,33.14,49.17,20.63,23.78,37.32,18.39,34.2,13.03,7.58,36.11,24.89,31.76,32.53,19.4,39.69,28.26,40.07,30.28,19.14,14.57,14.54,27.97,29.9,5.87,47.81,46.09,18.35,17.89,18.34,6.85,24.7,35.01,16.53,18.47,20.16,18.73,26.42,25.11,5.55,23.79,14.49,16.16,31.71,13.28,16.26,30.33,25.6,19.28,23.77,41.0,32.01,26.14,3.31,18.33,17.59,18.8,39.67,4.75,14.88,23.08,6.45,19.86,5.84,17.58,21.28,24.48,32.23,15.02,21.37,18.24,17.04,18.79,19.88,7.89,7.64,14.56,21.07,18.54,20.22,20.46,17.86,19.53,20.28,16.36,14.71,16.39,15.87,18.42,18.87,15.82,17.15,13.84,24.04,16.18,16.94,15.83,18.13,16.39,16.98,14.26,28.23,21.87,28.53,34.78,40.44,29.73,24.24,30.95,37.27,28.58,33.34,21.65,27.61,38.79,29.32,31.05,37.84,38.31,54.79,15.15,16.72,12.41,15.26,21.25,15.77,13.96,13.67,13.69,19.03,11.02,28.0,10.21,22.8,21.56,19.79,22.4,11.79,11.95,8.64,21.65,6.0,9.53,17.19,19.0,11.28,10.35,8.71,9.98,20.21,19.97,23.47,20.19,9.86,8.15,10.45,42.35,36.49,37.35,33.27,24.3,35.16,30.24,49.26,26.08,45.86,27.03,34.24,49.04,51.41,27.42,47.24,25.47,36.43,47.56,35.68,35.56,6.31,12.59,19.8,17.35,19.15,23.69,23.11,26.81,28.54,29.93,36.26,22.28,22.93,37.23,32.14,20.14,34.33,38.42,20.9,33.4,35.33,27.67,31.12,25.8,36.85,31.72,21.29,26.1,32.26,29.15,22.76,21.03,36.48,32.37,31.64,19.62,14.53,14.91,11.03,10.08,8.65,10.57,13.73,13.08,12.94,20.71,11.2,13.85,5.08,14.19,5.28,11.86,3.75,8.23,20.87,0.0,24.63,36.08,26.1,35.64,25.52,26.27,30.17,27.03,24.6,33.7,30.79,29.38,36.92,30.61,37.77,38.2,35.5,37.47,27.15,27.37,29.24,39.66,37.07,31.06,25.73,38.35,41.49,39.05,34.21,31.88,25.21,32.74,33.33,27.0,40.0,31.01,30.88,38.63,26.61,39.07,24.22,26.84,23.57,32.41,31.66,30.57,29.52,47.9,57.7,55.76,53.94,39.48,48.93,40.02,40.61,42.05,46.27,42.92,42.38,45.14,47.08,43.51,42.03,44.43,49.27,48.92,43.85,44.85,45.55,45.49,56.52,52.83,46.75,50.19,49.96,45.55,51.11,55.16,59.37,56.91,43.75,69.83,57.16,41.51,42.13,45.02,70.86,50.92,58.32,63.35,60.33
43.18,18.89,31.23,40.35,23.06,28.94,2.89,62.8,21.33,19.37,31.2,25.65,34.31,43.58,21.8,24.05,30.08,6.44,35.37,22.5,19.64,36.38,2.23,32.93,11.46,20.57,40.86,29.43,28.53,31.45,20.31,24.04,24.02,28.24,30.17,26.32,41.61,24.65,19.52,15.11,16.56,21.78,17.45,28.81,11.73,19.64,5.65,19.9,19.17,22.78,20.63,2.43,12.55,17.33,10.26,14.45,9.47,8.88,18.35,12.03,1.12,42.17,10.93,22.19,23.77,19.5,12.79,19.97,40.85,25.21,16.05,15.84,20.02,12.33,21.09,13.76,14.04,21.56,11.15,13.58,14.12,18.17,8.25,14.79,23.44,21.68,20.69,15.73,13.83,19.59,21.41,13.21,19.03,19.45,13.03,9.29,18.36,12.89,10.38,14.6,13.95,13.58,18.17,11.89,22.75,17.35,15.6,12.32,16.18,16.98,14.74,12.75,25.63,9.51,25.93,28.58,34.24,27.13,21.64,23.71,30.02,21.34,29.12,9.32,25.01,31.54,26.73,23.81,30.59,32.1,55.06,24.63,17.89,19.09,24.73,22.42,22.08,19.32,19.98,23.16,28.51,21.2,29.17,19.24,23.97,22.73,20.96,31.87,20.16,21.92,17.66,22.82,19.13,15.1,26.67,20.17,20.31,19.38,17.73,19.01,21.38,29.44,24.64,21.36,18.88,20.22,18.53,43.52,37.66,38.52,34.44,33.77,36.33,31.42,50.43,39.56,47.03,41.28,35.41,50.21,52.58,41.67,48.41,34.95,37.6,48.73,36.85,36.73,26.77,12.59,7.04,9.78,7.54,22.69,24.28,27.98,29.71,31.1,37.43,23.45,24.1,38.4,33.31,21.31,35.5,39.59,22.07,34.57,36.5,28.84,32.29,26.97,38.02,32.89,22.46,27.27,33.43,30.32,23.93,22.2,37.65,33.54,32.81,6.89,15.58,11.55,19.12,30.54,29.11,31.02,19.54,18.89,18.75,7.95,18.97,12.15,21.02,16.91,22.29,14.03,22.49,28.69,8.15,24.63,0.0,36.15,24.04,35.71,25.59,27.42,30.25,27.1,24.35,33.78,30.86,29.46,37.0,30.68,37.85,38.27,35.57,37.54,27.23,28.53,29.31,39.73,37.14,31.14,1.24,17.2,20.34,17.9,13.06,14.82,10.32,4.31,12.18,2.52,18.85,12.65,13.83,17.48,3.41,17.66,6.46,19.55,16.28,11.26,10.51,6.6,7.41,42.14,51.95,50.01,48.19,33.15,41.64,33.68,34.28,35.72,39.94,36.59,36.05,37.85,40.75,37.75,35.7,38.1,42.93,41.63,36.56,37.56,39.22,39.74,49.23,46.5,40.99,43.86,42.67,39.22,43.82,49.4,52.08,51.16,37.42,62.54,35.75,24.97,25.59,23.61,63.57,29.51,52.57,57.59,54.57
12.78,21.28,10.94,48.57,40.95,40.39,35.34,43.21,26.5,27.91,22.64,30.83,42.53,13.18,30.02,13.61,22.44,30.79,43.59,27.67,37.54,16.1,34.69,41.15,38.42,28.79,49.08,29.23,35.48,22.03,19.73,29.21,29.19,8.48,9.89,37.77,13.8,41.57,22.18,22.57,21.11,38.76,25.99,15.46,28.93,19.44,32.57,19.7,27.71,15.27,37.46,35.17,26.89,23.85,37.6,24.3,28.66,36.22,26.89,25.17,35.04,50.39,37.9,17.23,35.22,18.93,30.0,19.77,49.06,36.66,22.37,24.37,38.35,25.75,37.75,25.8,23.09,15.58,38.12,27.43,24.87,18.46,29.45,23.59,18.48,39.8,38.58,25.46,23.46,18.55,16.44,24.14,21.24,18.91,26.17,28.76,23.52,28.8,28.28,25.17,24.55,22.21,18.99,26.24,15.14,21.52,21.9,28.23,20.9,19.69,20.71,26.66,18.16,27.76,19.85,16.02,13.09,16.84,20.96,32.24,23.51,29.87,16.65,27.54,18.99,23.24,20.65,32.34,24.03,11.68,23.63,29.8,26.11,24.26,29.9,30.64,27.25,23.62,25.15,28.33,33.68,26.37,37.38,27.9,32.18,30.95,29.18,37.04,25.33,27.09,29.11,31.03,30.58,26.55,31.84,28.38,28.04,27.49,29.18,30.46,29.59,34.61,32.86,29.58,27.54,38.11,36.43,51.74,45.87,46.74,42.66,38.94,33.44,39.63,46.08,47.78,55.25,49.5,43.63,45.86,60.79,49.88,56.62,40.12,45.82,56.95,32.8,44.95,38.22,24.99,32.2,29.75,31.55,14.78,15.27,27.78,21.3,19.44,26.4,18.8,16.19,27.05,19.61,21.11,28.12,30.68,17.42,34.37,27.59,21.7,20.63,26.77,29.11,18.37,19.71,27.07,33.23,30.12,23.73,22.0,29.98,33.34,32.61,32.02,29.78,31.53,34.25,41.99,40.56,42.47,34.07,33.42,33.28,33.12,33.5,32.13,32.47,31.1,37.19,35.56,33.94,40.14,29.94,36.08,36.15,0.0,14.93,1.67,11.22,12.09,5.9,9.05,15.83,13.58,8.91,7.86,1.87,10.48,17.65,2.12,1.16,16.26,12.86,11.37,8.03,19.54,16.94,10.94,37.36,44.6,47.73,45.29,40.45,38.12,31.45,38.99,39.58,38.64,46.25,37.25,37.13,44.87,32.86,45.32,30.47,28.46,27.68,38.66,37.91,36.82,35.77,11.82,21.62,19.68,17.87,13.25,23.45,10.69,9.43,7.99,18.87,15.52,9.08,28.0,14.96,7.43,14.62,17.03,15.2,21.59,18.95,17.95,18.14,9.41,29.74,18.77,10.67,16.13,23.18,15.81,24.34,19.08,22.46,20.84,16.35,43.06,33.68,36.98,37.6,40.53,44.08,40.39,22.25,27.27,24.25
27.7,11.3,9.89,38.59,30.98,30.41,23.23,59.23,16.52,15.8,27.63,20.85,32.55,28.11,20.04,1.93,26.5,21.38,33.61,17.7,27.56,15.04,22.58,31.17,26.31,18.81,39.1,19.25,29.25,21.28,9.76,19.24,19.21,6.9,8.83,27.8,28.82,35.35,12.2,10.46,9.0,28.78,13.88,16.02,18.12,9.46,23.16,9.72,15.6,1.5,27.48,23.06,16.92,13.87,25.49,14.32,19.25,24.12,14.78,13.06,22.93,40.41,25.79,2.37,25.24,8.95,19.19,9.79,39.08,26.68,12.39,12.27,28.38,13.64,27.77,13.7,10.98,2.79,26.01,10.89,12.76,6.35,20.04,11.48,5.08,29.82,28.61,10.12,11.35,5.15,3.66,12.03,11.27,6.81,14.06,19.35,7.93,17.02,17.47,13.06,12.44,10.1,5.76,16.26,2.84,11.55,9.79,11.55,8.79,7.58,8.6,16.68,12.84,15.65,13.14,15.79,21.45,14.35,8.85,20.13,26.45,17.76,13.37,15.43,12.22,27.97,13.94,20.23,27.02,19.32,33.73,19.82,16.13,14.29,19.93,20.66,17.27,13.65,15.17,18.36,23.7,16.4,27.41,17.92,22.21,20.97,19.2,27.07,15.36,17.11,19.13,21.06,20.6,16.57,21.86,18.41,18.06,17.51,19.2,20.48,19.62,24.64,22.88,19.6,17.57,28.13,26.45,41.76,35.9,36.76,32.68,28.97,26.15,29.65,48.67,37.8,45.27,39.52,33.65,48.45,50.82,39.91,46.65,30.14,35.84,46.97,26.67,34.97,28.24,15.01,22.79,20.34,22.14,3.72,9.65,17.8,19.53,20.92,27.25,8.82,9.48,28.22,18.55,11.13,25.32,29.42,7.44,24.39,26.32,18.66,22.11,16.79,27.84,17.31,9.73,17.09,23.25,20.15,13.76,12.03,27.47,23.37,22.63,22.61,19.8,22.11,24.28,32.01,30.58,32.5,24.09,23.44,23.3,23.71,23.52,22.72,22.49,21.13,27.21,25.58,23.96,30.16,17.83,26.1,24.04,14.93,0.0,14.49,3.7,11.06,9.02,5.88,5.64,12.55,9.64,8.23,15.77,9.46,16.62,17.05,14.35,16.32,2.62,10.35,8.09,18.51,15.92,9.91,25.13,32.36,35.5,33.06,28.22,25.89,19.22,26.76,27.34,26.41,34.01,25.02,24.9,32.64,20.63,33.09,18.23,16.23,15.45,26.42,25.68,24.58,23.54,26.75,36.55,34.61,32.79,20.5,38.32,21.03,21.63,23.07,27.29,23.94,23.4,34.53,28.1,22.36,23.05,25.45,30.28,38.3,29.67,28.68,26.57,24.34,45.91,33.85,25.6,31.21,39.35,26.57,40.5,34.01,37.54,35.76,24.77,59.22,46.6,30.9,31.52,34.46,60.25,40.35,37.17,42.2,39.18
14.45,20.84,10.5,48.12,40.51,39.95,34.9,44.89,26.05,27.46,24.31,30.38,42.09,14.85,29.57,13.16,24.11,30.35,43.14,27.23,37.1,15.65,34.24,40.71,37.98,28.34,48.64,28.78,40.92,21.59,19.29,28.77,28.75,8.03,9.45,37.33,15.47,47.01,21.73,22.13,20.67,38.32,25.54,17.13,28.49,18.99,32.13,19.26,27.26,14.83,37.02,34.73,26.45,23.4,37.16,23.86,28.22,35.78,26.44,24.73,34.59,49.94,37.46,16.79,34.78,18.49,29.55,19.33,48.62,36.22,21.93,23.93,37.91,25.31,37.3,25.36,22.65,15.13,37.68,26.98,24.43,18.01,29.01,23.15,18.04,39.36,38.14,25.02,23.02,18.11,16.0,23.7,20.8,18.47,25.73,28.32,23.08,28.35,27.83,24.73,24.1,21.77,18.54,25.8,14.69,21.08,21.46,27.79,20.46,19.25,20.27,26.22,19.83,27.32,21.52,17.69,14.76,18.51,20.52,31.8,25.18,29.43,18.32,27.1,20.67,24.91,22.32,31.9,25.7,13.36,25.3,29.35,25.66,23.82,29.46,30.2,26.81,23.18,24.7,27.89,33.24,25.93,36.94,27.46,31.74,30.51,28.74,36.6,24.89,26.64,28.67,30.59,30.14,26.1,31.39,27.94,27.6,27.04,28.74,30.01,29.15,34.17,32.42,29.13,27.1,37.67,35.99,51.29,45.43,46.3,42.21,38.5,33.0,39.19,45.64,47.33,54.8,49.05,43.18,45.42,60.35,49.44,56.18,39.68,45.37,56.51,32.36,44.51,37.77,24.55,31.76,29.31,31.11,14.34,14.83,27.33,20.86,19.0,25.96,18.35,15.75,26.61,19.16,20.67,27.68,30.24,16.98,33.93,27.14,21.25,20.19,26.32,28.67,17.93,19.26,26.63,32.79,29.68,23.29,21.56,29.54,32.9,32.16,31.58,29.34,31.08,33.81,41.55,40.12,42.03,33.62,32.97,32.83,32.68,33.05,31.69,32.03,30.66,36.74,35.12,33.5,39.69,29.5,35.64,35.71,1.67,14.49,0.0,10.78,11.65,5.46,8.61,15.38,13.14,8.47,7.42,2.52,10.04,17.21,3.79,1.09,15.82,12.41,10.93,7.59,19.09,16.5,10.5,36.92,44.15,47.29,44.85,40.01,37.68,31.01,38.55,39.13,38.2,45.8,36.81,36.69,44.43,32.42,44.88,30.02,28.02,27.24,38.22,37.47,36.37,35.33,13.49,23.3,21.36,19.54,14.92,25.12,12.36,11.1,9.66,20.54,17.19,10.75,29.67,16.64,9.1,16.3,18.7,16.87,23.26,20.62,19.62,19.82,11.08,31.41,20.44,12.34,17.8,24.85,17.48,26.01,20.75,24.13,22.51,18.02,44.73,35.35,42.69,43.31,46.25,45.75,42.06,23.92,28.94,25.92
24.0,10.72,6.18,38.01,30.4,29.83,24.78,60.78,15.94,17.35,22.83,20.27,31.97,24.4,19.46,2.03,28.05,20.23,33.03,17.12,26.98,11.34,24.13,30.59,27.87,18.23,38.52,18.67,30.81,20.7,9.18,18.66,18.63,3.2,5.13,27.22,25.02,36.9,11.62,12.01,10.55,28.2,15.43,15.54,18.38,8.88,22.01,9.14,17.15,4.05,26.9,24.62,16.34,13.29,27.04,13.74,18.1,25.67,16.33,14.61,24.48,39.83,27.34,6.67,24.66,8.37,19.44,9.21,38.5,26.1,11.81,13.82,27.8,15.2,27.19,15.25,12.53,5.02,27.56,16.87,14.31,7.9,18.89,13.03,7.92,29.24,28.03,14.9,12.9,7.99,5.89,13.59,10.69,8.36,15.61,18.21,12.97,18.24,17.72,14.62,13.99,11.65,8.43,15.68,4.58,10.97,11.34,17.67,10.35,9.13,10.16,16.1,14.39,17.2,14.69,15.32,20.98,15.9,10.4,21.68,28.0,19.31,13.88,16.98,13.78,23.42,15.49,21.79,28.57,18.84,30.02,19.24,15.55,13.71,19.35,20.08,16.69,13.07,14.59,17.78,23.12,15.82,26.83,17.34,21.63,20.39,18.62,26.49,14.78,16.53,18.55,20.48,20.02,15.99,21.28,17.83,17.48,16.93,18.62,19.9,19.04,24.06,22.3,19.02,16.99,27.55,25.87,41.18,35.32,36.18,32.1,28.39,25.57,29.07,48.09,37.22,44.69,38.94,33.07,47.87,50.24,39.33,46.07,29.56,35.26,46.39,26.09,34.39,27.66,14.43,21.64,19.2,20.99,4.23,9.07,17.22,18.95,14.68,21.64,8.24,8.9,27.64,14.85,10.55,24.74,28.84,6.86,23.81,25.74,18.08,15.87,16.21,27.26,13.61,9.15,16.51,22.67,19.57,13.18,11.45,26.89,22.79,22.05,21.46,19.22,20.97,23.7,31.43,30.0,31.92,23.51,22.86,22.72,22.56,22.94,21.57,21.91,20.55,26.63,25.0,23.38,29.58,19.38,25.52,25.59,11.22,3.7,10.78,0.0,7.36,5.32,2.17,5.27,8.85,5.93,4.53,12.07,5.76,12.92,13.35,10.64,12.62,1.63,6.64,4.38,14.81,12.21,6.21,26.81,34.04,37.18,34.73,29.9,27.56,20.89,28.43,29.02,28.09,35.69,26.69,26.57,34.32,22.3,34.76,19.91,17.91,17.13,28.1,27.35,26.26,25.21,23.04,32.85,30.91,29.09,20.15,40.0,20.69,20.65,19.21,26.94,23.59,20.31,36.2,26.19,18.65,22.7,25.1,26.43,32.81,29.33,28.33,26.22,20.64,47.58,29.99,21.89,27.36,41.02,26.22,42.18,30.3,33.68,32.06,24.42,60.9,48.27,32.58,33.2,36.13,61.92,42.03,33.47,38.49,35.48
24.87,11.47,1.84,38.76,31.14,30.58,27.29,55.3,16.69,23.26,28.74,21.02,32.72,25.27,20.21,10.23,33.96,20.98,33.78,17.86,27.73,9.68,30.04,31.34,33.78,18.98,39.27,16.14,36.72,18.17,8.8,19.4,19.38,4.34,2.74,27.96,25.89,42.81,12.37,17.38,16.02,28.95,21.34,21.45,19.12,9.63,22.76,9.89,23.06,11.55,27.65,26.38,17.09,14.04,32.95,14.49,18.85,31.58,22.24,20.52,26.37,40.58,33.26,12.58,25.41,9.12,20.19,9.96,39.25,26.85,12.56,19.73,28.54,21.11,27.94,20.18,18.44,10.93,33.47,17.62,20.22,13.81,19.64,16.47,13.84,29.99,28.77,15.65,18.81,13.91,11.8,19.5,11.43,14.27,21.52,18.95,13.71,18.99,18.47,21.02,19.9,16.29,14.84,16.43,10.49,11.71,16.71,18.42,15.82,14.07,15.5,16.85,20.3,23.11,20.6,21.23,25.18,21.81,16.32,27.59,33.91,25.22,19.79,22.89,19.69,29.33,21.4,27.7,34.48,24.75,30.89,19.99,16.3,14.45,20.1,20.83,17.44,13.82,15.34,18.53,23.87,16.56,27.57,18.09,22.37,21.14,19.37,27.23,15.52,17.28,19.3,21.23,20.77,16.74,22.03,18.57,18.23,17.68,19.37,20.65,19.79,24.8,23.05,19.77,17.73,28.3,26.62,41.93,36.06,36.93,32.85,29.13,23.04,29.82,35.69,37.97,45.44,39.69,33.82,35.46,50.99,40.07,46.81,30.31,36.01,47.14,26.39,35.14,28.41,15.18,22.39,19.94,21.74,10.14,3.16,14.69,16.43,13.03,19.99,5.18,4.07,20.64,13.19,8.18,22.21,24.27,5.36,21.28,21.17,15.56,14.22,13.68,22.7,11.95,7.03,13.99,20.14,17.04,10.65,8.8,23.57,20.26,19.52,22.21,19.97,21.72,24.44,32.18,30.75,32.66,24.26,23.61,23.47,23.31,23.69,22.32,22.66,21.3,27.38,25.75,24.13,30.33,23.47,26.27,27.42,12.09,11.06,11.65,7.36,0.0,6.21,5.19,11.31,7.19,6.83,5.42,12.96,4.1,11.26,14.24,11.54,13.51,8.99,1.11,5.28,13.15,10.56,4.56,28.53,40.07,43.21,40.77,35.93,33.6,26.93,34.47,35.06,29.81,41.73,32.73,32.61,40.35,28.34,40.8,25.95,23.94,23.16,34.14,33.39,32.29,31.25,23.94,33.74,31.8,29.98,26.18,35.57,22.81,21.55,20.11,30.99,27.63,21.2,42.24,27.08,19.55,26.74,29.15,27.32,33.71,31.07,30.07,30.26,21.53,41.86,30.89,22.79,28.25,35.3,27.93,36.45,31.2,34.57,32.95,28.47,55.18,54.31,38.61,39.23,42.17,56.2,48.07,34.36,39.39,36.37
18.68,15.37,5.04,42.66,35.05,34.49,29.44,49.12,20.59,22.0,27.48,24.92,36.63,19.08,24.11,7.7,32.71,24.89,37.68,21.77,31.63,10.19,28.78,35.25,32.52,22.88,43.17,23.32,35.46,16.13,13.83,23.31,23.28,2.57,3.98,31.87,19.71,41.55,16.27,16.67,15.2,32.85,20.08,20.2,23.03,13.53,26.66,13.8,21.8,9.37,31.55,29.27,20.99,17.94,31.7,18.4,22.76,30.32,20.98,19.27,29.13,44.48,32.0,11.33,29.31,13.03,24.09,13.86,43.16,30.76,16.47,18.47,32.45,19.85,31.84,19.9,17.18,9.67,32.21,21.52,18.96,12.55,23.54,17.69,12.58,33.89,32.68,19.56,17.55,12.65,10.54,18.24,15.34,13.01,20.27,22.86,17.62,22.89,22.37,19.27,18.64,16.3,13.08,20.34,9.23,15.62,15.99,22.33,15.0,13.78,14.81,20.76,19.05,21.85,19.35,19.97,18.99,20.55,15.06,26.34,32.65,23.97,18.53,21.63,18.43,28.08,20.14,26.44,33.22,17.59,27.76,23.89,20.2,18.36,24.0,24.74,21.35,17.72,19.24,22.43,27.78,20.47,31.48,22.0,26.28,25.05,23.27,31.14,19.43,21.18,23.2,25.13,24.68,20.64,25.93,22.48,22.14,21.58,23.28,24.55,23.69,28.71,26.96,23.67,21.64,32.21,30.52,45.83,39.97,40.83,36.75,33.04,27.53,33.73,40.18,41.87,49.34,43.59,37.72,39.96,54.89,43.98,50.72,34.21,39.91,51.04,26.9,39.05,32.31,19.09,26.3,23.85,25.65,8.88,9.37,21.87,15.4,13.53,20.5,12.89,10.28,21.15,13.7,15.2,22.22,24.78,11.52,28.46,21.68,15.79,14.72,20.86,23.2,12.46,13.8,21.17,27.32,24.22,17.83,16.1,24.07,27.44,26.7,26.12,23.87,25.62,28.35,36.08,34.65,36.57,28.16,27.51,27.37,27.21,27.59,26.22,26.57,25.2,31.28,29.65,28.03,34.23,24.03,30.17,30.25,5.9,9.02,5.46,5.32,6.21,0.0,3.15,9.92,7.67,3.0,1.96,6.75,4.58,11.74,8.03,5.33,10.35,6.95,5.47,2.12,13.63,11.04,5.03,31.46,38.69,41.83,39.39,34.55,32.22,25.55,33.08,33.67,32.74,40.34,31.35,31.22,38.97,26.95,39.41,24.56,22.56,21.78,32.75,32.0,30.91,29.86,17.72,27.53,25.59,23.77,19.16,29.35,16.6,15.33,13.89,24.77,21.42,14.99,33.9,20.87,13.33,20.53,22.93,21.11,27.5,24.85,23.85,24.05,15.32,35.65,24.67,16.57,22.04,29.09,21.71,30.24,24.98,28.36,26.74,22.25,48.96,39.59,37.23,37.85,40.79,49.99,46.68,28.15,33.17,30.16
21.83,12.23,4.01,39.51,31.9,31.34,26.29,52.26,17.45,18.85,24.33,21.77,33.48,22.23,20.96,4.56,29.56,21.74,34.54,18.62,28.49,9.17,25.64,32.1,29.37,19.74,40.03,20.18,32.31,15.1,10.68,20.16,20.14,1.54,2.96,28.72,22.85,38.41,13.13,13.52,12.06,29.71,16.94,17.05,19.88,10.39,23.52,10.65,18.66,6.22,28.41,26.12,17.84,14.79,28.55,15.25,19.61,27.17,17.84,16.12,25.99,41.34,28.85,8.18,26.17,9.88,20.95,10.72,40.01,27.61,13.32,15.32,29.3,16.7,28.7,16.75,14.04,6.53,29.07,18.38,15.82,9.41,20.4,14.54,9.43,30.75,29.53,16.41,14.41,9.5,7.39,15.09,12.19,9.86,17.12,19.71,14.47,19.74,19.23,16.12,15.5,13.16,9.94,17.19,6.09,12.47,12.85,19.18,11.85,10.64,11.66,17.61,15.9,18.71,16.2,16.82,22.14,17.41,11.91,23.19,29.51,20.82,15.38,18.49,15.28,24.93,17.0,23.29,30.08,20.35,27.85,20.75,17.06,15.21,20.85,21.59,18.2,14.57,16.1,19.28,24.63,17.32,28.33,18.85,23.13,21.9,20.13,27.99,16.28,18.04,20.06,21.98,21.53,17.5,22.79,19.33,18.99,18.44,20.13,21.41,20.54,25.56,23.81,20.53,18.49,29.06,27.38,42.69,36.82,37.69,33.6,29.89,26.51,30.58,49.6,38.72,46.2,40.44,34.58,49.37,51.74,40.83,47.57,31.07,36.77,47.9,25.87,35.9,29.17,15.94,23.15,20.7,22.5,5.73,10.58,18.73,14.37,12.51,19.47,9.75,10.4,20.12,12.68,12.06,21.19,23.75,8.37,25.32,20.65,19.59,13.7,17.72,22.18,11.44,10.66,18.02,24.18,21.07,14.68,12.95,23.05,24.29,23.56,22.97,20.73,22.48,25.2,32.94,31.51,33.42,25.01,24.37,24.22,24.07,24.45,23.08,23.42,22.05,28.14,26.51,24.89,31.08,20.89,27.03,27.1,9.05,5.88,8.61,2.17,5.19,3.15,0.0,6.78,6.68,3.76,2.35,9.9,3.58,10.75,11.17,8.47,10.44,3.81,4.47,2.21,12.63,10.04,4.04,28.31,35.54,38.68,36.24,31.4,29.07,22.4,29.94,30.53,29.59,37.2,28.2,28.08,35.82,23.81,36.27,21.42,19.41,18.63,29.61,28.86,27.76,26.72,20.87,30.67,28.74,26.92,21.65,32.5,19.74,18.48,17.04,27.92,24.57,18.13,37.71,24.01,16.48,23.68,26.08,24.25,30.64,28.0,27.0,27.2,18.46,38.79,27.82,19.72,25.18,32.23,24.86,33.39,28.13,31.51,29.89,25.4,52.11,49.78,34.08,34.7,37.64,53.13,43.54,31.3,36.32,33.3
26.84,9.8,10.79,37.09,29.47,28.91,23.54,53.36,15.02,16.11,19.76,19.35,31.05,27.25,18.54,3.61,19.56,19.31,32.11,16.19,26.06,15.94,22.89,29.67,26.62,17.31,37.6,17.75,29.56,19.77,8.26,17.73,17.71,7.8,9.73,26.3,25.28,35.66,10.7,10.77,9.31,27.28,14.19,12.47,17.45,7.96,21.09,8.22,15.91,4.38,25.98,23.37,15.42,12.37,25.8,12.82,17.18,24.43,15.09,13.37,23.24,38.91,26.1,4.56,23.74,7.45,18.52,8.29,37.58,25.18,10.89,12.58,26.87,13.95,26.27,14.01,11.29,3.76,26.32,11.2,13.07,6.66,17.97,11.79,6.68,28.32,27.1,13.98,11.66,6.75,4.65,12.34,9.76,7.12,14.37,17.28,12.04,17.32,16.8,13.37,12.75,10.41,7.19,14.76,3.32,10.04,10.1,16.75,9.1,7.89,8.91,15.18,13.15,15.96,13.45,12.25,17.91,12.97,9.16,20.44,20.63,18.07,10.81,15.74,12.53,20.36,14.25,20.54,21.15,15.77,34.62,18.32,14.63,12.78,18.43,19.16,15.77,12.15,13.67,16.86,22.2,14.89,25.9,16.42,20.7,19.47,17.7,25.56,13.85,15.61,17.63,19.56,19.1,15.07,20.36,16.9,16.56,16.01,17.7,18.98,18.12,23.14,21.38,18.1,16.06,26.63,24.95,40.26,34.39,35.26,31.18,27.46,24.65,28.15,47.17,36.3,43.77,38.02,32.15,46.95,49.32,38.4,45.14,28.64,34.34,45.47,25.17,33.47,26.74,13.51,20.72,18.27,20.07,2.38,8.15,16.3,18.03,19.42,25.75,7.32,7.97,26.72,21.63,9.63,23.82,27.91,5.94,22.89,24.82,17.16,20.61,15.29,26.34,18.21,8.23,15.59,21.75,18.64,12.25,10.52,25.97,21.86,21.13,20.54,18.3,20.05,22.77,30.51,29.08,30.99,22.59,21.94,21.8,21.64,22.02,20.65,20.99,19.63,25.71,24.08,22.46,28.66,18.14,24.6,24.35,15.83,5.64,15.38,5.27,11.31,9.92,6.78,0.0,13.27,10.35,8.95,16.49,10.17,17.34,17.76,15.06,17.03,6.72,11.06,8.8,19.22,16.63,10.63,25.67,32.91,36.04,33.6,28.76,26.43,19.76,27.3,27.89,26.95,34.56,25.56,25.44,33.18,21.17,33.63,18.78,16.77,15.99,26.97,26.22,25.13,24.08,25.89,35.69,33.75,31.94,16.89,32.3,17.43,18.03,19.47,23.69,20.33,19.79,28.51,24.5,21.5,19.44,21.85,26.68,32.28,26.07,25.07,22.96,23.48,39.89,30.25,24.74,27.61,33.32,22.97,34.48,33.15,33.93,34.9,21.17,53.2,47.14,31.44,32.06,35.0,54.23,40.9,36.31,41.34,38.32
26.35,18.9,4.58,46.19,38.58,38.02,32.97,56.79,24.12,25.53,31.01,28.45,40.16,26.76,27.64,11.23,36.24,28.42,41.21,25.3,35.16,6.75,32.31,38.78,36.05,26.41,36.23,14.41,38.99,12.69,17.36,26.84,26.81,5.83,4.26,35.4,27.38,45.08,19.8,20.2,18.73,36.38,23.61,23.73,26.56,17.06,30.19,17.33,25.33,12.9,35.08,32.8,24.52,21.47,35.23,21.93,26.29,33.85,24.51,22.8,32.66,37.54,35.53,14.86,32.84,16.56,27.62,17.39,36.21,34.29,20.0,22.0,35.98,23.38,35.37,23.43,20.71,13.2,35.74,25.05,22.49,16.08,27.07,21.22,16.11,37.42,36.21,23.09,21.08,16.18,14.07,21.77,18.87,16.54,23.8,26.39,21.15,26.42,25.9,22.8,22.17,19.83,16.61,23.86,12.76,19.15,19.52,25.85,18.53,17.31,18.34,24.29,22.58,25.38,22.88,23.5,26.67,24.08,18.59,29.87,36.18,27.5,22.06,25.16,21.96,31.61,23.67,29.97,36.75,25.26,32.38,27.42,23.73,21.89,27.53,28.26,24.88,21.25,22.77,25.96,31.3,24.0,35.01,25.52,29.81,28.58,26.8,34.67,22.96,24.71,26.73,28.66,28.21,24.17,29.46,26.01,25.67,25.11,26.81,28.08,27.22,32.24,30.49,27.2,25.17,35.74,34.05,38.89,38.3,44.36,40.28,36.57,24.1,21.61,36.74,45.4,42.4,47.12,41.25,36.52,47.94,47.51,43.77,37.74,43.44,44.1,23.46,42.58,35.84,22.62,29.83,27.38,29.18,12.41,10.35,15.24,11.96,10.1,17.06,12.37,11.26,17.71,10.26,15.38,18.78,21.34,12.56,21.91,18.24,12.35,11.28,14.9,19.76,9.02,14.23,13.92,20.85,13.82,17.84,16.0,20.63,17.25,16.51,29.65,27.4,29.15,31.88,39.61,38.18,40.1,31.69,31.04,30.9,30.74,31.12,29.75,30.1,28.73,34.81,33.18,31.56,37.76,27.56,33.7,33.78,13.58,12.55,13.14,8.85,7.19,7.67,6.68,13.27,0.0,8.32,6.91,14.45,4.07,8.33,15.73,13.03,15.0,10.48,6.48,6.77,10.22,7.63,2.64,34.99,42.22,45.36,42.92,38.08,35.75,29.08,36.61,37.2,36.27,43.87,34.88,34.75,42.5,30.48,42.94,28.09,26.09,25.31,36.28,35.53,34.44,33.39,25.42,35.23,33.29,31.47,26.86,37.05,24.3,23.04,21.6,32.48,29.12,22.69,44.39,28.57,21.04,28.23,30.63,28.81,35.2,32.55,31.56,31.75,23.02,43.35,32.37,24.27,29.74,36.79,29.42,37.94,32.69,36.06,34.44,29.96,56.66,47.29,40.76,41.38,44.32,57.69,50.21,35.85,40.88,37.86
21.69,15.99,5.65,43.28,35.66,35.1,30.05,52.12,21.21,22.62,28.09,25.54,37.24,22.09,24.73,8.32,33.32,25.5,38.3,22.38,32.25,10.81,29.4,35.86,33.13,23.5,43.79,23.94,36.07,16.74,14.45,23.92,23.9,3.19,4.6,32.49,22.71,42.17,16.89,17.28,15.82,33.47,20.7,20.81,23.64,14.15,27.28,14.41,22.42,9.98,32.17,29.88,21.61,18.56,32.31,19.01,23.37,30.94,21.6,19.88,29.75,45.1,32.61,11.94,29.93,13.64,24.71,14.48,43.77,31.37,17.08,19.09,33.06,20.46,32.46,20.52,17.8,10.29,32.83,22.14,19.58,13.17,24.16,18.3,13.19,34.51,33.29,20.17,18.17,13.26,11.16,18.85,15.95,13.62,20.88,23.47,18.24,23.51,22.99,19.88,19.26,16.92,13.7,20.95,9.85,16.23,16.61,22.94,15.61,14.4,15.42,21.37,19.66,22.47,19.96,20.58,22.0,21.17,15.67,26.95,33.27,24.58,19.14,22.25,19.04,28.69,20.76,27.05,33.84,20.59,27.07,24.51,20.82,18.97,24.62,25.35,21.96,18.34,19.86,23.05,28.39,21.08,32.09,22.61,26.89,25.66,23.89,31.75,20.04,21.8,23.82,25.75,25.29,21.26,26.55,23.09,22.75,22.2,23.89,25.17,24.31,29.33,27.57,24.29,22.25,32.82,31.14,46.45,40.58,41.45,37.37,33.65,28.15,34.34,40.79,42.49,49.96,44.21,38.34,40.57,55.51,44.59,51.33,34.83,40.53,51.66,27.51,39.66,32.93,19.7,26.91,24.46,26.26,9.5,9.98,22.49,16.01,14.15,21.11,13.51,10.9,21.76,14.32,15.82,22.83,25.39,12.13,29.08,22.3,16.41,15.34,21.48,23.82,13.08,14.42,21.78,27.94,24.83,18.44,16.71,24.69,28.05,27.32,26.73,24.49,26.24,28.97,36.7,35.27,37.18,28.78,28.13,27.99,27.83,28.21,26.84,27.18,25.82,31.9,30.27,28.65,34.85,24.65,30.79,30.86,8.91,9.64,8.47,5.93,6.83,3.0,3.76,10.35,8.32,0.0,2.82,10.36,5.13,12.3,11.64,8.94,9.6,7.51,6.02,1.49,14.18,11.59,5.59,32.01,39.24,42.38,39.94,35.1,32.77,26.1,33.64,34.22,33.29,40.89,31.9,31.78,39.52,27.51,39.97,25.12,23.11,22.33,33.31,32.56,31.46,30.42,21.33,31.14,29.2,27.38,22.77,32.96,20.21,18.95,17.5,28.38,25.03,18.6,41.41,24.48,16.94,24.14,26.54,24.72,31.11,28.46,27.46,27.66,18.93,39.26,28.28,20.18,25.65,32.7,25.33,33.85,28.59,31.97,30.35,25.86,52.57,43.2,37.78,38.4,41.34,53.6,47.24,31.76,36.79,33.77
20.64,14.58,4.25,41.87,34.26,33.7,28.64,51.08,19.8,21.21,26.69,24.13,35.84,21.04,23.32,6.91,31.92,24.09,36.89,20.98,30.84,9.4,27.99,34.46,31.73,22.09,42.38,22.53,34.67,15.34,13.04,22.52,22.49,1.78,3.19,31.08,21.66,40.76,15.48,15.87,14.41,32.06,19.29,19.4,22.24,12.74,25.87,13.01,21.01,8.58,30.76,28.48,20.2,17.15,30.91,17.61,21.97,29.53,20.19,18.48,28.34,43.69,31.21,10.53,28.52,12.23,23.3,13.07,42.37,29.97,15.68,17.68,31.66,19.06,31.05,19.11,16.39,8.88,31.42,20.73,18.17,11.76,22.75,16.9,11.79,33.1,31.89,18.77,16.76,11.86,9.75,17.45,14.55,12.22,19.48,22.07,16.83,22.1,21.58,18.48,17.85,15.51,12.29,19.54,8.44,14.83,15.2,21.53,14.21,12.99,14.02,19.97,18.26,21.06,18.56,19.18,20.95,19.76,14.27,25.54,31.86,23.18,17.74,20.84,17.64,27.29,19.35,25.65,32.43,19.54,26.97,23.1,19.41,17.57,23.21,23.94,20.56,16.93,18.45,21.64,26.98,19.68,30.69,21.2,25.49,24.26,22.48,30.35,18.64,20.39,22.41,24.34,23.89,19.85,25.14,21.69,21.35,20.79,22.48,23.76,22.9,27.92,26.17,22.88,20.85,31.42,29.73,45.04,39.18,40.04,35.96,32.25,26.74,32.94,39.39,41.08,48.55,42.8,36.93,39.16,54.1,43.19,49.93,33.42,39.12,50.25,26.1,38.26,31.52,18.29,25.51,23.06,24.86,8.09,8.58,21.08,14.6,12.74,19.71,12.1,9.49,20.36,12.91,14.41,21.43,23.99,10.72,27.67,20.89,15.0,13.93,20.07,22.41,11.67,13.01,20.37,26.53,23.43,17.04,15.31,23.28,26.65,25.91,25.33,23.08,24.83,27.56,35.29,33.86,35.78,27.37,26.72,26.58,26.42,26.8,25.43,25.77,24.41,30.49,28.86,27.24,33.44,23.24,29.38,29.46,7.86,8.23,7.42,4.53,5.42,1.96,2.35,8.95,6.91,2.82,0.0,8.71,3.79,10.95,9.98,7.28,9.56,6.16,4.68,1.33,12.84,10.25,4.24,30.67,37.9,41.04,38.6,33.76,31.43,24.76,32.29,32.88,31.95,39.55,30.56,30.43,38.18,26.16,38.62,23.77,21.77,20.99,31.96,31.21,30.12,29.07,19.68,29.48,27.55,25.73,21.11,31.31,18.55,17.29,15.85,26.73,23.38,16.94,40.07,22.83,15.29,22.49,24.89,23.06,29.45,26.81,25.81,26.01,17.27,37.6,26.63,18.53,23.99,31.04,23.67,32.2,26.94,30.32,28.7,24.21,50.92,41.54,36.44,37.06,40.0,51.94,45.89,30.11,35.13,32.11
14.64,22.12,11.79,49.41,41.8,41.24,36.19,45.08,27.34,28.75,24.51,31.67,43.38,15.05,30.86,14.45,24.31,31.64,44.43,28.52,38.38,16.94,35.53,42.0,39.27,29.63,49.93,30.07,37.34,22.88,20.58,30.06,30.04,9.32,10.74,38.62,15.67,43.44,23.02,23.42,21.95,39.61,26.83,17.32,29.78,20.28,33.41,20.55,28.55,16.12,38.3,36.02,27.74,24.69,38.45,25.15,29.51,37.07,27.73,26.02,35.88,51.23,38.75,18.08,36.06,19.78,30.84,20.62,49.91,37.51,23.22,25.22,39.2,26.6,38.59,26.65,23.94,16.42,38.96,28.27,25.72,19.3,30.3,24.44,19.33,40.65,39.43,26.31,24.3,19.4,17.29,24.99,22.09,19.76,27.02,29.61,24.37,29.64,29.12,26.02,25.39,23.05,19.83,27.09,15.98,22.37,22.75,29.08,21.75,20.54,21.56,27.51,20.03,28.61,21.71,17.89,14.96,18.7,21.81,33.09,25.38,30.72,18.52,28.38,20.86,25.1,22.51,33.19,25.89,13.55,25.5,30.64,26.95,25.11,30.75,31.49,28.1,24.47,25.99,29.18,34.53,27.22,38.23,28.75,33.03,31.8,30.03,37.89,26.18,27.93,29.96,31.88,31.43,27.39,32.68,29.23,28.89,28.33,30.03,31.3,30.44,35.46,33.71,30.42,28.39,38.96,37.28,52.58,46.72,47.58,43.5,39.79,34.29,40.48,46.93,48.62,56.09,50.34,44.47,46.71,61.64,50.73,57.47,40.97,46.66,57.79,33.65,45.8,39.06,25.84,33.05,30.6,32.4,15.63,16.12,28.62,22.15,20.29,27.25,19.64,17.04,27.9,20.45,21.95,28.97,31.53,18.27,35.22,28.43,22.54,21.48,27.61,29.95,19.21,20.55,27.92,34.07,30.97,24.58,22.85,30.82,34.19,33.45,32.87,30.63,32.37,35.1,42.84,41.4,43.32,34.91,34.26,34.12,33.97,34.34,32.98,33.32,31.95,38.03,36.41,34.79,40.98,30.79,36.92,37.0,1.87,15.77,2.52,12.07,12.96,6.75,9.9,16.49,14.45,10.36,8.71,0.0,11.33,18.5,3.99,2.01,17.11,13.7,12.22,8.87,20.38,17.79,11.79,38.21,45.44,48.58,46.14,41.3,38.97,32.3,39.83,40.42,39.49,47.09,38.1,37.97,45.72,33.7,46.17,31.31,29.31,28.53,39.5,38.76,37.66,36.62,13.68,23.49,21.55,19.73,15.12,25.31,12.56,11.3,9.86,20.73,17.38,10.95,29.87,16.83,9.3,16.49,18.89,17.07,23.46,20.81,19.82,20.01,11.28,31.61,20.63,12.53,18.0,25.05,17.68,26.2,20.95,24.32,22.7,18.22,44.92,35.55,38.84,39.46,42.4,45.95,42.25,24.11,29.14,26.12
23.26,15.81,1.49,43.1,35.49,34.92,29.87,53.7,21.03,22.44,27.91,25.36,37.06,23.66,24.55,8.14,33.14,25.32,38.12,22.2,32.07,6.57,29.22,35.68,32.95,23.32,43.61,14.22,35.89,12.5,14.27,23.74,23.72,2.73,1.12,32.31,24.29,41.99,16.71,17.1,15.64,33.29,20.52,20.63,23.46,13.97,27.1,14.23,22.24,9.8,31.99,29.7,21.43,18.38,32.13,18.83,23.19,30.76,21.42,19.7,29.57,44.92,32.43,11.76,29.75,13.46,24.53,14.3,43.59,31.19,16.9,18.91,32.88,20.28,32.28,20.34,17.62,10.11,32.65,21.96,19.4,12.99,23.98,18.12,13.01,34.33,33.12,19.99,17.99,13.08,10.98,18.67,15.78,13.45,20.7,23.29,18.06,23.33,22.81,19.7,19.08,16.74,13.52,20.77,9.67,16.05,16.43,22.76,15.43,14.22,15.24,21.19,19.48,22.29,19.78,20.4,23.57,20.99,15.49,26.77,33.09,24.4,18.97,22.07,18.86,28.51,20.58,26.87,33.66,22.17,29.28,24.33,20.64,18.79,24.44,25.17,21.78,18.16,19.68,22.87,28.21,20.9,31.92,22.43,26.71,25.48,23.71,31.57,19.86,21.62,23.64,25.57,25.11,21.08,26.37,22.91,22.57,22.02,23.71,24.99,24.13,29.15,27.39,24.11,22.08,32.64,30.96,46.27,40.4,41.27,37.19,33.47,23.91,34.16,36.55,42.31,49.78,44.03,38.16,36.33,55.33,44.41,51.15,34.65,40.35,51.48,23.27,39.48,32.75,19.52,26.73,24.28,26.08,9.32,7.26,15.05,11.77,9.91,16.87,9.28,8.17,17.52,10.07,12.28,18.59,21.15,9.47,21.72,18.05,12.16,11.1,14.71,19.58,8.84,11.13,13.73,20.66,13.63,14.75,12.9,20.45,17.06,16.33,26.55,24.31,26.06,28.79,36.52,35.09,37.0,28.6,27.95,27.81,27.65,28.03,26.66,27.0,25.64,31.72,30.09,28.47,34.67,24.47,30.61,30.68,10.48,9.46,10.04,5.76,4.1,4.58,3.58,10.17,4.07,5.13,3.79,11.33,0.0,8.15,12.64,9.93,11.9,7.39,3.38,3.67,10.03,7.44,1.44,31.9,39.13,42.27,39.82,34.98,32.65,25.98,33.52,34.11,33.17,40.78,31.78,31.66,39.4,27.39,39.85,25.0,23.0,22.21,33.19,32.44,31.35,30.3,22.33,32.14,30.2,28.38,23.77,33.96,21.21,19.94,18.5,29.38,26.03,19.6,41.29,25.48,17.94,25.14,27.54,25.72,32.1,29.46,28.46,28.66,19.93,40.26,29.28,21.18,26.64,33.7,26.32,34.85,29.59,32.97,31.35,26.86,53.57,44.2,37.67,38.28,41.22,54.6,47.12,32.76,37.78,34.77
30.43,22.97,8.65,41.98,42.65,42.09,37.04,60.86,28.19,29.6,35.08,32.52,35.94,30.83,31.71,15.3,40.31,32.49,37.0,29.37,39.23,1.81,36.38,30.18,40.12,30.48,30.58,19.46,43.06,12.46,21.43,30.91,30.88,9.9,8.33,39.47,31.45,49.15,23.87,24.27,22.8,40.45,27.68,27.8,30.63,21.13,34.26,21.4,29.4,16.97,39.15,36.87,28.59,25.54,39.3,26.0,30.36,37.92,28.58,26.87,36.73,31.89,39.6,18.93,36.91,20.63,31.69,21.46,30.56,38.36,24.07,26.07,40.05,27.45,39.44,27.5,24.79,17.27,39.81,29.12,26.56,20.15,31.14,25.29,20.18,41.5,40.28,27.16,25.15,20.25,18.14,25.84,22.94,20.61,27.87,30.46,25.22,30.49,29.97,26.87,26.24,23.9,20.68,27.94,16.83,23.22,23.59,29.93,22.6,21.38,22.41,28.36,26.65,29.46,26.95,27.57,30.74,28.15,22.66,33.94,40.25,31.57,26.13,29.23,26.03,35.68,27.75,34.04,40.82,29.33,26.54,31.49,27.8,25.96,31.6,32.34,28.95,25.32,26.84,30.03,35.38,28.07,39.08,29.6,33.88,32.65,30.88,38.74,27.03,28.78,30.81,32.73,32.28,28.24,33.53,30.08,29.74,29.18,30.88,32.15,31.29,36.31,34.56,31.27,29.24,39.81,38.13,33.24,32.65,33.85,36.74,43.9,18.45,26.66,31.09,41.19,36.75,42.91,36.36,30.87,42.3,43.3,38.12,45.08,39.23,38.45,17.81,38.36,39.91,26.69,33.9,31.45,33.25,16.48,14.42,15.0,11.72,9.86,11.41,16.44,15.34,12.06,10.03,19.45,13.13,15.69,16.63,16.26,12.59,12.12,11.05,14.66,14.12,8.79,18.3,13.69,15.2,18.64,17.41,20.07,14.99,16.91,21.57,33.72,31.48,33.22,35.95,43.68,42.25,44.17,35.76,35.11,34.97,34.81,35.19,33.82,34.17,32.8,38.88,37.26,35.63,41.83,31.63,37.77,37.85,17.65,16.62,17.21,12.92,11.26,11.74,10.75,17.34,8.33,12.3,10.95,18.5,8.15,0.0,19.8,17.1,15.74,14.55,10.55,10.84,2.84,2.01,6.71,39.06,46.29,49.43,46.99,42.15,39.82,33.15,40.68,41.27,40.34,47.94,38.95,38.82,46.57,34.55,47.02,32.16,30.16,29.38,40.35,39.61,38.51,37.47,29.5,39.3,32.87,35.54,30.93,41.13,28.37,27.11,25.67,36.55,33.19,26.76,48.46,32.64,25.11,32.3,34.71,32.88,39.27,36.62,35.63,35.82,27.09,47.42,36.45,28.35,33.81,40.86,33.49,42.01,32.27,40.13,38.51,34.03,60.74,51.36,44.83,45.45,48.39,61.76,54.28,39.92,39.84,36.82
10.79,23.4,13.06,50.69,43.08,42.51,37.46,41.23,28.62,30.03,20.65,32.95,44.65,11.19,32.14,15.73,20.45,32.91,45.71,29.8,39.66,18.22,36.81,43.27,40.54,30.91,51.2,31.35,33.49,24.16,21.86,31.34,31.31,10.6,12.01,39.9,11.81,39.58,24.3,24.69,23.23,40.88,28.11,13.47,31.06,21.56,34.69,21.82,29.83,17.4,39.58,37.3,29.02,25.97,39.72,26.42,30.78,38.35,29.01,27.29,37.16,52.51,40.02,19.35,37.34,21.05,32.12,21.89,51.18,38.78,24.49,26.5,40.48,27.87,39.87,27.93,25.21,17.7,40.24,29.55,26.99,20.58,31.57,25.71,20.6,41.92,40.71,27.58,25.58,20.67,18.57,26.27,23.37,21.04,28.29,30.89,25.65,30.92,30.4,27.29,26.67,24.33,21.11,28.36,17.26,23.65,24.02,30.35,23.03,21.81,22.83,28.78,16.17,29.88,17.86,14.03,11.1,14.85,20.91,28.07,21.52,31.99,14.66,29.66,17.01,21.25,18.66,27.04,22.04,9.7,21.64,31.92,28.23,26.39,32.03,32.76,29.37,25.75,27.27,30.46,35.8,28.49,39.51,30.02,34.3,33.07,31.3,39.17,27.46,29.21,31.23,33.16,32.7,28.67,33.96,30.51,30.16,29.61,31.3,32.58,31.72,36.74,34.98,31.7,29.67,40.23,38.55,53.86,47.99,48.86,44.78,41.06,35.56,41.75,48.21,49.9,57.37,51.62,45.75,47.98,62.92,52.0,58.74,42.24,47.94,59.07,34.92,47.07,40.34,27.11,34.32,31.87,33.67,16.91,17.4,29.9,23.42,21.56,28.52,20.92,18.31,29.17,21.73,23.23,30.24,32.81,19.54,36.49,29.71,23.82,22.75,28.89,31.23,20.49,21.83,29.19,35.35,32.25,25.85,24.13,32.1,35.47,34.73,34.14,31.9,33.65,36.38,44.11,42.68,44.6,36.19,35.54,35.4,35.24,35.62,34.25,34.59,33.23,39.31,37.68,36.06,42.26,32.06,38.2,38.27,2.12,17.05,3.79,13.35,14.24,8.03,11.17,17.76,15.73,11.64,9.98,3.99,12.64,19.8,0.0,3.29,18.38,14.98,13.49,10.15,21.66,19.06,13.06,39.49,46.72,49.86,47.41,42.58,40.24,33.57,41.11,41.7,40.77,48.37,39.37,39.25,47.0,34.98,47.44,32.59,30.59,29.81,40.78,40.03,38.94,37.89,9.83,19.64,17.7,15.88,11.27,21.46,8.71,7.44,6.0,16.88,13.53,7.1,26.01,12.98,5.44,12.64,15.04,13.22,19.6,16.96,15.96,16.16,7.43,27.76,16.78,8.68,14.15,21.2,13.82,22.35,17.09,20.47,18.85,14.36,41.07,31.7,34.99,35.61,38.55,42.1,38.4,20.26,25.28,22.27
13.94,20.7,10.36,47.99,40.38,39.81,34.76,44.38,25.92,27.33,23.8,30.25,41.95,14.34,29.44,13.03,23.6,30.21,43.01,27.09,36.96,15.52,34.11,40.57,37.84,28.21,48.5,28.65,40.78,21.45,19.16,28.63,28.61,7.9,9.31,37.2,14.96,46.88,21.6,21.99,20.53,38.18,25.41,16.62,28.35,18.86,31.99,19.12,27.13,14.69,36.88,34.59,26.32,23.27,37.02,23.72,28.08,35.65,26.31,24.59,34.46,49.81,37.32,16.65,34.64,18.35,29.42,19.19,48.48,36.08,21.79,23.8,37.77,25.17,37.17,25.23,22.51,15.0,37.54,26.85,24.29,17.88,28.87,23.01,17.9,39.22,38.01,24.88,22.88,17.97,15.87,23.56,20.67,18.34,25.59,28.18,22.95,28.22,27.7,24.59,23.97,21.63,18.41,25.66,14.56,20.94,21.32,27.65,20.32,19.11,20.13,26.08,19.32,27.18,21.01,17.18,14.25,18.0,20.38,31.66,24.67,29.29,17.81,26.96,20.16,24.4,21.81,31.76,25.19,12.85,24.79,29.22,25.53,23.68,29.33,30.06,26.67,23.05,24.57,27.76,33.1,25.79,36.8,27.32,31.6,30.37,28.6,36.46,24.75,26.51,28.53,30.46,30.0,25.97,31.26,27.8,27.46,26.91,28.6,29.88,29.02,34.04,32.28,29.0,26.97,37.53,35.85,51.16,45.29,46.16,42.08,38.36,32.86,39.05,45.51,47.2,54.67,48.92,43.05,45.28,60.22,49.3,56.04,39.54,45.24,56.37,32.22,44.37,37.64,24.41,31.62,29.17,30.97,14.21,14.69,27.2,20.72,18.86,25.82,18.22,15.61,26.47,19.03,20.53,27.54,30.1,16.84,33.79,27.01,21.12,20.05,26.19,28.53,17.79,19.13,26.49,32.65,29.55,23.15,21.43,29.4,32.76,32.03,31.44,29.2,30.95,33.68,41.41,39.98,41.89,33.49,32.84,32.7,32.54,32.92,31.55,31.89,30.53,36.61,34.98,33.36,39.56,29.36,35.5,35.57,1.16,14.35,1.09,10.64,11.54,5.33,8.47,15.06,13.03,8.94,7.28,2.01,9.93,17.1,3.29,0.0,15.68,12.28,10.79,7.45,18.96,16.36,10.36,36.79,44.02,47.16,44.71,39.87,37.54,30.87,38.41,39.0,38.06,45.67,36.67,36.55,44.29,32.28,44.74,29.89,27.89,27.1,38.08,37.33,36.24,35.19,12.98,22.79,20.85,19.03,14.42,24.61,11.86,10.59,9.15,20.03,16.68,10.25,29.16,16.13,8.59,15.79,18.19,16.37,22.75,20.11,19.11,19.31,10.58,30.91,19.93,11.83,17.29,24.35,16.97,25.5,20.24,23.62,22.0,17.51,44.22,34.85,42.56,43.17,46.11,45.25,41.55,23.41,28.43,25.42
29.04,22.67,12.33,49.96,42.35,41.78,36.73,59.47,27.89,29.3,34.77,32.22,43.92,29.44,31.41,15.0,40.0,32.18,44.98,29.06,38.93,14.86,36.08,42.54,39.81,30.18,50.47,30.62,42.75,23.43,21.13,30.6,30.58,9.87,11.28,39.17,30.06,48.85,23.57,23.96,22.5,40.15,27.38,27.49,30.32,20.83,33.96,21.09,29.1,16.66,38.85,36.56,28.29,25.24,38.99,25.69,30.05,37.62,28.28,26.56,36.43,51.78,39.29,18.62,36.61,20.32,31.39,21.16,50.45,38.05,23.76,25.77,39.74,27.14,39.14,27.2,24.48,16.97,39.51,28.82,26.26,19.85,30.84,24.98,19.87,41.19,39.98,26.85,24.85,19.94,17.84,25.53,22.64,20.31,27.56,30.15,24.92,30.19,29.67,26.56,25.94,23.6,20.38,27.63,16.53,22.92,23.29,29.62,22.29,21.08,22.1,28.05,26.34,29.15,26.64,27.26,29.35,27.85,22.35,33.63,39.95,31.26,25.83,28.93,25.72,35.37,27.44,33.73,40.52,27.94,18.88,31.19,27.5,25.66,31.3,32.03,28.64,25.02,26.54,29.73,35.07,27.76,38.78,29.29,33.57,32.34,30.57,38.43,26.72,28.48,30.5,32.43,31.97,27.94,33.23,29.77,29.43,28.88,30.57,31.85,30.99,36.01,34.25,30.97,28.94,39.5,37.82,53.13,47.26,48.13,44.05,40.33,29.58,41.02,42.22,49.17,56.64,50.89,45.02,42.0,62.19,51.27,58.01,41.51,47.21,58.34,28.94,46.34,39.61,26.38,33.59,31.14,32.94,16.18,16.67,29.17,22.69,20.83,22.54,20.19,17.58,23.19,21.0,22.5,24.26,26.82,18.81,27.39,23.72,23.09,22.02,28.16,25.25,19.76,21.1,28.46,26.33,31.52,25.12,23.4,26.12,28.04,34.0,33.41,31.17,32.92,35.65,43.38,41.95,43.87,35.46,34.81,34.67,34.51,34.89,33.52,33.86,32.5,38.58,36.95,35.33,41.53,31.33,37.47,37.54,16.26,16.32,15.82,12.62,13.51,10.35,10.44,17.03,15.0,9.6,9.56,17.11,11.9,15.74,18.38,15.68,0.0,14.16,12.68,8.15,16.16,15.06,12.25,38.67,45.9,49.04,46.6,41.76,39.43,32.76,40.29,40.88,39.95,47.55,38.56,38.43,46.18,34.16,46.63,31.77,29.77,28.99,39.96,39.22,38.12,37.08,27.99,28.6,25.21,25.26,29.43,39.62,26.87,25.6,24.16,35.04,31.69,25.26,48.07,31.14,23.6,30.8,33.2,31.38,37.76,35.12,34.12,34.32,25.59,45.92,34.94,26.84,32.31,39.36,31.98,40.51,24.6,34.29,26.27,32.52,59.23,49.86,44.44,45.06,48.0,60.26,53.89,28.39,32.17,29.15
25.63,12.35,7.82,39.64,32.03,31.47,26.42,62.41,17.57,18.98,24.46,21.9,33.61,26.04,21.09,0.95,29.69,21.87,34.66,18.75,28.61,12.97,25.76,32.23,29.5,19.86,40.16,20.3,32.44,22.33,10.81,20.29,20.27,4.83,6.76,28.85,26.66,38.53,13.25,13.65,12.18,29.84,17.06,17.18,20.01,10.51,23.64,10.78,18.78,2.96,28.53,26.25,17.97,14.92,28.68,15.38,19.74,27.3,17.96,16.25,26.11,41.46,28.98,3.83,26.29,10.01,21.07,10.84,40.14,27.74,13.45,15.45,29.43,16.83,28.82,16.88,14.17,4.25,29.19,18.5,15.95,9.53,20.53,14.67,6.54,30.88,29.66,16.54,14.53,6.61,7.52,15.22,12.32,9.99,17.25,19.84,14.6,19.87,19.35,16.25,15.62,13.28,7.22,17.32,4.3,12.6,12.97,19.31,11.98,10.77,11.79,17.74,16.03,18.84,16.33,16.95,22.61,17.53,12.04,23.32,29.63,20.95,15.51,18.61,15.41,25.06,17.13,23.42,30.2,20.48,31.66,20.87,17.18,15.34,20.98,21.72,18.33,14.7,16.22,19.41,24.76,17.45,28.46,18.98,23.26,22.03,20.26,28.12,16.41,18.16,20.19,22.11,21.66,17.62,22.91,19.46,19.12,18.56,20.26,21.53,20.67,25.69,23.94,20.65,18.62,29.19,27.51,42.81,36.95,37.81,33.73,30.02,27.2,30.71,49.73,38.85,46.32,40.57,34.7,49.5,51.87,40.96,47.7,31.2,36.89,48.02,27.73,36.03,29.29,16.07,23.28,20.83,22.63,5.86,10.71,18.85,20.59,16.31,23.28,9.87,10.53,29.28,16.48,12.18,26.37,30.47,8.5,25.45,27.37,19.72,17.5,17.84,28.89,15.24,10.78,18.15,24.3,21.2,14.81,13.08,28.53,24.42,23.68,23.1,20.86,22.6,25.33,33.06,31.63,33.55,25.14,24.49,24.35,24.2,24.57,23.21,23.55,22.18,28.26,26.64,25.02,31.21,21.02,27.15,27.23,12.86,2.62,12.41,1.63,8.99,6.95,3.81,6.72,10.48,7.51,6.16,13.7,7.39,14.55,14.98,12.28,14.16,0.0,8.28,6.02,16.44,13.85,7.84,28.44,35.67,38.81,36.37,31.53,29.2,22.53,30.06,30.65,29.72,37.32,28.33,28.2,35.95,23.93,36.4,21.54,19.54,18.76,29.73,28.99,27.89,26.85,24.68,34.48,32.54,30.72,21.78,41.63,22.32,22.29,20.85,28.58,25.22,21.94,37.84,27.82,20.29,24.33,26.74,28.06,34.45,30.96,29.96,27.85,22.27,49.22,31.63,23.52,28.99,42.66,27.86,43.81,31.94,35.31,33.69,26.06,62.53,49.9,34.21,34.83,37.77,63.56,43.66,35.1,40.13,37.11
24.15,12.57,1.13,39.86,32.25,31.69,28.39,54.59,17.79,23.32,28.8,22.12,33.83,24.55,21.31,9.03,34.03,22.09,34.88,18.97,28.83,8.97,30.11,32.45,33.84,20.08,40.38,17.25,36.78,14.9,9.9,20.51,20.49,3.62,2.03,29.07,25.17,42.88,13.47,18.48,17.13,30.06,21.41,21.52,20.23,10.73,23.86,11.0,23.13,10.69,28.75,27.49,18.19,15.14,33.02,15.6,19.96,31.64,22.31,20.59,27.47,41.68,33.32,12.65,26.51,10.23,21.29,11.06,40.36,27.96,13.67,19.79,29.65,21.17,29.04,21.28,18.51,11.0,33.54,18.72,20.29,13.88,20.74,17.58,13.9,31.1,29.88,16.76,18.88,13.97,11.86,19.56,12.54,14.33,21.59,20.06,14.82,20.09,19.57,20.59,19.97,17.4,15.94,17.54,10.56,12.82,17.81,19.53,16.92,15.18,16.6,17.96,20.37,23.18,20.67,21.29,24.46,21.88,16.38,27.66,33.98,25.29,19.85,22.96,19.75,29.4,21.47,27.76,34.55,23.06,30.17,21.09,17.4,15.56,21.2,21.94,18.55,14.92,16.44,19.63,24.98,17.67,28.68,19.2,23.48,22.25,20.48,28.34,16.63,18.38,20.41,22.33,21.88,17.84,23.13,19.68,19.34,18.78,20.48,21.75,20.89,25.91,24.16,20.87,18.84,29.41,27.73,43.03,37.17,38.03,33.95,30.24,26.31,30.93,38.95,39.07,46.54,40.79,34.92,38.73,52.09,41.18,47.92,31.42,37.11,48.24,25.67,36.25,29.51,16.29,23.5,21.05,22.85,10.2,4.26,15.8,14.17,12.31,19.27,6.28,5.18,19.92,12.48,9.29,20.99,23.55,6.47,22.39,20.46,16.66,13.5,14.79,21.98,11.24,8.14,15.09,21.25,18.14,11.75,9.91,22.85,21.36,20.63,23.32,21.08,22.82,25.55,33.28,31.85,33.77,25.36,24.71,24.57,24.42,24.79,23.43,23.77,22.4,28.48,26.86,25.24,31.43,24.58,27.37,28.53,11.37,10.35,10.93,6.64,1.11,5.47,4.47,11.06,6.48,6.02,4.68,12.22,3.38,10.55,13.49,10.79,12.68,8.28,0.0,4.56,12.43,9.84,3.84,29.64,40.01,43.15,40.71,35.87,33.54,26.87,34.41,35.0,30.92,41.67,32.67,32.55,40.29,28.28,40.74,25.89,23.88,23.1,34.08,33.33,32.23,31.19,23.22,33.02,31.09,29.27,24.65,34.85,22.09,20.83,19.39,30.27,26.92,20.48,42.18,26.36,18.83,26.03,28.43,26.6,32.99,30.35,29.35,29.55,20.81,41.14,30.17,22.07,27.53,34.58,27.21,35.74,30.48,33.86,32.24,27.75,54.46,45.08,38.55,39.17,42.11,55.48,48.01,33.65,38.67,35.65
20.8,14.44,4.1,41.73,34.11,33.55,28.5,51.24,19.66,21.07,26.54,23.99,35.69,21.21,23.18,6.77,31.77,23.95,36.75,20.83,30.7,9.26,27.85,34.31,31.58,21.95,42.24,22.39,34.52,15.19,12.9,22.37,22.35,1.64,3.05,30.94,21.83,40.62,15.34,15.73,14.27,31.92,19.15,19.26,22.09,12.6,25.73,12.86,20.87,8.43,30.62,28.33,20.06,17.01,30.76,17.46,21.82,29.38,20.05,18.33,28.2,43.55,31.06,10.39,28.38,12.09,23.16,12.93,42.22,29.82,15.53,17.54,31.51,18.91,30.91,18.96,16.25,8.74,31.28,20.59,18.03,11.62,22.61,16.75,11.64,32.96,31.74,18.62,16.62,11.71,9.61,17.3,14.4,12.07,19.33,21.92,16.68,21.96,21.44,18.33,17.71,15.37,12.15,19.4,8.3,14.68,15.06,21.39,14.06,12.85,13.87,19.82,18.11,20.92,18.41,19.03,21.12,19.62,14.12,25.4,31.72,23.03,17.59,20.7,17.49,27.14,19.21,25.5,32.29,19.71,25.64,22.96,19.27,17.42,23.07,23.8,20.41,16.79,18.31,21.5,26.84,19.53,30.54,21.06,25.34,24.11,22.34,30.2,18.49,20.25,22.27,24.2,23.74,19.71,25.0,21.54,21.2,20.65,22.34,23.62,22.76,27.78,26.02,22.74,20.7,31.27,29.59,44.9,39.03,39.9,35.82,32.1,26.6,32.79,39.24,40.94,48.41,42.66,36.79,39.02,53.96,43.04,49.78,33.28,38.98,50.11,25.96,38.11,31.38,18.15,25.36,22.91,24.71,7.94,8.43,20.94,14.46,12.6,19.56,11.96,9.35,20.21,12.77,14.27,21.28,23.84,10.58,27.53,20.75,14.86,13.79,19.93,22.27,11.53,12.87,20.23,26.39,23.28,16.89,15.16,23.14,26.5,25.77,25.18,22.94,24.69,27.41,35.15,33.72,35.63,27.23,26.58,26.44,26.28,26.66,25.29,25.63,24.27,30.35,28.72,27.1,33.3,23.1,29.24,29.31,8.03,8.09,7.59,4.38,5.28,2.12,2.21,8.8,6.77,1.49,1.33,8.87,3.67,10.84,10.15,7.45,8.15,6.02,4.56,0.0,12.7,10.1,4.1,30.53,37.76,40.9,38.45,33.61,31.28,24.61,32.15,32.74,31.8,39.41,30.41,30.29,38.03,26.02,38.48,23.63,21.62,20.84,31.82,31.07,29.98,28.93,19.85,29.65,27.71,25.89,21.28,31.48,18.72,17.46,16.02,26.9,23.54,17.11,39.92,22.99,15.46,22.65,25.06,23.23,29.62,26.98,25.98,26.17,17.44,37.77,26.8,18.7,24.16,31.21,23.84,32.36,27.11,30.48,28.86,24.38,51.09,41.71,36.3,36.91,39.85,52.11,45.75,30.27,35.3,32.28
32.31,24.86,10.54,42.4,44.54,43.97,38.92,62.75,30.08,31.49,36.97,34.41,36.37,32.72,33.6,17.19,42.19,34.37,37.42,31.26,41.12,3.69,38.27,30.6,42.01,32.37,31.0,19.89,44.95,14.34,23.32,32.8,32.77,11.79,10.22,41.36,33.34,51.04,25.76,26.15,24.69,42.34,29.57,29.68,32.52,23.02,36.15,23.28,31.29,18.86,41.04,38.76,30.48,27.43,41.18,27.88,32.24,39.81,30.47,28.75,38.62,32.31,41.48,20.81,38.8,22.51,33.58,23.35,30.99,40.24,25.95,27.96,41.94,29.34,41.33,29.39,26.67,19.16,41.7,31.01,28.45,22.04,33.03,27.17,22.06,43.38,42.17,29.04,27.04,22.13,20.03,27.73,24.83,22.5,29.75,32.35,27.11,32.38,31.86,28.76,28.13,25.79,22.57,29.82,18.72,25.11,25.48,31.81,24.49,23.27,24.3,30.24,28.53,31.34,28.83,29.46,32.63,30.04,24.54,35.82,42.14,33.45,28.02,31.12,27.92,37.56,29.63,35.93,42.71,31.22,26.97,33.38,29.69,27.85,33.49,34.22,30.83,27.21,28.73,31.92,37.26,29.96,34.08,31.48,35.77,34.53,32.76,40.63,28.92,30.67,32.69,34.62,34.16,30.13,35.42,31.97,31.62,31.07,32.76,34.04,33.18,38.2,36.44,33.16,31.13,41.69,40.01,33.66,33.07,34.27,37.16,44.33,18.87,27.08,31.52,41.61,37.17,43.33,36.78,31.29,42.72,43.72,38.55,45.5,39.65,38.87,18.23,38.79,41.8,28.57,35.78,33.34,35.13,18.37,16.31,16.89,13.61,11.75,11.83,18.33,17.22,12.48,11.92,21.33,13.55,16.11,18.52,16.68,13.02,14.0,12.94,16.55,14.54,10.68,20.19,15.58,15.62,19.06,19.3,21.95,15.41,17.33,21.99,35.6,33.36,35.11,37.84,45.57,44.14,46.06,37.65,37.0,36.86,36.7,37.08,35.71,36.05,34.69,40.77,39.14,37.52,43.72,33.52,39.66,39.73,19.54,18.51,19.09,14.81,13.15,13.63,12.63,19.22,10.22,14.18,12.84,20.38,10.03,2.84,21.66,18.96,16.16,16.44,12.43,12.7,0.0,3.89,8.6,40.95,48.18,51.32,48.87,44.04,41.7,35.03,42.57,43.16,42.23,49.83,40.83,40.71,48.46,36.44,48.9,34.05,32.05,31.27,42.24,41.49,40.4,39.35,31.38,41.19,33.3,33.35,32.82,43.01,30.26,28.99,27.55,38.43,35.08,28.65,50.34,34.53,26.99,34.19,36.59,34.77,41.16,38.51,37.51,37.71,28.98,49.31,38.33,30.23,35.7,42.75,35.37,43.9,32.69,42.02,34.36,35.91,62.62,53.25,46.72,47.34,50.27,63.65,56.17,41.81,40.26,37.24
29.72,22.27,7.95,41.3,41.94,41.38,36.33,60.16,27.48,28.89,34.37,31.81,35.26,30.12,31.0,14.59,39.6,31.78,36.32,28.66,38.53,1.1,35.67,29.5,39.41,29.77,29.9,18.78,42.35,11.75,20.72,30.2,30.18,9.19,7.62,38.76,30.74,48.44,23.16,23.56,22.1,39.75,26.98,27.09,29.92,20.43,33.56,20.69,28.69,16.26,38.45,36.16,27.88,24.83,38.59,25.29,29.65,37.21,27.87,26.16,36.02,31.21,38.89,18.22,36.21,19.92,30.99,20.76,29.88,37.65,23.36,25.36,39.34,26.74,38.73,26.79,24.08,16.56,39.11,28.42,25.86,19.44,30.44,24.58,19.47,40.79,39.57,26.45,24.45,19.54,17.43,25.13,22.23,19.9,27.16,29.75,24.51,29.78,29.27,26.16,25.54,23.2,19.98,27.23,16.13,22.51,22.89,29.22,21.89,20.68,21.7,27.65,25.94,28.75,26.24,26.86,30.03,27.45,21.95,33.23,39.55,30.86,25.42,28.53,25.32,34.97,27.04,33.33,40.12,28.63,25.87,30.78,27.09,25.25,30.89,31.63,28.24,24.61,26.13,29.32,34.67,27.36,38.37,28.89,33.17,31.94,30.17,38.03,26.32,28.07,30.1,32.02,31.57,27.54,32.82,29.37,29.03,28.47,30.17,31.45,30.58,35.6,33.85,30.56,28.53,39.1,37.42,32.56,31.97,33.17,36.06,43.22,17.77,25.98,30.41,40.51,36.07,42.23,35.68,30.19,41.62,42.62,37.44,44.4,38.55,37.77,17.13,37.69,39.2,25.98,33.19,30.74,32.54,15.77,13.71,14.29,11.01,9.15,10.73,15.73,14.63,11.38,9.32,18.74,12.45,15.01,15.92,15.58,11.91,11.41,10.34,13.96,13.44,8.08,17.59,12.98,14.52,17.96,16.7,19.36,14.31,16.23,20.89,33.01,30.77,32.51,35.24,42.98,41.55,43.46,35.05,34.4,34.26,34.11,34.48,33.12,33.46,32.09,38.17,36.55,34.93,41.12,30.93,37.07,37.14,16.94,15.92,16.5,12.21,10.56,11.04,10.04,16.63,7.63,11.59,10.25,17.79,7.44,2.01,19.06,16.36,15.06,13.85,9.84,10.1,3.89,0.0,6.0,38.35,45.58,48.72,46.28,41.44,39.11,32.44,39.98,40.56,39.63,47.23,38.24,38.12,45.86,33.85,46.31,31.46,29.45,28.67,39.65,38.9,37.8,36.76,28.79,38.59,32.19,34.84,30.22,40.42,27.66,26.4,24.96,35.84,32.49,26.05,47.75,31.93,24.4,31.59,34.0,32.17,38.56,35.92,34.92,35.11,26.38,46.71,35.74,27.64,33.1,40.15,32.78,41.31,31.59,39.43,37.81,33.32,60.03,50.65,44.12,44.74,47.68,61.05,53.58,39.22,39.16,36.14
23.72,16.26,1.94,43.55,35.94,35.38,30.33,54.15,21.48,22.89,28.37,25.81,37.52,24.12,25.0,8.59,33.6,25.78,38.57,22.66,32.52,5.13,29.67,36.14,33.41,23.77,34.6,12.79,36.35,11.07,14.72,24.2,24.18,3.19,1.62,32.76,24.74,42.44,17.16,17.56,16.09,33.75,20.97,21.09,23.92,14.42,27.55,14.69,22.69,10.26,32.44,30.16,21.88,18.83,32.59,19.29,23.65,31.21,21.87,20.16,30.02,35.91,32.89,12.22,30.2,13.92,24.98,14.75,34.59,31.65,17.36,19.36,33.34,20.74,32.73,20.79,18.08,10.56,33.1,22.41,19.86,13.44,24.44,18.58,13.47,34.79,33.57,20.45,18.44,13.54,11.43,19.13,16.23,13.9,21.16,23.75,18.51,23.78,23.26,20.16,19.53,17.19,13.97,21.23,10.12,16.51,16.88,23.22,15.89,14.68,15.7,21.65,19.94,22.75,20.24,20.86,24.03,21.44,15.95,27.23,33.54,24.86,19.42,22.52,19.32,28.97,21.04,27.33,34.11,22.62,29.74,24.78,21.09,19.25,24.89,25.63,22.24,18.61,20.13,23.32,28.67,21.36,32.37,22.89,27.17,25.94,24.17,32.03,20.32,22.07,24.1,26.02,25.57,21.53,26.82,23.37,23.03,22.47,24.17,25.44,24.58,29.6,27.85,24.56,22.53,33.1,31.42,37.26,40.86,41.72,37.64,33.93,22.47,19.98,35.12,42.76,40.77,44.48,38.61,34.89,46.32,44.87,42.15,35.11,40.8,42.47,21.83,39.94,33.2,19.98,27.19,24.74,26.54,9.77,7.71,13.61,10.33,8.47,15.43,9.73,8.63,16.08,8.64,12.74,17.15,19.72,9.92,20.28,16.62,10.73,9.66,13.27,18.14,7.4,11.59,12.3,19.22,12.2,15.2,13.36,19.01,15.63,14.89,27.01,24.77,26.51,29.24,36.97,35.54,37.46,29.05,28.4,28.26,28.1,28.48,27.12,27.46,26.09,32.17,30.55,28.92,35.12,24.93,31.06,31.14,10.94,9.91,10.5,6.21,4.56,5.03,4.04,10.63,2.64,5.59,4.24,11.79,1.44,6.71,13.06,10.36,12.25,7.84,3.84,4.1,8.6,6.0,0.0,32.35,39.58,42.72,40.28,35.44,33.11,26.44,33.97,34.56,33.63,41.23,32.24,32.11,39.86,27.84,40.31,25.45,23.45,22.67,33.64,32.9,31.8,30.76,22.79,32.59,30.65,28.83,24.22,34.42,21.66,20.4,18.96,29.84,26.48,20.05,41.75,25.93,18.4,25.59,28.0,26.17,32.56,29.92,28.92,29.11,20.38,40.71,29.74,21.64,27.1,34.15,26.78,35.3,30.05,33.42,31.8,27.32,54.03,44.65,38.12,38.74,41.68,55.05,47.57,33.21,38.24,35.22
44.27,19.99,32.32,41.45,24.16,30.04,3.98,63.9,22.42,20.47,32.3,26.75,35.41,44.68,22.9,25.15,31.17,7.54,36.47,23.6,20.74,37.48,3.33,34.03,12.55,21.67,41.96,30.53,29.63,32.55,21.41,25.14,25.12,29.34,31.27,27.42,42.71,25.74,20.61,16.21,17.66,22.87,18.55,29.9,12.82,20.74,6.74,21.0,20.27,23.88,21.73,3.53,13.64,18.43,11.36,15.55,10.57,9.98,19.45,13.13,2.21,43.27,12.03,23.29,24.87,20.6,13.89,21.07,41.94,26.31,17.15,16.94,21.12,13.43,22.19,14.86,15.14,22.66,12.25,14.68,15.22,19.26,9.35,15.89,24.54,22.78,21.79,16.83,14.92,20.69,22.5,14.31,20.13,20.55,14.13,10.39,19.46,13.99,11.48,15.7,15.05,14.68,19.27,12.99,23.84,18.44,16.7,13.42,17.28,18.08,15.84,13.85,26.73,10.61,27.03,29.68,35.34,28.23,22.74,24.8,31.12,22.43,30.21,10.41,26.11,32.64,27.82,24.91,31.69,33.2,56.16,25.72,18.99,20.19,25.83,23.52,23.18,20.42,21.07,24.26,29.61,22.3,30.26,20.33,25.06,23.83,22.06,32.97,21.26,23.01,18.76,23.92,20.23,16.2,27.76,21.26,21.41,20.48,18.83,20.11,22.48,30.54,25.74,22.46,19.98,21.31,19.63,44.62,38.75,39.62,35.54,34.87,37.43,32.51,51.53,40.66,48.13,42.38,36.51,51.31,53.68,42.76,49.5,36.05,38.7,49.83,37.95,37.83,27.86,13.69,8.13,10.88,8.63,23.78,25.38,29.07,30.81,32.2,38.53,24.54,25.2,39.5,34.41,22.41,36.6,40.69,23.17,35.67,37.59,29.94,33.39,28.07,39.12,33.99,23.55,28.37,34.53,31.42,25.03,23.3,38.75,34.64,33.91,7.99,16.68,12.65,20.22,31.64,30.21,32.12,20.63,19.99,19.84,9.05,20.06,13.25,22.12,18.0,23.39,15.13,23.59,29.78,9.24,25.73,1.24,37.36,25.13,36.92,26.81,28.53,31.46,28.31,25.67,34.99,32.01,30.67,38.21,31.9,39.06,39.49,36.79,38.67,28.44,29.64,30.53,40.95,38.35,32.35,0.0,18.3,21.44,18.99,14.16,15.92,11.42,5.41,13.28,1.67,19.95,13.75,14.92,18.58,4.51,18.76,7.55,20.65,17.38,12.36,11.61,7.7,8.5,43.24,53.04,51.1,49.29,34.24,42.74,34.78,35.38,36.82,41.04,37.69,37.14,38.95,41.85,38.85,36.8,39.2,44.03,42.72,37.66,38.66,40.32,40.83,50.33,47.6,42.09,44.96,43.76,40.32,44.92,50.5,53.18,52.26,38.52,63.64,36.84,26.07,26.69,24.71,64.67,30.6,53.67,58.69,55.67
51.5,32.61,39.55,54.07,40.48,42.66,18.34,54.34,35.05,27.7,39.53,39.38,48.04,51.91,35.52,32.38,38.4,23.42,49.09,36.22,37.06,44.71,17.69,46.66,8.67,34.29,54.58,43.15,30.19,45.18,34.03,37.76,37.74,36.57,38.5,40.05,49.94,26.31,33.24,23.44,24.89,41.03,25.78,37.13,25.14,33.36,22.63,33.62,27.5,31.11,39.73,18.17,26.27,31.05,9.74,28.17,26.27,9.05,26.68,20.36,18.04,55.89,7.77,30.52,37.49,33.22,26.2,33.69,54.57,38.93,27.42,24.17,37.44,20.66,40.02,22.09,22.37,29.89,8.36,25.89,22.45,26.49,25.23,23.12,31.77,39.1,38.11,29.45,22.16,27.92,29.73,21.54,28.37,27.78,21.36,26.37,26.69,24.04,24.48,22.93,22.28,25.88,26.5,25.61,31.08,27.45,23.93,23.86,24.51,25.31,25.21,25.06,33.96,17.84,34.26,36.91,42.57,35.46,29.97,32.03,38.35,29.66,37.44,17.64,33.34,39.87,35.05,32.14,38.92,40.43,63.39,38.35,31.61,32.82,38.46,36.15,35.8,33.04,33.7,36.89,42.23,34.92,42.89,32.96,37.69,36.46,34.68,45.59,33.88,35.64,31.38,36.54,32.85,28.82,40.39,33.89,34.03,33.1,31.45,32.73,35.1,43.17,38.37,35.08,32.6,37.63,35.95,57.24,51.38,52.24,48.16,47.49,50.05,45.14,64.15,53.28,60.75,55.0,49.13,63.93,66.3,55.39,62.13,48.67,51.32,62.45,50.57,50.46,40.49,26.31,24.02,27.36,24.52,31.01,36.92,41.7,43.43,44.82,51.15,36.09,36.74,52.12,47.03,35.03,49.22,53.32,34.71,48.29,50.22,42.56,46.01,40.69,51.74,46.61,36.18,40.99,47.15,44.05,37.66,35.93,51.37,47.27,46.53,23.87,29.3,29.13,33.78,44.26,42.83,44.75,33.59,32.94,32.8,24.93,33.02,29.73,34.74,30.63,39.46,31.61,36.21,42.41,20.02,38.35,17.2,44.6,32.36,44.15,34.04,40.07,38.69,35.54,32.91,42.22,39.24,37.9,45.44,39.13,46.29,46.72,44.02,45.9,35.67,40.01,37.76,48.18,45.58,39.58,18.3,0.0,3.14,0.7,10.42,16.36,18.74,13.42,9.55,19.98,14.08,14.19,15.37,12.71,15.89,19.2,14.87,27.97,24.7,6.67,6.69,11.24,10.2,50.56,60.36,58.43,56.61,41.56,50.06,42.1,42.7,44.14,48.36,45.01,44.46,46.27,49.17,46.17,44.12,46.52,51.35,50.04,44.98,45.98,47.64,48.15,57.65,54.92,49.41,52.28,51.09,47.64,52.24,57.82,60.5,59.58,45.84,55.33,37.28,26.51,27.13,25.15,55.74,31.04,60.99,66.01,62.99
54.64,35.75,42.69,57.21,43.62,45.8,21.48,57.48,38.19,30.84,42.67,42.52,51.18,55.05,38.66,35.52,41.54,26.56,52.23,39.36,40.2,47.85,20.83,49.8,11.81,37.43,57.72,46.29,33.33,48.31,37.17,40.9,40.88,39.71,41.64,43.19,53.08,29.45,36.38,26.58,28.03,44.17,28.92,40.27,28.28,36.5,25.77,36.76,30.64,34.25,42.87,21.31,29.41,34.19,12.88,31.31,29.4,12.18,29.82,23.5,21.18,59.03,10.91,33.66,40.63,36.36,29.34,36.83,57.71,42.07,30.56,27.31,40.58,23.8,43.16,25.23,25.51,33.03,11.5,29.03,25.59,29.63,28.37,26.26,34.91,42.24,41.25,32.59,25.29,31.06,32.87,24.68,31.51,30.92,24.5,29.51,29.83,27.18,27.62,26.07,25.42,29.02,29.64,28.75,34.21,30.59,27.07,27.0,27.65,28.45,28.35,28.2,37.1,20.98,37.4,40.05,45.71,38.6,33.11,35.17,41.49,32.8,40.58,20.78,36.48,43.01,38.19,35.28,42.06,43.57,66.53,41.49,34.75,35.95,41.6,39.28,38.94,36.18,36.84,40.03,45.37,38.06,46.03,36.1,40.83,39.6,37.82,48.73,37.02,38.78,34.52,39.68,35.99,31.96,43.53,37.03,37.17,36.24,34.59,35.87,38.24,46.31,41.51,38.22,35.74,40.77,39.09,60.38,54.52,55.38,51.3,50.63,53.19,48.28,67.29,56.42,63.89,58.14,52.27,67.07,69.44,58.53,65.27,51.81,54.46,65.59,53.71,53.6,43.63,29.45,27.16,30.5,27.66,34.15,40.06,44.84,46.57,47.96,54.29,39.23,39.88,55.26,50.17,38.17,52.36,56.46,37.85,51.43,53.36,45.7,49.15,43.83,54.88,49.75,39.32,44.13,50.29,47.19,40.79,39.07,54.51,50.41,49.67,27.01,32.44,32.27,36.92,47.4,45.97,47.88,36.73,36.08,35.94,28.07,36.16,32.87,37.88,33.77,42.6,34.75,39.35,45.55,23.16,41.49,20.34,47.73,35.5,47.29,37.18,43.21,41.83,38.68,36.04,45.36,42.38,41.04,48.58,42.27,49.43,49.86,47.16,49.04,38.81,43.15,40.9,51.32,48.72,42.72,21.44,3.14,0.0,3.19,13.56,19.5,21.88,16.56,12.68,23.12,17.22,17.33,18.51,15.85,19.03,22.34,18.01,31.11,27.84,9.81,9.83,14.38,13.34,53.7,63.5,61.57,59.75,44.7,53.2,45.24,45.84,47.28,51.5,48.15,47.6,49.41,52.31,49.31,47.26,49.66,54.49,53.18,48.12,49.12,50.78,51.29,60.79,58.06,52.55,55.42,54.22,50.78,55.38,60.96,63.64,62.72,48.98,58.47,40.42,29.65,30.27,28.29,58.88,34.18,64.13,69.15,66.13
52.2,33.31,40.25,54.77,41.17,43.36,19.04,55.03,35.74,28.4,40.23,40.07,48.73,52.6,36.22,33.08,39.1,24.12,49.79,36.92,37.76,45.41,18.38,47.35,9.36,34.99,55.28,43.85,30.89,45.87,34.73,38.46,38.44,37.26,39.2,40.74,50.63,27.01,33.94,24.14,25.59,41.73,26.48,37.83,25.84,34.06,23.32,34.32,28.2,31.81,40.43,18.87,26.96,31.75,10.43,28.87,26.96,9.74,27.38,21.06,18.73,56.59,8.47,31.22,38.19,33.92,26.9,34.39,55.26,39.63,28.12,24.86,38.13,21.36,40.71,22.78,23.06,30.58,9.06,26.59,23.15,27.19,25.93,23.82,32.47,39.79,38.8,30.15,22.85,28.62,30.43,22.24,29.07,28.48,22.06,27.06,27.39,24.74,25.18,23.63,22.98,26.58,27.2,26.31,31.77,28.14,24.63,24.56,25.21,26.01,25.91,25.76,34.65,18.54,34.95,37.6,43.26,36.16,30.66,32.73,39.05,30.36,38.14,18.34,34.03,40.57,35.75,32.83,39.62,41.13,64.09,39.04,32.31,33.51,39.15,36.84,36.5,33.74,34.39,37.58,42.93,35.62,43.59,33.65,38.38,37.15,35.38,46.29,34.58,36.33,32.08,37.24,33.55,29.52,41.08,34.59,34.73,33.8,32.15,33.43,35.8,43.86,39.06,35.78,33.3,38.33,36.65,57.94,52.07,52.94,48.86,48.19,50.75,45.83,64.85,53.98,61.45,55.7,49.83,64.63,67.0,56.08,62.82,49.37,52.02,63.15,51.27,51.15,41.18,27.01,24.71,28.05,25.21,31.71,37.62,42.4,44.13,45.52,51.85,36.78,37.44,52.82,47.73,35.73,49.92,54.01,35.41,48.99,50.91,43.26,46.71,41.39,52.44,47.31,36.87,41.69,47.85,44.74,38.35,36.62,52.07,47.96,47.23,24.57,30.0,29.83,34.47,44.96,43.53,45.44,34.28,33.64,33.49,25.63,33.71,30.43,35.44,31.32,40.15,32.31,36.91,43.1,20.72,39.05,17.9,45.29,33.06,44.85,34.73,40.77,39.39,36.24,33.6,42.92,39.94,38.6,46.14,39.82,46.99,47.41,44.71,46.6,36.37,40.71,38.45,48.87,46.28,40.28,18.99,0.7,3.19,0.0,11.12,17.05,19.43,14.11,10.24,20.68,14.78,14.89,16.06,13.41,16.58,19.9,15.57,28.67,25.4,7.37,7.38,11.94,10.89,51.26,61.06,59.12,57.3,42.26,50.76,42.8,43.4,44.84,49.06,45.7,45.16,46.96,49.87,46.87,44.81,47.22,52.05,50.74,45.68,46.68,48.33,48.85,58.34,55.61,50.1,52.98,51.78,48.34,52.94,58.52,61.2,60.27,46.54,56.03,37.98,27.2,27.82,25.84,56.44,31.74,61.68,66.71,63.69
47.36,28.47,35.41,49.93,36.33,38.52,14.2,48.08,30.91,23.56,35.39,35.24,43.89,47.76,31.38,28.24,34.26,19.28,44.95,32.08,32.92,40.57,13.54,42.51,2.82,30.15,50.44,39.01,23.94,41.03,29.89,33.62,33.6,32.43,34.36,35.9,45.8,20.06,29.1,19.3,20.75,36.89,21.64,32.99,21.0,29.22,18.49,29.48,23.36,26.97,35.59,14.03,22.13,26.91,4.96,24.03,22.12,4.27,22.54,16.22,13.89,51.75,3.48,26.38,33.35,29.08,22.06,29.55,50.43,34.79,23.28,20.03,33.3,16.52,35.88,17.95,18.23,25.75,2.48,21.75,18.31,22.35,21.09,18.98,27.63,34.95,33.96,25.31,18.01,23.78,25.59,17.4,24.23,23.64,17.22,22.23,22.55,19.9,20.34,18.79,18.14,21.74,22.36,21.47,26.93,23.3,19.79,19.72,20.37,21.17,21.07,20.92,29.81,13.7,30.11,32.76,38.43,31.32,25.83,27.89,34.21,25.52,33.3,13.5,29.2,35.73,30.91,27.99,34.78,36.29,59.25,34.21,27.47,28.67,34.31,32.0,31.66,28.9,29.56,32.74,38.09,30.78,38.75,28.82,33.55,32.31,30.54,41.45,29.74,31.5,27.24,32.4,28.71,24.68,36.25,29.75,29.89,28.96,27.31,28.59,30.96,39.02,34.23,30.94,28.46,33.49,31.81,53.1,47.24,48.1,44.02,43.35,45.91,41.0,60.01,49.14,56.61,50.86,44.99,59.79,62.16,51.25,57.99,44.53,47.18,58.31,46.43,46.32,36.35,22.17,19.87,23.22,20.37,26.87,32.78,37.56,39.29,40.68,47.01,31.94,32.6,47.98,42.89,30.89,45.08,49.17,30.57,44.15,46.08,38.42,41.87,36.55,47.6,42.47,32.04,36.85,43.01,39.91,33.51,31.78,47.23,43.12,42.39,19.73,25.16,24.99,29.63,40.12,38.69,40.6,29.45,28.8,28.66,20.79,28.88,25.59,30.6,26.49,35.32,27.47,32.07,38.27,15.88,34.21,13.06,40.45,28.22,40.01,29.9,35.93,34.55,31.4,28.76,38.08,35.1,33.76,41.3,34.98,42.15,42.58,39.87,41.76,31.53,35.87,33.61,44.04,41.44,35.44,14.16,10.42,13.56,11.12,0.0,10.23,14.35,9.02,1.51,15.59,12.07,8.06,9.24,10.7,11.49,13.07,10.48,23.58,20.31,4.49,3.74,6.85,5.8,46.17,55.97,54.03,52.22,37.17,45.67,37.71,38.31,39.75,43.97,40.61,40.07,41.87,44.78,41.78,39.72,42.13,46.96,45.65,40.59,41.59,43.24,43.76,53.25,50.53,45.02,47.89,46.69,43.25,47.85,53.43,56.11,55.18,41.45,49.2,31.16,20.38,21.0,19.02,49.61,24.92,56.59,61.62,58.6
32.98,26.14,33.08,47.6,34.0,36.19,16.18,52.06,28.57,21.22,20.46,32.9,41.56,32.92,29.05,25.91,19.34,21.92,42.62,29.75,30.59,38.24,15.52,40.18,10.21,27.82,48.11,36.68,8.82,38.7,27.55,31.29,31.27,30.09,32.03,33.57,38.78,14.92,26.76,16.97,18.42,34.56,19.31,30.66,18.66,26.89,20.46,27.15,21.03,24.63,33.26,16.01,19.79,24.58,5.55,21.7,19.79,7.62,20.21,13.89,15.87,49.42,7.75,24.05,31.02,26.75,19.73,27.22,48.09,32.46,20.95,17.69,30.96,14.19,33.54,15.61,15.89,23.41,7.75,19.41,15.98,20.02,20.58,16.65,25.3,32.62,31.63,22.98,15.68,21.44,23.26,15.07,21.9,21.31,14.89,19.89,20.22,17.57,18.01,16.46,15.81,19.41,20.03,19.14,24.6,20.97,17.46,17.39,18.04,18.84,18.74,18.59,27.48,11.37,27.78,30.43,36.09,28.99,23.49,16.66,19.28,17.58,30.97,11.17,26.86,20.8,28.58,15.63,19.85,33.96,56.92,31.87,25.14,26.34,31.98,29.67,29.33,26.57,27.22,30.41,35.76,28.45,36.41,26.48,31.21,29.98,28.21,39.12,27.41,29.16,24.91,30.07,26.38,22.34,33.91,27.41,27.56,26.63,24.98,26.25,28.63,36.69,31.89,28.61,26.13,31.16,29.48,50.77,44.9,45.77,41.69,41.02,43.58,38.66,57.68,46.81,54.28,48.53,42.66,57.46,59.83,48.91,55.65,42.2,44.85,55.98,44.1,43.98,34.01,19.84,21.85,20.88,22.68,24.54,30.44,35.22,36.96,38.35,44.68,29.61,30.27,45.65,40.56,28.56,42.75,46.84,28.24,41.82,43.74,36.09,39.54,34.22,45.27,40.14,29.7,34.52,40.68,37.57,31.18,29.45,44.9,40.79,40.06,14.8,22.83,22.66,27.3,37.79,36.36,38.27,27.11,26.46,26.32,22.77,26.54,23.26,28.27,24.15,32.98,25.14,29.74,35.93,13.55,31.88,14.82,38.12,25.89,37.68,27.56,33.6,32.22,29.07,26.43,35.75,32.77,31.43,38.97,32.65,39.82,40.24,37.54,39.43,29.2,33.54,31.28,41.7,39.11,33.11,15.92,16.36,19.5,17.05,10.23,0.0,6.67,10.63,9.35,17.2,18.14,2.82,0.99,16.76,13.55,12.95,11.16,21.35,18.08,10.55,9.8,8.46,7.41,33.58,44.49,51.8,49.99,34.94,31.01,35.48,36.08,37.52,32.09,38.38,37.84,27.21,30.59,39.55,37.49,30.15,37.38,30.99,25.93,26.92,31.36,41.53,38.59,43.55,42.79,40.91,32.03,29.72,33.18,51.2,41.45,52.95,39.22,51.91,26.02,10.32,10.94,13.88,52.93,19.78,54.36,59.39,56.37
38.36,19.47,26.41,40.93,27.33,29.52,9.51,57.99,21.9,14.56,26.39,26.23,34.89,38.76,22.38,19.24,25.26,15.25,35.95,23.08,23.92,31.57,8.85,33.51,12.59,21.15,41.44,30.01,15.32,32.03,20.89,24.62,24.6,23.42,25.36,26.9,36.79,26.15,20.1,10.3,11.75,27.89,12.64,23.99,12.0,20.22,13.8,20.48,14.36,17.97,26.59,9.34,13.12,17.91,8.53,15.03,13.12,10.39,13.54,7.22,9.2,42.75,12.07,17.38,24.35,20.08,13.06,20.55,41.42,25.79,14.28,11.03,24.29,7.52,26.87,8.94,9.22,16.74,12.29,12.75,9.31,13.35,13.91,9.98,18.63,25.95,24.96,16.31,9.01,14.78,16.59,8.4,15.23,14.64,8.22,13.22,13.55,10.9,11.34,9.79,9.14,12.74,13.36,12.47,17.93,14.3,10.79,10.72,11.37,12.17,12.07,11.92,20.81,4.7,21.11,23.76,29.42,22.32,16.82,18.89,25.21,16.52,24.3,4.5,20.19,26.73,21.91,18.99,25.78,27.29,50.25,25.2,18.47,19.67,25.31,23.0,22.66,19.9,20.55,23.74,29.09,21.78,29.75,19.81,24.54,23.31,21.54,32.45,20.74,22.49,18.24,23.4,19.71,15.68,27.24,20.75,20.89,19.96,18.31,19.59,21.96,30.02,25.22,21.94,19.46,24.49,22.81,44.1,38.23,39.1,35.02,34.35,36.91,31.99,51.01,40.14,47.61,41.86,35.99,50.79,53.16,42.24,48.98,35.53,38.18,49.31,37.43,37.31,27.34,13.17,15.18,14.21,16.01,17.87,23.78,28.56,30.29,31.68,38.01,22.94,23.6,38.98,33.89,21.89,36.08,40.17,21.57,35.15,37.07,29.42,32.87,27.55,38.6,33.47,23.03,27.85,34.01,30.9,24.51,22.78,38.23,34.12,33.39,8.13,16.16,15.99,20.63,31.12,29.69,31.6,20.44,19.8,19.65,16.1,19.87,16.59,21.6,17.48,26.31,18.47,23.07,29.26,6.88,25.21,10.32,31.45,19.22,31.01,20.89,26.93,25.55,22.4,19.76,29.08,26.1,24.76,32.3,25.98,33.15,33.57,30.87,32.76,22.53,26.87,24.61,35.03,32.44,26.44,11.42,18.74,21.88,19.43,14.35,6.67,0.0,13.01,13.6,12.66,20.27,5.8,5.68,18.89,6.88,15.93,4.49,14.68,11.41,12.68,11.93,10.84,9.79,37.27,47.07,45.13,43.32,28.27,36.77,28.81,29.41,30.85,35.07,31.72,31.17,32.98,35.88,32.88,30.83,33.23,38.06,36.75,31.69,32.69,34.34,34.86,44.35,41.63,36.12,38.99,37.79,34.35,38.95,44.53,47.21,46.29,32.55,57.67,34.01,16.82,17.44,21.88,58.69,27.77,47.7,52.72,49.7
45.9,27.01,33.95,48.46,26.32,37.06,6.14,48.49,29.44,22.09,33.92,33.77,42.43,46.3,29.91,26.78,32.8,9.7,43.48,30.62,22.9,39.1,5.49,41.05,7.27,28.68,48.98,37.54,24.34,39.57,28.42,32.16,32.13,30.96,32.9,34.44,44.33,20.46,27.63,17.83,19.29,25.03,20.17,31.53,14.98,27.75,8.9,28.02,21.89,25.5,23.89,5.69,20.66,25.44,6.07,22.57,12.73,4.7,21.07,14.76,4.37,50.28,6.75,24.91,31.88,27.61,16.05,28.08,48.96,33.33,21.82,18.56,23.28,15.05,24.35,16.48,16.76,24.28,6.96,20.28,16.84,20.89,11.51,17.52,26.16,24.94,23.95,23.85,16.55,22.31,24.13,15.93,22.77,22.18,15.76,12.55,21.09,18.43,13.64,17.32,16.67,20.28,20.89,20.01,25.47,21.84,18.32,18.26,18.9,19.7,19.6,19.45,28.35,12.23,28.65,31.3,36.96,29.86,24.36,26.43,32.74,24.06,31.84,12.04,27.73,34.26,29.45,26.53,33.31,34.83,57.79,32.74,26.0,27.21,32.85,30.54,30.2,27.44,28.09,31.28,36.62,29.32,37.28,27.35,32.08,30.85,29.08,39.99,28.28,30.03,25.77,30.93,27.25,23.21,34.78,28.28,28.42,27.49,25.84,27.12,29.49,37.56,32.76,29.48,26.99,23.47,21.79,51.64,45.77,46.64,42.55,41.89,44.44,39.53,58.55,47.67,55.14,49.39,43.52,58.32,60.69,49.78,56.52,43.06,45.71,56.85,44.97,44.85,34.88,20.71,10.29,13.03,10.79,25.41,31.31,36.09,37.83,39.21,45.54,30.48,31.13,46.51,41.43,29.42,43.61,47.71,29.1,42.68,44.61,36.96,40.41,35.08,46.13,41.01,30.57,35.39,41.54,38.44,32.05,30.32,45.77,41.66,40.92,10.15,23.69,14.81,22.37,38.65,37.22,39.14,22.79,22.15,22.0,11.21,22.22,15.41,29.14,25.02,25.55,17.29,30.6,36.8,11.4,32.74,4.31,38.99,26.76,38.55,28.43,34.47,33.08,29.94,27.3,36.61,33.64,32.29,39.83,33.52,40.68,41.11,38.41,40.29,30.06,34.41,32.15,42.57,39.98,33.97,5.41,13.42,16.56,14.11,9.02,10.63,13.01,0.0,7.99,6.69,14.66,8.47,9.64,13.29,6.67,13.48,9.54,22.63,19.37,7.08,6.33,2.41,3.22,45.22,55.03,53.09,51.27,36.23,44.73,36.77,37.36,38.81,43.02,39.67,39.13,40.93,43.83,40.83,38.78,41.18,46.02,44.71,39.64,40.64,42.3,42.82,52.31,49.58,44.07,46.95,45.75,42.3,46.9,52.48,55.16,54.24,40.5,49.61,31.56,20.78,21.4,19.42,50.02,25.32,55.65,60.67,57.66
46.48,27.59,34.54,49.05,35.46,37.64,13.32,47.2,30.03,22.68,34.51,34.36,43.02,46.89,30.5,27.36,33.39,18.4,44.07,31.21,32.04,39.69,12.67,41.64,1.95,29.27,49.56,38.13,23.06,40.16,29.01,32.75,32.72,31.55,33.48,35.03,44.92,19.18,28.22,18.42,19.87,36.01,20.76,32.11,20.12,28.34,17.61,28.6,22.48,26.09,34.71,13.15,21.25,26.03,4.09,23.15,21.25,3.39,21.66,15.34,13.02,50.87,2.6,25.5,32.47,28.2,21.18,28.67,49.55,33.91,22.4,19.15,32.42,15.64,35.0,17.07,17.35,24.87,1.6,20.87,17.43,21.47,20.21,18.1,26.75,34.08,33.09,24.43,17.14,22.9,24.72,16.52,23.35,22.76,16.34,21.35,21.67,19.02,19.46,17.91,17.26,20.87,21.48,20.59,26.06,22.43,18.91,18.84,19.49,20.29,20.19,20.04,28.94,12.82,29.24,31.89,37.55,30.44,24.95,27.01,33.33,24.65,32.42,12.62,28.32,34.85,30.04,27.12,33.9,35.41,58.37,33.33,26.59,27.8,33.44,31.13,30.78,28.02,28.68,31.87,37.21,29.9,37.87,27.94,32.67,31.44,29.67,40.58,28.87,30.62,26.36,31.52,27.83,23.8,35.37,28.87,29.01,28.08,26.43,27.71,30.08,38.15,33.35,30.06,27.58,32.61,30.93,52.22,46.36,47.22,43.14,42.47,45.03,40.12,59.14,48.26,55.73,49.98,44.11,58.91,61.28,50.37,57.11,43.65,46.3,57.43,45.55,45.44,35.47,21.29,19.0,22.34,19.5,25.99,31.9,36.68,38.41,39.8,46.13,31.07,31.72,47.1,42.02,30.01,44.2,48.3,29.69,43.27,45.2,37.55,40.99,35.67,46.72,41.59,31.16,35.97,42.13,39.03,32.64,30.91,46.35,42.25,41.51,18.85,24.28,24.11,28.76,39.24,37.81,39.73,28.57,27.92,27.78,19.91,28.0,24.71,29.72,25.61,34.44,26.59,31.19,37.39,15.0,33.33,12.18,39.58,27.34,39.13,29.02,35.06,33.67,30.53,27.89,37.2,34.22,32.88,40.42,34.11,41.27,41.7,39.0,40.88,30.65,35.0,32.74,43.16,40.56,34.56,13.28,9.55,12.68,10.24,1.51,9.35,13.6,7.99,0.0,14.71,11.2,7.18,8.36,9.82,10.62,12.2,9.6,22.7,19.43,3.61,2.86,5.97,4.93,45.29,55.1,53.16,51.34,36.29,44.79,36.83,37.43,38.87,43.09,39.74,39.19,41.0,43.9,40.9,38.85,41.25,46.08,44.77,39.71,40.71,42.37,42.88,52.38,49.65,44.14,47.01,45.82,42.37,46.97,52.55,55.23,54.31,40.57,48.33,30.28,19.5,20.12,18.14,48.73,24.04,55.72,60.74,57.72
45.55,21.27,33.6,42.72,25.44,31.32,5.26,65.18,23.7,21.75,33.58,28.03,36.69,45.95,24.17,26.43,32.45,8.82,37.75,24.88,22.02,38.76,4.61,35.31,13.83,22.95,43.24,31.8,30.9,33.83,22.68,26.42,26.39,30.62,32.55,28.7,43.99,27.02,21.89,17.49,18.94,24.15,19.83,31.18,14.1,22.01,8.02,22.28,21.55,25.16,23.01,4.81,14.92,19.71,12.64,16.83,11.85,11.26,20.73,14.41,3.49,44.55,13.31,24.57,26.14,21.88,15.17,22.35,43.22,27.59,18.42,18.22,22.4,14.71,23.47,16.14,16.42,23.94,13.53,15.96,16.5,20.54,10.63,17.17,25.82,24.06,23.07,18.11,16.2,21.97,23.78,15.59,21.4,21.83,15.41,11.67,20.74,15.27,12.76,16.98,16.33,15.95,20.55,14.27,25.12,19.72,17.98,14.7,18.56,19.36,17.11,15.13,28.0,11.89,28.3,30.95,36.62,29.51,24.02,26.08,32.4,23.71,31.49,11.69,27.39,33.92,29.1,26.18,32.97,34.48,57.44,27.0,20.27,21.47,27.11,24.8,24.46,21.7,22.35,25.54,30.89,23.58,31.54,21.61,26.34,25.11,23.34,34.25,22.54,24.29,20.04,25.19,21.51,17.47,29.04,22.54,22.68,21.76,20.11,21.38,23.75,31.82,27.02,23.74,21.26,22.59,20.91,45.9,40.03,40.9,36.82,36.15,38.7,33.79,52.81,41.94,49.41,43.66,37.79,52.58,54.95,44.04,50.78,37.32,39.98,51.11,39.23,39.11,29.14,14.97,9.41,12.15,9.91,25.06,26.66,30.35,32.09,33.48,39.8,25.82,26.48,40.78,35.69,23.68,37.87,41.97,24.45,36.95,38.87,31.22,34.67,29.34,40.39,35.27,24.83,29.65,35.81,32.7,26.31,24.58,40.03,35.92,35.18,9.26,17.96,13.93,21.49,32.91,31.48,33.4,21.91,21.26,21.12,10.33,21.34,14.53,23.4,19.28,24.67,16.41,24.86,31.06,10.52,27.0,2.52,38.64,26.41,38.2,28.09,29.81,32.74,29.59,26.95,36.27,33.29,31.95,39.49,33.17,40.34,40.77,38.06,39.95,29.72,30.92,31.8,42.23,39.63,33.63,1.67,19.98,23.12,20.68,15.59,17.2,12.66,6.69,14.71,0.0,21.23,15.03,16.2,19.85,5.79,20.04,8.83,21.93,18.66,13.64,12.89,8.97,9.78,44.52,54.32,52.38,50.57,35.52,44.02,36.06,36.66,38.1,42.32,38.96,38.42,40.22,43.13,40.13,38.07,40.48,45.31,44.0,38.94,39.94,41.59,42.11,51.6,48.88,43.37,46.24,45.04,41.6,46.2,51.78,54.46,53.53,39.8,64.92,38.12,27.35,27.97,25.99,65.94,31.88,54.94,59.97,56.95
53.15,34.26,41.21,55.72,42.13,44.31,19.99,55.99,36.7,29.35,41.18,41.03,49.69,53.56,37.17,34.03,40.06,25.07,50.74,37.88,38.71,46.36,19.34,48.31,10.32,35.94,56.23,44.8,31.84,46.83,35.68,39.42,39.39,38.22,40.15,41.7,51.59,27.96,34.89,25.09,26.54,42.68,27.43,38.78,26.79,35.01,24.28,35.27,29.15,32.76,41.38,19.82,27.92,32.7,11.39,29.82,27.92,10.7,28.33,22.01,19.69,57.54,9.42,32.17,39.14,34.87,27.85,35.34,56.22,40.58,29.07,25.82,39.09,22.31,41.67,23.74,24.02,31.54,10.01,27.54,24.1,28.14,26.88,24.77,33.42,40.75,39.76,31.1,23.81,29.57,31.39,23.19,30.02,29.43,23.01,28.02,28.34,25.69,26.13,24.58,23.93,27.54,28.15,27.26,32.73,29.1,25.58,25.51,26.16,26.96,26.86,26.71,35.61,19.49,35.91,38.56,44.22,37.11,31.62,33.68,40.0,31.32,39.09,19.29,34.99,41.52,36.71,33.79,40.57,42.08,65.04,40.0,33.26,34.47,40.11,37.8,37.45,34.69,35.35,38.54,43.88,36.57,44.54,34.61,39.34,38.11,36.34,47.25,35.54,37.29,33.03,38.19,34.5,30.47,42.04,35.54,35.68,34.75,33.1,34.38,36.75,44.82,40.02,36.73,34.25,39.28,37.6,58.89,53.03,53.89,49.81,49.14,51.7,46.79,65.81,54.93,62.4,56.65,50.78,65.58,67.95,57.04,63.78,50.32,52.97,64.1,52.22,52.11,42.14,27.96,25.67,29.01,26.17,32.66,38.57,43.35,45.08,46.47,52.8,37.74,38.39,53.77,48.69,36.68,50.87,54.97,36.36,49.94,51.87,44.22,47.66,42.34,53.39,48.26,37.83,42.64,48.8,45.7,39.31,37.58,53.02,48.92,48.18,25.52,30.95,30.78,35.43,45.91,44.48,46.4,35.24,34.59,34.45,26.58,34.67,31.38,36.39,32.28,41.11,33.26,37.86,44.06,21.67,40.0,18.85,46.25,34.01,45.8,35.69,41.73,40.34,37.2,34.56,43.87,40.89,39.55,47.09,40.78,47.94,48.37,45.67,47.55,37.32,41.67,39.41,49.83,47.23,41.23,19.95,14.08,17.22,14.78,12.07,18.14,20.27,14.66,11.2,21.23,0.0,15.84,17.02,2.58,17.54,20.85,16.53,29.62,26.35,9.54,8.34,12.89,11.85,52.21,62.02,60.08,58.26,43.21,51.71,43.75,44.35,45.79,50.01,46.66,46.11,47.92,50.82,47.82,45.77,48.17,53.0,51.69,46.63,47.63,49.29,49.8,59.3,56.57,51.06,53.93,52.74,49.29,53.89,59.47,62.15,61.23,47.49,56.98,38.94,28.16,28.78,26.8,57.39,32.7,62.64,67.66,64.64
44.16,25.27,32.21,46.73,33.13,35.32,14.05,45.79,27.7,20.36,23.11,32.03,40.69,44.56,28.18,25.04,21.98,19.14,41.75,28.88,29.72,37.37,13.4,39.31,8.04,26.95,47.24,35.81,11.47,37.83,26.69,30.42,30.4,29.22,31.16,32.7,42.59,17.77,25.9,16.1,17.55,33.69,18.44,29.79,17.8,26.02,18.34,26.28,20.16,23.77,32.39,13.89,18.92,23.71,3.38,20.83,18.92,5.46,19.34,13.02,13.75,48.55,5.58,23.18,30.15,25.88,18.86,26.35,47.22,31.59,20.08,16.82,30.09,13.32,32.67,14.74,15.02,22.54,5.58,18.55,15.11,19.15,19.71,15.78,24.43,31.75,30.76,22.11,14.81,20.58,22.39,14.2,21.03,20.44,14.02,19.02,19.35,16.7,17.14,15.59,14.94,18.54,19.16,18.27,23.73,20.1,16.59,16.52,17.17,17.97,17.87,17.72,26.61,10.5,26.91,29.56,35.22,28.12,22.62,19.31,21.93,22.32,30.1,10.3,25.99,23.45,27.71,18.28,22.5,33.09,56.05,31.0,24.27,25.47,31.11,28.8,28.46,25.7,26.35,29.54,34.89,27.58,35.55,25.61,30.34,29.11,27.34,38.25,26.54,28.29,24.04,29.2,25.51,21.48,33.04,26.54,26.69,25.76,24.11,25.39,27.76,35.82,31.02,27.74,25.26,30.29,28.61,49.9,44.03,44.9,40.82,40.15,42.71,37.79,56.81,45.94,53.41,47.66,41.79,56.59,58.96,48.04,54.78,41.33,43.98,55.11,43.23,43.11,33.14,18.97,19.73,20.01,20.23,23.67,29.58,34.35,36.09,37.48,43.81,28.74,29.4,44.78,39.69,27.69,41.88,45.97,27.37,40.95,42.87,35.22,38.67,33.35,44.4,39.27,28.83,33.65,39.81,36.7,30.31,28.58,44.03,39.92,39.19,13.93,21.96,21.79,26.43,36.92,35.49,37.4,26.24,25.6,25.45,20.65,25.67,22.39,27.4,23.28,32.11,24.27,28.87,35.06,12.68,31.01,12.65,37.25,25.02,36.81,26.69,32.73,31.35,28.2,25.56,34.88,31.9,30.56,38.1,31.78,38.95,39.37,36.67,38.56,28.33,32.67,30.41,40.83,38.24,32.24,13.75,14.19,17.33,14.89,8.06,2.82,5.8,8.47,7.18,15.03,15.84,0.0,1.83,14.6,11.31,10.79,10.3,20.48,17.21,8.38,7.63,6.29,5.25,43.07,52.87,50.93,49.12,34.07,33.66,34.61,35.21,36.65,40.87,37.52,36.97,29.86,41.68,38.68,36.62,39.03,40.03,33.64,28.57,29.57,40.14,40.66,41.24,47.43,41.92,44.79,34.68,40.15,35.83,50.33,44.1,52.09,38.35,54.55,28.87,12.97,13.59,16.73,47.32,22.63,53.5,58.52,55.5
33.79,25.15,32.09,46.6,33.01,35.2,15.18,52.88,27.58,20.23,21.28,31.91,40.57,33.74,28.05,24.92,20.15,20.93,41.62,28.76,29.59,37.24,14.53,39.19,9.22,26.82,47.12,35.68,9.64,37.71,26.56,30.3,30.27,29.1,31.04,32.58,39.6,15.74,25.77,15.97,17.43,33.56,18.31,29.67,17.67,25.89,19.47,26.16,20.03,23.64,32.26,15.02,18.8,23.59,4.56,20.71,18.8,6.63,19.21,12.9,14.88,48.42,6.75,23.05,30.02,25.75,18.74,26.22,47.1,31.47,19.96,16.7,29.97,13.19,32.55,14.62,14.9,22.42,6.75,18.42,14.98,19.03,19.59,15.66,24.3,31.63,30.64,21.99,14.69,20.45,22.27,14.07,20.91,20.32,13.9,18.9,19.23,16.57,17.02,15.46,14.81,18.42,19.03,18.15,23.61,19.98,16.46,16.4,17.04,17.84,17.74,17.59,26.49,10.37,26.79,29.44,35.1,28.0,22.5,17.48,20.1,18.4,29.98,10.18,25.87,21.62,27.59,16.45,20.67,32.97,55.93,30.88,24.14,25.35,30.99,28.68,28.34,25.58,26.23,29.42,34.76,27.46,35.42,25.49,30.22,28.99,27.22,38.13,26.42,28.17,23.91,29.07,25.39,21.35,32.92,26.42,26.56,25.63,23.98,25.26,27.63,35.7,30.9,27.62,25.13,30.17,28.48,49.78,43.91,44.78,40.69,40.03,42.58,37.67,56.69,45.81,53.28,47.53,41.66,56.46,58.83,47.92,54.66,41.2,43.85,54.99,43.11,42.99,33.02,18.85,20.86,19.89,21.69,23.55,29.45,34.23,35.97,37.35,43.68,28.62,29.27,44.65,39.57,27.56,41.75,45.85,27.24,40.82,42.75,35.1,38.55,33.22,44.27,39.15,28.71,33.53,39.68,36.58,30.19,28.46,43.91,39.8,39.06,13.81,21.83,21.66,26.31,36.79,35.36,37.28,26.12,25.47,25.33,21.78,25.55,22.27,27.28,23.16,31.99,24.14,28.74,34.94,12.55,30.88,13.83,37.13,24.9,36.69,26.57,32.61,31.22,28.08,25.44,34.75,31.78,30.43,37.97,31.66,38.82,39.25,36.55,38.43,28.2,32.55,30.29,40.71,38.12,32.11,14.92,15.37,18.51,16.06,9.24,0.99,5.68,9.64,8.36,16.2,17.02,1.83,0.0,15.77,12.55,11.96,10.16,20.36,17.09,9.55,8.81,7.47,6.42,42.94,52.75,50.81,48.99,33.95,31.83,34.49,35.09,36.53,40.75,37.39,36.85,28.03,31.41,38.56,36.5,38.9,38.2,31.81,26.74,27.74,40.02,40.54,39.41,44.36,41.79,41.73,32.85,30.54,34.0,50.2,42.27,51.96,38.23,52.72,26.84,11.14,11.76,14.7,53.75,20.6,53.37,58.4,55.38
51.78,32.89,39.83,54.35,40.75,42.94,18.62,54.62,35.33,27.98,39.81,39.66,48.31,52.18,35.8,32.66,38.68,23.7,49.37,36.5,37.34,44.99,17.96,46.93,8.95,34.57,54.86,43.43,30.47,45.45,34.31,38.04,38.02,36.85,38.78,40.32,50.22,26.59,33.52,23.72,25.17,41.31,26.06,37.41,25.42,33.64,22.91,33.9,27.78,31.39,40.01,18.45,26.55,31.33,10.02,28.45,26.54,9.32,26.96,20.64,18.31,56.17,8.05,30.8,37.77,33.5,26.48,33.97,54.85,39.21,27.7,24.45,37.72,20.94,40.3,22.37,22.65,30.17,8.64,26.17,22.73,26.77,25.51,23.4,32.05,39.37,38.38,29.73,22.43,28.2,30.01,21.82,28.65,28.06,21.64,26.65,26.97,24.32,24.76,23.21,22.56,26.16,26.78,25.89,31.35,27.73,24.21,24.14,24.79,25.59,25.49,25.34,34.23,18.12,34.53,37.19,42.85,35.74,30.25,32.31,38.63,29.94,37.72,17.92,33.62,40.15,35.33,32.41,39.2,40.71,63.67,38.63,31.89,33.09,38.73,36.42,36.08,33.32,33.98,37.16,42.51,35.2,43.17,33.24,37.97,36.73,34.96,45.87,34.16,35.92,31.66,36.82,33.13,29.1,40.67,34.17,34.31,33.38,31.73,33.01,35.38,43.44,38.65,35.36,32.88,37.91,36.23,57.52,51.66,52.52,48.44,47.77,50.33,45.42,64.43,53.56,61.03,55.28,49.41,64.21,66.58,55.67,62.41,48.95,51.6,62.73,50.85,50.74,40.77,26.59,24.29,27.64,24.79,31.29,37.2,41.98,43.71,45.1,51.43,36.36,37.02,52.4,47.31,35.31,49.5,53.59,34.99,48.57,50.5,42.84,46.29,40.97,52.02,46.89,36.46,41.27,47.43,44.33,37.93,36.2,51.65,47.54,46.81,24.15,29.58,29.41,34.05,44.54,43.11,45.02,33.87,33.22,33.08,25.21,33.3,30.01,35.02,30.91,39.74,31.89,36.49,42.69,20.3,38.63,17.48,44.87,32.64,44.43,34.32,40.35,38.97,35.82,33.18,42.5,39.52,38.18,45.72,39.4,46.57,47.0,44.29,46.18,35.95,40.29,38.03,48.46,45.86,39.86,18.58,12.71,15.85,13.41,10.7,16.76,18.89,13.29,9.82,19.85,2.58,14.6,15.77,0.0,16.17,19.48,15.15,28.25,24.98,8.17,6.96,11.52,10.48,50.84,60.64,58.7,56.89,41.84,50.34,42.38,42.98,44.42,48.64,45.29,44.74,46.55,49.45,46.45,44.39,46.8,51.63,50.32,45.26,46.26,47.91,48.43,57.92,55.2,49.69,52.56,51.36,47.92,52.52,58.1,60.78,59.85,46.12,55.61,37.56,26.79,27.41,25.43,56.02,31.32,61.26,66.29,63.27
39.77,20.88,27.82,42.33,24.3,30.93,2.6,59.4,23.31,15.96,27.79,27.64,36.3,40.17,23.78,20.65,26.67,7.68,37.35,24.49,20.88,32.97,1.94,34.92,9.74,22.55,42.85,31.41,27.19,33.44,22.29,26.03,26.0,24.83,26.77,28.31,38.2,23.3,21.5,11.7,13.16,23.01,14.04,25.4,13.4,21.62,6.88,21.89,15.76,19.37,21.87,2.43,14.53,19.32,8.92,16.44,10.71,7.54,14.94,8.63,2.29,44.15,9.22,18.78,25.75,21.48,14.47,21.95,42.83,27.2,15.69,12.43,21.26,8.92,28.28,10.35,10.63,18.15,9.43,14.15,10.71,14.76,9.49,11.39,20.03,22.92,21.93,17.72,10.42,16.18,18.0,9.8,16.64,16.05,9.63,10.53,14.96,12.3,12.75,11.19,10.54,14.15,14.76,13.88,19.34,15.71,12.19,12.13,12.77,13.58,13.47,13.32,22.22,6.1,22.52,25.17,30.83,23.73,18.23,20.3,26.61,17.93,25.71,5.91,21.6,28.14,23.32,20.4,27.18,28.7,51.66,26.61,19.87,21.08,26.72,24.41,24.07,21.31,21.96,25.15,30.49,23.19,31.15,21.22,25.95,24.72,22.95,33.86,22.15,23.9,19.64,24.8,21.12,17.08,28.65,22.15,22.29,21.36,19.72,20.99,23.36,31.43,26.63,23.35,20.86,21.45,19.77,45.51,39.64,40.51,36.42,35.76,38.31,33.4,52.42,41.54,49.01,43.26,37.39,52.19,54.56,43.65,50.39,36.93,39.58,50.72,38.84,38.72,28.75,14.58,8.27,11.02,8.77,19.28,25.18,29.96,31.7,33.08,39.41,24.35,25.0,40.38,35.3,23.29,37.48,41.58,22.97,36.55,38.48,30.83,34.28,28.95,40.0,34.88,24.44,29.26,35.41,32.31,25.92,24.19,39.64,35.53,34.79,8.13,17.56,12.79,22.04,32.52,31.09,33.01,21.85,21.2,21.06,9.19,21.28,13.39,23.0,18.89,27.72,15.27,24.47,30.67,8.28,26.61,3.41,32.86,20.63,32.42,22.3,28.34,26.95,23.81,21.17,30.48,27.51,26.16,33.7,27.39,34.55,34.98,32.28,34.16,23.93,28.28,26.02,36.44,33.85,27.84,4.51,15.89,19.03,16.58,11.49,13.55,6.88,6.67,10.62,5.79,17.54,11.31,12.55,16.17,0.0,16.47,3.05,16.14,12.88,9.81,9.06,7.96,6.92,38.73,48.54,46.6,44.78,29.74,38.24,30.28,30.87,32.31,36.53,33.18,32.64,34.44,37.34,34.34,32.29,34.69,39.53,38.22,33.15,34.15,35.81,36.33,45.82,43.09,37.58,40.45,39.26,35.81,40.41,45.99,48.67,47.75,34.01,59.13,34.55,23.73,24.35,22.41,60.16,28.31,49.16,54.18,51.17
40.67,33.34,40.28,54.79,41.2,43.39,19.06,37.92,35.77,28.42,28.15,40.1,48.76,40.61,36.24,33.11,27.03,24.15,49.82,36.95,37.78,45.44,18.41,47.38,13.06,35.02,55.31,43.87,13.78,45.9,34.75,38.49,38.46,37.29,39.23,40.77,46.47,9.9,33.96,24.17,25.62,41.76,26.5,37.86,25.86,34.08,23.35,34.35,28.22,31.83,40.45,18.9,26.99,31.78,8.39,28.9,26.99,10.47,27.4,21.09,18.76,56.62,10.59,31.24,38.21,33.95,26.93,34.42,55.29,39.66,28.15,24.89,38.16,21.38,40.74,22.81,23.09,30.61,10.59,26.61,23.17,27.22,25.96,23.85,32.5,39.82,38.83,30.18,22.88,28.64,30.46,22.26,29.1,28.51,22.09,27.09,27.42,24.76,25.21,23.66,23.0,26.61,27.22,26.34,31.8,28.17,24.65,24.59,25.23,26.04,25.93,25.78,34.68,18.56,34.98,37.63,43.29,36.19,30.69,24.35,26.97,25.27,38.17,18.37,34.06,28.49,35.78,23.32,27.54,41.16,64.12,39.07,32.34,33.54,39.18,36.87,36.53,33.77,34.42,37.61,42.96,35.65,43.61,33.68,38.41,37.18,35.41,46.32,34.61,36.36,32.11,37.26,33.58,29.54,41.11,34.61,34.75,33.82,32.18,33.45,35.82,43.89,39.09,35.81,33.33,38.36,36.68,57.97,52.1,52.97,48.88,48.22,50.77,45.86,64.88,54.0,61.48,55.72,49.86,64.65,67.02,56.11,62.85,49.39,52.04,63.18,51.3,51.18,41.21,27.04,24.74,28.08,25.24,31.74,37.64,42.42,44.16,45.54,51.87,36.81,37.47,52.85,47.76,35.75,49.94,54.04,35.43,49.02,50.94,43.29,46.74,41.41,52.46,47.34,36.9,41.72,47.87,44.77,38.38,36.65,52.1,47.99,47.25,24.59,30.03,29.85,34.5,44.98,43.55,45.47,34.31,33.66,33.52,25.66,33.74,30.46,35.47,31.35,40.18,32.34,36.93,43.13,20.74,39.07,17.66,45.32,33.09,44.88,34.76,40.8,39.41,36.27,33.63,42.94,39.97,38.62,46.17,39.85,47.02,47.44,44.74,46.63,36.4,40.74,38.48,48.9,46.31,40.31,18.76,19.2,22.34,19.9,13.07,12.95,15.93,13.48,12.2,20.04,20.85,10.79,11.96,19.48,16.47,0.0,15.31,28.4,25.14,13.39,12.64,11.3,10.26,50.99,52.18,58.86,57.04,42.0,38.7,42.54,43.13,44.58,39.78,45.44,44.9,34.9,38.28,46.6,44.55,37.84,45.07,38.68,33.62,34.61,39.05,48.59,46.28,51.24,49.84,48.6,39.72,37.41,29.33,58.25,49.14,60.01,46.27,39.05,21.0,15.71,16.33,8.86,39.45,14.76,61.42,66.44,63.43
37.38,18.48,25.43,39.94,26.35,28.53,5.64,57.0,20.92,13.57,25.4,25.25,33.91,37.78,21.39,18.25,24.28,10.73,34.96,22.1,22.93,30.58,4.99,32.53,8.73,20.16,40.46,29.02,19.81,31.05,19.9,23.64,23.61,22.44,24.37,25.92,35.81,22.29,19.11,9.31,10.76,26.9,11.65,23.01,11.01,19.23,9.93,19.5,13.37,16.98,25.6,5.48,12.14,16.92,7.9,14.04,12.14,6.53,12.55,6.23,5.34,41.76,8.21,16.39,23.36,19.09,12.07,19.56,40.44,24.8,13.3,10.04,23.31,6.53,25.89,7.96,8.24,15.76,8.42,11.76,8.32,12.37,12.92,8.99,17.64,24.97,23.98,15.33,8.03,13.79,15.61,7.41,14.24,13.65,7.23,12.24,12.56,9.91,10.35,8.8,8.15,11.76,12.37,11.48,16.95,13.32,9.8,9.74,10.38,11.18,11.08,10.93,19.83,3.71,20.13,22.78,28.44,21.33,15.84,17.91,24.22,15.54,23.32,3.52,19.21,25.74,20.93,18.01,24.79,26.3,49.26,24.22,17.48,18.69,24.33,22.02,21.67,18.92,19.57,22.76,28.1,20.8,28.76,18.83,23.56,22.33,20.56,31.47,19.76,21.51,17.25,22.41,18.73,14.69,26.26,19.76,19.9,18.97,17.32,18.6,20.97,29.04,24.24,20.95,18.47,23.5,21.82,43.11,37.25,38.12,34.03,33.37,35.92,31.01,50.03,39.15,46.62,40.87,35.0,49.8,52.17,41.26,48.0,34.54,37.19,48.32,36.45,36.33,26.36,12.18,11.32,13.23,11.82,16.89,22.79,27.57,29.3,30.69,37.02,21.96,22.61,37.99,32.91,20.9,35.09,39.19,20.58,34.16,36.09,28.44,31.88,26.56,37.61,32.48,22.05,26.86,33.02,29.92,23.53,21.8,37.25,33.14,32.4,7.15,15.17,15.0,19.65,30.13,28.7,30.62,19.46,18.81,18.67,12.24,18.89,15.6,20.61,16.5,25.33,17.48,22.08,28.28,5.89,24.22,6.46,30.47,18.23,30.02,19.91,25.95,24.56,21.42,18.78,28.09,25.12,23.77,31.31,25.0,32.16,32.59,29.89,31.77,21.54,25.89,23.63,34.05,31.46,25.45,7.55,14.87,18.01,15.57,10.48,11.16,4.49,9.54,9.6,8.83,16.53,10.3,10.16,15.15,3.05,15.31,0.0,14.58,11.31,8.19,7.44,6.35,5.3,37.17,46.98,45.04,43.22,28.18,36.67,28.72,29.31,30.75,34.97,31.62,31.08,32.88,35.78,32.78,30.73,33.13,37.96,36.66,31.59,32.59,34.25,34.77,44.26,41.53,36.02,38.89,37.7,34.25,38.85,44.43,47.11,46.19,32.45,57.57,32.93,22.16,22.78,20.8,58.6,26.69,47.6,52.62,49.61
25.85,14.76,23.42,37.92,28.97,31.15,18.74,44.93,18.89,1.5,13.33,23.22,31.88,25.8,19.37,16.25,12.21,16.89,32.94,20.07,25.55,28.58,18.09,30.5,21.82,18.14,38.43,25.29,14.96,27.32,16.17,21.61,21.59,20.44,22.37,28.54,31.65,21.05,15.66,9.87,8.76,29.52,3.41,21.0,13.63,15.5,18.66,15.77,2.27,14.98,28.22,18.57,14.76,13.2,21.0,12.21,14.76,19.62,1.3,6.27,18.44,39.74,21.3,14.39,25.98,15.37,14.69,15.84,38.41,27.42,11.29,4.54,25.93,9.15,28.51,9.2,5.69,13.76,21.52,11.56,5.64,10.36,15.54,6.99,15.64,27.59,26.6,12.75,6.86,11.79,13.6,6.68,12.24,11.65,5.27,14.86,10.56,12.53,12.97,8.57,7.95,10.77,10.37,14.1,14.94,11.32,10.21,12.36,8.38,9.18,9.85,13.55,17.82,11.16,18.13,20.78,26.44,19.33,13.84,5.84,12.15,3.47,21.31,10.94,17.21,13.67,18.92,5.94,12.72,24.3,47.26,22.19,15.46,16.66,22.3,19.99,19.65,16.89,17.54,20.73,26.08,18.77,26.73,21.45,21.53,20.3,18.53,29.44,17.73,19.48,19.87,20.39,21.35,17.31,24.23,17.73,20.44,21.59,19.94,21.22,18.95,27.01,22.21,18.93,21.09,26.12,24.44,41.09,35.22,36.09,32.01,31.34,32.19,28.98,48.0,37.13,44.6,38.85,32.98,47.78,50.15,39.23,45.97,32.52,35.17,46.3,32.72,34.3,28.98,14.8,18.3,15.85,17.65,14.88,20.79,23.84,25.58,26.96,33.29,19.95,20.61,34.27,29.18,17.17,31.36,35.46,18.58,30.44,32.36,24.71,28.16,22.83,33.88,28.76,20.86,23.14,29.29,26.19,19.8,18.07,33.52,29.41,28.67,18.12,17.79,17.62,22.27,32.75,31.32,33.24,22.08,21.43,21.29,19.21,21.51,18.22,23.23,19.12,27.95,20.1,24.7,30.9,13.34,26.84,19.55,28.46,16.23,28.02,17.91,23.94,22.56,19.41,16.77,26.09,23.11,21.77,29.31,23.0,30.16,30.59,27.89,29.77,19.54,23.88,21.62,32.05,29.45,23.45,20.65,27.97,31.11,28.67,23.58,21.35,14.68,22.63,22.7,21.93,29.62,20.48,20.36,28.25,16.14,28.4,14.58,0.0,2.58,22.05,21.3,20.2,19.16,26.46,37.36,42.05,40.23,25.18,23.88,25.72,26.32,27.76,24.96,28.63,28.09,20.08,23.46,29.79,27.74,23.02,30.25,23.86,18.8,19.8,24.24,31.77,31.46,36.42,33.03,33.78,24.9,22.59,26.06,41.44,34.32,43.2,29.46,44.78,32.15,16.46,17.08,20.01,45.8,25.91,44.61,49.63,46.61
27.27,13.98,22.64,37.14,25.7,27.89,15.47,46.36,18.11,2.93,14.76,22.44,31.1,27.22,18.59,15.47,13.63,13.62,32.16,19.29,22.28,27.8,14.82,29.72,18.56,17.36,37.65,24.51,16.38,26.54,15.39,20.83,20.81,19.66,21.59,25.27,33.08,22.48,14.87,8.67,7.98,26.26,2.63,20.22,10.36,14.72,15.4,14.99,1.3,14.2,24.95,15.31,11.49,12.42,17.73,13.4,11.49,16.36,1.91,4.37,15.17,38.96,18.03,13.61,22.71,14.58,11.43,15.05,37.63,24.16,10.51,3.76,22.66,5.88,25.24,7.31,4.91,12.98,18.25,11.11,4.86,9.58,12.28,6.21,14.86,24.32,23.33,11.97,6.08,11.01,12.82,5.9,11.46,10.87,3.37,11.59,9.78,9.26,9.71,7.79,7.17,9.99,9.59,10.84,14.16,10.53,9.43,9.09,7.6,8.4,9.07,10.28,17.04,7.89,17.34,19.99,25.66,18.55,13.05,7.26,13.58,4.89,20.53,7.67,16.43,15.1,18.14,7.36,14.15,23.52,46.48,21.41,14.68,15.88,21.52,19.21,18.87,16.11,16.76,19.95,25.3,17.99,25.95,18.18,20.75,19.52,17.75,28.66,16.95,18.7,16.61,19.6,18.08,14.04,23.45,16.95,19.66,18.32,16.68,17.95,18.16,26.23,21.43,18.15,17.83,22.86,21.18,40.31,34.44,35.31,31.23,30.56,31.41,28.2,47.22,36.35,43.82,38.07,32.2,46.99,49.37,38.45,45.19,31.74,34.39,45.52,31.94,33.52,25.71,11.54,15.03,12.58,14.38,14.1,20.01,23.06,24.8,26.18,32.51,19.17,19.83,33.49,28.4,16.39,30.58,34.68,17.8,29.65,31.58,23.93,27.38,22.05,33.1,27.98,20.08,22.36,28.51,25.41,19.02,17.29,32.74,28.63,27.89,14.85,14.53,14.35,19.0,29.48,28.05,29.97,18.81,18.16,18.02,15.95,18.24,14.96,19.97,15.85,24.68,16.84,21.43,27.63,10.07,23.57,16.28,27.68,15.45,27.24,17.13,23.16,21.78,18.63,15.99,25.31,22.33,20.99,28.53,22.21,29.38,29.81,27.1,28.99,18.76,23.1,20.84,31.27,28.67,22.67,17.38,24.7,27.84,25.4,20.31,18.08,11.41,19.37,19.43,18.66,26.35,17.21,17.09,24.98,12.88,25.14,11.31,2.58,0.0,18.8,18.05,16.96,15.91,33.4,43.2,41.27,39.45,24.4,25.3,24.94,25.54,26.98,31.2,27.85,27.3,21.51,24.89,29.01,26.96,29.36,31.68,25.29,20.22,21.22,30.48,30.99,32.89,37.84,32.25,35.21,26.33,24.02,27.48,40.66,35.74,42.42,28.68,46.2,33.58,17.88,18.5,21.44,47.23,27.34,43.83,48.85,45.83
45.57,26.68,33.62,48.13,34.54,36.72,12.4,48.4,29.11,21.76,33.59,33.44,42.1,45.97,29.58,26.45,32.47,17.48,43.15,30.29,31.12,38.77,11.75,40.72,2.73,28.35,48.65,37.21,24.26,39.24,28.09,31.83,31.8,30.63,32.56,34.11,44.0,20.37,27.3,17.5,18.96,35.09,19.84,31.2,19.2,27.42,16.69,27.69,21.56,25.17,33.79,12.24,20.33,25.11,3.53,22.23,20.33,2.84,20.74,14.43,12.1,49.95,1.35,24.58,31.55,27.28,20.27,27.75,48.63,32.99,21.49,18.23,31.5,14.72,34.08,16.15,16.43,23.95,2.16,19.95,16.51,20.56,19.3,17.19,25.83,33.16,32.17,23.52,16.22,21.98,23.8,15.6,22.44,21.84,15.43,20.43,20.75,18.1,18.55,16.99,16.34,19.95,20.56,19.68,25.14,21.51,17.99,17.93,18.57,19.37,19.27,19.12,28.02,11.9,28.32,30.97,36.63,29.52,24.03,26.1,32.41,23.73,31.51,11.71,27.4,33.93,29.12,26.2,32.98,34.5,57.46,32.41,25.67,26.88,32.52,30.21,29.87,27.11,27.76,30.95,36.29,28.99,36.95,27.02,31.75,30.52,28.75,39.66,27.95,29.7,25.44,30.6,26.92,22.88,34.45,27.95,28.09,27.16,25.51,26.79,29.16,37.23,32.43,29.14,26.66,31.7,30.01,51.31,45.44,46.31,42.22,41.56,44.11,39.2,58.22,47.34,54.81,49.06,43.19,57.99,60.36,49.45,56.19,42.73,45.38,56.52,44.64,44.52,34.55,20.38,18.08,21.42,18.58,25.08,30.98,35.76,37.5,38.88,45.21,30.15,30.8,46.18,41.1,29.09,43.28,47.38,28.77,42.35,44.28,36.63,40.08,34.75,45.8,40.68,30.24,35.06,41.21,38.11,31.72,29.99,45.44,41.33,40.59,17.93,23.36,23.19,27.84,38.32,36.89,38.81,27.65,27.0,26.86,19.0,27.08,23.8,28.8,24.69,33.52,25.67,30.27,36.47,14.08,32.41,11.26,38.66,26.42,38.22,28.1,34.14,32.75,29.61,26.97,36.28,33.31,31.96,39.5,33.19,40.35,40.78,38.08,39.96,29.73,34.08,31.82,42.24,39.65,33.64,12.36,6.67,9.81,7.37,4.49,10.55,12.68,7.08,3.61,13.64,9.54,8.38,9.55,8.17,9.81,13.39,8.19,22.05,18.8,0.0,1.21,5.31,4.26,44.62,54.43,52.49,50.67,35.63,44.12,36.17,36.76,38.2,42.42,39.07,38.53,40.33,43.23,40.23,38.18,40.58,45.41,44.11,39.04,40.04,41.7,42.22,51.71,48.98,43.47,46.34,45.15,41.7,46.3,51.88,54.56,53.64,39.9,49.4,31.35,20.57,21.19,19.21,49.8,25.11,55.05,60.07,57.06
44.82,25.93,32.87,47.38,33.79,35.98,11.65,47.65,28.36,21.01,32.84,32.69,41.35,45.22,28.83,25.7,31.72,16.74,42.4,29.54,30.37,38.02,11.0,39.97,1.98,27.6,47.9,36.46,23.51,38.49,27.34,31.08,31.05,29.88,31.82,33.36,43.25,19.63,26.55,16.76,18.21,34.34,19.09,30.45,18.45,26.67,15.94,26.94,20.81,24.42,33.04,11.49,19.58,24.37,3.05,21.49,19.58,2.36,19.99,13.68,11.35,49.21,1.09,23.83,30.8,26.54,19.52,27.01,47.88,32.25,20.74,17.48,30.75,13.97,33.33,15.4,15.68,23.2,1.68,19.2,15.76,19.81,18.55,16.44,25.09,32.41,31.42,22.77,15.47,21.23,23.05,14.85,21.69,21.1,14.68,19.68,20.01,17.35,17.8,16.25,15.59,19.2,19.81,18.93,24.39,20.76,17.24,17.18,17.82,18.63,18.52,18.37,27.27,11.15,27.57,30.22,35.88,28.78,23.28,25.35,31.66,22.98,30.76,10.96,26.65,33.19,28.37,25.45,32.23,33.75,56.71,31.66,24.93,26.13,31.77,29.46,29.12,26.36,27.01,30.2,35.55,28.24,36.2,26.27,31.0,29.77,28.0,38.91,27.2,28.95,24.7,29.85,26.17,22.13,33.7,27.2,27.34,26.41,24.77,26.04,28.41,36.48,31.68,28.4,25.92,30.95,29.27,50.56,44.69,45.56,41.47,40.81,43.36,38.45,57.47,46.59,54.07,48.31,42.44,57.24,59.61,48.7,55.44,41.98,44.63,55.77,43.89,43.77,33.8,19.63,17.33,20.67,17.83,24.33,30.23,35.01,36.75,38.13,44.46,29.4,30.06,45.44,40.35,28.34,42.53,46.63,28.02,41.61,43.53,35.88,39.33,34.0,45.05,39.93,29.49,34.31,40.46,37.36,30.97,29.24,44.69,40.58,39.84,17.18,22.62,22.44,27.09,37.57,36.14,38.06,26.9,26.25,26.11,18.25,26.33,23.05,28.06,23.94,32.77,24.93,29.52,35.72,13.33,31.66,10.51,37.91,25.68,37.47,27.35,33.39,32.0,28.86,26.22,35.53,32.56,31.21,38.76,32.44,39.61,40.03,37.33,39.22,28.99,33.33,31.07,41.49,38.9,32.9,11.61,6.69,9.83,7.38,3.74,9.8,11.93,6.33,2.86,12.89,8.34,7.63,8.81,6.96,9.06,12.64,7.44,21.3,18.05,1.21,0.0,4.56,3.51,43.87,53.68,51.74,49.92,34.88,43.38,35.42,36.01,37.46,41.67,38.32,37.78,39.58,42.48,39.48,37.43,39.83,44.67,43.36,38.29,39.29,40.95,41.47,50.96,48.23,42.72,45.6,44.4,40.95,45.55,51.13,53.82,52.89,39.15,48.65,30.6,19.82,20.44,18.46,49.05,24.36,54.3,59.32,56.31
43.72,24.83,31.77,46.29,32.7,34.88,8.43,46.31,27.27,19.92,31.75,31.6,40.26,44.13,27.74,24.6,30.62,11.98,41.31,28.44,29.28,36.93,7.77,38.88,5.1,26.51,46.8,35.37,22.17,37.4,26.25,29.98,29.96,28.79,30.72,32.27,42.16,18.29,25.46,15.66,17.11,33.25,18.0,29.35,17.36,25.58,11.19,25.84,19.72,23.33,31.95,7.97,18.49,23.27,3.9,20.39,15.01,2.53,18.9,12.58,6.66,48.11,4.57,22.74,29.71,25.44,18.42,25.91,46.79,31.15,19.64,16.39,29.66,12.88,32.24,14.31,14.59,22.11,4.79,18.11,14.67,18.71,13.79,15.34,23.99,31.32,30.33,21.67,14.38,20.14,21.95,13.76,20.59,20.0,13.58,14.83,18.91,16.26,16.7,15.15,14.5,18.1,18.72,17.83,23.3,19.67,16.15,16.08,16.73,17.53,17.43,17.28,26.18,10.06,26.48,29.13,34.79,27.68,22.19,24.25,30.57,21.88,29.66,9.86,25.56,32.09,27.27,24.36,31.14,32.65,55.61,30.57,23.83,25.03,30.68,28.36,28.02,25.26,25.92,29.11,34.45,27.14,35.11,25.18,29.91,28.68,26.9,37.81,26.1,27.86,23.6,28.76,25.07,21.04,32.61,26.11,26.25,25.32,23.67,24.95,27.32,35.39,30.59,27.3,24.82,29.85,28.17,49.46,43.6,44.46,40.38,39.71,42.27,37.36,56.37,45.5,52.97,47.22,41.35,56.15,58.52,47.61,54.35,40.89,43.54,54.67,42.79,42.68,32.71,18.53,12.58,15.32,13.08,23.23,29.14,33.92,35.65,37.04,43.37,28.31,28.96,44.34,39.25,27.25,41.44,45.54,26.93,40.51,42.44,34.78,38.23,32.91,43.96,38.83,28.4,33.21,39.37,36.27,29.88,28.15,43.59,39.49,38.75,12.43,21.52,17.09,26.0,36.48,35.05,36.97,25.81,25.16,25.02,13.49,25.24,17.69,26.96,22.85,31.68,19.57,28.43,34.63,12.24,30.57,6.6,36.82,24.58,36.37,26.26,32.29,30.91,27.76,25.13,34.44,31.46,30.12,37.66,31.35,38.51,38.94,36.24,38.12,27.89,32.23,29.98,40.4,37.8,31.8,7.7,11.24,14.38,11.94,6.85,8.46,10.84,2.41,5.97,8.97,12.89,6.29,7.47,11.52,7.96,11.3,6.35,20.2,16.96,5.31,4.56,0.0,1.05,43.05,52.86,50.92,49.1,34.05,42.55,34.59,35.19,36.63,40.85,37.5,36.96,38.76,41.66,38.66,36.61,39.01,43.84,42.53,37.47,38.47,40.13,40.64,50.14,47.41,41.9,44.77,43.58,40.13,44.73,50.31,52.99,52.07,38.33,47.44,29.39,18.61,19.23,17.25,47.84,23.15,53.48,58.5,55.48
42.68,23.79,30.73,45.24,31.65,33.84,9.51,45.27,26.22,18.87,30.7,30.55,39.21,43.08,26.69,23.56,29.58,12.79,40.26,27.4,28.23,35.88,8.86,37.83,4.05,25.46,45.76,34.32,21.12,36.35,25.2,28.94,28.91,27.74,29.68,31.22,41.11,17.24,24.41,14.62,16.07,32.2,16.95,28.31,16.31,24.53,12.0,24.8,18.67,22.28,30.9,9.35,17.44,22.23,2.86,19.35,17.44,1.48,17.85,11.54,7.46,47.07,3.53,21.69,28.66,24.4,17.38,24.87,45.74,30.11,18.6,15.34,28.61,11.83,31.19,13.26,13.54,21.06,3.74,17.06,13.62,17.67,14.6,14.3,22.95,30.27,29.28,20.63,13.33,19.09,20.91,12.71,19.55,18.96,12.54,17.54,17.87,15.21,15.66,14.11,13.45,17.06,17.67,16.79,22.25,18.62,15.1,15.04,15.68,16.49,16.38,16.23,25.13,9.01,25.43,28.08,33.74,26.64,21.14,23.21,29.52,20.84,28.62,8.82,24.51,31.05,26.23,23.31,30.09,31.61,54.57,29.52,22.79,23.99,29.63,27.32,26.98,24.22,24.87,28.06,33.41,26.1,34.06,24.13,28.86,27.63,25.86,36.77,25.06,26.81,22.56,27.71,24.03,19.99,31.56,25.06,25.2,24.27,22.63,23.9,26.27,34.34,29.54,26.26,23.78,28.81,27.13,48.42,42.55,43.42,39.33,38.67,41.22,36.31,55.33,44.45,51.93,46.17,40.3,55.1,57.47,46.56,53.3,39.84,42.49,53.63,41.75,41.63,31.66,17.49,13.38,18.53,13.88,22.19,28.09,32.87,34.61,35.99,42.32,27.26,27.92,43.3,38.21,26.2,40.39,44.49,25.88,39.47,41.39,33.74,37.19,31.86,42.91,37.79,27.35,32.17,38.32,35.22,28.83,27.1,42.55,38.44,37.7,13.24,20.48,20.3,24.95,35.43,34.0,35.92,24.76,24.11,23.97,14.3,24.19,20.91,25.92,21.8,30.63,22.79,27.38,33.58,11.19,29.52,7.41,35.77,23.54,35.33,25.21,31.25,29.86,26.72,24.08,33.39,30.42,29.07,36.62,30.3,37.47,37.89,35.19,37.08,26.85,31.19,28.93,39.35,36.76,30.76,8.5,10.2,13.34,10.89,5.8,7.41,9.79,3.22,4.93,9.78,11.85,5.25,6.42,10.48,6.92,10.26,5.3,19.16,15.91,4.26,3.51,1.05,0.0,42.0,51.81,49.87,48.05,33.01,41.51,33.55,34.15,35.59,39.8,36.45,35.91,37.71,40.61,37.61,35.56,37.96,42.8,41.49,36.42,37.42,39.08,39.6,49.09,46.36,40.85,43.73,42.53,39.08,43.68,49.26,51.95,51.02,37.28,46.39,28.34,17.56,18.18,16.2,46.8,22.1,52.43,57.46,54.44
1.49,33.1,22.76,60.38,51.56,52.21,41.33,31.93,38.31,24.96,13.48,42.64,54.35,1.89,41.83,25.42,14.46,39.47,55.4,39.49,48.14,27.92,40.67,52.97,44.41,40.6,60.9,41.05,27.5,33.85,31.55,41.03,41.01,20.29,21.71,49.59,2.51,33.59,33.99,32.46,28.49,50.58,31.98,13.88,36.22,31.26,41.25,31.52,33.69,28.24,49.28,41.16,37.35,35.66,43.59,31.63,37.35,42.21,32.87,31.16,41.02,62.2,43.89,27.65,47.04,30.75,37.28,31.59,60.88,48.48,34.19,30.36,48.52,31.74,49.56,31.79,29.08,27.01,44.11,31.48,30.86,26.81,38.13,29.58,28.9,50.18,49.19,32.16,29.45,28.97,26.86,30.13,33.06,26.73,32.16,37.45,29.97,35.12,35.56,31.16,30.54,30.69,29.4,36.69,26.15,33.34,30.34,34.94,30.97,28.59,29.2,36.14,16.59,33.75,18.27,14.45,11.52,15.26,21.33,22.07,15.53,22.99,15.08,33.53,17.42,15.25,19.07,21.04,21.44,10.11,14.22,41.61,37.92,36.08,41.72,42.46,39.07,35.44,36.96,40.15,45.5,38.19,49.2,39.72,44.0,42.77,41.0,48.86,37.15,38.9,40.93,42.85,42.4,38.37,43.65,40.2,39.86,39.3,41.0,42.28,41.41,46.43,44.68,41.39,39.36,48.71,47.03,63.56,57.69,58.56,54.47,50.76,45.26,51.45,57.9,59.59,67.06,61.31,55.44,57.68,72.61,61.7,68.44,51.94,57.63,68.77,44.62,56.77,50.03,37.39,40.89,38.44,40.24,25.21,27.09,39.59,33.12,31.26,38.22,30.61,28.01,38.87,31.42,32.93,39.94,42.5,29.24,46.19,39.4,33.51,32.45,38.59,40.93,30.19,31.52,38.89,45.05,41.94,35.55,33.82,41.8,45.16,44.42,40.71,40.38,40.21,44.86,53.81,52.38,54.29,44.67,44.02,43.88,41.8,44.1,40.81,44.29,41.71,49.0,42.69,45.76,51.95,35.93,47.9,42.14,11.82,26.75,13.49,23.04,23.94,17.72,20.87,25.89,25.42,21.33,19.68,13.68,22.33,29.5,9.83,12.98,27.99,24.68,23.22,19.85,31.38,28.79,22.79,43.24,50.56,53.7,51.26,46.17,33.58,37.27,45.22,45.29,44.52,52.21,43.07,42.94,50.84,38.73,50.99,37.17,26.46,33.4,44.62,43.87,43.05,42.0,0.0,12.21,10.27,8.45,11.68,12.16,9.12,7.86,6.42,7.58,9.5,7.51,16.71,3.68,4.66,8.05,5.64,3.91,10.3,7.66,6.66,6.86,2.4,18.45,7.48,1.6,4.84,11.89,4.52,13.05,9.67,11.17,11.42,7.71,31.77,22.4,28.99,29.61,32.55,32.8,29.1,12.83,17.86,14.84
13.17,42.9,32.56,70.19,61.36,62.01,51.14,26.84,48.12,35.86,19.92,52.45,64.15,13.57,51.64,35.23,20.9,49.28,65.21,49.3,57.95,37.72,50.48,62.78,54.22,50.41,70.7,50.85,38.4,43.66,41.36,50.84,50.81,30.1,31.51,59.4,8.65,44.5,43.8,42.27,38.3,60.38,41.78,23.69,46.03,41.06,51.06,41.32,38.02,38.04,59.08,50.97,47.15,45.47,53.4,41.43,47.15,52.02,36.88,40.97,50.83,72.01,53.7,37.45,56.84,40.55,47.09,41.39,70.69,58.28,44.0,40.17,58.32,41.55,59.37,41.6,38.88,36.82,53.91,41.29,40.66,36.62,47.94,39.39,38.71,59.98,58.99,41.97,39.25,38.78,36.67,39.94,42.87,36.54,41.97,47.25,39.78,44.93,45.37,40.97,40.34,40.5,39.21,46.5,35.96,43.15,40.14,44.75,40.77,38.4,39.0,45.95,26.4,43.55,28.08,24.25,21.32,25.07,31.13,32.98,26.44,33.9,24.88,43.33,27.23,21.7,28.88,31.95,24.64,19.92,9.73,51.42,47.73,45.89,51.53,52.26,48.88,45.25,46.77,49.96,55.3,48.0,59.01,49.52,53.81,52.58,50.8,58.67,46.96,48.71,50.73,52.66,52.21,48.17,53.46,50.01,49.67,49.11,50.8,52.08,51.22,56.24,54.49,51.2,49.17,58.52,56.84,73.36,67.5,68.36,64.28,60.57,55.06,61.26,67.71,69.4,76.87,71.12,65.25,67.48,82.42,71.51,78.25,61.74,67.44,78.57,54.42,66.58,59.84,47.2,50.69,48.24,50.04,35.02,36.9,49.4,42.92,41.06,48.02,40.42,37.81,48.68,41.23,42.73,49.75,52.31,39.04,55.99,49.21,43.32,42.25,48.39,50.73,39.99,41.33,48.69,54.85,51.75,45.36,43.63,51.6,54.97,54.23,50.51,50.19,50.02,54.66,63.61,62.18,64.1,54.47,53.83,53.68,51.61,53.9,50.62,54.09,51.51,58.81,52.5,55.56,61.76,45.73,57.7,51.95,21.62,36.55,23.3,32.85,33.74,27.53,30.67,35.69,35.23,31.14,29.48,23.49,32.14,39.3,19.64,22.79,28.6,34.48,33.02,29.65,41.19,38.59,32.59,53.04,60.36,63.5,61.06,55.97,44.49,47.07,55.03,55.1,54.32,62.02,52.87,52.75,60.64,48.54,52.18,46.98,37.36,43.2,54.43,53.68,52.86,51.81,12.21,0.0,3.4,5.83,21.49,15.36,18.93,17.66,16.22,14.02,15.94,17.32,19.91,10.12,14.46,14.49,12.08,9.85,16.24,14.1,13.1,13.3,12.21,13.37,3.69,11.41,6.43,13.91,10.96,15.43,4.44,6.27,2.5,14.15,26.69,24.78,39.9,40.52,43.46,27.71,31.48,3.91,13.37,10.35
11.23,40.96,30.63,68.25,59.42,60.08,49.2,29.66,46.18,41.76,23.22,50.51,62.22,11.63,49.7,33.29,24.2,47.34,63.27,47.36,56.01,32.0,48.54,60.84,52.28,48.47,68.76,48.91,37.24,41.72,39.42,48.9,48.87,28.16,29.57,57.46,12.26,43.33,41.86,40.33,36.36,58.44,39.84,21.75,44.09,39.12,49.12,39.39,41.56,36.1,57.14,49.03,45.21,43.53,51.46,39.5,45.21,50.08,40.74,39.03,48.89,70.07,51.76,35.51,54.9,38.62,45.15,39.45,68.75,56.35,42.06,38.23,56.38,39.61,57.43,39.66,36.94,34.88,51.97,39.35,38.72,34.68,46.0,37.45,36.77,58.04,57.05,40.03,37.31,36.84,34.73,38.0,40.93,34.6,40.03,45.31,37.84,42.99,43.43,39.03,38.4,38.56,37.27,44.56,34.02,41.21,38.2,42.81,38.83,36.46,37.07,44.01,24.46,41.61,26.14,22.31,19.38,23.13,29.19,31.81,25.27,32.73,22.94,41.39,25.29,25.0,26.94,30.78,31.18,17.98,6.33,49.48,45.79,43.95,49.59,50.32,46.94,43.31,44.83,48.02,53.36,46.06,57.07,47.58,51.87,50.64,48.86,56.73,45.02,46.77,48.79,50.72,50.27,46.23,51.52,48.07,47.73,47.17,48.87,50.14,49.28,54.3,52.55,49.26,47.23,56.58,54.9,71.42,65.56,66.42,62.34,58.63,46.71,59.32,59.36,67.46,74.93,69.18,63.31,59.13,80.48,69.57,76.31,59.8,65.5,76.63,46.07,64.64,57.9,45.26,48.75,46.3,48.1,33.08,34.96,47.46,40.98,39.12,39.67,38.48,35.87,40.32,39.29,40.79,41.39,43.96,37.11,44.52,40.86,41.38,40.31,46.45,42.38,38.05,39.39,46.75,43.46,49.81,43.42,41.69,43.25,45.17,52.29,48.57,48.25,48.08,52.72,61.67,60.24,62.16,52.53,51.89,51.74,49.67,51.97,48.68,52.16,49.57,56.87,50.56,53.62,59.82,43.79,55.76,50.01,19.68,34.61,21.36,30.91,31.8,25.59,28.74,33.75,33.29,29.2,27.55,21.55,30.2,32.87,17.7,20.85,25.21,32.54,31.09,27.71,33.3,32.19,30.65,51.1,58.43,61.57,59.12,54.03,51.8,45.13,53.09,53.16,52.38,60.08,50.93,50.81,58.7,46.6,58.86,45.04,42.05,41.27,52.49,51.74,50.92,49.87,10.27,3.4,0.0,2.43,19.55,21.9,16.99,15.73,14.28,17.32,21.81,15.38,26.45,13.42,12.52,17.79,15.38,13.66,20.05,17.4,16.4,16.6,10.27,16.19,6.51,9.47,9.24,16.73,14.26,18.24,1.05,9.08,1.06,17.45,29.5,27.59,38.74,39.36,42.29,30.53,34.29,3.19,9.97,6.95
9.41,39.15,28.81,66.43,57.61,58.26,47.38,32.09,44.36,39.94,21.41,48.69,60.4,9.82,47.88,31.47,22.38,45.52,61.45,45.54,54.19,33.96,46.72,59.02,50.46,46.65,66.95,47.09,35.42,39.9,37.6,47.08,47.06,26.34,27.76,55.64,10.44,41.51,40.04,38.51,34.54,56.63,38.02,19.93,42.27,37.3,47.3,37.57,39.74,34.29,55.32,47.21,43.4,41.71,49.64,37.68,43.39,48.26,38.92,37.21,47.07,68.25,49.94,33.7,53.08,36.8,43.33,37.64,66.93,54.53,40.24,36.41,54.57,37.79,55.61,37.84,35.13,33.06,50.16,37.53,36.91,32.86,44.18,35.63,34.95,56.23,55.24,38.21,35.5,35.02,32.91,36.18,39.11,32.78,38.21,43.5,36.02,41.17,41.61,37.21,36.59,36.74,35.45,42.74,32.2,39.39,36.39,40.99,37.02,34.64,35.25,42.19,22.64,39.8,24.32,20.5,17.57,21.31,27.37,29.99,23.45,30.91,21.13,39.58,23.47,23.18,25.12,28.96,29.37,16.16,6.38,47.66,43.97,42.13,47.77,48.51,45.12,41.49,43.01,46.2,51.55,44.24,55.25,45.77,50.05,48.82,47.05,54.91,43.2,44.95,46.98,48.9,48.45,44.41,49.7,46.25,45.91,45.35,47.05,48.32,47.46,52.48,50.73,47.44,45.41,54.76,53.08,69.6,63.74,64.61,60.52,56.81,46.76,57.5,59.41,65.64,73.11,67.36,61.49,59.18,78.66,67.75,74.49,57.99,63.68,74.82,46.12,62.82,56.08,43.44,46.94,44.49,46.28,31.26,33.14,45.64,39.17,37.31,39.72,36.66,34.06,40.38,37.47,38.97,41.45,44.01,35.29,44.58,40.91,39.56,38.5,44.63,42.43,36.23,37.57,44.94,43.52,47.99,41.6,39.87,43.3,51.21,50.47,46.75,46.43,46.26,50.91,59.86,58.42,60.34,50.72,50.07,49.93,47.85,50.15,46.86,50.34,47.76,55.05,48.74,51.81,58.0,41.98,53.94,48.19,17.87,32.79,19.54,29.09,29.98,23.77,26.92,31.94,31.47,27.38,25.73,19.73,28.38,35.54,15.88,19.03,25.26,30.72,29.27,25.89,33.35,34.84,28.83,49.29,56.61,59.75,57.3,52.22,49.99,43.32,51.27,51.34,50.57,58.26,49.12,48.99,56.89,44.78,57.04,43.22,40.23,39.45,50.67,49.92,49.1,48.05,8.45,5.83,2.43,0.0,17.73,20.08,15.17,13.91,12.47,15.5,19.99,13.56,24.64,11.6,10.71,15.97,13.57,11.84,18.23,15.58,14.59,14.78,8.45,18.62,8.94,7.65,12.77,19.82,12.45,20.97,1.83,11.51,3.5,15.63,31.94,30.32,36.92,37.54,40.48,32.96,37.02,5.62,10.02,7.0
12.64,24.68,24.19,51.96,42.56,43.79,32.33,40.49,29.9,24.9,12.07,34.22,45.93,13.04,33.41,18.49,11.87,30.48,46.98,31.07,39.15,29.35,31.68,44.55,35.42,32.18,52.48,32.63,24.91,34.65,23.13,32.61,32.59,21.73,23.14,41.17,11.07,31.0,25.58,23.47,19.5,42.16,22.98,4.89,27.22,22.84,32.26,23.1,24.7,19.24,40.86,32.17,28.35,27.24,34.59,22.63,28.35,33.22,23.88,22.17,32.03,53.79,34.9,18.65,38.62,22.33,28.29,23.17,52.46,40.06,21.71,21.37,39.52,22.75,41.15,22.8,20.08,18.02,35.11,22.49,21.86,17.82,29.14,20.59,19.9,41.18,40.19,23.17,20.45,19.97,17.87,21.14,24.64,17.74,23.16,28.45,20.98,26.13,26.57,22.17,21.54,21.7,20.41,27.7,17.16,24.92,21.34,25.95,21.97,19.6,20.2,27.15,7.59,24.75,9.28,5.45,3.7,6.27,12.33,19.49,12.94,20.41,6.08,24.53,8.43,12.67,10.08,18.46,13.46,1.57,23.49,33.19,29.51,27.66,33.3,34.04,30.65,27.02,28.55,31.73,37.08,29.77,40.78,31.3,35.58,34.35,32.58,40.44,28.73,30.49,32.51,34.43,33.98,29.95,35.23,31.78,31.44,30.89,32.58,33.86,32.99,38.01,36.26,32.98,30.94,39.72,38.04,55.14,49.27,50.14,46.05,42.34,39.53,43.03,62.05,51.17,58.65,52.89,47.02,61.82,64.19,53.28,60.02,43.52,49.21,60.35,40.05,48.35,41.62,28.4,31.89,29.44,31.24,16.22,23.03,31.17,32.91,34.3,40.63,22.2,22.85,41.6,36.51,24.51,38.7,42.79,20.82,37.77,39.69,32.04,35.49,30.17,41.22,31.62,23.1,30.47,36.63,33.52,27.13,25.4,40.85,36.74,36.01,31.71,31.39,31.22,35.86,45.39,43.96,45.87,35.67,35.02,34.88,32.81,35.1,31.82,35.87,32.71,40.59,33.7,37.34,43.53,26.93,39.48,33.15,13.25,20.5,14.92,20.15,26.18,19.16,21.65,16.89,26.86,22.77,21.11,15.12,23.77,30.93,11.27,14.42,29.43,21.78,24.65,21.28,32.82,30.22,24.22,34.24,41.56,44.7,42.26,37.17,34.94,28.27,36.23,36.29,35.52,43.21,34.07,33.95,41.84,29.74,42.0,28.18,25.18,24.4,35.63,34.88,34.05,33.01,11.68,21.49,19.55,17.73,0.0,20.72,3.23,3.82,5.26,9.48,6.13,5.59,20.82,10.29,7.29,5.24,7.64,12.48,18.86,11.87,10.87,8.76,9.28,27.02,16.04,10.53,13.4,20.46,8.76,21.61,18.94,19.73,20.7,6.96,40.33,30.96,26.41,27.03,29.97,41.36,35.86,22.11,27.13,24.12
11.55,36.85,34.39,60.01,51.06,53.25,40.83,22.93,40.99,22.38,14.08,45.31,53.97,11.5,41.46,38.34,12.95,38.98,55.03,42.16,47.64,39.54,40.18,52.59,43.91,40.23,60.52,47.39,24.92,49.41,38.27,43.7,43.68,31.92,33.34,50.63,9.65,31.01,37.75,31.97,30.85,51.61,25.5,20.3,35.72,37.6,40.76,37.86,24.53,37.07,50.31,40.67,36.85,35.29,43.09,34.31,36.85,41.72,23.4,30.66,40.53,61.83,43.39,36.48,48.07,37.46,36.79,37.93,60.51,49.52,33.38,26.63,48.02,31.24,50.6,31.3,27.78,35.85,43.61,33.66,27.73,32.45,37.64,29.08,37.73,49.68,48.69,34.84,28.95,33.88,35.7,28.78,34.33,33.74,27.83,36.95,32.65,34.62,35.07,30.66,30.04,32.87,32.46,36.2,37.04,33.41,32.3,34.45,30.47,31.27,31.94,35.64,23.01,33.25,24.69,20.86,17.02,21.68,27.74,19.49,12.95,20.41,21.49,33.03,23.84,12.32,25.49,18.46,11.16,19.15,25.85,44.29,37.55,38.75,44.39,42.08,41.74,38.98,39.64,42.82,48.17,40.86,48.83,43.54,43.63,42.39,40.62,51.53,39.82,41.58,41.96,42.48,43.44,39.4,46.33,39.83,42.53,43.68,42.04,43.31,41.04,49.1,44.3,41.02,43.19,48.22,46.54,63.18,57.32,58.18,54.1,53.43,54.29,51.08,70.09,59.22,66.69,60.94,55.07,69.87,72.24,61.33,68.07,54.61,57.26,68.39,54.81,56.39,51.07,36.9,40.39,37.94,39.74,36.98,42.88,45.94,47.67,49.06,55.39,42.05,42.7,56.36,43.05,39.27,53.46,57.55,40.67,52.53,54.45,46.8,50.25,44.93,55.98,41.82,42.96,45.23,51.39,48.28,41.89,40.16,55.61,51.5,50.77,40.21,39.89,39.71,44.36,54.84,53.41,55.33,44.17,43.52,43.38,41.31,43.6,40.32,45.33,41.21,50.04,42.2,46.79,52.99,35.43,48.93,41.64,23.45,38.32,25.12,40.0,35.57,29.35,32.5,32.3,37.05,32.96,31.31,25.31,33.96,41.13,21.46,24.61,39.62,41.63,34.85,31.48,43.01,40.42,34.42,42.74,50.06,53.2,50.76,45.67,31.01,36.77,44.73,44.79,44.02,51.71,33.66,31.83,50.34,38.24,38.7,36.67,23.88,25.3,44.12,43.38,42.55,41.51,12.16,15.36,21.9,20.08,20.72,0.0,20.75,19.49,18.05,15.02,16.94,19.14,6.43,11.11,16.29,15.48,13.08,8.25,1.86,15.1,14.1,14.29,14.03,9.46,14.41,13.23,11.78,2.9,11.96,2.1,21.3,12.31,23.05,15.15,22.77,11.45,26.42,27.04,29.97,23.8,18.16,24.46,29.49,26.47
10.08,25.22,21.63,52.5,43.1,44.33,32.87,40.52,30.44,25.44,12.61,34.76,46.47,10.48,33.95,19.03,12.41,31.02,47.52,31.61,39.68,26.79,32.22,45.09,35.96,32.72,53.02,33.17,25.45,35.19,23.67,33.15,33.13,19.17,20.58,41.71,11.1,31.54,26.11,24.01,20.03,42.7,23.52,5.43,27.76,23.38,32.8,23.64,25.24,19.78,41.4,32.71,28.89,27.78,35.13,23.17,28.89,33.76,24.42,22.7,32.57,54.32,35.43,19.19,39.16,22.87,28.83,23.71,53.0,40.6,22.25,21.91,40.06,23.28,41.68,23.34,20.62,18.56,35.65,23.03,22.4,18.36,29.68,21.12,20.44,41.72,40.73,23.71,20.99,20.51,18.41,21.68,25.18,18.28,23.7,28.99,21.52,26.66,27.11,22.71,22.08,22.24,20.95,28.24,17.7,25.46,21.88,26.49,22.51,20.14,20.74,27.68,8.13,25.29,9.82,5.99,3.06,6.81,12.87,20.02,13.48,20.94,6.62,25.07,8.97,13.21,10.62,18.99,14.0,1.66,20.93,33.73,30.04,28.2,33.84,34.58,31.19,27.56,29.08,32.27,37.62,30.31,41.32,31.84,36.12,34.89,33.12,40.98,29.27,31.02,33.05,34.97,34.52,30.49,35.77,32.32,31.98,31.42,33.12,34.4,33.53,38.55,36.8,33.52,31.48,40.26,38.58,55.68,49.81,50.68,46.59,42.88,40.06,43.57,62.59,51.71,59.18,53.43,47.56,62.36,64.73,53.82,60.56,44.06,49.75,60.89,40.59,48.89,42.15,28.94,32.43,29.98,31.78,16.76,23.57,31.71,33.45,30.13,37.09,22.74,23.39,42.14,30.3,25.05,39.24,43.33,21.36,38.31,40.23,32.58,36.03,30.71,41.76,29.06,23.64,31.01,37.17,34.06,27.67,25.94,41.39,37.28,36.55,32.25,31.93,31.76,36.4,45.93,44.5,46.41,36.21,35.56,35.42,33.35,35.64,32.36,36.41,33.25,41.12,34.24,37.88,44.07,27.47,40.02,33.68,10.69,21.03,12.36,20.69,22.81,16.6,19.74,17.43,24.3,20.21,18.55,12.56,21.21,28.37,8.71,11.86,26.87,22.32,22.09,18.72,30.26,27.66,21.66,34.78,42.1,45.24,42.8,37.71,35.48,28.81,36.77,36.83,36.06,43.75,34.61,34.49,42.38,30.28,42.54,28.72,25.72,24.94,36.17,35.42,34.59,33.55,9.12,18.93,16.99,15.17,3.23,20.75,0.0,1.26,2.7,8.84,5.49,3.03,21.36,9.65,4.73,4.6,7.0,12.51,18.89,11.22,10.23,8.12,6.72,27.05,16.07,7.97,13.43,20.49,8.12,21.64,16.38,19.76,18.14,6.32,40.36,30.99,26.95,27.57,30.51,41.39,36.4,19.55,24.57,21.56
8.82,25.81,20.37,53.1,43.7,44.93,33.47,39.25,31.03,26.04,13.21,35.36,47.07,9.22,34.55,19.63,13.01,31.62,48.12,32.21,40.28,25.53,32.82,45.69,36.55,33.32,53.61,33.76,26.05,35.79,24.27,33.75,33.72,17.91,19.32,42.31,9.84,32.14,26.71,24.6,20.63,43.29,24.12,6.02,28.36,23.97,33.39,24.24,25.84,20.38,41.99,33.3,29.49,28.38,35.73,23.77,29.49,34.35,25.02,23.3,33.17,54.92,36.03,19.79,39.75,23.47,29.42,24.3,53.6,41.2,22.85,22.51,40.66,23.88,42.28,23.93,21.22,19.16,36.25,23.63,23.0,18.96,30.28,21.72,21.04,42.32,41.33,24.3,21.59,21.11,19.0,22.27,25.78,18.88,24.3,29.59,22.12,27.26,27.7,23.3,22.68,22.84,21.55,28.83,18.3,26.06,22.48,27.09,23.11,20.74,21.34,28.28,8.73,25.89,10.42,6.59,3.66,7.41,13.47,20.62,14.08,21.54,7.22,25.67,9.56,13.81,11.21,19.59,14.6,2.25,19.67,34.33,30.64,28.8,34.44,35.18,31.79,28.16,29.68,32.87,38.22,30.91,41.92,32.44,36.72,35.49,33.71,41.58,29.87,31.62,33.65,35.57,35.12,31.08,36.37,32.92,32.58,32.02,33.72,34.99,34.13,39.15,37.4,34.11,32.08,40.85,39.17,56.27,50.41,51.27,47.19,43.48,40.66,44.17,63.18,52.31,59.78,54.03,48.16,62.96,65.33,54.42,61.16,44.65,50.35,61.48,41.19,49.49,42.75,29.54,33.03,30.58,32.38,17.36,24.17,32.31,34.05,28.87,35.83,23.33,23.99,36.48,29.04,25.64,39.83,40.11,21.96,38.9,37.02,33.18,30.06,31.3,38.54,27.8,24.24,31.61,37.76,34.66,28.27,26.54,41.99,37.88,37.14,32.85,32.52,32.35,37.0,46.52,45.09,47.01,36.81,36.16,36.02,33.95,36.24,32.96,37.01,33.85,41.72,34.83,38.47,44.67,28.07,40.61,34.28,9.43,21.63,11.1,20.65,21.55,15.33,18.48,18.03,23.04,18.95,17.29,11.3,19.94,27.11,7.44,10.59,25.6,22.29,20.83,17.46,28.99,26.4,20.4,35.38,42.7,45.84,43.4,38.31,36.08,29.41,37.36,37.43,36.66,44.35,35.21,35.09,42.98,30.87,43.13,29.31,26.32,25.54,36.76,36.01,35.19,34.15,7.86,17.66,15.73,13.91,3.82,19.49,1.26,0.0,1.44,9.44,6.09,1.76,21.96,10.25,3.47,5.19,7.6,11.24,17.63,11.82,10.82,8.71,5.45,25.78,14.81,6.71,12.17,19.22,8.72,20.38,15.12,18.5,16.88,6.92,39.1,29.72,27.55,28.17,31.1,40.12,37.0,18.29,23.31,20.29
7.38,27.26,18.93,54.54,45.14,46.37,34.91,37.81,32.47,27.48,14.65,36.8,48.51,7.78,35.99,21.07,14.45,33.06,49.56,33.65,41.72,24.09,34.26,47.13,37.99,34.76,55.06,35.2,27.49,30.02,25.71,35.19,35.17,16.46,17.88,43.75,8.4,33.58,28.15,26.05,22.07,44.74,25.56,7.47,29.8,25.41,34.84,25.68,27.28,21.82,43.44,34.74,30.93,29.82,37.17,25.21,30.93,35.8,26.46,24.74,34.61,56.36,37.47,21.23,41.19,24.91,30.87,25.75,55.04,42.64,24.29,23.95,42.1,25.32,43.72,25.38,22.66,20.6,37.69,25.07,24.44,20.4,31.72,23.16,22.48,43.76,42.77,25.75,23.03,22.55,20.45,23.71,27.22,20.32,25.74,31.03,23.56,28.7,29.15,24.74,24.12,24.28,22.99,30.28,19.74,27.5,23.92,28.53,24.55,22.18,22.78,29.72,10.17,27.33,11.86,8.03,5.1,8.85,14.91,22.06,15.52,22.98,8.66,27.11,11.01,15.25,12.66,21.03,16.04,3.7,18.23,35.77,32.08,30.24,35.88,36.62,33.23,29.6,31.12,34.31,39.66,32.35,43.36,33.88,38.16,36.93,35.16,43.02,31.31,33.06,35.09,37.01,36.56,32.52,37.81,34.36,34.02,33.46,35.16,36.43,35.57,40.59,38.84,35.55,33.52,42.3,40.62,57.71,51.85,52.72,48.63,44.92,41.43,45.61,64.63,53.75,61.22,55.47,49.6,64.4,66.77,55.86,62.6,46.1,51.79,62.92,40.79,50.93,44.19,30.98,34.47,32.02,33.82,18.8,23.26,33.75,29.29,27.43,34.39,24.77,25.43,35.04,27.6,27.08,36.11,38.67,23.4,40.35,35.57,34.62,28.62,32.74,37.1,26.36,25.68,33.05,39.2,36.1,29.71,27.98,37.97,39.32,38.58,34.29,33.96,33.79,38.44,47.97,46.53,48.45,38.25,37.6,37.46,35.39,37.68,34.4,38.45,35.29,43.16,36.28,39.92,46.11,29.51,42.05,35.72,7.99,23.07,9.66,19.21,20.11,13.89,17.04,19.47,21.6,17.5,15.85,9.86,18.5,25.67,6.0,9.15,24.16,20.85,19.39,16.02,27.55,24.96,18.96,36.82,44.14,47.28,44.84,39.75,37.52,30.85,38.81,38.87,38.1,45.79,36.65,36.53,44.42,32.31,44.58,30.75,27.76,26.98,38.2,37.46,36.63,35.59,6.42,16.22,14.28,12.47,5.26,18.05,2.7,1.44,0.0,10.88,7.53,1.09,22.6,9.56,2.03,6.64,9.04,9.8,16.19,13.26,12.27,10.16,4.01,24.34,13.37,5.27,10.73,17.78,10.16,18.94,13.68,17.06,15.43,8.36,37.66,28.28,28.99,29.61,32.54,38.68,34.99,16.84,21.87,18.85
6.97,31.47,29.81,58.76,49.36,50.59,39.13,34.78,36.69,23.46,11.98,41.02,52.73,6.92,40.21,25.29,12.96,37.28,53.78,37.87,45.94,34.97,38.48,51.35,42.21,38.98,59.27,39.42,26.0,41.45,29.93,39.41,39.38,27.34,28.76,47.97,5.37,32.09,32.37,30.26,26.29,48.95,29.78,11.68,34.02,29.63,39.05,29.9,25.61,26.04,47.65,38.96,35.15,34.04,41.39,29.43,35.15,40.01,24.48,28.96,38.83,60.58,41.69,25.45,45.41,29.13,35.08,29.96,59.26,46.86,28.51,28.16,46.32,29.54,47.94,29.59,26.88,24.82,41.91,29.29,28.66,24.61,35.93,27.38,26.7,47.98,46.99,29.96,27.25,26.77,24.66,27.93,31.44,24.54,29.96,35.25,27.78,32.92,33.36,28.96,28.34,28.5,27.21,34.49,23.96,31.72,28.14,32.75,28.77,26.4,27.0,33.94,14.39,31.55,16.08,12.25,5.78,13.07,19.13,20.57,14.03,21.49,12.88,31.33,15.22,13.76,16.87,19.54,14.55,7.91,21.27,39.99,36.3,34.46,40.1,40.83,37.45,33.82,35.34,38.53,43.88,36.57,47.58,38.09,42.38,41.15,39.37,47.24,35.53,37.28,39.3,41.23,40.78,36.74,42.03,38.58,38.24,37.68,39.38,40.65,39.79,44.81,43.06,39.77,37.74,46.51,44.83,61.93,56.07,56.93,52.85,49.14,46.32,49.83,68.84,57.97,65.44,59.69,53.82,68.62,70.99,60.08,66.82,50.31,56.01,67.14,46.85,55.15,48.41,35.19,38.69,36.24,38.04,23.02,29.82,37.97,39.71,41.09,47.42,28.99,29.65,48.39,38.48,31.3,45.49,49.59,27.62,44.56,46.49,38.84,42.29,36.96,48.01,37.24,29.9,37.26,43.42,40.32,33.93,32.2,47.65,43.54,42.8,38.51,38.18,38.01,42.66,52.18,50.75,52.67,42.47,41.82,41.68,39.6,41.9,38.61,42.67,39.51,47.38,40.49,44.13,50.33,33.73,46.27,39.94,18.87,27.29,20.54,26.94,30.99,24.77,27.92,23.69,32.48,28.38,26.73,20.73,29.38,36.55,16.88,20.03,35.04,28.58,30.27,26.9,38.43,35.84,29.84,41.04,48.36,51.5,49.06,43.97,32.09,35.07,43.02,43.09,42.32,50.01,40.87,40.75,48.64,36.53,39.78,34.97,24.96,31.2,42.42,41.67,40.85,39.8,7.58,14.02,17.32,15.5,9.48,15.02,8.84,9.44,10.88,0.0,5.7,11.2,19.57,4.59,12.91,4.24,1.94,6.77,13.16,6.16,5.16,0.72,9.45,21.31,10.34,8.65,7.7,14.75,3.06,15.9,16.72,14.02,18.47,1.92,34.63,25.25,27.5,28.12,31.05,35.65,31.96,19.88,24.91,21.89
8.89,28.12,26.46,55.41,46.0,47.23,35.78,36.7,33.34,28.34,15.52,37.67,49.37,8.84,36.86,21.94,15.32,33.92,50.43,34.52,42.59,31.61,35.12,47.99,38.86,35.63,55.92,36.07,28.35,38.09,26.58,36.06,36.03,23.99,25.4,44.62,7.29,34.45,29.02,26.91,22.94,45.6,26.42,8.33,30.67,26.28,35.7,26.54,28.14,22.68,44.3,35.61,31.8,30.69,38.04,26.08,31.79,36.66,27.32,25.61,35.47,57.23,38.34,22.1,42.06,25.77,31.73,26.61,55.9,43.5,25.15,24.81,42.97,26.19,44.59,26.24,23.53,21.46,38.55,25.93,25.31,21.26,32.58,24.03,23.35,44.62,43.63,26.61,23.89,23.42,21.31,24.58,28.09,21.18,26.61,31.9,24.42,29.57,30.01,25.61,24.98,25.14,23.85,31.14,20.6,28.37,24.79,29.39,25.42,23.04,23.65,30.59,11.04,28.2,12.72,8.89,2.43,9.71,15.77,22.93,16.39,23.85,9.53,27.97,11.87,16.11,13.52,21.9,16.9,4.56,25.76,36.64,32.95,31.11,36.75,37.48,34.09,30.47,31.99,35.18,40.52,33.21,44.23,34.74,39.02,37.79,36.02,43.89,32.17,33.93,35.95,37.88,37.42,33.39,38.68,35.23,34.88,34.33,36.02,37.3,36.44,41.46,39.7,36.42,34.39,43.16,41.48,58.58,52.71,53.58,49.5,45.78,42.97,46.47,65.49,54.62,62.09,56.34,50.47,65.27,67.64,56.72,63.46,46.96,52.66,63.79,43.49,51.79,45.06,31.84,35.33,32.89,34.68,19.66,26.47,34.62,36.35,37.74,44.07,25.64,26.29,45.04,35.12,27.95,42.14,46.23,24.26,41.21,43.14,35.48,38.93,33.61,44.66,33.88,26.55,33.91,40.07,36.97,30.57,28.85,44.29,40.19,39.45,35.15,34.83,34.66,39.3,48.83,47.4,49.32,39.12,38.47,38.33,36.25,38.55,35.26,39.31,36.16,44.03,37.14,40.78,46.98,30.38,42.92,36.59,15.52,23.94,17.19,23.59,27.63,21.42,24.57,20.33,29.12,25.03,23.38,17.38,26.03,33.19,13.53,16.68,31.69,25.22,26.92,23.54,35.08,32.49,26.48,37.69,45.01,48.15,45.7,40.61,38.38,31.72,39.67,39.74,38.96,46.66,37.52,37.39,45.29,33.18,45.44,31.62,28.63,27.85,39.07,38.32,37.5,36.45,9.5,15.94,21.81,19.99,6.13,16.94,5.49,6.09,7.53,5.7,0.0,7.85,21.49,6.51,9.55,1.46,3.86,8.69,15.08,8.08,7.08,4.97,11.54,23.23,12.26,12.79,9.62,16.67,4.98,17.83,21.2,15.95,22.96,3.18,36.55,27.17,29.85,30.47,33.41,37.57,33.88,24.37,29.4,26.38
8.47,27.58,20.02,54.86,45.46,46.69,35.23,38.91,32.8,27.8,14.97,37.12,48.83,8.87,36.31,21.39,14.77,33.38,49.89,33.97,42.05,25.18,34.58,47.45,38.32,35.09,55.38,35.53,27.81,37.55,26.03,35.51,35.49,17.56,18.97,44.07,9.49,33.9,28.48,26.37,22.4,45.06,25.88,7.79,30.12,25.74,35.16,26.0,27.6,22.14,43.76,35.07,31.25,30.14,37.49,25.53,31.25,36.12,26.78,25.07,34.93,56.69,37.8,21.55,41.52,25.23,31.19,26.07,55.36,42.96,24.61,24.27,42.42,25.65,44.05,25.7,22.98,20.92,38.01,25.39,24.76,20.72,32.04,23.49,22.8,44.08,43.09,26.07,23.35,22.87,20.77,24.04,27.54,20.64,26.07,31.35,23.88,29.03,29.47,25.07,24.44,24.6,23.31,30.6,20.06,27.82,24.24,28.85,24.87,22.5,23.1,30.05,10.49,27.65,12.18,8.35,5.42,9.17,15.23,22.39,15.84,23.31,8.98,27.43,11.33,15.57,12.98,21.36,16.36,4.02,19.32,36.1,32.41,30.56,36.2,36.94,33.55,29.92,31.45,34.63,39.98,32.67,43.68,34.2,38.48,37.25,35.48,43.34,31.63,33.39,35.41,37.33,36.88,32.85,38.14,34.68,34.34,33.79,35.48,36.76,35.89,40.91,39.16,35.88,33.84,42.62,40.94,58.04,52.17,53.04,48.95,45.24,42.43,45.93,64.95,54.07,61.55,55.79,49.93,64.72,67.09,56.18,62.92,46.42,52.12,63.25,41.88,51.25,44.52,31.3,34.79,32.34,34.14,19.12,25.93,34.08,35.81,28.52,35.48,25.1,25.75,36.13,28.69,27.41,37.21,39.77,23.72,40.67,36.67,34.94,29.71,33.07,38.19,27.45,26.0,33.37,39.53,36.42,30.03,28.3,39.06,39.64,38.91,34.61,34.29,34.12,38.76,48.29,46.86,48.77,38.57,37.92,37.78,35.71,38.0,34.72,38.77,35.61,43.49,36.6,40.24,46.43,29.83,42.38,36.05,9.08,23.4,10.75,20.31,21.2,14.99,18.13,19.79,22.69,18.6,16.94,10.95,19.6,26.76,7.1,10.25,25.26,21.94,20.48,17.11,28.65,26.05,20.05,37.14,44.46,47.6,45.16,40.07,37.84,31.17,39.13,39.19,38.42,46.11,36.97,36.85,44.74,32.64,44.9,31.08,28.09,27.3,38.53,37.78,36.96,35.91,7.51,17.32,15.38,13.56,5.59,19.14,3.03,1.76,1.09,11.2,7.85,0.0,23.69,10.66,3.12,6.96,9.36,10.9,17.28,13.59,12.59,10.48,5.11,25.44,14.46,6.36,11.82,18.88,10.48,20.03,14.77,18.15,16.53,8.68,38.75,29.38,29.31,29.93,32.87,39.78,36.08,17.94,22.96,19.95
16.1,33.05,41.72,56.21,47.26,49.45,37.04,27.48,37.19,18.58,10.28,41.52,50.18,16.05,37.66,34.55,9.16,35.18,51.23,38.37,43.85,46.88,36.38,48.8,40.12,36.43,56.73,43.59,21.12,45.62,34.47,39.91,39.88,38.73,40.67,46.83,14.2,27.22,33.95,28.17,27.06,47.82,21.71,16.5,31.93,33.8,36.96,34.06,20.74,33.27,46.52,36.87,33.06,31.49,39.3,30.51,33.05,37.92,19.6,26.87,36.73,58.03,39.6,32.69,44.28,33.66,32.99,34.13,56.71,45.72,29.59,22.84,44.23,27.45,46.81,27.5,23.99,32.05,39.81,29.86,23.94,28.66,33.84,25.29,33.94,45.88,44.89,31.05,25.15,30.09,31.9,24.98,30.54,29.95,24.04,33.16,28.86,30.83,31.27,26.87,26.24,29.07,28.67,32.4,33.24,29.61,28.51,30.65,26.68,27.48,28.14,31.85,19.21,29.46,20.9,17.07,21.57,17.89,23.95,15.7,9.16,16.62,17.7,29.23,20.04,10.62,21.69,14.67,7.36,19.7,30.4,40.49,33.75,34.96,40.6,38.29,37.95,35.19,35.84,39.03,44.37,37.07,45.03,39.75,39.83,38.6,36.83,47.74,36.03,37.78,38.17,38.68,39.64,35.61,42.53,36.03,38.74,39.89,38.24,39.52,37.24,45.31,40.51,37.22,39.39,44.42,42.74,59.39,53.52,54.39,50.3,49.64,50.49,47.28,66.3,55.42,62.89,57.14,51.27,66.07,68.44,57.53,64.27,50.81,53.46,64.6,51.02,52.6,47.28,33.1,36.59,34.15,35.94,33.18,39.08,42.14,43.87,45.26,51.59,38.25,38.91,52.56,47.48,35.47,49.66,53.76,36.88,48.73,50.66,43.01,46.45,41.13,52.18,47.05,39.16,41.43,47.59,44.49,38.1,36.37,51.82,47.71,46.97,36.41,36.09,35.92,40.56,51.05,49.62,51.53,40.38,39.73,39.59,37.51,39.81,36.52,41.53,37.42,46.25,38.4,43.0,49.2,31.64,45.14,37.85,28.0,34.53,29.67,36.2,42.24,33.9,37.71,28.51,44.39,41.41,40.07,29.87,41.29,48.46,26.01,29.16,48.07,37.84,42.18,39.92,50.34,47.75,41.75,38.95,46.27,49.41,46.96,41.87,27.21,32.98,40.93,41.0,40.22,47.92,29.86,28.03,46.55,34.44,34.9,32.88,20.08,21.51,40.33,39.58,38.76,37.71,16.71,19.91,26.45,24.64,20.82,6.43,21.36,21.96,22.6,19.57,21.49,23.69,0.0,15.66,20.84,20.03,17.63,12.8,6.41,15.75,16.74,18.84,18.59,14.01,18.96,17.79,16.33,7.45,16.51,8.6,25.85,16.87,27.6,19.7,27.32,17.95,22.62,23.24,26.18,28.35,24.66,29.01,34.04,31.02
3.07,32.28,25.9,59.57,50.17,51.4,39.94,30.88,37.5,21.96,10.49,41.83,53.54,3.02,41.02,26.1,11.47,38.09,54.59,38.68,46.75,31.06,39.29,52.16,43.02,39.79,60.08,40.23,24.5,42.26,30.74,40.22,40.19,23.44,24.85,48.78,1.47,30.6,33.18,31.07,27.1,49.76,25.09,12.49,34.83,30.44,39.86,30.71,24.12,26.85,48.46,39.77,35.96,34.85,42.2,30.24,35.96,40.82,22.98,29.77,39.64,61.39,42.5,26.26,46.22,29.93,35.89,30.77,60.07,47.67,29.32,28.97,47.13,30.35,48.75,30.4,27.69,25.63,42.72,30.1,29.47,25.42,36.74,28.19,27.51,48.79,47.8,30.77,28.06,27.58,25.47,28.74,32.25,25.34,30.77,36.06,28.59,33.73,34.17,29.77,29.15,29.3,28.02,35.3,24.77,32.53,28.95,33.55,29.58,27.2,27.81,34.75,15.2,32.36,16.89,13.06,6.59,13.88,19.94,19.08,12.54,20.0,13.69,32.14,16.03,10.95,17.68,18.05,13.05,8.72,17.36,40.8,37.11,35.27,40.91,41.64,38.26,34.63,36.15,39.34,44.68,37.38,48.39,38.9,43.19,41.96,40.18,48.05,36.34,38.09,40.11,42.04,41.59,37.55,42.84,39.39,39.05,38.49,40.18,41.46,40.6,45.62,43.87,40.58,38.55,47.32,45.64,62.74,56.88,57.74,53.66,49.95,47.13,50.64,69.65,58.78,66.25,60.5,54.63,69.43,71.8,60.89,67.63,51.12,56.82,67.95,47.66,55.96,49.22,36.0,39.5,37.05,38.85,23.82,30.63,38.78,40.52,34.4,41.37,29.8,30.46,42.02,34.57,32.11,46.3,45.65,28.43,45.37,42.55,39.65,35.59,37.77,44.07,33.33,30.71,38.07,44.23,41.13,34.74,33.01,48.46,44.35,43.61,39.32,38.99,38.82,43.47,52.99,51.56,53.48,43.28,42.63,42.49,40.41,42.71,39.42,43.47,40.32,48.19,41.3,44.94,51.14,34.54,47.08,40.75,14.96,28.1,16.64,26.19,27.08,20.87,24.01,24.5,28.57,24.48,22.83,16.83,25.48,32.64,12.98,16.13,31.14,27.82,26.36,22.99,34.53,31.93,25.93,41.85,49.17,52.31,49.87,44.78,30.59,35.88,43.83,43.9,43.13,50.82,41.68,31.41,49.45,37.34,38.28,35.78,23.46,24.89,43.23,42.48,41.66,40.61,3.68,10.12,13.42,11.6,10.29,11.11,9.65,10.25,9.56,4.59,6.51,10.66,15.66,0.0,7.8,5.05,2.65,2.87,9.26,4.67,3.67,3.86,5.55,17.41,6.43,4.75,3.8,10.85,1.53,12.0,12.81,10.12,14.57,4.72,30.72,21.35,26.0,26.62,29.56,31.75,28.05,15.98,21.0,17.99
5.62,28.71,18.37,55.99,47.17,47.82,36.94,36.05,33.93,29.51,16.68,38.25,49.96,6.02,37.44,21.04,16.48,35.09,51.02,35.1,43.75,23.53,36.29,48.58,40.02,36.21,56.51,36.66,29.52,29.46,27.16,36.64,36.62,15.9,17.32,45.2,6.64,35.61,29.61,28.07,24.1,46.19,27.59,9.49,31.83,26.87,36.86,27.13,29.31,23.85,44.89,36.77,32.96,31.27,39.2,27.24,32.96,37.82,28.49,26.77,36.64,57.82,39.5,23.26,42.65,26.36,32.89,27.2,56.49,44.09,29.8,25.97,44.13,27.35,45.18,27.4,24.69,22.63,39.72,27.1,26.47,22.43,33.74,25.19,24.51,45.79,44.8,27.77,25.06,24.58,22.47,25.74,28.67,22.35,27.77,33.06,25.59,30.73,31.17,26.77,26.15,26.31,25.02,32.3,21.77,28.95,25.95,30.56,26.58,24.21,24.81,31.75,12.2,29.36,13.89,10.06,7.13,10.88,16.94,24.09,17.55,25.01,10.69,29.14,13.03,17.28,14.68,23.06,18.07,5.72,16.47,37.22,33.54,31.69,37.33,38.07,34.68,31.05,32.58,35.76,41.11,33.8,44.81,35.33,39.61,38.38,36.61,44.47,32.76,34.52,36.54,38.46,38.01,33.98,39.26,35.81,35.47,34.92,36.61,37.89,37.02,42.04,40.29,37.01,34.97,44.32,42.64,59.17,53.3,54.17,50.08,46.37,40.87,47.06,53.51,55.2,62.68,56.92,51.06,53.29,68.22,57.31,64.05,47.55,53.24,64.38,40.23,52.38,45.65,33.0,36.5,34.05,35.85,20.83,22.7,35.2,28.73,26.87,33.83,26.23,23.62,34.48,27.04,28.54,35.55,38.11,24.85,41.8,35.01,29.12,28.06,34.2,36.54,25.8,27.13,34.5,40.66,37.55,31.16,29.43,37.41,40.77,40.04,36.32,35.99,35.82,40.47,49.42,47.99,49.9,40.28,39.63,39.49,37.41,39.71,36.42,39.9,37.32,44.62,38.3,41.37,47.56,31.54,43.51,37.75,7.43,22.36,9.1,18.65,19.55,13.33,16.48,21.5,21.04,16.94,15.29,9.3,17.94,25.11,5.44,8.59,23.6,20.29,18.83,15.46,26.99,24.4,18.4,38.85,46.17,49.31,46.87,41.78,39.55,32.88,40.83,40.9,40.13,47.82,38.68,38.56,46.45,34.34,46.6,32.78,29.79,29.01,40.23,39.48,38.66,37.61,4.66,14.46,12.52,10.71,7.29,16.29,4.73,3.47,2.03,12.91,9.55,3.12,20.84,7.8,0.0,8.66,11.07,8.04,14.43,11.79,10.79,12.18,2.25,22.58,11.61,3.51,8.97,16.02,8.65,17.18,11.92,15.3,13.68,10.39,35.9,26.52,31.02,31.64,34.57,36.92,33.23,15.09,20.11,17.09
7.44,27.23,25.57,54.52,45.11,46.34,34.89,35.25,32.45,27.45,12.45,36.78,48.48,7.38,35.97,21.05,14.43,33.03,49.54,33.62,41.7,30.72,34.23,47.1,37.97,34.74,55.03,35.18,27.46,37.2,25.69,35.16,35.14,23.1,24.51,43.73,5.84,33.56,28.13,26.02,22.05,44.71,25.53,7.44,29.78,25.39,34.81,25.65,27.25,21.79,43.41,34.72,30.91,29.8,37.15,25.19,30.9,35.77,26.43,24.72,34.58,56.34,37.45,21.21,41.17,24.88,30.84,25.72,55.01,42.61,24.26,23.92,42.08,25.3,43.7,25.35,22.64,20.57,37.66,25.04,24.42,20.37,31.69,23.14,22.46,43.73,42.74,25.72,23.0,22.53,20.42,23.69,27.2,20.29,25.72,31.01,23.53,28.68,29.12,24.72,24.09,24.25,22.96,30.25,19.71,27.47,23.89,28.5,24.52,22.15,22.76,29.7,10.15,27.31,11.83,8.0,1.54,8.82,14.88,22.04,15.5,22.96,8.64,27.08,10.98,15.22,12.63,21.01,16.01,3.67,21.73,35.75,32.06,30.21,35.86,36.59,33.2,29.58,31.1,34.29,39.63,32.32,43.34,33.85,38.13,36.9,35.13,42.99,31.28,33.04,35.06,36.99,36.53,32.5,37.79,34.33,33.99,33.44,35.13,36.41,35.55,40.57,38.81,35.53,33.5,42.27,40.59,57.69,51.82,52.69,48.61,44.89,42.08,45.58,64.6,53.73,61.2,55.45,49.58,64.38,66.75,55.83,62.57,46.07,51.77,62.9,42.6,50.9,44.17,30.95,34.44,32.0,33.79,18.77,25.58,33.73,35.46,36.85,43.18,24.75,25.4,44.15,34.23,27.06,41.25,45.34,23.37,40.32,42.25,34.59,38.04,32.72,43.77,32.99,25.66,33.02,39.18,36.08,29.68,27.96,43.4,39.29,38.56,34.26,33.94,33.77,38.41,47.94,46.51,48.42,38.23,37.58,37.44,35.36,37.66,34.37,38.42,35.26,43.14,36.25,39.89,46.09,29.48,42.03,35.7,14.62,23.05,16.3,22.7,26.74,20.53,23.68,19.44,28.23,24.14,22.49,16.49,25.14,32.3,12.64,15.79,30.8,24.33,26.03,22.65,34.19,31.59,25.59,36.8,44.12,47.26,44.81,39.72,37.49,30.83,38.78,38.85,38.07,45.77,36.62,36.5,44.39,32.29,44.55,30.73,27.74,26.96,38.18,37.43,36.61,35.56,8.05,14.49,17.79,15.97,5.24,15.48,4.6,5.19,6.64,4.24,1.46,6.96,20.03,5.05,8.66,0.0,2.4,7.24,13.62,6.63,5.63,3.52,10.65,21.78,10.8,11.9,8.17,15.22,3.52,16.37,17.18,14.49,18.94,1.72,35.09,25.72,28.96,29.58,32.52,36.12,32.42,20.35,25.37,22.36
5.03,29.63,27.97,56.92,47.52,48.75,37.29,32.84,34.85,21.52,10.05,39.18,50.89,4.98,38.37,23.45,11.02,35.44,51.94,36.03,44.1,33.13,36.64,49.51,40.37,37.14,57.43,37.58,24.06,39.61,28.09,37.57,37.54,25.5,26.92,46.13,3.43,30.15,30.53,28.42,24.45,47.11,27.94,9.84,32.18,27.79,37.21,28.06,23.68,24.2,45.81,37.12,33.31,32.2,39.55,27.59,33.31,38.17,22.54,27.12,36.99,58.74,39.85,23.61,43.57,27.28,33.24,28.12,57.42,45.02,26.67,26.32,44.48,27.7,46.1,27.75,25.04,22.98,40.07,27.45,26.82,22.77,34.09,25.54,24.86,46.14,45.15,28.12,25.41,24.93,22.82,26.09,29.6,22.7,28.12,33.41,25.94,31.08,31.52,27.12,26.5,26.65,25.37,32.65,22.12,29.88,26.3,30.9,26.93,24.56,25.16,32.1,12.55,29.71,14.24,10.41,3.94,11.23,17.29,18.63,12.09,19.55,11.04,29.49,13.38,11.82,15.03,17.6,12.61,6.07,19.33,38.15,34.46,32.62,38.26,38.99,35.61,31.98,33.5,36.69,42.03,34.73,45.74,36.25,40.54,39.31,37.53,45.4,33.69,35.44,37.46,39.39,38.94,34.9,40.19,36.74,36.4,35.84,37.54,38.81,37.95,42.97,41.22,37.93,35.9,44.67,42.99,60.09,54.23,55.09,51.01,47.3,44.48,47.99,67.0,56.13,63.6,57.85,51.98,66.78,69.15,58.24,64.98,48.47,54.17,65.3,45.01,53.31,46.57,33.35,36.85,34.4,36.2,21.18,27.98,36.13,37.87,39.25,45.58,27.15,27.81,46.55,36.64,29.46,43.65,47.75,25.78,42.72,44.65,37.0,40.44,35.12,46.17,35.4,28.06,35.42,41.58,38.48,32.09,30.36,45.81,41.7,40.96,36.67,36.34,36.17,40.82,50.34,48.91,50.83,40.63,39.98,39.84,37.76,40.06,36.77,40.83,37.67,45.54,38.65,42.29,48.49,31.89,44.43,38.1,17.03,25.45,18.7,25.1,29.15,22.93,26.08,21.85,30.63,26.54,24.89,18.89,27.54,34.71,15.04,18.19,33.2,26.74,28.43,25.06,36.59,34.0,28.0,39.2,46.52,49.66,47.22,42.13,30.15,33.23,41.18,41.25,40.48,48.17,39.03,38.9,46.8,34.69,37.84,33.13,23.02,29.36,40.58,39.83,39.01,37.96,5.64,12.08,15.38,13.57,7.64,13.08,7.0,7.6,9.04,1.94,3.86,9.36,17.63,2.65,11.07,2.4,0.0,4.83,11.22,4.22,3.23,1.21,7.52,19.37,8.4,6.72,5.76,12.81,1.12,13.97,14.78,12.09,16.54,2.07,32.69,23.31,25.56,26.18,29.12,33.71,30.02,17.94,22.97,19.95
3.3,34.47,26.14,61.75,52.35,53.58,42.12,28.01,39.68,28.75,12.67,44.01,55.72,3.25,43.2,28.81,19.32,40.27,56.77,40.86,48.93,31.3,41.47,54.34,45.2,41.97,62.27,42.42,31.29,37.24,32.92,42.4,42.38,23.68,25.09,50.96,1.4,37.38,35.36,33.26,29.28,51.95,31.87,14.68,37.01,32.62,42.05,32.89,30.91,29.03,50.65,41.96,38.14,37.03,44.38,32.42,38.14,43.01,29.77,31.95,41.82,63.57,44.68,28.44,48.41,32.12,38.08,32.96,62.25,49.85,31.5,33.0,49.31,32.53,50.93,32.59,29.87,27.81,44.9,32.28,34.1,27.61,38.93,30.37,29.69,50.97,49.98,32.96,30.24,29.76,27.66,30.93,34.43,27.53,32.95,38.24,30.77,35.91,36.36,31.95,31.33,31.49,30.2,37.49,26.95,34.71,31.13,35.74,31.76,29.39,29.99,36.93,17.38,34.54,19.07,15.24,8.77,16.06,22.12,25.86,19.32,26.78,15.87,34.32,18.22,18.69,19.87,24.83,17.53,10.91,17.6,42.98,39.29,37.45,43.09,43.83,40.44,36.81,38.33,41.52,46.87,39.56,50.57,41.09,45.37,44.14,42.37,50.23,38.52,40.27,42.3,44.22,43.77,39.74,45.02,41.57,41.23,40.67,42.37,43.65,42.78,47.8,46.05,42.76,40.73,49.51,47.83,64.92,59.06,59.93,55.84,52.13,48.64,52.82,61.29,60.96,68.43,62.68,56.81,61.06,73.98,63.07,69.81,53.31,59.0,70.14,48.0,58.14,51.4,38.19,41.68,39.23,41.03,26.01,30.48,40.96,36.5,34.64,41.6,31.98,32.64,42.25,34.81,34.3,43.32,45.89,30.61,47.56,42.79,41.83,35.83,39.96,44.31,33.57,32.89,40.26,46.42,43.31,36.92,35.19,45.18,46.53,45.79,41.5,41.18,41.0,45.65,55.18,53.75,55.66,45.46,44.81,44.67,42.6,44.89,41.61,45.66,42.5,50.37,43.49,47.13,53.32,36.72,49.27,42.93,15.2,30.28,16.87,26.43,27.32,21.11,24.25,26.68,28.81,24.72,23.06,17.07,25.72,32.88,13.22,16.37,31.38,28.06,26.6,23.23,34.77,32.17,26.17,44.03,51.35,54.49,52.05,46.96,37.38,38.06,46.02,46.08,45.31,53.0,40.03,38.2,51.63,39.53,45.07,37.96,30.25,31.68,45.41,44.67,43.84,42.8,3.91,9.85,13.66,11.84,12.48,8.25,12.51,11.24,9.8,6.77,8.69,10.9,12.8,2.87,8.04,7.24,4.83,0.0,6.39,6.85,5.85,6.05,5.79,14.54,6.17,4.99,3.53,7.98,3.71,9.13,13.05,9.86,14.81,6.9,27.86,18.48,32.79,33.41,36.34,28.88,25.19,16.22,21.24,18.22
9.69,36.83,32.53,59.99,51.04,53.23,40.81,21.62,40.97,22.36,14.06,45.3,53.96,9.64,41.44,38.33,12.93,38.96,55.01,42.14,47.63,37.69,40.16,52.58,43.9,40.21,60.5,47.37,24.9,49.39,38.25,43.68,43.66,30.07,31.48,50.61,7.79,30.99,37.73,31.95,30.84,51.6,25.48,20.28,35.7,37.58,40.74,37.84,24.52,37.05,50.3,40.65,36.83,35.27,43.07,34.29,36.83,41.7,23.38,30.65,40.51,61.81,43.38,36.46,48.05,37.44,36.77,37.91,60.49,49.5,33.37,26.61,48.0,31.23,50.58,31.28,27.76,35.83,43.59,33.64,27.71,32.44,37.62,29.07,37.71,49.66,48.67,34.82,28.93,33.86,35.68,28.76,34.32,33.72,27.81,36.93,32.64,34.61,35.05,30.65,30.02,32.85,32.44,36.18,37.02,33.39,32.28,34.43,30.45,31.25,31.92,35.63,22.99,33.23,24.67,20.84,15.16,21.66,27.72,19.47,12.93,20.39,21.48,33.01,23.82,12.3,25.47,18.44,11.14,17.29,23.99,44.27,37.53,38.73,44.38,42.06,41.72,38.96,39.62,42.81,48.15,40.84,48.81,43.52,43.61,42.38,40.6,51.51,39.8,41.56,41.95,42.46,43.42,39.38,46.31,39.81,42.51,43.67,42.02,43.29,41.02,49.09,44.29,41.0,43.17,48.2,46.52,63.16,57.3,58.16,54.08,53.41,54.27,51.06,70.07,59.2,66.67,60.92,55.05,69.85,72.22,61.31,68.05,54.59,57.24,68.37,54.79,56.38,51.05,36.88,40.37,37.92,39.72,36.96,42.86,45.92,47.65,41.03,47.99,42.03,42.68,56.34,41.2,39.25,53.44,57.53,40.65,52.51,54.44,46.78,50.23,44.91,55.96,39.96,42.94,45.21,51.37,48.26,41.87,40.14,55.59,51.48,50.75,40.19,39.87,39.7,44.34,54.83,53.4,55.31,44.15,43.5,43.36,41.29,43.58,40.3,45.31,41.19,50.02,42.18,46.78,52.97,35.41,48.92,41.63,21.59,38.3,23.26,32.81,33.71,27.5,30.64,32.28,35.2,31.11,29.45,23.46,32.1,39.27,19.6,22.75,37.76,34.45,32.99,29.62,41.16,38.56,32.56,42.72,50.04,53.18,50.74,45.65,30.99,36.75,44.71,44.77,44.0,51.69,33.64,31.81,50.32,38.22,38.68,36.66,23.86,25.29,44.11,43.36,42.53,41.49,10.3,16.24,20.05,18.23,18.86,1.86,18.89,17.63,16.19,13.16,15.08,17.28,6.41,9.26,14.43,13.62,11.22,6.39,0.0,13.24,12.24,12.44,12.18,8.15,12.56,11.38,9.92,1.59,10.1,2.75,19.44,11.01,21.2,13.29,21.47,12.09,26.4,27.02,29.96,22.49,18.8,22.61,27.63,24.61
7.05,31.77,29.89,54.93,45.98,48.16,35.75,34.86,35.9,17.3,5.82,40.23,48.89,7.0,36.38,27.67,6.8,33.9,49.95,37.08,42.56,35.04,35.1,47.51,38.83,35.15,55.44,41.81,19.84,43.83,32.31,38.62,38.6,27.42,28.84,45.55,5.45,25.93,32.67,26.88,25.77,46.53,20.42,14.07,30.64,32.02,35.67,32.28,19.45,28.42,45.23,35.58,31.77,30.21,38.01,29.22,31.77,36.63,18.32,25.58,35.45,56.75,38.31,27.83,42.99,31.51,31.7,32.35,55.42,44.43,28.3,21.55,42.94,26.16,45.52,26.21,22.7,27.2,38.53,28.58,22.65,27.0,32.55,24.0,29.08,44.6,43.61,29.76,23.87,29.15,27.05,23.69,29.25,26.92,22.75,31.87,27.57,29.54,29.98,25.58,24.96,27.78,27.38,31.11,26.34,28.33,27.22,29.37,25.39,26.19,26.86,30.56,16.77,28.17,18.46,14.63,8.16,15.45,21.51,14.41,7.87,15.33,15.26,27.95,17.61,7.6,19.26,13.38,8.39,10.3,21.35,39.2,32.47,33.67,39.31,37.0,36.66,33.9,34.55,37.74,43.09,35.78,43.74,38.46,38.54,37.31,35.54,46.45,34.74,36.49,36.88,37.4,38.36,34.32,41.24,34.74,37.45,38.6,36.95,38.23,35.96,44.02,39.22,35.94,38.1,43.13,41.45,58.1,52.23,53.1,49.02,48.35,48.71,45.99,65.01,54.14,61.61,55.86,49.99,64.79,67.16,56.24,62.98,49.53,52.18,63.31,49.23,51.31,45.99,31.81,35.31,32.86,34.66,25.4,32.21,40.35,42.09,38.39,45.35,31.38,32.03,50.78,38.55,33.69,47.88,51.97,30.0,46.95,48.87,41.22,44.67,39.35,50.4,37.32,32.28,39.65,45.81,42.7,36.31,34.58,50.03,45.92,45.19,35.13,34.8,34.63,39.28,49.76,48.33,50.25,39.09,38.44,38.3,36.22,38.52,35.24,40.24,36.13,44.96,37.11,41.71,47.91,30.35,43.85,36.56,18.95,29.67,20.62,29.33,31.07,24.85,28.0,26.07,32.55,28.46,26.81,20.81,29.46,36.62,16.96,20.11,35.12,30.96,30.35,26.98,38.51,35.92,29.92,37.66,44.98,48.12,45.68,40.59,25.93,31.69,39.64,39.71,38.94,46.63,28.57,26.74,45.26,33.15,33.62,31.59,18.8,20.22,39.04,38.29,37.47,36.42,7.66,14.1,17.4,15.58,11.87,15.1,11.22,11.82,13.26,6.16,8.08,13.59,15.75,4.67,11.79,6.63,4.22,6.85,13.24,0.0,1.0,5.44,9.53,21.39,10.42,8.73,7.78,14.83,3.8,15.98,16.8,14.1,18.55,6.29,34.71,25.33,21.34,21.95,24.89,35.73,30.79,19.96,24.99,21.97
6.05,32.86,28.89,55.92,46.98,49.16,36.75,33.86,36.9,18.29,6.82,41.23,49.89,6.0,37.37,26.67,7.8,34.89,50.95,38.08,43.56,34.05,36.09,48.51,39.83,36.15,56.44,40.81,20.83,42.83,31.32,39.62,39.59,26.42,27.84,46.55,4.45,26.93,33.76,27.88,26.77,47.53,21.42,13.07,31.64,31.02,36.67,31.28,20.45,27.42,46.23,36.58,32.77,31.2,39.01,30.22,32.77,37.63,19.31,26.58,36.44,57.75,39.31,26.83,43.99,30.51,32.7,31.35,56.42,45.43,29.3,22.55,43.94,27.16,46.52,27.21,23.7,26.2,39.53,29.57,23.65,26.0,33.55,25.0,28.09,45.6,44.61,30.76,24.87,28.16,26.05,24.69,32.82,25.92,23.75,32.87,28.57,30.54,30.98,26.58,25.96,28.78,28.59,32.11,25.34,29.32,28.22,30.36,26.39,27.19,27.86,31.56,15.78,29.17,17.46,13.63,7.16,14.45,20.51,15.41,8.87,16.33,14.26,28.95,16.61,8.59,18.26,14.38,9.38,9.3,20.35,40.2,33.47,34.67,40.31,38.0,37.66,35.21,35.55,38.74,44.09,36.78,44.74,39.46,39.54,38.31,36.54,47.45,35.74,37.49,37.88,38.39,39.35,35.32,42.24,35.74,38.45,39.6,37.95,39.23,36.95,45.02,40.22,36.94,39.1,44.13,42.45,59.1,53.23,54.1,50.01,49.35,47.71,46.99,66.01,55.14,62.61,56.86,50.99,65.78,68.15,57.24,63.98,50.52,53.18,64.31,48.23,52.31,46.99,32.81,36.31,33.86,35.66,24.4,31.21,39.36,41.09,37.39,44.35,30.38,31.03,49.78,37.56,32.69,46.88,50.97,29.0,45.95,47.88,40.22,43.67,38.35,49.4,36.32,31.29,38.65,44.81,41.7,35.31,33.58,49.03,44.92,44.19,36.13,35.8,35.63,40.28,50.76,49.33,51.25,40.09,39.44,39.3,37.22,39.52,36.23,41.24,37.13,45.96,38.11,42.71,48.91,31.35,44.85,37.56,17.95,28.68,19.62,28.33,30.07,23.85,27.0,25.07,31.56,27.46,25.81,19.82,28.46,35.63,15.96,19.11,34.12,29.96,29.35,25.98,37.51,34.92,28.92,38.66,45.98,49.12,46.68,41.59,26.92,32.69,40.64,40.71,39.94,47.63,29.57,27.74,46.26,34.15,34.61,32.59,19.8,21.22,40.04,39.29,38.47,37.42,6.66,13.1,16.4,14.59,10.87,14.1,10.23,10.82,12.27,5.16,7.08,12.59,16.74,3.67,10.79,5.63,3.23,5.85,12.24,1.0,0.0,4.44,8.54,20.39,9.42,7.74,6.78,13.83,2.8,14.99,15.8,13.11,17.55,5.29,33.71,24.33,22.33,22.95,25.89,34.73,31.79,18.96,23.99,20.97
6.25,30.75,29.09,58.04,48.63,49.86,38.41,34.06,35.97,22.73,11.26,40.3,52.0,6.19,39.49,24.57,12.24,36.55,53.06,37.14,45.22,34.24,37.75,50.62,41.49,38.26,58.55,38.7,25.27,40.72,29.21,38.68,38.66,26.62,28.03,47.25,4.65,31.37,31.65,29.54,25.57,48.23,29.05,10.96,33.3,28.91,38.33,29.17,24.89,25.31,46.93,38.24,34.42,33.32,40.67,28.71,34.42,39.29,23.75,28.24,38.1,59.86,40.97,24.72,44.69,28.4,34.36,29.24,58.53,46.13,27.78,27.44,45.6,28.82,47.22,28.87,26.16,24.09,41.18,28.56,27.94,23.89,35.21,26.66,25.98,47.25,46.26,29.24,26.52,26.05,23.94,27.21,30.72,23.81,29.24,34.52,27.05,32.2,32.64,28.24,27.61,27.77,26.48,33.77,23.23,30.99,27.41,32.02,28.04,25.67,26.28,33.22,13.67,30.82,15.35,11.52,5.05,12.34,18.4,19.85,13.31,20.77,12.15,30.6,14.5,13.03,16.15,18.82,13.82,7.19,20.54,39.27,35.58,33.73,39.38,40.11,36.72,33.1,34.62,37.81,43.15,35.84,46.85,37.37,41.65,40.42,38.65,46.51,34.8,36.56,38.58,40.51,40.05,36.02,41.31,37.85,37.51,36.96,38.65,39.93,39.07,44.09,42.33,39.05,37.02,45.79,44.11,61.21,55.34,56.21,52.13,48.41,45.6,49.1,68.12,57.25,64.72,58.97,53.1,67.9,70.27,59.35,66.09,49.59,55.29,66.42,46.12,54.42,47.69,34.47,37.96,35.51,37.31,22.29,29.1,37.25,38.98,40.37,46.7,28.27,28.92,47.67,37.75,30.58,44.77,48.86,26.89,43.84,45.77,38.11,41.56,36.24,47.29,36.51,29.18,36.54,42.7,39.6,33.2,31.48,46.92,42.81,42.08,37.78,37.46,37.29,41.93,51.46,50.03,51.94,41.74,41.1,40.95,38.88,41.18,37.89,41.94,38.78,46.66,39.77,43.41,49.61,33.0,45.55,39.22,18.14,26.57,19.82,26.22,30.26,24.05,27.2,22.96,31.75,27.66,26.01,20.01,28.66,35.82,16.16,19.31,34.32,27.85,29.55,26.17,37.71,35.11,29.11,40.32,47.64,50.78,48.33,43.24,31.36,34.34,42.3,42.37,41.59,49.29,40.14,40.02,47.91,35.81,39.05,34.25,24.24,30.48,41.7,40.95,40.13,39.08,6.86,13.3,16.6,14.78,8.76,14.29,8.12,8.71,10.16,0.72,4.97,10.48,18.84,3.86,12.18,3.52,1.21,6.05,12.44,5.44,4.44,0.0,8.73,20.59,9.61,7.93,6.98,14.03,2.33,15.18,15.99,13.3,17.75,1.19,33.9,24.53,26.77,27.39,30.33,34.93,31.23,19.16,24.18,21.17
3.36,30.69,20.35,57.98,49.15,49.8,38.92,33.8,35.91,31.49,18.66,40.24,51.94,3.77,39.43,23.02,18.46,37.07,53.0,37.09,45.74,25.51,38.27,50.56,42.01,38.2,58.49,38.64,31.5,31.45,29.15,38.63,38.6,17.89,19.3,47.19,4.39,37.59,31.59,30.06,26.09,48.17,29.57,11.48,33.81,28.85,38.85,29.11,31.29,25.83,46.87,38.76,34.94,33.26,41.18,29.22,34.94,39.81,30.47,28.76,38.62,59.8,41.49,25.24,44.63,28.34,34.88,29.18,58.48,46.07,31.78,27.96,46.11,29.34,47.16,29.39,26.67,24.61,41.7,29.08,28.45,24.41,35.73,27.18,26.49,47.77,46.78,29.76,27.04,26.56,24.46,27.73,30.66,24.33,29.76,35.04,27.57,32.72,33.16,28.76,28.13,28.29,27.0,34.29,23.75,30.94,27.93,32.54,28.56,26.19,26.79,33.74,14.18,31.34,15.87,12.04,9.11,12.86,18.92,26.08,19.53,27.0,12.67,31.12,15.02,19.26,16.67,25.05,20.05,7.71,14.22,39.21,35.52,33.68,39.32,40.05,36.67,33.04,34.56,37.75,43.09,35.79,46.8,37.31,41.6,40.36,38.59,46.46,34.75,36.5,38.52,40.45,40.0,35.96,41.25,37.8,37.45,36.9,38.59,39.87,39.01,44.03,42.27,38.99,36.96,46.31,44.63,61.15,55.29,56.15,52.07,48.36,42.85,49.04,55.5,57.19,64.66,58.91,53.04,55.27,70.21,59.3,66.04,49.53,55.23,66.36,42.21,54.36,47.63,34.99,38.48,36.03,37.83,22.81,24.69,37.19,30.71,28.85,35.81,28.21,25.6,36.47,29.02,30.52,37.54,40.1,26.83,43.78,37.0,31.11,30.04,36.18,38.52,27.78,29.12,36.48,42.64,39.54,33.15,31.42,39.39,42.76,42.02,38.3,37.98,37.81,42.45,51.4,49.97,51.89,42.26,41.61,41.47,39.4,41.69,38.41,41.88,39.3,46.6,40.29,43.35,49.55,33.52,45.49,39.74,9.41,24.34,11.08,20.64,21.53,15.32,18.46,23.48,23.02,18.93,17.27,11.28,19.93,27.09,7.43,10.58,25.59,22.27,20.81,17.44,28.98,26.38,20.38,40.83,48.15,51.29,48.85,43.76,41.53,34.86,42.82,42.88,42.11,49.8,40.66,40.54,48.43,36.33,48.59,34.77,31.77,30.99,42.22,41.47,40.64,39.6,2.4,12.21,10.27,8.45,9.28,14.03,6.72,5.45,4.01,9.45,11.54,5.11,18.59,5.55,2.25,10.65,7.52,5.79,12.18,9.53,8.54,8.73,0.0,20.33,9.35,1.25,6.72,13.77,6.4,14.92,9.67,13.04,11.42,9.58,33.64,24.27,33.0,33.62,36.56,34.67,30.98,12.83,17.86,14.84
17.85,44.43,40.68,67.59,58.64,60.83,48.42,14.13,48.57,29.96,21.66,52.9,61.56,17.79,49.04,45.93,20.53,46.56,62.61,49.75,55.23,45.84,47.76,60.18,51.5,47.81,68.11,54.97,32.5,57.0,45.85,51.29,51.26,38.22,39.63,58.21,15.94,38.6,45.33,39.55,38.44,59.2,33.08,27.88,43.31,45.18,48.34,45.44,32.12,44.65,57.9,48.25,44.43,42.87,50.68,41.89,44.43,49.3,30.98,38.25,48.11,69.41,50.98,44.06,55.66,45.04,44.37,45.51,68.09,57.1,40.97,34.22,55.61,38.83,58.19,38.88,35.37,43.43,51.19,41.24,35.31,40.04,45.22,36.67,45.32,57.26,56.27,42.43,36.53,41.46,43.28,36.36,41.92,41.33,35.41,44.53,40.24,42.21,42.65,38.25,37.62,40.45,40.04,43.78,44.62,40.99,39.89,42.03,38.05,38.86,39.52,43.23,30.59,40.83,32.27,28.45,23.31,29.26,35.33,27.08,20.53,28.0,29.08,40.61,31.42,19.9,33.07,26.05,18.74,25.45,22.52,51.87,45.13,46.34,51.98,49.67,49.32,46.57,47.22,50.41,55.75,48.45,56.41,51.12,51.21,49.98,48.21,59.12,47.41,49.16,49.55,50.06,51.02,46.99,53.91,47.41,50.11,51.27,49.62,50.9,48.62,56.69,51.89,48.6,50.77,55.8,54.12,70.76,64.9,65.76,61.68,61.02,61.87,58.66,77.68,66.8,74.27,68.52,62.65,77.45,79.82,68.91,75.65,62.19,64.84,75.97,62.39,63.98,58.66,44.48,47.97,45.52,47.32,44.56,50.46,53.52,55.25,49.18,62.97,49.63,50.29,63.94,49.35,46.85,61.04,65.14,48.25,60.11,62.04,54.38,57.83,52.51,63.56,48.11,50.54,52.81,58.97,55.87,49.48,47.75,63.19,59.09,58.35,47.79,47.47,47.3,51.94,62.43,61.0,62.91,51.75,51.11,50.96,48.89,51.19,47.9,52.91,48.79,57.63,49.78,54.38,60.57,43.01,56.52,49.23,29.74,45.91,31.41,47.58,41.86,35.65,38.79,39.89,43.35,39.26,37.6,31.61,40.26,47.42,27.76,30.91,45.92,49.22,41.14,37.77,49.31,46.71,40.71,50.33,57.65,60.79,58.34,53.25,38.59,44.35,52.31,52.38,51.6,59.3,41.24,39.41,57.92,45.82,46.28,44.26,31.46,32.89,51.71,50.96,50.14,49.09,18.45,13.37,16.19,18.62,27.02,9.46,27.05,25.78,24.34,21.31,23.23,25.44,14.01,17.41,22.58,21.78,19.37,14.54,8.15,21.39,20.39,20.59,20.33,0.0,15.41,19.53,14.55,8.01,18.25,9.53,17.23,7.57,15.29,21.44,13.97,18.87,34.0,34.62,37.56,15.0,25.58,16.7,26.15,23.14
6.87,38.03,29.71,65.32,55.92,57.14,45.69,28.88,43.25,34.92,16.24,47.58,59.28,6.82,46.77,32.37,17.21,43.83,60.34,44.43,52.5,34.87,45.03,57.9,48.77,45.54,65.83,45.98,37.46,40.8,36.49,45.97,45.94,27.24,28.66,54.53,4.97,43.55,38.93,36.82,32.85,55.51,38.04,18.24,40.58,36.19,45.61,36.45,37.07,32.6,54.21,45.52,41.71,40.6,47.95,35.99,41.7,46.57,35.94,35.52,45.38,67.14,48.25,32.01,51.97,35.68,41.64,36.52,65.82,53.41,35.07,34.72,52.88,36.1,54.5,36.15,33.44,31.37,48.47,35.84,35.22,31.17,42.49,33.94,33.26,54.54,53.55,36.52,33.81,33.33,31.22,34.49,38.0,31.09,36.52,41.81,34.33,39.48,39.92,35.52,34.9,35.05,33.76,41.05,30.51,38.28,34.7,39.3,35.33,32.95,33.56,40.5,20.95,38.11,22.63,18.81,12.34,19.62,25.69,32.03,25.49,32.95,19.44,37.89,21.78,18.01,23.43,31.0,23.69,14.47,12.84,46.55,42.86,41.02,46.66,47.39,44.01,40.38,41.9,45.09,50.43,43.13,54.14,44.65,48.94,47.7,45.93,53.8,42.09,43.84,45.86,47.79,47.34,43.3,48.59,45.14,44.79,44.24,45.93,47.21,46.35,51.37,49.61,46.33,44.3,53.07,51.39,68.49,62.63,63.49,59.41,55.7,52.21,56.38,64.85,64.53,72.0,66.25,60.38,64.63,77.55,66.64,73.38,56.87,62.57,73.7,51.57,61.7,54.97,41.75,45.25,42.8,44.6,29.57,34.04,44.53,40.07,38.21,45.17,35.55,36.21,45.82,38.37,37.86,46.89,49.45,34.17,51.12,46.35,45.39,39.4,43.52,47.88,37.14,36.46,43.82,49.98,46.88,40.49,38.76,48.75,50.1,49.36,45.06,44.74,44.57,49.22,58.74,57.31,59.23,49.03,48.38,48.24,46.16,48.46,45.17,49.22,46.07,53.94,47.05,50.69,56.89,40.29,52.83,46.5,18.77,33.85,20.44,29.99,30.89,24.67,27.82,30.25,32.37,28.28,26.63,20.63,29.28,36.45,16.78,19.93,34.94,31.63,30.17,26.8,38.33,35.74,29.74,47.6,54.92,58.06,55.61,50.53,43.55,41.63,49.58,49.65,48.88,56.57,47.43,44.36,55.2,43.09,51.24,41.53,36.42,37.84,48.98,48.23,47.41,46.36,7.48,3.69,6.51,8.94,16.04,14.41,16.07,14.81,13.37,10.34,12.26,14.46,18.96,6.43,11.61,10.8,8.4,6.17,12.56,10.42,9.42,9.61,9.35,15.41,0.0,8.56,2.74,11.39,7.28,12.91,7.55,6.37,5.61,10.47,28.73,22.26,38.96,39.57,42.51,29.75,28.96,7.02,16.47,13.46
2.56,31.95,21.61,59.23,50.41,51.06,40.18,33.0,37.16,32.74,14.56,41.49,53.2,2.97,40.68,24.27,15.53,38.32,54.25,38.34,46.99,26.76,39.52,51.82,43.26,39.45,59.75,39.9,28.57,32.7,30.4,39.88,39.86,19.14,20.56,48.44,3.59,34.66,32.84,31.31,27.34,49.43,30.83,12.73,35.07,30.1,40.1,30.37,32.54,27.09,48.13,40.01,36.2,34.51,42.44,30.48,36.2,41.06,31.72,30.01,39.87,61.05,42.74,26.5,45.89,29.6,36.13,30.44,59.73,47.33,33.04,29.21,47.37,30.59,48.41,30.64,27.93,25.86,42.96,30.33,29.71,25.66,36.98,28.43,27.75,49.03,48.04,31.01,28.3,27.82,25.71,28.98,31.91,25.58,31.01,36.3,28.82,33.97,34.41,30.01,29.39,29.54,28.25,35.54,25.0,32.19,29.19,33.79,29.82,27.44,28.05,34.99,15.44,32.6,17.12,13.3,10.37,14.11,20.18,23.14,16.6,24.06,13.93,32.38,16.27,16.33,17.92,22.11,22.52,8.96,13.42,40.46,36.77,34.93,40.57,41.31,37.92,34.29,35.81,39.0,44.35,37.04,48.05,38.57,42.85,41.62,39.85,47.71,36.0,37.75,39.78,41.7,41.25,37.22,42.5,39.05,38.71,38.15,39.85,41.13,40.26,45.28,43.53,40.24,38.21,47.56,45.88,62.4,56.54,57.41,53.32,49.61,44.11,50.3,56.75,58.44,65.91,60.16,54.29,56.53,71.46,60.55,67.29,50.79,56.48,67.62,43.47,55.62,48.88,36.24,39.74,37.29,39.09,24.06,25.94,38.44,31.97,30.11,37.07,29.46,26.86,37.72,30.27,31.78,38.79,41.35,28.09,45.04,38.25,32.36,31.3,37.44,39.78,29.04,30.37,37.74,43.9,40.79,34.4,32.67,40.65,44.01,43.27,39.56,39.23,39.06,43.71,52.66,51.23,53.14,43.52,42.87,42.73,40.65,42.95,39.66,43.14,40.56,47.85,41.54,44.61,50.8,34.78,46.75,40.99,10.67,25.6,12.34,21.89,22.79,16.57,19.72,24.74,24.27,20.18,18.53,12.53,21.18,28.35,8.68,11.83,26.84,23.52,22.07,18.7,30.23,27.64,21.64,42.09,49.41,52.55,50.1,45.02,42.79,36.12,44.07,44.14,43.37,51.06,41.92,41.79,49.69,37.58,49.84,36.02,33.03,32.25,43.47,42.72,41.9,40.85,1.6,11.41,9.47,7.65,10.53,13.23,7.97,6.71,5.27,8.65,12.79,6.36,17.79,4.75,3.51,11.9,6.72,4.99,11.38,8.73,7.74,7.93,1.25,19.53,8.56,0.0,5.92,12.97,5.6,14.12,8.87,12.24,10.62,8.78,32.84,23.47,30.07,30.69,33.63,33.87,30.18,12.03,17.06,14.04
4.23,35.4,27.07,62.68,53.28,54.51,43.05,28.02,40.61,32.28,13.6,44.94,56.65,4.18,44.13,29.74,14.58,41.2,57.7,41.79,49.86,32.23,42.4,55.27,46.13,42.9,63.2,43.34,34.82,38.17,33.85,43.33,43.31,24.61,26.02,51.89,2.33,40.91,36.29,34.19,30.21,52.88,35.4,15.61,37.94,33.55,42.98,33.82,34.44,29.96,51.58,42.88,39.07,37.96,45.31,33.35,39.07,43.94,33.3,32.88,42.75,64.5,45.61,29.37,49.33,33.05,39.01,33.89,63.18,50.78,32.43,32.09,50.24,33.46,51.86,33.52,30.8,28.74,45.83,33.21,32.58,28.54,39.86,31.3,30.62,51.9,50.91,33.89,31.17,30.69,28.59,31.85,35.36,28.46,33.88,39.17,31.7,36.84,37.29,32.88,32.26,32.42,31.13,38.42,27.88,35.64,32.06,36.67,32.69,30.32,30.92,37.86,18.31,35.47,20.0,16.17,9.7,16.99,23.05,29.39,22.85,30.31,16.8,35.25,19.15,15.38,20.8,28.36,21.06,11.84,15.57,43.91,40.22,38.38,44.02,44.76,41.37,37.74,39.26,42.45,47.8,40.49,51.5,42.02,46.3,45.07,43.3,51.16,39.45,41.2,43.23,45.15,44.7,40.66,45.95,42.5,42.16,41.6,43.3,44.57,43.71,48.73,46.98,43.69,41.66,50.44,48.76,65.85,59.99,60.86,56.77,53.06,49.57,53.75,62.22,61.89,69.36,63.61,57.74,61.99,74.91,64.0,70.74,54.24,59.93,71.07,48.93,59.07,52.33,39.12,42.61,40.16,41.96,26.94,31.41,41.89,37.43,35.57,42.53,32.91,33.57,43.18,35.74,35.22,44.25,46.82,31.54,48.49,43.72,42.76,36.76,40.88,45.24,34.5,33.82,41.19,47.34,44.24,37.85,36.12,46.11,47.46,46.72,42.43,42.1,41.93,46.58,56.11,54.67,56.59,46.39,45.74,45.6,43.53,45.82,42.54,46.59,43.43,51.3,44.42,48.06,54.25,37.65,50.19,43.86,16.13,31.21,17.8,27.36,28.25,22.04,25.18,27.61,29.74,25.65,23.99,18.0,26.64,33.81,14.15,17.29,32.31,28.99,27.53,24.16,35.7,33.1,27.1,44.96,52.28,55.42,52.98,47.89,40.91,38.99,46.95,47.01,46.24,53.93,44.79,41.73,52.56,40.45,48.6,38.89,33.78,35.21,46.34,45.6,44.77,43.73,4.84,6.43,9.24,12.77,13.4,11.78,13.43,12.17,10.73,7.7,9.62,11.82,16.33,3.8,8.97,8.17,5.76,3.53,9.92,7.78,6.78,6.98,6.72,14.55,2.74,5.92,0.0,11.51,4.64,12.67,10.28,6.43,8.34,7.83,27.87,22.01,36.32,36.94,39.88,28.89,28.72,9.75,19.21,16.19
11.28,37.87,34.12,61.03,52.08,54.27,41.86,21.48,42.01,23.4,15.1,46.34,55.0,11.23,42.48,39.37,13.97,40.0,56.05,43.18,48.67,39.28,41.2,53.62,44.94,41.25,61.54,48.41,25.94,50.43,39.29,44.73,44.7,31.66,33.07,51.65,9.38,21.91,38.77,32.99,31.88,52.64,26.52,21.32,36.75,38.62,41.78,38.88,25.56,38.09,51.34,41.69,37.87,36.31,44.12,35.33,37.87,42.74,24.42,31.69,41.55,62.85,44.42,37.5,49.1,38.48,37.81,38.95,61.53,50.54,34.41,27.65,49.04,32.27,51.62,32.32,28.81,36.87,44.63,34.68,28.75,33.48,38.66,30.11,38.76,50.7,49.71,35.86,29.97,34.9,36.72,29.8,35.36,34.77,28.85,37.97,33.68,35.65,36.09,31.69,31.06,33.89,33.48,37.22,38.06,34.43,33.32,35.47,31.49,32.3,32.96,36.67,24.03,34.27,25.71,21.89,16.75,22.7,28.76,20.51,13.97,21.43,22.52,34.05,24.86,13.34,26.51,19.49,12.18,18.89,25.58,45.31,38.57,39.78,45.42,43.11,42.76,40.0,40.66,43.85,49.19,41.88,49.85,44.56,44.65,43.42,41.65,52.56,40.85,42.6,42.99,43.5,44.46,40.43,47.35,40.85,43.55,44.71,43.06,44.34,42.06,50.13,45.33,42.04,44.21,49.24,47.56,64.2,58.34,59.2,55.12,54.45,55.31,52.1,71.11,60.24,67.71,61.96,56.09,70.89,73.26,62.35,69.09,55.63,58.28,69.41,55.83,57.42,52.09,37.92,41.41,38.96,40.76,38.0,43.9,46.96,48.69,42.62,56.41,43.07,43.73,57.38,42.79,40.29,54.48,58.57,41.69,53.55,55.48,47.82,51.27,45.95,57.0,41.55,43.98,46.25,52.41,49.31,42.91,41.19,56.63,52.53,51.79,41.23,40.91,40.74,45.38,55.87,54.44,56.35,45.19,44.55,44.4,42.33,44.62,41.34,46.35,42.23,51.06,43.22,47.82,54.01,36.45,49.96,42.67,23.18,39.35,24.85,41.02,35.3,29.09,32.23,33.32,36.79,32.7,31.04,25.05,33.7,40.86,21.2,24.35,39.36,42.66,34.58,31.21,42.75,40.15,34.15,43.76,51.09,54.22,51.78,46.69,32.03,37.79,45.75,45.82,45.04,52.74,34.68,32.85,51.36,39.26,39.72,37.7,24.9,26.33,45.15,44.4,43.58,42.53,11.89,13.91,16.73,19.82,20.46,2.9,20.49,19.22,17.78,14.75,16.67,18.88,7.45,10.85,16.02,15.22,12.81,7.98,1.59,14.83,13.83,14.03,13.77,8.01,11.39,12.97,11.51,0.0,11.69,1.53,21.03,11.23,16.19,14.88,21.69,10.87,27.44,15.57,31.0,22.71,17.58,17.6,29.22,26.2
3.91,30.75,26.75,58.04,48.64,49.87,38.41,31.72,35.97,21.09,9.62,40.3,52.01,3.86,39.49,24.57,10.59,36.56,53.06,37.15,45.22,31.91,37.76,50.63,41.49,38.26,58.55,38.7,23.63,40.73,29.21,38.69,38.66,24.29,25.7,47.25,2.31,29.73,31.65,29.54,25.57,48.23,29.06,10.96,33.3,28.91,38.33,29.18,23.25,25.32,46.93,38.24,34.43,33.32,40.67,28.71,34.43,39.29,22.11,28.24,38.11,59.86,40.97,24.73,44.69,28.41,34.36,29.24,58.54,46.14,27.79,27.44,45.6,28.82,47.22,28.87,26.16,24.1,41.19,28.57,27.94,23.9,35.21,26.66,25.98,47.26,46.27,29.24,26.53,26.05,23.94,27.21,30.72,23.82,29.24,34.53,27.06,32.2,32.64,28.24,27.62,27.78,26.49,33.77,23.24,31.0,27.42,32.03,28.05,25.68,26.28,33.22,13.67,30.83,15.36,11.53,5.06,12.35,18.41,18.21,11.67,19.13,12.16,30.61,14.5,11.39,16.15,17.18,12.18,7.19,18.21,39.27,35.58,33.74,39.38,40.12,36.73,33.1,34.62,37.81,43.16,35.85,46.86,37.38,41.66,40.43,38.65,46.52,34.81,36.56,38.58,40.51,40.06,36.02,41.31,37.86,37.52,36.96,38.66,39.93,39.07,44.09,42.34,39.05,37.02,45.79,44.11,61.21,55.35,56.21,52.13,48.42,45.6,49.11,68.12,57.25,64.72,58.97,53.1,67.9,70.27,59.36,66.1,49.59,55.29,66.42,46.13,54.43,47.69,34.47,37.97,35.52,37.32,22.3,29.11,37.25,38.99,40.37,46.7,28.27,28.93,47.67,35.42,30.58,44.77,48.87,26.9,43.84,45.77,38.12,41.57,36.24,47.29,34.18,29.18,36.55,42.7,39.6,33.21,31.48,46.93,42.82,42.08,37.79,37.46,37.29,41.94,51.46,50.03,51.95,41.75,41.1,40.96,38.88,41.18,37.9,41.95,38.79,46.66,39.77,43.41,49.61,33.01,45.55,39.22,15.81,26.57,17.48,26.22,27.93,21.71,24.86,22.97,29.42,25.33,23.67,17.68,26.32,33.49,13.82,16.97,31.98,27.86,27.21,23.84,35.37,32.78,26.78,40.32,47.64,50.78,48.34,43.25,29.72,34.35,42.3,42.37,41.6,49.29,40.15,30.54,47.92,35.81,37.41,34.25,22.59,24.02,41.7,40.95,40.13,39.08,4.52,10.96,14.26,12.45,8.76,11.96,8.12,8.72,10.16,3.06,4.98,10.48,16.51,1.53,8.65,3.52,1.12,3.71,10.1,3.8,2.8,2.33,6.4,18.25,7.28,5.6,4.64,11.69,0.0,12.85,13.66,10.97,15.41,3.19,31.57,22.19,25.13,25.75,28.69,32.59,28.9,16.82,21.85,18.83
12.44,39.03,35.28,62.19,53.24,55.42,43.01,23.0,43.16,24.55,16.25,47.49,56.15,12.39,43.64,40.52,15.13,41.15,57.21,44.34,49.82,40.43,42.36,54.77,46.09,42.41,62.7,49.56,27.09,51.59,40.44,45.88,45.86,32.81,34.22,52.81,10.53,20.39,39.92,34.14,33.03,53.79,27.68,22.48,37.9,39.77,42.93,40.04,26.71,39.25,52.49,42.84,39.03,37.47,45.27,36.48,39.03,43.89,25.57,32.84,42.7,64.01,45.57,38.66,50.25,39.63,38.96,40.1,62.68,51.69,35.56,28.81,50.2,33.42,52.78,33.47,29.96,38.03,45.79,35.83,29.91,34.63,39.81,31.26,39.91,51.86,50.87,37.02,31.13,36.06,37.87,30.95,36.51,35.92,30.01,39.13,34.83,36.8,37.24,32.84,32.22,35.04,34.64,38.37,39.21,35.58,34.48,36.62,32.65,33.45,34.12,37.82,25.18,35.43,26.87,23.04,17.9,23.86,29.92,21.67,15.13,22.59,23.67,35.21,26.01,14.49,27.67,20.64,13.33,20.04,26.74,46.46,39.73,40.93,46.57,44.26,43.92,41.16,41.81,45.0,50.35,43.04,51.0,45.72,45.8,44.57,42.8,53.71,42.0,43.75,44.14,44.65,45.61,41.58,48.5,42.0,44.71,45.86,44.21,45.49,43.21,51.28,46.48,43.2,45.36,50.39,48.71,65.36,59.49,60.36,56.28,55.61,56.46,53.25,72.27,61.4,68.87,63.12,57.25,72.04,74.42,63.5,70.24,56.79,59.44,70.57,56.99,58.57,53.25,39.07,42.57,40.12,41.92,39.15,45.06,48.11,49.85,43.78,57.56,44.22,44.88,58.54,43.94,41.44,55.63,59.73,42.85,54.7,56.63,48.98,52.43,47.1,58.15,42.7,45.13,47.41,53.56,50.46,44.07,42.34,57.79,53.68,52.94,42.39,42.06,41.89,46.54,57.02,55.59,57.51,46.35,45.7,45.56,43.48,45.78,42.49,47.5,43.39,52.22,44.37,48.97,55.17,37.61,51.11,43.82,24.34,40.5,26.01,42.18,36.45,30.24,33.39,34.48,37.94,33.85,32.2,26.2,34.85,42.01,22.35,25.5,40.51,43.81,35.74,32.36,43.9,41.31,35.3,44.92,52.24,55.38,52.94,47.85,33.18,38.95,46.9,46.97,46.2,53.89,35.83,34.0,52.52,40.41,29.33,38.85,26.06,27.48,46.3,45.55,44.73,43.68,13.05,15.43,18.24,20.97,21.61,2.1,21.64,20.38,18.94,15.9,17.83,20.03,8.6,12.0,17.18,16.37,13.97,9.13,2.75,15.98,14.99,15.18,14.92,9.53,12.91,14.12,12.67,1.53,12.85,0.0,22.18,12.38,17.34,16.03,22.84,9.35,15.25,14.04,20.47,23.87,16.05,18.75,30.38,27.36
10.62,40.36,30.02,67.64,58.82,59.47,48.59,30.7,45.58,41.15,22.62,49.9,61.61,11.03,49.09,32.69,23.59,46.74,62.66,46.75,55.4,31.39,47.94,60.23,51.67,47.86,68.16,48.31,36.63,41.11,38.81,48.29,48.27,27.55,28.97,56.85,11.65,42.73,41.26,39.72,35.75,57.84,39.24,21.14,43.48,38.52,48.51,38.78,40.96,35.5,56.54,48.42,44.61,42.92,50.85,38.89,44.61,49.47,40.14,38.42,48.29,69.47,51.15,34.91,54.3,38.01,44.54,38.85,68.14,55.74,41.45,37.62,55.78,39.0,56.82,39.05,36.34,34.28,51.37,38.75,38.12,34.07,45.39,36.84,36.16,57.44,56.45,39.42,36.71,36.23,34.12,37.39,40.32,34.0,39.42,44.71,37.24,42.38,42.82,38.42,37.8,37.95,36.67,43.95,33.42,40.6,37.6,42.21,38.23,35.86,36.46,43.4,23.85,41.01,25.54,21.71,18.78,22.53,28.59,31.21,24.66,32.13,22.34,40.79,24.68,24.39,26.33,30.18,30.58,17.37,5.72,48.87,45.18,43.34,48.98,49.72,46.33,42.7,44.23,47.41,52.76,45.45,56.46,46.98,51.26,50.03,48.26,56.12,44.41,46.16,48.19,50.11,49.66,45.63,50.91,47.46,47.12,46.57,48.26,49.54,48.67,53.69,51.94,48.66,46.62,55.97,54.29,70.82,64.95,65.82,61.73,58.02,46.1,58.71,58.75,66.85,74.33,68.57,62.7,58.53,79.87,68.96,75.7,59.2,64.89,76.03,45.47,64.03,57.29,44.65,48.15,45.7,47.5,32.48,34.35,46.85,40.38,38.52,39.07,37.88,35.27,39.72,38.69,40.19,40.79,43.35,36.5,43.92,40.25,40.77,39.71,45.85,41.77,37.45,38.78,46.15,42.86,49.2,42.81,41.08,42.64,44.57,51.69,47.97,47.64,47.47,52.12,61.07,59.64,61.55,51.93,51.28,51.14,49.06,51.36,48.07,51.55,48.97,56.27,49.95,53.02,59.21,43.19,55.16,49.4,19.08,34.01,20.75,30.3,31.2,24.98,28.13,33.15,32.69,28.59,26.94,20.95,29.59,32.27,17.09,20.24,24.6,31.94,30.48,27.11,32.69,31.59,30.05,50.5,57.82,60.96,58.52,53.43,51.2,44.53,52.48,52.55,51.78,59.47,50.33,50.2,58.1,45.99,58.25,44.43,41.44,40.66,51.88,51.13,50.31,49.26,9.67,4.44,1.05,1.83,18.94,21.3,16.38,15.12,13.68,16.72,21.2,14.77,25.85,12.81,11.92,17.18,14.78,13.05,19.44,16.8,15.8,15.99,9.67,17.23,7.55,8.87,10.28,21.03,13.66,22.18,0.0,10.12,2.11,16.85,30.55,31.53,38.13,38.75,41.69,31.57,38.24,4.23,9.36,6.34
10.56,41.72,33.4,70.45,61.5,63.69,51.27,21.04,46.94,32.82,24.52,51.27,64.41,10.51,51.9,36.06,23.39,49.42,65.47,48.11,58.08,38.55,50.62,63.03,54.35,50.67,70.96,49.67,35.36,44.49,40.18,49.66,49.63,30.93,32.35,61.07,8.66,41.45,42.62,42.4,41.29,62.05,35.94,21.93,46.16,39.88,51.2,40.14,34.97,36.28,60.75,51.1,47.29,45.73,53.53,44.75,47.29,52.16,33.84,41.1,50.97,72.27,53.83,35.7,58.51,39.37,47.23,40.21,70.94,59.96,43.82,37.07,58.46,41.68,61.04,41.74,38.22,35.06,54.05,44.1,38.17,34.86,48.08,39.52,36.95,60.12,59.13,45.28,39.39,37.02,34.91,39.21,41.69,34.78,38.27,47.39,43.09,45.06,45.51,41.1,40.48,43.31,37.45,46.64,34.2,41.97,42.74,44.89,40.91,41.71,37.25,46.08,24.64,43.69,26.32,22.49,16.03,23.31,29.37,29.93,23.39,30.85,23.13,43.47,25.47,22.76,27.12,28.9,21.6,18.16,15.41,50.24,47.99,44.71,50.35,52.52,47.69,44.07,45.59,48.78,54.12,46.81,59.27,53.98,54.06,52.83,51.06,57.49,45.77,47.53,52.4,52.92,53.88,49.84,52.28,50.27,48.48,54.12,52.47,53.75,51.48,55.06,54.74,51.46,53.62,58.66,56.97,73.62,67.75,68.62,64.54,59.38,55.9,61.51,68.54,69.66,77.13,71.38,65.51,68.32,82.68,71.76,78.5,60.56,67.7,78.83,55.26,66.83,61.51,47.34,50.83,48.38,50.18,33.26,37.73,48.22,43.76,41.9,48.86,39.24,39.89,49.51,42.06,41.55,50.58,53.14,37.86,54.81,50.04,49.08,43.09,47.21,51.56,40.82,40.15,47.51,53.67,50.57,44.17,42.45,52.43,53.78,53.05,50.65,50.32,50.15,54.8,65.28,63.85,65.77,54.61,53.96,53.82,51.75,54.04,50.76,55.76,51.65,60.48,52.63,57.23,63.43,45.87,59.37,52.08,22.46,37.54,24.13,33.68,34.57,28.36,31.51,33.93,36.06,31.97,30.32,24.32,32.97,40.13,20.47,23.62,34.29,35.31,33.86,30.48,42.02,39.43,33.42,53.18,60.5,63.64,61.2,56.11,41.45,47.21,55.16,55.23,54.46,62.15,44.1,42.27,60.78,48.67,49.14,47.11,34.32,35.74,54.56,53.82,52.99,51.95,11.17,6.27,9.08,11.51,19.73,12.31,19.76,18.5,17.06,14.02,15.95,18.15,16.87,10.12,15.3,14.49,12.09,9.86,11.01,14.1,13.11,13.3,13.04,7.57,6.37,12.24,6.43,11.23,10.97,12.38,10.12,0.0,8.18,14.15,20.89,21.73,36.86,37.48,40.41,21.91,28.43,9.59,19.05,16.03
12.38,42.11,31.78,69.4,60.57,61.23,50.35,28.76,47.33,42.91,24.38,51.66,63.37,12.78,50.85,34.44,25.35,48.49,64.42,48.51,57.16,36.93,49.69,61.99,53.43,49.62,69.91,50.06,38.39,42.87,40.57,50.05,50.02,29.31,30.72,58.61,13.41,44.48,43.01,41.48,37.51,59.59,40.99,22.9,45.24,40.27,50.27,40.54,42.71,37.25,58.29,50.18,46.37,44.68,52.61,40.65,46.36,51.23,41.89,40.18,50.04,71.22,52.91,36.67,56.05,39.77,46.3,40.6,69.9,57.5,43.21,39.38,57.54,40.76,58.58,40.81,38.1,36.03,53.12,40.5,39.88,35.83,47.15,38.6,37.92,59.19,58.2,41.18,38.46,37.99,35.88,39.15,42.08,35.75,41.18,46.47,38.99,44.14,44.58,40.18,39.55,39.71,38.42,45.71,35.17,42.36,39.35,43.96,39.98,37.61,38.22,45.16,25.61,42.77,27.29,23.46,20.54,24.28,30.34,32.96,26.42,33.88,24.1,42.54,26.44,26.15,28.09,31.93,32.33,19.13,7.39,50.63,46.94,45.1,50.74,51.48,48.09,44.46,45.98,49.17,54.52,47.21,58.22,48.74,53.02,51.79,50.01,57.88,46.17,47.92,49.95,51.87,51.42,47.38,52.67,49.22,48.88,48.32,50.02,51.29,50.43,55.45,53.7,50.41,48.38,57.73,56.05,72.57,66.71,67.57,63.49,59.78,47.77,60.47,60.42,68.61,76.08,70.33,64.46,60.2,81.63,70.72,77.46,60.95,66.65,77.78,47.14,65.79,59.05,46.41,49.9,47.46,49.25,34.23,36.11,48.61,42.14,40.27,40.74,39.63,37.02,41.39,40.44,41.94,42.46,45.02,38.26,45.59,41.92,42.53,41.46,47.6,43.44,39.2,40.54,47.91,44.53,50.96,44.57,42.84,44.31,46.24,53.44,49.72,49.4,49.23,53.87,62.82,61.39,63.31,53.69,53.04,52.9,50.82,53.12,49.83,53.31,50.73,58.02,51.71,54.77,60.97,44.95,56.91,51.16,20.84,35.76,22.51,32.06,32.95,26.74,29.89,34.9,34.44,30.35,28.7,22.7,31.35,38.51,18.85,22.0,26.27,33.69,32.24,28.86,34.36,37.81,31.8,52.26,59.58,62.72,60.27,55.18,52.95,46.29,54.24,54.31,53.53,61.23,52.09,51.96,59.85,47.75,60.01,46.19,43.2,42.42,53.64,52.89,52.07,51.02,11.42,2.5,1.06,3.5,20.7,23.05,18.14,16.88,15.43,18.47,22.96,16.53,27.6,14.57,13.68,18.94,16.54,14.81,21.2,18.55,17.55,17.75,11.42,15.29,5.61,10.62,8.34,16.19,15.41,17.34,2.11,8.18,0.0,18.6,28.6,26.69,39.89,40.51,43.44,29.63,33.39,2.29,11.03,8.01
7.1,28.95,27.29,56.24,46.84,48.07,36.61,34.91,34.17,29.18,12.11,38.5,50.21,7.05,37.69,22.77,13.09,34.76,51.26,35.35,43.42,32.45,35.96,48.83,39.69,36.46,56.75,36.9,26.13,38.93,27.41,36.89,36.86,24.82,26.24,45.45,5.5,32.22,29.85,27.74,23.77,46.43,27.26,9.16,31.5,27.11,36.53,27.38,28.98,23.52,45.13,36.44,32.63,31.52,38.87,26.91,32.63,37.49,28.16,26.44,36.31,58.06,39.17,22.93,42.89,26.61,32.56,27.44,56.74,44.34,25.99,25.64,43.8,27.02,45.42,27.07,24.36,22.3,39.39,26.77,26.14,22.1,33.41,24.86,24.18,45.46,44.47,27.44,24.73,24.25,22.14,25.41,28.92,22.02,27.44,32.73,25.26,30.4,30.84,26.44,25.82,25.98,24.69,31.97,21.44,29.2,25.62,30.23,26.25,23.88,24.48,31.42,11.87,29.03,13.56,9.73,3.26,10.55,16.61,20.7,14.16,21.62,10.36,28.81,12.7,13.89,14.35,19.67,14.68,5.39,21.4,37.47,33.78,31.94,37.58,38.32,34.93,31.3,32.82,36.01,41.36,34.05,45.06,35.58,39.86,38.63,36.85,44.72,33.01,34.76,36.78,38.71,38.26,34.22,39.51,36.06,35.72,35.16,36.86,38.13,37.27,42.29,40.54,37.25,35.22,43.99,42.31,59.41,53.55,54.41,50.33,46.62,43.8,47.31,66.32,55.45,62.92,57.17,51.3,66.1,68.47,57.56,64.3,47.79,53.49,64.62,44.33,52.63,45.89,32.67,36.17,33.72,35.52,20.5,27.3,35.45,37.19,38.57,44.9,26.47,27.13,45.87,35.96,28.78,42.97,47.07,25.1,42.04,43.97,36.32,39.77,34.44,45.49,34.72,27.38,34.75,40.9,37.8,31.41,29.68,45.13,41.02,40.28,35.99,35.66,35.49,40.14,49.66,48.23,50.15,39.95,39.3,39.16,37.08,39.38,36.1,40.15,36.99,44.86,37.97,41.61,47.81,31.21,43.75,37.42,16.35,24.77,18.02,24.42,28.47,22.25,25.4,21.17,29.96,25.86,24.21,18.22,26.86,34.03,14.36,17.51,32.52,26.06,27.75,24.38,35.91,33.32,27.32,38.52,45.84,48.98,46.54,41.45,39.22,32.55,40.5,40.57,39.8,47.49,38.35,38.23,46.12,34.01,46.27,32.45,29.46,28.68,39.9,39.15,38.33,37.28,7.71,14.15,17.45,15.63,6.96,15.15,6.32,6.92,8.36,1.92,3.18,8.68,19.7,4.72,10.39,1.72,2.07,6.9,13.29,6.29,5.29,1.19,9.58,21.44,10.47,8.78,7.83,14.88,3.19,16.03,16.85,14.15,18.6,0.0,34.76,25.38,27.63,28.25,31.18,35.78,32.09,20.01,25.04,22.02
31.16,57.75,54.0,80.91,71.96,74.14,61.73,1.12,61.88,43.28,34.97,66.21,74.87,31.11,62.36,59.24,33.85,59.88,75.93,63.06,68.54,59.16,61.08,73.49,49.19,61.13,81.42,68.29,35.24,70.31,59.16,64.6,64.58,51.53,52.95,71.53,29.26,30.1,58.65,52.86,51.75,72.51,46.4,41.2,56.62,58.5,61.65,58.76,45.43,57.97,71.21,61.56,57.75,56.19,44.52,55.21,57.75,46.6,44.3,51.56,61.43,82.73,46.72,57.38,68.97,58.36,57.69,58.83,81.4,70.41,54.28,47.53,68.92,52.14,71.5,52.19,48.68,56.75,46.72,54.56,48.63,53.35,58.54,49.98,58.63,70.58,69.59,55.74,49.85,54.78,56.59,49.67,55.23,54.64,48.73,57.85,53.55,55.52,55.97,51.56,50.94,53.76,53.36,57.09,57.93,54.31,53.2,55.35,51.37,52.17,52.84,56.54,43.9,54.15,45.59,41.76,36.63,42.58,48.64,40.39,33.85,41.31,42.39,53.93,44.74,33.22,46.39,39.36,32.05,38.76,35.83,65.18,58.45,59.65,65.29,62.98,62.64,59.88,60.53,63.72,69.07,61.76,69.73,64.44,64.52,63.29,61.52,72.43,60.72,62.47,62.86,63.38,64.34,60.3,67.22,60.72,63.43,64.58,62.93,64.21,61.94,70.0,65.2,61.92,64.08,69.11,67.43,84.08,78.21,79.08,75.0,74.33,75.18,71.97,90.99,80.12,87.59,81.84,75.97,90.77,93.14,82.22,88.96,75.51,78.16,89.29,75.71,77.29,71.97,57.8,61.29,58.84,60.64,57.87,63.78,66.83,68.57,62.5,76.29,62.95,63.6,77.26,62.66,60.17,74.35,78.45,61.57,73.43,75.35,67.7,71.15,65.82,76.87,61.43,63.85,66.13,72.29,69.18,62.79,61.06,76.51,72.4,71.66,61.11,60.78,60.61,65.26,75.74,74.31,76.23,65.07,64.42,64.28,62.21,64.5,61.22,66.22,62.11,70.94,63.09,67.69,73.89,56.33,69.83,62.54,43.06,59.22,44.73,60.9,55.18,48.96,52.11,53.2,56.66,52.57,50.92,44.92,53.57,60.74,41.07,44.22,59.23,62.53,54.46,51.09,62.62,60.03,54.03,63.64,55.33,58.47,56.03,49.2,51.91,57.67,49.61,48.33,64.92,56.98,54.55,52.72,55.61,59.13,39.05,57.57,44.78,46.2,49.4,48.65,47.44,46.39,31.77,26.69,29.5,31.94,40.33,22.77,40.36,39.1,37.66,34.63,36.55,38.75,27.32,30.72,35.9,35.09,32.69,27.86,21.47,34.71,33.71,33.9,33.64,13.97,28.73,32.84,27.87,21.69,31.57,22.84,30.55,20.89,28.6,34.76,0.0,18.05,37.17,37.79,30.19,1.71,25.77,30.01,39.47,36.45
21.79,45.12,44.62,68.28,59.28,61.47,37.15,16.93,49.26,30.65,25.6,53.59,62.25,21.73,49.73,46.62,24.48,42.23,63.3,50.43,55.87,49.78,36.49,60.87,31.14,48.5,68.79,55.66,17.19,57.68,46.54,51.97,51.95,42.16,43.57,58.85,19.88,12.05,46.02,40.24,39.13,59.84,33.77,31.82,43.95,45.87,41.43,46.13,32.81,45.34,58.54,36.98,45.07,43.56,26.48,42.58,45.07,28.55,31.67,39.17,36.84,70.1,28.67,44.75,56.3,45.73,45.01,46.2,68.78,57.74,41.66,34.9,56.24,39.47,58.82,40.89,36.06,44.12,28.67,44.7,36.0,40.73,44.04,37.36,46.0,57.9,56.91,43.11,37.22,42.15,43.97,37.05,42.61,42.02,36.1,45.17,40.93,42.85,43.29,38.94,38.31,41.14,40.73,44.42,45.31,41.68,40.57,42.67,38.74,39.54,40.21,43.87,34.53,36.65,36.22,32.39,27.25,33.2,44.2,27.76,24.48,28.68,33.02,36.45,35.36,23.84,37.01,26.73,22.68,29.39,36.08,52.56,45.82,47.02,52.67,50.36,50.01,47.25,47.91,51.1,56.44,49.13,57.1,51.76,51.9,50.67,48.89,59.8,48.09,49.85,50.19,50.75,51.66,47.63,54.6,48.1,50.8,51.91,50.26,51.54,49.31,57.38,52.58,49.29,51.41,56.44,54.76,71.45,65.59,66.45,62.37,61.7,62.56,59.35,78.36,67.49,74.96,69.21,63.34,78.14,80.51,69.6,76.34,62.88,65.53,76.66,63.08,64.67,59.29,45.12,42.82,46.16,43.32,45.25,51.15,54.21,55.94,57.33,63.66,50.32,50.97,64.63,59.54,47.54,61.73,65.82,48.94,60.8,62.73,55.07,58.52,53.2,64.25,59.12,51.23,53.5,59.66,56.56,50.16,48.44,63.88,59.77,59.04,42.68,48.11,47.94,52.58,63.07,61.64,63.55,52.39,51.75,51.6,43.74,51.82,48.54,53.55,49.43,58.26,50.42,55.02,61.21,38.83,57.16,35.75,33.68,46.6,35.35,48.27,54.31,39.59,49.78,47.14,47.29,43.2,41.54,35.55,44.2,51.36,31.7,34.85,49.86,49.9,45.08,41.71,53.25,50.65,44.65,36.84,37.28,40.42,37.98,31.16,26.02,34.01,31.56,30.28,38.12,38.94,28.87,26.84,37.56,34.55,21.0,32.93,32.15,33.58,31.35,30.6,29.39,28.34,22.4,24.78,27.59,30.32,30.96,11.45,30.99,29.72,28.28,25.25,27.17,29.38,17.95,21.35,26.52,25.72,23.31,18.48,12.09,25.33,24.33,24.53,24.27,18.87,22.26,23.47,22.01,10.87,22.19,9.35,31.53,21.73,26.69,25.38,18.05,0.0,19.12,19.74,12.14,18.46,7.72,28.1,39.72,36.71
28.38,29.43,38.09,52.59,43.64,45.82,26.33,36.04,33.56,14.96,15.87,37.89,46.55,28.33,34.04,30.92,14.74,31.56,47.61,34.74,40.22,43.25,25.67,45.17,20.36,32.81,53.1,39.97,1.93,41.99,30.84,36.28,36.26,35.11,37.04,43.21,34.19,8.02,30.33,24.54,23.43,44.19,18.08,22.09,28.3,30.18,33.33,30.44,17.11,29.65,42.89,26.16,29.43,27.87,15.7,26.89,29.43,17.77,15.98,23.24,26.02,54.41,17.9,29.06,40.65,30.04,29.37,30.51,53.08,42.09,25.96,19.21,40.6,23.82,43.18,23.87,20.36,28.43,17.9,26.24,20.31,25.03,30.22,21.66,30.31,42.26,41.27,27.42,21.53,26.46,28.27,21.35,26.91,26.32,20.41,29.53,25.23,27.2,27.65,23.24,22.62,25.44,25.04,28.78,29.61,25.99,24.88,27.03,23.05,23.85,24.52,28.22,24.8,25.83,26.48,22.66,27.43,23.47,28.51,12.07,14.69,12.99,23.29,25.61,25.63,16.21,27.28,11.04,15.26,25.29,42.68,36.86,30.13,31.33,36.97,34.66,34.32,31.56,32.21,35.4,40.75,33.44,41.41,36.12,36.2,34.97,33.2,44.11,32.4,34.15,34.54,35.06,36.02,31.98,38.9,32.4,35.11,36.26,34.61,35.89,33.62,41.68,36.88,33.6,35.76,40.79,39.11,55.76,49.89,50.76,46.68,46.01,46.86,43.65,62.67,51.8,59.27,53.52,47.65,62.45,64.82,53.9,60.64,47.19,49.84,60.97,47.39,48.97,43.65,29.48,32.97,30.52,32.32,29.55,35.46,38.51,40.25,41.64,47.97,34.63,35.28,48.94,43.85,31.85,46.03,50.13,33.25,45.11,47.03,39.38,42.83,37.51,48.55,43.43,35.53,37.81,43.97,40.86,34.47,32.74,48.19,44.08,43.34,32.79,32.46,32.29,36.94,47.42,45.99,47.91,36.75,36.1,35.96,33.89,36.18,32.9,37.9,33.79,42.62,34.77,39.37,45.57,28.01,41.51,24.97,36.98,30.9,42.69,32.58,38.61,37.23,34.08,31.44,40.76,37.78,36.44,38.84,37.67,44.83,34.99,42.56,44.44,34.21,38.55,36.3,46.72,44.12,38.12,26.07,26.51,29.65,27.2,20.38,10.32,16.82,20.78,19.5,27.35,28.16,12.97,11.14,26.79,23.73,15.71,22.16,16.46,17.88,20.57,19.82,18.61,17.56,28.99,39.9,38.74,36.92,26.41,26.42,26.95,27.55,28.99,27.5,29.85,29.31,22.62,26.0,31.02,28.96,25.56,32.79,26.4,21.34,22.33,26.77,33.0,34.0,38.96,30.07,36.32,27.44,25.13,15.25,38.13,36.86,39.89,27.63,37.17,19.12,0.0,1.21,6.98,37.57,12.88,41.3,46.32,43.3
29.0,30.05,38.71,53.21,44.26,46.44,26.95,36.66,34.18,15.58,16.49,38.51,47.17,28.95,34.66,31.54,15.36,32.18,48.23,35.36,40.84,43.87,26.29,45.79,20.98,33.43,53.72,40.58,2.55,42.61,31.46,36.9,36.88,35.73,37.66,43.83,34.81,8.64,30.95,25.16,24.05,44.81,18.7,22.71,28.92,30.79,33.95,31.06,17.73,30.27,43.51,26.78,30.05,28.49,16.32,27.5,30.05,18.39,16.59,23.86,26.64,55.03,18.52,29.68,41.27,30.66,29.98,31.13,53.7,42.71,26.58,19.83,41.22,24.44,43.8,24.49,20.98,29.05,18.52,26.85,20.93,25.65,30.83,22.28,30.93,42.88,41.89,28.04,22.15,27.08,28.89,21.97,27.53,26.94,21.03,30.15,25.85,27.82,28.26,23.86,23.24,26.06,25.66,29.39,30.23,26.61,25.5,27.64,23.67,24.47,25.14,28.84,25.42,26.45,27.1,23.28,28.05,24.09,29.13,12.69,15.31,13.61,23.91,26.23,26.25,16.83,27.9,11.66,15.88,25.91,43.3,37.48,30.75,31.95,37.59,35.28,34.94,32.18,32.83,36.02,41.37,34.06,42.02,36.74,36.82,35.59,33.82,44.73,33.02,34.77,35.16,35.68,36.63,32.6,39.52,33.02,35.73,36.88,35.23,36.51,34.24,42.3,37.5,34.22,36.38,41.41,39.73,56.38,50.51,51.38,47.3,46.63,47.48,44.27,63.29,52.42,59.89,54.14,48.27,63.07,65.44,54.52,61.26,47.81,50.46,61.59,48.01,49.59,44.27,30.09,33.59,31.14,32.94,30.17,36.08,39.13,40.87,42.25,48.58,35.24,35.9,49.56,44.47,32.46,46.65,50.75,33.87,45.73,47.65,40.0,43.45,38.12,49.17,44.05,36.15,38.43,44.58,41.48,35.09,33.36,48.81,44.7,43.96,33.41,33.08,32.91,37.56,48.04,46.61,48.53,37.37,36.72,36.58,34.5,36.8,33.51,38.52,34.41,43.24,35.39,39.99,46.19,28.63,42.13,25.59,37.6,31.52,43.31,33.2,39.23,37.85,34.7,32.06,41.38,38.4,37.06,39.46,38.28,45.45,35.61,43.17,45.06,34.83,39.17,36.91,47.34,44.74,38.74,26.69,27.13,30.27,27.82,21.0,10.94,17.44,21.4,20.12,27.97,28.78,13.59,11.76,27.41,24.35,16.33,22.78,17.08,18.5,21.19,20.44,19.23,18.18,29.61,40.52,39.36,37.54,27.03,27.04,27.57,28.17,29.61,28.12,30.47,29.93,23.24,26.62,31.64,29.58,26.18,33.41,27.02,21.95,22.95,27.39,33.62,34.62,39.57,30.69,36.94,15.57,25.75,14.04,38.75,37.48,40.51,28.25,37.79,19.74,1.21,0.0,7.6,38.19,13.5,41.92,46.94,43.92
31.94,32.98,41.65,56.14,47.15,49.33,25.01,29.06,37.12,18.51,19.43,41.45,50.11,31.89,37.59,34.48,18.3,30.09,51.16,38.3,43.73,46.81,24.36,48.73,19.0,36.36,56.66,43.52,5.06,45.55,34.4,39.84,39.81,38.66,40.6,46.72,37.75,1.04,33.88,28.1,26.99,47.7,21.64,25.65,31.81,33.73,29.3,33.99,20.67,33.2,46.4,24.84,32.94,31.42,14.34,30.44,32.93,16.41,19.53,27.03,24.71,57.96,16.54,32.62,44.16,33.59,32.87,34.06,56.64,45.6,29.52,22.77,44.11,27.33,46.69,28.76,23.92,31.98,16.54,32.56,23.87,28.59,31.9,25.22,33.87,45.77,44.78,30.98,25.08,30.02,31.83,24.91,30.47,29.88,23.97,33.04,28.79,30.71,31.15,26.8,26.17,29.0,28.6,32.28,33.17,29.54,28.44,30.53,26.61,27.41,28.07,31.73,28.36,24.51,30.04,26.21,30.98,27.03,32.06,15.63,18.25,16.55,26.84,24.31,29.19,19.77,30.84,14.6,18.82,28.85,46.24,40.42,33.68,34.89,40.53,38.22,37.88,35.12,35.77,38.96,44.3,37.0,44.96,39.63,39.76,38.53,36.76,47.67,35.96,37.71,38.05,38.61,39.52,35.49,42.46,35.96,38.67,39.77,38.12,39.4,37.17,45.24,40.44,37.16,39.27,44.3,42.62,59.32,53.45,54.32,50.23,49.57,50.42,47.21,66.23,55.35,62.82,57.07,51.2,66.0,68.37,57.46,64.2,50.74,53.39,64.53,50.95,52.53,47.16,32.98,30.69,34.03,31.18,33.11,39.01,42.07,43.8,45.19,51.52,38.18,38.84,52.49,47.41,35.4,49.59,53.69,36.81,48.66,50.59,42.94,46.38,41.06,52.11,46.98,39.09,41.36,47.52,44.42,38.03,36.3,51.75,47.64,46.9,30.54,35.97,35.8,40.45,50.93,49.5,51.41,40.26,39.61,39.47,31.6,39.69,36.4,41.41,37.3,46.13,38.28,42.88,49.08,26.69,45.02,23.61,40.53,34.46,46.25,36.13,42.17,40.79,37.64,35.0,44.32,41.34,40.0,42.4,41.22,48.39,38.55,46.11,48.0,37.77,42.11,39.85,50.27,47.68,41.68,24.71,25.15,28.29,25.84,19.02,13.88,21.88,19.42,18.14,25.99,26.8,16.73,14.7,25.43,22.41,8.86,20.8,20.01,21.44,19.21,18.46,17.25,16.2,32.55,43.46,42.29,40.48,29.97,29.97,30.51,31.1,32.54,31.05,33.41,32.87,26.18,29.56,34.57,32.52,29.12,36.34,29.96,24.89,25.89,30.33,36.56,37.56,42.51,33.63,39.88,31.0,28.69,20.47,41.69,40.41,43.44,31.18,30.19,12.14,6.98,7.6,0.0,30.59,5.9,44.85,49.88,46.86
32.19,58.77,55.02,81.93,72.98,75.17,62.76,1.53,62.91,44.3,36.0,67.24,75.9,32.13,63.38,60.27,34.87,60.9,76.95,64.09,69.57,60.18,62.1,74.52,49.59,62.15,82.45,69.31,35.65,71.34,60.19,65.63,65.6,52.56,53.97,72.55,30.28,30.51,59.67,53.89,52.78,73.54,47.42,42.22,57.65,59.52,62.68,59.78,46.46,58.99,72.24,62.59,58.77,57.21,44.93,56.23,58.77,47.01,45.32,52.59,62.45,83.75,47.13,58.4,70.0,59.38,58.71,59.85,82.43,71.44,55.31,48.56,69.95,53.17,72.53,53.22,49.71,57.77,47.13,55.58,49.65,54.38,59.56,51.01,59.66,71.6,70.61,56.77,50.87,55.8,57.62,50.7,56.26,55.67,49.75,58.87,54.58,56.55,56.99,52.59,51.96,54.79,54.38,58.12,58.96,55.33,54.23,56.37,52.39,53.2,53.86,57.57,44.93,55.17,46.61,42.79,37.65,43.6,49.67,41.42,34.87,42.34,43.42,54.95,45.76,34.24,47.41,40.39,33.08,39.79,36.86,66.21,59.47,60.68,66.32,64.01,63.66,60.91,61.56,64.75,70.09,62.79,70.75,65.46,65.55,64.32,62.55,73.46,61.75,63.5,63.89,64.4,65.36,61.33,68.25,61.75,64.45,65.61,63.96,65.24,62.96,71.03,66.23,62.94,65.11,70.14,68.46,85.1,79.24,80.11,76.02,75.36,76.21,73.0,92.02,81.14,88.61,82.86,76.99,91.79,94.16,83.25,89.99,76.53,79.18,90.32,76.73,78.32,73.0,58.82,62.31,59.86,61.66,58.9,64.8,67.86,69.59,63.52,77.31,63.97,64.63,78.28,63.69,61.19,75.38,79.48,62.59,74.45,76.38,68.72,72.17,66.85,77.9,62.45,64.88,67.15,73.31,70.21,63.82,62.09,77.53,73.43,72.69,62.13,61.81,61.64,66.28,76.77,75.34,77.25,66.09,65.45,65.3,63.23,65.53,62.24,67.25,63.13,71.97,64.12,68.72,74.91,57.35,70.86,63.57,44.08,60.25,45.75,61.92,56.2,49.99,53.13,54.23,57.69,53.6,51.94,45.95,54.6,61.76,42.1,45.25,60.26,63.56,55.48,52.11,63.65,61.05,55.05,64.67,55.74,58.88,56.44,49.61,52.93,58.69,50.02,48.73,65.94,57.39,47.32,53.75,56.02,60.16,39.45,58.6,45.8,47.23,49.8,49.05,47.84,46.8,32.8,27.71,30.53,32.96,41.36,23.8,41.39,40.12,38.68,35.65,37.57,39.78,28.35,31.75,36.92,36.12,33.71,28.88,22.49,35.73,34.73,34.93,34.67,15.0,29.75,33.87,28.89,22.71,32.59,23.87,31.57,21.91,29.63,35.78,1.71,18.46,37.57,38.19,30.59,0.0,26.17,31.04,40.49,37.48
28.49,38.88,47.55,62.04,53.04,55.23,30.91,24.64,43.02,24.41,25.32,47.35,56.01,28.44,43.49,40.38,24.2,35.99,57.06,44.19,49.63,52.7,30.25,54.63,24.9,42.26,62.55,49.42,10.95,51.44,40.3,45.73,45.71,44.56,46.5,52.61,26.59,5.81,39.78,34.0,32.89,53.6,27.53,31.55,37.71,39.63,35.19,39.89,26.57,39.1,52.3,30.74,38.83,37.32,20.24,36.34,38.83,22.31,25.43,32.93,30.6,63.86,22.43,38.51,50.06,39.49,38.77,39.96,62.54,51.5,35.42,28.66,50.0,33.23,52.58,34.65,29.82,37.88,22.43,38.46,29.76,34.49,37.8,31.12,39.76,51.66,50.67,36.87,30.98,35.91,37.73,30.81,36.37,35.78,29.86,38.93,34.69,36.61,37.05,32.7,32.07,34.9,34.49,38.18,39.07,35.44,34.33,36.43,32.5,33.3,33.97,37.63,34.25,30.41,35.94,32.11,36.88,32.93,37.96,21.52,24.14,22.44,32.74,30.21,35.09,25.67,36.74,20.49,24.71,34.75,42.79,46.32,39.58,40.78,46.43,44.12,43.77,41.01,41.67,44.86,50.2,42.89,50.86,45.52,45.66,44.43,42.65,53.56,41.85,43.61,43.95,44.51,45.42,41.39,48.36,41.86,44.56,45.67,44.02,45.3,43.07,51.14,46.34,43.05,45.17,50.2,48.52,65.21,59.35,60.21,56.13,55.46,56.32,53.11,72.12,61.25,68.72,62.97,57.1,71.9,74.27,63.36,70.1,56.64,59.29,70.42,56.84,58.43,53.05,38.88,36.58,39.92,37.08,39.01,44.91,47.97,49.7,51.09,57.42,44.08,44.73,58.39,53.3,41.3,55.49,59.58,42.7,54.56,56.49,48.83,52.28,46.96,58.01,52.88,44.99,47.26,53.42,50.32,43.92,42.2,57.64,53.53,52.8,36.43,41.87,41.7,46.34,56.83,55.4,57.31,46.15,45.51,45.36,37.5,45.58,42.3,47.31,43.19,52.02,44.18,48.78,54.97,32.59,50.92,29.51,40.39,40.35,42.06,42.03,48.07,46.68,43.54,40.9,50.21,47.24,45.89,42.25,47.12,54.28,38.4,41.55,53.89,43.66,48.01,45.75,56.17,53.58,47.57,30.6,31.04,34.18,31.74,24.92,19.78,27.77,25.32,24.04,31.88,32.7,22.63,20.6,31.32,28.31,14.76,26.69,25.91,27.34,25.11,24.36,23.15,22.1,29.1,31.48,34.29,37.02,35.86,18.16,36.4,37.0,34.99,31.96,33.88,36.08,24.66,28.05,33.23,32.42,30.02,25.19,18.8,30.79,31.79,31.23,30.98,25.58,28.96,30.18,28.72,17.58,28.9,16.05,38.24,28.43,33.39,32.09,25.77,7.72,12.88,13.5,5.9,26.17,0.0,34.8,46.43,43.41
13.79,43.52,33.19,70.81,61.98,62.64,51.76,30.17,48.74,44.32,25.79,53.07,64.78,14.19,52.26,35.85,26.76,49.9,65.83,49.92,58.57,38.34,51.1,63.4,54.84,51.03,71.32,51.47,39.8,44.28,41.98,51.46,51.43,30.72,32.13,60.02,14.82,45.89,44.42,42.89,38.92,61.0,42.4,24.31,46.65,41.68,51.68,41.95,44.12,38.66,59.7,51.59,47.78,46.09,54.02,42.06,47.77,52.64,43.3,41.59,51.45,72.63,54.32,38.08,57.46,41.18,47.71,42.01,71.31,58.91,44.62,40.79,58.95,42.17,59.99,42.22,39.51,37.44,54.53,41.91,41.29,37.24,48.56,40.01,39.33,60.6,59.61,42.59,39.87,39.4,37.29,40.56,43.49,37.16,42.59,47.88,40.4,45.55,45.99,41.59,40.96,41.12,39.83,47.12,36.58,43.77,40.76,45.37,41.39,39.02,39.63,46.57,27.02,44.18,28.7,24.87,21.95,25.69,31.75,34.37,27.83,35.29,25.51,43.95,27.85,27.56,29.5,33.34,33.74,20.54,9.52,52.04,48.35,46.51,52.15,52.89,49.5,45.87,47.39,50.58,55.93,48.62,59.63,50.15,54.43,53.2,51.42,59.29,47.58,49.33,51.36,53.28,52.83,48.79,54.08,50.63,50.29,49.73,51.43,52.7,51.84,56.86,55.11,51.82,49.79,59.14,57.46,73.98,68.12,68.98,64.9,61.19,49.9,61.88,62.54,70.02,77.49,71.74,65.87,62.32,83.04,72.13,78.87,62.36,68.06,79.19,49.26,67.2,60.46,47.82,51.31,48.87,50.66,35.64,37.52,50.02,43.55,41.68,42.86,41.04,38.43,43.51,41.85,43.35,44.58,47.14,39.67,56.61,44.04,43.94,42.87,49.01,45.57,40.61,41.95,49.32,55.47,52.37,45.98,44.25,46.44,55.59,54.85,51.13,50.81,50.64,55.28,64.23,62.8,64.72,55.1,54.45,54.31,52.23,54.53,51.24,54.72,52.14,59.43,53.12,56.18,62.38,46.36,58.32,52.57,22.25,37.17,23.92,33.47,34.36,28.15,31.3,36.31,35.85,31.76,30.11,24.11,32.76,39.92,20.26,23.41,28.39,35.1,33.65,30.27,41.81,39.22,33.21,53.67,60.99,64.13,61.68,56.59,54.36,47.7,55.65,55.72,54.94,62.64,53.5,53.37,61.26,49.16,61.42,47.6,44.61,43.83,55.05,54.3,53.48,52.43,12.83,3.91,3.19,5.62,22.11,24.46,19.55,18.29,16.84,19.88,24.37,17.94,29.01,15.98,15.09,20.35,17.94,16.22,22.61,19.96,18.96,19.16,12.83,16.7,7.02,12.03,9.75,17.6,16.82,18.75,4.23,9.59,2.29,20.01,30.01,28.1,41.3,41.92,44.85,31.04,34.8,0.0,13.15,10.14
18.82,48.55,38.21,75.84,67.01,67.66,56.78,39.63,53.77,49.35,30.81,58.1,69.8,19.22,57.29,40.88,31.79,54.93,70.86,54.94,63.59,38.96,56.13,68.42,59.86,56.06,76.35,56.5,44.82,49.3,47.01,56.48,56.46,35.75,37.16,65.04,19.84,50.92,49.45,47.91,43.94,66.03,47.43,29.34,51.67,46.71,56.71,46.97,49.15,43.69,64.73,56.61,52.8,51.12,59.04,47.08,52.8,57.67,48.33,46.61,56.48,77.66,59.34,43.1,62.49,46.2,52.74,47.04,76.33,63.93,49.64,45.82,63.97,47.19,65.02,47.25,44.53,42.47,59.56,46.94,46.31,42.27,53.59,45.03,44.35,65.63,64.64,47.62,44.9,44.42,42.31,45.58,48.51,42.19,47.61,52.9,45.43,50.57,51.02,46.61,45.99,46.15,44.86,52.15,41.61,48.79,45.79,50.4,46.42,44.05,44.65,51.59,32.04,49.2,33.73,29.9,26.97,30.72,36.78,39.4,32.86,40.32,30.53,48.98,32.87,32.58,34.53,38.37,38.77,25.56,13.29,57.07,53.38,51.53,57.18,57.91,54.52,50.9,52.42,55.61,60.95,53.64,64.65,55.17,59.45,58.22,56.45,64.31,52.6,54.36,56.38,58.3,57.85,53.82,59.11,55.65,55.31,54.76,56.45,57.73,56.86,61.88,60.13,56.85,54.81,64.17,62.48,79.01,73.14,74.01,69.93,66.21,53.67,66.9,66.32,75.05,82.52,76.77,70.9,66.09,88.07,77.15,83.89,67.39,73.09,84.22,53.03,72.22,65.49,52.85,56.34,53.89,55.69,40.67,42.54,55.05,48.57,46.71,46.63,46.07,43.46,47.29,46.88,48.38,48.36,50.92,44.69,51.49,47.82,48.97,47.9,54.04,49.34,45.64,46.98,54.34,50.42,57.39,51.0,49.27,50.21,52.13,59.88,56.16,55.83,55.66,60.31,69.26,67.83,69.74,60.12,59.47,59.33,57.26,59.55,56.27,59.74,57.16,64.46,58.14,61.21,67.41,51.38,63.35,57.59,27.27,42.2,28.94,38.49,39.39,33.17,36.32,41.34,40.88,36.79,35.13,29.14,37.78,39.84,25.28,28.43,32.17,40.13,38.67,35.3,40.26,39.16,38.24,58.69,66.01,69.15,66.71,61.62,59.39,52.72,60.67,60.74,59.97,67.66,58.52,58.4,66.29,54.18,66.44,52.62,49.63,48.85,60.07,59.32,58.5,57.46,17.86,13.37,9.97,10.02,27.13,29.49,24.57,23.31,21.87,24.91,29.4,22.96,34.04,21.0,20.11,25.37,22.97,21.24,27.63,24.99,23.99,24.18,17.86,26.15,16.47,17.06,19.21,29.22,21.85,30.38,9.36,19.05,11.03,25.04,39.47,39.72,46.32,46.94,49.88,40.49,46.43,13.15,0.0,3.02
15.8,45.53,35.19,72.82,63.99,64.64,53.76,36.61,50.75,46.33,27.79,55.08,66.78,16.2,54.27,37.86,28.77,51.91,67.84,51.93,60.58,35.94,53.11,65.4,56.85,53.04,73.33,53.48,41.81,46.29,43.99,53.47,53.44,32.73,34.14,62.03,16.82,47.9,46.43,44.9,40.92,63.01,44.41,26.32,48.65,43.69,53.69,43.95,46.13,40.67,61.71,53.6,49.78,48.1,56.02,44.06,49.78,54.65,45.31,43.59,53.46,74.64,56.32,40.08,59.47,43.18,49.72,44.02,73.31,60.91,46.62,42.8,60.95,44.18,62.0,44.23,41.51,39.45,56.54,43.92,43.29,39.25,50.57,42.02,41.33,62.61,61.62,44.6,41.88,41.4,39.3,42.57,45.5,39.17,44.59,49.88,42.41,47.55,48.0,43.6,42.97,43.13,41.84,49.13,38.59,45.78,42.77,47.38,43.4,41.03,41.63,48.58,29.02,46.18,30.71,26.88,23.95,27.7,33.76,36.38,29.84,37.3,27.51,45.96,29.86,29.56,31.51,35.35,35.75,22.55,10.27,54.05,50.36,48.52,54.16,54.89,51.5,47.88,49.4,52.59,57.93,50.63,61.64,52.15,56.44,55.2,53.43,61.3,49.59,51.34,53.36,55.29,54.83,50.8,56.09,52.64,52.29,51.74,53.43,54.71,53.85,58.87,57.11,53.83,51.8,61.15,59.47,75.99,70.12,70.99,66.91,63.19,50.65,63.88,63.3,72.03,79.5,73.75,67.88,63.08,85.05,74.13,80.87,64.37,70.07,81.2,50.02,69.2,62.47,49.83,53.32,50.87,52.67,37.65,39.53,52.03,45.55,43.69,43.62,43.05,40.44,44.27,43.86,45.36,45.34,47.9,41.67,48.47,44.8,45.95,44.88,51.02,46.32,42.62,43.96,51.32,47.41,54.38,47.98,46.26,47.19,49.12,56.86,53.14,52.82,52.65,57.29,66.24,64.81,66.73,57.1,56.45,56.31,54.24,56.53,53.25,56.72,54.14,61.44,55.13,58.19,64.39,48.36,60.33,54.57,24.25,39.18,25.92,35.48,36.37,30.16,33.3,38.32,37.86,33.77,32.11,26.12,34.77,36.82,22.27,25.42,29.15,37.11,35.65,32.28,37.24,36.14,35.22,55.67,62.99,66.13,63.69,58.6,56.37,49.7,57.66,57.72,56.95,64.64,55.5,55.38,63.27,51.17,63.43,49.61,46.61,45.83,57.06,56.31,55.48,54.44,14.84,10.35,6.95,7.0,24.12,26.47,21.56,20.29,18.85,21.89,26.38,19.95,31.02,17.99,17.09,22.36,19.95,18.22,24.61,21.97,20.97,21.17,14.84,23.14,13.46,14.04,16.19,26.2,18.83,27.36,6.34,16.03,8.01,22.02,36.45,36.71,43.3,43.92,46.86,37.48,43.41,10.14,3.02,0.0
