0.0,66.5,48.17,162.63,44.66,194.54,176.99,201.51,194.42,132.47,143.42,98.41,42.96,177.62,34.1,161.73,139.18,47.67,152.17,47.73,114.71,114.85,162.64,172.81,189.62,106.21,64.06,93.11,35.23,92.82,121.41,185.95,113.37,40.4,93.54,20.96,105.33,208.44,24.29,190.22,173.02,57.15,32.23,39.09,111.21,96.7,147.24,195.89,118.61,56.64,40.35,193.44,165.2,27.81,152.69,103.15,177.49,150.43,175.67,218.5,35.11,133.12,71.68,183.84,118.78,189.75,166.32,123.69,119.25,67.57,57.19,24.92,94.71,139.83,124.35,148.69,110.44,82.7,156.89,13.83,117.01,88.02,165.91,205.82,167.08,51.24,27.51,58.3,26.42,126.17,138.36,67.9,87.01,113.72,132.24,184.18,125.93,73.31,56.91,108.44,138.06,168.67,181.8,43.3,52.49,77.72,181.74,26.59,190.55,24.76,36.14,123.84,152.73,95.2,140.67,60.32,57.61,94.6,149.67,60.89,185.64,44.64,43.81,60.2,109.53,56.38,94.4,15.86,101.55,106.03,113.05,25.81,88.79,68.2,37.08,130.3,82.73,173.76,192.96,125.64,166.28,24.09,35.71,111.8,16.66,170.9,33.95,21.92,160.77,48.39,172.66,66.26,123.41,25.89,157.19,159.89,27.88,146.12,54.73,82.83,117.99,129.76,161.12,83.15,188.32,111.62,166.87,194.55,177.2,28.4,17.38,53.65,182.75,164.44,77.12,93.07,115.26,148.55,63.57,27.54,30.86,109.1,64.24,105.13,116.36,139.47,165.68,34.65,10.42,106.19,155.14,16.86,25.56,31.51,151.53,21.67,17.99,102.68,160.71,164.22,23.73,11.13,19.89,20.27,127.28,159.42,58.66,13.55,13.12,46.69,48.89,109.99,83.54,78.67,71.83,84.43,79.8,89.28,75.04,50.84,41.07,21.37,23.61,48.75,42.63,38.59,40.01,35.38,34.85,34.58,32.42,35.74,30.55,47.99,47.37,54.56,43.22,49.77,43.77,64.92,52.04,71.77,48.62,121.37,98.73,165.51,166.73,157.04,149.23,144.3,132.54,132.79,127.32,70.87,88.63,76.18,76.84,54.35,41.04,47.14,46.4,88.57,90.15,63.3,63.58,64.55,51.6,62.79,56.42,61.66,64.63,70.6,76.77,93.59,72.19,73.99,79.8,82.48,88.71,105.2,107.97,94.0,100.22,108.69,116.65,119.01,123.09,121.22,112.6,106.62,104.42,80.01,101.36,126.14,130.61,125.53,129.06,118.59,122.73,109.09,130.46,131.44,108.08,104.62,95.77,109.1,88.67,147.28,152.08,182.21,126.56,131.5,112.7,122.6,153.79,158.49,142.65,145.32,134.63,154.67,149.37,138.05,170.88,148.31,166.86,163.79,174.35,173.47,172.7,176.02,182.17,197.46,204.2,176.06,177.86,174.62,188.55,184.84,180.52,182.86,183.07,179.67,202.19,187.09,192.53,212.42,196.9,206.9,212.97,214.49,228.76,213.5,234.76,201.09,188.52,193.34,201.52,175.77,197.57,192.25,193.45,203.12,200.46,206.4,181.46,186.45,198.38,222.18,185.08,194.92,203.0,211.3,218.0,228.83,219.16,217.34,182.73,189.14,198.34,199.98,212.01,205.21,245.99
66.5,0.0,69.73,170.79,37.63,215.45,197.91,222.42,165.86,120.54,164.33,119.32,63.87,198.53,78.81,125.65,160.1,92.38,116.09,50.82,135.62,121.53,165.17,193.73,210.53,66.45,18.23,114.03,52.93,113.73,110.39,206.86,116.41,48.48,87.91,82.15,126.25,229.36,85.48,211.13,193.94,74.85,68.51,44.98,104.52,117.62,168.16,216.8,82.53,77.55,61.27,214.36,167.72,39.87,116.61,124.07,198.4,158.58,196.59,239.42,48.95,112.74,92.6,204.75,96.95,161.19,130.24,118.06,83.17,69.01,56.64,86.11,90.95,103.75,145.26,169.61,104.81,103.61,165.57,75.02,111.38,108.93,186.82,226.73,187.99,72.16,88.69,63.43,87.61,90.09,102.28,88.81,81.38,134.64,96.15,148.25,121.03,67.8,69.03,129.35,107.55,189.58,202.71,23.21,70.19,98.64,202.65,76.32,211.47,85.94,57.06,122.07,173.64,116.11,161.59,81.24,9.15,115.52,170.58,81.8,206.56,65.56,43.18,70.46,130.44,77.3,88.77,77.05,95.92,126.94,133.97,49.75,83.16,89.11,73.36,94.22,77.1,194.68,213.88,89.55,187.2,60.38,30.8,75.72,77.85,191.81,37.22,71.46,181.68,64.73,193.58,63.51,144.33,45.34,159.63,180.81,74.62,167.04,57.82,77.2,118.71,93.68,125.04,104.07,209.23,132.54,130.79,158.47,198.12,42.81,62.02,65.76,203.66,185.36,71.49,113.99,115.77,169.46,84.48,63.83,50.64,110.77,85.15,126.05,80.28,160.38,186.59,55.57,72.58,100.56,176.06,58.32,64.31,67.79,172.44,60.42,51.14,117.8,181.62,185.13,50.0,76.86,48.31,59.02,91.2,180.34,79.58,56.82,57.3,67.61,69.8,104.48,78.03,80.11,56.57,30.01,49.51,83.65,69.41,16.52,37.04,82.56,84.8,82.91,87.35,83.3,86.75,82.12,71.13,81.31,79.16,60.16,54.96,53.88,44.94,81.34,79.51,55.95,65.65,76.0,77.31,46.13,69.53,115.74,93.1,159.88,161.1,151.41,143.6,138.67,126.91,127.16,121.69,91.78,84.16,97.09,97.75,30.69,52.23,58.33,64.1,92.32,111.06,68.44,84.49,63.04,56.73,67.92,29.19,22.59,6.99,16.6,22.35,38.65,17.77,20.0,25.81,28.49,109.63,126.12,128.89,114.91,121.14,129.6,137.57,139.92,144.0,142.14,117.07,110.84,97.73,78.5,47.37,147.05,151.53,146.44,149.98,116.23,129.34,130.0,114.55,95.36,62.18,68.54,70.57,73.02,77.96,118.99,172.99,203.13,90.48,95.42,66.8,86.52,117.71,122.41,106.57,109.24,98.55,118.59,113.29,101.96,173.4,169.22,152.78,158.13,195.27,194.38,193.62,196.94,203.09,218.38,225.12,139.98,141.77,138.54,152.47,148.75,144.44,146.77,146.99,143.59,223.11,208.01,213.44,233.34,217.81,227.82,233.89,235.4,249.67,156.55,197.03,176.57,143.83,148.65,169.21,155.46,155.52,156.69,214.36,224.03,221.37,227.32,202.38,207.36,219.3,243.09,206.0,215.84,223.91,232.21,238.92,249.74,240.07,238.25,146.65,153.06,162.26,163.9,175.93,169.13,266.9
48.17,69.73,0.0,190.35,52.3,222.27,204.72,229.24,222.15,160.19,171.14,126.14,70.69,205.35,28.68,189.46,166.91,18.88,179.9,75.46,142.43,142.58,190.37,200.54,217.34,133.94,51.49,120.84,62.96,120.55,149.14,213.68,141.1,68.12,48.72,41.09,133.06,236.17,58.82,217.95,200.75,84.88,19.36,54.09,138.94,124.43,174.97,223.62,146.34,84.37,68.08,221.17,192.93,55.54,180.42,130.88,205.21,178.15,203.4,246.23,62.83,160.85,99.41,211.57,146.51,217.48,194.05,78.86,146.97,22.75,84.92,59.44,122.44,167.56,152.08,176.42,65.62,110.42,184.62,48.36,72.19,115.74,193.63,233.54,194.81,78.97,47.44,86.03,60.95,153.9,166.09,95.63,42.18,141.45,159.96,211.91,153.66,28.49,9.56,136.16,165.78,196.39,209.53,61.33,80.21,105.45,209.46,35.01,218.28,59.28,63.87,151.56,180.46,122.92,168.4,88.05,75.65,122.33,177.4,88.62,213.37,72.37,71.54,13.38,137.25,84.11,49.58,50.39,56.73,133.76,140.78,34.95,43.97,95.92,15.28,158.03,37.9,201.49,220.69,153.36,194.01,26.75,53.74,139.53,51.19,198.62,48.95,30.16,188.49,9.39,200.39,21.44,151.14,45.03,184.92,187.62,33.31,173.85,82.46,38.01,145.72,157.49,188.85,110.88,216.05,139.35,194.6,222.28,204.93,45.29,35.74,8.82,210.48,192.17,32.3,120.8,142.98,176.27,91.3,21.75,58.58,136.83,91.97,132.86,144.09,167.2,193.4,62.38,49.45,61.36,182.87,41.64,56.21,26.49,179.25,52.32,44.46,130.41,188.44,191.95,51.46,50.2,36.79,50.92,155.01,187.15,86.39,41.67,40.62,74.42,76.62,65.17,38.72,33.85,27.0,54.2,34.98,44.46,30.21,68.88,59.1,48.9,58.14,14.12,21.88,24.38,45.44,40.81,24.05,40.01,37.85,24.54,29.73,25.45,33.92,12.55,5.28,18.2,22.55,20.1,8.52,28.54,76.35,76.55,53.91,120.69,121.91,112.22,104.4,99.48,87.72,87.96,82.49,98.6,116.36,103.9,104.56,72.38,68.77,74.87,74.13,116.3,117.87,91.03,91.31,92.28,79.33,90.52,40.54,49.09,62.73,88.63,60.15,48.77,65.15,92.02,97.83,100.51,116.44,132.93,135.7,121.72,127.95,136.41,144.38,146.74,150.82,148.95,140.33,134.35,132.15,107.74,119.4,153.86,158.34,153.26,156.79,146.32,150.45,136.81,158.19,159.16,134.21,132.35,123.5,136.83,116.4,175.01,179.81,209.94,154.29,159.23,138.83,150.33,181.52,186.22,170.37,173.04,162.36,182.4,177.1,165.77,198.61,176.03,194.59,191.52,202.08,201.19,200.43,203.75,209.9,225.19,231.93,203.79,205.58,202.35,216.28,212.56,208.25,210.58,210.8,207.4,229.92,214.82,220.26,240.15,224.62,234.63,240.7,242.22,256.48,241.22,262.48,228.82,216.25,221.07,229.25,203.5,225.3,219.97,221.18,230.85,228.18,234.13,209.19,214.18,226.11,249.91,212.81,222.65,230.73,239.03,245.73,256.56,246.89,245.07,210.46,216.87,226.07,227.71,239.74,232.94,273.72
162.63,170.79,190.35,0.0,166.89,55.79,38.24,62.76,37.86,50.25,23.42,80.1,132.04,38.87,184.27,149.75,33.12,197.84,88.82,143.99,59.13,70.54,5.62,34.06,50.87,111.03,186.3,79.99,134.0,77.26,88.77,47.2,80.74,138.4,235.28,177.68,58.01,64.0,181.01,51.47,34.28,119.13,173.97,161.32,84.19,71.02,15.18,57.14,100.35,122.79,124.62,36.88,11.99,150.05,140.71,66.26,30.1,19.38,36.92,74.07,142.34,59.41,94.21,45.09,88.59,33.18,104.24,265.43,107.27,209.31,136.25,181.64,90.64,86.74,76.78,29.06,252.18,83.03,8.89,170.55,258.75,86.58,18.52,61.38,28.33,117.39,184.23,127.66,183.14,85.41,70.22,100.57,228.75,52.42,75.59,30.97,55.59,215.05,198.65,65.56,91.79,29.92,43.05,160.1,118.15,88.68,42.99,183.31,51.8,181.48,130.04,77.57,11.07,76.88,30.65,106.62,167.36,78.65,20.15,114.97,29.08,138.0,140.06,201.94,76.67,112.13,236.14,172.58,243.29,79.49,67.71,161.31,230.53,98.8,178.82,92.55,224.47,35.01,48.52,90.07,18.9,165.83,157.95,99.82,173.38,23.51,156.19,178.64,22.02,190.13,33.92,208.0,39.9,148.12,11.59,8.76,184.6,26.49,150.99,224.57,71.72,86.36,97.77,90.78,49.57,55.3,130.44,109.53,29.82,154.28,165.1,195.39,26.18,25.7,218.86,84.17,75.42,30.11,101.0,169.28,139.4,79.16,112.21,78.59,94.37,23.26,26.93,133.34,168.12,247.93,22.78,161.4,159.85,173.25,12.78,155.96,149.51,86.18,21.96,25.47,140.96,172.39,155.39,154.56,79.71,20.67,107.74,152.35,158.13,121.16,117.8,251.73,225.28,220.41,213.57,191.88,221.54,231.02,216.78,167.65,163.31,178.09,180.33,199.38,192.8,188.76,196.74,192.1,176.59,191.3,189.14,171.24,166.05,170.23,169.61,197.81,184.96,191.51,176.74,206.66,193.78,195.61,126.1,263.11,240.47,307.25,308.47,298.78,290.97,286.04,274.28,274.53,269.06,108.3,98.73,101.43,102.1,159.23,136.31,139.13,124.23,96.19,97.77,125.68,106.9,143.61,132.56,123.38,178.66,183.9,168.86,159.08,184.22,200.52,179.64,151.51,156.58,142.24,86.58,68.31,89.66,87.66,68.62,71.29,73.77,63.43,80.21,75.88,97.76,91.53,90.35,99.17,140.01,46.73,51.21,44.96,45.55,85.95,67.55,72.2,84.19,85.62,112.47,105.69,111.04,99.17,118.42,73.57,33.65,43.46,114.58,119.52,105.53,110.62,141.81,146.51,130.67,133.34,122.65,91.32,86.02,74.7,17.67,26.35,21.44,18.38,26.97,26.08,33.95,37.28,43.42,58.71,65.45,112.72,114.51,113.13,176.58,172.86,168.54,129.28,124.88,117.64,63.45,48.35,53.78,73.67,58.15,68.16,74.22,75.74,90.01,56.93,78.19,44.53,35.31,40.13,44.95,22.56,38.24,39.41,36.88,46.55,53.07,59.02,34.08,47.7,53.94,77.74,37.7,45.31,58.56,66.86,73.56,84.39,80.41,78.59,112.87,106.83,107.41,95.62,120.42,115.5,101.55
44.66,37.63,52.3,166.89,0.0,198.95,181.4,205.92,198.84,136.88,147.83,102.82,47.37,182.03,53.94,154.42,143.59,67.51,144.86,52.15,119.12,119.26,167.06,177.22,194.03,95.22,19.4,97.52,39.64,97.23,125.82,190.36,117.78,44.81,88.24,60.3,109.74,212.85,63.63,194.63,177.44,61.56,43.64,7.22,115.62,101.11,151.65,200.3,111.3,61.05,44.76,197.85,169.61,21.03,145.38,107.56,181.9,154.84,180.08,222.91,39.52,137.53,76.09,188.25,125.72,194.16,159.01,118.38,111.94,62.27,61.6,64.26,99.12,132.52,128.76,153.1,105.14,87.11,161.31,53.17,111.71,92.43,170.32,210.23,171.49,55.65,66.85,62.71,65.76,118.86,131.05,72.31,81.7,118.14,124.92,188.59,130.34,68.01,51.61,112.85,136.32,173.08,186.21,27.34,56.9,82.14,186.15,51.44,194.96,64.1,40.55,128.25,157.14,99.61,145.08,64.73,37.92,99.02,154.08,65.3,190.06,49.05,48.22,54.89,113.94,60.79,89.1,55.2,96.25,110.44,117.47,24.87,83.49,72.61,48.49,122.99,77.42,178.17,197.37,118.32,170.7,35.5,19.75,104.49,56.0,175.31,14.6,46.59,165.18,47.32,177.07,60.96,127.83,20.46,161.6,164.31,49.74,150.54,59.15,77.53,122.4,122.45,153.81,87.56,192.73,116.03,159.56,187.24,181.61,15.67,37.14,48.34,187.16,168.86,71.82,97.48,119.67,152.96,67.98,38.95,35.27,113.51,68.65,109.54,109.05,143.88,170.09,39.06,50.73,100.89,159.56,33.44,40.52,42.92,155.94,36.64,28.28,107.09,165.12,168.63,28.15,55.01,23.43,35.24,119.97,163.83,63.07,30.11,32.42,51.1,53.3,104.69,78.24,73.37,43.17,39.77,36.12,83.98,69.73,34.89,25.11,60.71,62.95,69.05,62.47,58.42,61.88,57.25,46.26,56.44,54.28,35.28,30.09,16.48,7.31,67.48,54.63,38.53,40.77,59.62,63.45,28.71,53.03,116.07,93.43,160.21,161.43,151.74,143.92,139.0,127.24,127.48,122.01,75.28,93.04,80.59,81.25,38.39,45.46,51.55,50.81,92.98,94.56,67.72,67.99,68.96,56.01,67.2,11.77,17.0,30.64,45.38,32.11,48.42,27.53,48.77,54.58,57.26,93.12,109.61,112.38,98.41,104.64,113.1,121.06,123.42,127.5,125.63,117.01,111.03,108.83,84.42,76.14,130.55,135.03,129.94,133.47,123.0,127.14,113.5,134.87,124.13,90.95,97.31,99.34,101.79,93.08,147.76,156.49,186.62,119.25,124.19,95.57,115.29,146.48,151.18,135.34,138.01,127.32,147.36,142.06,130.73,175.29,152.72,171.27,168.21,178.77,177.88,177.11,180.44,186.58,201.87,208.61,168.75,170.54,167.31,181.24,177.52,173.21,175.54,175.76,172.36,206.61,191.51,196.94,216.83,201.31,211.32,217.38,218.9,233.17,217.91,239.17,205.5,192.93,197.75,205.93,180.18,201.98,196.66,197.86,207.53,204.87,210.82,185.88,190.86,202.79,226.59,189.5,199.33,207.41,215.71,222.41,233.24,223.57,221.75,175.42,181.83,191.03,192.67,204.7,197.9,250.4
194.54,215.45,222.27,55.79,198.95,0.0,29.16,31.26,84.72,95.39,57.98,109.18,161.12,16.23,213.35,194.89,62.2,226.92,156.51,173.07,88.21,111.88,57.26,51.63,9.28,156.16,215.38,109.07,163.08,106.34,132.08,10.25,124.04,167.48,264.37,206.76,87.09,52.93,210.09,18.93,48.98,148.21,203.05,190.4,127.49,100.1,49.46,34.59,145.49,151.87,153.7,83.74,63.15,179.13,170.31,95.34,67.78,65.16,27.59,53.63,171.42,104.55,123.29,17.71,133.73,80.05,156.68,294.51,152.4,238.39,165.33,210.72,119.72,151.34,105.86,46.23,281.26,112.11,50.82,199.63,287.83,115.66,56.2,47.36,36.24,146.47,213.31,156.74,212.23,130.55,115.36,129.65,257.83,81.5,120.72,82.13,100.72,244.13,227.73,94.64,135.09,47.48,12.31,189.18,147.23,117.76,28.45,212.39,29.25,210.56,159.12,120.87,45.52,105.96,59.73,135.7,203.5,107.73,59.69,144.05,75.94,167.08,169.15,231.02,106.56,141.21,265.22,201.67,272.37,108.57,96.8,190.4,259.61,127.88,207.9,137.68,253.55,22.85,46.93,135.2,49.43,194.91,187.03,144.96,202.46,57.47,185.27,207.72,40.89,219.21,24.83,237.08,68.98,177.2,56.91,50.19,213.68,55.57,180.07,253.65,115.02,131.49,150.22,119.86,6.2,84.38,188.64,156.4,67.5,183.37,194.18,224.47,73.04,43.26,247.94,113.25,118.72,59.2,130.08,198.37,168.48,122.46,141.29,107.67,139.51,52.35,28.4,162.42,197.2,277.01,40.71,190.48,188.93,202.33,41.57,185.04,178.59,122.87,35.41,32.95,170.04,201.48,184.47,183.64,124.84,36.52,136.83,181.44,187.21,150.24,146.88,280.81,254.36,249.49,242.65,233.54,250.62,260.11,245.86,196.73,192.39,207.17,209.42,228.47,221.88,217.84,225.82,221.19,205.67,220.38,218.22,200.32,195.13,199.31,198.69,226.89,214.04,220.59,205.82,235.74,222.86,224.69,155.19,292.19,269.55,336.34,337.55,327.86,320.05,315.12,303.36,303.61,298.14,137.38,127.81,130.51,131.18,188.32,165.39,168.21,153.31,125.28,126.85,154.77,135.98,172.69,161.64,152.46,207.74,212.98,210.52,216.48,225.88,242.18,221.3,196.64,201.72,187.38,115.66,97.39,118.74,116.74,97.7,100.37,102.85,92.52,109.29,104.96,132.78,126.8,133.66,134.19,185.15,75.82,80.29,74.04,74.63,129.26,104.8,101.28,127.49,130.76,157.6,150.83,156.18,144.3,153.07,118.71,62.73,25.41,159.72,164.65,150.66,155.76,186.94,191.65,175.8,178.47,167.78,159.01,153.71,142.38,68.83,62.87,66.58,63.52,59.55,58.97,35.42,42.06,46.91,13.46,14.63,170.91,164.9,165.58,203.31,199.59,203.92,176.15,183.08,175.84,40.9,25.8,31.23,42.17,35.6,36.66,23.4,45.78,62.4,103.79,125.05,91.39,86.47,91.29,91.81,73.72,87.87,82.54,83.74,77.35,80.38,77.99,61.39,54.58,52.35,65.51,55.25,57.89,60.31,60.44,75.31,65.5,48.91,47.09,159.74,153.69,154.27,142.48,167.28,162.36,75.21
176.99,197.91,204.72,38.24,181.4,29.16,0.0,49.57,70.05,80.72,43.32,94.51,146.46,15.1,198.69,180.22,47.54,212.25,141.85,158.41,73.55,97.22,42.59,36.97,30.76,141.5,200.71,94.41,148.42,91.67,117.41,23.43,109.37,152.81,249.7,192.1,72.43,69.74,195.43,38.28,34.32,133.55,188.38,175.74,112.83,85.43,34.79,43.95,130.83,137.21,139.03,69.07,48.49,164.47,155.65,80.68,53.12,50.5,23.73,71.93,156.76,89.88,108.63,15.03,119.06,65.38,142.02,279.85,137.74,223.73,150.67,196.06,105.06,136.68,91.2,31.57,266.6,97.45,36.15,184.97,273.17,101.0,41.54,69.14,21.57,131.81,198.65,142.08,197.56,115.88,100.7,114.98,243.16,66.84,106.06,67.47,86.06,229.47,213.07,79.98,120.42,32.82,17.72,174.52,132.57,103.1,8.47,197.73,38.61,195.9,144.46,106.2,30.86,91.3,45.07,121.04,188.83,93.07,45.03,129.38,61.27,152.41,154.48,216.36,91.9,126.55,250.56,187.0,257.71,93.9,82.13,175.73,244.95,113.22,193.23,123.02,238.88,11.24,56.28,120.54,34.77,180.25,172.36,130.29,187.8,42.8,170.6,193.06,26.23,204.54,6.74,222.42,54.32,162.54,42.25,35.52,199.01,40.91,165.41,238.99,100.36,116.83,135.55,105.19,25.8,69.72,173.97,141.73,52.83,168.7,179.51,209.81,58.38,28.6,233.28,98.59,104.06,44.53,115.42,183.7,153.81,107.79,126.63,93.0,124.84,37.68,13.73,147.75,182.53,262.35,26.05,175.82,174.26,187.67,26.9,170.37,163.93,108.2,20.75,18.29,155.37,186.81,169.81,168.97,110.18,21.86,122.16,166.77,172.55,135.58,132.22,266.15,239.7,234.83,227.98,218.87,235.96,245.44,231.19,182.07,177.72,192.51,194.75,213.8,207.22,203.17,211.15,206.52,191.0,205.71,203.56,185.66,180.47,184.65,184.02,212.23,199.38,205.92,191.15,221.08,208.19,210.02,140.52,277.53,254.89,321.67,322.89,313.2,305.38,300.46,288.7,288.94,283.47,122.72,113.15,115.85,116.51,173.65,150.72,153.55,138.65,110.61,112.19,140.1,121.31,158.03,146.97,137.79,193.08,198.31,195.85,201.82,211.21,227.52,206.63,181.98,187.05,172.71,100.99,82.73,104.08,102.07,83.03,85.7,88.19,77.85,94.63,90.3,118.11,112.14,118.99,119.53,170.48,61.15,65.63,59.38,59.97,114.59,90.13,86.61,112.83,116.09,142.94,136.16,141.51,129.64,138.4,104.04,48.06,19.69,145.05,149.99,136.0,141.1,172.28,176.98,161.14,163.81,153.12,144.34,139.04,127.72,54.16,48.21,51.92,48.85,44.88,44.31,20.76,27.4,33.54,34.94,41.68,156.25,150.24,150.92,188.65,184.93,189.26,161.48,168.41,161.18,50.25,35.15,40.59,60.48,44.95,54.96,50.45,72.84,89.46,89.13,110.39,76.72,71.8,76.63,77.15,59.06,73.2,67.88,69.08,75.68,78.71,81.98,59.71,47.74,61.7,83.47,53.58,56.22,64.29,72.59,79.3,83.8,67.22,65.4,145.07,139.02,139.6,127.82,152.62,147.69,102.27
201.51,222.42,229.24,62.76,205.92,31.26,49.57,0.0,84.32,105.12,67.72,118.91,170.85,40.46,223.08,204.62,71.93,236.65,166.24,182.8,97.95,121.62,66.99,61.36,29.01,165.89,225.11,118.8,172.81,116.07,141.81,29.96,133.77,177.21,274.1,216.49,96.82,21.66,219.82,17.18,48.89,157.94,212.78,200.14,137.23,109.83,59.19,25.75,155.22,161.6,163.43,73.65,72.88,188.86,169.91,105.07,67.38,74.9,28.28,22.36,181.16,114.28,133.02,41.94,143.46,79.64,156.28,304.24,162.13,248.12,175.06,220.45,129.45,161.08,115.59,55.96,291.0,121.84,60.55,209.37,297.56,125.4,65.93,16.09,43.28,156.21,223.04,166.47,221.96,140.28,125.09,139.38,267.56,91.23,130.45,91.86,110.45,253.86,237.46,104.37,144.82,57.22,36.54,198.91,156.96,127.49,55.37,222.12,16.1,220.29,168.86,130.6,55.26,115.69,69.46,145.43,213.23,117.47,69.42,153.78,74.27,176.81,178.88,240.75,116.29,150.94,274.95,211.4,282.1,118.3,106.53,200.13,269.35,137.61,217.63,147.42,263.28,35.12,28.95,144.93,59.16,204.65,196.76,154.69,212.19,56.76,195.0,217.45,50.62,228.94,46.3,246.81,78.72,186.94,66.65,59.92,223.41,65.3,189.8,263.38,124.75,141.23,149.82,129.59,35.36,94.12,188.24,155.99,61.77,193.1,203.91,234.2,72.64,53.0,257.67,122.99,128.45,68.93,139.81,208.1,178.21,132.19,151.02,117.4,149.24,62.08,35.83,172.15,206.93,286.74,50.45,200.21,198.66,212.06,51.3,194.77,188.32,132.6,45.14,42.4,179.77,211.21,194.2,193.37,134.57,46.26,146.56,191.17,196.94,159.97,156.62,290.55,264.09,259.22,252.38,243.27,260.36,269.84,255.59,206.46,202.12,216.9,219.15,238.2,231.62,227.57,235.55,230.92,215.4,230.11,227.95,210.05,204.86,209.04,208.42,236.62,223.78,230.32,215.55,245.48,232.59,234.42,164.92,301.93,279.28,346.07,347.28,337.59,329.78,324.86,313.09,313.34,307.87,147.12,137.55,140.25,140.91,198.05,175.12,177.95,163.04,135.01,136.59,164.5,145.71,182.43,171.37,162.19,217.47,222.71,220.25,226.21,235.61,251.91,231.03,206.37,211.45,197.11,125.39,107.12,128.47,126.47,107.43,110.1,112.59,102.25,119.03,114.69,142.51,136.53,143.39,143.92,194.88,85.55,90.03,83.78,84.36,138.99,114.53,111.01,137.23,140.49,167.33,160.56,165.91,154.04,162.8,128.44,72.46,49.64,169.45,174.38,160.4,165.49,196.68,201.38,185.53,188.2,177.51,168.74,163.44,152.11,78.56,72.6,76.31,73.25,55.06,66.95,37.52,40.54,38.07,22.04,16.89,170.51,164.5,165.18,202.91,199.19,203.52,175.74,182.68,175.44,32.06,21.11,16.6,10.91,5.33,5.4,8.0,12.98,27.25,103.39,117.7,84.04,96.2,101.02,91.41,83.45,87.46,82.14,78.12,61.87,50.57,44.62,45.91,39.1,23.53,34.25,39.77,42.41,28.69,29.17,41.94,34.24,17.65,15.83,159.33,153.29,153.86,142.08,163.54,161.95,42.05
194.42,165.86,222.15,37.86,198.84,84.72,70.05,84.32,0.0,56.45,60.79,111.99,163.93,70.76,216.16,99.92,65.01,229.73,77.03,175.88,91.02,76.73,32.23,65.95,82.76,106.16,175.23,111.88,165.89,109.14,94.97,79.09,86.93,170.29,267.17,209.57,89.9,70.85,212.9,83.36,42.6,151.02,205.86,193.21,90.39,102.91,52.26,65.21,91.93,154.68,156.51,21.72,36.9,181.94,85.59,98.15,16.94,42.17,68.81,80.91,174.23,65.6,126.1,76.98,89.59,4.67,71.97,297.32,102.4,241.2,168.14,213.53,122.53,83.71,108.67,60.95,284.07,114.92,52.47,202.44,290.64,118.47,28.52,68.22,60.22,149.28,216.12,159.55,215.03,82.65,76.42,132.45,260.64,84.31,81.78,17.61,61.78,246.94,230.54,97.45,97.98,61.81,74.94,191.99,150.04,120.57,74.88,215.2,83.69,213.37,161.93,83.76,47.17,108.77,62.54,138.51,162.5,110.54,42.95,146.86,15.09,169.89,171.95,233.83,109.37,144.02,268.03,204.47,275.18,111.38,99.6,193.2,262.42,130.69,210.71,77.11,256.36,66.9,55.37,79.05,34.52,197.72,189.84,94.95,205.27,31.8,188.08,210.53,53.91,222.02,65.8,239.89,71.79,180.01,34.39,43.68,216.49,58.38,182.88,256.46,77.91,87.51,65.5,122.67,81.46,87.19,103.92,71.68,22.54,186.17,196.99,227.28,14.09,57.59,250.75,116.06,81.61,62.0,132.89,201.17,171.29,85.35,144.1,110.48,86.85,55.15,58.82,165.22,200.01,279.82,54.67,193.29,191.74,205.14,44.67,187.85,181.4,92.38,53.85,57.36,172.85,204.28,187.28,186.45,85.9,52.56,139.63,184.24,190.02,153.05,149.69,283.62,257.17,252.3,245.46,187.01,253.43,262.91,248.67,199.54,195.2,209.98,212.22,231.27,224.69,220.65,228.62,223.99,208.48,223.19,221.03,203.13,197.94,202.12,201.5,229.7,216.85,223.39,208.63,238.55,225.67,227.5,157.99,295.0,272.36,339.14,340.36,330.67,322.86,317.93,306.17,306.42,300.95,140.19,130.62,133.32,133.98,191.12,168.19,171.02,156.12,128.08,129.66,157.57,138.79,175.5,164.45,155.26,210.55,215.79,163.99,154.21,179.35,195.65,174.77,146.64,151.72,137.38,118.47,100.2,121.55,119.54,100.51,103.18,105.66,95.32,112.1,107.77,103.95,97.73,96.55,105.36,135.15,78.62,83.1,76.85,77.44,92.15,73.75,104.09,90.38,76.64,107.6,100.82,106.17,94.3,113.56,79.77,65.54,75.35,112.44,108.6,100.66,116.99,91.97,96.67,100.66,93.48,105.62,71.08,83.1,64.92,34.15,49.15,44.24,41.18,33.81,41.71,65.84,69.17,72.69,90.6,97.34,86.19,80.19,80.86,118.59,114.87,119.2,91.43,98.36,91.12,66.68,80.24,71.33,80.4,90.04,88.81,106.11,96.39,98.65,19.07,63.04,29.37,25.54,16.48,7.1,28.41,14.5,9.17,21.73,31.4,41.67,47.62,40.92,54.02,60.79,84.58,44.54,52.16,65.4,73.7,80.41,91.23,88.92,93.74,75.02,68.97,69.55,57.76,83.21,77.64,108.39
132.47,120.54,160.19,50.25,136.88,95.39,80.72,105.12,56.45,0.0,45.24,50.56,102.75,81.43,154.98,99.5,65.78,168.55,61.12,114.7,52.61,20.29,44.63,76.62,93.43,60.77,129.85,42.7,104.71,47.72,38.52,89.76,30.48,109.11,205.99,148.39,43.24,112.25,151.72,94.03,76.84,89.84,144.68,132.03,33.94,45.8,53.27,99.7,50.1,93.5,95.33,72.07,47.18,120.76,90.46,36.65,63.2,38.04,79.48,122.31,113.05,9.16,64.92,87.65,38.34,51.77,76.53,221.6,57.01,180.02,87.15,152.35,44.58,55.96,67.52,62.84,208.35,47.67,45.03,141.26,214.92,44.33,68.52,109.63,70.89,88.1,154.94,72.07,153.85,35.16,19.97,71.28,199.46,51.63,25.33,38.83,5.33,185.76,169.36,51.61,41.53,72.48,85.61,131.17,88.86,59.39,85.55,154.02,94.36,152.19,100.75,27.31,49.86,47.34,63.32,77.33,117.11,36.4,47.55,85.68,64.27,108.71,110.77,172.65,26.41,82.84,206.85,143.29,201.74,31.81,56.23,132.02,201.24,69.51,149.53,42.3,195.18,77.57,96.77,39.81,68.9,136.54,128.66,49.57,144.09,73.51,126.9,149.35,64.58,160.84,76.47,178.71,61.32,118.83,39.09,52.64,155.31,60.27,121.7,195.28,21.47,36.11,70.07,51.56,92.13,49.52,104.63,103.5,68.8,124.99,135.81,166.1,61.38,68.26,189.57,41.92,25.17,62.35,71.71,139.99,110.11,28.9,82.92,33.81,44.12,55.92,69.49,104.05,138.83,204.1,65.34,132.11,130.56,143.96,55.34,126.67,120.22,35.93,64.52,68.03,111.67,143.1,126.1,125.27,29.45,63.23,78.45,123.06,128.84,91.87,88.51,222.44,195.99,191.12,168.19,141.63,161.13,201.74,187.49,124.48,134.02,148.8,151.04,170.09,163.51,159.47,167.45,162.81,147.3,162.01,159.85,141.95,136.76,140.94,140.32,168.52,155.67,162.22,147.45,177.37,164.49,157.75,96.82,219.28,195.66,263.42,264.64,254.95,247.14,242.21,230.45,230.7,225.23,79.01,69.44,72.14,72.81,135.62,88.2,84.53,94.94,56.98,48.84,71.71,77.61,83.26,77.96,94.09,140.8,134.2,118.61,108.83,133.96,150.27,129.38,101.25,106.33,91.99,53.03,35.72,60.12,58.32,43.4,51.86,59.82,56.91,66.26,64.39,47.5,41.28,40.1,48.92,89.76,64.04,68.52,63.43,66.96,35.7,17.3,34.67,33.94,35.37,62.21,55.44,60.79,48.92,68.17,23.32,65.88,86.02,64.33,69.26,55.27,60.37,91.55,96.26,80.41,83.08,72.39,63.62,58.32,46.99,52.86,45.01,32.24,37.59,76.97,76.08,76.51,79.84,85.98,101.27,108.01,85.01,86.8,85.43,126.32,122.6,118.29,105.54,97.18,89.94,106.01,90.91,96.34,116.23,100.71,110.72,116.78,118.3,132.57,75.52,113.38,79.72,39.61,44.43,63.54,57.75,46.1,47.27,72.07,81.75,92.01,97.96,84.08,90.26,102.19,125.99,87.7,98.73,106.81,115.11,121.81,132.64,122.97,121.15,91.68,98.09,107.29,108.93,120.96,114.16,149.8
143.42,164.33,171.14,23.42,147.83,57.98,43.32,67.72,60.79,45.24,0.0,60.97,112.91,44.47,165.14,144.74,14.0,178.71,106.36,124.86,40.01,63.68,17.8,39.66,56.47,106.02,167.17,60.87,114.88,58.13,83.87,52.8,75.83,119.27,216.16,158.55,38.88,75.29,161.88,57.07,39.88,100.0,154.84,142.2,79.29,51.89,10.73,62.74,95.34,103.66,105.49,60.29,20.35,130.92,135.7,47.14,44.34,7.2,42.52,85.35,123.22,54.4,75.08,50.69,83.58,56.6,121.78,246.3,102.26,190.19,117.12,162.51,71.51,101.2,57.65,15.13,233.06,63.9,17.13,151.43,239.62,67.46,32.76,72.67,33.93,98.27,165.1,108.54,164.02,80.4,65.21,81.44,209.62,33.29,70.58,39.33,50.58,195.93,179.53,46.43,86.88,35.52,48.65,140.98,99.02,69.55,48.59,164.18,57.4,162.35,110.92,72.66,14.79,57.76,11.52,87.5,155.29,59.53,6.36,95.84,52.5,118.87,120.94,182.81,58.35,93.0,217.02,153.46,224.16,60.36,48.59,142.19,211.41,79.67,159.69,87.54,205.34,40.61,59.81,85.06,33.14,146.71,138.82,94.81,154.26,37.75,137.06,159.52,27.62,171.0,39.52,188.88,20.78,129.0,12.35,26.75,165.47,12.57,131.86,205.45,66.81,81.35,115.31,71.65,55.17,36.18,149.88,132.95,44.05,135.16,145.97,176.26,49.6,31.3,199.74,65.05,70.51,14.64,81.88,150.16,120.27,74.25,93.08,59.46,89.36,8.21,32.53,114.21,148.99,228.8,21.59,142.27,140.72,154.12,18.38,136.83,130.38,74.66,27.56,31.07,121.83,153.27,136.27,135.43,74.7,26.27,88.62,133.23,139.01,102.04,98.68,232.61,206.15,201.29,194.44,185.33,202.42,211.9,197.65,148.52,144.18,158.96,161.21,180.26,173.68,169.63,177.61,172.98,157.46,172.17,170.01,152.12,146.92,151.1,150.48,178.68,165.84,172.38,157.61,187.54,174.65,176.48,106.98,243.99,221.34,288.13,289.35,279.65,271.84,266.92,255.15,255.4,249.93,89.18,79.61,82.31,82.97,140.11,117.18,120.01,105.11,77.07,78.65,106.56,87.77,124.49,113.43,104.25,159.53,164.77,162.31,154.07,177.67,193.97,173.09,146.5,151.57,137.23,67.45,49.19,70.53,68.53,49.49,52.16,54.65,44.31,61.09,56.75,84.57,78.59,85.45,85.98,135.0,27.61,32.09,25.84,26.42,81.05,56.59,53.07,79.29,80.61,107.46,100.68,106.03,94.16,104.86,68.56,18.17,49.06,109.57,114.51,100.52,105.61,136.8,141.5,125.66,128.33,117.64,108.86,103.56,92.24,26.03,5.08,16.43,13.92,41.21,40.32,39.55,42.88,49.02,64.31,71.05,130.26,132.05,130.67,171.56,167.85,163.53,152.7,142.42,135.18,69.05,53.95,59.38,79.27,63.75,73.76,79.82,81.34,95.61,80.35,101.61,67.94,43.67,48.49,68.37,30.92,46.6,47.77,60.3,69.97,67.31,73.26,48.32,53.3,65.23,89.03,51.94,61.77,69.85,78.15,84.85,95.68,86.01,84.19,136.92,130.25,130.82,119.04,143.84,138.91,112.84
98.41,119.32,126.14,80.1,102.82,109.18,94.51,118.91,111.99,50.56,60.97,0.0,68.06,94.98,120.29,140.33,56.54,133.86,103.17,80.01,20.1,32.94,80.0,90.17,106.97,85.71,122.32,14.95,70.03,9.71,53.13,103.31,45.1,74.42,171.31,113.7,22.69,125.8,117.03,107.58,90.38,55.16,109.99,97.35,42.97,10.83,64.6,113.25,90.93,58.81,60.64,110.8,82.56,86.07,131.29,20.51,94.84,67.78,93.03,135.86,78.37,51.21,30.23,101.2,68.62,107.11,118.59,201.45,97.84,145.34,72.27,117.66,28.57,98.01,33.31,66.05,188.21,19.05,74.25,106.58,194.77,24.51,83.26,123.17,84.44,53.42,120.25,63.69,119.17,75.98,62.02,36.59,164.77,31.08,67.39,101.54,44.02,151.08,134.68,17.4,56.15,86.02,99.16,96.13,54.17,24.7,99.09,119.33,107.91,117.5,66.07,41.93,70.09,9.96,58.03,42.65,110.44,17.49,67.03,50.99,103.0,74.02,76.09,137.96,27.62,48.15,172.17,108.61,179.31,24.12,22.01,97.34,166.56,34.83,114.84,84.35,160.49,91.12,110.32,80.64,83.64,101.86,93.97,90.4,109.41,88.25,92.21,114.67,78.12,126.15,90.02,144.03,40.77,84.15,74.55,77.25,120.62,63.48,87.01,160.6,36.08,74.33,112.12,26.8,105.68,28.98,145.46,145.55,94.56,90.31,101.12,131.41,100.11,81.8,154.89,22.1,39.78,65.9,37.03,105.31,75.42,38.13,48.23,23.22,84.94,56.83,83.03,69.36,104.14,183.95,72.5,97.42,95.87,109.27,68.88,91.98,85.53,31.71,78.07,81.58,76.98,108.42,91.42,90.58,71.51,76.78,43.77,88.38,94.16,57.19,53.83,187.76,161.3,156.44,149.59,140.48,157.57,167.05,152.8,103.67,99.33,114.11,116.36,135.41,128.83,124.78,132.76,128.13,112.61,127.32,125.16,107.27,102.07,106.26,105.63,133.83,120.99,127.53,112.76,142.69,129.8,131.63,62.13,199.14,176.5,243.28,244.5,234.8,226.99,222.07,210.3,210.55,205.08,44.33,34.76,37.46,38.12,95.26,72.33,75.16,60.26,32.22,33.8,61.71,42.92,79.64,68.58,59.4,114.68,119.92,117.46,123.42,132.82,149.12,128.24,126.82,132.63,117.35,15.33,22.56,11.16,9.16,17.58,17.64,25.61,24.89,32.05,30.18,41.63,35.65,48.55,43.04,115.12,43.49,47.97,42.89,46.42,50.31,40.82,26.44,48.55,77.42,87.58,84.11,75.27,89.74,68.17,65.37,69.44,99.57,105.15,110.09,96.1,101.2,132.38,137.08,121.24,123.91,113.22,105.67,100.37,89.05,88.24,65.66,84.22,81.15,91.71,90.82,90.06,93.38,99.53,114.82,121.56,127.07,128.86,127.48,167.15,163.43,159.12,161.45,139.23,131.99,119.55,104.45,109.89,129.78,114.25,124.26,130.33,131.85,146.11,130.85,152.11,118.45,105.88,110.7,118.88,93.13,114.93,109.6,110.81,120.48,117.81,123.76,98.82,103.81,115.74,139.54,102.44,112.28,120.36,128.66,135.36,146.19,136.52,134.7,133.73,140.14,149.34,150.98,163.01,156.21,163.35
42.96,63.87,70.69,132.04,47.37,161.12,146.46,170.85,163.93,102.75,112.91,68.06,0.0,147.15,64.74,148.83,108.71,78.31,139.27,34.83,84.23,84.38,132.17,142.34,159.15,93.31,66.76,62.64,22.33,62.35,90.94,155.48,82.9,27.49,115.75,58.15,74.86,177.97,61.48,159.75,142.55,34.75,54.44,41.79,83.46,66.23,116.77,165.42,105.71,17.57,6.13,162.97,134.73,30.52,139.79,72.68,147.01,119.95,145.2,188.03,22.81,102.65,41.21,153.37,103.56,159.28,153.42,145.9,106.34,89.78,44.29,62.11,64.24,126.93,93.88,118.22,132.65,52.22,126.42,51.02,139.22,57.55,135.43,175.34,136.61,20.77,64.7,43.29,63.61,113.27,113.46,37.43,109.21,83.25,118.82,153.71,95.46,95.52,79.12,77.97,107.58,138.19,151.33,40.57,32.34,47.25,151.26,63.78,160.08,61.95,10.51,93.36,122.26,64.72,110.2,29.85,54.89,64.13,119.2,30.42,155.17,5.96,30.91,82.41,79.06,25.91,116.61,53.05,123.76,75.56,82.58,41.78,111.0,37.73,59.29,117.4,104.94,143.29,162.49,112.73,135.81,46.3,38.41,98.9,53.85,140.42,36.66,59.11,130.29,70.59,142.19,88.47,92.94,28.59,126.72,129.42,65.07,115.65,41.83,105.04,87.52,112.14,148.22,52.68,157.85,81.15,153.97,181.65,146.73,34.75,45.57,75.86,152.28,133.97,99.33,62.6,84.79,118.07,33.1,49.75,19.87,78.63,33.77,74.66,103.46,109.0,135.2,8.45,48.59,128.4,124.67,41.87,40.31,53.72,121.05,36.43,29.98,72.21,130.24,133.75,21.43,52.86,35.86,35.02,114.38,128.95,28.19,32.82,38.6,11.31,18.42,132.2,105.75,100.88,94.04,84.93,102.01,111.49,97.25,48.12,43.77,58.56,60.8,79.85,73.27,69.22,77.2,72.57,57.06,71.77,69.61,51.71,46.52,50.7,50.08,78.28,65.43,71.97,57.2,87.13,74.25,76.07,18.15,143.58,120.94,187.72,188.94,179.25,171.44,166.51,154.75,154.99,149.53,40.4,58.16,45.7,46.37,50.08,28.14,34.24,33.5,58.1,59.68,41.31,33.11,51.65,38.7,38.62,59.13,64.36,61.91,67.87,77.26,93.57,72.68,71.26,77.07,79.75,58.24,74.73,77.5,63.53,69.75,78.21,86.18,88.54,92.62,90.75,82.13,76.15,91.52,83.54,98.64,95.66,100.14,95.06,98.59,88.12,92.26,78.61,99.99,118.53,95.18,91.72,82.87,96.2,75.77,116.81,121.61,151.74,113.66,118.6,99.8,109.7,140.89,145.59,129.74,132.41,121.73,141.77,136.47,125.14,140.41,117.83,136.39,133.32,143.88,142.99,142.23,145.55,151.7,166.99,173.73,163.16,164.95,161.72,175.65,171.93,167.62,169.95,170.17,166.77,171.72,156.62,162.06,181.95,166.42,176.43,182.5,184.02,198.28,183.03,204.28,170.62,158.05,162.87,171.05,145.3,167.1,161.78,162.98,172.65,169.98,175.93,150.99,155.98,167.91,191.71,154.61,164.45,172.53,180.83,187.53,198.36,188.69,186.87,169.83,176.24,185.44,187.08,199.11,192.31,215.52
177.62,198.53,205.35,38.87,182.03,16.23,15.1,40.46,70.76,81.43,44.47,94.98,147.15,0.0,199.29,180.83,48.15,212.86,142.45,159.01,74.16,97.83,43.2,37.58,17.85,142.11,201.32,95.02,149.03,92.28,118.02,10.53,109.98,153.42,250.31,192.71,73.03,61.46,196.04,27.5,34.93,134.16,188.99,176.35,113.44,86.04,35.4,34.86,131.43,137.81,139.64,69.68,49.09,165.08,156.26,81.29,53.73,51.11,15.25,62.85,157.37,90.49,109.24,9.08,119.67,65.99,142.63,280.45,138.35,224.34,151.27,196.66,105.66,137.29,91.81,32.17,267.21,98.05,36.76,185.58,273.78,101.61,42.15,60.06,22.18,132.42,199.25,142.69,198.17,116.49,101.3,115.59,243.77,67.45,106.67,68.08,86.67,230.08,213.68,80.59,121.03,33.43,6.37,175.13,133.17,103.71,16.21,198.34,29.53,196.5,145.07,106.81,31.47,91.91,45.68,121.65,189.44,93.68,45.63,129.99,61.88,153.02,155.09,216.96,92.5,127.16,251.17,187.61,258.32,94.51,82.74,176.34,245.56,113.83,193.84,123.63,239.49,8.79,47.2,121.15,35.38,180.86,172.97,130.9,188.41,43.41,171.21,193.67,26.84,205.15,10.78,223.03,54.93,163.15,42.86,36.13,199.62,41.52,166.01,239.6,100.96,117.44,136.16,105.8,12.89,70.33,174.58,142.34,53.44,169.31,180.12,210.41,58.99,29.21,233.89,99.2,104.66,45.14,116.03,184.31,154.42,108.4,127.23,93.61,125.45,38.29,14.34,148.36,183.14,262.96,26.66,176.43,174.87,188.27,27.51,170.98,164.54,108.81,21.36,18.89,155.98,187.42,170.42,169.58,110.79,22.47,122.77,167.38,173.16,136.19,132.83,266.76,240.31,235.44,228.59,219.48,236.57,246.05,231.8,182.67,178.33,193.12,195.36,214.41,207.83,203.78,211.76,207.13,191.61,206.32,204.17,186.27,181.07,185.26,184.63,212.84,199.99,206.53,191.76,221.69,208.8,210.63,141.13,278.14,255.5,322.28,323.5,313.81,305.99,301.07,289.31,289.55,284.08,123.33,113.76,116.46,117.12,174.26,151.33,154.16,139.26,111.22,112.8,140.71,121.92,158.64,147.58,138.4,193.69,198.92,196.46,202.42,211.82,228.13,207.24,182.59,187.66,173.32,101.6,83.34,104.68,102.68,83.64,86.31,88.8,78.46,95.24,90.91,118.72,112.74,119.6,120.13,171.09,61.76,66.24,59.99,60.57,115.2,90.74,87.22,113.44,116.7,143.55,136.77,142.12,130.25,139.01,104.65,48.67,11.35,145.66,150.6,136.61,141.7,172.89,177.59,161.75,164.42,153.73,144.95,139.65,128.33,54.77,48.82,52.52,49.46,45.49,44.91,21.37,28.0,34.15,22.04,28.78,156.86,150.85,151.52,189.25,185.54,189.86,162.09,169.02,161.78,41.17,26.07,31.51,51.4,35.87,45.88,37.55,59.93,76.55,89.74,110.99,77.33,72.41,77.24,77.76,59.66,73.81,68.49,69.69,76.28,79.31,78.27,60.32,48.35,52.62,79.76,54.18,56.83,60.58,65.51,75.59,74.72,58.14,56.32,145.68,139.63,140.21,128.43,153.22,148.3,89.36
34.1,78.81,28.68,184.27,53.94,213.35,198.69,223.08,216.16,154.98,165.14,120.29,64.74,199.29,0.0,183.98,161.42,13.57,174.42,69.98,136.95,137.1,184.89,195.06,211.86,128.46,73.58,115.35,57.48,115.06,143.65,208.19,135.62,62.64,76.46,18.32,127.58,230.69,30.78,212.46,195.27,79.4,22.33,48.61,133.46,118.94,169.48,218.13,140.86,78.88,62.6,215.69,187.44,50.06,174.94,125.39,199.73,172.67,197.92,240.75,57.35,155.36,93.93,206.08,141.03,211.99,188.56,106.61,141.49,50.49,79.43,42.75,116.95,162.08,146.59,170.94,93.36,104.94,179.14,28.86,99.93,110.26,188.15,228.06,189.32,73.48,24.67,80.55,44.25,148.41,160.6,90.14,69.92,135.97,154.48,206.42,148.18,56.23,37.3,130.68,160.3,190.91,204.04,55.84,74.73,99.97,203.98,12.24,212.79,42.59,58.39,146.08,174.97,117.44,162.91,82.57,70.16,116.85,171.91,83.13,207.89,66.89,66.05,41.13,131.77,78.63,77.32,27.45,84.47,128.27,135.3,32.33,71.71,90.44,27.18,152.55,65.65,196.01,215.2,147.88,188.53,21.26,48.26,134.05,34.49,193.14,43.47,18.33,183.01,38.49,194.91,49.18,145.66,39.55,179.44,182.14,6.07,168.37,76.98,65.75,140.23,152.01,183.36,105.4,210.56,133.86,189.11,216.79,199.44,39.81,19.04,36.57,204.99,186.69,60.04,115.32,137.5,170.79,85.81,17.23,53.1,131.34,86.48,127.37,138.6,161.71,187.92,56.9,32.75,89.11,177.39,26.68,50.73,12.29,173.77,46.84,38.98,124.93,182.95,186.46,45.98,33.5,31.3,45.44,149.53,181.66,80.9,36.19,31.49,68.93,71.13,92.91,66.46,61.59,54.75,81.95,62.72,72.2,57.96,63.39,53.62,26.13,41.44,14.65,8.53,4.49,14.14,9.51,19.38,8.7,15.08,35.87,37.06,57.51,56.89,20.46,29.31,39.87,33.87,47.84,23.61,61.87,70.86,104.29,81.65,148.43,149.65,139.96,132.15,127.22,115.46,115.7,110.24,93.11,110.87,98.42,99.08,66.9,63.29,69.39,68.64,110.81,112.39,85.55,85.82,86.8,73.85,85.03,65.94,71.18,77.18,83.14,86.29,76.51,81.71,86.54,92.35,95.03,110.96,127.44,130.22,116.24,122.47,130.93,138.89,141.25,145.33,143.46,134.84,128.86,126.66,102.25,113.91,148.38,152.86,147.77,151.3,140.83,144.97,131.33,152.7,153.68,128.72,126.86,118.02,131.35,110.92,169.52,174.32,204.45,148.8,153.74,133.34,144.85,176.03,180.73,164.89,167.56,156.87,176.92,171.62,160.29,193.12,170.55,189.1,186.04,196.6,195.71,194.94,198.27,204.41,219.7,226.45,198.31,200.1,196.87,210.8,207.08,202.77,205.1,205.32,201.91,224.44,209.34,214.77,234.66,219.14,229.15,235.22,236.73,251.0,235.74,257.0,223.34,210.76,215.58,223.76,198.01,219.81,214.49,215.69,225.36,222.7,228.65,203.71,208.69,220.63,244.42,207.33,217.17,225.24,233.54,240.24,251.07,241.4,239.58,204.98,211.39,220.59,222.23,234.25,227.45,268.23
161.73,125.65,189.46,149.75,154.42,194.89,180.22,204.62,99.92,99.5,144.74,140.33,148.83,180.83,183.98,0.0,165.34,196.56,46.81,135.55,142.36,110.04,144.19,176.19,192.99,65.95,135.02,125.03,126.5,132.58,89.42,189.32,95.43,129.96,204.7,176.41,132.99,170.77,179.74,193.59,176.4,123.26,172.69,158.11,97.71,135.55,152.83,165.12,53.5,145.24,146.43,113.47,120.5,153.01,14.33,126.4,116.86,137.6,179.05,180.83,135.3,91.76,140.21,187.21,75.97,104.59,27.95,226.77,43.38,185.8,105.0,180.36,116.49,53.5,157.27,162.4,213.53,130.01,144.59,169.28,220.09,122.01,128.44,168.14,170.45,139.84,182.95,115.25,181.87,69.11,81.3,146.57,198.16,141.38,75.18,104.8,100.05,184.59,185.81,141.36,86.57,172.04,185.17,136.35,129.89,134.68,185.11,182.04,193.92,180.2,142.22,101.09,149.43,137.09,162.88,138.6,122.29,126.15,147.12,145.69,115.0,150.51,131.63,187.25,116.16,131.1,205.56,171.31,206.92,121.56,145.98,162.89,199.95,144.8,177.54,63.64,193.89,177.14,155.28,68.58,134.44,164.56,143.93,51.01,172.11,131.72,150.36,177.37,164.14,188.85,176.04,180.3,151.07,146.85,138.65,152.2,183.32,159.84,142.55,193.99,107.22,72.7,35.29,129.24,191.69,139.27,5.13,45.86,122.46,155.95,163.82,182.55,114.01,167.82,188.28,115.62,104.28,161.91,141.85,168.01,138.91,100.82,146.93,123.56,59.3,155.48,169.05,140.52,166.84,209.27,164.9,160.12,158.57,171.97,154.9,154.68,148.24,107.85,164.08,167.59,139.68,171.12,154.12,153.28,70.23,162.79,142.47,151.08,156.86,145.54,142.18,221.27,194.82,196.9,173.36,146.8,166.3,200.44,186.2,129.66,150.18,176.81,179.06,198.11,191.53,187.48,195.46,190.83,175.31,190.02,187.86,169.97,164.77,167.02,161.73,196.54,183.69,172.74,175.46,192.79,192.5,162.92,150.48,224.46,200.83,254.01,233.57,260.12,252.31,247.39,235.62,235.87,230.4,149.15,135.98,147.44,148.1,140.79,120.69,117.02,134.16,134.66,120.76,120.26,133.42,101.11,110.45,119.74,145.97,139.38,123.78,114.0,139.14,155.44,134.56,106.43,111.5,97.16,135.37,125.47,149.87,140.65,133.15,141.61,149.57,146.66,156.01,154.14,110.26,104.03,93.11,111.67,94.93,153.79,158.27,153.18,156.71,95.25,108.36,124.42,93.57,70.24,67.39,60.61,65.96,54.09,73.34,98.01,165.44,185.58,35.88,32.05,53.06,40.44,14.04,12.18,24.11,16.92,29.07,40.87,52.89,57.49,117.75,144.58,131.8,137.15,133.73,141.63,176.07,179.4,185.54,200.83,207.58,24.01,29.16,20.82,26.82,23.1,18.79,21.12,21.34,17.93,166.6,190.47,195.9,180.31,200.27,210.28,216.35,217.86,216.81,80.97,110.27,100.98,100.38,105.2,93.63,112.02,114.42,109.09,121.65,123.15,133.42,139.36,140.84,153.93,160.71,195.11,144.46,152.07,165.32,173.62,190.93,201.76,188.84,193.66,34.04,40.45,47.87,49.51,61.53,45.68,202.55
139.18,160.1,166.91,33.12,143.59,62.2,47.54,71.93,65.01,65.78,14.0,56.54,108.71,48.15,161.42,165.34,0.0,174.76,127.26,120.91,36.05,59.72,33.12,43.28,60.09,126.91,163.22,56.91,110.92,54.18,79.91,56.42,71.88,115.32,212.2,154.6,34.93,78.91,157.93,60.69,43.5,96.05,150.89,138.24,75.33,47.94,17.71,66.36,116.24,99.71,101.54,63.91,35.67,126.97,156.6,43.18,47.96,20.9,46.14,88.97,119.26,75.3,71.13,54.31,95.41,60.22,142.67,242.35,123.15,186.23,113.17,158.56,67.56,122.1,53.7,19.16,229.1,59.95,27.37,147.47,235.67,63.5,36.38,76.29,37.55,94.31,161.15,104.58,160.06,101.3,86.11,77.49,205.67,29.34,91.47,54.65,71.47,191.97,175.57,42.48,82.93,39.14,52.27,137.02,95.07,65.6,52.21,160.23,61.02,158.4,106.96,68.71,23.2,53.8,11.14,83.54,151.34,55.57,20.14,91.89,56.12,114.92,116.98,178.86,54.4,89.05,213.06,149.51,220.21,56.41,44.63,138.23,207.45,75.72,155.74,108.44,201.39,44.23,63.43,105.95,36.76,142.75,134.87,115.71,150.3,41.37,133.11,155.56,31.24,167.05,43.13,184.92,16.82,125.04,27.67,30.37,161.52,16.6,127.91,201.49,62.86,102.25,136.21,67.7,58.79,32.22,170.77,136.57,47.67,131.2,142.02,172.31,53.22,34.92,195.78,61.09,66.56,19.02,77.92,146.2,116.32,70.3,89.13,55.51,110.26,9.94,36.15,110.26,145.04,224.85,25.62,138.32,136.77,150.17,22.0,132.88,126.43,70.7,31.18,34.69,117.88,149.31,132.31,131.48,95.59,29.89,84.66,129.27,135.05,98.08,94.72,228.65,202.2,197.33,190.49,181.38,198.46,207.95,193.7,144.57,140.23,155.01,157.25,176.3,169.72,165.68,173.66,169.02,153.51,168.22,166.06,148.16,142.97,147.15,146.53,174.73,161.88,168.43,153.66,183.58,170.7,172.53,103.03,240.03,217.39,284.17,285.39,275.7,267.89,262.96,251.2,251.45,245.98,85.22,75.65,78.35,79.02,136.15,113.23,116.05,101.15,73.11,74.69,102.6,83.82,120.53,109.48,100.3,155.58,160.82,158.36,164.32,173.72,190.02,169.14,167.71,173.52,158.13,63.5,45.23,66.58,64.58,45.54,48.21,50.69,40.36,57.13,52.8,80.62,74.64,81.49,82.03,155.9,23.66,13.14,21.88,22.47,77.1,52.64,49.12,75.33,101.51,128.35,121.58,108.01,115.06,100.91,89.46,22.55,52.68,130.47,135.4,121.41,126.51,157.69,162.4,146.55,149.22,138.53,129.76,124.46,113.13,41.35,18.78,37.33,34.27,44.83,43.94,43.17,46.5,52.64,67.93,74.67,151.15,145.08,151.57,192.46,188.74,184.43,156.32,163.32,156.08,72.67,57.57,63.0,82.89,67.37,77.38,83.44,84.96,99.23,83.97,105.23,71.56,58.99,63.81,71.99,46.24,68.04,62.72,63.92,73.59,70.93,76.88,51.94,56.92,68.85,92.65,55.56,65.39,73.47,81.77,88.47,99.3,89.63,87.81,139.91,133.87,134.44,122.66,147.46,142.53,116.46
47.67,92.38,18.88,197.84,67.51,226.92,212.25,236.65,229.73,168.55,178.71,133.86,78.31,212.86,13.57,196.56,174.76,0.0,187.98,83.55,150.52,150.66,198.46,208.62,225.43,142.03,69.43,128.92,71.04,128.63,157.22,221.76,149.18,76.21,66.66,31.89,141.14,244.25,44.35,226.03,208.84,92.96,33.59,62.17,147.02,132.51,183.05,231.7,154.43,92.45,76.17,229.25,201.01,63.62,188.5,138.96,213.3,186.24,211.48,254.31,70.92,168.93,107.5,219.65,154.59,225.56,202.13,96.8,155.06,40.68,93.0,56.32,130.52,175.64,160.16,184.5,83.56,118.51,192.71,42.43,90.12,123.83,201.72,241.63,202.89,87.05,38.24,94.11,57.82,161.98,174.17,103.71,60.12,149.54,168.05,219.99,161.74,46.42,27.49,144.25,173.87,204.48,217.61,69.41,88.3,113.54,217.55,25.81,226.36,56.15,71.95,159.65,188.54,131.01,176.48,96.13,83.73,130.42,185.48,96.7,221.46,80.45,79.62,31.32,145.34,92.19,67.51,41.02,74.66,141.84,148.87,45.9,61.91,104.01,29.51,166.12,55.84,209.57,228.77,161.45,202.1,34.83,61.82,147.61,48.06,206.71,57.04,31.9,196.58,27.33,208.47,39.37,159.23,53.12,193.0,195.71,19.64,181.94,90.55,55.94,153.8,165.57,196.93,118.96,224.13,147.43,202.68,230.36,213.01,53.38,32.61,26.76,218.56,200.26,50.23,128.88,151.07,184.36,99.38,30.8,66.67,144.91,100.05,140.94,152.17,175.28,201.49,70.46,46.32,79.3,190.96,40.25,64.3,25.85,187.34,60.41,52.54,138.5,196.52,200.03,59.55,47.07,44.87,59.01,163.1,195.23,94.47,49.75,45.06,82.5,84.7,83.11,56.65,51.78,44.94,72.14,52.92,62.4,48.15,76.96,67.18,39.7,55.01,4.84,6.76,9.26,27.71,23.07,32.95,22.27,28.65,38.76,43.95,43.39,51.86,10.65,19.5,36.14,36.77,38.04,13.81,46.48,84.43,94.49,71.84,138.63,139.85,130.15,122.34,117.42,105.65,105.9,100.43,106.68,124.44,111.99,112.65,80.46,76.86,82.95,82.21,124.38,125.96,99.12,99.39,100.36,87.41,98.6,58.48,67.03,80.67,96.71,78.09,66.7,83.09,100.1,105.91,108.59,124.53,141.01,143.78,129.81,136.04,144.5,152.46,154.82,158.9,157.03,148.41,142.43,140.23,115.82,127.48,161.95,166.43,161.34,164.87,154.4,158.54,144.9,166.27,167.25,142.29,140.43,131.58,144.92,124.48,183.09,187.89,218.02,162.37,167.31,146.91,158.42,189.6,194.3,178.46,181.13,170.44,190.48,185.18,173.86,206.69,184.12,202.67,199.61,210.17,209.28,208.51,211.84,217.98,233.27,240.01,211.88,213.67,210.44,224.37,220.65,216.33,218.67,218.89,215.48,238.01,222.91,228.34,248.23,232.71,242.72,248.78,250.3,264.57,249.31,270.57,236.9,224.33,229.15,237.33,211.58,233.38,228.06,229.26,238.93,236.27,242.22,217.28,222.26,234.19,257.99,220.9,230.73,238.81,247.11,253.81,264.64,254.97,253.15,218.54,224.95,234.16,235.8,247.82,241.02,281.8
152.17,116.09,179.9,88.82,144.86,156.51,141.85,166.24,77.03,61.12,106.36,103.17,139.27,142.45,174.42,46.81,127.26,187.98,0.0,125.99,105.26,72.94,83.2,137.78,154.59,56.39,125.46,88.87,116.94,100.37,53.26,150.92,59.27,120.4,195.14,166.84,95.89,147.87,170.17,155.19,137.99,113.7,163.13,148.55,61.55,98.45,114.43,142.23,42.16,132.63,134.46,90.58,77.14,143.45,32.49,89.3,93.96,99.2,140.64,157.94,125.74,53.36,104.06,148.81,39.82,81.7,18.86,217.21,52.63,176.24,95.44,170.8,80.34,7.16,120.17,124.0,203.97,93.85,106.19,159.72,210.53,85.85,105.54,145.25,132.05,127.24,173.39,105.69,172.31,32.87,42.89,110.41,188.6,104.28,36.77,61.44,61.65,175.03,176.25,104.26,50.41,133.64,146.77,126.79,120.33,98.53,146.7,172.47,155.52,170.64,132.66,64.93,111.02,100.0,124.47,116.47,112.73,89.06,108.71,124.81,92.11,140.95,122.07,177.69,79.07,121.54,196.0,161.75,197.36,84.46,108.88,153.32,190.39,108.65,167.98,18.92,184.33,138.73,132.39,29.28,111.55,155.0,134.37,45.18,162.55,108.83,140.8,167.81,125.73,179.29,137.63,170.74,113.97,137.29,100.24,113.8,173.76,121.43,132.99,184.43,71.06,37.74,12.4,93.08,153.29,102.18,45.07,45.82,99.57,146.39,154.26,172.99,91.12,129.41,178.72,79.46,68.12,123.5,110.85,158.45,129.35,64.66,122.06,86.46,37.08,117.08,130.64,130.96,157.28,199.71,126.5,150.56,149.01,162.41,116.5,145.12,138.67,71.69,125.68,129.19,130.12,161.56,144.56,143.72,31.82,124.39,117.59,141.52,147.3,131.01,127.65,211.71,185.26,187.34,163.8,137.24,156.74,190.88,176.64,120.1,140.62,167.25,169.5,188.55,181.97,177.92,185.9,181.27,165.75,180.46,178.3,160.41,155.21,157.46,152.17,186.97,174.13,163.18,165.9,183.23,182.94,153.36,135.95,214.89,191.27,259.04,260.25,250.56,242.75,237.83,226.06,226.31,220.84,118.15,108.58,111.28,111.94,131.23,111.13,107.46,124.6,98.5,84.6,110.7,116.74,91.55,100.89,110.18,136.41,129.82,114.22,104.44,129.58,145.88,125.0,96.87,101.94,87.6,99.21,88.37,112.77,104.5,96.05,104.51,112.47,109.56,118.91,117.04,74.1,67.87,59.2,75.51,85.37,116.69,121.17,116.09,119.62,59.09,69.95,87.32,57.41,26.87,57.83,51.05,56.4,44.53,63.78,59.6,127.04,147.18,59.33,55.5,50.89,55.98,38.87,43.57,47.56,40.37,52.51,5.95,9.52,14.13,74.39,106.17,93.4,98.75,110.84,118.73,137.67,140.99,147.14,162.43,169.17,27.34,29.13,27.76,68.74,65.02,62.13,47.87,39.51,32.27,143.71,152.06,157.5,157.42,161.86,171.87,177.94,179.46,218.56,58.08,112.02,78.09,57.01,61.84,70.74,68.65,68.71,69.88,98.76,100.26,110.52,116.47,117.95,131.04,137.81,161.61,121.57,129.18,142.43,150.73,157.43,168.26,165.95,182.31,34.01,40.42,49.62,51.26,63.29,56.49,204.3
47.73,50.82,75.46,143.99,52.15,173.07,158.41,182.8,175.88,114.7,124.86,80.01,34.83,159.01,69.98,135.55,120.91,83.55,125.99,0.0,96.18,96.33,144.12,154.29,171.09,80.03,60.18,74.59,13.5,74.29,87.8,167.43,79.76,11.12,120.01,62.41,86.81,189.92,65.74,171.7,154.5,31.91,58.69,46.05,85.03,78.18,128.72,177.36,92.43,48.72,32.43,174.92,146.68,34.78,126.51,84.63,158.96,131.9,157.15,199.98,18.09,114.6,53.16,165.31,92.6,171.23,140.14,150.15,93.07,94.04,31.01,66.36,59.64,113.65,105.83,130.17,136.91,64.17,138.37,55.28,143.48,69.49,147.38,187.29,148.56,43.32,68.95,32.12,67.87,99.99,112.18,49.38,113.47,95.2,106.05,165.66,107.41,99.78,83.38,89.91,107.49,150.14,163.28,39.89,27.24,59.2,163.21,68.04,172.03,66.2,28.22,105.31,134.21,76.67,122.15,41.8,46.69,76.08,131.14,52.97,167.12,36.51,9.52,86.66,91.0,32.85,120.87,57.31,128.02,87.51,94.53,46.04,115.26,49.67,63.54,104.12,109.19,155.24,174.44,99.46,147.76,50.56,36.72,85.62,58.11,152.37,40.91,63.37,142.24,74.85,154.14,92.73,104.89,32.85,138.67,141.37,69.32,127.6,11.89,109.3,99.46,103.58,134.94,64.63,169.8,93.1,140.69,168.37,158.68,39.01,49.82,80.11,164.23,145.92,103.59,74.55,81.65,130.02,45.04,54.01,24.91,75.49,50.13,86.61,90.18,120.95,147.15,26.52,52.84,132.66,136.62,46.13,44.57,57.97,133.0,40.68,34.24,69.07,142.18,145.7,25.68,57.12,40.12,39.28,101.1,140.9,50.74,37.08,42.86,38.77,40.97,136.46,110.01,105.14,98.29,71.97,106.27,115.75,101.5,47.44,42.96,62.82,65.06,84.11,77.53,73.48,81.46,76.83,61.31,76.02,73.86,55.97,50.77,54.96,54.33,82.54,69.69,76.23,61.46,91.39,78.5,80.33,40.7,147.84,125.2,191.98,193.2,183.51,175.69,170.77,159.01,159.25,153.78,52.35,52.85,57.65,58.31,28.69,14.86,20.96,21.15,61.01,60.74,37.12,36.62,38.37,25.42,36.61,63.39,68.62,48.95,51.87,64.3,80.61,59.72,55.26,61.07,63.75,70.19,86.68,89.45,75.47,81.7,90.16,98.13,100.48,104.57,102.7,78.99,73.01,78.24,53.83,82.64,107.61,112.09,107.01,110.54,84.98,104.2,90.56,111.94,105.26,81.9,78.44,69.59,82.92,62.49,128.89,133.55,163.69,100.38,105.32,86.52,96.42,127.61,132.31,116.47,119.14,108.45,128.49,123.19,111.86,152.36,129.78,148.34,145.27,155.83,154.94,154.18,157.5,163.65,178.94,185.68,149.88,151.67,148.44,162.37,158.65,154.34,156.67,156.89,153.49,183.67,168.57,174.01,193.9,178.37,188.38,194.45,195.97,210.23,194.97,216.23,182.57,170.0,174.82,183.0,157.25,179.05,173.72,174.92,184.6,181.93,187.88,162.94,167.93,179.86,203.65,166.56,176.4,184.48,192.77,199.48,210.3,200.64,198.82,156.55,162.96,172.16,173.8,185.83,179.03,227.46
114.71,135.62,142.43,59.13,119.12,88.21,73.55,97.95,91.02,52.61,40.01,20.1,84.23,74.16,136.95,142.36,36.05,150.52,105.26,96.18,0.0,35.01,59.25,69.41,86.22,93.73,138.5,32.19,86.2,29.46,55.2,82.55,47.16,90.6,187.49,129.88,10.21,105.04,133.21,86.82,69.63,71.33,126.17,113.53,50.62,14.83,43.84,92.49,92.99,74.99,76.82,90.04,61.8,102.25,133.35,18.46,74.09,47.03,72.27,115.1,94.55,53.27,46.41,80.44,70.69,86.35,120.65,217.63,99.9,161.51,88.45,133.84,42.84,100.07,17.65,45.29,204.39,35.23,53.5,122.76,210.95,38.79,62.51,102.42,63.68,69.59,136.43,79.86,135.35,78.05,64.09,52.77,180.95,10.33,69.45,80.78,46.09,167.25,150.85,6.43,58.21,65.27,78.4,112.3,70.35,40.88,78.34,135.51,87.15,133.68,82.25,43.99,49.33,22.1,37.27,58.82,126.62,30.85,46.27,67.17,82.25,90.2,92.27,154.14,29.68,64.33,188.34,124.79,195.49,31.69,8.58,113.52,182.73,51.0,131.02,86.41,176.67,70.36,89.56,82.7,62.89,118.03,110.15,92.46,125.58,67.5,108.39,130.84,57.37,142.33,69.27,160.2,20.02,100.32,53.8,56.5,136.8,42.73,103.19,176.77,38.14,76.4,114.18,42.98,84.92,8.4,147.52,147.61,73.8,106.49,117.3,147.59,79.35,61.05,171.06,36.37,41.84,45.15,53.2,121.49,91.6,45.58,64.41,30.79,87.01,36.07,62.28,85.54,120.32,200.13,51.75,113.6,112.05,125.45,48.13,108.16,101.71,45.99,57.31,60.82,93.16,124.6,107.59,106.76,73.57,56.02,59.95,104.56,110.33,73.36,70.01,203.93,177.48,172.61,165.77,156.66,173.74,183.23,168.98,119.85,115.51,130.29,132.54,151.59,145.01,140.96,148.94,144.31,128.79,143.5,141.34,123.44,118.25,122.43,121.81,150.01,137.16,143.71,128.94,158.87,145.98,147.81,78.31,215.31,192.67,259.46,260.67,250.98,243.17,238.25,226.48,226.73,221.26,60.5,50.94,53.64,54.3,111.44,88.51,91.33,76.43,48.4,49.97,77.89,59.1,95.82,84.76,75.58,130.86,136.1,133.64,139.6,149.0,165.3,144.42,142.99,148.8,125.37,38.78,20.51,29.66,27.66,11.43,12.15,14.64,7.1,21.08,16.75,55.9,49.92,56.78,57.31,123.14,22.74,27.22,22.13,25.66,52.38,28.82,24.4,50.61,79.48,95.6,98.33,83.29,91.8,76.19,67.43,48.68,78.81,107.22,112.15,98.16,103.26,134.44,139.15,123.3,125.97,115.28,107.74,102.44,91.11,67.48,44.91,63.46,60.4,70.96,70.07,69.3,72.63,78.77,94.06,100.81,129.13,130.92,129.54,169.21,165.49,161.18,163.51,141.3,134.06,98.8,83.7,89.13,109.02,93.5,103.51,109.58,111.09,125.36,110.1,131.36,97.69,85.12,89.94,98.12,72.37,94.17,88.85,90.05,99.72,97.06,103.01,78.07,83.05,94.98,118.78,81.69,91.52,99.6,107.9,114.6,125.43,115.76,113.94,135.79,142.2,151.41,148.79,165.07,158.27,142.59
114.85,121.53,142.58,70.54,119.26,111.88,97.22,121.62,76.73,20.29,63.68,32.94,84.38,97.83,137.1,110.04,59.72,150.66,72.94,96.33,35.01,0.0,64.92,93.1,109.91,61.4,139.39,25.08,87.1,30.1,22.86,106.24,14.83,91.49,188.38,130.78,25.62,128.73,134.11,110.51,93.31,72.23,127.06,114.42,18.28,28.18,67.53,116.18,60.66,75.88,77.71,92.36,67.47,103.15,101.02,19.04,97.78,58.33,95.96,138.79,95.44,20.94,47.31,104.13,38.36,72.06,88.32,218.53,67.57,162.41,71.49,134.74,30.78,67.74,49.91,68.98,205.28,30.06,65.32,123.65,211.85,26.72,86.2,126.1,87.37,70.49,137.32,58.27,136.24,45.71,31.75,53.66,181.84,34.01,37.12,59.12,13.75,168.15,151.75,33.99,25.88,88.96,102.09,113.2,71.25,41.78,102.03,136.41,110.84,134.57,83.14,11.66,73.02,29.73,60.96,59.72,118.16,18.79,67.84,68.06,84.56,91.09,93.16,155.03,8.8,65.23,189.24,125.68,196.39,14.19,38.61,114.41,183.63,51.9,131.91,54.08,177.56,94.05,113.25,50.37,86.57,118.93,111.04,60.13,126.48,91.19,109.28,131.74,81.05,143.22,92.95,161.1,43.7,101.22,59.37,80.18,137.69,66.41,104.09,177.67,5.81,44.06,81.85,33.95,108.61,31.91,115.19,115.28,97.49,107.38,118.19,148.48,81.66,84.73,171.96,24.31,9.51,68.84,54.1,122.38,92.49,13.25,65.31,16.19,54.67,59.76,85.96,86.43,121.21,201.03,75.43,114.5,112.94,126.34,71.82,109.05,102.61,20.28,81.0,84.51,94.05,125.49,108.49,107.65,41.24,79.71,60.84,105.45,111.23,74.26,70.9,204.83,178.38,173.51,166.66,142.68,174.64,184.12,169.87,120.75,116.4,131.19,133.43,152.48,145.9,141.85,149.83,145.2,129.68,144.39,142.24,124.34,119.14,123.33,122.7,150.91,138.06,144.6,129.83,159.76,146.87,148.7,79.2,216.21,193.57,260.35,261.57,251.88,244.06,239.14,227.38,227.62,222.15,61.4,51.83,54.53,55.19,104.59,89.4,70.73,77.33,39.37,35.12,57.9,59.99,67.6,64.15,76.47,131.76,136.99,119.66,109.88,135.02,151.32,130.44,102.31,107.38,93.04,35.42,18.1,42.51,40.7,25.78,34.24,42.21,39.3,48.65,46.78,31.85,25.62,24.44,33.26,90.81,46.42,50.9,45.82,49.35,20.04,10.55,17.06,18.28,47.15,63.27,65.99,50.96,59.47,43.86,35.1,72.37,102.5,74.88,79.82,65.83,70.93,102.11,106.81,90.97,93.64,82.95,75.4,70.1,58.78,73.15,65.3,52.53,57.88,94.64,93.76,92.99,96.31,102.46,117.75,124.49,96.8,98.59,97.21,136.88,133.16,128.85,131.18,108.96,101.72,122.48,107.38,112.82,132.71,117.19,127.19,133.26,134.78,149.05,95.81,133.67,100.01,59.9,64.72,83.83,78.04,66.39,67.56,92.36,102.03,120.75,126.69,101.75,106.74,118.67,142.47,105.37,115.21,123.29,131.59,138.29,149.12,139.45,137.63,103.46,109.87,119.08,120.71,132.74,125.94,166.28
162.64,165.17,190.37,5.62,167.06,57.26,42.59,66.99,32.23,44.63,17.8,80.0,132.17,43.2,184.89,144.19,33.12,198.46,83.2,144.12,59.25,64.92,0.0,38.4,55.2,105.4,174.47,79.63,133.64,76.89,83.15,51.54,75.11,138.03,234.92,177.32,57.64,68.34,180.65,55.81,38.61,118.77,173.6,160.96,78.57,70.65,20.25,61.47,94.73,122.42,124.25,31.25,6.37,149.69,135.09,65.9,22.38,13.75,41.26,78.4,141.98,53.79,93.85,49.42,82.97,27.56,98.61,265.06,101.64,208.95,135.89,181.28,90.28,81.11,76.42,29.82,251.82,82.66,10.24,170.19,258.39,86.22,22.86,65.71,32.67,117.03,183.86,127.3,182.78,79.79,64.6,100.2,228.38,52.06,69.96,25.35,49.96,214.69,198.29,65.2,86.16,34.25,47.39,159.74,117.78,88.32,47.32,182.95,56.14,181.11,129.68,71.94,15.07,76.52,30.29,106.26,161.74,78.29,14.53,114.6,23.45,137.63,139.7,201.57,71.04,111.77,235.78,172.22,242.93,79.12,67.35,160.95,230.17,98.44,178.45,86.92,224.1,39.35,52.86,84.44,23.24,165.47,157.58,94.2,173.02,27.85,155.82,178.28,26.35,189.76,38.25,207.64,39.54,147.76,5.97,13.09,184.23,27.25,150.62,224.21,66.1,80.73,92.15,90.41,53.91,54.94,124.82,103.91,27.99,153.92,164.73,195.02,20.56,30.03,218.5,83.81,69.8,29.32,100.64,168.92,139.03,73.53,111.84,78.22,88.75,22.9,31.26,132.97,167.75,247.57,27.11,161.04,159.48,172.88,17.11,155.59,149.15,80.56,26.29,29.81,140.59,172.03,155.03,154.19,74.08,25.01,107.38,151.99,157.77,120.8,117.44,251.37,224.92,220.05,213.2,186.26,221.18,230.66,216.41,167.28,162.94,177.73,179.97,199.02,192.44,188.39,196.37,191.74,176.22,190.93,188.78,170.88,165.68,169.87,169.24,197.45,184.6,191.14,176.37,206.3,193.41,195.24,125.74,262.75,240.11,306.89,308.11,298.42,290.6,285.68,273.92,274.16,268.69,107.94,98.37,101.07,101.73,158.87,135.94,138.77,123.87,95.83,97.41,125.32,106.53,143.25,132.19,123.01,178.3,183.53,163.24,153.46,178.59,194.9,174.01,145.88,150.96,136.62,86.21,67.95,89.29,87.29,68.25,70.92,73.41,63.07,79.85,75.52,92.13,85.91,84.73,93.54,134.39,46.37,50.85,44.6,45.19,80.33,61.93,71.83,78.57,80.0,106.84,100.07,105.42,93.54,112.8,67.95,32.86,47.8,108.96,113.89,99.9,105.0,136.18,140.89,125.04,127.71,117.02,85.7,80.4,69.07,12.05,20.73,15.82,12.76,31.31,30.42,38.29,41.61,47.76,63.05,69.79,107.09,108.88,107.51,170.95,167.23,162.92,123.66,119.26,112.02,67.78,52.68,58.12,78.01,62.48,72.49,78.56,80.08,94.34,51.31,72.57,38.9,29.69,34.51,39.33,16.94,32.62,33.79,31.26,40.93,51.2,57.15,38.42,52.03,58.28,82.07,42.04,49.65,62.9,71.2,77.9,88.73,84.75,82.93,107.25,101.2,101.78,90.0,114.8,109.87,105.88
172.81,193.73,200.54,34.06,177.22,51.63,36.97,61.36,65.95,76.62,39.66,90.17,142.34,37.58,195.06,176.19,43.28,208.62,137.78,154.29,69.41,93.1,38.4,0.0,49.56,137.66,196.87,90.57,144.58,87.83,113.57,45.9,105.53,148.98,245.86,188.26,68.59,72.83,191.59,50.16,37.41,129.71,184.55,171.9,108.99,81.59,30.95,55.83,126.99,133.37,135.19,65.23,44.65,160.63,151.81,76.84,49.28,46.66,35.62,82.89,152.92,86.04,104.79,43.78,115.22,61.54,138.18,276.01,133.9,219.89,146.83,192.22,101.22,132.84,87.36,24.66,262.76,93.61,32.31,181.13,269.33,97.16,37.7,70.2,31.46,127.97,194.81,138.24,193.72,112.04,96.86,111.14,239.32,63.0,102.22,63.63,82.22,225.63,209.23,76.14,116.58,15.02,41.74,170.68,128.73,99.26,41.68,193.89,50.5,192.06,140.62,102.36,27.02,87.46,41.23,117.2,184.99,89.23,41.19,125.54,57.43,148.57,150.64,212.52,88.06,122.71,246.72,183.16,253.87,90.06,78.29,171.89,241.11,109.38,189.39,119.18,235.04,33.71,57.34,116.7,31.69,176.41,168.52,126.45,183.96,39.72,166.76,189.22,27.41,200.7,32.61,218.58,50.48,158.7,38.41,31.68,195.17,31.99,161.57,235.15,96.52,112.99,131.71,101.35,48.26,65.88,170.14,137.89,48.99,164.86,175.67,205.97,54.54,8.37,229.44,94.75,100.22,40.69,111.58,179.86,149.97,103.95,122.79,89.17,121.0,33.84,25.62,143.91,178.69,258.51,19.15,171.98,170.42,183.83,23.07,166.53,160.09,104.36,23.83,23.87,151.53,182.97,165.97,165.13,106.34,16.62,118.32,162.93,168.71,131.74,128.38,262.31,235.86,230.99,224.15,215.03,232.12,241.6,227.35,178.23,173.88,188.67,190.91,209.96,203.38,199.33,207.31,202.68,187.16,201.87,199.72,181.82,176.63,180.81,180.18,208.39,195.54,202.08,187.31,217.24,204.35,206.18,136.68,273.69,251.05,317.83,319.05,309.36,301.54,296.62,284.86,285.1,279.63,118.88,109.31,112.01,112.67,169.81,146.88,149.71,134.81,106.77,108.35,136.26,117.48,154.19,143.13,133.95,189.24,194.47,192.01,197.98,207.37,223.68,202.79,178.14,183.21,168.87,97.15,78.89,100.24,98.23,79.19,81.86,84.35,74.01,90.79,86.46,114.28,108.3,115.15,115.69,166.64,57.31,61.79,55.54,56.13,110.75,86.3,82.77,108.99,112.25,139.1,132.32,137.67,125.8,134.56,100.2,44.22,42.16,141.21,146.15,132.16,137.26,168.44,173.14,157.3,159.97,149.28,140.51,135.21,123.88,50.33,44.37,48.08,45.01,43.18,41.22,32.65,39.28,45.43,57.41,64.15,152.41,146.4,147.08,184.81,181.09,185.42,157.64,164.57,157.34,62.14,47.04,52.47,72.37,56.84,66.85,72.92,74.44,88.7,85.29,106.55,72.88,67.96,72.79,73.31,55.22,69.36,64.04,65.24,74.91,69.28,75.23,50.29,50.83,62.77,86.56,56.66,59.31,67.38,75.68,82.38,93.21,79.11,77.29,141.23,135.18,135.76,123.98,148.78,143.85,110.37
189.62,210.53,217.34,50.87,194.03,9.28,30.76,29.01,82.76,93.43,56.47,106.97,159.15,17.85,211.86,192.99,60.09,225.43,154.59,171.09,86.22,109.91,55.2,49.56,0.0,154.0,213.22,106.91,160.92,104.18,129.91,6.71,121.88,165.32,262.2,204.6,84.93,49.99,207.93,11.28,39.18,146.05,200.89,188.24,125.33,97.94,47.29,23.39,143.33,149.71,151.54,81.58,60.99,176.97,168.15,93.18,65.62,63.0,16.38,51.37,169.26,102.39,121.13,18.55,131.56,77.88,154.52,292.35,150.24,236.23,163.17,208.56,117.56,149.18,103.7,44.07,279.1,109.95,48.66,197.47,285.67,113.5,54.04,48.58,31.39,144.31,211.15,154.58,210.06,128.38,113.2,127.48,255.67,79.34,118.56,79.97,98.56,241.97,225.57,92.48,132.93,45.32,13.15,187.02,145.07,115.6,29.29,210.23,18.05,208.4,156.96,118.71,43.36,103.8,57.57,133.54,201.34,105.57,57.53,141.89,73.78,164.92,166.98,228.86,104.4,139.05,263.06,199.5,270.21,106.41,94.63,188.23,257.45,125.72,205.74,135.52,251.39,23.68,35.73,133.04,47.27,192.75,184.87,142.8,200.3,55.31,183.11,205.56,38.73,217.05,25.67,234.92,66.82,175.04,54.75,48.03,211.52,53.41,177.91,251.49,112.86,129.33,148.06,117.7,10.13,82.22,186.48,154.23,65.33,181.2,192.02,222.31,70.88,41.1,245.78,111.09,116.56,57.03,127.92,196.2,166.32,120.3,139.13,105.51,137.34,50.18,23.94,160.26,195.04,274.85,38.55,188.32,186.77,200.17,39.41,182.88,176.43,120.7,33.25,30.51,167.88,199.31,182.31,181.48,122.68,34.36,134.66,179.27,185.05,148.08,144.72,278.65,252.2,247.33,240.49,231.38,248.46,257.94,243.7,194.57,190.23,205.01,207.25,226.3,219.72,215.68,223.65,219.02,203.51,218.22,216.06,198.16,192.97,197.15,196.53,224.73,211.88,218.43,203.66,233.58,220.7,222.53,153.02,290.03,267.39,334.17,335.39,325.7,317.89,312.96,301.2,301.45,295.98,135.22,125.65,128.35,129.01,186.15,163.22,166.05,151.15,123.11,124.69,152.6,133.82,170.53,159.48,150.3,205.58,210.82,208.36,214.32,223.72,240.02,219.14,194.48,199.56,185.22,113.5,95.23,116.58,114.57,95.54,98.21,100.69,90.35,107.13,102.8,130.62,124.64,131.49,132.03,182.99,73.65,78.13,71.88,72.47,127.09,102.64,99.12,125.33,128.59,155.44,148.66,154.02,142.14,150.91,116.55,60.57,26.25,157.55,162.49,148.5,153.6,184.78,189.48,173.64,176.31,165.62,156.85,151.55,140.22,66.67,60.71,64.42,61.35,49.74,56.81,25.63,37.21,35.71,5.81,16.85,168.75,162.74,163.42,201.15,197.43,201.76,173.98,180.92,173.68,29.7,14.6,20.03,39.92,24.4,34.41,25.62,48.0,64.62,101.63,122.89,89.23,84.31,89.13,89.65,71.56,85.7,80.38,81.58,66.15,69.18,66.79,50.19,43.38,41.15,68.29,44.05,46.69,49.11,54.03,64.11,63.25,46.66,44.84,157.57,151.53,152.11,140.32,165.12,160.2,77.43
106.21,66.45,133.94,111.03,95.22,156.16,141.5,165.89,106.16,60.77,106.02,85.71,93.31,142.11,128.46,65.95,126.91,142.03,56.39,80.03,93.73,61.4,105.4,137.66,154.0,0.0,75.84,73.08,70.98,80.62,50.69,150.6,56.7,74.44,145.53,120.89,84.35,173.09,124.22,154.87,137.67,67.74,117.17,98.94,44.39,83.95,114.1,160.53,22.83,89.72,90.91,132.9,108.02,93.83,56.91,77.76,124.03,98.87,140.32,183.15,79.78,53.04,88.26,148.48,37.25,101.48,70.53,167.6,23.46,126.63,49.48,124.85,64.54,44.05,108.63,123.68,154.35,78.05,105.86,113.76,160.92,70.05,129.35,170.46,131.73,84.32,127.43,59.73,126.35,30.38,42.57,90.66,138.99,92.74,36.45,88.55,61.33,125.41,126.64,92.72,47.84,133.31,146.45,77.17,74.37,82.73,146.38,126.52,155.2,124.68,86.7,62.36,110.7,82.45,124.15,83.08,63.11,71.59,108.39,90.17,125.11,94.99,76.11,128.07,67.52,75.58,146.39,115.79,147.74,72.92,97.34,103.71,140.78,90.96,122.02,34.52,134.71,138.41,157.61,29.85,129.73,109.04,84.76,16.02,116.59,134.34,91.18,121.85,125.41,133.33,137.31,121.13,102.43,91.33,99.92,113.47,127.8,121.11,87.03,134.81,58.58,33.98,65.33,77.28,152.97,90.64,71.08,98.76,129.64,96.77,108.3,123.38,122.21,129.09,129.11,63.66,55.64,123.18,86.33,112.49,83.39,50.64,91.41,74.92,20.57,116.76,130.32,85.0,111.32,150.1,126.18,104.61,103.05,116.45,116.17,99.16,92.72,57.67,125.35,128.87,84.16,115.6,102.27,97.76,31.5,124.07,86.95,95.56,101.34,90.02,86.66,162.09,135.64,137.73,114.19,87.63,107.13,141.27,127.02,70.48,91.01,121.3,123.54,142.59,136.01,131.96,139.94,135.31,119.79,134.5,132.35,114.12,108.93,107.85,102.56,141.02,128.17,113.56,119.61,133.62,136.98,103.75,94.96,165.28,141.66,209.42,210.64,200.95,193.14,188.21,176.45,176.69,171.23,93.63,80.46,98.94,99.6,81.62,65.17,61.5,78.64,82.7,68.8,64.74,77.9,45.6,54.93,64.22,86.8,80.2,64.61,54.83,79.96,96.27,75.38,47.25,52.33,37.99,83.41,76.83,95.23,88.7,84.51,92.97,100.93,98.02,107.37,105.5,56.93,50.71,37.6,58.34,35.76,105.15,109.63,104.54,108.08,56.52,69.63,75.78,54.84,35.65,8.21,8.83,10.44,13.32,17.82,59.28,126.71,146.86,30.77,35.71,12.83,26.82,58.0,62.7,46.86,49.53,38.84,58.89,53.59,42.26,113.7,105.85,93.07,98.43,137.8,136.92,137.35,140.67,146.82,162.11,168.85,80.28,82.07,78.84,92.77,89.05,84.74,87.07,87.29,83.88,166.84,151.74,157.18,177.07,161.54,171.55,177.62,179.14,193.4,96.85,137.33,116.86,84.12,88.94,109.51,95.76,95.81,96.98,132.91,142.58,152.85,158.8,144.91,151.1,163.03,186.82,148.53,159.57,167.65,175.94,182.65,193.47,183.81,181.99,86.95,93.36,102.56,104.2,116.22,109.42,210.63
64.06,18.23,51.49,186.3,19.4,215.38,200.71,225.11,175.23,129.85,167.17,122.32,66.76,201.32,73.58,135.02,163.22,69.43,125.46,60.18,138.5,139.39,174.47,196.87,213.22,75.84,0.0,116.93,59.05,116.63,119.76,209.76,125.78,57.85,78.27,79.7,129.15,232.26,83.03,214.03,196.84,80.97,63.04,26.62,113.89,120.51,171.06,219.7,91.9,80.45,64.17,217.26,177.09,40.44,125.98,126.96,201.3,167.95,199.49,242.32,58.92,122.11,95.5,207.65,106.32,170.56,139.61,108.42,92.53,59.37,66.01,83.66,118.52,113.12,148.16,172.51,95.17,106.51,180.71,72.57,101.74,111.83,189.72,229.63,190.89,75.06,86.25,72.8,85.16,99.46,111.64,91.71,71.74,137.54,105.52,157.62,130.4,58.16,50.79,132.25,116.91,192.48,205.61,32.58,76.3,101.54,205.55,70.84,214.37,83.5,59.96,131.43,176.54,119.01,164.49,84.14,18.52,118.42,173.48,84.7,209.46,68.46,52.55,54.08,133.34,80.2,79.13,74.6,86.28,129.84,136.87,44.27,73.52,92.01,57.72,103.59,67.46,197.58,216.78,98.92,190.1,54.9,40.16,85.09,75.4,194.71,34.0,65.99,184.58,46.5,196.48,53.87,147.23,39.86,168.99,183.71,69.14,169.94,67.18,67.56,128.08,103.05,134.41,106.97,212.13,135.44,140.15,167.83,201.02,35.07,56.54,47.53,206.56,188.26,61.85,116.89,125.14,172.36,87.38,58.35,54.67,120.13,88.05,128.94,89.64,163.28,189.49,58.47,70.14,90.92,178.96,52.85,59.93,62.32,175.34,56.04,47.69,126.5,184.52,188.03,47.55,74.41,42.83,54.64,100.57,183.23,82.47,49.51,51.83,70.51,72.7,94.84,68.39,70.47,46.93,20.37,39.87,74.01,59.77,25.89,27.28,80.11,82.35,64.68,72.43,77.83,81.28,76.65,65.66,75.84,73.68,54.68,49.49,27.43,26.71,63.11,55.84,37.72,63.96,58.81,59.07,27.9,72.43,106.1,83.46,150.24,151.46,141.77,133.96,129.03,117.27,117.52,112.05,94.68,112.44,99.99,100.65,40.06,64.86,70.96,70.21,112.38,113.96,77.8,87.39,72.41,66.1,77.29,10.95,4.36,11.24,25.97,12.71,29.01,8.13,29.37,35.17,37.86,112.53,129.01,131.79,117.81,124.04,132.5,140.46,142.82,146.9,145.03,126.43,120.21,107.09,87.86,56.74,149.95,154.43,149.34,152.88,125.59,138.7,132.9,123.92,104.72,71.55,77.9,79.94,82.39,87.32,128.35,175.89,206.03,99.85,104.78,76.17,95.89,127.07,131.78,115.93,118.6,107.91,127.96,122.66,111.33,182.77,172.12,162.15,167.5,198.17,197.28,196.51,199.84,205.98,221.28,228.02,149.35,151.14,147.91,161.84,158.12,153.81,156.14,156.36,152.95,226.01,210.91,216.34,236.24,220.71,230.72,236.79,238.3,252.57,165.92,206.4,224.91,153.19,158.02,178.58,164.83,164.89,166.06,217.26,226.93,224.27,230.22,205.28,210.26,222.2,245.99,208.9,218.74,226.81,235.11,241.81,252.64,242.97,241.15,156.02,162.43,171.63,173.27,185.3,178.5,269.8
93.11,114.03,120.84,79.99,97.52,109.07,94.41,118.8,111.88,42.7,60.87,14.95,62.64,95.02,115.35,125.03,56.91,128.92,88.87,74.59,32.19,25.08,79.63,90.57,106.91,73.08,116.93,0.0,63.85,9.91,37.85,103.49,29.82,68.25,165.14,107.53,22.88,125.98,110.86,107.76,90.57,48.98,103.82,91.18,30.38,13.24,64.78,113.43,75.65,52.64,54.47,110.99,82.74,79.9,116.01,20.69,95.03,67.97,93.21,136.05,72.2,43.35,24.06,101.38,50.47,107.29,104.24,195.28,82.56,139.16,66.1,111.49,15.98,83.67,41.89,66.24,182.04,12.88,74.44,100.41,188.6,11.93,83.45,123.36,84.62,47.24,114.08,57.51,113.0,60.7,54.16,30.42,158.6,31.27,59.52,101.72,36.16,144.9,128.5,25.98,48.29,86.21,99.34,89.95,48.0,18.53,99.28,113.16,108.09,111.33,59.9,34.06,70.27,11.74,58.21,36.47,104.27,8.8,67.21,44.82,103.19,67.85,69.92,131.79,19.76,41.98,165.99,102.44,173.14,16.26,30.6,91.17,160.38,28.65,108.67,70.03,154.32,91.31,110.5,65.36,83.83,95.68,87.8,75.12,103.23,88.44,86.04,108.49,78.31,119.98,90.21,137.85,40.96,77.97,74.74,77.44,114.45,63.67,80.84,154.42,28.22,59.05,97.78,20.63,105.86,29.16,130.18,131.21,94.74,84.14,94.95,125.24,100.29,81.99,148.71,9.52,31.92,66.09,30.85,99.14,69.25,25.54,42.06,15.36,69.66,57.01,83.22,63.19,97.97,177.78,72.69,91.25,89.7,103.1,69.07,85.81,79.36,19.13,78.25,81.76,70.81,102.25,85.24,84.41,57.96,76.96,37.6,82.21,87.98,51.01,47.66,181.58,155.13,150.26,143.42,134.31,151.39,160.88,146.63,97.5,93.16,107.94,110.19,129.24,122.66,118.61,126.59,121.96,106.44,121.15,118.99,101.09,95.9,100.08,99.46,127.66,114.81,121.36,106.59,136.52,123.63,125.46,55.96,192.96,170.32,237.11,238.32,228.63,220.82,215.9,204.13,204.38,198.91,38.15,28.59,31.29,31.95,89.09,66.16,68.98,54.08,26.05,20.33,55.54,36.75,73.46,62.41,53.23,108.51,113.75,111.29,117.25,126.65,142.95,122.07,120.64,126.45,104.77,16.04,22.74,24.52,21.32,17.77,26.23,34.19,36.55,40.63,38.76,29.04,23.06,35.96,30.45,102.54,43.68,48.16,43.07,46.6,35.03,32.96,26.63,40.69,63.08,74.99,71.53,62.68,74.46,55.58,57.51,69.62,99.75,89.87,94.81,80.82,85.92,117.1,121.8,105.96,108.63,97.94,91.33,86.03,74.7,88.42,65.85,84.4,81.34,91.9,91.01,90.24,93.57,99.71,115.0,121.75,112.72,114.51,113.14,151.87,148.15,143.84,146.17,124.89,117.65,119.74,104.64,110.07,129.96,114.44,124.45,130.52,132.03,146.3,131.04,152.3,118.63,82.31,87.13,119.06,93.31,115.11,109.79,110.99,120.66,118.0,123.95,99.01,103.99,115.92,139.72,102.63,112.47,120.54,128.84,135.54,146.37,136.7,134.88,119.39,125.8,135.0,136.64,148.67,141.87,163.53
35.23,52.93,62.96,134.0,39.64,163.08,148.42,172.81,165.89,104.71,114.88,70.03,22.33,149.03,57.48,126.5,110.92,71.04,116.94,13.5,86.2,87.1,133.64,144.58,160.92,70.98,59.05,63.85,0.0,64.31,78.75,157.44,70.71,7.9,107.51,49.9,76.82,179.93,53.23,161.71,144.51,21.92,46.19,33.55,75.98,68.19,118.73,167.38,83.38,36.22,19.93,164.93,136.69,22.27,117.46,74.64,148.97,121.91,147.16,189.99,8.8,104.61,43.17,155.33,83.55,161.24,131.09,137.65,84.01,81.54,21.96,53.86,50.59,104.6,95.84,120.18,124.41,54.18,128.38,42.78,130.97,59.51,137.39,177.3,138.57,30.82,56.45,23.07,55.37,90.94,103.13,39.39,100.97,85.21,97.0,155.67,97.42,87.28,70.88,79.92,98.44,140.15,153.29,29.73,17.25,49.21,153.22,55.53,162.04,53.7,15.72,95.32,124.22,66.68,112.16,31.81,44.04,66.09,121.16,40.47,157.13,24.01,9.57,74.16,81.02,22.86,108.37,44.81,115.51,77.52,84.54,33.54,102.76,39.68,51.04,95.07,96.69,145.25,164.45,90.4,137.77,38.06,26.55,76.57,45.61,142.38,28.41,50.87,132.25,62.35,144.15,80.23,94.9,20.35,128.68,131.38,56.82,117.61,20.5,96.8,89.48,94.53,125.89,54.64,159.81,83.11,131.63,159.32,148.69,26.51,37.32,67.61,154.24,135.93,91.09,64.56,72.59,120.03,35.06,41.51,12.41,66.44,43.82,76.62,81.13,110.96,137.16,14.02,40.34,120.15,126.63,33.62,32.07,45.47,123.01,28.18,21.73,60.02,132.2,135.71,13.18,44.62,27.62,26.78,92.05,130.91,38.24,24.58,30.36,26.27,28.47,123.96,97.5,92.64,85.79,74.08,93.77,103.25,89.0,37.27,32.8,50.31,52.56,71.61,65.03,60.98,68.96,64.33,48.81,63.52,61.36,43.47,38.27,42.45,41.83,70.03,57.19,63.73,48.96,78.89,66.0,67.83,28.2,135.34,112.7,179.48,180.7,171.0,163.19,158.27,146.5,146.75,141.28,42.36,43.79,47.66,48.33,28.74,5.81,11.91,11.16,51.96,51.69,28.07,26.63,29.32,16.37,27.56,50.88,56.12,51.06,57.02,66.42,82.72,61.84,60.42,66.23,68.91,60.2,76.69,79.46,65.49,71.71,80.17,88.14,90.5,94.58,92.71,69.93,63.96,69.18,44.77,87.79,97.62,102.1,97.02,100.55,75.93,94.22,80.57,101.95,96.2,72.85,69.38,60.54,73.87,53.44,119.83,123.57,153.7,91.33,96.26,77.47,87.37,118.55,123.26,107.41,110.08,99.39,119.44,114.14,102.81,142.37,119.79,138.35,135.28,145.84,144.95,144.19,147.51,153.66,168.95,175.69,140.83,142.62,139.39,153.32,149.6,145.29,147.62,147.84,144.43,173.68,158.58,164.02,183.91,168.38,178.39,184.46,185.98,200.24,184.98,206.24,172.58,160.01,164.83,173.01,147.26,169.06,163.73,164.94,174.61,171.94,177.89,152.95,157.94,169.87,193.67,156.57,166.41,174.49,182.79,189.49,200.32,190.65,188.83,147.5,153.91,163.11,164.75,176.78,169.98,217.48
92.82,113.73,120.55,77.26,97.23,106.34,91.67,116.07,109.14,47.72,58.13,9.71,62.35,92.28,115.06,132.58,54.18,128.63,100.37,74.29,29.46,30.1,76.89,87.83,104.18,80.62,116.63,9.91,64.31,0.0,45.4,100.47,37.36,68.71,165.6,107.99,19.85,122.96,111.32,104.74,87.54,49.44,104.28,91.64,37.92,8.19,61.76,110.4,83.19,53.1,54.93,107.96,79.72,80.36,123.55,17.67,92.0,64.94,90.19,133.02,72.66,48.37,24.52,98.35,58.02,104.27,115.75,195.74,90.11,139.62,66.56,111.95,23.53,95.17,35.24,63.21,182.5,13.34,71.41,100.87,189.06,19.47,80.42,120.33,81.6,47.7,114.54,57.97,113.46,68.25,59.18,30.88,159.06,28.24,64.54,98.7,41.18,145.36,128.96,19.33,53.31,83.18,96.32,90.41,48.46,18.99,96.25,113.62,105.07,111.79,60.36,39.09,67.25,7.77,55.19,36.93,104.73,12.45,64.18,45.28,100.16,68.31,70.38,132.25,24.78,42.44,166.45,102.9,173.6,21.28,23.95,91.63,160.84,29.11,109.13,77.57,154.78,88.28,107.48,72.9,80.8,96.14,88.26,82.66,103.69,85.41,86.5,108.95,75.28,120.44,87.18,138.31,37.93,78.43,71.71,74.41,114.91,60.64,81.3,154.88,33.24,66.6,109.28,21.09,102.84,26.14,137.73,142.71,91.72,84.6,95.41,125.7,97.27,78.96,149.17,17.06,36.94,63.06,31.31,99.6,69.71,33.09,42.52,20.38,77.21,53.99,80.19,63.65,98.43,178.24,69.66,91.71,90.16,103.56,66.04,86.27,79.82,26.67,75.22,78.74,71.27,102.71,85.7,84.87,68.66,73.94,38.06,82.67,88.44,51.47,48.12,182.04,155.59,150.72,143.88,134.77,151.85,161.34,147.09,97.96,93.62,108.4,110.65,129.7,123.12,119.07,127.05,122.42,106.9,121.61,119.45,101.55,96.36,100.54,99.92,128.12,115.27,121.82,107.05,136.98,124.09,125.92,56.42,193.42,170.78,237.57,238.78,229.09,221.28,216.36,204.59,204.84,199.37,38.61,29.05,31.75,32.41,89.55,66.62,69.44,54.54,26.51,28.08,56.0,37.21,73.92,62.87,53.69,108.97,114.21,111.75,117.71,127.11,143.41,122.53,121.1,126.91,112.31,15.75,19.72,19.28,17.27,14.74,19.58,27.55,26.82,33.98,32.12,36.59,30.61,43.51,38.0,110.08,40.65,45.13,40.05,43.58,42.58,37.98,23.6,45.71,74.58,82.54,79.07,70.23,82.01,63.13,62.53,66.59,96.73,97.42,102.36,88.37,93.46,124.65,129.35,113.51,116.18,105.49,102.83,97.53,86.21,85.4,62.82,81.38,78.31,88.87,87.98,87.22,90.54,96.69,111.98,118.72,124.22,126.02,124.64,159.41,155.69,151.38,153.71,136.39,129.15,116.71,101.61,107.05,126.94,111.41,121.42,127.49,129.01,143.27,128.01,149.27,115.61,103.04,107.86,116.04,90.29,112.09,106.76,107.96,117.64,114.97,120.92,95.98,100.97,112.9,136.69,99.6,109.44,117.52,125.81,132.52,143.34,133.68,131.86,130.89,137.3,146.5,148.14,160.17,153.37,160.5
121.41,110.39,149.14,88.77,125.82,132.08,117.41,141.81,94.97,38.52,83.87,53.13,90.94,118.02,143.65,89.42,79.91,157.22,53.26,87.8,55.2,22.86,83.15,113.57,129.91,50.69,119.76,37.85,78.75,45.4,0.0,126.43,8.26,82.21,194.11,136.51,45.81,148.92,139.84,130.7,113.5,63.85,132.8,120.15,18.68,48.37,87.72,136.37,40.04,81.62,83.45,110.59,85.7,108.88,80.4,39.23,117.97,76.56,116.15,158.98,87.55,39.17,53.04,124.32,17.73,90.29,68.63,211.53,46.95,168.14,71.89,140.47,29.32,48.05,70.1,89.17,198.29,42.84,83.55,129.38,204.86,34.84,106.39,146.3,107.56,76.22,143.06,56.81,141.97,25.09,33.42,59.39,187.58,54.21,27.3,77.35,31.99,173.88,157.48,54.19,24.65,109.15,122.28,121.11,76.98,47.51,122.22,142.14,131.03,140.31,88.87,15.83,88.39,49.92,81.15,65.45,107.05,38.98,86.07,73.8,102.79,96.83,83.88,160.77,28.99,70.96,194.97,131.41,191.68,34.38,58.8,120.14,189.36,57.63,137.65,34.42,183.3,114.24,133.44,29.75,106.76,124.66,128.7,39.5,132.21,111.38,115.02,137.47,101.25,148.96,113.14,166.83,63.89,106.95,77.61,91.16,143.43,86.6,94.8,183.4,20.05,23.44,62.17,42.07,128.8,52.1,94.57,95.6,117.68,113.11,123.93,154.22,99.9,104.92,177.69,28.45,17.11,89.03,59.83,128.11,98.23,13.64,71.04,36.38,34.05,79.95,106.16,92.16,126.95,194.04,95.62,120.23,118.68,132.08,92.01,114.79,108.34,20.67,101.19,104.7,99.79,131.22,114.22,113.39,22.35,99.9,66.57,111.18,116.96,79.99,76.63,210.56,184.11,179.24,158.12,131.56,151.06,189.85,175.61,114.42,122.14,136.92,139.16,158.21,151.63,147.59,155.56,150.93,135.42,150.13,147.97,130.07,124.88,129.06,128.44,156.64,143.79,150.33,135.57,165.49,152.61,147.68,84.93,209.22,185.59,253.36,254.58,244.89,237.07,232.15,220.39,220.63,215.16,67.13,57.56,60.26,60.92,104.98,72.94,69.27,83.06,47.48,33.59,56.45,65.73,68.0,62.7,60.33,130.74,124.14,108.54,98.76,123.9,140.21,119.32,91.19,96.27,81.93,48.2,38.29,62.7,53.48,45.97,54.43,62.4,59.49,68.84,66.97,32.24,26.02,24.84,33.66,79.7,66.62,71.09,66.01,69.54,7.39,28.78,37.25,22.46,27.47,52.15,45.37,50.72,38.85,44.25,50.13,92.56,122.69,54.26,59.2,45.21,50.31,81.49,86.19,70.35,73.02,62.33,55.72,50.42,39.09,91.38,83.53,70.76,76.11,114.83,113.95,113.18,116.5,122.65,137.94,144.68,77.11,78.9,77.53,116.26,112.54,108.22,110.56,89.28,82.04,142.67,127.57,133.01,152.9,137.38,147.38,153.45,154.97,169.24,93.68,134.16,118.24,78.13,82.95,106.34,96.27,84.62,85.79,110.6,120.27,130.53,136.48,121.95,126.93,138.86,162.66,125.56,135.4,143.48,151.78,158.48,169.31,159.64,157.82,83.78,90.19,99.39,101.03,113.06,106.26,186.47
185.95,206.86,213.68,47.2,190.36,10.25,23.43,29.96,79.09,89.76,52.8,103.31,155.48,10.53,208.19,189.32,56.42,221.76,150.92,167.43,82.55,106.24,51.54,45.9,6.71,150.6,209.76,103.49,157.44,100.47,126.43,0.0,118.31,161.75,258.63,201.03,81.36,50.94,204.36,14.65,43.25,142.48,197.32,184.67,121.76,94.37,43.72,24.34,139.76,146.14,147.97,78.01,57.42,173.4,164.58,89.61,62.05,59.43,17.33,52.32,165.69,98.82,117.56,11.98,127.99,74.31,150.95,288.78,146.67,232.66,159.6,204.99,113.99,145.61,100.13,40.5,275.53,106.38,45.09,193.9,282.1,109.93,50.47,49.53,30.51,140.74,207.58,151.01,206.49,124.81,109.63,123.92,252.1,75.77,114.99,76.4,94.99,238.4,222.0,88.91,129.36,41.75,6.58,183.45,141.5,112.03,22.72,206.66,19.0,204.83,153.39,115.14,39.79,100.23,54.0,129.97,197.77,102.0,53.96,138.32,70.21,161.35,163.41,225.29,100.83,135.48,259.49,195.93,266.64,102.84,91.06,184.66,253.88,122.15,202.17,131.95,247.82,17.12,36.68,129.47,43.7,189.18,181.3,139.23,196.73,51.74,179.54,201.99,35.16,213.48,19.1,231.35,63.25,171.47,51.18,44.46,207.95,49.84,174.34,247.92,109.29,125.76,144.49,114.13,7.2,78.65,182.91,150.66,61.76,177.63,188.45,218.74,67.31,37.53,242.21,107.52,112.99,53.46,124.35,192.63,162.75,116.73,135.56,101.94,133.78,46.61,22.67,156.69,191.47,271.28,34.98,184.75,183.2,196.6,35.84,179.31,172.86,117.13,29.68,27.22,164.31,195.74,178.74,177.91,119.11,30.79,131.09,175.7,181.48,144.51,141.15,275.08,248.63,243.76,236.92,227.81,244.89,254.37,240.13,191.0,186.66,201.44,203.68,222.73,216.15,212.11,220.09,215.45,199.94,214.65,212.49,194.59,189.4,193.58,192.96,221.16,208.31,214.86,200.09,230.01,217.13,218.96,149.46,286.46,263.82,330.6,331.82,322.13,314.32,309.39,297.63,297.88,292.41,131.65,122.08,124.78,125.44,182.58,159.66,162.48,147.58,119.54,121.12,149.03,130.25,166.96,155.91,146.73,202.01,207.25,204.79,210.75,220.15,236.45,215.57,190.91,195.99,181.65,109.93,91.66,113.01,111.01,91.97,94.64,97.12,86.78,103.56,99.23,127.05,121.07,127.92,128.46,179.42,70.08,74.56,68.31,68.9,123.53,99.07,95.55,121.76,125.02,151.87,145.09,150.45,138.57,147.34,112.98,57.0,19.68,153.98,158.92,144.93,150.03,181.21,185.91,170.07,172.74,162.05,153.28,147.98,136.65,63.1,57.14,60.85,57.78,53.82,53.24,26.58,36.33,36.66,12.52,23.08,165.18,159.17,159.85,197.58,193.86,198.19,170.41,177.35,170.11,30.65,15.55,20.98,40.87,25.35,35.36,31.85,54.24,57.21,98.06,119.32,85.66,80.74,85.56,86.08,67.99,82.13,76.81,78.01,67.1,70.13,67.74,51.14,44.33,42.1,69.24,45.0,47.64,50.06,54.98,65.06,64.2,47.61,45.79,154.0,147.96,148.54,136.75,161.55,156.63,83.67
113.37,116.41,141.1,80.74,117.78,124.04,109.37,133.77,86.93,30.48,75.83,45.1,82.9,109.98,135.62,95.43,71.88,149.18,59.27,79.76,47.16,14.83,75.11,105.53,121.88,56.7,125.78,29.82,70.71,37.36,8.26,118.31,0.0,74.17,186.08,128.47,37.78,140.88,131.8,122.66,105.47,55.82,124.76,112.12,10.64,40.34,79.68,128.33,46.05,73.58,75.41,102.55,77.67,100.84,86.41,31.19,109.93,68.52,108.11,150.94,79.51,31.14,45.0,116.28,23.75,82.26,74.65,216.22,52.96,160.1,63.85,132.43,21.28,54.07,62.06,81.13,202.97,34.8,75.51,121.35,209.54,26.8,98.35,138.26,99.52,68.18,135.02,48.77,133.94,31.11,39.43,51.36,179.54,46.17,33.31,69.32,23.95,165.84,149.44,46.15,30.66,101.11,114.24,110.89,68.94,39.47,114.18,134.1,122.99,132.27,80.84,17.86,80.35,41.88,73.11,57.41,113.06,30.94,78.04,65.76,94.75,88.79,75.84,152.73,20.95,62.92,186.93,123.38,194.08,26.35,50.76,112.11,181.32,49.59,129.61,40.43,175.26,106.2,125.4,35.76,98.73,116.62,108.74,45.52,124.17,103.34,106.98,129.43,93.21,140.92,105.11,158.79,55.86,98.91,69.57,83.12,135.39,78.57,86.76,175.36,12.01,29.46,68.18,34.03,120.76,44.06,100.59,101.61,109.64,105.08,115.89,146.18,91.86,96.89,169.65,20.41,9.07,80.99,51.79,120.08,90.19,5.6,63.0,28.34,40.07,71.91,98.12,84.13,118.91,198.72,87.59,112.19,110.64,124.04,83.97,106.75,100.3,12.63,93.15,96.66,91.75,123.19,106.18,105.35,28.36,91.86,58.54,103.15,108.92,71.95,68.6,202.52,176.07,171.2,164.36,137.58,157.08,181.82,167.57,120.43,114.1,128.88,131.13,150.18,143.6,139.55,147.53,142.9,127.38,142.09,139.93,122.03,116.84,121.02,120.4,148.6,135.75,142.3,127.53,157.46,144.57,146.4,76.9,213.9,191.26,258.05,259.26,249.57,241.76,236.84,225.07,225.32,219.85,59.09,49.53,52.23,52.89,96.94,64.9,61.24,75.02,39.44,25.55,48.41,57.69,59.96,54.66,52.29,129.45,130.15,114.56,104.78,129.92,146.22,125.33,97.2,102.28,87.94,40.16,30.25,54.66,45.44,37.93,46.4,54.36,51.45,60.8,58.93,24.21,17.98,16.8,25.62,85.71,58.58,63.06,57.97,61.5,5.44,20.74,29.21,24.48,33.48,58.16,51.39,43.31,44.87,36.22,45.3,84.52,114.65,60.28,65.21,51.23,56.32,87.51,92.21,76.36,79.03,68.34,61.73,56.43,45.11,83.35,75.5,62.72,68.08,106.8,105.91,105.14,108.47,114.61,129.9,136.64,83.13,84.92,83.54,122.27,118.55,114.24,116.57,95.29,88.06,134.64,119.54,124.97,144.86,129.34,139.35,145.41,146.93,161.2,99.69,140.18,110.2,70.09,74.92,94.02,88.24,76.58,77.75,102.56,112.23,122.5,128.44,113.91,118.89,130.82,154.62,117.53,127.36,135.44,143.74,150.44,161.27,151.6,149.78,89.79,96.2,105.41,107.05,119.07,112.27,178.43
40.4,48.48,68.12,138.4,44.81,167.48,152.81,177.21,170.29,109.11,119.27,74.42,27.49,153.42,62.64,129.96,115.32,76.21,120.4,11.12,90.6,91.49,138.03,148.98,165.32,74.44,57.85,68.25,7.9,68.71,82.21,161.75,74.17,0.0,112.67,55.07,81.22,184.33,58.4,166.1,148.91,26.32,51.36,38.71,79.44,72.59,123.13,171.77,86.84,41.38,25.1,169.33,141.08,27.44,120.92,79.04,153.37,126.31,151.56,194.39,10.75,109.01,47.57,159.72,87.01,165.64,134.55,142.82,87.47,86.7,25.42,59.03,54.05,108.06,100.24,124.58,129.57,58.58,132.78,47.94,136.14,63.9,141.79,181.7,142.96,35.98,61.62,26.53,60.53,94.4,106.59,43.78,106.13,89.61,100.46,160.07,101.82,92.44,76.04,84.32,101.9,144.55,157.68,32.55,21.65,53.61,157.62,60.7,166.44,58.87,20.89,99.72,128.61,71.08,116.56,36.21,44.36,70.49,125.55,45.63,161.53,29.17,7.19,79.33,85.41,27.26,113.53,49.97,120.68,81.92,88.94,38.7,107.92,44.08,56.21,98.53,101.86,149.65,168.85,93.86,142.17,43.22,29.38,80.03,50.77,146.78,33.57,56.03,136.65,67.51,148.55,85.39,99.3,25.51,133.08,135.78,61.98,122.01,18.12,101.96,93.87,97.99,129.35,59.04,164.2,87.51,135.1,162.78,153.09,31.67,42.48,72.78,158.64,140.33,96.25,68.96,76.05,124.43,39.45,46.67,17.57,69.9,48.98,81.02,84.59,115.35,141.56,19.18,45.5,125.32,131.03,38.79,37.23,50.64,127.41,33.34,26.9,63.48,136.59,140.1,18.34,49.78,32.78,31.94,95.51,135.31,43.4,29.74,35.52,31.43,33.63,129.12,102.67,97.8,90.96,69.63,98.93,108.41,94.17,40.1,35.62,55.48,57.72,76.77,70.19,66.14,74.12,69.49,53.97,68.68,66.53,48.63,43.44,47.62,46.99,75.2,62.35,68.89,54.12,84.05,71.16,72.99,33.36,140.5,117.86,184.64,185.86,176.17,168.35,163.43,151.67,151.91,146.44,46.76,47.25,52.06,52.72,26.36,9.27,15.37,15.56,55.42,55.15,31.53,31.03,32.78,19.83,31.02,56.05,61.28,46.61,49.53,61.97,78.27,57.39,52.93,58.74,61.42,64.6,81.09,83.86,69.88,76.11,84.57,92.54,94.89,98.98,97.11,73.4,67.42,72.65,48.24,80.3,102.02,106.5,101.42,104.95,79.39,98.61,84.97,106.35,99.66,76.31,72.85,64.0,77.33,56.9,123.29,127.96,158.1,94.79,99.73,80.93,90.83,122.02,126.72,110.87,113.54,102.86,122.9,117.6,106.27,146.76,124.19,142.74,139.68,150.24,149.35,148.59,151.91,158.06,173.35,180.09,144.29,146.08,142.85,156.78,153.06,148.75,151.08,151.3,147.9,178.08,162.98,168.41,188.31,172.78,182.79,188.86,190.38,204.64,189.38,210.64,176.98,164.4,169.23,177.4,151.65,173.46,168.13,169.33,179.0,176.34,182.29,157.35,162.33,174.27,198.06,160.97,170.81,178.88,187.18,193.89,204.71,195.05,193.23,150.96,157.37,166.57,168.21,180.24,173.44,221.87
93.54,87.91,48.72,235.28,88.24,264.37,249.7,274.1,267.17,205.99,216.16,171.31,115.75,250.31,76.46,204.7,212.2,66.66,195.14,120.01,187.49,188.38,234.92,245.86,262.2,145.53,78.27,165.14,107.51,165.6,194.11,258.63,186.08,112.67,0.0,86.46,178.44,281.54,104.19,263.32,246.13,130.26,64.74,79.02,184.32,169.8,220.34,268.99,167.37,129.74,113.46,266.55,238.3,100.92,201.45,176.25,250.59,223.53,248.78,291.61,108.21,197.58,144.79,256.94,181.79,262.85,215.08,34.62,168.0,35.23,130.29,104.82,167.81,188.59,197.45,221.8,21.37,155.8,230.0,93.73,27.94,161.12,239.01,278.92,240.18,124.34,92.81,131.4,106.32,174.93,187.12,141.0,12.36,186.83,180.99,257.28,199.04,24.87,48.01,181.54,192.39,241.77,254.9,106.7,125.59,150.83,254.84,80.38,263.65,104.66,109.25,196.94,225.83,168.3,213.77,133.42,88.21,167.71,222.77,133.99,258.75,117.75,116.91,36.67,182.63,129.49,7.94,95.76,12.48,179.13,186.16,75.18,7.47,141.3,56.55,179.06,19.68,246.87,266.06,174.39,239.39,72.12,99.12,160.56,96.56,244.0,94.33,75.53,233.87,45.33,245.77,29.73,196.52,90.41,230.3,233.0,78.68,219.23,127.84,14.95,191.09,178.52,209.88,156.25,261.42,184.72,215.62,243.31,250.3,90.67,81.11,40.82,255.85,237.55,20.48,166.18,188.36,221.65,136.67,67.12,103.96,182.2,137.34,178.23,165.12,212.57,238.78,107.76,94.82,17.12,228.25,87.02,101.59,71.86,224.63,97.7,89.83,175.79,233.81,237.32,96.84,95.57,82.16,96.3,176.04,232.52,131.76,87.04,86.0,119.79,121.99,40.85,27.61,46.33,32.43,59.63,40.4,14.61,23.23,95.58,104.48,94.27,103.51,61.89,69.64,72.14,90.82,86.19,75.2,85.38,83.22,64.78,69.97,61.39,69.86,60.32,53.05,54.14,62.78,42.22,56.29,64.48,121.72,32.3,9.66,76.44,77.66,67.97,60.16,55.23,43.47,43.72,38.25,143.97,161.73,149.28,149.94,109.75,114.15,120.25,119.5,161.67,163.25,136.41,136.68,137.65,124.71,135.89,76.48,82.64,80.93,95.66,65.57,54.19,70.57,99.06,104.87,107.55,161.82,178.3,181.08,167.1,173.33,181.79,189.75,192.11,196.19,194.32,185.7,179.72,177.52,153.11,126.43,199.24,203.72,198.63,202.16,191.69,195.83,182.19,203.56,180.19,147.02,153.37,155.41,157.86,161.78,203.82,225.18,255.31,175.32,180.25,151.64,171.36,202.54,207.25,191.4,194.07,183.38,203.43,198.13,186.8,243.98,221.41,239.96,236.9,247.46,246.57,245.8,249.13,255.27,270.56,277.31,224.82,226.61,223.38,237.31,213.72,192.15,231.61,231.83,228.42,275.3,260.2,265.63,285.52,270.0,280.01,286.08,287.59,301.86,241.39,307.86,274.19,228.66,233.49,274.62,248.87,270.67,265.35,266.55,276.22,273.56,279.51,254.57,259.55,271.48,295.28,258.19,268.03,276.1,284.4,291.1,301.93,292.26,290.44,231.49,237.9,247.1,248.74,260.77,253.97,319.09
20.96,82.15,41.09,177.68,60.3,206.76,192.1,216.49,209.57,148.39,158.55,113.7,58.15,192.71,18.32,176.41,154.6,31.89,166.84,62.41,129.88,130.78,177.32,188.26,204.6,120.89,79.7,107.53,49.9,107.99,136.51,201.03,128.47,55.07,86.46,0.0,121.07,224.18,18.71,205.95,188.76,72.89,25.91,54.82,126.95,112.44,162.98,211.62,134.35,72.37,56.09,209.18,180.93,43.55,168.43,118.89,193.22,166.16,191.41,234.24,50.84,148.86,87.42,199.57,134.52,205.49,182.06,117.37,134.98,61.25,72.92,23.02,110.44,155.57,140.09,164.43,104.12,98.43,172.63,11.21,110.69,103.75,181.64,221.55,182.81,66.98,21.93,74.04,24.29,141.91,154.09,83.63,80.69,129.46,147.97,199.92,141.67,66.99,50.59,124.17,153.79,184.4,197.53,59.03,68.22,93.46,197.47,6.3,206.29,22.86,51.88,139.57,168.46,110.93,156.41,76.06,73.35,110.34,165.4,76.62,201.38,60.38,59.54,53.88,125.26,72.12,88.08,9.8,95.23,121.77,128.79,41.55,82.47,83.93,30.76,146.04,76.41,189.5,208.7,141.37,182.02,24.84,51.44,127.54,14.77,186.63,49.69,9.25,176.5,42.07,188.4,59.94,139.15,41.62,172.93,175.63,12.1,161.86,70.47,76.51,133.72,145.5,176.86,98.89,204.05,127.36,182.6,210.28,192.94,44.13,9.95,47.33,198.49,180.18,70.8,108.81,130.99,164.28,79.3,20.81,46.59,124.84,79.97,120.87,132.09,155.2,181.41,50.39,18.2,99.87,170.88,17.59,41.29,15.87,167.26,37.4,33.73,118.42,176.44,179.95,39.47,13.54,35.63,36.0,143.02,175.16,74.4,29.29,28.86,62.43,64.63,103.67,77.22,72.35,65.51,92.71,73.48,82.97,68.72,66.58,56.8,8.48,20.1,32.97,26.85,22.81,24.23,19.6,22.96,18.79,16.64,39.45,46.28,63.73,63.11,38.78,33.99,43.45,37.45,58.6,41.93,65.46,64.35,115.05,92.41,159.19,160.41,150.72,142.91,137.98,126.22,126.47,121.0,86.61,104.37,91.91,92.57,70.08,56.78,62.88,62.13,104.3,105.88,79.04,79.32,80.29,67.34,78.53,72.16,77.39,80.37,86.33,92.5,87.27,87.92,89.72,95.53,98.21,104.45,120.94,123.71,109.73,115.96,124.42,132.39,134.74,138.83,136.96,128.33,122.35,120.15,95.74,117.1,141.87,146.35,141.27,144.8,134.33,138.46,124.82,146.2,147.17,123.82,120.35,111.51,124.84,104.41,163.02,167.81,197.95,142.3,147.23,128.44,138.34,169.52,174.23,158.38,161.05,150.36,170.41,165.11,153.78,186.61,164.04,182.59,179.53,190.09,189.2,188.44,191.76,197.91,213.2,219.94,191.8,193.59,190.36,204.29,200.57,196.26,198.59,198.81,195.4,217.93,202.83,208.26,228.16,212.63,222.64,228.71,230.23,244.49,229.23,250.49,216.83,204.25,209.08,217.25,191.5,213.31,207.98,209.18,218.85,216.19,222.14,197.2,202.18,214.12,237.91,200.82,210.66,218.73,227.03,233.74,244.56,234.9,233.08,198.47,204.88,214.08,215.72,227.75,220.95,261.72
105.33,126.25,133.06,58.01,109.74,87.09,72.43,96.82,89.9,43.24,38.88,22.69,74.86,73.03,127.58,132.99,34.93,141.14,95.89,86.81,10.21,25.62,57.64,68.59,84.93,84.35,129.15,22.88,76.82,19.85,45.81,81.36,37.78,81.22,178.44,121.07,0.0,103.96,123.79,85.74,68.54,61.91,116.74,104.1,41.19,13.79,42.76,91.41,83.56,65.56,67.39,88.96,60.72,92.82,123.92,9.04,73.01,45.95,71.19,114.02,85.12,43.85,36.98,79.36,61.26,85.27,111.22,208.2,90.48,152.09,79.02,124.41,33.41,90.64,27.87,44.21,194.96,25.8,52.41,113.33,201.53,29.36,61.43,101.33,62.6,60.17,127.0,70.44,125.92,68.62,54.66,43.34,171.52,9.24,60.02,79.7,36.66,157.83,141.43,16.65,48.78,64.19,77.32,102.88,60.92,31.46,77.26,126.09,86.07,124.25,72.82,34.56,48.25,19.66,36.19,49.4,117.19,21.43,45.19,57.74,81.16,80.77,82.84,144.71,20.25,54.91,178.92,115.36,186.07,22.26,18.81,104.09,173.31,41.58,121.59,76.98,167.24,69.28,88.48,73.28,61.8,108.61,100.72,83.03,116.16,66.42,98.96,121.42,56.28,132.9,68.18,150.78,18.93,90.9,52.71,55.41,127.37,41.64,93.76,167.35,28.71,66.97,104.76,33.55,83.84,7.14,138.1,138.18,72.72,97.06,107.87,138.16,78.27,59.96,161.64,26.95,32.41,44.07,43.78,112.06,82.17,36.15,54.98,21.36,77.58,34.99,61.19,76.11,110.89,190.71,50.66,104.18,102.62,116.02,47.05,98.73,92.29,36.56,56.23,59.74,83.73,115.17,98.17,97.33,64.14,54.94,50.52,95.13,100.91,63.94,60.58,194.51,168.06,163.19,156.34,147.23,164.32,173.8,159.55,110.42,106.08,120.86,123.11,142.16,135.58,131.53,139.51,134.88,119.36,134.07,131.92,114.02,108.82,113.01,112.38,140.59,127.74,134.28,119.51,149.44,136.55,138.38,68.88,205.89,183.25,250.03,251.25,241.56,233.74,228.82,217.06,217.3,211.83,51.08,41.51,44.21,44.87,102.01,79.08,81.91,67.01,38.97,40.55,68.46,49.67,86.39,75.33,66.15,121.44,126.67,124.21,130.17,139.57,155.88,134.99,133.57,139.38,115.95,29.35,11.09,32.43,30.43,11.39,19.85,24.87,14.53,31.3,26.97,46.47,40.49,47.35,47.88,113.72,21.65,26.13,21.05,24.58,42.95,33.45,14.97,41.19,70.05,86.17,88.9,73.86,82.38,66.76,58.01,47.6,77.73,97.79,102.73,88.74,93.83,125.02,129.72,113.88,116.55,105.86,98.31,93.01,81.68,66.4,43.82,62.38,59.31,69.87,68.99,68.22,71.54,77.69,92.98,99.72,119.7,121.49,120.12,159.78,156.07,151.75,154.08,131.87,124.63,97.71,82.61,88.05,107.94,92.42,102.42,108.49,110.01,124.28,109.02,130.27,96.61,84.04,88.86,97.04,71.29,93.09,87.77,88.97,98.64,95.98,101.92,76.98,81.97,93.9,117.7,80.6,90.44,98.52,106.82,113.52,124.35,114.68,112.86,126.37,132.78,141.98,147.71,155.65,148.85,141.51
208.44,229.36,236.17,64.0,212.85,52.93,69.74,21.66,70.85,112.25,75.29,125.8,177.97,61.46,230.69,170.77,78.91,244.25,147.87,189.92,105.04,128.73,68.34,72.83,49.99,173.09,232.26,125.98,179.93,122.96,148.92,50.94,140.88,184.33,281.54,224.18,103.96,0.0,226.89,41.06,35.42,165.01,219.85,207.2,144.29,116.9,66.25,26.6,162.29,168.67,170.5,50.95,79.95,195.93,156.44,112.14,53.91,81.96,49.26,18.26,188.22,121.35,140.09,62.92,150.52,66.17,142.81,311.31,169.2,255.19,182.13,227.52,136.52,136.46,122.66,67.43,298.06,128.91,67.62,216.43,304.63,132.46,51.11,5.57,43.21,163.27,230.11,173.54,229.02,147.34,132.16,146.44,274.63,98.3,137.52,77.11,117.52,260.93,244.53,111.44,151.89,68.69,57.52,205.98,164.03,134.56,74.55,229.19,41.39,227.36,175.92,137.67,62.32,122.76,76.53,152.5,220.3,124.53,76.49,160.85,60.8,183.88,185.94,247.82,123.36,158.01,282.02,218.46,289.17,125.37,113.59,207.19,276.41,144.68,224.7,154.48,270.35,56.1,14.26,152.0,48.53,211.71,203.83,161.76,219.26,43.29,202.07,224.52,48.96,236.01,65.48,253.88,85.78,194.0,73.71,60.64,230.48,72.37,196.87,270.45,131.82,148.29,136.35,136.66,58.14,101.18,174.77,142.52,48.3,200.16,210.98,241.27,59.17,64.46,264.74,130.05,135.52,75.99,146.88,215.16,185.28,139.25,158.09,124.47,156.3,69.14,51.05,179.21,214.0,293.81,61.92,207.28,205.72,219.13,58.37,201.84,195.39,139.66,49.44,59.28,186.84,218.27,201.27,200.44,141.64,57.73,153.62,198.23,204.01,167.04,163.68,297.61,271.16,266.29,259.45,250.34,267.42,276.9,262.66,213.53,209.19,223.97,226.21,245.26,238.68,234.64,242.61,237.98,222.47,237.18,235.02,217.12,211.93,216.11,215.49,243.69,230.84,237.38,222.62,252.54,239.66,241.49,171.98,308.99,286.35,353.13,354.35,344.66,336.85,331.92,320.16,320.41,314.94,154.18,144.61,147.31,147.97,205.11,182.18,185.01,170.11,142.07,143.65,171.56,152.78,189.49,178.44,169.25,224.54,229.78,227.32,233.28,242.68,258.98,238.09,213.44,218.52,204.18,132.46,114.19,135.54,133.53,114.49,117.17,119.65,109.31,126.09,121.76,149.58,143.6,150.45,150.99,201.95,92.61,97.09,90.84,91.43,146.05,121.6,118.08,144.29,147.55,174.4,167.62,172.98,161.1,169.87,135.51,79.52,70.62,176.51,181.45,167.46,172.56,162.82,167.52,192.6,164.32,184.58,141.93,135.75,124.42,85.63,79.67,83.38,80.31,41.59,53.49,52.61,36.55,34.09,45.92,38.56,157.04,151.03,151.71,189.44,185.72,190.05,162.27,169.21,161.97,28.07,42.09,32.72,17.74,26.99,26.16,29.66,33.74,36.0,89.92,89.74,61.33,85.03,89.85,77.94,90.52,73.99,68.67,55.42,40.65,28.9,22.96,32.44,25.63,8.84,24.45,26.3,28.95,7.02,7.51,20.27,14.85,26.27,31.09,145.86,139.82,140.39,128.61,141.87,148.49,48.26
24.29,85.48,58.82,181.01,63.63,210.09,195.43,219.82,212.9,151.72,161.88,117.03,61.48,196.04,30.78,179.74,157.93,44.35,170.17,65.74,133.21,134.11,180.65,191.59,207.93,124.22,83.03,110.86,53.23,111.32,139.84,204.36,131.8,58.4,104.19,18.71,123.79,226.89,0.0,208.72,191.53,75.66,43.82,57.59,129.71,115.2,165.74,214.39,137.12,75.14,58.86,211.94,183.7,46.32,171.2,121.65,195.99,168.93,194.17,237.01,53.61,151.62,90.19,202.34,137.28,208.25,184.82,135.28,137.75,79.16,75.69,18.96,113.21,158.33,142.85,167.19,122.03,101.2,175.4,15.57,128.6,106.52,184.41,224.32,185.58,69.74,6.11,76.8,26.13,144.67,156.86,86.4,98.6,132.23,150.74,202.68,144.44,84.9,68.5,126.94,156.56,187.17,200.3,61.8,70.99,96.23,200.24,24.34,209.05,18.8,54.65,142.34,171.23,113.7,159.17,78.82,76.12,113.11,168.17,79.39,204.15,63.15,62.31,71.79,128.03,74.89,105.99,9.31,113.14,124.53,131.56,44.32,100.38,86.7,48.67,148.81,94.32,192.27,211.46,144.14,184.79,42.6,54.21,130.3,10.7,189.4,52.45,30.12,179.27,59.98,191.17,77.85,141.92,44.39,175.7,178.4,24.29,164.63,73.24,94.42,136.49,148.26,179.62,101.65,206.82,130.12,185.37,213.05,195.7,46.9,25.58,65.24,201.25,182.95,88.71,111.57,133.76,167.05,82.07,38.72,49.36,127.6,82.74,123.63,134.86,157.97,184.18,53.15,21.4,117.78,173.65,32.21,44.06,28.33,170.03,40.17,36.5,121.19,179.21,182.72,42.24,15.38,38.39,38.77,145.79,177.92,77.16,32.05,31.62,65.19,67.39,121.58,95.13,90.26,83.42,102.93,91.39,100.87,86.63,69.35,59.57,17.53,14.05,45.43,39.32,35.27,36.43,31.8,35.43,30.99,15.81,54.24,49.05,66.5,65.87,51.24,46.46,61.35,55.36,76.51,54.4,83.36,67.12,132.96,110.32,177.1,178.32,168.63,160.82,155.89,144.13,144.38,138.91,89.37,107.13,94.68,95.34,72.85,59.55,65.65,64.9,107.07,108.65,81.81,82.08,83.05,70.11,81.29,74.93,80.16,83.14,89.1,95.27,105.18,90.69,92.49,98.3,100.98,107.22,123.7,126.48,112.5,118.73,127.19,135.15,137.51,141.59,139.72,131.1,125.12,122.92,98.51,119.87,144.64,149.12,144.03,147.56,137.09,141.23,127.59,148.96,149.94,126.58,123.12,114.27,127.61,107.18,165.78,170.58,200.71,145.06,150.0,131.2,141.11,172.29,176.99,161.15,163.82,153.13,173.18,167.88,156.55,189.38,166.81,185.36,182.3,192.86,191.97,191.2,194.53,200.67,215.96,222.71,194.57,196.36,193.13,207.06,203.34,199.02,201.36,201.58,198.17,220.7,205.6,211.03,230.92,215.4,225.41,231.48,232.99,247.26,232.0,253.26,219.59,207.02,211.84,220.02,194.27,216.07,210.75,211.95,221.62,218.96,224.91,199.97,204.95,216.88,240.68,203.59,213.43,221.5,229.8,236.5,247.33,237.66,235.84,201.23,207.64,216.85,218.49,230.51,223.71,264.49
190.22,211.13,217.95,51.47,194.63,18.93,38.28,17.18,83.36,94.03,57.07,107.58,159.75,27.5,212.46,193.59,60.69,226.03,155.19,171.7,86.82,110.51,55.81,50.16,11.28,154.87,214.03,107.76,161.71,104.74,130.7,14.65,122.66,166.1,263.32,205.95,85.74,41.06,208.72,0.0,44.24,146.65,201.49,188.85,125.94,98.54,47.9,14.46,143.93,150.31,152.14,69.0,61.59,177.57,168.75,93.78,66.22,63.6,16.99,39.54,169.87,102.99,121.73,28.2,132.17,78.49,155.13,292.95,150.84,236.83,163.77,209.16,118.16,149.78,104.3,44.67,279.7,110.55,49.26,198.08,286.27,114.11,54.64,33.27,31.99,144.91,211.75,155.18,210.67,128.99,113.8,128.09,256.27,79.94,119.16,80.57,99.16,242.57,226.17,93.08,133.53,45.93,22.8,187.62,145.67,116.2,44.08,210.83,6.22,209.0,157.57,119.31,43.96,104.4,58.17,134.14,201.94,106.17,58.13,142.49,74.38,165.52,167.59,229.46,105.0,139.65,263.66,200.11,270.81,107.01,95.24,188.84,258.05,126.32,206.34,136.12,251.99,23.83,26.8,133.64,47.87,193.35,185.47,143.4,200.9,52.11,183.71,206.16,39.33,217.65,35.01,235.52,67.42,175.64,55.35,48.63,212.12,54.01,178.51,252.09,113.46,129.93,148.66,118.3,19.78,82.83,187.08,154.84,57.12,181.81,192.62,222.91,71.48,41.7,246.38,111.69,117.16,57.64,128.52,196.81,166.92,120.9,139.73,106.11,137.95,50.79,24.54,160.86,195.64,275.45,39.16,188.92,187.37,200.77,40.01,183.48,177.03,121.31,33.85,31.11,168.48,199.92,182.91,182.08,123.28,34.97,135.27,179.88,185.65,148.68,145.32,279.25,252.8,247.93,241.09,231.98,249.06,258.55,244.3,195.17,190.83,205.61,207.86,226.91,220.33,216.28,224.26,219.63,204.11,218.82,216.66,198.76,193.57,197.75,197.13,225.33,212.48,219.03,204.26,234.19,221.3,223.13,153.63,290.63,267.99,334.78,335.99,326.3,318.49,313.57,301.8,302.05,296.58,135.82,126.26,128.96,129.62,186.76,163.83,166.65,151.75,123.72,125.29,153.21,134.42,171.13,160.08,150.9,206.18,211.42,208.96,214.92,224.32,240.62,219.74,195.08,200.16,185.82,114.1,95.83,117.18,115.18,96.14,98.81,101.3,90.96,107.73,103.4,131.22,125.24,132.1,132.63,183.59,74.26,78.73,72.48,73.07,127.7,103.24,99.72,125.93,129.2,156.04,149.27,154.62,142.74,151.51,117.15,61.17,35.9,158.16,163.09,149.1,154.2,185.38,190.09,174.24,176.91,166.22,157.45,152.15,140.82,67.27,61.31,65.02,61.96,50.41,57.41,26.23,29.25,26.78,5.47,11.02,169.35,163.35,164.02,201.75,198.03,202.36,174.59,181.52,174.28,20.77,9.82,8.2,28.09,12.56,22.57,22.86,30.16,44.43,102.23,123.49,89.83,84.91,89.73,90.25,72.16,86.31,80.98,82.18,57.22,60.25,57.86,41.26,34.45,32.22,59.36,35.12,37.76,40.18,45.1,55.18,51.41,34.83,33.01,158.18,152.13,152.71,140.92,165.72,160.8,59.22
173.02,193.94,200.75,34.28,177.44,48.98,34.32,48.89,42.6,76.84,39.88,90.38,142.55,34.93,195.27,176.4,43.5,208.84,137.99,154.5,69.63,93.31,38.61,37.41,39.18,137.67,196.84,90.57,144.51,87.54,113.5,43.25,105.47,148.91,246.13,188.76,68.54,35.42,191.53,44.24,0.0,129.59,184.43,171.78,108.87,81.48,30.84,29.78,126.87,133.25,135.08,53.14,44.53,160.51,128.19,76.72,25.66,46.54,25.24,45.48,152.8,85.93,104.67,41.24,115.11,37.93,114.57,275.89,133.78,219.77,146.71,192.1,101.1,132.72,87.24,32.01,262.64,93.49,32.2,181.01,269.21,97.04,37.58,32.79,7.79,127.85,194.69,138.12,193.61,111.93,96.74,111.03,239.21,62.88,102.1,48.86,82.1,225.51,209.11,76.02,116.47,33.27,39.2,170.56,128.61,99.14,39.14,193.77,44.57,191.94,140.5,102.25,26.9,87.34,41.11,117.08,184.88,89.11,41.07,125.43,32.55,148.46,150.53,212.4,87.94,122.59,246.6,183.05,253.75,89.95,78.18,171.78,240.99,109.26,189.28,119.06,234.93,22.62,19.94,116.58,29.65,176.29,168.41,126.34,183.84,15.04,166.65,189.1,13.54,200.59,30.06,218.46,50.36,158.58,38.29,31.57,195.06,36.95,161.45,235.03,96.4,112.87,108.1,101.24,45.72,65.76,146.52,114.28,20.06,164.75,175.56,205.85,30.92,29.05,229.32,94.63,100.1,40.58,111.46,179.75,149.86,103.84,122.67,89.05,120.89,33.72,15.63,143.8,178.58,258.39,26.5,171.86,170.31,183.71,22.95,166.42,159.97,104.25,14.02,23.86,151.42,182.85,165.85,165.02,106.22,22.31,118.2,162.82,168.59,131.62,128.26,262.19,235.74,230.87,224.03,214.92,232.0,241.49,227.24,178.11,173.77,188.55,190.79,209.85,203.26,199.22,207.2,202.57,187.05,201.76,199.6,181.7,176.51,180.69,180.07,208.27,195.42,201.97,187.2,217.12,204.24,206.07,136.57,273.57,250.93,317.71,318.93,309.24,301.43,296.5,284.74,284.99,279.52,118.76,109.19,111.89,112.56,169.7,146.77,149.59,134.69,106.66,108.23,136.15,117.36,154.07,143.02,133.84,189.12,194.36,191.9,197.86,207.26,223.56,202.68,178.02,183.1,168.76,97.04,78.77,100.12,98.12,79.08,81.75,84.23,73.9,90.67,86.34,114.16,108.18,115.04,115.57,166.53,57.2,61.67,55.42,56.01,110.64,86.18,82.66,108.87,112.14,138.98,132.21,137.56,125.68,134.45,100.09,44.11,39.61,141.1,146.03,132.04,137.14,168.32,173.03,157.18,159.85,149.16,140.39,135.09,123.76,50.21,44.25,47.96,44.9,10.56,25.24,17.2,16.74,22.89,49.1,61.6,128.79,122.79,123.46,161.19,157.47,161.8,134.03,140.96,133.72,23.42,36.66,35.9,44.97,50.91,53.38,56.89,60.97,63.22,61.67,82.93,49.27,67.85,72.67,49.69,55.1,45.75,40.42,41.62,41.36,44.39,47.66,25.4,13.42,25.36,49.15,19.26,21.9,29.98,38.27,44.98,55.8,53.49,58.31,117.62,111.57,112.15,100.36,125.16,120.24,72.96
57.15,74.85,84.88,119.13,61.56,148.21,133.55,157.94,151.02,89.84,100.0,55.16,34.75,134.16,79.4,123.26,96.05,92.96,113.7,31.91,71.33,72.23,118.77,129.71,146.05,67.74,80.97,48.98,21.92,49.44,63.85,142.48,55.82,26.32,130.26,72.89,61.91,165.01,75.66,146.65,129.59,0.0,68.11,55.47,56.37,53.32,103.86,152.51,80.14,23.57,27.33,150.06,121.82,44.19,114.22,59.77,134.1,107.04,132.29,175.12,30.72,89.74,28.3,140.46,80.31,146.37,127.85,159.57,80.78,103.45,18.72,75.78,35.69,101.36,80.97,105.31,146.33,39.31,113.51,64.7,152.89,44.64,122.52,162.43,123.7,18.18,78.37,10.13,77.29,87.7,99.89,24.52,122.89,70.34,93.76,140.8,82.55,109.2,92.8,65.05,94.67,125.28,138.42,51.65,8.22,34.34,138.35,77.45,147.17,75.62,32.76,80.45,109.35,51.81,97.29,16.94,65.96,51.22,106.29,24.02,142.26,40.71,27.98,96.08,66.14,9.43,130.29,66.73,137.43,62.65,69.67,55.46,124.68,24.81,72.96,91.83,118.61,130.38,149.58,87.16,122.9,59.98,48.47,73.33,67.53,127.51,50.33,72.79,117.38,84.27,129.28,102.15,80.03,42.27,113.81,116.51,78.74,102.74,38.91,118.72,74.61,91.29,122.65,39.77,144.94,68.24,128.4,156.08,133.82,48.43,59.24,89.53,139.37,121.06,113.01,49.69,57.7,105.16,20.19,63.43,34.33,51.54,25.27,61.75,77.89,96.09,122.29,36.05,62.26,142.07,111.76,55.54,53.99,67.39,108.14,50.1,43.65,45.12,117.33,120.84,35.1,66.54,49.54,48.7,88.81,116.04,20.8,46.5,52.28,23.87,20.52,145.88,119.42,114.56,107.71,96.0,115.69,125.17,110.92,59.19,54.72,72.23,74.48,93.53,86.95,82.9,90.88,86.25,70.73,85.44,83.28,65.39,60.19,64.37,63.75,91.95,79.11,85.65,70.88,100.81,87.92,89.75,28.82,157.26,134.61,201.4,202.62,192.92,185.11,180.19,168.42,168.67,163.2,27.49,28.9,32.79,33.45,49.32,25.27,21.6,12.15,37.06,46.76,8.15,11.76,26.08,15.02,9.63,72.8,78.04,72.98,72.49,88.34,104.64,83.76,75.89,81.69,84.38,45.33,61.82,64.59,50.62,56.84,65.3,73.27,75.63,79.71,77.84,55.04,49.06,65.95,41.54,97.16,82.75,87.23,82.15,85.68,61.03,79.34,65.7,87.08,92.97,69.61,66.15,57.3,70.63,50.2,103.9,108.7,138.83,88.09,93.03,74.23,84.13,115.32,120.02,104.18,106.85,96.16,116.2,110.9,99.57,127.5,104.92,123.48,120.41,130.97,130.08,129.32,132.64,138.79,154.08,160.82,137.59,139.38,136.15,150.08,146.36,142.05,144.38,144.6,141.2,158.81,143.71,149.15,169.04,153.51,163.52,169.59,171.11,185.37,170.11,191.37,157.71,145.14,149.96,158.14,132.39,154.19,148.86,150.07,159.74,157.07,163.02,138.08,143.07,155.0,178.8,141.7,151.54,159.62,167.92,174.62,185.45,175.78,173.96,144.26,150.67,159.87,161.51,173.54,166.74,202.61
32.23,68.51,19.36,173.97,43.64,203.05,188.38,212.78,205.86,144.68,154.84,109.99,54.44,188.99,22.33,172.69,150.89,33.59,163.13,58.69,126.17,127.06,173.6,184.55,200.89,117.17,63.04,103.82,46.19,104.28,132.8,197.32,124.76,51.36,64.74,25.91,116.74,219.85,43.82,201.49,184.43,68.11,0.0,38.14,122.99,108.48,159.02,207.67,130.4,68.42,52.14,205.22,176.98,39.59,164.48,114.93,189.27,162.21,187.45,230.28,46.89,144.9,83.47,195.62,130.56,201.53,178.1,94.88,131.03,38.76,68.97,43.5,106.49,151.61,136.13,160.47,81.63,94.48,168.68,32.41,88.2,99.8,177.69,217.6,178.86,63.02,31.49,70.08,45.0,137.95,150.14,79.68,58.19,125.51,144.02,195.96,137.72,44.5,28.1,120.22,149.84,180.45,193.58,45.38,64.27,89.51,193.52,19.06,202.33,43.34,47.92,135.62,164.51,106.98,152.45,72.1,59.7,106.39,161.45,72.67,197.43,56.42,55.59,31.39,121.31,68.16,65.59,34.44,72.74,117.81,124.84,21.87,59.98,79.98,8.27,142.09,53.92,185.54,204.74,137.42,178.07,10.8,37.8,123.58,35.24,182.68,33.01,14.21,172.55,19.57,184.44,37.45,135.2,29.09,168.98,171.68,17.36,157.91,66.52,54.02,129.77,141.54,172.9,94.93,200.1,123.4,178.65,206.33,188.98,29.35,19.79,24.84,194.53,176.23,48.31,104.85,127.04,160.33,75.35,5.8,42.64,120.88,76.02,116.91,128.14,151.25,177.46,46.43,33.5,77.38,166.93,25.7,40.27,10.54,163.31,36.38,28.51,114.47,172.49,176.0,35.52,34.25,20.84,34.98,139.07,171.2,70.44,25.72,24.68,58.47,60.67,81.18,54.73,49.86,43.02,70.22,50.99,60.47,46.23,52.93,43.15,32.95,42.19,28.83,30.09,26.05,29.5,24.87,13.88,24.06,21.9,16.95,22.15,47.05,46.43,27.26,14.41,20.95,14.96,36.11,23.23,42.96,60.4,92.56,69.92,136.7,137.92,128.23,120.42,115.49,103.73,103.97,98.51,82.65,100.41,87.96,88.62,56.43,52.83,58.92,58.18,100.35,101.93,75.09,75.36,76.33,63.38,74.57,55.48,60.72,66.72,72.68,76.16,64.78,71.25,76.07,81.88,84.56,100.5,116.98,119.75,105.78,112.01,120.47,128.43,130.79,134.87,133.0,124.38,118.4,116.2,91.79,103.45,137.92,142.4,137.31,140.84,130.37,134.51,120.87,142.24,143.22,118.26,116.4,107.55,120.89,100.46,159.06,163.86,193.99,138.34,143.28,122.88,134.39,165.57,170.27,154.43,157.1,146.41,166.45,161.15,149.83,182.66,160.09,178.64,175.58,186.14,185.25,184.48,187.81,193.95,209.24,215.98,187.85,189.64,186.41,200.34,196.62,192.3,194.64,194.86,191.45,213.98,198.88,204.31,224.2,208.68,218.69,224.75,226.27,240.54,225.28,246.54,212.87,200.3,205.12,213.3,187.55,209.35,204.03,205.23,214.9,212.24,218.19,193.25,198.23,210.16,233.96,196.87,206.7,214.78,223.08,229.78,240.61,230.94,229.12,194.51,200.92,210.13,211.77,223.79,216.99,257.77
39.09,44.98,54.09,161.32,7.22,190.4,175.74,200.14,193.21,132.03,142.2,97.35,41.79,176.35,48.61,158.11,138.24,62.17,148.55,46.05,113.53,114.42,160.96,171.9,188.24,98.94,26.62,91.18,33.55,91.64,120.15,184.67,112.12,38.71,79.02,54.82,104.1,207.2,57.59,188.85,171.78,55.47,38.14,0.0,110.05,95.54,146.08,194.73,114.99,55.48,39.19,192.28,164.04,15.46,149.07,101.99,176.33,149.27,174.51,217.34,33.95,131.96,70.52,182.68,117.62,188.59,162.7,109.16,115.63,53.04,56.03,58.69,93.55,136.21,123.19,147.53,95.92,81.54,155.73,47.6,102.48,86.86,164.75,204.66,165.92,50.08,61.28,57.14,60.19,122.55,134.74,66.74,72.48,112.57,128.61,183.02,124.77,58.78,42.39,107.28,140.01,167.51,180.64,21.77,51.33,76.57,180.58,45.87,189.39,58.52,34.98,122.68,151.57,94.04,139.51,59.16,36.08,93.44,148.51,59.73,184.49,43.48,42.65,45.67,108.37,55.22,79.88,49.63,87.02,104.87,111.9,19.3,74.27,67.04,42.92,126.68,68.2,172.6,191.8,122.02,165.13,29.93,14.18,108.18,50.43,169.74,9.03,41.02,159.61,54.22,171.5,51.74,122.26,14.89,156.03,158.74,44.17,144.97,53.57,68.3,116.83,126.14,157.5,81.99,187.16,110.46,163.25,190.93,176.04,10.1,31.57,39.12,181.59,163.29,62.6,91.91,114.1,147.39,62.41,33.38,29.7,107.94,63.08,103.97,112.74,138.31,164.52,33.49,45.16,91.66,153.99,27.87,34.95,37.35,150.37,31.07,22.71,101.52,159.55,163.06,22.58,49.44,17.86,29.67,123.66,158.26,57.5,24.54,26.85,45.53,47.73,95.47,69.01,64.14,57.3,46.99,43.33,74.76,60.51,29.32,19.54,55.14,57.38,63.48,56.9,52.85,56.31,51.67,40.68,50.87,48.71,29.71,24.52,18.34,8.25,61.91,49.06,29.31,35.2,50.4,57.88,35.93,47.46,106.85,84.2,150.99,152.21,142.51,134.7,129.78,118.01,118.26,112.79,69.71,87.47,75.02,75.68,32.82,39.89,45.98,45.24,87.41,88.99,62.15,62.42,63.39,50.44,61.63,18.98,24.22,37.86,49.07,39.33,55.63,34.75,52.46,58.27,60.95,87.55,104.04,106.81,92.84,99.06,107.53,115.49,117.85,121.93,120.06,111.44,105.46,103.26,78.85,79.83,124.98,129.45,124.37,127.9,117.43,121.57,107.93,129.3,127.82,94.64,101.0,94.61,105.48,87.51,146.12,150.92,181.05,122.94,127.88,99.27,118.98,150.17,154.87,139.03,141.7,131.01,151.05,145.75,134.42,169.72,147.15,165.7,162.64,173.2,172.31,171.54,174.87,181.01,196.3,203.04,172.44,174.23,171.0,184.93,181.22,176.9,179.23,179.45,176.05,201.04,185.94,191.37,211.26,195.74,205.75,211.81,213.33,227.6,212.34,233.6,199.93,187.36,192.18,200.36,174.61,196.41,191.09,192.29,201.96,199.3,205.25,180.31,185.29,197.22,221.02,183.93,193.76,201.84,210.14,216.84,227.67,218.0,216.18,179.11,185.52,194.72,196.36,208.39,201.59,244.83
111.21,104.52,138.94,84.19,115.62,127.49,112.83,137.23,90.39,33.94,79.29,42.97,83.46,113.44,133.46,97.71,75.33,147.02,61.55,85.03,50.62,18.28,78.57,108.99,125.33,44.39,113.89,30.38,75.98,37.92,18.68,121.76,10.64,79.44,184.32,126.95,41.19,144.29,129.71,125.94,108.87,56.37,122.99,110.05,0.0,41.21,83.14,131.79,48.33,74.09,75.92,106.01,81.12,98.25,88.69,34.65,113.39,71.98,111.57,154.4,84.77,34.59,45.51,119.74,21.74,85.71,76.93,205.64,55.25,157.51,54.48,129.84,21.79,56.35,65.52,84.59,192.4,35.31,78.97,118.76,198.96,27.31,101.81,141.71,102.98,68.69,132.43,49.28,131.35,33.39,41.72,51.87,176.95,49.62,35.59,72.77,27.41,163.25,146.85,49.6,36.62,104.57,117.7,105.7,69.45,39.98,117.64,131.51,126.45,129.68,81.34,21.31,83.8,39.7,76.57,57.92,101.16,28.84,81.49,66.27,98.21,89.3,81.11,150.14,24.41,63.43,184.34,120.79,191.49,29.8,54.22,109.52,178.74,50.1,127.02,42.71,172.67,109.66,128.86,38.04,102.18,114.04,102.53,47.8,121.59,106.8,104.39,126.84,96.66,138.33,108.56,156.2,59.31,96.33,73.03,86.58,132.8,82.02,92.03,172.77,15.47,31.74,70.46,34.54,124.22,47.52,102.87,103.89,113.1,102.49,113.3,143.59,95.32,100.34,167.06,20.92,12.53,84.45,52.3,117.49,88.39,7.52,63.51,31.8,42.35,75.37,101.58,84.64,116.32,188.14,91.04,109.6,108.05,121.45,87.43,104.16,97.71,14.55,96.61,100.12,89.16,120.6,103.59,102.76,30.64,95.32,59.05,100.56,106.33,72.46,69.1,199.94,173.48,168.61,161.77,125.67,145.17,179.23,164.98,108.53,108.77,126.29,128.54,147.59,141.01,136.96,144.94,140.31,124.79,139.5,137.34,119.44,114.25,118.43,117.81,146.01,133.17,139.71,124.94,154.87,141.98,141.79,77.41,203.32,179.7,247.47,248.68,238.99,231.18,226.26,214.49,214.74,209.27,59.6,50.04,52.74,53.4,87.58,70.17,66.5,75.53,39.95,26.06,48.92,58.2,50.59,59.93,52.8,124.84,118.25,102.65,92.87,118.01,134.31,113.43,85.3,90.37,76.03,40.67,33.71,52.48,45.95,41.39,49.85,57.82,54.91,64.26,62.39,14.19,7.96,7.23,15.6,73.8,62.03,66.51,61.43,64.96,15.86,24.2,32.67,27.94,35.76,46.26,42.79,33.95,47.15,26.85,48.75,87.98,118.11,62.56,67.5,53.51,58.6,89.79,94.49,78.65,81.32,70.63,64.02,58.72,47.39,86.8,78.95,66.18,71.53,110.25,109.37,108.6,111.92,118.07,133.36,140.1,85.41,87.2,85.83,124.55,120.83,116.52,118.85,97.58,90.34,138.09,122.99,128.43,148.32,132.8,142.8,148.87,150.39,164.66,101.98,147.32,113.66,73.55,78.37,97.48,91.69,80.04,81.21,106.01,115.68,125.95,131.9,117.36,122.35,134.28,158.08,120.98,130.82,138.9,147.2,153.9,164.73,155.06,153.24,92.07,98.48,107.69,109.33,121.35,114.55,181.89
96.7,117.62,124.43,71.02,101.11,100.1,85.43,109.83,102.91,45.8,51.89,10.83,66.23,86.04,118.94,135.55,47.94,132.51,98.45,78.18,14.83,28.18,70.65,81.59,97.94,83.95,120.51,13.24,68.19,8.19,48.37,94.37,40.34,72.59,169.8,112.44,13.79,116.9,115.2,98.54,81.48,53.32,108.48,95.54,41.21,0.0,55.86,104.5,86.3,57.1,58.93,102.06,73.82,84.36,126.65,11.77,86.1,59.04,84.29,127.12,76.66,46.58,28.52,92.45,63.99,98.37,113.95,199.74,93.21,143.63,70.56,115.95,26.86,93.37,28.04,57.31,186.5,17.34,65.51,104.87,193.06,22.8,74.52,114.43,75.7,51.71,118.54,61.98,117.46,71.35,57.39,34.88,163.06,22.34,62.75,92.8,39.39,149.37,132.97,12.13,51.51,77.28,90.42,94.42,52.46,23.0,90.35,117.63,99.17,115.79,64.36,37.29,61.35,8.25,49.29,40.94,108.73,19.79,58.28,49.28,94.26,72.31,74.38,136.25,22.98,46.45,170.46,106.9,177.61,20.63,16.74,95.63,164.85,33.12,113.13,79.71,158.78,82.38,101.58,76.01,74.9,100.15,92.26,85.76,107.7,79.51,90.5,112.96,69.38,124.44,81.28,142.32,32.03,82.44,65.81,68.51,118.91,54.74,85.3,158.89,31.45,69.7,107.49,25.09,96.94,20.24,140.83,140.92,85.82,88.6,99.41,129.7,91.37,73.06,153.18,20.39,35.15,57.16,35.32,103.6,73.71,38.88,46.52,19.73,80.31,48.09,74.29,67.65,102.43,182.24,63.76,95.71,94.16,107.56,60.14,90.27,83.83,30.0,69.32,72.84,75.27,106.71,89.71,88.87,66.87,68.04,42.06,86.67,92.45,55.48,52.12,186.05,159.6,154.73,147.88,138.77,155.86,165.34,151.09,101.96,97.62,112.4,114.65,133.7,127.12,123.07,131.05,126.42,110.9,125.61,123.45,105.56,100.36,104.55,103.92,132.13,119.28,125.82,111.05,140.98,128.09,129.92,60.42,197.43,174.79,241.57,242.79,233.09,225.28,220.36,208.59,208.84,203.37,42.62,33.05,35.75,36.41,93.55,70.62,73.45,58.55,30.51,32.09,60.0,41.21,77.93,66.87,57.69,112.98,118.21,115.75,121.71,131.11,147.42,126.53,125.11,130.92,115.64,19.08,13.82,20.39,18.39,6.67,12.37,20.34,19.62,26.78,24.91,39.92,33.94,46.84,41.33,113.41,34.75,39.23,34.15,37.68,45.68,36.18,17.7,43.92,72.79,85.87,91.63,73.56,85.11,66.46,60.74,60.69,90.83,100.52,105.46,91.47,96.56,127.75,132.45,116.61,119.28,108.59,101.04,95.74,84.41,79.5,56.92,75.48,72.41,82.97,82.08,81.32,84.64,90.79,106.08,112.82,122.43,124.22,122.85,162.52,158.8,154.48,156.82,134.6,127.36,110.81,95.71,101.15,121.04,105.51,115.52,121.59,123.11,137.37,122.11,143.37,109.71,97.14,101.96,110.14,84.39,106.19,100.86,102.07,111.74,109.07,115.02,90.08,95.07,107.0,130.79,93.7,103.54,111.62,119.92,126.62,137.44,127.78,125.96,129.1,135.51,144.71,146.35,158.38,151.58,154.6
147.24,168.16,174.97,15.18,151.65,49.46,34.79,59.19,52.26,53.27,10.73,64.6,116.77,35.4,169.48,152.83,17.71,183.05,114.43,128.72,43.84,67.53,20.25,30.95,47.29,114.1,171.06,64.78,118.73,61.76,87.72,43.72,79.68,123.13,220.34,162.98,42.76,66.25,165.74,47.9,30.84,103.86,159.02,146.08,83.14,55.86,0.0,53.73,103.37,107.48,109.31,51.28,22.8,134.74,143.73,50.95,35.33,12.74,33.51,76.34,127.03,62.43,78.9,41.68,91.61,47.59,129.8,250.12,110.28,194.0,120.94,166.33,75.33,109.22,61.47,13.75,236.87,67.72,9.4,155.24,243.44,71.27,23.75,63.66,24.92,102.08,168.92,112.35,167.83,88.43,73.24,85.25,213.44,37.11,78.6,41.78,58.6,199.74,183.34,50.25,90.7,26.51,39.64,144.79,102.84,73.37,39.58,168.0,48.39,166.17,114.73,76.48,7.06,61.57,15.34,91.31,159.11,63.34,7.27,99.66,43.49,122.69,124.75,186.63,62.17,96.82,220.83,157.27,227.98,64.18,52.4,146.0,215.22,83.49,163.51,95.56,209.16,31.6,50.8,93.08,24.13,150.52,142.64,102.84,158.07,28.74,140.88,163.33,18.61,174.82,30.5,192.69,24.59,132.81,14.79,17.74,169.29,11.18,135.68,209.26,70.63,89.37,123.34,75.47,46.16,39.99,157.9,123.94,35.04,138.97,149.79,180.08,40.59,22.29,203.55,68.86,74.33,14.8,85.69,153.97,124.09,78.07,96.9,63.28,97.39,7.95,23.52,118.03,152.81,232.62,19.37,146.09,144.54,157.94,9.37,140.65,134.2,78.47,18.55,22.06,125.65,157.08,140.08,139.25,82.72,17.26,92.43,137.04,142.82,105.85,102.49,236.42,209.97,205.1,198.26,189.15,206.23,215.71,201.47,152.34,148.0,162.78,165.02,184.07,177.49,173.45,181.42,176.79,161.28,175.99,173.83,155.93,150.74,154.92,154.3,182.5,169.65,176.2,161.43,191.35,178.47,180.3,110.79,247.8,225.16,291.94,293.16,283.47,275.66,270.73,258.97,259.22,253.75,92.99,83.42,86.12,86.78,143.92,120.99,123.82,108.92,80.88,82.46,110.37,91.59,128.3,117.25,108.07,163.35,168.59,166.13,172.09,181.49,197.79,176.91,154.52,159.6,145.26,71.27,53.0,74.35,72.34,53.31,55.98,58.46,48.12,64.9,60.57,88.39,82.41,89.26,89.8,143.03,31.42,35.9,29.65,30.24,84.86,60.41,56.89,83.1,88.64,115.48,108.71,114.06,102.18,108.68,76.59,18.34,40.05,117.6,122.53,108.54,113.64,144.82,149.53,133.68,136.35,125.66,116.89,111.59,100.26,28.48,16.0,24.46,21.4,32.2,31.31,30.54,33.87,40.01,55.3,62.04,138.28,140.07,138.7,179.59,175.87,171.56,143.69,150.45,143.21,60.04,44.94,50.37,70.26,54.74,64.75,70.81,72.33,86.6,71.34,92.6,58.93,46.12,50.94,59.36,33.37,49.05,50.09,51.29,60.96,58.3,64.25,39.31,44.29,56.22,80.02,42.93,52.76,60.84,69.14,75.84,86.67,77.0,75.18,127.28,121.24,121.81,110.03,134.83,129.9,103.83
195.89,216.8,223.62,57.14,200.3,34.59,43.95,25.75,65.21,99.7,62.74,113.25,165.42,34.86,218.13,165.12,66.36,231.7,142.23,177.36,92.49,116.18,61.47,55.83,23.39,160.53,219.7,113.43,167.38,110.4,136.37,24.34,128.33,171.77,268.99,211.62,91.41,26.6,214.39,14.46,29.78,152.51,207.67,194.73,131.79,104.5,53.73,0.0,149.6,155.98,157.81,54.54,67.26,183.24,150.8,99.45,48.27,69.27,22.66,37.88,175.53,108.66,127.4,36.32,137.84,60.53,137.17,298.62,156.51,242.5,169.44,214.83,123.83,155.45,109.97,50.34,285.37,116.22,54.93,203.74,291.94,119.77,45.47,25.19,22.19,150.58,217.42,160.85,216.34,134.66,119.47,133.76,261.94,85.61,124.83,71.47,104.83,248.24,231.84,98.75,139.2,51.59,30.92,193.29,151.34,121.87,49.75,216.5,14.79,214.67,163.23,124.98,49.63,110.07,63.84,139.81,207.61,111.84,63.8,148.16,55.16,171.19,173.26,235.13,110.67,145.32,269.33,205.78,276.48,112.68,100.91,194.51,263.72,131.99,212.01,141.79,257.66,29.5,12.34,139.31,42.89,199.02,191.14,149.07,206.57,37.65,189.38,211.83,43.32,223.32,40.68,241.19,73.09,181.31,61.02,54.3,217.79,59.68,184.18,257.76,119.13,135.6,130.71,123.97,31.54,88.49,169.13,136.88,42.66,187.48,198.29,228.58,53.53,47.37,252.05,117.36,122.83,63.31,134.19,202.48,172.59,126.57,145.4,111.78,143.62,56.45,30.21,166.53,201.31,281.12,44.82,194.59,193.04,206.44,45.68,189.15,182.7,126.97,39.52,36.78,174.15,205.58,188.58,187.75,128.95,40.63,140.93,185.54,191.32,154.35,150.99,284.92,258.47,253.6,246.76,237.65,254.73,264.22,249.97,200.84,196.5,211.28,213.52,232.58,225.99,221.95,229.93,225.3,209.78,224.49,222.33,204.43,199.24,203.42,202.8,231.0,218.15,224.7,209.93,239.85,226.97,228.8,159.3,296.3,273.66,340.44,341.66,331.97,324.16,319.23,307.47,307.72,302.25,141.49,131.92,134.62,135.29,192.42,169.5,172.32,157.42,129.38,130.96,158.88,140.09,176.8,165.75,156.57,211.85,217.09,214.63,220.59,229.99,246.29,225.41,200.75,205.83,191.49,119.77,101.5,122.85,120.85,101.81,104.48,106.96,96.63,113.4,109.07,136.89,130.91,137.77,138.3,189.26,79.93,84.4,78.15,78.74,133.37,108.91,105.39,131.6,134.87,161.71,154.93,160.29,148.41,157.18,122.82,66.84,44.02,163.83,168.76,154.77,159.87,157.18,161.88,179.91,182.58,171.89,136.29,157.82,146.49,72.94,66.98,70.69,67.63,35.95,47.84,31.9,14.79,12.32,19.32,24.87,151.4,145.39,146.07,183.8,180.08,184.41,156.63,163.57,156.33,6.31,15.49,12.75,37.37,21.14,31.15,31.43,38.73,53.0,84.28,98.59,64.93,79.39,84.21,72.3,77.83,68.35,63.03,59.01,42.76,45.79,43.4,26.8,19.99,17.76,44.9,20.66,23.31,25.72,30.65,40.72,49.75,43.4,41.58,140.22,134.18,134.75,122.97,140.82,142.85,68.71
118.61,82.53,146.34,100.35,111.3,145.49,130.83,155.22,91.93,50.1,95.34,90.93,105.71,131.43,140.86,53.5,116.24,154.43,42.16,92.43,92.99,60.66,94.73,126.99,143.33,22.83,91.9,75.65,83.38,83.19,40.04,139.76,46.05,86.84,167.37,134.35,83.56,162.29,137.12,143.93,126.87,80.14,130.4,114.99,48.33,86.3,103.37,149.6,0.0,102.12,103.31,102.3,97.35,109.89,44.46,77.0,113.36,88.2,129.65,172.48,92.18,42.36,90.81,137.81,26.58,87.26,58.09,183.65,11.68,142.68,61.88,137.24,67.1,29.82,107.87,113.0,170.41,80.61,95.19,126.16,176.97,72.61,118.68,159.79,121.05,96.72,139.83,72.13,138.75,16.99,31.9,97.17,155.04,91.98,25.78,74.32,50.65,141.47,142.69,91.96,37.17,122.64,135.77,93.23,86.77,85.28,135.71,138.92,144.53,137.08,99.1,51.69,100.03,87.69,113.48,95.48,79.17,76.75,97.72,102.57,95.67,107.39,88.51,144.13,66.76,87.98,162.44,128.19,163.8,72.16,96.58,119.77,156.83,95.4,134.42,20.29,150.77,127.74,146.94,15.62,119.06,121.44,100.81,7.89,128.99,123.67,107.24,134.25,114.74,145.73,126.64,137.18,101.67,103.73,89.25,102.8,140.2,110.44,99.43,150.87,57.82,23.3,51.11,79.84,142.29,89.88,58.63,84.54,118.97,112.83,120.7,139.43,94.67,118.42,145.16,66.22,54.88,112.51,97.61,124.89,95.79,51.42,103.81,74.16,7.25,106.09,119.65,97.4,123.72,166.15,115.5,117.0,115.45,128.85,105.5,111.56,105.12,58.45,114.68,118.19,96.56,128.0,111.0,110.16,20.83,113.4,99.35,107.96,113.74,102.42,99.06,178.15,151.7,153.78,130.24,103.68,123.18,157.32,143.08,86.54,107.06,133.69,135.94,154.99,148.41,144.36,152.34,147.71,132.19,146.9,144.74,126.85,121.65,123.9,118.61,153.42,140.57,129.62,132.34,149.67,149.38,119.8,107.36,181.34,157.71,225.48,226.69,217.0,209.19,204.27,192.5,192.75,187.28,104.91,95.34,98.04,98.7,97.67,77.57,73.9,91.04,85.26,71.36,77.14,90.3,57.99,67.33,76.62,102.85,96.26,80.66,70.88,96.02,112.32,91.44,63.31,68.38,54.04,85.97,76.07,100.47,91.25,83.75,92.21,100.17,97.26,106.61,104.74,60.86,54.63,45.96,62.27,51.81,104.39,108.87,103.78,107.32,45.85,58.96,75.02,44.17,24.98,24.27,17.49,22.84,10.97,30.22,48.61,116.04,136.19,18.99,23.26,9.94,14.37,45.55,50.26,34.41,37.08,26.39,44.66,39.36,28.03,103.03,95.18,82.4,87.76,127.13,126.24,126.68,130.0,136.15,151.44,158.18,66.05,67.84,66.39,80.32,76.6,72.29,74.62,74.84,71.43,156.17,141.07,146.5,166.4,150.87,160.88,166.95,168.46,182.73,82.62,123.1,102.64,69.89,74.72,95.28,81.53,81.59,82.76,102.31,111.98,122.25,128.2,134.24,140.42,152.36,176.15,137.86,148.9,156.97,165.27,171.98,182.8,173.13,171.31,72.72,79.13,88.33,89.97,102.0,95.2,199.96
56.64,77.55,84.37,122.79,61.05,151.87,137.21,161.6,154.68,93.5,103.66,58.81,17.57,137.81,78.88,145.24,99.71,92.45,132.63,48.72,74.99,75.88,122.42,133.37,149.71,89.72,80.45,52.64,36.22,53.1,81.62,146.14,73.58,41.38,129.74,72.37,65.56,168.67,75.14,150.31,133.25,23.57,68.42,55.48,74.09,57.1,107.48,155.98,102.12,0.0,18.76,153.72,125.47,44.19,136.2,63.43,137.76,110.7,135.95,178.78,36.48,93.4,31.96,144.11,94.3,150.03,149.82,159.57,102.75,103.45,40.69,75.78,54.98,127.5,84.62,108.97,146.32,42.97,117.17,64.69,152.89,48.29,126.18,166.09,127.35,5.96,78.37,32.1,77.28,104.54,104.21,28.17,122.89,74.0,109.57,144.46,86.21,109.19,92.79,68.71,98.33,128.94,142.07,54.24,21.15,38.0,142.01,77.45,150.83,75.62,24.18,84.11,113.0,55.47,100.95,18.67,68.56,54.88,109.94,18.02,145.92,23.53,44.58,96.08,69.8,14.73,130.28,66.73,137.43,66.3,73.33,55.45,124.67,28.47,72.96,113.86,118.61,134.04,153.24,109.19,126.56,59.97,52.09,95.3,67.52,131.17,50.33,72.78,121.04,84.27,132.94,102.14,83.69,42.26,117.47,120.17,78.74,106.4,55.5,118.71,78.26,102.88,141.61,43.43,148.59,71.9,150.37,175.04,137.48,48.42,59.24,89.53,143.02,124.72,113.0,53.35,75.53,108.82,23.84,63.42,33.54,69.37,21.37,65.41,99.86,99.74,125.95,27.48,62.26,142.07,115.42,55.54,53.99,67.39,111.8,50.1,43.65,62.96,120.98,124.49,35.1,66.53,49.53,48.7,101.79,119.7,15.79,46.49,52.27,6.69,12.24,145.87,119.42,114.55,107.71,98.6,115.68,125.17,110.92,61.79,57.45,72.23,74.47,93.52,86.94,82.9,90.88,86.24,70.73,85.44,83.28,65.38,60.19,64.37,63.75,91.95,79.1,85.65,70.88,100.8,87.92,89.75,20.25,157.25,134.61,201.39,202.61,192.92,185.11,180.18,168.42,168.67,163.2,31.14,48.91,36.45,37.11,63.75,41.81,47.91,27.24,48.84,50.42,30.13,21.93,48.05,37.0,27.44,72.8,78.04,75.58,81.54,90.94,107.24,86.36,84.93,90.74,93.42,48.99,65.48,68.25,54.27,60.5,68.96,76.93,79.28,83.36,81.5,72.87,66.89,79.79,74.28,112.31,86.41,90.89,85.8,89.34,78.87,83.0,69.36,90.74,106.91,91.58,88.12,79.27,92.61,72.18,107.56,112.35,142.49,110.06,115.0,96.2,106.11,137.29,141.99,126.15,128.82,118.13,135.16,129.86,118.54,131.15,108.58,127.13,124.07,134.63,133.74,132.98,136.3,142.45,157.74,164.48,156.55,158.35,158.13,172.06,168.34,164.02,166.36,166.58,161.48,162.47,147.37,152.8,172.7,157.17,167.18,173.25,174.77,189.03,173.77,195.03,161.37,148.79,153.62,161.79,136.04,157.85,152.52,153.72,163.39,160.73,166.68,141.74,146.72,158.66,182.45,145.36,155.2,163.27,171.57,178.28,189.1,179.43,177.61,163.22,169.63,178.83,180.47,192.5,185.7,206.26
40.35,61.27,68.08,124.62,44.76,153.7,139.03,163.43,156.51,95.33,105.49,60.64,6.13,139.64,62.6,146.43,101.54,76.17,134.46,32.43,76.82,77.71,124.25,135.19,151.54,90.91,64.17,54.47,19.93,54.93,83.45,147.97,75.41,25.1,113.46,56.09,67.39,170.5,58.86,152.14,135.08,27.33,52.14,39.19,75.92,58.93,109.31,157.81,103.31,18.76,0.0,155.55,127.31,27.91,137.18,65.26,139.6,112.54,137.78,180.61,20.21,95.23,33.79,145.95,96.14,151.86,150.81,143.29,103.74,87.17,41.68,59.5,56.82,124.32,86.46,110.8,130.04,44.81,119.0,48.42,136.61,50.13,128.02,167.92,129.19,13.35,62.09,35.87,61.01,110.66,106.04,30.01,106.61,75.83,111.4,146.29,88.04,92.91,76.51,70.55,100.17,130.78,143.91,37.96,24.92,39.83,143.85,61.17,152.66,59.34,7.9,85.94,114.84,57.3,102.78,22.43,52.28,56.71,111.78,23.0,147.75,12.09,28.3,79.8,71.64,18.49,114.0,50.45,121.15,68.14,75.16,39.18,108.39,30.31,56.68,114.8,102.33,135.87,155.07,110.13,128.39,43.69,35.81,96.29,51.24,133.01,34.05,56.5,122.87,67.99,134.77,85.86,85.52,25.98,119.3,122.0,62.46,108.23,39.23,102.43,80.1,104.72,143.44,45.26,150.43,73.73,151.36,176.87,139.31,32.15,42.96,73.25,144.86,126.55,96.72,55.18,77.37,110.66,25.68,47.15,17.26,71.21,26.35,67.24,100.85,101.58,127.79,10.08,45.98,125.79,117.25,39.26,37.71,51.11,113.64,33.82,27.37,64.79,122.82,126.33,18.82,50.26,33.25,32.42,103.62,121.53,20.77,30.22,35.99,8.8,11.0,129.59,103.14,98.27,91.43,82.32,99.4,108.89,94.64,45.51,41.17,55.95,58.2,77.25,70.67,66.62,74.6,69.97,54.45,69.16,67.0,49.1,43.91,48.09,47.47,75.67,62.82,69.37,54.6,84.52,71.64,73.47,10.73,140.97,118.33,185.12,186.33,176.64,168.83,163.91,152.14,152.39,146.92,32.98,50.74,38.28,38.95,47.47,25.54,31.63,31.0,50.68,52.26,33.89,25.69,49.04,36.09,31.2,56.52,61.76,59.3,65.26,74.66,90.96,70.08,68.65,74.46,77.14,50.82,67.31,70.08,56.11,62.33,70.79,78.76,81.12,85.2,83.33,74.71,68.73,81.63,76.12,96.03,88.24,92.72,87.64,91.17,80.7,84.84,71.19,92.57,108.74,92.57,89.11,80.26,93.6,73.16,109.39,114.19,144.32,111.05,115.99,97.19,107.1,138.28,142.98,127.14,129.81,119.12,137.0,131.7,120.37,132.99,110.41,128.97,125.9,136.46,135.58,134.81,138.13,144.28,159.57,166.31,158.39,160.18,159.12,173.05,169.33,165.01,167.35,167.57,164.16,164.3,149.2,154.64,174.53,159.01,169.01,175.08,176.6,190.87,175.61,196.86,163.2,150.63,155.45,163.63,137.88,159.68,154.36,155.56,165.23,162.57,168.51,143.57,148.56,160.49,184.29,147.19,157.03,165.11,173.41,180.11,190.94,181.27,179.45,165.06,171.47,180.67,182.31,194.33,187.53,208.1
193.44,214.36,221.17,36.88,197.85,83.74,69.07,73.65,21.72,72.07,60.29,110.8,162.97,69.68,215.69,113.47,63.91,229.25,90.58,174.92,90.04,92.36,31.25,65.23,81.58,132.9,217.26,110.99,164.93,107.96,110.59,78.01,102.55,169.33,266.55,209.18,88.96,50.95,211.94,69.0,53.14,150.06,205.22,192.28,106.01,102.06,51.28,54.54,102.3,153.72,155.55,0.0,32.17,180.96,99.15,97.17,15.96,41.19,67.83,70.25,173.25,81.23,125.12,76.0,110.4,17.05,85.52,296.34,129.08,240.22,167.16,212.55,121.55,87.33,107.69,59.97,283.09,113.94,51.48,201.46,289.66,117.49,27.54,57.56,59.24,148.3,215.14,158.57,214.05,107.22,92.04,131.47,259.65,83.33,97.4,27.99,77.4,245.96,229.56,96.47,113.6,60.83,73.96,191.01,149.06,119.59,73.9,214.22,69.34,212.39,160.95,99.38,46.19,107.79,61.56,137.53,205.33,109.56,41.97,145.87,14.1,168.9,170.97,232.85,108.39,143.04,267.05,203.49,274.2,110.4,98.62,192.22,261.44,129.71,209.73,87.48,255.38,65.92,44.7,89.42,33.54,196.74,188.85,121.64,204.29,30.82,187.1,209.55,52.93,221.03,64.82,238.91,70.81,179.03,33.41,42.7,215.51,57.4,181.9,255.48,93.53,108.17,79.05,121.68,80.48,86.21,117.47,85.23,21.56,185.19,196.01,226.3,13.11,56.6,249.77,115.08,97.23,61.02,131.91,200.19,170.3,100.97,143.12,109.5,97.22,54.17,57.84,164.24,199.03,278.84,53.69,192.31,190.75,204.16,43.69,186.87,180.42,124.69,52.87,56.38,171.86,203.3,186.3,185.46,101.52,51.58,138.65,183.26,189.04,152.07,148.71,282.64,256.19,251.32,244.48,235.37,252.45,261.93,247.69,198.56,194.21,209.0,211.24,230.29,223.71,219.66,227.64,223.01,207.5,222.2,220.05,202.15,196.96,201.14,200.52,228.72,215.87,222.41,207.64,237.57,224.69,226.51,157.01,294.02,271.38,338.16,339.38,329.69,321.88,316.95,305.19,305.43,299.97,139.21,129.64,132.34,133.0,190.14,167.21,170.04,155.14,127.1,128.68,156.59,137.81,174.52,163.47,154.28,209.57,214.8,212.35,180.89,227.7,244.01,223.12,173.32,178.4,164.06,117.48,99.22,120.57,118.56,99.52,102.2,104.68,94.34,111.12,106.79,134.61,128.63,112.17,136.02,161.83,77.64,82.12,75.87,76.46,107.77,89.37,103.1,106.01,87.02,134.28,127.5,132.86,120.98,140.24,95.39,64.55,74.37,136.4,122.15,127.34,132.44,105.52,110.23,114.21,107.03,119.17,84.63,86.62,75.29,37.85,48.17,43.26,40.2,32.83,40.73,64.86,68.18,62.03,73.86,96.36,99.74,93.74,94.41,132.14,128.42,132.75,104.98,111.91,104.67,56.02,70.03,60.67,69.73,75.68,78.15,81.65,85.73,87.99,32.63,46.15,12.49,35.91,40.73,28.82,38.78,24.87,19.55,6.57,11.78,22.05,28.0,27.74,43.35,50.12,64.69,33.88,41.49,45.67,53.81,60.51,71.34,78.26,83.08,88.57,82.52,83.1,71.32,88.38,91.19,88.5
165.2,167.72,192.93,11.99,169.61,63.15,48.49,72.88,36.9,47.18,20.35,82.56,134.73,49.09,187.44,120.5,35.67,201.01,77.14,146.68,61.8,67.47,6.37,44.65,60.99,108.02,177.09,82.74,136.69,79.72,85.7,57.42,77.67,141.08,238.3,180.93,60.72,79.95,183.7,61.59,44.53,121.82,176.98,164.04,81.12,73.82,22.8,67.26,97.35,125.47,127.31,32.17,0.0,152.24,106.18,68.45,23.3,16.31,47.24,90.08,144.53,56.34,96.4,55.41,85.52,32.23,92.55,267.62,104.2,211.5,138.44,183.83,92.83,75.05,78.97,32.37,254.37,85.22,12.79,172.74,260.94,88.77,29.22,77.39,38.65,119.58,186.42,129.85,185.33,82.34,67.15,102.75,230.94,54.61,72.52,19.29,52.52,217.24,200.84,67.75,88.72,40.24,53.37,162.29,120.34,90.87,53.31,185.5,62.12,183.67,132.23,74.5,17.63,79.07,32.85,108.81,164.3,80.84,17.08,117.16,24.37,140.19,142.25,204.13,73.6,114.32,238.33,174.77,245.48,81.68,69.9,163.5,232.72,100.99,181.01,89.48,226.66,45.34,64.53,87.0,29.6,168.02,160.14,96.75,175.57,34.21,158.38,180.83,32.34,192.32,44.24,210.19,42.09,150.31,8.52,19.46,186.79,29.8,153.18,226.76,68.65,83.29,86.09,92.97,59.89,57.49,118.76,108.58,28.9,156.47,167.29,197.58,21.47,36.02,221.05,86.36,72.35,31.88,103.19,171.47,141.59,76.09,114.4,80.78,91.3,25.45,37.25,135.52,170.31,250.12,33.1,163.59,162.04,175.44,23.1,158.15,151.7,83.12,32.28,35.79,143.15,174.58,157.58,156.75,76.64,30.99,109.93,154.54,160.32,123.35,119.99,253.92,227.47,222.6,215.76,188.81,223.73,233.21,218.97,169.84,165.5,180.28,182.52,201.57,194.99,190.95,198.92,194.29,178.78,193.49,191.33,173.43,168.24,172.42,171.8,200.0,187.15,193.69,178.93,208.85,195.97,197.8,128.29,265.3,242.66,309.44,310.66,300.97,293.16,288.23,276.47,276.72,271.25,110.49,100.92,103.62,104.28,161.42,138.49,141.32,126.42,98.38,99.96,127.87,109.09,145.8,134.75,125.57,180.85,186.09,165.79,156.01,181.15,197.45,176.57,148.44,153.51,139.17,88.77,70.5,91.85,89.84,70.81,73.48,75.96,65.62,82.4,78.07,94.69,88.46,87.28,96.1,136.94,48.92,53.4,47.15,47.74,82.88,64.48,74.39,81.12,82.55,109.4,102.62,107.97,96.1,115.35,70.5,35.41,53.78,111.51,116.45,102.46,107.55,112.56,117.26,127.6,130.27,119.58,79.64,74.34,63.01,5.98,23.28,18.37,15.31,37.67,36.78,44.27,47.6,53.74,69.03,75.78,101.03,102.82,101.45,142.43,138.71,135.82,128.33,113.2,105.96,73.77,58.67,64.1,83.99,68.47,78.48,84.55,86.06,100.33,55.97,73.48,39.82,23.62,28.45,43.99,10.88,26.55,27.73,32.17,41.84,52.11,58.06,44.78,58.02,69.95,93.75,48.4,56.01,74.57,82.87,89.57,100.4,90.73,88.91,107.7,105.87,106.45,94.66,115.71,114.54,117.56
27.81,39.87,55.54,150.05,21.03,179.13,164.47,188.86,181.94,120.76,130.92,86.07,30.52,165.08,50.06,153.01,126.97,63.62,143.45,34.78,102.25,103.15,149.69,160.63,176.97,93.83,40.44,79.9,22.27,80.36,108.88,173.4,100.84,27.44,100.92,43.55,92.82,195.93,46.32,177.57,160.51,44.19,39.59,15.46,98.25,84.36,134.74,183.24,109.89,44.19,27.91,180.96,152.24,0.0,143.97,90.72,165.05,137.99,163.24,206.07,22.67,120.69,59.25,171.41,106.35,177.32,157.6,131.2,110.52,75.08,44.76,47.41,82.28,131.11,111.92,136.26,117.96,70.26,144.46,36.33,124.52,75.59,153.47,193.38,154.65,38.81,50.0,45.87,48.92,117.44,129.63,55.47,94.52,101.29,123.51,171.75,113.5,80.82,64.42,96.0,125.62,156.23,169.37,16.66,40.05,65.29,169.3,49.08,178.12,47.25,23.71,111.4,140.3,82.76,128.24,47.89,30.98,82.17,137.24,48.46,173.21,32.21,31.38,67.71,97.09,43.95,101.91,38.36,109.06,93.6,100.62,20.23,96.31,55.76,44.59,121.58,90.24,161.33,180.53,116.91,153.85,31.61,9.07,103.08,39.16,158.46,7.71,44.41,148.33,55.9,160.23,73.77,110.98,11.51,144.76,147.46,50.37,133.69,42.3,90.34,105.56,121.04,152.4,70.72,175.89,99.19,158.14,185.82,164.77,13.3,30.87,61.16,170.32,152.01,84.63,80.64,102.82,136.11,51.14,35.06,18.42,96.67,51.81,92.7,107.63,127.04,153.24,22.22,33.89,113.7,142.71,27.17,25.62,39.02,139.09,21.73,12.45,90.25,148.28,151.79,11.3,38.17,18.8,20.33,118.56,146.99,46.23,18.13,23.9,34.26,36.46,117.51,91.05,86.18,79.34,61.02,57.15,96.8,82.55,24.21,14.43,43.86,46.11,65.16,58.58,54.53,62.51,57.88,42.36,57.07,54.91,30.64,25.45,24.37,23.75,63.58,50.74,35.34,36.14,72.44,59.55,49.75,36.19,128.89,106.24,173.03,174.24,164.55,156.74,151.82,140.05,140.3,134.83,58.44,76.2,63.74,64.4,27.71,28.61,34.71,33.97,76.14,77.71,50.87,51.15,52.12,39.17,50.36,32.8,38.04,38.0,43.96,53.36,69.66,48.78,47.35,53.16,55.84,76.28,92.77,95.54,81.57,87.79,96.25,104.22,106.58,110.66,108.79,100.17,94.19,91.99,67.58,74.73,113.7,118.18,113.1,116.63,106.16,110.3,96.65,118.03,122.71,89.54,95.89,83.34,100.38,76.24,134.85,139.65,169.78,117.83,122.77,94.16,113.88,145.06,149.76,133.92,136.59,125.9,145.95,140.65,129.32,158.45,135.87,154.43,151.36,161.92,161.03,160.27,163.59,169.74,185.03,191.77,167.34,169.13,165.9,179.83,176.11,171.8,174.13,174.35,170.94,189.76,174.66,180.1,199.99,184.46,194.47,200.54,202.06,216.32,201.06,222.32,188.66,176.09,180.91,189.09,163.34,185.14,179.81,181.02,190.69,188.02,193.97,169.03,174.02,185.95,209.75,172.65,182.49,190.57,198.87,205.57,216.4,206.73,204.91,174.01,180.42,189.62,191.26,203.28,196.48,233.56
152.69,116.61,180.42,140.71,145.38,170.31,155.65,169.91,85.59,90.46,135.7,131.29,139.79,156.26,174.94,14.33,156.6,188.5,32.49,126.51,133.35,101.02,135.09,151.81,168.15,56.91,125.98,116.01,117.46,123.55,80.4,164.58,86.41,120.92,201.45,168.43,123.92,156.44,171.2,168.75,128.19,114.22,164.48,149.07,88.69,126.65,143.73,150.8,44.46,136.2,137.18,99.15,106.18,143.97,0.0,117.36,102.53,128.56,154.41,166.5,126.26,82.72,131.17,162.57,66.93,90.27,13.63,217.73,34.34,176.76,95.96,171.32,107.45,39.17,148.23,153.36,204.49,120.97,135.55,160.24,211.05,112.97,114.11,153.81,145.81,130.8,173.91,106.21,172.83,60.07,72.26,137.53,189.12,132.34,66.14,90.48,91.01,175.55,176.77,132.32,77.53,147.4,160.53,127.31,120.85,125.64,160.47,172.99,169.29,171.16,133.18,92.05,140.39,128.05,153.84,129.56,113.24,117.11,138.07,136.65,100.68,141.47,122.59,178.21,107.12,122.05,196.52,162.27,197.88,112.52,136.94,153.84,190.91,135.76,168.5,49.32,184.85,152.5,140.96,59.54,120.12,155.52,134.89,41.97,163.07,117.4,141.32,168.33,139.5,179.81,151.4,171.26,142.03,137.81,129.61,129.27,174.28,150.79,133.51,184.95,98.18,63.66,20.96,120.2,167.05,130.23,19.46,54.39,108.14,146.91,154.78,173.51,99.69,143.18,179.24,106.58,95.24,152.87,132.81,158.97,129.87,91.77,137.89,114.51,50.26,146.44,144.41,131.48,157.8,200.23,140.26,151.08,149.53,162.93,130.26,145.64,139.19,98.8,139.44,142.95,130.64,162.08,145.08,144.24,61.19,138.15,133.43,142.04,147.82,136.5,133.14,212.23,185.78,187.86,164.32,137.76,157.26,191.4,177.16,120.62,141.14,167.77,170.02,189.07,182.49,178.44,186.42,181.79,166.27,180.98,178.82,160.93,155.73,157.98,152.69,187.49,174.65,163.7,166.42,183.75,183.46,153.88,141.44,215.41,191.79,259.56,260.77,251.08,243.27,238.35,226.58,226.83,221.36,140.11,126.94,138.4,139.06,131.75,111.65,107.98,125.12,125.62,111.72,111.22,124.38,92.07,101.41,110.7,136.93,130.34,114.74,104.96,130.1,146.4,125.52,97.39,102.46,88.12,126.33,116.43,140.83,131.61,124.1,132.57,140.53,137.62,146.97,145.1,101.21,94.99,84.07,102.63,85.89,144.75,149.23,144.14,147.67,86.21,99.32,115.38,84.53,55.91,58.35,51.57,56.92,45.05,64.3,88.97,156.4,160.95,26.84,23.01,44.02,31.4,6.38,11.08,15.07,7.88,20.03,26.54,38.56,43.17,103.43,135.53,122.76,128.11,119.41,127.3,151.43,154.76,158.28,176.2,182.94,35.91,37.7,21.93,41.15,37.43,33.11,35.45,35.67,32.26,152.27,165.83,156.92,165.99,175.63,174.4,191.71,181.99,227.13,66.64,120.58,86.66,86.05,90.88,79.31,97.69,100.09,94.77,107.32,108.82,119.09,125.04,126.52,139.61,146.38,170.18,130.14,137.75,151.0,159.3,166.0,176.83,174.51,179.33,42.57,48.98,58.19,59.83,71.85,60.0,212.86
103.15,124.07,130.88,66.26,107.56,95.34,80.68,105.07,98.15,36.65,47.14,20.51,72.68,81.29,125.39,126.4,43.18,138.96,89.3,84.63,18.46,19.04,65.9,76.84,93.18,77.76,126.96,20.69,74.64,17.67,39.23,89.61,31.19,79.04,176.25,118.89,9.04,112.14,121.65,93.78,76.72,59.77,114.93,101.99,34.65,11.77,50.95,99.45,77.0,63.43,65.26,97.17,68.45,90.72,117.36,0.0,81.23,54.17,79.42,122.25,82.97,37.3,34.83,87.59,54.72,93.5,104.68,206.05,83.93,149.94,76.87,122.26,31.26,84.1,33.37,52.44,192.81,23.65,60.64,111.18,199.37,27.21,69.65,109.56,70.83,58.02,124.85,68.29,123.77,62.08,48.12,41.19,169.37,17.47,53.48,87.93,30.12,155.68,139.28,17.45,42.24,72.41,85.55,100.73,58.77,29.3,85.48,123.93,94.3,122.1,70.67,28.02,56.48,17.51,44.42,47.25,115.04,19.28,53.42,55.59,89.39,78.62,80.69,142.56,13.71,52.75,176.77,113.21,183.91,16.0,22.07,101.94,171.16,39.42,119.44,70.44,165.09,77.51,96.71,66.73,70.03,106.46,98.57,76.49,114.01,74.64,96.81,119.27,64.51,130.75,76.41,148.63,27.16,88.75,60.94,63.64,125.22,49.87,91.61,165.2,22.17,60.43,98.21,31.4,92.07,15.37,131.56,131.64,80.95,94.91,105.72,136.01,86.5,68.19,159.49,24.8,25.87,52.29,41.62,109.91,80.02,29.61,52.83,18.0,71.04,43.22,69.42,73.96,108.74,188.55,58.89,102.02,100.47,113.87,55.27,96.58,90.13,34.41,64.46,67.97,81.58,113.02,96.02,95.18,57.6,63.17,48.37,92.98,98.76,61.79,58.43,192.36,165.9,161.04,154.19,145.08,162.17,171.65,157.4,108.27,103.93,118.71,120.96,140.01,133.43,129.38,137.36,132.73,117.21,131.92,129.76,111.87,106.67,110.85,110.23,138.43,125.59,132.13,117.36,147.29,134.4,136.23,66.73,203.74,181.09,247.88,249.1,239.4,231.59,226.67,214.9,215.15,209.68,48.93,39.36,42.06,42.72,99.86,76.93,79.76,64.86,36.82,38.4,66.31,47.52,84.24,73.18,64.0,119.28,124.52,122.06,128.02,137.42,153.72,132.84,131.42,137.23,109.4,27.2,4.54,30.28,28.28,9.24,17.7,25.67,22.75,32.11,30.24,44.32,38.34,40.81,45.73,107.17,29.88,34.36,29.28,32.81,36.41,26.91,8.43,34.65,63.51,79.63,82.36,67.32,75.84,60.22,51.47,55.83,85.96,91.25,96.18,82.2,87.29,118.48,123.18,107.33,110.0,99.31,91.77,86.47,75.14,74.63,52.05,70.61,67.54,78.1,77.21,76.45,79.77,85.92,101.21,107.95,113.16,114.95,113.58,153.24,149.52,145.21,147.54,125.33,118.09,105.94,90.84,96.28,116.17,100.64,110.65,116.72,118.24,132.5,117.24,138.5,104.84,76.26,81.08,105.27,79.52,101.32,95.99,97.2,106.87,104.2,110.15,85.21,90.2,102.13,125.92,88.83,98.67,106.75,115.05,121.75,132.58,122.91,121.09,119.82,126.24,135.44,137.08,149.1,142.3,149.74
177.49,198.4,205.21,30.1,181.9,67.78,53.12,67.38,16.94,63.2,44.34,94.84,147.01,53.73,199.73,116.86,47.96,213.3,93.96,158.96,74.09,97.78,22.38,49.28,65.62,124.03,201.3,95.03,148.97,92.0,117.97,62.05,109.93,153.37,250.59,193.22,73.01,53.91,195.99,66.22,25.66,134.1,189.27,176.33,113.39,86.1,35.33,48.27,113.36,137.76,139.6,15.96,23.3,165.05,102.53,81.23,0.0,32.32,51.88,63.97,157.3,72.36,109.16,60.04,101.53,12.26,88.9,280.38,120.21,224.26,151.2,196.59,105.59,82.55,91.73,44.01,267.14,97.98,35.53,185.51,273.7,101.54,11.58,51.28,43.28,132.34,199.18,142.61,198.1,98.35,83.17,115.52,243.7,67.37,88.53,23.2,68.53,230.0,213.6,80.51,120.96,44.87,58.0,175.05,133.1,103.63,57.94,198.26,66.76,196.43,145.0,106.74,30.24,91.83,45.6,121.57,189.37,93.6,45.56,129.92,8.16,152.95,155.02,216.89,92.43,127.08,251.09,187.54,258.24,94.44,82.67,176.27,245.49,113.75,193.77,82.7,239.42,49.97,38.43,84.64,17.59,180.78,172.9,112.77,188.33,14.87,171.14,193.59,36.97,205.08,48.87,222.95,54.86,163.08,24.54,26.74,199.55,41.44,165.94,239.52,100.89,99.3,82.44,105.73,64.52,70.26,120.86,88.61,5.61,169.24,180.05,210.34,5.26,40.65,233.81,99.12,104.59,45.07,115.95,184.24,154.35,108.33,127.16,93.54,107.31,38.22,41.88,148.29,183.07,262.88,37.73,176.35,174.8,188.2,27.73,170.91,164.46,108.74,36.91,40.42,155.91,187.35,170.34,169.51,92.65,35.62,122.7,167.31,173.08,136.11,132.76,266.68,240.23,235.36,228.52,219.41,236.49,245.98,231.73,182.6,178.26,193.04,195.29,214.34,207.76,203.71,211.69,207.06,191.54,206.25,204.09,186.19,181.0,185.18,184.56,212.76,199.91,206.46,191.69,221.62,208.73,210.56,141.06,278.06,255.42,322.21,323.42,313.73,305.92,301.0,289.23,289.48,284.01,123.25,113.69,116.39,117.05,174.19,151.26,154.09,139.18,111.15,112.72,140.64,121.85,158.57,147.51,138.33,193.61,198.85,196.39,172.02,211.75,228.05,207.17,164.45,169.53,155.19,101.53,83.26,104.61,102.61,83.57,86.24,88.73,78.39,95.16,90.83,118.65,112.67,119.53,120.06,152.96,61.69,66.16,59.91,60.5,115.13,80.5,87.15,113.36,82.23,125.41,118.63,123.98,112.11,138.94,86.52,48.6,58.41,127.52,125.54,118.47,123.57,108.91,113.61,117.6,110.41,122.56,88.02,81.84,70.51,28.97,48.74,34.39,31.32,16.88,24.77,48.9,52.23,55.75,73.67,80.41,103.13,97.12,97.8,135.53,131.81,136.14,108.36,115.3,108.06,49.74,63.3,54.39,63.46,73.1,71.87,89.18,79.46,81.71,36.01,57.27,23.61,31.12,35.94,24.03,34.0,20.08,14.76,15.96,25.63,35.9,41.85,23.99,37.08,43.85,67.65,27.61,35.22,48.47,56.77,63.47,74.3,71.98,76.8,91.95,85.91,86.49,74.7,99.5,94.58,91.46
150.43,158.58,178.15,19.38,154.84,65.16,50.5,74.9,42.17,38.04,7.2,67.78,119.95,51.11,172.67,137.6,20.9,186.24,99.2,131.9,47.03,58.33,13.75,46.66,63.0,98.87,167.95,67.97,121.91,64.94,76.56,59.43,68.52,126.31,223.53,166.16,45.95,81.96,168.93,63.6,46.54,107.04,162.21,149.27,71.98,59.04,12.74,69.27,88.2,110.7,112.54,41.19,16.31,137.99,128.56,54.17,32.32,0.0,49.7,92.53,134.47,47.2,86.34,57.87,76.37,37.5,114.57,257.56,95.05,201.44,128.38,173.77,82.77,93.99,68.91,22.31,244.31,75.16,14.15,162.68,250.88,78.71,39.94,79.85,41.11,109.52,176.36,119.79,175.28,73.19,58.01,92.7,220.88,44.55,63.37,35.29,43.37,207.18,190.78,57.69,79.57,42.7,55.83,152.23,110.28,80.81,55.77,175.44,64.58,173.61,122.17,65.35,16.81,69.01,22.79,98.75,155.15,70.78,8.37,107.1,33.39,130.13,132.2,194.07,64.45,104.26,228.27,164.72,235.42,71.62,59.85,153.45,222.66,90.93,170.95,80.33,216.6,47.79,66.99,77.85,40.32,157.96,150.08,87.61,165.51,44.93,148.32,170.77,34.8,182.26,46.69,200.13,32.03,140.25,8.21,21.76,176.73,19.75,143.12,216.7,59.5,74.14,108.11,82.91,62.35,47.43,142.67,141.54,37.93,146.42,157.23,187.52,30.5,38.48,210.99,76.3,63.2,21.82,93.13,161.42,131.53,66.94,104.34,70.72,82.16,15.39,39.71,125.47,160.25,240.06,28.76,153.53,151.98,165.38,25.56,148.09,141.64,73.97,34.74,38.25,133.09,164.52,147.52,146.69,67.49,33.45,99.87,144.48,150.26,113.29,109.93,243.86,217.41,212.54,205.7,179.66,213.67,223.16,208.91,159.78,155.44,170.22,172.46,191.52,184.93,180.89,188.87,184.24,168.72,183.43,181.27,163.37,158.18,162.36,161.74,189.94,177.09,183.64,168.87,198.79,185.91,187.74,118.24,255.24,232.6,299.38,300.6,290.91,283.1,278.17,266.41,266.66,261.19,100.43,90.86,93.56,94.23,151.36,128.44,131.26,116.36,88.32,89.9,117.82,99.03,135.74,124.69,115.51,170.79,176.03,156.64,146.86,172.0,188.31,167.42,139.29,144.37,130.03,78.71,60.44,81.79,79.79,60.75,63.42,65.9,55.57,72.34,68.01,85.54,79.32,78.14,86.95,127.8,38.87,43.34,37.09,37.68,73.74,55.34,64.33,71.98,73.4,100.25,93.47,98.83,86.95,106.21,61.36,25.35,56.24,102.36,107.3,93.31,98.41,129.59,134.29,118.45,121.12,110.43,101.66,96.36,85.03,21.99,6.97,9.23,6.72,48.39,47.5,46.73,50.06,56.2,71.49,78.23,123.05,124.84,123.47,164.36,160.64,156.33,143.58,135.22,127.98,76.23,61.13,66.56,86.45,70.93,80.94,87.0,88.52,102.79,61.25,82.51,48.84,39.63,44.45,49.27,26.88,42.56,43.73,41.2,50.87,61.14,67.09,55.5,60.48,72.41,96.21,59.12,68.95,77.03,85.33,92.03,102.86,93.19,91.37,129.72,136.13,111.72,99.94,124.74,119.81,120.02
175.67,196.59,203.4,36.92,180.08,27.59,23.73,28.28,68.81,79.48,42.52,93.03,145.2,15.25,197.92,179.05,46.14,211.48,140.64,157.15,72.27,95.96,41.26,35.62,16.38,140.32,199.49,93.21,147.16,90.19,116.15,17.33,108.11,151.56,248.78,191.41,71.19,49.26,194.17,16.99,25.24,132.29,187.45,174.51,111.57,84.29,33.51,22.66,129.65,135.95,137.78,67.83,47.24,163.24,154.41,79.42,51.88,49.7,0.0,50.64,155.32,88.44,107.19,21.48,117.62,63.94,140.58,278.4,136.3,222.29,149.22,194.62,103.62,135.24,89.76,30.12,265.16,96.0,34.71,183.53,271.73,99.56,40.1,47.85,17.44,130.37,197.2,140.64,196.12,114.44,99.25,113.54,241.72,65.4,104.62,66.03,84.62,228.03,211.63,78.54,118.98,31.38,23.92,173.08,131.12,101.66,29.54,196.29,17.32,194.45,143.02,104.76,29.42,89.86,43.63,119.6,187.39,91.63,43.58,127.94,59.83,150.97,153.04,214.91,90.45,125.11,249.12,185.56,256.27,92.46,80.69,174.29,243.51,111.78,191.79,121.58,237.44,9.28,34.99,119.1,33.33,178.81,170.92,128.85,186.36,41.36,169.16,191.62,24.79,203.1,20.46,220.98,52.88,161.1,40.81,34.08,197.57,39.47,163.96,237.55,98.91,115.39,134.11,103.75,24.54,68.28,172.53,140.29,51.39,167.26,178.07,208.36,56.94,27.16,231.84,97.15,102.61,43.09,113.98,182.26,152.37,106.35,125.18,91.56,123.4,36.24,10.0,146.31,181.09,260.91,24.61,174.38,172.82,186.22,25.46,168.93,162.49,106.76,19.3,16.56,153.93,185.37,168.37,167.53,108.74,20.42,120.72,165.33,171.11,134.14,130.78,264.71,238.26,233.39,226.54,217.43,234.52,244.0,229.75,180.62,176.28,191.07,193.31,212.36,205.78,201.73,209.71,205.08,189.56,204.27,202.12,184.22,179.02,183.21,182.58,210.79,197.94,204.48,189.71,219.64,206.75,208.58,139.08,276.09,253.45,320.23,321.45,311.76,303.94,299.02,287.26,287.5,282.03,121.28,111.71,114.41,115.07,172.21,149.28,152.11,137.21,109.17,110.75,138.66,119.87,156.59,145.53,136.35,191.64,196.87,194.41,200.38,209.77,226.08,205.19,180.54,185.61,171.27,99.55,81.29,102.63,100.63,81.59,84.26,86.75,76.41,93.19,88.86,116.67,110.7,117.55,118.08,169.04,59.71,64.19,57.94,58.52,113.15,88.69,85.17,111.39,114.65,141.5,134.72,140.07,128.2,136.96,102.6,46.62,19.86,143.61,148.55,134.56,139.65,170.84,175.54,159.7,162.37,151.68,142.9,137.6,126.28,52.72,46.77,50.47,47.41,35.8,42.86,11.68,23.27,34.98,22.2,33.23,154.81,148.8,149.47,187.2,183.49,187.81,160.04,166.97,159.73,28.96,13.86,19.3,39.19,23.66,33.67,33.96,41.26,55.52,87.69,108.94,75.28,70.36,75.19,75.71,57.61,71.76,66.44,67.64,65.42,68.45,66.06,49.46,42.65,40.41,67.55,43.32,45.96,48.38,53.3,63.38,62.51,45.93,44.11,143.63,137.58,138.16,126.38,151.17,146.25,70.32
218.5,239.42,246.23,74.07,222.91,53.63,71.93,22.36,80.91,122.31,85.35,135.86,188.03,62.85,240.75,180.83,88.97,254.31,157.94,199.98,115.1,138.79,78.4,82.89,51.37,183.15,242.32,136.05,189.99,133.02,158.98,52.32,150.94,194.39,291.61,234.24,114.02,18.26,237.01,39.54,45.48,175.12,230.28,217.34,154.4,127.12,76.34,37.88,172.48,178.78,180.61,70.25,90.08,206.07,166.5,122.25,63.97,92.53,50.64,0.0,198.28,131.41,150.15,64.3,160.58,76.23,152.87,321.37,179.26,265.25,192.19,237.58,146.58,146.52,132.72,77.49,308.12,138.97,77.68,226.49,314.69,142.52,61.17,12.69,53.27,173.33,240.17,183.6,239.08,157.4,142.22,156.51,284.69,108.36,147.58,87.17,127.58,270.99,254.59,121.5,161.95,78.75,58.91,216.04,174.09,144.62,77.74,239.25,38.46,237.42,185.98,147.73,72.38,132.82,86.59,162.56,230.36,134.59,86.55,170.91,70.86,193.94,196.0,257.88,133.42,168.07,292.08,228.52,299.23,135.43,123.65,217.25,286.47,154.74,234.76,164.54,280.41,57.48,25.54,162.06,58.59,221.77,213.89,171.82,229.32,53.35,212.13,234.58,59.02,246.07,68.66,263.94,95.84,204.06,83.77,70.71,240.54,82.43,206.93,280.51,141.88,158.35,146.41,146.72,57.73,111.24,184.83,152.58,58.36,210.22,221.04,251.33,69.23,74.53,274.8,140.11,145.58,86.05,156.94,225.22,195.34,149.32,168.15,134.53,166.37,79.2,58.2,189.28,224.06,303.87,71.98,217.34,215.79,229.19,68.43,211.9,205.45,149.72,59.5,64.76,196.9,228.33,211.33,210.5,151.7,67.79,163.68,208.29,214.07,177.1,173.74,307.67,281.22,276.35,269.51,260.4,277.48,286.96,272.72,223.59,219.25,234.03,236.27,255.32,248.74,244.7,252.68,248.04,232.53,247.24,245.08,227.18,221.99,226.17,225.55,253.75,240.9,247.45,232.68,262.6,249.72,251.55,182.05,319.05,296.41,363.19,364.41,354.72,346.91,341.98,330.22,330.47,325.0,164.24,154.67,157.37,158.04,215.17,192.25,195.07,180.17,152.13,153.71,181.62,162.84,199.55,188.5,179.32,234.6,239.84,237.38,243.34,252.74,269.04,248.16,223.5,228.58,214.24,142.52,124.25,145.6,143.6,124.56,127.23,129.71,119.37,136.15,131.82,159.64,153.66,160.51,161.05,212.01,102.67,107.15,100.9,101.49,156.12,131.66,128.14,154.35,157.61,184.46,177.68,183.04,171.16,179.93,145.57,89.59,72.0,186.57,191.51,177.52,182.62,172.88,177.58,202.66,174.38,194.64,151.99,145.81,134.48,95.69,89.73,93.44,90.37,51.65,63.55,59.88,47.83,45.36,44.4,39.26,167.1,161.09,161.77,199.5,195.78,200.11,172.34,179.27,172.03,39.35,43.47,38.96,18.44,27.69,18.02,30.36,21.06,18.37,99.98,93.95,80.63,95.09,99.92,88.0,100.58,84.05,78.73,74.72,58.47,47.16,41.21,42.5,35.69,20.12,12.52,36.36,39.01,25.28,25.77,18.12,12.5,8.64,13.46,155.92,149.88,150.46,138.67,146.09,158.55,27.76
35.11,48.95,62.83,142.34,39.52,171.42,156.76,181.16,174.23,113.05,123.22,78.37,22.81,157.37,57.35,135.3,119.26,70.92,125.74,18.09,94.55,95.44,141.98,152.92,169.26,79.78,58.92,72.2,8.8,72.66,87.55,165.69,79.51,10.75,108.21,50.84,85.12,188.22,53.61,169.87,152.8,30.72,46.89,33.95,84.77,76.66,127.03,175.53,92.18,36.48,20.21,173.25,144.53,22.67,126.26,82.97,157.3,134.47,155.32,198.28,0.0,113.18,51.74,163.9,92.34,169.81,139.88,137.53,92.81,81.41,30.75,53.74,59.38,113.39,104.41,128.75,124.28,62.76,136.95,42.65,130.85,68.08,145.97,185.88,147.14,31.3,56.33,31.86,55.24,99.73,111.92,47.96,100.84,93.79,105.8,164.24,105.99,87.15,70.75,88.5,107.23,148.73,161.86,25.74,26.05,57.78,161.8,55.41,170.61,53.58,16.2,103.9,132.79,75.26,120.73,40.38,40.06,74.66,129.73,40.95,165.7,24.49,14.16,74.04,89.59,31.66,108.24,44.68,115.39,86.09,93.11,33.41,102.63,48.26,50.92,103.87,96.57,153.82,173.02,99.2,146.35,37.93,22.56,85.36,45.48,150.96,28.28,50.74,140.83,62.22,152.72,80.1,103.47,20.22,137.25,139.96,56.7,126.18,25.09,96.67,98.05,103.32,134.68,63.21,168.38,91.68,140.43,168.11,157.26,26.38,37.2,67.49,162.81,144.51,90.96,73.13,81.39,128.61,43.63,41.38,12.28,75.23,44.3,85.19,89.92,119.53,145.74,14.5,40.22,120.03,135.2,33.5,31.94,45.35,131.59,28.06,21.61,68.82,140.77,144.28,13.05,44.49,27.49,26.65,100.85,139.48,38.72,24.45,30.23,26.75,28.95,123.83,97.38,92.51,85.67,70.1,93.64,103.12,88.88,33.29,28.81,50.19,52.43,71.48,64.9,60.85,68.83,64.2,48.68,63.39,61.24,43.34,38.15,42.33,41.7,69.91,57.06,63.6,48.83,78.76,65.88,67.7,28.68,135.21,112.57,179.35,180.57,170.88,163.07,158.14,146.38,146.62,141.16,50.93,52.59,56.24,56.9,33.33,14.61,20.71,19.96,68.63,70.21,36.87,35.42,38.11,25.17,36.35,50.76,55.99,47.08,53.04,62.43,78.74,57.85,56.43,62.24,64.92,68.77,85.26,88.03,74.06,80.28,88.75,96.71,99.07,103.15,101.28,78.73,72.75,77.98,53.57,83.81,106.2,110.67,105.59,109.12,84.72,102.79,89.15,110.52,105.0,81.64,78.18,69.33,82.67,62.24,127.34,132.14,162.27,100.12,105.06,86.26,96.17,127.35,132.05,116.21,118.88,108.19,128.24,122.94,111.61,150.94,128.37,146.92,143.86,154.42,153.53,152.76,156.08,162.23,177.52,184.26,149.63,151.42,148.19,162.12,158.4,154.08,156.42,156.64,153.23,182.26,167.16,172.59,192.48,176.96,186.97,193.03,194.55,208.82,193.56,214.82,181.15,168.58,173.4,181.58,155.83,177.63,172.31,173.51,183.18,180.52,186.47,161.53,166.51,178.44,202.24,165.14,174.98,183.06,191.36,198.06,208.89,199.22,197.4,156.29,162.7,171.91,173.55,185.57,178.77,226.05
133.12,112.74,160.85,59.41,137.53,104.55,89.88,114.28,65.6,9.16,54.4,51.21,102.65,90.49,155.36,91.76,75.3,168.93,53.36,114.6,53.27,20.94,53.79,86.04,102.39,53.04,122.11,43.35,104.61,48.37,39.17,98.82,31.14,109.01,197.58,148.86,43.85,121.35,151.62,102.99,85.93,89.74,144.9,131.96,34.59,46.58,62.43,108.66,42.36,93.4,95.23,81.23,56.34,120.69,82.72,37.3,72.36,47.2,88.44,131.41,113.18,0.0,65.57,96.81,30.54,60.93,68.73,213.8,49.21,180.67,92.03,153.0,45.23,48.16,68.18,72.0,200.55,48.33,54.19,141.92,207.12,44.99,77.68,118.79,80.05,88.76,155.59,72.73,154.51,27.36,12.17,71.93,185.19,52.28,17.53,47.99,9.65,171.61,170.02,52.26,41.13,81.64,94.77,123.37,89.51,60.04,94.71,154.67,103.52,152.84,101.41,27.97,59.02,48.0,72.48,77.99,109.31,37.06,56.71,86.33,73.43,109.36,111.43,173.3,27.07,83.49,192.59,143.95,193.94,32.46,56.88,132.68,186.98,70.16,150.18,34.49,180.91,86.73,105.93,32.01,78.06,137.2,130.96,41.77,144.75,82.67,127.55,150.01,73.74,161.49,85.63,167.33,61.97,119.49,48.24,61.8,155.96,69.43,122.35,181.02,22.12,28.31,62.27,52.22,101.29,50.18,96.83,95.7,77.96,125.65,136.46,166.75,70.53,77.42,175.31,42.58,25.82,71.51,72.36,140.65,110.76,29.56,83.57,34.46,36.32,65.08,78.65,104.7,139.48,196.3,74.5,132.76,131.21,144.61,64.5,127.32,120.87,36.59,73.68,77.19,112.32,143.76,126.76,125.92,21.65,72.39,79.11,123.72,129.5,92.52,89.17,208.29,181.84,191.77,160.39,133.83,153.33,187.47,173.22,116.68,137.21,149.45,151.7,170.75,164.17,160.12,168.1,163.47,147.95,162.66,160.5,142.61,137.41,141.59,140.97,169.17,156.33,159.76,148.1,178.03,165.14,149.95,97.47,211.48,187.86,255.62,256.84,247.15,239.34,234.41,222.65,222.9,217.43,79.67,70.1,72.8,73.46,127.82,107.72,104.05,95.6,57.63,49.5,72.36,78.26,88.14,97.47,94.74,133.0,126.4,110.81,101.03,126.16,142.47,121.58,93.45,98.53,84.19,53.69,36.37,60.77,58.97,44.05,52.51,60.48,57.56,66.92,65.05,48.16,41.93,40.75,49.57,81.96,64.69,69.17,64.09,67.62,36.35,17.95,35.32,34.59,27.57,54.41,47.64,52.99,41.12,60.37,15.52,75.04,95.18,56.53,61.46,47.47,52.57,83.75,88.46,72.61,75.28,64.59,55.82,50.52,39.19,62.02,54.17,41.4,46.75,86.13,85.24,85.67,88.99,95.14,110.43,117.17,77.21,79.0,77.63,118.52,114.8,110.49,97.74,89.38,82.14,115.16,100.06,105.5,125.39,109.87,119.87,125.94,127.46,141.73,68.47,122.54,88.88,48.77,53.59,72.7,66.91,55.26,56.43,81.23,90.9,101.17,107.12,93.24,99.42,111.35,135.15,96.86,107.89,115.97,124.27,130.97,141.8,132.13,130.31,83.88,90.29,99.49,101.13,113.16,106.36,158.96
71.68,92.6,99.41,94.21,76.09,123.29,108.63,133.02,126.1,64.92,75.08,30.23,41.21,109.24,93.93,140.21,71.13,107.5,104.06,53.16,46.41,47.31,93.85,104.79,121.13,88.26,95.5,24.06,43.17,24.52,53.04,117.56,45.0,47.57,144.79,87.42,36.98,140.09,90.19,121.73,104.67,28.3,83.47,70.52,45.51,28.52,78.9,127.4,90.81,31.96,33.79,125.12,96.4,59.25,131.17,34.83,109.16,86.34,107.19,150.15,51.74,65.57,0.0,116.13,65.59,122.05,119.36,174.61,97.67,118.49,45.43,90.82,26.26,98.78,56.64,80.99,161.36,14.99,89.19,79.73,167.93,19.57,98.2,138.11,99.37,26.57,93.41,36.84,92.32,75.82,76.23,6.9,137.92,46.02,81.59,116.48,58.23,124.23,107.83,40.73,70.35,100.96,114.09,69.28,27.33,9.75,114.03,92.49,122.85,90.66,39.22,56.13,85.02,27.49,72.97,15.8,83.6,26.9,81.96,24.14,117.94,47.17,49.24,111.12,41.82,21.31,145.32,81.76,152.47,38.32,45.35,70.49,139.71,7.98,88.0,85.14,133.65,106.06,125.26,80.47,98.58,75.01,67.12,90.23,82.56,103.19,65.36,87.82,93.06,99.3,104.96,117.18,55.71,57.3,89.49,92.19,93.78,78.42,60.17,133.75,50.28,74.17,112.89,14.71,120.61,43.92,145.3,146.32,109.5,63.46,74.28,104.57,115.04,96.74,128.04,24.63,46.81,80.84,10.18,78.46,48.57,40.66,21.39,37.43,84.78,71.76,97.97,42.51,77.3,157.11,87.44,70.58,69.02,82.43,83.82,65.14,58.69,34.24,93.0,96.51,50.13,81.57,64.57,63.73,73.07,91.72,16.92,61.53,67.31,30.34,26.98,160.91,134.46,129.59,122.75,113.64,130.72,140.2,125.96,76.83,72.48,87.27,89.51,108.56,101.98,97.93,105.91,101.28,85.76,100.47,98.32,80.42,75.23,79.41,78.79,106.99,94.14,100.68,85.91,115.84,102.96,104.78,35.28,172.29,149.65,216.43,217.65,207.96,200.15,195.22,183.46,183.7,178.24,17.48,18.23,15.17,15.83,68.41,45.48,48.31,33.41,17.92,21.7,34.86,16.08,52.79,41.74,32.55,87.84,93.07,90.62,96.58,105.97,122.28,101.39,99.97,105.78,108.46,21.01,37.5,40.27,26.29,32.52,40.98,48.95,51.3,55.38,53.52,44.16,38.18,51.07,45.57,123.87,58.43,62.91,57.82,61.36,50.15,55.02,41.38,62.76,78.19,96.32,92.86,84.01,89.58,76.91,79.58,84.37,114.51,104.99,109.92,95.94,101.03,132.22,136.92,121.07,123.74,113.06,106.44,101.14,89.82,103.17,80.6,99.15,96.09,106.65,105.76,105.0,108.32,114.47,129.76,136.5,127.84,129.63,128.25,166.98,163.26,158.95,161.28,140.0,132.77,134.49,119.39,124.82,144.72,129.19,139.2,145.27,146.78,161.05,145.79,167.05,133.39,120.81,125.64,133.81,108.06,129.87,124.54,125.74,135.41,132.75,138.7,113.76,118.74,130.68,154.47,117.38,127.22,135.29,143.59,150.3,161.12,151.45,149.63,134.5,140.91,150.12,151.76,163.78,156.98,178.28
183.84,204.75,211.57,45.09,188.25,17.71,15.03,41.94,76.98,87.65,50.69,101.2,153.37,9.08,206.08,187.21,54.31,219.65,148.81,165.31,80.44,104.13,49.42,43.78,18.55,148.48,207.65,101.38,155.33,98.35,124.32,11.98,116.28,159.72,256.94,199.57,79.36,62.92,202.34,28.2,41.24,140.46,195.62,182.68,119.74,92.45,41.68,36.32,137.81,144.11,145.95,76.0,55.41,171.41,162.57,87.59,60.04,57.87,21.48,64.3,163.9,96.81,116.13,0.0,125.91,72.23,148.87,286.69,144.58,230.57,157.51,202.9,111.9,143.52,98.04,38.41,273.45,104.29,43.0,191.82,280.01,107.85,48.38,61.51,28.42,138.65,205.49,148.92,204.41,122.73,107.54,121.83,250.01,73.68,112.9,74.31,92.9,236.31,219.91,86.82,127.27,39.67,6.08,181.36,139.41,109.94,14.14,204.57,30.98,202.74,151.31,113.05,37.7,98.14,51.91,127.88,195.68,99.91,51.87,136.23,68.12,159.26,161.33,223.2,98.74,133.39,257.4,193.85,264.55,100.75,88.98,182.58,251.79,120.06,200.08,129.86,245.73,15.03,48.66,127.38,41.61,187.09,179.21,137.14,194.64,49.65,177.45,199.9,33.07,211.39,17.01,229.26,61.16,169.38,49.09,42.37,205.86,47.75,172.25,245.83,107.2,123.67,142.4,112.04,14.35,76.57,180.82,148.58,59.68,175.55,186.36,216.65,65.22,35.44,240.12,105.43,110.9,51.38,122.26,190.55,160.66,114.64,133.47,99.85,131.69,44.53,20.58,154.6,189.38,269.19,32.9,182.66,181.11,194.51,33.75,177.22,170.77,115.05,27.59,25.13,162.22,193.66,176.65,175.82,117.02,28.71,129.01,173.62,179.39,142.42,139.07,272.99,246.54,241.67,234.83,225.72,242.8,252.29,238.04,188.91,184.57,199.35,201.6,220.65,214.07,210.02,218.0,213.37,197.85,212.56,210.4,192.5,187.31,191.49,190.87,219.07,206.22,212.77,198.0,227.93,215.04,216.87,147.37,284.37,261.73,328.52,329.73,320.04,312.23,307.31,295.54,295.79,290.32,129.56,120.0,122.7,123.36,180.5,157.57,160.39,145.49,117.46,119.03,146.95,128.16,164.87,153.82,144.64,199.92,205.16,202.7,208.66,218.06,234.36,213.48,188.82,193.9,179.56,107.84,89.57,110.92,108.92,89.88,92.55,95.04,84.7,101.47,97.14,124.96,118.98,125.84,126.37,177.33,68.0,72.47,66.22,66.81,121.44,96.98,93.46,119.67,122.94,149.78,143.01,148.36,136.48,145.25,110.89,54.91,17.59,151.9,156.83,142.84,147.94,179.12,183.83,167.98,170.65,159.96,151.19,145.89,134.56,61.01,55.05,58.76,55.7,51.73,51.15,27.6,34.24,40.39,23.49,30.23,163.09,157.09,157.76,195.49,191.77,196.1,168.33,175.26,168.02,42.63,27.53,32.96,52.85,37.33,47.34,39.0,61.39,78.01,95.97,117.23,83.57,78.65,83.47,83.99,65.9,80.05,74.72,75.92,79.08,82.11,79.72,63.12,54.59,54.08,81.22,56.98,59.62,62.04,66.96,77.04,76.18,59.59,57.77,151.92,145.87,146.45,134.66,159.46,154.54,90.82
118.78,96.95,146.51,88.59,125.72,133.73,119.06,143.46,89.59,38.34,83.58,68.62,103.56,119.67,141.03,75.97,95.41,154.59,39.82,92.6,70.69,38.36,82.97,115.22,131.56,37.25,106.32,50.47,83.55,58.02,17.73,127.99,23.75,87.01,181.79,134.52,61.26,150.52,137.28,132.17,115.11,80.31,130.56,117.62,21.74,63.99,91.61,137.84,26.58,94.3,96.14,110.4,85.52,106.35,66.93,54.72,101.53,76.37,117.62,160.58,92.34,30.54,65.59,125.91,0.0,84.88,55.19,198.09,33.51,157.12,62.05,137.41,41.89,34.61,85.59,101.08,184.85,55.4,83.27,126.33,191.41,47.4,106.76,147.87,109.13,88.79,140.0,72.3,138.92,11.65,19.98,71.96,169.49,69.7,13.86,71.94,38.73,155.91,154.43,69.68,14.89,110.72,123.85,107.67,86.94,60.08,123.79,139.08,132.6,137.25,99.27,29.41,88.11,65.41,96.64,78.02,93.61,54.47,85.79,86.36,102.51,109.39,88.68,157.71,44.48,83.53,176.88,128.36,178.24,49.88,74.29,117.09,171.27,70.2,134.59,20.97,165.21,115.82,135.01,16.31,107.14,121.61,115.25,26.06,129.16,111.75,121.68,134.42,102.82,145.9,114.72,151.62,79.39,103.9,77.33,90.88,140.37,98.51,99.6,165.31,35.54,10.0,48.73,54.63,130.37,67.59,81.13,82.15,107.05,110.06,120.87,151.16,99.62,106.5,159.6,41.01,32.6,100.59,72.4,125.06,95.96,29.13,83.6,51.87,20.61,94.16,107.73,97.56,123.89,180.59,103.58,117.17,115.62,129.02,93.58,111.73,105.28,36.16,102.76,106.27,96.73,128.17,111.16,110.33,8.91,101.47,79.14,108.13,113.9,92.56,89.2,192.59,166.14,168.22,144.68,118.12,137.62,171.76,157.52,100.98,121.5,133.86,136.11,155.16,148.58,144.53,152.51,147.88,132.36,147.07,144.91,127.01,121.82,126.0,125.38,153.58,140.74,144.06,132.51,162.44,149.55,134.24,97.5,195.78,172.15,239.92,241.14,231.44,223.63,218.71,206.94,207.19,201.72,79.7,70.13,72.83,73.49,95.15,77.74,74.07,91.21,60.05,46.15,77.3,78.29,58.16,67.5,76.79,117.29,110.7,95.1,85.32,110.46,126.76,105.88,77.75,82.82,68.48,60.76,53.78,78.19,66.05,61.46,69.92,77.89,74.98,84.33,82.46,34.28,28.06,19.38,35.69,66.25,82.11,86.58,81.5,85.03,23.57,44.27,52.74,21.89,14.02,38.71,31.93,37.28,25.41,34.42,36.69,104.12,124.26,40.82,45.76,31.77,36.87,68.05,72.75,56.91,59.58,48.89,42.28,36.98,25.65,91.1,83.25,70.48,75.83,115.21,114.32,114.75,118.08,124.22,139.51,146.26,63.67,65.46,64.09,102.82,99.1,94.78,97.12,75.84,68.6,144.25,129.15,134.58,154.47,138.95,148.96,155.03,156.54,170.81,80.24,120.72,100.25,67.51,72.34,92.9,96.0,79.21,80.38,110.32,119.99,130.26,136.2,122.32,128.5,140.44,164.23,125.94,136.98,145.05,153.35,160.05,170.88,161.21,159.39,70.34,76.75,85.95,87.59,99.62,92.82,188.04
189.75,161.19,217.48,33.18,194.16,80.05,65.38,79.64,4.67,51.77,56.6,107.11,159.28,65.99,211.99,104.59,60.22,225.56,81.7,171.23,86.35,72.06,27.56,61.54,77.88,101.48,170.56,107.29,161.24,104.27,90.29,74.31,82.26,165.64,262.85,205.49,85.27,66.17,208.25,78.49,37.93,146.37,201.53,188.59,85.71,98.37,47.59,60.53,87.26,150.03,151.86,17.05,32.23,177.32,90.27,93.5,12.26,37.5,63.94,76.23,169.81,60.93,122.05,72.23,84.88,0.0,76.64,292.65,97.73,236.53,163.47,208.86,117.86,72.29,104.0,56.28,279.4,110.25,47.79,197.77,285.97,113.8,23.84,63.55,55.55,144.61,211.45,154.88,210.36,77.97,71.74,127.78,255.96,79.64,77.11,12.94,57.11,242.27,225.87,92.78,93.31,57.13,70.27,187.32,145.37,115.9,70.2,210.53,79.02,208.69,157.26,79.09,42.5,104.1,57.87,133.84,157.82,105.87,38.28,142.18,10.41,165.21,167.28,229.16,104.69,139.35,263.36,199.8,270.51,106.7,94.93,188.53,257.75,126.02,206.03,72.44,251.68,62.23,50.69,74.38,29.85,193.05,185.16,90.28,200.6,27.13,183.4,205.86,49.23,217.34,61.13,235.22,67.12,175.34,29.72,39.01,211.81,53.71,178.21,251.79,73.24,82.84,70.17,117.99,76.79,82.52,108.59,76.35,17.87,181.5,192.31,222.6,9.42,52.91,246.08,111.39,76.94,57.33,128.22,196.5,166.61,80.67,139.43,105.8,82.18,50.48,54.14,160.55,195.33,275.15,50.0,188.62,187.06,200.46,39.99,183.17,176.73,87.7,49.18,52.69,168.17,199.61,182.61,181.77,81.23,47.89,134.96,179.57,185.35,148.38,145.02,278.95,252.5,247.63,240.78,182.34,248.76,258.24,243.99,194.87,190.52,205.31,207.55,226.6,220.02,215.97,223.95,219.32,203.8,218.51,216.36,198.46,193.27,197.45,196.82,225.03,212.18,218.72,203.95,233.88,220.99,222.82,153.32,290.33,267.69,334.47,335.69,326.0,318.18,313.26,301.5,301.74,296.27,135.52,125.95,128.65,129.31,186.45,163.52,166.35,151.45,123.41,124.99,152.9,134.11,170.83,159.77,150.59,205.88,211.11,159.32,149.54,174.68,190.98,170.1,141.97,147.04,132.7,113.79,95.53,116.88,114.87,95.83,98.5,100.99,90.65,107.43,103.1,99.28,93.05,91.87,100.69,130.47,73.95,78.43,72.18,72.77,87.47,69.07,99.41,85.71,71.97,102.93,96.15,101.5,89.63,108.88,75.09,60.86,70.68,117.11,113.27,95.99,101.08,96.65,101.35,105.34,98.15,110.29,75.75,71.58,60.25,29.47,44.48,39.57,36.5,29.14,37.03,61.17,64.49,68.02,85.93,92.67,90.87,84.86,85.54,123.27,119.55,123.88,96.1,103.03,95.79,62.0,75.56,66.66,75.72,85.36,84.14,101.44,91.72,93.98,23.75,58.36,24.7,20.86,25.68,11.77,23.74,9.82,4.5,17.06,26.73,36.99,42.94,36.25,49.34,56.11,79.91,39.87,47.48,60.73,69.03,75.73,86.56,84.25,89.07,79.69,73.64,74.22,62.44,87.89,82.31,103.72
166.32,130.24,194.05,104.24,159.01,156.68,142.02,156.28,71.97,76.53,121.78,118.59,153.42,142.63,188.56,27.95,142.67,202.13,18.86,140.14,120.65,88.32,98.61,138.18,154.52,70.53,139.61,104.24,131.09,115.75,68.63,150.95,74.65,134.55,215.08,182.06,111.22,142.81,184.82,155.13,114.57,127.85,178.1,162.7,76.93,113.95,129.8,137.17,58.09,149.82,150.81,85.52,92.55,157.6,13.63,104.68,88.9,114.57,140.58,152.87,139.88,68.73,119.36,148.87,55.19,76.64,0.0,231.36,47.97,190.39,109.59,184.95,95.75,25.54,135.59,139.41,218.11,109.27,121.6,173.86,224.68,101.27,100.48,140.19,132.19,144.43,187.54,119.84,186.46,48.29,58.31,125.82,202.75,119.69,52.18,76.85,77.06,189.17,190.4,119.67,65.82,133.77,146.91,140.93,134.47,113.94,146.84,186.62,155.66,184.79,146.81,80.34,126.44,115.41,139.89,131.88,126.87,104.47,124.12,140.22,87.05,155.09,136.21,191.83,94.48,135.68,210.15,175.9,211.5,99.87,124.29,167.47,204.54,124.06,182.13,35.69,198.47,138.87,127.33,44.69,106.49,169.14,148.52,55.6,176.69,103.77,154.95,181.95,125.87,193.44,137.77,184.89,129.38,151.43,115.66,115.65,187.91,136.84,147.14,198.58,86.48,53.16,7.33,108.49,153.43,117.59,23.94,40.76,94.51,160.53,168.41,187.14,86.06,129.55,192.87,94.88,83.54,138.92,126.26,172.6,143.49,80.07,137.47,101.87,52.49,132.49,130.78,145.1,171.43,213.86,126.64,164.71,163.16,176.56,116.63,159.27,152.82,87.1,125.81,129.33,144.27,175.7,158.7,157.87,47.23,124.53,133.0,155.66,161.44,150.13,146.77,225.86,199.4,201.49,177.95,151.39,170.89,205.03,190.78,134.24,154.77,181.4,183.64,202.7,196.11,192.07,200.05,195.42,179.9,194.61,192.45,174.55,169.36,171.61,166.32,201.12,188.27,177.32,180.05,197.38,197.09,167.51,155.07,229.04,205.42,273.18,274.4,264.71,256.9,251.97,240.21,240.46,234.99,133.56,123.99,126.69,127.35,145.38,125.28,121.61,138.75,113.91,100.01,124.84,132.16,105.7,115.03,124.33,150.56,143.96,128.37,118.59,143.73,160.03,139.14,111.01,116.09,101.75,114.63,103.78,128.19,119.91,111.46,119.92,127.89,124.98,134.33,132.46,89.51,83.29,74.61,90.92,99.52,132.1,136.58,131.5,135.03,74.5,85.37,102.74,72.83,42.28,71.97,65.2,70.55,58.68,77.93,75.02,142.45,147.32,40.47,36.63,57.64,45.03,20.01,24.71,28.7,21.51,33.65,12.91,24.94,29.54,89.8,121.58,108.81,114.16,105.78,113.67,137.81,141.13,144.66,162.57,169.31,22.28,24.07,8.9,47.6,43.88,41.0,29.04,20.68,17.27,138.64,152.2,143.29,152.36,162.0,160.78,178.08,168.36,213.5,53.02,106.96,73.03,72.43,77.25,65.68,84.06,86.46,81.14,93.7,95.19,105.46,111.41,112.89,125.98,132.75,156.55,116.51,124.12,137.37,145.67,152.37,163.2,160.89,165.71,28.95,35.36,44.56,46.2,58.22,51.42,199.24
123.69,118.06,78.86,265.43,118.38,294.51,279.85,304.24,297.32,221.6,246.3,201.45,145.9,280.45,106.61,226.77,242.35,96.8,217.21,150.15,217.63,218.53,265.06,276.01,292.35,167.6,108.42,195.28,137.65,195.74,211.53,288.78,216.22,142.82,34.62,117.37,208.2,311.31,135.28,292.95,275.89,159.57,94.88,109.16,205.64,199.74,250.12,298.62,183.65,159.57,143.29,296.34,267.62,131.2,217.73,206.05,280.38,257.56,278.4,321.37,137.53,213.8,174.61,286.69,198.09,292.65,231.36,0.0,184.29,65.37,160.44,134.96,197.96,204.87,227.6,251.94,14.74,185.94,260.14,123.88,6.68,191.27,269.15,309.06,270.33,154.49,122.96,161.55,136.47,191.21,203.4,171.15,42.5,216.97,197.27,249.37,229.18,55.02,78.15,211.69,208.67,271.91,285.05,136.85,155.73,180.97,284.98,110.53,293.8,134.8,139.39,227.08,255.98,198.44,243.92,163.57,118.35,197.85,252.92,164.14,288.89,147.89,147.06,66.82,212.78,159.63,31.21,125.91,24.55,209.28,216.3,105.33,37.62,171.45,86.69,195.34,49.82,277.01,296.21,190.67,269.53,102.27,129.26,176.84,126.71,274.14,124.47,105.68,264.01,75.47,275.91,59.87,226.66,120.55,260.44,263.14,108.83,249.37,157.98,45.09,221.24,194.8,226.16,186.4,291.57,214.87,231.91,259.59,280.45,120.81,111.26,70.96,286.0,267.69,50.63,196.32,218.51,251.79,166.82,97.27,134.1,212.35,167.49,208.38,181.4,242.72,268.92,137.9,124.97,18.76,258.39,117.16,131.73,102.01,254.77,127.84,119.98,205.93,263.96,267.47,126.98,125.72,112.31,126.44,192.32,262.67,161.91,117.19,116.14,149.94,152.14,35.82,57.75,76.47,62.57,89.77,70.55,44.75,53.37,125.72,134.62,124.42,133.66,92.04,99.79,102.29,120.97,116.33,105.34,115.53,113.37,94.92,100.11,91.54,100.01,90.46,83.19,84.29,92.93,72.36,86.43,94.63,151.87,13.51,29.6,42.05,43.27,33.58,25.77,20.84,15.79,9.33,6.55,174.12,191.88,179.42,180.09,139.9,144.29,150.39,149.65,191.82,193.4,166.55,166.83,167.8,154.85,166.04,106.62,112.79,111.08,125.81,95.72,84.34,100.72,129.2,135.01,137.69,191.96,208.45,211.22,197.25,203.47,211.93,219.9,222.26,226.34,224.47,215.85,209.87,198.85,183.26,156.85,229.38,233.86,228.78,232.31,217.35,225.98,212.33,215.67,196.48,163.3,169.66,171.69,174.14,179.08,220.11,255.33,285.46,191.6,196.54,167.92,187.64,218.83,223.53,207.69,210.36,199.67,219.71,214.41,203.08,274.13,251.55,270.11,267.04,277.6,276.71,275.95,279.27,285.42,300.71,307.45,241.1,242.89,239.66,253.59,230.0,208.43,247.89,248.11,244.71,305.44,290.34,295.78,315.67,300.14,310.15,316.22,317.74,332.0,257.67,338.0,304.34,244.95,249.77,304.77,279.02,300.82,295.5,296.7,306.37,303.7,309.65,284.71,289.7,301.63,325.43,288.33,298.17,306.25,314.55,321.25,332.08,322.41,320.59,247.77,254.18,263.38,265.02,277.05,270.25,349.24
119.25,83.17,146.97,107.27,111.94,152.4,137.74,162.13,102.4,57.01,102.26,97.84,106.34,138.35,141.49,43.38,123.15,155.06,52.63,93.07,99.9,67.57,101.64,133.9,150.24,23.46,92.53,82.56,84.01,90.11,46.95,146.67,52.96,87.47,168.0,134.98,90.48,169.2,137.75,150.84,133.78,80.78,131.03,115.63,55.25,93.21,110.28,156.51,11.68,102.75,103.74,129.08,104.2,110.52,34.34,83.93,120.21,95.05,136.3,179.26,92.81,49.21,97.67,144.58,33.51,97.73,47.97,184.29,0.0,143.17,62.37,137.73,73.86,40.14,114.64,119.77,170.89,87.38,101.96,126.65,177.46,79.38,125.45,166.56,127.82,97.21,140.32,72.62,139.24,26.48,38.67,103.94,155.53,98.75,32.54,84.64,57.42,141.96,143.18,98.73,43.94,129.41,142.54,93.71,87.26,92.05,142.48,139.4,151.29,137.57,99.59,58.46,106.8,94.46,120.25,95.97,79.65,83.52,104.48,103.06,121.2,107.88,89.0,144.61,73.53,88.46,162.93,128.68,164.29,78.93,103.34,120.25,157.32,102.17,134.91,30.61,151.25,134.5,153.7,25.95,125.83,121.93,101.3,8.38,129.48,130.44,107.73,134.74,121.51,146.22,133.41,137.67,108.44,104.22,96.02,109.57,140.69,117.2,99.92,151.36,64.59,30.07,55.3,86.61,149.06,96.64,48.52,88.73,125.73,113.32,121.19,139.92,118.31,125.19,145.65,72.99,61.65,119.28,99.22,125.38,96.28,58.18,104.3,80.92,16.67,112.85,126.42,97.88,124.21,166.64,122.27,117.49,115.94,129.34,112.27,112.05,105.6,65.21,121.45,124.96,97.05,128.49,111.48,110.65,27.59,120.16,99.84,108.45,114.22,102.91,99.55,178.64,152.19,154.27,130.73,104.17,123.67,157.81,143.56,87.03,107.55,134.18,136.43,155.48,148.9,144.85,152.83,148.2,132.68,147.39,145.23,127.33,122.14,124.39,119.1,153.9,141.06,130.1,132.83,150.16,149.87,120.29,107.85,181.82,158.2,225.96,227.18,217.49,209.68,204.75,192.99,193.24,187.77,106.52,93.35,104.8,105.47,98.16,78.06,74.39,91.53,92.02,78.13,77.62,90.79,58.48,67.82,77.11,103.34,96.75,81.15,71.37,96.51,112.81,91.93,63.8,68.87,54.53,92.74,82.83,107.24,98.02,90.51,98.98,106.94,104.03,113.38,111.51,67.62,61.4,50.48,69.03,52.3,111.16,115.64,110.55,114.08,52.62,65.73,81.79,50.94,31.75,12.15,17.98,23.33,11.46,30.71,55.38,122.81,142.95,7.9,19.26,7.53,15.67,35.44,40.14,22.89,26.97,14.87,54.98,49.68,38.35,109.79,101.94,89.17,94.52,133.9,133.01,133.44,136.77,142.91,158.2,164.94,67.39,72.04,56.27,70.2,66.49,62.17,64.51,64.72,61.32,162.94,147.84,153.27,173.16,157.64,167.65,173.72,175.23,189.5,92.94,154.93,112.96,80.22,85.04,105.61,91.85,91.91,93.08,129.01,138.68,148.94,154.89,141.01,147.19,159.12,182.92,144.63,155.66,163.74,172.04,178.74,189.57,179.9,178.08,76.92,83.33,92.53,94.17,106.19,89.06,206.73
67.57,69.01,22.75,209.31,62.27,238.39,223.73,248.12,241.2,180.02,190.19,145.34,89.78,224.34,50.49,185.8,186.23,40.68,176.24,94.04,161.51,162.41,208.95,219.89,236.23,126.63,59.37,139.16,81.54,139.62,168.14,232.66,160.1,86.7,35.23,61.25,152.09,255.19,79.16,236.83,219.77,103.45,38.76,53.04,157.51,143.63,194.0,242.5,142.68,103.45,87.17,240.22,211.5,75.08,176.76,149.94,224.26,201.44,222.29,265.25,81.41,180.67,118.49,230.57,157.12,236.53,190.39,65.37,143.17,0.0,104.32,78.85,141.84,163.9,171.48,195.82,52.13,129.83,204.02,67.76,58.7,135.15,213.04,252.94,214.21,98.37,66.84,105.43,80.35,150.24,162.43,115.03,28.7,160.85,156.3,231.31,173.06,11.41,19.66,155.57,167.7,215.8,228.93,80.73,99.62,124.85,228.87,54.41,237.68,78.68,83.27,170.96,199.86,142.32,187.8,107.45,69.3,141.73,196.8,108.02,232.77,91.77,90.94,7.92,156.66,103.51,36.09,69.79,43.24,153.16,160.18,49.21,30.48,115.33,30.57,154.37,17.26,220.89,240.09,149.7,213.41,46.15,73.14,135.87,70.59,218.03,68.36,49.56,207.89,19.35,219.79,8.25,170.54,64.44,204.32,207.02,52.71,193.25,101.86,20.65,165.12,153.83,185.19,130.28,235.45,158.75,190.94,218.62,224.33,64.7,55.14,14.85,229.88,211.57,18.81,140.2,162.39,195.68,110.7,41.15,77.99,156.23,111.37,152.26,140.43,186.6,212.8,81.78,68.85,47.88,202.27,61.04,75.61,45.89,198.66,71.73,63.86,149.81,207.84,211.35,70.86,69.6,56.19,70.32,151.35,206.55,105.79,61.07,60.02,93.82,96.02,37.84,9.98,11.99,13.52,40.72,21.49,30.98,16.73,76.67,78.5,68.3,77.54,35.92,43.67,46.17,64.85,60.22,49.23,59.41,57.25,38.8,43.99,35.42,43.89,34.35,27.07,28.17,36.81,16.24,30.31,38.51,95.75,63.06,40.42,107.2,108.42,98.73,90.92,85.99,74.23,74.48,69.01,118.0,135.76,123.3,123.97,91.78,88.17,94.27,93.53,135.7,137.28,110.43,110.71,111.68,98.73,109.92,50.5,59.06,62.02,76.76,46.66,35.28,51.66,80.15,85.96,88.64,135.84,152.33,155.1,141.13,147.35,155.81,163.78,166.14,170.22,168.35,159.73,153.75,151.55,127.14,107.52,173.26,177.74,172.66,176.19,165.72,169.86,156.21,177.59,155.51,122.33,128.69,130.72,133.17,135.8,179.14,199.21,229.34,150.63,155.57,126.95,146.67,177.86,182.56,166.72,169.39,158.7,178.74,173.44,162.11,218.01,195.43,213.99,210.92,221.48,220.6,219.83,223.15,229.3,244.59,251.33,200.13,201.92,198.69,212.62,208.9,204.59,206.92,207.14,203.74,249.32,234.22,239.66,259.55,244.03,254.03,260.1,261.62,275.89,260.63,281.88,248.22,235.65,240.47,248.65,222.9,244.7,239.38,240.58,250.25,247.59,253.53,228.59,233.58,245.51,269.31,232.21,242.05,250.13,258.43,265.13,275.96,266.29,264.47,206.8,213.21,222.41,224.05,236.08,229.28,293.12
57.19,56.64,84.92,136.25,61.6,165.33,150.67,175.06,168.14,87.15,117.12,72.27,44.29,151.27,79.43,105.0,113.17,93.0,95.44,31.01,88.45,71.49,135.89,146.83,163.17,49.48,66.01,66.1,21.96,66.56,71.89,159.6,63.85,25.42,130.29,72.92,79.02,182.13,75.69,163.77,146.71,18.72,68.97,56.03,54.48,70.56,120.94,169.44,61.88,40.69,41.68,167.16,138.44,44.76,95.96,76.87,151.2,128.38,149.22,192.19,30.75,92.03,45.43,157.51,62.05,163.47,109.59,160.44,62.37,104.32,0.0,75.82,38.22,83.07,98.09,122.43,146.36,56.43,130.63,64.73,152.93,48.04,139.64,179.55,140.82,35.29,78.41,10.71,77.32,69.41,81.6,41.64,122.93,87.46,75.48,127.57,80.59,109.23,92.83,82.17,76.91,142.4,155.54,51.68,25.34,51.46,155.47,77.49,164.29,75.66,37.68,74.49,126.47,68.93,114.41,34.06,52.52,51.56,123.4,41.14,159.38,45.96,27.08,96.12,62.52,26.55,130.32,66.76,137.47,59.02,86.79,55.49,124.71,41.93,73.0,73.55,118.65,147.5,166.7,68.88,140.02,60.01,48.5,55.04,67.56,144.63,50.37,72.82,134.5,84.31,146.4,102.18,97.15,42.3,130.93,133.63,78.78,119.86,38.01,118.75,68.65,73.0,104.36,39.85,162.06,85.36,110.11,137.79,150.94,48.46,59.28,89.57,156.49,138.18,113.04,43.64,65.71,122.28,37.3,63.46,34.36,60.7,42.39,58.12,59.6,113.21,139.41,35.97,62.3,142.11,128.88,55.58,54.02,67.43,125.26,50.14,43.69,47.66,134.44,137.96,35.14,66.57,49.57,48.74,70.53,133.16,37.92,46.53,52.31,40.99,37.64,145.91,119.46,114.59,107.75,77.79,115.72,125.2,110.96,59.23,54.75,72.27,74.51,93.56,86.98,82.94,90.91,86.28,70.77,85.48,83.32,65.42,60.23,64.41,63.79,91.99,79.14,85.68,70.92,100.84,87.96,89.79,45.94,157.29,134.65,201.43,202.65,192.96,185.15,180.22,168.46,168.71,163.24,44.61,31.43,49.91,50.57,34.52,16.14,12.48,29.61,39.6,39.33,15.71,28.88,7.79,5.9,15.2,72.84,78.08,54.77,57.7,70.13,86.44,65.55,61.09,66.9,69.58,62.45,78.94,81.71,67.73,73.96,82.42,90.39,92.74,96.83,94.96,33.48,31.53,47.66,23.25,78.87,99.87,104.35,99.27,102.8,69.04,77.38,82.82,81.12,74.68,51.32,47.86,39.01,52.35,31.92,98.31,125.81,155.95,69.8,74.74,55.94,65.85,97.03,101.73,85.89,88.56,77.87,97.91,92.62,81.29,144.62,122.04,119.36,137.53,148.09,147.2,146.44,149.76,155.91,171.2,177.94,119.31,121.1,117.87,131.8,128.08,123.76,126.1,126.32,122.91,175.93,160.83,166.27,186.16,170.63,180.64,186.71,188.23,202.49,135.87,208.49,174.83,123.15,127.97,175.26,149.51,134.84,165.98,167.18,176.86,174.19,180.14,155.2,160.19,172.12,195.91,158.82,168.66,176.74,185.03,191.74,202.56,192.9,191.08,125.97,132.38,141.59,143.23,155.25,148.45,219.72
24.92,86.11,59.44,181.64,64.26,210.72,196.06,220.45,213.53,152.35,162.51,117.66,62.11,196.66,42.75,180.36,158.56,56.32,170.8,66.36,133.84,134.74,181.28,192.22,208.56,124.85,83.66,111.49,53.86,111.95,140.47,204.99,132.43,59.03,104.82,23.02,124.41,227.52,18.96,209.16,192.1,75.78,43.5,58.69,129.84,115.95,166.33,214.83,137.24,75.78,59.5,212.55,183.83,47.41,171.32,122.26,196.59,173.77,194.62,237.58,53.74,153.0,90.82,202.9,137.41,208.86,184.95,134.96,137.73,78.85,75.82,0.0,113.8,158.93,143.44,167.79,122.62,101.79,175.99,16.16,129.19,107.11,185.0,224.91,186.17,70.34,22.18,77.4,6.55,145.26,157.45,86.99,99.19,132.82,151.33,203.27,145.03,85.49,69.09,127.53,157.15,187.76,200.89,62.39,71.58,96.82,200.83,28.92,209.65,5.3,55.24,142.93,171.82,114.29,159.77,79.42,76.71,113.7,168.76,79.98,204.74,63.74,62.9,72.38,128.62,75.48,106.58,14.24,113.73,125.12,132.15,44.91,100.97,87.29,49.26,149.4,94.91,192.86,212.06,144.73,185.38,43.19,54.8,130.9,8.53,189.99,53.04,30.71,179.86,60.57,191.76,78.44,142.51,44.98,176.29,178.99,36.66,165.22,73.83,95.01,137.08,148.86,180.22,102.25,207.41,130.72,185.96,213.64,196.3,47.49,26.17,65.83,201.84,183.54,89.3,112.17,134.35,167.64,82.66,39.31,49.95,128.19,83.33,124.22,135.45,158.56,184.77,53.75,17.74,118.37,174.24,32.8,44.65,40.44,170.62,40.76,37.09,121.78,179.8,183.31,42.83,12.03,38.98,39.36,146.38,178.51,77.76,32.65,32.22,65.79,67.98,122.17,95.72,90.85,84.01,103.53,91.98,101.47,87.22,69.94,60.16,22.45,18.28,57.54,51.42,47.38,48.8,44.17,43.65,43.36,31.88,54.83,49.64,67.09,66.46,63.35,55.4,61.95,55.95,77.1,64.22,83.96,67.71,133.55,110.91,177.69,178.91,169.22,161.41,156.48,144.72,144.97,139.5,89.96,107.72,95.27,95.93,73.44,60.14,66.24,65.49,107.66,109.24,82.4,82.67,83.65,70.7,81.88,75.52,80.75,83.73,89.69,95.86,105.77,91.28,93.08,98.89,101.57,107.81,124.29,127.07,113.09,119.32,127.78,135.74,138.1,142.18,140.31,131.69,125.71,123.51,99.1,120.46,145.23,149.71,144.62,148.16,137.69,141.82,128.18,149.56,150.53,127.18,123.71,114.87,128.2,107.77,166.38,171.17,201.31,145.65,150.59,131.8,141.7,172.88,177.58,161.74,164.41,153.72,173.77,168.47,157.14,189.97,167.4,185.95,182.89,193.45,192.56,191.79,195.12,201.27,216.56,223.3,195.16,196.95,193.72,207.65,203.93,199.62,201.95,202.17,198.76,221.29,206.19,211.62,231.52,215.99,226.0,232.07,233.58,247.85,232.59,253.85,220.19,207.61,212.44,220.61,194.86,216.67,211.34,212.54,222.21,219.55,225.5,200.56,205.54,217.48,241.27,204.18,214.02,222.09,230.39,237.09,247.92,238.25,236.43,201.83,208.24,217.44,219.08,231.1,224.3,265.08
94.71,90.95,122.44,90.64,99.12,119.72,105.06,129.45,122.53,44.58,71.51,28.57,64.24,105.66,116.95,116.49,67.56,130.52,80.34,59.64,42.84,30.78,90.28,101.22,117.56,64.54,118.52,15.98,50.59,23.53,29.32,113.99,21.28,54.05,167.81,110.44,33.41,136.52,113.21,118.16,101.1,35.69,106.49,93.55,21.79,26.86,75.33,123.83,67.1,54.98,56.82,121.55,92.83,82.28,107.45,31.26,105.59,82.77,103.62,146.58,59.38,45.23,26.26,111.9,41.89,117.86,95.75,197.96,73.86,141.84,38.22,113.8,0.0,75.13,55.51,76.87,184.31,22.71,85.07,102.68,190.87,12.96,94.09,134.0,95.26,49.52,116.35,28.65,115.27,52.17,56.04,32.69,160.87,41.91,54.37,83.41,38.04,147.17,130.77,39.59,46.17,96.85,109.98,92.22,50.27,20.8,109.92,115.43,118.73,113.6,62.17,31.95,80.91,25.35,68.85,38.74,106.54,14.49,77.85,47.09,113.83,70.12,55.71,134.06,25.45,44.25,168.26,104.71,175.41,21.95,44.21,93.44,162.66,30.92,110.94,61.49,156.59,101.94,121.14,56.82,94.47,97.96,90.07,66.58,105.51,99.08,88.31,110.76,88.95,122.25,100.84,140.12,51.6,80.25,85.37,88.08,116.72,74.31,66.64,156.69,26.1,50.52,89.24,15.36,116.5,39.8,121.64,122.67,105.38,86.41,97.22,127.51,110.93,92.63,150.98,6.57,23.16,76.73,33.12,101.41,71.52,17.01,44.33,21.05,61.13,67.65,93.86,65.46,100.24,180.05,83.32,93.52,91.97,105.37,79.71,88.08,81.63,10.59,88.89,92.4,73.08,104.52,87.51,86.68,49.42,87.6,39.87,84.48,90.25,53.28,49.93,183.86,157.4,152.53,145.69,112.1,153.67,163.15,148.9,99.77,95.43,110.21,112.46,131.51,124.93,120.88,128.86,124.23,108.71,123.42,121.26,103.36,98.17,102.35,101.73,129.93,117.09,123.63,108.86,138.79,125.9,127.73,58.23,195.24,172.59,239.38,240.6,230.9,223.09,218.17,206.4,206.65,201.18,40.43,24.36,33.56,34.22,68.83,44.77,41.11,56.35,20.78,5.42,28.28,39.02,45.59,34.53,32.17,110.78,116.02,89.08,92.0,104.44,120.74,99.86,105.49,110.57,96.23,28.72,33.38,38.13,34.01,31.38,39.84,47.81,47.19,54.25,52.38,20.5,14.53,27.42,21.92,94.0,54.32,58.79,53.71,57.24,26.5,34.84,30.61,38.58,54.54,66.45,62.99,54.14,65.92,47.05,59.39,80.26,110.39,81.34,86.27,72.28,77.38,108.56,113.27,97.42,100.09,89.4,82.79,77.49,66.17,99.06,76.49,76.82,82.17,102.54,101.65,100.88,104.2,110.35,125.64,132.38,104.19,105.98,104.6,143.33,139.61,135.3,137.63,116.35,109.11,130.38,115.28,120.71,140.6,125.08,135.09,141.15,142.67,156.94,141.68,162.94,129.27,84.19,89.01,129.7,103.95,90.68,120.43,121.63,131.3,128.64,134.59,109.65,114.63,126.56,150.36,113.27,123.1,131.18,139.48,146.18,157.01,147.34,145.52,110.85,117.26,126.47,128.1,140.13,133.33,174.17
139.83,103.75,167.56,86.74,132.52,151.34,136.68,161.08,83.71,55.96,101.2,98.01,126.93,137.29,162.08,53.5,122.1,175.64,7.16,113.65,100.07,67.74,81.11,132.84,149.18,44.05,113.12,83.67,104.6,95.17,48.05,145.61,54.07,108.06,188.59,155.57,90.64,136.46,158.33,149.78,132.72,101.36,151.61,136.21,56.35,93.37,109.22,155.45,29.82,127.5,124.32,87.33,75.05,131.11,39.17,84.1,82.55,93.99,135.24,146.52,113.39,48.16,98.78,143.52,34.61,72.29,25.54,204.87,40.14,163.9,83.07,158.93,75.13,0.0,115.01,118.83,191.62,88.69,101.02,147.38,198.19,80.69,94.13,133.83,126.88,122.07,161.05,93.35,159.97,20.53,37.73,105.24,176.26,99.12,31.6,59.35,56.48,162.69,163.91,99.1,45.25,128.47,141.6,114.44,107.99,93.36,141.54,160.13,150.35,158.3,120.32,59.77,105.86,94.83,119.31,111.3,100.38,83.89,103.54,119.65,80.7,128.61,109.73,165.34,73.9,109.19,183.66,149.41,185.02,79.29,103.71,140.98,178.05,103.48,155.64,9.98,171.98,133.57,120.98,16.94,100.14,142.66,122.03,32.84,150.21,97.41,128.46,155.47,120.57,166.95,132.47,158.4,108.8,124.95,95.08,108.63,161.42,116.26,120.65,172.09,65.9,32.58,19.08,87.92,148.12,97.01,51.75,52.51,88.16,134.04,141.92,160.65,79.7,124.25,166.38,74.3,62.96,118.34,105.68,146.11,117.01,59.49,116.89,81.29,24.74,111.91,125.48,118.61,144.94,187.37,121.33,138.22,136.67,150.07,111.33,132.78,126.33,66.52,120.51,124.02,117.78,149.22,132.21,131.38,26.65,119.22,112.42,129.18,134.95,125.84,122.48,199.37,172.92,175.0,151.46,124.9,144.4,178.54,164.29,107.76,128.28,154.91,157.16,176.21,169.63,165.58,173.56,168.93,153.41,168.12,165.96,148.06,142.87,145.12,139.83,174.63,161.79,150.83,153.56,170.89,170.6,141.02,130.78,202.55,178.93,246.69,247.91,238.22,230.41,225.48,213.72,213.97,208.5,112.98,103.41,106.11,106.77,118.89,98.79,95.12,112.26,93.33,79.44,98.35,111.58,79.21,88.55,97.84,124.07,117.48,101.88,92.1,117.24,133.54,112.66,84.53,89.6,75.26,94.05,83.2,107.61,99.33,90.88,99.34,107.31,104.4,113.75,111.88,68.93,62.71,54.04,70.34,73.03,111.53,116.0,110.92,114.45,53.93,64.79,82.16,52.25,21.71,45.49,38.71,44.06,32.19,51.44,54.44,121.87,142.01,47.6,52.54,38.55,43.64,45.55,50.25,54.24,47.05,59.2,12.63,7.95,12.04,72.3,101.0,88.23,93.58,99.43,107.32,132.5,135.83,141.97,157.26,164.01,34.02,35.81,34.44,75.42,71.7,68.82,54.55,46.19,38.95,132.29,146.9,152.33,146.01,156.7,166.71,172.78,174.29,188.56,64.76,118.7,84.78,54.92,59.75,77.42,66.56,66.62,67.79,87.34,97.01,107.28,113.23,106.54,119.63,126.4,150.19,110.15,117.77,131.02,139.31,146.02,156.84,178.96,177.14,40.69,47.1,56.3,57.94,69.97,63.17,210.98
124.35,145.26,152.08,76.78,128.76,105.86,91.2,115.59,108.67,67.52,57.65,33.31,93.88,91.81,146.59,157.27,53.7,160.16,120.17,105.83,17.65,49.91,76.42,87.36,103.7,108.63,148.16,41.89,95.84,35.24,70.1,100.13,62.06,100.24,197.45,140.09,27.87,122.66,142.85,104.3,87.24,80.97,136.13,123.19,65.52,28.04,61.47,109.97,107.87,84.62,86.46,107.69,78.97,111.92,148.23,33.37,91.73,68.91,89.76,132.72,104.41,68.18,56.64,98.04,85.59,104.0,135.59,227.6,114.64,171.48,98.09,143.44,55.51,115.01,0.0,62.94,214.23,45.08,71.14,132.6,220.8,51.6,80.16,120.06,81.33,79.44,146.28,89.71,145.2,92.75,78.79,62.62,190.8,27.97,84.15,98.43,60.79,177.1,160.7,17.16,72.91,82.92,96.05,122.15,80.2,50.73,95.99,145.36,104.8,143.53,92.09,58.69,66.98,35.3,54.92,68.67,136.47,41.52,63.92,77.02,99.89,100.05,102.12,163.99,44.38,74.18,198.19,134.64,205.34,42.35,14.41,123.37,192.58,60.85,140.87,101.11,186.52,88.01,107.21,97.4,80.53,127.88,120.0,107.16,135.43,85.15,118.24,140.69,75.01,152.18,86.91,170.05,37.66,110.17,71.44,74.14,146.65,60.37,113.04,186.62,52.84,91.1,128.88,52.83,102.57,26.05,162.22,162.31,91.45,116.34,127.15,157.44,97.0,78.69,180.91,49.19,56.54,62.8,63.05,131.34,101.45,60.28,74.26,41.45,101.71,53.72,79.93,95.39,130.17,209.98,69.39,123.45,121.9,135.3,65.78,118.01,111.56,58.8,74.96,78.47,103.01,134.44,117.44,116.61,88.27,73.67,69.8,114.41,120.18,83.21,79.85,213.78,187.33,182.46,175.62,166.51,183.59,193.08,178.83,129.7,125.36,140.14,142.38,161.44,154.85,150.81,158.79,154.16,138.64,153.35,151.19,133.29,128.1,132.28,131.66,159.86,147.01,153.56,138.79,168.71,155.83,157.66,88.16,225.16,202.52,269.3,270.52,260.83,253.02,248.09,236.33,236.58,231.11,70.35,60.78,63.48,64.15,121.29,98.36,101.18,86.28,58.25,59.82,87.74,68.95,105.66,94.61,85.43,140.71,145.95,143.49,149.45,158.85,175.15,154.27,152.84,158.65,140.07,48.63,35.21,42.87,40.87,24.64,23.51,21.44,15.35,22.46,20.05,68.72,62.74,71.48,70.13,137.84,40.39,44.86,39.78,43.31,67.08,46.46,39.1,65.31,94.18,110.3,113.03,97.99,106.5,90.89,82.13,66.33,96.46,121.92,126.85,112.86,117.96,149.14,153.85,138.0,140.67,129.98,122.44,117.14,105.81,85.13,62.55,81.11,78.04,88.6,87.72,86.95,90.27,96.42,111.71,118.45,143.83,145.62,144.25,183.91,180.19,175.88,178.21,156.0,148.76,116.44,101.34,106.78,126.67,111.15,121.15,127.22,128.74,143.01,127.75,149.0,115.34,102.77,107.59,115.77,90.02,111.82,106.5,107.7,117.37,114.71,120.65,95.71,100.7,112.63,136.43,99.33,109.17,117.25,125.55,132.25,143.08,133.41,131.59,150.49,156.9,166.11,166.44,179.77,172.97,160.24
148.69,169.61,176.42,29.06,153.1,46.23,31.57,55.96,60.95,62.84,15.13,66.05,118.22,32.17,170.94,162.4,19.16,184.5,124.0,130.17,45.29,68.98,29.82,24.66,44.07,123.68,172.51,66.24,120.18,63.21,89.17,40.5,81.13,124.58,221.8,164.43,44.21,67.43,167.19,44.67,32.01,105.31,160.47,147.53,84.59,57.31,13.75,50.34,113.0,108.97,110.8,59.97,32.37,136.26,153.36,52.44,44.01,22.31,30.12,77.49,128.75,72.0,80.99,38.41,101.08,56.28,139.41,251.94,119.77,195.82,122.43,167.79,76.87,118.83,62.94,0.0,239.51,70.35,23.5,157.88,246.07,73.91,31.38,64.83,26.1,104.72,171.55,114.99,170.47,98.0,82.81,87.89,216.07,39.74,88.17,51.35,68.18,202.38,185.98,52.88,93.33,20.5,36.38,147.43,105.47,76.0,36.32,170.63,45.13,168.8,117.37,79.11,18.2,64.21,15.07,93.95,161.74,65.98,16.84,102.29,51.12,125.32,127.39,189.26,64.8,99.45,223.47,159.91,230.61,66.81,55.04,148.64,217.86,86.12,166.14,105.14,211.79,28.34,51.98,102.65,31.76,153.16,145.27,112.41,160.71,36.37,143.51,165.97,26.24,177.45,27.24,195.33,27.23,135.45,24.37,25.37,171.92,7.99,138.31,211.89,73.26,98.95,132.91,78.1,42.9,42.63,167.48,131.57,42.67,141.61,152.42,182.71,48.22,16.28,206.19,71.5,76.96,14.1,88.32,156.61,126.72,80.7,99.53,65.91,106.96,10.59,20.25,120.66,155.44,235.25,7.12,148.72,147.17,160.57,17.0,143.28,136.83,81.11,18.47,18.51,128.28,159.72,142.72,141.88,92.29,11.26,95.07,139.68,145.46,108.48,105.13,239.06,212.6,207.73,200.89,191.78,208.87,218.35,204.1,154.97,150.63,165.41,167.66,186.71,180.13,176.08,184.06,179.43,163.91,178.62,176.46,158.57,153.37,157.55,156.93,185.13,172.29,178.83,164.06,193.99,181.1,182.93,113.43,250.44,227.79,294.58,295.8,286.1,278.29,273.37,261.6,261.85,256.38,95.63,86.06,88.76,89.42,146.56,123.63,126.46,111.56,83.52,85.1,113.01,94.22,130.94,119.88,110.7,165.98,171.22,168.76,174.72,184.12,200.42,179.54,164.09,169.17,154.83,73.9,55.63,76.98,74.98,55.94,58.61,61.1,50.76,67.54,63.2,91.02,85.04,91.9,92.43,152.6,34.06,38.54,32.29,32.87,87.5,63.04,59.52,85.74,98.21,125.05,118.28,123.63,111.76,111.31,86.16,13.2,36.79,127.17,132.11,118.12,123.21,154.4,159.1,143.25,145.92,135.24,126.46,121.16,109.83,38.05,20.02,34.03,30.97,39.83,38.94,27.28,33.92,40.06,52.04,58.78,147.85,140.08,148.27,178.49,174.77,181.13,151.32,160.02,152.78,56.77,41.67,47.11,67.0,51.48,61.48,67.55,69.07,83.34,78.97,100.23,66.57,55.69,60.51,66.99,42.94,63.04,57.72,58.92,68.59,65.93,71.88,46.94,45.47,57.4,81.19,50.56,53.94,62.02,70.32,77.02,87.85,73.74,71.92,134.91,128.87,129.45,117.66,142.46,137.54,105.0
110.44,104.81,65.62,252.18,105.14,281.26,266.6,291.0,284.07,208.35,233.06,188.21,132.65,267.21,93.36,213.53,229.1,83.56,203.97,136.91,204.39,205.28,251.82,262.76,279.1,154.35,95.17,182.04,124.41,182.5,198.29,275.53,202.97,129.57,21.37,104.12,194.96,298.06,122.03,279.7,262.64,146.33,81.63,95.92,192.4,186.5,236.87,285.37,170.41,146.32,130.04,283.09,254.37,117.96,204.49,192.81,267.14,244.31,265.16,308.12,124.28,200.55,161.36,273.45,184.85,279.4,218.11,14.74,170.89,52.13,146.36,122.62,184.31,191.62,214.23,239.51,0.0,172.7,246.9,110.63,8.06,178.02,255.91,295.82,257.08,141.24,109.71,148.3,123.22,177.96,190.15,157.9,29.26,203.73,184.03,236.12,215.93,41.77,64.91,198.44,195.42,258.67,271.8,123.6,142.49,167.73,271.74,97.28,280.55,121.56,126.14,213.84,242.73,185.2,230.67,150.32,105.11,184.61,239.67,150.89,275.65,134.64,133.81,53.57,199.53,146.38,17.96,112.66,11.3,196.03,203.06,92.08,24.37,158.2,73.45,182.1,36.58,263.76,282.96,177.43,256.29,89.02,116.02,163.59,113.46,260.9,111.23,92.43,250.77,62.23,262.66,46.63,213.42,107.31,247.19,249.9,95.58,236.13,144.74,31.85,207.99,181.55,212.91,173.15,278.32,201.62,218.66,246.34,267.2,107.57,98.01,57.72,272.75,254.45,37.38,183.07,205.26,238.55,153.57,84.02,120.86,199.1,154.24,195.13,168.15,229.47,255.68,124.65,111.72,5.51,245.15,103.92,118.49,88.76,241.53,114.6,106.73,192.69,250.71,254.22,113.74,112.47,99.06,113.2,179.08,249.42,148.66,103.94,102.9,136.69,138.89,50.33,44.5,63.23,49.33,76.53,57.3,31.51,40.13,112.48,121.37,111.17,120.41,78.79,86.54,89.04,107.72,103.09,92.1,102.28,100.12,81.67,86.87,78.29,86.76,77.22,69.95,71.04,79.68,59.11,73.19,81.38,138.62,12.42,16.35,56.56,57.78,48.09,40.28,35.35,23.59,23.84,18.37,160.87,178.63,166.18,166.84,126.65,131.05,137.14,136.4,178.57,180.15,153.31,153.58,154.55,141.6,152.79,93.38,99.54,97.83,112.56,82.47,71.09,87.47,115.96,121.76,124.45,178.72,195.2,197.97,184.0,190.23,198.69,206.65,209.01,213.09,211.22,202.6,196.62,185.6,170.01,143.61,216.14,220.62,215.53,219.06,204.1,212.73,199.09,202.42,183.23,150.06,156.41,158.45,160.9,165.83,206.86,242.08,272.21,178.35,183.29,154.68,174.4,205.58,210.28,194.44,197.11,186.42,206.46,201.16,189.84,260.88,238.31,256.86,253.8,264.36,263.47,262.7,266.03,272.17,287.46,294.2,227.86,229.65,226.42,240.35,216.75,195.18,234.65,234.87,231.46,292.2,277.1,282.53,302.42,286.9,296.91,302.97,304.49,318.76,244.42,324.76,291.09,231.7,236.52,291.52,265.77,287.57,282.25,283.45,293.12,290.46,296.41,271.47,276.45,288.38,312.18,275.09,284.92,293.0,301.3,308.0,318.83,309.16,307.34,234.52,240.93,250.14,251.78,263.8,257.0,335.99
82.7,103.61,110.42,83.03,87.11,112.11,97.45,121.84,114.92,47.67,63.9,19.05,52.22,98.05,104.94,130.01,59.95,118.51,93.85,64.17,35.23,30.06,82.66,93.61,109.95,78.05,106.51,12.88,54.18,13.34,42.84,106.38,34.8,58.58,155.8,98.43,25.8,128.91,101.2,110.55,93.49,39.31,94.48,81.54,35.31,17.34,67.72,116.22,80.61,42.97,44.81,113.94,85.22,70.26,120.97,23.65,97.98,75.16,96.0,138.97,62.76,48.33,14.99,104.29,55.4,110.25,109.27,185.94,87.38,129.83,56.43,101.79,22.71,88.69,45.08,70.35,172.7,0.0,77.49,90.5,178.7,15.59,86.5,126.41,87.67,37.34,104.18,47.61,103.09,65.68,59.14,20.52,148.7,34.32,64.5,104.78,41.14,135.0,118.6,29.03,53.26,89.26,102.39,80.05,38.1,8.63,102.33,103.26,111.15,101.43,49.99,39.04,73.32,15.79,61.27,26.57,94.37,13.78,70.26,34.92,106.24,57.95,60.01,121.89,24.73,32.08,156.09,92.53,163.24,21.24,33.65,81.26,150.48,18.75,98.77,75.0,144.42,94.36,113.56,70.34,86.88,85.78,77.9,80.09,93.33,91.49,76.14,98.59,81.36,110.08,93.26,127.95,44.01,68.07,77.79,80.49,104.55,66.72,70.94,144.52,33.2,64.03,102.76,10.73,108.91,32.22,135.16,136.19,97.8,74.23,85.05,115.34,103.34,85.04,138.81,14.49,36.9,69.14,20.95,89.23,59.35,30.52,32.16,20.34,74.64,60.06,86.27,53.29,88.07,167.88,75.74,81.35,79.8,93.2,72.12,75.91,69.46,24.1,81.3,84.81,60.91,92.34,75.34,74.51,62.94,80.02,27.69,72.3,78.08,41.11,37.75,171.68,145.23,140.36,133.52,124.41,141.49,150.97,136.73,87.6,83.26,98.04,100.28,119.33,112.75,108.71,116.69,112.05,96.54,111.25,109.09,91.19,86.0,90.18,89.56,117.76,104.91,111.46,96.69,126.61,113.73,115.56,46.06,183.06,160.42,227.2,228.42,218.73,210.92,205.99,194.23,194.48,189.01,28.25,18.68,21.38,22.04,79.18,56.26,59.08,44.18,16.14,17.72,45.63,26.85,63.56,52.51,43.33,98.61,103.85,101.39,107.35,116.75,133.05,112.17,110.74,116.55,119.23,7.89,25.8,27.2,13.17,20.82,29.28,37.25,39.6,43.68,41.82,34.02,28.04,40.94,35.43,107.52,46.73,51.21,46.12,49.66,40.01,37.93,29.68,45.67,68.06,79.97,76.51,67.66,79.44,60.56,62.49,72.67,102.81,94.85,99.79,85.8,90.9,122.08,126.78,110.94,113.61,102.92,96.31,91.01,79.68,91.47,68.9,87.45,84.39,94.95,94.06,93.3,96.62,102.77,118.06,124.8,117.7,119.49,118.12,156.85,153.13,148.81,151.15,129.87,122.63,122.79,107.69,113.12,133.02,117.49,127.5,133.57,135.08,149.35,134.09,155.35,121.69,109.11,113.94,122.11,96.36,118.17,112.84,114.04,123.71,121.05,127.0,102.06,107.04,118.98,142.77,105.68,115.52,123.59,131.89,138.6,149.42,139.75,137.93,124.37,130.78,139.98,141.62,153.65,146.85,166.58
156.89,165.57,184.62,8.89,161.31,50.82,36.15,60.55,52.47,45.03,17.13,74.25,126.42,36.76,179.14,144.59,27.37,192.71,106.19,138.37,53.5,65.32,10.24,32.31,48.66,105.86,180.71,74.44,128.38,71.41,83.55,45.09,75.51,132.78,230.0,172.63,52.41,67.62,175.4,49.26,32.2,113.51,168.68,155.73,78.97,65.51,9.4,54.93,95.19,117.17,119.0,51.48,12.79,144.46,135.55,60.64,35.53,14.15,34.71,77.68,136.95,54.19,89.19,43.0,83.27,47.79,121.6,260.14,101.96,204.02,130.63,175.99,85.07,101.02,71.14,23.5,246.9,77.49,0.0,164.44,252.63,80.47,23.95,65.06,26.32,111.28,178.11,121.55,177.03,80.19,65.0,94.45,222.63,46.3,70.36,31.77,50.36,208.94,192.54,59.44,86.56,27.91,41.04,153.99,112.03,82.57,40.98,177.19,49.79,175.36,123.93,72.34,5.29,70.77,24.54,100.51,168.3,72.54,13.67,108.85,29.88,131.88,133.95,195.82,71.36,106.01,230.03,166.47,237.18,73.37,61.6,155.2,224.42,92.69,172.7,87.32,218.35,33.0,52.2,84.84,24.33,159.72,151.83,94.6,167.27,28.94,150.07,172.53,20.01,184.01,31.9,201.89,33.79,142.01,6.55,10.97,178.48,21.5,144.87,218.46,66.5,81.13,115.1,84.66,47.56,49.19,149.66,110.33,35.24,148.17,158.98,189.27,26.98,23.69,212.75,78.06,70.2,23.57,94.89,163.17,133.28,73.93,106.09,72.47,89.15,17.15,24.92,127.22,162.0,241.81,20.77,155.28,153.73,167.13,10.77,149.84,143.4,80.96,19.95,23.46,134.84,166.28,149.28,148.44,74.48,18.66,101.63,146.24,152.02,115.05,111.69,245.62,219.17,214.3,207.45,186.66,215.43,224.91,210.66,161.53,157.19,171.97,174.22,193.27,186.69,182.64,190.62,185.99,170.47,185.18,183.02,165.13,159.93,164.12,163.49,191.7,178.85,185.39,170.62,200.55,187.66,189.49,119.99,257.0,234.36,301.14,302.36,292.66,284.85,279.93,268.16,268.41,262.94,102.19,92.62,95.32,95.98,153.12,130.19,133.02,118.12,90.08,91.66,119.57,100.78,137.5,126.44,117.26,172.54,177.78,163.64,153.86,178.99,195.3,174.41,146.28,151.36,137.02,80.46,62.2,83.54,81.54,62.5,65.17,67.66,57.32,74.1,69.77,97.58,91.6,85.13,98.99,134.79,40.62,45.1,38.85,39.43,80.73,62.33,66.08,78.97,80.4,107.24,100.47,105.82,93.94,113.2,68.35,27.1,41.45,109.36,114.29,100.3,105.4,136.58,141.29,125.44,128.11,117.42,108.65,103.35,92.02,18.47,21.13,16.22,13.16,32.4,31.51,31.94,35.26,41.41,56.7,63.44,130.04,131.83,130.46,171.35,167.63,163.32,130.08,142.21,134.97,61.44,46.34,51.77,71.66,56.14,66.15,72.21,73.73,88.0,57.73,78.99,45.33,36.11,40.93,45.75,23.36,39.04,40.21,37.68,47.35,58.5,64.45,39.51,45.69,57.62,81.42,43.13,54.16,62.24,70.54,77.24,88.07,78.4,76.58,136.71,107.63,108.21,96.42,121.22,116.3,105.23
13.83,75.02,48.36,170.55,53.17,199.63,184.97,209.37,202.44,141.26,151.43,106.58,51.02,185.58,28.86,169.28,147.47,42.43,159.72,55.28,122.76,123.65,170.19,181.13,197.47,113.76,72.57,100.41,42.78,100.87,129.38,193.9,121.35,47.94,93.73,11.21,113.33,216.43,15.57,198.08,181.01,64.7,32.41,47.6,118.76,104.87,155.24,203.74,126.16,64.69,48.42,201.46,172.74,36.33,160.24,111.18,185.51,162.68,183.53,226.49,42.65,141.92,79.73,191.82,126.33,197.77,173.86,123.88,126.65,67.76,64.73,16.16,102.68,147.38,132.6,157.88,110.63,90.5,164.44,0.0,118.7,96.63,174.51,214.42,175.69,59.85,18.49,66.91,17.16,134.78,146.97,76.51,88.7,122.33,140.84,192.79,134.54,75.01,58.61,117.05,146.66,177.27,190.41,51.9,61.09,86.33,190.34,16.84,199.16,15.74,44.75,132.44,161.34,103.8,149.28,68.93,66.22,103.21,158.28,69.5,194.25,53.25,52.42,61.89,118.14,64.99,96.1,6.11,103.25,114.64,121.66,34.42,90.49,76.81,38.77,138.91,84.42,182.37,201.57,134.24,174.89,32.7,44.32,120.41,7.64,179.5,42.56,20.22,169.37,50.08,181.27,67.96,132.02,34.49,165.8,168.5,22.63,154.73,63.34,84.53,126.6,138.37,169.73,91.76,196.93,120.23,175.48,203.16,185.81,37.01,15.68,55.34,191.36,173.05,78.82,101.68,123.87,157.15,72.18,28.83,39.46,117.71,72.85,113.74,124.97,148.08,174.28,43.26,10.65,107.88,163.75,22.32,34.17,26.4,160.13,30.28,26.6,111.29,169.32,172.83,32.34,6.41,28.5,28.88,135.89,168.03,67.27,22.16,21.73,55.3,57.5,111.69,85.24,80.37,73.52,93.04,81.5,90.98,76.73,59.45,49.68,11.61,14.59,43.5,37.39,33.34,34.77,30.14,33.16,29.33,27.18,44.35,39.16,56.6,55.98,49.31,44.92,51.46,45.47,66.62,52.47,73.47,57.23,123.07,100.43,167.21,168.43,158.73,150.92,146.0,134.23,134.48,129.01,79.48,97.24,84.78,85.45,62.96,49.65,55.75,55.01,97.18,98.76,71.91,72.19,73.16,60.21,71.4,65.03,70.27,73.24,79.2,85.38,95.29,80.8,82.6,88.41,91.09,97.32,113.81,116.58,102.61,108.83,117.29,125.26,127.62,131.7,129.83,121.21,115.23,113.03,88.62,109.97,134.74,139.22,134.14,137.67,127.2,131.34,117.69,139.07,140.05,116.69,113.23,104.38,117.71,97.28,155.89,160.69,190.82,135.17,140.11,121.31,131.21,162.4,167.1,151.26,153.93,143.24,163.28,157.98,146.65,179.49,156.91,175.47,172.4,182.96,182.07,181.31,184.63,190.78,206.07,212.81,184.67,186.46,183.23,197.16,193.44,189.13,191.46,191.68,188.28,210.8,195.7,201.14,221.03,205.5,215.51,221.58,223.1,237.36,222.11,243.36,209.7,197.13,201.95,210.13,184.38,206.18,200.85,202.06,211.73,209.06,215.01,190.07,195.06,206.99,230.79,193.69,203.53,211.61,219.91,226.61,237.44,227.77,225.95,191.34,197.75,206.95,208.59,220.62,213.82,254.6
117.01,111.38,72.19,258.75,111.71,287.83,273.17,297.56,290.64,214.92,239.62,194.77,139.22,273.78,99.93,220.09,235.67,90.12,210.53,143.48,210.95,211.85,258.39,269.33,285.67,160.92,101.74,188.6,130.97,189.06,204.86,282.1,209.54,136.14,27.94,110.69,201.53,304.63,128.6,286.27,269.21,152.89,88.2,102.48,198.96,193.06,243.44,291.94,176.97,152.89,136.61,289.66,260.94,124.52,211.05,199.37,273.7,250.88,271.73,314.69,130.85,207.12,167.93,280.01,191.41,285.97,224.68,6.68,177.46,58.7,152.93,129.19,190.87,198.19,220.8,246.07,8.06,178.7,252.63,118.7,0.0,184.59,262.48,302.38,263.65,147.81,116.28,154.87,129.79,184.53,196.72,164.47,35.83,210.29,190.59,242.69,222.5,48.34,71.47,205.01,201.99,265.24,278.37,130.17,149.05,174.29,278.31,103.85,287.12,128.12,132.71,220.4,249.3,191.76,237.24,156.89,111.67,191.17,246.24,157.46,282.21,141.21,140.38,60.14,206.1,152.95,24.53,119.23,17.87,202.6,209.62,98.65,30.94,164.77,80.01,188.66,43.14,270.33,289.53,184.0,262.85,95.59,122.58,170.16,120.03,267.47,117.8,99.0,257.33,68.79,269.23,53.19,219.98,113.88,253.76,256.46,102.15,242.69,151.3,38.41,214.56,188.12,219.48,179.72,284.89,208.19,225.23,252.91,273.77,114.14,104.58,64.29,279.32,261.01,43.95,189.64,211.83,245.12,160.14,90.59,127.43,205.67,160.81,201.7,174.72,236.04,262.24,131.22,118.29,12.08,251.71,110.48,125.05,95.33,248.1,121.17,113.3,199.25,257.28,260.79,120.3,119.04,105.63,119.76,185.64,255.99,155.23,110.51,109.46,143.26,145.46,42.27,51.07,69.79,55.89,83.09,63.87,38.07,46.69,119.04,127.94,117.74,126.98,85.36,93.11,95.61,114.29,109.66,98.66,108.85,106.69,88.24,93.43,84.86,93.33,83.79,76.51,77.61,86.25,65.68,79.75,87.95,145.19,12.74,22.92,48.5,49.72,40.03,32.22,27.29,15.53,15.78,10.31,167.44,185.2,172.74,173.41,133.22,137.61,143.71,142.97,185.14,186.72,159.87,160.15,161.12,148.17,159.36,99.94,106.11,104.4,119.13,89.04,77.66,94.04,122.52,128.33,131.01,185.28,201.77,204.54,190.57,196.79,205.25,213.22,215.58,219.66,217.79,209.17,203.19,192.17,176.58,150.17,222.7,227.18,222.1,225.63,210.67,219.3,205.65,208.99,189.8,156.62,162.98,165.02,167.46,172.4,213.43,248.65,278.78,184.92,189.86,161.25,180.96,212.15,216.85,201.01,203.68,192.99,213.03,207.73,196.4,267.45,244.87,263.43,260.36,270.92,270.04,269.27,272.59,278.74,294.03,300.77,234.42,236.21,232.98,246.91,223.32,201.75,241.22,241.43,238.03,298.76,283.66,289.1,308.99,293.47,303.47,309.54,311.06,325.33,250.99,331.32,297.66,238.27,243.09,298.09,272.34,294.14,288.82,290.02,299.69,297.03,302.97,278.03,283.02,294.95,318.75,281.65,291.49,299.57,307.87,314.57,325.4,315.73,313.91,241.09,247.5,256.7,258.34,270.37,263.57,342.56
88.02,108.93,115.74,86.58,92.43,115.66,101.0,125.4,118.47,44.33,67.46,24.51,57.55,101.61,110.26,122.01,63.5,123.83,85.85,69.49,38.79,26.72,86.22,97.16,113.5,70.05,111.83,11.93,59.51,19.47,34.84,109.93,26.8,63.9,161.12,103.75,29.36,132.46,106.52,114.11,97.04,44.64,99.8,86.86,27.31,22.8,71.27,119.77,72.61,48.29,50.13,117.49,88.77,75.59,112.97,27.21,101.54,78.71,99.56,142.52,68.08,44.99,19.57,107.85,47.4,113.8,101.27,191.27,79.38,135.15,48.04,107.11,12.96,80.69,51.6,73.91,178.02,15.59,80.47,96.63,184.59,0.0,90.0,129.91,91.17,42.83,109.66,38.45,108.58,57.68,55.77,26.0,154.18,37.82,61.13,83.13,37.77,140.48,124.08,35.5,49.89,92.76,105.89,85.53,43.58,14.11,105.83,108.74,114.64,106.91,55.48,35.67,76.82,21.26,64.76,32.05,99.85,10.4,73.76,40.4,109.74,63.43,65.5,127.37,21.36,37.56,161.57,98.02,168.72,17.86,40.12,86.75,155.97,24.23,104.25,67.01,149.9,97.85,117.05,62.34,90.38,91.27,83.38,72.09,98.81,94.99,81.62,104.07,84.86,115.56,96.75,133.43,47.5,73.56,81.28,83.98,110.03,70.21,76.42,150.0,29.82,56.03,94.76,8.67,112.41,35.71,127.16,128.19,101.29,79.72,90.53,120.82,106.84,88.54,144.29,6.49,28.68,72.64,26.43,94.72,64.83,22.52,37.64,16.96,66.64,63.56,89.77,58.77,93.55,173.36,79.23,86.83,85.28,98.68,75.62,81.39,74.94,16.11,84.8,88.31,66.39,97.83,80.82,79.99,54.94,83.51,33.18,77.79,83.56,46.59,43.24,177.17,150.71,145.84,139.0,129.89,146.98,156.46,142.21,93.08,88.74,103.52,105.77,124.82,118.24,114.19,122.17,117.54,102.02,116.73,114.57,96.67,91.48,95.66,95.04,123.24,110.4,116.94,102.17,132.1,119.21,121.04,51.54,188.55,165.9,232.69,233.9,224.21,216.4,211.48,199.71,199.96,194.49,33.73,24.17,26.87,27.53,84.67,54.58,50.91,49.66,14.09,9.84,38.09,32.33,55.39,44.34,48.81,104.09,109.33,106.87,112.83,122.23,138.53,117.65,116.23,122.03,101.75,22.03,29.29,34.04,27.32,27.29,35.75,43.72,43.1,50.16,48.29,26.02,20.04,32.94,27.43,99.52,50.23,54.7,49.62,53.15,32.01,34.56,26.52,42.29,60.06,71.97,68.51,59.66,71.44,52.56,59.11,76.17,106.3,86.85,91.79,77.8,82.9,114.08,118.78,102.94,105.61,94.92,88.31,83.01,71.68,94.97,72.4,76.54,87.89,98.45,97.56,96.79,100.11,106.26,121.55,128.29,109.7,111.49,110.12,148.85,145.13,140.81,143.15,121.87,114.63,126.29,111.19,116.62,136.51,120.99,131.0,137.06,138.58,152.85,137.59,158.85,125.18,83.91,88.73,125.61,99.86,90.4,116.34,117.54,127.21,124.55,130.5,105.56,110.54,122.47,146.27,109.17,119.01,127.09,135.39,142.09,152.92,143.25,141.43,116.37,122.78,131.98,133.62,145.65,138.85,170.08
165.91,186.82,193.63,18.52,170.32,56.2,41.54,65.93,28.52,68.52,32.76,83.26,135.43,42.15,188.15,128.44,36.38,201.72,105.54,147.38,62.51,86.2,22.86,37.7,54.04,129.35,189.72,83.45,137.39,80.42,106.39,50.47,98.35,141.79,239.01,181.64,61.43,51.11,184.41,54.64,37.58,122.52,177.69,164.75,101.81,74.52,23.75,45.47,118.68,126.18,128.02,27.54,29.22,153.47,114.11,69.65,11.58,39.94,40.1,61.17,145.97,77.68,98.2,48.38,106.76,23.84,100.48,269.15,125.45,213.04,139.64,185.0,94.09,94.13,80.16,31.38,255.91,86.5,23.95,174.51,262.48,90.0,0.0,48.48,31.7,120.76,187.6,131.03,186.52,103.68,88.49,103.94,232.12,55.79,93.85,34.78,73.85,218.42,202.02,68.93,109.38,33.29,46.42,163.47,121.52,92.05,46.36,186.68,55.17,184.85,133.42,95.16,18.65,80.25,34.02,109.99,177.79,82.02,33.98,118.34,19.74,141.37,143.44,205.31,80.85,115.5,239.51,175.96,246.66,82.86,71.09,164.69,233.9,102.17,182.19,110.81,227.84,38.39,35.63,108.33,6.01,169.2,161.32,118.09,176.75,10.62,159.56,182.01,25.39,193.5,37.29,211.37,43.28,151.5,30.04,15.16,187.97,29.86,154.36,227.94,89.31,104.62,94.02,94.15,52.94,58.68,132.44,100.19,11.29,157.66,168.47,198.76,16.84,29.07,222.23,87.54,93.01,33.49,104.37,172.66,142.77,96.75,115.58,81.96,112.64,26.64,30.3,136.71,171.49,251.3,26.15,164.77,163.22,176.62,16.15,159.33,152.88,97.16,25.33,28.84,144.33,175.77,158.76,157.93,97.97,24.04,111.12,155.73,161.5,124.53,121.18,255.1,228.65,223.78,216.94,207.83,224.91,234.4,220.15,171.02,166.68,181.46,183.71,202.76,196.18,192.13,200.11,195.48,179.96,194.67,192.51,174.61,169.42,173.6,172.98,201.18,188.33,194.88,180.11,210.04,197.15,198.98,129.48,266.48,243.84,310.63,311.84,302.15,294.34,289.42,277.65,277.9,272.43,111.67,102.11,104.81,105.47,162.61,139.68,142.5,127.6,99.57,101.14,129.06,110.27,146.99,135.93,126.75,182.03,187.27,184.81,190.77,200.17,216.47,195.59,169.77,174.85,160.51,89.95,71.68,93.03,91.03,71.99,74.66,77.15,66.81,83.58,79.25,107.07,101.09,107.95,108.48,158.28,50.11,54.58,48.33,48.92,103.55,79.09,75.57,101.78,103.89,130.73,123.96,129.31,117.43,127.36,91.84,37.02,46.83,132.85,137.78,123.79,128.89,120.49,125.19,129.18,121.99,140.91,99.6,93.42,82.09,34.9,37.16,39.71,36.65,14.08,13.19,37.32,40.65,46.79,62.08,68.83,114.71,108.7,109.38,147.11,143.39,147.72,119.94,126.88,119.64,46.94,51.72,57.15,60.66,61.52,71.53,77.6,79.11,78.92,47.59,68.85,35.19,42.7,47.52,35.61,39.8,31.66,26.34,27.54,37.21,47.48,53.43,21.19,34.28,41.05,64.85,24.81,32.42,45.67,53.97,60.67,71.5,69.18,74.0,103.53,97.49,98.07,86.28,111.08,106.16,88.66
205.82,226.73,233.54,61.38,210.23,47.36,69.14,16.09,68.22,109.63,72.67,123.17,175.34,60.06,228.06,168.14,76.29,241.63,145.25,187.29,102.42,126.1,65.71,70.2,48.58,170.46,229.63,123.36,177.3,120.33,146.3,49.53,138.26,181.7,278.92,221.55,101.33,5.57,224.32,33.27,32.79,162.43,217.6,204.66,141.71,114.43,63.66,25.19,159.79,166.09,167.92,57.56,77.39,193.38,153.81,109.56,51.28,79.85,47.85,12.69,185.88,118.79,138.11,61.51,147.87,63.55,140.19,309.06,166.56,252.94,179.55,224.91,134.0,133.83,120.06,64.83,295.82,126.41,65.06,214.42,302.38,129.91,48.48,0.0,40.59,160.65,227.48,170.92,226.4,144.72,129.53,143.82,272.0,95.67,134.89,74.48,114.9,258.3,241.91,108.81,149.26,66.06,56.11,203.35,161.4,131.93,71.93,226.56,32.19,224.73,173.3,135.04,59.7,120.14,73.9,149.87,217.67,121.91,73.86,158.22,58.17,181.25,183.32,245.19,120.73,155.38,279.39,215.84,286.54,122.74,110.97,204.57,273.79,142.05,222.07,151.86,267.72,54.69,12.85,149.37,45.9,209.09,201.2,159.13,216.64,40.66,199.44,221.9,46.33,233.38,62.85,251.26,83.16,191.38,71.09,58.02,227.85,69.75,194.24,267.82,129.19,145.67,133.72,134.03,51.46,98.56,172.14,139.9,45.68,197.54,208.35,238.64,56.55,61.84,262.11,127.43,132.89,73.37,144.25,212.54,182.65,136.63,155.46,121.84,153.68,66.52,55.4,176.59,211.37,291.18,59.29,204.65,203.1,216.5,55.74,199.21,192.76,137.04,46.81,56.66,184.21,215.65,198.64,197.81,139.01,55.1,151.0,195.61,201.38,164.41,161.06,294.99,268.53,263.66,256.82,247.71,264.8,274.28,260.03,210.9,206.56,221.34,223.59,242.64,236.06,232.01,239.99,235.36,219.84,234.55,232.39,214.5,209.3,213.48,212.86,241.06,228.22,234.76,219.99,249.92,237.03,238.86,169.36,306.37,283.72,350.51,351.73,342.03,334.22,329.3,317.53,317.78,312.31,151.56,141.99,144.69,145.35,202.49,179.56,182.39,167.48,139.45,141.03,168.94,150.15,186.87,175.81,166.63,221.91,227.15,224.69,230.65,240.05,256.35,235.47,210.81,215.89,201.55,129.83,111.56,132.91,130.91,111.87,114.54,117.03,106.69,123.47,119.13,146.95,140.97,147.83,148.36,199.32,89.99,94.47,88.22,88.8,143.43,118.97,115.45,141.67,144.93,171.78,165.0,170.35,158.48,167.24,132.88,76.9,69.21,173.89,178.83,164.84,169.93,160.19,164.9,189.97,161.7,181.96,139.3,133.12,121.79,83.0,77.04,80.75,77.69,38.96,50.86,49.99,35.14,32.68,38.13,32.99,154.41,148.41,149.08,186.81,183.09,187.42,159.65,166.58,159.34,26.66,40.68,31.31,12.17,21.42,20.59,24.09,28.17,30.43,87.29,101.6,67.94,82.41,87.23,75.32,87.89,71.37,66.04,62.03,45.78,34.47,28.53,29.82,23.01,7.43,24.57,23.68,26.32,12.59,13.08,25.84,24.56,20.7,25.52,143.24,137.19,137.77,125.98,147.44,145.86,39.82
167.08,187.99,194.81,28.33,171.49,36.24,21.57,43.28,60.22,70.89,33.93,84.44,136.61,22.18,189.32,170.45,37.55,202.89,132.05,148.56,63.68,87.37,32.67,31.46,31.39,131.73,190.89,84.62,138.57,81.6,107.56,30.51,99.52,142.96,240.18,182.81,62.6,43.21,185.58,31.99,7.79,123.7,178.86,165.92,102.98,75.7,24.92,22.19,121.05,127.35,129.19,59.24,38.65,154.65,145.81,70.83,43.28,41.11,17.44,53.27,147.14,80.05,99.37,28.42,109.13,55.55,132.19,270.33,127.82,214.21,140.82,186.17,95.26,126.88,81.33,26.1,257.08,87.67,26.32,175.69,263.65,91.17,31.7,40.59,0.0,121.91,188.75,132.18,187.66,105.98,90.8,105.08,233.26,56.94,96.16,57.57,76.16,219.57,203.17,70.08,110.52,27.32,27.44,164.62,122.67,93.2,27.38,187.83,32.32,186.0,134.56,96.3,20.96,81.4,35.17,111.14,178.93,83.17,35.13,119.48,51.37,142.51,144.58,206.46,82.0,116.65,240.66,177.1,247.81,84.0,72.23,165.83,235.05,103.32,183.33,113.12,228.98,14.83,27.73,110.64,23.71,170.35,162.46,120.39,177.9,31.74,160.7,183.16,7.59,194.64,18.3,212.52,44.42,152.64,32.35,25.62,189.11,31.01,155.51,229.09,90.46,106.93,125.65,95.29,33.96,59.82,164.08,131.83,42.93,158.8,169.61,199.91,48.48,23.1,223.38,88.69,94.16,34.63,105.52,173.8,143.91,97.89,116.73,83.11,114.94,27.78,7.84,137.85,172.63,252.45,20.55,165.92,164.36,177.77,17.01,160.47,154.03,98.3,8.08,14.4,145.47,176.91,159.91,159.07,100.28,16.36,112.26,156.87,162.65,125.68,122.32,256.25,229.8,224.93,218.09,208.97,226.06,235.54,221.29,172.17,167.82,182.61,184.85,203.9,197.32,193.27,201.25,196.62,181.1,195.81,193.66,175.76,170.57,174.75,174.12,202.33,189.48,196.02,181.25,211.18,198.29,200.12,130.62,267.63,244.99,311.77,312.99,303.3,295.48,290.56,278.8,279.04,273.57,112.82,103.25,105.95,106.61,163.75,140.82,143.65,128.75,100.71,102.29,130.2,111.42,148.13,137.07,127.89,183.18,188.41,185.95,191.92,201.31,217.62,196.73,172.08,177.15,162.81,91.09,72.83,94.18,92.17,73.13,75.8,78.29,67.95,84.73,80.4,108.22,102.24,109.09,109.63,160.58,51.25,55.73,49.48,50.07,104.69,80.24,76.71,102.93,106.19,133.04,126.26,131.61,119.74,128.5,94.14,38.16,27.85,135.15,140.09,126.1,131.2,162.38,167.08,151.24,153.91,143.22,134.45,129.15,117.82,44.27,38.31,42.02,38.95,18.36,33.24,9.4,8.95,15.09,37.2,49.84,146.35,140.34,141.02,178.75,175.03,179.36,151.58,158.51,151.28,22.12,28.86,34.3,52.76,38.66,48.67,48.96,56.26,71.02,79.23,100.49,66.82,61.9,66.73,67.25,49.16,63.3,57.98,59.18,49.15,52.18,55.45,33.19,21.22,33.15,56.95,27.05,29.69,37.77,46.07,52.77,63.6,61.29,59.11,135.17,129.12,129.7,117.92,142.72,137.79,80.76
51.24,72.16,78.97,117.39,55.65,146.47,131.81,156.21,149.28,88.1,98.27,53.42,20.77,132.42,73.48,139.84,94.31,87.05,127.24,43.32,69.59,70.49,117.03,127.97,144.31,84.32,75.06,47.24,30.82,47.7,76.22,140.74,68.18,35.98,124.34,66.98,60.17,163.27,69.74,144.91,127.85,18.18,63.02,50.08,68.69,51.71,102.08,150.58,96.72,5.96,13.35,148.3,119.58,38.81,130.8,58.02,132.34,109.52,130.37,173.33,31.3,88.76,26.57,138.65,88.79,144.61,144.43,154.49,97.21,98.37,35.29,70.34,49.52,122.07,79.44,104.72,141.24,37.34,111.28,59.85,147.81,42.83,120.76,160.65,121.91,0.0,72.97,26.71,71.89,99.14,98.81,22.78,117.49,68.6,104.17,139.06,80.81,103.8,87.4,63.32,92.94,123.54,136.68,48.85,15.76,32.6,136.61,72.05,145.43,70.22,18.79,78.71,107.61,50.07,95.55,13.27,63.16,49.48,104.55,12.62,140.52,26.74,39.18,90.68,64.41,9.33,124.89,61.33,132.03,60.91,67.93,50.06,119.28,23.08,67.56,108.46,113.21,128.64,147.84,103.79,121.16,54.58,46.69,89.91,62.13,125.78,44.93,67.39,115.64,78.87,127.54,96.75,78.29,36.87,112.07,114.77,73.34,101.0,50.11,113.32,72.87,97.49,136.21,38.03,143.2,66.5,144.97,169.64,132.08,43.03,53.84,84.13,137.63,119.32,107.61,47.95,70.14,103.42,18.45,58.03,28.14,63.98,15.97,60.01,94.46,94.35,120.55,22.08,56.86,136.67,110.02,50.14,48.59,61.99,106.41,44.7,38.25,57.56,115.59,119.1,29.7,61.14,44.14,43.3,96.39,114.3,10.39,41.1,46.88,9.9,6.85,140.48,114.02,109.16,102.31,93.2,110.29,119.77,105.52,56.39,52.05,66.83,69.08,88.13,81.55,77.5,85.48,80.85,65.33,80.04,77.88,59.99,54.79,58.97,58.35,86.55,73.71,80.25,65.48,95.41,82.52,84.35,14.85,151.86,129.21,196.0,197.22,187.52,179.71,174.79,163.02,163.27,157.8,25.75,43.51,31.05,31.72,58.35,36.42,42.52,21.84,43.45,45.03,24.73,16.53,42.66,31.6,22.04,67.4,72.64,70.18,76.14,85.54,101.84,80.96,79.54,85.35,88.03,43.59,60.08,62.85,48.88,55.1,63.56,71.53,73.89,77.97,76.1,67.48,61.5,74.4,68.89,106.91,81.01,85.49,80.41,83.94,73.47,77.61,63.96,85.34,101.51,86.19,82.72,73.88,87.21,66.78,102.16,106.96,137.09,104.67,109.6,90.81,100.71,131.89,136.6,120.75,123.42,112.73,129.77,124.47,113.14,125.76,103.18,121.74,118.67,129.23,128.35,127.58,130.9,137.05,152.34,159.08,151.16,152.95,152.73,166.66,162.94,158.63,160.96,161.18,156.09,157.07,141.97,147.41,167.3,151.77,161.78,167.85,169.37,183.64,168.38,189.63,155.97,143.4,148.22,156.4,130.65,152.45,147.13,148.33,158.0,155.34,161.28,136.34,141.33,153.26,177.06,139.96,149.8,157.88,166.18,172.88,183.71,174.04,172.22,157.82,164.24,173.44,175.08,187.1,180.3,200.87
27.51,88.69,47.44,184.23,66.85,213.31,198.65,223.04,216.12,154.94,165.1,120.25,64.7,199.25,24.67,182.95,161.15,38.24,173.39,68.95,136.43,137.32,183.86,194.81,211.15,127.43,86.25,114.08,56.45,114.54,143.06,207.58,135.02,61.62,92.81,21.93,127.0,230.11,6.11,211.75,194.69,78.37,31.49,61.28,132.43,118.54,168.92,217.42,139.83,78.37,62.09,215.14,186.42,50.0,173.91,124.85,199.18,176.36,197.2,240.17,56.33,155.59,93.41,205.49,140.0,211.45,187.54,122.96,140.32,66.84,78.41,22.18,116.35,161.05,146.28,171.55,109.71,104.18,178.11,18.49,116.28,109.66,187.6,227.48,188.75,72.97,0.0,80.02,29.35,147.89,160.08,89.62,87.04,135.45,153.96,205.9,147.65,73.34,56.94,130.16,159.78,190.39,203.52,65.02,74.21,99.45,203.46,20.15,212.27,22.02,57.86,145.56,174.45,116.92,162.39,82.04,79.33,116.32,171.39,82.61,207.37,66.36,65.53,60.23,131.25,78.1,94.43,12.53,101.58,127.75,134.78,47.53,88.82,89.92,37.11,152.02,82.76,195.48,214.68,147.36,188.01,31.19,57.43,133.52,13.92,192.62,55.67,26.24,182.49,48.42,194.38,66.29,145.14,47.61,178.91,181.62,18.18,167.85,76.46,82.86,139.71,151.48,182.84,104.87,210.04,133.34,188.59,216.27,198.92,50.12,28.8,53.68,204.47,186.17,77.15,114.79,136.98,170.27,85.29,27.16,52.58,130.82,85.96,126.85,138.08,161.19,187.4,56.37,24.62,106.22,176.87,35.43,47.28,22.22,173.25,43.39,39.72,124.4,182.43,185.94,45.46,18.6,41.61,41.99,149.01,181.14,80.38,35.27,34.84,68.41,70.61,110.02,83.57,78.7,71.86,106.15,79.83,89.32,75.07,72.57,62.79,20.74,17.27,39.32,33.2,29.16,30.32,25.69,29.31,24.88,9.7,45.8,52.27,69.71,69.09,45.13,40.34,49.8,43.8,64.95,48.28,71.81,70.34,121.4,98.76,165.54,166.76,157.07,149.26,144.33,132.57,132.82,127.35,92.59,110.35,97.9,98.56,76.07,62.77,68.86,68.12,110.29,111.87,85.03,85.3,86.27,73.32,84.51,78.14,83.38,86.35,92.32,98.49,93.62,93.91,95.71,101.52,104.2,110.43,126.92,129.69,115.72,121.95,130.41,138.37,140.73,144.81,142.94,134.32,128.34,126.14,101.73,123.09,147.86,152.34,147.25,150.78,140.31,144.45,130.81,152.18,153.16,129.8,126.34,117.49,130.82,110.39,169.0,173.8,203.93,148.28,153.22,134.42,144.33,175.51,180.21,164.37,167.04,156.35,176.39,171.09,159.77,192.6,170.03,188.58,185.52,196.08,195.19,194.42,197.75,203.89,219.18,225.92,197.79,199.58,196.35,210.28,206.56,202.24,204.58,204.8,201.39,223.92,208.82,214.25,234.14,218.62,228.63,234.69,236.21,250.48,235.22,256.48,222.81,210.24,215.06,223.24,197.49,219.29,213.97,215.17,224.84,222.18,228.13,203.19,208.17,220.1,243.9,206.81,216.64,224.72,233.02,239.72,250.55,240.88,239.06,204.45,210.86,220.07,221.71,233.73,226.93,267.71
58.3,63.43,86.03,127.66,62.71,156.74,142.08,166.47,159.55,72.07,108.54,63.69,43.29,142.69,80.55,115.25,104.58,94.11,105.69,32.12,79.86,58.27,127.3,138.24,154.58,59.73,72.8,57.51,23.07,57.97,56.81,151.01,48.77,26.53,131.4,74.04,70.44,173.54,76.8,155.18,138.12,10.13,70.08,57.14,49.28,61.98,112.35,160.85,72.13,32.1,35.87,158.57,129.85,45.87,106.21,68.29,142.61,119.79,140.64,183.6,31.86,72.73,36.84,148.92,72.3,154.88,119.84,161.55,72.62,105.43,10.71,77.4,28.65,93.35,89.71,114.99,148.3,47.61,121.55,66.91,154.87,38.45,131.03,170.92,132.18,26.71,80.02,0.0,78.44,79.69,91.88,33.05,124.04,78.87,85.75,149.33,65.53,110.34,93.94,73.59,87.19,133.82,146.95,52.79,16.75,42.87,146.89,78.6,155.7,76.77,38.79,59.44,117.88,60.34,105.82,25.47,59.31,41.99,114.82,32.55,150.79,49.24,28.19,97.23,52.94,17.96,131.43,67.88,138.58,49.44,78.2,56.61,125.83,33.35,74.11,83.82,119.76,138.91,158.11,79.16,131.43,61.13,49.62,65.32,68.67,136.05,51.48,73.93,125.91,85.42,137.81,103.29,88.56,43.42,122.34,125.04,79.89,111.27,39.12,119.86,53.59,83.28,114.64,30.27,153.47,76.77,120.39,148.07,142.35,49.58,60.39,90.68,147.9,129.59,114.15,34.06,50.65,113.7,28.72,64.58,35.48,44.5,33.8,48.55,69.88,104.62,130.82,37.08,63.41,143.22,120.29,56.69,55.14,68.54,116.68,51.25,44.8,38.08,125.86,129.37,36.25,67.69,50.68,49.85,80.8,124.57,29.33,47.65,53.42,32.41,29.05,147.03,120.57,115.7,108.86,84.58,116.84,126.32,112.07,60.34,55.86,73.38,75.63,94.68,88.1,84.05,92.03,87.4,71.88,86.59,84.43,66.53,61.34,65.52,64.9,93.1,80.26,86.8,72.03,101.96,89.07,90.9,37.35,158.41,135.76,202.55,203.76,194.07,186.26,181.34,169.57,169.82,164.35,36.02,21.85,41.32,41.99,41.31,17.26,13.59,20.68,30.02,29.75,4.83,20.29,18.07,7.02,6.61,73.95,79.19,61.56,64.48,76.92,93.22,72.34,67.88,73.69,76.37,53.86,70.35,73.12,59.15,65.37,73.83,81.8,84.16,88.24,86.37,48.0,42.02,57.94,33.53,89.15,91.28,95.76,90.68,94.21,53.99,62.33,74.23,66.07,84.96,61.6,58.14,49.29,62.62,42.19,86.88,117.23,147.36,80.08,85.02,66.22,76.12,107.31,112.01,96.17,98.84,88.15,108.19,102.89,91.56,136.03,113.45,132.01,128.94,139.5,138.62,137.85,141.17,147.32,162.61,169.35,129.58,131.37,128.14,142.07,138.36,134.04,136.38,136.59,133.19,167.34,152.24,157.68,177.57,162.04,172.05,178.12,179.64,193.91,146.15,199.9,166.24,111.68,116.5,166.67,140.92,162.72,157.4,158.6,168.27,165.61,171.55,146.61,151.6,163.53,187.33,150.23,160.07,168.15,176.45,183.15,193.98,184.31,182.49,136.25,142.66,151.86,153.5,165.53,158.73,211.14
26.42,87.61,60.95,183.14,65.76,212.23,197.56,221.96,215.03,153.85,164.02,119.17,63.61,198.17,44.25,181.87,160.06,57.82,172.31,67.87,135.35,136.24,182.78,193.72,210.06,126.35,85.16,113.0,55.37,113.46,141.97,206.49,133.94,60.53,106.32,24.29,125.92,229.02,26.13,210.67,193.61,77.29,45.0,60.19,131.35,117.46,167.83,216.34,138.75,77.28,61.01,214.05,185.33,48.92,172.83,123.77,198.1,175.28,196.12,239.08,55.24,154.51,92.32,204.41,138.92,210.36,186.46,136.47,139.24,80.35,77.32,6.55,115.27,159.97,145.2,170.47,123.22,103.09,177.03,17.16,129.79,108.58,186.52,226.4,187.66,71.89,29.35,78.44,0.0,146.72,158.91,88.45,100.64,134.27,152.78,204.73,146.48,86.94,70.55,128.98,158.6,189.21,202.35,63.84,73.03,98.27,202.28,29.95,211.1,11.21,56.69,144.38,173.28,115.74,161.22,80.87,78.16,115.15,170.22,81.44,206.19,65.19,64.36,73.83,130.07,76.93,108.04,19.22,115.18,126.58,133.6,46.36,102.43,88.74,50.71,150.85,96.36,194.31,213.51,146.18,186.83,44.64,56.26,132.35,14.44,191.44,54.5,32.16,181.31,62.02,193.21,79.9,143.96,46.43,177.74,180.44,35.74,166.67,75.28,96.46,138.54,150.31,181.67,103.7,208.87,132.17,187.42,215.1,197.75,48.95,27.62,67.28,203.3,184.99,90.76,113.62,135.8,169.09,84.12,40.77,51.4,129.65,84.79,125.68,136.91,160.02,186.22,55.2,19.68,119.82,175.69,34.26,46.1,39.51,172.07,42.22,38.54,123.23,181.26,184.77,44.28,13.97,40.44,40.82,147.83,179.97,79.21,34.1,33.67,67.24,69.44,123.63,97.17,92.3,85.46,104.98,93.44,102.92,88.67,71.39,61.62,24.73,25.47,56.61,50.5,46.45,47.88,43.25,45.1,42.44,40.29,56.29,51.1,68.54,67.92,62.42,56.86,63.4,57.41,78.56,65.67,85.41,69.17,135.01,112.36,179.15,180.37,170.67,162.86,157.94,146.17,146.42,140.95,91.42,109.18,96.72,97.38,74.9,61.59,67.69,66.95,109.12,110.69,83.85,84.13,85.1,72.15,83.34,76.97,82.21,85.18,91.14,97.32,107.22,92.74,94.54,100.34,103.03,109.26,125.75,128.52,114.54,120.77,129.23,137.2,139.55,143.64,141.77,133.15,127.17,124.96,100.55,121.91,146.68,151.16,146.08,149.61,139.14,143.27,129.63,151.01,151.98,128.63,125.16,116.32,129.65,109.22,167.83,172.63,202.76,147.11,152.04,133.25,143.15,174.34,179.04,163.19,165.86,155.17,175.22,169.92,158.59,191.43,168.85,187.41,184.34,194.9,194.01,193.25,196.57,202.72,218.01,224.75,196.61,198.4,195.17,209.1,205.38,201.07,203.4,203.62,200.21,222.74,207.64,213.08,232.97,217.44,227.45,233.52,235.04,249.3,234.04,255.3,221.64,209.07,213.89,222.07,196.32,218.12,212.79,214.0,223.67,221.0,226.95,202.01,207.0,218.93,242.72,205.63,215.47,223.55,231.85,238.55,249.38,239.71,237.89,203.28,209.69,218.89,220.53,232.56,225.76,266.54
126.17,90.09,153.9,85.41,118.86,130.55,115.88,140.28,82.65,35.16,80.4,75.98,113.27,116.49,148.41,69.11,101.3,161.98,32.87,99.99,78.05,45.71,79.79,112.04,128.38,30.38,99.46,60.7,90.94,68.25,25.09,124.81,31.11,94.4,174.93,141.91,68.62,147.34,144.67,128.99,111.93,87.7,137.95,122.55,33.39,71.35,88.43,134.66,16.99,104.54,110.66,107.22,82.34,117.44,60.07,62.08,98.35,73.19,114.44,157.4,99.73,27.36,75.82,122.73,11.65,77.97,48.29,191.21,26.48,150.24,69.41,145.26,52.17,20.53,92.75,98.0,177.96,65.68,80.19,134.78,184.53,57.68,103.68,144.72,105.98,99.14,147.89,79.69,146.72,0.0,16.96,82.22,162.6,77.03,10.83,65.06,35.71,149.02,150.25,77.01,22.23,107.7,120.83,100.78,94.32,70.34,120.77,146.47,129.58,144.64,106.66,36.74,85.08,72.75,98.54,88.28,86.72,61.81,82.77,96.63,99.49,114.94,96.06,151.68,51.82,95.53,170.0,135.75,171.35,57.21,81.63,127.32,164.39,80.46,141.98,11.03,158.32,112.79,131.99,6.36,104.12,128.99,108.37,19.18,136.54,108.73,114.79,141.8,99.8,153.29,111.69,144.74,86.72,111.28,74.3,87.86,147.76,95.49,106.99,158.43,42.88,8.36,41.85,64.9,127.35,74.93,74.24,75.27,104.02,120.38,128.26,146.99,96.59,103.47,152.72,51.28,39.94,97.57,82.66,132.44,103.34,36.47,93.87,59.21,11.01,91.14,104.71,104.95,131.28,173.71,100.56,124.56,123.01,136.41,90.56,119.12,112.67,43.5,99.74,103.25,104.12,135.55,118.55,117.72,5.88,98.45,89.4,115.51,121.29,102.82,99.46,185.7,159.25,161.34,137.8,111.24,130.74,164.88,150.63,94.09,114.62,141.25,143.49,162.54,155.96,151.92,159.9,155.26,139.75,154.46,152.3,134.4,129.21,131.46,126.17,160.97,148.12,137.17,139.9,157.23,156.94,127.36,107.76,188.89,165.27,233.03,234.25,224.56,216.75,211.82,200.06,200.31,194.84,89.96,80.39,83.09,83.75,105.23,85.13,81.46,98.59,70.31,56.41,84.69,88.56,65.55,74.88,84.18,110.41,103.81,88.22,78.44,103.57,119.88,98.99,70.86,75.94,61.6,71.03,61.12,85.53,76.31,68.8,77.26,85.23,82.32,91.67,89.8,45.91,39.69,31.01,47.32,59.37,89.44,93.92,88.84,92.37,30.9,44.01,60.08,29.23,10.03,31.82,25.05,30.4,18.52,37.78,33.66,101.1,121.24,33.94,38.87,24.88,29.98,61.16,65.87,50.02,52.69,42.0,35.4,30.1,18.77,88.08,80.23,67.46,72.81,112.19,111.3,111.73,115.05,121.2,136.49,143.23,56.79,58.58,57.21,95.93,92.21,87.9,90.23,68.96,61.72,141.22,126.12,131.56,151.45,135.93,145.93,152.0,153.52,167.79,73.36,113.84,93.37,60.63,65.46,86.02,72.27,72.33,73.5,107.29,116.96,127.23,133.18,119.3,125.48,137.41,161.21,122.92,133.95,142.03,150.33,157.03,167.86,158.19,156.37,63.46,69.87,79.07,80.71,92.74,85.94,185.02
138.36,102.28,166.09,70.22,131.05,115.36,100.7,125.09,76.42,19.97,65.21,62.02,113.46,101.3,160.6,81.3,86.11,174.17,42.89,112.18,64.09,31.75,64.6,96.86,113.2,42.57,111.64,54.16,103.13,59.18,33.42,109.63,39.43,106.59,187.12,154.09,54.66,132.16,156.86,113.8,96.74,99.89,150.14,134.74,41.72,57.39,73.24,119.47,31.9,104.21,106.04,92.04,67.15,129.63,72.26,48.12,83.17,58.01,99.25,142.22,111.92,12.17,76.23,107.54,19.98,71.74,58.31,203.4,38.67,162.43,81.6,157.45,56.04,37.73,78.79,82.81,190.15,59.14,65.0,146.97,196.72,55.77,88.49,129.53,90.8,98.81,160.08,91.88,158.91,16.96,0.0,82.74,174.73,63.1,7.07,58.8,20.46,161.15,162.38,63.08,30.67,92.45,105.58,112.91,100.33,70.86,105.52,158.6,114.33,156.77,112.22,38.78,69.84,58.81,83.29,88.8,98.85,47.87,67.52,97.14,84.24,120.17,108.19,163.81,37.88,94.31,182.12,147.87,183.48,43.28,67.69,139.45,176.51,80.98,154.11,24.03,170.45,97.55,116.74,21.55,88.87,141.12,120.5,31.31,148.67,93.48,126.92,153.93,84.55,165.41,96.45,156.87,72.78,123.41,59.06,72.61,159.89,80.24,119.12,170.55,32.93,17.84,51.81,63.03,112.1,60.99,86.37,85.23,88.78,132.51,140.39,159.11,81.35,88.23,164.84,53.39,36.63,82.32,83.18,144.57,115.47,40.37,94.39,45.27,25.85,75.89,89.46,115.51,143.41,185.84,85.31,136.69,135.13,148.54,75.31,131.25,124.8,47.4,84.49,88.0,116.24,147.68,130.68,129.84,11.19,83.2,89.92,127.64,133.42,103.34,99.98,197.83,171.38,173.47,149.92,123.36,142.86,177.01,162.76,106.22,126.74,153.38,155.62,174.67,168.09,164.04,172.02,167.39,151.87,166.58,164.43,146.53,141.34,143.58,138.29,173.1,160.25,149.3,152.02,169.35,169.07,139.48,108.28,201.02,177.39,245.16,246.38,236.69,228.87,223.95,212.19,212.43,206.96,90.48,80.91,83.61,84.27,117.35,97.25,93.59,106.41,68.45,60.31,96.82,89.08,77.68,87.01,96.3,122.54,115.94,100.34,90.56,115.7,132.01,111.12,82.99,88.07,73.73,64.5,47.18,71.59,69.78,54.86,63.32,71.29,68.38,77.73,75.86,54.35,48.13,39.46,55.77,71.5,75.51,79.98,74.9,78.43,39.35,28.77,46.14,37.67,17.1,43.95,37.17,42.53,30.65,49.91,18.42,85.85,105.99,46.06,51.0,37.01,42.11,73.29,77.99,62.15,64.82,54.13,45.36,40.06,28.73,72.83,64.98,52.21,57.56,96.94,96.05,96.48,99.81,105.95,121.24,127.99,66.75,68.54,67.17,108.06,104.34,100.03,87.28,78.92,71.68,125.98,110.88,116.31,136.2,120.68,130.69,136.76,138.27,152.54,83.32,123.8,99.69,59.58,64.4,83.51,77.73,66.07,67.24,92.05,101.72,111.98,117.93,104.05,110.23,122.16,145.96,107.67,118.71,126.78,135.08,141.78,152.61,142.94,141.12,73.42,79.83,89.03,90.67,102.69,95.89,169.77
67.9,88.81,95.63,100.57,72.31,129.65,114.98,139.38,132.45,71.28,81.44,36.59,37.43,115.59,90.14,146.57,77.49,103.71,110.41,49.38,52.77,53.66,100.2,111.14,127.48,90.66,91.71,30.42,39.39,30.88,59.39,123.92,51.36,43.78,141.0,83.63,43.34,146.44,86.4,128.09,111.03,24.52,79.68,66.74,51.87,34.88,85.25,133.76,97.17,28.17,30.01,131.47,102.75,55.47,137.53,41.19,115.52,92.7,113.54,156.51,47.96,71.93,6.9,121.83,71.96,127.78,125.82,171.15,103.94,115.03,41.64,86.99,32.69,105.24,62.62,87.89,157.9,20.52,94.45,76.51,164.47,26.0,103.94,143.82,105.08,22.78,89.62,33.05,88.45,82.22,82.74,0.0,134.15,51.77,87.34,122.23,63.98,120.45,104.06,46.48,76.1,106.71,119.84,65.5,23.55,15.77,119.78,88.71,128.6,86.88,35.45,61.88,90.77,33.24,78.72,12.03,79.82,32.65,87.71,20.37,123.69,43.4,45.47,107.34,47.57,17.53,141.55,77.99,148.69,44.08,51.1,66.72,135.94,8.52,84.22,91.63,129.87,111.81,131.01,86.96,104.33,71.24,63.35,96.72,78.79,108.94,61.59,84.05,98.81,95.53,110.71,113.41,61.46,53.53,95.24,97.94,90.0,84.17,56.39,129.97,56.03,80.66,119.38,21.2,126.36,49.67,151.78,152.81,115.25,59.69,70.5,100.79,120.8,102.49,124.27,31.12,53.3,86.59,6.4,74.69,44.8,47.14,17.61,43.18,91.27,77.51,103.72,38.74,73.52,153.33,93.19,66.8,65.25,78.65,89.57,61.36,54.91,40.73,98.75,102.26,46.36,77.8,60.8,59.96,79.56,97.47,13.15,57.76,63.53,26.56,23.21,157.14,130.68,125.81,118.97,109.86,126.95,136.43,122.18,73.05,68.71,83.49,85.74,104.79,98.21,94.16,102.14,97.51,81.99,96.7,94.54,76.65,71.45,75.63,75.01,103.21,90.37,96.91,82.14,112.07,99.18,101.01,31.51,168.52,145.87,212.66,213.88,204.18,196.37,191.45,179.68,179.93,174.46,13.71,26.68,8.71,9.37,64.64,41.71,44.54,29.64,26.61,28.19,31.09,12.3,49.02,37.96,28.78,84.06,89.3,86.84,92.8,102.2,118.5,97.62,96.2,102.01,104.69,26.76,43.25,46.02,32.04,38.27,46.73,54.7,57.05,61.14,59.27,50.64,44.66,57.56,52.05,120.09,64.18,68.66,63.58,67.11,56.64,60.77,47.13,68.51,84.68,92.55,89.08,80.24,96.06,73.14,85.33,90.12,120.26,111.48,116.41,102.42,107.52,138.7,143.41,127.56,130.23,119.54,112.93,107.63,96.31,108.92,86.35,104.9,101.84,112.4,111.51,110.75,114.07,120.22,135.51,142.25,134.32,136.12,134.74,173.47,169.75,165.44,167.77,146.49,139.25,140.24,125.14,130.57,150.47,134.94,144.95,151.02,152.54,166.8,151.54,172.8,139.14,126.56,131.39,139.56,113.81,135.62,130.29,131.49,141.16,138.5,144.45,119.51,124.49,136.43,160.22,123.13,132.97,141.04,149.34,156.05,166.87,157.21,155.39,140.99,147.4,156.6,158.24,170.27,163.47,184.03
87.01,81.38,42.18,228.75,81.7,257.83,243.16,267.56,260.64,199.46,209.62,164.77,109.21,243.77,69.92,198.16,205.67,60.12,188.6,113.47,180.95,181.84,228.38,239.32,255.67,138.99,71.74,158.6,100.97,159.06,187.58,252.1,179.54,106.13,12.36,80.69,171.52,274.63,98.6,256.27,239.21,122.89,58.19,72.48,176.95,163.06,213.44,261.94,155.04,122.89,106.61,259.65,230.94,94.52,189.12,169.37,243.7,220.88,241.72,284.69,100.84,185.19,137.92,250.01,169.49,255.96,202.75,42.5,155.53,28.7,122.93,99.19,160.87,176.26,190.8,216.07,29.26,148.7,222.63,88.7,35.83,154.18,232.12,272.0,233.26,117.49,87.04,124.04,100.64,162.6,174.73,134.15,0.0,180.29,168.68,250.75,192.5,18.33,41.47,175.0,180.07,235.23,248.36,100.17,119.05,144.29,248.3,73.85,257.12,98.12,102.71,190.4,219.29,161.76,207.24,126.89,81.67,161.17,216.23,127.45,252.21,111.21,110.37,30.13,176.09,122.95,13.22,89.23,20.37,172.6,179.62,68.65,9.04,134.76,50.01,166.74,13.14,240.33,259.53,162.08,232.85,65.59,92.58,148.24,90.02,237.46,87.79,68.99,227.33,38.79,239.23,23.19,189.98,83.87,223.76,226.46,72.14,212.69,121.3,8.41,184.55,166.2,197.56,149.72,254.88,178.19,203.31,230.99,243.77,84.13,74.57,34.28,249.32,231.01,13.95,159.64,181.82,215.11,130.13,60.59,97.42,175.66,130.8,171.7,152.8,206.03,232.24,101.22,88.29,25.01,221.71,80.48,95.05,65.32,218.09,91.16,83.3,169.25,227.27,230.78,90.3,89.04,75.62,89.76,163.72,225.99,125.23,80.51,79.46,113.26,115.46,47.52,21.07,39.79,25.89,53.09,33.86,9.53,16.69,89.04,97.94,87.74,96.98,55.36,63.11,65.61,84.28,79.65,68.66,78.84,76.69,58.24,63.43,54.86,63.33,53.78,46.51,47.61,56.24,35.68,49.75,57.94,115.18,40.19,17.55,84.33,85.55,75.86,68.04,63.12,51.36,51.6,46.13,137.44,155.2,142.74,143.4,103.21,107.61,113.71,112.96,155.13,156.71,129.87,130.15,131.12,118.17,129.36,69.94,76.1,74.39,89.13,59.03,47.65,64.04,92.52,98.33,101.01,155.28,171.77,174.54,160.56,166.79,175.25,183.22,185.57,189.66,187.79,179.16,173.18,170.98,146.57,119.9,192.7,197.18,192.1,195.63,185.16,189.29,175.65,197.03,167.88,134.71,141.06,143.1,145.54,155.24,191.51,218.64,248.78,163.0,167.94,139.33,159.04,190.23,194.93,179.09,181.76,171.07,191.11,185.81,174.49,237.44,214.87,233.42,230.36,240.92,240.03,239.27,242.59,248.74,264.03,270.77,212.5,214.3,211.06,224.99,221.6,200.03,219.3,219.51,216.11,268.76,253.66,259.09,278.99,263.46,273.47,279.54,281.06,295.32,229.07,301.32,267.66,216.35,221.17,268.08,242.33,264.14,258.81,260.01,269.68,267.02,272.97,248.03,253.01,264.95,288.74,251.65,261.49,269.56,277.86,284.57,295.39,285.73,283.9,219.17,225.58,234.78,236.42,248.45,241.65,312.55
113.72,134.64,141.45,52.42,118.14,81.5,66.84,91.23,84.31,51.63,33.29,31.08,83.25,67.45,135.97,141.38,29.34,149.54,104.28,95.2,10.33,34.01,52.06,63.0,79.34,92.74,137.54,31.27,85.21,28.24,54.21,75.77,46.17,89.61,186.83,129.46,9.24,98.3,132.23,79.94,62.88,70.34,125.51,112.57,49.62,22.34,37.11,85.61,91.98,74.0,75.83,83.33,54.61,101.29,132.34,17.47,67.37,44.55,65.4,108.36,93.79,52.28,46.02,73.68,69.7,79.64,119.69,216.97,98.75,160.85,87.46,132.82,41.91,99.12,27.97,39.74,203.73,34.32,46.3,122.33,210.29,37.82,55.79,95.67,56.94,68.6,135.45,78.87,134.27,77.03,63.1,51.77,180.29,0.0,68.46,74.1,45.09,166.26,149.86,16.77,57.22,58.58,71.71,111.31,69.36,39.89,71.65,134.52,80.47,132.69,81.25,43.0,42.64,28.09,30.59,57.83,125.63,29.86,39.58,66.18,75.56,89.21,91.27,153.15,28.69,63.34,187.35,123.79,194.5,30.7,18.92,112.52,181.74,50.01,130.03,85.42,175.68,63.68,82.88,81.71,56.2,117.04,109.16,91.47,124.59,60.81,107.4,129.85,50.68,141.34,62.58,159.21,13.33,99.33,47.11,49.81,135.81,36.04,102.2,175.78,37.15,75.4,113.19,41.99,78.24,6.51,146.53,146.62,67.12,105.49,116.31,146.6,72.67,54.36,170.07,35.38,40.85,38.46,52.21,120.49,90.61,44.58,63.42,29.8,86.01,29.38,55.59,84.54,119.33,199.14,45.06,112.61,111.05,124.46,41.44,107.17,100.72,44.99,50.62,54.14,92.17,123.6,106.6,105.77,72.58,49.34,58.95,103.56,109.34,72.37,69.01,202.94,176.49,171.62,164.78,155.67,172.75,182.23,167.99,118.86,114.52,129.3,131.54,150.59,144.01,139.97,147.94,143.31,127.8,142.51,140.35,122.45,117.26,121.44,120.82,149.02,136.17,142.71,127.95,157.87,144.99,146.82,77.31,214.32,191.68,258.46,259.68,249.99,242.18,237.25,225.49,225.74,220.27,59.51,49.94,52.64,53.3,110.44,87.51,90.34,75.44,47.4,48.98,76.89,58.11,94.82,83.77,74.58,129.87,135.11,132.65,138.61,148.01,164.31,143.42,142.0,147.81,124.38,37.79,19.52,40.87,38.86,19.83,22.5,24.98,14.64,31.42,27.09,54.91,48.93,55.78,56.32,122.15,16.05,20.53,15.45,18.98,51.38,26.93,23.41,49.62,78.49,94.61,97.33,82.3,90.81,75.2,66.44,41.99,72.13,106.22,111.16,97.17,102.27,133.45,138.15,122.31,124.98,114.29,106.74,101.44,90.12,60.79,38.22,56.78,53.71,64.27,63.38,62.62,65.94,72.09,87.38,94.12,128.14,129.93,128.55,168.22,164.5,160.19,162.52,140.3,133.06,92.11,77.01,82.45,102.34,86.81,96.82,102.89,104.41,118.67,103.41,124.67,91.01,78.43,83.26,91.44,65.69,87.49,82.16,83.36,93.03,90.37,96.32,71.38,76.36,88.3,112.09,75.0,84.84,92.92,101.21,107.92,118.74,109.08,107.26,134.8,141.21,150.41,142.1,166.9,157.28,135.9
132.24,96.15,159.96,75.59,124.92,120.72,106.06,130.45,81.78,25.33,70.58,67.39,118.82,106.67,154.48,75.18,91.47,168.05,36.77,106.05,69.45,37.12,69.96,102.22,118.56,36.45,105.52,59.52,97.0,64.54,27.3,114.99,33.31,100.46,180.99,147.97,60.02,137.52,150.74,119.16,102.1,93.76,144.02,128.61,35.59,62.75,78.6,124.83,25.78,109.57,111.4,97.4,72.52,123.51,66.14,53.48,88.53,63.37,104.62,147.58,105.8,17.53,81.59,112.9,13.86,77.11,52.18,197.27,32.54,156.3,75.48,151.33,54.37,31.6,84.15,88.17,184.03,64.5,70.36,140.84,190.59,61.13,93.85,134.89,96.16,104.17,153.96,85.75,152.78,10.83,7.07,87.34,168.68,68.46,0.0,64.17,25.82,155.03,156.25,68.44,24.55,97.81,110.94,106.79,100.33,76.22,110.88,152.47,119.7,150.64,112.66,39.07,75.2,64.17,88.65,94.16,92.73,53.23,72.89,102.5,89.6,125.53,102.07,157.69,43.24,99.67,176.0,141.75,177.36,48.64,73.05,133.33,170.39,86.34,147.98,17.91,164.33,102.91,122.11,15.43,94.23,135.0,114.37,25.18,142.55,98.84,120.8,147.81,89.91,159.29,101.81,150.74,78.15,117.29,64.42,77.97,153.76,85.61,112.99,164.43,38.29,11.72,45.68,68.39,117.46,66.35,80.25,79.11,94.14,126.39,134.26,152.99,86.71,93.59,158.72,53.6,42.26,87.68,88.54,138.45,109.35,38.79,99.75,50.63,19.73,81.26,94.82,110.96,137.28,179.71,90.67,130.56,129.01,142.41,80.67,125.12,118.68,45.82,89.85,93.36,110.12,141.56,124.56,123.72,5.07,88.57,95.28,121.52,127.3,108.7,105.34,191.71,165.26,167.34,143.8,117.24,136.74,170.88,156.64,100.1,120.62,147.25,149.5,168.55,161.97,157.92,165.9,161.27,145.75,160.46,158.3,140.41,135.21,137.46,132.17,166.98,154.13,143.18,145.9,163.23,162.94,133.36,113.64,194.89,171.27,239.04,240.25,230.56,222.75,217.83,206.06,206.31,200.84,95.84,86.27,88.97,89.63,111.23,91.13,87.46,104.6,73.81,58.73,90.7,94.44,71.55,80.89,90.18,116.41,109.82,94.22,84.44,109.58,125.88,105.0,76.87,81.94,67.6,69.86,52.54,76.95,75.15,60.22,68.69,76.65,73.74,83.09,81.22,48.23,42.01,33.33,49.64,65.37,80.87,85.35,80.26,83.79,33.23,34.13,51.5,31.55,10.98,37.83,31.05,36.4,24.53,43.78,23.78,91.21,111.36,39.94,44.88,30.89,35.98,67.17,71.87,56.03,58.7,48.01,39.23,33.93,22.61,78.2,70.35,57.57,62.93,102.3,101.41,101.85,105.17,111.32,126.61,133.35,60.63,62.42,61.04,101.94,98.22,93.9,81.15,72.79,65.56,131.34,116.24,121.67,141.57,126.04,136.05,142.12,143.64,157.9,77.19,117.68,105.05,64.94,69.77,89.86,83.09,71.43,72.61,97.41,107.08,117.35,123.3,109.41,115.59,127.53,151.32,113.03,124.07,132.14,140.44,147.15,157.97,148.3,146.48,67.29,73.7,82.91,84.55,96.57,89.77,175.13
184.18,148.25,211.91,30.97,188.59,82.13,67.47,91.86,17.61,38.83,39.33,101.54,153.71,68.08,206.42,104.8,54.65,219.99,61.44,165.66,80.78,59.12,25.35,63.63,79.97,88.55,157.62,101.72,155.67,98.7,77.35,76.4,69.32,160.07,257.28,199.92,79.7,77.11,202.68,80.57,48.86,140.8,195.96,183.02,72.77,92.8,41.78,71.47,74.32,144.46,146.29,27.99,19.29,171.75,90.48,87.93,23.2,35.29,66.03,87.17,164.24,47.99,116.48,74.31,71.94,12.94,76.85,249.37,84.64,231.31,127.57,203.27,83.41,59.35,98.43,51.35,236.12,104.78,31.77,192.79,242.69,83.13,34.78,74.48,57.57,139.06,205.9,149.33,204.73,65.06,58.8,122.23,250.75,74.1,64.17,0.0,44.17,236.22,219.82,86.73,80.37,59.22,72.35,158.94,139.32,109.85,72.29,204.48,81.11,202.65,151.21,66.15,36.61,98.05,51.83,127.79,144.88,75.24,36.07,136.14,21.35,159.17,161.24,223.11,65.25,133.3,257.31,193.76,264.46,70.64,88.89,182.49,251.7,119.97,199.99,59.5,245.64,64.32,61.63,61.44,40.79,187.0,179.12,77.34,194.55,38.07,177.36,199.81,51.32,211.3,63.22,229.17,61.07,169.29,27.51,38.44,205.77,48.79,172.16,245.74,60.3,69.9,70.38,111.95,78.87,76.47,103.06,89.29,28.81,175.46,186.27,216.56,20.36,55.0,240.03,80.76,64.0,50.86,122.17,190.46,160.57,67.73,133.38,72.64,69.24,44.43,56.23,154.51,189.29,269.1,52.08,182.57,181.02,194.42,42.08,177.13,170.68,74.76,51.26,54.77,162.13,193.56,176.56,175.73,68.29,49.97,128.91,173.52,179.3,142.33,138.97,272.9,246.45,241.58,234.74,169.4,188.9,252.2,237.95,152.25,184.48,199.26,201.5,220.56,213.97,209.93,217.91,213.28,197.76,212.47,210.31,192.41,187.22,191.4,190.78,218.98,206.13,212.68,197.91,227.83,214.95,185.52,147.28,284.28,261.64,328.42,329.64,319.95,312.14,307.21,295.45,295.7,290.23,129.47,119.9,122.6,123.27,180.4,157.48,160.3,145.4,117.36,87.68,146.86,128.07,123.71,153.73,144.55,168.57,161.98,146.38,136.6,161.74,178.04,157.16,129.03,134.1,119.76,107.75,89.48,110.83,108.83,89.79,92.46,94.94,84.61,101.38,97.05,86.34,80.11,78.93,87.75,117.53,67.91,72.38,66.13,66.72,74.53,56.13,73.5,72.77,59.03,89.99,83.21,88.56,76.69,95.94,62.15,54.39,72.77,92.1,97.04,83.05,88.14,96.86,101.56,105.55,98.36,100.17,63.94,58.64,47.31,16.53,42.26,37.36,34.29,40.08,47.97,63.25,66.58,78.95,88.02,94.76,85.33,87.12,85.75,126.72,123.01,120.12,109.04,97.5,90.26,72.94,77.65,77.59,86.66,87.45,95.07,103.53,102.66,104.91,36.69,69.3,35.64,7.92,12.74,24.71,10.8,7.27,8.44,27.99,37.66,47.93,53.88,47.19,60.28,67.05,90.84,50.81,58.42,71.67,79.97,86.67,97.5,95.18,100.0,92.63,86.58,87.16,75.38,100.83,95.25,114.66
125.93,121.03,153.66,55.59,130.34,100.72,86.06,110.45,61.78,5.33,50.58,44.02,95.46,86.67,148.18,100.05,71.47,161.74,61.65,107.41,46.09,13.75,49.96,82.22,98.56,61.33,130.4,36.16,97.42,41.18,31.99,94.99,23.95,101.82,199.04,141.67,36.66,117.52,144.44,99.16,82.1,82.55,137.72,124.77,27.41,39.39,58.6,104.83,50.65,86.21,88.04,77.4,52.52,113.5,91.01,30.12,68.53,43.37,84.62,127.58,105.99,9.65,58.23,92.9,38.73,57.11,77.06,229.18,57.42,173.06,80.59,145.03,38.04,56.48,60.79,68.18,215.93,41.14,50.36,134.54,222.5,37.77,73.85,114.9,76.16,80.81,147.65,65.53,146.48,35.71,20.46,63.98,192.5,45.09,25.82,44.17,0.0,179.23,162.83,45.08,35.0,77.81,90.94,124.28,82.33,52.86,90.88,147.49,99.7,145.66,94.22,20.78,55.2,40.81,68.65,70.8,117.6,29.87,52.89,79.14,69.6,102.17,104.24,166.12,19.88,76.31,200.32,136.76,207.47,25.28,49.69,125.49,194.71,62.98,143.0,42.79,188.65,82.91,102.11,40.3,74.23,130.01,122.12,50.06,137.56,78.84,120.36,142.82,69.91,154.3,81.81,172.18,54.78,112.3,44.42,57.97,148.77,65.61,115.17,188.75,14.93,36.6,70.56,45.03,97.47,42.99,105.13,103.99,74.14,118.46,129.28,159.57,66.71,73.59,183.04,35.39,18.63,67.68,65.18,133.46,103.57,22.37,76.39,27.27,44.61,61.26,74.82,97.51,132.29,212.11,70.67,125.58,124.02,137.43,60.67,120.13,113.69,29.4,69.85,73.36,105.13,136.57,119.57,118.73,29.94,68.57,71.92,116.53,122.31,85.34,81.98,215.91,189.46,184.59,177.75,142.12,161.62,195.2,180.96,124.97,127.48,142.27,144.51,163.56,156.98,152.93,160.91,156.28,140.76,155.47,153.32,135.42,130.23,134.41,133.78,161.99,149.14,155.68,140.91,170.84,157.96,159.78,90.28,227.29,204.65,271.43,272.65,262.96,255.14,250.22,238.46,238.7,233.24,72.48,62.91,65.61,66.27,113.71,81.67,78.0,88.41,50.45,42.31,65.17,71.08,76.72,71.42,87.55,142.84,134.69,119.1,109.32,134.46,150.76,129.87,101.74,106.82,92.48,46.5,29.18,53.59,51.78,36.86,45.32,53.29,50.38,59.73,57.86,40.97,34.75,33.57,42.38,90.25,57.51,61.98,56.9,60.43,29.17,10.77,28.14,27.41,35.86,62.7,55.93,61.28,49.41,52.98,23.81,71.21,91.36,64.82,69.75,55.77,60.86,92.05,96.75,80.9,83.57,72.88,64.11,58.81,47.48,58.2,50.35,37.57,42.93,82.3,81.41,81.85,85.17,91.32,106.61,113.35,85.5,87.29,85.92,126.81,123.09,118.78,106.03,97.67,90.43,111.34,96.24,101.68,121.57,106.04,116.05,122.12,123.64,137.9,80.85,118.72,85.05,44.94,49.77,68.88,63.09,51.44,52.61,77.41,87.08,97.35,103.3,89.41,95.59,107.53,131.32,93.03,104.07,112.15,120.44,127.15,137.97,128.31,126.49,92.17,98.58,107.78,109.42,121.45,114.65,155.13
73.31,67.8,28.49,215.05,68.01,244.13,229.47,253.86,246.94,185.76,195.93,151.08,95.52,230.08,56.23,184.59,191.97,46.42,175.03,99.78,167.25,168.15,214.69,225.63,241.97,125.41,58.16,144.9,87.28,145.36,173.88,238.4,165.84,92.44,24.87,66.99,157.83,260.93,84.9,242.57,225.51,109.2,44.5,58.78,163.25,149.37,199.74,248.24,141.47,109.19,92.91,245.96,217.24,80.82,175.55,155.68,230.0,207.18,228.03,270.99,87.15,171.61,124.23,236.31,155.91,242.27,189.17,55.02,141.96,11.41,109.23,85.49,147.17,162.69,177.1,202.38,41.77,135.0,208.94,75.01,48.34,140.48,218.42,258.3,219.57,103.8,73.34,110.34,86.94,149.02,161.15,120.45,18.33,166.26,155.03,236.22,179.23,0.0,27.76,161.3,166.48,221.53,234.66,86.46,105.35,130.58,234.6,60.14,243.41,84.42,89.0,176.7,205.59,148.06,193.53,113.18,68.08,147.46,202.53,113.75,238.5,97.5,96.67,13.53,162.39,109.24,25.73,75.52,32.88,158.89,165.91,54.94,18.92,121.06,36.31,153.16,8.32,226.62,245.82,148.49,219.14,51.88,78.87,134.66,76.32,223.76,74.09,55.29,213.63,25.08,225.52,7.03,176.27,70.17,210.05,212.75,58.44,198.98,107.59,11.7,170.85,152.62,183.97,136.01,241.18,164.48,189.72,217.4,230.06,70.43,60.87,20.58,235.61,217.31,14.86,145.93,168.12,201.41,116.43,46.88,83.72,161.96,117.1,157.99,139.21,192.33,218.54,87.51,74.58,37.52,208.0,66.77,81.35,51.62,204.39,77.46,69.59,155.54,213.57,217.08,76.6,75.33,61.92,76.06,150.14,212.28,111.52,66.8,65.75,99.55,101.75,39.14,12.69,22.51,12.3,39.5,20.28,19.41,15.51,75.45,84.23,74.03,83.27,41.65,49.4,51.9,70.58,65.95,54.96,65.14,62.98,44.53,49.73,41.15,49.62,40.08,32.81,33.9,42.54,21.97,36.04,44.24,101.48,52.7,30.06,96.84,98.06,88.37,80.56,75.63,63.87,64.11,58.65,123.73,141.49,129.04,129.7,89.63,93.9,100.0,99.26,141.43,143.01,116.17,116.44,117.41,104.46,115.65,56.24,62.52,60.81,75.54,45.45,34.07,50.45,78.93,84.74,87.42,141.57,158.06,160.83,146.86,153.08,161.55,169.51,171.87,175.95,174.08,165.46,159.48,157.28,132.87,106.31,179.0,183.47,178.39,181.92,171.45,175.59,161.95,183.32,154.29,121.12,127.47,129.51,131.96,141.53,177.92,204.94,235.07,149.41,154.35,125.74,145.46,176.64,181.34,165.5,168.17,157.48,177.53,172.23,160.9,223.74,201.17,219.72,216.66,227.22,226.33,225.56,228.88,235.03,250.32,257.06,198.92,200.71,197.48,211.41,207.69,203.37,205.71,205.93,202.52,255.06,239.96,245.39,265.28,249.76,259.77,265.83,267.35,281.62,215.49,287.62,253.95,202.76,207.58,254.38,228.63,250.43,245.11,246.31,255.98,253.32,259.27,234.33,239.31,251.24,275.04,237.94,247.78,255.86,264.16,270.86,281.69,272.02,270.2,205.58,212.0,221.2,222.84,234.86,228.06,298.85
56.91,69.03,9.56,198.65,51.61,227.73,213.07,237.46,230.54,169.36,179.53,134.68,79.12,213.68,37.3,185.81,175.57,27.49,176.25,83.38,150.85,151.75,198.29,209.23,225.57,126.64,50.79,128.5,70.88,128.96,157.48,222.0,149.44,76.04,48.01,50.59,141.43,244.53,68.5,226.17,209.11,92.8,28.1,42.39,146.85,132.97,183.34,231.84,142.69,92.79,76.51,229.56,200.84,64.42,176.77,139.28,213.6,190.78,211.63,254.59,70.75,170.02,107.83,219.91,154.43,225.87,190.4,78.15,143.18,19.66,92.83,69.09,130.77,163.91,160.7,185.98,64.91,118.6,192.54,58.61,71.47,124.08,202.02,241.91,203.17,87.4,56.94,93.94,70.55,150.25,162.38,104.06,41.47,149.86,156.25,219.82,162.83,27.76,0.0,144.9,174.52,205.13,218.26,70.06,88.95,114.19,218.2,43.74,227.01,68.02,72.6,160.3,189.19,131.66,177.13,96.78,69.31,131.07,186.13,97.35,222.11,81.1,80.27,11.74,145.99,92.84,48.87,59.12,56.02,142.49,149.52,38.54,43.27,104.66,19.91,154.38,37.2,210.22,229.42,149.71,202.75,35.48,62.47,135.88,59.92,207.36,57.69,38.89,197.23,8.69,209.12,20.73,159.88,53.77,193.65,196.36,42.04,182.59,91.2,37.3,154.45,153.84,185.2,119.61,224.78,148.08,190.94,218.63,213.66,54.03,44.47,8.12,219.21,200.91,31.59,129.53,151.72,185.01,100.03,30.48,67.32,145.56,100.7,141.59,140.44,175.93,202.14,71.11,58.18,60.66,191.61,50.38,64.95,35.22,187.99,61.06,53.19,139.14,197.17,200.68,60.2,58.93,45.52,59.66,151.36,195.88,95.12,50.4,49.36,83.15,85.35,64.47,38.01,20.84,26.3,53.5,34.28,43.76,29.51,77.61,67.83,57.63,66.87,22.74,30.49,32.99,54.18,49.55,38.56,48.74,46.58,28.13,33.33,24.75,33.22,21.17,13.9,17.5,26.14,19.4,9.85,27.84,85.08,75.85,53.2,119.99,121.2,111.51,103.7,98.78,87.01,87.26,81.79,107.33,125.09,112.64,113.3,81.11,77.51,83.6,82.86,125.03,126.61,99.77,100.04,101.01,88.06,99.25,39.84,48.39,62.03,76.76,59.45,48.06,64.45,80.16,85.96,88.65,125.18,141.66,144.43,130.46,136.69,145.15,153.11,155.47,159.55,157.68,149.06,143.08,140.88,116.47,107.53,162.6,167.08,161.99,165.52,155.05,159.19,145.55,166.92,155.51,122.34,128.69,132.23,133.18,125.13,183.74,188.54,218.67,150.64,155.57,126.96,146.68,177.86,182.57,166.72,169.39,158.7,178.75,173.45,162.12,207.34,184.77,203.32,200.26,210.82,209.93,209.16,212.49,218.63,233.92,240.66,200.14,201.93,198.7,212.63,208.91,204.6,206.93,207.15,203.74,238.66,223.56,228.99,248.88,233.36,243.37,249.43,250.95,265.22,249.96,271.22,237.55,224.98,229.8,237.98,212.23,234.03,228.71,229.91,239.58,236.92,242.87,217.93,222.91,234.84,258.64,221.55,231.38,239.46,247.76,254.46,265.29,255.62,253.8,206.81,213.22,222.42,224.06,236.09,229.29,282.45
108.44,129.35,136.16,65.56,112.85,94.64,79.98,104.37,97.45,51.61,46.43,17.4,77.97,80.59,130.68,141.36,42.48,144.25,104.26,89.91,6.43,33.99,65.2,76.14,92.48,92.72,132.25,25.98,79.92,19.33,54.19,88.91,46.15,84.32,181.54,124.17,16.65,111.44,126.94,93.08,76.02,65.05,120.22,107.28,49.6,12.13,50.25,98.75,91.96,68.71,70.55,96.47,67.75,96.0,132.32,17.45,80.51,57.69,78.54,121.5,88.5,52.26,40.73,86.82,69.68,92.78,119.67,211.69,98.73,155.57,82.17,127.53,39.59,99.1,17.16,52.88,198.44,29.03,59.44,117.05,205.01,35.5,68.93,108.81,70.08,63.32,130.16,73.59,128.98,77.01,63.08,46.48,175.0,16.77,68.44,86.73,45.08,161.3,144.9,0.0,57.0,71.7,84.83,106.24,64.29,34.82,84.77,129.45,93.58,127.62,76.18,42.78,55.76,19.39,43.7,52.76,120.56,25.6,52.7,61.1,88.67,84.13,86.2,148.08,28.47,58.27,182.28,118.72,189.43,26.44,5.87,107.45,176.67,44.94,124.96,85.2,170.61,76.79,95.99,81.49,69.31,111.97,104.09,91.25,119.52,73.93,102.33,124.78,63.79,136.27,75.69,154.14,26.44,94.26,60.22,62.92,130.74,49.15,97.13,170.71,36.93,75.18,112.97,36.92,91.35,14.83,146.31,146.4,80.23,100.42,111.24,141.53,85.78,67.47,165.0,33.28,40.63,51.58,47.14,115.42,85.54,44.36,58.35,25.54,85.79,42.5,68.7,79.47,114.26,194.07,58.17,107.54,105.98,119.39,54.56,102.1,95.65,42.89,63.74,67.25,87.1,118.53,101.53,100.7,72.36,62.45,53.88,98.49,104.27,67.3,63.94,197.87,171.42,166.55,159.71,150.6,167.68,177.16,162.92,113.79,109.44,124.23,126.47,145.52,138.94,134.89,142.87,138.24,122.73,137.44,135.28,117.38,112.19,116.37,115.75,143.95,131.1,137.64,122.88,152.8,139.92,141.75,72.24,209.25,186.61,253.39,254.61,244.92,237.11,232.18,220.42,220.67,215.2,54.44,44.87,47.57,48.23,105.37,82.44,85.27,70.37,42.33,43.91,71.82,53.04,89.75,78.7,69.51,124.8,130.04,127.58,133.54,142.93,159.24,138.35,136.93,142.74,124.16,32.72,19.3,26.96,24.95,8.72,9.45,9.46,8.74,15.9,14.03,52.8,46.82,55.56,54.21,121.93,29.16,33.64,28.56,32.09,51.16,35.24,23.19,49.4,78.27,94.39,97.11,82.08,90.59,74.98,66.22,55.11,85.24,106.0,110.94,96.95,102.05,133.23,137.93,122.09,124.76,114.07,106.52,101.22,89.9,73.91,51.33,69.89,66.82,77.38,76.5,75.73,79.05,85.2,100.49,107.23,127.92,129.71,128.33,168.0,164.28,159.97,162.3,140.08,132.84,105.22,90.12,95.56,115.45,99.93,109.93,116.0,117.52,131.79,116.53,137.78,104.12,91.55,96.37,104.55,78.8,100.6,95.28,96.48,106.15,103.49,109.43,84.49,89.48,101.41,125.21,88.11,97.95,106.03,114.33,121.03,131.86,122.19,120.37,134.58,140.99,150.19,155.22,163.86,157.06,149.02
138.06,107.55,165.78,91.79,136.32,135.09,120.42,144.82,97.98,41.53,86.88,56.15,107.58,121.03,160.3,86.57,82.93,173.87,50.41,107.49,58.21,25.88,86.16,116.58,132.93,47.84,116.91,48.29,98.44,53.31,24.65,129.36,30.66,101.9,192.39,153.79,48.78,151.89,156.56,133.53,116.47,94.67,149.84,140.01,36.62,51.51,90.7,139.2,37.17,98.33,100.17,113.6,88.72,125.62,77.53,42.24,120.96,79.57,118.98,161.95,107.23,41.13,70.35,127.27,14.89,93.31,65.82,208.67,43.94,167.7,76.91,157.15,46.17,45.25,72.91,93.33,195.42,53.26,86.56,146.66,201.99,49.89,109.38,149.26,110.52,92.94,159.78,87.19,158.6,22.23,30.67,76.1,180.07,57.22,24.55,80.37,35.0,166.48,174.52,57.0,0.0,112.16,125.29,118.26,94.45,64.98,125.23,159.61,134.05,157.78,106.34,15.11,91.4,52.93,84.16,82.92,104.2,41.99,89.09,91.27,105.81,114.3,103.56,169.16,32.0,88.43,187.47,148.89,188.83,37.4,61.82,137.61,181.87,75.1,155.12,31.57,175.8,117.26,136.45,26.9,109.78,142.13,125.85,36.66,149.68,114.39,132.27,154.94,104.26,166.43,116.16,162.22,66.91,124.42,80.62,94.17,160.9,89.62,114.49,175.9,20.34,20.59,59.32,57.15,131.81,55.12,91.72,92.75,120.7,130.58,141.4,171.69,102.91,107.94,170.19,47.51,26.76,92.04,77.3,145.58,115.7,30.5,88.51,39.4,31.21,82.96,109.17,109.64,144.42,191.19,98.64,137.7,136.15,149.55,95.02,132.26,125.81,37.53,104.2,107.71,117.26,148.69,131.69,130.86,19.5,102.91,84.04,128.65,134.43,97.46,94.1,203.18,176.73,178.82,155.27,128.72,148.22,182.36,168.11,111.57,132.09,154.39,156.63,175.68,169.1,165.06,173.04,168.4,152.89,167.6,165.44,147.54,142.35,148.93,143.65,174.11,161.26,154.65,153.04,182.96,170.08,144.83,102.41,206.37,182.75,250.51,251.73,242.04,234.22,229.3,217.54,217.78,212.32,84.6,75.03,77.73,78.4,110.03,92.62,88.96,100.53,62.57,50.44,73.3,83.2,73.05,82.38,77.19,127.89,121.29,105.7,95.91,121.05,137.36,116.47,88.34,93.42,79.08,58.62,41.31,65.71,63.91,48.99,57.45,65.41,62.5,71.85,69.98,49.17,42.94,34.27,50.58,76.85,69.63,74.11,69.02,72.55,14.57,31.8,40.26,7.6,24.62,49.3,42.52,47.88,36.0,49.31,47.28,95.57,125.7,51.42,56.35,42.36,47.46,78.64,83.35,67.5,70.17,59.48,52.87,47.57,36.25,94.4,86.55,73.77,79.13,117.85,116.96,116.19,119.52,125.66,140.96,147.7,74.26,76.06,74.68,113.41,109.69,105.38,107.71,86.43,79.19,145.69,130.59,136.02,155.92,140.39,150.4,156.47,157.98,172.25,90.83,131.31,110.85,78.11,82.93,103.5,99.29,87.64,88.81,113.61,123.28,133.55,139.5,124.96,129.94,141.88,165.67,128.58,138.42,146.49,154.79,161.49,172.32,162.65,160.83,80.93,87.34,96.54,98.18,110.21,103.41,189.48
168.67,189.58,196.39,29.92,173.08,47.48,32.82,57.22,61.81,72.48,35.52,86.02,138.19,33.43,190.91,172.04,39.14,204.48,133.64,150.14,65.27,88.96,34.25,15.02,45.32,133.31,192.48,86.21,140.15,83.18,109.15,41.75,101.11,144.55,241.77,184.4,64.19,68.69,187.17,45.93,33.27,125.28,180.45,167.51,104.57,77.28,26.51,51.59,122.64,128.94,130.78,60.83,40.24,156.23,147.4,72.41,44.87,42.7,31.38,78.75,148.73,81.64,100.96,39.67,110.72,57.13,133.77,271.91,129.41,215.8,142.4,187.76,96.85,128.47,82.92,20.5,258.67,89.26,27.91,177.27,265.24,92.76,33.29,66.06,27.32,123.54,190.39,133.82,189.21,107.7,92.45,106.71,235.23,58.58,97.81,59.22,77.81,221.53,205.13,71.7,112.16,0.0,37.6,166.53,124.58,95.11,37.54,189.74,46.35,187.91,136.47,98.22,22.87,83.31,37.08,113.05,180.85,85.08,37.04,121.4,53.29,144.43,146.49,208.37,83.91,118.56,242.57,179.02,249.72,85.92,74.14,167.74,236.96,105.23,185.25,115.03,230.9,29.56,53.2,112.55,27.54,172.26,164.38,122.31,179.81,35.58,162.62,185.07,23.26,196.56,28.46,214.43,46.33,154.55,34.26,27.54,191.03,27.84,157.42,231.0,92.37,108.84,127.57,97.21,44.12,61.73,165.99,133.74,44.85,160.71,171.53,201.82,50.39,6.65,225.29,90.6,96.07,36.54,107.43,175.71,145.83,99.81,118.64,85.02,116.86,29.69,21.48,139.77,174.55,254.36,15.0,167.83,166.28,179.68,18.92,162.39,155.94,100.21,19.69,19.73,147.39,178.82,161.82,160.99,102.19,12.48,114.17,158.78,164.56,127.59,124.23,258.16,231.71,226.84,220.0,210.89,227.97,237.46,223.21,174.08,169.74,184.52,186.76,205.81,199.23,195.19,203.17,198.53,183.02,197.73,195.57,177.67,172.48,176.66,176.04,204.24,191.39,197.94,183.17,213.09,200.21,202.04,132.54,269.54,246.9,313.68,314.9,305.21,297.4,292.47,280.71,280.96,275.49,114.73,105.16,107.86,108.53,165.66,142.74,145.56,130.66,102.62,104.2,132.11,113.33,150.04,138.99,129.81,185.09,190.33,187.87,193.83,203.23,219.53,198.65,173.99,179.07,164.73,93.01,74.74,96.09,94.09,75.05,77.72,80.2,69.87,86.64,82.31,110.13,104.15,111.0,111.54,162.5,53.16,57.64,51.39,51.98,106.61,82.15,78.63,104.84,108.1,134.95,128.17,133.53,121.65,130.42,96.06,40.08,38.01,137.06,142.0,128.01,133.11,164.29,168.99,153.15,155.82,145.13,136.36,131.06,119.73,46.18,40.22,43.93,40.86,39.04,37.08,28.5,35.14,41.28,53.26,60.0,148.26,142.25,142.93,180.66,176.94,181.27,153.5,160.43,153.19,57.99,42.89,48.33,68.22,52.7,62.7,68.77,70.29,84.56,81.14,102.4,68.74,63.82,68.64,69.16,51.07,65.21,59.89,61.09,70.76,65.14,71.09,46.15,46.69,58.62,82.42,52.52,55.16,63.24,71.54,78.24,89.07,74.96,73.14,137.08,131.04,131.62,119.83,144.63,139.71,106.23
181.8,202.71,209.53,43.05,186.21,12.31,17.72,36.54,74.94,85.61,48.65,99.16,151.33,6.37,204.04,185.17,52.27,217.61,146.77,163.28,78.4,102.09,47.39,41.74,13.15,146.45,205.61,99.34,153.29,96.32,122.28,6.58,114.24,157.68,254.9,197.53,77.32,57.52,200.3,22.8,39.2,138.42,193.58,180.64,117.7,90.42,39.64,30.92,135.77,142.07,143.91,73.96,53.37,169.37,160.53,85.55,58.0,55.83,23.92,58.91,161.86,94.77,114.09,6.08,123.85,70.27,146.91,285.05,142.54,228.93,155.54,200.89,109.98,141.6,96.05,36.38,271.8,102.39,41.04,190.41,278.37,105.89,46.42,56.11,27.44,136.68,203.52,146.95,202.35,120.83,105.58,119.84,248.36,71.71,110.94,72.35,90.94,234.66,218.26,84.83,125.29,37.6,0.0,179.33,137.37,107.9,16.83,202.53,25.59,200.7,149.27,111.01,35.67,96.11,49.87,125.85,193.64,97.88,49.83,134.19,66.08,157.22,159.29,221.16,96.7,131.35,255.37,191.81,262.51,98.71,86.94,180.54,249.76,118.02,198.04,127.83,243.69,12.99,43.26,125.34,39.57,185.06,177.17,135.1,192.61,47.61,175.41,197.87,31.04,209.35,14.97,227.23,59.13,167.35,47.06,40.33,203.82,45.72,170.21,243.8,105.16,121.64,140.36,110.0,8.95,74.53,178.78,146.54,57.64,173.51,184.32,214.61,63.19,33.41,238.09,103.4,108.86,49.34,120.22,188.51,158.62,112.6,131.43,97.81,129.65,42.49,18.54,152.56,187.34,267.15,30.86,180.62,179.07,192.47,31.71,175.18,168.73,113.01,25.55,23.09,160.18,191.62,174.62,173.78,114.98,26.67,126.97,171.58,177.36,140.39,137.03,270.96,244.5,239.64,232.79,223.68,240.77,250.25,236.0,186.87,182.53,197.31,199.56,218.61,212.03,207.98,215.96,211.33,195.81,210.52,208.36,190.47,185.27,189.45,188.83,217.03,204.19,210.73,195.96,225.89,213.0,214.83,145.33,282.34,259.69,326.48,327.7,318.0,310.19,305.27,293.5,293.75,288.28,127.53,117.96,120.66,121.32,178.46,155.53,158.36,143.46,115.42,117.0,144.91,126.12,162.84,151.78,142.6,197.88,203.12,200.66,206.62,216.02,232.32,211.44,186.79,191.86,177.52,105.8,87.54,108.88,106.88,87.84,90.51,93.0,82.66,99.44,95.1,122.92,116.94,123.8,124.33,175.29,65.96,70.44,64.19,64.77,119.4,94.94,91.42,117.64,120.9,147.75,140.97,146.32,134.45,143.21,108.85,52.87,15.55,149.86,154.8,140.81,145.9,177.09,181.79,165.95,168.62,157.93,149.15,143.85,132.53,58.97,53.01,56.72,53.66,49.69,49.11,25.57,32.2,38.35,18.1,24.84,161.05,155.05,155.72,193.45,189.73,194.06,166.29,173.22,165.98,37.23,22.13,27.57,47.46,31.93,41.94,33.61,55.99,72.61,93.93,115.19,81.53,76.61,81.44,81.96,63.86,78.01,72.68,73.89,73.69,76.72,74.33,57.73,52.55,48.68,75.82,51.59,54.23,56.64,61.57,71.65,70.78,54.2,52.38,149.88,143.83,144.41,132.63,157.42,152.5,85.42
43.3,23.21,61.33,160.1,27.34,189.18,174.52,198.91,191.99,131.17,140.98,96.13,40.57,175.13,55.84,136.35,137.02,69.41,126.79,39.89,112.3,113.2,159.74,170.68,187.02,77.17,32.58,89.95,29.73,90.41,121.11,183.45,110.89,32.55,106.7,59.03,102.88,205.98,61.8,187.62,170.56,51.65,45.38,21.77,105.7,94.42,144.79,193.29,93.23,54.24,37.96,191.01,162.29,16.66,127.31,100.73,175.05,152.23,173.08,216.04,25.74,123.37,69.28,181.36,107.67,187.32,140.93,136.85,93.71,80.73,51.68,62.39,92.22,114.44,122.15,147.43,123.6,80.05,153.99,51.9,130.17,85.53,163.47,203.35,164.62,48.85,65.02,52.79,63.84,100.78,112.91,65.5,100.17,111.31,106.79,158.94,124.28,86.46,70.06,106.24,118.26,166.53,179.33,0.0,46.98,75.43,179.44,53.11,188.26,62.74,33.85,121.54,150.44,92.9,138.38,58.03,14.32,92.31,147.37,58.59,183.35,42.35,35.97,73.28,107.23,54.09,107.48,53.84,114.63,103.74,110.76,26.54,101.87,65.9,50.15,104.92,95.8,171.47,190.67,100.25,163.99,37.17,7.59,86.41,54.64,168.6,14.01,48.26,158.47,61.46,170.37,79.34,121.12,22.13,154.9,157.6,51.41,143.83,46.89,95.91,115.69,104.37,135.73,80.86,186.03,109.33,141.48,169.16,174.91,19.6,38.81,66.73,180.46,162.15,90.2,90.78,112.96,146.25,61.28,40.62,27.43,106.81,61.95,102.84,90.97,137.18,163.38,32.36,49.37,119.27,152.85,35.11,41.1,44.59,149.23,37.21,27.93,100.39,158.41,161.93,26.79,53.65,25.1,35.81,101.9,157.13,56.37,33.61,34.09,44.4,46.6,123.07,96.62,91.75,70.92,44.36,63.86,102.36,88.11,7.55,13.83,59.35,61.59,70.72,64.14,60.09,63.54,58.91,47.92,58.11,55.95,36.95,31.76,30.67,30.05,69.15,56.3,41.65,42.44,78.0,65.11,56.05,46.33,134.45,111.81,178.59,179.81,170.12,162.3,157.38,145.62,145.86,140.39,68.58,73.52,73.88,74.54,18.94,35.54,41.64,40.89,86.28,87.85,57.8,61.29,59.04,46.1,57.28,39.1,36.93,21.34,27.3,36.69,53.0,32.11,30.69,36.5,39.18,86.42,102.91,105.68,91.7,97.93,106.39,114.36,116.71,120.8,118.93,110.3,104.33,98.91,74.5,58.07,123.84,128.32,123.24,126.77,126.92,120.43,106.79,125.24,106.05,72.88,79.23,81.27,83.72,88.65,129.68,149.78,179.92,101.17,106.11,77.5,97.22,128.4,133.1,117.26,119.93,109.24,129.28,123.98,112.66,168.59,146.01,164.57,161.5,172.06,171.17,170.41,173.73,179.88,195.17,201.91,150.68,152.47,149.24,163.17,159.45,155.13,157.47,157.69,154.28,199.9,184.8,190.24,210.13,194.6,204.61,210.68,212.2,226.46,167.24,232.46,198.8,154.52,159.34,199.23,173.48,166.21,189.95,191.16,200.83,198.16,204.11,179.17,184.16,196.09,219.88,182.79,192.63,200.71,209.0,215.71,226.53,216.87,215.05,157.34,163.75,172.96,174.6,186.62,179.82,243.69
52.49,70.19,80.21,118.15,56.9,147.23,132.57,156.96,150.04,88.86,99.02,54.17,32.34,133.17,74.73,129.89,95.07,88.3,120.33,27.24,70.35,71.25,117.78,128.73,145.07,74.37,76.3,48.0,17.25,48.46,76.98,141.5,68.94,21.65,125.59,68.22,60.92,164.03,70.99,145.67,128.61,8.22,64.27,51.33,69.45,52.46,102.84,151.34,86.77,21.15,24.92,149.06,120.34,40.05,120.85,58.77,133.1,110.28,131.12,174.09,26.05,89.51,27.33,139.41,86.94,145.37,134.47,155.73,87.26,99.62,25.34,71.58,50.27,107.99,80.2,105.47,142.49,38.1,112.03,61.09,149.05,43.58,121.52,161.4,122.67,15.76,74.21,16.75,73.03,94.32,100.33,23.55,119.05,69.36,100.33,139.32,82.33,105.35,88.95,64.29,94.45,124.58,137.37,46.98,0.0,33.36,137.37,72.79,146.19,70.96,30.34,79.47,108.37,50.83,96.31,15.96,61.29,50.24,105.3,25.4,141.28,38.29,23.32,91.42,65.16,7.01,125.62,62.06,132.77,61.67,68.69,50.79,120.01,23.83,68.3,98.46,113.95,129.4,148.6,93.79,121.92,55.31,43.8,79.96,62.86,126.53,45.66,68.12,116.4,79.6,128.3,97.48,79.05,37.6,112.83,115.53,74.07,101.76,34.24,114.05,73.62,97.92,129.27,38.79,143.96,67.26,135.02,162.7,132.84,43.76,54.57,84.87,138.39,120.08,108.34,48.71,70.89,104.18,19.2,58.76,29.66,64.74,24.29,60.77,84.51,95.11,121.31,33.63,57.59,137.41,110.78,50.88,49.32,62.73,107.16,45.43,38.99,58.32,116.34,119.86,30.43,61.87,44.87,44.03,95.44,115.06,19.82,41.83,47.61,21.46,18.1,141.21,114.76,109.89,103.05,91.34,111.02,120.5,106.26,54.53,50.05,67.57,69.81,88.86,82.28,78.23,86.21,81.58,66.06,80.77,78.62,60.72,55.53,59.71,59.08,87.29,74.44,80.98,66.21,96.14,83.25,85.08,26.4,152.59,129.95,196.73,197.95,188.26,180.44,175.52,163.76,164.0,158.53,26.51,35.52,31.81,32.47,42.49,19.56,25.66,7.48,44.2,45.78,14.78,10.78,32.71,21.65,11.81,68.14,73.37,68.31,65.66,83.67,99.98,79.09,69.05,74.86,77.54,44.35,60.84,63.61,49.63,55.86,64.32,72.29,74.64,78.73,76.86,68.23,62.26,72.57,48.16,103.78,81.77,86.25,81.17,84.7,74.23,78.36,64.72,86.1,99.59,76.24,72.77,63.93,77.26,56.83,102.92,107.71,137.85,94.71,99.65,80.86,90.76,121.94,126.64,110.8,113.47,102.78,122.83,117.53,106.2,126.52,103.94,122.5,119.43,129.99,129.1,128.34,131.66,137.81,153.1,159.84,144.22,146.01,142.78,156.71,152.99,148.68,151.01,151.23,147.82,157.83,142.73,148.17,168.06,152.53,162.54,168.61,170.13,184.39,169.13,190.39,156.73,144.15,148.98,157.16,131.41,153.21,147.88,149.08,158.76,156.09,162.04,137.1,142.08,154.02,177.81,140.72,150.56,158.64,166.93,173.64,184.46,174.8,172.98,150.88,157.3,166.5,168.14,180.16,173.36,201.62
77.72,98.64,105.45,88.68,82.14,117.76,103.1,127.49,120.57,59.39,69.55,24.7,47.25,103.71,99.97,134.68,65.6,113.54,98.53,59.2,40.88,41.78,88.32,99.26,115.6,82.73,101.54,18.53,49.21,18.99,47.51,112.03,39.47,53.61,150.83,93.46,31.46,134.56,96.23,116.2,99.14,34.34,89.51,76.57,39.98,23.0,73.37,121.87,85.28,38.0,39.83,119.59,90.87,65.29,125.64,29.3,103.63,80.81,101.66,144.62,57.78,60.04,9.75,109.94,60.08,115.9,113.94,180.97,92.05,124.85,51.46,96.82,20.8,93.36,50.73,76.0,167.73,8.63,82.57,86.33,174.29,14.11,92.05,131.93,93.2,32.6,99.45,42.87,98.27,70.34,70.86,15.77,144.29,39.89,76.22,109.85,52.86,130.58,114.19,34.82,64.98,95.11,107.9,75.43,33.36,0.0,107.65,98.97,116.46,97.14,45.7,49.75,78.64,21.11,66.58,22.28,90.08,20.52,75.58,30.63,111.56,53.66,55.72,117.6,35.44,27.79,151.8,88.24,158.95,31.94,38.97,76.97,146.19,14.46,94.48,79.5,140.13,99.67,118.87,74.83,92.2,81.49,73.61,84.58,89.04,96.81,71.85,94.3,86.68,105.79,98.58,123.66,49.33,63.78,83.11,85.81,100.26,72.04,66.65,140.23,43.9,68.52,107.25,9.06,114.23,37.53,139.65,140.68,103.11,69.94,80.76,111.05,108.66,90.36,134.52,18.98,41.17,74.46,16.66,84.94,55.06,35.01,27.87,31.04,79.13,65.38,91.59,49.0,83.78,163.59,81.06,77.06,75.51,88.91,77.44,71.62,65.17,28.6,86.62,90.13,56.62,88.05,71.05,70.22,67.43,85.33,23.4,68.01,73.79,36.82,33.46,167.39,140.94,136.07,129.23,120.12,137.2,146.69,132.44,83.31,78.97,93.75,95.99,115.04,108.46,104.42,112.4,107.76,92.25,106.96,104.8,86.9,81.71,85.89,85.27,113.47,100.62,107.17,92.4,122.32,109.44,111.27,41.77,178.77,156.13,222.91,224.13,214.44,206.63,201.7,189.94,190.19,184.72,23.96,14.27,16.97,17.63,74.89,51.97,54.79,39.89,14.48,16.06,41.34,22.56,59.27,48.22,39.04,94.32,99.56,97.1,103.06,112.46,128.76,107.88,106.45,112.26,114.94,14.63,31.11,33.89,19.91,26.14,34.6,42.56,44.92,49.0,47.13,38.51,32.53,45.43,39.92,112.01,52.05,56.53,51.44,54.97,44.5,48.64,35.0,56.37,72.55,84.46,81.0,72.15,83.93,65.05,73.19,77.99,108.12,99.34,104.28,90.29,95.39,126.57,131.27,115.43,118.1,107.41,100.8,95.5,84.17,96.79,74.22,92.77,89.71,100.27,99.38,98.61,101.94,108.08,123.37,130.12,122.19,123.98,122.61,161.34,157.62,153.3,155.64,134.36,127.12,128.11,113.01,118.44,138.33,122.81,132.82,138.89,140.4,154.67,139.41,160.67,127.0,114.43,119.25,127.43,101.68,123.48,118.16,119.36,129.03,126.37,132.32,107.38,112.36,124.29,148.09,111.0,120.83,128.91,137.21,143.91,154.74,145.07,143.25,128.86,135.27,144.47,146.11,158.14,151.34,171.9
181.74,202.65,209.46,42.99,186.15,28.45,8.47,55.37,74.88,85.55,48.59,99.09,151.26,16.21,203.98,185.11,52.21,217.55,146.7,163.21,78.34,102.03,47.32,41.68,29.29,146.38,205.55,99.28,153.22,96.25,122.22,22.72,114.18,157.62,254.84,197.47,77.26,74.55,200.24,44.08,39.14,138.35,193.52,180.58,117.64,90.35,39.58,49.75,135.71,142.01,143.85,73.9,53.31,169.3,160.47,85.48,57.94,55.77,29.54,77.74,161.8,94.71,114.03,14.14,123.79,70.2,146.84,284.98,142.48,228.87,155.47,200.83,109.92,141.54,95.99,36.32,271.74,102.33,40.98,190.34,278.31,105.83,46.36,71.93,27.38,136.61,203.46,146.89,202.28,120.77,105.52,119.78,248.3,71.65,110.88,72.29,90.88,234.6,218.2,84.77,125.23,37.54,16.83,179.44,137.37,107.65,0.0,202.47,43.36,200.64,149.21,110.95,35.61,96.04,49.81,125.78,193.58,97.81,49.77,134.13,66.02,157.16,159.23,221.1,96.64,131.29,255.3,191.75,262.45,98.65,86.88,180.48,249.7,117.96,197.98,127.77,243.63,15.99,61.03,125.28,39.51,184.99,177.11,135.04,192.54,47.55,175.35,197.8,30.97,209.29,11.48,227.16,59.07,167.29,47.0,40.27,203.76,45.65,170.15,243.73,105.1,121.58,140.3,109.94,25.09,74.47,178.72,146.48,57.58,173.45,184.26,214.55,63.13,33.34,238.02,103.33,108.8,49.28,120.16,188.45,158.56,112.54,131.37,97.75,129.59,42.43,18.48,152.5,187.28,267.09,30.8,180.56,179.01,192.41,31.65,175.12,168.67,112.95,25.49,23.03,160.12,191.56,174.55,173.72,114.92,26.61,126.91,171.52,177.29,140.32,136.97,270.9,244.44,239.57,232.73,223.62,240.7,250.19,235.94,186.81,182.47,197.25,199.5,218.55,211.97,207.92,215.9,211.27,195.75,210.46,208.3,190.4,185.21,189.39,188.77,216.97,204.12,210.67,195.9,225.83,212.94,214.77,145.27,282.27,259.63,326.42,327.63,317.94,310.13,305.21,293.44,293.69,288.22,127.46,117.9,120.6,121.26,178.4,155.47,158.3,143.39,115.36,116.93,144.85,126.06,162.78,151.72,142.54,197.82,203.06,200.6,206.56,215.96,232.26,211.38,186.72,191.8,177.46,105.74,87.47,108.82,106.82,87.78,90.45,92.94,82.6,99.37,95.04,122.86,116.88,123.74,124.27,175.23,65.9,70.37,64.12,64.71,119.34,94.88,91.36,117.57,120.84,147.68,140.91,146.26,134.39,143.15,108.79,52.81,24.44,149.8,154.73,140.74,145.84,177.02,181.73,165.88,168.55,157.86,149.09,143.79,132.46,58.91,52.95,56.66,53.6,49.63,49.05,25.5,32.14,38.29,34.24,40.98,160.99,154.99,155.66,193.39,189.67,194.0,166.23,173.16,165.92,55.0,39.9,45.33,65.23,49.7,59.71,49.75,72.13,88.75,93.87,115.13,81.47,76.55,81.37,81.9,63.8,77.95,72.62,73.82,80.42,83.45,86.72,64.46,52.49,66.45,88.22,58.32,60.96,69.04,77.34,84.04,88.55,71.96,70.14,149.82,143.77,144.35,132.56,157.36,152.44,101.56
26.59,76.32,35.01,183.31,51.44,212.39,197.73,222.12,215.2,154.02,164.18,119.33,63.78,198.34,12.24,182.04,160.23,25.81,172.47,68.04,135.51,136.41,182.95,193.89,210.23,126.52,70.84,113.16,55.53,113.62,142.14,206.66,134.1,60.7,80.38,6.3,126.09,229.19,24.34,210.83,193.77,77.45,19.06,45.87,131.51,117.63,168.0,216.5,138.92,77.45,61.17,214.22,185.5,49.08,172.99,123.93,198.26,175.44,196.29,239.25,55.41,154.67,92.49,204.57,139.08,210.53,186.62,110.53,139.4,54.41,77.49,28.92,115.43,160.13,145.36,170.63,97.28,103.26,177.19,16.84,103.85,108.74,186.68,226.56,187.83,72.05,20.15,78.6,29.95,146.47,158.6,88.71,73.85,134.52,152.47,204.48,147.49,60.14,43.74,129.45,159.61,189.74,202.53,53.11,72.79,98.97,202.47,0.0,210.71,28.49,56.3,143.99,172.89,115.35,160.83,80.48,67.66,114.76,169.82,81.04,205.8,64.8,63.96,47.8,129.68,76.54,82.01,15.43,89.15,126.19,133.21,29.83,76.4,88.35,24.68,150.46,70.33,193.92,213.12,145.79,186.44,18.77,45.76,131.96,20.4,191.05,40.97,9.86,180.92,35.99,192.82,53.87,143.57,37.05,177.35,180.05,6.02,166.28,74.89,70.43,138.14,149.92,181.28,103.31,208.48,131.78,187.02,214.71,197.36,37.31,10.56,41.25,202.91,184.6,64.73,113.23,135.41,168.7,83.72,14.74,51.01,129.26,84.4,125.29,136.52,159.63,185.83,54.81,23.83,93.79,175.3,18.2,45.71,9.79,171.68,41.83,38.15,122.84,180.86,184.38,43.89,19.17,28.8,40.42,147.44,179.58,78.82,33.71,23.02,66.85,69.05,97.6,71.14,66.27,59.43,86.63,67.41,76.89,62.64,60.9,51.12,14.11,25.73,26.89,20.78,16.73,18.16,13.52,16.89,12.72,10.56,33.37,34.57,55.02,54.39,32.7,27.92,37.37,31.38,52.53,35.86,59.38,68.78,108.98,86.33,153.12,154.34,144.64,136.83,131.91,120.14,120.39,114.92,91.03,108.79,96.33,96.99,64.4,61.2,67.3,66.55,108.72,110.3,83.46,83.74,84.71,71.76,82.95,63.45,68.68,74.68,80.65,83.79,81.19,79.21,84.04,89.85,92.53,108.87,125.36,128.13,114.15,120.38,128.84,136.81,139.16,143.25,141.38,132.75,126.78,124.57,100.16,111.42,146.29,150.77,145.69,149.22,138.75,142.88,129.24,150.62,151.59,128.24,124.77,115.93,129.26,108.83,167.44,172.23,202.37,146.72,151.65,132.86,142.76,173.94,178.65,162.8,165.47,154.78,174.83,169.53,158.2,191.04,168.46,187.02,183.95,194.51,193.62,192.86,196.18,202.33,217.62,224.36,196.22,198.01,194.78,208.71,204.99,200.68,203.01,203.23,199.82,222.35,207.25,212.69,232.58,217.05,227.06,233.13,234.65,248.91,233.65,254.91,221.25,208.67,213.5,221.68,195.93,217.73,212.4,213.6,223.28,220.61,226.56,201.62,206.6,218.54,242.33,205.24,215.08,223.16,231.45,238.16,248.98,239.32,237.5,202.89,209.3,218.5,220.14,232.17,225.37,266.14
190.55,211.47,218.28,51.8,194.96,29.25,38.61,16.1,83.69,94.36,57.4,107.91,160.08,29.53,212.79,193.92,61.02,226.36,155.52,172.03,87.15,110.84,56.14,50.5,18.05,155.2,214.37,108.09,162.04,105.07,131.03,19.0,122.99,166.44,263.65,206.29,86.07,41.39,209.05,6.22,44.57,147.17,202.33,189.39,126.45,99.17,48.39,14.79,144.53,150.83,152.66,69.34,62.12,178.12,169.29,94.3,66.76,64.58,17.32,38.46,170.61,103.52,122.85,30.98,132.6,79.02,155.66,293.8,151.29,237.68,164.29,209.65,118.73,150.35,104.8,45.13,280.55,111.15,49.79,199.16,287.12,114.64,55.17,32.19,32.32,145.43,212.27,155.7,211.1,129.58,114.33,128.6,257.12,80.47,119.7,81.11,99.7,243.41,227.01,93.58,134.05,46.35,25.59,188.26,146.19,116.46,43.36,210.71,0.0,209.33,157.9,119.64,44.3,104.74,58.5,134.48,202.27,106.51,58.46,142.82,74.71,165.85,167.92,229.79,105.33,139.98,264.0,200.44,271.15,107.34,95.57,189.17,258.39,126.66,206.67,136.46,252.32,24.16,27.13,133.97,48.21,193.69,185.8,143.73,201.24,52.44,184.04,206.5,39.67,217.98,35.34,235.86,67.76,175.98,55.69,48.96,212.45,54.35,178.84,252.43,113.79,130.27,148.99,118.63,26.2,83.16,187.41,155.17,57.45,182.14,192.95,223.24,71.82,42.04,246.72,112.03,117.49,57.97,128.86,197.14,167.25,121.23,140.06,106.44,138.28,51.12,24.88,161.19,195.97,275.78,39.49,189.25,187.7,201.1,40.34,183.81,177.36,121.64,34.18,31.44,168.81,200.25,183.25,182.41,123.62,35.3,135.6,180.21,185.99,149.02,145.66,279.59,253.14,248.27,241.42,232.31,249.4,258.88,244.63,195.5,191.16,205.94,208.19,227.24,220.66,216.61,224.59,219.96,204.44,219.15,216.99,199.1,193.9,198.08,197.46,225.66,212.82,219.36,204.59,234.52,221.63,223.46,153.96,290.97,268.33,335.11,336.33,326.63,318.82,313.9,302.13,302.38,296.91,136.16,126.59,129.29,129.95,187.09,164.16,166.99,152.09,124.05,125.63,153.54,134.75,171.47,160.41,151.23,206.51,211.75,209.29,215.25,224.65,240.95,220.07,195.42,200.49,186.15,114.43,96.17,117.51,115.51,96.47,99.14,101.63,91.29,108.07,103.74,131.55,125.57,132.43,132.96,183.92,74.59,79.07,72.82,73.4,128.03,103.57,100.05,126.27,129.53,156.38,149.6,154.95,143.08,151.84,117.48,61.5,38.68,158.49,163.43,149.44,154.53,185.72,190.42,174.58,177.25,166.56,157.78,152.48,141.16,67.6,61.65,65.35,62.29,50.74,57.74,26.56,29.58,27.11,11.08,16.63,169.68,163.68,164.35,202.08,198.36,202.69,174.92,181.85,174.61,21.1,10.15,7.12,27.01,11.48,21.49,21.78,29.08,43.34,102.56,123.82,90.16,85.24,90.07,90.59,72.49,86.64,81.31,82.52,57.56,60.58,58.2,41.59,34.78,32.55,50.35,35.45,38.1,40.51,45.44,55.51,50.33,33.75,31.93,158.51,152.46,153.04,141.26,166.05,161.13,58.14
24.76,85.94,59.28,181.48,64.1,210.56,195.9,220.29,213.37,152.19,162.35,117.5,61.95,196.5,42.59,180.2,158.4,56.15,170.64,66.2,133.68,134.57,181.11,192.06,208.4,124.68,83.5,111.33,53.7,111.79,140.31,204.83,132.27,58.87,104.66,22.86,124.25,227.36,18.8,209.0,191.94,75.62,43.34,58.52,129.68,115.79,166.17,214.67,137.08,75.62,59.34,212.39,183.67,47.25,171.16,122.1,196.43,173.61,194.45,237.42,53.58,152.84,90.66,202.74,137.25,208.69,184.79,134.8,137.57,78.68,75.66,5.3,113.6,158.3,143.53,168.8,121.56,101.43,175.36,15.74,128.12,106.91,184.85,224.73,186.0,70.22,22.02,76.77,11.21,144.64,156.77,86.88,98.12,132.69,150.64,202.65,145.66,84.42,68.02,127.62,157.78,187.91,200.7,62.74,70.96,97.14,200.64,28.49,209.33,0.0,55.08,142.77,171.66,114.13,159.6,79.26,76.55,113.54,168.6,79.82,204.58,63.58,62.74,72.22,128.46,75.32,106.42,14.08,113.57,124.96,131.99,44.75,100.81,87.13,49.1,149.24,94.75,192.7,211.89,144.57,185.22,43.03,54.64,130.74,8.37,189.83,52.88,30.55,179.7,60.41,191.6,78.28,142.35,44.82,176.13,178.83,36.5,165.06,73.67,94.85,136.92,148.7,180.05,102.08,207.25,130.55,185.8,213.48,196.13,47.33,26.01,65.67,201.68,183.38,89.14,112.01,134.19,167.48,82.5,39.15,49.79,128.03,83.17,124.06,135.29,158.4,184.61,53.59,20.75,118.21,174.08,32.64,44.49,40.27,170.46,40.6,36.93,121.62,179.64,183.15,42.67,14.89,38.82,39.2,146.22,178.35,77.59,32.48,32.06,65.62,67.82,122.01,95.56,90.69,83.85,103.36,91.82,101.3,87.06,69.78,60.0,22.29,18.12,57.37,51.26,47.21,48.64,44.01,43.49,43.2,31.72,54.67,49.48,66.93,66.3,63.18,55.24,61.78,55.79,76.94,64.06,83.79,67.55,133.39,110.75,177.53,178.75,169.06,161.25,156.32,144.56,144.81,139.34,89.8,107.56,95.11,95.77,73.28,59.98,66.08,65.33,107.5,109.08,82.24,82.51,83.48,70.54,81.72,75.36,80.59,83.57,89.53,95.7,105.61,91.12,92.92,98.73,101.41,107.65,124.13,126.91,112.93,119.16,127.62,135.58,137.94,142.02,140.15,131.53,125.55,123.35,98.94,120.3,145.07,149.55,144.46,147.99,137.52,141.66,128.02,149.39,150.37,127.01,123.55,114.7,128.04,107.61,166.21,171.01,201.14,145.49,150.43,131.64,141.54,172.72,177.42,161.58,164.25,153.56,173.61,168.31,156.98,189.81,167.24,185.79,182.73,193.29,192.4,191.63,194.96,201.1,216.39,223.14,195.0,196.79,193.56,207.49,203.77,199.45,201.79,202.01,198.6,221.13,206.03,211.46,231.35,215.83,225.84,231.91,233.42,247.69,232.43,253.69,220.03,207.45,212.27,220.45,194.7,216.5,211.18,212.38,222.05,219.39,225.34,200.4,205.38,217.32,241.11,204.02,213.86,221.93,230.23,236.93,247.76,238.09,236.27,201.66,208.08,217.28,218.92,230.94,224.14,264.92
36.14,57.06,63.87,130.04,40.55,159.12,144.46,168.86,161.93,100.75,110.92,66.07,10.51,145.07,58.39,142.22,106.96,71.95,132.66,28.22,82.25,83.14,129.68,140.62,156.96,86.7,59.96,59.9,15.72,60.36,88.87,153.39,80.84,20.89,109.25,51.88,72.82,175.92,54.65,157.57,140.5,32.76,47.92,34.98,81.34,64.36,114.73,163.23,99.1,24.18,7.9,160.95,132.23,23.71,133.18,70.67,145.0,122.17,143.02,185.98,16.2,101.41,39.22,151.31,99.27,157.26,146.81,139.39,99.59,83.27,37.68,55.24,62.17,120.32,92.09,117.37,126.14,49.99,123.93,44.75,132.71,55.48,133.42,173.3,134.56,18.79,57.86,38.79,56.69,106.66,112.22,35.45,102.71,81.25,112.66,151.21,94.22,89.0,72.6,76.18,106.34,136.47,149.27,33.85,30.34,45.7,149.21,56.3,157.9,55.08,0.0,91.39,120.28,62.75,108.22,27.87,48.05,62.16,117.22,28.44,153.2,16.47,24.07,75.57,77.08,23.93,109.77,46.21,116.92,73.58,80.61,34.94,104.16,35.75,52.45,110.56,98.1,141.31,160.51,105.9,133.84,39.46,31.58,92.06,47.01,138.45,29.82,52.27,128.32,63.76,140.21,81.63,90.97,21.75,124.74,127.45,58.23,113.68,34.99,98.2,85.54,110.02,141.38,50.7,155.87,79.17,147.13,174.81,144.75,27.91,38.73,69.02,150.3,132.0,92.49,60.62,82.81,116.1,31.12,42.91,13.03,76.65,31.79,72.68,96.62,107.02,133.23,8.49,41.75,121.56,122.7,35.03,33.48,46.88,119.08,29.59,23.14,70.24,128.26,131.77,14.59,46.02,29.02,28.19,107.54,126.97,26.21,25.98,31.76,14.24,16.44,125.36,98.91,94.04,87.2,78.09,95.17,104.65,90.41,41.28,36.94,51.72,53.96,73.01,66.43,62.39,70.36,65.73,50.22,64.93,62.77,44.87,39.68,43.86,43.24,71.44,58.59,65.14,50.37,80.29,67.41,69.24,16.17,136.74,114.1,180.88,182.1,172.41,164.6,159.67,147.91,148.16,142.69,38.42,56.18,43.73,44.39,43.24,21.3,27.4,26.66,56.12,57.7,39.33,31.13,44.81,31.86,36.65,52.29,57.53,55.07,61.03,70.43,86.73,65.85,64.42,70.23,72.91,56.27,72.75,75.52,61.55,67.78,76.24,84.2,86.56,90.64,88.77,80.15,74.17,84.68,60.27,91.8,93.69,98.17,93.08,96.61,86.14,90.28,76.64,98.01,111.7,88.34,84.88,76.03,89.36,68.93,114.83,119.63,149.76,106.82,111.76,92.96,102.86,134.05,138.75,122.91,125.58,114.89,134.93,129.63,118.31,138.43,115.86,134.41,131.35,141.91,141.02,140.25,143.58,149.72,165.01,171.75,156.32,158.12,154.88,168.81,165.1,160.78,163.12,163.33,159.93,169.75,154.65,160.08,179.97,164.45,174.46,180.52,182.04,196.31,181.05,202.31,168.64,156.07,160.89,169.07,143.32,165.12,159.8,161.0,170.67,168.01,173.96,149.02,154.0,165.93,189.73,152.64,162.47,170.55,178.85,185.55,196.38,186.71,184.89,162.99,169.4,178.6,180.24,192.27,185.47,213.54
123.84,122.07,151.56,77.57,128.25,120.87,106.2,130.6,83.76,27.31,72.66,41.93,93.36,106.81,146.08,101.09,68.71,159.65,64.93,105.31,43.99,11.66,71.94,102.36,118.71,62.36,131.43,34.06,95.32,39.09,15.83,115.14,17.86,99.72,196.94,139.57,34.56,137.67,142.34,119.31,102.25,80.45,135.62,122.68,21.31,37.29,76.48,124.98,51.69,84.11,85.94,99.38,74.5,111.4,92.05,28.02,106.74,65.35,104.76,147.73,103.9,27.97,56.13,113.05,29.41,79.09,80.34,227.08,58.46,170.96,74.49,142.93,31.95,59.77,58.69,79.11,213.84,39.04,72.34,132.44,220.4,35.67,95.16,135.04,96.3,78.71,145.56,59.44,144.38,36.74,38.78,61.88,190.4,43.0,39.07,66.15,20.78,176.7,160.3,42.78,15.11,98.22,111.01,121.54,79.47,49.75,110.95,143.99,119.64,142.77,91.39,0.0,77.18,38.71,69.94,68.7,118.72,27.77,74.87,77.05,91.58,100.08,102.14,164.02,17.78,74.21,198.22,134.66,205.37,23.18,47.6,123.39,192.61,60.88,140.9,46.09,186.55,103.04,122.23,41.42,95.56,127.91,120.03,51.18,135.46,100.17,118.27,140.72,90.04,152.21,101.94,170.08,52.69,110.2,66.4,79.95,146.68,75.4,113.07,186.65,6.12,35.11,73.84,42.93,117.59,40.89,106.24,107.27,106.47,116.36,127.18,157.47,88.69,93.72,180.94,33.29,12.54,77.82,63.08,131.36,101.48,16.28,74.29,25.17,45.73,68.74,94.95,95.41,130.2,210.01,84.42,123.48,121.92,135.33,80.8,118.04,111.59,23.31,89.98,93.49,103.04,134.47,117.47,116.64,34.02,88.69,69.82,114.43,120.21,83.24,79.88,213.81,187.36,182.49,175.65,143.24,162.74,193.1,178.86,126.09,125.39,140.17,142.41,161.46,154.88,150.84,158.81,154.18,138.67,153.38,151.22,133.32,128.13,132.31,131.69,159.89,147.04,153.58,138.82,168.74,155.86,157.69,88.18,225.19,202.55,269.33,270.55,260.86,253.05,248.12,236.36,236.61,231.14,70.38,60.81,63.51,64.17,107.62,75.57,71.91,86.31,48.35,36.22,59.08,68.98,70.63,65.33,62.97,140.74,135.81,120.22,110.43,135.57,151.88,130.99,102.86,107.94,93.6,44.4,27.09,51.49,49.69,34.77,43.23,51.19,48.28,57.63,55.76,34.88,28.66,27.47,36.29,91.37,55.41,59.89,54.8,58.33,12.61,17.57,26.04,7.52,39.14,63.82,57.04,53.99,50.52,46.89,42.13,81.35,111.48,65.94,70.87,56.88,61.98,93.16,97.86,82.02,84.69,74.0,67.39,62.09,50.77,80.18,72.33,59.55,64.91,103.63,102.74,101.97,105.3,111.44,126.73,133.48,88.78,90.58,89.2,127.93,124.21,119.9,122.23,100.95,93.71,131.47,116.37,121.8,141.69,126.17,136.18,142.25,143.76,158.03,105.35,140.7,107.03,66.92,71.75,90.85,85.07,73.41,74.59,99.39,109.06,119.33,125.28,110.74,115.72,127.66,151.45,114.36,124.2,132.27,140.57,147.27,158.1,148.43,146.61,95.45,101.86,111.06,112.7,124.73,117.93,175.26
152.73,173.64,180.46,11.07,157.14,45.52,30.86,55.26,47.17,49.86,14.79,70.09,122.26,31.47,174.97,149.43,23.2,188.54,111.02,134.21,49.33,73.02,15.07,27.02,43.36,110.7,176.54,70.27,124.22,67.25,88.39,39.79,80.35,128.61,225.83,168.46,48.25,62.32,171.23,43.96,26.9,109.35,164.51,151.57,83.8,61.35,7.06,49.63,100.03,113.0,114.84,46.19,17.63,140.3,140.39,56.48,30.24,16.81,29.42,72.38,132.79,59.02,85.02,37.7,88.11,42.5,126.44,255.98,106.8,199.86,126.47,171.82,80.91,105.86,66.98,18.2,242.73,73.32,5.29,161.34,249.3,76.82,18.65,59.7,20.96,107.61,174.45,117.88,173.28,85.08,69.84,90.77,219.29,42.64,75.2,36.61,55.2,205.59,189.19,55.76,91.4,22.87,35.67,150.44,108.37,78.64,35.61,172.89,44.3,171.66,120.28,77.18,0.0,67.06,20.83,96.8,164.6,68.83,11.34,105.14,38.39,128.17,130.24,192.12,67.66,102.31,226.32,162.76,233.47,69.67,57.89,151.49,220.71,88.98,169.0,92.16,214.65,27.71,46.91,89.68,19.03,156.01,148.12,99.43,163.56,23.64,146.37,168.82,14.71,180.31,26.61,198.18,30.08,138.3,11.39,12.64,174.78,16.67,141.17,214.75,71.33,85.97,119.93,80.96,42.27,45.48,154.5,118.85,29.95,144.46,155.28,185.57,35.5,18.39,209.04,74.35,75.03,20.29,91.18,159.46,129.58,78.77,102.39,68.77,93.98,13.44,19.62,123.51,158.3,238.11,15.48,151.58,150.02,163.43,5.47,146.14,139.69,83.96,14.65,18.17,131.14,162.57,145.57,144.74,79.32,13.37,97.92,142.53,148.31,111.34,107.98,241.91,215.46,210.59,203.75,194.64,211.72,221.2,206.96,157.83,153.48,168.27,170.51,189.56,182.98,178.93,186.91,182.28,166.77,181.48,179.32,161.42,156.23,160.41,159.79,187.99,175.14,181.68,166.91,196.84,183.96,185.78,116.28,253.29,230.65,297.43,298.65,288.96,281.15,276.22,264.46,264.7,259.24,98.48,88.91,91.61,92.27,149.41,126.48,129.31,114.41,86.37,87.95,115.86,97.08,133.79,122.74,113.55,168.84,174.07,171.62,158.69,186.97,203.28,182.39,151.12,156.2,141.85,76.76,58.49,79.84,77.83,58.79,61.47,63.95,53.61,70.39,66.06,93.88,87.9,89.97,95.29,139.62,36.91,41.39,35.14,35.73,85.57,67.17,62.37,83.8,85.23,112.08,105.3,110.65,98.78,118.03,73.18,23.82,36.16,114.19,119.13,105.14,110.24,141.42,146.12,130.28,132.95,122.26,113.49,108.19,96.86,23.31,20.06,21.06,17.99,27.1,26.22,26.65,29.97,36.12,51.41,58.15,134.88,136.67,135.29,176.19,172.47,168.15,138.6,147.05,139.81,56.14,41.04,46.48,66.37,50.84,60.85,66.92,68.44,82.7,66.25,87.5,53.84,40.95,45.77,54.27,28.2,43.88,45.0,46.2,55.87,53.2,59.15,34.21,40.4,52.33,76.12,37.83,48.87,56.95,65.24,71.95,82.77,73.11,71.29,122.19,116.14,116.72,104.94,129.73,124.81,99.93
95.2,116.11,122.92,76.88,99.61,105.96,91.3,115.69,108.77,47.34,57.76,9.96,64.72,91.91,117.44,137.09,53.8,131.01,100.0,76.67,22.1,29.73,76.52,87.46,103.8,82.45,119.01,11.74,66.68,7.77,49.92,100.23,41.88,71.08,168.3,110.93,19.66,122.76,113.7,104.4,87.34,51.81,106.98,94.04,39.7,8.25,61.57,110.07,87.69,55.47,57.3,107.79,79.07,82.76,128.05,17.51,91.83,69.01,89.86,132.82,75.26,48.0,27.49,98.14,65.41,104.1,115.41,198.44,94.46,142.32,68.93,114.29,25.35,94.83,35.3,64.21,185.2,15.79,70.77,103.8,191.76,21.26,80.25,120.14,81.4,50.07,116.92,60.34,115.74,72.75,58.81,33.24,161.76,28.09,64.17,98.05,40.81,148.06,131.66,19.39,52.93,83.31,96.11,92.9,50.83,21.11,96.04,115.35,104.74,114.13,62.75,38.71,67.06,0.0,54.81,39.43,107.23,14.27,63.81,47.78,99.79,70.81,72.87,134.75,24.4,44.94,168.95,105.39,176.1,20.91,24.01,94.12,163.34,31.61,111.63,81.13,157.28,87.91,107.1,77.43,80.43,98.64,90.76,87.18,106.19,85.04,89.0,111.45,74.91,122.94,86.81,140.81,37.56,80.93,71.34,74.04,117.41,60.27,83.8,157.38,32.86,71.12,108.91,23.59,102.46,25.76,142.25,142.34,91.34,87.09,97.91,128.2,96.89,78.59,151.67,18.89,36.56,62.69,33.81,102.09,72.21,34.91,45.02,20.01,81.73,53.61,79.82,66.14,100.93,180.74,69.29,94.21,92.66,106.06,65.67,88.77,82.32,28.5,74.85,78.36,73.77,105.2,88.2,87.37,68.29,73.56,40.55,85.16,90.94,53.97,50.61,184.54,158.09,153.22,146.38,137.27,154.35,163.83,149.59,100.46,96.12,110.9,113.14,132.19,125.61,121.57,129.54,124.91,109.4,124.11,121.95,104.05,98.86,103.04,102.42,130.62,117.77,124.32,109.55,139.47,126.59,128.42,58.91,195.92,173.28,240.06,241.28,231.59,223.78,218.85,207.09,207.34,201.87,41.11,31.54,34.24,34.9,92.04,69.11,71.94,57.04,29.0,30.58,58.49,39.71,76.42,65.37,56.19,111.47,116.71,114.25,120.21,129.61,145.91,125.03,123.6,129.41,114.14,17.57,19.34,19.52,17.51,14.37,19.64,27.6,26.88,34.04,32.17,38.41,32.43,45.33,39.82,111.91,40.28,44.76,39.67,43.2,47.1,37.6,23.23,45.34,74.2,84.36,80.9,72.05,86.53,64.96,62.16,66.22,96.35,101.94,106.88,92.89,97.98,129.17,133.87,118.03,120.7,110.01,102.46,97.16,85.83,85.02,62.45,81.0,77.94,88.5,87.61,86.84,90.17,96.31,111.6,118.35,123.85,125.64,124.27,163.93,160.22,155.9,158.24,136.02,128.78,116.34,101.24,106.67,126.56,111.04,121.05,127.12,128.63,142.9,127.64,148.9,115.24,102.66,107.48,115.66,89.91,111.71,106.39,107.59,117.26,114.6,120.55,95.61,100.59,112.53,136.32,99.23,109.07,117.14,125.44,132.14,142.97,133.3,131.48,130.52,136.93,146.13,147.77,159.8,153.0,160.13
140.67,161.59,168.4,30.65,145.08,59.73,45.07,69.46,62.54,63.32,11.52,58.03,110.2,45.68,162.91,162.88,11.14,176.48,124.47,122.15,37.27,60.96,30.29,41.23,57.57,124.15,164.49,58.21,112.16,55.19,81.15,54.0,73.11,116.56,213.77,156.41,36.19,76.53,159.17,58.17,41.11,97.29,152.45,139.51,76.57,49.29,15.34,63.84,113.48,100.95,102.78,61.56,32.85,128.24,153.84,44.42,45.6,22.79,43.63,86.59,120.73,72.48,72.97,51.91,96.64,57.87,139.89,243.92,120.25,187.8,114.41,159.77,68.85,119.31,54.92,15.07,230.67,61.27,24.54,149.28,237.24,64.76,34.02,73.9,35.17,95.55,162.39,105.82,161.22,98.54,83.29,78.72,207.24,30.59,88.65,51.83,68.65,193.53,177.13,43.7,84.16,37.08,49.87,138.38,96.31,66.58,49.81,160.83,58.5,159.6,108.22,69.94,20.83,54.81,0.0,84.76,152.56,56.79,17.32,93.11,53.75,116.14,118.2,180.08,55.62,90.27,214.28,150.73,221.43,57.63,45.85,139.45,208.67,76.94,156.96,105.61,202.61,41.86,61.06,103.13,34.39,143.97,136.09,112.89,151.52,39.0,134.33,156.78,28.87,168.27,40.76,186.14,18.04,126.26,24.84,28.0,162.74,7.56,129.13,202.71,64.08,99.42,133.39,68.92,56.42,33.44,167.95,134.2,45.3,132.42,143.24,173.53,50.85,32.55,197.0,62.31,67.78,6.05,79.14,147.42,117.54,71.52,90.35,56.73,107.43,7.57,33.78,111.48,146.26,226.07,21.52,139.54,137.99,151.39,19.63,134.1,127.65,71.92,28.81,32.32,119.1,150.53,133.53,132.7,92.77,27.52,85.88,130.49,136.27,99.3,95.94,229.87,203.42,198.55,191.71,182.6,199.68,209.17,194.92,145.79,141.45,156.23,158.47,177.52,170.94,166.9,174.88,170.24,154.73,169.44,167.28,149.38,144.19,148.37,147.75,175.95,163.1,169.65,154.88,184.8,171.92,173.75,104.25,241.25,218.61,285.39,286.61,276.92,269.11,264.18,252.42,252.67,247.2,86.44,76.87,79.57,80.24,137.37,114.45,117.27,102.37,74.33,75.91,103.82,85.04,121.75,110.7,101.52,156.8,162.04,159.58,165.54,174.94,191.24,170.36,168.93,174.74,155.31,64.72,46.45,67.8,65.8,46.76,49.43,51.91,41.58,58.35,54.02,81.84,75.86,82.71,83.25,153.08,24.87,29.35,23.1,23.69,78.32,53.86,50.34,76.55,98.68,125.53,118.75,109.23,112.23,102.13,86.64,10.52,50.31,127.64,132.58,118.59,123.69,154.87,159.57,143.73,146.4,135.71,126.94,121.64,110.31,38.53,16.41,34.51,31.44,42.46,41.57,40.8,44.13,50.27,65.56,72.3,148.33,150.12,148.75,189.64,185.92,181.61,153.95,160.5,153.26,70.3,55.2,60.63,80.52,65.0,75.01,81.07,82.59,96.86,81.6,102.86,69.19,56.17,60.99,69.62,43.42,59.1,60.35,61.55,71.22,68.56,74.51,49.57,54.55,66.48,90.28,53.19,63.02,71.1,79.4,86.1,96.93,87.26,85.44,137.54,131.5,132.07,120.29,145.09,140.16,114.09
60.32,81.24,88.05,106.62,64.73,135.7,121.04,145.43,138.51,77.33,87.5,42.65,29.85,121.65,82.57,138.6,83.54,96.13,116.47,41.8,58.82,59.72,106.26,117.2,133.54,83.08,84.14,36.47,31.81,36.93,65.45,129.97,57.41,36.21,133.42,76.06,49.4,152.5,78.82,134.14,117.08,16.94,72.1,59.16,57.92,40.94,91.31,139.81,95.48,18.67,22.43,137.53,108.81,47.89,129.56,47.25,121.57,98.75,119.6,162.56,40.38,77.99,15.8,127.88,78.02,133.84,131.88,163.57,95.97,107.45,34.06,79.42,38.74,111.3,68.67,93.95,150.32,26.57,100.51,68.93,156.89,32.05,109.99,149.87,111.14,13.27,82.04,25.47,80.87,88.28,88.8,12.03,126.89,57.83,94.16,127.79,70.8,113.18,96.78,52.76,82.92,113.05,125.85,58.03,15.96,22.28,125.78,80.48,134.48,79.26,27.87,68.7,96.8,39.43,84.76,0.0,72.23,38.71,93.78,11.22,129.75,35.8,37.87,99.75,53.64,9.94,133.95,70.39,141.1,50.14,57.16,59.12,128.34,12.31,76.63,97.69,122.28,117.87,137.07,93.02,110.39,63.64,55.76,88.67,71.19,115.01,54.0,76.45,104.87,87.94,116.77,105.81,67.52,45.93,101.3,104.0,82.41,90.23,48.8,122.38,62.1,86.72,125.44,27.26,132.43,55.73,143.74,158.87,121.31,52.09,62.91,93.2,126.86,108.55,116.67,37.18,59.37,92.66,7.68,67.09,37.21,53.21,12.76,49.24,93.23,83.58,109.78,31.14,65.93,145.74,99.25,59.21,57.65,71.06,95.64,53.77,47.32,46.79,104.82,108.33,38.77,70.2,53.2,52.37,85.62,103.53,8.29,50.16,55.94,18.97,15.61,149.54,123.09,118.22,111.38,102.27,119.35,128.83,114.59,65.46,61.12,75.9,78.14,97.19,90.61,86.56,94.54,89.91,74.4,89.11,86.95,69.05,63.86,68.04,67.42,95.62,82.77,89.31,74.55,104.47,91.59,93.42,23.91,160.92,138.28,205.06,206.28,196.59,188.78,183.85,172.09,172.34,166.87,14.98,32.74,20.28,20.95,57.04,34.11,36.94,22.04,32.68,34.26,23.49,14.42,41.42,30.37,21.18,76.47,81.71,79.25,85.21,94.6,110.91,90.02,88.6,94.41,97.09,32.82,49.31,52.08,38.11,44.33,52.79,60.76,63.12,67.2,65.33,56.71,50.73,63.63,58.12,112.5,70.24,74.72,69.64,73.17,62.7,66.84,53.19,74.57,90.74,84.95,81.49,72.64,85.97,65.54,91.39,96.19,126.32,103.43,108.37,89.57,99.47,130.66,135.36,119.52,122.19,111.5,119.0,113.7,102.37,114.99,92.41,110.97,107.9,118.46,117.58,116.81,120.13,126.28,141.57,148.31,140.39,142.18,140.81,165.43,161.71,157.39,159.73,152.56,145.32,146.3,131.2,136.64,156.53,141.0,151.01,157.08,158.6,172.87,157.61,178.86,145.2,132.63,137.45,145.63,119.88,141.68,136.36,137.56,147.23,144.57,150.51,125.57,130.56,142.49,166.29,129.19,139.03,147.11,155.41,162.11,172.94,163.27,161.45,147.05,153.47,162.67,164.31,176.33,169.53,190.1
57.61,9.15,75.65,167.36,37.92,203.5,188.83,213.23,162.5,117.11,155.29,110.44,54.89,189.44,70.16,122.29,151.34,83.73,112.73,46.69,126.62,118.16,161.74,184.99,201.34,63.11,18.52,104.27,44.04,104.73,107.05,197.77,113.06,44.36,88.21,73.35,117.19,220.3,76.12,201.94,184.88,65.96,59.7,36.08,101.16,108.73,159.11,207.61,79.17,68.56,52.28,205.33,164.3,30.98,113.24,115.04,189.37,155.15,187.39,230.36,40.06,109.31,83.6,195.68,93.61,157.82,126.87,118.35,79.65,69.3,52.52,76.71,106.54,100.38,136.47,161.74,105.11,94.37,168.3,66.22,111.67,99.85,177.79,217.67,178.93,63.16,79.33,59.31,78.16,86.72,98.85,79.82,81.67,125.63,92.73,144.88,117.6,68.08,69.31,120.56,104.2,180.85,193.64,14.32,61.29,90.08,193.58,67.66,202.27,76.55,48.05,118.72,164.6,107.23,152.56,72.23,0.0,106.63,161.69,72.91,197.67,56.67,39.06,70.74,121.55,68.41,89.06,68.16,96.2,118.05,125.08,40.86,83.45,80.22,64.47,90.86,77.38,185.79,204.98,86.19,178.31,51.49,21.9,72.35,68.96,182.92,28.33,62.57,172.79,75.78,184.69,63.8,135.44,36.44,156.26,171.92,65.72,158.15,53.69,77.49,115.35,90.31,121.67,95.17,200.34,123.64,127.42,155.1,189.22,33.92,53.13,66.05,194.77,176.47,71.78,105.1,112.41,160.57,75.59,54.94,41.75,107.4,76.26,117.15,76.91,151.49,177.7,46.68,63.69,100.84,167.17,49.43,55.42,58.9,163.55,51.53,42.25,114.71,172.73,176.24,41.1,67.97,39.42,50.13,87.84,171.44,70.68,47.93,48.41,58.71,60.91,104.76,78.31,80.4,56.86,30.3,49.8,83.94,69.69,7.63,28.15,73.66,75.91,85.04,78.46,74.41,77.86,73.23,62.24,72.42,70.27,51.26,46.07,44.99,44.37,83.46,70.62,56.23,56.76,76.29,79.43,46.42,60.64,116.03,93.38,160.17,161.39,151.69,143.88,138.96,127.19,127.44,121.97,82.89,80.03,88.2,88.86,26.57,49.85,55.95,55.21,100.59,102.17,64.31,75.6,58.91,52.61,63.79,29.47,22.87,7.28,13.24,22.63,38.94,18.05,16.63,22.44,25.12,100.74,117.22,120.0,106.02,112.25,120.71,128.67,131.03,135.11,133.24,113.7,107.48,94.36,74.37,44.01,138.16,142.64,137.55,141.08,112.86,125.97,121.11,111.18,91.99,58.82,65.17,67.21,69.66,74.59,115.62,164.1,194.23,87.11,92.05,63.44,83.16,114.34,119.04,103.2,105.87,95.18,115.22,109.92,98.6,170.04,160.33,149.41,154.77,186.38,185.49,184.72,188.05,194.19,209.48,216.23,136.62,138.41,135.18,149.11,145.39,141.07,143.41,143.63,140.22,214.22,199.12,204.55,224.44,208.92,218.93,225.0,226.51,240.78,153.18,193.67,173.2,140.46,145.28,165.85,152.1,152.15,153.32,205.47,215.14,212.48,218.43,193.49,198.47,210.41,234.2,197.11,206.95,215.02,223.32,230.02,240.85,231.18,229.36,143.28,149.69,158.9,160.54,172.56,165.76,258.01
94.6,115.52,122.33,78.65,99.02,107.73,93.07,117.47,110.54,36.4,59.53,17.49,64.13,93.68,116.85,126.15,55.57,130.42,89.06,76.08,30.85,18.79,78.29,89.23,105.57,71.59,118.42,8.8,66.09,12.45,38.98,102.0,30.94,70.49,167.71,110.34,21.43,124.53,113.11,106.17,89.11,51.22,106.39,93.44,28.84,19.79,63.34,111.84,76.75,54.88,56.71,109.56,80.84,82.17,117.11,19.28,93.6,70.78,91.63,134.59,74.66,37.06,26.9,99.91,54.47,105.87,104.47,197.85,83.52,141.73,51.56,113.7,14.49,83.89,41.52,65.98,184.61,13.78,72.54,103.21,191.17,10.4,82.02,121.91,83.17,49.48,116.32,41.99,115.15,61.81,47.87,32.65,161.17,29.86,53.23,75.24,29.87,147.46,131.07,25.6,41.99,85.08,97.88,92.31,50.24,20.52,97.81,114.76,106.51,113.54,62.16,27.77,68.83,14.27,56.79,38.71,106.63,0.0,65.86,46.92,101.84,69.95,72.02,133.9,13.46,44.09,168.1,104.54,175.25,9.97,30.22,93.27,162.49,30.76,110.77,70.19,156.42,89.96,109.15,66.49,82.48,97.79,89.9,76.24,105.34,87.09,88.14,110.6,76.96,122.08,88.86,139.96,39.61,80.08,73.39,76.09,116.55,62.32,82.95,156.53,21.92,60.18,97.97,17.77,104.51,27.82,131.31,131.4,93.4,86.24,97.05,127.35,98.94,80.64,150.82,8.13,25.62,64.74,32.96,101.24,71.35,24.15,44.17,9.07,70.79,55.66,81.87,65.29,100.07,179.89,71.34,93.36,91.8,105.21,67.72,87.91,81.47,17.74,76.9,80.41,72.91,104.35,87.35,86.51,57.35,75.61,39.7,84.31,90.09,53.12,49.76,183.69,157.24,152.37,145.52,136.41,153.5,162.98,148.73,99.61,95.26,110.05,112.29,131.34,124.76,120.71,128.69,124.06,108.54,123.25,121.1,103.2,98.01,102.19,101.56,129.77,116.92,123.46,108.69,138.62,125.73,127.56,58.06,195.07,172.43,239.21,240.43,230.74,222.92,218.0,206.24,206.48,201.01,40.26,30.69,33.39,34.05,91.19,68.26,54.55,56.19,23.18,18.94,41.72,38.85,59.03,47.97,55.33,110.62,115.85,113.39,119.36,128.75,145.06,124.17,112.64,117.72,103.38,19.24,21.39,27.05,24.52,17.39,25.85,33.82,35.2,40.26,38.39,27.65,21.67,34.57,29.06,101.15,42.33,46.81,41.72,45.25,36.16,26.66,18.62,34.4,63.26,73.6,70.14,61.29,75.59,54.19,51.22,68.27,98.4,91.0,95.94,81.95,87.04,118.23,122.93,107.09,109.76,99.07,91.52,86.22,74.89,87.07,64.5,68.64,79.99,90.55,89.66,88.89,92.22,98.36,113.65,120.4,112.91,114.7,113.33,152.99,149.28,144.96,147.3,125.08,117.84,118.39,103.29,108.72,128.62,113.09,123.1,129.17,130.68,144.95,129.69,150.95,117.29,76.01,80.84,117.71,91.96,82.5,108.44,109.64,119.31,116.65,122.6,97.66,102.64,114.58,138.37,101.28,111.12,119.19,127.49,134.19,145.02,135.35,133.53,119.58,125.99,135.19,136.83,148.86,142.06,162.18
149.67,170.58,177.4,20.15,154.08,59.69,45.03,69.42,42.95,47.55,6.36,67.03,119.2,45.63,171.91,147.12,20.14,185.48,108.71,131.14,46.27,67.84,14.53,41.19,57.53,108.39,173.48,67.21,121.16,64.18,86.07,53.96,78.04,125.55,222.77,165.4,45.19,76.49,168.17,58.13,41.07,106.29,161.45,148.51,81.49,58.28,7.27,63.8,97.72,109.94,111.78,41.97,17.08,137.24,138.07,53.42,45.56,8.37,43.58,86.55,129.73,56.71,81.96,51.87,85.79,38.28,124.12,252.92,104.48,196.8,123.4,168.76,77.85,103.54,63.92,16.84,239.67,70.26,13.67,158.28,246.24,73.76,33.98,73.86,35.13,104.55,171.39,114.82,170.22,82.77,67.52,87.71,216.23,39.58,72.89,36.07,52.89,202.53,186.13,52.7,89.09,37.04,49.83,147.37,105.3,75.58,49.77,169.82,58.46,168.6,117.22,74.87,11.34,63.81,17.32,93.78,161.69,65.86,0.0,101.62,34.17,124.65,126.72,188.6,64.14,98.79,222.8,159.24,229.95,66.15,54.37,147.97,217.19,85.46,165.48,89.85,211.13,42.32,61.52,87.37,34.84,152.49,144.61,97.12,160.04,39.46,142.85,165.3,29.32,176.79,41.22,194.66,26.56,134.78,9.08,28.45,171.26,14.27,137.65,211.23,69.02,83.66,117.62,77.44,56.88,41.96,152.19,114.63,45.76,140.94,151.76,182.05,31.28,33.0,205.52,70.83,72.72,16.35,87.66,155.94,126.06,76.46,98.87,65.25,91.67,9.92,34.24,119.99,154.78,234.59,23.29,148.06,146.5,159.91,20.09,142.62,136.17,80.44,29.27,32.78,127.62,159.05,142.05,141.22,77.01,27.98,94.4,139.01,144.79,107.82,104.46,238.39,211.94,207.07,200.23,191.12,208.2,217.68,203.44,154.31,149.96,164.75,166.99,186.04,179.46,175.41,183.39,178.76,163.25,177.96,175.8,157.9,152.71,156.89,156.27,184.47,171.62,178.16,163.4,193.32,180.44,182.26,112.76,249.77,227.13,293.91,295.13,285.44,277.63,272.7,260.94,261.19,255.72,94.96,85.39,88.09,88.75,145.89,122.96,125.79,110.89,82.85,84.43,112.34,93.56,130.27,119.22,110.03,165.32,170.55,168.1,156.38,183.45,199.76,178.87,148.81,153.88,139.54,73.24,54.97,76.32,74.31,55.27,57.95,60.43,50.09,66.87,62.54,90.36,84.38,87.65,91.77,137.31,33.39,37.87,31.62,32.21,83.25,64.85,58.86,81.49,82.92,109.77,102.99,108.34,96.47,115.72,70.87,19.88,50.77,111.88,116.82,102.83,107.92,139.11,143.81,127.97,130.64,119.95,111.17,105.87,94.55,22.76,11.63,18.74,15.68,42.91,42.03,41.26,44.58,50.73,66.02,72.76,132.57,134.36,132.98,173.87,170.16,165.84,134.38,144.73,137.49,70.75,55.65,61.09,80.98,65.46,75.46,81.53,83.05,97.32,62.02,83.28,49.62,40.4,45.23,50.05,27.65,43.33,44.5,41.97,51.65,61.91,67.86,50.02,55.01,66.94,90.74,53.64,63.48,71.56,79.86,86.56,97.39,87.72,85.9,139.23,111.92,112.5,100.71,125.51,120.59,114.55
60.89,81.8,88.62,114.97,65.3,144.05,129.38,153.78,146.86,85.68,95.84,50.99,30.42,129.99,83.13,145.69,91.89,96.7,124.81,52.97,67.17,68.06,114.6,125.54,141.89,90.17,84.7,44.82,40.47,45.28,73.8,138.32,65.76,45.63,133.99,76.62,57.74,160.85,79.39,142.49,125.43,24.02,72.67,59.73,66.27,49.28,99.66,148.16,102.57,18.02,23.0,145.87,117.16,48.46,136.65,55.59,129.92,107.1,127.94,170.91,40.95,86.33,24.14,136.23,86.36,142.18,140.22,164.14,103.06,108.02,41.14,79.98,47.09,119.65,77.02,102.29,150.89,34.92,108.85,69.5,157.46,40.4,118.34,158.22,119.48,12.62,82.61,32.55,81.44,96.63,97.14,20.37,127.45,66.18,102.5,136.14,79.14,113.75,97.35,61.1,91.27,121.4,134.19,58.59,25.4,30.63,134.13,81.04,142.82,79.82,28.44,77.05,105.14,47.78,93.11,11.22,72.91,46.92,101.62,0.0,138.11,36.38,48.82,100.32,61.99,18.97,134.53,70.97,141.68,58.5,65.52,59.7,128.92,20.66,77.2,106.05,122.85,126.23,145.43,101.38,118.75,64.22,56.33,95.75,71.77,123.36,54.57,77.03,113.23,88.51,125.13,106.39,75.88,46.51,109.66,112.36,82.98,98.59,59.75,122.96,70.45,95.08,133.8,35.62,140.79,64.09,150.82,167.23,129.67,52.67,63.48,93.77,135.22,116.91,117.25,45.54,67.72,101.01,16.03,67.67,37.78,61.57,13.56,57.6,100.31,91.94,118.14,31.72,66.5,146.32,107.61,59.79,58.23,71.63,103.99,54.34,47.9,55.15,113.17,116.69,39.34,70.78,53.78,52.94,93.98,111.89,7.98,50.74,56.52,19.55,16.49,150.12,123.67,118.8,111.95,102.84,119.93,129.41,115.16,66.03,61.69,76.48,78.72,97.77,91.19,87.14,95.12,90.49,74.97,89.68,87.53,69.63,64.43,68.62,67.99,96.2,83.35,89.89,75.12,105.05,92.16,93.99,24.49,161.5,138.86,205.64,206.86,197.17,189.35,184.43,172.67,172.91,167.44,23.34,41.1,28.64,29.3,67.99,46.06,52.16,31.48,41.03,42.61,30.57,21.93,48.5,37.45,31.69,77.05,82.28,79.82,85.79,95.18,111.49,90.6,89.18,94.99,97.67,41.18,57.67,60.44,46.46,52.69,61.15,69.12,71.47,75.56,73.69,65.06,59.09,71.98,66.47,116.55,78.6,83.08,78.0,81.53,71.06,75.19,61.55,82.93,99.1,92.03,88.57,79.72,93.05,72.62,99.75,104.54,134.68,110.51,115.45,96.65,106.55,137.74,142.44,126.6,129.27,118.58,127.35,122.05,110.73,123.34,100.77,119.33,116.26,126.82,125.93,125.17,128.49,134.64,149.93,156.67,148.75,150.54,149.16,172.5,168.79,164.47,166.8,160.91,153.67,154.66,139.56,145.0,164.89,149.36,159.37,165.44,166.96,181.22,165.96,187.22,153.56,140.98,145.81,153.99,128.24,150.04,144.71,145.91,155.58,152.92,158.87,133.93,138.91,150.85,174.64,137.55,147.39,155.47,163.76,170.47,181.29,171.63,169.81,155.41,161.82,171.03,172.66,184.69,177.89,198.45
185.64,206.56,213.37,29.08,190.06,75.94,61.27,74.27,15.09,64.27,52.5,103.0,155.17,61.88,207.89,115.0,56.12,221.46,92.11,167.12,82.25,84.56,23.45,57.43,73.78,125.11,209.46,103.19,157.13,100.16,102.79,70.21,94.75,161.53,258.75,201.38,81.16,60.8,204.15,74.38,32.55,142.26,197.43,184.49,98.21,94.26,43.49,55.16,95.67,145.92,147.75,14.1,24.37,173.21,100.68,89.39,8.16,33.39,59.83,70.86,165.7,73.43,117.94,68.12,102.51,10.41,87.05,288.89,121.2,232.77,159.38,204.74,113.83,80.7,99.89,51.12,275.65,106.24,29.88,194.25,282.21,109.74,19.74,58.17,51.37,140.52,207.37,150.79,206.19,99.49,84.24,123.69,252.21,75.56,89.6,21.35,69.6,238.5,222.11,88.67,105.81,53.29,66.08,183.35,141.28,111.56,66.02,205.8,74.71,204.58,153.2,91.58,38.39,99.79,53.75,129.75,197.67,101.84,34.17,138.11,0.0,161.11,163.17,225.05,100.59,135.24,259.25,195.69,266.4,102.6,90.82,184.42,253.64,121.91,201.93,80.85,247.58,58.12,45.32,82.79,25.74,188.94,181.06,113.84,196.49,21.76,179.3,201.75,45.13,213.24,57.02,231.11,63.01,171.23,25.61,34.9,207.71,49.6,174.1,247.68,85.74,100.38,80.59,113.89,72.68,78.41,119.01,86.76,13.76,177.39,188.21,218.5,5.31,48.81,241.97,107.28,89.44,53.22,124.11,192.39,162.51,93.17,135.32,101.7,90.59,46.37,50.04,156.45,191.23,271.04,45.89,184.51,182.96,196.36,35.89,179.07,172.62,116.89,45.07,48.58,164.07,195.5,178.5,177.67,93.72,43.78,130.85,175.46,181.24,144.27,140.91,274.84,248.39,243.52,236.68,227.57,244.65,254.13,239.89,190.76,186.42,201.2,203.44,222.49,215.91,211.87,219.84,215.21,199.7,214.41,212.25,194.35,189.16,193.34,192.72,220.92,208.07,214.62,199.85,229.77,216.89,218.72,149.21,286.22,263.58,330.36,331.58,321.89,314.08,309.15,297.39,297.64,292.17,131.41,121.84,124.54,125.2,182.34,159.41,162.24,147.34,119.3,120.88,148.79,130.01,166.72,155.67,146.49,201.77,207.01,204.55,173.1,219.91,236.21,215.33,165.52,170.6,156.26,109.69,91.42,112.77,110.76,91.73,94.4,96.88,86.54,103.32,98.99,126.81,120.83,104.37,128.22,154.03,69.84,74.32,68.07,68.66,99.97,81.57,95.31,98.21,80.38,126.48,119.71,125.06,113.19,132.44,87.59,56.76,66.57,128.6,123.69,119.55,124.64,107.06,111.76,115.75,108.56,120.7,86.17,79.98,68.66,30.05,40.37,35.46,32.4,23.77,32.93,57.06,60.39,62.64,81.82,88.56,101.28,95.27,95.95,133.68,129.96,134.29,106.51,113.45,106.21,56.63,71.46,61.28,70.35,81.26,78.76,97.33,86.35,88.6,34.16,55.42,21.75,29.27,34.09,22.18,32.15,18.23,12.91,14.11,23.78,34.05,40.0,30.88,43.97,50.74,74.54,34.5,42.11,55.36,63.66,70.36,81.19,78.87,83.69,90.1,84.06,84.63,72.85,97.65,92.72,98.35
44.64,65.56,72.37,138.0,49.05,167.08,152.41,176.81,169.89,108.71,118.87,74.02,5.96,153.02,66.89,150.51,114.92,80.45,140.95,36.51,90.2,91.09,137.63,148.57,164.92,94.99,68.46,67.85,24.01,68.31,96.83,161.35,88.79,29.17,117.75,60.38,80.77,183.88,63.15,165.52,148.46,40.71,56.42,43.48,89.3,72.31,122.69,171.19,107.39,23.53,12.09,168.9,140.19,32.21,141.47,78.62,152.95,130.13,150.97,193.94,24.49,109.36,47.17,159.26,109.39,165.21,155.09,147.89,107.88,91.77,45.96,63.74,70.12,128.61,100.05,125.32,134.64,57.95,131.88,53.25,141.21,63.43,141.37,181.25,142.51,26.74,66.36,49.24,65.19,114.94,120.17,43.4,111.21,89.21,125.53,159.17,102.17,97.5,81.1,84.13,114.3,144.43,157.22,42.35,38.29,53.66,157.16,64.8,165.85,63.58,16.47,100.08,128.17,70.81,116.14,35.8,56.67,69.95,124.65,36.38,161.11,0.0,32.58,88.36,85.01,31.87,122.57,59.01,129.71,81.51,88.54,47.74,116.96,43.68,65.24,119.08,110.89,149.25,168.45,114.41,141.77,52.26,44.37,100.58,59.81,146.38,42.61,65.07,136.25,76.55,148.15,94.43,98.9,34.55,132.68,135.38,71.02,121.61,43.51,111.0,93.47,118.54,149.89,58.64,163.8,87.11,155.64,183.32,152.69,40.71,51.52,81.81,158.23,139.93,105.29,68.56,90.74,124.03,39.05,55.71,25.82,84.58,39.72,80.61,105.13,114.95,141.16,9.99,54.54,134.35,130.63,47.82,46.27,59.67,127.01,42.38,35.93,78.17,136.19,139.7,27.38,58.82,41.82,40.98,116.06,134.9,34.14,38.78,44.56,17.26,24.37,138.16,111.7,106.84,99.99,90.88,107.97,117.45,103.2,54.07,49.73,64.51,66.76,85.81,79.23,75.18,83.16,78.53,63.01,77.72,75.56,57.67,52.47,56.65,56.03,84.23,71.39,77.93,63.16,93.09,80.2,82.03,24.1,149.54,126.9,193.68,194.9,185.2,177.39,172.47,160.7,160.95,155.48,46.35,64.11,51.66,52.32,51.75,29.82,35.92,35.17,64.05,65.63,47.26,39.06,53.32,40.38,44.58,65.08,70.32,67.86,73.82,83.22,99.52,78.64,77.22,83.03,85.71,64.2,80.68,83.46,69.48,75.71,84.17,92.13,94.49,98.57,96.7,88.08,82.1,93.19,89.49,104.59,101.62,106.1,101.01,104.55,94.08,98.21,84.57,105.95,120.21,96.85,93.39,84.54,97.88,77.45,122.77,127.56,157.7,115.33,120.27,101.48,111.38,142.56,147.26,131.42,134.09,123.4,143.45,138.15,126.82,146.36,123.79,142.34,139.28,149.84,148.95,148.18,151.51,157.66,172.95,179.69,164.84,166.63,163.4,177.33,173.61,169.29,171.63,171.85,168.44,177.68,162.58,168.01,187.91,172.38,182.39,188.46,189.97,204.24,188.98,210.24,176.58,164.0,168.83,177.0,151.25,173.06,167.73,168.93,178.6,175.94,181.89,156.95,161.93,173.87,197.66,160.57,170.41,178.48,186.78,193.48,204.31,194.64,192.82,171.5,177.92,187.12,188.76,200.78,193.98,221.47
43.81,43.18,71.54,140.06,48.22,169.15,154.48,178.88,171.95,110.77,120.94,76.09,30.91,155.09,66.05,131.63,116.98,79.62,122.07,9.52,92.27,93.16,139.7,150.64,166.98,76.11,52.55,69.92,9.57,70.38,83.88,163.41,75.84,7.19,116.91,59.54,82.84,185.94,62.31,167.59,150.53,27.98,55.59,42.65,81.11,74.38,124.75,173.26,88.51,44.58,28.3,170.97,142.25,31.38,122.59,80.69,155.02,132.2,153.04,196.0,14.16,111.43,49.24,161.33,88.68,167.28,136.21,147.06,89.0,90.94,27.08,62.9,55.71,109.73,102.12,127.39,133.81,60.01,133.95,52.42,140.38,65.5,143.44,183.32,144.58,39.18,65.53,28.19,64.36,96.06,108.19,45.47,110.37,91.27,102.07,161.24,104.24,96.67,80.27,86.2,103.56,146.49,159.29,35.97,23.32,55.72,159.23,63.96,167.92,62.74,24.07,102.14,130.24,72.87,118.2,37.87,39.06,72.02,126.72,48.82,163.17,32.58,0.0,82.74,87.08,28.93,116.94,53.38,124.09,83.58,90.6,42.11,111.33,45.75,59.62,100.2,105.27,151.31,170.51,95.53,143.84,46.63,32.79,81.69,54.18,148.45,36.99,59.44,138.32,70.93,150.21,88.8,100.97,28.92,134.74,137.45,65.4,123.68,16.52,105.37,95.54,99.65,131.01,60.7,165.87,89.17,136.76,164.44,154.75,35.08,45.9,76.19,160.3,142.0,99.66,70.62,77.72,126.1,41.12,50.08,20.98,71.56,46.2,82.68,86.25,117.02,143.23,22.59,48.92,128.73,132.69,42.2,40.64,54.05,129.08,36.76,30.31,65.15,138.26,141.77,21.76,53.19,36.19,35.36,97.18,136.97,46.82,33.15,38.93,34.85,37.04,132.53,106.08,101.21,94.37,64.33,83.83,111.82,97.58,43.51,39.04,58.89,61.13,80.18,73.6,69.56,77.53,72.9,57.39,72.1,69.94,52.04,46.85,51.03,50.41,78.61,65.76,72.3,57.54,87.46,74.58,76.41,36.77,143.91,121.27,188.05,189.27,179.58,171.77,166.84,155.08,155.33,149.86,48.42,48.92,53.73,54.39,21.06,10.94,17.04,17.23,57.08,56.82,33.2,32.69,34.44,21.5,32.68,59.46,56.91,41.31,44.23,56.67,72.97,52.09,47.63,53.44,56.12,66.26,82.75,85.52,71.55,77.77,86.24,94.2,96.56,100.64,98.77,75.06,69.08,74.31,49.9,75.0,103.69,108.16,103.08,106.61,81.05,100.28,86.64,108.01,101.33,77.97,74.51,65.66,79.0,58.57,124.96,129.63,159.76,96.45,101.39,82.6,92.5,123.68,128.38,112.54,115.21,104.52,124.57,119.27,107.94,148.43,125.86,144.41,141.35,151.91,151.02,150.25,153.57,159.72,175.01,181.75,145.96,147.75,144.52,158.45,154.73,150.41,152.75,152.97,149.56,179.75,164.65,170.08,189.97,174.45,184.46,190.52,192.04,206.31,191.05,212.31,178.64,166.07,170.89,179.07,153.32,175.12,169.8,171.0,180.67,178.01,183.96,159.02,164.0,175.93,199.73,162.64,172.47,180.55,188.85,195.55,206.38,196.71,194.89,152.62,159.04,168.24,169.88,181.9,175.1,223.54
60.2,70.46,13.38,201.94,54.89,231.02,216.36,240.75,233.83,172.65,182.81,137.96,82.41,216.96,41.13,187.25,178.86,31.32,177.69,86.66,154.14,155.03,201.57,212.52,228.86,128.07,54.08,131.79,74.16,132.25,160.77,225.29,152.73,79.33,36.67,53.88,144.71,247.82,71.79,229.46,212.4,96.08,31.39,45.67,150.14,136.25,186.63,235.13,144.13,96.08,79.8,232.85,204.13,67.71,178.21,142.56,216.89,194.07,214.91,257.88,74.04,173.3,111.12,223.2,157.71,229.16,191.83,66.82,144.61,7.92,96.12,72.38,134.06,165.34,163.99,189.26,53.57,121.89,195.82,61.89,60.14,127.37,205.31,245.19,206.46,90.68,60.23,97.23,73.83,151.68,163.81,107.34,30.13,153.15,157.69,223.11,166.12,13.53,11.74,148.08,169.16,208.37,221.16,73.28,91.42,117.6,221.1,47.8,229.79,72.22,75.57,164.02,192.12,134.75,180.08,99.75,70.74,133.9,188.6,100.32,225.05,88.36,82.74,0.0,149.28,96.13,37.64,62.41,44.79,145.78,152.8,41.83,32.03,107.95,23.19,155.92,19.38,213.51,232.71,151.26,206.03,38.77,65.76,137.42,63.21,210.64,60.97,42.18,200.51,11.97,212.41,8.16,163.16,57.06,196.94,199.64,45.33,185.87,94.48,26.07,157.74,155.38,186.74,122.9,228.07,151.37,192.49,220.17,216.95,57.32,47.76,7.13,222.5,204.19,20.36,132.82,155.01,188.3,103.32,33.77,70.6,148.85,103.99,144.88,141.98,179.22,205.42,74.4,61.47,49.43,194.89,53.66,68.23,38.51,191.28,64.34,56.48,142.43,200.46,203.97,63.48,62.22,48.81,62.94,152.9,199.17,98.41,53.69,52.64,86.44,88.64,50.21,23.75,19.02,15.07,42.27,23.04,32.53,18.28,80.9,71.12,60.92,70.16,26.44,34.19,36.69,57.47,52.83,41.84,52.03,49.87,31.42,36.61,28.04,36.51,24.87,17.6,20.79,29.43,12.42,20.83,31.13,88.37,64.61,41.97,108.75,109.97,100.28,92.47,87.54,75.78,76.03,70.56,110.62,128.38,115.92,116.59,84.4,80.79,86.89,86.15,128.32,129.9,103.05,103.33,104.3,91.35,102.54,43.12,51.68,63.57,78.31,48.21,36.83,53.22,81.7,87.51,90.19,128.46,144.95,147.72,133.75,139.97,148.43,156.4,158.76,162.84,160.97,152.35,146.37,144.17,119.76,109.07,165.88,170.36,165.28,168.81,158.34,162.48,148.83,170.21,157.06,123.88,130.24,135.52,134.72,128.42,187.03,191.83,221.96,152.18,157.12,128.51,148.22,179.41,184.11,168.27,170.94,160.25,180.29,174.99,163.66,210.63,188.05,206.61,203.54,214.1,213.22,212.45,215.77,221.92,237.21,243.95,201.68,203.47,200.24,214.17,210.46,206.14,208.47,208.69,205.29,241.94,226.84,232.28,252.17,236.64,246.65,252.72,254.24,268.51,253.25,274.5,240.84,228.27,233.09,241.27,215.52,237.32,232.0,233.2,242.87,240.21,246.15,221.21,226.2,238.13,261.93,224.83,234.67,242.75,251.05,257.75,268.58,258.91,257.09,208.35,214.76,223.96,225.6,237.63,230.83,285.74
109.53,130.44,137.25,76.67,113.94,106.56,91.9,116.29,109.37,26.41,58.35,27.62,79.06,92.5,131.77,116.16,54.4,145.34,79.07,91.0,29.68,8.8,71.04,88.06,104.4,67.52,133.34,19.76,81.02,24.78,28.99,100.83,20.95,85.41,182.63,125.26,20.25,123.36,128.03,105.0,87.94,66.14,121.31,108.37,24.41,22.98,62.17,110.67,66.76,69.8,71.64,108.39,73.6,97.09,107.12,13.71,92.43,64.45,90.45,133.42,89.59,27.07,41.82,98.74,44.48,104.69,94.48,212.78,73.53,156.66,62.52,128.62,25.45,73.9,44.38,64.8,199.53,24.73,71.36,118.14,206.1,21.36,80.85,120.73,82.0,64.41,131.25,52.94,130.07,51.82,37.88,47.57,176.09,28.69,43.24,65.25,19.88,162.39,145.99,28.47,32.0,83.91,96.7,107.23,65.16,35.44,96.64,129.68,105.33,128.46,77.08,17.78,67.66,24.4,55.62,53.64,121.55,13.46,64.14,61.99,100.59,85.01,87.08,149.28,0.0,59.9,183.91,120.36,191.06,8.87,33.29,109.09,178.3,46.57,126.59,60.2,172.24,88.73,107.93,56.5,81.25,113.6,105.72,66.25,121.15,85.86,103.96,126.41,75.73,137.9,87.63,155.77,38.38,95.89,65.5,74.86,132.37,61.09,98.76,172.34,11.93,50.19,87.98,28.62,103.28,26.59,121.32,121.41,92.17,102.06,112.87,143.16,97.71,79.41,166.63,18.98,15.63,63.51,48.77,117.06,87.17,19.37,59.98,10.87,60.8,54.43,80.64,81.11,115.89,195.7,70.11,109.17,107.62,121.02,66.49,103.73,97.28,26.4,75.67,79.18,88.73,120.16,103.16,102.33,47.36,74.38,55.51,100.12,105.9,68.93,65.57,199.5,173.05,168.18,161.34,152.23,169.31,178.8,164.55,115.42,111.08,125.86,128.1,147.16,140.57,136.53,144.51,139.88,124.36,139.07,136.91,119.01,113.82,118.0,117.38,145.58,132.73,139.28,124.51,154.43,141.55,143.38,73.88,210.88,188.24,255.02,256.24,246.55,238.74,233.81,222.05,222.3,216.83,56.07,46.5,49.2,49.87,107.0,84.08,65.4,72.0,34.04,29.8,52.58,54.67,73.73,58.83,71.15,126.43,131.67,129.21,116.0,144.57,160.87,139.99,108.43,113.51,99.17,30.09,12.78,37.18,35.38,20.46,28.92,36.88,33.97,43.32,41.45,37.97,31.75,30.57,39.38,96.94,41.1,45.58,40.49,44.03,26.17,16.67,11.73,24.41,53.27,69.39,72.12,57.08,65.6,49.98,41.23,67.04,97.18,81.01,85.95,71.96,77.05,108.24,112.94,97.1,99.77,89.08,81.53,76.23,64.9,79.28,63.27,58.65,64.01,89.32,88.43,87.66,90.99,97.14,112.43,119.17,102.92,104.71,103.34,143.0,139.29,134.97,137.31,115.09,107.85,117.16,102.06,107.49,127.39,111.86,121.87,127.94,129.45,143.72,128.46,149.72,116.06,66.02,70.85,116.48,84.17,72.51,73.68,108.41,118.08,115.42,121.37,96.43,101.41,113.35,137.14,100.05,109.89,117.96,126.26,132.96,143.79,134.12,132.3,109.59,116.0,125.2,126.84,138.87,132.07,160.95
56.38,77.3,84.11,112.13,60.79,141.21,126.55,150.94,144.02,82.84,93.0,48.15,25.91,127.16,78.63,131.1,89.05,92.19,121.54,32.85,64.33,65.23,111.77,122.71,139.05,75.58,80.2,41.98,22.86,42.44,70.96,135.48,62.92,27.26,129.49,72.12,54.91,158.01,74.89,139.65,122.59,9.43,68.16,55.22,63.43,46.45,96.82,145.32,87.98,14.73,18.49,143.04,114.32,43.95,122.05,52.75,127.08,104.26,125.11,168.07,31.66,83.49,21.31,133.39,83.53,139.35,135.68,159.63,88.46,103.51,26.55,75.48,44.25,109.19,74.18,99.45,146.38,32.08,106.01,64.99,152.95,37.56,115.5,155.38,116.65,9.33,78.1,17.96,76.93,95.53,94.31,17.53,122.95,63.34,99.67,133.3,76.31,109.24,92.84,58.27,88.43,118.56,131.35,54.09,7.01,27.79,131.29,76.54,139.98,75.32,23.93,74.21,102.31,44.94,90.27,9.94,68.41,44.09,98.79,18.97,135.24,31.87,28.93,96.13,59.9,0.0,130.01,66.45,137.16,55.65,62.67,55.18,124.4,17.81,72.69,99.67,118.34,123.38,142.58,95.0,115.9,59.7,51.82,81.16,67.25,120.51,50.06,72.51,110.38,84.0,122.28,101.87,73.03,41.99,106.81,109.51,78.47,95.74,39.85,118.44,67.61,92.23,130.48,32.77,137.94,61.24,136.23,163.91,126.82,48.15,58.97,89.26,132.37,114.06,112.73,42.69,64.87,98.16,13.19,63.15,33.27,58.72,18.27,54.75,85.72,89.09,115.29,27.2,61.99,141.8,104.76,55.27,53.72,67.12,101.14,49.83,43.38,52.3,110.33,113.84,34.83,66.26,49.26,48.43,91.13,109.04,13.8,46.22,52.0,15.03,11.67,145.6,119.15,114.28,107.44,98.33,115.41,124.89,110.65,61.52,57.18,71.96,74.2,93.25,86.67,82.63,90.6,85.97,70.46,85.17,83.01,65.11,59.92,64.1,63.48,91.68,78.83,85.38,70.61,100.53,87.65,89.48,19.97,156.98,134.34,201.12,202.34,192.65,184.84,179.91,168.15,168.4,162.93,20.49,38.25,25.79,26.45,48.1,25.17,29.43,13.1,38.19,39.76,15.98,10.19,33.91,22.86,13.3,72.53,77.77,75.31,81.27,90.67,106.97,86.09,84.66,90.47,93.15,38.33,54.82,57.59,43.61,49.84,58.3,66.27,68.62,72.71,70.84,62.22,56.24,73.78,63.63,104.99,75.75,80.23,75.15,78.68,68.21,72.34,58.7,80.08,100.8,77.44,73.98,65.13,78.47,58.04,96.9,101.7,131.83,95.92,100.86,82.06,91.97,123.15,127.85,112.01,114.68,103.99,124.03,118.73,107.41,120.5,97.92,116.48,113.41,123.97,123.08,122.32,125.64,131.79,147.08,153.82,145.43,147.22,143.99,157.92,154.2,149.88,152.22,152.44,149.03,151.81,136.71,142.15,162.04,146.51,156.52,162.59,164.11,178.37,163.11,184.37,150.71,138.14,142.96,151.14,125.39,147.19,141.86,143.07,152.74,150.07,156.02,131.08,136.07,148.0,171.79,134.7,144.54,152.62,160.92,167.62,178.45,168.78,166.96,152.09,158.5,167.71,169.35,181.37,174.57,195.61
94.4,88.77,49.58,236.14,89.1,265.22,250.56,274.95,268.03,206.85,217.02,172.17,116.61,251.17,77.32,205.56,213.06,67.51,196.0,120.87,188.34,189.24,235.78,246.72,263.06,146.39,79.13,165.99,108.37,166.45,194.97,259.49,186.93,113.53,7.94,88.08,178.92,282.02,105.99,263.66,246.6,130.29,65.59,79.88,184.34,170.46,220.83,269.33,162.44,130.28,114.0,267.05,238.33,101.91,196.52,176.77,251.09,228.27,249.12,292.08,108.24,192.59,145.32,257.4,176.88,263.36,210.15,31.21,162.93,36.09,130.32,106.58,168.26,183.66,198.19,223.47,17.96,156.09,230.03,96.1,24.53,161.57,239.51,279.39,240.66,124.89,94.43,131.43,108.04,170.0,182.12,141.55,13.22,187.35,176.0,257.31,200.32,25.73,48.87,182.28,187.47,242.57,255.37,107.48,125.62,151.8,255.3,82.01,264.0,106.42,109.77,198.22,226.32,168.95,214.28,133.95,89.06,168.1,222.8,134.53,259.25,122.57,116.94,37.64,183.91,130.01,0.0,96.62,6.72,179.99,187.01,76.04,5.36,142.16,57.4,174.14,20.54,247.72,266.92,169.47,240.24,72.98,99.97,155.64,97.42,244.86,95.19,76.39,234.73,46.18,246.62,30.58,197.37,91.27,231.15,233.85,79.54,220.08,128.69,12.44,191.95,173.6,204.96,157.11,262.28,185.58,210.7,238.38,251.16,91.53,81.97,41.68,256.71,238.41,21.34,167.03,189.22,222.51,137.53,67.98,104.82,183.06,138.2,179.09,160.19,213.43,239.64,108.61,95.68,13.11,229.1,87.87,102.44,72.72,225.49,98.56,90.69,176.64,234.67,238.18,97.7,96.43,83.02,97.16,171.12,233.38,132.62,87.9,86.85,120.65,122.85,34.93,28.46,47.18,33.28,60.49,41.26,12.5,24.09,96.44,105.33,95.13,104.37,62.75,70.5,73.0,91.68,87.05,76.06,86.24,84.08,65.63,70.83,62.25,70.72,61.18,53.91,55.0,63.64,43.07,57.14,65.34,122.58,28.9,13.12,73.04,74.26,64.57,56.75,51.83,40.06,40.31,34.84,144.83,162.59,150.14,150.8,110.61,115.0,121.1,120.36,162.53,164.11,137.26,137.54,138.51,125.56,136.75,77.33,83.5,81.79,96.52,66.43,55.05,71.43,99.91,105.72,108.4,162.67,179.16,181.93,167.96,174.18,182.65,190.61,192.97,197.05,195.18,186.56,180.58,178.38,153.97,127.29,200.1,204.57,199.49,203.02,192.55,196.69,183.05,204.42,175.27,142.1,148.45,150.49,152.94,162.63,198.9,226.04,256.17,170.39,175.33,146.72,166.44,197.62,202.32,186.48,189.15,178.46,198.51,193.21,181.88,244.84,222.27,240.82,237.76,248.32,247.43,246.66,249.98,256.13,271.42,278.16,219.9,221.69,218.46,232.39,217.18,195.61,226.69,226.91,223.5,276.15,261.06,266.49,286.38,270.86,280.86,286.93,288.45,302.72,236.47,308.72,275.05,223.74,228.56,275.48,249.73,271.53,266.21,267.41,277.08,274.42,280.37,255.43,260.41,272.34,296.14,259.04,268.88,276.96,285.26,291.96,302.79,293.12,291.3,226.57,232.98,242.18,243.82,255.84,249.04,319.95
15.86,77.05,50.39,172.58,55.2,201.67,187.0,211.4,204.47,143.29,153.46,108.61,53.05,187.61,27.45,171.31,149.51,41.02,161.75,57.31,124.79,125.68,172.22,183.16,199.5,115.79,74.6,102.44,44.81,102.9,131.41,195.93,123.38,49.97,95.76,9.8,115.36,218.46,9.31,200.11,183.05,66.73,34.44,49.63,120.79,106.9,157.27,205.78,128.19,66.73,50.45,203.49,174.77,38.36,162.27,113.21,187.54,164.72,185.56,228.52,44.68,143.95,81.76,193.85,128.36,199.8,175.9,125.91,128.68,69.79,66.76,14.24,104.71,149.41,134.64,159.91,112.66,92.53,166.47,6.11,119.23,98.02,175.96,215.84,177.1,61.33,12.53,67.88,19.22,135.75,147.87,77.99,89.23,123.79,141.75,193.76,136.76,75.52,59.12,118.72,148.89,179.02,191.81,53.84,62.06,88.24,191.75,15.43,200.44,14.08,46.21,134.66,162.76,105.39,150.73,70.39,68.16,104.54,159.24,70.97,195.69,59.01,53.38,62.41,120.36,66.45,96.62,0.0,105.28,116.67,123.69,36.45,92.52,78.84,40.8,140.94,86.45,184.4,203.6,136.28,176.92,34.73,46.35,122.44,5.98,181.54,44.59,22.25,171.4,52.11,183.3,69.99,134.05,36.52,167.83,170.53,21.23,156.76,65.37,86.56,128.63,140.4,171.76,93.79,198.96,122.26,177.51,205.19,187.84,39.04,17.71,57.37,193.39,175.08,80.85,103.71,125.9,159.19,74.21,30.86,41.5,119.74,74.88,115.77,127.0,150.11,176.32,45.29,13.11,109.92,165.78,24.35,36.2,25.0,162.17,32.31,28.63,113.32,171.35,174.86,34.37,8.44,30.53,30.91,137.92,170.06,69.3,24.19,23.76,57.33,59.53,113.72,87.27,82.4,75.55,95.07,83.53,93.01,78.76,61.48,51.71,8.61,10.7,42.1,35.99,31.94,33.36,28.73,32.1,27.93,25.77,46.38,41.19,58.63,58.01,47.91,43.13,53.49,47.5,68.65,51.06,75.5,59.26,125.1,102.46,169.24,170.46,160.77,152.95,148.03,136.27,136.51,131.04,81.51,99.27,86.82,87.48,64.99,51.68,57.78,57.04,99.21,100.79,73.94,74.22,75.19,62.24,73.43,67.06,72.3,75.27,81.23,87.41,97.32,82.83,84.63,90.44,93.12,99.35,115.84,118.61,104.64,110.86,119.32,127.29,129.65,133.73,131.86,123.24,117.26,115.06,90.65,112.0,136.78,141.25,136.17,139.7,129.23,133.37,119.73,141.1,142.08,118.72,115.26,106.41,119.74,99.31,157.92,162.72,192.85,137.2,142.14,123.34,133.24,164.43,169.13,153.29,155.96,145.27,165.31,160.01,148.68,181.52,158.94,177.5,174.43,184.99,184.11,183.34,186.66,192.81,208.1,214.84,186.7,188.49,185.26,199.19,195.48,191.16,193.5,193.71,190.31,212.83,197.73,203.17,223.06,207.54,217.54,223.61,225.13,239.4,224.14,245.4,211.73,199.16,203.98,212.16,186.41,208.21,202.89,204.09,213.76,211.1,217.04,192.1,197.09,209.02,232.82,195.72,205.56,213.64,221.94,228.64,239.47,229.8,227.98,193.37,199.78,208.98,210.62,222.65,215.85,256.63
101.55,95.92,56.73,243.29,96.25,272.37,257.71,282.1,275.18,201.74,224.16,179.31,123.76,258.32,84.47,206.92,220.21,74.66,197.36,128.02,195.49,196.39,242.93,253.87,270.21,147.74,86.28,173.14,115.51,173.6,191.68,266.64,194.08,120.68,12.48,95.23,186.07,289.17,113.14,270.81,253.75,137.43,72.74,87.02,191.49,177.61,227.98,276.48,163.8,137.43,121.15,274.2,245.48,109.06,197.88,183.91,258.24,235.42,256.27,299.23,115.39,193.94,152.47,264.55,178.24,270.51,211.5,24.55,164.29,43.24,137.47,113.73,175.41,185.02,205.34,230.61,11.3,163.24,237.18,103.25,17.87,168.72,246.66,286.54,247.81,132.03,101.58,138.58,115.18,171.35,183.48,148.69,20.37,194.5,177.36,264.46,207.47,32.88,56.02,189.43,188.83,249.72,262.51,114.63,132.77,158.95,262.45,89.15,271.15,113.57,116.92,205.37,233.47,176.1,221.43,141.1,96.2,175.25,229.95,141.68,266.4,129.71,124.09,44.79,191.06,137.16,6.72,105.28,0.0,187.14,194.16,83.19,10.66,149.31,64.55,175.49,27.68,254.87,274.07,170.82,247.39,80.13,107.12,156.99,104.57,252.01,102.34,83.54,241.87,53.33,253.77,37.73,204.52,98.42,238.3,241.0,86.69,227.23,135.84,17.74,199.1,174.95,206.3,164.26,269.43,192.73,212.05,239.73,258.31,98.68,89.12,48.83,263.86,245.55,28.49,174.18,196.37,229.66,144.68,75.13,111.97,190.21,145.35,186.24,161.54,220.58,246.79,115.76,102.83,6.44,236.25,95.02,109.59,79.87,232.64,105.71,97.84,183.79,241.82,245.33,104.84,103.58,90.17,104.31,172.47,240.53,139.77,95.05,94.0,127.8,130.0,42.16,35.61,54.33,40.43,67.63,48.41,17.79,31.24,103.58,112.48,102.28,111.52,69.9,77.65,80.15,98.83,94.2,83.21,93.39,91.23,72.78,77.97,69.4,77.87,68.33,61.05,62.15,70.79,50.22,64.29,72.49,129.73,22.23,9.71,66.37,67.59,57.9,50.09,45.16,33.4,33.65,28.18,151.98,169.74,157.28,157.95,117.76,122.15,128.25,127.51,169.68,171.26,144.41,144.69,145.66,132.71,143.9,84.48,90.65,88.94,103.67,73.58,62.2,78.58,107.06,112.87,115.55,169.82,186.31,189.08,175.11,181.33,189.79,197.76,200.12,204.2,202.33,193.71,187.73,185.53,161.12,137.0,207.25,211.72,206.64,210.17,199.7,203.84,190.2,195.81,176.62,143.45,149.8,151.84,154.29,159.22,200.25,233.19,263.32,171.74,176.68,148.07,167.79,198.97,203.67,187.83,190.5,179.81,199.86,194.56,183.23,251.99,229.41,247.97,244.9,255.46,254.58,253.81,257.13,263.28,278.57,285.31,221.25,223.04,219.81,233.74,210.14,188.57,228.04,228.26,224.85,283.3,268.2,273.64,293.53,278.01,288.01,294.08,295.6,309.87,237.82,315.86,282.2,225.09,229.91,282.63,256.88,278.68,273.36,274.56,284.23,281.57,287.51,262.57,267.56,279.49,303.29,266.19,276.03,284.11,292.41,299.11,309.94,300.27,298.45,227.92,234.33,243.53,245.17,257.19,250.39,327.1
106.03,126.94,133.76,79.49,110.44,108.57,93.9,118.3,111.38,31.81,60.36,24.12,75.56,94.51,128.27,121.56,56.41,141.84,84.46,87.51,31.69,14.19,79.12,90.06,106.41,72.92,129.84,16.26,77.52,21.28,34.38,102.84,26.35,81.92,179.13,121.77,22.26,125.37,124.53,107.01,89.95,62.65,117.81,104.87,29.8,20.63,64.18,112.68,72.16,66.3,68.14,110.4,81.68,93.6,112.52,16.0,94.44,71.62,92.46,135.43,86.09,32.46,38.32,100.75,49.88,106.7,99.87,209.28,78.93,153.16,59.02,125.12,21.95,79.29,42.35,66.81,196.03,21.24,73.37,114.64,202.6,17.86,82.86,122.74,84.0,60.91,127.75,49.44,126.58,57.21,43.28,44.08,172.6,30.7,48.64,70.64,25.28,158.89,142.49,26.44,37.4,85.92,98.71,103.74,61.67,31.94,98.65,126.19,107.34,124.96,73.58,23.18,69.67,20.91,57.63,50.14,118.05,9.97,66.15,58.5,102.6,81.51,83.58,145.78,8.87,55.65,179.99,116.67,187.14,0.0,31.06,105.59,174.81,43.07,123.09,65.6,168.74,90.79,109.99,61.89,83.31,110.11,102.22,71.65,117.66,87.93,100.46,122.92,77.79,134.4,89.69,152.28,40.44,92.4,74.22,76.92,128.87,63.15,95.26,168.84,17.33,55.58,93.37,25.13,105.35,28.65,126.71,126.8,94.23,98.56,109.37,139.66,99.78,81.47,163.14,15.49,21.03,65.58,45.27,113.56,83.67,24.77,56.48,7.37,66.2,56.5,82.71,77.61,112.39,192.2,72.17,105.67,104.12,117.52,68.56,100.23,93.78,25.1,77.74,81.25,85.23,116.67,99.67,98.83,52.76,76.45,52.02,96.63,102.4,65.43,62.08,196.01,169.55,164.68,157.84,148.73,165.82,175.3,161.05,111.92,107.58,122.36,124.61,143.66,137.08,133.03,141.01,136.38,120.86,135.57,133.41,115.52,110.32,114.5,113.88,142.08,129.24,135.78,121.01,150.94,138.05,139.88,70.38,207.39,184.74,251.53,252.75,243.05,235.24,230.32,218.55,218.8,213.33,52.58,43.01,45.71,46.37,103.51,80.58,61.91,68.51,30.54,26.3,49.08,51.17,66.39,55.33,67.65,122.93,128.17,125.71,131.67,141.07,157.37,136.49,113.83,118.9,104.56,26.6,15.07,33.68,31.88,18.23,26.69,34.65,36.04,41.09,39.22,35.01,29.03,35.97,36.42,102.33,43.17,47.64,42.56,46.09,31.57,22.07,14.03,29.8,58.67,74.79,77.51,62.48,70.99,55.38,46.62,69.11,99.24,86.41,91.34,77.35,82.45,113.63,118.34,102.49,105.16,94.47,86.92,81.62,70.3,87.91,65.33,64.05,69.4,91.38,90.5,89.73,93.05,99.2,114.49,121.23,108.32,110.11,108.73,148.4,144.68,140.37,142.7,120.48,113.25,119.22,104.12,109.56,129.45,113.93,123.93,130.0,131.52,145.79,130.53,151.78,118.12,71.42,76.24,118.55,92.8,77.91,79.08,110.48,120.15,117.49,123.43,98.49,103.48,115.41,139.21,102.11,111.95,120.03,128.33,135.03,145.86,136.19,134.37,114.98,121.39,130.6,132.24,144.26,137.46,163.02
113.05,133.97,140.78,67.71,117.47,96.8,82.13,106.53,99.6,56.23,48.59,22.01,82.58,82.74,135.3,145.98,44.63,148.87,108.88,94.53,8.58,38.61,67.35,78.29,94.63,97.34,136.87,30.6,84.54,23.95,58.8,91.06,50.76,88.94,186.16,128.79,18.81,113.59,131.56,95.24,78.18,69.67,124.84,111.9,54.22,16.74,52.4,100.91,96.58,73.33,75.16,98.62,69.9,100.62,136.94,22.07,82.67,59.85,80.69,123.65,93.11,56.88,45.35,88.98,74.29,94.93,124.29,216.3,103.34,160.18,86.79,132.15,44.21,103.71,14.41,55.04,203.06,33.65,61.6,121.66,209.62,40.12,71.09,110.97,72.23,67.93,134.78,78.2,133.6,81.63,67.69,51.1,179.62,18.92,73.05,88.89,49.69,165.91,149.52,5.87,61.82,74.14,86.94,110.76,68.69,38.97,86.88,133.21,95.57,131.99,80.61,47.6,57.89,24.01,45.85,57.16,125.08,30.22,54.37,65.52,90.82,88.54,90.6,152.8,33.29,62.67,187.01,123.69,194.16,31.06,0.0,112.07,181.29,49.56,129.57,89.81,175.22,78.95,98.14,86.11,71.47,116.59,108.7,95.86,124.14,76.08,106.94,129.4,65.95,140.88,77.85,158.76,28.6,98.88,62.38,65.08,135.35,51.31,101.75,175.33,41.55,79.8,117.59,41.53,93.5,16.98,150.93,151.02,82.38,105.04,115.85,146.14,87.93,69.63,169.62,37.89,45.25,53.73,51.76,120.04,90.15,48.98,62.97,30.16,90.41,44.65,70.86,84.09,118.87,198.69,60.33,112.16,110.6,124.0,56.71,106.71,100.27,47.51,65.89,69.4,91.71,123.15,106.15,105.31,76.97,64.6,58.5,103.11,108.89,71.92,68.56,202.49,176.04,171.17,164.32,155.21,172.3,181.78,167.53,118.41,114.06,128.85,131.09,150.14,143.56,139.51,147.49,142.86,127.34,142.05,139.9,122.0,116.81,120.99,120.36,148.57,135.72,142.26,127.49,157.42,144.53,146.36,76.86,213.87,191.23,258.01,259.23,249.54,241.72,236.8,225.04,225.28,219.81,59.06,49.49,52.19,52.85,109.99,87.06,89.89,74.99,46.95,48.53,76.44,57.65,94.37,83.31,74.13,129.42,134.65,132.19,138.16,147.55,163.86,142.97,141.55,147.36,128.78,37.33,23.92,31.58,29.57,13.34,12.21,5.9,7.44,9.62,8.17,57.42,51.44,60.18,58.83,126.55,31.32,35.8,30.71,34.24,55.78,37.4,27.8,54.02,82.89,99.0,101.73,86.69,95.21,79.59,70.84,57.26,87.39,110.62,115.56,101.57,106.67,137.85,142.55,126.71,129.38,118.69,111.14,105.84,94.51,76.06,53.49,72.04,68.98,79.54,78.65,77.88,81.21,87.35,102.64,109.39,132.53,134.32,132.95,172.62,168.9,164.58,166.92,144.7,137.46,107.38,92.28,97.71,117.6,102.08,112.09,118.16,119.67,133.94,118.68,139.94,106.28,93.7,98.52,106.7,80.95,102.75,97.43,98.63,108.3,105.64,111.59,86.65,91.63,103.57,127.36,90.27,100.11,108.18,116.48,123.18,134.01,124.34,122.52,139.2,145.61,154.81,157.37,168.48,161.68,151.17
25.81,49.75,34.95,161.31,24.87,190.4,175.73,200.13,193.2,132.02,142.19,97.34,41.78,176.34,32.33,162.89,138.23,45.9,153.32,46.04,113.52,114.41,160.95,171.89,188.23,103.71,44.27,91.17,33.54,91.63,120.14,184.66,112.11,38.7,75.18,41.55,104.09,207.19,44.32,188.84,171.78,55.46,21.87,19.3,109.52,95.63,146.0,194.51,119.77,55.45,39.18,192.22,163.5,20.23,153.84,101.94,176.27,153.45,174.29,217.25,33.41,132.68,70.49,182.58,117.09,188.53,167.47,105.33,120.25,49.21,55.49,44.91,93.44,140.98,123.37,148.64,92.08,81.26,155.2,34.42,98.65,86.75,164.69,204.57,165.83,50.06,47.53,56.61,46.36,127.32,139.45,66.72,68.65,112.52,133.33,182.49,125.49,54.94,38.54,107.45,137.61,167.74,180.54,26.54,50.79,76.97,180.48,29.83,189.17,44.75,34.94,123.39,151.49,94.12,139.45,59.12,40.86,93.27,147.97,59.7,184.42,47.74,42.11,41.83,109.09,55.18,76.04,36.45,83.19,105.59,112.07,0.0,70.43,67.41,19.88,131.46,64.36,172.98,192.18,126.79,165.5,13.73,18.95,112.95,35.83,170.11,14.16,24.82,159.98,30.02,171.88,47.9,122.63,14.79,156.41,159.11,27.97,145.34,53.95,64.47,117.2,130.91,162.27,82.37,187.53,110.84,168.02,195.7,176.42,10.5,20.19,35.28,181.96,163.66,58.76,92.29,114.47,147.76,62.78,17.18,30.07,108.31,63.45,104.34,117.51,138.68,164.89,33.87,30.56,87.82,154.36,16.49,27.7,21.15,150.74,23.81,15.95,101.9,159.92,163.43,22.95,34.84,6.92,22.41,128.44,158.63,57.88,13.16,15.47,45.91,48.1,91.63,65.17,60.31,53.46,64.65,61.44,70.92,56.67,34.09,24.31,40.53,42.78,44.42,40.7,36.65,40.11,35.48,24.48,34.67,32.51,10.41,5.22,28.21,27.58,42.84,30.0,25.77,15.9,46.56,38.81,53.41,47.83,103.01,80.37,147.15,148.37,138.67,130.86,125.94,114.17,114.42,108.95,70.08,87.85,75.39,76.05,37.59,40.26,46.36,45.61,87.78,89.36,62.52,62.79,63.77,50.82,62.0,36.64,41.87,47.88,53.84,56.98,75.23,52.4,57.23,63.04,65.72,87.93,104.42,107.19,93.21,99.44,107.9,115.87,118.22,122.3,120.44,111.81,105.83,103.63,79.22,84.61,125.35,129.83,124.74,128.28,117.81,121.94,108.3,129.68,132.59,99.42,105.77,94.99,110.26,87.89,146.5,151.29,181.43,127.71,132.65,104.04,123.76,154.94,159.64,143.8,146.47,135.78,155.82,150.52,139.2,170.09,147.52,166.07,163.01,173.57,172.68,171.92,175.24,181.39,196.68,203.42,177.22,179.01,175.78,189.71,185.99,181.67,184.01,184.23,180.82,201.41,186.31,191.74,211.64,196.11,206.12,212.19,213.7,227.97,212.71,233.97,200.31,187.73,192.56,200.73,174.98,196.79,191.46,192.66,202.33,199.67,205.62,180.68,185.66,197.6,221.39,184.3,194.14,202.21,210.51,217.22,228.04,218.37,216.55,183.88,190.29,199.5,201.14,213.16,206.36,245.2
88.79,83.16,43.97,230.53,83.49,259.61,244.95,269.35,262.42,201.24,211.41,166.56,111.0,245.56,71.71,199.95,207.45,61.91,190.39,115.26,182.73,183.63,230.17,241.11,257.45,140.78,73.52,160.38,102.76,160.84,189.36,253.88,181.32,107.92,7.47,82.47,173.31,276.41,100.38,258.05,240.99,124.68,59.98,74.27,178.74,164.85,215.22,263.72,156.83,124.67,108.39,261.44,232.72,96.31,190.91,171.16,245.49,222.66,243.51,286.47,102.63,186.98,139.71,251.79,171.27,257.75,204.54,37.62,157.32,30.48,124.71,100.97,162.66,178.05,192.58,217.86,24.37,150.48,224.42,90.49,30.94,155.97,233.9,273.79,235.05,119.28,88.82,125.83,102.43,164.39,176.51,135.94,9.04,181.74,170.39,251.7,194.71,18.92,43.27,176.67,181.87,236.96,249.76,101.87,120.01,146.19,249.7,76.4,258.39,100.81,104.16,192.61,220.71,163.34,208.67,128.34,83.45,162.49,217.19,128.92,253.64,116.96,111.33,32.03,178.3,124.4,5.36,92.52,10.66,174.81,181.29,70.43,0.0,136.55,51.8,168.53,13.73,242.11,261.31,163.86,234.64,67.37,94.36,150.03,91.81,239.25,89.58,70.78,229.12,40.58,241.01,24.98,191.77,85.66,225.54,228.25,73.93,214.48,123.09,7.68,186.34,167.99,199.35,151.5,256.67,179.97,205.09,232.77,245.55,85.92,76.36,36.07,251.1,232.8,15.73,161.42,183.61,216.9,131.92,62.37,99.21,177.45,132.59,173.48,154.58,207.82,234.03,103.0,90.07,17.04,223.5,82.27,96.84,67.11,219.88,92.95,85.08,171.03,229.06,232.57,92.09,90.82,77.41,91.55,165.51,227.77,127.01,82.29,81.25,115.04,117.24,38.28,21.66,41.58,27.68,54.88,35.65,7.73,18.48,90.83,99.72,89.52,98.76,57.14,64.89,67.39,86.07,81.44,70.45,80.63,78.47,60.02,65.22,56.64,65.11,55.57,48.3,49.39,58.03,37.46,51.54,59.73,116.97,35.3,12.66,79.44,80.66,70.97,63.16,58.23,46.47,46.72,41.25,139.22,156.98,144.53,145.19,105.0,109.4,115.49,114.75,156.92,158.5,131.66,131.93,132.9,119.95,131.14,71.73,77.89,76.18,90.91,60.82,49.44,65.82,94.31,100.11,102.8,157.06,173.55,176.32,162.35,168.58,177.04,185.0,187.36,191.44,189.57,180.95,174.97,172.77,148.36,121.68,194.49,198.97,193.88,197.41,186.94,191.08,177.44,198.81,169.66,136.49,142.84,144.88,147.33,157.02,193.29,220.43,250.56,164.79,169.72,141.11,160.83,192.01,196.72,180.87,183.54,172.85,192.9,187.6,176.27,239.23,216.66,235.21,232.15,242.71,241.82,241.05,244.38,250.52,265.81,272.55,214.29,216.08,212.85,226.78,216.72,195.15,221.08,221.3,217.89,270.55,255.45,260.88,280.77,265.25,275.26,281.32,282.84,297.11,230.86,303.11,269.44,218.13,222.96,269.87,244.12,265.92,260.6,261.8,271.47,268.81,274.76,249.82,254.8,266.73,290.53,253.44,263.27,271.35,279.65,286.35,297.18,287.51,285.69,220.96,227.37,236.57,238.21,250.24,243.44,314.34
68.2,89.11,95.92,98.8,72.61,127.88,113.22,137.61,130.69,69.51,79.67,34.83,37.73,113.83,90.44,144.8,75.72,104.01,108.65,49.67,51.0,51.9,98.44,109.38,125.72,90.96,92.01,28.65,39.68,29.11,57.63,122.15,49.59,44.08,141.3,83.93,41.58,144.68,86.7,126.32,109.26,24.81,79.98,67.04,50.1,33.12,83.49,131.99,95.4,28.47,30.31,129.71,100.99,55.76,135.76,39.42,113.75,90.93,111.78,154.74,48.26,70.16,7.98,120.06,70.2,126.02,124.06,171.45,102.17,115.33,41.93,87.29,30.92,103.48,60.85,86.12,158.2,18.75,92.69,76.81,164.77,24.23,102.17,142.05,103.32,23.08,89.92,33.35,88.74,80.46,80.98,8.52,134.76,50.01,86.34,119.97,62.98,121.06,104.66,44.94,75.1,105.23,118.02,65.9,23.83,14.46,117.96,88.35,126.66,87.13,35.75,60.88,88.98,31.61,76.94,12.31,80.22,30.76,85.46,20.66,121.91,43.68,45.75,107.95,46.57,17.81,142.16,78.84,149.31,43.07,49.56,67.41,136.55,0.0,84.55,89.88,130.2,110.06,129.26,85.21,102.58,71.56,63.67,94.97,79.11,107.19,61.91,84.37,97.06,95.85,108.96,113.73,59.71,53.85,93.49,96.19,90.32,82.42,56.72,130.3,54.28,78.9,117.63,19.45,124.61,47.92,150.03,151.06,113.5,60.01,70.82,101.12,119.04,100.74,124.59,29.37,51.55,84.84,6.73,75.01,45.12,45.39,17.94,41.42,89.51,75.76,101.97,39.06,73.84,153.66,91.44,67.13,65.57,78.98,87.82,61.68,55.24,38.98,97.0,100.51,46.68,78.12,61.12,60.28,77.81,95.71,13.47,58.08,63.86,26.89,23.53,157.46,131.01,126.14,119.3,110.19,127.27,136.75,122.5,73.38,69.03,83.82,86.06,105.11,98.53,94.48,102.46,97.83,82.31,97.02,94.87,76.97,71.78,75.96,75.33,103.54,90.69,97.23,82.46,112.39,99.5,101.33,31.83,168.84,146.2,212.98,214.2,204.51,196.69,191.77,180.01,180.25,174.78,8.61,24.92,16.8,17.46,64.96,42.03,44.86,29.96,24.86,26.44,31.41,12.63,49.34,38.28,29.1,84.39,89.62,87.16,93.13,102.52,118.83,97.94,96.52,102.33,105.01,25.01,41.49,44.27,30.29,36.52,44.98,52.94,55.3,59.38,57.51,48.89,42.91,55.81,50.3,120.42,62.43,66.91,61.82,65.36,54.88,59.02,45.38,66.76,82.93,92.87,89.41,80.56,94.31,73.46,83.58,88.37,118.5,109.72,114.66,100.67,105.77,136.95,141.65,125.81,128.48,117.79,111.18,105.88,94.55,107.17,84.6,103.15,100.09,110.65,109.76,108.99,112.32,118.46,133.76,140.5,132.57,134.36,132.99,171.72,168.0,163.69,166.02,144.74,137.5,138.49,123.39,128.82,148.72,133.19,143.2,149.27,150.78,165.05,149.79,171.05,137.39,124.81,129.64,137.81,112.06,133.86,128.54,129.74,139.41,136.75,142.7,117.76,122.74,134.68,158.47,121.38,131.22,139.29,147.59,154.29,165.12,155.45,153.63,139.24,145.65,154.85,156.49,168.52,161.72,182.28
37.08,73.36,15.28,178.82,48.49,207.9,193.23,217.63,210.71,149.53,159.69,114.84,59.29,193.84,27.18,177.54,155.74,29.51,167.98,63.54,131.02,131.91,178.45,189.39,205.74,122.02,57.72,108.67,51.04,109.13,137.65,202.17,129.61,56.21,56.55,30.76,121.59,224.7,48.67,206.34,189.28,72.96,8.27,42.92,127.02,113.13,163.51,212.01,134.42,72.96,56.68,209.73,181.01,44.59,168.5,119.44,193.77,170.95,191.79,234.76,50.92,150.18,88.0,200.08,134.59,206.03,182.13,86.69,134.91,30.57,73.0,49.26,110.94,155.64,140.87,166.14,73.45,98.77,172.7,38.77,80.01,104.25,182.19,222.07,183.33,67.56,37.11,74.11,50.71,141.98,154.11,84.22,50.01,130.03,147.98,199.99,143.0,36.31,19.91,124.96,155.12,185.25,198.04,50.15,68.3,94.48,197.98,24.68,206.67,49.1,52.45,140.9,169.0,111.63,156.96,76.63,64.47,110.77,165.48,77.2,201.93,65.24,59.62,23.19,126.59,72.69,57.4,40.8,64.55,123.09,129.57,19.88,51.8,84.55,0.0,146.94,45.73,190.39,209.59,142.27,182.92,15.65,42.64,128.43,40.09,187.53,37.86,19.06,177.4,11.38,189.29,29.26,140.05,33.94,173.82,176.53,22.21,162.76,71.37,45.83,134.62,146.39,177.75,99.78,204.95,128.25,183.5,211.18,193.83,34.2,24.64,16.65,199.38,181.08,40.12,109.7,131.89,165.18,80.2,10.65,47.49,125.73,80.87,121.76,132.99,156.1,182.31,51.28,38.35,69.19,171.78,30.55,45.12,15.39,168.16,41.23,33.36,119.32,177.34,180.85,40.37,39.1,25.69,39.83,143.92,176.05,75.29,30.57,29.53,63.32,65.52,72.99,46.54,41.67,34.83,62.03,42.8,52.28,38.04,57.78,48.0,37.8,47.04,24.75,34.94,30.9,34.35,29.72,18.73,28.91,26.75,9.47,14.66,31.69,51.28,23.18,10.33,13.47,7.48,27.92,19.15,34.77,65.25,84.37,61.73,128.51,129.73,120.04,112.23,107.3,95.54,95.78,90.32,87.5,105.26,92.81,93.47,61.28,57.68,63.77,63.03,105.2,106.78,79.94,80.21,81.18,68.23,79.42,46.77,55.32,71.57,77.53,67.97,56.59,65.85,80.92,86.73,89.41,105.35,121.83,124.6,110.63,116.86,125.32,133.28,135.64,139.72,137.85,129.23,123.25,121.05,96.64,108.3,142.77,147.25,142.16,145.69,135.22,139.36,125.72,147.09,148.07,123.11,121.25,112.4,125.74,105.3,163.91,168.71,198.84,143.19,148.13,127.73,139.24,170.42,175.12,159.28,161.95,151.26,171.3,166.0,154.68,187.51,164.94,183.49,180.43,190.99,190.1,189.33,192.66,198.8,214.09,220.83,192.7,194.49,191.26,205.19,201.47,197.15,199.49,199.71,196.3,218.83,203.73,209.16,229.05,213.53,223.54,229.6,231.12,245.39,230.13,251.39,217.72,205.15,209.97,218.15,192.4,214.2,208.88,210.08,219.75,217.09,223.04,198.1,203.08,215.01,238.81,201.72,211.55,219.63,227.93,234.63,245.46,235.79,233.97,199.36,205.77,214.98,216.62,228.64,221.84,262.62
130.3,94.22,158.03,92.55,122.99,137.68,123.02,147.42,77.11,42.3,87.54,84.35,117.4,123.63,152.55,63.64,108.44,166.12,18.92,104.12,86.41,54.08,86.92,119.18,135.52,34.52,103.59,70.03,95.07,77.57,34.42,131.95,40.43,98.53,179.06,146.04,76.98,154.48,148.81,136.12,119.06,91.83,142.09,126.68,42.71,79.71,95.56,141.79,20.29,113.86,114.8,87.48,89.48,121.58,49.32,70.44,82.7,80.33,121.58,164.54,103.87,34.49,85.14,129.86,20.97,72.44,35.69,195.34,30.61,154.37,73.55,149.4,61.49,9.98,101.11,105.14,182.1,75.0,87.32,138.91,188.66,67.01,110.81,151.86,113.12,108.46,152.02,83.82,150.85,11.03,24.03,91.63,166.74,85.42,17.91,59.5,42.79,153.16,154.38,85.2,31.57,115.03,127.83,104.92,98.46,79.5,127.77,150.46,136.46,149.24,110.56,46.09,92.16,81.13,105.61,97.69,90.86,70.19,89.85,106.05,80.85,119.08,100.2,155.92,60.2,99.67,174.14,140.94,175.49,65.6,89.81,131.46,168.53,89.88,146.94,0.0,162.46,119.9,139.1,7.41,111.23,133.13,112.5,23.31,140.68,115.84,118.93,145.94,106.91,157.42,118.81,148.87,95.14,115.42,81.42,94.97,151.89,102.6,111.12,162.56,52.2,17.68,29.23,74.22,134.46,83.35,61.9,62.65,88.3,124.52,132.39,151.12,79.85,110.59,156.85,60.6,49.26,104.68,91.98,136.58,107.48,45.8,103.19,67.63,15.21,98.25,111.82,109.09,135.41,177.84,107.67,128.69,127.14,140.54,97.67,123.25,116.81,52.82,106.85,110.36,108.25,139.69,122.69,121.85,12.99,105.56,98.73,119.65,125.43,112.14,108.79,189.84,163.39,165.47,141.93,115.37,134.87,169.01,154.77,98.23,118.75,145.38,147.63,166.68,160.1,156.05,164.03,159.4,143.88,158.59,156.43,138.54,133.34,135.59,130.3,165.1,152.26,141.31,144.03,161.36,161.07,131.49,117.09,193.02,169.4,237.17,238.38,228.69,220.88,215.96,204.19,204.44,198.97,99.28,89.72,92.42,93.08,109.36,89.26,85.59,102.73,79.64,65.74,88.83,97.88,69.68,79.02,88.31,114.54,107.95,92.35,82.57,107.71,124.01,103.13,75.0,80.07,65.73,80.35,69.54,93.95,85.63,77.22,85.68,93.65,90.74,100.09,98.22,55.23,49.01,40.34,56.65,63.5,97.87,102.34,97.26,100.79,40.23,51.13,68.5,38.55,8.05,35.96,29.18,34.53,22.66,41.91,40.78,108.21,128.35,38.07,43.01,29.02,34.11,55.7,60.4,54.16,56.83,46.14,22.78,17.48,13.21,72.45,87.34,74.57,79.92,119.3,118.41,118.84,122.17,128.31,143.6,150.35,44.17,45.96,44.59,85.57,81.85,78.96,64.7,56.34,49.1,148.34,133.24,138.67,158.56,143.04,153.05,159.12,160.63,174.9,67.8,128.85,87.82,55.07,59.9,80.46,66.71,66.77,67.94,87.49,97.16,107.43,113.38,126.41,132.59,144.52,168.32,130.03,141.06,149.14,157.44,164.14,174.97,165.3,163.48,50.84,57.25,66.45,68.09,80.11,73.31,192.13
82.73,77.1,37.9,224.47,77.42,253.55,238.88,263.28,256.36,195.18,205.34,160.49,104.94,239.49,65.65,193.89,201.39,55.84,184.33,109.19,176.67,177.56,224.1,235.04,251.39,134.71,67.46,154.32,96.69,154.78,183.3,247.82,175.26,101.86,19.68,76.41,167.24,270.35,94.32,251.99,234.93,118.61,53.92,68.2,172.67,158.78,209.16,257.66,150.77,118.61,102.33,255.38,226.66,90.24,184.85,165.09,239.42,216.6,237.44,280.41,96.57,180.91,133.65,245.73,165.21,251.68,198.47,49.82,151.25,17.26,118.65,94.91,156.59,171.98,186.52,211.79,36.58,144.42,218.35,84.42,43.14,149.9,227.84,267.72,228.98,113.21,82.76,119.76,96.36,158.32,170.45,129.87,13.14,175.68,164.33,245.64,188.65,8.32,37.2,170.61,175.8,230.9,243.69,95.8,113.95,140.13,243.63,70.33,252.32,94.75,98.1,186.55,214.65,157.28,202.61,122.28,77.38,156.42,211.13,122.85,247.58,110.89,105.27,19.38,172.24,118.34,20.54,86.45,27.68,168.74,175.22,64.36,13.73,130.2,45.73,162.46,0.0,236.05,255.25,157.8,228.57,61.31,88.3,143.96,85.75,233.18,83.51,64.72,223.05,34.51,234.95,12.89,185.7,79.59,219.48,222.18,67.87,208.41,117.02,6.51,180.27,161.92,193.28,145.44,250.61,173.91,199.03,226.71,239.49,79.85,70.29,30.0,245.04,226.73,9.67,155.36,177.54,210.83,125.86,56.31,93.14,171.39,126.53,167.42,148.52,201.76,227.96,96.94,84.01,32.32,217.43,76.2,90.77,61.04,213.81,86.88,79.02,164.97,222.99,226.51,86.02,84.76,71.34,85.48,159.45,221.71,120.95,76.23,75.18,108.98,111.18,37.5,11.05,28.36,21.61,48.81,29.59,14.22,12.41,84.76,93.66,83.46,92.7,51.08,58.83,61.33,80.0,75.37,64.38,74.57,72.41,53.96,59.15,50.58,59.05,49.5,42.23,43.33,51.97,31.4,45.47,53.66,110.91,47.51,24.86,91.65,92.87,83.17,75.36,70.44,58.67,58.92,53.45,133.16,150.92,138.46,139.12,98.94,103.33,109.43,108.68,150.86,152.43,125.59,125.87,126.84,113.89,125.08,65.66,71.82,70.11,84.85,54.76,43.37,59.76,88.24,94.05,96.73,151.0,167.49,170.26,156.28,162.51,170.97,178.94,181.29,185.38,183.51,174.89,168.91,166.7,142.29,115.62,188.42,192.9,187.82,191.35,180.88,185.01,171.37,192.75,163.6,130.43,136.78,138.82,141.26,150.96,187.23,214.36,244.5,158.72,163.66,135.05,154.77,185.95,190.65,174.81,177.48,166.79,186.83,181.53,170.21,233.17,210.59,229.15,226.08,236.64,235.75,234.99,238.31,244.46,259.75,266.49,208.23,210.02,206.79,220.72,217.0,207.35,215.02,215.24,211.83,264.48,249.38,254.82,274.71,259.18,269.19,275.26,276.78,291.04,224.79,297.04,263.38,212.07,216.89,263.81,238.06,259.86,254.53,255.74,265.41,262.74,268.69,243.75,248.74,260.67,284.46,247.37,257.21,265.29,273.58,280.29,291.11,281.45,279.63,214.89,221.3,230.51,232.14,244.17,237.37,308.27
173.76,194.68,201.49,35.01,178.17,22.85,11.24,35.12,66.9,77.57,40.61,91.12,143.29,8.79,196.01,177.14,44.23,209.57,138.73,155.24,70.36,94.05,39.35,33.71,23.68,138.41,197.58,91.31,145.25,88.28,114.24,17.12,106.2,149.65,246.87,189.5,69.28,56.1,192.27,23.83,22.62,130.38,185.54,172.6,109.66,82.38,31.6,29.5,127.74,134.04,135.87,65.92,45.34,161.33,152.5,77.51,49.97,47.79,9.28,57.48,153.82,86.73,106.06,15.03,115.82,62.23,138.87,277.01,134.5,220.89,147.5,192.86,101.94,133.57,88.01,28.34,263.76,94.36,33.0,182.37,270.33,97.85,38.39,54.69,14.83,128.64,195.48,138.91,194.31,112.79,97.55,111.81,240.33,63.68,102.91,64.32,82.91,226.62,210.22,76.79,117.26,29.56,12.99,171.47,129.4,99.67,15.99,193.92,24.16,192.7,141.31,103.04,27.71,87.91,41.86,117.87,185.79,89.96,42.32,126.23,58.12,149.25,151.31,213.51,88.73,123.38,247.72,184.4,254.87,90.79,78.95,172.98,242.11,110.06,190.39,119.9,236.05,0.0,41.83,117.29,31.52,177.0,169.11,127.04,184.55,39.56,167.36,189.81,22.98,201.3,6.92,219.17,51.07,159.29,39.0,32.28,195.77,37.66,162.16,235.74,97.11,113.58,132.31,101.95,19.51,66.47,170.73,138.48,49.58,165.45,176.27,206.56,55.13,25.35,230.03,95.34,100.81,41.28,112.17,180.45,150.57,104.54,123.38,89.76,121.59,34.43,7.38,144.5,179.29,259.1,22.8,172.57,171.01,184.42,23.66,167.13,160.68,104.95,17.5,15.04,152.13,183.56,166.56,165.72,106.93,18.61,118.91,163.52,169.3,132.33,128.97,262.9,236.45,231.58,224.74,215.63,232.71,242.19,227.95,178.82,174.47,189.26,191.5,210.55,203.97,199.92,207.9,203.27,187.76,202.47,200.31,182.41,177.22,181.4,180.78,208.98,196.13,202.67,187.9,217.83,204.95,206.77,137.27,274.28,251.64,318.42,319.64,309.95,302.14,297.21,285.45,285.69,280.23,119.47,109.9,112.6,113.26,170.4,147.47,150.3,135.4,107.36,108.94,136.85,118.07,154.78,143.73,134.54,189.83,195.06,192.61,198.57,207.96,224.27,203.38,178.73,183.81,169.47,97.74,79.48,100.83,98.82,79.78,82.46,84.94,74.6,91.38,87.05,114.87,108.89,115.74,116.28,167.24,57.9,62.38,56.13,56.72,111.34,86.89,83.36,109.58,112.84,139.69,132.91,138.26,126.39,135.16,100.8,44.81,13.4,141.8,146.74,132.75,137.85,169.03,173.73,157.89,160.56,149.87,141.1,135.8,124.47,50.92,44.96,48.67,45.6,33.19,41.06,9.07,20.65,26.8,28.65,35.39,153.0,146.99,147.67,185.4,181.68,186.01,158.23,165.17,157.93,35.8,20.7,26.14,46.03,30.5,40.51,44.16,48.1,62.36,85.88,107.14,73.47,68.56,73.38,73.9,55.81,69.95,64.63,65.83,63.98,67.01,72.9,48.02,36.05,47.25,74.39,41.88,44.52,55.22,60.14,70.22,69.35,52.77,50.95,141.82,135.78,136.35,124.57,149.37,144.44,77.16
192.96,213.88,220.69,48.52,197.37,46.93,56.28,28.95,55.37,96.77,59.81,110.32,162.49,47.2,215.2,155.28,63.43,228.77,132.39,174.44,89.56,113.25,52.86,57.34,35.73,157.61,216.78,110.5,164.45,107.48,133.44,36.68,125.4,168.85,266.06,208.7,88.48,14.26,211.46,26.8,19.94,149.58,204.74,191.8,128.86,101.58,50.8,12.34,146.94,153.24,155.07,44.7,64.53,180.53,140.96,96.71,38.43,66.99,34.99,25.54,173.02,105.93,125.26,48.66,135.01,50.69,127.33,296.21,153.7,240.09,166.7,212.06,121.14,120.98,107.21,51.98,282.96,113.56,52.2,201.57,289.53,117.05,35.63,12.85,27.73,147.84,214.68,158.11,213.51,131.99,116.74,131.01,259.53,82.88,122.11,61.63,102.11,245.82,229.42,95.99,136.45,53.2,43.26,190.67,148.6,118.87,61.03,213.12,27.13,211.89,160.51,122.23,46.91,107.1,61.06,137.07,204.98,109.15,61.52,145.43,45.32,168.45,170.51,232.71,107.93,142.58,266.92,203.6,274.07,109.99,98.14,192.18,261.31,129.26,209.59,139.1,255.25,41.83,0.0,136.52,33.05,196.23,188.35,146.27,203.78,27.81,186.59,209.04,33.47,220.53,50.0,238.4,70.3,178.52,58.23,45.16,215.0,56.89,181.39,254.97,116.34,132.81,120.87,121.18,43.88,85.7,159.29,127.04,32.82,184.68,195.5,225.79,43.69,48.98,249.26,114.57,120.04,60.51,131.4,199.68,169.8,123.77,142.61,108.99,140.82,53.66,42.55,163.73,198.52,278.33,46.43,191.8,190.24,203.65,42.89,186.36,179.91,124.18,33.96,43.8,171.36,202.79,185.79,184.96,126.16,42.24,138.14,182.75,188.53,151.56,148.2,282.13,255.68,250.81,243.97,234.86,251.94,261.42,247.18,198.05,193.7,208.49,210.73,229.78,223.2,219.15,227.13,222.5,206.99,221.7,219.54,201.64,196.45,200.63,200.01,228.21,215.36,221.9,207.14,237.06,224.18,226.01,156.5,293.51,270.87,337.65,338.87,329.18,321.37,316.44,304.68,304.93,299.46,138.7,129.13,131.83,132.49,189.63,166.7,169.53,154.63,126.59,128.17,156.08,137.3,174.01,162.96,153.77,209.06,214.29,211.84,217.8,227.19,243.5,222.61,197.96,203.04,188.7,116.98,98.71,120.06,118.05,99.01,101.69,104.17,93.83,110.61,106.28,134.1,128.12,134.97,135.51,186.47,77.13,81.61,75.36,75.95,130.57,106.12,102.6,128.81,132.07,158.92,152.14,157.49,145.62,154.39,120.03,64.04,56.35,161.03,165.97,151.98,157.08,147.34,152.04,177.12,148.84,169.1,126.45,120.26,108.94,70.15,64.19,67.9,64.83,26.11,38.0,37.13,22.29,19.82,31.65,45.84,141.56,135.55,136.23,173.96,170.24,174.57,146.79,153.73,146.49,13.81,27.82,18.46,25.03,33.47,33.44,36.95,41.03,43.29,74.44,88.75,55.09,69.55,74.37,62.46,75.04,58.51,53.19,49.17,32.92,35.95,33.56,16.96,10.15,5.42,35.06,10.82,13.46,15.88,18.31,30.88,37.41,33.55,38.37,130.38,124.34,124.91,113.13,130.98,133.0,58.87
125.64,89.55,153.36,90.07,118.32,135.2,120.54,144.93,79.05,39.81,85.06,80.64,112.73,121.15,147.88,68.58,105.95,161.45,29.28,99.46,82.7,50.37,84.44,116.7,133.04,29.85,98.92,65.36,90.4,72.9,29.75,129.47,35.76,93.86,174.39,141.37,73.28,152.0,144.14,133.64,116.58,87.16,137.42,122.02,38.04,76.01,93.08,139.31,15.62,109.19,110.13,89.42,87.0,116.91,59.54,66.73,84.64,77.85,119.1,162.06,99.2,32.01,80.47,127.38,16.31,74.38,44.69,190.67,25.95,149.7,68.88,144.73,56.82,16.94,97.4,102.65,177.43,70.34,84.84,134.24,184.0,62.34,108.33,149.37,110.64,103.79,147.36,79.16,146.18,6.36,21.55,86.96,162.08,81.71,15.43,61.44,40.3,148.49,149.71,81.49,26.9,112.55,125.34,100.25,93.79,74.83,125.28,145.79,133.97,144.57,105.9,41.42,89.68,77.43,103.13,93.02,86.19,66.49,87.37,101.38,82.79,114.41,95.53,151.26,56.5,95.0,169.47,136.28,170.82,61.89,86.11,126.79,163.86,85.21,142.27,7.41,157.8,117.29,136.52,0.0,108.77,128.46,107.84,18.64,136.01,113.38,114.26,141.27,104.45,152.75,116.35,144.21,91.38,110.75,78.96,92.51,147.22,100.15,106.45,157.89,47.53,13.01,38.23,69.55,132.01,79.59,70.9,71.66,90.24,119.85,127.72,146.45,81.79,108.13,152.18,55.93,44.59,102.22,87.32,131.91,102.81,41.13,98.52,63.87,10.54,95.8,109.36,104.42,130.74,173.18,105.21,124.03,122.47,135.88,95.21,118.58,112.14,48.16,104.39,107.91,103.58,135.02,118.02,117.18,10.54,103.11,94.06,114.98,120.76,107.48,104.12,185.17,158.72,160.8,137.26,110.7,130.2,164.35,150.1,93.56,114.08,140.72,142.96,162.01,155.43,151.38,159.36,154.73,139.21,153.92,151.77,133.87,128.68,130.92,125.63,160.44,147.59,136.64,139.36,156.69,156.4,126.82,112.42,188.36,164.73,232.5,233.72,224.03,216.21,211.29,199.53,199.77,194.3,94.62,85.05,87.75,88.41,104.69,84.59,80.93,98.06,74.97,61.07,84.16,93.21,65.02,74.35,83.64,109.88,103.28,87.68,77.9,103.04,119.35,98.46,70.33,75.41,61.07,75.68,65.78,90.18,80.97,73.46,81.92,89.88,86.97,96.32,94.45,50.57,44.34,35.67,51.98,58.84,94.1,98.58,93.49,97.03,35.56,48.67,64.73,33.88,9.98,31.29,24.51,29.86,17.99,37.25,38.32,105.75,125.9,33.4,38.34,24.35,29.45,60.63,65.33,49.49,52.16,41.47,31.78,26.48,15.15,74.39,84.89,72.11,77.47,116.84,115.95,116.39,119.71,125.86,141.15,147.89,53.17,54.96,53.59,95.4,91.68,87.36,73.7,65.34,58.1,145.88,130.78,136.22,156.11,140.58,150.59,156.66,158.18,172.44,69.74,110.22,89.75,57.01,61.84,82.4,68.65,68.71,69.88,89.43,99.1,109.37,115.32,123.95,130.13,142.07,165.86,127.57,138.61,146.69,154.98,161.69,172.51,162.85,161.03,59.84,66.25,75.45,77.09,89.12,82.32,189.67
166.28,187.2,194.01,18.9,170.7,49.43,34.77,59.16,34.52,68.9,33.14,83.64,135.81,35.38,188.53,134.44,36.76,202.1,111.55,147.76,62.89,86.57,23.24,31.69,47.27,129.73,190.1,83.83,137.77,80.8,106.76,43.7,98.73,142.17,239.39,182.02,61.8,48.53,184.79,47.87,29.65,122.9,178.07,165.13,102.18,74.9,24.13,42.89,119.06,126.56,128.39,33.54,29.6,153.85,120.12,70.03,17.59,40.32,33.33,58.59,146.35,78.06,98.58,41.61,107.14,29.85,106.49,269.53,125.83,213.41,140.02,185.38,94.47,100.14,80.53,31.76,256.29,86.88,24.33,174.89,262.85,90.38,6.01,45.9,23.71,121.16,188.01,131.43,186.83,104.12,88.87,104.33,232.85,56.2,94.23,40.79,74.23,219.14,202.75,69.31,109.78,27.54,39.57,163.99,121.92,92.2,39.51,186.44,48.21,185.22,133.84,95.56,19.03,80.43,34.39,110.39,178.31,82.48,34.84,118.75,25.74,141.77,143.84,206.03,81.25,115.9,240.24,176.92,247.39,83.31,71.47,165.5,234.64,102.58,182.92,111.23,228.57,31.52,33.05,108.77,0.0,169.58,161.7,118.47,177.13,8.04,159.94,182.39,17.39,193.88,30.52,211.75,43.65,151.87,30.42,15.54,188.35,30.24,154.74,228.32,89.69,105.0,100.02,94.53,46.17,59.05,138.45,106.2,14.5,158.03,168.85,199.14,22.85,23.32,222.61,87.92,93.39,33.86,104.75,173.03,143.15,97.13,115.96,82.34,113.01,27.01,23.53,137.09,171.87,251.68,20.4,165.15,163.6,177.0,16.53,159.71,153.26,97.53,17.33,22.07,144.71,176.14,159.14,158.31,98.35,18.29,111.49,156.1,161.88,124.91,121.55,255.48,229.03,224.16,217.32,208.21,225.29,234.77,220.53,171.4,167.06,181.84,184.08,203.13,196.55,192.51,200.48,195.85,180.34,195.05,192.89,174.99,169.8,173.98,173.36,201.56,188.71,195.26,180.49,210.41,197.53,199.36,129.85,266.86,244.22,311.0,312.22,302.53,294.72,289.79,278.03,278.28,272.81,112.05,102.48,105.18,105.84,162.98,140.05,142.88,127.98,99.94,101.52,129.43,110.65,147.36,136.31,127.13,182.41,187.65,185.19,191.15,200.55,216.85,195.97,170.15,175.23,160.89,90.33,72.06,93.41,91.4,72.37,75.04,77.52,67.18,83.96,79.63,107.45,101.47,108.32,108.86,158.66,50.48,54.96,48.71,49.3,103.92,79.47,75.95,102.16,104.26,131.11,124.33,129.69,117.81,127.74,92.22,37.4,40.06,133.22,138.16,124.17,129.27,126.5,131.2,149.31,128.0,141.29,105.6,99.42,88.1,35.28,37.54,40.09,37.02,11.5,9.54,30.55,32.65,38.8,55.31,62.06,120.72,114.71,115.39,153.12,149.4,153.73,125.95,132.88,125.65,44.36,44.95,50.38,58.08,54.75,64.76,70.83,72.34,76.33,53.6,74.86,41.19,48.71,53.53,41.62,40.17,37.67,32.35,33.55,34.57,37.6,43.55,18.61,31.7,38.47,62.26,22.23,29.84,43.09,51.39,58.09,68.92,66.6,71.42,109.54,103.5,104.07,92.29,117.09,112.16,86.07
24.09,60.38,26.75,165.83,35.5,194.91,180.25,204.65,197.72,136.54,146.71,101.86,46.3,180.86,21.26,164.56,142.75,34.83,155.0,50.56,118.03,118.93,165.47,176.41,192.75,109.04,54.9,95.68,38.06,96.14,124.66,189.18,116.62,43.22,72.12,24.84,108.61,211.71,42.6,193.35,176.29,59.98,10.8,29.93,114.04,100.15,150.52,199.02,121.44,59.97,43.69,196.74,168.02,31.61,155.52,106.46,180.78,157.96,178.81,221.77,37.93,137.2,75.01,187.09,121.61,193.05,169.14,102.27,121.93,46.15,60.01,43.19,97.96,142.66,127.88,153.16,89.02,85.78,159.72,32.7,95.59,91.27,169.2,209.09,170.35,54.58,31.19,61.13,44.64,128.99,141.12,71.24,65.59,117.04,135.0,187.0,130.01,51.88,35.48,111.97,142.13,172.26,185.06,37.17,55.31,81.49,184.99,18.77,193.69,43.03,39.46,127.91,156.01,98.64,143.97,63.64,51.49,97.79,152.49,64.22,188.94,52.26,46.63,38.77,113.6,59.7,72.98,34.73,80.13,110.11,116.59,13.73,67.37,71.56,15.65,133.13,61.31,177.0,196.23,128.46,169.58,0.0,29.66,115.45,34.77,174.54,24.87,13.75,164.41,26.96,176.31,44.84,127.06,20.95,160.84,163.54,16.9,149.77,58.38,61.4,121.63,133.41,164.77,86.8,191.97,115.27,170.51,198.2,180.85,21.21,19.33,32.22,186.4,168.09,55.7,96.72,118.9,152.19,67.21,6.12,34.5,112.75,67.88,108.78,120.0,143.11,169.32,38.3,29.5,84.76,158.79,17.56,32.13,10.08,155.17,28.24,20.38,106.33,164.35,167.87,27.38,33.78,12.7,26.84,130.93,163.07,62.31,17.59,16.54,50.34,52.54,88.57,62.11,57.24,50.4,77.6,58.38,67.86,53.61,44.8,35.02,32.5,41.72,36.22,29.64,25.59,29.04,24.41,13.42,23.6,21.45,24.34,18.47,38.92,38.29,34.64,21.8,28.34,22.35,43.5,30.61,50.35,52.27,99.95,77.3,144.09,145.31,135.61,127.8,122.88,111.11,111.36,105.89,74.52,92.28,79.82,80.48,48.3,44.69,50.79,50.04,92.21,93.79,66.95,67.23,68.2,55.25,66.44,47.35,52.58,58.58,64.55,67.69,72.16,63.11,67.94,73.75,76.43,92.36,108.85,111.62,97.64,103.87,112.33,120.3,122.65,126.74,124.87,116.24,110.27,108.06,83.65,95.31,129.78,134.26,129.18,132.71,122.24,126.37,112.73,134.11,135.08,110.12,108.26,99.42,112.75,92.32,150.93,155.72,185.86,130.21,135.14,114.75,126.25,157.43,162.14,146.29,148.96,138.27,158.32,153.02,141.69,174.52,151.95,170.51,167.44,178.0,177.11,176.35,179.67,185.82,201.11,207.85,179.71,181.5,178.27,192.2,188.48,184.17,186.5,186.72,183.31,205.84,190.74,196.18,216.07,200.54,210.55,216.62,218.14,232.4,217.14,238.4,204.74,192.16,196.99,205.17,179.42,201.22,195.89,197.09,206.76,204.1,210.05,185.11,190.09,202.03,225.82,188.73,198.57,206.65,214.94,221.65,232.47,222.81,220.99,186.38,192.79,201.99,203.63,215.66,208.86,249.63
35.71,30.8,53.74,157.95,19.75,187.03,172.36,196.76,189.84,128.66,138.82,93.97,38.41,172.97,48.26,143.93,134.87,61.82,134.37,36.72,110.15,111.04,157.58,168.52,184.87,84.76,40.16,87.8,26.55,88.26,128.7,181.3,108.74,29.38,99.12,51.44,100.72,203.83,54.21,185.47,168.41,48.47,37.8,14.18,102.53,92.26,142.64,191.14,100.81,52.09,35.81,188.85,160.14,9.07,134.89,98.57,172.9,150.08,170.92,213.89,22.56,130.96,67.12,179.21,115.25,185.16,148.52,129.26,101.3,73.14,48.5,54.8,90.07,122.03,120.0,145.27,116.02,77.9,151.83,44.32,122.58,83.38,161.32,201.2,162.46,46.69,57.43,49.62,56.26,108.37,120.5,63.35,92.58,109.16,114.37,179.12,122.12,78.87,62.47,104.09,125.85,164.38,177.17,7.59,43.8,73.61,177.11,45.76,185.8,54.64,31.58,120.03,148.12,90.76,136.09,55.76,21.9,89.9,144.61,56.33,181.06,44.37,32.79,65.76,105.72,51.82,99.97,46.35,107.12,102.22,108.7,18.95,94.36,63.67,42.64,112.5,88.3,169.11,188.35,107.84,161.7,29.66,0.0,94.0,47.05,166.36,6.42,40.67,156.23,53.88,168.13,71.75,118.88,14.54,152.66,155.36,43.82,141.59,43.71,88.32,113.45,111.96,143.32,78.62,183.78,107.09,149.07,176.75,172.67,12.01,31.22,59.14,178.21,159.91,82.61,88.54,110.72,144.01,59.03,33.03,24.25,104.56,59.7,100.59,98.56,134.93,161.14,30.12,41.79,111.68,150.61,27.52,33.51,37.0,146.99,29.63,20.35,98.15,156.17,159.68,19.2,46.06,17.51,28.23,109.48,154.88,54.12,26.02,26.5,42.16,44.35,115.48,89.03,84.16,77.32,51.94,71.45,94.77,80.53,15.14,6.25,51.76,54.0,63.13,56.55,52.5,55.96,51.33,40.34,50.52,48.36,29.36,24.17,23.09,22.46,61.56,48.71,34.06,34.85,70.41,57.53,48.46,44.08,126.86,104.22,171.0,172.22,162.53,154.72,149.79,138.03,138.28,132.81,66.33,70.34,71.64,72.3,18.64,32.36,38.46,37.71,84.03,85.61,54.62,59.04,55.87,42.92,54.11,31.52,36.75,28.92,34.89,44.28,60.59,39.7,38.28,44.09,46.77,84.18,100.66,103.44,89.46,95.69,104.15,112.11,114.47,118.55,116.68,108.06,102.08,95.73,71.32,65.66,121.6,126.08,120.99,124.53,114.06,118.19,104.55,125.93,113.64,80.47,86.82,88.86,91.3,79.99,137.27,147.54,177.68,108.76,113.7,85.09,104.8,135.99,140.69,124.85,127.52,116.83,136.87,131.57,120.25,166.34,143.77,162.32,159.26,169.82,168.93,168.16,171.49,177.64,192.93,199.67,158.26,160.06,156.82,170.75,167.04,162.72,165.06,165.28,161.87,197.66,182.56,187.99,207.89,192.36,202.37,208.44,209.95,224.22,174.83,230.22,196.56,162.11,166.93,196.98,171.23,193.04,187.71,188.91,198.58,195.92,201.87,176.93,181.91,193.85,217.64,180.55,190.39,198.46,206.76,213.46,224.29,214.62,212.8,164.93,171.34,180.54,182.18,194.21,187.41,241.45
111.8,75.72,139.53,99.82,104.49,144.96,130.29,154.69,94.95,49.57,94.81,90.4,98.9,130.9,134.05,51.01,115.71,147.61,45.18,85.62,92.46,60.13,94.2,126.45,142.8,16.02,85.09,75.12,76.57,82.66,39.5,139.23,45.52,80.03,160.56,127.54,83.03,161.76,130.3,143.4,126.34,73.33,123.58,108.18,47.8,85.76,102.84,149.07,7.89,95.3,96.29,121.64,96.75,103.08,41.97,76.49,112.77,87.61,128.85,171.82,85.36,41.77,90.23,137.14,26.06,90.28,55.6,176.84,8.38,135.87,55.04,130.9,66.58,32.84,107.16,112.41,163.59,80.09,94.6,120.41,170.16,72.09,118.09,159.13,120.39,89.91,133.52,65.32,132.35,19.18,31.31,96.72,148.24,91.47,25.18,77.34,50.06,134.66,135.88,91.25,36.66,122.31,135.1,86.41,79.96,84.58,135.04,131.96,143.73,130.74,92.06,51.18,99.43,87.18,112.89,88.67,72.35,76.24,97.12,95.75,113.84,100.58,81.69,137.42,66.25,81.16,155.64,122.44,156.99,71.65,95.86,112.95,150.03,94.97,128.43,23.31,143.96,127.04,146.27,18.64,118.47,115.45,94.0,0.0,122.17,123.14,100.43,127.43,114.21,138.92,126.1,130.37,101.14,96.92,88.72,102.27,133.39,109.9,92.62,144.06,57.29,22.77,54.13,79.31,141.76,89.34,56.15,87.56,118.43,106.01,113.89,132.62,111.01,117.89,138.35,65.69,54.35,111.98,91.92,118.08,88.98,50.88,97.0,73.62,9.37,105.55,119.12,90.58,116.91,159.34,114.97,110.19,108.64,122.04,104.97,104.75,98.3,57.91,114.15,117.66,89.75,121.19,104.18,103.35,20.29,112.86,92.54,101.15,106.92,95.61,92.25,171.34,144.88,146.97,123.43,96.87,116.37,150.51,136.26,79.72,100.25,126.88,129.13,148.18,141.6,137.55,145.53,140.9,125.38,140.09,137.93,120.03,114.84,117.09,111.8,146.6,133.76,122.8,125.53,142.86,142.57,112.99,100.55,174.52,150.9,218.66,219.88,210.19,202.38,197.45,185.69,185.94,180.47,99.22,86.05,97.5,98.17,90.86,70.76,67.09,84.23,84.72,70.83,70.32,83.49,51.18,60.52,69.81,96.04,89.45,73.85,64.07,89.21,105.51,84.63,56.5,61.57,47.23,85.44,75.53,99.94,90.72,83.21,91.68,99.64,96.73,106.08,104.21,60.32,54.1,43.18,61.73,45.0,103.86,108.34,103.25,106.78,45.32,58.43,74.49,43.64,24.45,17.46,10.68,16.03,4.16,23.41,48.08,115.51,135.65,15.84,20.78,6.79,11.88,43.07,47.77,31.93,34.6,23.91,47.68,42.38,31.05,102.49,94.64,81.87,87.22,126.6,125.71,126.14,129.47,135.61,150.9,157.64,69.07,70.86,63.9,77.83,74.12,69.8,72.14,72.35,68.95,155.64,140.54,145.97,165.86,150.34,160.35,166.41,167.93,182.2,85.64,126.12,105.66,72.92,77.74,98.31,84.55,84.61,85.78,121.7,131.38,141.64,147.59,133.71,139.89,151.82,175.62,137.33,148.36,156.44,164.74,171.44,182.27,172.6,170.78,75.74,82.15,91.35,92.99,105.02,96.69,199.43
16.66,77.85,51.19,173.38,56.0,202.46,187.8,212.19,205.27,144.09,154.26,109.41,53.85,188.41,34.49,172.11,150.3,48.06,162.55,58.11,125.58,126.48,173.02,183.96,200.3,116.59,75.4,103.23,45.61,103.69,132.21,196.73,124.17,50.77,96.56,14.77,116.16,219.26,10.7,200.9,183.84,67.53,35.24,50.43,121.59,107.7,158.07,206.57,128.99,67.52,51.24,204.29,175.57,39.16,163.07,114.01,188.33,165.51,186.36,229.32,45.48,144.75,82.56,194.64,129.16,200.6,176.69,126.71,129.48,70.59,67.56,8.53,105.51,150.21,135.43,160.71,113.46,93.33,167.27,7.64,120.03,98.81,176.75,216.64,177.9,62.13,13.92,68.67,14.44,136.54,148.67,78.79,90.02,124.59,142.55,194.55,137.56,76.32,59.92,119.52,149.68,179.81,192.61,54.64,62.86,89.04,192.54,20.4,201.24,8.37,47.01,135.46,163.56,106.19,151.52,71.19,68.96,105.34,160.04,71.77,196.49,59.81,54.18,63.21,121.15,67.25,97.42,5.98,104.57,117.66,124.14,35.83,91.81,79.11,40.09,140.68,85.75,184.55,203.78,136.01,177.13,34.77,47.05,122.17,0.0,181.73,44.79,22.45,171.6,52.31,183.5,70.18,134.25,36.72,168.03,170.73,28.41,156.96,65.57,86.75,128.82,140.6,171.96,93.99,199.16,122.46,177.7,205.39,188.04,39.24,17.91,57.57,193.59,175.28,81.04,103.91,126.09,159.38,74.4,31.06,41.69,119.94,75.08,115.97,127.2,150.31,176.51,45.49,13.73,110.11,165.98,24.54,36.39,32.18,162.36,32.51,28.83,113.52,171.54,175.06,34.57,7.06,30.73,31.1,138.12,170.26,69.5,24.39,23.96,57.53,59.73,113.92,87.46,82.59,75.75,95.27,83.73,93.21,78.96,61.68,51.91,14.2,10.02,49.28,43.17,39.12,40.54,35.91,35.39,35.11,23.62,46.58,41.38,58.83,58.21,55.09,47.15,53.69,47.7,68.85,55.96,75.7,59.46,125.3,102.65,169.44,170.66,160.96,153.15,148.23,136.46,136.71,131.24,81.71,99.47,87.01,87.67,65.18,51.88,57.98,57.23,99.4,100.98,74.14,74.42,75.39,62.44,73.63,67.26,72.5,75.47,81.43,87.61,97.51,83.02,84.83,90.63,93.32,99.55,116.04,118.81,104.83,111.06,119.52,127.49,129.84,133.93,132.06,123.44,117.46,115.25,90.84,112.2,136.97,141.45,136.37,139.9,129.43,133.56,119.92,141.3,142.27,118.92,115.45,106.61,119.94,99.51,158.12,162.91,193.05,137.4,142.33,123.54,133.44,164.62,169.33,153.48,156.15,145.46,165.51,160.21,148.88,181.72,159.14,177.7,174.63,185.19,184.3,183.54,186.86,193.01,208.3,215.04,186.9,188.69,185.46,199.39,195.67,191.36,193.69,193.91,190.5,213.03,197.93,203.37,223.26,207.73,217.74,223.81,225.33,239.59,224.33,245.59,211.93,199.36,204.18,212.36,186.61,208.41,203.08,204.28,213.96,211.29,217.24,192.3,197.29,209.22,233.01,195.92,205.76,213.84,222.13,228.84,239.66,230.0,228.18,193.57,199.98,209.18,210.82,222.85,216.05,256.82
170.9,191.81,198.62,23.51,175.31,57.47,42.8,56.76,31.8,73.51,37.75,88.25,140.42,43.41,193.14,131.72,41.37,206.71,108.83,152.37,67.5,91.19,27.85,39.72,55.31,134.34,194.71,88.44,142.38,85.41,111.38,51.74,103.34,146.78,244.0,186.63,66.42,43.29,189.4,52.11,15.04,127.51,182.68,169.74,106.8,79.51,28.74,37.65,123.67,131.17,133.01,30.82,34.21,158.46,117.4,74.64,14.87,44.93,41.36,53.35,150.96,82.67,103.19,49.65,111.75,27.13,103.77,274.14,130.44,218.03,144.63,189.99,99.08,97.41,85.15,36.37,260.9,91.49,28.94,179.5,267.47,94.99,10.62,40.66,31.74,125.78,192.62,136.05,191.44,108.73,93.48,108.94,237.46,60.81,98.84,38.07,78.84,223.76,207.36,73.93,114.39,35.58,47.61,168.6,126.53,96.81,47.55,191.05,52.44,189.83,138.45,100.17,23.64,85.04,39.0,115.01,182.92,87.09,39.46,123.36,21.76,146.38,148.45,210.64,85.86,120.51,244.86,181.54,252.01,87.93,76.08,170.11,239.25,107.19,187.53,115.84,233.18,39.56,27.81,113.38,8.04,174.54,166.36,123.14,181.73,0.0,164.55,187.0,25.43,198.49,38.55,216.36,48.27,156.49,35.03,20.15,192.96,34.85,159.35,232.93,94.3,109.62,97.3,99.14,54.21,63.67,135.72,103.48,9.26,162.65,173.46,203.75,20.13,34.06,227.22,92.53,98.0,38.48,109.36,177.65,147.76,101.74,120.57,86.95,117.63,31.63,31.57,141.7,176.48,256.29,31.14,169.76,168.21,181.61,21.14,164.32,157.87,102.15,25.37,30.11,149.32,180.76,163.75,162.92,102.96,29.03,116.11,160.72,166.49,129.52,126.17,260.09,233.64,228.77,221.93,212.82,229.9,239.39,225.14,176.01,171.67,186.45,188.7,207.75,201.17,197.12,205.1,200.47,184.95,199.66,197.5,179.6,174.41,178.59,177.97,206.17,193.32,199.87,185.1,215.03,202.14,203.97,134.47,271.47,248.83,315.62,316.83,307.14,299.33,294.41,282.64,282.89,277.42,116.66,107.1,109.8,110.46,167.6,144.67,147.5,132.59,104.56,106.13,134.05,115.26,151.98,140.92,131.74,187.02,192.26,189.8,195.76,205.16,221.46,200.58,174.76,179.84,165.5,94.94,76.67,98.02,96.02,76.98,79.65,82.14,71.8,88.57,84.24,112.06,106.08,112.94,113.47,163.27,55.1,59.57,53.32,53.91,108.54,84.08,80.56,106.77,108.88,135.72,128.95,134.3,122.42,132.35,96.83,42.01,48.1,137.84,142.77,128.78,133.88,123.78,128.48,132.47,125.28,145.9,102.88,96.7,85.37,39.89,42.15,44.7,41.64,6.26,12.99,38.59,40.69,45.13,56.97,70.09,118.0,111.99,112.66,150.4,146.68,151.01,123.23,130.16,122.92,39.12,52.99,43.77,52.84,58.79,61.25,64.76,68.84,71.1,50.88,72.13,38.47,45.99,50.81,38.9,44.78,34.95,29.63,30.83,29.33,32.36,38.31,13.37,26.46,33.23,57.03,16.99,24.6,37.85,46.15,52.85,63.68,61.36,66.18,106.82,100.77,101.35,89.57,114.37,109.44,80.84
33.95,37.22,48.95,156.19,14.6,185.27,170.6,195.0,188.08,126.9,137.06,92.21,36.66,171.21,43.47,150.36,133.11,57.04,140.8,40.91,108.39,109.28,155.82,166.76,183.11,91.18,34.0,86.04,28.41,86.5,115.02,179.54,106.98,33.57,94.33,49.69,98.96,202.07,52.45,183.71,166.65,50.33,33.01,9.03,104.39,90.5,140.88,189.38,107.24,50.33,34.05,187.1,158.38,7.71,141.32,96.81,171.14,148.32,169.16,212.13,28.28,127.55,65.36,177.45,121.68,183.4,154.95,124.47,107.73,68.36,50.37,53.04,88.31,128.46,118.24,143.51,111.23,76.14,150.07,42.56,117.8,81.62,159.56,199.44,160.7,44.93,55.67,51.48,54.5,114.79,126.92,61.59,87.79,107.4,120.8,177.36,120.36,74.09,57.69,102.33,132.27,162.62,175.41,14.01,45.66,71.85,175.35,40.97,184.04,52.88,29.82,118.27,146.37,89.0,134.33,54.0,28.33,88.14,142.85,54.57,179.3,42.61,36.99,60.97,103.96,50.06,95.19,44.59,102.34,100.46,106.94,14.16,89.58,61.91,37.86,118.93,83.51,167.36,186.59,114.26,159.94,24.87,6.42,100.43,44.79,164.55,0.0,35.88,154.47,49.09,166.37,66.96,117.12,9.75,150.9,153.6,39.03,139.83,48.44,83.53,111.69,118.39,149.75,76.86,182.02,105.33,155.49,183.17,170.91,7.23,26.43,54.35,176.45,158.15,77.82,86.78,108.96,142.25,57.27,28.25,24.56,102.8,57.94,98.84,104.98,133.17,159.38,28.36,40.03,106.89,148.85,22.74,29.82,32.21,145.23,25.93,17.58,96.39,154.41,157.92,17.44,44.3,12.73,24.53,115.91,153.13,52.37,19.4,21.72,40.4,42.59,110.69,84.24,79.37,72.53,54.38,50.72,89.99,75.74,21.56,11.78,50.0,52.24,58.35,51.76,47.72,51.17,46.54,35.55,45.73,43.57,24.57,19.38,17.94,17.32,56.77,43.92,28.91,30.07,65.62,52.74,43.31,42.32,122.07,99.43,166.22,167.43,157.74,149.93,145.0,133.24,133.49,128.02,64.57,82.34,69.88,70.54,25.06,34.75,40.85,40.1,82.27,83.85,57.01,57.28,58.26,45.31,56.49,26.37,31.6,35.35,41.31,46.71,63.02,42.13,44.7,50.51,53.19,82.42,98.91,101.68,87.7,93.93,102.39,110.36,112.71,116.79,114.93,106.3,100.32,98.12,73.71,72.08,119.84,124.32,119.23,122.77,112.3,116.43,102.79,124.17,120.06,86.89,93.24,95.28,97.73,82.38,143.69,145.78,175.92,115.18,120.12,91.51,111.23,142.41,147.11,131.27,133.94,123.25,143.3,138.0,126.67,164.58,142.01,160.56,157.5,168.06,167.17,166.41,169.73,175.88,191.17,197.91,164.69,166.48,163.25,177.18,173.46,169.15,171.48,171.7,168.29,195.9,180.8,186.23,206.13,190.6,200.61,206.68,208.2,222.46,207.2,228.46,194.8,182.22,187.05,195.22,169.47,191.28,185.95,187.15,196.82,194.16,200.11,175.17,180.15,192.09,215.88,178.79,188.63,196.7,205.0,211.71,222.53,212.86,211.04,171.36,177.77,186.97,188.61,200.63,193.83,239.69
21.92,71.46,30.16,178.64,46.59,207.72,193.06,217.45,210.53,149.35,159.52,114.67,59.11,193.67,18.33,177.37,155.56,31.9,167.81,63.37,130.84,131.74,178.28,189.22,205.56,121.85,65.99,108.49,50.87,108.95,137.47,201.99,129.43,56.03,75.53,9.25,121.42,224.52,30.12,206.16,189.1,72.79,14.21,41.02,126.84,112.96,163.33,211.83,134.25,72.78,56.5,209.55,180.83,44.41,168.33,119.27,193.59,170.77,191.62,234.58,50.74,150.01,87.82,199.9,134.42,205.86,181.95,105.68,134.74,49.56,72.82,30.71,110.76,155.47,140.69,165.97,92.43,98.59,172.53,20.22,99.0,104.07,182.01,221.9,183.16,67.39,26.24,73.93,32.16,141.8,153.93,84.05,68.99,129.85,147.81,199.81,142.82,55.29,38.89,124.78,154.94,185.07,197.87,48.26,68.12,94.3,197.8,9.86,206.5,30.55,52.27,140.72,168.82,111.45,156.78,76.45,62.57,110.6,165.3,77.03,201.75,65.07,59.44,42.18,126.41,72.51,76.39,22.25,83.54,122.92,129.4,24.82,70.78,84.37,19.06,145.94,64.72,189.81,209.04,141.27,182.39,13.75,40.67,127.43,22.45,187.0,35.88,0.0,177.22,31.14,189.11,49.01,139.87,32.2,173.64,176.35,12.11,162.58,71.19,65.58,134.44,146.21,177.57,99.6,204.77,128.07,183.32,211.0,193.65,32.46,6.86,36.4,199.2,180.9,59.87,109.52,131.71,165.0,80.02,9.88,47.31,125.55,80.69,121.58,132.81,155.92,182.13,51.1,20.57,88.94,171.6,14.5,42.01,10.88,167.98,38.12,34.45,119.14,177.16,180.67,40.19,21.32,23.95,36.72,143.74,175.87,75.11,30.0,19.31,63.14,65.34,92.74,66.29,61.42,54.58,81.78,62.55,72.04,57.79,56.04,46.27,17.73,29.26,32.98,26.87,22.82,24.25,19.61,14.22,18.81,16.65,28.52,29.71,50.16,49.54,38.79,25.97,32.52,26.52,47.67,34.79,54.53,65.07,104.12,81.48,148.27,149.48,139.79,131.98,127.06,115.29,115.54,110.07,87.32,105.08,92.63,93.29,59.55,57.5,63.59,62.85,105.02,106.6,79.76,80.03,81.0,68.05,79.24,58.59,63.83,69.83,75.79,78.94,76.34,74.36,79.19,85.0,87.68,105.17,121.65,124.42,110.45,116.68,125.14,133.1,135.46,139.54,137.67,129.05,123.07,120.87,96.46,106.56,142.59,147.07,141.98,145.51,135.04,139.18,125.54,146.91,147.89,124.53,121.07,112.22,125.56,105.12,163.73,168.53,198.66,143.01,147.95,129.15,139.06,170.24,174.94,159.1,161.77,151.08,171.12,165.82,154.5,187.33,164.76,183.31,180.25,190.81,189.92,189.15,192.48,198.62,213.91,220.65,192.52,194.31,191.08,205.01,201.29,196.97,199.31,199.53,196.12,218.65,203.55,208.98,228.87,213.35,223.36,229.42,230.94,245.21,229.95,251.21,217.54,204.97,209.79,217.97,192.22,214.02,208.7,209.9,219.57,216.91,222.86,197.92,202.9,214.83,238.63,201.54,211.37,219.45,227.75,234.45,245.28,235.61,233.79,199.18,205.59,214.8,216.44,228.46,221.66,262.44
160.77,181.68,188.49,22.02,165.18,40.89,26.23,50.62,53.91,64.58,27.62,78.12,130.29,26.84,183.01,164.14,31.24,196.58,125.73,142.24,57.37,81.05,26.35,27.41,38.73,125.41,184.58,78.31,132.25,75.28,101.25,35.16,93.21,136.65,233.87,176.5,56.28,48.96,179.27,39.33,13.54,117.38,172.55,159.61,96.66,69.38,18.61,43.32,114.74,121.04,122.87,52.93,32.34,148.33,139.5,64.51,36.97,34.8,24.79,59.02,140.83,73.74,93.06,33.07,102.82,49.23,125.87,264.01,121.51,207.89,134.5,179.86,88.95,120.57,75.01,26.24,250.77,81.36,20.01,169.37,257.33,84.86,25.39,46.33,7.59,115.64,182.49,125.91,181.31,99.8,84.55,98.81,227.33,50.68,89.91,51.32,69.91,213.63,197.23,63.79,104.26,23.26,31.04,158.47,116.4,86.68,30.97,180.92,39.67,179.7,128.32,90.04,14.71,74.91,28.87,104.87,172.79,76.96,29.32,113.23,45.13,136.25,138.32,200.51,75.73,110.38,234.73,171.4,241.87,77.79,65.95,159.98,229.12,97.06,177.4,106.91,223.05,22.98,33.47,104.45,17.39,164.41,156.23,114.21,171.6,25.43,154.47,177.22,0.0,188.33,21.97,206.2,38.11,146.33,26.04,19.31,182.8,24.7,149.19,222.77,84.14,100.62,119.34,88.98,37.63,53.51,157.76,125.52,36.62,152.49,163.3,193.59,42.17,19.0,217.06,82.38,87.84,28.32,99.2,167.49,137.6,91.58,110.41,76.79,108.63,21.47,14.98,131.54,166.32,246.13,16.45,159.6,158.05,171.45,10.69,154.16,147.71,91.99,7.68,15.03,139.16,170.6,153.59,152.76,93.96,12.26,105.95,150.56,156.33,119.36,116.01,249.94,223.48,218.61,211.77,202.66,219.75,229.23,214.98,165.85,161.51,176.29,178.54,197.59,191.01,186.96,194.94,190.31,174.79,189.5,187.34,169.44,164.25,168.43,167.81,196.01,183.17,189.71,174.94,204.87,191.98,193.81,124.31,261.32,238.67,305.46,306.68,296.98,289.17,284.25,272.48,272.73,267.26,106.51,96.94,99.64,100.3,157.44,134.51,137.34,122.43,94.4,95.98,123.89,105.1,141.82,130.76,121.58,176.86,182.1,179.64,185.6,195.0,211.3,190.42,165.76,170.84,156.5,84.78,66.51,87.86,85.86,66.82,69.49,71.98,61.64,78.42,74.08,101.9,95.92,102.78,103.31,154.27,44.94,49.42,43.17,43.75,98.38,73.92,70.4,96.62,99.88,126.72,119.95,125.3,113.43,122.19,87.83,31.85,31.52,128.84,133.78,119.79,124.88,156.07,160.77,144.92,147.59,136.91,128.13,122.83,111.5,37.95,31.99,35.7,32.64,24.1,26.93,17.0,16.54,22.68,46.77,53.51,140.03,134.03,134.7,172.43,168.71,173.04,145.27,152.2,144.96,36.96,36.4,41.84,58.5,46.2,56.21,62.28,63.8,76.76,72.91,94.17,60.51,55.59,60.41,60.94,42.84,56.99,51.66,52.86,54.9,57.92,61.2,38.93,26.96,38.9,62.69,32.79,35.44,43.51,51.81,58.51,69.34,67.03,66.65,128.86,122.81,123.39,111.6,136.4,131.48,86.5
48.39,64.73,9.39,190.13,47.32,219.21,204.54,228.94,222.02,160.84,171.0,126.15,70.59,205.15,38.49,188.85,167.05,27.33,179.29,74.85,142.33,143.22,189.76,200.7,217.05,133.33,46.5,119.98,62.35,120.44,148.96,213.48,140.92,67.51,45.33,42.07,132.9,236.01,59.98,217.65,200.59,84.27,19.57,54.22,138.33,124.44,174.82,223.32,145.73,84.27,67.99,221.03,192.32,55.9,179.81,130.75,205.08,182.26,203.1,246.07,62.22,161.49,99.3,211.39,145.9,217.34,193.44,75.47,146.22,19.35,84.31,60.57,122.25,166.95,152.18,177.45,62.23,110.08,184.01,50.08,68.79,115.56,193.5,233.38,194.64,78.87,48.42,85.42,62.02,153.29,165.41,95.53,38.79,141.34,159.29,211.3,154.3,25.08,8.69,136.27,166.43,196.56,209.35,61.46,79.6,105.79,209.29,35.99,217.98,60.41,63.76,152.21,180.31,122.94,168.27,87.94,75.78,122.08,176.79,88.51,213.24,76.55,70.93,11.97,137.9,84.0,46.18,52.11,53.33,134.4,140.88,30.02,40.58,95.85,11.38,157.42,34.51,201.3,220.53,152.75,193.88,26.96,53.88,138.92,52.31,198.49,49.09,31.14,188.33,0.0,200.6,18.04,151.35,45.25,185.13,187.83,33.52,174.06,82.67,34.61,145.93,157.7,189.06,111.09,216.26,139.56,194.81,222.49,205.14,45.51,35.95,5.43,210.69,192.39,28.9,121.01,143.2,176.49,91.51,21.96,58.8,137.04,92.18,133.07,144.3,167.41,193.62,62.59,49.66,57.97,183.08,41.85,56.42,26.7,179.47,52.54,44.67,130.62,188.65,192.16,51.68,50.41,37.0,51.14,155.23,187.36,86.6,41.88,40.83,74.63,76.83,61.77,35.32,30.45,23.61,50.81,31.58,41.06,26.82,69.09,59.31,49.11,58.35,22.58,30.33,32.83,45.66,41.03,30.04,40.22,38.06,19.61,24.8,20.46,28.93,21.0,13.73,13.21,17.62,16.7,16.97,23.55,76.56,73.15,50.51,117.29,118.51,108.82,101.01,96.08,84.32,84.56,79.1,98.81,116.57,104.12,104.78,72.59,68.98,75.08,74.34,116.51,118.09,91.24,91.52,92.49,79.54,90.73,35.55,44.1,57.74,88.84,56.75,45.37,54.63,92.23,98.04,100.72,116.65,133.14,135.91,121.94,128.16,136.63,144.59,146.95,151.03,149.16,140.54,134.56,132.36,107.95,119.61,154.08,158.55,153.47,157.0,146.53,150.67,137.03,158.4,159.38,134.42,132.56,123.71,137.04,116.61,175.22,180.02,210.15,154.5,159.44,139.04,150.54,181.73,186.43,170.59,173.26,162.57,182.61,177.31,165.99,198.82,176.25,194.8,191.73,202.3,201.41,200.64,203.96,210.11,225.4,232.14,204.0,205.8,202.56,216.5,212.78,208.46,210.8,211.02,207.61,230.13,215.04,220.47,240.36,224.84,234.84,240.91,242.43,256.7,241.44,262.7,229.03,216.46,221.28,229.46,203.71,225.51,220.19,221.39,231.06,228.4,234.35,209.41,214.39,226.32,250.12,213.02,222.86,230.94,239.24,245.94,256.77,247.1,245.28,210.67,217.08,226.28,227.92,239.95,233.15,273.93
172.66,193.58,200.39,33.92,177.07,24.83,6.74,46.3,65.8,76.47,39.52,90.02,142.19,10.78,194.91,176.04,43.13,208.47,137.63,154.14,69.27,92.95,38.25,32.61,25.67,137.31,196.48,90.21,144.15,87.18,113.14,19.1,105.11,148.55,245.77,188.4,68.18,65.48,191.17,35.01,30.06,129.28,184.44,171.5,108.56,81.28,30.5,40.68,126.64,132.94,134.77,64.82,44.24,160.23,151.4,76.41,48.87,46.69,20.46,68.66,152.72,85.63,104.96,17.01,114.72,61.13,137.77,275.91,133.41,219.79,146.4,191.76,100.84,132.47,86.91,27.24,262.66,93.26,31.9,181.27,269.23,96.75,37.29,62.85,18.3,127.54,194.38,137.81,193.21,111.69,96.45,110.71,239.23,62.58,101.81,63.22,81.81,225.52,209.12,75.69,116.16,28.46,14.97,170.37,128.3,98.58,11.48,192.82,35.34,191.6,140.21,101.94,26.61,86.81,40.76,116.77,184.69,88.86,41.22,125.13,57.02,148.15,150.21,212.41,87.63,122.28,246.62,183.3,253.77,89.69,77.85,171.88,241.01,108.96,189.29,118.81,234.95,6.92,50.0,116.35,30.52,176.31,168.13,126.1,183.5,38.55,166.37,189.11,21.97,200.6,0.0,218.09,49.99,158.21,37.92,31.2,194.69,36.58,161.08,234.66,96.03,112.5,131.23,100.87,21.47,65.39,169.65,137.4,48.5,164.37,175.19,205.48,54.05,24.27,228.95,94.26,99.73,40.2,111.09,179.37,149.49,103.46,122.3,88.68,120.51,33.35,9.41,143.42,178.21,258.02,21.72,171.49,169.93,183.34,22.58,166.05,159.6,103.87,16.42,13.96,151.05,182.48,165.48,164.65,105.85,17.53,117.83,162.44,168.22,131.25,127.89,261.82,235.37,230.5,223.66,214.55,231.63,241.11,226.87,177.74,173.4,188.18,190.42,209.47,202.89,198.85,206.82,202.19,186.68,201.39,199.23,181.33,176.14,180.32,179.7,207.9,195.05,201.59,186.83,216.75,203.87,205.7,136.19,273.2,250.56,317.34,318.56,308.87,301.06,296.13,284.37,284.62,279.15,118.39,108.82,111.52,112.18,169.32,146.39,149.22,134.32,106.28,107.86,135.77,116.99,153.7,142.65,133.46,188.75,193.99,191.53,197.49,206.88,223.19,202.3,177.65,182.73,168.39,96.67,78.4,99.75,97.74,78.7,81.38,83.86,73.52,90.3,85.97,113.79,107.81,114.66,115.2,166.16,56.82,61.3,55.05,55.64,110.26,85.81,82.29,108.5,111.76,138.61,131.83,137.19,125.31,134.08,99.72,43.73,15.36,140.72,145.66,131.67,136.77,167.95,172.65,156.81,159.48,148.79,140.02,134.72,123.39,49.84,43.88,47.59,44.52,40.55,39.98,16.43,23.07,29.22,30.61,37.36,151.92,145.91,146.59,184.32,180.6,184.93,157.15,164.09,156.85,45.93,30.83,36.26,56.15,40.63,50.64,46.13,68.51,85.13,84.8,106.06,72.39,67.48,72.3,72.82,54.73,68.87,63.55,64.75,71.35,74.38,77.65,55.39,43.42,57.38,79.15,49.25,51.89,59.97,68.27,74.97,79.48,62.89,61.07,140.74,134.7,135.27,123.49,148.29,143.37,97.94
66.26,63.51,21.44,208.0,60.96,237.08,222.42,246.81,239.89,178.71,188.88,144.03,88.47,223.03,49.18,180.3,184.92,39.37,170.74,92.73,160.2,161.1,207.64,218.58,234.92,121.13,53.87,137.85,80.23,138.31,166.83,231.35,158.79,85.39,29.73,59.94,150.78,253.88,77.85,235.52,218.46,102.15,37.45,51.74,156.2,142.32,192.69,241.19,137.18,102.14,85.86,238.91,210.19,73.77,171.26,148.63,222.95,200.13,220.98,263.94,80.1,167.33,117.18,229.26,151.62,235.22,184.89,59.87,137.67,8.25,102.18,78.44,140.12,158.4,170.05,195.33,46.63,127.95,201.89,67.96,53.19,133.43,211.37,251.26,212.52,96.75,66.29,103.29,79.9,144.74,156.87,113.41,23.19,159.21,150.74,229.17,172.18,7.03,20.73,154.14,162.22,214.43,227.23,79.34,97.48,123.66,227.16,53.87,235.86,78.28,81.63,170.08,198.18,140.81,186.14,105.81,63.8,139.96,194.66,106.39,231.11,94.43,88.8,8.16,155.77,101.87,30.58,69.99,37.73,152.28,158.76,47.9,24.98,113.73,29.26,148.87,12.89,219.17,238.4,144.21,211.75,44.84,71.75,130.37,70.18,216.36,66.96,49.01,206.2,18.04,218.09,0.0,169.23,63.13,203.01,205.71,51.4,191.94,100.55,16.27,163.81,148.33,179.69,128.97,234.14,157.44,185.44,213.12,223.02,63.39,53.83,13.54,228.57,210.26,13.31,138.89,161.08,194.37,109.39,39.84,76.68,154.92,110.06,150.95,134.93,185.29,211.5,80.47,67.54,42.38,200.96,59.73,74.3,44.58,197.35,70.42,62.55,148.5,206.53,210.04,69.55,68.29,54.88,69.02,145.85,205.24,104.48,59.76,58.71,92.51,94.71,43.72,17.26,19.35,8.02,35.22,15.99,25.48,11.23,71.17,77.19,66.99,76.23,34.61,42.36,44.86,63.54,58.91,47.92,58.1,55.94,37.49,42.68,34.11,42.58,33.04,25.77,26.86,35.5,14.93,29.0,37.2,94.44,57.56,34.92,101.7,102.92,93.23,85.42,80.49,68.73,68.98,63.51,116.69,134.45,122.0,122.66,85.34,86.86,92.96,92.22,134.39,135.97,109.12,109.4,110.37,97.42,108.61,49.19,58.23,56.52,71.26,41.16,29.78,46.16,74.65,80.46,83.14,134.53,151.02,153.79,139.82,146.04,154.51,162.47,164.83,168.91,167.04,158.42,152.44,150.24,125.83,102.02,171.96,176.43,171.35,174.88,164.41,168.55,154.91,176.28,150.01,116.83,123.19,125.22,127.67,134.49,173.64,197.9,228.03,145.13,150.07,121.46,141.17,172.36,177.06,161.22,163.89,153.2,173.24,167.94,156.61,216.7,194.13,212.68,209.61,220.17,219.29,218.52,221.84,227.99,243.28,250.02,194.63,196.42,193.19,207.12,203.4,199.09,201.42,201.64,198.24,248.01,232.91,238.35,258.24,242.72,252.72,258.79,260.31,274.58,211.2,280.58,246.91,234.34,239.16,247.34,221.59,243.39,238.07,239.27,248.94,246.28,252.23,227.29,232.27,244.2,268.0,230.9,240.74,248.82,257.12,263.82,274.65,264.98,263.16,201.3,207.71,216.91,218.55,230.58,223.78,291.81
123.41,144.33,151.14,39.9,127.83,68.98,54.32,78.72,71.79,61.32,20.78,40.77,92.94,54.93,145.66,151.07,16.82,159.23,113.97,104.89,20.02,43.7,39.54,50.48,66.82,102.43,147.23,40.96,94.9,37.93,63.89,63.25,55.86,99.3,196.52,139.15,18.93,85.78,141.92,67.42,50.36,80.03,135.2,122.26,59.31,32.03,24.59,73.09,101.67,83.69,85.52,70.81,42.09,110.98,142.03,27.16,54.86,32.03,52.88,95.84,103.47,61.97,55.71,61.16,79.39,67.12,129.38,226.66,108.44,170.54,97.15,142.51,51.6,108.8,37.66,27.23,213.42,44.01,33.79,132.02,219.98,47.5,43.28,83.16,44.42,78.29,145.14,88.56,143.96,86.72,72.78,61.46,189.98,13.33,78.15,61.07,54.78,176.27,159.88,26.44,66.91,46.33,59.13,121.12,79.05,49.33,59.07,143.57,67.76,142.35,90.97,52.69,30.08,37.56,18.04,67.52,135.44,39.61,26.56,75.88,63.01,98.9,100.97,163.16,38.38,73.03,197.37,134.05,204.52,40.44,28.6,122.63,191.77,59.71,140.05,95.14,185.7,51.07,70.3,91.38,43.65,127.06,118.88,101.14,134.25,48.27,117.12,139.87,38.11,151.35,49.99,169.23,0.0,109.01,34.55,37.25,145.48,23.48,111.87,185.45,46.82,85.08,122.86,51.66,65.67,16.19,156.2,143.45,54.56,115.17,125.98,156.27,60.1,41.8,179.74,45.05,50.52,25.9,61.88,130.17,100.28,54.26,73.09,39.47,95.69,16.82,43.03,94.22,129.0,208.81,32.5,122.28,120.73,134.13,28.88,116.84,110.39,54.67,38.06,41.57,101.84,133.28,116.27,115.44,82.25,36.77,68.63,113.24,119.01,82.04,78.69,212.61,186.16,181.29,174.45,165.34,182.42,191.91,177.66,128.53,124.19,138.97,141.22,160.27,153.69,149.64,157.62,152.99,137.47,152.18,150.02,132.12,126.93,131.11,130.49,158.69,145.84,152.39,137.62,167.55,154.66,156.49,86.99,223.99,201.35,268.14,269.35,259.66,251.85,246.93,235.16,235.41,229.94,69.18,59.62,62.32,62.98,120.12,97.19,100.02,85.11,57.08,58.65,86.57,67.78,104.5,93.44,84.26,139.54,144.78,142.32,148.28,157.68,173.98,153.1,151.67,157.48,134.05,47.46,29.19,50.54,48.54,29.5,32.17,34.66,24.32,41.09,36.76,64.58,58.6,65.46,65.99,131.82,7.62,12.09,5.84,5.65,61.06,36.6,33.08,59.29,88.16,104.28,107.01,91.97,100.48,84.87,76.11,29.43,59.57,115.9,120.83,106.84,111.94,143.12,147.83,131.98,134.65,123.96,116.42,111.12,99.79,48.23,25.66,44.21,41.15,51.71,50.82,50.05,53.38,59.53,74.82,81.56,137.81,139.6,138.23,177.89,174.17,169.86,163.21,149.98,142.74,79.55,64.45,69.88,89.78,74.25,84.26,90.33,91.84,106.11,90.85,112.11,78.45,65.87,70.7,78.87,53.12,74.93,69.6,70.8,80.47,77.81,83.76,58.82,63.8,75.74,99.53,62.44,72.28,80.35,88.65,95.35,106.18,96.51,94.69,144.47,140.75,141.33,129.54,154.34,149.42,123.34
25.89,45.34,45.03,148.12,20.46,177.2,162.54,186.94,180.01,118.83,129.0,84.15,28.59,163.15,39.55,146.85,125.04,53.12,137.29,32.85,100.32,101.22,147.76,158.7,175.04,91.33,39.86,77.97,20.35,78.43,106.95,171.47,98.91,25.51,90.41,41.62,90.9,194.0,44.39,175.64,158.58,42.27,29.09,14.89,96.33,82.44,132.81,181.31,103.73,42.26,25.98,179.03,150.31,11.51,137.81,88.75,163.08,140.25,161.1,204.06,20.22,119.49,57.3,169.38,103.9,175.34,151.43,120.55,104.22,64.44,42.3,44.98,80.25,124.95,110.17,135.45,107.31,68.07,142.01,34.49,113.88,73.56,151.5,191.38,152.64,36.87,47.61,43.42,46.43,111.28,123.41,53.53,83.87,99.33,117.29,169.29,112.3,70.17,53.77,94.26,124.42,154.55,167.35,22.13,37.6,63.78,167.29,37.05,175.98,44.82,21.75,110.2,138.3,80.93,126.26,45.93,36.44,80.08,134.78,46.51,171.23,34.55,28.92,57.06,95.89,41.99,91.27,36.52,98.42,92.4,98.88,14.79,85.66,53.85,33.94,115.42,79.59,159.29,178.52,110.75,151.87,20.95,14.54,96.92,36.72,156.49,9.75,32.2,146.33,45.25,158.21,63.13,109.01,0.0,142.83,145.54,35.19,131.76,40.37,79.69,103.63,115.4,146.76,68.79,173.96,97.26,152.51,180.19,162.84,7.85,22.59,50.51,168.39,150.09,73.98,78.71,100.9,134.19,49.21,24.4,16.5,94.74,49.88,90.77,102.0,125.11,151.32,20.29,31.96,103.05,140.78,18.89,21.75,28.37,137.17,17.87,9.51,88.32,146.35,149.86,9.38,36.24,10.51,16.46,112.93,145.06,44.3,11.86,21.98,32.33,34.53,106.85,80.4,75.53,68.69,60.23,76.66,86.14,71.9,29.68,19.9,41.94,44.18,54.5,47.92,43.87,47.33,42.7,31.71,41.89,39.73,26.36,21.17,23.8,23.17,52.93,40.08,34.77,31.85,61.78,48.9,49.17,34.26,118.23,95.59,162.37,163.59,153.9,146.09,141.16,129.4,129.64,124.18,56.51,74.27,61.82,62.48,33.18,26.68,32.78,32.04,74.21,75.79,48.95,49.22,50.19,37.24,48.43,32.23,37.46,43.46,49.43,52.57,68.88,47.99,52.82,58.63,61.31,74.35,90.84,93.61,79.64,85.86,94.33,102.29,104.65,108.73,106.86,98.24,92.26,90.06,65.65,80.2,111.78,116.25,111.17,114.7,104.23,108.37,94.73,116.1,117.08,95.01,90.26,81.41,94.74,74.31,132.92,137.72,167.85,112.2,117.14,99.63,108.25,139.43,144.13,128.29,130.96,120.27,140.31,135.01,123.69,156.52,133.95,152.5,149.44,160.0,159.11,158.34,161.66,167.81,183.1,189.84,161.71,163.5,160.26,174.2,170.48,166.16,168.5,168.72,165.31,187.84,172.74,178.17,198.06,182.54,192.55,198.61,200.13,214.4,199.14,220.4,186.73,174.16,178.98,187.16,161.41,183.21,177.89,179.09,188.76,186.1,192.05,167.11,172.09,184.02,207.82,170.72,180.56,188.64,196.94,203.64,214.47,204.8,202.98,168.37,174.78,183.99,185.62,197.65,190.85,231.63
157.19,159.63,184.92,11.59,161.6,56.91,42.25,66.65,34.39,39.09,12.35,74.55,126.72,42.86,179.44,138.65,27.67,193.0,100.24,138.67,53.8,59.37,5.97,38.41,54.75,99.92,168.99,74.74,128.68,71.71,77.61,51.18,69.57,133.08,230.3,172.93,52.71,73.71,175.7,55.35,38.29,113.81,168.98,156.03,73.03,65.81,14.79,61.02,89.25,117.47,119.3,33.41,8.52,144.76,129.61,60.94,24.54,8.21,40.81,83.77,137.25,48.24,89.49,49.09,77.33,29.72,115.66,260.44,96.02,204.32,130.93,176.29,85.37,95.08,71.44,24.37,247.19,77.79,6.55,165.8,253.76,81.28,30.04,71.09,32.35,112.07,178.91,122.34,177.74,74.3,59.06,95.24,223.76,47.11,64.42,27.51,44.42,210.05,193.65,60.22,80.62,34.26,47.06,154.9,112.83,83.11,47.0,177.35,55.69,176.13,124.74,66.4,11.39,71.34,24.84,101.3,156.26,73.39,9.08,109.66,25.61,132.68,134.74,196.94,65.5,106.81,231.15,167.83,238.3,74.22,62.38,156.41,225.54,93.49,173.82,81.42,219.48,39.0,58.23,78.96,30.42,160.84,152.66,88.72,168.03,35.03,150.9,173.64,26.04,185.13,37.92,203.01,34.55,142.83,0.0,14.16,178.78,21.8,145.17,218.75,60.55,75.19,109.15,84.96,53.66,49.49,143.72,106.07,30.15,148.47,159.28,189.57,22.72,29.78,213.05,78.36,64.25,23.87,95.18,163.47,133.58,67.99,106.39,72.77,83.2,17.45,31.01,127.52,162.3,242.11,26.86,155.58,154.03,167.43,16.86,150.14,143.69,75.02,26.04,29.56,135.14,166.58,149.58,148.74,68.54,24.76,101.93,146.54,152.32,115.34,111.99,245.92,219.46,214.6,207.75,180.71,215.73,225.21,210.96,161.83,157.49,172.27,174.52,193.57,186.99,182.94,190.92,186.29,170.77,185.48,183.32,165.43,160.23,164.41,163.79,191.99,179.15,185.69,170.92,200.85,187.96,189.79,120.29,257.3,234.65,301.44,302.66,292.96,285.15,280.23,268.46,268.71,263.24,102.49,92.92,95.62,96.28,153.42,130.49,133.32,118.42,90.38,91.96,119.87,101.08,137.8,126.74,117.56,172.84,178.08,157.69,147.91,173.05,189.35,168.47,140.34,145.42,131.08,80.76,62.5,83.84,81.84,62.8,65.47,67.96,57.62,74.4,70.06,86.59,80.37,79.19,88.0,128.85,40.92,45.4,39.15,39.73,74.79,56.39,66.38,73.02,74.45,101.3,94.52,99.87,88.0,107.26,62.41,27.4,47.55,103.41,108.35,94.36,99.46,130.64,135.34,119.5,122.17,111.48,102.71,97.41,86.08,14.2,15.18,10.28,7.21,38.49,37.6,38.04,41.36,47.51,62.8,69.54,124.1,125.89,124.52,165.41,161.69,157.37,125.82,136.27,129.03,67.53,52.43,57.87,77.76,62.23,72.24,78.31,79.83,94.09,53.46,74.72,41.06,31.84,36.67,41.49,19.1,34.78,35.95,33.42,43.09,53.35,59.3,45.6,51.78,63.72,87.51,49.22,60.26,68.34,76.63,83.34,94.16,84.5,82.68,130.76,103.36,103.94,92.16,116.95,112.03,111.32
159.89,180.81,187.62,8.76,164.31,50.19,35.52,59.92,43.68,52.64,26.75,77.25,129.42,36.13,182.14,152.2,30.37,195.71,113.8,141.37,56.5,80.18,13.09,31.68,48.03,113.47,183.71,77.44,131.38,74.41,91.16,44.46,83.12,135.78,233.0,175.63,55.41,60.64,178.4,48.63,31.57,116.51,171.68,158.74,86.58,68.51,17.74,54.3,102.8,120.17,122.0,42.7,19.46,147.46,129.27,63.64,26.74,21.76,34.08,70.71,139.96,61.8,92.19,42.37,90.88,39.01,115.65,263.14,109.57,207.02,133.63,178.99,88.08,108.63,74.14,25.37,249.9,80.49,10.97,168.5,256.46,83.98,15.16,58.02,25.62,114.77,181.62,125.04,180.44,87.86,72.61,97.94,226.46,49.81,77.97,38.44,57.97,212.75,196.36,62.92,94.17,27.54,40.33,157.6,115.53,85.81,40.27,180.05,48.96,178.83,127.45,79.95,12.64,74.04,28.0,104.0,171.92,76.09,28.45,112.36,34.9,135.38,137.45,199.64,74.86,109.51,233.85,170.53,241.0,76.92,65.08,159.11,228.25,96.19,176.53,94.97,222.18,32.28,45.16,92.51,15.54,163.54,155.36,102.27,170.73,20.15,153.6,176.35,19.31,187.83,31.2,205.71,37.25,145.54,14.16,0.0,181.96,23.85,148.35,221.93,74.1,88.74,109.18,88.14,46.93,52.66,147.6,115.36,26.46,151.64,162.46,192.75,32.01,23.06,216.22,81.53,77.81,27.47,98.36,166.64,136.76,81.54,109.57,75.95,96.76,20.62,24.29,130.7,165.48,245.29,20.14,158.76,157.21,170.61,10.14,153.32,146.87,91.14,19.32,22.83,138.32,169.75,152.75,151.92,82.09,18.03,105.1,149.71,155.49,118.52,115.16,249.09,222.64,217.77,210.93,201.82,218.9,228.38,214.14,165.01,160.67,175.45,177.69,196.74,190.16,186.12,194.09,189.46,173.95,188.66,186.5,168.6,163.41,167.59,166.97,195.17,182.32,188.86,174.1,204.02,191.14,192.97,123.46,260.47,237.83,304.61,305.83,296.14,288.33,283.4,271.64,271.89,266.42,105.66,96.09,98.79,99.45,156.59,133.66,136.49,121.59,93.55,95.13,123.04,104.26,140.97,129.92,120.74,176.02,181.26,178.8,161.47,194.16,210.46,189.58,153.89,158.97,144.63,83.94,65.67,87.02,85.01,65.98,68.65,71.13,60.79,77.57,73.24,101.06,95.08,92.74,102.47,142.4,44.09,48.57,42.32,42.91,88.34,69.94,69.56,86.58,88.01,114.85,108.08,113.43,101.55,120.81,75.96,31.01,40.82,116.97,121.9,107.91,113.01,144.19,148.9,133.05,135.72,125.03,116.26,110.96,99.63,25.14,31.15,23.83,20.77,23.61,22.72,31.31,34.64,40.78,56.07,62.81,129.87,123.87,124.54,162.27,158.55,170.93,135.11,142.04,134.8,60.81,45.71,51.14,71.03,55.51,65.52,71.58,73.1,87.37,62.75,84.01,50.35,42.78,47.6,50.78,30.03,46.83,41.5,42.7,52.38,49.71,55.66,30.72,45.06,50.58,74.38,34.34,41.95,55.2,63.5,70.2,81.03,77.77,75.95,118.7,112.65,113.23,101.44,126.24,121.32,98.19
27.88,74.62,33.31,184.6,49.74,213.68,199.01,223.41,216.49,155.31,165.47,120.62,65.07,199.62,6.07,183.32,161.52,19.64,173.76,69.32,136.8,137.69,184.23,195.17,211.52,127.8,69.14,114.45,56.82,114.91,143.43,207.95,135.39,61.98,78.68,12.1,127.37,230.48,24.29,212.12,195.06,78.74,17.36,44.17,132.8,118.91,169.29,217.79,140.2,78.74,62.46,215.51,186.79,50.37,174.28,125.22,199.55,176.73,197.57,240.54,56.7,155.96,93.78,205.86,140.37,211.81,187.91,108.83,140.69,52.71,78.78,36.66,116.72,161.42,146.65,171.92,95.58,104.55,178.48,22.63,102.15,110.03,187.97,227.85,189.11,73.34,18.18,79.89,35.74,147.76,159.89,90.0,72.14,135.81,153.76,205.77,148.77,58.44,42.04,130.74,160.9,191.03,203.82,51.41,74.07,100.26,203.76,6.02,212.45,36.5,58.23,146.68,174.78,117.41,162.74,82.41,65.72,116.55,171.26,82.98,207.71,71.02,65.4,45.33,132.37,78.47,79.54,21.23,86.69,128.87,135.35,27.97,73.93,90.32,22.21,151.89,67.87,195.77,215.0,147.22,188.35,16.9,43.82,133.39,28.41,192.96,39.03,12.11,182.8,33.52,194.69,51.4,145.48,35.19,178.78,181.96,0.0,168.53,77.14,68.73,140.39,152.17,183.53,105.56,210.73,134.03,189.28,216.96,199.61,35.61,12.81,39.55,205.16,186.85,63.02,115.48,137.66,170.95,85.98,13.03,53.26,131.51,86.65,127.54,138.77,161.88,188.08,57.06,26.53,92.09,177.55,20.45,47.96,8.09,173.93,44.08,34.78,125.09,183.11,186.63,46.14,27.28,27.1,42.68,149.69,181.83,81.07,31.99,25.27,69.1,71.3,95.89,69.44,64.57,57.73,84.93,65.7,75.19,60.94,59.19,49.42,19.91,35.22,21.48,15.37,11.32,12.64,8.01,15.18,7.2,8.59,31.67,32.86,53.31,52.69,27.29,26.22,35.67,29.67,50.82,30.44,57.68,71.03,107.27,84.63,151.42,152.63,142.94,135.13,130.21,118.44,118.69,113.22,93.28,111.04,98.58,99.24,62.7,63.45,69.55,68.81,110.98,112.55,85.71,85.99,86.96,74.01,85.2,61.74,66.98,72.98,78.94,82.09,79.49,77.51,82.34,88.15,90.83,111.12,127.61,130.38,116.4,122.63,131.09,139.06,141.41,145.5,143.63,135.01,129.03,126.82,102.41,109.71,148.54,153.02,147.94,151.47,141.0,145.13,131.49,152.87,153.84,124.52,127.02,118.18,131.51,111.08,169.69,174.49,204.62,148.97,153.9,129.14,145.01,176.2,180.9,165.05,167.72,157.03,177.08,171.78,160.45,193.29,170.71,189.27,186.2,196.76,195.87,195.11,198.43,204.58,219.87,226.61,198.47,200.26,197.03,210.96,207.24,202.93,205.26,205.48,202.07,224.6,209.5,214.94,234.83,219.3,229.31,235.38,236.9,251.16,235.9,257.16,223.5,210.93,215.75,223.93,198.18,219.98,214.65,215.86,225.53,222.86,228.81,203.87,208.86,220.79,244.58,207.49,217.33,225.41,233.71,240.41,251.24,241.57,239.75,205.14,211.55,220.75,222.39,234.42,227.62,268.4
146.12,167.04,173.85,26.49,150.54,55.57,40.91,65.3,58.38,60.27,12.57,63.48,115.65,41.52,168.37,159.84,16.6,181.94,121.43,127.6,42.73,66.41,27.25,31.99,53.41,121.11,169.94,63.67,117.61,60.64,86.6,49.84,78.57,122.01,219.23,161.86,41.64,72.37,164.63,54.01,36.95,102.74,157.91,144.97,82.02,54.74,11.18,59.68,110.44,106.4,108.23,57.4,29.8,133.69,150.79,49.87,41.44,19.75,39.47,82.43,126.18,69.43,78.42,47.75,98.51,53.71,136.84,249.37,117.2,193.25,119.86,165.22,74.31,116.26,60.37,7.99,236.13,66.72,21.5,154.73,242.69,70.21,29.86,69.75,31.01,101.0,167.85,111.27,166.67,95.49,80.24,84.17,212.69,36.04,85.61,48.79,65.61,198.98,182.59,49.15,89.62,27.84,45.72,143.83,101.76,72.04,45.65,166.28,54.35,165.06,113.68,75.4,16.67,60.27,7.56,90.23,158.15,62.32,14.27,98.59,49.6,121.61,123.68,185.87,61.09,95.74,220.08,156.76,227.23,63.15,51.31,145.34,214.48,82.42,162.76,102.6,208.41,37.66,56.89,100.15,30.24,149.77,141.59,109.9,156.96,34.85,139.83,162.58,24.7,174.06,36.58,191.94,23.48,131.76,21.8,23.85,168.53,0.0,135.75,209.33,70.7,96.38,130.34,75.53,51.22,40.06,164.91,129.01,40.11,139.04,149.85,180.14,45.66,27.35,203.62,68.93,74.4,4.47,85.76,154.04,124.15,78.13,96.97,63.34,104.39,8.02,28.58,118.09,152.87,232.69,14.45,146.16,144.6,158.0,14.43,140.71,134.27,78.54,23.61,27.12,125.71,157.15,140.15,139.31,89.73,22.33,92.5,137.11,142.89,105.92,102.56,236.49,210.04,205.17,198.32,189.21,206.3,215.78,201.53,152.41,148.06,162.85,165.09,184.14,177.56,173.51,181.49,176.86,161.34,176.05,173.9,156.0,150.81,154.99,154.36,182.57,169.72,176.26,161.49,191.42,178.53,180.36,110.86,247.87,225.23,292.01,293.23,283.54,275.72,270.8,259.04,259.28,253.81,93.06,83.49,86.19,86.85,143.99,121.06,123.89,108.99,80.95,82.53,110.44,91.65,128.37,117.31,108.13,163.42,168.65,166.19,172.16,181.55,197.86,176.97,161.53,166.6,152.26,71.33,53.07,74.42,72.41,53.37,56.04,58.53,48.19,64.97,60.64,88.45,82.48,89.33,89.86,150.03,31.49,35.97,29.72,30.31,84.93,60.47,56.95,83.17,95.64,122.49,115.71,121.06,109.19,108.74,83.59,5.2,45.12,124.6,129.54,115.55,120.64,151.83,156.53,140.69,143.36,132.67,123.89,118.59,107.27,35.48,17.45,31.46,28.4,37.26,36.37,35.61,38.93,45.08,60.37,67.11,145.29,137.52,145.7,175.92,172.2,178.56,148.76,157.45,150.21,65.1,50.0,55.44,75.33,59.8,69.81,75.88,77.4,91.66,76.4,97.66,64.0,53.12,57.95,64.42,40.37,60.48,55.15,56.35,66.02,63.36,69.31,44.37,49.35,61.29,85.08,47.99,57.83,65.9,74.2,80.91,91.73,82.07,80.25,132.35,126.3,126.88,115.09,139.89,134.97,108.89
54.73,57.82,82.46,150.99,59.15,180.07,165.41,189.8,182.88,121.7,131.86,87.01,41.83,166.01,76.98,142.55,127.91,90.55,132.99,11.89,103.19,104.09,150.62,161.57,177.91,87.03,67.18,80.84,20.5,81.3,94.8,174.34,86.76,18.12,127.84,70.47,93.76,196.87,73.24,178.51,161.45,38.91,66.52,53.57,92.03,85.3,135.68,184.18,99.43,55.5,39.23,181.9,153.18,42.3,133.51,91.61,165.94,143.12,163.96,206.93,25.09,122.35,60.17,172.25,99.6,178.21,147.14,157.98,99.92,101.86,38.01,73.83,66.64,120.65,113.04,138.31,144.74,70.94,144.87,63.34,151.3,76.42,154.36,194.24,155.51,50.11,76.46,39.12,75.28,106.99,119.12,56.39,121.3,102.2,112.99,172.16,115.17,107.59,91.2,97.13,114.49,157.42,170.21,46.89,34.24,66.65,170.15,74.89,178.84,73.67,34.99,113.07,141.17,83.8,129.13,48.8,53.69,82.95,137.65,59.75,174.1,43.51,16.52,94.48,98.76,39.85,128.69,65.37,135.84,95.26,101.75,53.95,123.09,56.72,71.37,111.12,117.02,162.16,181.39,106.45,154.74,58.38,43.71,92.62,65.57,159.35,48.44,71.19,149.19,82.67,161.08,100.55,111.87,40.37,145.17,148.35,77.14,135.75,0.0,116.3,106.46,110.58,141.94,71.63,176.8,100.1,147.69,175.37,165.68,46.01,56.82,87.11,171.23,152.92,110.59,81.55,88.65,137.02,52.04,61.01,31.91,82.49,57.13,93.61,97.18,127.95,154.15,33.52,59.84,139.65,143.62,53.12,51.57,64.97,140.0,47.68,41.24,76.07,149.18,152.7,32.68,64.12,47.12,46.28,108.1,147.9,57.74,44.08,49.86,45.77,47.97,143.46,117.01,112.14,105.29,78.97,113.27,122.75,108.5,54.44,49.96,69.81,72.06,91.11,84.53,80.48,88.46,83.83,68.31,83.02,80.86,62.97,57.77,61.96,61.33,89.54,76.69,83.23,68.46,98.39,85.5,87.33,47.7,154.84,132.2,198.98,200.2,190.5,182.69,177.77,166.0,166.25,160.78,59.35,59.84,64.65,65.31,35.69,21.86,27.96,28.15,68.01,67.74,44.12,43.62,45.37,32.42,43.61,70.39,75.62,55.95,58.87,71.3,87.61,66.72,62.26,68.07,70.75,77.19,93.68,96.45,82.47,88.7,97.16,105.13,107.48,111.57,109.7,85.99,80.01,85.24,60.83,89.64,114.61,119.09,114.01,117.54,91.98,111.2,97.56,118.94,112.26,88.9,85.44,76.59,89.92,69.49,135.89,140.55,170.69,107.38,112.32,93.52,103.42,134.61,139.31,123.47,126.14,115.45,135.49,130.19,118.86,159.35,136.78,155.34,152.27,162.83,161.94,161.18,164.5,170.65,185.94,192.68,156.88,158.67,155.44,169.37,165.65,161.34,163.67,163.89,160.49,190.67,175.57,181.01,200.9,185.37,195.38,201.45,202.97,217.23,201.97,223.23,189.57,176.99,181.82,190.0,164.25,186.05,180.72,181.92,191.6,188.93,194.88,169.94,174.92,186.86,210.65,173.56,183.4,191.48,199.77,206.48,217.3,207.64,205.82,163.55,169.96,179.16,180.8,192.83,186.03,234.46
82.83,77.2,38.01,224.57,77.53,253.65,238.99,263.38,256.46,195.28,205.45,160.6,105.04,239.6,65.75,193.99,201.49,55.94,184.43,109.3,176.77,177.67,224.21,235.15,251.49,134.81,67.56,154.42,96.8,154.88,183.4,247.92,175.36,101.96,14.95,76.51,167.35,270.45,94.42,252.09,235.03,118.72,54.02,68.3,172.77,158.89,209.26,257.76,150.87,118.71,102.43,255.48,226.76,90.34,184.95,165.2,239.52,216.7,237.55,280.51,96.67,181.02,133.75,245.83,165.31,251.79,198.58,45.09,151.36,20.65,118.75,95.01,156.69,172.09,186.62,211.89,31.85,144.52,218.46,84.53,38.41,150.0,227.94,267.82,229.09,113.32,82.86,119.86,96.46,158.43,170.55,129.97,8.41,175.78,164.43,245.74,188.75,11.7,37.3,170.71,175.9,231.0,243.8,95.91,114.05,140.23,243.73,70.43,252.43,94.85,98.2,186.65,214.75,157.38,202.71,122.38,77.49,156.53,211.23,122.96,247.68,111.0,105.37,26.07,172.34,118.44,12.44,86.56,17.74,168.84,175.33,64.47,7.68,130.3,45.83,162.56,6.51,235.74,254.97,157.89,228.32,61.4,88.32,144.06,86.75,232.93,83.53,65.58,222.77,34.61,234.66,16.27,185.45,79.69,218.75,221.93,68.73,209.33,116.3,0.0,180.38,162.03,193.38,145.54,250.71,174.01,199.13,226.81,239.59,79.96,70.4,30.11,245.14,226.83,9.77,155.46,177.65,210.94,125.96,56.41,93.25,171.49,126.63,167.52,148.62,201.86,228.07,97.04,84.11,27.59,217.53,76.3,90.87,61.15,213.92,86.99,79.12,165.07,223.1,226.61,86.12,84.86,71.45,85.59,159.55,221.81,121.05,76.33,75.28,109.08,111.28,40.89,14.44,31.75,21.71,48.91,29.69,8.17,12.52,84.86,93.76,83.56,92.8,51.18,58.93,61.43,80.11,75.48,64.49,74.67,72.51,54.06,59.25,50.68,59.15,49.61,42.34,43.43,52.07,31.5,45.57,53.77,111.01,42.77,20.13,86.92,88.13,78.44,70.63,65.71,53.94,54.19,48.72,133.26,151.02,138.57,139.23,99.04,103.43,109.53,108.79,150.96,152.54,125.69,125.97,126.94,113.99,125.18,65.76,71.93,70.22,84.95,54.86,43.48,59.86,88.34,94.15,96.83,151.1,167.59,170.36,156.39,162.61,171.08,179.04,181.4,185.48,183.61,174.99,169.01,166.81,142.4,115.72,188.53,193.0,187.92,191.45,180.98,185.12,171.48,192.85,163.7,130.53,136.88,138.92,141.37,151.06,187.33,214.47,244.6,158.82,163.76,135.15,154.87,186.05,190.75,174.91,177.58,166.89,186.94,181.64,170.31,233.27,210.7,229.25,226.18,236.74,235.86,235.09,238.41,244.56,259.85,266.59,208.33,210.12,206.89,220.82,224.19,202.62,215.12,215.34,211.93,264.58,249.48,254.92,274.81,259.29,269.29,275.36,276.88,291.15,224.9,297.15,263.48,212.17,216.99,263.91,238.16,259.96,254.64,255.84,265.51,262.85,268.8,243.86,248.84,260.77,284.57,247.47,257.31,265.39,273.69,280.39,291.22,281.55,279.73,215.0,221.41,230.61,232.25,244.27,237.47,308.38
117.99,118.71,145.72,71.72,122.4,115.02,100.36,124.75,77.91,21.47,66.81,36.08,87.52,100.96,140.23,107.22,62.86,153.8,71.06,99.46,38.14,5.81,66.1,96.52,112.86,58.58,128.08,28.22,89.48,33.24,20.05,109.29,12.01,93.87,191.09,133.72,28.71,131.82,136.49,113.46,96.4,74.61,129.77,116.83,15.47,31.45,70.63,119.13,57.82,78.26,80.1,93.53,68.65,105.56,98.18,22.17,100.89,59.5,98.91,141.88,98.05,22.12,50.28,107.2,35.54,73.24,86.48,221.24,64.59,165.12,68.65,137.08,26.1,65.9,52.84,73.26,207.99,33.2,66.5,126.6,214.56,29.82,89.31,129.19,90.46,72.87,139.71,53.59,138.54,42.88,32.93,56.03,184.55,37.15,38.29,60.3,14.93,170.85,154.45,36.93,20.34,92.37,105.16,115.69,73.62,43.9,105.1,138.14,113.79,136.92,85.54,6.12,71.33,32.86,64.08,62.1,115.35,21.92,69.02,70.45,85.74,93.47,95.54,157.74,11.93,67.61,191.95,128.63,199.1,17.33,41.55,117.2,186.34,54.28,134.62,52.2,180.27,97.11,116.34,47.53,89.69,121.63,113.45,57.29,128.82,94.3,111.69,134.44,84.14,145.93,96.03,163.81,46.82,103.63,60.55,74.1,140.39,70.7,106.46,180.38,0.0,41.25,79.97,37.08,111.74,35.05,112.38,113.4,100.63,110.52,121.33,151.62,82.84,87.87,175.09,27.44,6.69,71.97,57.23,125.52,95.63,10.43,68.44,19.33,51.86,62.89,89.1,89.57,124.35,204.16,78.57,117.63,116.08,129.48,74.95,112.19,105.74,17.46,84.13,87.64,97.19,128.63,111.62,110.79,40.15,82.85,63.98,108.59,114.36,77.39,74.03,207.96,181.51,176.64,169.8,139.86,177.77,187.26,173.01,123.88,119.54,134.32,136.57,155.62,149.04,144.99,152.97,148.34,132.82,147.53,145.37,127.47,122.28,126.46,125.84,154.04,141.19,147.74,132.97,162.89,150.01,151.84,82.34,219.34,196.7,263.49,264.7,255.01,247.2,242.28,230.51,230.76,225.29,64.53,54.97,57.66,58.33,101.77,69.73,66.06,80.46,42.5,30.37,53.23,63.13,64.78,59.48,57.12,134.89,140.13,116.84,107.06,132.2,148.5,127.62,99.49,104.56,90.22,38.56,21.24,45.64,43.84,28.92,37.38,45.34,42.43,51.78,49.91,29.03,22.81,21.63,30.44,87.99,49.56,54.04,48.95,52.49,11.63,11.73,20.19,12.74,45.27,60.45,63.18,48.14,56.66,41.04,36.28,75.5,105.64,72.07,77.0,63.02,68.11,99.29,104.0,88.15,90.82,80.13,73.52,68.22,56.9,74.33,66.48,53.71,59.06,97.78,96.89,96.13,99.45,105.6,120.89,127.63,94.92,96.71,95.33,134.06,130.34,126.03,128.36,107.08,99.85,125.62,110.52,115.95,135.85,120.32,130.33,136.4,137.92,152.18,96.98,134.85,101.18,61.08,65.9,85.01,79.22,67.57,68.74,93.54,103.21,113.48,119.43,104.89,109.87,121.81,145.6,108.51,118.35,126.42,134.72,141.43,152.25,142.58,140.76,101.58,107.99,117.2,118.84,130.86,124.06,169.41
129.76,93.68,157.49,86.36,122.45,131.49,116.83,141.23,87.51,36.11,81.35,74.33,112.14,117.44,152.01,72.7,102.25,165.57,37.74,103.58,76.4,44.06,80.73,112.99,129.33,33.98,103.05,59.05,94.53,66.6,23.44,125.76,29.46,97.99,178.52,145.5,66.97,148.29,148.26,129.93,112.87,91.29,141.54,126.14,31.74,69.7,89.37,135.6,23.3,102.88,104.72,108.17,83.29,121.04,63.66,60.43,99.3,74.14,115.39,158.35,103.32,28.31,74.17,123.67,10.0,82.84,53.16,194.8,30.07,153.83,73.0,148.86,50.52,32.58,91.1,98.95,181.55,64.03,81.13,138.37,188.12,56.03,104.62,145.67,106.93,97.49,151.48,83.28,150.31,8.36,17.84,80.66,166.2,75.4,11.72,69.9,36.6,152.62,153.84,75.18,20.59,108.84,121.64,104.37,97.92,68.52,121.58,149.92,130.27,148.7,110.02,35.11,85.97,71.12,99.42,86.72,90.31,60.18,83.66,95.08,100.38,118.54,99.65,155.38,50.19,92.23,173.6,140.4,174.95,55.58,79.8,130.91,167.99,78.9,146.39,17.68,161.92,113.58,132.81,13.01,105.0,133.41,111.96,22.77,140.6,109.62,118.39,146.21,100.62,157.7,112.5,148.33,85.08,115.4,75.19,88.74,152.17,96.38,110.58,162.03,41.25,0.0,46.76,63.23,128.22,73.27,77.91,80.19,104.89,124.04,131.92,150.65,97.46,104.34,156.38,49.61,38.27,98.43,81.0,136.11,107.01,34.81,92.2,57.55,17.39,92.01,105.57,108.61,134.94,177.37,101.43,128.22,126.67,140.07,91.42,122.78,116.33,41.84,100.61,104.12,107.78,139.22,122.21,121.38,6.75,99.32,87.74,119.18,124.95,101.16,97.8,189.37,162.92,165.0,141.46,114.9,134.4,168.54,154.29,97.76,118.28,144.91,147.16,166.21,159.63,155.58,163.56,158.93,143.41,158.12,155.96,138.06,132.87,135.12,129.83,164.63,151.79,140.83,143.56,160.89,160.6,131.02,106.1,192.55,168.93,236.69,237.91,228.22,220.41,215.48,203.72,203.97,198.5,88.3,78.73,81.43,82.09,108.89,88.79,85.12,102.26,68.65,54.75,88.35,86.89,69.21,78.55,87.84,114.07,107.48,91.88,82.1,107.24,123.54,102.66,74.53,79.6,65.26,69.36,59.46,83.86,74.65,67.14,75.6,83.56,80.65,90.0,88.13,44.25,38.02,29.35,45.66,63.03,87.78,92.26,87.17,90.71,29.24,44.88,58.41,27.56,12.06,35.49,28.71,34.06,22.19,41.44,34.53,101.96,122.11,37.6,42.54,28.55,33.64,64.83,69.53,53.69,56.36,45.67,40.31,35.01,23.68,88.95,81.1,68.33,73.68,113.05,112.17,112.6,115.92,122.07,137.36,144.1,61.7,63.49,62.12,99.59,95.88,91.56,93.89,73.87,66.63,142.09,126.99,132.43,152.32,136.79,146.8,152.87,154.39,168.65,78.27,118.75,98.29,65.55,70.37,90.93,93.84,77.24,78.41,108.16,117.83,128.1,134.05,120.16,126.35,138.28,162.08,123.78,134.82,142.9,151.2,157.9,168.73,159.06,157.24,68.37,74.78,83.98,85.62,97.65,90.85,185.89
161.12,125.04,188.85,97.77,153.81,150.22,135.55,149.82,65.5,70.07,115.31,112.12,148.22,136.16,183.36,35.29,136.21,196.93,12.4,134.94,114.18,81.85,92.15,131.71,148.06,65.33,134.41,97.78,125.89,109.28,62.17,144.49,68.18,129.35,209.88,176.86,104.76,136.35,179.62,148.66,108.1,122.65,172.9,157.5,70.46,107.49,123.34,130.71,51.11,141.61,143.44,79.05,86.09,152.4,20.96,98.21,82.44,108.11,134.11,146.41,134.68,62.27,112.89,142.4,48.73,70.17,7.33,226.16,55.3,185.19,104.36,180.22,89.24,19.08,128.88,132.91,212.91,102.76,115.1,169.73,219.48,94.76,94.02,133.72,125.65,136.21,182.84,114.64,181.67,41.85,51.81,119.38,197.56,113.19,45.68,70.38,70.56,183.97,185.2,112.97,59.32,127.57,140.36,135.73,129.27,107.25,140.3,181.28,148.99,180.05,141.38,73.84,119.93,108.91,133.39,125.44,121.67,97.97,117.62,133.8,80.59,149.89,131.01,186.74,87.98,130.48,204.96,171.76,206.3,93.37,117.59,162.27,199.35,117.63,177.75,29.23,193.28,132.31,120.87,38.23,100.02,164.77,143.32,54.13,171.96,97.3,149.75,177.57,119.34,189.06,131.23,179.69,122.86,146.76,109.15,109.18,183.53,130.34,141.94,193.38,79.97,46.76,0.0,102.03,146.96,111.12,32.67,33.43,88.04,155.33,163.21,181.94,79.59,123.09,187.67,88.41,77.07,132.45,119.79,167.4,138.29,73.61,131.0,95.41,46.03,126.03,124.32,139.9,166.23,208.66,120.17,159.51,157.96,171.36,110.17,154.07,147.62,80.64,119.35,122.86,139.07,170.51,153.5,152.67,40.77,118.06,126.54,150.47,156.24,139.95,136.6,220.66,194.2,196.29,172.75,146.19,165.69,199.83,185.58,129.04,149.57,176.2,178.45,197.5,190.92,186.87,194.85,190.22,174.7,189.41,187.25,169.35,164.16,166.41,161.12,195.92,183.07,172.12,174.85,192.18,191.89,162.31,144.9,223.84,200.22,267.98,269.2,259.51,251.7,246.77,235.01,235.26,229.79,127.1,117.53,120.23,120.89,140.18,120.08,116.41,133.55,107.45,93.55,119.64,125.69,100.5,109.83,119.13,145.36,138.76,123.17,113.39,138.53,154.83,133.95,105.81,110.89,96.55,108.16,97.32,121.72,113.44,105.0,113.46,121.42,118.51,127.86,125.99,83.05,76.82,68.15,84.46,94.32,125.64,130.12,125.03,128.56,68.04,78.9,96.27,66.36,35.82,66.77,60.0,65.35,53.48,72.73,68.55,135.98,140.85,47.8,43.97,59.84,52.36,27.34,32.04,36.03,28.85,40.99,6.45,18.47,23.08,83.33,115.12,102.34,107.7,99.31,107.21,131.34,134.67,138.19,156.1,162.84,14.94,16.73,16.23,56.34,52.62,49.74,35.47,27.11,19.87,132.18,145.74,136.83,145.9,155.54,154.31,171.61,161.89,206.17,46.55,99.62,66.57,65.96,70.78,59.21,77.6,80.0,74.67,87.23,88.73,99.0,104.95,106.42,119.52,126.29,150.08,110.04,117.66,130.91,139.2,145.91,156.73,154.42,159.24,21.61,28.02,37.22,38.86,50.89,44.09,191.9
83.15,104.07,110.88,90.78,87.56,119.86,105.19,129.59,122.67,51.56,71.65,26.8,52.68,105.8,105.4,129.24,67.7,118.96,93.08,64.63,42.98,33.95,90.41,101.35,117.7,77.28,106.97,20.63,54.64,21.09,42.07,114.13,34.03,59.04,156.25,98.89,33.55,136.66,101.65,118.3,101.24,39.77,94.93,81.99,34.54,25.09,75.47,123.97,79.84,43.43,45.26,121.68,92.97,70.72,120.2,31.4,105.73,82.91,103.75,146.72,63.21,52.22,14.71,112.04,54.63,117.99,108.49,186.4,86.61,130.28,39.85,102.25,15.36,87.92,52.83,78.1,173.15,10.73,84.66,91.76,179.72,8.67,94.15,134.03,95.29,38.03,104.87,30.27,103.7,64.9,63.03,21.2,149.72,41.99,68.39,111.95,45.03,136.01,119.61,36.92,57.15,97.21,110.0,80.86,38.79,9.06,109.94,103.31,118.63,102.08,50.7,42.93,80.96,23.59,68.92,27.26,95.17,17.77,77.44,35.62,113.89,58.64,60.7,122.9,28.62,32.77,157.11,93.79,164.26,25.13,41.53,82.37,151.5,19.45,99.78,74.22,145.44,101.95,121.18,69.55,94.53,86.8,78.62,79.31,93.99,99.14,76.86,99.6,88.98,111.09,100.87,128.97,51.66,68.79,84.96,88.14,105.56,75.53,71.63,145.54,37.08,63.23,102.03,0.0,116.76,40.07,134.39,135.42,105.65,74.84,85.65,115.94,111.19,92.89,139.42,13.73,35.91,76.99,21.56,89.84,59.95,29.76,32.76,24.2,73.88,67.91,94.12,53.89,88.67,168.49,83.59,81.96,80.4,93.8,79.97,76.51,70.07,23.34,89.15,92.66,61.51,92.95,75.95,75.11,62.17,87.86,28.3,72.91,78.69,41.72,38.36,172.29,145.84,140.97,134.12,125.01,142.1,151.58,137.33,88.21,83.86,98.65,100.89,119.94,113.36,109.31,117.29,112.66,97.14,111.85,109.7,91.8,86.6,90.79,90.16,118.37,105.52,112.06,97.29,127.22,114.33,116.16,46.66,183.67,161.03,227.81,229.03,219.34,211.52,206.6,194.84,195.08,189.61,28.86,16.16,21.99,22.65,70.45,46.39,42.73,44.79,5.9,10.8,29.9,27.45,47.21,36.15,33.79,99.22,104.45,101.99,107.96,117.35,133.66,112.77,111.35,117.16,108.98,17.16,33.64,36.42,22.44,28.67,37.13,45.09,47.45,51.53,49.66,33.25,27.28,40.17,34.66,106.75,54.58,59.06,53.97,57.5,39.25,41.79,37.53,49.53,67.29,79.2,75.74,66.89,78.68,59.8,66.35,80.52,110.65,94.09,99.02,85.03,90.13,121.31,126.02,110.17,112.84,102.15,95.54,90.24,78.92,99.32,76.75,95.3,92.24,102.8,101.91,101.14,104.47,110.61,125.9,132.65,116.94,118.73,117.35,156.08,152.36,148.05,150.38,129.1,121.86,130.64,115.54,120.97,140.87,125.34,135.35,141.42,142.93,157.2,141.94,163.2,129.54,91.14,95.97,129.96,104.21,126.01,120.69,121.89,131.56,128.9,134.85,109.91,114.89,126.83,150.62,113.53,123.37,131.44,139.74,146.44,157.27,147.6,145.78,123.6,130.01,139.22,140.85,152.88,146.08,174.43
188.32,209.23,216.05,49.57,192.73,6.2,25.8,35.36,81.46,92.13,55.17,105.68,157.85,12.89,210.56,191.69,58.79,224.13,153.29,169.8,84.92,108.61,53.91,48.26,10.13,152.97,212.13,105.86,159.81,102.84,128.8,7.2,120.76,164.2,261.42,204.05,83.84,58.14,206.82,19.78,45.72,144.94,200.1,187.16,124.22,96.94,46.16,31.54,142.29,148.59,150.43,80.48,59.89,175.89,167.05,92.07,64.52,62.35,24.54,57.73,168.38,101.29,120.61,14.35,130.37,76.79,153.43,291.57,149.06,235.45,162.06,207.41,116.5,148.12,102.57,42.9,278.32,108.91,47.56,196.93,284.89,112.41,52.94,51.46,33.96,143.2,210.04,153.47,208.87,127.35,112.1,126.36,254.88,78.24,117.46,78.87,97.47,241.18,224.78,91.35,131.81,44.12,8.95,186.03,143.96,114.23,25.09,208.48,26.2,207.25,155.87,117.59,42.27,102.46,56.42,132.43,200.34,104.51,56.88,140.79,72.68,163.8,165.87,228.07,103.28,137.94,262.28,198.96,269.43,105.35,93.5,187.53,256.67,124.61,204.95,134.46,250.61,19.51,43.88,132.01,46.17,191.97,183.78,141.76,199.16,54.21,182.02,204.77,37.63,216.26,21.47,234.14,65.67,173.96,53.66,46.93,210.73,51.22,176.8,250.71,111.74,128.22,146.96,116.76,0.0,81.04,185.3,153.05,64.15,180.02,190.84,221.13,69.7,39.92,244.6,109.91,115.38,55.85,126.74,195.02,165.14,119.11,137.95,104.33,136.16,49.0,25.06,159.07,193.86,273.67,37.37,187.14,185.58,198.99,38.23,181.7,175.25,119.52,32.07,29.61,166.7,198.13,181.13,180.3,121.5,33.18,133.48,178.09,183.87,146.9,143.54,277.47,251.02,246.15,239.31,230.2,247.28,256.76,242.52,193.39,189.04,203.83,206.07,225.12,218.54,214.49,222.47,217.84,202.33,217.04,214.88,196.98,191.79,195.97,195.35,223.55,210.7,217.24,202.47,232.4,219.52,221.34,151.84,288.85,266.21,332.99,334.21,324.52,316.71,311.78,300.02,300.26,294.8,134.04,124.47,127.17,127.83,184.97,162.04,164.87,149.97,121.93,123.51,151.42,132.64,169.35,158.3,149.11,204.4,209.63,207.18,213.14,222.53,238.84,217.95,193.3,198.38,184.04,112.31,94.05,115.4,113.39,94.35,97.03,99.51,89.17,105.95,101.62,129.44,123.46,130.31,130.85,181.81,72.47,76.95,70.7,71.29,125.91,101.46,97.93,124.15,127.41,154.26,147.48,152.83,140.96,149.73,115.37,59.38,22.07,156.37,161.31,147.32,152.42,183.6,188.3,172.46,175.13,164.44,155.67,150.37,139.04,65.49,59.53,63.24,60.17,56.2,55.63,32.08,38.72,43.57,14.32,17.69,167.57,161.56,162.24,199.97,196.25,200.58,172.8,179.74,172.5,37.55,22.45,27.89,45.24,32.25,39.72,26.46,48.85,65.47,100.45,121.71,88.04,83.13,87.95,88.47,70.38,84.52,79.2,80.4,74.01,77.04,74.65,58.05,51.24,49.0,68.58,51.91,54.55,56.97,61.89,71.97,68.56,51.98,50.16,156.39,150.35,150.92,139.14,163.94,159.01,78.28
111.62,132.54,139.35,55.3,116.03,84.38,69.72,94.12,87.19,49.52,36.18,28.98,81.15,70.33,133.86,139.27,32.22,147.43,102.18,93.1,8.4,31.91,54.94,65.88,82.22,90.64,135.44,29.16,83.11,26.14,52.1,78.65,44.06,87.51,184.72,127.36,7.14,101.18,130.12,82.83,65.76,68.24,123.4,110.46,47.52,20.24,39.99,88.49,89.88,71.9,73.73,86.21,57.49,99.19,130.23,15.37,70.26,47.43,68.28,111.24,91.68,50.18,43.92,76.57,67.59,82.52,117.59,214.87,96.64,158.75,85.36,130.72,39.8,97.01,26.05,42.63,201.62,32.22,49.19,120.23,208.19,35.71,58.68,98.56,59.82,66.5,133.34,76.77,132.17,74.93,60.99,49.67,178.19,6.51,66.35,76.47,42.99,164.48,148.08,14.83,55.12,61.73,74.53,109.33,67.26,37.53,74.47,131.78,83.16,130.55,79.17,40.89,45.48,25.76,33.44,55.73,123.64,27.82,41.96,64.09,78.41,87.11,89.17,151.37,26.59,61.24,185.58,122.26,192.73,28.65,16.98,110.84,179.97,47.92,128.25,83.35,173.91,66.47,85.7,79.59,59.05,115.27,107.09,89.34,122.46,63.67,105.33,128.07,53.51,139.56,65.39,157.44,16.19,97.26,49.49,52.66,134.03,40.06,100.1,174.01,35.05,73.27,111.12,40.07,81.04,0.0,144.4,144.48,70.0,103.36,114.17,144.46,75.55,57.24,167.93,33.25,38.71,41.34,50.07,118.36,88.47,42.45,61.28,27.66,83.88,32.27,58.47,82.41,117.19,197.0,47.94,110.47,108.92,122.32,44.32,105.03,98.58,42.86,53.51,57.02,90.03,121.47,104.46,103.63,70.44,52.22,56.82,101.43,107.2,70.23,66.88,200.81,174.35,169.48,162.64,153.53,170.62,180.1,165.85,116.72,112.38,127.16,129.41,148.46,141.88,137.83,145.81,141.18,125.66,140.37,138.21,120.31,115.12,119.3,118.68,146.88,134.04,140.58,125.81,155.74,142.85,144.68,75.18,212.19,189.54,256.33,257.55,247.85,240.04,235.12,223.35,223.6,218.13,57.38,47.81,50.51,51.17,108.31,85.38,88.21,73.3,45.27,46.85,74.76,55.97,92.69,81.63,72.45,127.73,132.97,130.51,136.47,145.87,162.17,141.29,139.87,145.67,122.24,35.65,17.38,38.73,36.73,17.69,20.57,23.05,12.71,29.49,25.16,52.77,46.79,53.65,54.18,120.02,18.93,23.41,18.33,21.86,49.25,21.09,21.27,47.49,76.35,92.47,95.2,80.16,88.68,73.06,64.31,44.88,75.01,104.09,109.02,95.04,100.13,131.32,136.02,120.17,122.84,112.16,104.61,99.31,87.98,63.68,41.1,59.66,56.59,67.15,66.26,65.5,68.82,74.97,90.26,97.0,126.0,127.79,126.42,166.08,162.36,158.05,160.38,138.17,130.93,94.99,79.89,85.33,105.22,89.69,99.7,105.77,107.29,121.55,106.3,127.55,93.89,81.32,86.14,94.32,68.57,90.37,85.04,86.25,95.92,93.25,99.2,74.26,79.25,91.18,114.98,77.88,87.72,95.8,104.1,110.8,121.63,111.96,110.14,132.67,139.08,148.28,144.99,161.94,155.14,138.79
166.87,130.79,194.6,130.44,159.56,188.64,173.97,188.24,103.92,104.63,149.88,145.46,153.97,174.58,189.11,5.13,170.77,202.68,45.07,140.69,147.52,115.19,124.82,170.14,186.48,71.08,140.15,130.18,131.63,137.73,94.57,182.91,100.59,135.1,215.62,182.6,138.1,174.77,185.37,187.08,146.52,128.4,178.65,163.25,102.87,140.83,157.9,169.13,58.63,150.37,151.36,117.47,118.76,158.14,19.46,131.56,120.86,142.67,172.53,184.83,140.43,96.83,145.3,180.82,81.13,108.59,23.94,231.91,48.52,190.94,110.11,185.96,121.64,51.75,162.22,167.48,218.66,135.16,149.66,175.48,225.23,127.16,132.44,172.14,164.08,144.97,188.59,120.39,187.42,74.24,86.37,151.78,203.31,146.53,80.25,103.06,105.13,189.72,190.94,146.31,91.72,165.99,178.78,141.48,135.02,139.65,178.72,187.02,187.41,185.8,147.13,106.24,154.5,142.25,167.95,143.74,127.42,131.31,152.19,150.82,119.01,155.64,136.76,192.49,121.32,136.23,210.7,177.51,212.05,126.71,150.93,168.02,205.09,150.03,183.5,61.9,199.03,170.73,159.29,70.9,138.45,170.51,149.07,56.15,177.7,135.72,155.49,183.32,157.76,194.81,169.65,185.44,156.2,152.51,143.72,147.6,189.28,164.91,147.69,199.13,112.38,77.91,32.67,134.39,185.3,144.4,0.0,40.72,126.47,161.08,168.96,187.69,118.01,161.51,193.41,120.75,109.42,167.04,146.98,173.14,144.04,105.95,152.07,128.69,64.43,160.62,162.74,145.65,171.98,214.41,158.59,165.26,163.7,177.11,148.59,159.82,153.37,112.98,157.77,161.28,144.82,176.25,159.25,158.42,75.36,156.48,147.6,156.21,161.99,150.67,147.32,226.4,199.95,202.04,178.49,151.94,171.44,205.58,191.33,134.79,155.31,181.95,184.19,203.24,196.66,192.61,200.59,195.96,180.45,195.16,193.0,175.1,169.91,172.15,166.87,201.67,188.82,177.87,180.6,197.93,197.64,168.05,155.62,229.59,205.96,250.86,230.42,257.48,257.44,252.52,240.76,241.0,235.53,154.29,141.11,152.57,153.23,145.93,125.82,122.16,139.29,139.79,125.89,125.39,138.56,106.25,115.58,124.88,151.11,144.51,128.91,119.13,144.27,160.58,139.69,111.56,116.64,102.3,140.5,130.6,155.0,145.79,138.28,146.74,154.71,151.79,161.15,159.28,115.39,109.17,98.25,116.8,100.07,158.92,163.4,158.32,161.85,100.38,113.49,129.56,98.7,68.49,72.52,65.74,71.1,59.22,78.48,103.14,170.58,179.27,41.02,37.18,58.19,45.57,19.17,10.46,29.24,22.06,34.2,39.12,51.14,55.75,116.01,149.71,136.94,142.29,137.74,145.63,169.76,173.09,176.61,194.52,201.26,18.88,24.03,15.69,23.67,19.95,17.06,17.97,16.21,12.8,170.6,184.16,175.25,184.32,193.96,192.73,210.04,200.32,213.46,84.97,106.92,104.99,98.63,103.46,97.64,110.27,118.42,113.1,125.65,127.15,137.42,143.37,144.85,157.94,164.71,191.76,148.46,156.08,169.33,177.62,187.58,198.41,192.84,197.66,28.9,35.32,44.52,46.16,58.18,42.53,199.2
194.55,158.47,222.28,109.53,187.24,156.4,141.73,155.99,71.68,103.5,132.95,145.55,181.65,142.34,216.79,45.86,136.57,230.36,45.82,168.37,147.61,115.28,103.91,137.89,154.23,98.76,167.83,131.21,159.32,142.71,95.6,150.66,101.61,162.78,243.31,210.28,138.18,142.52,213.05,154.84,114.28,156.08,206.33,190.93,103.89,140.92,123.94,136.88,84.54,175.04,176.87,85.23,108.58,185.82,54.39,131.64,88.61,141.54,140.29,152.58,168.11,95.7,146.32,148.58,82.15,76.35,40.76,259.59,88.73,218.62,137.79,213.64,122.67,52.51,162.31,131.57,246.34,136.19,110.33,203.16,252.91,128.19,100.19,139.9,131.83,169.64,216.27,148.07,215.1,75.27,85.23,152.81,230.99,146.62,79.11,89.29,103.99,217.4,218.63,146.4,92.75,133.74,146.54,169.16,162.7,140.68,146.48,214.71,155.17,213.48,174.81,107.27,118.85,142.34,134.2,158.87,155.1,131.4,114.63,167.23,86.76,183.32,164.44,220.17,121.41,163.91,238.38,205.19,239.73,126.8,151.02,195.7,232.77,151.06,211.18,62.65,226.71,138.48,127.04,71.66,106.2,198.2,176.75,87.56,205.39,103.48,183.17,211.0,125.52,222.49,137.4,213.12,143.45,180.19,106.07,115.36,216.96,129.01,175.37,226.81,113.4,80.19,33.43,135.42,153.05,144.48,40.72,0.0,94.22,188.76,196.64,215.37,85.77,129.26,221.1,121.84,110.5,133.68,153.22,200.82,171.72,107.03,164.43,128.83,79.46,126.83,130.49,173.33,199.66,242.09,126.35,192.94,191.39,204.79,116.34,187.5,181.05,114.06,125.53,129.04,172.5,203.93,186.93,186.1,74.2,124.24,159.97,183.89,189.67,173.38,170.02,254.08,227.63,229.72,206.18,179.62,199.12,233.26,219.01,162.47,183.0,209.63,211.87,230.92,224.34,220.3,228.28,223.64,208.13,222.84,220.68,202.78,197.59,199.84,194.55,229.35,216.5,205.55,208.28,225.61,225.32,195.74,178.33,257.27,233.65,287.28,266.84,292.94,285.13,280.2,268.44,268.68,263.22,160.52,150.96,153.65,154.32,173.61,153.5,149.84,166.97,140.87,126.98,153.07,159.12,133.93,143.26,152.56,178.79,172.19,156.6,146.82,171.95,188.26,167.37,139.24,144.32,129.98,141.59,130.74,155.15,146.87,138.42,146.89,154.85,151.94,161.29,159.42,116.47,110.25,101.58,117.88,127.75,150.3,154.78,148.53,149.12,101.47,112.33,129.7,99.79,69.25,100.2,93.43,98.78,86.9,106.16,101.98,137.21,147.03,81.23,77.4,93.26,85.79,59.9,51.18,69.46,62.27,74.42,39.88,51.9,56.5,105.82,148.55,135.77,141.13,105.49,113.38,137.52,140.84,144.37,162.28,169.02,22.99,16.99,36.94,60.09,56.37,57.79,32.93,35.16,27.92,138.35,151.91,143.01,152.07,161.71,160.49,177.79,168.07,181.22,52.73,74.67,72.74,83.54,78.72,65.39,100.09,86.17,80.85,93.41,94.91,105.17,111.12,112.6,125.69,132.46,159.51,116.22,123.83,137.08,145.38,155.34,166.16,160.6,165.42,11.82,5.77,12.27,13.91,25.94,19.14,166.95
177.2,198.12,204.93,29.82,181.61,67.5,52.83,61.77,22.54,68.8,44.05,94.56,146.73,53.44,199.44,122.46,47.67,213.01,99.57,158.68,73.8,97.49,27.99,48.99,65.33,129.64,201.02,94.74,148.69,91.72,117.68,61.76,109.64,153.09,250.3,192.94,72.72,48.3,195.7,57.12,20.06,133.82,188.98,176.04,113.1,85.82,35.04,42.66,118.97,137.48,139.31,21.56,28.9,164.77,108.14,80.95,5.61,37.93,51.39,58.36,157.26,77.96,109.5,59.68,107.05,17.87,94.51,280.45,125.73,224.33,150.94,196.3,105.38,88.16,91.45,42.67,267.2,97.8,35.24,185.81,273.77,101.29,11.29,45.68,42.93,132.08,198.92,142.35,197.75,104.02,88.78,115.25,243.77,67.12,94.14,28.81,74.14,230.06,213.66,80.23,120.7,44.85,57.64,174.91,132.84,103.11,57.58,197.36,57.45,196.13,144.75,106.47,29.95,91.34,45.3,121.31,189.22,93.4,45.76,129.67,13.76,152.69,154.75,216.95,92.17,126.82,251.16,187.84,258.31,94.23,82.38,176.42,245.55,113.5,193.83,88.3,239.49,49.58,32.82,90.24,14.5,180.85,172.67,118.43,188.04,9.26,170.91,193.65,36.62,205.14,48.5,223.02,54.56,162.84,30.15,26.46,199.61,40.11,165.68,239.59,100.63,104.89,88.04,105.65,64.15,70.0,126.47,94.22,0.0,168.95,179.76,210.06,10.87,40.36,233.53,98.84,104.31,44.78,115.67,183.95,154.06,108.04,126.88,93.26,112.92,37.93,41.59,148.0,182.78,262.6,37.45,176.07,174.51,187.92,27.45,170.62,164.18,108.45,36.63,40.14,155.62,187.06,170.06,169.22,98.26,35.34,122.41,167.02,172.8,135.83,132.47,266.4,239.95,235.08,228.24,219.13,236.21,245.69,231.44,182.32,177.97,192.76,195.0,214.05,207.47,203.42,211.4,206.77,191.25,205.96,203.81,185.91,180.72,184.9,184.27,212.48,199.63,206.17,191.4,221.33,208.44,210.27,140.77,277.78,255.14,321.92,323.14,313.45,305.63,300.71,288.95,289.19,283.72,122.97,113.4,116.1,116.76,173.9,150.97,153.8,138.9,110.86,112.44,140.35,121.57,158.28,147.22,138.04,193.33,198.56,196.1,202.07,211.46,227.77,206.88,170.06,175.13,160.79,101.24,82.98,104.33,102.32,83.28,85.95,88.44,78.1,94.88,90.55,118.37,112.39,119.24,119.78,158.56,61.4,65.88,59.63,60.22,114.84,90.39,86.86,113.08,87.84,131.02,124.24,129.59,117.72,138.65,92.12,48.31,58.13,133.13,131.14,124.08,129.17,114.52,119.22,123.21,116.02,128.16,93.62,87.44,76.12,34.58,48.46,39.99,36.93,11.27,19.45,48.62,36.79,50.15,61.98,80.12,108.74,102.73,103.41,141.14,137.42,141.75,113.97,120.9,113.67,44.13,63.01,48.78,57.85,63.8,66.26,69.77,73.85,76.11,41.62,62.88,29.21,36.73,41.55,29.64,39.6,25.69,20.37,21.57,31.24,41.51,47.46,18.38,31.47,38.24,62.04,22.0,29.61,42.86,51.16,57.86,68.69,66.38,71.2,97.56,91.52,92.09,80.31,105.11,100.18,85.85
28.4,42.81,45.29,154.28,15.67,183.37,168.7,193.1,186.17,124.99,135.16,90.31,34.75,169.31,39.81,155.95,131.2,53.38,146.39,39.01,106.49,107.38,153.92,164.86,181.2,96.77,35.07,84.14,26.51,84.6,113.11,177.63,105.08,31.67,90.67,44.13,97.06,200.16,46.9,181.81,164.75,48.43,29.35,10.1,102.49,88.6,138.97,187.48,112.83,48.42,32.15,185.19,156.47,13.3,146.91,94.91,169.24,146.42,167.26,210.22,26.38,125.65,63.46,175.55,110.06,181.5,160.53,120.81,113.32,64.7,48.46,47.49,86.41,134.04,116.34,141.61,107.57,74.23,148.17,37.01,114.14,79.72,157.66,197.54,158.8,43.03,50.12,49.58,48.95,120.38,132.51,59.69,84.13,105.49,126.39,175.46,118.46,70.43,54.03,100.42,130.58,160.71,173.51,19.6,43.76,69.94,173.45,37.31,182.14,47.33,27.91,116.36,144.46,87.09,132.42,52.09,33.92,86.24,140.94,52.67,177.39,40.71,35.08,57.32,102.06,48.15,91.53,39.04,98.68,98.56,105.04,10.5,85.92,60.01,34.2,124.52,79.85,165.45,184.68,119.85,158.03,21.21,12.01,106.01,39.24,162.65,7.23,32.46,152.49,45.51,164.37,63.39,115.17,7.85,148.47,151.64,35.61,139.04,46.01,79.96,110.52,124.04,155.33,74.84,180.02,103.36,161.08,188.76,168.95,0.0,22.77,50.69,174.55,156.25,74.16,84.87,107.06,140.35,55.37,24.59,22.66,100.9,56.04,96.93,110.57,131.27,157.48,26.45,33.15,103.23,146.95,19.08,27.91,28.55,143.33,24.03,15.67,94.49,152.51,156.02,15.54,37.42,9.07,22.63,121.5,151.22,50.46,15.74,18.06,38.49,40.69,107.03,80.58,75.71,68.87,55.44,76.84,86.33,72.08,27.15,17.37,43.12,45.36,54.69,48.11,44.06,47.51,42.88,31.89,42.07,39.91,20.91,15.72,18.76,18.38,53.11,40.26,29.73,26.41,61.96,49.08,44.38,40.42,118.41,95.77,162.56,163.77,154.08,146.27,141.35,129.58,129.83,124.36,62.67,80.43,67.98,68.64,30.65,32.85,38.95,38.2,80.37,81.95,55.11,55.38,56.35,43.4,54.59,27.44,32.67,40.94,46.9,47.78,64.09,43.2,50.29,56.1,58.78,80.52,97.0,99.77,85.8,92.03,100.49,108.45,110.81,114.89,113.02,104.4,98.42,96.22,71.81,77.67,117.94,122.42,117.33,120.86,110.39,114.53,100.89,122.26,125.65,92.48,98.83,87.57,103.32,80.48,139.08,143.88,174.01,120.77,125.71,97.1,116.82,148.0,152.7,136.86,139.53,128.84,148.89,143.59,132.26,162.68,140.11,158.66,155.6,166.16,165.27,164.5,167.83,173.97,189.26,196.0,170.28,172.07,168.84,182.77,179.05,174.73,177.07,177.29,173.88,194.0,178.9,184.33,204.22,188.7,198.71,204.77,206.29,220.56,205.3,226.56,192.89,180.32,185.14,193.32,167.57,189.37,184.05,185.25,194.92,192.26,198.21,173.27,178.25,190.18,213.98,176.89,186.72,194.8,203.1,209.8,220.63,210.96,209.14,176.94,183.35,192.56,194.2,206.22,199.42,237.79
17.38,62.02,35.74,165.1,37.14,194.18,179.51,203.91,196.99,135.81,145.97,101.12,45.57,180.12,19.04,163.82,142.02,32.61,154.26,49.82,117.3,118.19,164.73,175.67,192.02,108.3,56.54,94.95,37.32,95.41,123.93,188.45,115.89,42.48,81.11,9.95,107.87,210.98,25.58,192.62,175.56,59.24,19.79,31.57,113.3,99.41,149.79,198.29,120.7,59.24,42.96,196.01,167.29,30.87,154.78,105.72,180.05,157.23,178.07,221.04,37.2,136.46,74.28,186.36,120.87,192.31,168.41,111.26,121.19,55.14,59.28,26.17,97.22,141.92,127.15,152.42,98.01,85.05,158.98,15.68,104.58,90.53,168.47,208.35,169.61,53.84,28.8,60.39,27.62,128.26,140.39,70.5,74.57,116.31,134.26,186.27,129.28,60.87,44.47,111.24,141.4,171.53,184.32,38.81,54.57,80.76,184.26,10.56,192.95,26.01,38.73,127.18,155.28,97.91,143.24,62.91,53.13,97.05,151.76,63.48,188.21,51.52,45.9,47.76,112.87,58.97,81.97,17.71,89.12,109.37,115.85,20.19,76.36,70.82,24.64,132.39,70.29,176.27,195.5,127.72,168.85,19.33,31.22,113.89,17.91,173.46,26.43,6.86,163.3,35.95,175.19,53.83,125.98,22.59,159.28,162.46,12.81,149.85,56.82,70.4,121.33,131.92,163.21,85.65,190.84,114.17,168.96,196.64,179.76,22.77,0.0,41.98,185.63,167.33,65.45,95.95,118.14,151.43,66.45,15.46,33.74,111.98,67.12,108.01,119.24,142.35,168.56,37.53,16.03,94.52,158.02,7.73,28.44,16.59,154.41,24.55,20.88,105.56,163.59,167.1,26.62,16.78,14.36,23.15,130.17,162.3,61.54,15.37,12.54,49.57,51.77,98.32,71.87,67.0,60.16,77.01,68.13,77.61,63.37,46.45,36.68,22.48,24.72,33.68,27.57,23.53,24.95,20.32,19.8,19.51,17.36,34.1,25.02,40.57,39.95,39.5,31.55,38.1,32.1,53.25,40.37,60.1,51.5,109.7,87.06,153.84,155.06,145.37,137.56,132.63,120.87,121.12,115.65,73.75,91.51,79.06,79.72,49.96,43.93,50.02,49.28,91.45,93.03,66.19,66.46,67.43,54.48,65.67,49.0,54.24,60.24,66.2,69.35,81.92,64.77,69.6,75.41,78.09,91.59,108.08,110.85,96.88,103.1,111.57,119.53,121.89,125.97,124.1,115.48,109.5,107.3,82.89,96.97,129.02,133.49,128.41,131.94,121.47,125.61,111.97,133.34,134.32,111.78,107.5,98.65,111.98,91.55,150.16,154.96,185.09,129.44,134.38,116.4,125.49,156.67,161.37,145.53,148.2,137.51,157.55,152.25,140.93,173.76,151.19,169.74,166.68,177.24,176.35,175.58,178.91,185.05,200.34,207.08,178.95,180.74,177.51,191.44,187.72,183.4,185.74,185.96,182.55,205.08,189.98,195.41,215.3,199.78,209.79,215.85,217.37,231.64,216.38,237.64,203.97,191.4,196.22,204.4,178.65,200.45,195.13,196.33,206.0,203.34,209.29,184.35,189.33,201.26,225.06,187.97,197.8,205.88,214.18,220.88,231.71,222.04,220.22,185.61,192.02,201.23,202.86,214.89,208.09,248.87
53.65,65.76,8.82,195.39,48.34,224.47,209.81,234.2,227.28,166.1,176.26,131.41,75.86,210.41,36.57,182.55,172.31,26.76,172.99,80.11,147.59,148.48,195.02,205.97,222.31,123.38,47.53,125.24,67.61,125.7,154.22,218.74,146.18,72.78,40.82,47.33,138.16,241.27,65.24,222.91,205.85,89.53,24.84,39.12,143.59,129.7,180.08,228.58,139.43,89.53,73.25,226.3,197.58,61.16,173.51,136.01,210.34,187.52,208.36,251.33,67.49,166.75,104.57,216.65,151.16,222.6,187.14,70.96,139.92,14.85,89.57,65.83,127.51,160.65,157.44,182.71,57.72,115.34,189.27,55.34,64.29,120.82,198.76,238.64,199.91,84.13,53.68,90.68,67.28,146.99,159.11,100.79,34.28,146.6,152.99,216.56,159.57,20.58,8.12,141.53,171.69,201.82,214.61,66.73,84.87,111.05,214.55,41.25,223.24,65.67,69.02,157.47,185.57,128.2,173.53,93.2,66.05,127.35,182.05,93.77,218.5,81.81,76.19,7.13,143.16,89.26,41.68,57.37,48.83,139.66,146.14,35.28,36.07,101.12,16.65,151.12,30.0,206.56,225.79,146.45,199.14,32.22,59.14,132.62,57.57,203.75,54.35,36.4,193.59,5.43,205.48,13.54,156.27,50.51,189.57,192.75,39.55,180.14,87.11,30.11,151.62,150.65,181.94,115.94,221.13,144.46,187.69,215.37,210.06,50.69,41.98,0.0,215.96,197.65,24.4,126.28,148.46,181.75,96.78,27.23,64.06,142.31,97.45,138.34,137.18,172.68,198.88,67.86,54.93,53.46,188.35,47.12,61.69,31.96,184.73,57.8,49.94,135.89,193.91,197.43,56.94,55.68,42.26,56.4,148.11,192.63,91.87,47.15,46.1,79.9,82.1,57.27,30.82,25.95,19.1,46.3,27.08,36.56,22.31,74.36,64.58,54.38,63.62,22.0,29.75,32.25,50.92,46.29,35.3,45.49,43.33,24.88,30.07,21.5,29.97,20.42,13.15,14.25,22.89,12.2,16.39,24.59,81.83,68.65,46.01,112.79,114.01,104.31,96.5,91.58,79.81,80.06,74.59,104.08,121.84,109.38,110.04,77.86,74.25,80.35,79.61,121.78,123.35,96.51,96.79,97.76,84.81,96.0,36.58,45.14,58.78,73.51,52.25,40.87,57.25,76.9,82.71,85.39,121.92,138.41,141.18,127.2,133.43,141.89,149.86,152.21,156.3,154.43,145.81,139.83,137.62,113.21,104.28,159.34,163.82,158.74,162.27,151.8,155.93,142.29,163.67,152.26,119.09,125.44,128.98,129.93,121.88,180.49,185.28,215.42,147.38,152.32,123.71,143.43,174.61,179.31,163.47,166.14,155.45,175.49,170.2,158.87,204.09,181.51,200.07,197.0,207.56,206.67,205.91,209.23,215.38,230.67,237.41,196.89,198.68,195.45,209.38,205.66,201.34,203.68,203.9,200.49,235.4,220.3,225.74,245.63,230.1,240.11,246.18,247.7,261.96,246.7,267.96,234.3,221.73,226.55,234.73,208.98,230.78,225.45,226.66,236.33,233.66,239.61,214.67,219.66,231.59,255.38,218.29,228.13,236.21,244.51,251.21,262.04,252.37,250.55,203.55,209.96,219.17,220.81,232.83,226.03,279.19
182.75,203.66,210.48,26.18,187.16,73.04,58.38,72.64,14.09,61.38,49.6,100.11,152.28,58.99,204.99,114.01,53.22,218.56,91.12,164.23,79.35,81.66,20.56,54.54,70.88,122.21,206.56,100.29,154.24,97.27,99.9,67.31,91.86,158.64,255.85,198.49,78.27,59.17,201.25,71.48,30.92,139.37,194.53,181.59,95.32,91.37,40.59,53.53,94.67,143.02,144.86,13.11,21.47,170.32,99.69,86.5,5.26,30.5,56.94,69.23,162.81,70.53,115.04,65.22,99.62,9.42,86.06,286.0,118.31,229.88,156.49,201.84,110.93,79.7,97.0,48.22,272.75,103.34,26.98,191.36,279.32,106.84,16.84,56.55,48.48,137.63,204.47,147.9,203.3,96.59,81.35,120.8,249.32,72.67,86.71,20.36,66.71,235.61,219.21,85.78,102.91,50.39,63.19,180.46,138.39,108.66,63.13,202.91,71.82,201.68,150.3,88.69,35.5,96.89,50.85,126.86,194.77,98.94,31.28,135.22,5.31,158.23,160.3,222.5,97.71,132.37,256.71,193.39,263.86,99.78,87.93,181.96,251.1,119.04,199.38,79.85,245.04,55.13,43.69,81.79,22.85,186.4,178.21,111.01,193.59,20.13,176.45,199.2,42.17,210.69,54.05,228.57,60.1,168.39,22.72,32.01,205.16,45.66,171.23,245.14,82.84,97.46,79.59,111.19,69.7,75.55,118.01,85.77,10.87,174.55,185.63,215.96,0.0,45.91,239.08,104.39,86.54,50.33,121.22,189.5,159.61,90.28,132.42,98.8,105.49,43.48,47.14,153.55,188.33,268.15,43.0,181.62,180.06,193.46,32.99,176.17,169.73,114.0,42.17,45.69,161.17,192.61,175.61,174.77,90.83,40.89,127.96,172.57,178.35,141.38,138.02,271.95,245.5,240.63,233.78,224.67,241.76,251.24,236.99,187.86,183.52,198.31,200.55,219.6,213.02,208.97,216.95,212.32,196.8,211.51,209.36,191.46,186.26,190.45,189.82,218.03,205.18,211.72,196.95,226.88,213.99,215.82,146.32,283.33,260.69,327.47,328.69,319.0,311.18,306.26,294.5,294.74,289.27,128.52,118.95,121.65,122.31,179.45,156.52,159.35,144.45,116.41,117.99,145.9,127.11,163.83,152.77,143.59,198.88,204.11,201.65,170.2,217.01,233.32,212.43,162.63,167.71,153.37,106.79,88.53,109.87,107.87,88.83,91.5,93.99,83.65,100.43,96.1,123.91,117.93,101.48,125.32,151.14,66.95,71.43,65.18,65.76,97.08,78.68,92.41,95.31,79.39,123.59,116.81,122.16,110.29,129.55,84.7,53.86,63.68,125.7,122.69,116.65,121.75,106.07,110.77,114.76,107.57,119.71,85.17,78.99,67.66,27.15,37.48,32.57,29.5,22.14,30.03,54.17,57.49,61.02,78.93,85.67,100.29,94.28,94.95,132.68,128.97,133.29,105.52,112.45,105.21,55.0,68.56,59.65,68.72,78.36,77.13,94.44,84.72,86.98,33.17,54.42,20.76,28.28,33.1,21.19,31.15,17.24,11.92,13.12,22.79,33.06,39.0,29.25,42.34,49.11,72.91,32.87,40.48,53.73,62.03,68.73,79.56,77.25,82.07,89.11,83.06,83.64,71.86,96.66,91.73,96.72
164.44,185.36,192.17,25.7,168.86,43.26,28.6,53.0,57.59,68.26,31.3,81.8,133.97,29.21,186.69,167.82,34.92,200.26,129.41,145.92,61.05,84.73,30.03,8.37,41.1,129.09,188.26,81.99,135.93,78.96,104.92,37.53,96.89,140.33,237.55,180.18,59.96,64.46,182.95,41.7,29.05,121.06,176.23,163.29,100.34,73.06,22.29,47.37,118.42,124.72,126.55,56.6,36.02,152.01,143.18,68.19,40.65,38.48,27.16,74.53,144.51,77.42,96.74,35.44,106.5,52.91,129.55,267.69,125.19,211.57,138.18,183.54,92.63,124.25,78.69,16.28,254.45,85.04,23.69,173.05,261.01,88.54,29.07,61.84,23.1,119.32,186.17,129.59,184.99,103.47,88.23,102.49,231.01,54.36,93.59,55.0,73.59,217.31,200.91,67.47,107.94,6.65,33.41,162.15,120.08,90.36,33.34,184.6,42.04,183.38,132.0,93.72,18.39,78.59,32.55,108.55,176.47,80.64,33.0,116.91,48.81,139.93,142.0,204.19,79.41,114.06,238.41,175.08,245.55,81.47,69.63,163.66,232.8,100.74,181.08,110.59,226.73,25.35,48.98,108.13,23.32,168.09,159.91,117.89,175.28,34.06,158.15,180.9,19.0,192.39,24.27,210.26,41.8,150.09,29.78,23.06,186.85,27.35,152.92,226.83,87.87,104.34,123.09,92.89,39.92,57.24,161.51,129.26,40.36,156.25,167.33,197.65,45.91,0.0,221.07,86.38,91.85,32.32,103.21,171.49,141.61,95.58,114.42,80.8,112.63,25.47,17.25,135.54,170.33,250.14,10.78,163.61,162.05,175.46,14.7,158.17,151.72,95.99,15.47,15.51,143.17,174.6,157.6,156.77,97.97,8.26,109.95,154.56,160.34,123.37,120.01,253.94,227.49,222.62,215.78,206.67,223.75,233.23,218.99,169.86,165.52,180.3,182.54,201.59,195.01,190.96,198.94,194.31,178.8,193.51,191.35,173.45,168.26,172.44,171.82,200.02,187.17,193.71,178.95,208.87,195.99,197.82,128.31,265.32,242.68,309.46,310.68,300.99,293.18,288.25,276.49,276.74,271.27,110.51,100.94,103.64,104.3,161.44,138.51,141.34,126.44,98.4,99.98,127.89,109.11,145.82,134.77,125.58,180.87,186.11,183.65,189.61,199.0,215.31,194.42,169.77,174.85,160.51,88.79,70.52,91.87,89.86,70.82,73.5,75.98,65.64,82.42,78.09,105.91,99.93,106.78,107.32,158.28,48.94,53.42,47.17,47.76,102.38,77.93,74.41,100.62,103.88,130.73,123.95,129.3,117.43,126.2,91.84,35.85,33.79,132.84,137.78,123.79,128.89,160.07,164.77,148.93,151.6,140.91,132.14,126.84,115.51,41.96,36.0,39.71,36.64,34.81,32.86,24.28,30.92,37.06,49.04,55.78,144.04,138.03,138.71,176.44,172.72,177.05,149.27,156.21,148.97,53.77,38.67,44.11,64.0,48.47,58.48,64.55,66.07,80.33,76.92,98.18,64.51,59.6,64.42,64.94,46.85,60.99,55.67,56.87,66.54,60.92,66.86,41.92,42.46,54.4,78.19,48.3,50.94,59.02,67.31,74.02,84.84,70.74,68.92,132.86,126.82,127.39,115.61,140.41,135.49,102.0
77.12,71.49,32.3,218.86,71.82,247.94,233.28,257.67,250.75,189.57,199.74,154.89,99.33,233.89,60.04,188.28,195.78,50.23,178.72,103.59,171.06,171.96,218.5,229.44,245.78,129.11,61.85,148.71,91.09,149.17,177.69,242.21,169.65,96.25,20.48,70.8,161.64,264.74,88.71,246.38,229.32,113.01,48.31,62.6,167.06,153.18,203.55,252.05,145.16,113.0,96.72,249.77,221.05,84.63,179.24,159.49,233.81,210.99,231.84,274.8,90.96,175.31,128.04,240.12,159.6,246.08,192.87,50.63,145.65,18.81,113.04,89.3,150.98,166.38,180.91,206.19,37.38,138.81,212.75,78.82,43.95,144.29,222.23,262.11,223.38,107.61,77.15,114.15,90.76,152.72,164.84,124.27,13.95,170.07,158.72,240.03,183.04,14.86,31.59,165.0,170.19,225.29,238.09,90.2,108.34,134.52,238.02,64.73,246.72,89.14,92.49,180.94,209.04,151.67,197.0,116.67,71.78,150.82,205.52,117.25,241.97,105.29,99.66,20.36,166.63,112.73,21.34,80.85,28.49,163.14,169.62,58.76,15.73,124.59,40.12,156.85,9.67,230.03,249.26,152.18,222.61,55.7,82.61,138.35,81.04,227.22,77.82,59.87,217.06,28.9,228.95,13.31,179.74,73.98,213.05,216.22,63.02,203.62,110.59,9.77,175.09,156.38,187.67,139.42,244.6,167.93,193.41,221.1,233.53,74.16,65.45,24.4,239.08,221.07,0.0,149.75,171.94,205.23,120.25,50.7,87.54,165.78,120.92,161.81,142.91,196.15,222.36,91.33,78.4,33.13,211.82,70.59,85.16,55.44,208.21,81.28,73.41,159.36,217.39,220.9,80.42,79.15,65.74,79.88,153.84,216.1,115.34,70.62,69.57,103.37,105.57,44.05,17.6,29.9,16.0,43.21,23.98,16.23,6.81,79.16,88.05,77.85,87.09,45.47,53.22,55.72,74.4,69.77,58.78,68.96,66.8,48.35,53.55,44.97,53.44,43.9,36.63,37.72,46.36,25.79,39.86,48.06,105.3,48.31,25.67,92.45,93.67,83.98,76.17,71.24,59.48,59.73,54.26,127.55,145.31,132.86,133.52,93.33,97.72,103.82,103.08,145.25,146.83,119.98,120.26,121.23,108.28,119.47,60.06,66.22,64.51,79.24,49.15,37.77,54.15,82.63,88.44,91.12,145.39,161.88,164.65,150.68,156.9,165.37,173.33,175.69,179.77,177.9,169.28,163.3,161.1,136.69,110.01,182.82,187.29,182.21,185.74,175.27,179.41,165.77,187.14,157.99,124.82,131.17,133.21,135.66,145.35,181.62,208.76,238.89,153.11,158.05,129.44,149.16,180.34,185.04,169.2,171.87,161.18,181.23,175.93,164.6,227.56,204.99,223.54,220.48,231.04,230.15,229.38,232.7,238.85,254.14,260.88,202.62,204.41,201.18,215.11,211.39,207.08,209.41,209.63,206.22,258.88,243.78,249.21,269.1,253.58,263.58,269.65,271.17,285.44,219.19,291.44,257.77,206.46,211.28,258.2,232.45,254.25,248.93,250.13,259.8,257.14,263.09,238.15,243.13,255.06,278.86,241.76,251.6,259.68,267.98,274.68,285.51,275.84,274.02,209.29,215.7,224.9,226.54,238.56,231.76,302.67
93.07,113.99,120.8,84.17,97.48,113.25,98.59,122.99,116.06,41.92,65.05,22.1,62.6,99.2,115.32,115.62,61.09,128.88,79.46,74.55,36.37,24.31,83.81,94.75,111.09,63.66,116.89,9.52,64.56,17.06,28.45,107.52,20.41,68.96,166.18,108.81,26.95,130.05,111.57,111.69,94.63,49.69,104.85,91.91,20.92,20.39,68.86,117.36,66.22,53.35,55.18,115.08,86.36,80.64,106.58,24.8,99.12,76.3,97.15,140.11,73.13,42.58,24.63,105.43,41.01,111.39,94.88,196.32,72.99,140.2,43.64,112.17,6.57,74.3,49.19,71.5,183.07,14.49,78.06,101.68,189.64,6.49,87.54,127.43,88.69,47.95,114.79,34.06,113.62,51.28,53.39,31.12,159.64,35.38,53.6,80.76,35.39,145.93,129.53,33.28,47.51,90.6,103.4,90.78,48.71,18.98,103.33,113.23,112.03,112.01,60.62,33.29,74.35,18.89,62.31,37.18,105.1,8.13,70.83,45.54,107.28,68.56,70.62,132.82,18.98,42.69,167.03,103.71,174.18,15.49,37.89,92.29,161.42,29.37,109.7,60.6,155.36,95.34,114.57,55.93,87.92,96.72,88.54,65.69,103.91,92.53,86.78,109.52,82.38,121.01,94.26,138.89,45.05,78.71,78.36,81.53,115.48,68.93,81.55,155.46,27.44,49.61,88.41,13.73,109.91,33.25,120.75,121.84,98.84,84.87,95.95,126.28,104.39,86.38,149.75,0.0,22.29,70.26,31.49,99.77,69.88,16.13,42.7,14.59,60.25,61.18,87.39,63.82,98.6,178.42,76.86,91.89,90.33,103.74,73.24,86.44,80.0,9.72,82.42,85.93,71.44,102.88,85.88,85.04,48.55,81.13,38.23,82.84,88.62,51.65,48.29,182.22,155.77,150.9,144.06,134.95,152.03,161.51,147.27,98.14,93.79,108.58,110.82,129.87,123.29,119.24,127.22,122.59,107.07,121.78,119.63,101.73,96.54,100.72,100.09,128.3,115.45,121.99,107.22,137.15,124.26,126.09,56.59,193.6,170.96,237.74,238.96,229.27,221.45,216.53,204.77,205.01,199.54,38.79,29.22,31.92,32.58,74.24,50.19,46.52,54.72,19.14,10.84,33.7,37.39,51.0,39.95,37.58,109.15,114.38,111.92,117.89,127.28,143.59,122.7,104.62,109.7,95.36,19.85,26.91,31.66,25.14,24.91,33.38,41.34,40.72,47.78,45.91,19.63,13.65,26.55,21.04,93.13,47.85,52.33,47.24,50.77,25.62,32.18,24.14,37.7,53.67,65.58,62.12,53.27,65.05,46.17,56.74,73.79,103.92,80.46,85.4,71.41,76.51,107.69,112.39,96.55,99.22,88.53,81.92,76.62,65.29,92.59,70.02,74.16,85.51,96.07,95.18,94.41,97.74,103.88,119.17,125.92,103.31,105.1,103.73,142.46,138.74,134.42,136.76,115.48,108.24,123.91,108.81,114.24,134.13,118.61,128.62,134.69,136.2,150.47,135.21,156.47,122.81,81.53,86.36,123.23,97.48,88.02,113.96,115.16,124.83,122.17,128.12,103.18,108.16,120.1,143.89,106.8,116.64,124.71,133.01,139.71,150.54,140.87,139.05,109.98,116.39,125.59,127.23,139.26,132.46,167.7
115.26,115.77,142.98,75.42,119.67,118.72,104.06,128.45,81.61,25.17,70.51,39.78,84.79,104.66,137.5,104.28,66.56,151.07,68.12,81.65,41.84,9.51,69.8,100.22,116.56,55.64,125.14,31.92,72.59,36.94,17.11,112.99,9.07,76.05,188.36,130.99,32.41,135.52,133.76,117.16,100.1,57.7,127.04,114.1,12.53,35.15,74.33,122.83,54.88,75.53,77.37,97.23,72.35,102.82,95.24,25.87,104.59,63.2,102.61,145.58,81.39,25.82,46.81,110.9,32.6,76.94,83.54,218.51,61.65,162.39,65.71,134.35,23.16,62.96,56.54,76.96,205.26,36.9,70.2,123.87,211.83,28.68,93.01,132.89,94.16,70.14,136.98,50.65,135.8,39.94,36.63,53.3,181.82,40.85,42.26,64.0,18.63,168.12,151.72,40.63,26.76,96.07,108.86,112.96,70.89,41.17,108.8,135.41,117.49,134.19,82.81,12.54,75.03,36.56,67.78,59.37,112.41,25.62,72.72,67.72,89.44,90.74,77.72,155.01,15.63,64.87,189.22,125.9,196.37,21.03,45.25,114.47,183.61,51.55,131.89,49.26,177.54,100.81,120.04,44.59,93.39,118.9,110.72,54.35,126.09,98.0,108.96,131.71,87.84,143.2,99.73,161.08,50.52,100.9,64.25,77.81,137.66,74.4,88.65,177.65,6.69,38.27,77.07,35.91,115.38,38.71,109.42,110.5,104.31,107.06,118.14,148.46,86.54,91.85,171.94,22.29,0.0,75.67,53.68,121.96,92.07,7.49,64.89,23.03,48.92,66.59,92.8,86.01,120.79,200.61,82.27,114.08,112.52,125.93,78.65,108.63,102.19,14.52,87.83,91.34,93.63,125.07,108.07,107.23,37.21,86.55,60.42,105.03,110.81,73.84,70.48,204.41,177.96,173.09,166.25,136.92,156.42,183.7,169.46,119.78,115.98,130.77,133.01,152.06,145.48,141.43,149.41,144.78,129.26,143.97,141.82,123.92,118.73,122.91,122.28,150.49,137.64,144.18,129.41,159.34,146.45,148.28,78.78,215.79,193.15,259.93,261.15,251.46,243.64,238.72,226.96,227.2,221.73,60.98,51.41,54.11,54.77,98.83,66.79,63.12,76.91,41.33,27.43,50.29,59.58,61.85,56.55,54.18,131.34,129.5,113.9,104.12,129.26,145.56,124.68,96.55,101.63,87.29,42.26,24.94,49.34,47.54,32.62,41.08,49.04,46.13,55.48,53.61,26.09,19.87,18.69,27.5,85.06,53.26,57.74,52.65,56.19,14.29,15.43,23.89,19.17,42.33,57.51,60.24,45.2,53.72,38.1,39.98,79.2,109.34,69.13,74.07,60.08,65.17,96.36,101.06,85.22,87.88,77.2,70.59,65.29,53.96,78.03,70.18,57.41,62.76,101.48,100.59,99.83,103.15,109.3,124.59,131.33,91.98,93.77,92.39,131.12,127.4,123.09,125.42,104.15,96.91,129.32,114.22,119.65,139.55,124.02,134.03,140.1,141.62,155.88,108.55,138.55,104.88,64.78,69.6,88.71,82.92,71.27,72.44,97.24,106.91,117.18,123.13,108.59,113.57,125.51,149.3,112.21,122.05,130.12,138.42,145.13,155.95,146.28,144.46,98.64,105.05,114.26,115.9,127.92,121.12,173.11
148.55,169.46,176.27,30.11,152.96,59.2,44.53,68.93,62.0,62.35,14.64,65.9,118.07,45.14,170.79,161.91,19.02,184.36,123.5,130.02,45.15,68.84,29.32,40.69,57.03,123.18,172.36,66.09,120.03,63.06,89.03,53.46,80.99,124.43,221.65,164.28,44.07,75.99,167.05,57.64,40.58,105.16,160.33,147.39,84.45,57.16,14.8,63.31,112.51,108.82,110.66,61.02,31.88,136.11,152.87,52.29,45.07,21.82,43.09,86.05,128.61,71.51,80.84,51.38,100.59,57.33,138.92,251.79,119.28,195.68,122.28,167.64,76.73,118.34,62.8,14.1,238.55,69.14,23.57,157.15,245.12,72.64,33.49,73.37,34.63,103.42,170.27,113.7,169.09,97.57,82.32,86.59,215.11,38.46,87.68,50.86,67.68,201.41,185.01,51.58,92.04,36.54,49.34,146.25,104.18,74.46,49.28,168.7,57.97,167.48,116.1,77.82,20.29,62.69,6.05,92.66,160.57,64.74,16.35,101.01,53.22,124.03,126.1,188.3,63.51,98.16,222.51,159.19,229.66,65.58,53.73,147.76,216.9,84.84,165.18,104.68,210.83,41.28,60.51,102.22,33.86,152.19,144.01,111.98,159.38,38.48,142.25,165.0,28.32,176.49,40.2,194.37,25.9,134.19,23.87,27.47,170.95,4.47,137.02,210.94,71.97,98.43,132.45,76.99,55.85,41.34,167.04,133.68,44.78,140.35,151.43,181.75,50.33,32.32,205.23,70.26,75.67,0.0,87.16,155.45,125.56,79.54,98.37,64.75,106.46,9.43,33.11,119.5,154.28,234.09,20.55,147.56,146.01,159.41,18.96,142.12,135.67,79.95,28.15,31.66,127.12,158.56,141.55,140.72,91.8,26.86,93.91,138.52,144.29,107.32,103.97,237.9,211.44,206.57,199.73,190.62,207.71,217.19,202.94,153.81,149.47,164.25,166.5,185.55,178.97,174.92,182.9,178.27,162.75,177.46,175.3,157.4,152.21,156.39,155.77,183.97,171.13,177.67,162.9,192.83,179.94,181.77,112.27,249.28,226.63,293.42,294.64,284.94,277.13,272.21,260.44,260.69,255.22,94.47,84.9,87.6,88.26,145.4,122.47,125.3,110.39,82.36,83.94,111.85,93.06,129.78,118.72,109.54,164.82,170.06,167.6,173.56,182.96,199.26,178.38,163.6,168.68,154.34,72.74,54.47,75.82,73.82,54.78,57.45,59.94,49.6,66.38,62.04,89.86,83.88,90.74,91.27,152.11,32.9,37.38,31.13,31.71,86.34,61.88,58.36,84.58,97.71,124.56,117.78,123.14,111.26,110.15,85.67,7.44,49.65,126.67,131.61,117.62,122.72,153.9,158.6,142.76,145.43,134.74,125.97,120.67,109.34,37.56,19.53,33.54,30.47,41.79,40.9,40.14,43.46,49.61,64.9,71.64,147.36,149.15,147.78,188.67,184.95,180.64,153.29,159.53,152.29,69.63,54.53,59.97,79.86,64.33,74.34,80.41,81.93,96.19,80.94,102.19,68.53,55.2,60.02,68.96,42.45,58.13,59.68,60.89,70.56,67.89,73.84,48.9,53.89,65.82,89.62,52.52,62.36,70.44,78.74,85.44,96.27,86.6,84.78,136.88,130.83,131.41,119.63,144.42,139.5,113.43
63.57,84.48,91.3,101.0,67.98,130.08,115.42,139.81,132.89,71.71,81.88,37.03,33.1,116.03,85.81,141.85,77.92,99.38,110.85,45.04,53.2,54.1,100.64,111.58,127.92,86.33,87.38,30.85,35.06,31.31,59.83,124.35,51.79,39.45,136.67,79.3,43.78,146.88,82.07,128.52,111.46,20.19,75.35,62.41,52.3,35.32,85.69,134.19,97.61,23.84,25.68,131.91,103.19,51.14,132.81,41.62,115.95,93.13,113.98,156.94,43.63,72.36,10.18,122.26,72.4,128.22,126.26,166.82,99.22,110.7,37.3,82.66,33.12,105.68,63.05,88.32,153.57,20.95,94.89,72.18,160.14,26.43,104.37,144.25,105.52,18.45,85.29,28.72,84.12,82.66,83.18,6.4,130.13,52.21,88.54,122.17,65.18,116.43,100.03,47.14,77.3,107.43,120.22,61.28,19.2,16.66,120.16,83.72,128.86,82.5,31.12,63.08,91.18,33.81,79.14,7.68,75.59,32.96,87.66,16.03,124.11,39.05,41.12,103.32,48.77,13.19,137.53,74.21,144.68,45.27,51.76,62.78,131.92,6.73,80.2,91.98,125.86,112.17,131.4,87.32,104.75,67.21,59.03,91.92,74.4,109.36,57.27,80.02,99.2,91.51,111.09,109.39,61.88,49.21,95.18,98.36,85.98,85.76,52.04,125.96,57.23,81.0,119.79,21.56,126.74,50.07,146.98,153.22,115.67,55.37,66.45,96.78,121.22,103.21,120.25,31.49,53.68,87.16,0.0,70.33,40.45,47.46,13.26,43.49,91.58,77.83,104.03,34.38,69.17,148.98,93.5,62.45,60.89,74.3,89.88,57.01,50.56,41.04,99.06,102.58,42.01,73.44,56.44,55.61,79.87,97.78,8.79,53.4,59.18,22.21,18.85,152.78,126.33,121.46,114.62,105.51,122.59,132.07,117.83,68.7,64.36,79.14,81.38,100.43,93.85,89.81,97.78,93.15,77.64,92.35,90.19,72.29,67.1,71.28,70.66,98.86,86.01,92.55,77.79,107.71,94.83,96.66,27.15,164.16,141.52,208.3,209.52,199.83,192.02,187.09,175.33,175.58,170.11,7.88,26.99,14.53,15.19,60.28,37.35,40.18,25.28,26.92,28.5,26.73,6.2,44.66,33.61,24.42,79.71,84.95,82.49,88.45,97.84,114.15,93.26,91.84,97.65,100.33,27.07,43.56,46.33,32.35,38.58,47.04,55.01,57.36,61.45,59.58,50.95,44.98,57.87,52.37,115.74,64.49,68.97,63.89,67.42,56.95,61.08,47.44,68.82,84.99,88.19,84.73,75.88,89.21,68.78,85.64,90.43,120.57,106.67,111.61,92.81,102.71,133.9,138.6,122.76,125.43,114.74,113.24,107.94,96.62,109.24,86.66,105.22,102.15,112.71,111.82,111.06,114.38,120.53,135.82,142.56,134.64,136.43,135.05,168.67,164.95,160.63,162.97,146.8,139.56,140.55,125.45,130.89,150.78,135.25,145.26,151.33,152.85,167.11,151.85,173.11,139.45,126.87,131.7,139.88,114.13,135.93,130.6,131.8,141.48,138.81,144.76,119.82,124.8,136.74,160.53,123.44,133.28,141.36,149.65,156.36,167.18,157.52,155.7,141.3,147.71,156.92,158.56,170.58,163.78,184.34
27.54,63.83,21.75,169.28,38.95,198.37,183.7,208.1,201.17,139.99,150.16,105.31,49.75,184.31,17.23,168.01,146.2,30.8,158.45,54.01,121.49,122.38,168.92,179.86,196.2,112.49,58.35,99.14,41.51,99.6,128.11,192.63,120.08,46.67,67.12,20.81,112.06,215.16,38.72,196.81,179.75,63.43,5.8,33.38,117.49,103.6,153.97,202.48,124.89,63.42,47.15,200.19,171.47,35.06,158.97,109.91,184.24,161.42,182.26,225.22,41.38,140.65,78.46,190.55,125.06,196.5,172.6,97.27,125.38,41.15,63.46,39.31,101.41,146.11,131.34,156.61,84.02,89.23,163.17,28.83,90.59,94.72,172.66,212.54,173.8,58.03,27.16,64.58,40.77,132.44,144.57,74.69,60.59,120.49,138.45,190.46,133.46,46.88,30.48,115.42,145.58,175.71,188.51,40.62,58.76,84.94,188.45,14.74,197.14,39.15,42.91,131.36,159.46,102.09,147.42,67.09,54.94,101.24,155.94,67.67,192.39,55.71,50.08,33.77,117.06,63.15,67.98,30.86,75.13,113.56,120.04,17.18,62.37,75.01,10.65,136.58,56.31,180.45,199.68,131.91,173.03,6.12,33.03,118.08,31.06,177.65,28.25,9.88,167.49,21.96,179.37,39.84,130.17,24.4,163.47,166.64,13.03,154.04,61.01,56.41,125.52,136.11,167.4,89.84,195.02,118.36,173.14,200.82,183.95,24.59,15.46,27.23,189.5,171.49,50.7,99.77,121.96,155.45,70.33,0.0,38.84,117.09,72.23,113.12,124.35,147.46,173.66,42.64,29.18,79.77,163.13,21.9,36.47,6.21,159.51,32.58,24.72,110.67,168.7,172.21,31.72,29.93,17.05,31.18,135.27,167.41,66.65,21.93,20.88,54.68,56.88,83.57,57.12,52.25,45.4,72.6,53.38,62.86,48.61,49.14,39.36,28.63,37.87,31.22,25.77,21.72,25.17,20.54,9.55,19.73,17.58,19.34,24.53,43.26,42.63,29.65,16.8,23.34,17.35,38.5,25.61,45.35,56.61,94.95,72.31,139.09,140.31,130.62,122.8,117.88,106.12,106.36,100.89,78.86,96.62,84.16,84.83,52.64,49.03,55.13,54.39,96.56,98.14,71.29,71.57,72.54,59.59,70.78,51.69,56.92,62.93,68.89,72.03,67.17,67.45,72.28,78.09,80.77,96.7,113.19,115.96,101.99,108.21,116.67,124.64,127.0,131.08,129.21,120.59,114.61,112.41,88.0,99.66,134.12,138.6,133.52,137.05,126.58,130.72,117.07,138.45,139.43,114.47,112.61,103.76,117.09,96.66,155.27,160.07,190.2,134.55,139.49,119.09,130.59,161.78,166.48,150.64,153.31,142.62,162.66,157.36,146.03,178.87,156.29,174.85,171.78,182.34,181.45,180.69,184.01,190.16,205.45,212.19,184.05,185.84,182.61,196.54,192.82,188.51,190.84,191.06,187.66,210.18,195.08,200.52,220.41,204.88,214.89,220.96,222.48,236.74,221.49,242.74,209.08,196.51,201.33,209.51,183.76,205.56,200.23,201.44,211.11,208.44,214.39,189.45,194.44,206.37,230.17,193.07,202.91,210.99,219.29,225.99,236.82,227.15,225.33,190.72,197.13,206.33,207.97,220.0,213.2,253.98
30.86,50.64,58.58,139.4,35.27,168.48,153.81,178.21,171.29,110.11,120.27,75.42,19.87,154.42,53.1,138.91,116.32,66.67,129.35,24.91,91.6,92.49,139.03,149.97,166.32,83.39,54.67,69.25,12.41,69.71,98.23,162.75,90.19,17.57,103.96,46.59,82.17,185.28,49.36,166.92,149.86,34.33,42.64,29.7,88.39,73.71,124.09,172.59,95.79,33.54,17.26,170.3,141.59,18.42,129.87,80.02,154.35,131.53,152.37,195.34,12.28,110.76,48.57,160.66,95.96,166.61,143.49,134.1,96.28,77.99,34.36,49.95,71.52,117.01,101.45,126.72,120.86,59.35,133.28,39.46,127.43,64.83,142.77,182.65,143.91,28.14,52.58,35.48,51.4,103.34,115.47,44.8,97.42,90.61,109.35,160.57,103.57,83.72,67.32,85.54,115.7,145.83,158.62,27.43,29.66,55.06,158.56,51.01,167.25,49.79,13.03,101.48,129.58,72.21,117.54,37.21,41.75,71.35,126.06,37.78,162.51,25.82,20.98,70.6,87.17,33.27,104.82,41.5,111.97,83.67,90.15,30.07,99.21,45.12,47.49,107.48,93.14,150.57,169.8,102.81,143.15,34.5,24.25,88.98,41.69,147.76,24.56,47.31,137.6,58.8,149.49,76.68,100.28,16.5,133.58,136.76,53.26,124.15,31.91,93.25,95.63,107.01,138.29,59.95,165.14,88.47,144.04,171.72,154.06,22.66,33.74,64.06,159.61,141.61,87.54,69.88,92.07,125.56,40.45,38.84,0.0,86.18,41.32,82.21,93.53,116.55,142.76,11.73,35.97,115.78,132.22,29.25,27.69,41.1,128.61,23.8,17.36,79.76,137.79,141.3,8.8,40.24,23.24,22.4,104.46,136.5,35.74,20.2,25.98,23.77,25.97,119.58,93.13,88.26,81.42,71.79,89.39,98.87,84.63,34.98,31.15,45.94,48.18,67.23,60.65,56.6,64.58,59.95,44.43,59.14,56.99,39.09,33.9,38.08,37.45,65.66,52.81,59.35,44.58,74.51,61.63,63.45,25.7,130.96,108.32,175.1,176.32,166.63,158.82,153.89,142.13,142.37,136.91,47.95,56.2,53.26,53.92,40.15,18.22,24.32,23.57,65.65,67.23,40.48,40.66,41.73,28.78,39.96,46.51,51.74,48.77,54.73,64.12,80.43,59.54,58.12,63.93,66.61,65.79,82.28,85.05,71.08,77.3,85.77,93.73,96.09,100.17,98.3,89.68,83.7,81.59,57.18,85.5,103.22,107.69,102.61,106.14,95.67,99.81,86.17,107.54,108.61,85.26,81.79,72.94,86.28,65.85,124.36,129.16,159.29,103.73,108.67,89.88,99.78,130.96,135.66,119.82,122.49,111.8,131.85,126.55,115.22,147.96,125.39,143.94,140.88,151.44,150.55,149.78,153.1,159.25,174.54,181.28,153.24,155.03,151.8,165.73,162.01,157.69,160.03,160.25,156.84,179.28,164.18,169.61,189.5,173.98,183.99,190.05,191.57,205.84,190.58,211.84,178.17,165.6,170.42,178.6,152.85,174.65,169.33,170.53,180.2,177.54,183.49,158.55,163.53,175.46,199.26,162.16,172.0,180.08,188.38,195.08,205.91,196.24,194.42,159.9,166.32,175.52,177.16,189.18,182.38,223.07
109.1,110.77,136.83,79.16,113.51,122.46,107.79,132.19,85.35,28.9,74.25,38.13,78.63,108.4,131.34,100.82,70.3,144.91,64.66,75.49,45.58,13.25,73.53,103.95,120.3,50.64,120.13,25.54,66.44,33.09,13.64,116.73,5.6,69.9,182.2,124.84,36.15,139.25,127.6,120.9,103.84,51.54,120.88,107.94,7.52,38.88,78.07,126.57,51.42,69.37,71.21,100.97,76.09,96.67,91.77,29.61,108.33,66.94,106.35,149.32,75.23,29.56,40.66,114.64,29.13,80.67,80.07,212.35,58.18,156.23,60.7,128.19,17.01,59.49,60.28,80.7,199.1,30.52,73.93,117.71,205.67,22.52,96.75,136.63,97.89,63.98,130.82,44.5,129.65,36.47,40.37,47.14,175.66,44.58,38.79,67.73,22.37,161.96,145.56,44.36,30.5,99.81,112.6,106.81,64.74,35.01,112.54,129.26,121.23,128.03,76.65,16.28,78.77,34.91,71.52,53.21,107.4,24.15,76.46,61.57,93.17,84.58,71.56,148.85,19.37,58.72,183.06,119.74,190.21,24.77,48.98,108.31,177.45,45.39,125.73,45.8,171.39,104.54,123.77,41.13,97.13,112.75,104.56,50.88,119.94,101.74,102.8,125.55,91.58,137.04,103.46,154.92,54.26,94.74,67.99,81.54,131.51,78.13,82.49,171.49,10.43,34.81,73.61,29.76,119.11,42.45,105.95,107.03,108.04,100.9,111.98,142.31,90.28,95.58,165.78,16.13,7.49,79.54,47.46,117.09,86.18,0.0,58.73,26.76,45.45,70.33,96.54,79.85,114.64,194.45,86.01,107.92,106.36,119.77,82.39,102.48,96.03,8.36,91.57,95.08,87.48,118.91,101.91,101.08,33.75,90.28,54.26,98.87,104.65,67.68,64.32,198.25,171.8,166.93,160.09,131.92,151.42,177.54,163.3,114.77,109.83,124.61,126.85,145.9,139.32,135.28,143.25,138.62,123.11,137.82,135.66,117.76,112.57,116.75,116.13,144.33,131.48,138.02,123.26,153.18,140.3,142.13,72.62,209.63,186.99,253.77,254.99,245.3,237.49,232.56,220.8,221.05,215.58,54.82,45.25,47.95,48.61,93.82,60.63,56.96,70.75,35.17,21.27,44.14,53.42,56.84,50.39,48.02,125.18,124.49,108.9,99.12,124.25,140.56,119.67,91.54,96.62,82.28,35.89,28.67,47.7,41.17,36.35,44.82,52.78,49.87,59.22,57.35,15.31,9.09,13.68,16.72,80.05,57.0,61.48,56.39,59.92,10.82,19.16,27.63,22.9,38.87,52.5,49.04,40.19,50.25,33.09,43.72,82.94,113.07,65.66,70.6,56.61,61.71,92.89,97.59,81.75,84.42,73.73,67.12,61.82,50.49,81.77,73.91,61.14,66.49,105.22,104.33,103.56,106.89,113.03,128.32,135.06,88.51,90.3,88.93,127.66,123.94,119.62,121.96,100.68,93.44,133.06,117.96,123.39,143.28,127.76,137.77,143.83,145.35,159.62,105.08,142.28,108.62,68.51,73.34,92.44,86.66,75.0,76.17,100.98,110.65,120.92,126.86,112.33,117.31,129.24,153.04,115.95,125.78,133.86,142.16,148.86,159.69,150.02,148.2,95.18,101.59,110.79,112.43,124.46,117.66,176.85
64.24,85.15,91.97,112.21,68.65,141.29,126.63,151.02,144.1,82.92,93.08,48.23,33.77,127.23,86.48,146.93,89.13,100.05,122.06,50.13,64.41,65.31,111.84,122.79,139.13,91.41,88.05,42.06,43.82,42.52,71.04,135.56,63.0,48.98,137.34,79.97,54.98,158.09,82.74,139.73,122.67,25.27,76.02,63.08,63.51,46.52,96.9,145.4,103.81,21.37,26.35,143.12,114.4,51.81,137.89,52.83,127.16,104.34,125.18,168.15,44.3,83.57,21.39,133.47,83.6,139.43,137.47,167.49,104.3,111.37,42.39,83.33,44.33,116.89,74.26,99.53,154.24,32.16,106.09,72.85,160.81,37.64,115.58,155.46,116.73,15.97,85.96,33.8,84.79,93.87,94.39,17.61,130.8,63.42,99.75,133.38,76.39,117.1,100.7,58.35,88.51,118.64,131.43,61.95,24.29,27.87,131.37,84.4,140.06,83.17,31.79,74.29,102.39,45.02,90.35,12.76,76.26,44.17,98.87,13.56,135.32,39.72,46.2,103.99,59.98,18.27,138.2,74.88,145.35,56.48,62.97,63.45,132.59,17.94,80.87,103.19,126.53,123.38,142.61,98.52,115.96,67.88,59.7,97.0,75.08,120.57,57.94,80.69,110.41,92.18,122.3,110.06,73.09,49.88,106.39,109.57,86.65,96.97,57.13,126.63,68.44,92.2,131.0,32.76,137.95,61.28,152.07,164.43,126.88,56.04,67.12,97.45,132.42,114.42,120.92,42.7,64.89,98.37,13.26,72.23,41.32,58.73,0.0,54.83,102.92,89.17,115.38,35.14,69.92,149.73,104.84,63.2,61.65,75.05,101.23,57.76,51.31,52.38,110.41,113.92,42.76,74.2,57.19,56.36,91.22,109.12,6.4,54.16,59.93,22.96,19.9,153.53,127.08,122.21,115.37,106.26,123.34,132.83,118.58,69.45,65.11,79.89,82.14,101.19,94.61,90.56,98.54,93.91,78.39,93.1,90.94,73.04,67.85,72.03,71.41,99.61,86.76,93.31,78.54,108.47,95.58,97.41,27.91,164.91,142.27,209.06,210.27,200.58,192.77,187.85,176.08,176.33,170.86,20.57,38.33,25.88,26.54,65.57,42.64,45.47,30.57,38.27,39.85,32.02,19.17,49.95,38.89,29.71,80.46,85.7,83.24,89.2,98.6,114.9,94.02,92.59,98.4,101.08,38.41,54.9,57.67,43.7,49.92,58.39,66.35,68.71,72.79,70.92,62.3,56.32,69.22,63.71,119.97,75.84,80.31,75.23,78.76,68.29,72.43,58.79,80.16,96.33,93.48,90.01,81.17,94.5,74.07,96.98,101.78,131.91,111.96,116.89,98.1,108.0,139.19,143.89,128.04,130.71,120.02,124.59,119.29,107.96,120.58,98.01,116.56,113.5,124.06,123.17,122.4,125.72,131.87,147.16,153.9,145.98,147.77,146.4,173.95,170.23,165.92,168.25,158.15,150.91,151.9,136.8,142.23,162.12,146.6,156.61,162.67,164.19,178.46,163.2,184.46,150.79,138.22,143.04,151.22,125.47,147.27,141.95,143.15,152.82,150.16,156.11,131.17,136.15,148.08,171.88,134.79,144.62,152.7,161.0,167.7,178.53,168.86,167.04,152.65,159.06,168.26,169.9,181.93,175.13,195.69
105.13,126.05,132.86,78.59,109.54,107.67,93.0,117.4,110.48,33.81,59.46,23.22,74.66,93.61,127.37,123.56,55.51,140.94,86.46,86.61,30.79,16.19,78.22,89.17,105.51,74.92,128.94,15.36,76.62,20.38,36.38,101.94,28.34,81.02,178.23,120.87,21.36,124.47,123.63,106.11,89.05,61.75,116.91,103.97,31.8,19.73,63.28,111.78,74.16,65.41,67.24,109.5,80.78,92.7,114.51,18.0,93.54,70.72,91.56,134.53,85.19,34.46,37.43,99.85,51.87,105.8,101.87,208.38,80.92,152.26,58.12,124.22,21.05,81.29,41.45,65.91,195.13,20.34,72.47,113.74,201.7,16.96,81.96,121.84,83.11,60.01,126.85,48.55,125.68,59.21,45.27,43.18,171.7,29.8,50.63,72.64,27.27,157.99,141.59,25.54,39.4,85.02,97.81,102.84,60.77,31.04,97.75,125.29,106.44,124.06,72.68,25.17,68.77,20.01,56.73,49.24,117.15,9.07,65.25,57.6,101.7,80.61,82.68,144.88,10.87,54.75,179.09,115.77,186.24,7.37,30.16,104.34,173.48,41.42,121.76,67.63,167.42,89.76,108.99,63.87,82.34,108.78,100.59,73.62,115.97,86.95,98.84,121.58,76.79,133.07,88.68,150.95,39.47,90.77,72.77,75.95,127.54,63.34,93.61,167.52,19.33,57.55,95.41,24.2,104.33,27.66,128.69,128.83,93.26,96.93,108.01,138.34,98.8,80.8,161.81,14.59,23.03,64.75,43.49,113.12,82.21,26.76,54.83,0.0,68.19,55.6,81.81,76.71,111.49,191.3,71.27,104.77,103.22,116.62,67.66,99.33,92.88,24.2,76.84,80.35,84.33,115.77,98.77,97.93,54.75,75.55,51.12,95.73,101.51,64.54,61.18,195.11,168.65,163.79,156.94,147.83,164.92,174.4,160.15,111.02,106.68,121.46,123.71,142.76,136.18,132.13,140.11,135.48,119.96,134.67,132.51,114.62,109.42,113.6,112.98,141.18,128.34,134.88,120.11,150.04,137.15,138.98,69.48,206.49,183.84,250.63,251.85,242.15,234.34,229.42,217.65,217.9,212.43,51.68,42.11,44.81,45.47,102.61,79.68,61.01,67.61,29.64,25.4,48.18,50.27,65.49,54.43,66.75,122.03,127.27,124.81,130.77,140.17,156.47,135.59,115.82,120.9,106.56,25.7,17.07,32.78,30.98,17.33,25.79,33.75,35.14,40.19,38.32,34.11,28.13,37.96,35.52,104.33,42.27,46.74,41.66,45.19,33.56,24.07,16.02,31.8,60.67,76.78,79.51,64.47,72.99,57.38,48.62,68.21,98.34,88.4,93.34,79.35,84.45,115.63,120.33,104.49,107.16,96.47,88.92,83.62,72.29,87.01,64.44,66.05,71.4,90.48,89.6,88.83,92.15,98.3,113.59,120.33,110.31,112.1,110.73,150.4,146.68,142.36,144.7,122.48,115.24,118.32,103.22,108.66,128.55,113.03,123.03,129.1,130.62,144.89,129.63,150.89,117.22,73.42,78.24,117.65,91.9,79.91,81.08,109.58,119.25,116.59,122.54,97.6,102.58,114.51,138.31,101.21,111.05,119.13,127.43,134.13,144.96,135.29,133.47,116.98,123.39,132.59,134.23,146.26,139.46,162.12
116.36,80.28,144.09,94.37,109.05,139.51,124.84,149.24,86.85,44.12,89.36,84.94,103.46,125.45,138.6,59.3,110.26,152.17,37.08,90.18,87.01,54.67,88.75,121.0,137.34,20.57,89.64,69.66,81.13,77.21,34.05,133.78,40.07,84.59,165.12,132.09,77.58,156.3,134.86,137.95,120.89,77.89,128.14,112.74,42.35,80.31,97.39,143.62,7.25,99.86,100.85,97.22,91.3,107.63,50.26,71.04,107.31,82.16,123.4,166.37,89.92,36.32,84.78,131.69,20.61,82.18,52.49,181.4,16.67,140.43,59.6,135.45,61.13,24.74,101.71,106.96,168.15,74.64,89.15,124.97,174.72,66.64,112.64,153.68,114.94,94.46,138.08,69.88,136.91,11.01,25.85,91.27,152.8,86.01,19.73,69.24,44.61,139.21,140.44,85.79,31.21,116.86,129.65,90.97,84.51,79.13,129.59,136.52,138.28,135.29,96.62,45.73,93.98,81.73,107.43,93.23,76.91,70.79,91.67,100.31,90.59,105.13,86.25,141.98,60.8,85.72,160.19,127.0,161.54,66.2,90.41,117.51,154.58,89.51,132.99,15.21,148.52,121.59,140.82,10.54,113.01,120.0,98.56,9.37,127.2,117.63,104.98,132.81,108.63,144.3,120.51,134.93,95.69,102.0,83.2,96.76,138.77,104.39,97.18,148.62,51.86,17.39,46.03,73.88,136.16,83.88,64.43,79.46,112.92,110.57,119.24,137.18,105.49,112.63,142.91,60.25,48.92,106.46,91.58,124.35,93.53,45.45,102.92,68.19,0.0,100.1,113.67,95.14,121.47,163.9,109.52,114.75,113.2,126.6,99.52,109.31,102.86,52.46,108.7,112.21,94.31,125.74,108.74,107.91,14.84,107.41,98.36,105.7,111.48,100.16,96.81,175.89,149.44,151.53,127.98,101.43,120.93,155.07,140.82,84.28,104.8,131.44,133.68,152.73,146.15,142.11,150.08,145.45,129.94,144.65,142.49,124.59,119.4,121.65,116.36,151.16,138.31,127.36,130.09,147.42,147.13,117.55,105.11,179.08,155.46,223.22,224.44,214.75,206.94,202.01,190.25,190.49,185.03,98.92,89.35,92.05,92.71,95.42,75.31,71.65,88.78,79.27,65.38,74.88,88.05,55.74,65.07,74.37,100.6,94.0,78.41,68.63,93.76,110.07,89.18,61.05,66.13,51.79,79.99,70.08,94.49,85.27,77.76,86.22,94.19,91.28,100.63,98.76,54.87,48.65,39.98,56.28,49.56,98.41,102.88,97.8,101.33,39.87,52.97,69.04,38.19,18.99,22.01,15.24,20.59,8.71,27.97,42.62,110.06,130.2,24.13,29.06,15.07,20.17,51.35,56.06,40.21,42.88,32.19,39.58,34.28,22.95,97.04,89.19,76.42,81.77,121.15,120.26,120.69,124.01,130.16,145.45,152.19,60.97,62.76,61.39,86.12,82.4,78.09,80.42,73.14,65.9,150.19,135.09,140.52,160.41,144.89,154.9,160.96,162.48,176.75,77.54,118.02,97.56,64.81,69.64,90.2,76.45,76.51,77.68,97.23,106.9,117.17,123.12,128.26,134.44,146.37,170.17,131.88,142.91,150.99,159.29,165.99,176.82,167.15,165.33,67.64,74.05,83.25,84.89,96.92,90.12,193.98
139.47,160.38,167.2,23.26,143.88,52.35,37.68,62.08,55.15,55.92,8.21,56.83,109.0,38.29,161.71,155.48,9.94,175.28,117.08,120.95,36.07,59.76,22.9,33.84,50.18,116.76,163.28,57.01,110.96,53.99,79.95,46.61,71.91,115.35,212.57,155.2,34.99,69.14,157.97,50.79,33.72,96.09,151.25,138.31,75.37,48.09,7.95,56.45,106.09,99.74,101.58,54.17,25.45,127.04,146.44,43.22,38.22,15.39,36.24,79.2,119.53,65.08,71.76,44.53,94.16,50.48,132.49,242.72,112.85,186.6,113.21,158.56,67.65,111.91,53.72,10.59,229.47,60.06,17.15,148.08,236.04,63.56,26.64,66.52,27.78,94.35,161.19,104.62,160.02,91.14,75.89,77.51,206.03,29.38,81.26,44.43,61.26,192.33,175.93,42.5,82.96,29.69,42.49,137.18,95.11,65.38,42.43,159.63,51.12,158.4,107.02,68.74,13.44,53.61,7.57,83.58,151.49,55.66,9.92,91.94,46.37,114.95,117.02,179.22,54.43,89.09,213.43,150.11,220.58,56.5,44.65,138.68,207.82,75.76,156.1,98.25,201.76,34.43,53.66,95.8,27.01,143.11,134.93,105.55,150.31,31.63,133.17,155.92,21.47,167.41,33.35,185.29,16.82,125.11,17.45,20.62,161.88,8.02,127.95,201.86,62.89,92.01,126.03,67.91,49.0,32.27,160.62,126.83,37.93,131.27,142.35,172.68,43.48,25.47,196.15,61.18,66.59,9.43,77.83,147.46,116.55,70.33,89.17,55.6,100.1,0.0,31.16,110.07,144.85,224.67,20.63,138.14,136.58,149.99,17.01,132.69,126.25,70.52,26.19,29.7,117.69,149.13,132.13,131.29,90.6,24.9,84.48,129.09,134.87,97.9,94.54,228.47,202.02,197.15,190.3,181.19,198.28,207.76,193.51,144.39,140.04,154.83,157.07,176.12,169.54,165.49,173.47,168.84,153.32,168.03,165.88,147.98,142.79,146.97,146.34,174.55,161.7,168.24,153.47,183.4,170.51,172.34,102.84,239.85,217.21,283.99,285.21,275.52,267.7,262.78,251.02,251.26,245.79,85.04,75.47,78.17,78.83,135.97,113.04,115.87,100.97,72.93,74.51,102.42,83.63,120.35,109.29,100.11,155.4,160.63,158.17,164.14,173.53,189.84,168.95,167.53,173.34,153.14,63.31,45.05,66.4,64.39,45.35,48.02,50.51,40.17,56.95,52.62,80.44,74.46,81.31,81.85,150.91,23.47,27.95,21.7,22.29,76.91,52.45,48.93,75.15,96.52,123.36,116.59,107.82,110.06,100.72,84.47,17.56,47.69,125.48,130.41,116.42,121.52,152.7,157.41,141.56,144.23,133.54,124.77,119.47,108.14,36.36,13.77,32.34,29.28,39.84,38.95,38.18,41.51,47.65,62.94,69.68,146.16,140.09,146.58,187.47,183.75,179.44,151.33,158.33,151.09,67.68,52.58,58.01,77.9,62.38,72.39,78.45,79.97,94.24,78.98,100.24,66.57,54.0,58.82,67.0,41.25,63.05,57.73,58.93,68.6,65.94,71.89,46.95,51.93,63.86,87.66,50.57,60.4,68.48,76.78,83.48,94.31,84.64,82.82,134.92,128.88,129.45,117.67,142.47,137.54,111.47
165.68,186.59,193.4,26.93,170.09,28.4,13.73,35.83,58.82,69.49,32.53,83.03,135.2,14.34,187.92,169.05,36.15,201.49,130.64,147.15,62.28,85.96,31.26,25.62,23.94,130.32,189.49,83.22,137.16,80.19,106.16,22.67,98.12,141.56,238.78,181.41,61.19,51.05,184.18,24.54,15.63,122.29,177.46,164.52,101.58,74.29,23.52,30.21,119.65,125.95,127.79,57.84,37.25,153.24,144.41,69.42,41.88,39.71,10.0,58.2,145.74,78.65,97.97,20.58,107.73,54.14,130.78,268.92,126.42,212.8,139.41,184.77,93.86,125.48,79.93,20.25,255.68,86.27,24.92,174.28,262.24,89.77,30.3,55.4,7.84,120.55,187.4,130.82,186.22,104.71,89.46,103.72,232.24,55.59,94.82,56.23,74.82,218.54,202.14,68.7,109.17,21.48,18.54,163.38,121.31,91.59,18.48,185.83,24.88,184.61,133.23,94.95,19.62,79.82,33.78,109.78,177.7,81.87,34.24,118.14,50.04,141.16,143.23,205.42,80.64,115.29,239.64,176.32,246.79,82.71,70.86,164.89,234.03,101.97,182.31,111.82,227.96,7.38,42.55,109.36,23.53,169.32,161.14,119.12,176.51,31.57,159.38,182.13,14.98,193.62,9.41,211.5,43.03,151.32,31.01,24.29,188.08,28.58,154.15,228.07,89.1,105.57,124.32,94.12,25.06,58.47,162.74,130.49,41.59,157.48,168.56,198.88,47.14,17.25,222.36,87.39,92.8,33.11,104.03,173.66,142.76,96.54,115.38,81.81,113.67,31.16,0.0,136.31,171.1,250.91,14.61,164.38,162.82,176.23,15.47,158.94,152.49,96.76,9.31,6.56,143.94,175.37,158.37,157.54,98.74,10.42,110.72,155.33,161.11,124.14,120.78,254.71,228.26,223.39,216.55,207.44,224.52,234.0,219.76,170.63,166.29,181.07,183.31,202.36,195.78,191.74,199.71,195.08,179.57,194.28,192.12,174.22,169.03,173.21,172.59,200.79,187.94,194.48,179.72,209.64,196.76,198.59,129.08,266.09,243.45,310.23,311.45,301.76,293.95,289.02,277.26,277.51,272.04,111.28,101.71,104.41,105.07,162.21,139.28,142.11,127.21,99.17,100.75,128.66,109.88,146.59,135.54,126.35,181.64,186.88,184.42,190.38,199.78,216.08,195.19,170.54,175.62,161.28,89.56,71.29,92.64,90.63,71.59,74.27,76.75,66.41,83.19,78.86,106.68,100.7,107.55,108.09,159.05,49.71,54.19,47.94,48.53,103.15,78.7,75.18,101.39,104.65,131.5,124.72,130.07,118.2,126.97,92.61,36.62,20.01,133.61,138.55,124.56,129.66,160.84,165.54,149.7,152.37,141.68,132.91,127.61,116.28,42.73,36.77,40.48,37.41,26.19,32.87,7.02,13.66,19.81,29.75,42.01,144.81,138.8,139.48,177.21,173.49,177.82,150.04,156.98,149.74,36.52,21.42,26.85,46.75,31.22,41.23,41.52,48.81,63.08,77.69,98.95,65.28,60.37,65.19,65.71,47.62,61.76,56.44,57.64,56.99,60.02,63.29,41.03,29.06,47.97,64.79,34.89,37.53,45.61,53.91,60.61,70.07,53.48,51.66,133.63,127.59,128.16,116.38,141.18,136.26,77.88
34.65,55.57,62.38,133.34,39.06,162.42,147.75,172.15,165.22,104.05,114.21,69.36,8.45,148.36,56.9,140.52,110.26,70.46,130.96,26.52,85.54,86.43,132.97,143.91,160.26,85.0,58.47,63.19,14.02,63.65,92.16,156.69,84.13,19.18,107.76,50.39,76.11,179.21,53.15,160.86,143.8,36.05,46.43,33.49,84.64,67.65,118.03,166.53,97.4,27.48,10.08,164.24,135.52,22.22,131.48,73.96,148.29,125.47,146.31,189.28,14.5,104.7,42.51,154.6,97.56,160.55,145.1,137.9,97.88,81.78,35.97,53.75,65.46,118.61,95.39,120.66,124.65,53.29,127.22,43.26,131.22,58.77,136.71,176.59,137.85,22.08,56.37,37.08,55.2,104.95,115.51,38.74,101.22,84.54,110.96,154.51,97.51,87.51,71.11,79.47,109.64,139.77,152.56,32.36,33.63,49.0,152.5,54.81,161.19,53.59,8.49,95.41,123.51,66.14,111.48,31.14,46.68,65.29,119.99,31.72,156.45,9.99,22.59,74.4,81.11,27.2,108.61,45.29,115.76,77.61,84.09,33.87,103.0,39.06,51.28,109.09,96.94,144.5,163.73,104.42,137.09,38.3,30.12,90.58,45.49,141.7,28.36,51.1,131.54,62.59,143.42,80.47,94.22,20.29,127.52,130.7,57.06,118.09,33.52,97.04,89.57,108.61,139.9,53.89,159.07,82.41,145.65,173.33,148.0,26.45,37.53,67.86,153.55,135.54,91.33,63.82,86.01,119.5,34.38,42.64,11.73,79.85,35.14,76.71,95.14,110.07,136.31,0.0,40.76,120.57,125.97,34.04,32.48,45.89,122.35,28.6,22.15,73.51,131.53,135.04,13.6,45.03,28.03,27.2,106.07,130.24,29.48,24.99,30.77,17.52,19.71,124.37,97.92,93.05,86.21,77.1,94.18,103.66,89.42,40.29,35.95,50.73,52.97,72.02,65.44,61.4,69.37,64.74,49.23,63.94,61.78,43.88,38.69,42.87,42.25,70.45,57.6,64.14,49.38,79.3,66.42,68.25,19.44,135.75,113.11,179.89,181.11,171.42,163.61,158.68,146.92,147.17,141.7,41.69,59.45,47.0,47.66,41.76,19.83,25.93,25.18,59.39,60.97,42.6,34.4,43.33,30.39,39.92,51.3,56.54,54.08,60.04,69.44,85.74,64.85,63.43,69.24,71.92,59.54,76.02,78.8,64.82,71.05,79.51,87.47,89.83,93.91,92.04,83.42,77.44,83.2,58.79,90.81,96.96,101.44,96.35,99.88,89.41,93.55,79.91,101.28,110.22,86.86,83.4,74.55,87.89,67.46,118.1,122.9,153.03,105.34,110.28,91.48,101.39,132.57,137.27,121.43,124.1,113.41,133.46,128.16,116.83,141.7,119.13,137.68,134.62,145.18,144.29,143.52,146.85,152.99,168.28,175.03,154.85,156.64,153.41,167.34,163.62,159.3,161.64,161.86,158.45,173.02,157.92,163.35,183.24,167.72,177.73,183.8,185.31,199.58,184.32,205.58,171.92,159.34,164.16,172.34,146.59,168.39,163.07,164.27,173.94,171.28,177.23,152.29,157.27,169.21,193.0,155.91,165.75,173.82,182.12,188.82,199.65,189.98,188.16,161.51,167.92,177.13,178.77,190.79,183.99,216.81
10.42,72.58,49.45,168.12,50.73,197.2,182.53,206.93,200.01,138.83,148.99,104.14,48.59,183.14,32.75,166.84,145.04,46.32,157.28,52.84,120.32,121.21,167.75,178.69,195.04,111.32,70.14,97.97,40.34,98.43,126.95,191.47,118.91,45.5,94.82,18.2,110.89,214.0,21.4,195.64,178.58,62.26,33.5,45.16,116.32,102.43,152.81,201.31,123.72,62.26,45.98,199.03,170.31,33.89,157.8,108.74,183.07,160.25,181.09,224.06,40.22,139.48,77.3,189.38,123.89,195.33,171.43,124.97,124.21,68.85,62.3,17.74,100.24,144.94,130.17,155.44,111.72,88.07,162.0,10.65,118.29,93.55,171.49,211.37,172.63,56.86,24.62,63.41,19.68,131.28,143.41,73.52,88.29,119.33,137.28,189.29,132.29,74.58,58.18,114.26,144.42,174.55,187.34,49.37,57.59,83.78,187.28,23.83,195.97,20.75,41.75,130.2,158.3,100.93,146.26,65.93,63.69,100.07,154.78,66.5,191.23,54.54,48.92,61.47,115.89,61.99,95.68,13.11,102.83,112.39,118.87,30.56,90.07,73.84,38.35,135.41,84.01,179.29,198.52,130.74,171.87,29.5,41.79,116.91,13.73,176.48,40.03,20.57,166.32,49.66,178.21,67.54,129.0,31.96,162.3,165.48,26.53,152.87,59.84,84.11,124.35,134.94,166.23,88.67,193.86,117.19,171.98,199.66,182.78,33.15,16.03,54.93,188.33,170.33,78.4,98.6,120.79,154.28,69.17,29.18,35.97,114.64,69.92,111.49,121.47,144.85,171.1,40.76,0.0,111.69,160.64,22.72,31.05,30.36,157.02,27.17,23.49,108.18,166.2,169.72,29.23,7.08,25.39,25.76,132.78,164.92,64.16,19.05,18.62,52.19,54.39,115.49,89.04,84.17,77.32,89.93,85.3,94.78,80.53,56.34,46.56,18.65,21.13,47.45,41.34,37.3,38.72,34.09,33.57,33.28,31.13,41.24,36.04,53.49,52.87,53.27,48.72,55.26,49.27,70.42,57.53,77.27,54.12,126.87,104.23,171.01,172.23,162.54,154.72,149.8,138.04,138.28,132.81,76.37,94.13,81.67,82.33,59.84,46.54,52.64,51.89,94.06,95.64,68.8,69.08,70.05,57.1,68.29,61.92,67.16,70.13,76.09,82.26,99.09,77.68,79.48,85.29,87.97,94.21,110.7,113.47,99.49,105.72,114.18,122.15,124.5,128.59,126.72,118.09,112.12,109.91,85.5,106.86,131.63,136.11,131.03,134.56,124.09,128.22,114.58,135.96,136.93,113.58,110.11,101.27,114.6,94.17,152.78,157.57,187.71,132.06,136.99,118.2,128.1,159.28,163.99,148.14,150.81,140.12,160.17,154.87,143.54,176.38,153.8,172.36,169.29,179.85,178.96,178.2,181.52,187.67,202.96,209.7,181.56,183.35,180.12,194.05,190.33,186.02,188.35,188.57,185.16,207.69,192.59,198.03,217.92,202.39,212.4,218.47,219.99,234.25,218.99,240.25,206.59,194.01,198.84,207.02,181.27,203.07,197.74,198.94,208.62,205.95,211.9,186.96,191.94,203.88,227.67,190.58,200.42,208.5,216.79,223.5,234.32,224.66,222.84,188.23,194.64,203.84,205.48,217.51,210.71,251.48
106.19,100.56,61.36,247.93,100.89,277.01,262.35,286.74,279.82,204.1,228.8,183.95,128.4,262.96,89.11,209.27,224.85,79.3,199.71,132.66,200.13,201.03,247.57,258.51,274.85,150.1,90.92,177.78,120.15,178.24,194.04,271.28,198.72,125.32,17.12,99.87,190.71,293.81,117.78,275.45,258.39,142.07,77.38,91.66,188.14,182.24,232.62,281.12,166.15,142.07,125.79,278.84,250.12,113.7,200.23,188.55,262.88,240.06,260.91,303.87,120.03,196.3,157.11,269.19,180.59,275.15,213.86,18.76,166.64,47.88,142.11,118.37,180.05,187.37,209.98,235.25,5.51,167.88,241.81,107.88,12.08,173.36,251.3,291.18,252.45,136.67,106.22,143.22,119.82,173.71,185.84,153.33,25.01,199.14,179.71,269.1,212.11,37.52,60.66,194.07,191.19,254.36,267.15,119.27,137.41,163.59,267.09,93.79,275.78,118.21,121.56,210.01,238.11,180.74,226.07,145.74,100.84,179.89,234.59,146.32,271.04,134.35,128.73,49.43,195.7,141.8,13.11,109.92,6.44,192.2,198.69,87.82,17.04,153.66,69.19,177.84,32.32,259.1,278.33,173.18,251.68,84.76,111.68,159.34,110.11,256.29,106.89,88.94,246.13,57.97,258.02,42.38,208.81,103.05,242.11,245.29,92.09,232.69,139.65,27.59,204.16,177.37,208.66,168.49,273.67,197.0,214.41,242.09,262.6,103.23,94.52,53.46,268.15,250.14,33.13,178.42,200.61,234.09,148.98,79.77,115.78,194.45,149.73,191.3,163.9,224.67,250.91,120.57,111.69,0.0,240.89,99.66,114.23,84.51,237.28,110.35,102.48,188.43,246.46,249.97,109.48,108.22,94.81,108.94,174.82,245.17,144.41,99.69,98.64,132.44,134.64,48.55,40.25,58.97,45.07,72.27,53.05,27.25,35.87,108.22,117.12,106.92,116.16,74.54,82.29,84.79,103.47,98.83,87.84,98.03,95.87,77.42,82.61,74.04,82.51,72.96,65.69,66.79,75.43,54.86,68.93,77.13,134.37,16.45,12.1,60.59,61.81,52.11,44.3,39.38,27.61,27.86,22.39,156.62,174.38,161.92,162.59,122.4,126.79,132.89,132.15,174.32,175.9,149.05,149.33,150.3,137.35,148.54,89.12,95.29,93.58,108.31,78.22,66.84,83.22,111.7,117.51,120.19,174.46,190.95,193.72,179.75,185.97,194.43,202.4,204.76,208.84,206.97,198.35,192.37,181.35,165.76,139.35,211.88,216.36,211.28,214.81,199.85,208.48,194.83,198.17,178.98,145.8,152.16,154.2,156.64,161.58,202.61,237.83,267.96,174.1,179.04,150.43,170.14,201.33,206.03,190.19,192.86,182.17,202.21,196.91,185.58,256.63,234.05,252.61,249.54,260.1,259.22,258.45,261.77,267.92,283.21,289.95,223.6,225.39,222.16,236.09,212.5,190.93,230.39,230.61,227.21,287.94,272.84,278.28,298.17,282.64,292.65,298.72,300.24,314.51,240.17,320.5,286.84,227.45,232.27,287.27,261.52,283.32,278.0,279.2,288.87,286.21,292.15,267.21,272.2,284.13,307.93,270.83,280.67,288.75,297.05,303.75,314.58,304.91,303.09,230.27,236.68,245.88,247.52,259.55,252.75,331.74
155.14,176.06,182.87,22.78,159.56,40.71,26.05,50.45,54.67,65.34,21.59,72.5,124.67,26.66,177.39,164.9,25.62,190.96,126.5,136.62,51.75,75.43,27.11,19.15,38.55,126.18,178.96,72.69,126.63,69.66,95.62,34.98,87.59,131.03,228.25,170.88,50.66,61.92,173.65,39.16,26.5,111.76,166.93,153.99,91.04,63.76,19.37,44.82,115.5,115.42,117.25,53.69,33.1,142.71,140.26,58.89,37.73,28.76,24.61,71.98,135.2,74.5,87.44,32.9,103.58,50.0,126.64,258.39,122.27,202.27,128.88,174.24,83.32,121.33,69.39,7.12,245.15,75.74,20.77,163.75,251.71,79.23,26.15,59.29,20.55,110.02,176.87,120.29,175.69,100.56,85.31,93.19,221.71,45.06,90.67,52.08,70.67,208.0,191.61,58.17,98.64,15.0,30.86,152.85,110.78,81.06,30.8,175.3,39.49,174.08,122.7,84.42,15.48,69.29,21.52,99.25,167.17,71.34,23.29,107.61,45.89,130.63,132.69,194.89,70.11,104.76,229.1,165.78,236.25,72.17,60.33,154.36,223.5,91.44,171.78,107.67,217.43,22.8,46.43,105.21,20.4,158.79,150.61,114.97,165.98,31.14,148.85,171.6,16.45,183.08,21.72,200.96,32.5,140.78,26.86,20.14,177.55,14.45,143.62,217.53,78.57,101.43,120.17,83.59,37.37,47.94,158.59,126.35,37.45,146.95,158.02,188.35,43.0,10.78,211.82,76.86,82.27,20.55,93.5,163.13,132.22,86.01,104.84,71.27,109.52,20.63,14.61,125.97,160.64,240.89,0.0,155.18,153.62,167.02,11.78,149.73,143.29,87.56,12.95,12.99,134.73,166.17,149.17,148.33,95.05,5.74,101.52,146.13,151.91,114.94,111.58,245.51,219.06,214.19,207.34,198.23,215.32,224.8,210.55,161.43,157.08,171.87,174.11,193.16,186.58,182.53,190.51,185.88,170.36,185.07,182.92,165.02,159.82,164.01,163.38,191.59,178.74,185.28,170.51,200.44,187.55,189.38,119.88,256.89,234.25,301.03,302.25,292.56,284.74,279.82,268.06,268.3,262.83,102.08,92.51,95.21,95.87,153.01,130.08,132.91,118.01,89.97,91.55,119.46,100.67,137.39,126.33,117.15,172.44,177.67,175.21,181.18,190.57,206.88,185.99,166.85,171.93,157.59,80.35,62.09,83.43,81.43,62.39,65.06,67.55,57.21,73.99,69.66,97.47,91.5,98.35,98.88,155.36,40.51,44.99,38.74,39.33,93.95,69.49,65.97,92.19,100.97,127.81,121.03,126.39,114.51,117.76,88.92,19.65,31.27,129.93,134.86,120.87,125.97,157.15,161.86,146.01,148.68,137.99,129.22,123.92,112.59,39.04,26.47,36.79,33.73,31.9,29.94,21.76,28.4,34.55,46.52,53.27,141.12,135.11,135.79,173.52,169.8,174.13,146.36,153.29,146.05,51.26,36.16,41.59,61.48,45.96,55.97,62.04,63.55,77.82,74.0,95.26,61.6,56.68,61.5,62.02,43.93,58.08,52.75,53.95,63.62,58.0,63.95,39.01,39.95,51.88,75.68,45.78,48.42,56.5,64.8,71.5,82.33,68.22,66.4,129.94,123.9,124.48,112.69,137.49,132.57,99.49
16.86,58.32,41.64,161.4,33.44,190.48,175.82,200.21,193.29,132.11,142.27,97.42,41.87,176.43,26.68,160.12,138.32,40.25,150.56,46.13,113.6,114.5,161.04,171.98,188.32,104.61,52.85,91.25,33.62,91.71,120.23,184.75,112.19,38.79,87.02,17.59,104.18,207.28,32.21,188.92,171.86,55.54,25.7,27.87,109.6,95.71,146.09,194.59,117.0,55.54,39.26,192.31,163.59,27.17,151.08,102.02,176.35,153.53,174.38,217.34,33.5,132.76,70.58,182.66,117.17,188.62,164.71,117.16,117.49,61.04,55.58,32.8,93.52,138.22,123.45,148.72,103.92,81.35,155.28,22.32,110.48,86.83,164.77,204.65,165.92,50.14,35.43,56.69,34.26,124.56,136.69,66.8,80.48,112.61,130.56,182.57,125.58,66.77,50.38,107.54,137.7,167.83,180.62,35.11,50.88,77.06,180.56,18.2,189.25,32.64,35.03,123.48,151.58,94.21,139.54,59.21,49.43,93.36,148.06,59.79,184.51,47.82,42.2,53.66,109.17,55.27,87.87,24.35,95.02,105.67,112.16,16.49,82.27,67.13,30.55,128.69,76.2,172.57,191.8,124.03,165.15,17.56,27.52,110.19,24.54,169.76,22.74,14.5,159.6,41.85,171.49,59.73,122.28,18.89,155.58,158.76,20.45,146.16,53.12,76.3,117.63,128.22,159.51,81.96,187.14,110.47,165.26,192.94,176.07,19.08,7.73,47.12,181.62,163.61,70.59,91.89,114.08,147.56,62.45,21.9,29.25,107.92,63.2,104.77,114.75,138.14,164.38,34.04,22.72,99.66,155.18,0.0,24.74,25.03,150.71,20.85,17.18,101.87,159.89,163.4,22.92,23.41,10.66,19.45,126.47,158.6,57.84,11.67,8.85,45.87,48.07,103.51,77.06,72.19,65.35,73.31,73.32,82.81,68.56,42.76,32.98,29.11,31.35,41.32,35.21,31.16,32.59,27.96,28.37,27.15,25.0,26.51,21.32,36.88,36.25,47.13,36.74,43.29,37.29,58.44,45.56,65.3,47.8,114.89,92.25,159.04,160.25,150.56,142.75,137.82,126.06,126.31,120.84,70.05,87.81,75.36,76.02,46.26,40.23,46.33,45.58,87.75,89.33,62.49,62.76,63.74,50.79,61.97,45.31,50.54,56.54,62.51,65.65,87.11,61.07,65.9,71.71,74.39,87.9,104.38,107.16,93.18,99.41,107.87,115.83,118.19,122.27,120.4,111.78,105.8,103.6,79.19,93.28,125.32,129.8,124.71,128.24,117.77,121.91,108.27,129.64,130.62,108.09,103.8,94.95,108.29,87.86,146.46,151.26,181.39,125.74,130.68,112.71,121.79,152.97,157.67,141.83,144.5,133.81,153.86,148.56,137.23,170.06,147.49,166.04,162.98,173.54,172.65,171.88,175.21,181.35,196.64,203.39,175.25,177.04,173.81,187.74,184.02,179.7,182.04,182.26,178.85,201.38,186.28,191.71,211.6,196.08,206.09,212.16,213.67,227.94,212.68,233.94,200.28,187.7,192.52,200.7,174.95,196.75,191.43,192.63,202.3,199.64,205.59,180.65,185.63,197.57,221.36,184.27,194.11,202.18,210.48,217.18,228.01,218.34,216.52,181.91,188.33,197.53,199.17,211.19,204.39,245.17
25.56,64.31,56.21,159.85,40.52,188.93,174.26,198.66,191.74,130.56,140.72,95.87,40.31,174.87,50.73,158.57,136.77,64.3,149.01,44.57,112.05,112.94,159.48,170.42,186.77,103.05,59.93,89.7,32.07,90.16,118.68,183.2,110.64,37.23,101.59,41.29,102.62,205.72,44.06,187.37,170.31,53.99,40.27,34.95,108.05,94.16,144.54,193.04,115.45,53.99,37.71,190.75,162.04,25.62,149.53,100.47,174.8,151.98,172.82,215.79,31.94,131.21,69.02,181.11,115.62,187.06,163.16,131.73,115.94,75.61,54.02,44.65,91.97,136.67,121.9,147.17,118.49,79.8,153.73,34.17,125.05,85.28,163.22,203.1,164.36,48.59,47.28,55.14,46.1,123.01,135.13,65.25,95.05,111.05,129.01,181.02,124.02,81.35,64.95,105.98,136.15,166.28,179.07,41.1,49.32,75.51,179.01,45.71,187.7,44.49,33.48,121.92,150.02,92.66,137.99,57.65,55.42,91.8,146.5,58.23,182.96,46.27,40.64,68.23,107.62,53.72,102.44,36.2,109.59,104.12,110.6,27.7,96.84,65.57,45.12,127.14,90.77,171.01,190.24,122.47,163.6,32.13,33.51,108.64,36.39,168.21,29.82,42.01,158.05,56.42,169.93,74.3,120.73,21.75,154.03,157.21,47.96,144.6,51.57,90.87,116.08,126.67,157.96,80.4,185.58,108.92,163.7,191.39,174.51,27.91,28.44,61.69,180.06,162.05,85.16,90.33,112.52,146.01,60.89,36.47,27.69,106.36,61.65,103.22,113.2,136.58,162.82,32.48,31.05,114.23,153.62,24.74,0.0,39.27,148.32,11.13,14.5,99.47,157.5,161.01,20.53,35.62,21.41,5.29,124.08,156.21,55.45,15.52,21.36,43.48,45.68,117.76,91.3,86.43,79.59,81.22,87.56,97.05,82.8,47.64,37.86,41.32,43.56,65.41,58.83,54.78,59.96,55.33,42.61,54.52,52.36,37.26,32.07,44.78,44.16,63.83,50.98,57.53,42.76,72.69,59.8,70.16,45.41,129.13,106.49,173.28,174.49,164.8,156.99,152.07,140.3,140.55,135.08,67.66,85.42,72.97,73.63,51.14,37.84,43.93,43.19,85.36,86.94,60.1,60.37,61.34,48.39,59.58,53.21,58.45,61.42,67.39,73.56,89.86,68.98,70.78,76.59,79.27,85.5,101.99,104.76,90.79,97.02,105.48,113.44,115.8,119.88,118.01,109.39,103.41,101.21,76.8,98.16,122.93,127.41,122.32,125.85,115.38,119.52,105.88,127.25,128.23,104.87,101.41,92.56,105.9,85.46,144.07,148.87,179.0,123.35,128.29,109.49,119.4,150.58,155.28,139.44,142.11,131.42,151.46,146.16,134.84,167.67,145.1,163.65,160.59,171.15,170.26,169.49,172.82,178.96,194.25,200.99,172.86,174.65,171.42,185.35,181.63,177.31,179.65,179.87,176.46,198.99,183.89,189.32,209.21,193.69,203.7,209.76,211.28,225.55,210.29,231.55,197.88,185.31,190.13,198.31,172.56,194.36,189.04,190.24,199.91,197.25,203.2,178.26,183.24,195.17,218.97,181.88,191.71,199.79,208.09,214.79,225.62,215.95,214.13,179.52,185.93,195.14,196.78,208.8,202.0,242.78
31.51,67.79,26.49,173.25,42.92,202.33,187.67,212.06,205.14,143.96,154.12,109.27,53.72,188.27,12.29,171.97,150.17,25.85,162.41,57.97,125.45,126.34,172.88,183.83,200.17,116.45,62.32,103.1,45.47,103.56,132.08,196.6,124.04,50.64,71.86,15.87,116.02,219.13,28.33,200.77,183.71,67.39,10.54,37.35,121.45,107.56,157.94,206.44,128.85,67.39,51.11,204.16,175.44,39.02,162.93,113.87,188.2,165.38,186.22,229.19,45.35,144.61,82.43,194.51,129.02,200.46,176.56,102.01,129.34,45.89,67.43,40.44,105.37,150.07,135.3,160.57,88.76,93.2,167.13,26.4,95.33,98.68,176.62,216.5,177.77,61.99,22.22,68.54,39.51,136.41,148.54,78.65,65.32,124.46,142.41,194.42,137.43,51.62,35.22,119.39,149.55,179.68,192.47,44.59,62.73,88.91,192.41,9.79,201.1,40.27,46.88,135.33,163.43,106.06,151.39,71.06,58.9,105.21,159.91,71.63,196.36,59.67,54.05,38.51,121.02,67.12,72.72,25.0,79.87,117.52,124.0,21.15,67.11,78.98,15.39,140.54,61.04,184.42,203.65,135.88,177.0,10.08,37.0,122.04,32.18,181.61,32.21,10.88,171.45,26.7,183.34,44.58,134.13,28.37,167.43,170.61,8.09,158.0,64.97,61.15,129.48,140.07,171.36,93.8,198.99,122.32,177.11,204.79,187.92,28.55,16.59,31.96,193.46,175.46,55.44,103.74,125.93,159.41,74.3,6.21,41.1,119.77,75.05,116.62,126.6,149.99,176.23,45.89,30.36,84.51,167.02,25.03,39.27,0.0,162.75,35.82,27.95,113.91,171.93,175.44,34.96,31.05,20.28,34.42,138.51,170.64,69.88,25.17,24.12,57.91,60.11,89.07,62.62,57.75,50.91,78.11,58.88,68.36,54.12,52.37,42.6,23.68,38.99,26.93,20.82,16.77,20.22,15.59,8.36,14.79,12.63,24.85,26.04,46.49,45.87,32.74,19.39,28.85,22.85,44.0,28.21,50.85,59.84,100.45,77.81,144.59,145.81,136.12,128.31,123.38,111.62,111.87,106.4,82.09,99.85,87.4,88.06,55.88,52.27,58.37,57.62,99.79,101.37,74.53,74.8,75.78,62.83,74.01,54.92,60.16,66.16,72.12,75.27,72.67,70.69,75.52,81.32,84.01,99.94,116.42,119.2,105.22,111.45,119.91,127.87,130.23,134.31,132.44,123.82,117.84,115.64,91.23,102.89,137.36,141.84,136.75,140.28,129.81,133.95,120.31,141.68,142.66,117.7,115.84,106.99,120.33,99.9,158.5,163.3,193.43,137.78,142.72,122.32,133.83,165.01,169.71,153.87,156.54,145.85,165.9,160.6,149.27,182.1,159.53,178.08,175.02,185.58,184.69,183.92,187.25,193.39,208.68,215.43,187.29,189.08,185.85,199.78,196.06,191.74,194.08,194.3,190.89,213.42,198.32,203.75,223.64,208.12,218.13,224.2,225.71,239.98,224.72,245.98,212.32,199.74,204.56,212.74,186.99,208.79,203.47,204.67,214.34,211.68,217.63,192.69,197.67,209.61,233.4,196.31,206.15,214.22,222.52,229.22,240.05,230.38,228.56,193.95,200.37,209.57,211.21,223.23,216.43,257.21
151.53,172.44,179.25,12.78,155.94,41.57,26.9,51.3,44.67,55.34,18.38,68.88,121.05,27.51,173.77,154.9,22.0,187.34,116.5,133.0,48.13,71.82,17.11,23.07,39.41,116.17,175.34,69.07,123.01,66.04,92.01,35.84,83.97,127.41,224.63,167.26,47.05,58.37,170.03,40.01,22.95,108.14,163.31,150.37,87.43,60.14,9.37,45.68,105.5,111.8,113.64,43.69,23.1,139.09,130.26,55.27,27.73,25.56,25.46,68.43,131.59,64.5,83.82,33.75,93.58,39.99,116.63,254.77,112.27,198.66,125.26,170.62,79.71,111.33,65.78,17.0,241.53,72.12,10.77,160.13,248.1,75.62,16.15,55.74,17.01,106.41,173.25,116.68,172.07,90.56,75.31,89.57,218.09,41.44,80.67,42.08,60.67,204.39,187.99,54.56,95.02,18.92,31.71,149.23,107.16,77.44,31.65,171.68,40.34,170.46,119.08,80.8,5.47,65.67,19.63,95.64,163.55,67.72,20.09,103.99,35.89,127.01,129.08,191.28,66.49,101.14,225.49,162.17,232.64,68.56,56.71,150.74,219.88,87.82,168.16,97.67,213.81,23.66,42.89,95.21,16.53,155.17,146.99,104.97,162.36,21.14,145.23,167.98,10.69,179.47,22.58,197.35,28.88,137.17,16.86,10.14,173.93,14.43,140.0,213.92,74.95,91.42,110.17,79.97,38.23,44.32,148.59,116.34,27.45,143.33,154.41,184.73,32.99,14.7,208.21,73.24,78.65,18.96,89.88,159.51,128.61,82.39,101.23,67.66,99.52,17.01,15.47,122.35,157.02,237.28,11.78,150.71,148.32,162.75,0.0,149.07,142.63,86.9,9.18,12.69,134.07,165.51,148.51,147.67,88.88,7.89,100.86,145.47,151.25,114.28,110.92,244.85,218.4,213.53,206.68,197.57,214.66,224.14,209.89,160.77,156.42,171.21,173.45,192.5,185.92,181.87,189.85,185.22,169.7,184.41,182.26,164.36,159.16,163.35,162.72,190.93,178.08,184.62,169.85,199.78,186.89,188.72,119.22,256.23,233.59,300.37,301.59,291.9,284.08,279.16,267.4,267.64,262.17,101.42,91.85,94.55,95.21,152.35,129.42,132.25,117.35,89.31,90.89,118.8,100.01,136.73,125.67,116.49,171.78,177.01,174.55,180.52,189.91,206.22,185.33,160.68,165.75,151.41,79.69,61.43,82.77,80.77,61.73,64.4,66.89,56.55,73.33,69.0,96.81,90.84,97.69,98.22,149.18,39.85,44.33,38.08,38.67,93.29,68.83,65.31,91.53,94.79,121.64,114.86,120.21,108.34,117.1,82.74,26.76,30.68,123.75,128.69,114.7,119.79,150.98,155.68,139.84,142.51,131.82,123.04,117.74,106.42,32.86,26.91,30.61,27.55,25.72,23.76,21.17,24.5,30.64,45.93,52.68,134.95,128.94,129.61,167.34,163.63,167.96,140.18,147.11,139.87,50.67,35.57,41.0,60.89,45.37,55.38,61.45,62.96,77.23,67.83,89.08,55.42,50.5,55.33,55.85,37.76,51.9,46.58,47.78,57.45,51.82,57.77,32.83,34.92,46.86,70.65,40.75,43.4,51.47,59.77,66.47,77.3,67.63,65.81,123.77,117.72,118.3,106.52,131.32,126.39,94.46
21.67,60.42,52.32,155.96,36.64,185.04,170.37,194.77,187.85,126.67,136.83,91.98,36.43,170.98,46.84,154.68,132.88,60.41,145.12,40.68,108.16,109.05,155.59,166.53,182.88,99.16,56.04,85.81,28.18,86.27,114.79,179.31,106.75,33.34,97.7,37.4,98.73,201.84,40.17,183.48,166.42,50.1,36.38,31.07,104.16,90.27,140.65,189.15,111.56,50.1,33.82,186.87,158.15,21.73,145.64,96.58,170.91,148.09,168.93,211.9,28.06,127.32,65.14,177.22,111.73,183.17,159.27,127.84,112.05,71.73,50.14,40.76,88.08,132.78,118.01,143.28,114.6,75.91,149.84,30.28,121.17,81.39,159.33,199.21,160.47,44.7,43.39,51.25,42.22,119.12,131.25,61.36,91.16,107.17,125.12,177.13,120.13,77.46,61.06,102.1,132.26,162.39,175.18,37.21,45.43,71.62,175.12,41.83,183.81,40.6,29.59,118.04,146.14,88.77,134.1,53.77,51.53,87.91,142.62,54.34,179.07,42.38,36.76,64.34,103.73,49.83,98.56,32.31,105.71,100.23,106.71,23.81,92.95,61.68,41.23,123.25,86.88,167.13,186.36,118.58,159.71,28.24,29.63,104.75,32.51,164.32,25.93,38.12,154.16,52.54,166.05,70.42,116.84,17.87,150.14,153.32,44.08,140.71,47.68,86.99,112.19,122.78,154.07,76.51,181.7,105.03,159.82,187.5,170.62,24.03,24.55,57.8,176.17,158.17,81.28,86.44,108.63,142.12,57.01,32.58,23.8,102.48,57.76,99.33,109.31,132.69,158.94,28.6,27.17,110.35,149.73,20.85,11.13,35.82,149.07,0.0,10.52,95.5,153.53,157.04,16.55,31.65,17.44,5.85,120.1,152.24,51.48,11.55,17.38,39.51,41.71,113.78,87.33,82.46,75.62,77.25,83.59,93.07,78.83,43.66,33.89,37.34,39.59,61.43,54.85,50.81,55.99,51.36,38.64,50.55,48.39,33.29,28.1,40.81,40.19,59.86,47.01,53.55,38.79,68.71,55.83,66.19,41.44,125.16,102.52,169.3,170.52,160.83,153.02,148.09,136.33,136.58,131.11,63.69,81.45,68.99,69.66,47.17,33.86,39.96,39.22,81.39,82.97,56.12,56.4,57.37,44.42,55.61,49.24,54.48,57.45,63.41,69.59,85.89,65.01,66.81,72.62,75.3,81.53,98.02,100.79,86.82,93.04,101.5,109.47,111.83,115.91,114.04,105.42,99.44,97.24,72.83,94.18,118.95,123.43,118.35,121.88,111.41,115.55,101.9,123.28,124.26,100.9,97.44,88.59,101.92,81.49,140.1,144.9,175.03,119.38,124.32,105.52,115.42,146.61,151.31,135.47,138.14,127.45,147.49,142.19,130.86,163.7,141.12,159.68,156.61,167.17,166.28,165.52,168.84,174.99,190.28,197.02,168.88,170.67,167.44,181.37,177.65,173.34,175.67,175.89,172.49,195.01,179.91,185.35,205.24,189.71,199.72,205.79,207.31,221.57,206.32,227.57,193.91,181.34,186.16,194.34,168.59,190.39,185.07,186.27,195.94,193.28,199.22,174.28,179.27,191.2,215.0,177.9,187.74,195.82,204.12,210.82,221.65,211.98,210.16,175.55,181.96,191.16,192.8,204.83,198.03,238.81
17.99,51.14,44.46,149.51,28.28,178.59,163.93,188.32,181.4,120.22,130.38,85.53,29.98,164.54,38.98,148.24,126.43,52.54,138.67,34.24,101.71,102.61,149.15,160.09,176.43,92.72,47.69,79.36,21.73,79.82,108.34,172.86,100.3,26.9,89.83,33.73,92.29,195.39,36.5,177.03,159.97,43.65,28.51,22.71,97.71,83.83,134.2,182.7,105.12,43.65,27.37,180.42,151.7,12.45,139.19,90.13,164.46,141.64,162.49,205.45,21.61,120.87,58.69,170.77,105.28,176.73,152.82,119.98,105.6,63.86,43.69,37.09,81.63,126.33,111.56,136.83,106.73,69.46,143.4,26.6,113.3,74.94,152.88,192.76,154.03,38.25,39.72,44.8,38.54,112.67,124.8,54.91,83.3,100.72,118.68,170.68,113.69,69.59,53.19,95.65,125.81,155.94,168.73,27.93,38.99,65.17,168.67,38.15,177.36,36.93,23.14,111.59,139.69,82.32,127.65,47.32,42.25,81.47,136.17,47.9,172.62,35.93,30.31,56.48,97.28,43.38,90.69,28.63,97.84,93.78,100.27,15.95,85.08,55.24,33.36,116.81,79.02,160.68,179.91,112.14,153.26,20.38,20.35,98.3,28.83,157.87,17.58,34.45,147.71,44.67,159.6,62.55,110.39,9.51,143.69,146.87,34.78,134.27,41.24,79.12,105.74,116.33,147.62,70.07,175.25,98.58,153.37,181.05,164.18,15.67,20.88,49.94,169.73,151.72,73.41,80.0,102.19,135.67,50.56,24.72,17.36,96.03,51.31,92.88,102.86,126.25,152.49,22.15,23.49,102.48,143.29,17.18,14.5,27.95,142.63,10.52,0.0,89.46,147.49,151.0,10.51,28.16,9.93,9.48,114.06,146.2,45.44,8.12,13.9,33.47,35.67,106.27,79.82,74.95,68.11,68.06,76.08,85.56,71.32,35.48,25.7,33.85,36.1,53.92,47.34,43.29,46.75,42.12,31.13,41.31,39.15,25.78,20.59,31.62,31.0,52.35,39.5,46.04,31.27,61.2,48.32,57.0,35.4,117.65,95.01,161.79,163.01,153.32,145.51,140.58,128.82,129.06,123.6,57.65,75.41,62.96,63.62,38.98,27.82,33.92,33.18,75.35,76.93,50.08,50.36,51.33,38.38,49.57,40.05,45.29,49.27,55.23,60.4,76.7,55.81,58.62,64.43,67.11,75.49,91.98,94.75,80.78,87.0,95.46,103.43,105.79,109.87,108.0,99.38,93.4,91.2,66.79,86.0,112.92,117.39,112.31,115.84,105.37,109.51,95.87,117.24,118.22,94.86,91.4,82.55,95.88,75.45,134.06,138.86,168.99,113.34,118.28,99.48,109.38,140.57,145.27,129.43,132.1,121.41,141.45,136.15,124.82,157.66,135.08,153.64,150.57,161.13,160.25,159.48,162.8,168.95,184.24,190.98,162.84,164.63,161.4,175.33,171.62,167.3,169.64,169.85,166.45,188.97,173.87,179.31,199.2,183.68,193.68,199.75,201.27,215.54,200.28,221.54,187.87,175.3,180.12,188.3,162.55,184.35,179.03,180.23,189.9,187.24,193.18,168.24,173.23,185.16,208.96,171.86,181.7,189.78,198.08,204.78,215.61,205.94,204.12,169.51,175.92,185.12,186.76,198.79,191.99,232.77
102.68,117.8,130.41,86.18,107.09,122.87,108.2,132.6,92.38,35.93,74.66,31.71,72.21,108.81,124.93,107.85,70.7,138.5,71.69,69.07,45.99,20.28,80.56,104.36,120.7,57.67,126.5,19.13,60.02,26.67,20.67,117.13,12.63,63.48,175.79,118.42,36.56,139.66,121.19,121.31,104.25,45.12,114.47,101.52,14.55,30.0,78.47,126.97,58.45,62.96,64.79,124.69,83.12,90.25,98.8,34.41,108.74,73.97,106.76,149.72,68.82,36.59,34.24,115.05,36.16,87.7,87.1,205.93,65.21,149.81,47.66,121.78,10.59,66.52,58.8,81.11,192.69,24.1,80.96,111.29,199.25,16.11,97.16,137.04,98.3,57.56,124.4,38.08,123.23,43.5,47.4,40.73,169.25,44.99,45.82,74.76,29.4,155.54,139.14,42.89,37.53,100.21,113.01,100.39,58.32,28.6,112.95,122.84,121.64,121.62,70.24,23.31,83.96,28.5,71.92,46.79,114.71,17.74,80.44,55.15,116.89,78.17,65.15,142.43,26.4,52.3,176.64,113.32,183.79,25.1,47.51,101.9,171.03,38.98,119.32,52.82,164.97,104.95,124.18,48.16,97.53,106.33,98.15,57.91,113.52,102.15,96.39,119.14,91.99,130.62,103.87,148.5,54.67,88.32,75.02,91.14,125.09,78.54,76.07,165.07,17.46,41.84,80.64,23.34,119.52,42.86,112.98,114.06,108.45,94.49,105.56,135.89,114.0,95.99,159.36,9.72,14.52,79.95,41.04,110.67,79.76,8.36,52.38,24.2,52.46,70.52,96.76,73.51,108.18,188.43,87.56,101.87,99.47,113.91,86.9,95.5,89.46,0.0,92.04,95.55,81.06,112.5,95.49,94.66,40.78,90.75,47.85,92.46,98.23,61.26,57.91,191.84,165.38,160.51,153.67,121.54,161.65,171.13,156.88,107.75,103.41,118.19,120.44,139.49,132.91,128.86,136.84,132.21,116.69,131.4,129.24,111.34,106.15,110.33,109.71,137.91,125.07,131.61,116.84,146.77,133.88,135.71,66.21,203.22,180.57,247.36,248.58,238.88,231.07,226.15,214.38,214.63,209.16,48.41,38.84,41.54,42.2,78.26,54.21,50.55,64.33,28.76,14.86,37.72,47.0,63.87,43.97,41.61,118.76,124.0,98.52,106.15,113.88,130.18,109.29,98.57,103.65,89.31,29.47,35.7,41.28,34.75,34.53,42.99,50.96,50.34,57.4,55.53,16.71,10.73,20.71,18.12,87.08,57.47,61.94,56.86,60.39,17.85,26.19,34.66,29.93,45.9,59.53,56.07,47.22,57.28,40.12,50.75,83.41,113.54,72.69,77.63,63.64,68.74,99.92,104.62,88.78,91.45,80.76,74.15,68.85,57.52,88.79,79.64,68.17,73.52,105.68,104.8,104.03,107.35,113.5,128.79,135.53,95.54,97.33,95.96,134.69,130.97,126.65,128.99,107.71,100.47,133.52,118.42,123.86,143.75,128.23,138.23,144.3,145.82,160.09,112.11,166.09,132.42,75.54,80.37,99.47,93.69,82.03,83.2,124.78,134.45,131.79,137.74,112.8,117.78,129.71,153.51,116.41,126.25,134.33,142.63,149.33,160.16,150.49,148.67,102.21,108.62,117.82,119.46,131.49,124.69,177.32
160.71,181.62,188.44,21.96,165.12,35.41,20.75,45.14,53.85,64.52,27.56,78.07,130.24,21.36,182.95,164.08,31.18,196.52,125.68,142.18,57.31,81.0,26.29,23.83,33.25,125.35,184.52,78.25,132.2,75.22,101.19,29.68,93.15,136.59,233.81,176.44,56.23,49.44,179.21,33.85,14.02,117.33,172.49,159.55,96.61,69.32,18.55,39.52,114.68,120.98,122.82,52.87,32.28,148.28,139.44,64.46,36.91,34.74,19.3,59.5,140.77,73.68,93.0,27.59,102.76,49.18,125.81,263.96,121.45,207.84,134.44,179.8,88.89,120.51,74.96,18.47,250.71,81.3,19.95,169.32,257.28,84.8,25.33,46.81,8.08,115.59,182.43,125.86,181.26,99.74,84.49,98.75,227.27,50.62,89.85,51.26,69.85,213.57,197.17,63.74,104.2,19.69,25.55,158.41,116.34,86.62,25.49,180.86,34.18,179.64,128.26,89.98,14.65,74.85,28.81,104.82,172.73,76.9,29.27,113.17,45.07,136.19,138.26,200.46,75.67,110.33,234.67,171.35,241.82,77.74,65.89,159.92,229.06,97.0,177.34,106.85,222.99,17.5,33.96,104.39,17.33,164.35,156.17,114.15,171.54,25.37,154.41,177.16,7.68,188.65,16.42,206.53,38.06,146.35,26.04,19.32,183.11,23.61,149.18,223.1,84.13,100.61,119.35,89.15,32.07,53.51,157.77,125.53,36.63,152.51,163.59,193.91,42.17,15.47,217.39,82.42,87.83,28.15,99.06,168.7,137.79,91.57,110.41,76.84,108.7,26.19,9.31,131.53,166.2,246.46,12.95,159.89,157.5,171.93,9.18,153.53,147.49,92.04,0.0,10.29,139.1,170.54,153.54,152.7,93.91,8.73,105.89,150.5,156.28,119.31,115.95,249.88,223.43,218.56,211.71,202.6,219.69,229.17,214.92,165.79,161.45,176.24,178.48,197.53,190.95,186.9,194.88,190.25,174.73,189.44,187.29,169.39,164.19,168.38,167.75,195.96,183.11,189.65,174.88,204.81,191.92,193.75,124.25,261.26,238.62,305.4,306.62,296.93,289.11,284.19,272.43,272.67,267.2,106.45,96.88,99.58,100.24,157.38,134.45,137.28,122.38,94.34,95.92,123.83,105.04,141.76,130.7,121.52,176.81,182.04,179.58,185.55,194.94,211.25,190.36,165.71,170.78,156.44,84.72,66.46,87.8,85.8,66.76,69.43,71.92,61.58,78.36,74.03,101.84,95.87,102.72,103.25,154.21,44.88,49.36,43.11,43.7,98.32,73.86,70.34,96.56,99.82,126.67,119.89,125.24,113.37,122.13,87.77,31.79,26.04,128.78,133.72,119.73,124.82,156.01,160.71,144.87,147.54,136.85,128.07,122.77,111.45,37.89,31.94,35.64,32.58,24.59,26.87,16.53,17.02,23.17,41.29,48.03,139.98,133.97,134.64,172.37,168.66,172.98,145.21,152.14,144.9,37.44,30.92,36.36,58.99,40.72,50.73,56.8,58.32,72.58,72.86,94.11,60.45,55.53,60.36,60.88,42.78,56.93,51.61,52.81,55.38,58.41,61.68,39.42,27.45,39.38,63.18,33.28,35.92,44.0,52.3,59.0,69.83,62.99,61.17,128.8,122.75,123.33,111.55,136.34,131.42,86.99
164.22,185.13,191.95,25.47,168.63,32.95,18.29,42.4,57.36,68.03,31.07,81.58,133.75,18.89,186.46,167.59,34.69,200.03,129.19,145.7,60.82,84.51,29.81,23.87,30.51,128.87,188.03,81.76,135.71,78.74,104.7,27.22,96.66,140.1,237.32,179.95,59.74,59.28,182.72,31.11,23.86,120.84,176.0,163.06,100.12,72.84,22.06,36.78,118.19,124.49,126.33,56.38,35.79,151.79,142.95,67.97,40.42,38.25,16.56,64.76,144.28,77.19,96.51,25.13,106.27,52.69,129.33,267.47,124.96,211.35,137.96,183.31,92.4,124.02,78.47,18.51,254.22,84.81,23.46,172.83,260.79,88.31,28.84,56.66,14.4,119.1,185.94,129.37,184.77,103.25,88.0,102.26,230.78,54.14,93.36,54.77,73.36,217.08,200.68,67.25,107.71,19.73,23.09,161.93,119.86,90.13,23.03,184.38,31.44,183.15,131.77,93.49,18.17,78.36,32.32,108.33,176.24,80.41,32.78,116.69,48.58,139.7,141.77,203.97,79.18,113.84,238.18,174.86,245.33,81.25,69.4,163.43,232.57,100.51,180.85,110.36,226.51,15.04,43.8,107.91,22.07,167.87,159.68,117.66,175.06,30.11,157.92,180.67,15.03,192.16,13.96,210.04,41.57,149.86,29.56,22.83,186.63,27.12,152.7,226.61,87.64,104.12,122.86,92.66,29.61,57.02,161.28,129.04,40.14,156.02,167.1,197.43,45.69,15.51,220.9,85.93,91.34,31.66,102.58,172.21,141.3,95.08,113.92,80.35,112.21,29.7,6.56,135.04,169.72,249.97,12.99,163.4,161.01,175.44,12.69,157.04,151.0,95.55,10.29,0.0,142.61,174.05,157.05,156.21,97.41,8.8,109.4,154.01,159.78,122.81,119.46,253.39,226.93,222.06,215.22,206.11,223.2,232.68,218.43,169.3,164.96,179.74,181.99,201.04,194.46,190.41,198.39,193.76,178.24,192.95,190.79,172.9,167.7,171.88,171.26,199.46,186.62,193.16,178.39,208.32,195.43,197.26,127.76,264.77,242.12,308.91,310.13,300.43,292.62,287.7,275.93,276.18,270.71,109.96,100.39,103.09,103.75,160.89,137.96,140.79,125.89,97.85,99.43,127.34,108.55,145.27,134.21,125.03,180.31,185.55,183.09,189.05,198.45,214.75,193.87,169.22,174.29,159.95,88.23,69.96,91.31,89.31,70.27,72.94,75.43,65.09,81.87,77.53,105.35,99.37,106.23,106.76,157.72,48.39,52.87,46.62,47.2,101.83,77.37,73.85,100.07,103.33,130.18,123.4,128.75,116.88,125.64,91.28,35.3,23.54,132.29,137.23,123.24,128.33,159.52,164.22,148.38,151.05,140.36,131.58,126.28,114.96,41.4,35.44,39.15,36.09,33.5,31.54,13.55,20.19,26.34,38.79,45.53,143.48,137.48,138.15,175.88,172.16,176.49,148.72,155.65,148.41,43.05,27.95,33.38,53.27,37.75,47.76,54.3,55.34,69.61,76.36,97.62,63.96,59.04,63.86,64.39,46.29,60.44,55.11,56.32,65.99,59.6,71.61,40.61,37.37,49.31,73.1,43.2,45.85,53.92,62.22,68.93,76.6,60.01,58.19,132.31,126.26,126.84,115.05,139.85,134.93,96.91
23.73,50.0,51.46,140.96,28.15,170.04,155.37,179.77,172.85,111.67,121.83,76.98,21.43,155.98,45.98,139.68,117.88,59.55,130.12,25.68,93.16,94.05,140.59,151.53,167.88,84.16,47.55,70.81,13.18,71.27,99.79,164.31,91.75,18.34,96.84,39.47,83.73,186.84,42.24,168.48,151.42,35.1,35.52,22.58,89.16,75.27,125.65,174.15,96.56,35.1,18.82,171.86,143.15,11.3,130.64,81.58,155.91,133.09,153.93,196.9,13.05,112.32,50.13,162.22,96.73,168.17,144.27,126.98,97.05,70.86,35.14,42.83,73.08,117.78,103.01,128.28,113.74,60.91,134.84,32.34,120.3,66.39,144.33,184.21,145.47,29.7,45.46,36.25,44.28,104.12,116.24,46.36,90.3,92.17,110.12,162.13,105.13,76.6,60.2,87.1,117.26,147.39,160.18,26.79,30.43,56.62,160.12,43.89,168.81,42.67,14.59,103.04,131.14,73.77,119.1,38.77,41.1,72.91,127.62,39.34,164.07,27.38,21.76,63.48,88.73,34.83,97.7,34.37,104.84,85.23,91.71,22.95,92.09,46.68,40.37,108.25,86.02,152.13,171.36,103.58,144.71,27.38,19.2,89.75,34.57,149.32,17.44,40.19,139.16,51.68,151.05,69.55,101.84,9.38,135.14,138.32,46.14,125.71,32.68,86.12,97.19,107.78,139.07,61.51,166.7,90.03,144.82,172.5,155.62,15.54,26.62,56.94,161.17,143.17,80.42,71.44,93.63,127.12,42.01,31.72,8.8,87.48,42.76,84.33,94.31,117.69,143.94,13.6,29.23,109.48,134.73,22.92,20.53,34.96,134.07,16.55,10.51,81.06,139.1,142.61,0.0,33.39,16.39,15.56,105.97,138.1,37.34,13.35,19.13,25.37,27.57,112.73,86.28,81.41,74.57,67.67,82.54,92.02,77.78,34.08,24.3,39.09,41.33,60.38,53.8,49.75,57.73,53.1,37.59,52.3,50.14,32.24,27.05,31.23,30.61,58.81,45.96,52.5,37.74,67.66,54.78,56.61,27.3,124.11,101.47,168.25,169.47,159.78,151.97,147.04,135.28,135.53,130.06,49.55,67.31,54.86,55.52,41.66,19.73,25.82,25.08,67.25,68.83,41.99,42.26,43.23,30.28,41.47,39.66,44.9,47.87,53.83,60.0,76.31,55.42,57.22,63.03,65.72,67.4,83.88,86.65,72.68,78.91,87.37,95.33,97.69,101.77,99.9,91.28,85.3,83.1,58.69,84.6,104.82,109.3,104.21,107.74,97.27,101.41,87.77,109.14,110.12,86.76,83.3,74.45,87.79,67.35,125.96,130.76,160.89,105.24,110.18,91.38,101.29,132.47,137.17,121.33,124.0,113.31,133.35,128.05,116.73,149.56,126.99,145.54,142.48,153.04,152.15,151.38,154.71,160.85,176.14,182.88,154.75,156.54,153.31,167.24,163.52,159.2,161.54,161.76,158.35,180.88,165.78,171.21,191.1,175.58,185.59,191.65,193.17,207.44,192.18,213.44,179.77,167.2,172.02,180.2,154.45,176.25,170.93,172.13,181.8,179.14,185.09,160.15,165.13,177.06,200.86,163.77,173.6,181.68,189.98,196.68,207.51,197.84,196.02,161.41,167.82,177.03,178.67,190.69,183.89,224.67
11.13,76.86,50.2,172.39,55.01,201.48,186.81,211.21,204.28,143.1,153.27,108.42,52.86,187.42,33.5,171.12,149.31,47.07,161.56,57.12,124.6,125.49,172.03,182.97,199.31,115.6,74.41,102.25,44.62,102.71,131.22,195.74,123.19,49.78,95.57,13.54,115.17,218.27,15.38,199.92,182.85,66.54,34.25,49.44,120.6,106.71,157.08,205.58,128.0,66.53,50.26,203.3,174.58,38.17,162.08,113.02,187.35,164.52,185.37,228.33,44.49,143.76,81.57,193.66,128.17,199.61,175.7,125.72,128.49,69.6,66.57,12.03,104.52,149.22,134.44,159.72,112.47,92.34,166.28,6.41,119.04,97.83,175.77,215.65,176.91,61.14,18.6,67.69,13.97,135.55,147.68,77.8,89.04,123.6,141.56,193.56,136.57,75.33,58.93,118.53,148.69,178.82,191.62,53.65,61.87,88.05,191.56,19.17,200.25,14.89,46.02,134.47,162.57,105.2,150.53,70.2,67.97,104.35,159.05,70.78,195.5,58.82,53.19,62.22,120.16,66.26,96.43,8.44,103.58,116.67,123.15,34.84,90.82,78.12,39.1,139.69,84.76,183.56,202.79,135.02,176.14,33.78,46.06,121.19,7.06,180.76,44.3,21.32,170.6,50.41,182.48,68.29,133.28,36.24,166.58,169.75,27.28,157.15,64.12,84.86,128.63,139.22,170.51,92.95,198.13,121.47,176.25,203.93,187.06,37.42,16.78,55.68,192.61,174.6,79.15,102.88,125.07,158.56,73.44,29.93,40.24,118.91,74.2,115.77,125.74,149.13,175.37,45.03,7.08,108.22,166.17,23.41,35.62,31.05,165.51,31.65,28.16,112.5,170.54,174.05,33.39,0.0,29.69,30.07,137.08,169.22,68.46,23.35,22.92,56.49,58.69,112.88,86.42,81.55,74.71,94.23,82.69,92.17,77.92,60.64,50.87,13.97,14.72,45.86,39.75,35.7,37.13,32.5,34.35,31.69,29.54,45.54,40.34,57.79,57.17,51.67,46.11,52.65,46.66,67.81,54.92,74.66,58.42,124.26,101.61,168.4,169.62,159.92,152.11,147.19,135.42,135.67,130.2,80.67,98.43,85.97,86.63,64.14,50.84,56.94,56.2,98.37,99.94,73.1,73.38,74.35,61.4,72.59,66.22,71.46,74.43,80.39,86.57,96.47,81.98,83.79,89.59,92.28,98.51,115.0,117.77,103.79,110.02,118.48,126.45,128.8,132.89,131.02,122.4,116.42,114.21,89.8,111.16,135.93,140.41,135.33,138.86,128.39,132.52,118.88,140.26,141.23,117.88,114.41,105.57,118.9,98.47,157.08,161.87,192.01,136.36,141.29,122.5,132.4,163.58,168.29,152.44,155.11,144.42,164.47,159.17,147.84,180.68,158.1,176.66,173.59,184.15,183.26,182.5,185.82,191.97,207.26,214.0,185.86,187.65,184.42,198.35,194.63,190.32,192.65,192.87,189.46,211.99,196.89,202.33,222.22,206.69,216.7,222.77,224.29,238.55,223.29,244.55,210.89,198.32,203.14,211.32,185.57,207.37,202.04,203.25,212.92,210.25,216.2,191.26,196.25,208.18,231.97,194.88,204.72,212.8,221.1,227.8,238.62,228.96,227.14,192.53,198.94,208.14,209.78,221.81,215.01,255.78
19.89,48.31,36.79,155.39,23.43,184.47,169.81,194.2,187.28,126.1,136.27,91.42,35.86,170.42,31.3,154.12,132.31,44.87,144.56,40.12,107.59,108.49,155.03,165.97,182.31,102.27,42.83,85.24,27.62,85.7,114.22,178.74,106.18,32.78,82.16,35.63,98.17,201.27,38.39,182.91,165.85,49.54,20.84,17.86,103.59,89.71,140.08,188.58,111.0,49.53,33.25,186.3,157.58,18.8,145.08,96.02,170.34,147.52,168.37,211.33,27.49,126.76,64.57,176.65,111.16,182.61,158.7,112.31,111.48,56.19,49.57,38.98,87.51,132.21,117.44,142.72,99.06,75.34,149.28,28.5,105.63,80.82,158.76,198.64,159.91,44.14,41.61,50.68,40.44,118.55,130.68,60.8,75.62,106.6,124.56,176.56,119.57,61.92,45.52,101.53,131.69,161.82,174.62,25.1,44.87,71.05,174.55,28.8,183.25,38.82,29.02,117.47,145.57,88.2,133.53,53.2,39.42,87.35,142.05,53.78,178.5,41.82,36.19,48.81,103.16,49.26,83.02,30.53,90.17,99.67,106.15,6.92,77.41,61.12,25.69,122.69,71.34,166.56,185.79,118.02,159.14,12.7,17.51,104.18,30.73,163.75,12.73,23.95,153.59,37.0,165.48,54.88,116.27,10.51,149.58,152.75,27.1,140.15,47.12,71.45,111.62,122.21,153.5,75.95,181.13,104.46,159.25,186.93,170.06,9.07,14.36,42.26,175.61,157.6,65.74,85.88,108.07,141.55,56.44,17.05,23.24,101.91,57.19,98.77,108.74,132.13,158.37,28.03,25.39,94.81,149.17,10.66,21.41,20.28,148.51,17.44,9.93,95.49,153.54,157.05,16.39,29.69,0.0,16.49,120.58,152.71,51.95,7.23,9.55,39.98,42.18,98.53,72.07,67.2,60.36,63.21,68.34,77.82,63.57,32.65,22.87,34.61,36.86,46.18,39.6,35.55,39.0,34.37,23.38,33.56,31.41,16.85,11.65,26.77,26.15,44.6,31.76,38.3,22.34,53.46,40.57,52.14,41.91,109.91,87.26,154.05,155.26,145.57,137.76,132.84,121.07,121.32,115.85,64.16,81.92,69.47,70.13,36.15,34.34,40.44,39.69,81.86,83.44,56.6,56.87,57.84,44.9,56.08,35.2,40.43,46.44,52.4,55.54,71.85,50.96,55.79,61.6,64.28,82.01,98.49,101.26,87.29,93.52,101.98,109.94,112.3,116.38,114.51,105.89,99.91,97.71,73.3,83.17,119.43,123.91,118.82,122.35,111.88,116.02,102.38,123.75,124.73,97.98,97.91,89.06,102.4,81.97,140.57,145.37,175.5,119.85,124.79,102.6,115.9,147.08,151.78,135.94,138.61,127.92,147.96,142.66,131.34,164.17,141.6,160.15,157.09,167.65,166.76,165.99,169.32,175.46,190.75,197.49,169.36,171.15,167.92,181.85,178.13,173.81,176.15,176.37,172.96,195.49,180.39,185.82,205.71,190.19,200.2,206.26,207.78,222.05,206.79,228.05,194.38,181.81,186.63,194.81,169.06,190.86,185.54,186.74,196.41,193.75,199.7,174.76,179.74,191.67,215.47,178.38,188.21,196.29,204.59,211.29,222.12,212.45,210.63,176.02,182.43,191.64,193.28,205.3,198.5,239.28
20.27,59.02,50.92,154.56,35.24,183.64,168.97,193.37,186.45,125.27,135.43,90.58,35.02,169.58,45.44,153.28,131.48,59.01,143.72,39.28,106.76,107.65,154.19,165.13,181.48,97.76,54.64,84.41,26.78,84.87,113.39,177.91,105.35,31.94,96.3,36.0,97.33,200.44,38.77,182.08,165.02,48.7,34.98,29.67,102.76,88.87,139.25,187.75,110.16,48.7,32.42,185.46,156.75,20.33,144.24,95.18,169.51,146.69,167.53,210.5,26.65,125.92,63.73,175.82,110.33,181.77,157.87,126.44,110.65,70.32,48.74,39.36,86.68,131.38,116.61,141.88,113.2,74.51,148.44,28.88,119.76,79.99,157.93,197.81,159.07,43.3,41.99,49.85,40.82,117.72,129.84,59.96,89.76,105.77,123.72,175.73,118.73,76.06,59.66,100.7,130.86,160.99,173.78,35.81,44.03,70.22,173.72,40.42,182.41,39.2,28.19,116.64,144.74,87.37,132.7,52.37,50.13,86.51,141.22,52.94,177.67,40.98,35.36,62.94,102.33,48.43,97.16,30.91,104.31,98.83,105.31,22.41,91.55,60.28,39.83,121.85,85.48,165.72,184.96,117.18,158.31,26.84,28.23,103.35,31.1,162.92,24.53,36.72,152.76,51.14,164.65,69.02,115.44,16.46,148.74,151.92,42.68,139.31,46.28,85.59,110.79,121.38,152.67,75.11,180.3,103.63,158.42,186.1,169.22,22.63,23.15,56.4,174.77,156.77,79.88,85.04,107.23,140.72,55.61,31.18,22.4,101.08,56.36,97.93,107.91,131.29,157.54,27.2,25.76,108.94,148.33,19.45,5.29,34.42,147.67,5.85,9.48,94.66,152.7,156.21,15.56,30.07,16.49,0.0,118.79,150.92,50.16,10.24,16.07,38.19,40.39,112.47,86.01,81.14,74.3,75.93,82.28,91.76,77.51,42.35,32.57,36.03,38.27,60.12,53.54,49.49,54.67,50.04,37.32,49.23,47.08,31.98,26.78,39.5,38.87,58.54,45.7,52.24,37.47,67.4,54.51,64.87,40.12,123.85,101.2,167.99,169.21,159.51,151.7,146.78,135.01,135.26,129.79,62.37,80.13,67.68,68.34,45.85,32.55,38.65,37.9,80.07,81.65,54.81,55.08,56.05,43.11,54.29,47.93,53.16,56.14,62.1,68.27,84.58,63.69,65.49,71.3,73.98,80.22,96.7,99.48,85.5,91.73,100.19,108.15,110.51,114.59,112.72,104.1,98.12,95.92,71.51,92.87,117.64,122.12,117.03,120.56,110.09,114.23,100.59,121.96,122.94,99.58,96.12,87.27,100.61,80.18,138.78,143.58,173.71,118.06,123.0,104.2,114.11,145.29,149.99,134.15,136.82,126.13,146.18,140.88,129.55,162.38,139.81,158.36,155.3,165.86,164.97,164.2,167.53,173.67,188.96,195.71,167.57,169.36,166.13,180.06,176.34,172.02,174.36,174.58,171.17,193.7,178.6,184.03,203.92,188.4,198.41,204.48,205.99,220.26,205.0,226.26,192.59,180.02,184.84,193.02,167.27,189.07,183.75,184.95,194.62,191.96,197.91,172.97,177.95,189.88,213.68,176.59,186.43,194.5,202.8,209.5,220.33,210.66,208.84,174.23,180.64,189.85,191.49,203.51,196.71,237.49
127.28,91.2,155.01,79.71,119.97,124.84,110.18,134.57,85.9,29.45,74.7,71.51,114.38,110.79,149.53,70.23,95.59,163.1,31.82,101.1,73.57,41.24,74.08,106.34,122.68,31.5,100.57,57.96,92.05,68.66,22.35,119.11,28.36,95.51,176.04,143.02,64.14,141.64,145.79,123.28,106.22,88.81,139.07,123.66,30.64,66.87,82.72,128.95,20.83,101.79,103.62,101.52,76.64,118.56,61.19,57.6,92.65,67.49,108.74,151.7,100.85,21.65,73.07,117.02,8.91,81.23,47.23,192.32,27.59,151.35,70.53,146.38,49.42,26.65,88.27,92.29,179.08,62.94,74.48,135.89,185.64,54.94,97.97,139.01,100.28,96.39,149.01,80.8,147.83,5.88,11.19,79.56,163.72,72.58,5.07,68.29,29.94,150.14,151.36,72.36,19.5,102.19,114.98,101.9,95.44,67.43,114.92,147.44,123.62,146.22,107.54,34.02,79.32,68.29,92.77,85.62,87.84,57.35,77.01,93.98,93.72,116.06,97.18,152.9,47.36,91.13,171.12,137.92,172.47,52.76,76.97,128.44,165.51,77.81,143.92,12.99,159.45,106.93,126.16,10.54,98.35,130.93,109.48,20.29,138.12,102.96,115.91,143.74,93.96,155.23,105.85,145.85,82.25,112.93,68.54,82.09,149.69,89.73,108.1,159.55,40.15,6.75,40.77,62.17,121.5,70.44,75.36,74.2,98.26,121.5,130.17,148.11,90.83,97.97,153.84,48.55,37.21,91.8,79.87,135.27,104.46,33.75,91.22,54.75,14.84,90.6,98.74,106.07,132.78,174.82,95.05,126.47,124.08,138.51,88.88,120.1,114.06,40.78,93.91,97.41,105.97,137.08,120.58,118.79,0.0,92.68,86.77,116.57,122.35,100.19,96.83,186.76,160.31,162.39,138.85,112.29,131.79,165.93,151.69,95.15,115.67,142.3,144.55,163.6,157.02,152.97,160.95,156.32,140.8,155.51,153.35,135.46,130.26,132.51,127.22,162.02,149.18,138.23,140.95,158.28,157.99,128.41,105.13,189.94,166.32,234.09,235.3,225.61,217.8,212.88,201.11,201.36,195.89,87.33,77.76,80.46,81.12,106.28,86.18,82.51,99.65,67.68,53.78,85.75,85.93,66.6,75.94,85.23,111.46,104.87,89.27,79.49,104.63,120.93,100.05,71.92,76.99,62.65,68.4,56.66,81.07,73.68,64.34,72.81,80.77,77.86,87.21,85.34,43.28,37.06,28.38,44.69,60.42,84.99,89.47,84.38,87.91,28.28,38.25,55.62,26.6,6.03,32.88,26.1,31.45,19.58,38.83,27.9,95.33,115.48,34.99,39.93,25.94,31.03,62.22,66.92,51.08,53.75,43.06,34.28,28.98,17.66,82.32,74.47,61.69,67.05,106.42,105.53,105.97,109.29,115.44,130.73,137.47,55.68,57.47,56.09,96.99,93.27,88.95,76.2,67.84,60.61,135.46,120.36,125.79,145.69,130.16,140.17,146.24,147.75,162.02,72.24,112.73,92.26,59.52,64.34,84.91,87.21,75.55,76.73,101.53,111.2,121.47,127.42,113.53,119.71,131.65,155.44,117.15,128.19,136.26,144.56,151.27,162.09,152.42,150.6,62.34,68.75,77.96,79.6,91.62,84.82,179.25
159.42,180.34,187.15,20.67,163.83,36.52,21.86,46.26,52.56,63.23,26.27,76.78,128.95,22.47,181.66,162.79,29.89,195.23,124.39,140.9,56.02,79.71,25.01,16.62,34.36,124.07,183.23,76.96,130.91,73.94,99.9,30.79,91.86,135.31,232.52,175.16,54.94,57.73,177.92,34.97,22.31,116.04,171.2,158.26,95.32,68.04,17.26,40.63,113.4,119.7,121.53,51.58,30.99,146.99,138.15,63.17,35.62,33.45,20.42,67.79,139.48,72.39,91.72,28.71,101.47,47.89,124.53,262.67,120.16,206.55,133.16,178.51,87.6,119.22,73.67,11.26,249.42,80.02,18.66,168.03,255.99,83.51,24.04,55.1,16.36,114.3,181.14,124.57,179.97,98.45,83.2,97.47,225.99,49.34,88.57,49.97,68.57,212.28,195.88,62.45,102.91,12.48,26.67,157.13,115.06,85.33,26.61,179.58,35.3,178.35,126.97,88.69,13.37,73.56,27.52,103.53,171.44,75.61,27.98,111.89,43.78,134.9,136.97,199.17,74.38,109.04,233.38,170.06,240.53,76.45,64.6,158.63,227.77,95.71,176.05,105.56,221.71,18.61,42.24,103.11,18.29,163.07,154.88,112.86,170.26,29.03,153.13,175.87,12.26,187.36,17.53,205.24,36.77,145.06,24.76,18.03,181.83,22.33,147.9,221.81,82.85,99.32,118.06,87.86,33.18,52.22,156.48,124.24,35.34,151.22,162.3,192.63,40.89,8.26,216.1,81.13,86.55,26.86,97.78,167.41,136.5,90.28,109.12,75.55,107.41,24.9,10.42,130.24,164.92,245.17,5.74,158.6,156.21,170.64,7.89,152.24,146.2,90.75,8.73,8.8,138.1,169.22,152.71,150.92,92.68,0.0,104.9,149.51,155.29,118.32,114.96,248.89,222.44,217.57,210.73,201.62,218.7,228.19,213.94,164.81,160.47,175.25,177.49,196.55,189.96,185.92,193.9,189.27,173.75,188.46,186.3,168.4,163.21,167.39,166.77,194.97,182.12,188.67,173.9,203.82,190.94,192.77,123.27,260.27,237.63,304.41,305.63,295.94,288.13,283.2,271.44,271.69,266.22,105.46,95.89,98.59,99.26,156.4,133.47,136.29,121.39,93.36,94.93,122.85,104.06,140.77,129.72,120.54,175.82,181.06,178.6,184.56,193.96,210.26,189.38,164.72,169.8,155.46,83.74,65.47,86.82,84.82,65.78,68.45,70.93,60.6,77.37,73.04,100.86,94.88,101.74,102.27,153.23,43.9,48.37,42.12,42.71,97.34,72.88,69.36,95.57,98.84,125.68,118.91,124.26,112.38,121.15,86.79,30.81,27.09,127.8,132.73,118.74,123.84,155.02,159.73,143.88,146.55,135.86,127.09,121.79,110.46,36.91,30.95,34.66,31.6,29.77,27.81,17.58,24.22,30.37,42.34,49.08,138.99,132.98,133.66,171.39,167.67,172.0,144.23,151.16,143.92,47.08,31.98,37.41,57.3,41.78,51.79,57.85,59.37,73.64,71.87,93.13,59.47,54.55,59.37,59.89,41.8,55.95,50.62,51.82,61.49,55.87,70.0,36.88,35.77,47.7,71.5,41.6,44.24,52.32,60.62,67.32,78.15,64.04,62.22,127.81,121.77,122.35,110.56,135.36,130.44,95.31
58.66,79.58,86.39,107.74,63.07,136.83,122.16,146.56,139.63,78.45,88.62,43.77,28.19,122.77,80.9,142.47,84.66,94.47,117.59,50.74,59.95,60.84,107.38,118.32,134.66,86.95,82.47,37.6,38.24,38.06,66.57,131.09,58.54,43.4,131.76,74.4,50.52,153.62,77.16,135.27,118.2,20.8,70.44,57.5,59.05,42.06,92.43,140.93,99.35,15.79,20.77,138.65,109.93,46.23,133.43,48.37,122.7,99.87,120.72,163.68,38.72,79.11,16.92,129.01,79.14,134.96,133.0,161.91,99.84,105.79,37.92,77.76,39.87,112.42,69.8,95.07,148.66,27.69,101.63,67.27,155.23,33.18,111.12,151.0,112.26,10.39,80.38,29.33,79.21,89.4,89.92,13.15,125.23,58.95,95.28,128.91,71.92,111.52,95.12,53.88,84.04,114.17,126.97,56.37,19.82,23.4,126.91,78.82,135.6,77.59,26.21,69.82,97.92,40.55,85.88,8.29,70.68,39.7,94.4,7.98,130.85,34.14,46.82,98.41,55.51,13.8,132.62,69.3,139.77,52.02,58.5,57.88,127.01,13.47,75.29,98.73,120.95,118.91,138.14,94.06,111.49,62.31,54.12,92.54,69.5,116.11,52.37,75.11,105.95,86.6,117.83,104.48,68.63,44.3,101.93,105.1,81.07,92.5,57.74,121.05,63.98,87.74,126.54,28.3,133.48,56.82,147.6,159.97,122.41,50.46,61.54,91.87,127.96,109.95,115.34,38.23,60.42,93.91,8.79,66.65,35.74,54.26,6.4,51.12,98.36,84.48,110.72,29.48,64.16,144.41,101.52,57.84,55.45,69.88,100.86,51.48,45.44,47.85,105.89,109.4,37.34,68.46,51.95,50.16,86.77,104.9,0.0,48.51,54.29,17.32,14.26,147.89,121.44,116.57,109.73,100.62,117.7,127.18,112.94,63.81,59.46,74.25,76.49,95.54,88.96,84.91,92.89,88.26,72.75,87.46,85.3,67.4,62.21,66.39,65.77,93.97,81.12,87.66,72.89,102.82,89.94,91.76,22.26,159.27,136.63,203.41,204.63,194.94,187.13,182.2,170.44,170.68,165.22,16.12,33.88,21.42,22.09,65.77,43.83,41.02,26.12,33.82,35.4,27.57,14.71,45.5,34.44,25.26,74.82,80.05,77.6,83.56,92.95,109.26,88.37,86.95,92.76,95.44,33.96,50.45,53.22,39.25,45.47,53.93,61.9,64.26,68.34,66.47,57.85,51.87,64.77,59.26,114.33,71.38,75.86,70.78,74.31,63.84,67.98,54.33,75.71,91.88,89.03,85.56,76.72,90.05,69.62,92.53,97.33,127.46,107.5,112.44,93.65,103.55,134.73,139.43,123.59,126.26,115.57,120.14,114.84,103.51,116.13,93.55,112.11,109.04,119.6,118.72,117.95,121.27,127.42,142.71,149.45,141.53,143.32,141.95,169.5,165.78,161.47,163.8,153.7,146.46,147.44,132.34,137.78,157.67,142.15,152.15,158.22,159.74,174.01,158.75,180.0,146.34,133.77,138.59,146.77,121.02,142.82,137.5,138.7,148.37,145.71,151.65,126.71,131.7,143.63,167.43,130.33,140.17,148.25,156.55,163.25,174.08,164.41,162.59,148.2,154.61,163.81,165.45,177.47,170.67,191.24
13.55,56.82,41.67,152.35,30.11,181.44,166.77,191.17,184.24,123.06,133.23,88.38,32.82,167.38,36.19,151.08,129.27,49.75,141.52,37.08,104.56,105.45,151.99,162.93,179.27,95.56,49.51,82.21,24.58,82.67,111.18,175.7,103.15,29.74,87.04,29.29,95.13,198.23,32.05,179.88,162.82,46.5,25.72,24.54,100.56,86.67,137.04,185.54,107.96,46.49,30.22,183.26,154.54,18.13,142.04,92.98,167.31,144.48,165.33,208.29,24.45,123.72,61.53,173.62,108.13,179.57,155.66,117.19,108.45,61.07,46.53,32.65,84.48,129.18,114.41,139.68,103.94,72.3,146.24,22.16,110.51,77.79,155.73,195.61,156.87,41.1,35.27,47.65,34.1,115.51,127.64,57.76,80.51,103.56,121.52,173.52,116.53,66.8,50.4,98.49,128.65,158.78,171.58,33.61,41.83,68.01,171.52,33.71,180.21,32.48,25.98,114.43,142.53,85.16,130.49,50.16,47.93,84.31,139.01,50.74,175.46,38.78,33.15,53.69,100.12,46.22,87.9,24.19,95.05,96.63,103.11,13.16,82.29,58.08,30.57,119.65,76.23,163.52,182.75,114.98,156.1,17.59,26.02,101.15,24.39,160.72,19.4,30.0,150.56,41.88,162.44,59.76,113.24,11.86,146.54,149.71,31.99,137.11,44.08,76.33,108.59,119.18,150.47,72.91,178.09,101.43,156.21,183.89,167.02,15.74,15.37,47.15,172.57,154.56,70.62,82.84,105.03,138.52,53.4,21.93,20.2,98.87,54.16,95.73,105.7,129.09,155.33,24.99,19.05,99.69,146.13,11.67,15.52,25.17,145.47,11.55,8.12,92.46,150.5,154.01,13.35,23.35,7.23,10.24,116.57,149.51,48.51,0.0,8.24,36.87,39.07,103.48,77.03,72.16,65.31,69.79,73.29,82.77,68.52,41.02,31.24,28.2,30.44,51.13,44.55,40.5,46.84,42.21,28.33,41.41,39.25,22.99,17.79,33.35,32.72,49.56,36.71,43.25,28.48,58.41,45.52,65.26,38.8,114.86,92.22,159.0,160.22,150.52,142.71,137.79,126.02,126.27,120.8,61.05,78.81,66.35,67.01,44.52,31.22,37.32,36.57,78.74,80.32,53.48,53.76,54.73,41.78,52.97,41.78,47.01,54.81,60.77,62.12,87.08,57.54,64.16,69.97,72.65,78.89,95.38,98.15,84.17,90.4,98.86,106.83,109.18,113.27,111.4,102.77,96.8,94.59,70.18,91.54,116.31,120.79,115.71,119.24,108.77,112.9,99.26,120.64,121.61,98.26,94.79,85.95,99.28,78.85,137.46,142.25,172.39,116.74,121.67,102.88,112.78,143.96,148.67,132.82,135.49,124.8,144.85,139.55,128.22,161.05,138.48,157.04,153.97,164.53,163.64,162.88,166.2,172.35,187.64,194.38,166.24,168.03,164.8,178.73,175.01,170.7,173.03,173.25,169.84,192.37,177.27,182.71,202.6,187.07,197.08,203.15,204.67,218.93,203.67,224.93,191.27,178.69,183.52,191.7,165.95,187.75,182.42,183.62,193.3,190.63,196.58,171.64,176.62,188.56,212.35,175.26,185.1,193.18,201.47,208.18,219.0,209.34,207.52,172.91,179.32,188.52,190.16,202.19,195.39,236.16
13.12,57.3,40.62,158.13,32.42,187.21,172.55,196.94,190.02,128.84,139.01,94.16,38.6,173.16,31.49,156.86,135.05,45.06,147.3,42.86,110.33,111.23,157.77,168.71,185.05,101.34,51.83,87.98,30.36,88.44,116.96,181.48,108.92,35.52,86.0,28.86,100.91,204.01,31.62,185.65,168.59,52.28,24.68,26.85,106.33,92.45,142.82,191.32,113.74,52.27,35.99,189.04,160.32,23.9,147.82,98.76,173.08,150.26,171.11,214.07,30.23,129.5,67.31,179.39,113.9,185.35,161.44,116.14,114.22,60.02,52.31,32.22,90.25,134.95,120.18,145.46,102.9,78.08,152.02,21.73,109.46,83.56,161.5,201.38,162.65,46.88,34.84,53.42,33.67,121.29,133.42,63.53,79.46,109.34,127.3,179.3,122.31,65.75,49.36,104.27,134.43,164.56,177.36,34.09,47.61,73.79,177.29,23.02,185.99,32.06,31.76,120.21,148.31,90.94,136.27,55.94,48.41,90.09,144.79,56.52,181.24,44.56,38.93,52.64,105.9,52.0,86.85,23.76,94.0,102.4,108.89,15.47,81.25,63.86,29.53,125.43,75.18,169.3,188.53,120.76,161.88,16.54,26.5,106.92,23.96,166.49,21.72,19.31,156.33,40.83,168.22,58.71,119.01,21.98,152.32,155.49,25.27,142.89,49.86,75.28,114.36,124.95,156.24,78.69,183.87,107.2,161.99,189.67,172.8,18.06,12.54,46.1,178.35,160.34,69.57,88.62,110.81,144.29,59.18,20.88,25.98,104.65,59.93,101.51,111.48,134.87,161.11,30.77,18.62,98.64,151.91,8.85,21.36,24.12,151.25,17.38,13.9,98.23,156.28,159.78,19.13,22.92,9.55,16.07,122.35,155.29,54.29,8.24,0.0,42.59,44.78,102.51,76.05,71.18,64.34,72.31,72.32,81.8,67.55,41.75,31.97,28.55,30.79,46.13,40.02,35.98,37.4,32.77,27.36,31.96,29.81,25.51,20.31,35.87,35.24,48.58,35.74,42.28,36.29,57.44,44.55,64.29,44.51,113.89,91.24,158.03,159.25,149.55,141.74,136.82,125.05,125.3,119.83,66.76,84.52,72.07,72.73,45.25,36.94,43.04,42.29,84.46,86.04,59.2,59.47,60.45,47.5,58.68,44.3,49.53,55.54,61.5,64.64,86.1,60.06,64.89,70.7,73.38,84.61,101.09,103.87,89.89,96.12,104.58,112.54,114.9,118.98,117.11,108.49,102.51,100.31,75.9,92.27,122.03,126.51,121.42,124.96,114.48,118.62,104.98,126.36,127.33,103.98,100.51,91.67,105.0,84.57,143.18,147.97,178.1,122.45,127.39,108.6,118.5,149.68,154.38,138.54,141.21,130.52,150.57,145.27,133.94,166.77,144.2,162.75,159.69,170.25,169.36,168.59,171.92,178.06,193.36,200.1,171.96,173.75,170.52,184.45,180.73,176.42,178.75,178.97,175.56,198.09,182.99,188.42,208.32,192.79,202.8,208.87,210.38,224.65,209.39,230.65,196.99,184.41,189.24,197.41,171.66,193.46,188.14,189.34,199.01,196.35,202.3,177.36,182.34,194.28,218.07,180.98,190.82,198.89,207.19,213.89,224.72,215.05,213.23,178.63,185.04,194.24,195.88,207.9,201.1,241.88
46.69,67.61,74.42,121.16,51.1,150.24,135.58,159.97,153.05,91.87,102.04,57.19,11.31,136.19,68.93,145.54,98.08,82.5,131.01,38.77,73.36,74.26,120.8,131.74,148.08,90.02,70.51,51.01,26.27,51.47,79.99,144.51,71.95,31.43,119.79,62.43,63.94,167.04,65.19,148.68,131.62,23.87,58.47,45.53,72.46,55.48,105.85,154.35,102.42,6.69,8.8,152.07,123.35,34.26,136.5,61.79,136.11,113.29,134.14,177.1,26.75,92.52,30.34,142.42,92.56,148.38,150.13,149.94,102.91,93.82,40.99,65.79,53.28,125.84,83.21,108.48,136.69,41.11,115.05,55.3,143.26,46.59,124.53,164.41,125.68,9.9,68.41,32.41,67.24,102.82,103.34,26.56,113.26,72.37,108.7,142.33,85.34,99.55,83.15,67.3,97.46,127.59,140.39,44.4,21.46,36.82,140.32,66.85,149.02,65.62,14.24,83.24,111.34,53.97,99.3,18.97,58.71,53.12,107.82,19.55,144.27,17.26,34.85,86.44,68.93,15.03,120.65,57.33,127.8,65.43,71.92,45.91,115.04,26.89,63.32,112.14,108.98,132.33,151.56,107.48,124.91,50.34,42.16,95.61,57.53,129.52,40.4,63.14,119.36,74.63,131.25,92.51,82.04,32.33,115.34,118.52,69.1,105.92,45.77,109.08,77.39,101.16,139.95,41.72,146.9,70.23,150.67,173.38,135.83,38.49,49.57,79.9,141.38,123.37,103.37,51.65,73.84,107.32,22.21,54.68,23.77,67.68,22.96,64.54,100.16,97.9,124.14,17.52,52.19,132.44,114.94,45.87,43.48,57.91,114.28,39.51,33.47,61.26,119.31,122.81,25.37,56.49,39.98,38.19,100.19,118.32,17.32,36.87,42.59,0.0,7.54,135.93,109.48,104.61,97.77,88.66,105.74,115.22,100.98,51.85,47.51,62.29,64.53,83.58,77.0,72.96,80.94,76.3,60.79,75.5,73.34,55.44,50.25,54.43,53.81,82.01,69.16,75.71,60.94,90.86,77.98,79.81,10.3,147.31,124.67,191.45,192.67,182.98,175.17,170.24,158.48,158.73,153.26,29.52,47.28,34.83,35.49,53.81,31.87,37.97,27.54,47.22,48.8,30.43,22.23,48.36,37.31,27.75,62.86,68.1,65.64,71.6,81.0,97.3,76.42,74.99,80.8,83.48,47.37,63.85,66.63,52.65,58.88,67.34,75.3,77.66,81.74,79.87,71.25,65.27,78.17,72.66,102.37,84.79,89.27,84.18,87.71,77.24,81.38,67.74,89.11,105.29,91.89,88.43,79.58,92.91,72.48,105.93,110.73,140.86,110.37,115.31,96.51,106.41,137.6,142.3,126.46,129.13,118.44,133.54,128.24,116.91,129.53,106.96,125.51,122.45,133.01,132.12,131.35,134.68,140.82,156.11,162.86,154.93,156.72,158.43,172.36,168.65,164.33,166.67,166.89,159.86,160.85,145.75,151.18,171.07,155.55,165.56,171.63,173.14,187.41,172.15,193.41,159.74,147.17,151.99,160.17,134.42,156.22,150.9,152.1,161.77,159.11,165.06,140.12,145.1,157.04,180.83,143.74,153.58,161.65,169.95,176.65,187.48,177.81,175.99,161.6,168.01,177.21,178.85,190.88,184.08,204.64
48.89,69.8,76.62,117.8,53.3,146.88,132.22,156.62,149.69,88.51,98.68,53.83,18.42,132.83,71.13,142.18,94.72,84.7,127.65,40.97,70.01,70.9,117.44,128.38,144.72,86.66,72.7,47.66,28.47,48.12,76.63,141.15,68.6,33.63,121.99,64.63,60.58,163.68,67.39,145.32,128.26,20.52,60.67,47.73,69.1,52.12,102.49,150.99,99.06,12.24,11.0,148.71,119.99,36.46,133.14,58.43,132.76,109.93,130.78,173.74,28.95,89.17,26.98,139.07,89.2,145.02,146.77,152.14,99.55,96.02,37.64,67.98,49.93,122.48,79.85,105.13,138.89,37.75,111.69,57.5,145.46,43.24,121.18,161.06,122.32,6.85,70.61,29.05,69.44,99.46,99.98,23.21,115.46,69.01,105.34,138.97,81.98,101.75,85.35,63.94,94.1,124.23,137.03,46.6,18.1,33.46,136.97,69.05,145.66,67.82,16.44,79.88,107.98,50.61,95.94,15.61,60.91,49.76,104.46,16.49,140.91,24.37,37.04,88.64,65.57,11.67,122.85,59.53,130.0,62.08,68.56,48.1,117.24,23.53,65.52,108.79,111.18,128.97,148.2,104.12,121.55,52.54,44.35,92.25,59.73,126.17,42.59,65.34,116.01,76.83,127.89,94.71,78.69,34.53,111.99,115.16,71.3,102.56,47.97,111.28,74.03,97.8,136.6,38.36,143.54,66.88,147.32,170.02,132.47,40.69,51.77,82.1,138.02,120.01,105.57,48.29,70.48,103.97,18.85,56.88,25.97,64.32,19.9,61.18,96.81,94.54,120.78,19.71,54.39,134.64,111.58,48.07,45.68,60.11,110.92,41.71,35.67,57.91,115.95,119.46,27.57,58.69,42.18,40.39,96.83,114.96,14.26,39.07,44.78,7.54,0.0,138.11,111.66,106.79,99.95,90.84,107.92,117.41,103.16,54.03,49.69,64.47,66.72,85.77,79.18,75.14,83.12,78.49,62.97,77.68,75.52,57.62,52.43,56.61,55.99,84.19,71.34,77.89,63.12,93.04,80.16,81.99,11.41,149.49,126.85,193.64,194.85,185.16,177.35,172.42,160.66,160.91,155.44,26.16,43.92,31.47,32.13,55.99,34.06,40.15,24.18,43.86,45.44,27.07,18.87,45.0,33.94,24.39,65.04,70.28,67.82,73.78,83.18,99.48,78.6,77.17,82.98,85.66,44.0,60.49,63.26,49.29,55.51,63.98,71.94,74.3,78.38,76.51,67.89,61.91,74.81,69.3,104.55,81.43,85.9,80.82,84.35,73.88,78.02,64.38,85.75,101.92,88.53,85.06,76.22,89.55,69.12,102.57,107.37,137.5,107.01,111.94,93.15,103.05,134.24,138.94,123.09,125.76,115.07,130.18,124.88,113.55,126.17,103.6,122.15,119.09,129.65,128.76,127.99,131.31,137.46,152.75,159.49,151.57,153.36,155.07,169.0,165.28,160.97,163.3,163.52,156.5,157.48,142.39,147.82,167.71,152.19,162.2,168.26,169.78,184.05,168.79,190.05,156.38,143.81,148.63,156.81,131.06,152.86,147.54,148.74,158.41,155.75,161.7,136.76,141.74,153.67,177.47,140.37,150.21,158.29,166.59,173.29,184.12,174.45,172.63,158.24,164.65,173.85,175.49,187.52,180.71,201.28
109.99,104.48,65.17,251.73,104.69,280.81,266.15,290.55,283.62,222.44,232.61,187.76,132.2,266.76,92.91,221.27,228.65,83.11,211.71,136.46,203.93,204.83,251.37,262.31,278.65,162.09,94.84,181.58,123.96,182.04,210.56,275.08,202.52,129.12,40.85,103.67,194.51,297.61,121.58,279.25,262.19,145.88,81.18,95.47,199.94,186.05,236.42,284.92,178.15,145.87,129.59,282.64,253.92,117.51,212.23,192.36,266.68,243.86,264.71,307.67,123.83,208.29,160.91,272.99,192.59,278.95,225.86,35.82,178.64,37.84,145.91,122.17,183.86,199.37,213.78,239.06,50.33,171.68,245.62,111.69,42.27,177.17,255.1,294.99,256.25,140.48,110.02,147.03,123.63,185.7,197.83,157.14,47.52,202.94,191.71,272.9,215.91,39.14,64.47,197.87,203.18,258.16,270.96,123.07,141.21,167.39,270.9,97.6,279.59,122.01,125.36,213.81,241.91,184.54,229.87,149.54,104.76,183.69,238.39,150.12,274.84,138.16,132.53,50.21,199.5,145.6,34.93,113.72,42.16,196.01,202.49,91.63,38.28,157.46,72.99,189.84,37.5,262.9,282.13,185.17,255.48,88.57,115.48,171.34,113.92,260.09,110.69,92.74,249.94,61.77,261.82,43.72,212.61,106.85,245.92,249.09,95.89,236.49,143.46,40.89,207.96,189.37,220.66,172.29,277.47,200.81,226.4,254.08,266.4,107.03,98.32,57.27,271.95,253.94,44.05,182.22,204.41,237.9,152.78,83.57,119.58,198.25,153.53,195.11,175.89,228.47,254.71,124.37,115.49,48.55,245.51,103.51,117.76,89.07,244.85,113.78,106.27,191.84,249.88,253.39,112.73,112.88,98.53,112.47,186.76,248.89,147.89,103.48,102.51,135.93,138.11,0.0,28.27,29.09,48.99,76.19,56.96,45.41,46.79,112.14,120.92,110.71,119.95,78.33,86.08,88.58,107.26,102.63,91.64,101.82,99.66,81.21,86.41,77.83,86.3,76.76,69.49,70.58,79.22,58.66,72.73,80.92,138.16,49.1,46.04,73.9,75.12,65.43,57.61,52.69,51.38,41.17,40.76,160.41,178.17,165.72,166.38,126.31,130.59,136.69,135.94,178.11,179.69,152.85,153.12,154.09,141.15,152.33,92.92,99.2,97.49,112.22,82.13,70.75,87.13,115.61,121.42,124.1,178.26,194.74,197.52,183.54,189.77,198.23,206.19,208.55,212.63,210.76,202.14,196.16,193.96,169.55,142.99,215.68,220.16,215.07,218.6,208.13,212.27,198.63,220.0,190.97,157.8,164.15,166.19,168.64,178.22,214.6,241.62,271.75,186.1,191.03,162.42,182.14,213.32,218.02,202.18,204.85,194.16,214.21,208.91,197.58,260.42,237.85,256.4,253.34,263.9,263.01,262.24,265.57,271.71,287.0,293.74,235.6,237.39,234.16,248.09,250.1,228.53,242.39,242.61,239.2,291.74,276.64,282.07,301.96,286.44,296.45,302.52,304.03,318.3,252.17,324.3,290.63,239.44,244.26,291.06,265.31,287.11,281.79,282.99,292.66,290.0,295.95,271.01,275.99,287.92,311.72,274.63,284.46,292.54,300.84,307.54,318.37,308.7,306.88,242.27,248.68,257.88,259.52,271.54,264.74,335.53
83.54,78.03,38.72,225.28,78.24,254.36,239.7,264.09,257.17,195.99,206.15,161.3,105.75,240.31,66.46,194.82,202.2,56.65,185.26,110.01,177.48,178.38,224.92,235.86,252.2,135.64,68.39,155.13,97.5,155.59,184.11,248.63,176.07,102.67,27.61,77.22,168.06,271.16,95.13,252.8,235.74,119.42,54.73,69.01,173.48,159.6,209.97,258.47,151.7,119.42,103.14,256.19,227.47,91.05,185.78,165.9,240.23,217.41,238.26,281.22,97.38,181.84,134.46,246.54,166.14,252.5,199.4,57.75,152.19,9.98,119.46,95.72,157.4,172.92,187.33,212.6,44.5,145.23,219.17,85.24,51.07,150.71,228.65,268.53,229.8,114.02,83.57,120.57,97.17,159.25,171.38,130.68,21.07,176.49,165.26,246.45,189.46,12.69,38.01,171.42,176.73,231.71,244.5,96.62,114.76,140.94,244.44,71.14,253.14,95.56,98.91,187.36,215.46,158.09,203.42,123.09,78.31,157.24,211.94,123.67,248.39,111.7,106.08,23.75,173.05,119.15,28.46,87.27,35.61,169.55,176.04,65.17,21.66,131.01,46.54,163.39,11.05,236.45,255.68,158.72,229.03,62.11,89.03,144.88,87.46,233.64,84.24,66.29,223.48,35.32,235.37,17.26,186.16,80.4,219.46,222.64,69.44,210.04,117.01,14.44,181.51,162.92,194.2,145.84,251.02,174.35,199.95,227.63,239.95,80.58,71.87,30.82,245.5,227.49,17.6,155.77,177.96,211.44,126.33,57.12,93.13,171.8,127.08,168.65,149.44,202.02,228.26,97.92,89.04,40.25,219.06,77.06,91.3,62.62,218.4,87.33,79.82,165.38,223.43,226.93,86.28,86.42,72.07,86.01,160.31,222.44,121.44,77.03,76.05,109.48,111.66,28.27,0.0,16.67,22.53,49.73,30.51,22.15,20.34,85.68,94.46,84.26,93.5,51.88,59.63,62.13,80.81,76.18,65.19,75.37,73.21,54.76,59.96,51.38,59.85,50.31,43.04,44.13,52.77,32.2,46.27,54.47,111.71,55.43,32.79,99.57,100.79,91.1,83.29,78.36,66.6,66.85,61.38,133.96,151.72,139.27,139.93,99.86,104.13,110.23,109.49,151.66,153.24,126.39,126.67,127.64,114.69,125.88,66.46,72.75,71.04,85.77,55.68,44.3,60.68,89.16,94.97,97.65,151.8,168.29,171.06,157.09,163.31,171.78,179.74,182.1,186.18,184.31,175.69,169.71,167.51,143.1,116.54,189.23,193.7,188.62,192.15,181.68,185.82,172.18,193.55,164.52,131.35,137.7,139.74,142.19,151.76,188.15,215.17,245.3,159.64,164.58,135.97,155.69,186.87,191.57,175.73,178.4,167.71,187.76,182.46,171.13,233.97,211.4,229.95,226.88,237.45,236.56,235.79,239.11,245.26,260.55,267.29,209.15,210.94,207.71,221.64,217.92,213.6,215.94,216.16,212.75,265.28,250.19,255.62,275.51,259.99,269.99,276.06,277.58,291.85,225.72,297.85,264.18,212.99,217.81,264.61,238.86,260.66,255.34,256.54,266.21,263.55,269.5,244.56,249.54,261.47,285.27,248.17,258.01,266.09,274.39,281.09,291.92,282.25,280.43,215.81,222.22,231.43,233.07,245.09,238.29,309.08
78.67,80.11,33.85,220.41,73.37,249.49,234.83,259.22,252.3,191.12,201.29,156.44,100.88,235.44,61.59,196.9,197.33,51.78,187.34,105.14,172.61,173.51,220.05,230.99,247.33,137.73,70.47,150.26,92.64,150.72,179.24,243.76,171.2,97.8,46.33,72.35,163.19,266.29,90.26,247.93,230.87,114.56,49.86,64.14,168.61,154.73,205.1,253.6,153.78,114.55,98.27,251.32,222.6,86.18,187.86,161.04,235.36,212.54,233.39,276.35,92.51,191.77,129.59,241.67,168.22,247.63,201.49,76.47,154.27,11.99,114.59,90.85,152.53,175.0,182.46,207.73,63.23,140.36,214.3,80.37,69.79,145.84,223.78,263.66,224.93,109.16,78.7,115.7,92.3,161.34,173.47,125.81,39.79,171.62,167.34,241.58,184.59,22.51,20.84,166.55,178.82,226.84,239.64,91.75,109.89,136.07,239.57,66.27,248.27,90.69,94.04,182.49,210.59,153.22,198.55,118.22,80.4,152.37,207.07,118.8,243.52,106.84,101.21,19.02,168.18,114.28,47.18,82.4,54.33,164.68,171.17,60.31,41.58,126.14,41.67,165.47,28.36,231.58,250.81,160.8,224.16,57.24,84.16,146.97,82.59,228.77,79.37,61.42,218.61,30.45,230.5,19.35,181.29,75.53,214.6,217.77,64.57,205.17,112.14,31.75,176.64,165.0,196.29,140.97,246.15,169.48,202.04,229.72,235.08,75.71,67.0,25.95,240.63,222.62,29.9,150.9,173.09,206.57,121.46,52.25,88.26,166.93,122.21,163.79,151.53,197.15,223.39,93.05,84.17,58.97,214.19,72.19,86.43,57.75,213.53,82.46,74.95,160.51,218.56,222.06,81.41,81.55,67.2,81.14,162.39,217.57,116.57,72.16,71.18,104.61,106.79,29.09,16.67,0.0,24.62,51.82,32.59,42.08,27.83,87.77,89.6,79.4,88.64,47.02,54.77,57.27,75.95,71.32,60.33,70.51,68.35,49.9,55.09,46.52,54.99,45.45,38.17,39.27,47.91,27.34,24.57,49.61,106.85,74.16,51.52,118.3,119.52,109.83,102.02,97.09,85.33,85.58,80.11,129.1,146.86,134.4,135.07,102.88,99.27,105.37,104.63,146.8,148.38,121.53,121.81,122.78,109.83,121.02,61.6,70.16,73.12,87.86,57.76,46.38,62.76,91.25,97.06,99.74,146.94,163.43,166.2,152.23,158.45,166.91,174.88,177.24,181.32,179.45,170.83,164.85,162.65,138.24,118.62,184.36,188.84,183.76,187.29,176.82,180.96,167.32,188.69,166.61,133.43,139.79,141.82,144.27,146.9,190.24,210.31,240.44,161.73,166.67,138.05,157.77,188.96,193.66,177.82,180.49,169.8,189.84,184.54,173.21,229.11,206.53,225.09,222.02,232.58,231.7,230.93,234.25,240.4,255.69,262.43,211.23,213.02,209.79,223.72,220.0,215.69,218.02,218.24,214.84,260.42,245.32,250.76,270.65,255.13,265.13,271.2,272.72,286.99,271.73,292.98,259.32,246.75,251.57,259.75,234.0,255.8,250.48,251.68,261.35,258.69,264.63,239.69,244.68,256.61,280.41,243.31,253.15,261.23,269.53,276.23,287.06,277.39,275.57,217.9,224.31,233.51,235.15,247.18,240.38,304.22
71.83,56.57,27.0,213.57,43.17,242.65,227.98,252.38,245.46,168.19,194.44,149.59,94.04,228.59,54.75,173.36,190.49,44.94,163.8,98.29,165.77,166.66,213.2,224.15,240.49,114.19,46.93,143.42,85.79,143.88,158.12,236.92,164.36,90.96,32.43,65.51,156.34,259.45,83.42,241.09,224.03,107.71,43.02,57.3,161.77,147.88,198.26,246.76,130.24,107.71,91.43,244.48,215.76,79.34,164.32,154.19,228.52,205.7,226.54,269.51,85.67,160.39,122.75,234.83,144.68,240.78,177.95,62.57,130.73,13.52,107.75,84.01,145.69,151.46,175.62,200.89,49.33,133.52,207.45,73.52,55.89,139.0,216.94,256.82,218.09,102.31,71.86,108.86,85.46,137.8,149.92,118.97,25.89,164.78,143.8,234.74,177.75,12.3,26.3,159.71,155.27,220.0,232.79,70.92,103.05,129.23,232.73,59.43,241.42,83.85,87.2,175.65,203.75,146.38,191.71,111.38,56.86,145.52,200.23,111.95,236.68,99.99,94.37,15.07,161.34,107.44,33.28,75.55,40.43,157.84,164.32,53.46,27.68,119.3,34.83,141.93,21.61,224.74,243.97,137.26,217.32,50.4,77.32,123.43,75.75,221.93,72.53,54.58,211.77,23.61,223.66,8.02,174.45,68.69,207.75,210.93,57.73,198.32,105.29,21.71,169.8,141.46,172.75,134.12,239.31,162.64,178.49,206.18,228.24,68.87,60.16,19.1,233.78,215.78,16.0,144.06,166.25,199.73,114.62,45.4,81.42,160.09,115.37,156.94,127.98,190.3,216.55,86.21,77.32,45.07,207.34,65.35,79.59,50.91,206.68,75.62,68.11,153.67,211.71,215.22,74.57,74.71,60.36,74.3,138.85,210.73,109.73,65.31,64.34,97.77,99.95,48.99,22.53,24.62,0.0,28.28,9.05,28.16,13.91,64.23,82.77,72.57,81.81,40.19,47.94,50.44,69.11,64.48,53.49,63.67,61.52,43.07,48.26,39.69,48.16,38.61,31.34,32.44,41.08,20.51,34.58,42.77,100.01,60.25,37.61,104.39,105.61,95.92,88.1,83.18,71.42,71.66,66.19,122.26,140.03,127.57,128.23,78.4,92.44,98.54,97.79,139.96,141.54,114.7,114.98,115.95,103.0,114.19,31.41,51.29,49.58,64.31,34.22,22.84,39.22,67.71,73.51,76.2,140.11,156.6,159.37,145.39,151.62,160.08,168.05,170.4,174.49,172.62,163.99,158.01,155.81,131.4,95.08,177.53,182.01,176.92,180.46,169.99,174.12,160.48,162.26,143.06,109.89,116.24,118.28,120.73,125.66,166.69,203.47,233.61,138.19,143.12,114.51,134.23,165.41,170.12,154.27,156.94,146.25,166.3,161.0,149.67,222.27,199.7,218.25,215.19,225.75,224.86,224.1,227.42,233.57,248.86,255.6,187.69,189.48,186.25,200.18,196.46,192.15,194.48,194.7,191.29,253.59,238.49,243.92,263.82,248.29,258.3,264.37,265.89,280.15,204.26,286.15,252.49,191.53,196.36,252.91,227.16,248.97,243.64,244.84,254.51,251.85,257.8,232.86,237.84,249.78,273.57,236.48,246.32,254.39,262.69,269.4,280.22,270.56,268.74,194.36,200.77,209.97,211.61,223.64,216.84,297.38
84.43,30.01,54.2,191.88,39.77,233.54,218.87,243.27,187.01,141.63,185.33,140.48,84.93,219.48,81.95,146.8,181.38,72.14,137.24,71.97,156.66,142.68,186.26,215.03,231.38,87.63,20.37,134.31,74.08,134.77,131.56,227.81,137.58,69.63,59.63,92.71,147.23,250.34,102.93,231.98,214.92,96.0,70.22,46.99,125.67,138.77,189.15,237.65,103.68,98.6,82.32,235.37,188.81,61.02,137.76,145.08,219.41,179.66,217.43,260.4,70.1,133.83,113.64,225.72,118.12,182.34,151.39,89.77,104.17,40.72,77.79,103.53,112.1,124.9,166.51,191.78,76.53,124.41,186.66,93.04,83.09,129.89,207.83,247.71,208.97,93.2,106.15,84.58,104.98,111.24,123.36,109.86,53.09,155.67,117.24,169.4,142.12,39.5,53.5,150.6,128.72,210.89,223.68,44.36,91.34,120.12,223.62,86.63,232.31,103.36,78.09,143.24,194.64,137.27,182.6,102.27,30.3,136.41,191.12,102.84,227.57,90.88,64.33,42.27,152.23,98.33,60.49,95.07,67.63,148.73,155.21,64.65,54.88,110.19,62.03,115.37,48.81,215.63,234.86,110.7,208.21,77.6,51.94,96.87,95.27,212.82,54.38,81.78,202.66,50.81,214.55,35.22,165.34,60.23,180.71,201.82,84.93,189.21,78.97,48.91,139.86,114.9,146.19,125.01,230.2,153.53,151.94,179.62,219.13,55.44,77.01,46.3,224.67,206.67,43.21,134.95,136.92,190.62,105.51,72.6,71.79,131.92,106.26,147.83,101.43,181.19,207.44,77.1,89.93,72.27,198.23,73.31,81.22,78.11,197.57,77.25,68.06,121.54,202.6,206.11,67.67,94.23,63.21,75.93,112.29,201.62,100.62,69.79,72.31,88.66,90.84,76.19,49.73,51.82,28.28,0.0,21.22,55.36,41.11,37.67,58.19,100.48,102.72,67.39,75.14,77.64,96.31,91.68,80.69,90.87,88.72,70.27,75.46,47.81,47.08,65.81,58.54,59.64,68.28,47.71,61.78,48.27,90.68,87.45,64.81,131.59,132.81,123.12,115.3,110.38,98.62,98.86,93.39,112.93,105.31,118.24,118.9,51.84,73.38,79.48,85.25,113.47,132.21,89.58,105.64,84.19,77.88,89.07,31.33,24.73,23.02,37.75,7.66,10.36,12.66,41.15,46.96,49.64,130.78,147.26,150.04,136.06,142.29,150.75,158.71,161.07,165.15,163.28,138.21,131.99,118.88,99.64,68.52,168.2,172.68,167.59,171.12,137.38,150.48,151.15,135.7,116.5,83.33,89.68,91.72,94.17,99.1,140.13,194.14,224.27,111.63,116.56,87.95,107.67,138.86,143.56,127.71,130.38,119.69,139.74,134.44,123.11,194.55,190.37,173.93,179.28,216.42,215.53,214.76,218.09,224.23,239.52,246.27,161.13,162.92,159.69,173.62,169.9,165.59,167.92,168.14,164.73,244.26,229.16,234.59,254.49,238.96,248.97,255.04,256.55,270.82,177.7,218.18,197.72,164.97,169.8,190.36,176.61,176.67,177.84,235.51,245.18,242.52,248.47,223.53,228.51,240.45,264.24,227.15,236.99,245.06,253.36,260.06,270.89,261.22,259.4,167.8,174.21,183.41,185.05,197.08,190.28,288.05
79.8,49.51,34.98,221.54,36.12,250.62,235.96,260.36,253.43,161.13,202.42,157.57,102.01,236.57,62.72,166.3,198.46,52.92,156.74,106.27,173.74,174.64,221.18,232.12,248.46,107.13,39.87,151.39,93.77,151.85,151.06,244.89,157.08,98.93,40.4,73.48,164.32,267.42,91.39,249.06,232.0,115.69,50.99,43.33,145.17,155.86,206.23,254.73,123.18,115.68,99.4,252.45,223.73,57.15,157.26,162.17,236.49,213.67,234.52,277.48,93.64,153.33,130.72,242.8,137.62,248.76,170.89,70.55,123.67,21.49,115.72,91.98,153.67,144.4,183.59,208.87,57.3,141.49,215.43,81.5,63.87,146.98,224.91,264.8,226.06,110.29,79.83,116.84,93.44,130.74,142.86,126.95,33.86,172.75,136.74,188.9,161.62,20.28,34.28,167.68,148.22,227.97,240.77,63.86,111.02,137.2,240.7,67.41,249.4,91.82,95.17,162.74,211.72,154.35,199.68,119.35,49.8,153.5,208.2,119.93,244.65,107.97,83.83,23.04,169.31,115.41,41.26,83.53,48.41,165.82,172.3,61.44,35.65,127.27,42.8,134.87,29.59,232.71,251.94,130.2,225.29,58.38,71.45,116.37,83.73,229.9,50.72,62.55,219.75,31.58,231.63,15.99,182.42,76.66,215.73,218.9,65.7,206.3,113.27,29.69,177.77,134.4,165.69,142.1,247.28,170.62,171.44,199.12,236.21,76.84,68.13,27.08,241.76,223.75,23.98,152.03,156.42,207.71,122.59,53.38,89.39,151.42,123.34,164.92,120.93,198.28,224.52,94.18,85.3,53.05,215.32,73.32,87.56,58.88,214.66,83.59,76.08,161.65,219.69,223.2,82.54,82.69,68.34,82.28,131.79,218.7,117.7,73.29,72.32,105.74,107.92,56.96,30.51,32.59,9.05,21.22,0.0,36.13,21.89,57.17,44.0,80.54,89.78,48.16,55.91,58.41,77.09,72.46,61.47,71.65,69.49,51.04,56.23,47.66,43.43,46.59,39.32,40.41,49.05,28.48,42.55,21.91,107.99,68.22,45.58,112.36,113.58,103.89,96.08,91.15,79.39,79.64,74.17,130.24,148.0,135.55,136.21,71.34,100.41,106.51,105.77,147.94,149.52,122.67,122.95,123.92,110.97,122.16,24.35,44.23,42.52,57.25,27.16,15.78,32.16,60.65,66.46,69.14,148.08,164.57,167.34,153.37,159.59,168.05,176.02,178.38,182.46,180.59,171.97,165.99,138.38,139.38,88.02,185.51,189.98,184.9,188.43,156.88,182.1,168.46,155.2,136.01,102.83,109.19,111.22,113.67,118.61,159.64,211.45,241.58,131.13,136.07,107.45,127.17,158.36,163.06,147.22,149.89,139.2,159.24,153.94,142.61,230.25,207.67,193.43,198.78,233.72,232.84,232.07,235.39,241.54,256.83,263.57,180.63,182.42,179.19,193.12,189.4,185.09,187.42,187.64,184.24,261.56,246.46,251.9,271.79,256.27,266.27,272.34,273.86,288.13,197.2,237.68,260.46,184.48,189.3,209.86,235.14,196.17,197.34,252.82,262.49,259.83,265.77,240.83,245.82,257.75,281.55,244.45,254.29,262.37,270.67,277.37,288.2,278.53,276.71,187.3,193.71,202.91,204.55,216.58,209.78,305.36
89.28,83.65,44.46,231.02,83.98,260.11,245.44,269.84,262.91,201.74,211.9,167.05,111.49,246.05,72.2,200.44,207.95,62.4,190.88,115.75,183.23,184.12,230.66,241.6,257.94,141.27,74.01,160.88,103.25,161.34,189.85,254.37,181.82,108.41,14.61,82.97,173.8,276.9,100.87,258.55,241.49,125.17,60.47,74.76,179.23,165.34,215.71,264.22,157.32,125.17,108.89,261.93,233.21,96.8,191.4,171.65,245.98,223.16,244.0,286.96,103.12,187.47,140.2,252.29,171.76,258.24,205.03,44.75,157.81,30.98,125.2,101.47,163.15,178.54,193.08,218.35,31.51,150.97,224.91,90.98,38.07,156.46,234.4,274.28,235.54,119.77,89.32,126.32,102.92,164.88,177.01,136.43,9.53,182.23,170.88,252.2,195.2,19.41,43.76,177.16,182.36,237.46,250.25,102.36,120.5,146.69,250.19,76.89,258.88,101.3,104.65,193.1,221.2,163.83,209.17,128.83,83.94,162.98,217.68,129.41,254.13,117.45,111.82,32.53,178.8,124.89,12.5,93.01,17.79,175.3,181.78,70.92,7.73,136.75,52.28,169.01,14.22,242.19,261.42,164.35,234.77,67.86,94.77,150.51,93.21,239.39,89.99,72.04,229.23,41.06,241.11,25.48,191.91,86.14,225.21,228.38,75.19,215.78,122.75,8.17,187.26,168.54,199.83,151.58,256.76,180.1,205.58,233.26,245.69,86.33,77.61,36.56,251.24,233.23,16.23,161.51,183.7,217.19,132.07,62.86,98.87,177.54,132.83,174.4,155.07,207.76,234.0,103.66,94.78,27.25,224.8,82.81,97.05,68.36,224.14,93.07,85.56,171.13,229.17,232.68,92.02,92.17,77.82,91.76,165.93,228.19,127.18,82.77,81.8,115.22,117.41,45.41,22.15,42.08,28.16,55.36,36.13,0.0,18.97,91.32,100.22,90.01,99.25,57.63,65.39,67.89,86.56,81.93,70.94,81.12,78.97,60.52,65.71,57.13,65.6,56.06,48.79,49.88,58.52,37.96,52.03,60.22,117.46,42.44,19.8,86.58,87.8,78.1,70.29,65.37,53.6,53.85,48.38,139.71,157.47,145.02,145.68,105.49,109.89,115.99,115.24,157.41,158.99,132.15,132.42,133.4,120.45,131.63,72.22,78.38,76.67,91.4,61.31,49.93,66.31,94.8,100.61,103.29,157.56,174.04,176.82,162.84,169.07,177.53,185.49,187.85,191.93,190.06,181.44,175.46,173.26,148.85,122.17,194.98,199.46,194.37,197.9,187.43,191.57,177.93,199.3,170.15,136.98,143.34,145.37,147.82,157.52,193.78,220.92,251.05,165.28,170.22,141.6,161.32,192.51,197.21,181.36,184.03,173.35,193.39,188.09,176.76,239.72,217.15,235.7,232.64,243.2,242.31,241.54,244.87,251.01,266.3,273.05,214.78,216.57,213.34,227.27,223.85,202.28,221.57,221.79,218.39,271.04,255.94,261.37,281.26,265.74,275.75,281.82,283.33,297.6,231.35,303.6,269.94,218.62,223.45,270.36,244.61,266.41,261.09,262.29,271.96,269.3,275.25,250.31,255.29,267.23,291.02,253.93,263.77,271.84,280.14,286.84,297.67,288.0,286.18,221.45,227.86,237.06,238.7,250.73,243.93,314.83
75.04,69.41,30.21,216.78,69.73,245.86,231.19,255.59,248.67,187.49,197.65,152.8,97.25,231.8,57.96,186.2,193.7,48.15,176.64,101.5,168.98,169.87,216.41,227.35,243.7,127.02,59.77,146.63,89.0,147.09,175.61,240.13,167.57,94.17,23.23,68.72,159.55,262.66,86.63,244.3,227.24,110.92,46.23,60.51,164.98,151.09,201.47,249.97,143.08,110.92,94.64,247.69,218.97,82.55,177.16,157.4,231.73,208.91,229.75,272.72,88.88,173.22,125.96,238.04,157.52,243.99,190.78,53.37,143.56,16.73,110.96,87.22,148.9,164.29,178.83,204.1,40.13,136.73,210.66,76.73,46.69,142.21,220.15,260.03,221.29,105.52,75.07,112.07,88.67,150.63,162.76,122.18,16.69,167.99,156.64,237.95,180.96,15.51,29.51,162.92,168.11,223.21,236.0,88.11,106.26,132.44,235.94,62.64,244.63,87.06,90.41,178.86,206.96,149.59,194.92,114.59,69.69,148.73,203.44,115.16,239.89,103.2,97.58,18.28,164.55,110.65,24.09,78.76,31.24,161.05,167.53,56.67,18.48,122.5,38.04,154.77,12.41,227.95,247.18,150.1,220.53,53.61,80.53,136.26,78.96,225.14,75.74,57.79,214.98,26.82,226.87,11.23,177.66,71.9,210.96,214.14,60.94,201.53,108.5,12.52,173.01,154.29,185.58,137.33,242.52,165.85,191.33,219.01,231.44,72.08,63.37,22.31,236.99,218.99,6.81,147.27,169.46,202.94,117.83,48.61,84.63,163.3,118.58,160.15,140.82,193.51,219.76,89.42,80.53,35.87,210.55,68.56,82.8,54.12,209.89,78.83,71.32,156.88,214.92,218.43,77.78,77.92,63.57,77.51,151.69,213.94,112.94,68.52,67.55,100.98,103.16,46.79,20.34,27.83,13.91,41.11,21.89,18.97,0.0,77.07,85.97,75.77,85.01,43.39,51.14,53.64,72.31,67.68,56.69,66.88,64.72,46.27,51.46,42.89,51.36,41.81,34.54,35.64,44.28,23.71,37.78,45.97,103.22,51.06,28.42,95.2,96.42,86.72,78.91,73.99,62.22,62.47,57.0,125.47,143.23,130.77,131.43,91.25,95.64,101.74,101.0,143.17,144.74,117.9,118.18,119.15,106.2,117.39,57.97,64.13,62.42,77.16,47.07,35.68,52.07,80.55,86.36,89.04,143.31,159.8,162.57,148.59,154.82,163.28,171.25,173.6,177.69,175.82,167.2,161.22,159.01,134.6,107.93,180.73,185.21,180.13,183.66,173.19,177.32,163.68,185.06,155.91,122.74,129.09,131.13,133.57,143.27,179.54,206.67,236.81,151.03,155.97,127.36,147.08,178.26,182.96,167.12,169.79,159.1,179.14,173.84,162.52,225.48,202.9,221.46,218.39,228.95,228.06,227.3,230.62,236.77,252.06,258.8,200.54,202.33,199.1,213.03,209.31,204.99,207.33,207.55,204.14,256.79,241.69,247.13,267.02,251.49,261.5,267.57,269.09,283.35,217.1,289.35,255.69,204.38,209.2,256.12,230.37,252.17,246.84,248.05,257.72,255.05,261.0,236.06,241.05,252.98,276.77,239.68,249.52,257.6,265.9,272.6,283.42,273.76,271.94,207.2,213.61,222.82,224.45,236.48,229.68,300.58
50.84,16.52,68.88,167.65,34.89,196.73,182.07,206.46,199.54,124.48,148.52,103.67,48.12,182.67,63.39,129.66,144.57,76.96,120.1,47.44,119.85,120.75,167.28,178.23,194.57,70.48,25.89,97.5,37.27,97.96,114.42,191.0,120.43,40.1,95.58,66.58,110.42,213.53,69.35,195.17,178.11,59.19,52.93,29.32,108.53,101.96,152.34,200.84,86.54,61.79,45.51,198.56,169.84,24.21,120.62,108.27,182.6,159.78,180.62,223.59,33.29,116.68,76.83,188.91,100.98,194.87,134.24,125.72,87.03,76.67,59.23,69.94,99.77,107.76,129.7,154.97,112.48,87.6,161.53,59.45,119.04,93.08,171.02,210.9,172.17,56.39,72.57,60.34,71.39,94.09,106.22,73.05,89.04,118.86,100.1,152.25,124.97,75.45,77.61,113.79,111.57,174.08,186.87,7.55,54.53,83.31,186.81,60.9,195.5,69.78,41.28,126.09,157.83,100.46,145.79,65.46,7.63,99.61,154.31,66.03,190.76,54.07,43.51,80.9,115.42,61.52,96.44,61.48,103.58,111.92,118.41,34.09,90.83,73.38,57.78,98.23,84.76,178.82,198.05,93.56,171.4,44.8,15.14,79.72,61.68,176.01,21.56,56.04,165.85,69.09,177.74,71.17,128.53,29.68,161.83,165.01,59.19,152.41,54.44,84.86,123.88,97.76,129.04,88.21,193.39,116.72,134.79,162.47,182.32,27.15,46.45,74.36,187.86,169.86,79.16,98.14,119.78,153.81,68.7,49.14,34.98,114.77,69.45,111.02,84.28,144.39,170.63,40.29,56.34,108.22,161.43,42.76,47.64,52.37,160.77,43.66,35.48,107.75,165.79,169.3,34.08,60.64,32.65,42.35,95.15,164.81,63.81,41.02,41.75,51.85,54.03,112.14,85.68,87.77,64.23,37.67,57.17,91.32,77.07,0.0,21.38,66.9,69.14,78.27,71.69,67.64,71.09,66.46,55.47,65.65,63.5,44.5,39.3,38.22,37.6,76.7,63.85,49.19,49.99,85.55,72.66,53.79,53.87,123.4,100.76,167.54,168.76,159.07,151.25,146.33,134.57,134.81,129.34,76.12,81.07,81.43,82.09,26.48,43.08,49.18,48.44,93.82,95.4,65.35,68.83,66.59,53.64,64.83,36.84,30.24,14.65,20.61,30.01,46.31,25.43,24.0,29.81,32.49,93.97,110.46,113.23,99.25,105.48,113.94,121.91,124.26,128.34,126.48,117.85,111.87,101.73,82.05,51.38,131.39,135.87,130.78,134.32,120.23,127.98,114.34,118.55,99.36,66.19,72.54,74.58,77.03,81.96,122.99,157.33,187.47,94.48,99.42,70.81,90.53,121.71,126.41,110.57,113.24,102.55,122.6,117.3,105.97,176.13,153.56,156.78,162.14,179.61,178.72,177.96,181.28,187.43,202.72,209.46,143.99,145.78,142.55,156.48,152.76,148.44,150.78,151.0,147.59,207.45,192.35,197.78,217.68,202.15,212.16,218.23,219.75,234.01,160.56,201.04,206.35,147.83,152.65,173.22,181.02,159.52,160.69,198.7,208.37,205.71,211.66,186.72,191.7,203.64,227.43,190.34,200.18,208.25,216.55,223.26,234.08,224.41,222.59,150.65,157.06,166.27,167.91,179.93,173.13,251.24
41.07,37.04,59.1,163.31,25.11,192.39,177.72,202.12,195.2,134.02,144.18,99.33,43.77,178.33,53.62,150.18,140.23,67.18,140.62,42.96,115.51,116.4,162.94,173.88,190.23,91.01,27.28,93.16,32.8,93.62,122.14,186.66,114.1,35.62,104.48,56.8,106.08,209.19,59.57,190.83,173.77,54.72,43.15,19.54,108.77,97.62,148.0,196.5,107.06,57.45,41.17,194.21,165.5,14.43,141.14,103.93,178.26,155.44,176.28,219.25,28.81,137.21,72.48,184.57,121.5,190.52,154.77,134.62,107.55,78.5,54.75,60.16,95.43,128.28,125.36,150.63,121.37,83.26,157.19,49.68,127.94,88.74,166.68,206.56,167.82,52.05,62.79,55.86,61.62,114.62,126.74,68.71,97.94,114.52,120.62,184.48,127.48,84.23,67.83,109.44,132.09,169.74,182.53,13.83,50.05,78.97,182.47,51.12,191.16,60.0,36.94,125.39,153.48,96.12,141.45,61.12,28.15,95.26,149.96,61.69,186.42,49.73,39.04,71.12,111.08,57.18,105.33,51.71,112.48,107.58,114.06,24.31,99.72,69.03,48.0,118.75,93.66,174.47,193.7,114.08,167.06,35.02,6.25,100.25,51.91,171.67,11.78,46.27,161.51,59.31,173.4,77.19,124.19,19.9,157.49,160.67,49.42,148.06,49.96,93.76,119.54,118.28,149.57,83.86,189.04,112.38,155.31,183.0,177.97,17.37,36.68,64.58,183.52,165.52,88.05,93.79,115.98,149.47,64.36,39.36,31.15,109.83,65.11,106.68,104.8,140.04,166.29,35.95,46.56,117.12,157.08,32.98,37.86,42.6,156.42,33.89,25.7,103.41,161.45,164.96,24.3,50.87,22.87,32.57,115.67,160.47,59.46,31.24,31.97,47.51,49.69,120.92,94.46,89.6,82.77,58.19,44.0,100.22,85.97,21.38,0.0,57.12,59.36,68.49,61.91,57.86,61.32,56.69,45.7,55.88,53.72,34.72,29.53,28.45,27.82,66.92,54.07,39.42,40.21,75.77,62.89,36.59,49.44,132.22,109.58,176.36,177.58,167.89,160.08,155.15,143.39,143.63,138.17,71.69,89.45,77.0,77.66,24.88,38.61,44.71,43.96,89.39,90.97,60.87,64.4,62.11,49.17,60.35,19.65,24.88,35.17,41.13,50.53,66.83,45.95,44.53,50.33,53.02,89.54,106.02,108.8,94.82,101.05,109.51,117.47,119.83,123.91,122.04,113.42,107.44,101.98,77.57,71.9,126.96,131.44,126.35,129.88,119.41,123.55,109.91,131.28,119.88,86.71,93.06,95.1,97.55,86.24,143.51,152.9,183.03,115.01,119.94,91.33,111.05,142.23,146.94,131.09,133.76,123.07,143.12,137.82,126.49,171.7,149.13,167.68,164.62,175.18,174.29,173.52,176.85,182.99,198.28,205.03,164.51,166.3,163.07,177.0,173.28,168.97,171.3,171.52,168.11,203.02,187.92,193.35,213.25,197.72,207.73,213.8,215.31,229.58,181.08,235.58,201.92,168.35,173.18,202.34,176.59,198.39,193.07,194.27,203.94,201.28,207.23,182.29,187.27,199.21,223.0,185.91,195.75,203.82,212.12,218.82,229.65,219.98,218.16,171.18,177.59,186.79,188.43,200.46,193.66,246.81
21.37,82.56,48.9,178.09,60.71,207.17,192.51,216.9,209.98,148.8,158.96,114.11,58.56,193.12,26.13,176.81,155.01,39.7,167.25,62.82,130.29,131.19,177.73,188.67,205.01,121.3,80.11,107.94,50.31,108.4,136.92,201.44,128.88,55.48,94.27,8.48,120.86,223.97,17.53,205.61,188.55,72.23,32.95,55.14,126.29,112.4,162.78,211.28,133.69,72.23,55.95,209.0,180.28,43.86,167.77,118.71,193.04,170.22,191.07,234.03,50.19,149.45,87.27,199.35,133.86,205.31,181.4,124.42,134.18,68.3,72.27,22.45,110.21,154.91,140.14,165.41,111.17,98.04,171.97,11.61,117.74,103.52,181.46,221.34,182.61,66.83,20.74,73.38,24.73,141.25,153.38,83.49,87.74,129.3,147.25,199.26,142.27,74.03,57.63,124.23,154.39,184.52,197.31,59.35,67.57,93.75,197.25,14.11,205.94,22.29,51.72,140.17,168.27,110.9,156.23,75.9,73.66,110.05,164.75,76.48,201.2,64.51,58.89,60.92,125.86,71.96,95.13,8.61,102.28,122.36,128.85,40.53,89.52,83.82,37.8,145.38,83.46,189.26,208.49,140.72,181.84,32.5,51.76,126.88,14.2,186.45,50.0,17.73,176.29,49.11,188.18,66.99,138.97,41.94,172.27,175.45,19.91,162.85,69.81,83.56,134.32,144.91,176.2,98.65,203.83,127.16,181.95,209.63,192.76,43.12,22.48,54.38,198.31,180.3,77.85,108.58,130.77,164.25,79.14,28.63,45.94,124.61,79.89,121.46,131.44,154.83,181.07,50.73,18.65,106.92,171.87,29.11,41.32,23.68,171.21,37.34,33.85,118.19,176.24,179.74,39.09,13.97,34.61,36.03,142.3,175.25,74.25,28.2,28.55,62.29,64.47,110.71,84.26,79.4,72.57,100.48,80.54,90.01,75.77,66.9,57.12,0.0,18.91,40.78,34.67,30.62,32.04,27.41,30.78,26.61,24.45,47.26,46.69,64.14,63.51,46.59,41.81,51.26,45.27,66.42,49.74,73.27,64.76,122.87,100.22,167.01,168.23,158.53,150.72,145.8,134.03,134.28,128.81,87.01,104.78,92.32,92.98,70.49,57.19,63.29,62.54,104.71,106.29,79.45,79.72,80.7,67.75,78.93,72.57,77.8,80.78,86.74,92.91,95.08,88.33,90.13,95.94,98.62,104.86,121.35,124.12,110.14,116.37,124.83,132.8,135.15,139.23,137.37,128.74,122.76,120.56,96.15,117.51,142.28,146.76,141.67,145.21,134.74,138.87,125.23,146.61,147.58,124.23,120.76,111.92,125.25,104.82,163.43,168.22,198.36,142.71,147.64,128.85,138.75,169.93,174.63,158.79,161.46,150.77,170.82,165.52,154.19,187.02,164.45,183.0,179.94,190.5,189.61,188.85,192.17,198.32,213.61,220.35,192.21,194.0,190.77,204.7,200.98,196.67,199.0,199.22,195.81,218.34,203.24,208.67,228.57,213.04,223.05,229.12,230.63,244.9,229.64,250.9,217.24,204.66,209.49,217.66,191.91,213.72,208.39,209.59,219.26,216.6,222.55,197.61,202.59,214.53,238.32,201.23,211.07,219.14,227.44,234.15,244.97,235.3,233.48,198.88,205.29,214.49,216.13,228.15,221.35,262.13
23.61,84.8,58.14,180.33,62.95,209.42,194.75,219.15,212.22,151.04,161.21,116.36,60.8,195.36,41.44,179.06,157.25,55.01,169.5,65.06,132.54,133.43,179.97,190.91,207.25,123.54,82.35,110.19,52.56,110.65,139.16,203.68,131.13,57.72,103.51,20.1,123.11,226.21,14.05,207.86,190.79,74.48,42.19,57.38,128.54,114.65,165.02,213.52,135.94,74.47,58.2,211.24,182.52,46.11,170.02,120.96,195.29,172.46,193.31,236.27,52.43,151.7,89.51,201.6,136.11,207.55,183.64,133.66,136.43,77.54,74.51,18.28,112.46,157.16,142.38,167.66,120.41,100.28,174.22,14.59,126.98,105.77,183.71,223.59,184.85,69.08,17.27,75.63,25.47,143.49,155.62,85.74,96.98,131.54,149.5,201.5,144.51,83.27,66.87,126.47,156.63,186.76,199.56,61.59,69.81,95.99,199.5,25.73,208.19,18.12,53.96,142.41,170.51,113.14,158.47,78.14,75.91,112.29,166.99,78.72,203.44,66.76,61.13,70.16,128.1,74.2,104.37,10.7,111.52,124.61,131.09,42.78,98.76,86.06,47.04,147.63,92.7,191.5,210.73,142.96,184.08,41.72,54.0,129.13,10.02,188.7,52.24,29.26,178.54,58.35,190.42,76.23,141.22,44.18,174.52,177.69,35.22,165.09,72.06,92.8,136.57,147.16,178.45,100.89,206.07,129.41,184.19,211.87,195.0,45.36,24.72,63.62,200.55,182.54,87.09,110.82,133.01,166.5,81.38,37.87,48.18,126.85,82.14,123.71,133.68,157.07,183.31,52.97,21.13,116.16,174.11,31.35,43.56,38.99,173.45,39.59,36.1,120.44,178.48,181.99,41.33,14.72,36.86,38.27,144.55,177.49,76.49,30.44,30.79,64.53,66.72,119.95,93.5,88.64,81.81,102.72,89.78,99.25,85.01,69.14,59.36,18.91,0.0,56.22,50.11,46.06,47.49,42.86,42.33,42.05,27.07,53.52,48.33,65.77,65.15,62.03,54.09,60.63,54.64,75.79,62.9,82.64,66.4,132.24,109.6,176.38,177.6,167.91,160.09,155.17,143.41,143.65,138.18,88.65,106.41,93.96,94.62,72.13,58.82,64.92,64.18,106.35,107.93,81.08,81.36,82.33,69.38,80.57,74.2,79.44,82.41,88.38,94.55,104.46,89.97,91.77,97.58,100.26,106.49,122.98,125.75,111.78,118.0,126.47,134.43,136.79,140.87,139.0,130.38,124.4,122.2,97.79,119.14,143.92,148.39,143.31,146.84,136.37,140.51,126.87,148.24,149.22,125.86,122.4,113.55,126.88,106.45,165.06,169.86,199.99,144.34,149.28,130.48,140.38,171.57,176.27,160.43,163.1,152.41,172.45,167.15,155.83,188.66,166.09,184.64,181.57,192.13,191.25,190.48,193.8,199.95,215.24,221.98,193.84,195.64,192.4,206.34,202.62,198.3,200.64,200.86,197.45,219.97,204.87,210.31,230.2,214.68,224.68,230.75,232.27,246.54,231.28,252.54,218.87,206.3,211.12,219.3,193.55,215.35,210.03,211.23,220.9,218.24,224.19,199.25,204.23,216.16,239.96,202.86,212.7,220.78,229.08,235.78,246.61,236.94,235.12,200.51,206.92,216.12,217.76,229.79,222.99,263.77
48.75,82.91,14.12,199.38,69.05,228.47,213.8,238.2,231.27,170.09,180.26,135.41,79.85,214.41,14.65,198.11,176.3,4.84,188.55,84.11,151.59,152.48,199.02,209.96,226.3,142.59,64.68,129.24,71.61,129.7,158.21,222.73,150.18,76.77,61.89,32.97,142.16,245.26,45.43,226.91,209.85,93.53,28.83,63.48,147.59,133.7,184.07,232.58,154.99,93.52,77.25,230.29,201.57,65.16,189.07,140.01,214.34,191.52,212.36,255.32,71.48,170.75,108.56,220.65,155.16,226.6,202.7,92.04,155.48,35.92,93.56,57.54,131.51,176.21,161.44,186.71,78.79,119.33,193.27,43.5,85.36,124.82,202.76,242.64,203.9,88.13,39.32,94.68,56.61,162.54,174.67,104.79,55.36,150.59,168.55,220.56,163.56,41.65,22.74,145.52,175.68,205.81,218.61,70.72,88.86,115.04,218.55,26.89,227.24,57.37,73.01,161.46,189.56,132.19,177.52,97.19,85.04,131.34,186.04,97.77,222.49,85.81,80.18,26.44,147.16,93.25,62.75,42.1,69.9,143.66,150.14,44.42,57.14,105.11,24.75,166.68,51.08,210.55,229.78,162.01,203.13,36.22,63.13,148.18,49.28,207.75,58.35,32.98,197.59,22.58,209.47,34.61,160.27,54.5,193.57,196.74,21.48,184.14,91.11,51.18,155.62,166.21,197.5,119.94,225.12,148.46,203.24,230.92,214.05,54.69,33.68,22.0,219.6,201.59,45.47,129.87,152.06,185.55,100.43,31.22,67.23,145.9,101.19,142.76,152.73,176.12,202.36,72.02,47.45,74.54,193.16,41.32,65.41,26.93,192.5,61.43,53.92,139.49,197.53,201.04,60.38,45.86,46.18,60.12,163.6,196.55,95.54,51.13,46.13,83.58,85.77,78.33,51.88,47.02,40.19,67.39,48.16,57.63,43.39,78.27,68.49,40.78,56.22,0.0,7.84,10.34,28.78,24.15,19.37,23.35,29.73,34.01,39.2,38.64,47.11,5.9,14.75,31.39,32.02,33.28,9.05,41.73,85.82,89.73,67.09,133.87,135.09,125.4,117.59,112.66,100.9,101.15,95.68,108.07,125.83,113.37,114.03,81.85,78.24,84.34,83.6,125.77,127.34,100.5,100.78,101.75,88.8,99.99,53.72,62.28,75.92,98.1,73.33,61.95,78.33,101.49,107.3,109.98,125.91,142.4,145.17,131.19,137.42,145.88,153.85,156.21,160.29,158.42,149.8,143.82,141.61,117.2,128.87,163.33,167.81,162.73,166.26,155.79,159.92,146.28,167.66,168.63,143.68,141.81,132.97,146.3,125.87,184.48,189.28,219.41,163.76,168.7,148.3,159.8,190.99,195.69,179.84,182.51,171.82,191.87,186.57,175.24,208.08,185.5,204.06,200.99,211.55,210.66,209.9,213.22,219.37,234.66,241.4,213.26,215.05,211.82,225.75,222.03,217.72,220.05,220.27,216.87,239.39,224.29,229.73,249.62,234.09,244.1,250.17,251.69,265.95,250.69,271.95,238.29,225.72,230.54,238.72,212.97,234.77,229.44,230.65,240.32,237.65,243.6,218.66,223.65,235.58,259.38,222.28,232.12,240.2,248.5,255.2,266.03,256.36,254.54,219.93,226.34,235.54,237.18,249.21,242.41,283.19
42.63,87.35,21.88,192.8,62.47,221.88,207.22,231.62,224.69,163.51,173.68,128.83,73.27,207.83,8.53,191.53,169.72,6.76,181.97,77.53,145.01,145.9,192.44,203.38,219.72,136.01,72.43,122.66,65.03,123.12,151.63,216.15,143.6,70.19,69.64,26.85,135.58,238.68,39.32,220.33,203.26,86.95,30.09,56.9,141.01,127.12,177.49,225.99,148.41,86.94,70.67,223.71,194.99,58.58,182.49,133.43,207.76,184.93,205.78,248.74,64.9,164.17,101.98,214.07,148.58,220.02,196.11,99.79,148.9,43.67,86.98,51.42,124.93,169.63,154.85,180.13,86.54,112.75,186.69,37.39,93.11,118.24,196.18,236.06,197.32,81.55,33.2,88.1,50.5,155.96,168.09,98.21,63.11,144.01,161.97,213.97,156.98,49.4,30.49,138.94,169.1,199.23,212.03,64.14,82.28,108.46,211.97,20.78,220.66,51.26,66.43,154.88,182.98,125.61,170.94,90.61,78.46,124.76,179.46,91.19,215.91,79.23,73.6,34.19,140.57,86.67,70.5,35.99,77.65,137.08,143.56,40.7,64.89,98.53,34.94,160.1,58.83,203.97,223.2,155.43,196.55,29.64,56.55,141.6,43.17,201.17,51.76,26.87,191.01,30.33,202.89,42.36,153.69,47.92,186.99,190.16,15.37,177.56,84.53,58.93,149.04,159.63,190.92,113.36,218.54,141.88,196.66,224.34,207.47,48.11,27.57,29.75,213.02,195.01,53.22,123.29,145.48,178.97,93.85,25.77,60.65,139.32,94.61,136.18,146.15,169.54,195.78,65.44,41.34,82.29,186.58,35.21,58.83,20.82,185.92,54.85,47.34,132.91,190.95,194.46,53.8,39.75,39.6,53.54,157.02,189.96,88.96,44.55,40.02,77.0,79.18,86.08,59.63,54.77,47.94,75.14,55.91,65.39,51.14,71.69,61.91,34.67,50.11,7.84,0.0,4.23,12.44,18.04,27.92,17.23,23.62,44.4,45.6,46.39,65.42,13.65,22.5,39.14,42.41,41.03,16.81,49.48,79.4,97.48,74.84,141.62,142.84,133.15,125.34,120.41,108.65,108.9,103.43,101.65,119.41,106.95,107.62,75.43,71.82,77.92,77.18,119.35,120.92,94.08,94.36,95.33,82.38,93.57,61.47,70.03,85.72,91.68,81.08,69.7,86.09,95.07,100.88,103.56,119.49,135.98,138.75,124.78,131.0,139.46,147.43,149.79,153.87,152.0,143.38,137.4,135.2,110.79,122.45,156.91,161.39,156.31,159.84,149.37,153.51,139.86,161.24,162.21,137.26,135.4,126.55,139.88,119.45,178.06,182.86,212.99,157.34,162.28,141.88,153.38,184.57,189.27,173.43,176.09,165.41,185.45,180.15,168.82,201.66,179.08,197.64,194.57,205.13,204.24,203.48,206.8,212.95,228.24,234.98,206.84,208.63,205.4,219.33,215.61,211.3,213.63,213.85,210.45,232.97,217.87,223.31,243.2,227.67,237.68,243.75,245.27,259.53,244.28,265.53,231.87,219.3,224.12,232.3,206.55,228.35,223.02,224.23,233.9,231.23,237.18,212.24,217.23,229.16,252.96,215.86,225.7,233.78,242.08,248.78,259.61,249.94,248.12,213.51,219.92,229.12,230.76,242.79,235.99,276.77
38.59,83.3,24.38,188.76,58.42,217.84,203.17,227.57,220.65,159.47,169.63,124.78,69.22,203.78,4.49,187.48,165.68,9.26,177.92,73.48,140.96,141.85,188.39,199.33,215.68,131.96,77.83,118.61,60.98,119.07,147.59,212.11,139.55,66.14,72.14,22.81,131.53,234.64,35.27,216.28,199.22,82.9,26.05,52.85,136.96,123.07,173.45,221.95,144.36,82.9,66.62,219.66,190.95,54.53,178.44,129.38,203.71,180.89,201.73,244.7,60.85,160.12,97.93,210.02,144.53,215.97,192.07,102.29,144.85,46.17,82.94,47.38,120.88,165.58,150.81,176.08,89.04,108.71,182.64,33.34,95.61,114.19,192.13,232.01,193.27,77.5,29.16,84.05,46.45,151.92,164.04,94.16,65.61,139.97,157.92,209.93,152.93,51.9,32.99,134.89,165.06,195.19,207.98,60.09,78.23,104.42,207.92,16.73,216.61,47.21,62.39,150.84,178.93,121.57,166.9,86.56,74.41,120.71,175.41,87.14,211.87,75.18,69.56,36.69,136.53,82.63,73.0,31.94,80.15,133.03,139.51,36.65,67.39,94.48,30.9,156.05,61.33,199.92,219.15,151.38,192.51,25.59,52.5,137.55,39.12,197.12,47.72,22.82,186.96,32.83,198.85,44.86,149.64,43.87,182.94,186.12,11.32,173.51,80.48,61.43,144.99,155.58,186.87,109.31,214.49,137.83,192.61,220.3,203.42,44.06,23.53,32.25,208.97,190.96,55.72,119.24,141.43,174.92,89.81,21.72,56.6,135.28,90.56,132.13,142.11,165.49,191.74,61.4,37.3,84.79,182.53,31.16,54.78,16.77,181.87,50.81,43.29,128.86,186.9,190.41,49.75,35.7,35.55,49.49,152.97,185.92,84.91,40.5,35.98,72.96,75.14,88.58,62.13,57.27,50.44,77.64,58.41,67.89,53.64,67.64,57.86,30.62,46.06,10.34,4.23,0.0,18.62,13.99,23.87,13.19,19.57,40.35,41.55,48.89,61.38,16.15,25.0,41.64,38.36,43.53,19.31,51.98,75.35,99.98,77.34,144.12,145.34,135.65,127.84,122.91,111.15,111.4,105.93,97.6,115.36,102.91,103.57,71.38,67.77,73.87,73.13,115.3,116.88,90.04,90.31,91.28,78.33,89.52,63.97,75.67,81.67,87.63,83.58,72.2,86.2,91.02,96.83,99.51,115.44,131.93,134.7,120.73,126.95,135.42,143.38,145.74,149.82,147.95,139.33,133.35,131.15,106.74,118.4,152.87,157.34,152.26,155.79,145.32,149.46,135.82,157.19,158.17,133.21,131.35,122.5,135.83,115.4,174.01,178.81,208.94,153.29,158.23,137.83,149.33,180.52,185.22,169.38,172.05,161.36,181.4,176.1,164.78,197.61,175.04,193.59,190.53,201.09,200.2,199.43,202.75,208.9,224.19,230.93,202.8,204.59,201.35,215.29,211.57,207.25,209.59,209.81,206.4,228.93,213.83,219.26,239.15,223.63,233.64,239.7,241.22,255.49,240.23,261.49,227.82,215.25,220.07,228.25,202.5,224.3,218.98,220.18,229.85,227.19,233.14,208.2,213.18,225.11,248.91,211.81,221.65,229.73,238.03,244.73,255.56,245.89,244.07,209.46,215.87,225.08,226.71,238.74,231.94,272.72
40.01,86.75,45.44,196.74,61.88,225.82,211.15,235.55,228.62,167.45,177.61,132.76,77.2,211.76,14.14,195.46,173.66,27.71,185.9,81.46,148.94,149.83,196.37,207.31,223.65,139.94,81.28,126.59,68.96,127.05,155.56,220.09,147.53,74.12,90.82,24.23,139.51,242.61,36.43,224.26,207.2,90.88,29.5,56.31,144.94,131.05,181.42,229.93,152.34,90.88,74.6,227.64,198.92,62.51,186.42,137.36,211.69,188.87,209.71,252.68,68.83,168.1,105.91,218.0,152.51,223.95,200.05,120.97,152.83,64.85,90.91,48.8,128.86,173.56,158.79,184.06,107.72,116.69,190.62,34.77,114.29,122.17,200.11,239.99,201.25,85.48,30.32,92.03,47.88,159.9,172.02,102.14,84.28,147.94,165.9,217.91,160.91,70.58,54.18,142.87,173.04,203.17,215.96,63.54,86.21,112.4,215.9,18.16,224.59,48.64,70.36,158.81,186.91,129.54,174.88,94.54,77.86,128.69,183.39,95.12,219.84,83.16,77.53,57.47,144.51,90.6,91.68,33.36,98.83,141.01,147.49,40.11,86.07,102.46,34.35,164.03,80.0,207.9,227.13,159.36,200.48,29.04,55.96,145.53,40.54,205.1,51.17,24.25,194.94,45.66,206.82,63.54,157.62,47.33,190.92,194.09,12.64,181.49,88.46,80.11,152.97,163.56,194.85,117.29,222.47,145.81,200.59,228.28,211.4,47.51,24.95,50.92,216.95,198.94,74.4,127.22,149.41,182.9,97.78,25.17,64.58,143.25,98.54,140.11,150.08,173.47,199.71,69.37,38.72,103.47,190.51,32.59,59.96,20.22,189.85,55.99,46.75,136.84,194.88,198.39,57.73,37.13,39.0,54.67,160.95,193.9,92.89,46.84,37.4,80.94,83.12,107.26,80.81,75.95,69.11,96.31,77.09,86.56,72.31,71.09,61.32,32.04,47.49,28.78,12.44,18.62,0.0,8.94,27.32,9.05,20.73,43.81,45.0,65.45,64.83,35.35,38.35,47.8,41.81,62.96,38.51,69.81,83.16,119.41,96.77,163.55,164.77,155.08,147.27,142.34,130.58,130.83,125.36,105.41,123.18,110.72,111.38,74.83,75.59,81.69,80.94,123.11,124.69,97.85,98.12,99.1,86.15,97.33,73.88,79.12,85.12,91.08,94.23,91.63,89.65,94.48,100.28,102.97,123.26,139.74,142.52,128.54,134.77,143.23,151.2,153.55,157.63,155.77,147.14,141.16,138.96,114.55,121.85,160.68,165.16,160.07,163.61,153.14,157.27,143.63,165.01,165.98,136.66,139.16,130.32,143.65,123.22,181.83,186.62,216.76,161.1,166.04,141.28,157.15,188.33,193.03,177.19,179.86,169.17,189.22,183.92,172.59,205.42,182.85,201.4,198.34,208.9,208.01,207.25,210.57,216.72,232.01,238.75,210.61,212.4,209.17,223.1,219.38,215.07,217.4,217.62,214.21,236.74,221.64,227.07,246.97,231.44,241.45,247.52,249.03,263.3,248.04,269.3,235.64,223.06,227.89,236.06,210.31,232.12,226.79,227.99,237.66,235.0,240.95,216.01,220.99,232.93,256.72,219.63,229.47,237.54,245.84,252.55,263.37,253.7,251.88,217.28,223.69,232.89,234.53,246.55,239.75,280.53
35.38,82.12,40.81,192.1,57.25,221.19,206.52,230.92,223.99,162.81,172.98,128.13,72.57,207.13,9.51,190.83,169.02,23.07,181.27,76.83,144.31,145.2,191.74,202.68,219.02,135.31,76.65,121.96,64.33,122.42,150.93,215.45,142.9,69.49,86.19,19.6,134.88,237.98,31.8,219.63,202.57,86.25,24.87,51.67,140.31,126.42,176.79,225.3,147.71,86.24,69.97,223.01,194.29,57.88,181.79,132.73,207.06,184.24,205.08,248.04,64.2,163.47,101.28,213.37,147.88,219.32,195.42,116.33,148.2,60.22,86.28,44.17,124.23,168.93,154.16,179.43,103.09,112.05,185.99,30.14,109.66,117.54,195.48,235.36,196.62,80.85,25.69,87.4,43.25,155.26,167.39,97.51,79.65,143.31,161.27,213.28,156.28,65.95,49.55,138.24,168.4,198.53,211.33,58.91,81.58,107.76,211.27,13.52,219.96,44.01,65.73,154.18,182.28,124.91,170.24,89.91,73.23,124.06,178.76,90.49,215.21,78.53,72.9,52.83,139.88,85.97,87.05,28.73,94.2,136.38,142.86,35.48,81.44,97.83,29.72,159.4,75.37,203.27,222.5,154.73,195.85,24.41,51.33,140.9,35.91,200.47,46.54,19.61,190.31,41.03,202.19,58.91,152.99,42.7,186.29,189.46,8.01,176.86,83.83,75.48,148.34,158.93,190.22,112.66,217.84,141.18,195.96,223.64,206.77,42.88,20.32,46.29,212.32,194.31,69.77,122.59,144.78,178.27,93.15,20.54,59.95,138.62,93.91,135.48,145.45,168.84,195.08,64.74,34.09,98.83,185.88,27.96,55.33,15.59,185.22,51.36,42.12,132.21,190.25,193.76,53.1,32.5,34.37,50.04,156.32,189.27,88.26,42.21,32.77,76.3,78.49,102.63,76.18,71.32,64.48,91.68,72.46,81.93,67.68,66.46,56.69,27.41,42.86,24.15,18.04,13.99,8.94,0.0,22.69,4.42,16.1,39.17,40.37,60.82,60.2,30.72,33.72,43.17,37.18,58.33,33.88,65.18,78.53,114.78,92.14,158.92,160.14,150.45,142.64,137.71,125.95,126.2,120.73,100.78,118.54,106.09,106.75,70.2,70.96,77.06,76.31,118.48,120.06,93.22,93.49,94.47,81.52,92.7,69.25,74.49,80.49,86.45,89.6,87.0,85.02,89.84,95.65,98.33,118.63,135.11,137.89,123.91,130.14,138.6,146.56,148.92,153.0,151.13,142.51,136.53,134.33,109.92,117.22,156.05,160.53,155.44,158.97,148.5,152.64,139.0,160.37,161.35,132.03,134.53,125.69,139.02,118.59,177.19,181.99,212.12,156.47,161.41,136.65,152.52,183.7,188.4,172.56,175.23,164.54,184.59,179.29,167.96,200.79,178.22,196.77,193.71,204.27,203.38,202.61,205.94,212.08,227.37,234.12,205.98,207.77,204.54,218.47,214.75,210.44,212.77,212.99,209.58,232.11,217.01,222.44,242.34,226.81,236.82,242.89,244.4,258.67,243.41,264.67,231.01,218.43,223.25,231.43,205.68,227.48,222.16,223.36,233.03,230.37,236.32,211.38,216.36,228.3,252.09,215.0,224.84,232.91,241.21,247.91,258.74,249.07,247.25,212.65,219.06,228.26,229.9,241.92,235.12,275.9
34.85,71.13,24.05,176.59,46.26,205.67,191.0,215.4,208.48,147.3,157.46,112.61,57.06,191.61,19.38,175.31,153.51,32.95,165.75,61.31,128.79,129.68,176.22,187.16,203.51,119.79,65.66,106.44,48.81,106.9,135.42,199.94,127.38,53.97,75.2,22.96,119.36,222.47,35.43,204.11,187.05,70.73,13.88,40.68,124.79,110.9,161.28,209.78,132.19,70.73,54.45,207.5,178.78,42.36,166.27,117.21,191.54,168.72,189.56,232.53,48.68,147.95,85.76,197.85,132.36,203.8,179.9,105.34,132.68,49.23,70.77,43.65,108.71,153.41,138.64,163.91,92.1,96.54,170.47,33.16,98.66,102.02,179.96,219.84,181.1,65.33,29.31,71.88,45.1,139.75,151.87,81.99,68.66,127.8,145.75,197.76,140.76,54.96,38.56,122.73,152.89,183.02,195.81,47.92,66.06,92.25,195.75,16.89,204.44,43.49,50.22,138.67,166.77,109.4,154.73,74.4,62.24,108.54,163.25,74.97,199.7,63.01,57.39,41.84,124.36,70.46,76.06,32.1,83.21,120.86,127.34,24.48,70.45,82.31,18.73,143.88,64.38,187.76,206.99,139.21,180.34,13.42,40.34,125.38,35.39,184.95,35.55,14.22,174.79,30.04,186.68,47.92,137.47,31.71,170.77,173.95,15.18,161.34,68.31,64.49,132.82,143.41,174.7,97.14,202.33,125.66,180.45,208.13,191.25,31.89,19.8,35.3,196.8,178.8,58.78,107.07,129.26,162.75,77.64,9.55,44.43,123.11,78.39,119.96,129.94,153.32,179.57,49.23,33.57,87.84,170.36,28.37,42.61,8.36,169.7,38.64,31.13,116.69,174.73,178.24,37.59,34.35,23.38,37.32,140.8,173.75,72.75,28.33,27.36,60.79,62.97,91.64,65.19,60.33,53.49,80.69,61.47,70.94,56.69,55.47,45.7,30.78,42.33,19.37,27.92,23.87,27.32,22.69,0.0,21.88,19.73,28.18,29.38,49.83,49.21,13.47,19.1,32.18,26.19,47.34,20.96,54.19,63.18,103.79,81.15,147.93,149.15,139.46,131.65,126.72,114.96,115.2,109.74,85.43,103.19,90.74,91.4,59.21,55.61,61.7,60.96,103.13,104.71,77.87,78.14,79.11,66.16,77.35,58.26,63.5,69.5,75.46,78.61,76.01,74.03,78.85,84.66,87.34,103.28,119.76,122.53,108.56,114.79,123.25,131.21,133.57,137.65,135.78,127.16,121.18,118.98,94.57,106.23,140.7,145.18,140.09,143.62,133.15,137.29,123.65,145.02,146.0,121.04,119.18,110.33,123.67,103.23,161.84,166.64,196.77,141.12,146.06,125.66,137.17,168.35,173.05,157.21,159.88,149.19,169.23,163.93,152.61,185.44,162.87,181.42,178.36,188.92,188.03,187.26,190.59,196.73,212.02,218.76,190.63,192.42,189.19,203.12,199.4,195.08,197.42,197.64,194.23,216.76,201.66,207.09,226.98,211.46,221.47,227.53,229.05,243.32,228.06,249.32,215.65,203.08,207.9,216.08,190.33,212.13,206.81,208.01,217.68,215.02,220.97,196.03,201.01,212.94,236.74,199.65,209.48,217.56,225.86,232.56,243.39,233.72,231.9,197.29,203.7,212.91,214.55,226.57,219.77,260.55
34.58,81.31,40.01,191.3,56.44,220.38,205.71,230.11,223.19,162.01,172.17,127.32,71.77,206.32,8.7,190.02,168.22,22.27,180.46,76.02,143.5,144.39,190.93,201.87,218.22,134.5,75.84,121.15,63.52,121.61,150.13,214.65,142.09,68.68,85.38,18.79,134.07,237.18,30.99,218.82,201.76,85.44,24.06,50.87,139.5,125.61,175.99,224.49,146.9,85.44,69.16,222.2,193.49,57.07,180.98,131.92,206.25,183.43,204.27,247.24,63.39,162.66,100.47,212.56,147.07,218.51,194.61,115.53,147.39,59.41,85.48,43.36,123.42,168.12,153.35,178.62,102.28,111.25,185.18,29.33,108.85,116.73,194.67,234.55,195.81,80.04,24.88,86.59,42.44,154.46,166.58,96.7,78.84,142.51,160.46,212.47,155.47,65.14,48.74,137.44,167.6,197.73,210.52,58.11,80.77,106.96,210.46,12.72,219.15,43.2,64.93,153.38,181.48,124.11,169.44,89.11,72.42,123.25,177.96,89.68,214.41,77.72,72.1,52.03,139.07,85.17,86.24,27.93,93.39,135.57,142.05,34.67,80.63,97.02,28.91,158.59,74.57,202.47,221.7,153.92,195.05,23.6,50.52,140.09,35.11,199.66,45.73,18.81,189.5,40.22,201.39,58.1,152.18,41.89,185.48,188.66,7.2,176.05,83.02,74.67,147.53,158.12,189.41,111.85,217.04,140.37,195.16,222.84,205.96,42.07,19.51,45.49,211.51,193.51,68.96,121.78,143.97,177.46,92.35,19.73,59.14,137.82,93.1,134.67,144.65,168.03,194.28,63.94,33.28,98.03,185.07,27.15,54.52,14.79,184.41,50.55,41.31,131.4,189.44,192.95,52.3,31.69,33.56,49.23,155.51,188.46,87.46,41.41,31.96,75.5,77.68,101.82,75.37,70.51,63.67,90.87,71.65,81.12,66.88,65.65,55.88,26.61,42.05,23.35,17.23,13.19,9.05,4.42,21.88,0.0,15.29,38.37,39.56,60.01,59.39,29.91,32.91,42.37,36.37,57.52,33.07,64.38,77.73,113.97,91.33,158.12,159.33,149.64,141.83,136.9,125.14,125.39,119.92,99.98,117.74,105.28,105.94,69.4,70.15,76.25,75.51,117.68,119.25,92.41,92.69,93.66,80.71,91.9,68.44,73.68,79.68,85.64,88.79,86.19,84.21,89.04,94.85,97.53,117.82,134.31,137.08,123.1,129.33,137.79,145.76,148.11,152.2,150.33,141.71,135.73,133.52,109.11,116.41,155.24,159.72,154.64,158.17,147.7,151.83,138.19,159.57,160.54,131.22,133.72,124.88,138.21,117.78,176.39,181.18,211.32,155.67,160.6,135.84,151.71,182.89,187.6,171.75,174.42,163.73,183.78,178.48,167.15,199.99,177.41,195.97,192.9,203.46,202.57,201.81,205.13,211.28,226.57,233.31,205.17,206.96,203.73,217.66,213.94,209.63,211.96,212.18,208.77,231.3,216.2,221.64,241.53,226.0,236.01,242.08,243.6,257.86,242.6,263.86,230.2,217.63,222.45,230.63,204.88,226.68,221.35,222.56,232.23,229.56,235.51,210.57,215.56,227.49,251.28,214.19,224.03,232.11,240.4,247.11,257.93,248.27,246.45,211.84,218.25,227.45,229.09,241.12,234.32,275.09
32.42,79.16,37.85,189.14,54.28,218.22,203.56,227.95,221.03,159.85,170.01,125.16,69.61,204.17,15.08,187.86,166.06,28.65,178.3,73.86,141.34,142.24,188.78,199.72,216.06,132.35,73.68,118.99,61.36,119.45,147.97,212.49,139.93,66.53,83.22,16.64,131.92,235.02,15.81,216.66,199.6,83.28,21.9,48.71,137.34,123.45,173.83,222.33,144.74,83.28,67.0,220.05,191.33,54.91,178.82,129.76,204.09,181.27,202.12,245.08,61.24,160.5,98.32,210.4,144.91,216.36,192.45,113.37,145.23,57.25,83.32,31.88,121.26,165.96,151.19,176.46,100.12,109.09,183.02,27.18,106.69,114.57,192.51,232.39,193.66,77.88,9.7,84.43,40.29,152.3,164.43,94.54,76.69,140.35,158.3,210.31,153.32,62.98,46.58,135.28,165.44,195.57,208.36,55.95,78.62,104.8,208.3,10.56,216.99,31.72,62.77,151.22,179.32,121.95,167.28,86.95,70.27,121.1,175.8,87.53,212.25,75.56,69.94,49.87,136.91,83.01,84.08,25.77,91.23,133.41,139.9,32.51,78.47,94.87,26.75,156.43,72.41,200.31,219.54,151.77,192.89,21.45,48.36,137.93,23.62,197.5,43.57,16.65,187.34,38.06,199.23,55.94,150.02,39.73,183.32,186.5,8.59,173.9,80.86,72.51,145.37,155.96,187.25,109.7,214.88,138.21,193.0,220.68,203.81,39.91,17.36,43.33,209.36,191.35,66.8,119.63,141.82,175.3,90.19,17.58,56.99,135.66,90.94,132.51,142.49,165.88,192.12,61.78,31.13,95.87,182.92,25.0,52.36,12.63,182.26,48.39,39.15,129.24,187.29,190.79,50.14,29.54,31.41,47.08,153.35,186.3,85.3,39.25,29.81,73.34,75.52,99.66,73.21,68.35,61.52,88.72,69.49,78.97,64.72,63.5,53.72,24.45,27.07,29.73,23.62,19.57,20.73,16.1,19.73,15.29,0.0,36.21,37.41,57.86,57.23,35.54,30.76,40.21,34.22,55.37,38.7,62.22,75.57,111.82,89.18,155.96,157.18,147.48,139.67,134.75,122.98,123.23,117.76,97.82,115.58,103.13,103.79,67.24,67.99,74.09,73.35,115.52,117.1,90.25,90.53,91.5,78.55,89.74,66.29,71.52,77.53,83.49,86.63,84.04,82.05,86.88,92.69,95.37,115.66,132.15,134.92,120.95,127.17,135.64,143.6,145.96,150.04,148.17,139.55,133.57,131.37,106.96,114.26,153.09,157.56,152.48,156.01,145.54,149.68,136.04,157.41,158.39,129.07,131.57,122.72,136.05,115.62,174.23,179.03,209.16,153.51,158.45,133.69,149.55,180.74,185.44,169.6,172.27,161.58,181.62,176.32,165.0,197.83,175.26,193.81,190.74,201.3,200.42,199.65,202.97,209.12,224.41,231.15,203.01,204.81,201.57,215.5,211.79,207.47,209.81,210.02,206.62,229.14,214.04,219.48,239.37,223.85,233.85,239.92,241.44,255.71,240.45,261.71,228.04,215.47,220.29,228.47,202.72,224.52,219.2,220.4,230.07,227.41,233.36,208.42,213.4,225.33,249.13,212.03,221.87,229.95,238.25,244.95,255.78,246.11,244.29,209.68,216.09,225.29,226.93,238.96,232.16,272.94
35.74,60.16,24.54,171.24,35.28,200.32,185.66,210.05,203.13,141.95,152.12,107.27,51.71,186.27,35.87,169.97,148.16,38.76,160.41,55.97,123.44,124.34,170.88,181.82,198.16,114.12,54.68,101.09,43.47,101.55,130.07,194.59,122.03,48.63,64.78,39.45,114.02,217.12,54.24,198.76,181.7,65.39,16.95,29.71,119.44,105.56,155.93,204.43,126.85,65.38,49.1,202.15,173.43,30.64,160.93,111.87,186.19,163.37,184.22,227.18,43.34,142.61,80.42,192.5,127.01,198.46,174.55,94.92,127.33,38.8,65.42,54.83,103.36,148.06,133.29,158.57,81.67,91.19,165.13,44.35,88.24,96.67,174.61,214.5,175.76,59.99,45.8,66.53,56.29,134.4,146.53,76.65,58.24,122.45,140.41,192.41,135.42,44.53,28.13,117.38,147.54,177.67,190.47,36.95,60.72,86.9,190.4,33.37,199.1,54.67,44.87,133.32,161.42,104.05,149.38,69.05,51.26,103.2,157.9,69.63,194.35,57.67,52.04,31.42,119.01,65.11,65.63,46.38,72.78,115.52,122.0,10.41,60.02,76.97,9.47,138.54,53.96,182.41,201.64,133.87,174.99,24.34,29.36,120.03,46.58,179.6,24.57,28.52,169.44,19.61,181.33,37.49,132.12,26.36,165.43,168.6,31.67,156.0,62.97,54.06,127.47,138.06,169.35,91.8,196.98,120.31,175.1,202.78,185.91,20.91,34.1,24.88,191.46,173.45,48.35,101.73,123.92,157.4,72.29,19.34,39.09,117.76,73.04,114.62,124.59,147.98,174.22,43.88,41.24,77.42,165.02,26.51,37.26,24.85,164.36,33.29,25.78,111.34,169.39,172.9,32.24,45.54,16.85,31.98,135.46,168.4,67.4,22.99,25.51,55.44,57.62,81.21,54.76,49.9,43.07,70.27,51.04,60.52,46.27,44.5,34.72,47.26,53.52,34.01,44.4,40.35,43.81,39.17,28.18,38.37,36.21,0.0,5.19,19.9,23.87,32.43,19.59,15.36,5.49,36.15,28.4,43.0,57.76,92.6,69.96,136.74,137.96,128.27,120.45,115.53,103.77,104.01,98.54,80.01,97.77,85.32,85.98,48.0,50.19,56.29,55.54,97.71,99.29,72.45,72.72,73.69,60.75,71.93,47.05,52.28,58.28,64.25,76.2,64.82,62.81,67.64,73.45,76.13,97.86,114.34,117.12,103.14,109.37,117.83,125.79,128.15,132.23,130.36,121.74,115.76,113.56,89.15,95.02,135.28,139.76,134.67,138.2,127.73,131.87,118.23,139.6,140.58,109.83,113.76,104.91,118.25,97.82,156.42,161.22,191.35,135.7,140.64,114.45,131.75,162.93,167.63,151.79,154.46,143.77,163.82,158.52,147.19,180.02,157.45,176.0,172.94,183.5,182.61,181.84,185.17,191.31,206.6,213.34,185.21,187.0,183.77,197.7,193.98,189.66,192.0,192.22,188.81,211.34,196.24,201.67,221.56,206.04,216.05,222.12,223.63,237.9,222.64,243.9,210.23,197.66,202.48,210.66,184.91,206.71,201.39,202.59,212.26,209.6,215.55,190.61,195.59,207.52,231.32,194.23,204.06,212.14,220.44,227.14,237.97,228.3,226.48,191.87,198.28,207.49,209.13,221.15,214.35,255.13
30.55,54.96,29.73,166.05,30.09,195.13,180.47,204.86,197.94,136.76,146.92,102.07,46.52,181.07,37.06,164.77,142.97,43.95,155.21,50.77,118.25,119.14,165.68,176.63,192.97,108.93,49.49,95.9,38.27,96.36,124.88,189.4,116.84,43.44,69.97,46.28,108.82,211.93,49.05,193.57,176.51,60.19,22.15,24.52,114.25,100.36,150.74,199.24,121.65,60.19,43.91,196.96,168.24,25.45,155.73,106.67,181.0,158.18,179.02,221.99,38.15,137.41,75.23,187.31,121.82,193.27,169.36,100.11,122.14,43.99,60.23,49.64,98.17,142.87,128.1,153.37,86.87,86.0,159.93,39.16,93.43,91.48,169.42,209.3,170.57,54.79,52.27,61.34,51.1,129.21,141.34,71.45,63.43,117.26,135.21,187.22,130.23,49.73,33.33,112.19,142.35,172.48,185.27,31.76,55.53,81.71,185.21,34.57,193.9,49.48,39.68,128.13,156.23,98.86,144.19,63.86,46.07,98.01,152.71,64.43,189.16,52.47,46.85,36.61,113.82,59.92,70.83,41.19,77.97,110.32,116.81,5.22,65.22,71.78,14.66,133.34,59.15,177.22,196.45,128.68,169.8,18.47,24.17,114.84,41.38,174.41,19.38,29.71,164.25,24.8,176.14,42.68,126.93,21.17,160.23,163.41,32.86,150.81,57.77,59.25,122.28,132.87,164.16,86.6,191.79,115.12,169.91,197.59,180.72,15.72,25.02,30.07,186.26,168.26,53.55,96.54,118.73,152.21,67.1,24.53,33.9,112.57,67.85,109.42,119.4,142.79,169.03,38.69,36.04,82.61,159.82,21.32,32.07,26.04,159.16,28.1,20.59,106.15,164.19,167.7,27.05,40.34,11.65,26.78,130.26,163.21,62.21,17.79,20.31,50.25,52.43,86.41,59.96,55.09,48.26,75.46,56.23,65.71,51.46,39.3,29.53,46.69,48.33,39.2,45.6,41.55,45.0,40.37,29.38,39.56,37.41,5.19,0.0,21.69,32.8,37.63,24.78,20.55,10.69,41.34,33.59,48.19,52.57,97.79,75.15,141.93,143.15,133.46,125.65,120.72,108.96,109.2,103.74,74.82,92.58,80.13,80.79,42.81,44.99,51.09,50.35,92.52,94.1,67.25,67.53,68.5,55.55,66.74,41.85,47.09,53.09,59.05,62.2,70.01,57.62,62.45,68.26,70.94,92.66,109.15,111.92,97.95,104.17,112.64,120.6,122.96,127.04,125.17,116.55,110.57,108.37,83.96,89.82,130.09,134.56,129.48,133.01,122.54,126.68,113.04,134.41,135.39,104.63,108.57,99.72,113.05,92.62,151.23,156.03,186.16,130.51,135.45,109.25,126.55,157.74,162.44,146.6,149.27,138.58,158.62,153.32,142.0,174.83,152.26,170.81,167.74,178.3,177.42,176.65,179.97,186.12,201.41,208.15,180.01,181.81,178.57,192.5,188.79,184.47,186.81,187.02,183.62,206.14,191.04,196.48,216.37,200.85,210.85,216.92,218.44,232.71,217.45,238.71,205.04,192.47,197.29,205.47,179.72,201.52,196.2,197.4,207.07,204.41,210.36,185.42,190.4,202.33,226.13,189.03,198.87,206.95,215.25,221.95,232.78,223.11,221.29,186.68,193.09,202.29,203.93,215.96,209.16,249.94
47.99,53.88,25.45,170.23,16.48,199.31,184.65,209.04,202.12,140.94,151.1,106.26,50.7,185.26,57.51,167.02,147.15,43.39,157.46,54.96,122.43,123.33,169.87,180.81,197.15,107.85,27.43,100.08,42.45,100.54,129.06,193.58,121.02,47.62,61.39,63.73,113.01,216.11,66.5,197.75,180.69,64.37,47.05,18.34,118.43,104.55,154.92,203.42,123.9,64.37,48.09,201.14,172.42,24.37,157.98,110.85,185.18,162.36,183.21,226.17,42.33,141.59,79.41,191.49,126.0,197.45,171.61,91.54,124.39,35.42,64.41,67.09,102.35,145.12,132.28,157.55,78.29,90.18,164.12,56.6,84.86,95.66,173.6,213.48,174.75,58.97,69.71,65.52,68.54,131.46,143.58,75.63,54.86,121.44,137.46,191.4,134.41,41.15,24.75,116.37,148.93,176.66,189.45,30.67,59.71,85.89,189.39,55.02,198.08,66.93,43.86,132.31,160.41,103.04,148.37,68.04,44.99,102.19,156.89,68.62,193.34,56.65,51.03,28.04,118.0,64.1,62.25,58.63,69.4,114.5,120.99,28.21,56.64,75.96,31.69,135.59,50.58,181.4,200.63,130.92,173.98,38.92,23.09,117.09,58.83,178.59,17.94,50.16,168.43,20.46,180.32,34.11,131.11,23.8,164.41,167.59,53.31,154.99,61.96,50.68,126.46,135.12,166.41,90.79,195.97,119.3,172.15,199.84,184.9,18.76,40.57,21.5,190.45,172.44,44.97,100.72,122.91,156.39,71.28,43.26,38.08,116.75,72.03,113.6,121.65,146.97,173.21,42.87,53.49,74.04,164.01,36.88,44.78,46.49,163.35,40.81,31.62,110.33,168.38,171.88,31.23,57.79,26.77,39.5,132.51,167.39,66.39,33.35,35.87,54.43,56.61,77.83,51.38,46.52,39.69,47.81,47.66,57.13,42.89,38.22,28.45,64.14,65.77,38.64,46.39,48.89,65.45,60.82,49.83,60.01,57.86,19.9,21.69,0.0,9.18,37.07,29.8,11.68,25.4,32.77,33.04,20.29,56.37,89.22,66.58,133.36,134.58,124.88,117.07,112.15,100.38,100.63,95.16,78.62,96.38,83.92,84.59,41.73,48.79,54.89,54.15,96.32,97.9,71.05,71.33,72.3,59.35,70.54,19.8,25.03,38.67,57.97,40.14,56.45,35.56,61.37,67.17,69.86,96.46,112.95,115.72,101.75,107.97,116.43,124.4,126.76,130.84,128.97,120.35,114.37,112.17,87.76,88.74,133.88,138.36,133.28,136.81,126.34,130.48,116.83,138.21,136.72,103.55,109.9,103.52,114.39,96.42,155.03,159.83,189.96,131.85,136.78,108.17,127.89,159.07,163.78,147.93,150.6,139.91,159.96,154.66,143.33,178.63,156.05,174.61,171.54,182.1,181.22,180.45,183.77,189.92,205.21,211.95,181.35,183.14,179.91,193.84,190.12,185.81,188.14,188.36,184.95,209.94,194.84,200.28,220.17,204.64,214.65,220.72,222.24,236.5,221.25,242.5,208.84,196.27,201.09,209.27,183.52,205.32,200.0,201.2,210.87,208.21,214.15,189.21,194.2,206.13,229.93,192.83,202.67,210.75,219.05,225.75,236.58,226.91,225.09,188.02,194.43,203.63,205.27,217.3,210.5,253.74
47.37,44.94,33.92,169.61,7.31,198.69,184.02,208.42,201.5,140.32,150.48,105.63,50.08,184.63,56.89,161.73,146.53,51.86,152.17,54.33,121.81,122.7,169.24,180.18,196.53,102.56,26.71,99.46,41.83,99.92,128.44,192.96,120.4,46.99,69.86,63.11,112.38,215.49,65.87,197.13,180.07,63.75,46.43,8.25,117.81,103.92,154.3,202.8,118.61,63.75,47.47,200.52,171.8,23.75,152.69,110.23,184.56,161.74,182.58,225.55,41.7,140.97,78.79,190.87,125.38,196.82,166.32,100.01,119.1,43.89,63.79,66.46,101.73,139.83,131.66,156.93,86.76,89.56,163.49,55.98,93.33,95.04,172.98,212.86,174.12,58.35,69.09,64.9,67.92,126.17,138.29,75.01,63.33,120.82,132.17,190.78,133.78,49.62,33.22,115.75,143.65,176.04,188.83,30.05,59.08,85.27,188.77,54.39,197.46,66.3,43.24,131.69,159.79,102.42,147.75,67.42,44.37,101.56,156.27,67.99,192.72,56.03,50.41,36.51,117.38,63.48,70.72,58.01,77.87,113.88,120.36,27.58,65.11,75.33,51.28,130.3,59.05,180.78,200.01,125.63,173.36,38.29,22.46,111.8,58.21,177.97,17.32,49.54,167.81,28.93,179.7,42.58,130.49,23.17,163.79,166.97,52.69,154.36,61.33,59.15,125.84,129.83,161.12,90.16,195.35,118.68,166.87,194.55,184.27,18.38,39.95,29.97,189.82,171.82,53.44,100.09,122.28,155.77,70.66,42.63,37.45,116.13,71.41,112.98,116.36,146.34,172.59,42.25,52.87,82.51,163.38,36.25,44.16,45.87,162.72,40.19,31.0,109.71,167.75,171.26,30.61,57.17,26.15,38.87,127.22,166.77,65.77,32.72,35.24,53.81,55.99,86.3,59.85,54.99,48.16,47.08,43.43,65.6,51.36,37.6,27.82,63.51,65.15,47.11,65.42,61.38,64.83,60.2,49.21,59.39,57.23,23.87,32.8,9.18,0.0,45.54,38.27,20.15,29.36,41.24,41.51,36.02,55.74,97.69,75.04,141.83,143.05,133.35,125.54,120.62,108.85,109.1,103.63,77.99,95.76,83.3,83.96,41.1,48.17,54.27,53.52,95.69,97.27,70.43,70.7,71.68,58.73,69.91,19.08,24.31,37.95,52.68,39.42,55.73,34.84,56.08,61.89,64.57,95.84,112.33,115.1,101.12,107.35,115.81,123.78,126.13,130.21,128.35,119.72,113.74,111.54,87.13,83.45,133.26,137.74,132.65,136.19,125.72,129.85,116.21,137.59,131.43,98.26,104.61,102.9,109.1,95.8,154.41,159.2,189.34,126.56,131.49,102.88,122.6,153.79,158.49,142.64,145.31,134.62,154.67,149.37,138.04,178.0,155.43,173.98,170.92,181.48,180.59,179.83,183.15,189.3,204.59,211.33,176.06,177.85,174.62,188.55,184.83,180.52,182.85,183.07,179.66,209.32,194.22,199.65,219.55,204.02,214.03,220.1,221.62,235.88,220.62,241.88,208.22,195.64,200.47,208.64,182.89,204.7,199.37,200.57,210.24,207.58,213.53,188.59,193.57,205.51,229.3,192.21,202.05,210.12,218.42,225.13,235.95,226.28,224.46,182.73,189.14,198.34,199.98,212.01,205.21,253.11
54.56,81.34,12.55,197.81,67.48,226.89,212.23,236.62,229.7,168.52,178.68,133.83,78.28,212.84,20.46,196.54,174.73,10.65,186.97,82.54,150.01,150.91,197.45,208.39,224.73,141.02,63.11,127.66,70.03,128.12,156.64,221.16,148.6,75.2,60.32,38.78,140.59,243.69,51.24,225.33,208.27,91.95,27.26,61.91,146.01,132.13,182.5,231.0,153.42,91.95,75.67,228.72,200.0,63.58,187.49,138.43,212.76,189.94,210.79,253.75,69.91,169.17,106.99,219.07,153.58,225.03,201.12,90.46,153.9,34.35,91.99,63.35,129.93,174.63,159.86,185.13,77.22,117.76,191.7,49.31,83.79,123.24,201.18,241.06,202.33,86.55,45.13,93.1,62.42,160.97,173.1,103.21,53.78,149.02,166.98,218.98,161.99,40.08,21.17,143.95,174.11,204.24,217.03,69.15,87.29,113.47,216.97,32.7,225.66,63.18,71.44,159.89,187.99,130.62,175.95,95.62,83.46,129.77,184.47,96.2,220.92,84.23,78.61,24.87,145.58,91.68,61.18,47.91,68.33,142.08,148.57,42.84,55.57,103.54,23.18,165.1,49.5,208.98,228.21,160.44,201.56,34.64,61.56,146.6,55.09,206.17,56.77,38.79,196.01,21.0,207.9,33.04,158.69,52.93,191.99,195.17,27.29,182.57,89.54,49.61,154.04,164.63,195.92,118.37,223.55,146.88,201.67,229.35,212.48,53.11,39.5,20.42,218.03,200.02,43.9,128.3,150.49,183.97,98.86,29.65,65.66,144.33,99.61,141.18,151.16,174.55,200.79,70.45,53.27,72.96,191.59,47.13,63.83,32.74,190.93,59.86,52.35,137.91,195.96,199.46,58.81,51.67,44.6,58.54,162.02,194.97,93.97,49.56,48.58,82.01,84.19,76.76,50.31,45.45,38.61,65.81,46.59,56.06,41.81,76.7,66.92,46.59,62.03,5.9,13.65,16.15,35.35,30.72,13.47,29.91,35.54,32.43,37.63,37.07,45.54,0.0,13.18,29.81,30.44,31.71,7.48,40.15,84.24,88.16,65.52,132.3,133.52,123.83,116.01,111.09,99.33,99.57,94.1,106.49,124.25,111.8,112.46,80.28,76.67,82.77,82.02,124.19,125.77,98.93,99.2,100.18,87.23,98.41,52.15,60.7,74.34,96.52,71.76,60.38,76.76,99.92,105.73,108.41,124.34,140.82,143.6,129.62,135.85,144.31,152.27,154.63,158.71,156.84,148.22,142.24,140.04,115.63,127.29,161.76,166.24,161.15,164.68,154.21,158.35,144.71,166.08,167.06,142.1,140.24,131.4,144.73,124.3,182.9,187.7,217.83,162.18,167.12,146.72,158.23,189.41,194.11,178.27,180.94,170.25,190.3,185.0,173.67,206.5,183.93,202.48,199.42,209.98,209.09,208.32,211.65,217.79,233.08,239.83,211.69,213.48,210.25,224.18,220.46,216.15,218.48,218.7,215.29,237.82,222.72,228.15,248.05,232.52,242.53,248.6,250.11,264.38,249.12,270.38,236.72,224.14,228.96,237.14,211.39,233.19,227.87,229.07,238.74,236.08,242.03,217.09,222.07,234.01,257.8,220.71,230.55,238.62,246.92,253.62,264.45,254.78,252.96,218.36,224.77,233.97,235.61,247.63,240.83,281.61
43.22,79.51,5.28,184.96,54.63,214.04,199.38,223.78,216.85,155.67,165.84,120.99,65.43,199.99,29.31,183.69,161.88,19.5,174.13,69.69,137.16,138.06,184.6,195.54,211.88,128.17,55.84,114.81,57.19,115.27,143.79,208.31,135.75,62.35,53.05,33.99,127.74,230.84,46.46,212.48,195.42,79.11,14.41,49.06,133.17,119.28,169.65,218.15,140.57,79.1,62.82,215.87,187.15,50.74,174.65,125.59,199.91,177.09,197.94,240.9,57.06,156.33,94.14,206.22,140.74,212.18,188.27,83.19,141.06,27.07,79.14,55.4,117.09,161.79,147.01,172.29,69.95,104.91,178.85,44.92,76.51,110.4,188.33,228.22,189.48,73.71,40.34,80.26,56.86,148.12,160.25,90.37,46.51,136.17,154.13,206.13,149.14,32.81,13.9,131.1,161.26,191.39,204.19,56.3,74.44,100.62,204.12,27.92,212.82,55.24,58.59,147.04,175.14,117.77,163.1,82.77,70.62,116.92,171.62,83.35,208.07,71.39,65.76,17.6,132.73,78.83,53.91,43.13,61.05,129.24,135.72,30.0,48.3,90.69,10.33,152.26,42.23,196.13,215.36,147.59,188.71,21.8,48.71,133.76,47.15,193.32,43.92,25.97,183.17,13.73,195.05,25.77,145.84,40.08,179.15,182.32,26.22,169.72,76.69,42.34,141.19,151.79,183.07,105.52,210.7,134.04,188.82,216.5,199.63,40.26,31.55,13.15,205.18,187.17,36.63,115.45,137.64,171.13,86.01,16.8,52.81,131.48,86.76,128.34,138.31,161.7,187.94,57.6,48.72,65.69,178.74,36.74,50.98,19.39,178.08,47.01,39.5,125.07,183.11,186.62,45.96,46.11,31.76,45.7,149.18,182.12,81.12,36.71,35.74,69.16,71.34,69.49,43.04,38.17,31.34,58.54,39.32,48.79,34.54,63.85,54.07,41.81,54.09,14.75,22.5,25.0,38.35,33.72,19.1,32.91,30.76,19.59,24.78,29.8,38.27,13.18,0.0,22.54,17.59,24.44,9.14,32.88,71.4,80.89,58.25,125.03,126.25,116.56,108.74,103.82,92.06,92.3,86.83,93.65,111.41,98.95,99.61,67.43,63.82,69.92,69.17,111.34,112.92,86.08,86.36,87.33,74.38,85.57,44.88,53.43,77.71,83.68,64.49,53.11,69.49,87.07,92.88,95.56,111.49,127.98,130.75,116.77,123.0,131.46,139.43,141.78,145.87,144.0,135.37,129.4,127.19,102.78,114.44,148.91,153.39,148.31,151.84,141.37,145.5,131.86,153.24,154.21,129.25,127.39,118.55,131.88,111.45,170.06,174.85,204.99,149.34,154.27,133.88,145.38,176.56,181.27,165.42,168.09,157.4,177.45,172.15,160.82,193.65,171.08,189.64,186.57,197.13,196.24,195.48,198.8,204.95,220.24,226.98,198.84,200.63,197.4,211.33,207.61,203.3,205.63,205.85,202.44,224.97,209.87,215.31,235.2,219.67,229.68,235.75,237.27,251.53,236.27,257.53,223.87,211.29,216.12,224.3,198.55,220.35,215.02,216.22,225.89,223.23,229.18,204.24,209.22,221.16,244.95,207.86,217.7,225.78,234.07,240.78,251.6,241.94,240.12,205.51,211.92,221.12,222.76,234.79,227.99,268.76
49.77,55.95,18.2,191.51,38.53,220.59,205.92,230.32,223.39,162.22,172.38,127.53,71.97,206.53,39.87,172.74,168.43,36.14,163.18,76.23,143.71,144.6,191.14,202.08,218.43,113.56,37.72,121.36,63.73,121.82,150.33,214.86,142.3,68.89,54.14,43.45,134.28,237.38,61.35,219.03,201.97,85.65,20.95,29.31,139.71,125.82,176.2,224.7,129.62,85.65,69.37,222.41,193.69,35.34,163.7,132.13,206.46,183.64,204.48,247.45,63.6,159.76,100.68,212.77,144.06,218.72,177.32,84.29,130.1,28.17,85.68,61.95,123.63,150.83,153.56,178.83,71.04,111.46,185.39,51.46,77.61,116.94,194.88,234.76,196.02,80.25,49.8,86.8,63.4,137.17,149.3,96.91,47.61,142.71,143.18,212.68,155.68,33.9,17.5,137.64,154.65,197.94,210.73,41.65,80.98,107.17,210.67,37.37,219.36,61.78,65.14,153.58,181.68,124.32,169.65,89.31,56.23,123.46,178.16,89.89,214.62,77.93,72.3,20.79,139.28,85.38,55.0,53.49,62.15,135.78,142.26,25.77,49.39,97.23,13.47,141.31,43.33,202.67,221.9,136.64,195.26,28.34,34.06,122.8,53.69,199.87,28.91,32.52,189.71,13.21,201.59,26.86,152.39,34.77,185.69,188.86,35.67,176.26,83.23,43.43,147.74,140.83,172.12,112.06,217.24,140.58,177.87,205.55,206.17,29.73,38.1,14.25,211.72,193.71,37.72,121.99,144.18,177.67,92.55,23.34,59.35,138.02,93.31,134.88,127.36,168.24,194.48,64.14,55.26,66.79,185.28,43.29,57.53,28.85,184.62,53.55,46.04,131.61,189.65,193.16,52.5,52.65,38.3,52.24,138.23,188.67,87.66,43.25,42.28,75.71,77.89,70.58,44.13,39.27,32.44,59.64,40.41,49.88,35.64,49.19,39.42,51.26,60.63,31.39,39.14,41.64,47.8,43.17,32.18,42.37,40.21,15.36,20.55,11.68,20.15,29.81,22.54,0.0,13.37,25.52,25.79,14.76,67.34,81.97,59.32,126.11,127.33,117.63,109.82,104.9,93.13,93.38,87.91,89.59,107.35,94.9,95.56,52.7,59.76,65.86,65.12,107.29,108.87,82.02,82.3,83.27,70.32,81.51,26.76,35.32,48.96,63.69,50.43,54.18,45.85,67.08,72.89,75.57,107.43,123.92,126.69,112.72,118.94,127.41,135.37,137.73,141.81,139.94,131.32,125.34,123.14,98.73,94.46,144.86,149.33,144.25,147.78,137.31,141.45,127.81,149.18,142.44,109.27,115.62,117.66,120.11,107.39,166.07,170.8,200.93,137.56,142.5,113.89,133.61,164.79,169.49,153.65,156.32,145.63,165.67,160.37,149.05,189.6,167.03,185.58,182.51,193.07,192.19,191.42,194.74,200.89,216.18,222.92,187.07,188.86,185.63,199.56,195.84,191.52,193.86,194.08,190.67,220.91,205.81,211.25,231.14,215.62,225.62,231.69,233.21,247.48,203.63,253.48,219.81,207.24,212.06,220.24,194.49,216.29,210.97,212.17,221.84,219.18,225.13,200.19,205.17,217.1,240.9,203.8,213.64,221.72,230.02,236.72,247.55,237.88,236.06,193.73,200.14,209.35,210.99,223.01,216.21,264.71
43.77,65.65,22.55,176.74,40.77,205.82,191.15,215.55,208.63,147.45,157.61,112.76,57.2,191.76,33.87,175.46,153.66,36.77,165.9,61.46,128.94,129.83,176.37,187.31,203.66,119.61,63.96,106.59,48.96,107.05,135.57,200.09,127.53,54.12,62.78,37.45,119.51,222.62,55.36,204.26,187.2,70.88,14.96,35.2,124.94,111.05,161.43,209.93,132.34,70.88,54.6,207.64,178.93,36.14,166.42,117.36,191.69,168.87,189.71,232.68,48.83,148.1,85.91,198.0,132.51,203.95,180.05,92.93,132.83,36.81,70.92,55.95,108.86,153.56,138.79,164.06,79.68,96.69,170.62,45.47,86.25,102.17,180.11,219.99,181.25,65.48,43.8,72.03,57.41,139.9,152.02,82.14,56.24,127.95,145.9,197.91,140.91,42.54,26.14,122.88,153.04,183.17,195.96,42.44,66.21,92.4,195.9,31.38,204.59,55.79,50.37,138.82,166.91,109.55,154.88,74.55,56.76,108.69,163.4,75.12,199.85,63.16,57.54,29.43,124.51,70.61,63.64,47.5,70.79,121.01,127.49,15.9,58.03,82.46,7.48,144.03,51.97,187.9,207.14,139.36,180.49,22.35,34.85,125.53,47.7,185.1,30.07,26.52,174.94,17.62,186.83,35.5,137.62,31.85,170.92,174.1,29.67,161.49,68.46,52.07,132.97,143.56,174.85,97.29,202.47,125.81,180.6,208.28,191.4,26.41,32.1,22.89,196.95,178.95,46.36,107.22,129.41,162.9,77.79,17.35,44.58,123.26,78.54,120.11,130.09,153.47,179.72,49.38,49.27,75.43,170.51,37.29,42.76,22.85,169.85,38.79,31.27,116.84,174.88,178.39,37.74,46.66,22.34,37.47,140.95,173.9,72.89,28.48,36.29,60.94,63.12,79.22,52.77,47.91,41.08,68.28,49.05,58.52,44.28,49.99,40.21,45.27,54.64,32.02,42.41,38.36,41.81,37.18,26.19,36.37,34.22,5.49,10.69,25.4,29.36,30.44,17.59,13.37,0.0,34.16,26.41,41.01,63.26,90.61,67.96,134.75,135.97,126.27,118.46,113.54,101.77,102.02,96.55,85.51,103.27,90.81,91.47,53.49,55.68,61.78,61.04,103.21,104.78,77.94,78.22,79.19,66.24,77.43,53.0,61.56,63.78,69.74,74.21,62.82,72.09,73.13,78.94,81.62,103.35,119.84,122.61,108.63,114.86,123.32,131.29,133.64,137.73,135.86,127.24,121.26,119.05,94.64,100.51,140.77,145.25,140.17,143.7,133.23,137.36,123.72,145.1,146.07,115.32,119.25,110.41,123.74,103.31,161.92,166.72,196.85,141.2,146.13,119.94,137.24,168.43,173.13,157.28,159.95,149.26,169.31,164.01,152.68,185.52,162.94,181.5,178.43,188.99,188.1,187.34,190.66,196.81,212.1,218.84,190.7,192.49,189.26,203.19,199.47,195.16,197.49,197.71,194.3,216.83,201.73,207.17,227.06,211.53,221.54,227.61,229.13,243.39,228.13,249.39,215.73,203.16,207.98,216.16,190.41,212.21,206.88,208.09,217.76,215.09,221.04,196.1,201.09,213.02,236.81,199.72,209.56,217.64,225.94,232.64,243.47,233.8,231.98,197.37,203.78,212.98,214.62,226.65,219.85,260.62
64.92,76.0,20.1,206.66,59.62,235.74,221.08,245.48,238.55,177.37,187.54,142.69,87.13,221.69,47.84,192.79,183.58,38.04,183.23,91.39,158.87,159.76,206.3,217.24,233.58,133.62,58.81,136.52,78.89,136.98,165.49,230.01,157.46,84.05,42.22,58.6,149.44,252.54,76.51,234.19,217.12,100.81,36.11,50.4,154.87,140.98,191.35,239.85,149.67,100.8,84.52,237.57,208.85,72.44,183.75,147.29,221.62,198.79,219.64,262.6,78.76,178.03,115.84,227.93,162.44,233.88,197.38,72.36,150.16,16.24,100.84,77.1,138.79,170.89,168.71,193.99,59.11,126.61,200.55,66.62,65.68,132.1,210.04,249.92,211.18,95.41,64.95,101.96,78.56,157.23,169.35,112.07,35.68,157.87,163.23,227.83,170.84,21.97,19.4,152.8,182.96,213.09,225.89,78.0,96.14,122.32,225.83,52.53,234.52,76.94,80.29,168.74,196.84,139.47,184.8,104.47,76.29,138.62,193.32,105.05,229.77,93.09,87.46,12.42,154.43,100.53,43.07,68.65,50.22,150.94,157.42,46.56,37.46,112.39,27.92,161.36,31.4,217.83,237.06,156.69,210.41,43.5,70.41,142.86,68.85,215.03,65.62,47.67,204.87,16.7,216.75,14.93,167.55,61.78,200.85,204.02,50.82,191.42,98.39,31.5,162.89,160.89,192.18,127.22,232.4,155.74,197.93,225.61,221.33,61.96,53.25,12.2,226.88,208.87,25.79,137.15,159.34,192.83,107.71,38.5,74.51,153.18,108.47,150.04,147.42,183.4,209.64,79.3,70.42,54.86,200.44,58.44,72.69,44.0,199.78,68.71,61.2,146.77,204.81,208.32,67.66,67.81,53.46,67.4,158.28,203.82,102.82,58.41,57.44,90.86,93.04,58.66,32.2,27.34,20.51,47.71,28.48,37.96,23.71,85.55,75.77,66.42,75.79,33.28,41.03,43.53,62.96,58.33,47.34,57.52,55.37,36.15,41.34,32.77,41.24,31.71,24.44,25.52,34.16,0.0,27.66,35.86,93.1,70.04,47.4,114.18,115.4,105.71,97.9,92.97,81.21,81.46,75.99,115.35,133.11,120.66,121.32,89.13,85.53,91.62,90.88,133.05,134.63,107.79,108.06,109.03,96.08,107.27,47.86,56.41,69.0,83.74,53.64,42.26,58.65,87.13,92.94,95.62,133.19,149.68,152.45,138.48,144.71,153.17,161.13,163.49,167.57,165.7,157.08,151.1,148.9,124.49,114.5,170.62,175.1,170.01,173.54,163.07,167.21,153.57,174.94,162.49,129.31,135.67,140.25,140.15,133.15,191.76,196.56,226.69,157.61,162.55,133.94,153.65,184.84,189.54,173.7,176.37,165.68,185.72,180.42,169.09,215.36,192.79,211.34,208.28,218.84,217.95,217.18,220.51,226.65,241.94,248.68,207.11,208.9,205.67,219.6,215.88,211.57,213.9,214.12,210.72,246.68,231.58,237.01,256.9,241.38,251.39,257.45,258.97,273.24,257.98,279.24,245.57,233.0,237.82,246.0,220.25,242.05,236.73,237.93,247.6,244.94,250.89,225.95,230.93,242.86,266.66,229.57,239.4,247.48,255.78,262.48,273.31,263.64,261.82,213.78,220.19,229.39,231.03,243.06,236.26,290.47
52.04,77.31,8.52,193.78,63.45,222.86,208.19,232.59,225.67,164.49,174.65,129.8,74.25,208.8,23.61,192.5,170.7,13.81,182.94,78.5,145.98,146.87,193.41,204.35,220.7,136.98,59.07,123.63,66.0,124.09,152.61,217.13,144.57,71.16,56.29,41.93,136.55,239.66,54.4,221.3,204.24,87.92,23.23,57.88,141.98,128.09,178.47,226.97,149.38,87.92,71.64,224.69,195.97,59.55,183.46,134.4,208.73,185.91,206.75,249.72,65.88,165.14,102.96,215.04,149.55,220.99,197.09,86.43,149.87,30.31,87.96,64.22,125.9,170.6,155.83,181.1,73.19,113.73,187.66,52.47,79.75,119.21,197.15,237.03,198.29,82.52,48.28,89.07,65.67,156.94,169.07,99.18,49.75,144.99,162.94,214.95,157.96,36.04,9.85,139.92,170.08,200.21,213.0,65.11,83.25,109.44,212.94,35.86,221.63,64.06,67.41,155.86,183.96,126.59,171.92,91.59,79.43,125.73,180.44,92.16,216.89,80.2,74.58,20.83,141.55,87.65,57.14,51.06,64.29,138.05,144.53,38.81,51.54,99.5,19.15,161.07,45.47,204.95,224.18,156.4,197.53,30.61,57.53,142.57,55.96,202.14,52.74,34.79,191.98,16.97,203.87,29.0,154.66,48.9,187.96,191.14,30.44,178.53,85.5,45.57,150.01,160.6,191.89,114.33,219.52,142.85,197.64,225.32,208.44,49.08,40.37,16.39,213.99,195.99,39.86,124.26,146.45,179.94,94.83,25.61,61.63,140.3,95.58,137.15,147.13,170.51,196.76,66.42,57.53,68.93,187.55,45.56,59.8,28.21,186.89,55.83,48.32,133.88,191.92,195.43,54.78,54.92,40.57,54.51,157.99,190.94,89.94,45.52,44.55,77.98,80.16,72.73,46.27,24.57,34.58,61.78,42.55,52.03,37.78,72.66,62.89,49.74,62.9,9.05,16.81,19.31,38.51,33.88,20.96,33.07,38.7,28.4,33.59,33.04,41.51,7.48,9.14,25.79,26.41,27.66,0.0,36.12,80.21,84.13,61.48,128.27,129.49,119.79,111.98,107.06,95.29,95.54,90.07,102.46,120.22,107.77,108.43,76.24,72.64,78.73,77.99,120.16,121.74,94.9,95.17,96.14,83.19,94.38,48.12,56.67,70.31,92.49,67.73,56.34,72.73,95.88,101.69,104.37,120.3,136.79,139.56,125.59,131.82,140.28,148.24,150.6,154.68,152.81,144.19,138.21,136.01,111.6,123.26,157.73,162.21,157.12,160.65,150.18,154.32,140.68,162.05,163.03,138.07,136.21,127.36,140.69,120.26,178.87,183.67,213.8,158.15,163.09,142.69,154.2,185.38,190.08,174.24,176.91,166.22,186.26,180.96,169.64,202.47,179.9,198.45,195.39,205.95,205.06,204.29,207.62,213.76,229.05,235.79,207.66,209.45,206.22,220.15,216.43,212.11,214.45,214.67,211.26,233.79,218.69,224.12,244.01,228.49,238.5,244.56,246.08,260.35,245.09,266.35,232.68,220.11,224.93,233.11,207.36,229.16,223.84,225.04,234.71,232.05,238.0,213.06,218.04,229.97,253.77,216.68,226.51,234.59,242.89,249.59,260.42,250.75,248.93,214.32,220.73,229.94,231.58,243.6,236.8,277.58
71.77,46.13,28.54,195.61,28.71,224.69,210.02,234.42,227.5,157.75,176.48,131.63,76.07,210.63,61.87,162.92,172.53,46.48,153.36,80.33,147.81,148.7,195.24,206.18,222.53,103.75,27.9,125.46,67.83,125.92,147.68,218.96,146.4,72.99,64.48,65.46,138.38,241.49,83.36,223.13,206.07,89.75,42.96,35.93,141.79,129.92,180.3,228.8,119.8,89.75,73.47,226.51,197.8,49.75,153.88,136.23,210.56,187.74,208.58,251.55,67.7,149.95,104.78,216.87,134.24,222.82,167.51,94.63,120.29,38.51,89.79,83.96,127.73,141.02,157.66,182.93,81.38,115.56,189.49,73.47,87.95,121.04,198.98,238.86,200.12,84.35,71.81,90.9,85.41,127.36,139.48,101.01,57.94,146.82,133.36,185.52,159.78,44.24,27.84,141.75,144.83,202.04,214.83,56.05,85.08,111.27,214.77,59.38,223.46,83.79,69.24,157.69,185.78,128.42,173.75,93.42,46.42,127.56,182.26,93.99,218.72,82.03,76.41,31.13,143.38,89.48,65.34,75.5,72.49,139.88,146.36,53.41,59.73,101.33,34.77,131.49,53.66,206.77,226.01,126.82,199.36,50.35,48.46,112.99,75.7,203.97,43.31,54.53,193.81,23.55,205.7,37.2,156.49,49.17,189.79,192.97,57.68,180.36,87.33,53.77,151.84,131.02,162.31,116.16,221.34,144.68,168.05,195.74,210.27,44.38,60.1,24.59,215.82,197.82,48.06,126.09,148.28,181.77,96.66,45.35,63.45,142.13,97.41,138.98,117.55,172.34,198.59,68.25,77.27,77.13,189.38,65.3,70.16,50.85,188.72,66.19,57.0,135.71,193.75,197.26,56.61,74.66,52.14,64.87,128.41,192.77,91.76,65.26,64.29,79.81,81.99,80.92,54.47,49.61,42.77,48.27,21.91,60.22,45.97,53.79,36.59,73.27,82.64,41.73,49.48,51.98,69.81,65.18,54.19,64.38,62.22,43.0,48.19,20.29,36.02,40.15,32.88,14.76,41.01,35.86,36.12,0.0,81.74,92.3,69.66,136.45,137.66,127.97,120.16,115.23,103.47,103.72,98.25,103.99,121.75,109.3,109.96,67.96,74.17,80.27,79.52,121.69,123.27,96.43,96.7,97.68,84.73,95.91,16.95,25.5,39.14,53.87,40.61,29.52,36.03,57.27,63.07,65.76,121.84,138.32,141.1,127.12,133.35,141.81,149.77,152.13,156.21,154.34,145.72,139.74,134.99,113.13,84.64,159.26,163.74,158.65,162.19,153.49,155.85,142.21,151.82,132.62,99.45,105.8,107.84,110.29,115.22,156.25,185.2,215.34,127.75,132.68,104.07,123.79,154.97,159.68,143.83,146.5,135.81,155.86,150.56,139.23,204.0,181.43,199.98,196.92,207.48,206.59,205.82,209.15,215.3,230.59,237.33,177.25,179.04,175.81,189.74,186.02,181.71,184.04,184.26,180.85,235.32,220.22,225.65,245.55,230.02,240.03,246.1,247.61,261.88,193.82,267.88,234.22,181.09,185.92,234.64,208.89,192.79,225.37,226.57,236.24,233.58,239.53,214.59,219.57,231.51,255.3,218.21,228.05,236.12,244.42,251.12,261.95,252.28,250.46,183.92,190.33,199.53,201.17,213.2,206.4,279.11
48.62,69.53,76.35,126.1,53.03,155.19,140.52,164.92,157.99,96.82,106.98,62.13,18.15,141.13,70.86,150.48,103.03,84.43,135.95,40.7,78.31,79.2,125.74,136.68,153.02,94.96,72.43,55.96,28.2,56.42,84.93,149.46,76.9,33.36,121.72,64.35,68.88,171.98,67.12,153.63,136.57,28.82,60.4,47.46,77.41,60.42,110.79,159.3,107.36,20.25,10.73,157.01,128.29,36.19,141.44,66.73,141.06,118.24,139.08,182.05,28.68,97.47,35.28,147.37,97.5,153.32,155.07,151.87,107.85,95.75,45.94,67.71,58.23,130.78,88.16,113.43,138.62,46.06,119.99,57.23,145.19,51.54,129.48,169.36,130.62,14.85,70.34,37.35,69.17,107.76,108.28,31.51,115.18,77.31,113.64,147.28,90.28,101.48,85.08,72.24,102.41,132.54,145.33,46.33,26.4,41.77,145.27,68.78,153.96,67.55,16.17,88.18,116.28,58.91,104.25,23.91,60.64,58.06,112.76,24.49,149.21,24.1,36.77,88.37,73.88,19.97,122.58,59.26,129.73,70.38,76.86,47.83,116.97,31.83,65.25,117.09,110.91,137.27,156.5,112.42,129.85,52.27,44.08,100.55,59.46,134.47,42.32,65.07,124.31,76.56,136.19,94.44,86.99,34.26,120.29,123.46,71.03,110.86,47.7,111.01,82.34,106.1,144.9,46.66,151.84,75.18,155.62,178.33,140.77,40.42,51.5,81.83,146.32,128.31,105.3,56.59,78.78,112.27,27.15,56.61,25.7,72.62,27.91,69.48,105.11,102.84,129.08,19.44,54.12,134.37,119.88,47.8,45.41,59.84,119.22,41.44,35.4,66.21,124.25,127.76,27.3,58.42,41.91,40.12,105.13,123.27,22.26,38.8,44.51,10.3,11.41,138.16,111.71,106.85,100.01,90.68,107.99,117.46,103.22,53.87,49.44,64.76,66.4,85.82,79.4,75.35,83.16,78.53,63.18,77.73,75.57,57.76,52.57,56.37,55.74,84.24,71.4,67.34,63.26,93.1,80.21,81.74,0.0,149.22,126.58,193.36,194.58,184.89,177.08,172.15,160.39,160.63,155.17,34.48,52.24,39.79,40.45,55.72,33.78,39.88,32.5,52.18,53.76,35.39,27.19,57.29,44.34,32.71,64.77,70.0,67.54,73.51,82.9,99.21,78.32,76.9,82.71,85.39,52.33,68.81,71.59,57.61,63.84,72.3,80.26,82.62,86.7,84.83,76.21,70.23,83.13,77.62,104.28,89.75,94.23,89.14,92.67,82.2,86.34,72.7,94.07,110.25,100.82,97.35,88.51,101.84,81.41,110.89,115.69,145.82,119.3,124.23,105.44,115.34,146.52,151.23,135.38,138.05,127.36,138.5,133.2,121.87,134.49,111.92,130.47,127.41,137.97,137.08,136.31,139.64,145.78,161.07,167.82,159.89,161.68,167.36,181.29,177.57,173.26,175.59,175.81,172.4,165.81,150.71,156.14,176.03,160.51,170.52,176.59,178.1,192.37,177.11,198.37,164.71,152.13,156.95,165.13,139.38,161.18,155.86,157.06,166.73,164.07,170.02,145.08,150.06,162.0,185.79,148.7,158.54,166.61,174.91,181.61,192.44,182.77,180.95,166.56,172.97,182.17,183.81,195.84,189.04,209.6
121.37,115.74,76.55,263.11,116.07,292.19,277.53,301.93,295.0,219.28,243.99,199.14,143.58,278.14,104.29,224.46,240.03,94.49,214.89,147.84,215.31,216.21,262.75,273.69,290.03,165.28,106.1,192.96,135.34,193.42,209.22,286.46,213.9,140.5,32.3,115.05,205.89,308.99,132.96,290.63,273.57,157.26,92.56,106.85,203.32,197.43,247.8,296.3,181.34,157.25,140.97,294.02,265.3,128.89,215.41,203.74,278.06,255.24,276.09,319.05,135.21,211.48,172.29,284.37,195.78,290.33,229.04,13.51,181.82,63.06,157.29,133.55,195.24,202.55,225.16,250.44,12.42,183.06,257.0,123.07,12.74,188.55,266.48,306.37,267.63,151.86,121.4,158.41,135.01,188.89,201.02,168.52,40.19,214.32,194.89,284.28,227.29,52.7,75.85,209.25,206.37,269.54,282.34,134.45,152.59,178.77,282.27,108.98,290.97,133.39,136.74,225.19,253.29,195.92,241.25,160.92,116.03,195.07,249.77,161.5,286.22,149.54,143.91,64.61,210.88,156.98,28.9,125.1,22.23,207.39,213.87,103.01,35.3,168.84,84.37,193.02,47.51,274.28,293.51,188.36,266.86,99.95,126.86,174.52,125.3,271.47,122.07,104.12,261.32,73.15,273.2,57.56,223.99,118.23,257.3,260.47,107.27,247.87,154.84,42.77,219.34,192.55,223.84,183.67,288.85,212.19,229.59,257.27,277.78,118.41,109.7,68.65,283.33,265.32,48.31,193.6,215.79,249.28,164.16,94.95,130.96,209.63,164.91,206.49,179.08,239.85,266.09,135.75,126.87,16.45,256.89,114.89,129.13,100.45,256.23,125.16,117.65,203.22,261.26,264.77,124.11,124.26,109.91,123.85,189.94,260.27,159.27,114.86,113.89,147.31,149.49,49.1,55.43,74.16,60.25,87.45,68.22,42.44,51.06,123.4,132.22,122.87,132.24,89.73,97.48,99.98,119.41,114.78,103.79,113.97,111.82,92.6,97.79,89.22,97.69,88.16,80.89,81.97,90.61,70.04,84.13,92.3,149.22,0.0,27.28,55.34,56.55,46.86,39.05,34.13,20.46,22.61,15.24,171.8,189.56,177.11,177.77,137.58,141.98,148.07,147.33,189.5,191.08,164.24,164.51,165.48,152.53,163.72,104.31,110.47,108.76,123.49,93.4,82.02,98.4,126.88,132.69,135.38,189.64,206.13,208.9,194.93,201.16,209.62,217.58,219.94,224.02,222.15,213.53,207.55,196.53,180.94,154.54,227.07,231.54,226.46,229.99,215.03,223.66,210.02,213.35,194.16,160.99,167.34,169.38,171.82,176.76,217.79,253.01,283.14,189.28,194.22,165.61,185.33,216.51,221.21,205.37,208.04,197.35,217.39,212.09,200.77,271.81,249.24,267.79,264.73,275.29,274.4,273.63,276.96,283.1,298.39,305.13,238.79,240.58,237.35,251.28,227.68,206.11,245.58,245.8,242.39,303.13,288.03,293.46,313.35,297.83,307.84,313.9,315.42,329.69,255.35,335.69,302.02,242.63,247.45,302.45,276.7,298.5,293.18,294.38,304.05,301.39,307.34,282.4,287.38,299.31,323.11,286.02,295.85,303.93,312.23,318.93,329.76,320.09,318.27,245.45,251.86,261.07,262.71,274.73,267.93,346.92
98.73,93.1,53.91,240.47,93.43,269.55,254.89,279.28,272.36,195.66,221.34,176.5,120.94,255.5,81.65,200.83,217.39,71.84,191.27,125.2,192.67,193.57,240.11,251.05,267.39,141.66,83.46,170.32,112.7,170.78,185.59,263.82,191.26,117.86,9.66,92.41,183.25,286.35,110.32,267.99,250.93,134.61,69.92,84.2,179.7,174.79,225.16,273.66,157.71,134.61,118.33,271.38,242.66,106.24,191.79,181.09,255.42,232.6,253.45,296.41,112.57,187.86,149.65,261.73,172.15,267.69,205.42,29.6,158.2,40.42,134.65,110.91,172.59,178.93,202.52,227.79,16.35,160.42,234.36,100.43,22.92,165.9,243.84,283.72,244.99,129.21,98.76,135.76,112.36,165.27,177.39,145.87,17.55,191.68,171.27,261.64,204.65,30.06,53.2,186.61,182.75,246.9,259.69,111.81,129.95,156.13,259.63,86.33,268.33,110.75,114.1,202.55,230.65,173.28,218.61,138.28,93.38,172.43,227.13,138.86,263.58,126.9,121.27,41.97,188.24,134.34,13.12,102.46,9.71,184.74,191.23,80.37,12.66,146.2,61.73,169.4,24.86,251.64,270.87,164.73,244.22,77.3,104.22,150.9,102.65,248.83,99.43,81.48,238.67,50.51,250.56,34.92,201.35,95.59,234.65,237.83,84.63,225.23,132.2,20.13,196.7,168.93,200.22,161.03,266.21,189.54,205.96,233.65,255.14,95.77,87.06,46.01,260.69,242.68,25.67,170.96,193.15,226.63,141.52,72.31,108.32,186.99,142.27,183.84,155.46,217.21,243.45,113.11,104.23,12.1,234.25,92.25,106.49,77.81,233.59,102.52,95.01,180.57,238.62,242.12,101.47,101.61,87.26,101.2,166.32,237.63,136.63,92.22,91.24,124.67,126.85,46.04,32.79,51.52,37.61,64.81,45.58,19.8,28.42,100.76,109.58,100.22,109.6,67.09,74.84,77.34,96.77,92.14,81.15,91.33,89.18,69.96,75.15,66.58,75.04,65.52,58.25,59.32,67.96,47.4,61.48,69.66,126.58,27.28,0.0,71.42,72.64,62.95,55.14,50.21,38.45,38.69,33.23,149.16,166.92,154.47,155.13,114.94,119.33,125.43,124.69,166.86,168.44,141.59,141.87,142.84,129.89,141.08,81.66,87.83,86.12,100.85,70.76,59.38,75.76,104.24,110.05,112.73,167.0,183.49,186.26,172.29,178.51,186.98,194.94,197.3,201.38,199.51,190.89,184.91,172.91,158.3,130.91,204.43,208.9,203.82,207.35,191.4,201.02,187.38,189.73,170.53,137.36,143.71,145.75,148.2,153.13,194.16,230.37,260.5,165.66,170.59,141.98,161.7,192.88,197.59,181.74,184.41,173.72,193.77,188.47,177.14,249.17,226.59,245.15,242.08,252.64,251.76,250.99,254.31,260.46,275.75,282.49,215.16,216.95,213.72,227.65,204.06,182.49,221.95,222.17,218.76,280.48,265.38,270.82,290.71,275.19,285.19,291.26,292.78,307.05,231.73,313.04,279.38,219.0,223.83,279.81,254.06,275.86,270.54,271.74,281.41,278.75,284.69,259.75,264.74,276.67,300.47,263.37,273.21,281.29,289.59,296.29,307.12,297.45,295.63,221.83,228.24,237.44,239.08,251.11,244.31,324.28
165.51,159.88,120.69,307.25,160.21,336.34,321.67,346.07,339.14,263.42,288.13,243.28,187.72,322.28,148.43,254.01,284.17,138.63,259.04,191.98,259.46,260.35,306.89,317.83,334.17,209.42,150.24,237.11,179.48,237.57,253.36,330.6,258.05,184.64,76.44,159.19,250.03,353.13,177.1,334.78,317.71,201.4,136.7,150.99,247.47,241.57,291.94,340.44,225.48,201.39,185.12,338.16,309.44,173.03,259.56,247.88,322.21,299.38,320.23,363.19,179.35,255.62,216.43,328.52,239.92,334.47,273.18,42.05,225.96,107.2,201.43,177.69,239.38,246.69,269.3,294.58,56.56,227.2,301.14,167.21,48.5,232.69,310.63,350.51,311.77,196.0,165.54,202.55,179.15,233.03,245.16,212.66,84.33,258.46,239.04,328.42,271.43,96.84,119.99,253.39,250.51,313.68,326.48,178.59,196.73,222.91,326.42,153.12,335.11,177.53,180.88,269.33,297.43,240.06,285.39,205.06,160.17,239.21,293.91,205.64,330.36,193.68,188.05,108.75,255.02,201.12,73.04,169.24,66.37,251.53,258.01,147.15,79.44,212.98,128.51,237.17,91.65,318.42,337.65,232.5,311.0,144.09,171.0,218.66,169.44,315.62,166.22,148.27,305.46,117.29,317.34,101.7,268.14,162.37,301.44,304.61,151.42,292.01,198.98,86.92,263.49,236.69,267.98,227.81,332.99,256.33,250.86,287.28,321.92,162.56,153.84,112.79,327.47,309.46,92.45,237.74,259.93,293.42,208.3,139.09,175.1,253.77,209.06,250.63,223.22,283.99,310.23,179.89,171.01,60.59,301.03,159.04,173.28,144.59,300.37,169.3,161.79,247.36,305.4,308.91,168.25,168.4,154.05,167.99,234.09,304.41,203.41,159.0,158.03,191.45,193.64,73.9,99.57,118.3,104.39,131.59,112.36,86.58,95.2,167.54,176.36,167.01,176.38,133.87,141.62,144.12,163.55,158.92,147.93,158.12,155.96,136.74,141.93,133.36,141.83,132.3,125.03,126.11,134.75,114.18,128.27,136.45,193.36,55.34,71.42,0.0,4.7,8.47,17.05,28.47,40.94,34.85,47.0,215.94,233.7,221.25,221.91,181.72,186.12,192.22,191.47,233.64,235.22,208.38,208.65,209.62,196.68,207.86,148.45,154.61,152.9,167.63,137.54,126.16,142.54,171.03,176.83,179.52,233.79,250.27,253.04,239.07,245.3,253.76,261.72,264.08,268.16,266.29,257.67,251.69,240.67,225.08,198.68,271.21,275.69,270.6,274.13,259.17,267.8,254.16,257.49,238.3,205.13,211.48,213.52,215.97,220.9,261.93,297.15,327.28,233.42,238.36,209.75,229.47,260.65,259.29,249.51,252.18,241.49,261.54,256.24,244.91,315.95,293.38,311.93,308.87,319.43,318.54,317.77,321.1,327.24,342.53,349.27,269.69,274.84,266.5,253.09,231.8,251.99,259.59,267.02,263.61,347.27,332.17,337.6,357.49,341.97,351.98,358.05,359.56,373.83,299.5,348.73,346.16,286.77,291.59,346.59,320.84,342.64,337.32,338.52,348.19,345.53,351.48,326.54,331.52,343.45,367.25,330.16,339.99,348.07,356.37,363.07,373.9,364.23,362.41,279.72,284.53,286.33,287.97,300.0,284.14,391.06
166.73,161.1,121.91,308.47,161.43,337.55,322.89,347.28,340.36,264.64,289.35,244.5,188.94,323.5,149.65,233.57,285.39,139.85,260.25,193.2,260.67,261.57,308.11,319.05,335.39,210.64,151.46,238.32,180.7,238.78,254.58,331.82,259.26,185.86,77.66,160.41,251.25,354.35,178.32,335.99,318.93,202.62,137.92,152.21,248.68,242.79,293.16,341.66,226.69,202.61,186.33,339.38,310.66,174.24,260.77,249.1,323.42,300.6,321.45,364.41,180.57,256.84,217.65,329.73,241.14,335.69,274.4,43.27,227.18,108.42,202.65,178.91,240.6,247.91,270.52,295.8,57.78,228.42,302.36,168.43,49.72,233.9,311.84,351.73,312.99,197.22,166.76,203.76,180.37,234.25,246.38,213.88,85.55,259.68,240.25,329.64,272.65,98.06,121.2,254.61,251.73,314.9,327.7,179.81,197.95,224.13,327.63,154.34,336.33,178.75,182.1,270.55,298.65,241.28,286.61,206.28,161.39,240.43,295.13,206.86,331.58,194.9,189.27,109.97,256.24,202.34,74.26,170.46,67.59,252.75,259.23,148.37,80.66,214.2,129.73,238.38,92.87,319.64,338.87,233.72,312.22,145.31,172.22,219.88,170.66,316.83,167.43,149.48,306.68,118.51,318.56,102.92,269.35,163.59,302.66,305.83,152.63,293.23,200.2,88.13,264.7,237.91,269.2,229.03,334.21,257.55,230.42,266.84,323.14,163.77,155.06,114.01,328.69,310.68,93.67,238.96,261.15,294.64,209.52,140.31,176.32,254.99,210.27,251.85,224.44,285.21,311.45,181.11,172.23,61.81,302.25,160.25,174.49,145.81,301.59,170.52,163.01,248.58,306.62,310.13,169.47,169.62,155.26,169.21,235.3,305.63,204.63,160.22,159.25,192.67,194.85,75.12,100.79,119.52,105.61,132.81,113.58,87.8,96.42,168.76,177.58,168.23,177.6,135.09,142.84,145.34,164.77,160.14,149.15,159.33,157.18,137.96,143.15,134.58,143.05,133.52,126.25,127.33,135.97,115.4,129.49,137.66,194.58,56.55,72.64,4.7,0.0,9.69,18.26,29.69,31.88,36.07,48.22,217.16,234.92,222.47,223.13,182.94,187.34,193.43,192.69,234.86,236.44,209.6,209.87,210.84,197.89,209.08,149.67,155.83,154.12,168.85,138.76,127.38,143.76,172.24,178.05,180.73,235.0,251.49,254.26,240.29,246.51,254.98,262.94,265.3,269.38,267.51,258.89,252.91,241.89,226.3,199.9,272.43,276.9,271.82,275.35,260.39,269.02,255.38,258.71,239.52,206.35,212.7,214.74,217.18,222.12,263.15,298.37,328.5,234.64,239.58,210.97,230.69,261.87,238.86,250.73,253.4,242.71,262.75,257.45,246.13,317.17,294.6,313.15,310.09,320.65,319.76,318.99,322.31,328.46,343.75,350.49,249.26,254.41,246.07,232.66,211.37,192.54,239.16,246.59,243.18,348.49,333.39,338.82,358.71,343.19,353.2,359.26,360.78,375.05,300.71,328.3,347.38,287.99,292.81,347.81,322.06,343.86,338.54,339.74,349.41,346.75,352.7,327.76,332.74,344.67,368.47,331.38,341.21,349.29,357.59,364.29,375.12,365.45,363.63,259.29,264.1,265.9,267.54,279.57,263.71,392.28
157.04,151.41,112.22,298.78,151.74,327.86,313.2,337.59,330.67,254.95,279.65,234.8,179.25,313.81,139.96,260.12,275.7,130.15,250.56,183.51,250.98,251.88,298.42,309.36,325.7,200.95,141.77,228.63,171.0,229.09,244.89,322.13,249.57,176.17,67.97,150.72,241.56,344.66,168.63,326.3,309.24,192.92,128.23,142.51,238.99,233.09,283.47,331.97,217.0,192.92,176.64,329.69,300.97,164.55,251.08,239.4,313.73,290.91,311.76,354.72,170.88,247.15,207.96,320.04,231.44,326.0,264.71,33.58,217.49,98.73,192.96,169.22,230.9,238.22,260.83,286.1,48.09,218.73,292.66,158.73,40.03,224.21,302.15,342.03,303.3,187.52,157.07,194.07,170.67,224.56,236.69,204.18,75.86,249.99,230.56,319.95,262.96,88.37,111.51,244.92,242.04,305.21,318.0,170.12,188.26,214.44,317.94,144.64,326.63,169.06,172.41,260.86,288.96,231.59,276.92,196.59,151.69,230.74,285.44,197.17,321.89,185.2,179.58,100.28,246.55,192.65,64.57,160.77,57.9,243.05,249.54,138.67,70.97,204.51,120.04,228.69,83.17,309.95,329.18,224.03,302.53,135.61,162.53,210.19,160.96,307.14,157.74,139.79,296.98,108.82,308.87,93.23,259.66,153.9,292.96,296.14,142.94,283.54,190.5,78.44,255.01,228.22,259.51,219.34,324.52,247.85,257.48,292.94,313.45,154.08,145.37,104.31,319.0,300.99,83.98,229.27,251.46,284.94,199.83,130.62,166.63,245.3,200.58,242.15,214.75,275.52,301.76,171.42,162.54,52.11,292.56,150.56,164.8,136.12,291.9,160.83,153.32,238.88,296.93,300.43,159.78,159.92,145.57,159.51,225.61,295.94,194.94,150.52,149.55,182.98,185.16,65.43,91.1,109.83,95.92,123.12,103.89,78.1,86.72,159.07,167.89,158.53,167.91,125.4,133.15,135.65,155.08,150.45,139.46,149.64,147.48,128.27,133.46,124.88,133.35,123.83,116.56,117.63,126.27,105.71,119.79,127.97,184.89,46.86,62.95,8.47,9.69,0.0,8.57,20.0,32.47,26.38,38.52,207.47,225.23,212.77,213.44,173.25,177.64,183.74,183.0,225.17,226.75,199.9,200.18,201.15,188.2,199.39,139.97,146.14,144.43,159.16,129.07,117.69,134.07,162.55,168.36,171.04,225.31,241.8,244.57,230.6,236.82,245.28,253.25,255.61,259.69,257.82,249.2,243.22,232.2,216.61,190.2,262.73,267.21,262.13,265.66,250.7,259.33,245.68,249.02,229.83,196.66,203.01,205.05,207.49,212.43,253.46,288.68,318.81,224.95,229.89,201.28,220.99,252.18,256.88,241.04,243.71,233.02,253.06,247.76,236.43,307.48,284.9,303.46,300.39,310.95,310.07,309.3,312.62,318.77,334.06,340.8,274.45,276.24,273.01,259.72,238.43,241.78,266.21,273.65,270.24,338.79,323.69,329.13,349.02,333.5,343.5,349.57,351.09,365.36,291.02,371.35,337.69,278.3,283.12,338.12,312.37,334.17,328.85,330.05,339.72,337.06,343.0,318.06,323.05,334.98,358.78,321.68,331.52,339.6,347.9,354.6,365.43,355.76,353.94,281.12,287.53,296.73,298.37,310.4,290.77,382.59
149.23,143.6,104.4,290.97,143.92,320.05,305.38,329.78,322.86,247.14,271.84,226.99,171.44,305.99,132.15,252.31,267.89,122.34,242.75,175.69,243.17,244.06,290.6,301.54,317.89,193.14,133.96,220.82,163.19,221.28,237.07,314.32,241.76,168.35,60.16,142.91,233.74,336.85,160.82,318.49,301.43,185.11,120.42,134.7,231.18,225.28,275.66,324.16,209.19,185.11,168.83,321.88,293.16,156.74,243.27,231.59,305.92,283.1,303.94,346.91,163.07,239.34,200.15,312.23,223.63,318.18,256.9,25.77,209.68,90.92,185.15,161.41,223.09,230.41,253.02,278.29,40.28,210.92,284.85,150.92,32.22,216.4,294.34,334.22,295.48,179.71,149.26,186.26,162.86,216.75,228.87,196.37,68.04,242.18,222.75,312.14,255.14,80.56,103.7,237.11,234.22,297.4,310.19,162.3,180.44,206.63,310.13,136.83,318.82,161.25,164.6,253.05,281.15,223.78,269.11,188.78,143.88,222.92,277.63,189.35,314.08,177.39,171.77,92.47,238.74,184.84,56.75,152.95,50.09,235.24,241.72,130.86,63.16,196.69,112.23,220.88,75.36,302.14,321.37,216.21,294.72,127.8,154.72,202.38,153.15,299.33,149.93,131.98,289.17,101.01,301.06,85.42,251.85,146.09,285.15,288.33,135.13,275.72,182.69,70.63,247.2,220.41,251.7,211.52,316.71,240.04,257.44,285.13,305.63,146.27,137.56,96.5,311.18,293.18,76.17,221.45,243.64,277.13,192.02,122.8,158.82,237.49,192.77,234.34,206.94,267.7,293.95,163.61,154.72,44.3,284.74,142.75,156.99,128.31,284.08,153.02,145.51,231.07,289.11,292.62,151.97,152.11,137.76,151.7,217.8,288.13,187.13,142.71,141.74,175.17,177.35,57.61,83.29,102.02,88.1,115.3,96.08,70.29,78.91,151.25,160.08,150.72,160.09,117.59,125.34,127.84,147.27,142.64,131.65,141.83,139.67,120.45,125.65,117.07,125.54,116.01,108.74,109.82,118.46,97.9,111.98,120.16,177.08,39.05,55.14,17.05,18.26,8.57,0.0,12.18,24.66,18.56,30.71,199.66,217.42,204.96,205.62,165.44,169.83,175.93,175.18,217.35,218.93,192.09,192.37,193.34,180.39,191.58,132.16,138.32,136.61,151.35,121.26,109.87,126.26,154.74,160.55,163.23,217.5,233.99,236.76,222.78,229.01,237.47,245.44,247.79,251.88,250.01,241.38,235.41,224.39,208.79,182.39,254.92,259.4,254.32,257.85,242.88,251.51,237.87,241.21,222.01,188.84,195.19,197.23,199.68,204.61,245.64,280.86,311.0,217.14,222.07,193.46,213.18,244.36,249.07,233.22,235.89,225.2,245.25,239.95,228.62,299.67,277.09,295.65,292.58,303.14,302.25,301.49,304.81,310.96,326.25,332.99,266.64,268.43,265.2,268.29,247.0,233.97,273.43,273.65,270.24,330.98,315.88,321.32,341.21,325.68,335.69,341.76,343.28,357.54,283.21,363.54,329.88,270.48,275.31,330.31,304.56,326.36,321.03,322.23,331.91,329.24,335.19,310.25,315.23,327.17,350.96,313.87,323.71,331.79,340.08,346.79,357.61,347.95,346.13,273.31,279.72,288.92,290.56,302.59,295.79,374.77
144.3,138.67,99.48,286.04,139.0,315.12,300.46,324.86,317.93,242.21,266.92,222.07,166.51,301.07,127.22,247.39,262.96,117.42,237.83,170.77,238.25,239.14,285.68,296.62,312.96,188.21,129.03,215.9,158.27,216.36,232.15,309.39,236.84,163.43,55.23,137.98,228.82,331.92,155.89,313.57,296.5,180.19,115.49,129.78,226.26,220.36,270.73,319.23,204.27,180.18,163.91,316.95,288.23,151.82,238.35,226.67,301.0,278.17,299.02,341.98,158.14,234.41,195.22,307.31,218.71,313.26,251.97,20.84,204.75,85.99,180.22,156.48,218.17,225.48,248.09,273.37,35.35,205.99,279.93,146.0,27.29,211.48,289.42,329.3,290.56,174.79,144.33,181.34,157.94,211.82,223.95,191.45,63.12,237.25,217.83,307.21,250.22,75.63,98.78,232.18,229.3,292.47,305.27,157.38,175.52,201.7,305.21,131.91,313.9,156.32,159.67,248.12,276.22,218.85,264.18,183.85,138.96,218.0,272.7,184.43,309.15,172.47,166.84,87.54,233.81,179.91,51.83,148.03,45.16,230.32,236.8,125.94,58.23,191.77,107.3,215.96,70.44,297.21,316.44,211.29,289.79,122.88,149.79,197.45,148.23,294.41,145.0,127.06,284.25,96.08,296.13,80.49,246.93,141.16,280.23,283.4,130.21,270.8,177.77,65.71,242.28,215.48,246.77,206.6,311.78,235.12,252.52,280.2,300.71,141.35,132.63,91.58,306.26,288.25,71.24,216.53,238.72,272.21,187.09,117.88,153.89,232.56,187.85,229.42,202.01,262.78,289.02,158.68,149.8,39.38,279.82,137.82,152.07,123.38,279.16,148.09,140.58,226.15,284.19,287.7,147.04,147.19,132.84,146.78,212.88,283.2,182.2,137.79,136.82,170.24,172.42,52.69,78.36,97.09,83.18,110.38,91.15,65.37,73.99,146.33,155.15,145.8,155.17,112.66,120.41,122.91,142.34,137.71,126.72,136.9,134.75,115.53,120.72,112.15,120.62,111.09,103.82,104.9,113.54,92.97,107.06,115.23,172.15,34.13,50.21,28.47,29.69,20.0,12.18,0.0,36.4,13.64,25.79,194.73,212.49,200.04,200.7,160.51,164.91,171.01,170.26,212.43,214.01,187.17,187.44,188.41,175.47,186.65,127.24,133.4,131.69,146.42,116.33,104.95,121.33,149.82,155.62,158.31,212.58,229.06,231.83,217.86,224.09,232.55,240.51,242.87,246.95,245.08,236.46,230.48,219.46,203.87,177.47,250.0,254.48,249.39,252.92,237.96,246.59,232.95,236.28,217.09,183.92,190.27,192.31,194.76,199.69,240.72,275.94,306.07,212.21,217.15,188.54,208.26,239.44,244.14,228.3,230.97,220.28,240.33,235.03,223.7,294.74,272.17,290.72,287.66,298.22,297.33,296.56,299.89,306.03,321.32,328.06,261.72,263.51,260.28,274.21,250.61,229.04,268.51,268.73,265.32,326.06,310.96,316.39,336.28,320.76,330.77,336.84,338.35,352.62,278.29,358.62,324.95,265.56,270.38,325.38,299.63,321.43,316.11,317.31,326.98,324.32,330.27,305.33,310.31,322.24,346.04,308.95,318.78,326.86,335.16,341.86,352.69,343.02,341.2,268.38,274.79,284.0,285.64,297.66,290.86,369.85
132.54,126.91,87.72,274.28,127.24,303.36,288.7,313.09,306.17,230.45,255.15,210.3,154.75,289.31,115.46,235.62,251.2,105.65,226.06,159.01,226.48,227.38,273.92,284.86,301.2,176.45,117.27,204.13,146.5,204.59,220.39,297.63,225.07,151.67,43.47,126.22,217.06,320.16,144.13,301.8,284.74,168.42,103.73,118.01,214.49,208.59,258.97,307.47,192.5,168.42,152.14,305.19,276.47,140.05,226.58,214.9,289.23,266.41,287.26,330.22,146.38,222.65,183.46,295.54,206.94,301.5,240.21,15.79,192.99,74.23,168.46,144.72,206.4,213.72,236.33,261.6,23.59,194.23,268.16,134.23,15.53,199.71,277.65,317.53,278.8,163.02,132.57,169.57,146.17,200.06,212.19,179.68,51.36,225.49,206.06,295.45,238.46,63.87,87.01,220.42,217.54,280.71,293.5,145.62,163.76,189.94,293.44,120.14,302.13,144.56,147.91,236.36,264.46,207.09,252.42,172.09,127.19,206.24,260.94,172.67,297.39,160.7,155.08,75.78,222.05,168.15,40.06,136.27,33.4,218.55,225.04,114.17,46.47,180.01,95.54,204.19,58.67,285.45,304.68,199.53,278.03,111.11,138.03,185.69,136.46,282.64,133.24,115.29,272.48,84.32,284.37,68.73,235.16,129.4,268.46,271.64,118.44,259.04,166.0,53.94,230.51,203.72,235.01,194.84,300.02,223.35,240.76,268.44,288.95,129.58,120.87,79.81,294.5,276.49,59.48,204.77,226.96,260.44,175.33,106.12,142.13,220.8,176.08,217.65,190.25,251.02,277.26,146.92,138.04,27.61,268.06,126.06,140.3,111.62,267.4,136.33,128.82,214.38,272.43,275.93,135.28,135.42,121.07,135.01,201.11,271.44,170.44,126.02,125.05,158.48,160.66,51.38,66.6,85.33,71.42,98.62,79.39,53.6,62.22,134.57,143.39,134.03,143.41,100.9,108.65,111.15,130.58,125.95,114.96,125.14,122.98,103.77,108.96,100.38,108.85,99.33,92.06,93.13,101.77,81.21,95.29,103.47,160.39,20.46,38.45,40.94,31.88,32.47,24.66,36.4,0.0,24.88,8.74,182.97,200.73,188.27,188.94,148.75,153.14,159.24,158.5,200.67,202.25,175.4,175.68,176.65,163.7,174.89,115.47,121.64,119.93,134.66,104.57,93.19,109.57,138.05,143.86,146.54,200.81,217.3,220.07,206.1,212.32,220.78,228.75,231.11,235.19,233.32,224.7,218.72,207.7,192.11,165.7,238.23,242.71,237.63,241.16,226.2,234.83,221.18,224.52,205.33,172.15,178.51,180.55,182.99,187.93,228.96,264.18,294.31,200.45,205.39,176.78,196.49,227.68,232.38,216.54,219.21,208.52,228.56,223.26,211.93,282.98,260.4,278.96,275.89,286.45,285.57,284.8,288.12,294.27,309.56,316.3,249.95,251.74,248.51,262.44,238.85,217.28,256.74,256.96,253.56,314.29,299.19,304.63,324.52,309.0,319.0,325.07,326.59,340.86,266.52,346.85,313.19,253.8,258.62,313.62,287.87,309.67,304.35,305.55,315.22,312.56,318.5,293.56,298.55,310.48,334.28,297.18,307.02,315.1,323.4,330.1,340.93,331.26,329.44,256.62,263.03,272.23,273.87,285.9,279.1,358.09
132.79,127.16,87.96,274.53,127.48,303.61,288.94,313.34,306.42,230.7,255.4,210.55,154.99,289.55,115.7,235.87,251.45,105.9,226.31,159.25,226.73,227.62,274.16,285.1,301.45,176.69,117.52,204.38,146.75,204.84,220.63,297.88,225.32,151.91,43.72,126.47,217.3,320.41,144.38,302.05,284.99,168.67,103.97,118.26,214.74,208.84,259.22,307.72,192.75,168.67,152.39,305.43,276.72,140.3,226.83,215.15,289.48,266.66,287.5,330.47,146.62,222.9,183.7,295.79,207.19,301.74,240.46,9.33,193.24,74.48,168.71,144.97,206.65,213.97,236.58,261.85,23.84,194.48,268.41,134.48,15.78,199.96,277.9,317.78,279.04,163.27,132.82,169.82,146.42,200.31,212.43,179.93,51.6,225.74,206.31,295.7,238.7,64.11,87.26,220.67,217.78,280.96,293.75,145.86,164.0,190.19,293.69,120.39,302.38,144.81,148.16,236.61,264.7,207.34,252.67,172.34,127.44,206.48,261.19,172.91,297.64,160.95,155.33,76.03,222.3,168.4,40.31,136.51,33.65,218.8,225.28,114.42,46.72,180.25,95.78,204.44,58.92,285.69,304.93,199.77,278.28,111.36,138.28,185.94,136.71,282.89,133.49,115.54,272.73,84.56,284.62,68.98,235.41,129.64,268.71,271.89,118.69,259.28,166.25,54.19,230.76,203.97,235.26,195.08,300.26,223.6,241.0,268.68,289.19,129.83,121.12,80.06,294.74,276.74,59.73,205.01,227.2,260.69,175.58,106.36,142.37,221.05,176.33,217.9,190.49,251.26,277.51,147.17,138.28,27.86,268.3,126.31,140.55,111.87,267.64,136.58,129.06,214.63,272.67,276.18,135.53,135.67,121.32,135.26,201.36,271.69,170.68,126.27,125.3,158.73,160.91,41.17,66.85,85.58,71.66,98.86,79.64,53.85,62.47,134.81,143.63,134.28,143.65,101.15,108.9,111.4,130.83,126.2,115.2,125.39,123.23,104.01,109.2,100.63,109.1,99.57,92.3,93.38,102.02,81.46,95.54,103.72,160.63,22.61,38.69,34.85,36.07,26.38,18.56,13.64,24.88,0.0,14.27,183.21,200.98,188.52,189.18,148.99,153.39,159.49,158.74,200.91,202.49,175.65,175.93,176.9,163.95,175.14,115.72,121.88,120.17,134.91,104.81,93.43,109.82,138.3,144.11,146.79,201.06,217.55,220.32,206.34,212.57,221.03,229.0,231.35,235.44,233.57,224.94,218.96,207.94,192.35,165.95,238.48,242.96,237.87,241.41,226.44,235.07,221.43,224.77,205.57,172.4,178.75,180.79,183.24,188.17,229.2,264.42,294.56,200.7,205.63,177.02,196.74,227.92,232.63,216.78,219.45,208.76,228.81,223.51,212.18,283.22,260.65,279.2,276.14,286.7,285.81,285.05,288.37,294.52,309.81,316.55,250.2,251.99,248.76,262.69,239.1,217.52,256.99,257.21,253.8,314.54,299.44,304.87,324.77,309.24,319.25,325.32,326.84,341.1,266.77,347.1,313.44,254.04,258.87,313.86,288.11,309.92,304.59,305.79,315.46,312.8,318.75,293.81,298.79,310.73,334.52,297.43,307.27,315.34,323.64,330.35,341.17,331.5,329.68,256.87,263.28,272.48,274.12,286.15,279.35,358.33
127.32,121.69,82.49,269.06,122.01,298.14,283.47,307.87,300.95,225.23,249.93,205.08,149.53,284.08,110.24,230.4,245.98,100.43,220.84,153.78,221.26,222.15,268.69,279.63,295.98,171.23,112.05,198.91,141.28,199.37,215.16,292.41,219.85,146.44,38.25,121.0,211.83,314.94,138.91,296.58,279.52,163.2,98.51,112.79,209.27,203.37,253.75,302.25,187.28,163.2,146.92,299.97,271.25,134.83,221.36,209.68,284.01,261.19,282.03,325.0,141.16,217.43,178.24,290.32,201.72,296.27,234.99,6.55,187.77,69.01,163.24,139.5,201.18,208.5,231.11,256.38,18.37,189.01,262.94,129.01,10.31,194.49,272.43,312.31,273.57,157.8,127.35,164.35,140.95,194.84,206.96,174.46,46.13,220.27,200.84,290.23,233.24,58.65,81.79,215.2,212.32,275.49,288.28,140.39,158.53,184.72,288.22,114.92,296.91,139.34,142.69,231.14,259.24,201.87,247.2,166.87,121.97,201.01,255.72,167.44,292.17,155.48,149.86,70.56,216.83,162.93,34.84,131.04,28.18,213.33,219.81,108.95,41.25,174.78,90.32,198.97,53.45,280.23,299.46,194.3,272.81,105.89,132.81,180.47,131.24,277.42,128.02,110.07,267.26,79.1,279.15,63.51,229.94,124.18,263.24,266.42,113.22,253.81,160.78,48.72,225.29,198.5,229.79,189.61,294.8,218.13,235.53,263.22,283.72,124.36,115.65,74.59,289.27,271.27,54.26,199.54,221.73,255.22,170.11,100.89,136.91,215.58,170.86,212.43,185.03,245.79,272.04,141.7,132.81,22.39,262.83,120.84,135.08,106.4,262.17,131.11,123.6,209.16,267.2,270.71,130.06,130.2,115.85,129.79,195.89,266.22,165.22,120.8,119.83,153.26,155.44,40.76,61.38,80.11,66.19,93.39,74.17,48.38,57.0,129.34,138.17,128.81,138.18,95.68,103.43,105.93,125.36,120.73,109.74,119.92,117.76,98.54,103.74,95.16,103.63,94.1,86.83,87.91,96.55,75.99,90.07,98.25,155.17,15.24,33.23,47.0,48.22,38.52,30.71,25.79,8.74,14.27,0.0,177.75,195.51,183.05,183.71,143.53,147.92,154.02,153.27,195.44,197.02,170.18,170.46,171.43,158.48,169.67,110.25,116.41,114.7,129.44,99.35,87.96,104.35,132.83,138.64,141.32,195.59,212.08,214.85,200.87,207.1,215.56,223.53,225.88,229.97,228.1,219.47,213.5,202.48,186.88,160.48,233.01,237.49,232.41,235.94,220.98,229.6,215.96,219.3,200.1,166.93,173.28,175.32,177.77,182.7,223.73,258.95,289.09,195.23,200.16,171.55,191.27,222.45,227.16,211.31,213.98,203.29,223.34,218.04,206.71,277.76,255.18,273.74,270.67,281.23,280.34,279.58,282.9,289.05,304.34,311.08,244.73,246.52,243.29,257.22,233.63,212.06,251.52,251.74,248.33,309.07,293.97,299.41,319.3,303.77,313.78,319.85,321.37,335.63,261.3,341.63,307.97,248.57,253.4,308.4,282.65,304.45,299.12,300.32,310.0,307.33,313.28,288.34,293.32,305.26,329.05,291.96,301.8,309.88,318.17,324.88,335.7,326.04,324.22,251.4,257.81,267.01,268.65,280.68,273.88,352.86
70.87,91.78,98.6,108.3,75.28,137.38,122.72,147.12,140.19,79.01,89.18,44.33,40.4,123.33,93.11,149.15,85.22,106.68,118.15,52.35,60.5,61.4,107.94,118.88,135.22,93.63,94.68,38.15,42.36,38.61,67.13,131.65,59.09,46.76,143.97,86.61,51.08,154.18,89.37,135.82,118.76,27.49,82.65,69.71,59.6,42.62,92.99,141.49,104.91,31.14,32.98,139.21,110.49,58.44,140.11,48.93,123.25,100.43,121.28,164.24,50.93,79.67,17.48,129.56,79.7,135.52,133.56,174.12,106.52,118.0,44.61,89.96,40.43,112.98,70.35,95.63,160.87,28.25,102.19,79.48,167.44,33.73,111.67,151.56,112.82,25.75,92.59,36.02,91.42,89.96,90.48,13.71,137.44,59.51,95.84,129.47,72.48,123.73,107.33,54.44,84.6,114.73,127.53,68.58,26.51,23.96,127.46,91.03,136.16,89.8,38.42,70.38,98.48,41.11,86.44,14.98,82.89,40.26,94.96,23.34,131.41,46.35,48.42,110.62,56.07,20.49,144.83,81.51,151.98,52.58,59.06,70.08,139.22,8.61,87.5,99.28,133.16,119.47,138.7,94.62,112.05,74.52,66.33,99.22,81.71,116.66,64.57,87.32,106.51,98.81,118.39,116.69,69.18,56.51,102.49,105.66,93.28,93.06,59.35,133.26,64.53,88.3,127.1,28.86,134.04,57.38,154.29,160.52,122.97,62.67,73.75,104.08,128.52,110.51,127.55,38.79,60.98,94.47,7.88,78.86,47.95,54.82,20.57,51.68,98.92,85.04,111.28,41.69,76.37,156.62,102.08,70.05,67.66,82.09,101.42,63.69,57.65,48.41,106.45,109.96,49.55,80.67,64.16,62.37,87.33,105.46,16.12,61.05,66.76,29.52,26.16,160.41,133.96,129.1,122.26,112.93,130.24,139.71,125.47,76.12,71.69,87.01,88.65,108.07,101.65,97.6,105.41,100.78,85.43,99.98,97.82,80.01,74.82,78.62,77.99,106.49,93.65,89.59,85.51,115.35,102.46,103.99,34.48,171.8,149.16,215.94,217.16,207.47,199.66,194.73,182.97,183.21,177.75,0.0,34.29,21.83,22.49,67.58,44.66,47.48,32.58,34.23,35.8,34.03,13.78,51.96,40.91,31.73,87.01,92.25,89.79,95.75,105.15,121.45,100.57,99.14,104.95,107.63,34.37,50.86,53.63,39.66,45.88,54.34,62.31,64.67,68.75,66.88,58.26,52.28,65.17,59.67,123.04,71.79,76.27,71.19,74.72,64.25,68.38,54.74,76.12,92.29,95.49,92.03,83.18,96.52,76.08,92.94,97.74,127.87,113.97,118.91,100.11,110.02,141.2,145.9,130.06,132.73,122.04,120.55,115.25,103.92,116.54,93.96,112.52,109.45,120.01,119.12,118.36,121.68,127.83,143.12,149.86,141.94,143.73,142.35,175.97,172.25,167.93,170.27,154.1,146.87,147.85,132.75,138.19,158.08,142.55,152.56,158.63,160.15,174.41,159.15,180.41,146.75,134.18,139.0,147.18,121.43,143.23,137.9,139.11,148.78,146.11,152.06,127.12,132.11,144.04,167.84,130.74,140.58,148.66,156.96,163.66,174.49,164.82,163.0,148.6,155.01,164.22,165.86,177.88,171.08,191.65
88.63,84.16,116.36,98.73,93.04,127.81,113.15,137.55,130.62,69.44,79.61,34.76,58.16,113.76,110.87,135.98,75.65,124.44,108.58,52.85,50.94,51.83,98.37,109.31,125.65,80.46,112.44,28.59,43.79,29.05,57.56,122.08,49.53,47.25,161.73,104.37,41.51,144.61,107.13,126.26,109.19,28.9,100.41,87.47,50.04,33.05,83.42,131.92,95.34,48.91,50.74,129.64,100.92,76.2,126.94,39.36,113.69,90.86,111.71,154.67,52.59,70.1,18.23,120.0,70.13,125.95,123.99,191.88,93.35,135.76,31.43,107.72,24.36,103.41,60.78,86.06,178.63,18.68,92.62,97.24,185.2,24.17,102.11,141.99,103.25,43.51,110.35,21.85,109.18,80.39,80.91,26.68,155.2,49.94,86.27,119.9,62.91,141.49,125.09,44.87,75.03,105.16,117.96,73.52,35.52,14.27,117.9,108.79,126.59,107.56,56.18,60.81,88.91,31.54,76.87,32.74,80.03,30.69,85.39,41.1,121.84,64.11,48.92,128.38,46.5,38.25,162.59,99.27,169.74,43.01,49.49,87.85,156.98,24.92,105.26,89.72,150.92,109.9,129.13,85.05,102.48,92.28,70.34,86.05,99.47,107.1,82.34,105.08,96.94,116.57,108.82,134.45,59.62,74.27,92.92,96.09,111.04,83.49,59.84,151.02,54.97,78.73,117.53,16.16,124.47,47.81,141.11,150.96,113.4,80.43,91.51,121.84,118.95,100.94,145.31,29.22,51.41,84.9,26.99,96.62,56.2,45.25,38.33,42.11,89.35,75.47,101.71,59.45,94.13,174.38,92.51,87.81,85.42,99.85,91.85,81.45,75.41,38.84,96.88,100.39,67.31,98.43,81.92,80.13,77.76,95.89,33.88,78.81,84.52,47.28,43.92,178.17,151.72,146.86,140.03,105.31,148.0,157.47,143.23,81.07,89.45,104.78,106.41,125.83,119.41,115.36,123.18,118.54,103.19,117.74,115.58,97.77,92.58,96.38,95.76,124.25,111.41,107.35,103.27,133.11,120.22,121.75,52.24,189.56,166.92,233.7,234.92,225.23,217.42,212.49,200.73,200.98,195.51,34.29,0.0,25.45,26.11,62.03,37.98,34.32,39.45,20.93,26.23,21.49,32.61,38.8,27.74,25.37,104.37,109.61,82.29,85.21,97.64,113.95,93.06,88.6,94.41,97.09,25.53,42.02,44.79,30.82,37.04,45.5,53.47,55.83,59.91,58.04,48.68,42.7,55.6,50.09,109.87,62.95,67.43,62.35,65.88,54.67,59.55,45.9,67.28,82.71,82.33,78.86,70.02,83.35,62.92,84.1,88.9,119.03,100.8,105.74,86.95,96.85,128.03,132.73,116.89,119.56,108.87,110.97,105.67,94.34,107.7,85.12,103.68,100.61,111.17,110.29,109.52,112.84,118.99,134.28,141.02,132.36,134.15,132.78,162.8,159.08,154.77,157.1,144.53,137.29,139.01,123.91,129.35,149.24,133.71,143.72,149.79,151.31,165.58,150.32,171.57,137.91,125.34,130.16,138.34,112.59,134.39,129.07,130.27,139.94,137.28,143.22,118.28,123.27,135.2,159.0,121.9,131.74,139.82,148.12,154.82,165.65,155.98,154.16,139.03,145.44,154.64,156.28,168.31,161.51,182.81
76.18,97.09,103.9,101.43,80.59,130.51,115.85,140.25,133.32,72.14,82.31,37.46,45.7,116.46,98.42,147.44,78.35,111.99,111.28,57.65,53.64,54.53,101.07,112.01,128.35,98.94,99.99,31.29,47.66,31.75,60.26,124.78,52.23,52.06,149.28,91.91,44.21,147.31,94.68,128.96,111.89,32.79,87.96,75.02,52.74,35.75,86.12,134.62,98.04,36.45,38.28,132.34,103.62,63.74,138.4,42.06,116.39,93.56,114.41,157.37,56.24,72.8,15.17,122.7,72.83,128.65,126.69,179.42,104.8,123.3,49.91,95.27,33.56,106.11,63.48,88.76,166.18,21.38,95.32,84.78,172.74,26.87,104.81,144.69,105.95,31.05,97.9,41.32,96.72,83.09,83.61,8.71,142.74,52.64,88.97,122.6,65.61,129.04,112.64,47.57,77.73,107.86,120.66,73.88,31.81,16.97,120.6,96.33,129.29,95.11,43.73,63.51,91.61,34.24,79.57,20.28,88.2,33.39,88.09,28.64,124.54,51.66,53.73,115.92,49.2,25.79,150.14,86.82,157.28,45.71,52.19,75.39,144.53,16.8,92.81,92.42,138.46,112.6,131.83,87.75,105.18,79.82,71.64,97.5,87.01,109.8,69.88,92.63,99.64,104.12,111.52,122.0,62.32,61.82,95.62,98.79,98.58,86.19,64.65,138.57,57.66,81.43,120.23,21.99,127.17,50.51,152.57,153.65,116.1,67.98,79.06,109.38,121.65,103.64,132.86,31.92,54.11,87.6,14.53,84.16,53.26,47.95,25.88,44.81,92.05,78.17,104.41,47.0,81.67,161.92,95.21,75.36,72.97,87.4,94.55,68.99,62.96,41.54,99.58,103.09,54.86,85.97,69.47,67.68,80.46,98.59,21.42,66.35,72.07,34.83,31.47,165.72,139.27,134.4,127.57,118.24,135.55,145.02,130.77,81.43,77.0,92.32,93.96,113.37,106.95,102.91,110.72,106.09,90.74,105.28,103.13,85.32,80.13,83.92,83.3,111.8,98.95,94.9,90.81,120.66,107.77,109.3,39.79,177.11,154.47,221.25,222.47,212.77,204.96,200.04,188.27,188.52,183.05,21.83,25.45,0.0,6.09,72.91,49.99,52.81,37.91,25.14,28.93,39.36,20.58,57.29,46.24,37.06,92.34,97.58,95.12,101.08,110.48,126.78,105.9,104.47,110.28,112.96,28.23,44.72,47.49,33.52,39.74,48.2,56.17,58.53,62.61,60.74,51.38,45.4,58.3,52.79,128.37,65.65,70.13,65.05,68.58,57.37,62.25,48.6,69.98,85.41,100.82,97.36,88.51,96.8,81.42,86.8,91.6,121.73,112.21,117.15,103.16,108.26,139.44,144.14,128.3,130.97,120.28,113.67,108.37,97.04,110.4,87.82,106.38,103.31,113.87,112.98,112.22,115.54,121.69,136.98,143.72,135.06,136.85,135.48,174.21,170.49,166.17,168.51,147.23,139.99,141.71,126.61,132.05,151.94,136.41,146.42,152.49,154.01,168.28,153.02,174.27,140.61,128.04,132.86,141.04,115.29,137.09,131.77,132.97,142.64,139.98,145.92,120.98,125.97,137.9,161.7,124.6,134.44,142.52,150.82,157.52,168.35,158.68,156.86,141.73,148.14,157.34,158.98,171.01,164.21,185.51
76.84,97.75,104.56,102.1,81.25,131.18,116.51,140.91,133.98,72.81,82.97,38.12,46.37,117.12,99.08,148.1,79.02,112.65,111.94,58.31,54.3,55.19,101.73,112.67,129.01,99.6,100.65,31.95,48.33,32.41,60.92,125.44,52.89,52.72,149.94,92.57,44.87,147.97,95.34,129.62,112.56,33.45,88.62,75.68,53.4,36.41,86.78,135.29,98.7,37.11,38.95,133.0,104.28,64.4,139.06,42.72,117.05,94.23,115.07,158.04,56.9,73.46,15.83,123.36,73.49,129.31,127.35,180.09,105.47,123.97,50.57,95.93,34.22,106.77,64.15,89.42,166.84,22.04,95.98,85.45,173.41,27.53,105.47,145.35,106.61,31.72,98.56,41.99,97.38,83.75,84.27,9.37,143.4,53.3,89.63,123.27,66.27,129.7,113.3,48.23,78.4,108.53,121.32,74.54,32.47,17.63,121.26,96.99,129.95,95.77,44.39,64.17,92.27,34.9,80.24,20.95,88.86,34.05,88.75,29.3,125.2,52.32,54.39,116.59,49.87,26.45,150.8,87.48,157.95,46.37,52.85,76.05,145.19,17.46,93.47,93.08,139.12,113.26,132.49,88.41,105.84,80.48,72.3,98.17,87.67,110.46,70.54,93.29,100.3,104.78,112.18,122.66,62.98,62.48,96.28,99.45,99.24,86.85,65.31,139.23,58.33,82.09,120.89,22.65,127.83,51.17,153.23,154.32,116.76,68.64,79.72,110.04,122.31,104.3,133.52,32.58,54.77,88.26,15.19,84.83,53.92,48.61,26.54,45.47,92.71,78.83,105.07,47.66,82.33,162.59,95.87,76.02,73.63,88.06,95.21,69.66,63.62,42.2,100.24,103.75,55.52,86.63,70.13,68.34,81.12,99.26,22.09,67.01,72.73,35.49,32.13,166.38,139.93,135.07,128.23,118.9,136.21,145.68,131.43,82.09,77.66,92.98,94.62,114.03,107.62,103.57,111.38,106.75,91.4,105.94,103.79,85.98,80.79,84.59,83.96,112.46,99.61,95.56,91.47,121.32,108.43,109.96,40.45,177.77,155.13,221.91,223.13,213.44,205.62,200.7,188.94,189.18,183.71,22.49,26.11,6.09,0.0,73.58,50.65,53.48,38.57,25.8,29.59,40.03,21.24,57.96,46.9,37.72,93.0,98.24,95.78,101.74,111.14,127.44,106.56,105.13,110.94,113.63,28.89,45.38,48.15,34.18,40.4,48.87,56.83,59.19,63.27,61.4,52.04,46.06,58.96,53.45,129.03,66.32,70.79,65.71,69.24,58.03,62.91,49.27,70.64,86.08,101.48,98.02,89.18,97.46,82.08,87.46,92.26,122.39,112.87,117.81,103.82,108.92,140.1,144.8,128.96,131.63,120.94,114.33,109.03,97.7,111.06,88.49,107.04,103.97,114.53,113.65,112.88,116.2,122.35,137.64,144.38,135.72,137.51,136.14,174.87,171.15,166.83,169.17,147.89,140.65,142.37,127.27,132.71,152.6,137.08,147.08,153.15,154.67,168.94,153.68,174.94,141.27,128.7,133.52,141.7,115.95,137.75,132.43,133.63,143.3,140.64,146.59,121.65,126.63,138.56,162.36,125.26,135.1,143.18,151.48,158.18,169.01,159.34,157.52,142.39,148.8,158.0,159.64,171.67,164.87,186.17
54.35,30.69,72.38,159.23,38.39,188.32,173.65,198.05,191.12,135.62,140.11,95.26,50.08,174.26,66.9,140.79,136.15,80.46,131.23,28.69,111.44,104.59,158.87,169.81,186.15,81.62,40.06,89.09,28.74,89.55,104.98,182.58,96.94,26.36,109.75,70.08,102.01,205.11,72.85,186.76,169.7,49.32,56.43,32.82,87.58,93.55,143.92,192.42,97.67,63.75,47.47,190.14,161.42,27.71,131.75,99.86,174.19,151.36,172.21,215.17,33.33,127.82,68.41,180.5,95.15,186.45,145.38,139.9,98.16,91.78,34.52,73.44,68.83,118.89,121.29,146.56,126.65,79.18,153.12,62.96,133.22,84.67,162.61,202.49,163.75,58.35,76.07,41.31,74.9,105.23,117.35,64.64,103.21,110.44,111.23,180.4,113.71,89.63,81.11,105.37,110.03,165.66,178.46,18.94,42.49,74.89,178.4,64.4,187.09,73.28,43.24,107.62,149.41,92.04,137.37,57.04,26.57,91.19,145.89,67.99,182.34,51.75,21.06,84.4,107.0,48.1,110.61,64.99,117.76,103.51,109.99,37.59,105.0,64.96,61.28,109.36,98.94,170.4,189.63,104.69,162.98,48.3,18.64,90.86,65.18,167.6,25.06,59.55,157.44,72.59,169.32,85.34,120.12,33.18,153.42,156.59,62.7,143.99,35.69,99.04,101.77,108.89,140.18,70.45,184.97,108.31,145.93,173.61,173.9,30.65,49.96,77.86,179.45,161.44,93.33,74.24,98.83,145.4,60.28,52.64,40.15,93.82,65.57,102.61,95.42,135.97,162.21,41.76,59.84,122.4,153.01,46.26,51.14,55.88,152.35,47.17,38.98,78.26,157.38,160.89,41.66,64.14,36.15,45.85,106.28,156.4,65.77,44.52,45.25,53.81,55.99,126.31,99.86,102.88,78.4,51.84,71.34,105.49,91.25,26.48,24.88,70.49,72.13,81.85,75.43,71.38,74.83,70.2,59.21,69.4,67.24,48.0,42.81,41.73,41.1,80.28,67.43,52.7,53.49,89.13,76.24,67.96,55.72,137.58,114.94,181.72,182.94,173.25,165.44,160.51,148.75,148.99,143.53,67.58,62.03,72.91,73.58,0.0,30.11,36.21,36.4,70.2,69.93,46.31,51.86,40.92,34.61,45.8,51.01,44.42,28.82,31.74,44.18,60.48,39.6,35.14,40.95,43.63,85.43,101.92,104.69,90.72,96.94,105.41,113.37,115.73,119.81,117.94,66.61,64.66,80.78,56.37,62.51,122.86,127.33,122.25,125.78,102.16,110.5,105.81,114.24,110.49,77.32,83.68,72.14,88.16,65.04,134.12,148.8,178.93,105.62,110.56,81.94,101.66,132.85,137.55,121.7,124.37,113.69,133.73,128.43,117.1,167.6,145.03,163.58,160.52,171.08,170.19,169.42,172.74,178.89,194.18,200.92,155.12,156.91,153.68,167.61,163.89,159.58,161.91,162.13,158.73,198.92,183.82,189.25,209.14,193.62,203.63,209.69,211.21,225.48,171.69,231.48,197.81,158.96,163.79,198.24,172.49,194.29,188.97,190.17,199.84,197.18,203.13,178.19,183.17,195.1,218.9,181.8,191.64,199.72,208.02,214.72,225.55,215.88,214.06,161.79,168.2,177.4,179.04,191.07,184.27,242.71
41.04,52.23,68.77,136.31,45.46,165.39,150.72,175.12,168.19,88.2,117.18,72.33,28.14,151.33,63.29,120.69,113.23,76.86,111.13,14.86,88.51,89.4,135.94,146.88,163.22,65.17,64.86,66.16,5.81,66.62,72.94,159.66,64.9,9.27,114.15,56.78,79.08,182.18,59.55,163.83,146.77,25.27,52.83,39.89,70.17,70.62,120.99,169.5,77.57,41.81,25.54,167.21,138.49,28.61,111.65,76.93,151.26,128.44,149.28,192.25,14.61,107.72,45.48,157.57,77.74,163.52,125.28,144.29,78.06,88.17,16.14,60.14,44.77,98.79,98.36,123.63,131.05,56.26,130.19,49.65,137.61,54.58,139.68,179.56,140.82,36.42,62.77,17.26,61.59,85.13,97.25,41.71,107.61,87.51,91.13,157.48,81.67,93.9,77.51,82.44,92.62,142.74,155.53,35.54,19.56,51.97,155.47,61.2,164.16,59.98,21.3,75.57,126.48,69.11,114.45,34.11,49.85,68.26,122.96,46.06,159.41,29.82,10.94,80.79,84.08,25.17,115.0,51.68,122.15,80.58,87.06,40.26,109.4,42.03,57.68,89.26,103.33,147.47,166.7,84.59,140.05,44.69,32.36,70.76,51.88,144.67,34.75,57.5,134.51,68.98,146.39,86.86,97.19,26.68,130.49,133.66,63.45,121.06,21.86,103.43,69.73,88.79,120.08,46.39,162.04,85.38,125.82,153.5,150.97,32.85,43.93,74.25,156.52,138.51,97.72,50.19,66.79,122.47,37.35,49.03,18.22,60.63,42.64,79.68,75.31,113.04,139.28,19.83,46.54,126.79,130.08,40.23,37.84,52.27,129.42,33.86,27.82,54.21,134.45,137.96,19.73,50.84,34.34,32.55,86.18,133.47,43.83,31.22,36.94,31.87,34.06,130.59,104.13,99.27,92.44,73.38,100.41,109.89,95.64,43.08,38.61,57.19,58.82,78.24,71.82,67.77,75.59,70.96,55.61,70.15,67.99,50.19,44.99,48.79,48.17,76.67,63.82,59.76,55.68,85.53,72.64,74.17,33.78,141.98,119.33,186.12,187.34,177.64,169.83,164.91,153.14,153.39,147.92,44.66,37.98,49.99,50.65,30.11,0.0,6.1,13.47,46.15,45.88,22.26,28.93,23.51,10.56,21.75,56.7,61.93,50.36,53.28,65.72,82.02,61.14,56.68,62.48,65.17,62.51,78.99,81.76,67.79,74.02,82.48,90.44,92.8,96.88,95.01,64.12,58.14,63.37,38.96,94.58,99.93,104.41,99.32,102.85,70.12,78.46,82.88,82.19,90.39,67.04,63.57,54.73,68.06,47.63,114.02,125.87,156.0,85.52,90.45,71.66,81.56,112.74,117.45,101.6,104.27,93.58,113.63,108.33,97.0,144.67,122.1,140.65,137.59,148.15,147.26,146.49,149.82,155.96,171.25,177.99,135.02,136.81,133.58,147.51,143.79,139.48,141.81,142.03,138.62,175.99,160.89,166.32,186.21,170.69,180.7,186.76,188.28,202.55,151.59,208.55,174.88,138.86,143.69,175.31,149.56,171.36,166.04,167.24,176.91,174.25,180.2,155.26,160.24,172.17,195.97,158.88,168.71,176.79,185.09,191.79,202.62,192.95,191.13,141.69,148.1,157.3,158.94,170.97,164.17,219.78
47.14,58.33,74.87,139.13,51.55,168.21,153.55,177.95,171.02,84.53,120.01,75.16,34.24,154.16,69.39,117.02,116.05,82.95,107.46,20.96,91.33,70.73,138.77,149.71,166.05,61.5,70.96,68.98,11.91,69.44,69.27,162.48,61.24,15.37,120.25,62.88,81.91,185.01,65.65,166.65,149.59,21.6,58.92,45.98,66.5,73.45,123.82,172.32,73.9,47.91,31.63,170.04,141.32,34.71,107.98,79.76,154.09,131.26,152.11,195.07,20.71,104.05,48.31,160.39,74.07,166.35,121.61,150.39,74.39,94.27,12.48,66.24,41.11,95.12,101.18,126.46,137.14,59.08,133.02,55.75,143.71,50.91,142.5,182.39,143.65,42.52,68.86,13.59,67.69,81.46,93.59,44.54,113.71,90.34,87.46,160.3,78.0,100.0,83.6,85.27,88.96,145.56,158.36,41.64,25.66,54.79,158.3,67.3,166.99,66.08,27.4,71.91,129.31,71.94,117.27,36.94,55.95,54.55,125.79,52.16,162.24,35.92,17.04,86.89,65.4,29.43,121.1,57.78,128.25,61.91,89.89,46.36,115.49,44.86,63.77,85.59,109.43,150.3,169.53,80.93,142.88,50.79,38.46,67.09,57.98,147.5,40.85,63.59,137.34,75.08,149.22,92.96,100.02,32.78,133.32,136.49,69.55,123.89,27.96,109.53,66.06,85.12,116.41,42.73,164.87,88.21,122.16,149.84,153.8,38.95,50.02,80.35,159.35,141.34,103.82,46.52,63.12,125.3,40.18,55.13,24.32,56.96,45.47,61.01,71.65,115.87,142.11,25.93,52.64,132.89,132.91,46.33,43.93,58.37,132.25,39.96,33.92,50.55,137.28,140.79,25.82,56.94,40.44,38.65,82.51,136.29,41.02,37.32,43.04,37.97,40.15,136.69,110.23,105.37,98.54,79.48,106.51,115.99,101.74,49.18,44.71,63.29,64.92,84.34,77.92,73.87,81.69,77.06,61.7,76.25,74.09,56.29,51.09,54.89,54.27,82.77,69.92,65.86,61.78,91.62,78.73,80.27,39.88,148.07,125.43,192.22,193.43,183.74,175.93,171.01,159.24,159.49,154.02,47.48,34.32,52.81,53.48,36.21,6.1,0.0,19.57,42.48,42.21,18.59,31.76,19.84,6.89,18.08,62.79,68.03,56.46,59.38,71.82,88.12,67.24,62.77,68.58,71.26,65.33,81.82,84.59,70.62,76.84,85.31,93.27,95.63,99.71,97.84,60.46,54.48,59.71,35.3,90.92,102.76,107.23,102.15,105.68,66.45,74.79,85.71,78.53,86.73,63.37,59.91,51.06,64.39,43.96,110.36,128.7,158.83,81.85,86.79,67.99,77.89,109.08,113.78,97.94,100.61,89.92,109.96,104.66,93.33,147.5,124.93,143.48,140.41,150.97,150.09,149.32,152.64,158.79,174.08,180.82,131.35,133.14,129.91,143.84,140.13,135.81,138.14,138.36,134.96,178.81,163.71,169.15,189.04,173.52,183.52,189.59,191.11,205.38,147.92,211.38,177.71,135.2,140.02,178.14,152.39,174.19,168.87,170.07,179.74,177.08,183.03,158.09,163.07,175.0,198.8,161.7,171.54,179.62,187.92,194.62,205.45,195.78,193.96,138.02,144.43,153.63,155.27,167.3,160.5,222.61
46.4,64.1,74.13,124.23,50.81,153.31,138.65,163.04,156.12,94.94,105.11,60.26,33.5,139.26,68.64,134.16,101.15,82.21,124.6,21.15,76.43,77.33,123.87,134.81,151.15,78.64,70.21,54.08,11.16,54.54,83.06,147.58,75.02,15.56,119.5,62.13,67.01,170.11,64.9,151.75,134.69,12.15,58.18,45.24,75.53,58.55,108.92,157.42,91.04,27.24,31.0,155.14,126.42,33.97,125.12,64.86,139.18,116.36,137.21,180.17,19.96,95.6,33.41,145.49,91.21,151.45,138.75,149.65,91.53,93.53,29.61,65.49,56.35,112.26,86.28,111.56,136.4,44.18,118.12,55.01,142.97,49.66,127.6,167.48,128.75,21.84,68.12,20.68,66.95,98.59,106.41,29.64,112.96,75.44,104.6,145.4,88.41,99.26,82.86,70.37,100.53,130.66,143.46,40.89,7.48,39.89,143.39,66.55,152.09,65.33,26.66,86.31,114.41,57.04,102.37,22.04,55.21,56.19,110.89,31.48,147.34,35.17,17.23,86.15,72.0,13.1,120.36,57.04,127.51,68.51,74.99,45.61,114.75,29.96,63.03,102.73,108.68,135.4,154.63,98.06,127.98,50.04,37.71,84.23,57.23,132.59,40.1,62.85,122.43,74.34,134.32,92.22,85.11,32.04,118.42,121.59,68.81,108.99,28.15,108.79,80.46,102.26,133.55,44.79,149.97,73.3,139.29,166.97,138.9,38.2,49.28,79.61,144.45,126.44,103.08,54.72,76.91,110.39,25.28,54.39,23.57,70.75,30.57,67.61,88.78,100.97,127.21,25.18,51.89,132.15,118.01,45.58,43.19,57.62,117.35,39.22,33.18,64.33,122.38,125.89,25.08,56.2,39.69,37.9,99.65,121.39,26.12,36.57,42.29,27.54,24.18,135.94,109.49,104.63,97.79,85.25,105.77,115.24,101.0,48.44,43.96,62.54,64.18,83.6,77.18,73.13,80.94,76.31,60.96,75.51,73.35,55.54,50.35,54.15,53.52,82.02,69.17,65.12,61.04,90.88,77.99,79.52,32.5,147.33,124.69,191.47,192.69,183.0,175.18,170.26,158.5,158.74,153.27,32.58,39.45,37.91,38.57,36.4,13.47,19.57,0.0,50.29,51.87,18.7,16.86,36.98,24.03,15.74,62.05,67.29,62.23,59.57,77.59,93.89,73.0,62.97,68.77,71.46,50.43,66.92,69.69,55.72,61.94,70.4,78.37,80.73,84.81,82.94,74.32,68.34,76.84,52.43,90.34,87.85,92.33,87.25,90.78,80.31,84.45,70.8,92.18,103.86,80.51,77.04,68.2,81.53,61.1,109.0,113.8,143.93,98.98,103.92,85.13,95.03,126.21,130.91,115.07,117.74,107.05,127.1,121.8,110.47,132.6,110.02,128.58,125.51,136.07,135.19,134.42,137.74,143.89,159.18,165.92,148.49,150.28,147.05,160.98,157.26,152.95,155.28,155.5,152.09,163.91,148.81,154.25,174.14,158.61,168.62,174.69,176.21,190.48,175.22,196.47,162.81,150.24,155.06,163.24,137.49,159.29,153.97,155.17,164.84,162.18,168.12,143.18,148.17,160.1,183.9,146.8,156.64,164.72,173.02,179.72,190.55,180.88,179.06,155.16,161.57,170.77,172.41,184.43,177.63,207.71
88.57,92.32,116.3,96.19,92.98,125.28,110.61,135.01,128.08,56.98,77.07,32.22,58.1,111.22,110.81,134.66,73.11,124.38,98.5,61.01,48.4,39.37,95.83,106.77,123.11,82.7,112.38,26.05,51.96,26.51,47.48,119.54,39.44,55.42,161.67,104.3,38.97,142.07,107.07,123.72,106.66,37.06,100.35,87.41,39.95,30.51,80.88,129.38,85.26,48.84,50.68,127.1,98.38,76.14,125.62,36.82,111.15,88.32,109.17,152.13,68.63,57.63,17.92,117.46,60.05,123.41,113.91,191.82,92.02,135.7,39.6,107.66,20.78,93.33,58.25,83.52,178.57,16.14,90.08,97.18,185.14,14.09,99.57,139.45,100.71,43.45,110.29,30.02,109.12,70.31,68.45,26.61,155.13,47.4,73.81,117.36,50.45,141.43,125.03,42.33,62.57,102.62,115.42,86.28,44.2,14.48,115.36,108.72,124.05,107.5,56.12,48.35,86.37,29.0,74.33,32.68,100.59,23.18,82.85,41.03,119.3,64.05,57.08,128.32,34.04,38.19,162.53,99.21,169.68,30.54,46.95,87.78,156.92,24.86,105.2,79.64,150.86,107.36,126.59,74.97,99.94,92.21,84.03,84.72,99.4,104.56,82.27,105.02,94.4,116.51,106.28,134.39,57.08,74.21,90.38,93.55,110.98,80.95,68.01,150.96,42.5,68.65,107.45,5.9,121.93,45.27,139.79,140.87,110.86,80.37,91.45,121.78,116.41,98.4,145.25,19.14,41.33,82.36,26.92,96.56,65.65,35.17,38.27,29.64,79.27,72.93,99.17,59.39,94.06,174.32,89.97,87.75,85.36,99.79,89.31,81.39,75.35,28.76,94.34,97.85,67.25,98.37,81.86,80.07,67.68,93.36,33.82,78.74,84.46,47.22,43.86,178.11,151.66,146.8,139.96,113.47,147.94,157.41,143.17,93.82,89.39,104.71,106.35,125.77,119.35,115.3,123.11,118.48,103.13,117.68,115.52,97.71,92.52,96.32,95.69,124.19,111.34,107.29,103.21,133.05,120.16,121.69,52.18,189.5,166.86,233.64,234.86,225.17,217.35,212.43,200.67,200.91,195.44,34.23,20.93,25.14,25.8,70.2,46.15,42.48,50.29,0.0,16.22,29.65,32.87,46.96,35.9,33.54,104.63,109.87,107.41,93.37,122.77,139.07,118.19,96.76,102.57,105.26,22.57,39.06,41.83,27.86,34.08,42.55,50.51,52.87,56.95,55.08,38.67,32.69,45.59,40.08,112.17,60.0,64.47,59.39,62.92,44.66,47.21,42.95,54.94,72.71,84.62,81.16,72.31,84.09,65.21,71.77,85.94,116.07,99.5,104.44,90.45,95.55,126.73,131.43,115.59,118.26,107.57,100.96,95.66,84.33,104.74,82.17,100.72,97.66,108.22,107.33,106.56,109.88,116.03,131.32,138.06,122.35,124.14,122.77,161.5,157.78,153.46,155.8,134.52,127.28,136.06,120.96,126.39,146.28,130.76,140.77,146.83,148.35,162.62,147.36,168.62,134.95,96.56,101.38,135.38,109.63,131.43,126.11,127.31,136.98,134.32,140.27,115.33,120.31,132.24,156.04,118.94,128.78,136.86,145.16,151.86,162.69,153.02,151.2,129.02,135.43,144.63,146.27,158.3,151.5,179.85
90.15,111.06,117.87,97.77,94.56,126.85,112.19,136.59,129.66,48.84,78.65,33.8,59.68,112.8,112.39,120.76,74.69,125.96,84.6,60.74,49.97,35.12,97.41,108.35,124.69,68.8,113.96,20.33,51.69,28.08,33.59,121.12,25.55,55.15,163.25,105.88,40.55,143.65,108.65,125.29,108.23,46.76,101.93,88.99,26.06,32.09,82.46,130.96,71.36,50.42,52.26,128.68,99.96,77.71,111.72,38.4,112.72,89.9,110.75,153.71,70.21,49.5,21.7,119.03,46.15,124.99,100.01,193.4,78.13,137.28,39.33,109.24,5.42,79.44,59.82,85.1,180.15,17.72,91.66,98.76,186.72,9.84,101.14,141.03,102.29,45.03,111.87,29.75,110.69,56.41,60.31,28.19,156.71,48.98,58.73,87.68,42.31,143.01,126.61,43.91,50.44,104.2,117.0,87.85,45.78,16.06,116.93,110.3,125.63,109.08,57.7,36.22,87.95,30.58,75.91,34.26,102.17,18.94,84.43,42.61,120.88,65.63,56.82,129.9,29.8,39.76,164.11,100.79,171.26,26.3,48.53,89.36,158.5,26.44,106.78,65.74,152.43,108.94,128.17,61.07,101.52,93.79,85.61,70.83,100.98,106.13,83.85,106.6,95.98,118.09,107.86,135.97,58.65,75.79,91.96,95.13,112.55,82.53,67.74,152.54,30.37,54.75,93.55,10.8,123.51,46.85,125.89,126.98,112.44,81.95,93.03,123.35,117.99,99.98,146.83,10.84,27.43,83.94,28.5,98.14,67.23,21.27,39.85,25.4,65.38,74.51,100.75,60.97,95.64,175.9,91.55,89.33,86.94,101.37,90.89,82.97,76.93,14.86,95.92,99.43,68.83,99.94,83.44,81.65,53.78,94.93,35.4,80.32,86.04,48.8,45.44,179.69,153.24,148.38,141.54,132.21,149.52,158.99,144.74,95.4,90.97,106.29,107.93,127.34,120.92,116.88,124.69,120.06,104.71,119.25,117.1,99.29,94.1,97.9,97.27,125.77,112.92,108.87,104.78,134.63,121.74,123.27,53.76,191.08,168.44,235.22,236.44,226.75,218.93,214.01,202.25,202.49,197.02,35.8,26.23,28.93,29.59,69.93,45.88,42.21,51.87,16.22,0.0,29.38,34.46,46.69,35.64,33.27,106.22,111.46,109.0,114.96,124.36,140.66,119.78,109.76,114.83,100.49,24.16,40.65,43.42,29.45,35.67,44.14,52.1,54.46,58.54,56.67,24.77,18.79,31.69,26.18,98.26,61.59,66.06,60.98,64.51,30.76,39.1,34.92,42.84,58.8,70.72,67.25,58.41,70.19,51.31,63.66,87.53,117.66,85.6,90.54,76.55,81.65,112.83,117.53,101.69,104.36,93.67,87.06,81.76,70.43,106.33,83.76,81.08,99.25,109.81,108.92,108.15,111.47,117.62,132.91,139.65,108.45,110.24,108.87,147.6,143.88,139.56,141.9,120.62,113.38,137.65,122.55,127.98,147.87,132.35,142.36,148.42,149.94,164.21,148.95,170.21,136.54,88.45,93.27,136.97,111.22,94.94,127.7,128.9,138.57,135.91,141.86,116.92,121.9,133.83,157.63,120.53,130.37,138.45,146.75,153.45,164.28,154.61,152.79,115.12,121.53,130.73,132.37,144.4,137.59,181.44
63.3,68.44,91.03,125.68,67.72,154.77,140.1,164.5,157.57,71.71,106.56,61.71,41.31,140.71,85.55,120.26,102.6,99.12,110.7,37.12,77.89,57.9,125.32,136.26,152.6,64.74,77.8,55.54,28.07,56.0,56.45,149.03,48.41,31.53,136.41,79.04,68.46,171.56,81.81,153.21,136.15,8.15,75.09,62.15,48.92,60.0,110.37,158.88,77.14,30.13,33.89,156.59,127.87,50.87,111.22,66.31,140.64,117.82,138.66,181.62,36.87,72.36,34.86,146.95,77.3,152.9,124.84,166.55,77.62,110.43,15.71,82.4,28.28,98.35,87.74,113.01,153.31,45.63,119.57,71.91,159.87,38.09,129.06,168.94,130.2,24.73,85.03,4.83,83.85,84.69,96.82,31.09,129.87,76.89,90.7,146.86,65.17,116.17,99.77,71.82,73.3,132.11,144.91,57.8,14.78,41.34,144.85,83.46,153.54,82.24,39.33,59.08,115.86,58.49,103.82,23.49,64.31,41.72,112.34,30.57,148.79,47.26,33.2,103.05,52.58,15.98,137.26,73.94,144.41,49.08,76.44,62.52,131.66,31.41,79.94,88.83,125.59,136.85,156.08,84.16,129.43,66.95,54.62,70.32,74.14,134.05,57.01,79.76,123.89,91.24,135.77,109.12,86.57,48.95,119.87,123.04,85.71,110.44,44.12,125.69,53.23,88.35,119.64,29.9,151.42,74.76,125.39,153.07,140.35,55.11,66.19,96.51,145.9,127.89,119.98,33.7,50.29,111.85,26.73,71.29,40.48,44.14,32.02,48.18,74.88,102.42,128.66,42.6,68.8,149.05,119.46,62.49,60.1,74.53,118.8,56.12,50.08,37.72,123.83,127.34,41.99,73.1,56.6,54.81,85.75,122.85,27.57,53.48,59.2,30.43,27.07,152.85,126.39,121.53,114.7,89.58,122.67,132.15,117.9,65.35,60.87,79.45,81.08,100.5,94.08,90.04,97.85,93.22,77.87,92.41,90.25,72.45,67.25,71.05,70.43,98.93,86.08,82.02,77.94,107.79,94.9,96.43,35.39,164.24,141.59,208.38,209.6,199.9,192.09,187.17,175.4,175.65,170.18,34.03,21.49,39.36,40.03,46.31,22.26,18.59,18.7,29.65,29.38,0.0,18.31,23.07,12.02,6.62,78.96,84.19,66.56,69.49,81.92,98.23,77.34,72.88,78.69,81.37,51.88,68.37,71.14,57.17,63.4,71.86,79.82,82.18,86.26,84.39,47.63,41.65,62.94,49.04,94.15,89.31,93.78,88.7,92.23,53.62,61.96,72.26,65.7,89.96,66.6,63.14,54.29,67.63,47.2,86.52,115.25,145.38,85.08,90.02,71.22,81.13,112.31,117.01,101.17,103.84,93.15,113.19,107.9,96.57,134.05,111.48,130.03,126.97,137.53,136.64,135.87,139.2,145.34,160.63,167.37,134.59,136.38,133.15,147.08,143.36,139.04,141.38,141.6,138.19,165.37,150.27,155.7,175.59,160.07,170.08,176.14,177.66,191.93,176.67,197.93,164.26,111.31,116.13,164.69,138.94,160.74,155.42,156.62,166.29,163.63,169.58,144.64,149.62,161.55,185.35,148.26,158.09,166.17,174.47,181.17,192.0,182.33,180.51,141.25,147.66,156.87,158.51,170.53,163.73,209.16
63.58,84.49,91.31,106.9,67.99,135.98,121.31,145.71,138.79,77.61,87.77,42.92,33.11,121.92,85.82,133.42,83.82,99.39,116.74,36.62,59.1,59.99,106.53,117.48,133.82,77.9,87.39,36.75,26.63,37.21,65.73,130.25,57.69,31.03,136.68,79.32,49.67,152.78,82.08,134.42,117.36,11.76,75.36,62.42,58.2,41.21,91.59,140.09,90.3,21.93,25.69,137.81,109.09,51.15,124.38,47.52,121.85,99.03,119.87,162.84,35.42,78.26,16.08,128.16,78.29,134.11,132.16,166.83,90.79,110.71,28.88,82.67,39.02,111.58,68.95,94.22,153.58,26.85,100.78,72.19,160.15,32.33,110.27,150.15,111.42,16.53,85.3,20.29,84.13,88.56,89.08,12.3,130.15,58.11,94.44,128.07,71.08,116.44,100.04,53.04,83.2,113.33,126.12,61.29,10.78,22.56,126.06,83.74,134.75,82.51,31.13,68.98,97.08,39.71,85.04,14.42,75.6,38.85,93.56,21.93,130.01,39.06,32.69,103.33,54.67,10.19,137.54,74.22,144.69,51.17,57.65,62.79,131.93,12.63,80.21,97.88,125.87,118.07,137.3,93.21,110.65,67.23,59.04,83.49,74.42,115.26,57.28,80.03,105.1,91.52,116.99,109.4,67.78,49.22,101.08,104.26,85.99,91.65,43.62,125.97,63.13,86.89,125.69,27.45,132.64,55.97,138.56,159.12,121.57,55.38,66.46,96.79,127.11,109.11,120.26,37.39,59.58,93.06,6.2,71.57,40.66,53.42,19.17,50.27,88.05,83.63,109.88,34.4,69.08,149.33,100.67,62.76,60.37,74.8,100.01,56.4,50.36,47.0,105.04,108.55,42.26,73.38,56.87,55.08,85.93,104.06,14.71,53.76,59.47,22.23,18.87,153.12,126.67,121.81,114.98,105.64,122.95,132.42,118.18,68.83,64.4,79.72,81.36,100.78,94.36,90.31,98.12,93.49,78.14,92.69,90.53,72.72,67.53,71.33,70.7,99.2,86.36,82.3,78.22,108.06,95.17,96.7,27.19,164.51,141.87,208.65,209.87,200.18,192.37,187.44,175.68,175.93,170.46,13.78,32.61,20.58,21.24,51.86,28.93,31.76,16.86,32.87,34.46,18.31,0.0,36.24,25.18,16.0,79.73,84.96,82.5,75.04,97.86,114.17,93.28,78.43,84.24,86.92,32.97,49.45,52.23,38.25,44.48,52.94,60.9,63.26,67.34,65.47,56.85,50.87,63.77,58.26,107.32,70.39,74.87,69.78,73.31,62.84,66.98,53.34,74.71,90.89,79.77,76.31,67.46,80.79,60.36,91.54,96.33,126.46,98.25,103.19,84.39,94.29,125.48,130.18,114.34,117.0,106.32,119.14,113.84,102.51,115.13,92.56,111.11,108.05,118.61,117.72,116.95,120.28,126.42,141.72,148.46,140.53,142.32,140.95,160.24,156.52,152.21,154.54,152.7,145.46,146.45,131.35,136.78,156.68,141.15,151.16,157.23,158.74,173.01,157.75,179.01,145.35,132.77,137.59,145.77,120.02,141.82,136.5,137.7,147.37,144.71,150.66,125.72,130.7,142.64,166.43,129.34,139.18,147.25,155.55,162.25,173.08,163.41,161.59,147.2,153.61,162.81,164.45,176.48,169.68,190.24
64.55,63.04,92.28,143.61,68.96,172.69,158.03,182.43,175.5,83.26,124.49,79.64,51.65,158.64,86.8,101.11,120.53,100.36,91.55,38.37,95.82,67.6,143.25,154.19,170.53,45.6,72.41,73.46,29.32,73.92,68.0,166.96,59.96,32.78,137.65,80.29,86.39,189.49,83.05,171.13,154.07,26.08,76.33,63.39,50.59,77.93,128.3,176.8,57.99,48.05,49.04,174.52,145.8,52.12,92.07,84.24,158.57,135.74,156.59,199.55,38.11,88.14,52.79,164.87,58.16,170.83,105.7,167.8,58.48,111.68,7.79,83.65,45.59,79.21,105.66,130.94,154.55,63.56,137.5,73.16,161.12,55.39,146.99,186.87,148.13,42.66,86.27,18.07,85.1,65.55,77.68,49.02,131.12,94.82,71.55,123.71,76.72,117.41,101.01,89.75,73.05,150.04,162.84,59.04,32.71,59.27,162.78,84.71,171.47,83.48,44.81,70.63,133.79,76.42,121.75,41.42,58.91,59.03,130.27,48.5,166.72,53.32,34.44,104.3,73.73,33.91,138.51,75.19,145.66,66.39,94.37,63.77,132.9,49.34,81.18,69.68,126.84,154.78,174.01,65.02,147.36,68.2,55.87,51.18,75.39,151.98,58.26,81.0,141.82,92.49,153.7,110.37,104.5,50.19,137.8,140.97,86.96,128.37,45.37,126.94,64.78,69.21,100.5,47.21,169.35,92.69,106.25,133.93,158.28,56.35,67.43,97.76,163.83,145.82,121.23,51.0,61.85,129.78,44.66,72.54,41.73,56.84,49.95,65.49,55.74,120.35,146.59,43.33,70.05,150.3,137.39,63.74,61.34,75.78,136.73,57.37,51.33,63.87,141.76,145.27,43.23,74.35,57.84,56.05,66.6,140.77,45.5,54.73,60.45,48.36,45.0,154.09,127.64,122.78,115.95,84.19,123.92,133.4,119.15,66.59,62.11,80.7,82.33,101.75,95.33,91.28,99.1,94.47,79.11,93.66,91.5,73.69,68.5,72.3,71.68,100.18,87.33,83.27,79.19,109.03,96.14,97.68,57.29,165.48,142.84,209.62,210.84,201.15,193.34,188.41,176.65,176.9,171.43,51.96,38.8,57.29,57.96,40.92,23.51,19.84,36.98,46.96,46.69,23.07,36.24,0.0,13.27,22.56,80.2,85.44,61.17,64.09,76.53,92.83,71.95,67.48,73.29,77.24,69.81,86.3,89.07,75.1,81.32,89.79,97.75,100.11,104.19,102.32,63.14,56.91,43.8,27.31,75.01,107.24,111.71,106.63,110.16,65.18,73.52,90.19,77.26,70.82,47.46,44.0,35.15,48.48,28.05,94.45,133.18,163.31,65.94,70.88,52.08,61.99,93.17,97.87,82.03,84.7,74.01,94.05,88.75,77.43,151.98,129.41,115.5,120.85,155.46,154.57,153.8,157.12,163.27,178.56,185.3,115.45,117.24,114.01,127.94,124.22,119.9,122.24,122.46,119.05,183.29,168.19,173.63,193.52,178.0,188.0,194.07,195.59,209.86,132.01,172.49,182.19,119.29,124.11,144.68,156.87,130.98,132.15,174.55,184.22,181.56,187.51,162.57,167.55,179.48,203.28,166.18,176.02,184.1,192.4,199.1,209.93,200.26,198.44,122.11,128.52,137.73,139.36,151.39,144.59,227.09
51.6,56.73,79.33,132.56,56.01,161.64,146.97,171.37,164.45,77.96,113.43,68.58,38.7,147.58,73.85,110.45,109.48,87.41,100.89,25.42,84.76,64.15,132.19,143.13,159.48,54.93,66.1,62.41,16.37,62.87,62.7,155.91,54.66,19.83,124.71,67.34,75.33,178.44,70.11,160.08,143.02,15.02,63.38,50.44,59.93,66.87,117.25,165.75,67.33,37.0,36.09,163.47,134.75,39.17,101.41,73.18,147.51,124.69,145.53,188.5,25.17,97.47,41.74,153.82,67.5,159.77,115.03,154.85,67.82,98.73,5.9,70.7,34.53,88.55,94.61,119.88,141.6,52.51,126.44,60.21,148.17,44.34,135.93,175.81,137.07,31.6,73.32,7.02,72.15,74.88,87.01,37.96,118.17,83.77,80.89,153.73,71.42,104.46,88.06,78.7,82.38,138.99,151.78,46.1,21.65,48.22,151.72,71.76,160.41,70.54,31.86,65.33,122.74,65.37,110.7,30.37,52.61,47.97,119.22,37.45,155.67,40.38,21.5,91.35,58.83,22.86,125.56,62.24,132.71,55.33,83.31,50.82,119.95,38.28,68.23,79.02,113.89,143.73,162.96,74.35,136.31,55.25,42.92,60.52,62.44,140.92,45.31,68.05,130.76,79.54,142.65,97.42,93.44,37.24,126.74,129.92,74.01,117.31,32.42,113.99,59.48,78.55,109.83,36.15,158.3,81.63,115.58,143.26,147.22,43.4,54.48,84.81,152.77,134.77,108.28,39.95,56.55,118.72,33.61,59.59,28.78,50.39,38.89,54.43,65.07,109.29,135.54,30.39,57.1,137.35,126.33,50.79,48.39,62.83,125.67,44.42,38.38,43.97,130.7,134.21,30.28,61.4,44.9,43.11,75.94,129.72,34.44,41.78,47.5,37.31,33.94,141.15,114.69,109.83,103.0,77.88,110.97,120.45,106.2,53.64,49.17,67.75,69.38,88.8,82.38,78.33,86.15,81.52,66.16,80.71,78.55,60.75,55.55,59.35,58.73,87.23,74.38,70.32,66.24,96.08,83.19,84.73,44.34,152.53,129.89,196.68,197.89,188.2,180.39,175.47,163.7,163.95,158.48,40.91,27.74,46.24,46.9,34.61,10.56,6.89,24.03,35.9,35.64,12.02,25.18,13.27,0.0,11.5,67.25,72.49,54.86,57.79,70.22,86.52,65.64,61.18,66.99,69.67,58.76,75.24,78.02,64.04,70.27,78.73,86.7,89.05,93.13,91.26,53.88,47.9,53.13,28.72,84.34,96.18,100.66,95.57,99.11,59.87,68.21,79.13,71.95,80.15,56.8,53.33,44.49,57.82,37.39,103.78,122.12,152.26,75.27,80.21,61.42,71.32,102.5,107.2,91.36,94.03,83.34,103.39,98.09,86.76,140.92,118.35,136.9,133.84,144.4,143.51,142.74,146.07,152.22,167.51,174.25,124.78,126.57,123.34,137.27,133.55,129.24,131.57,131.79,128.38,172.24,157.14,162.57,182.47,166.94,176.95,183.02,184.53,198.8,141.35,204.8,171.14,128.62,133.44,171.56,145.81,167.62,162.29,163.49,173.16,170.5,176.45,151.51,156.49,168.43,192.22,155.13,164.97,173.04,181.34,188.04,198.87,189.2,187.38,131.45,137.86,147.06,148.7,160.72,153.92,216.03
62.79,67.92,90.52,123.38,67.2,152.46,137.79,162.19,155.26,94.09,104.25,59.4,38.62,138.4,85.03,119.74,100.3,98.6,110.18,36.61,75.58,76.47,123.01,133.95,150.3,64.22,77.29,53.23,27.56,53.69,60.33,146.73,52.29,31.02,135.89,78.53,66.15,169.25,81.29,150.9,133.84,9.63,74.57,61.63,52.8,57.69,108.07,156.57,76.62,27.44,31.2,154.28,125.57,50.36,110.7,64.0,138.33,115.51,136.35,179.32,36.35,94.74,32.55,144.64,76.79,150.59,124.33,166.04,77.11,109.92,15.2,81.88,32.17,97.84,85.43,110.7,152.79,43.33,117.26,71.4,159.36,48.81,126.75,166.63,127.89,22.04,84.51,6.61,83.34,84.18,96.3,28.78,129.36,74.58,90.18,144.55,87.55,115.65,99.25,69.51,77.19,129.81,142.6,57.28,11.81,39.04,142.54,82.95,151.23,81.72,36.65,62.97,113.55,56.19,101.52,21.18,63.79,55.33,110.03,31.69,146.49,44.58,32.68,102.54,71.15,13.3,136.75,73.43,143.9,67.65,74.13,62.0,131.14,29.1,79.42,88.31,125.08,134.54,153.77,83.64,127.13,66.44,54.11,69.81,73.63,131.74,56.49,79.24,121.58,90.73,133.46,108.61,84.26,48.43,117.56,120.74,85.2,108.13,43.61,125.18,57.12,87.84,119.13,33.79,149.11,72.45,124.88,152.56,138.04,54.59,65.67,96.0,143.59,125.58,119.47,37.58,54.18,109.54,24.42,70.78,39.96,48.02,29.71,66.75,74.37,100.11,126.35,39.92,68.29,148.54,117.15,61.97,59.58,74.01,116.49,55.61,49.57,41.61,121.52,125.03,41.47,72.59,56.08,54.29,85.23,120.54,25.26,52.97,58.68,27.75,24.39,152.33,125.88,121.02,114.19,89.07,122.16,131.63,117.39,64.83,60.35,78.93,80.57,99.99,93.57,89.52,97.33,92.7,77.35,91.9,89.74,71.93,66.74,70.54,69.91,98.41,85.57,81.51,77.43,107.27,94.38,95.91,32.71,163.72,141.08,207.86,209.08,199.39,191.58,186.65,174.89,175.14,169.67,31.73,25.37,37.06,37.72,45.8,21.75,18.08,15.74,33.54,33.27,6.62,16.0,22.56,11.5,0.0,78.44,83.68,66.05,68.97,81.41,97.71,76.83,72.36,78.17,80.86,49.58,66.06,68.84,54.86,61.09,69.55,77.51,79.87,83.95,82.08,51.52,45.54,62.42,38.01,93.64,87.0,91.48,86.39,89.92,57.51,65.85,69.95,69.59,89.44,66.09,62.62,53.78,67.11,46.68,90.4,112.94,143.07,84.57,89.5,70.71,80.61,111.8,116.5,100.65,103.32,92.63,112.68,107.38,96.05,131.74,109.17,127.72,124.66,135.22,134.33,133.56,136.89,143.03,158.32,165.07,134.07,135.86,132.63,146.56,142.84,138.53,140.86,141.08,137.67,163.06,147.96,153.39,173.28,157.76,167.77,173.84,175.35,189.62,174.36,195.62,161.95,149.38,154.2,162.38,136.63,158.43,153.11,154.31,163.98,161.32,167.27,142.33,147.31,159.24,183.04,145.95,155.78,163.86,172.16,178.86,189.69,180.02,178.2,140.74,147.15,156.35,157.99,170.02,163.22,206.85
56.42,29.19,40.54,178.66,11.77,207.74,193.08,217.47,210.55,140.8,159.53,114.68,59.13,193.69,65.94,145.97,155.58,58.48,136.41,63.39,130.86,131.76,178.3,189.24,205.58,86.8,10.95,108.51,50.88,108.97,130.74,202.01,129.45,56.05,76.48,72.16,121.44,224.54,74.93,206.18,189.12,72.8,55.48,18.98,124.84,112.98,163.35,211.85,102.85,72.8,56.52,209.57,180.85,32.8,136.93,119.28,193.61,170.79,191.64,234.6,50.76,133.0,87.84,199.92,117.29,205.88,150.56,106.62,103.34,50.5,72.84,75.52,110.78,124.07,140.71,165.98,93.38,98.61,172.54,65.03,99.94,104.09,182.03,221.91,183.18,67.4,78.14,73.95,76.97,110.41,122.54,84.06,69.94,129.87,116.41,168.57,142.84,56.24,39.84,124.8,127.89,185.09,197.88,39.1,68.14,94.32,197.82,63.45,206.51,75.36,52.29,140.74,168.84,111.47,156.8,76.47,29.47,110.62,165.32,77.05,201.77,65.08,59.46,43.12,126.43,72.53,77.33,67.06,84.48,122.93,129.42,36.64,71.73,84.39,46.77,114.54,65.66,189.83,209.06,109.88,182.41,47.35,31.52,96.04,67.26,187.02,26.37,58.59,176.86,35.55,188.75,49.19,139.54,32.23,172.84,176.02,61.74,163.42,70.39,65.76,134.89,114.07,145.36,99.22,204.4,127.73,151.11,178.79,193.33,27.44,49.0,36.58,198.88,180.87,60.06,109.15,131.34,164.82,79.71,51.69,46.51,125.18,80.46,122.03,100.6,155.4,181.64,51.3,61.92,89.12,172.44,45.31,53.21,54.92,171.78,49.24,40.05,118.76,176.81,180.31,39.66,66.22,35.2,47.93,111.46,175.82,74.82,41.78,44.3,62.86,65.04,92.92,66.46,61.6,31.41,31.33,24.35,72.22,57.97,36.84,19.65,72.57,74.2,53.72,61.47,63.97,73.88,69.25,58.26,68.44,66.29,47.05,41.85,19.8,19.08,52.15,44.88,26.76,53.0,47.86,48.12,16.95,64.77,104.31,81.66,148.45,149.67,139.97,132.16,127.24,115.47,115.72,110.25,87.01,104.37,92.34,93.0,51.01,56.7,62.79,62.05,104.63,106.22,78.96,79.73,80.2,67.25,78.44,0.0,8.55,22.19,36.93,23.66,39.97,19.08,40.32,46.13,48.81,104.89,121.38,124.15,110.18,116.4,124.86,132.83,135.19,139.27,137.4,128.78,122.8,118.05,96.19,67.7,142.31,146.79,141.71,145.24,136.55,138.91,125.26,134.87,115.68,82.51,88.86,90.9,93.34,98.28,139.31,168.26,198.39,110.8,115.74,87.13,106.84,138.03,142.73,126.89,129.56,118.87,138.91,133.61,122.29,187.06,164.48,183.04,179.97,190.53,189.64,188.88,192.2,198.35,213.64,220.38,160.31,162.1,158.86,172.8,169.08,164.76,167.1,167.32,163.91,218.37,203.27,208.71,228.6,213.07,223.08,229.15,230.67,244.93,176.87,250.93,217.27,164.15,168.97,217.7,191.95,175.84,208.42,209.63,219.3,216.63,222.58,197.64,202.63,214.56,238.36,201.26,211.1,219.18,227.48,234.18,245.01,235.34,233.52,166.97,173.38,182.58,184.22,196.25,189.45,262.17
61.66,22.59,49.09,183.9,17.0,212.98,198.31,222.71,215.79,134.2,164.77,119.92,64.36,198.92,71.18,139.38,160.82,67.03,129.82,68.62,136.1,136.99,183.53,194.47,210.82,80.2,4.36,113.75,56.12,114.21,124.14,207.25,130.15,61.28,82.64,77.39,126.67,229.78,80.16,211.42,194.36,78.04,60.72,24.22,118.25,118.21,168.59,217.09,96.26,78.04,61.76,214.8,186.09,38.04,130.34,124.52,198.85,176.03,196.87,239.84,55.99,126.4,93.07,205.16,110.7,211.11,143.96,112.79,96.75,59.06,78.08,80.75,116.02,117.48,145.95,171.22,99.54,103.85,177.78,70.27,106.11,109.33,187.27,227.15,188.41,72.64,83.38,79.19,82.21,103.81,115.94,89.3,76.1,135.11,109.82,161.98,134.69,62.52,48.39,130.04,121.29,190.33,203.12,36.93,73.37,99.56,203.06,68.68,211.75,80.59,57.53,135.81,174.07,116.71,162.04,81.71,22.87,115.85,170.55,82.28,207.01,70.32,56.91,51.68,131.67,77.77,83.5,72.3,90.65,128.17,134.65,41.87,77.89,89.62,55.32,107.95,71.82,195.06,214.29,103.28,187.65,52.58,36.75,89.45,72.5,192.26,31.6,63.83,182.1,44.1,193.99,58.23,144.78,37.46,178.08,181.26,66.98,168.65,75.62,71.93,140.13,107.48,138.76,104.45,209.63,132.97,144.51,172.19,198.56,32.67,54.24,45.14,204.11,186.11,66.22,114.38,129.5,170.06,84.95,56.92,51.74,124.49,85.7,127.27,94.0,160.63,186.88,56.54,67.16,95.29,177.67,50.54,58.45,60.16,177.01,54.48,45.29,124.0,182.04,185.55,44.9,71.46,40.43,53.16,104.87,181.06,80.05,47.01,49.53,68.1,70.28,99.2,72.75,70.16,51.29,24.73,44.23,78.38,64.13,30.24,24.88,77.8,79.44,62.28,70.03,75.67,79.12,74.49,63.5,73.68,71.52,52.28,47.09,25.03,24.31,60.7,53.43,35.32,61.56,56.41,56.67,25.5,70.0,110.47,87.83,154.61,155.83,146.14,138.32,133.4,121.64,121.88,116.41,92.25,109.61,97.58,98.24,44.42,61.93,68.03,67.29,109.87,111.46,84.19,84.96,85.44,72.49,83.68,8.55,0.0,15.6,30.33,17.07,33.37,12.49,33.72,39.53,42.21,110.13,126.61,129.39,115.41,121.64,130.1,138.06,140.42,144.5,142.63,134.01,128.03,111.45,101.42,61.1,147.55,152.03,146.94,150.48,129.95,144.14,130.5,128.27,109.08,75.91,82.26,84.3,86.75,91.68,132.71,173.49,203.62,104.2,109.14,80.53,100.25,131.43,136.13,120.29,122.96,112.27,132.32,127.02,115.69,192.29,169.72,166.5,171.86,195.77,194.88,194.11,197.44,203.58,218.88,225.62,153.71,155.5,152.27,166.2,162.48,158.17,160.5,160.72,157.31,223.61,208.51,213.94,233.84,218.31,228.32,234.39,235.9,250.17,170.28,210.76,222.51,157.55,162.37,182.94,197.18,169.24,170.41,214.86,224.53,221.87,227.82,202.88,207.86,219.8,243.59,206.5,216.34,224.41,232.71,239.41,250.24,240.57,238.75,160.38,166.79,175.99,177.63,189.65,182.85,267.4
64.63,6.99,62.73,168.86,30.64,210.52,195.85,220.25,163.99,118.61,162.31,117.46,61.91,196.46,77.18,123.78,158.36,80.67,114.22,48.95,133.64,119.66,163.24,192.01,208.36,64.61,11.24,111.29,51.06,111.75,108.54,204.79,114.56,46.61,80.93,80.37,124.21,227.32,83.14,208.96,191.9,72.98,66.72,37.86,102.65,115.75,166.13,214.63,80.66,75.58,59.3,212.35,165.79,38.0,114.74,122.06,196.39,156.64,194.41,237.38,47.08,110.81,90.62,202.7,95.1,159.32,128.37,111.08,81.15,62.02,54.77,83.73,89.08,101.88,143.49,168.76,97.83,101.39,163.64,73.24,104.4,106.87,184.81,224.69,185.95,70.18,86.35,61.56,85.18,88.22,100.34,86.84,74.39,132.65,94.22,146.38,119.1,60.81,62.03,127.58,105.7,187.87,200.66,21.34,68.31,97.1,200.6,74.68,209.29,83.57,55.07,120.22,171.62,114.25,159.58,79.25,7.28,113.39,168.1,79.82,204.55,67.86,41.31,63.57,129.21,75.31,81.79,75.27,88.94,125.71,132.19,47.88,76.18,87.16,71.57,92.35,70.11,192.61,211.84,87.68,185.19,58.58,28.92,73.85,75.47,189.8,35.35,69.83,179.64,57.74,191.53,56.52,142.32,43.46,157.69,178.8,72.98,166.19,55.95,70.22,116.84,91.88,123.17,101.99,207.18,130.51,128.91,156.6,196.1,40.94,60.24,58.78,201.65,183.65,64.51,111.92,113.9,167.6,82.49,62.93,48.77,108.9,83.24,124.81,78.41,158.17,184.42,54.08,70.13,93.58,175.21,56.54,61.42,66.16,174.55,57.45,49.27,98.52,179.58,183.09,47.87,74.43,46.44,56.14,89.27,178.6,77.6,54.81,55.54,65.64,67.82,97.49,71.04,73.12,49.58,23.02,42.52,76.67,62.42,14.65,35.17,80.78,82.41,75.92,85.72,81.67,85.12,80.49,69.5,79.68,77.53,58.28,53.09,38.67,37.95,74.34,77.71,48.96,63.78,69.0,70.31,39.14,67.54,108.76,86.12,152.9,154.12,144.43,136.61,131.69,119.93,120.17,114.7,89.79,82.29,95.12,95.78,28.82,50.36,56.46,62.23,107.41,109.0,66.56,82.5,61.17,54.86,66.05,22.19,15.6,0.0,14.73,15.36,31.66,10.78,18.13,23.94,26.62,107.76,124.24,127.02,113.04,119.27,127.73,135.69,138.05,142.13,140.26,115.19,108.97,95.86,76.62,45.5,145.18,149.66,144.57,148.1,114.35,127.46,128.13,112.68,93.48,60.31,66.66,68.7,71.15,76.08,117.11,171.12,201.25,88.61,93.54,64.93,84.65,115.83,120.54,104.69,107.36,96.67,116.72,111.42,100.09,171.53,167.35,150.91,156.26,193.4,192.51,191.74,195.07,201.21,216.5,223.25,138.11,139.9,136.67,150.6,146.88,142.57,144.9,145.12,141.71,221.24,206.14,211.57,231.46,215.94,225.95,232.02,233.53,247.8,154.68,195.16,174.7,141.95,146.78,167.34,153.59,153.65,154.82,212.49,222.16,219.5,225.45,200.51,205.49,217.43,241.22,204.13,213.97,222.04,230.34,237.04,247.87,238.2,236.38,144.78,151.19,160.39,162.03,174.06,167.26,265.03
70.6,16.6,88.63,159.08,45.38,216.48,201.82,226.21,154.21,108.83,154.07,123.42,67.87,202.42,83.14,114.0,164.32,96.71,104.44,51.87,139.6,109.88,153.46,197.98,214.32,54.83,25.97,117.25,57.02,117.71,98.76,210.75,104.78,49.53,95.66,86.33,130.17,233.28,89.1,214.92,197.86,72.49,72.68,49.07,92.87,121.71,172.09,220.59,70.88,81.54,65.26,180.89,156.01,43.96,104.96,128.02,172.02,146.86,200.38,243.34,53.04,101.03,96.58,208.66,85.32,149.54,118.59,125.81,71.37,76.76,57.7,89.69,92.0,92.1,149.45,174.72,112.56,107.35,153.86,79.2,119.13,112.83,190.77,230.65,191.92,76.14,92.32,64.48,91.14,78.44,90.56,92.8,89.13,138.61,84.44,136.6,109.32,75.54,76.76,133.54,95.91,193.83,206.62,27.3,65.66,103.06,206.56,80.65,215.25,89.53,61.03,110.43,158.69,120.21,165.54,85.21,13.24,119.36,156.38,85.79,173.1,73.82,44.23,78.31,116.0,81.27,96.52,81.23,103.67,131.67,138.16,53.84,90.91,93.13,77.53,82.57,84.85,198.57,217.8,77.9,191.15,64.55,34.89,64.07,81.43,195.76,41.31,75.79,185.6,88.84,197.49,71.26,148.28,49.43,147.91,161.47,78.94,172.16,58.87,84.95,107.06,82.1,113.39,107.96,213.14,136.47,119.13,146.82,202.07,46.9,66.2,73.51,170.2,189.61,79.24,117.89,104.12,173.56,88.45,68.89,54.73,99.12,89.2,130.77,68.63,164.14,190.38,60.04,76.09,108.31,181.18,62.51,67.39,72.12,180.52,63.41,55.23,106.15,185.55,189.05,53.83,80.39,52.4,62.1,79.49,184.56,83.56,60.77,61.5,71.6,73.78,112.22,85.77,87.86,64.31,37.75,57.25,91.4,77.16,20.61,41.13,86.74,88.38,98.1,91.68,87.63,91.08,86.45,75.46,85.64,83.49,64.25,59.05,57.97,52.68,96.52,83.68,63.69,69.74,83.74,92.49,53.87,73.51,123.49,100.85,167.63,168.85,159.16,151.35,146.42,134.66,134.91,129.44,95.75,85.21,101.08,101.74,31.74,53.28,59.38,59.57,93.37,114.96,69.49,75.04,64.09,57.79,68.97,36.93,30.33,14.73,0.0,30.09,46.4,25.51,8.35,14.15,16.84,113.72,130.21,132.98,119.0,125.23,133.69,141.66,144.01,148.1,146.23,105.41,99.19,86.07,79.55,35.72,151.14,155.62,150.53,154.07,104.57,117.68,134.09,102.9,83.7,50.53,56.88,58.92,61.37,66.3,107.33,177.08,207.22,78.83,83.76,55.15,74.87,106.05,110.76,94.91,97.58,86.89,106.94,101.64,90.31,161.75,153.9,141.13,146.48,199.36,198.47,197.71,201.03,207.18,222.47,229.21,128.33,130.12,126.89,140.82,137.1,132.79,135.12,135.34,131.93,227.2,212.1,217.53,237.43,221.9,231.91,237.98,239.5,253.76,144.9,185.38,164.92,132.17,137.0,157.56,143.81,143.87,145.04,180.96,190.63,200.9,206.85,206.47,211.45,223.39,247.18,210.09,219.93,228.0,236.3,243.01,253.83,244.16,242.34,135.0,141.41,150.61,152.25,164.28,157.48,270.99
76.77,22.35,60.15,184.22,32.11,225.88,211.21,235.61,179.35,133.96,177.67,132.82,77.26,211.82,86.29,139.14,173.72,78.09,129.58,64.3,149.0,135.02,178.59,207.37,223.72,79.96,12.71,126.65,66.42,127.11,123.9,220.15,129.92,61.97,65.57,92.5,139.57,242.68,95.27,224.32,207.26,88.34,76.16,39.33,118.01,131.11,181.49,229.99,96.02,90.94,74.66,227.7,181.15,53.36,130.1,137.42,211.75,172.0,209.77,252.74,62.43,126.16,105.97,218.06,110.46,174.68,143.73,95.72,96.51,46.66,70.13,95.86,104.44,117.24,158.85,184.12,82.47,116.75,178.99,85.38,89.04,122.23,200.17,240.05,201.31,85.54,98.49,76.92,97.32,103.57,115.7,102.2,59.03,148.01,109.58,161.74,134.46,45.45,59.45,142.93,121.05,203.23,216.02,36.69,83.67,112.46,215.96,83.79,224.65,95.7,70.43,135.57,186.97,129.61,174.94,94.6,22.63,128.75,183.45,95.18,219.91,83.22,56.67,48.21,144.57,90.67,66.43,87.41,73.58,141.07,147.55,56.98,60.82,102.52,67.97,107.71,54.76,207.96,227.19,103.04,200.55,67.69,44.28,89.21,87.61,205.16,46.71,78.94,195.0,56.75,206.88,41.16,157.68,52.57,173.05,194.16,82.09,181.55,71.3,54.86,132.2,107.24,138.53,117.35,222.53,145.87,144.27,171.95,211.46,47.78,69.35,52.25,217.01,199.0,49.15,127.28,129.26,182.96,97.84,72.03,64.12,124.25,98.6,140.17,93.76,173.53,199.78,69.44,82.26,78.22,190.57,65.65,73.56,75.27,189.91,69.59,60.4,113.88,194.94,198.45,60.0,86.57,55.54,68.27,104.63,193.96,92.95,62.12,64.64,81.0,83.18,82.13,55.68,57.76,34.22,7.66,27.16,61.31,47.07,30.01,50.53,92.91,94.55,73.33,81.08,83.58,94.23,89.6,78.61,88.79,86.63,76.2,62.2,40.14,39.42,71.76,64.49,50.43,74.21,53.64,67.73,40.61,82.9,93.4,70.76,137.54,138.76,129.07,121.26,116.33,104.57,104.81,99.35,105.15,97.64,110.48,111.14,44.18,65.72,71.82,77.59,122.77,124.36,81.92,97.86,76.53,70.22,81.41,23.66,17.07,15.36,30.09,0.0,16.3,5.0,33.48,39.29,41.97,123.12,139.6,142.37,128.4,134.63,143.09,151.05,153.41,157.49,155.62,130.55,124.33,111.21,91.98,60.86,160.54,165.02,159.93,163.46,129.71,142.82,143.49,128.04,108.84,75.67,82.02,84.06,86.51,91.44,132.47,186.48,216.61,103.97,108.9,80.29,100.01,131.19,135.89,120.05,122.72,112.03,132.08,126.78,115.45,186.89,182.71,166.27,171.62,208.76,207.87,207.1,210.43,216.57,231.86,238.6,153.47,155.26,152.03,165.96,162.24,157.93,160.26,160.48,157.07,236.6,221.5,226.93,246.82,231.3,241.31,247.37,248.89,263.16,170.04,210.52,190.05,157.31,162.13,182.7,168.95,169.0,170.18,227.85,237.52,234.86,240.81,215.87,220.85,232.78,256.58,219.49,229.32,237.4,245.7,252.4,263.23,253.56,251.74,160.14,166.55,175.75,177.39,189.41,182.61,280.39
93.59,38.65,48.77,200.52,48.42,242.18,227.52,251.91,195.65,150.27,193.97,149.12,93.57,228.13,76.51,155.44,190.02,66.7,145.88,80.61,165.3,151.32,194.9,223.68,240.02,96.27,29.01,142.95,82.72,143.41,140.21,236.45,146.22,78.27,54.19,87.27,155.88,258.98,105.18,240.62,223.56,104.64,64.78,55.63,134.31,147.42,197.79,246.29,112.32,107.24,90.96,244.01,197.45,69.66,146.4,153.72,228.05,188.31,226.08,269.04,78.74,142.47,122.28,234.36,126.76,190.98,160.03,84.34,112.81,35.28,86.44,105.77,120.74,133.54,175.15,200.42,71.09,133.05,195.3,95.29,77.66,138.53,216.47,256.35,217.62,101.84,93.62,93.22,107.22,119.88,132.01,118.5,47.65,164.31,125.88,178.04,150.76,34.07,48.06,159.24,137.36,219.53,232.32,53.0,99.98,128.76,232.26,81.19,240.95,105.61,86.73,151.88,203.28,145.91,191.24,110.91,38.94,145.06,199.76,111.49,236.21,99.52,72.97,36.83,160.87,106.97,55.05,97.32,62.2,157.37,163.86,75.23,49.44,118.83,56.59,124.01,43.37,224.27,243.5,119.35,216.85,72.16,60.59,105.51,97.51,221.46,63.02,76.34,211.3,45.37,223.19,29.78,173.98,68.88,189.35,210.46,79.49,197.86,87.61,43.48,148.5,123.54,154.83,133.66,238.84,162.17,160.58,188.26,227.77,64.09,81.92,40.87,233.32,215.31,37.77,143.59,145.56,199.26,114.15,67.17,80.43,140.56,114.9,156.47,110.07,189.84,216.08,85.74,99.09,66.84,206.88,87.11,89.86,72.67,206.22,85.89,76.7,130.18,211.25,214.75,76.31,96.47,71.85,84.58,120.93,210.26,109.26,87.08,86.1,97.3,99.48,70.75,44.3,46.38,22.84,10.36,15.78,49.93,35.68,46.31,66.83,95.08,104.46,61.95,69.7,72.2,91.63,87.0,76.01,86.19,84.04,64.82,70.01,56.45,55.73,60.38,53.11,54.18,62.82,42.26,56.34,29.52,99.21,82.02,59.38,126.16,127.38,117.69,109.87,104.95,93.19,93.43,87.96,121.45,113.95,126.78,127.44,60.48,82.02,88.12,93.89,139.07,140.66,98.23,114.17,92.83,86.52,97.71,39.97,33.37,31.66,46.4,16.3,0.0,21.31,49.79,55.6,58.28,139.42,155.91,158.68,144.7,150.93,159.39,167.36,169.71,173.8,171.93,146.86,140.63,127.52,108.29,77.16,176.84,181.32,176.24,179.77,146.02,159.13,159.79,144.34,125.15,91.98,98.33,100.37,102.81,107.75,148.78,202.78,232.92,120.27,125.21,96.6,116.31,147.5,152.2,136.36,139.03,128.34,148.38,143.08,131.76,203.19,199.01,182.57,187.92,225.06,224.17,223.41,226.73,232.88,248.17,254.91,169.77,171.56,168.33,182.26,178.55,174.23,176.57,176.78,173.38,252.9,237.8,243.24,263.13,247.6,257.61,263.68,265.2,279.46,186.34,226.82,206.36,173.62,178.44,199.01,185.25,185.31,186.48,244.15,253.82,251.16,257.11,232.17,237.15,249.09,272.88,235.79,245.63,253.71,262.0,268.71,279.53,269.87,268.05,176.44,182.85,192.05,193.69,205.72,198.92,296.69
72.19,17.77,65.15,179.64,27.53,221.3,206.63,231.03,174.77,129.38,173.09,128.24,72.68,207.24,81.71,134.56,169.14,83.09,125.0,59.72,144.42,130.44,174.01,202.79,219.14,75.38,8.13,122.07,61.84,122.53,119.32,215.57,125.33,57.39,70.57,87.92,134.99,238.09,90.69,219.74,202.68,83.76,71.25,34.75,113.43,126.53,176.91,225.41,91.44,86.36,70.08,223.12,176.57,48.78,125.52,132.84,207.17,167.42,205.19,248.16,57.85,121.58,101.39,213.48,105.88,170.1,139.14,100.72,91.93,51.66,65.55,91.28,99.86,112.66,154.27,179.54,87.47,112.17,174.41,80.8,94.04,117.65,195.59,235.47,196.73,80.96,93.91,72.34,92.74,98.99,111.12,97.62,64.04,143.42,105.0,157.16,129.87,50.45,64.45,138.35,116.47,198.65,211.44,32.11,79.09,107.88,211.38,79.21,220.07,91.12,65.85,130.99,182.39,125.03,170.36,90.02,18.05,124.17,178.87,90.6,215.33,78.64,52.09,53.22,139.99,86.09,71.43,82.83,78.58,136.49,142.97,52.4,65.82,97.94,65.85,103.13,59.76,203.38,222.61,98.46,195.97,63.11,39.7,84.63,83.02,200.58,42.13,74.36,190.42,54.63,202.3,46.16,153.1,47.99,168.47,189.58,77.51,176.97,66.72,59.86,127.62,102.66,133.95,112.77,217.95,141.29,139.69,167.37,206.88,43.2,64.77,57.25,212.43,194.42,54.15,122.7,124.68,178.38,93.26,67.45,59.54,119.67,94.02,135.59,89.18,168.95,195.19,64.85,77.68,83.22,185.99,61.07,68.98,70.69,185.33,65.01,55.81,109.29,190.36,193.87,55.42,81.98,50.96,63.69,100.05,189.38,88.37,57.54,60.06,76.42,78.6,87.13,60.68,62.76,39.22,12.66,32.16,66.31,52.07,25.43,45.95,88.33,89.97,78.33,86.09,86.2,89.65,85.02,74.03,84.21,82.05,62.81,57.62,35.56,34.84,76.76,69.49,45.85,72.09,58.65,72.73,36.03,78.32,98.4,75.76,142.54,143.76,134.07,126.26,121.33,109.57,109.82,104.35,100.57,93.06,105.9,106.56,39.6,61.14,67.24,73.0,118.19,119.78,77.34,93.28,71.95,65.64,76.83,19.08,12.49,10.78,25.51,5.0,21.31,0.0,28.9,34.71,37.39,118.53,135.02,137.79,123.82,130.04,138.51,146.47,148.83,152.91,151.04,125.97,119.75,106.63,87.4,56.28,155.96,160.43,155.35,158.88,125.13,138.24,138.91,123.45,104.26,71.09,77.44,79.48,81.93,86.86,127.89,181.9,212.03,99.38,104.32,75.71,95.43,126.61,131.31,115.47,118.14,107.45,127.5,122.2,110.87,182.31,178.13,161.69,167.04,204.18,203.29,202.52,205.84,211.99,227.28,234.02,148.89,150.68,147.45,161.38,157.66,153.35,155.68,155.9,152.49,232.02,216.92,222.35,242.24,226.72,236.73,242.79,244.31,258.58,165.46,205.94,185.47,152.73,157.55,178.12,164.37,164.42,165.6,223.27,232.94,230.28,236.23,211.29,216.27,228.2,252.0,214.91,224.74,232.82,241.12,247.82,258.65,248.98,247.16,155.56,161.97,171.17,172.81,184.83,178.03,275.81
73.99,20.0,92.02,151.51,48.77,196.64,181.98,206.37,146.64,101.25,146.5,126.82,71.26,182.59,86.54,106.43,167.71,100.1,96.87,55.26,142.99,102.31,145.88,178.14,194.48,47.25,29.37,120.64,60.42,121.1,91.19,190.91,97.2,52.93,99.06,89.72,133.57,213.44,92.49,195.08,178.02,75.89,76.07,52.46,85.3,125.11,154.52,200.75,63.31,84.93,68.65,173.32,148.44,47.35,97.39,131.42,164.45,139.29,180.54,223.5,56.43,93.45,99.97,188.82,77.75,141.97,111.01,129.2,63.8,80.15,61.09,93.08,105.49,84.53,152.84,164.09,115.96,110.74,146.28,82.6,122.52,116.23,169.77,210.81,172.08,79.54,95.71,67.88,94.54,70.86,82.99,96.2,92.52,142.0,76.87,129.03,101.74,78.93,80.16,136.93,88.34,173.99,186.79,30.69,69.05,106.45,186.72,84.04,195.42,92.92,64.42,102.86,151.12,123.6,168.93,88.6,16.63,112.64,148.81,89.18,165.52,77.22,47.63,81.7,108.43,84.66,99.91,84.63,107.06,113.83,141.55,57.23,94.31,96.52,80.92,75.0,88.24,178.73,197.96,70.33,170.15,67.94,38.28,56.5,84.83,174.76,44.7,79.19,165.76,92.23,177.65,74.65,151.67,52.82,140.34,153.89,82.34,161.53,62.26,88.34,99.49,74.53,105.81,111.35,193.3,139.87,111.56,139.24,170.06,50.29,69.6,76.9,162.63,169.77,82.63,104.62,96.55,163.6,91.84,72.28,58.12,91.54,92.59,115.82,61.05,167.53,170.54,63.43,79.48,111.7,166.85,65.9,70.78,75.52,160.68,66.81,58.62,98.57,165.71,169.22,57.22,83.79,55.79,65.49,71.92,164.72,86.95,64.16,64.89,74.99,77.17,115.61,89.16,91.25,67.71,41.15,60.65,94.8,80.55,24.0,44.53,90.13,91.77,101.49,95.07,91.02,94.48,89.84,78.85,89.04,86.88,67.64,62.45,61.37,56.08,99.92,87.07,67.08,73.13,87.13,95.88,57.27,76.9,126.88,104.24,171.03,172.24,162.55,154.74,149.82,138.05,138.3,132.83,99.14,88.6,104.47,105.13,35.14,56.68,62.77,62.97,96.76,109.76,72.88,78.43,67.48,61.18,72.36,40.32,33.72,18.13,8.35,33.48,49.79,28.9,0.0,5.09,9.26,117.11,117.73,136.37,122.4,128.62,137.08,145.05,147.41,151.49,149.62,97.84,91.62,78.5,99.25,28.15,154.53,159.01,153.93,157.46,97.0,110.11,116.69,95.32,76.13,42.96,49.31,51.35,53.8,58.73,99.76,167.19,187.34,71.25,76.19,47.58,67.3,98.48,103.18,87.34,90.01,79.32,99.37,94.07,82.74,154.18,146.33,133.56,138.91,178.28,177.4,177.83,181.15,187.3,202.59,209.33,120.76,122.55,119.32,133.25,129.53,125.22,127.55,127.77,124.36,207.32,192.22,197.66,217.55,202.02,212.03,218.1,219.62,233.88,137.33,177.81,157.34,124.6,129.42,149.99,136.24,136.29,137.46,173.39,183.06,193.33,199.28,185.39,191.58,203.51,227.3,189.01,200.05,208.13,216.43,223.13,233.96,224.29,222.47,127.43,133.84,143.04,144.68,156.7,149.9,251.11
79.8,25.81,97.83,156.58,54.58,201.72,187.05,211.45,151.72,106.33,151.57,132.63,77.07,187.66,92.35,111.5,173.52,105.91,101.94,61.07,148.8,107.38,150.96,183.21,199.56,52.33,35.17,126.45,66.23,126.91,96.27,195.99,102.28,58.74,104.87,95.53,139.38,218.52,98.3,200.16,183.1,81.69,81.88,58.27,90.37,130.92,159.6,205.83,68.38,90.74,74.46,178.4,153.51,53.16,102.46,137.23,169.53,144.37,185.61,228.58,62.24,98.53,105.78,193.9,82.82,147.04,116.09,135.01,68.87,85.96,66.9,98.89,110.57,89.6,158.65,169.17,121.76,116.55,151.36,88.41,128.33,122.03,174.85,215.89,177.15,85.35,101.52,73.69,100.34,75.94,88.07,102.01,98.33,147.81,81.94,134.1,106.82,84.74,85.96,142.74,93.42,179.07,191.86,36.5,74.86,112.26,191.8,89.85,200.49,98.73,70.23,107.94,156.2,129.41,174.74,94.41,22.44,117.72,153.88,94.99,170.6,83.03,53.44,87.51,113.51,90.47,105.72,90.44,112.87,118.9,147.36,63.04,100.11,102.33,86.73,80.07,94.05,183.81,203.04,75.41,175.23,73.75,44.09,61.57,90.63,179.84,50.51,85.0,170.84,98.04,182.73,80.46,157.48,58.63,145.42,158.97,88.15,166.6,68.07,94.15,104.56,79.6,110.89,117.16,198.38,145.67,116.64,144.32,175.13,56.1,75.41,82.71,167.71,174.85,88.44,109.7,101.63,168.68,97.65,78.09,63.93,96.62,98.4,120.9,66.13,173.34,175.62,69.24,85.29,117.51,171.93,71.71,76.59,81.32,165.75,72.62,64.43,103.65,170.78,174.29,63.03,89.59,61.6,71.3,76.99,169.8,92.76,69.97,70.7,80.8,82.98,121.42,94.97,97.06,73.51,46.96,66.46,100.61,86.36,29.81,50.33,95.94,97.58,107.3,100.88,96.83,100.28,95.65,84.66,94.85,92.69,73.45,68.26,67.17,61.89,105.73,92.88,72.89,78.94,92.94,101.69,63.07,82.71,132.69,110.05,176.83,178.05,168.36,160.55,155.62,143.86,144.11,138.64,104.95,94.41,110.28,110.94,40.95,62.48,68.58,68.77,102.57,114.83,78.69,84.24,73.29,66.99,78.17,46.13,39.53,23.94,14.15,39.29,55.6,34.71,5.09,0.0,14.34,122.92,122.81,142.18,128.2,134.43,142.89,150.86,153.21,157.3,155.43,102.92,96.69,83.58,104.33,17.89,160.34,164.82,159.74,163.27,102.08,115.19,121.77,100.4,81.21,48.04,54.39,56.43,58.87,63.81,104.84,172.27,192.41,76.33,81.27,52.66,72.37,103.56,108.26,92.42,95.09,84.4,104.44,99.14,87.82,159.26,151.4,138.63,143.98,183.36,182.47,182.9,186.23,192.37,207.66,214.41,125.84,127.63,124.39,138.33,134.61,130.29,132.63,132.85,129.44,212.4,197.3,202.73,222.62,207.1,217.11,223.18,224.69,238.96,142.4,182.88,162.42,129.68,134.5,155.07,141.32,141.37,142.54,178.47,188.14,198.41,204.35,190.47,196.65,208.59,232.38,194.09,205.13,213.2,221.5,228.2,239.03,229.36,227.54,132.5,138.91,148.11,149.75,161.78,154.98,256.19
82.48,28.49,100.51,142.24,57.26,187.38,172.71,197.11,137.38,91.99,137.23,117.35,79.75,173.32,95.03,97.16,158.13,108.59,87.6,63.75,125.37,93.04,136.62,168.87,185.22,37.99,37.86,104.77,68.91,112.31,81.93,181.65,87.94,61.42,107.55,98.21,115.95,204.18,100.98,185.82,168.76,84.38,84.56,60.95,76.03,115.64,145.26,191.49,54.04,93.42,77.14,164.06,139.17,55.84,88.12,109.4,155.19,130.03,171.27,214.24,64.92,84.19,108.46,179.56,68.48,132.7,101.75,137.69,54.53,88.64,69.58,101.57,96.23,75.26,140.07,154.83,124.45,119.23,137.02,91.09,131.01,101.75,160.51,201.55,162.81,88.03,104.2,76.37,103.03,61.6,73.73,104.69,101.01,124.38,67.6,119.76,92.48,87.42,88.65,124.16,79.08,164.73,177.52,39.18,77.54,114.94,177.46,92.53,186.15,101.41,72.91,93.6,141.85,114.14,155.31,97.09,25.12,103.38,139.54,97.67,156.26,85.71,56.12,90.19,99.17,93.15,108.4,93.12,115.55,104.56,128.78,65.72,102.8,105.01,89.41,65.73,96.73,169.47,188.7,61.07,160.89,76.43,46.77,47.23,93.32,165.5,53.19,87.68,156.5,100.72,168.39,83.14,134.05,61.31,131.08,144.63,90.83,152.26,70.75,96.83,90.22,65.26,96.55,108.98,184.04,122.24,102.3,129.98,160.79,58.78,78.09,85.39,153.37,160.51,91.12,95.36,87.29,154.34,100.33,80.77,66.61,82.28,101.08,106.56,51.79,153.14,161.28,71.92,87.97,120.19,157.59,74.39,79.27,84.01,151.41,75.3,67.11,89.31,156.44,159.95,65.72,92.28,64.28,73.98,62.65,155.46,95.44,72.65,73.38,83.48,85.66,124.1,97.65,99.74,76.2,49.64,69.14,103.29,89.04,32.49,53.02,98.62,100.26,109.98,103.56,99.51,102.97,98.33,87.34,97.53,95.37,76.13,70.94,69.86,64.57,108.41,95.56,75.57,81.62,95.62,104.37,65.76,85.39,135.38,112.73,179.52,180.73,171.04,163.23,158.31,146.54,146.79,141.32,107.63,97.09,112.96,113.63,43.63,65.17,71.26,71.46,105.26,100.49,81.37,86.92,77.24,69.67,80.86,48.81,42.21,26.62,16.84,41.97,58.28,37.39,9.26,14.34,0.0,125.6,108.47,126.87,130.89,116.15,124.61,132.58,129.67,139.02,137.15,88.58,82.35,69.24,89.99,18.89,136.79,141.27,136.19,139.72,87.74,100.85,107.43,86.06,66.87,33.7,40.05,42.09,44.53,49.47,90.5,157.93,178.07,61.99,66.93,38.32,58.03,89.22,93.92,78.08,80.75,70.06,90.1,84.8,73.48,144.91,137.06,124.29,129.64,169.02,168.13,168.56,171.89,178.03,193.32,200.07,111.49,113.29,110.05,123.99,120.27,115.95,118.29,118.51,115.1,198.06,182.96,188.39,208.28,192.76,202.77,208.84,210.35,224.62,128.06,168.54,148.08,115.34,120.16,140.73,126.98,127.03,128.2,164.13,173.8,184.07,190.01,176.13,182.31,194.25,218.04,179.75,190.79,198.86,207.16,213.86,224.69,215.02,213.2,118.16,124.57,133.77,135.41,147.44,140.64,241.85
88.71,109.63,116.44,86.58,93.12,115.66,100.99,125.39,118.47,53.03,67.45,15.33,58.24,101.6,110.96,135.37,63.5,124.53,99.21,70.19,38.78,35.42,86.21,97.15,113.5,83.41,112.53,16.04,60.2,15.75,48.2,109.93,40.16,64.6,161.82,104.45,29.35,132.46,107.22,114.1,97.04,45.33,100.5,87.55,40.67,19.08,71.27,119.77,85.97,48.99,50.82,117.48,88.77,76.28,126.33,27.2,101.53,78.71,99.55,142.52,68.77,53.69,21.01,107.84,60.76,113.79,114.63,191.96,92.74,135.84,62.45,107.81,28.72,94.05,48.63,73.9,178.72,7.89,80.46,97.32,185.28,22.03,89.95,129.83,91.09,43.59,110.43,53.86,109.26,71.03,64.5,26.76,155.28,37.79,69.86,107.75,46.5,141.57,125.18,32.72,58.62,93.01,105.8,86.42,44.35,14.63,105.74,108.87,114.43,107.65,56.27,44.4,76.76,17.57,64.72,32.82,100.74,19.24,73.24,41.18,109.69,64.2,66.26,128.46,30.09,38.33,162.67,99.35,169.82,26.6,37.33,87.93,157.06,25.01,105.35,80.35,151.0,97.74,116.98,75.68,90.33,92.36,84.18,85.44,99.55,94.94,82.42,105.17,84.78,116.65,96.67,134.53,47.46,74.35,80.76,83.94,111.12,71.33,77.19,151.1,38.56,69.36,108.16,17.16,112.31,35.65,140.5,141.59,101.24,80.52,91.59,121.92,106.79,88.79,145.39,19.85,42.26,72.74,27.07,96.7,65.79,35.89,38.41,25.7,79.99,63.31,89.56,59.54,94.21,174.46,80.35,87.9,85.5,99.94,79.69,81.53,75.49,29.47,84.72,88.23,67.4,98.51,82.01,80.22,68.4,83.74,33.96,78.89,84.61,47.37,44.0,178.26,151.8,146.94,140.11,130.78,148.08,157.56,143.31,93.97,89.54,104.86,106.49,125.91,119.49,115.44,123.26,118.63,103.28,117.82,115.66,97.86,92.66,96.46,95.84,124.34,111.49,107.43,103.35,133.19,120.3,121.84,52.33,189.64,167.0,233.79,235.0,225.31,217.5,212.58,200.81,201.06,195.59,34.37,25.53,28.23,28.89,85.43,62.51,65.33,50.43,22.57,24.16,51.88,32.97,69.81,58.76,49.58,104.89,110.13,107.76,113.72,123.12,139.42,118.53,117.11,122.92,125.6,0.0,28.36,20.2,6.17,23.39,31.85,39.81,42.17,46.25,44.38,39.38,33.4,46.3,40.79,112.88,49.3,53.78,48.69,52.22,45.37,43.29,32.25,51.03,73.42,85.33,81.87,73.02,84.8,65.92,67.85,75.24,105.37,100.21,105.15,91.16,96.26,127.44,132.14,116.3,118.97,108.28,101.67,96.37,85.04,94.04,71.47,90.02,86.96,97.52,96.63,95.86,99.19,105.33,120.62,127.36,123.06,124.85,123.48,162.21,158.49,154.17,156.51,135.23,127.99,125.36,110.26,115.69,135.58,120.06,130.07,136.13,137.65,151.92,136.66,157.92,124.25,111.68,116.5,124.68,98.93,120.73,115.41,116.61,126.28,123.62,129.57,104.63,109.61,121.54,145.34,108.25,118.08,126.16,134.46,141.16,151.99,142.32,140.5,129.73,136.14,145.34,146.98,159.01,152.21,169.15
105.2,126.12,132.93,68.31,109.61,97.39,82.73,107.12,100.2,35.72,49.19,22.56,74.73,83.34,127.44,125.47,45.23,141.01,88.37,86.68,20.51,18.1,67.95,78.89,95.23,76.83,129.01,22.74,76.69,19.72,38.29,91.66,30.25,81.09,178.3,120.94,11.09,114.19,123.7,95.83,78.77,61.82,116.98,104.04,33.71,13.82,53.0,101.5,76.07,65.48,67.31,99.22,70.5,92.77,116.43,4.54,83.26,60.44,81.29,124.25,85.26,36.37,37.5,89.57,53.78,95.53,103.78,208.45,82.83,152.33,78.94,124.29,33.38,83.2,35.21,55.63,195.2,25.8,62.2,113.81,201.77,29.29,71.68,111.56,72.83,60.08,126.92,70.35,125.75,61.12,47.18,43.25,171.77,19.52,52.54,89.48,29.18,158.06,141.66,19.3,41.31,74.74,87.54,102.91,60.84,31.11,87.47,125.36,96.17,124.13,72.75,27.09,58.49,19.34,46.45,49.31,117.22,21.39,54.97,57.67,91.42,80.68,82.75,144.95,12.78,54.82,179.16,115.84,186.31,15.07,23.92,104.42,173.55,41.49,121.83,69.54,167.49,79.48,98.71,65.78,72.06,108.85,100.66,75.53,116.04,76.67,98.91,121.65,66.51,133.14,78.4,151.02,29.19,90.84,62.5,65.67,127.61,53.07,93.68,167.59,21.24,59.46,97.32,33.64,94.05,17.38,130.6,130.74,82.98,97.0,108.08,138.41,88.53,70.52,161.88,26.91,24.94,54.47,43.56,113.19,82.28,28.67,54.9,17.07,70.08,45.05,71.29,76.02,110.7,190.95,62.09,104.38,101.99,116.42,61.43,98.02,91.98,35.7,66.46,69.96,83.88,115.0,98.49,96.7,56.66,65.47,50.45,95.38,101.09,63.85,60.49,194.74,168.29,163.43,156.6,147.26,164.57,174.04,159.8,110.46,106.02,121.35,122.98,142.4,135.98,131.93,139.74,135.11,119.76,134.31,132.15,114.34,109.15,112.95,112.33,140.82,127.98,123.92,119.84,149.68,136.79,138.32,68.81,206.13,183.49,250.27,251.49,241.8,233.99,229.06,217.3,217.55,212.08,50.86,42.02,44.72,45.38,101.92,78.99,81.82,66.92,39.06,40.65,68.37,49.45,86.3,75.24,66.06,121.38,126.61,124.24,130.21,139.6,155.91,135.02,117.73,122.81,108.47,28.36,0.0,32.33,30.33,11.29,19.75,27.72,24.8,34.16,32.29,46.37,40.39,39.87,47.78,106.24,31.93,36.41,31.33,34.86,35.47,25.98,7.5,33.71,62.58,78.69,81.42,66.38,74.9,59.29,50.53,57.87,88.01,90.31,95.25,81.26,86.36,117.54,122.24,106.4,109.07,98.38,90.83,85.53,74.2,76.68,54.1,72.66,69.59,80.15,79.26,78.5,81.82,87.97,103.26,110.0,112.22,114.01,112.64,152.31,148.59,144.27,146.61,124.39,117.15,107.99,92.89,98.33,118.22,102.69,112.7,118.77,120.29,134.55,119.29,140.55,106.89,75.33,80.15,107.32,81.57,103.37,98.04,99.24,108.92,106.25,112.2,87.26,92.25,104.18,127.97,90.88,100.72,108.8,117.09,123.8,134.62,124.96,123.14,118.89,125.3,134.5,136.14,148.17,141.37,151.78
107.97,128.89,135.7,89.66,112.38,118.74,104.08,128.47,121.55,60.12,70.53,11.16,77.5,104.68,130.22,149.87,66.58,143.78,112.77,89.45,29.66,42.51,89.29,100.24,116.58,95.23,131.79,24.52,79.46,19.28,62.7,113.01,54.66,83.86,181.08,123.71,32.43,135.54,126.48,117.18,100.12,64.59,119.75,106.81,52.48,20.39,74.35,122.85,100.47,68.25,70.08,120.57,91.85,95.54,140.83,30.28,104.61,81.79,102.63,145.6,88.03,60.77,40.27,110.92,78.19,116.88,128.19,211.22,107.24,155.1,81.71,127.07,38.13,107.61,42.87,76.98,197.97,27.2,83.54,116.58,204.54,34.04,93.03,132.91,94.18,62.85,129.69,73.12,128.52,85.53,71.59,46.02,174.54,40.87,76.95,110.83,53.59,160.83,144.43,26.96,65.71,96.09,108.88,105.68,63.61,33.89,108.82,128.13,117.51,126.91,75.52,51.49,79.84,19.52,67.8,52.08,120.0,27.05,76.32,60.44,112.77,83.46,85.52,147.72,37.18,57.59,181.93,118.61,189.08,33.68,31.58,107.19,176.32,44.27,124.6,93.95,170.26,100.83,120.06,90.18,93.41,111.62,103.44,99.94,118.81,98.02,101.68,124.42,87.86,135.91,99.75,153.79,50.54,93.61,83.84,87.02,130.38,74.42,96.45,170.36,45.64,83.86,121.72,36.42,115.4,38.73,155.0,155.15,104.33,99.77,110.85,141.18,109.87,91.87,164.65,31.66,49.34,75.82,46.33,115.96,85.05,47.7,57.67,32.78,94.49,66.4,92.64,78.8,113.47,193.72,83.43,107.16,104.76,119.2,82.77,100.79,94.75,41.28,87.8,91.31,86.65,117.77,101.26,99.48,81.07,86.82,53.22,98.15,103.87,66.63,63.26,197.52,171.06,166.2,159.37,150.04,167.34,176.82,162.57,113.23,108.8,124.12,125.75,145.17,138.75,134.7,142.52,137.89,122.53,137.08,134.92,117.12,111.92,115.72,115.1,143.6,130.75,126.69,122.61,152.45,139.56,141.1,71.59,208.9,186.26,253.04,254.26,244.57,236.76,231.83,220.07,220.32,214.85,53.63,44.79,47.49,48.15,104.69,81.76,84.59,69.69,41.83,43.42,71.14,52.23,89.07,78.02,68.84,124.15,129.39,127.02,132.98,142.37,158.68,137.79,136.37,142.18,126.87,20.2,32.33,0.0,14.02,27.14,27.21,35.17,34.45,41.61,39.74,51.19,45.21,58.11,52.6,124.69,53.06,57.53,52.45,55.98,59.88,50.38,36.01,58.12,86.98,97.14,93.68,84.83,99.31,77.73,74.94,79.0,109.13,114.72,119.65,105.66,110.76,141.94,146.65,130.8,133.47,122.78,115.24,109.94,98.61,97.8,75.23,93.78,90.72,101.28,100.39,99.62,102.94,109.09,124.38,131.12,136.63,138.42,137.05,176.71,172.99,168.68,171.01,148.8,141.56,129.12,114.02,119.45,139.34,123.82,133.83,139.89,141.41,155.68,140.42,161.68,128.01,115.44,120.26,128.44,102.69,124.49,119.17,120.37,130.04,127.38,133.33,108.39,113.37,125.3,149.1,112.0,121.84,129.92,138.22,144.92,155.75,146.08,144.26,143.29,149.71,158.91,160.55,172.57,165.77,172.91
94.0,114.91,121.72,87.66,98.41,116.74,102.07,126.47,119.54,58.32,68.53,9.16,63.53,102.68,116.24,140.65,64.58,129.81,104.5,75.47,27.66,40.7,87.29,98.23,114.57,88.7,117.81,21.32,65.49,17.27,53.48,111.01,45.44,69.88,167.1,109.73,30.43,133.53,112.5,115.18,98.12,50.62,105.78,92.84,45.95,18.39,72.34,120.85,91.25,54.27,56.11,118.56,89.84,81.57,131.61,28.28,102.61,79.79,100.63,143.6,74.06,58.97,26.29,108.92,66.05,114.87,119.91,197.25,98.02,141.13,67.73,113.09,34.01,99.33,40.87,74.98,184.0,13.17,81.54,102.61,190.57,27.32,91.03,130.91,92.17,48.88,115.72,59.15,114.54,76.31,69.78,32.04,160.56,38.86,75.15,108.83,51.78,146.86,130.46,24.95,63.91,94.09,106.88,91.7,49.63,19.91,106.82,114.15,115.51,112.93,61.55,49.69,77.83,17.51,65.8,38.11,106.02,24.52,74.31,46.46,110.76,69.48,71.55,133.75,35.38,43.61,167.96,104.64,175.11,31.88,29.57,93.21,162.35,30.29,110.63,85.63,156.28,98.82,118.05,80.97,91.4,97.64,89.46,90.72,104.83,96.02,87.7,110.45,85.86,121.94,97.74,139.82,48.54,79.64,81.84,85.01,116.4,72.41,82.47,156.39,43.84,74.65,113.44,22.44,113.39,36.73,145.79,146.87,102.32,85.8,96.88,127.2,107.87,89.86,150.68,25.14,47.54,73.82,32.35,101.99,71.08,41.17,43.7,30.98,85.27,64.39,90.63,64.82,99.49,179.75,81.43,93.18,90.79,105.22,80.77,86.82,80.78,34.75,85.8,89.31,72.68,103.79,87.29,85.5,73.68,84.82,39.25,84.17,89.89,52.65,49.29,183.54,157.09,152.23,145.39,136.06,153.37,162.84,148.59,99.25,94.82,110.14,111.78,131.19,124.78,120.73,128.54,123.91,108.56,123.1,120.95,103.14,97.95,101.75,101.12,129.62,116.77,112.72,108.63,138.48,125.59,127.12,57.61,194.93,172.29,239.07,240.29,230.6,222.78,217.86,206.1,206.34,200.87,39.66,30.82,33.52,34.18,90.72,67.79,70.62,55.72,27.86,29.45,57.17,38.25,75.1,64.04,54.86,110.18,115.41,113.04,119.0,128.4,144.7,123.82,122.4,128.2,130.89,6.17,30.33,14.02,0.0,25.14,25.2,33.17,32.45,39.61,37.74,44.66,38.68,51.58,46.07,118.16,51.05,55.53,50.45,53.98,50.66,48.58,34.0,56.31,78.7,90.61,87.15,78.3,90.08,71.21,73.13,76.99,107.13,105.5,110.43,96.44,101.54,132.72,137.43,121.58,124.25,113.56,106.95,101.65,90.33,95.8,73.22,91.78,88.71,99.27,98.38,97.62,100.94,107.09,122.38,129.12,128.35,130.14,128.76,167.49,163.77,159.46,161.79,140.51,133.27,127.11,112.01,117.45,137.34,121.81,131.82,137.89,139.41,153.67,138.41,159.67,126.01,113.43,118.26,126.44,100.69,122.49,117.16,118.36,128.04,125.37,131.32,106.38,111.36,123.3,147.09,110.0,119.84,127.92,136.21,142.92,153.74,144.08,142.26,135.01,141.42,150.62,152.26,164.29,157.49,170.9
100.22,121.14,127.95,68.62,104.64,97.7,83.03,107.43,100.51,43.4,49.49,17.58,69.75,83.64,122.47,133.15,45.54,136.04,96.05,81.7,11.43,25.78,68.25,79.19,95.54,84.51,124.04,17.77,71.71,14.74,45.97,91.97,37.93,76.11,173.33,115.96,11.39,114.49,118.73,96.14,79.08,56.84,112.01,99.06,41.39,6.67,53.31,101.81,83.75,60.5,62.33,99.52,70.81,87.79,124.1,9.24,83.57,60.75,81.59,124.56,80.28,44.05,32.52,89.88,61.46,95.83,111.46,203.47,90.51,147.35,73.96,119.32,31.38,90.88,24.64,55.94,190.23,20.82,62.5,108.83,196.79,27.29,71.99,111.87,73.13,55.1,121.95,65.37,120.77,68.8,54.86,38.27,166.79,19.83,60.22,89.79,36.86,153.08,136.69,8.72,48.99,75.05,87.84,97.93,55.86,26.14,87.78,120.38,96.47,119.16,67.78,34.77,58.79,14.37,46.76,44.33,112.25,17.39,55.27,52.69,91.73,75.71,77.77,139.97,20.46,49.84,174.18,110.86,181.33,18.23,13.34,99.44,168.58,36.52,116.86,77.22,162.51,79.78,99.01,73.46,72.37,103.87,95.69,83.21,111.06,76.98,93.93,116.68,66.82,128.16,78.7,146.04,29.5,85.86,62.8,65.98,122.63,53.37,88.7,162.61,28.92,67.14,105.0,28.67,94.35,17.69,138.28,138.42,83.28,92.03,103.1,133.43,88.83,70.82,156.9,24.91,32.62,54.78,38.58,108.21,77.3,36.35,49.92,17.33,77.76,45.35,71.59,71.05,105.72,185.97,62.39,99.41,97.02,111.45,61.73,93.04,87.0,34.53,66.76,70.27,78.91,110.02,93.52,91.73,64.34,65.78,45.47,90.4,96.12,58.88,55.51,189.77,163.31,158.45,151.62,142.29,159.59,169.07,154.82,105.48,101.05,116.37,118.0,137.42,131.0,126.95,134.77,130.14,114.79,129.33,127.17,109.37,104.17,107.97,107.35,135.85,123.0,118.94,114.86,144.71,131.82,133.35,63.84,201.16,178.51,245.3,246.51,236.82,229.01,224.09,212.32,212.57,207.1,45.88,37.04,39.74,40.4,96.94,74.02,76.84,61.94,34.08,35.67,63.4,44.48,81.32,70.27,61.09,116.4,121.64,119.27,125.23,134.63,150.93,130.04,128.62,134.43,116.15,23.39,11.29,27.14,25.14,0.0,8.97,16.94,16.22,23.38,21.51,44.59,38.61,47.35,46.0,113.72,32.02,36.5,31.42,34.95,42.95,33.46,14.97,41.19,70.06,86.17,88.9,73.86,82.38,66.76,58.01,57.96,88.1,97.79,102.73,88.74,93.84,125.02,129.72,113.88,116.55,105.86,98.31,93.01,81.68,76.77,54.19,72.75,69.68,80.24,79.35,78.59,81.91,88.06,103.35,110.09,119.7,121.49,120.12,159.79,156.07,151.75,154.09,131.87,124.63,108.08,92.98,98.42,118.31,102.78,112.79,118.86,120.38,134.64,119.38,140.64,106.98,94.41,99.23,107.41,81.66,103.46,98.13,99.34,109.01,106.34,112.29,87.35,92.34,104.27,128.06,90.97,100.81,108.89,117.19,123.89,134.72,125.05,123.23,126.37,132.78,141.98,143.62,155.65,148.85,151.87
108.69,129.6,136.41,71.29,113.1,100.37,85.7,110.1,103.18,51.86,52.16,17.64,78.21,86.31,130.93,141.61,48.21,144.5,104.51,90.16,12.15,34.24,70.92,81.86,98.21,92.97,132.5,26.23,80.17,19.58,54.43,94.64,46.4,84.57,181.79,124.42,19.85,117.17,127.19,98.81,81.75,65.3,120.47,107.53,49.85,12.37,55.98,104.48,92.21,68.96,70.79,102.2,73.48,96.25,132.57,17.7,86.24,63.42,84.26,127.23,88.75,52.51,40.98,92.55,69.92,98.5,119.92,211.93,98.98,155.81,82.42,127.78,39.84,99.34,23.51,58.61,198.69,29.28,65.17,117.29,205.25,35.75,74.66,114.54,75.8,63.56,130.41,73.83,129.23,77.26,63.32,46.73,175.25,22.5,68.69,92.46,45.32,161.55,145.15,9.45,57.45,77.72,90.51,106.39,64.32,34.6,90.45,128.84,99.14,127.62,76.24,43.23,61.47,19.64,49.43,52.79,120.71,25.85,57.95,61.15,94.4,84.17,86.24,148.43,28.92,58.3,182.65,119.32,189.79,26.69,12.21,107.9,177.04,44.98,125.32,85.68,170.97,82.46,101.69,81.92,75.04,112.33,104.15,91.68,119.52,79.65,102.39,125.14,69.49,136.63,81.38,154.51,32.17,94.33,65.47,68.65,131.09,56.04,97.16,171.08,37.38,75.6,113.46,37.13,97.03,20.57,146.74,146.89,85.95,100.49,111.57,141.89,91.5,73.5,165.37,33.38,41.08,57.45,47.04,116.67,85.77,44.82,58.39,25.79,86.22,48.02,74.27,79.51,114.18,194.43,65.06,107.87,105.48,119.91,64.4,101.5,95.46,42.99,69.43,72.94,87.37,118.48,101.98,100.19,72.81,68.45,53.93,98.86,104.58,67.34,63.98,198.23,171.78,166.91,160.08,150.75,168.05,177.53,163.28,113.94,109.51,124.83,126.47,145.88,139.46,135.42,143.23,138.6,123.25,137.79,135.64,117.83,112.64,116.43,115.81,144.31,131.46,127.41,123.32,153.17,140.28,141.81,72.3,209.62,186.98,253.76,254.98,245.28,237.47,232.55,220.78,221.03,215.56,54.34,45.5,48.2,48.87,105.41,82.48,85.31,70.4,42.55,44.14,71.86,52.94,89.79,78.73,69.55,124.86,130.1,127.73,133.69,143.09,159.39,138.51,137.08,142.89,124.61,31.85,19.75,27.21,25.2,8.97,0.0,10.74,15.09,17.18,20.38,53.05,47.07,55.81,54.46,122.18,34.89,39.37,34.29,37.82,51.41,41.92,23.43,49.65,78.52,94.63,97.36,82.32,90.84,75.23,66.47,60.83,90.97,106.25,111.19,97.2,102.3,133.48,138.18,122.34,125.01,114.32,106.77,101.47,90.14,79.64,57.06,75.62,72.55,83.11,82.22,81.46,84.78,90.93,106.22,112.96,128.16,129.95,128.58,168.25,164.53,160.21,162.55,140.33,133.09,110.95,95.85,101.29,121.18,105.65,115.66,121.73,123.25,137.51,122.25,143.51,109.85,97.27,102.1,110.28,84.53,106.33,101.0,102.2,111.88,109.21,115.16,90.22,95.2,107.14,130.93,93.84,103.68,111.76,120.05,126.76,137.58,127.92,126.1,134.83,141.24,150.44,152.08,164.11,157.31,154.74
116.65,137.57,144.38,73.77,121.06,102.85,88.19,112.59,105.66,59.82,54.65,25.61,86.18,88.8,138.89,149.57,50.69,152.46,112.47,98.13,14.64,42.21,73.41,84.35,100.69,100.93,140.46,34.19,88.14,27.55,62.4,97.12,54.36,92.54,189.75,132.39,24.87,119.65,135.15,101.3,84.23,73.27,128.43,115.49,57.82,20.34,58.46,106.96,100.17,76.93,78.76,104.68,75.96,104.22,140.53,25.67,88.73,65.9,86.75,129.71,96.71,60.48,48.95,95.04,77.89,100.99,127.89,219.9,106.94,163.78,90.39,135.74,47.81,107.31,21.44,61.1,206.65,37.25,67.66,125.26,213.22,43.72,77.15,117.03,78.29,71.53,138.37,81.8,137.2,85.23,71.29,54.7,183.22,24.98,76.65,94.94,53.29,169.51,153.11,9.46,65.41,80.2,93.0,114.36,72.29,42.56,92.94,136.81,101.63,135.58,84.2,51.19,63.95,27.6,51.91,60.76,128.67,33.82,60.43,69.12,96.88,92.13,94.2,156.4,36.88,66.27,190.61,127.29,197.76,34.65,5.9,115.87,185.0,52.94,133.28,93.65,178.94,84.94,104.17,89.88,77.52,120.3,112.11,99.64,127.49,82.14,110.36,133.1,71.98,144.59,83.86,162.47,34.66,102.29,67.96,71.13,139.06,58.53,105.13,179.04,45.34,83.56,121.42,45.09,99.51,23.05,154.71,154.85,88.44,108.45,119.53,149.86,93.99,75.98,173.33,41.34,49.04,59.94,55.01,124.64,93.73,52.78,66.35,33.75,94.19,50.51,76.75,87.47,122.15,202.4,67.55,115.83,113.44,127.87,66.89,109.47,103.43,50.96,71.92,75.43,95.33,126.45,109.94,108.15,80.77,70.93,61.9,106.83,112.54,75.3,71.94,206.19,179.74,174.88,168.05,158.71,176.02,185.49,171.25,121.91,117.47,132.8,134.43,153.85,147.43,143.38,151.2,146.56,131.21,145.76,143.6,125.79,120.6,124.4,123.78,152.27,139.43,135.37,131.29,161.13,148.24,149.77,80.26,217.58,194.94,261.72,262.94,253.25,245.44,240.51,228.75,229.0,223.53,62.31,53.47,56.17,56.83,113.37,90.44,93.27,78.37,50.51,52.1,79.82,60.9,97.75,86.7,77.51,132.83,138.06,135.69,141.66,151.05,167.36,146.47,145.05,150.86,132.58,39.81,27.72,35.17,33.17,16.94,10.74,0.0,13.02,8.65,12.48,61.02,55.04,63.78,62.43,130.15,37.38,41.86,36.77,40.3,59.38,43.46,31.4,57.62,86.48,102.6,105.33,90.29,98.81,83.19,74.44,63.32,93.45,114.22,119.15,105.17,110.26,141.45,146.15,130.3,132.97,122.28,114.74,109.44,98.11,82.12,59.55,78.1,75.04,85.6,84.71,83.94,87.27,93.41,108.7,115.45,136.13,137.92,136.55,176.21,172.49,168.18,170.51,148.3,141.06,113.44,98.34,103.77,123.66,108.14,118.15,124.22,125.73,140.0,124.74,146.0,112.33,99.76,104.58,112.76,87.01,108.81,103.49,104.69,114.36,111.7,117.65,92.71,97.69,109.62,133.42,96.33,106.16,114.24,122.54,129.24,140.07,130.4,128.58,142.8,149.21,158.41,163.43,172.07,165.27,157.23
119.01,139.92,146.74,63.43,123.42,92.52,77.85,102.25,95.32,56.91,44.31,24.89,88.54,78.46,141.25,146.66,40.36,154.82,109.56,100.48,7.1,39.3,63.07,74.01,90.35,98.02,142.82,36.55,90.5,26.82,59.49,86.78,51.45,94.89,192.11,134.74,14.53,109.31,137.51,90.96,73.9,75.63,130.79,117.85,54.91,19.62,48.12,96.63,97.26,79.28,81.12,94.34,65.62,106.58,137.62,22.75,78.39,55.57,76.41,119.37,99.07,57.56,51.3,84.7,74.98,90.65,124.98,222.26,104.03,166.14,92.74,138.1,47.19,104.4,15.35,50.76,209.01,39.6,57.32,127.62,215.58,43.1,66.81,106.69,67.95,73.89,140.73,84.16,139.55,82.32,68.38,57.05,185.57,14.64,73.74,84.61,50.38,171.87,155.47,8.74,62.5,69.87,82.66,116.71,74.64,44.92,82.6,139.16,91.29,137.94,86.56,48.28,53.61,26.88,41.58,63.12,131.03,35.2,50.09,71.47,86.54,94.49,96.56,158.76,33.97,68.62,192.97,129.65,200.12,36.04,7.44,118.22,187.36,55.3,135.64,90.74,181.29,74.6,93.83,86.97,67.18,122.65,114.47,96.73,129.84,71.8,112.71,135.46,61.64,146.95,73.52,164.83,24.32,104.65,57.62,60.79,141.41,48.19,107.48,181.4,42.43,80.65,118.51,47.45,89.17,12.71,151.79,151.94,78.1,110.81,121.89,152.21,83.65,65.64,175.69,40.72,46.13,49.6,57.36,127.0,96.09,49.87,68.71,35.14,91.28,40.17,66.41,89.83,124.5,204.76,57.21,118.19,115.8,130.23,56.55,111.83,105.79,50.34,61.58,65.09,97.69,128.8,112.3,110.51,77.86,60.6,64.26,109.18,114.9,77.66,74.3,208.55,182.1,177.24,170.4,161.07,178.38,187.85,173.6,124.26,119.83,135.15,136.79,156.21,149.79,145.74,153.55,148.92,133.57,148.11,145.96,128.15,122.96,126.76,126.13,154.63,141.78,137.73,133.64,163.49,150.6,152.13,82.62,219.94,197.3,264.08,265.3,255.61,247.79,242.87,231.11,231.35,225.88,64.67,55.83,58.53,59.19,115.73,92.8,95.63,80.73,52.87,54.46,82.18,63.26,100.11,89.05,79.87,135.19,140.42,138.05,144.01,153.41,169.71,148.83,147.41,153.21,129.67,42.17,24.8,34.45,32.45,16.22,15.09,13.02,0.0,19.46,15.6,60.2,54.22,61.08,61.61,127.45,27.04,31.52,26.43,29.96,56.68,33.12,28.7,54.92,83.78,99.9,102.63,87.59,96.11,80.49,71.74,52.98,83.11,111.52,116.46,102.47,107.56,138.75,143.45,127.6,130.27,119.59,112.04,106.74,95.41,71.78,49.21,67.76,64.7,75.26,74.37,73.6,76.93,83.07,98.36,105.11,133.43,135.22,133.85,173.51,169.79,165.48,167.81,145.6,138.36,103.1,88.0,93.43,113.33,97.8,107.81,113.88,115.39,129.66,114.4,135.66,102.0,89.42,94.24,102.42,76.67,98.47,93.15,94.35,104.02,101.36,107.31,82.37,87.35,99.29,123.08,85.99,95.83,103.9,112.2,118.9,129.73,120.06,118.24,140.1,146.51,155.71,153.09,169.37,162.57,146.89
123.09,144.0,150.82,80.21,127.5,109.29,94.63,119.03,112.1,66.26,61.09,32.05,92.62,95.24,145.33,156.01,57.13,158.9,118.91,104.57,21.08,48.65,79.85,90.79,107.13,107.37,146.9,40.63,94.58,33.98,68.84,103.56,60.8,98.98,196.19,138.83,31.3,126.09,141.59,107.73,90.67,79.71,134.87,121.93,64.26,26.78,64.9,113.4,106.61,83.36,85.2,111.12,82.4,110.66,146.97,32.11,95.16,72.34,93.19,136.15,103.15,66.92,55.38,101.47,84.33,107.43,134.33,226.34,113.38,170.22,96.83,142.18,54.25,113.75,22.46,67.54,213.09,43.68,74.1,131.7,219.66,50.16,83.58,123.47,84.73,77.97,144.81,88.24,143.64,91.67,77.73,61.14,189.66,31.42,83.09,101.38,59.73,175.95,159.55,15.9,71.85,86.64,99.44,120.8,78.73,49.0,99.37,143.25,108.07,142.02,90.64,57.63,70.39,34.04,58.35,67.2,135.11,40.26,66.87,75.56,103.32,98.57,100.64,162.84,43.32,72.71,197.05,133.73,204.2,41.09,9.62,122.3,191.44,59.38,139.72,100.09,185.38,91.38,110.61,96.32,83.96,126.74,118.55,106.08,133.93,88.57,116.79,139.54,78.42,151.03,90.3,168.91,41.09,108.73,74.4,77.57,145.5,64.97,111.57,185.48,51.78,90.0,127.86,51.53,105.95,29.49,161.15,161.29,94.88,114.89,125.97,156.3,100.43,82.42,179.77,47.78,55.48,66.38,61.45,131.08,100.17,59.22,72.79,40.19,100.63,56.95,83.19,93.91,128.59,208.84,73.99,122.27,119.88,134.31,73.33,115.91,109.87,57.4,78.36,81.87,101.77,132.89,116.38,114.59,87.21,77.37,68.34,113.27,118.98,81.74,78.38,212.63,186.18,181.32,174.49,165.15,182.46,191.93,177.69,128.34,123.91,139.23,140.87,160.29,153.87,149.82,157.63,153.0,137.65,152.2,150.04,132.23,127.04,130.84,130.21,158.71,145.87,141.81,137.73,167.57,154.68,156.21,86.7,224.02,201.38,268.16,269.38,259.69,251.88,246.95,235.19,235.44,229.97,68.75,59.91,62.61,63.27,119.81,96.88,99.71,84.81,56.95,58.54,86.26,67.34,104.19,93.13,83.95,139.27,144.5,142.13,148.1,157.49,173.8,152.91,151.49,157.3,139.02,46.25,34.16,41.61,39.61,23.38,17.18,8.65,19.46,0.0,16.21,67.46,61.48,70.22,68.87,136.58,43.82,48.3,43.21,46.74,65.82,49.9,37.84,64.05,92.92,109.04,111.77,96.73,105.24,89.63,80.87,69.76,99.89,120.66,125.59,111.6,116.7,147.88,152.59,136.74,139.41,128.72,121.18,115.88,104.55,88.56,65.99,84.54,81.48,92.04,91.15,90.38,93.71,99.85,115.14,121.88,142.57,144.36,142.99,182.65,178.93,174.62,176.95,154.74,147.5,119.88,104.78,110.21,130.1,114.58,124.59,130.65,132.17,146.44,131.18,152.44,118.77,106.2,111.02,119.2,93.45,115.25,109.93,111.13,120.8,118.14,124.09,99.15,104.13,116.06,139.86,102.77,112.6,120.68,128.98,135.68,146.51,136.84,135.02,149.23,155.65,164.85,169.87,178.51,171.71,163.67
121.22,142.14,148.95,75.88,125.63,104.96,90.3,114.69,107.77,64.39,56.75,30.18,90.75,90.91,143.46,154.14,52.8,157.03,117.04,102.7,16.75,46.78,75.52,86.46,102.8,105.5,145.03,38.76,92.71,32.12,66.97,99.23,58.93,97.11,194.32,136.96,26.97,121.76,139.72,103.4,86.34,77.84,133.0,120.06,62.39,24.91,60.57,109.07,104.74,81.5,83.33,106.79,78.07,108.79,145.1,30.24,90.83,68.01,88.86,131.82,101.28,65.05,53.52,97.14,82.46,103.1,132.46,224.47,111.51,168.35,94.96,140.31,52.38,111.88,20.05,63.2,211.22,41.82,69.77,129.83,217.79,48.29,79.25,119.13,80.4,76.1,142.94,86.37,141.77,89.8,75.86,59.27,187.79,27.09,81.22,97.05,57.86,174.08,157.68,14.03,69.98,82.31,95.1,118.93,76.86,47.13,95.04,141.38,103.74,140.15,88.77,55.76,66.06,32.17,54.02,65.33,133.24,38.39,62.54,73.69,98.99,96.7,98.77,160.97,41.45,70.84,195.18,131.86,202.33,39.22,8.17,120.44,189.57,57.51,137.85,98.22,183.51,87.05,106.28,94.45,79.63,124.87,116.68,104.21,132.06,84.24,114.93,137.67,74.08,149.16,85.97,167.04,36.76,106.86,70.06,73.24,143.63,60.64,109.7,183.61,49.91,88.13,125.99,49.66,101.62,25.16,159.28,159.42,90.55,113.02,124.1,154.43,96.1,78.09,177.9,45.91,53.61,62.04,59.58,129.21,98.3,57.35,70.92,38.32,98.76,52.62,78.86,92.04,126.72,206.97,69.66,120.4,118.01,132.44,69.0,114.04,108.0,55.53,74.03,77.53,99.9,131.02,114.51,112.72,85.34,73.04,66.47,111.4,117.11,79.87,76.51,210.76,184.31,179.45,172.62,163.28,180.59,190.06,175.82,126.48,122.04,137.37,139.0,158.42,152.0,147.95,155.77,151.13,135.78,150.33,148.17,130.36,125.17,128.97,128.35,156.84,144.0,139.94,135.86,165.7,152.81,154.34,84.83,222.15,199.51,266.29,267.51,257.82,250.01,245.08,233.32,233.57,228.1,66.88,58.04,60.74,61.4,117.94,95.01,97.84,82.94,55.08,56.67,84.39,65.47,102.32,91.26,82.08,137.4,142.63,140.26,146.23,155.62,171.93,151.04,149.62,155.43,137.15,44.38,32.29,39.74,37.74,21.51,20.38,12.48,15.6,16.21,0.0,65.59,59.61,68.35,67.0,134.71,39.49,43.96,38.88,42.41,63.95,45.56,35.97,62.19,91.05,107.17,109.9,94.86,103.38,87.76,79.01,65.43,95.56,118.79,123.72,109.74,114.83,146.02,150.72,134.87,137.54,126.85,119.31,114.01,102.68,84.23,61.66,80.21,77.14,87.7,86.82,86.05,89.37,95.52,110.81,117.55,140.7,142.49,141.12,180.78,177.06,172.75,175.08,152.87,145.63,115.54,100.44,105.88,125.77,110.25,120.25,126.32,127.84,142.11,126.85,148.11,114.44,101.87,106.69,114.87,89.12,110.92,105.6,106.8,116.47,113.81,119.76,94.82,99.8,111.73,135.53,98.43,108.27,116.35,124.65,131.35,142.18,132.51,130.69,147.37,153.78,162.98,165.54,176.64,169.84,159.34
112.6,117.07,140.33,97.76,117.01,132.78,118.11,142.51,103.95,47.5,84.57,41.63,82.13,118.72,134.84,110.26,80.62,148.41,74.1,78.99,55.9,31.85,92.13,114.28,130.62,56.93,126.43,29.04,69.93,36.59,32.24,127.05,24.21,73.4,185.7,128.33,46.47,149.58,131.1,131.22,114.16,55.04,124.38,111.44,14.19,39.92,88.39,136.89,60.86,72.87,74.71,134.61,94.69,100.17,101.21,44.32,118.65,85.54,116.67,159.64,78.73,48.16,44.16,124.96,34.28,99.28,89.51,215.85,67.62,159.73,33.48,131.69,20.5,68.93,68.72,91.02,202.6,34.02,97.58,121.21,209.17,26.02,107.07,146.95,108.22,67.48,134.32,48.0,133.15,45.91,54.35,50.64,179.16,54.91,48.23,86.34,40.97,165.46,149.06,52.8,49.17,110.13,122.92,110.3,68.23,38.51,122.86,132.75,131.55,131.53,80.15,34.88,93.88,38.41,81.84,56.71,113.7,27.65,90.36,65.06,126.81,88.08,75.06,152.35,37.97,62.22,186.56,123.24,193.71,35.01,57.42,111.81,180.95,48.89,129.23,55.23,174.89,114.87,134.1,50.57,107.45,116.24,108.06,60.32,123.44,112.06,106.3,129.05,101.9,140.54,113.79,158.42,64.58,98.24,86.59,101.06,135.01,88.45,85.99,174.99,29.03,44.25,83.05,33.25,129.44,52.77,115.39,116.47,118.37,104.4,115.48,145.81,123.91,105.91,169.28,19.63,26.09,89.86,50.95,120.59,89.68,15.31,62.3,34.11,54.87,80.44,106.68,83.42,118.09,198.35,97.47,111.78,109.39,123.82,96.81,105.42,99.38,16.71,101.84,105.35,91.28,122.4,105.89,104.1,43.28,100.86,57.85,102.77,108.49,71.25,67.89,202.14,175.69,170.83,163.99,138.21,171.97,181.44,167.2,117.85,113.42,128.74,130.38,149.8,143.38,139.33,147.14,142.51,127.16,141.71,139.55,121.74,116.55,120.35,119.72,148.22,135.37,131.32,127.24,157.08,144.19,145.72,76.21,213.53,190.89,257.67,258.89,249.2,241.38,236.46,224.7,224.94,219.47,58.26,48.68,51.38,52.04,66.61,64.12,60.46,74.32,38.67,24.77,47.63,56.85,63.14,53.88,51.52,128.78,134.01,115.19,105.41,130.55,146.86,125.97,97.84,102.92,88.58,39.38,46.37,51.19,44.66,44.59,53.05,61.02,60.2,67.46,65.59,0.0,6.87,19.77,10.24,86.35,67.33,71.81,66.72,70.25,29.43,37.77,43.62,41.5,48.31,58.8,55.34,46.49,59.69,39.39,62.32,93.27,123.4,75.1,80.04,66.05,71.15,102.33,107.03,91.19,93.86,83.17,76.56,71.26,59.93,100.37,89.5,79.74,85.1,115.55,114.66,113.89,117.22,123.36,138.65,145.39,97.95,99.74,98.37,137.1,133.38,129.06,131.4,110.12,102.88,143.39,128.29,133.72,153.61,138.09,148.1,154.16,155.68,169.95,114.52,175.95,142.28,87.12,91.94,111.05,105.26,93.61,94.78,134.64,144.31,141.65,147.6,122.66,127.64,139.57,163.37,126.28,136.11,144.19,152.49,159.19,170.02,160.35,158.53,104.62,111.03,120.23,121.87,133.9,127.1,187.18
106.62,110.84,134.35,91.53,111.03,126.8,112.14,136.53,97.73,41.28,78.59,35.65,76.15,112.74,128.86,104.03,74.64,142.43,67.87,73.01,49.92,25.62,85.91,108.3,124.64,50.71,120.21,23.06,63.96,30.61,26.02,121.07,17.98,67.42,179.72,122.35,40.49,143.6,125.12,125.24,108.18,49.06,118.4,105.46,7.96,33.94,82.41,130.91,54.63,66.89,68.73,128.63,88.46,94.19,94.99,38.34,112.67,79.32,110.7,153.66,72.75,41.93,38.18,118.98,28.06,93.05,83.29,209.87,61.4,153.75,31.53,125.71,14.53,62.71,62.74,85.04,196.62,28.04,91.6,115.23,203.19,20.04,101.09,140.97,102.24,61.5,128.34,42.02,127.17,39.69,48.13,44.66,173.18,48.93,42.01,80.11,34.75,159.48,143.08,46.82,42.94,104.15,116.94,104.33,62.26,32.53,116.88,126.78,125.57,125.55,74.17,28.66,87.9,32.43,75.86,50.73,107.48,21.67,84.38,59.09,120.83,82.1,69.08,146.37,31.75,56.24,180.58,117.26,187.73,29.03,51.44,105.83,174.97,42.91,123.25,49.01,168.91,108.89,128.12,44.34,101.47,110.27,102.08,54.1,117.46,106.08,100.32,123.07,95.92,134.56,107.81,152.44,58.6,92.26,80.37,95.08,129.03,82.48,80.01,169.01,22.81,38.02,76.82,27.28,123.46,46.79,109.17,110.25,112.39,98.42,109.5,139.83,117.93,99.93,163.3,13.65,19.87,83.88,44.98,114.61,83.7,9.09,56.32,28.13,48.65,74.46,100.7,77.44,112.12,192.37,91.5,105.8,103.41,117.84,90.84,99.44,93.4,10.73,95.87,99.37,85.3,116.42,99.91,98.12,37.06,94.88,51.87,96.8,102.51,65.27,61.91,196.16,169.71,164.85,158.01,131.99,165.99,175.46,161.22,111.87,107.44,122.76,124.4,143.82,137.4,133.35,141.16,136.53,121.18,135.73,133.57,115.76,110.57,114.37,113.74,142.24,129.4,125.34,121.26,151.1,138.21,139.74,70.23,207.55,184.91,251.69,252.91,243.22,235.41,230.48,218.72,218.96,213.5,52.28,42.7,45.4,46.06,64.66,58.14,54.48,68.34,32.69,18.79,41.65,50.87,56.91,47.9,45.54,122.8,128.03,108.97,99.19,124.33,140.63,119.75,91.62,96.69,82.35,33.4,40.39,45.21,38.68,38.61,47.07,55.04,54.22,61.48,59.61,6.87,0.0,13.55,8.28,80.12,61.35,65.83,60.74,64.27,23.2,31.54,37.64,35.28,42.08,52.58,49.11,40.27,53.47,33.17,56.1,87.29,117.42,68.88,73.82,59.83,64.92,96.11,100.81,84.97,87.64,76.95,70.34,65.04,53.71,94.14,83.52,73.52,78.87,109.57,108.68,107.91,111.24,117.38,132.67,139.42,91.73,93.52,92.15,130.87,127.15,122.84,125.17,103.9,96.66,137.41,122.31,127.74,147.63,132.11,142.12,148.19,149.7,163.97,108.3,169.97,136.3,80.89,85.71,104.82,99.03,87.38,88.55,128.66,138.33,135.67,141.62,116.68,121.66,133.59,157.39,120.3,130.13,138.21,146.51,153.21,164.04,154.37,152.55,98.39,104.81,114.01,115.65,127.67,120.87,181.2
104.42,97.73,132.15,90.35,108.83,133.66,118.99,143.39,96.55,40.1,85.45,48.55,91.52,119.6,126.66,93.11,81.49,140.23,59.2,78.24,56.78,24.44,84.73,115.15,131.49,37.6,107.09,35.96,69.18,43.51,24.84,127.92,16.8,72.65,177.52,120.15,47.35,150.45,122.92,132.1,115.04,65.95,116.2,103.26,7.23,46.84,89.26,137.77,45.96,79.79,81.63,112.17,87.28,91.99,84.07,40.81,119.53,78.14,117.55,160.51,77.98,40.75,51.07,125.84,19.38,91.87,74.61,198.85,50.48,151.55,47.66,123.51,27.42,54.04,71.48,91.9,185.6,40.94,85.13,113.03,192.17,32.94,107.95,147.83,109.09,74.4,126.14,57.94,124.96,31.01,39.46,57.56,170.98,55.78,33.33,78.93,33.57,157.28,140.88,55.56,34.27,111.0,123.8,98.91,72.57,45.43,123.74,124.57,132.43,123.35,84.68,27.47,89.97,45.33,82.71,63.63,94.36,34.57,87.65,71.98,104.37,93.19,74.31,144.17,30.57,73.78,178.38,115.06,185.53,35.97,60.18,103.63,172.77,55.81,121.05,40.34,166.7,115.74,134.97,35.67,108.32,108.06,95.73,43.18,115.25,112.94,98.12,120.87,102.78,132.36,114.66,150.24,65.46,90.06,79.19,92.74,126.82,89.33,85.24,166.81,21.63,29.35,68.15,40.17,130.31,53.65,98.25,101.58,119.24,96.22,107.3,137.62,101.48,106.78,161.1,26.55,18.69,90.74,57.87,112.41,81.59,13.68,69.22,37.96,39.98,81.31,107.55,83.2,109.91,181.35,98.35,103.6,101.21,115.64,97.69,97.24,91.2,20.71,102.72,106.23,83.1,114.21,97.71,95.92,28.38,101.74,64.77,94.59,100.31,78.17,74.81,193.96,167.51,162.65,155.81,118.88,138.38,173.26,159.01,101.73,101.98,120.56,122.2,141.61,135.2,131.15,138.96,134.33,118.98,133.52,131.37,113.56,108.37,112.17,111.54,140.04,127.19,123.14,119.05,148.9,136.01,134.99,83.13,196.53,172.91,240.67,241.89,232.2,224.39,219.46,207.7,207.94,202.48,65.17,55.6,58.3,58.96,80.78,63.37,59.71,76.84,45.59,31.69,62.94,63.77,43.8,53.13,62.42,118.05,111.45,95.86,86.07,111.21,127.52,106.63,78.5,83.58,69.24,46.3,39.87,58.11,51.58,47.35,55.81,63.78,61.08,70.22,68.35,19.77,13.55,0.0,21.18,67.01,68.2,72.67,67.59,71.12,22.02,30.36,38.83,34.1,33.41,39.46,36.0,27.15,40.48,20.05,56.07,94.14,124.27,57.94,62.88,44.08,53.99,85.17,89.87,74.03,76.7,66.01,61.66,56.36,45.04,92.96,85.11,72.34,77.69,116.42,115.53,114.76,118.08,124.23,139.52,146.26,83.05,84.85,83.47,119.94,116.22,111.9,114.24,95.22,87.98,144.25,129.15,134.59,154.48,138.96,148.96,155.03,156.55,170.82,99.62,140.1,119.82,79.71,84.53,112.29,97.85,86.2,87.37,112.18,121.85,132.11,138.06,123.53,128.51,140.44,164.24,127.14,136.98,145.06,153.36,160.06,170.89,161.22,159.4,89.72,96.13,105.33,106.97,119.0,112.2,188.05
80.01,78.5,107.74,99.17,84.42,134.19,119.53,143.92,105.36,48.92,85.98,43.04,83.54,120.13,102.25,111.67,82.03,115.82,75.51,53.83,57.31,33.26,93.54,115.69,132.03,58.34,87.86,30.45,44.77,38.0,33.66,128.46,25.62,48.24,153.11,95.74,47.88,150.99,98.51,132.63,115.57,41.54,91.79,78.85,15.6,41.33,89.8,138.3,62.27,74.28,76.12,136.02,96.1,67.58,102.63,45.73,120.06,86.95,118.08,161.05,53.57,49.57,45.57,126.37,35.69,100.69,90.92,183.26,69.03,127.14,23.25,99.1,21.92,70.34,70.13,92.43,170.01,35.43,98.99,88.62,176.58,27.43,108.48,148.36,109.63,68.89,101.73,33.53,100.55,47.32,55.77,52.05,146.57,56.32,49.64,87.75,42.38,132.87,116.47,54.21,50.58,111.54,124.33,74.5,48.16,39.92,124.27,100.16,132.96,98.94,60.27,36.29,95.29,39.82,83.25,58.12,74.37,29.06,91.77,66.47,128.22,89.49,49.9,119.76,39.38,63.63,153.97,90.65,161.12,36.42,58.83,79.22,148.36,50.3,96.64,56.65,142.29,116.28,135.51,51.98,108.86,83.65,71.32,61.73,90.84,113.47,73.71,96.46,103.31,107.95,115.2,125.83,65.99,65.65,88.0,102.47,102.41,89.86,60.83,142.4,30.44,45.66,84.46,34.66,130.85,54.18,116.8,117.88,119.78,71.81,82.89,113.21,125.32,107.32,136.69,21.04,27.5,91.27,52.37,88.0,57.18,16.72,63.71,35.52,56.28,81.85,108.09,58.79,85.5,165.76,98.88,79.19,76.8,91.23,98.22,72.83,66.79,18.12,103.25,106.76,58.69,89.8,73.3,71.51,44.69,102.27,59.26,70.18,75.9,72.66,69.3,169.55,143.1,138.24,131.4,99.64,139.38,148.85,134.6,82.05,77.57,96.15,97.79,117.2,110.79,106.74,114.55,109.92,94.57,109.11,106.96,89.15,83.96,87.76,87.13,115.63,102.78,98.73,94.64,124.49,111.6,113.13,77.62,180.94,158.3,225.08,226.3,216.61,208.79,203.87,192.11,192.35,186.88,59.67,50.09,52.79,53.45,56.37,38.96,35.3,52.43,40.08,26.18,49.04,58.26,27.31,28.72,38.01,96.19,101.42,76.62,79.55,91.98,108.29,87.4,99.25,104.33,89.99,40.79,47.78,52.6,46.07,46.0,54.46,62.43,61.61,68.87,67.0,10.24,8.28,21.18,0.0,87.76,68.74,73.22,68.13,71.66,30.84,39.18,45.03,42.91,49.72,60.21,56.75,47.9,61.1,40.8,63.73,94.68,124.81,76.51,81.45,67.46,72.56,103.74,108.44,92.6,95.27,84.58,77.97,72.67,61.34,101.78,90.91,81.15,86.51,116.96,116.07,115.3,118.63,124.77,140.06,146.8,99.36,101.15,99.78,138.51,134.79,130.47,132.81,111.53,104.29,144.8,129.7,135.13,155.02,139.5,149.51,155.57,157.09,171.36,115.93,177.36,143.69,88.53,93.35,112.46,106.67,95.02,96.19,136.05,145.72,143.06,149.01,124.07,129.05,140.98,164.78,127.69,137.52,145.6,153.9,160.6,171.43,161.76,159.94,106.03,112.44,121.64,123.28,135.31,128.51,188.59
101.36,47.37,119.4,140.01,76.14,185.15,170.48,194.88,135.15,89.76,135.0,115.12,98.64,171.09,113.91,94.93,155.9,127.48,85.37,82.64,123.14,90.81,134.39,166.64,182.99,35.76,56.74,102.54,87.79,110.08,79.7,179.42,85.71,80.3,126.43,117.1,113.72,201.95,119.87,183.59,166.53,97.16,103.45,79.83,73.8,113.41,143.03,189.26,51.81,112.31,96.03,161.83,136.94,74.73,85.89,107.17,152.96,127.8,169.04,212.01,83.81,81.96,123.87,177.33,66.25,130.47,99.52,156.85,52.3,107.52,78.87,120.46,94.0,73.03,137.84,152.6,143.61,107.52,134.79,109.97,150.17,99.52,158.28,199.32,160.58,106.91,123.09,89.15,121.91,59.37,71.5,120.09,119.9,122.15,65.37,117.53,90.25,106.31,107.53,121.93,76.85,162.5,175.29,58.07,103.78,112.01,175.23,111.42,183.92,120.3,91.8,91.37,139.62,111.91,153.08,112.5,44.01,101.15,137.31,116.55,154.03,104.59,75.0,109.07,96.94,104.99,127.29,112.0,137.0,102.33,126.55,84.61,121.68,120.42,108.3,63.5,115.62,167.24,186.47,58.84,158.66,95.31,65.66,45.0,112.2,163.27,72.08,106.56,154.27,119.61,166.16,102.02,131.82,80.2,128.85,142.4,109.71,150.03,89.64,115.72,87.99,63.03,94.32,106.75,181.81,120.02,100.07,127.75,158.56,77.67,96.97,104.28,151.14,158.28,110.01,93.13,85.06,152.11,115.74,99.66,85.5,80.05,119.97,104.33,49.56,150.91,159.05,90.81,106.86,139.35,155.36,93.28,98.16,102.89,149.18,94.18,86.0,87.08,154.21,157.72,84.6,111.16,83.17,92.87,60.42,153.23,114.33,91.54,92.27,102.37,104.55,142.99,116.54,118.62,95.08,68.52,88.02,122.17,107.93,51.38,71.9,117.51,119.14,128.87,122.45,118.4,121.85,117.22,106.23,116.41,114.26,95.02,89.82,88.74,83.45,127.29,114.44,94.46,100.51,114.5,123.26,84.64,104.28,154.54,130.91,198.68,199.9,190.2,182.39,177.47,165.7,165.95,160.48,123.04,109.87,128.37,129.03,62.51,94.58,90.92,90.34,112.17,98.26,94.15,107.32,75.01,84.34,93.64,67.7,61.1,45.5,35.72,60.86,77.16,56.28,28.15,17.89,18.89,112.88,106.24,124.69,118.16,113.72,122.18,130.15,127.45,136.58,134.71,86.35,80.12,67.01,87.76,0.0,134.56,139.04,133.96,137.49,85.51,98.62,105.2,83.83,64.64,31.47,37.82,39.86,42.3,47.24,88.27,155.7,175.84,59.76,64.7,36.09,55.8,86.99,91.69,75.85,78.52,67.83,87.87,82.57,71.25,142.68,134.83,122.06,127.41,166.79,165.9,166.33,169.66,175.8,191.09,197.84,109.27,111.06,107.82,121.76,118.04,113.72,116.06,116.28,112.87,195.83,180.73,186.16,206.05,190.53,200.54,206.61,208.12,222.39,125.83,166.31,145.85,113.11,117.93,138.5,124.75,124.8,125.97,161.9,171.57,181.84,187.78,173.9,180.08,192.02,215.81,177.52,188.56,196.63,204.93,211.63,222.46,212.79,210.97,115.93,122.34,131.54,133.18,145.21,138.41,239.62
126.14,147.05,153.86,46.73,130.55,75.82,61.15,85.55,78.62,64.04,27.61,43.49,95.66,61.76,148.38,153.79,23.66,161.95,116.69,107.61,22.74,46.42,46.37,57.31,73.65,105.15,149.95,43.68,97.62,40.65,66.62,70.08,58.58,102.02,199.24,141.87,21.65,92.61,144.64,74.26,57.2,82.75,137.92,124.98,62.03,34.75,31.42,79.93,104.39,86.41,88.24,77.64,48.92,113.7,144.75,29.88,61.69,38.87,59.71,102.67,106.2,64.69,58.43,68.0,82.11,73.95,132.1,229.38,111.16,173.26,99.87,145.23,54.32,111.53,40.39,34.06,216.14,46.73,40.62,134.74,222.7,50.23,50.11,89.99,51.25,81.01,147.86,91.28,146.68,89.44,75.51,64.18,192.7,16.05,80.87,67.91,57.51,179.0,162.6,29.16,69.63,53.16,65.96,123.84,81.77,52.05,65.9,146.29,74.59,145.07,93.69,55.41,36.91,40.28,24.87,70.24,138.16,42.33,33.39,78.6,69.84,101.62,103.69,165.88,41.1,75.75,200.1,136.78,207.25,43.17,31.32,125.35,194.49,62.43,142.77,97.87,188.42,57.9,77.13,94.1,50.48,129.78,121.6,103.86,136.97,55.1,119.84,142.59,44.94,154.08,56.82,171.96,7.62,111.78,40.92,44.09,148.54,31.49,114.61,188.53,49.56,87.78,125.64,54.58,72.47,18.93,158.92,150.3,61.4,117.94,129.02,159.34,66.95,48.94,182.82,47.85,53.26,32.9,64.49,134.12,103.22,57.0,75.84,42.27,98.41,23.47,49.71,96.96,131.63,211.88,40.51,125.32,122.93,137.36,39.85,118.95,112.92,57.47,44.88,48.39,104.82,135.93,119.43,117.64,84.99,43.9,71.38,116.31,122.03,84.79,81.43,215.68,189.23,184.36,177.53,168.2,185.51,194.98,180.73,131.39,126.96,142.28,143.92,163.33,156.91,152.87,160.68,156.05,140.7,155.24,153.09,135.28,130.09,133.88,133.26,161.76,148.91,144.86,140.77,170.62,157.73,159.26,89.75,227.07,204.43,271.21,272.43,262.73,254.92,250.0,238.23,238.48,233.01,71.79,62.95,65.65,66.32,122.86,99.93,102.76,87.85,60.0,61.59,89.31,70.39,107.24,96.18,87.0,142.31,147.55,145.18,151.14,160.54,176.84,155.96,154.53,160.34,136.79,49.3,31.93,53.06,51.05,32.02,34.89,37.38,27.04,43.82,39.49,67.33,61.35,68.2,68.74,134.56,0.0,7.19,9.74,13.27,63.79,39.33,35.81,62.03,90.89,107.01,109.74,94.7,103.22,87.6,78.85,36.29,66.42,118.63,123.56,109.58,114.67,145.86,150.56,134.71,137.38,126.69,119.15,113.85,102.52,55.09,32.51,51.07,48.0,58.56,57.68,56.91,60.23,66.38,81.67,88.41,140.54,142.33,140.96,180.62,176.9,172.59,170.06,152.71,145.47,86.4,71.3,76.74,96.63,81.11,91.11,97.18,98.7,112.97,97.71,118.96,85.3,72.73,77.55,85.73,59.98,81.78,76.46,77.66,87.33,84.67,90.61,65.67,70.66,82.59,106.39,69.29,79.13,87.21,95.51,102.21,113.04,103.37,101.55,147.21,147.6,148.18,136.4,161.2,156.27,130.2
130.61,151.53,158.34,51.21,135.03,80.29,65.63,90.03,83.1,68.52,32.09,47.97,100.14,66.24,152.86,158.27,13.14,166.43,121.17,112.09,27.22,50.9,50.85,61.79,78.13,109.63,154.43,48.16,102.1,45.13,71.09,74.56,63.06,106.5,203.72,146.35,26.13,97.09,149.12,78.73,61.67,87.23,142.4,129.45,66.51,39.23,35.9,84.4,108.87,90.89,92.72,82.12,53.4,118.18,149.23,34.36,66.16,43.34,64.19,107.15,110.67,69.17,62.91,72.47,86.58,78.43,136.58,233.86,115.64,177.74,104.35,149.71,58.79,116.0,44.86,38.54,220.62,51.21,45.1,139.22,227.18,54.7,54.58,94.47,55.73,85.49,152.34,95.76,151.16,93.92,79.98,68.66,197.18,20.53,85.35,72.38,61.98,183.47,167.08,33.64,74.11,57.64,70.44,128.32,86.25,56.53,70.37,150.77,79.07,149.55,98.17,59.89,41.39,44.76,29.35,74.72,142.64,46.81,37.87,83.08,74.32,106.1,108.16,170.36,45.58,80.23,204.57,141.25,211.72,47.64,35.8,129.83,198.97,66.91,147.25,102.34,192.9,62.38,81.61,98.58,54.96,134.26,126.08,108.34,141.45,59.57,124.32,147.07,49.42,158.55,61.3,176.43,12.09,116.25,45.4,48.57,153.02,35.97,119.09,193.0,54.04,92.26,130.12,59.06,76.95,23.41,163.4,154.78,65.88,122.42,133.49,163.82,71.43,53.42,187.29,52.33,57.74,37.38,68.97,138.6,107.69,61.48,80.31,46.74,102.88,27.95,54.19,101.44,136.11,216.36,44.99,129.8,127.41,141.84,44.33,123.43,117.39,61.94,49.36,52.87,109.3,140.41,123.91,122.12,89.47,48.37,75.86,120.79,126.51,89.27,85.9,220.16,193.7,188.84,182.01,172.68,189.98,199.46,185.21,135.87,131.44,146.76,148.39,167.81,161.39,157.34,165.16,160.53,145.18,159.72,157.56,139.76,134.56,138.36,137.74,166.24,153.39,149.33,145.25,175.1,162.21,163.74,94.23,231.54,208.9,275.69,276.9,267.21,259.4,254.48,242.71,242.96,237.49,76.27,67.43,70.13,70.79,127.33,104.41,107.23,92.33,64.47,66.06,93.78,74.87,111.71,100.66,91.48,146.79,152.03,149.66,155.62,165.02,181.32,160.43,159.01,164.82,141.27,53.78,36.41,57.53,55.53,36.5,39.37,41.86,31.52,48.3,43.96,71.81,65.83,72.67,73.22,139.04,7.19,0.0,14.22,17.75,68.27,43.81,40.29,66.5,95.37,111.49,114.21,99.18,107.69,92.08,83.32,40.77,70.9,123.11,128.04,114.05,119.15,150.33,155.04,139.19,141.86,131.17,123.62,118.32,107.0,59.57,36.99,55.55,52.48,63.04,62.15,61.39,64.71,70.86,86.15,92.89,145.02,146.81,145.43,185.1,181.38,177.07,174.54,157.18,149.95,90.88,75.78,81.22,101.11,85.58,95.59,101.66,103.18,117.44,102.18,123.44,89.78,77.21,82.03,90.21,64.46,86.26,80.93,82.14,91.81,89.14,95.09,70.15,75.14,87.07,110.86,73.77,83.61,91.69,99.99,106.69,117.52,107.85,106.03,151.68,152.08,152.66,140.87,165.67,160.75,134.67
125.53,146.44,153.26,44.96,129.94,74.04,59.38,83.78,76.85,63.43,25.84,42.89,95.06,59.99,147.77,153.18,21.88,161.34,116.09,107.01,22.13,45.82,44.6,55.54,71.88,104.54,149.34,43.07,97.02,40.05,66.01,68.31,57.97,101.42,198.63,141.27,21.05,90.84,144.03,72.48,55.42,82.15,137.31,124.37,61.43,34.15,29.65,78.15,103.78,85.8,87.64,75.87,47.15,113.1,144.14,29.28,59.91,37.09,57.94,100.9,105.59,64.09,57.82,66.22,81.5,72.18,131.5,228.78,110.55,172.66,99.27,144.62,53.71,110.92,39.78,32.29,215.53,46.12,38.85,134.14,222.1,49.62,48.33,88.22,49.48,80.41,147.25,90.68,146.08,88.84,74.9,63.58,192.1,15.45,80.26,66.13,56.9,178.39,161.99,28.56,69.02,51.39,64.19,123.24,81.17,51.44,64.12,145.69,72.82,144.46,93.08,54.8,35.14,39.67,23.1,69.64,137.55,41.72,31.62,78.0,68.07,101.01,103.08,165.28,40.49,75.15,199.49,136.17,206.64,42.56,30.71,124.74,193.88,61.82,142.16,97.26,187.82,56.13,75.36,93.49,48.71,129.18,120.99,103.25,136.37,53.32,119.23,141.98,43.17,153.47,55.05,171.35,5.84,111.17,39.15,42.32,147.94,29.72,114.01,187.92,48.95,87.17,125.03,53.97,70.7,18.33,158.32,148.53,59.63,117.33,128.41,158.74,65.18,47.17,182.21,47.24,52.65,31.13,63.89,133.52,102.61,56.39,75.23,41.66,97.8,21.7,47.94,96.35,131.03,211.28,38.74,124.71,122.32,136.75,38.08,118.35,112.31,56.86,43.11,46.62,104.21,135.33,118.82,117.03,84.38,42.12,70.78,115.71,121.42,84.18,80.82,215.07,188.62,183.76,176.92,167.59,184.9,194.37,180.13,130.78,126.35,141.67,143.31,162.73,156.31,152.26,160.07,155.44,140.09,154.64,152.48,134.67,129.48,133.28,132.65,161.15,148.31,144.25,140.17,170.01,157.12,158.65,89.14,226.46,203.82,270.6,271.82,262.13,254.32,249.39,237.63,237.87,232.41,71.19,62.35,65.05,65.71,122.25,99.32,102.15,87.25,59.39,60.98,88.7,69.78,106.63,95.57,86.39,141.71,146.94,144.57,150.53,159.93,176.24,155.35,153.93,159.74,136.19,48.69,31.33,52.45,50.45,31.42,34.29,36.77,26.43,43.21,38.88,66.72,60.74,67.59,68.13,133.96,9.74,14.22,0.0,11.48,63.18,38.73,35.21,61.42,90.29,106.4,109.13,94.09,102.61,87.0,78.24,34.5,64.63,118.02,122.96,108.97,114.07,145.25,149.95,134.11,136.78,126.09,118.54,113.24,101.92,53.3,30.72,49.28,46.21,56.77,55.88,55.12,58.44,64.59,79.88,86.62,139.93,141.73,140.35,180.02,176.3,171.98,168.27,152.1,144.86,84.61,69.51,74.95,94.84,79.31,89.32,95.39,96.91,111.17,95.92,117.17,83.51,70.94,75.76,83.94,58.19,79.99,74.67,75.87,85.54,82.87,88.82,63.88,68.87,80.8,104.6,67.5,77.34,85.42,93.72,100.42,111.25,101.58,99.76,146.6,145.81,146.39,134.61,159.4,154.48,128.41
129.06,149.98,156.79,45.55,133.47,74.63,59.97,84.36,77.44,66.96,26.42,46.42,98.59,60.57,151.3,156.71,22.47,164.87,119.62,110.54,25.66,49.35,45.19,56.13,72.47,108.08,152.88,46.6,100.55,43.58,69.54,68.9,61.5,104.95,202.16,144.8,24.58,91.43,147.56,73.07,56.01,85.68,140.84,127.9,64.96,37.68,30.24,78.74,107.32,89.34,91.17,76.46,47.74,116.63,147.67,32.81,60.5,37.68,58.52,101.49,109.12,67.62,61.36,66.81,85.03,72.77,135.03,232.31,114.08,176.19,102.8,148.16,57.24,114.45,43.31,32.87,219.06,49.66,39.43,137.67,225.63,53.15,48.92,88.8,50.07,83.94,150.78,94.21,149.61,92.37,78.43,67.11,195.63,18.98,83.79,66.72,60.43,181.92,165.52,32.09,72.55,51.98,64.77,126.77,84.7,54.97,64.71,149.22,73.4,147.99,96.61,58.33,35.73,43.2,23.69,73.17,141.08,45.25,32.21,81.53,68.66,104.55,106.61,168.81,44.03,78.68,203.02,139.7,210.17,46.09,34.24,128.28,197.41,65.36,145.69,100.79,191.35,56.72,75.95,97.03,49.3,132.71,124.53,106.78,139.9,53.91,122.77,145.51,43.75,157.0,55.64,174.88,5.65,114.7,39.73,42.91,151.47,30.31,117.54,191.45,52.49,90.71,128.56,57.5,71.29,21.86,161.85,149.12,60.22,120.86,131.94,162.27,65.76,47.76,185.74,50.77,56.19,31.71,67.42,137.05,106.14,59.92,78.76,45.19,101.33,22.29,48.53,99.88,134.56,214.81,39.33,128.24,125.85,140.28,38.67,121.88,115.84,60.39,43.7,47.2,107.74,138.86,122.35,120.56,87.91,42.71,74.31,119.24,124.96,87.71,84.35,218.6,192.15,187.29,180.46,171.12,188.43,197.9,183.66,134.32,129.88,145.21,146.84,166.26,159.84,155.79,163.61,158.97,143.62,158.17,156.01,138.2,133.01,136.81,136.19,164.68,151.84,147.78,143.7,173.54,160.65,162.19,92.67,229.99,207.35,274.13,275.35,265.66,257.85,252.92,241.16,241.41,235.94,74.72,65.88,68.58,69.24,125.78,102.85,105.68,90.78,62.92,64.51,92.23,73.31,110.16,99.11,89.92,145.24,150.48,148.1,154.07,163.46,179.77,158.88,157.46,163.27,139.72,52.22,34.86,55.98,53.98,34.95,37.82,40.3,29.96,46.74,42.41,70.25,64.27,71.12,71.66,137.49,13.27,17.75,11.48,0.0,66.7,42.25,38.73,64.94,93.81,109.92,112.65,97.61,106.13,90.52,81.76,35.08,65.21,121.54,126.48,112.49,117.59,148.77,153.47,137.63,140.3,129.61,122.06,116.76,105.44,53.88,31.31,49.86,46.8,57.36,56.47,55.7,59.03,65.17,80.46,87.2,143.45,145.25,143.87,183.54,179.82,175.5,168.85,155.62,148.38,85.2,70.1,75.53,95.42,79.9,89.91,95.97,97.49,111.76,96.5,117.76,84.09,71.52,76.34,84.52,58.77,80.57,75.25,76.45,86.12,83.46,89.41,64.47,69.45,81.38,105.18,68.09,77.92,86.0,94.3,101.0,111.83,102.16,100.34,150.12,146.4,146.97,135.19,159.99,155.06,128.99
118.59,116.23,146.32,85.95,123.0,129.26,114.59,138.99,92.15,35.7,81.05,50.31,88.12,115.2,140.83,95.25,77.1,154.4,59.09,84.98,52.38,20.04,80.33,110.75,127.09,56.52,125.59,35.03,75.93,42.58,7.39,123.53,5.44,79.39,191.69,134.33,42.95,146.05,137.09,127.7,110.64,61.03,130.37,117.43,15.86,45.68,84.86,133.37,45.85,78.87,80.7,107.77,82.88,106.16,86.21,36.41,115.13,73.74,113.15,156.12,84.72,36.35,50.15,121.44,23.57,87.47,74.5,217.35,52.62,165.72,69.04,137.69,26.5,53.93,67.08,87.5,204.1,40.01,80.73,127.2,210.67,32.01,103.55,143.43,104.69,73.47,140.31,53.99,139.14,30.9,39.35,56.64,185.16,51.38,33.23,74.53,29.17,171.45,155.05,51.16,14.57,106.61,119.4,126.92,74.23,44.5,119.34,138.75,128.03,137.52,86.14,12.61,85.57,47.1,78.32,62.7,112.86,36.16,83.25,71.06,99.97,94.08,81.05,158.34,26.17,68.21,192.55,129.23,199.7,31.57,55.78,117.81,186.94,54.88,135.22,40.23,180.88,111.34,130.57,35.56,103.92,122.24,114.06,45.32,129.43,108.54,112.3,135.04,98.38,146.53,110.26,164.41,61.06,104.23,74.79,88.34,141.0,84.93,91.98,180.98,11.63,29.24,68.04,39.25,125.91,49.25,100.38,101.47,114.84,110.39,121.47,151.8,97.08,102.38,175.27,25.62,14.29,86.34,56.95,126.58,95.67,10.82,68.29,33.56,39.87,76.91,103.15,89.41,124.09,199.85,93.95,117.77,115.38,129.81,93.29,111.41,105.37,17.85,98.32,101.83,97.27,128.39,111.88,110.09,28.28,97.34,63.84,108.77,114.48,77.24,73.88,208.13,181.68,176.82,169.99,137.38,156.88,187.43,173.19,120.23,119.41,134.74,136.37,155.79,149.37,145.32,153.14,148.5,133.15,147.7,145.54,127.73,122.54,126.34,125.72,154.21,141.37,137.31,133.23,163.07,150.18,153.49,82.2,215.03,191.4,259.17,260.39,250.7,242.88,237.96,226.2,226.44,220.98,64.25,54.67,57.37,58.03,102.16,70.12,66.45,80.31,44.66,30.76,53.62,62.84,65.18,59.87,57.51,136.55,129.95,114.35,104.57,129.71,146.02,125.13,97.0,102.08,87.74,45.37,35.47,59.88,50.66,42.95,51.41,59.38,56.68,65.82,63.95,29.43,23.2,22.02,30.84,85.51,63.79,68.27,63.18,66.7,0.0,25.96,34.43,13.04,33.3,57.98,51.21,48.53,44.68,41.44,50.52,89.74,119.87,60.1,65.03,51.04,56.14,87.32,92.03,76.18,78.85,68.16,61.55,56.25,44.93,88.56,80.71,67.94,73.29,112.02,111.13,110.36,113.68,119.83,135.12,141.86,82.94,84.74,83.36,122.09,118.37,114.06,116.39,95.11,87.87,139.86,124.76,130.19,150.08,134.56,144.57,150.63,152.15,166.42,99.51,139.99,115.42,75.31,80.13,99.24,93.46,81.8,82.97,107.78,117.45,127.71,133.66,119.13,124.11,136.04,159.84,122.74,132.58,140.66,148.96,155.66,166.49,156.82,155.0,89.61,96.02,105.22,106.86,118.89,112.09,183.65
122.73,129.34,150.45,67.55,127.14,104.8,90.13,114.53,73.75,17.3,56.59,40.82,92.26,90.74,144.97,108.36,52.64,158.54,69.95,104.2,28.82,10.55,61.93,86.3,102.64,69.63,138.7,32.96,94.22,37.98,28.78,99.07,20.74,98.61,195.83,138.46,33.45,121.6,141.23,103.24,86.18,79.34,134.51,121.57,24.2,36.18,60.41,108.91,58.96,83.0,84.84,89.37,64.48,110.3,99.32,26.91,80.5,55.34,88.69,131.66,102.79,17.95,55.02,96.98,44.27,69.07,85.37,225.98,65.73,169.86,77.38,141.82,34.84,64.79,46.46,63.04,212.73,37.93,62.33,131.34,219.3,34.56,79.09,118.97,80.24,77.61,144.45,62.33,143.27,44.01,28.77,60.77,189.29,26.93,34.13,56.13,10.77,175.59,159.19,35.24,31.8,82.15,94.94,120.43,78.36,48.64,94.88,142.88,103.57,141.66,90.28,17.57,67.17,37.6,53.86,66.84,125.97,26.66,64.85,75.19,81.57,98.21,100.28,162.48,16.67,72.34,196.69,133.37,203.84,22.07,37.4,121.94,191.08,59.02,139.36,51.13,185.01,86.89,106.12,48.67,79.47,126.37,118.19,58.43,133.56,84.08,116.43,139.18,73.92,150.67,85.81,168.55,36.6,108.37,56.39,69.94,145.13,60.47,111.2,185.12,11.73,44.88,78.9,41.79,101.46,21.09,113.49,112.33,90.39,114.53,125.61,155.93,78.68,77.93,179.41,32.18,15.43,61.88,61.08,130.72,99.81,19.16,72.43,24.07,52.97,52.45,78.7,93.55,128.22,208.48,69.49,121.91,119.52,133.95,68.83,115.55,109.51,26.19,73.86,77.37,101.41,132.52,116.02,114.23,38.25,72.88,67.98,112.9,118.62,81.38,78.02,212.27,185.82,180.96,174.12,150.48,182.1,191.57,177.32,127.98,123.55,138.87,140.51,159.92,153.51,149.46,157.27,152.64,137.29,151.83,149.68,131.87,126.68,130.48,129.85,158.35,145.5,141.45,137.36,167.21,154.32,155.85,86.34,223.66,201.02,267.8,269.02,259.33,251.51,246.59,234.83,235.07,229.6,68.38,59.55,62.25,62.91,110.5,78.46,74.79,84.45,47.21,39.1,61.96,66.98,73.52,68.21,65.85,138.91,144.14,127.46,117.68,142.82,159.13,138.24,110.11,115.19,100.85,43.29,25.98,50.38,48.58,33.46,41.92,43.46,33.12,49.9,45.56,37.77,31.54,30.36,39.18,98.62,39.33,43.81,38.73,42.25,25.96,0.0,24.93,24.2,44.16,71.01,64.23,56.87,57.71,49.77,32.12,65.29,95.42,73.12,78.06,64.07,69.17,100.35,105.05,89.21,91.88,81.19,72.42,67.12,55.79,70.16,62.31,49.54,54.89,87.57,86.68,85.91,89.24,95.38,110.67,117.42,93.81,95.6,94.23,135.12,131.4,127.08,114.34,105.98,98.74,115.41,100.31,105.74,125.63,110.11,120.12,126.19,127.7,141.97,92.82,130.68,97.02,56.91,61.73,80.84,75.05,63.4,64.57,89.37,99.05,109.31,115.26,94.68,99.66,111.6,135.39,98.3,108.14,116.21,124.51,131.21,142.04,132.37,130.55,100.47,106.89,116.09,117.73,129.75,122.95,159.2
109.09,130.0,136.81,72.2,113.5,101.28,86.61,111.01,104.09,34.67,53.07,26.44,78.61,87.22,131.33,124.42,49.12,144.9,87.32,90.56,24.4,17.06,71.83,82.77,99.12,75.78,132.9,26.63,80.57,23.6,37.25,95.55,29.21,84.97,182.19,124.82,14.97,118.08,127.59,99.72,82.66,65.7,120.87,107.93,32.67,17.7,56.89,105.39,75.02,69.36,71.19,103.1,74.39,96.65,115.38,8.43,87.15,64.33,85.17,128.14,89.15,35.32,41.38,93.46,52.74,99.41,102.74,212.33,81.79,156.21,82.82,128.18,30.61,82.16,39.1,59.52,199.09,29.68,66.08,117.69,205.65,26.52,75.57,115.45,76.71,63.96,130.81,74.23,129.63,60.08,46.14,47.13,175.65,23.41,51.5,73.5,28.14,161.95,145.55,23.19,40.26,78.63,91.42,106.79,64.72,35.0,91.36,129.24,100.05,128.02,76.64,26.04,62.37,23.23,50.34,53.19,121.11,18.62,58.86,61.55,95.31,84.57,86.64,148.83,11.73,58.7,183.05,119.73,190.2,14.03,27.8,108.3,177.44,45.38,125.72,68.5,171.37,83.36,102.6,64.73,75.95,112.73,104.55,74.49,119.92,80.56,102.79,125.54,70.4,137.03,82.29,154.91,33.08,94.73,66.38,69.56,131.49,56.95,97.56,171.48,20.19,58.41,96.27,37.53,97.93,21.27,129.56,129.7,86.86,100.89,111.97,142.29,92.41,74.41,165.77,24.14,23.89,58.36,47.44,117.07,86.17,27.63,58.79,16.02,69.04,48.93,75.18,79.91,114.58,194.83,65.97,108.27,105.88,120.31,65.31,101.9,95.87,34.66,70.34,73.85,87.77,118.88,102.38,100.59,55.62,69.36,54.33,99.26,104.98,67.74,64.38,198.63,172.18,167.32,160.48,151.15,168.46,177.93,163.68,114.34,109.91,125.23,126.87,146.28,139.86,135.82,143.63,139.0,123.65,138.19,136.04,118.23,113.04,116.83,116.21,144.71,131.86,127.81,123.72,153.57,140.68,142.21,72.7,210.02,187.38,254.16,255.38,245.68,237.87,232.95,221.18,221.43,215.96,54.74,45.9,48.6,49.27,105.81,82.88,85.71,70.8,42.95,34.92,72.26,53.34,90.19,79.13,69.95,125.26,130.5,128.13,134.09,143.49,159.79,138.91,116.69,121.77,107.43,32.25,7.5,36.01,34.0,14.97,23.43,31.4,28.7,37.84,35.97,43.62,37.64,38.83,45.03,105.2,35.81,40.29,35.21,38.73,34.43,24.93,0.0,32.67,61.53,77.65,80.38,65.34,73.86,58.24,49.49,61.76,91.89,89.27,94.21,80.22,85.31,116.5,121.2,105.36,108.02,97.34,89.79,84.49,73.16,80.56,57.99,66.91,73.48,84.04,83.15,82.38,85.71,91.85,107.14,113.88,111.18,112.97,111.6,151.26,147.54,143.23,145.56,123.35,116.11,111.88,96.78,102.21,122.1,106.58,116.59,122.66,124.17,138.44,123.18,144.44,110.77,74.28,79.1,111.2,85.45,80.77,101.93,103.13,112.8,110.14,116.09,91.15,96.13,108.06,131.86,94.77,104.6,112.68,120.98,127.68,138.51,128.84,127.02,117.85,124.26,133.46,135.1,147.12,140.32,155.67
130.46,114.55,158.19,84.19,134.87,127.49,112.83,137.23,90.38,33.94,79.29,48.55,99.99,113.44,152.7,93.57,75.33,166.27,57.41,111.94,50.61,18.28,78.57,108.99,125.33,54.84,123.92,40.69,101.95,45.71,22.46,121.76,24.48,106.35,203.56,146.2,41.19,144.29,148.96,125.93,108.87,87.08,142.24,129.3,27.94,43.92,83.1,131.6,44.17,90.74,92.57,106.01,81.12,118.03,84.53,34.65,113.36,71.98,111.39,154.35,110.52,34.59,62.76,119.67,21.89,85.71,72.83,215.67,50.94,177.59,81.12,149.56,38.58,52.25,65.31,85.74,202.42,45.67,78.97,139.07,208.99,42.29,101.78,141.67,102.93,85.34,152.18,66.07,151.01,29.23,37.67,68.51,197.03,49.62,31.55,72.77,27.41,183.32,166.92,49.4,7.6,104.84,117.64,125.24,86.1,56.37,117.57,150.62,126.27,149.39,98.01,7.52,83.8,45.34,76.55,74.57,111.18,34.4,81.49,82.93,98.21,105.95,108.01,170.21,24.41,80.08,204.42,141.1,195.81,29.8,54.02,129.68,198.81,66.76,147.09,38.55,192.75,109.58,128.81,33.88,102.16,134.11,125.93,43.64,141.3,106.77,124.17,146.91,96.62,158.4,108.5,176.28,59.29,116.1,73.02,86.58,152.87,83.17,118.94,192.85,12.74,27.56,66.36,49.53,124.15,47.49,98.7,99.79,113.08,122.26,133.34,163.67,95.31,100.62,187.14,37.7,19.17,84.58,68.82,138.45,107.54,22.9,80.16,31.8,38.19,75.15,101.39,101.28,135.96,198.17,92.19,129.64,127.25,141.68,91.53,123.28,117.24,29.93,96.56,100.07,109.14,140.26,123.75,121.96,26.6,95.57,75.71,120.64,126.36,89.11,85.75,220.0,193.55,188.69,162.26,135.7,155.2,199.3,185.06,118.55,131.28,146.61,148.24,167.66,161.24,157.19,165.01,160.37,145.02,159.57,157.41,139.6,134.41,138.21,137.59,166.08,153.24,149.18,145.1,174.94,162.05,151.82,94.07,213.35,189.73,257.49,258.71,249.02,241.21,236.28,224.52,224.77,219.3,76.12,67.28,69.98,70.64,114.24,82.19,78.53,92.18,54.94,42.84,65.7,74.71,77.26,71.95,69.59,134.87,128.27,112.68,102.9,128.04,144.34,123.45,95.32,100.4,86.06,51.03,33.71,58.12,56.31,41.19,49.65,57.62,54.92,64.05,62.19,41.5,35.28,34.1,42.91,83.83,62.03,66.5,61.42,64.94,13.04,24.2,32.67,0.0,31.62,56.3,49.53,54.88,43.01,53.51,48.75,87.98,118.11,58.42,63.35,49.36,54.46,85.64,90.35,74.5,77.17,66.48,59.87,54.57,43.25,86.8,78.95,66.18,71.53,110.25,109.36,108.6,111.92,118.07,133.36,140.1,81.27,83.06,81.68,120.41,116.69,112.38,114.71,93.43,86.2,138.09,122.99,128.43,148.32,132.79,142.8,148.87,150.39,164.65,97.83,138.32,113.66,73.55,78.37,97.48,91.69,80.04,81.21,106.01,115.68,125.95,131.9,117.36,122.35,134.28,158.08,120.98,130.82,138.9,147.2,153.9,164.73,155.06,153.24,87.93,94.34,103.55,105.19,117.21,110.41,181.89
131.44,95.36,159.16,85.62,124.13,130.76,116.09,140.49,76.64,35.37,80.61,77.42,118.53,116.7,153.68,70.24,101.51,167.25,26.87,105.26,79.48,47.15,80.0,112.25,128.59,35.65,104.72,63.08,96.2,74.58,27.47,125.02,33.48,99.66,180.19,147.17,70.05,147.55,149.94,129.2,112.14,92.97,143.22,127.82,35.76,72.79,88.64,134.87,24.98,106.91,108.74,87.02,82.55,122.71,55.91,63.51,82.23,73.4,114.65,157.61,105.0,27.57,78.19,122.94,14.02,71.97,42.28,196.48,31.75,155.51,74.68,150.53,54.54,21.71,94.18,98.21,183.23,68.06,80.4,140.05,189.8,60.06,103.89,144.93,106.19,101.51,153.16,84.96,151.98,10.03,17.1,84.68,167.88,78.49,10.98,59.03,35.86,154.29,155.51,78.27,24.62,108.1,120.9,106.05,99.59,72.55,120.84,151.59,129.53,150.37,111.7,39.14,85.23,74.2,98.68,90.74,91.99,63.26,82.92,99.1,80.38,120.21,101.33,157.06,53.27,100.8,175.27,142.08,176.62,58.67,82.89,132.59,169.66,82.93,148.07,8.05,163.6,112.84,132.07,9.98,104.26,135.08,113.64,24.45,142.27,108.88,120.06,147.89,99.88,159.38,111.76,150.01,88.16,117.08,74.45,88.01,153.84,95.64,112.26,163.7,45.27,12.06,35.82,67.29,127.41,76.35,68.49,69.25,87.84,125.65,134.32,152.26,79.39,103.88,157.99,53.67,42.33,97.71,84.99,139.43,108.61,38.87,96.33,60.67,18.99,96.52,104.65,110.22,136.93,178.98,100.97,130.62,128.23,142.66,94.79,124.26,118.22,45.9,99.82,103.33,110.12,141.23,124.73,122.94,6.03,98.84,91.88,121.61,127.33,105.29,101.92,190.97,164.52,166.61,143.06,116.5,136.01,170.15,155.91,99.36,119.88,147.58,149.22,168.63,162.21,158.17,165.98,161.35,146.0,160.54,158.39,140.58,135.39,136.72,131.43,167.06,154.21,142.44,146.07,162.49,163.03,132.62,110.25,194.16,170.53,238.3,239.52,229.83,222.01,217.09,205.33,205.57,200.1,92.29,82.71,85.41,86.08,110.49,90.39,86.73,103.86,72.71,58.8,89.96,90.89,70.82,80.15,89.44,115.68,109.08,93.48,83.7,108.84,125.15,104.26,76.13,81.21,66.87,73.42,62.58,86.98,78.7,70.06,78.52,86.48,83.78,92.92,91.05,48.31,42.08,33.41,49.72,64.64,90.89,95.37,90.29,93.81,33.3,44.16,61.53,31.62,0.0,36.95,30.17,35.52,23.65,42.9,33.85,101.28,121.43,39.06,44.0,30.01,35.1,66.29,70.99,55.15,57.82,47.13,29.37,24.07,12.74,88.27,80.42,67.64,72.99,112.37,111.48,111.91,115.24,121.38,136.68,143.42,50.76,52.55,51.18,92.16,88.44,85.56,71.29,62.93,55.69,141.41,126.31,131.74,151.64,136.11,146.12,152.19,153.7,167.97,67.33,107.81,87.35,54.61,59.43,79.99,66.24,66.3,67.47,87.02,96.69,106.96,112.91,119.48,125.66,137.6,161.39,123.1,134.14,142.21,150.51,157.21,168.04,158.37,156.55,57.43,63.84,73.04,74.68,86.71,79.91,185.2
108.08,62.18,134.21,112.47,90.95,157.6,142.94,167.33,107.6,62.21,107.46,87.58,95.18,143.55,128.72,67.39,128.35,142.29,57.83,81.9,95.6,63.27,106.84,139.1,155.44,8.21,71.55,74.99,72.85,82.54,52.15,151.87,58.16,76.31,147.02,123.82,86.17,174.4,126.58,156.04,138.98,69.61,118.26,94.64,46.26,85.87,115.48,161.71,24.27,91.58,92.57,134.28,109.4,89.54,58.35,79.63,125.41,100.25,141.5,184.46,81.64,54.41,96.32,149.78,38.71,102.93,71.97,163.3,12.15,122.33,51.32,127.18,66.45,45.49,110.3,125.05,150.06,79.97,107.24,116.69,156.62,71.97,130.73,171.78,133.04,86.19,129.8,61.6,128.63,31.82,43.95,92.55,134.71,94.61,37.83,89.99,62.7,121.12,122.34,94.39,49.3,134.95,147.75,72.88,76.24,84.46,147.68,128.24,156.38,127.01,88.34,63.82,112.08,84.36,125.53,84.95,58.82,73.6,109.77,92.03,126.48,96.85,77.97,123.88,69.39,77.44,142.1,118.72,143.45,74.79,99.0,99.42,136.49,92.87,123.11,35.96,130.43,139.69,158.92,31.29,131.11,110.12,80.47,17.46,118.92,135.72,86.89,124.53,126.72,134.42,138.61,116.83,104.28,95.01,101.3,114.85,124.52,122.49,88.9,130.53,60.45,35.49,66.77,79.2,154.26,92.47,72.52,100.2,131.02,92.48,111.78,119.09,123.59,130.73,124.82,65.58,57.51,124.56,88.19,114.47,85.26,52.5,93.48,76.78,22.01,123.36,131.5,86.86,113.58,145.8,127.81,108.09,104.87,117.7,121.64,100.9,94.86,59.53,126.67,130.18,86.76,117.88,97.98,99.58,32.88,125.68,89.03,98.26,103.98,91.89,88.53,157.8,131.35,133.43,109.89,83.33,102.83,136.98,122.74,66.19,86.71,124.23,125.86,143.68,137.26,133.21,136.66,132.03,121.04,131.22,129.07,109.83,104.63,103.55,98.26,142.1,129.25,109.27,115.32,129.31,138.07,99.45,100.82,160.99,137.36,205.13,206.35,196.66,188.84,183.92,172.15,172.4,166.93,95.49,82.33,100.82,101.48,77.32,67.04,63.37,80.51,84.62,70.72,66.6,79.77,47.46,56.8,66.09,82.51,75.91,60.31,50.53,75.67,91.98,71.09,42.96,48.04,33.7,85.33,78.69,97.14,90.61,86.17,94.63,102.6,99.9,109.04,107.17,58.8,52.58,39.46,60.21,31.47,107.01,111.49,106.4,109.92,57.98,71.01,77.65,56.3,36.95,0.0,10.27,12.31,14.76,19.69,60.72,128.15,148.3,19.46,37.15,4.62,28.26,59.44,64.14,34.45,50.97,26.43,60.33,55.03,43.7,115.14,107.29,94.52,99.87,139.24,138.36,138.79,142.11,148.26,163.55,170.29,81.72,83.51,80.28,94.21,90.49,86.18,88.51,88.73,85.32,168.28,153.18,158.62,178.51,162.98,172.99,179.06,180.58,194.84,98.29,138.77,118.3,85.56,90.38,110.95,97.2,97.25,98.42,134.35,144.02,154.29,160.24,146.35,152.54,164.47,188.26,149.97,161.01,169.09,177.39,184.09,194.92,185.25,183.43,88.39,94.8,104.0,105.64,117.66,110.86,212.08
104.62,68.54,132.35,105.69,97.31,150.83,136.16,160.56,100.82,55.44,100.68,84.11,91.72,136.77,126.86,60.61,121.58,140.43,51.05,78.44,98.33,65.99,100.07,132.32,148.66,8.83,77.9,71.53,69.38,79.07,45.37,145.09,51.39,72.85,153.37,120.35,88.9,167.62,123.12,149.27,132.21,66.15,116.4,101.0,42.79,91.63,108.71,154.93,17.49,88.12,89.11,127.5,102.62,95.89,51.57,82.36,118.63,93.47,134.72,177.68,78.18,47.64,92.86,143.01,31.93,96.15,65.2,169.66,17.98,128.69,47.86,123.71,62.99,38.71,113.03,118.28,156.41,76.51,100.47,113.23,162.98,68.51,123.96,165.0,126.26,82.72,126.34,58.14,125.16,25.05,37.17,89.08,141.06,97.33,31.05,83.21,55.93,127.47,128.69,97.11,42.52,128.17,140.97,79.23,72.77,81.0,140.91,124.77,149.6,123.55,84.88,57.04,105.3,80.9,118.75,81.49,65.17,70.14,102.99,88.57,119.71,93.39,74.51,130.24,72.12,73.98,148.45,115.26,149.8,77.51,101.73,105.77,142.84,89.41,121.25,29.18,136.78,132.91,152.14,24.51,124.33,108.26,86.82,10.68,115.45,128.95,93.24,121.07,119.95,132.56,131.83,123.19,107.01,90.26,94.52,108.08,127.02,115.71,85.44,136.88,63.18,28.71,60.0,75.74,147.48,95.2,65.74,93.43,124.24,98.83,107.5,125.44,116.81,123.95,131.17,62.12,60.24,117.78,84.73,112.61,81.79,49.04,90.01,79.51,15.24,116.59,124.72,83.4,110.11,152.16,121.03,103.8,101.41,115.84,114.86,97.44,91.4,56.07,119.89,123.4,83.3,114.41,97.91,96.12,26.1,118.91,85.56,94.79,100.51,88.43,85.06,164.15,137.7,139.79,116.24,89.68,109.19,143.34,129.09,72.54,93.06,120.76,122.4,141.81,135.4,131.35,139.16,134.53,119.18,133.72,131.57,113.76,108.57,109.9,104.61,140.24,127.39,115.62,119.25,135.67,136.21,105.8,97.35,167.34,143.71,211.48,212.7,203.01,195.19,190.27,178.51,178.75,173.28,92.03,78.86,97.36,98.02,83.68,63.57,59.91,77.04,81.16,67.25,63.14,76.31,44.0,53.33,62.62,88.86,82.26,66.66,56.88,82.02,98.33,77.44,49.31,54.39,40.05,81.87,81.42,93.68,87.15,88.9,97.36,105.33,102.63,111.77,109.9,55.34,49.11,36.0,56.75,37.82,109.74,114.21,109.13,112.65,51.21,64.23,80.38,49.53,30.17,10.27,0.0,8.85,7.98,16.23,53.94,121.38,141.52,25.44,30.37,16.38,21.48,52.66,57.37,41.52,44.19,33.5,53.55,48.25,36.92,108.36,100.51,87.74,93.09,132.47,131.58,132.01,135.33,141.48,156.77,163.51,74.94,76.73,73.5,87.43,83.71,79.4,81.73,81.95,78.54,161.5,146.4,151.84,171.73,156.21,166.21,172.28,173.8,188.07,91.51,131.99,111.53,78.78,83.61,104.17,90.42,90.48,91.65,127.57,137.24,147.51,153.46,139.58,145.76,157.69,181.49,143.2,154.23,162.31,170.61,177.31,188.14,178.47,176.65,81.61,88.02,97.22,98.86,110.89,104.09,205.3
95.77,70.57,123.5,111.04,99.34,156.18,141.51,165.91,106.17,60.79,106.03,75.27,82.87,142.12,118.02,65.96,108.01,131.58,56.4,69.59,83.29,50.96,105.42,137.67,154.02,10.44,79.94,62.68,60.54,70.23,50.72,150.45,43.31,64.0,155.41,111.51,73.86,172.98,114.27,154.62,137.56,57.3,107.55,94.61,33.95,73.56,114.06,160.29,22.84,79.27,80.26,132.86,107.97,83.34,56.92,67.32,123.98,98.83,140.07,183.04,69.33,52.99,84.01,148.36,37.28,101.5,70.55,171.69,23.33,130.72,39.01,114.87,54.14,44.06,97.99,123.63,158.45,67.66,105.82,104.38,165.02,59.66,129.31,170.35,131.61,73.88,117.49,49.29,116.32,30.4,42.53,80.24,143.1,82.3,36.4,88.56,61.28,129.51,132.23,82.08,47.88,133.53,146.32,81.27,63.93,72.15,146.26,115.93,154.95,114.7,76.03,53.99,110.65,72.05,109.23,72.64,67.21,61.29,108.34,79.72,125.06,84.54,65.66,135.52,57.08,65.13,150.49,106.41,151.84,62.48,86.69,94.99,144.88,80.56,112.4,34.53,138.82,138.26,157.49,29.86,129.69,99.42,88.86,16.03,106.61,134.3,95.28,112.22,125.3,123.71,137.19,125.22,91.97,81.41,99.87,113.43,118.18,121.06,76.59,138.92,48.14,34.06,65.35,66.89,152.83,80.16,71.1,98.78,129.59,87.57,98.65,128.98,122.16,129.3,133.21,53.27,45.2,123.14,75.88,103.76,72.94,40.19,81.17,64.47,20.59,107.82,130.07,74.55,101.27,154.2,126.39,94.95,92.56,106.99,120.21,88.59,82.55,47.22,125.24,128.75,74.45,105.57,89.06,87.27,31.45,124.26,76.72,85.95,91.67,79.58,76.22,166.19,139.74,141.82,118.28,91.72,111.22,145.37,131.13,74.58,95.1,111.92,113.55,132.97,126.55,122.5,130.32,125.69,110.33,124.88,122.72,104.91,99.72,103.52,102.9,131.4,118.55,117.66,110.41,140.25,127.36,107.84,88.51,169.38,145.75,213.52,214.74,205.05,197.23,192.31,180.55,180.79,175.32,83.18,70.02,88.51,89.18,72.14,54.73,51.06,68.2,72.31,58.41,54.29,67.46,35.15,44.49,53.78,90.9,84.3,68.7,58.92,84.06,100.37,79.48,51.35,56.43,42.09,73.02,66.38,84.83,78.3,73.86,82.32,90.29,87.59,96.73,94.86,46.49,40.27,27.15,47.9,39.86,94.7,99.18,94.09,97.61,48.53,56.87,65.34,54.88,35.52,12.31,8.85,0.0,13.33,7.38,59.3,126.73,146.87,30.79,35.73,16.93,26.83,58.02,62.72,46.88,49.55,38.86,58.9,53.6,42.27,113.71,105.86,93.09,98.44,137.82,136.93,137.36,140.69,146.83,162.12,168.86,80.29,82.08,78.85,92.78,89.06,84.75,87.08,87.3,83.9,166.86,151.76,157.19,177.08,161.56,171.57,177.63,179.15,193.42,96.86,137.34,116.88,84.14,88.96,109.52,95.77,95.83,97.0,132.92,142.6,152.86,158.81,144.93,151.11,163.04,186.84,148.55,159.58,167.66,175.96,182.66,193.49,183.82,182.0,86.96,93.37,102.57,104.21,116.24,109.44,210.65
109.1,73.02,136.83,99.17,101.79,144.3,129.64,154.04,94.3,48.92,94.16,89.74,96.2,130.25,131.35,54.09,115.06,144.92,44.53,82.92,91.8,59.47,93.54,125.8,142.14,13.32,82.39,74.46,73.87,82.01,38.85,138.57,44.87,77.33,157.86,124.84,82.38,161.1,127.61,142.74,125.68,70.63,120.89,105.48,47.15,85.11,102.18,148.41,10.97,92.61,93.6,120.98,96.1,100.38,45.05,75.84,112.11,86.95,128.2,171.16,82.67,41.12,89.58,136.48,25.41,89.63,58.68,174.14,11.46,133.17,52.35,128.2,65.92,32.19,106.5,111.76,160.9,79.44,93.94,117.71,167.46,71.44,117.43,158.48,119.74,87.21,130.82,62.62,129.65,18.52,30.65,96.06,145.54,90.81,24.53,76.69,49.41,131.96,133.18,90.59,36.0,121.65,134.45,83.72,77.26,83.93,134.39,129.26,143.08,128.04,89.36,50.52,98.78,86.53,112.23,85.97,69.66,75.59,96.47,93.05,113.19,97.88,79.0,134.72,65.6,78.47,152.94,119.74,154.29,70.99,95.21,110.26,147.33,94.31,125.74,22.66,141.26,126.39,145.62,17.99,117.81,112.75,91.3,4.16,119.94,122.42,97.73,125.56,113.43,137.04,125.31,127.67,100.48,94.74,88.0,101.55,131.51,109.19,89.92,141.37,56.66,22.19,53.48,78.68,140.96,88.68,59.22,86.9,117.72,103.32,111.98,129.93,110.29,117.43,135.66,65.05,53.72,111.26,89.21,117.09,86.28,50.25,94.5,72.99,8.71,110.06,118.2,87.89,114.6,156.64,114.51,108.29,105.9,120.33,108.34,101.92,95.88,57.28,113.37,116.88,87.79,118.9,102.4,100.61,19.58,112.38,90.05,99.28,105.0,92.91,89.55,168.64,142.19,144.27,120.73,94.17,113.67,147.82,133.57,77.03,97.55,125.25,126.88,146.3,139.88,135.83,143.65,139.02,123.67,138.21,136.05,118.25,113.05,114.39,109.1,144.73,131.88,120.11,123.74,140.15,140.69,110.29,101.84,171.82,148.2,215.97,217.18,207.49,199.68,194.76,182.99,183.24,177.77,96.52,83.35,96.8,97.46,88.16,68.06,64.39,81.53,84.09,70.19,67.63,80.79,48.48,57.82,67.11,93.34,86.75,71.15,61.37,86.51,102.81,81.93,53.8,58.87,44.53,84.8,74.9,99.31,90.08,82.38,90.84,98.81,96.11,105.24,103.38,59.69,53.47,40.48,61.1,42.3,103.22,107.69,102.61,106.13,44.68,57.71,73.86,43.01,23.65,14.76,7.98,13.33,0.0,20.71,47.42,114.86,135.0,18.92,23.85,9.86,14.96,46.14,50.85,35.0,37.67,26.98,47.03,41.73,30.4,101.84,93.99,81.22,86.57,125.95,125.06,125.49,128.81,134.96,150.25,156.99,68.42,70.21,66.98,80.91,77.19,72.88,75.21,75.43,72.02,154.98,139.88,145.32,165.21,149.68,159.69,165.76,167.28,181.54,84.99,125.47,105.0,72.26,77.09,97.65,83.9,83.96,85.13,121.05,130.72,140.99,146.94,133.06,139.24,151.17,174.97,136.67,147.71,155.79,164.09,170.79,181.62,171.95,170.13,75.09,81.5,90.7,92.34,104.37,97.56,198.78
88.67,77.96,116.4,118.42,93.08,153.07,138.4,162.8,113.56,68.17,104.86,68.17,75.77,139.01,110.92,73.34,100.91,124.48,63.78,62.49,76.19,43.86,112.8,134.56,150.91,17.82,87.32,55.58,53.44,63.13,44.25,147.34,36.22,56.9,161.78,104.41,66.76,169.87,107.18,151.51,134.45,50.2,100.46,87.51,26.85,66.46,108.68,157.18,30.22,72.18,73.16,140.24,115.35,76.24,64.3,60.22,138.94,106.21,136.96,179.93,62.24,60.37,76.91,145.25,34.42,108.88,77.93,179.08,30.71,135.8,31.92,107.77,47.05,51.44,90.89,111.31,165.83,60.56,113.2,97.28,172.4,52.56,127.36,167.24,128.5,66.78,110.39,42.19,109.22,37.78,49.91,73.14,155.24,75.2,43.78,95.94,52.98,141.53,125.13,74.98,49.31,130.42,143.21,88.65,56.83,65.05,143.15,108.83,151.84,107.61,68.93,46.89,118.03,64.96,102.13,65.54,74.59,54.19,115.72,72.62,132.44,77.45,58.57,128.42,49.98,58.04,162.63,99.31,159.22,55.38,79.59,87.89,157.02,73.46,105.3,41.91,150.96,135.16,154.39,37.25,127.74,92.32,79.99,23.41,99.51,132.35,82.38,105.12,122.19,116.61,134.08,134.49,84.87,74.31,107.26,120.81,111.08,108.74,69.49,151.06,41.04,41.44,72.73,59.8,149.73,73.06,78.48,106.16,138.65,80.48,91.55,121.88,129.55,126.2,145.35,46.17,38.1,110.15,68.78,96.66,65.85,33.09,74.07,57.38,27.97,100.72,126.97,67.46,94.17,161.58,117.76,87.86,85.46,99.9,117.1,81.49,75.45,40.12,122.13,125.64,67.35,98.47,81.97,80.18,38.83,121.15,69.62,78.85,84.57,72.48,69.12,178.22,151.76,146.9,125.66,99.1,118.61,157.52,143.27,81.96,86.24,104.82,106.45,125.87,119.45,115.4,123.22,118.59,103.23,117.78,115.62,97.82,92.62,96.42,95.8,124.3,111.45,107.39,103.31,133.15,120.26,115.22,81.41,176.76,153.13,220.9,222.12,212.43,204.61,199.69,187.93,188.17,182.7,76.08,62.92,81.42,82.08,65.04,47.63,43.96,61.1,65.21,51.31,47.2,60.36,28.05,37.39,46.68,98.28,91.68,76.08,66.3,91.44,107.75,86.86,58.73,63.81,49.47,65.92,59.29,77.73,71.21,66.76,75.23,83.19,80.49,89.63,87.76,39.39,33.17,20.05,40.8,47.24,87.6,92.08,87.0,90.52,41.44,49.77,58.24,53.51,42.9,19.69,16.23,7.38,20.71,0.0,66.68,113.55,143.68,38.17,43.11,24.31,34.21,65.4,70.1,54.26,56.93,46.24,66.28,60.98,49.66,121.1,113.24,100.47,105.82,135.83,134.94,134.17,137.5,143.64,158.93,165.68,87.68,89.47,86.23,100.17,96.45,92.13,94.47,94.69,91.28,163.67,148.57,154.0,173.89,158.37,168.38,174.45,175.96,190.23,104.24,144.72,124.26,91.52,96.34,116.91,103.16,103.21,104.38,140.31,149.98,160.25,166.19,142.94,147.92,159.86,183.65,146.56,156.4,164.47,172.77,179.47,190.3,180.63,178.81,94.34,100.75,109.95,111.59,123.62,116.82,207.46
147.28,118.99,175.01,73.57,147.76,118.71,104.04,128.44,79.77,23.32,68.56,65.37,116.81,104.65,169.52,98.01,89.46,183.09,59.6,128.89,67.43,35.1,67.95,100.2,116.55,59.28,128.35,57.51,119.83,62.53,50.13,112.98,45.3,123.29,203.82,163.02,58.01,135.51,165.78,117.15,100.09,103.9,159.06,146.12,48.75,60.74,76.59,122.82,48.61,107.56,109.39,95.39,70.5,134.85,88.97,51.47,86.52,61.36,102.6,145.57,127.34,15.52,79.58,110.89,36.69,75.09,75.02,220.11,55.38,179.14,98.31,166.38,59.39,54.44,82.13,86.16,206.86,62.49,68.35,155.89,213.43,59.11,91.84,132.88,94.14,102.16,169.0,86.88,167.83,33.66,18.42,85.33,191.51,66.44,23.78,62.15,23.81,177.92,183.74,66.22,47.28,96.06,108.85,129.68,102.92,73.19,108.79,167.44,117.48,166.21,114.83,42.13,73.18,62.16,86.64,91.39,115.62,51.22,70.87,99.75,87.59,122.77,124.96,187.03,41.23,96.9,198.9,157.92,200.25,46.62,70.84,146.5,193.29,83.58,163.91,40.78,187.23,100.8,120.03,38.32,92.22,150.93,137.27,48.08,158.12,96.83,143.69,163.73,87.83,175.22,99.72,173.64,76.11,132.92,62.41,75.96,169.69,83.59,135.89,187.33,36.28,34.53,68.55,66.35,115.37,64.31,103.14,101.98,92.12,139.08,150.16,180.49,84.7,91.84,181.62,56.74,39.98,85.67,85.64,155.27,124.36,43.72,96.98,48.62,42.62,84.47,92.61,118.1,152.78,202.61,88.92,146.46,144.07,158.5,82.74,140.1,134.06,50.75,87.77,91.28,125.96,157.08,140.57,138.78,27.9,86.79,92.53,137.46,143.18,105.93,102.57,214.6,188.15,190.24,166.69,140.13,159.64,193.78,179.54,122.99,143.51,163.43,165.06,184.48,178.06,174.01,181.83,177.19,161.84,176.39,174.23,156.42,151.23,155.03,154.41,182.9,170.06,166.07,161.92,191.76,178.87,156.25,110.89,217.79,194.16,261.93,263.15,253.46,245.64,240.72,228.96,229.2,223.73,92.94,84.1,86.8,87.46,134.12,114.02,110.36,109.0,71.77,63.66,86.52,91.54,94.45,103.78,90.4,139.31,132.71,117.11,107.33,132.47,148.78,127.89,99.76,104.84,90.5,67.85,50.53,74.94,73.13,58.01,66.47,74.44,71.74,80.87,79.01,62.32,56.1,56.07,63.73,88.27,78.85,83.32,78.24,81.76,50.52,32.12,49.49,48.75,33.85,60.72,53.94,59.3,47.42,66.68,0.0,89.2,109.34,62.77,67.71,53.72,58.82,90.0,94.7,78.86,81.53,70.84,62.07,56.77,45.44,76.18,68.33,55.56,60.91,100.29,99.4,99.83,103.16,109.3,124.59,131.33,83.46,85.25,83.88,124.77,121.05,116.73,103.99,95.63,88.39,129.33,114.23,119.66,139.55,124.03,134.04,140.1,141.62,155.89,56.6,97.08,103.04,43.87,48.69,69.26,81.07,69.42,70.59,95.39,105.07,115.33,121.28,107.4,113.58,125.51,149.31,111.02,122.05,130.13,138.43,145.13,155.96,146.29,144.47,90.13,96.54,105.74,107.38,119.4,112.6,173.12
152.08,172.99,179.81,33.65,156.49,62.73,48.06,72.46,65.54,65.88,18.17,69.44,121.61,48.67,174.32,165.44,22.55,187.89,127.04,133.55,48.68,72.37,32.86,44.22,60.57,126.71,175.89,69.62,123.57,66.59,92.56,57.0,84.52,127.96,225.18,167.81,47.6,79.52,170.58,61.17,44.11,108.7,163.86,150.92,87.98,60.69,18.34,66.84,116.04,112.35,114.19,64.55,35.41,139.65,156.4,55.83,48.6,25.35,46.62,89.59,132.14,75.04,84.37,54.91,104.12,60.86,142.45,255.33,122.81,199.21,125.81,171.17,80.26,121.87,66.33,13.2,242.08,72.67,27.1,160.69,248.65,76.17,37.02,76.9,38.16,106.96,173.8,117.23,172.63,101.1,85.85,90.12,218.64,41.99,91.21,54.39,71.21,204.94,188.54,55.11,95.57,40.08,52.87,149.78,107.71,77.99,52.81,172.23,61.5,171.01,119.63,81.35,23.82,66.22,10.52,96.19,164.1,68.27,19.88,104.54,56.76,127.56,129.63,191.83,67.04,101.7,226.04,162.72,233.19,69.11,57.26,151.29,220.43,88.37,168.71,108.21,214.36,44.81,64.04,105.75,37.4,155.72,147.54,115.51,162.91,42.01,145.78,168.53,31.85,180.02,43.73,197.9,29.43,137.72,27.4,31.01,174.49,5.2,140.55,214.47,75.5,101.96,135.98,80.52,59.38,44.88,170.58,137.21,48.31,143.88,154.96,185.28,53.86,35.85,208.76,73.79,79.2,7.44,90.43,160.07,129.16,82.94,101.78,68.21,110.06,17.56,36.62,122.9,157.57,237.83,19.65,151.26,148.87,163.3,26.76,144.9,138.86,83.41,31.79,35.3,130.76,161.87,145.37,143.58,95.33,30.81,97.33,142.25,147.97,110.73,107.37,241.62,215.17,210.31,203.47,194.14,211.45,220.92,206.67,157.33,152.9,168.22,169.86,189.28,182.86,178.81,186.62,181.99,166.64,181.18,179.03,161.22,156.03,159.83,159.2,187.7,174.85,170.8,166.72,196.56,183.67,185.2,115.69,253.01,230.37,297.15,298.37,288.68,280.86,275.94,264.18,264.42,258.95,97.74,88.9,91.6,92.26,148.8,125.87,128.7,113.8,85.94,87.53,115.25,96.33,133.18,122.12,112.94,168.26,173.49,171.12,177.08,186.48,202.78,181.9,167.19,172.27,157.93,75.24,57.87,79.0,76.99,57.96,60.83,63.32,52.98,69.76,65.43,93.27,87.29,94.14,94.68,155.7,36.29,40.77,34.5,35.08,89.74,65.29,61.76,87.98,101.28,128.15,121.38,126.73,114.86,113.55,89.2,0.0,53.18,130.21,135.14,121.15,126.25,157.43,162.14,146.29,148.96,138.27,129.5,124.2,112.87,41.09,23.06,37.07,34.01,45.32,44.44,43.67,46.99,53.14,68.43,75.17,150.89,152.68,151.31,192.2,188.48,184.17,156.82,163.06,155.82,73.16,58.06,63.5,83.39,67.87,77.87,83.94,85.46,99.73,84.47,105.72,72.06,58.73,63.55,72.49,45.98,61.66,63.22,64.42,74.09,71.43,77.37,52.43,57.42,69.35,93.15,56.05,65.89,73.97,82.27,88.97,99.8,90.13,88.31,140.41,134.36,134.94,123.16,147.96,143.03,116.96
182.21,203.13,209.94,43.46,186.62,25.41,19.69,49.64,75.35,86.02,49.06,99.57,151.74,11.35,204.45,185.58,52.68,218.02,147.18,163.69,78.81,102.5,47.8,42.16,26.25,146.86,206.03,99.75,153.7,96.73,122.69,19.68,114.65,158.1,255.31,197.95,77.73,70.62,200.71,35.9,39.61,138.83,193.99,181.05,118.11,90.83,40.05,44.02,136.19,142.49,144.32,74.37,53.78,169.78,160.95,85.96,58.41,56.24,19.86,72.0,162.27,95.18,114.51,17.59,124.26,70.68,147.32,285.46,142.95,229.34,155.95,201.31,110.39,142.01,96.46,36.79,272.21,102.81,41.45,190.82,278.78,106.3,46.83,69.21,27.85,137.09,203.93,147.36,202.76,121.24,105.99,120.26,248.78,72.13,111.36,72.77,91.36,235.07,218.67,85.24,125.7,38.01,15.55,179.92,137.85,108.12,24.44,202.37,38.68,201.14,149.76,111.48,36.16,96.35,50.31,126.32,194.23,98.4,50.77,134.68,66.57,157.7,159.76,221.96,97.18,131.83,256.17,192.85,263.32,99.24,87.39,181.43,250.56,118.5,198.84,128.35,244.5,13.4,56.35,125.9,40.06,185.86,177.68,135.65,193.05,48.1,175.92,198.66,31.52,210.15,15.36,228.03,59.57,167.85,47.55,40.82,204.62,45.12,170.69,244.6,105.64,122.11,140.85,110.65,22.07,75.01,179.27,147.03,58.13,174.01,185.09,215.42,63.68,33.79,238.89,103.92,109.34,49.65,120.57,190.2,159.29,113.07,131.91,98.34,130.2,47.69,20.01,153.03,187.71,267.96,31.27,181.39,179.0,193.43,30.68,175.03,168.99,113.54,26.04,23.54,160.89,192.01,175.5,173.71,115.48,27.09,127.46,172.39,178.1,140.86,137.5,271.75,245.3,240.44,233.61,224.27,241.58,251.05,236.81,187.47,183.03,198.36,199.99,219.41,212.99,208.94,216.76,212.12,196.77,211.32,209.16,191.35,186.16,189.96,189.34,217.83,204.99,200.93,196.85,226.69,213.8,215.34,145.82,283.14,260.5,327.28,328.5,318.81,311.0,306.07,294.31,294.56,289.09,127.87,119.03,121.73,122.39,178.93,156.0,158.83,143.93,116.07,117.66,145.38,126.46,163.31,152.26,143.07,198.39,203.62,201.25,207.22,216.61,232.92,212.03,187.34,192.41,178.07,105.37,88.01,109.13,107.13,88.1,90.97,93.45,83.11,99.89,95.56,123.4,117.42,124.27,124.81,175.84,66.42,70.9,64.63,65.21,119.87,95.42,91.89,118.11,121.43,148.3,141.52,146.87,135.0,143.68,109.34,53.18,0.0,148.84,153.78,139.79,144.89,176.07,180.77,164.93,167.6,156.91,148.14,142.84,131.51,57.96,52.0,55.71,52.64,48.67,48.1,24.55,31.19,37.34,32.97,39.72,160.04,154.03,154.71,192.44,188.72,193.05,165.27,172.21,164.97,44.96,29.86,35.29,55.18,39.66,49.67,48.49,70.87,87.49,92.92,114.18,80.51,75.6,80.42,80.94,62.85,76.99,71.67,72.87,79.47,82.5,85.77,63.51,51.54,56.41,87.27,57.37,60.01,68.09,76.39,83.09,78.51,61.92,60.1,148.86,142.82,143.39,131.61,156.41,151.49,100.3
126.56,90.48,154.29,114.58,119.25,159.72,145.05,169.45,112.44,64.33,109.57,105.15,113.66,145.66,148.8,35.88,130.47,162.37,59.33,100.38,107.22,74.88,108.96,141.21,157.55,30.77,99.85,89.87,91.33,97.42,54.26,153.98,60.28,94.79,175.32,142.3,97.79,176.51,145.06,158.16,141.1,88.09,138.34,122.94,62.56,100.52,117.6,163.83,18.99,110.06,111.05,136.4,111.51,117.83,26.84,91.25,127.52,102.36,143.61,186.57,100.12,56.53,104.99,151.9,40.82,117.11,40.47,191.6,7.9,150.63,69.8,145.65,81.34,47.6,121.92,127.17,178.35,94.85,109.36,135.17,184.92,86.85,132.85,173.89,135.15,104.67,148.28,80.08,147.11,33.94,46.06,111.48,163.0,106.22,39.94,92.1,64.82,149.41,150.64,106.0,51.42,137.06,149.86,101.17,94.71,99.34,149.8,146.72,158.49,145.49,106.82,65.94,114.19,101.94,127.64,103.43,87.11,91.0,111.88,110.51,128.6,115.33,96.45,152.18,81.01,95.92,170.39,137.2,171.74,86.41,110.62,127.71,164.79,109.72,143.19,38.07,158.72,141.8,161.03,33.4,133.22,130.21,108.76,15.84,137.4,137.84,115.18,143.01,128.84,154.5,140.72,145.13,115.9,112.2,103.41,116.97,148.97,124.6,107.38,158.82,72.07,37.6,47.8,94.09,156.37,104.09,41.02,81.23,133.13,120.77,129.44,147.38,125.7,132.84,153.11,80.46,69.13,126.67,106.67,134.55,103.73,65.66,111.96,88.4,24.13,125.48,133.61,105.34,132.06,174.1,129.93,125.74,123.35,137.78,123.75,119.38,113.34,72.69,128.78,132.29,105.24,136.36,119.85,118.06,34.99,127.8,107.5,116.74,122.45,110.37,107.01,186.1,159.64,161.73,138.19,111.63,131.13,165.28,151.03,94.48,115.01,142.71,144.34,163.76,157.34,153.29,161.1,156.47,141.12,155.67,153.51,135.7,130.51,131.85,126.56,162.18,149.34,137.56,141.2,157.61,158.15,127.75,119.3,189.28,165.66,233.42,234.64,224.95,217.14,212.21,200.45,200.7,195.23,113.97,100.8,112.21,112.87,105.62,85.52,81.85,98.98,99.5,85.6,85.08,98.25,65.94,75.27,84.57,110.8,104.2,88.61,78.83,103.97,120.27,99.38,71.25,76.33,61.99,100.21,90.31,114.72,105.5,97.79,106.25,114.22,111.52,120.66,118.79,75.1,68.88,57.94,76.51,59.76,118.63,123.11,118.02,121.54,60.1,73.12,89.27,58.42,39.06,19.46,25.44,30.79,18.92,38.17,62.77,130.21,148.84,0.0,11.76,14.84,20.15,27.94,32.64,15.39,19.47,7.37,53.38,56.99,45.67,117.11,109.26,96.48,101.84,141.21,140.32,140.76,144.08,150.23,165.52,172.26,59.89,64.54,48.77,62.7,58.99,54.67,57.01,57.22,53.82,170.25,155.15,160.58,180.48,164.95,174.96,181.03,182.55,196.81,93.49,147.43,113.5,87.53,92.35,106.15,99.17,99.22,100.39,136.32,145.99,156.26,162.21,148.32,154.5,166.44,190.23,151.94,162.98,171.05,179.35,186.06,196.88,187.21,185.39,69.42,75.83,85.03,86.67,98.69,81.56,214.04
131.5,95.42,159.23,119.52,124.19,164.65,149.99,174.38,108.6,69.26,114.51,110.09,118.6,150.6,153.74,32.05,135.4,167.31,55.5,105.32,112.15,79.82,113.89,146.15,162.49,35.71,104.78,94.81,96.26,102.36,59.2,158.92,65.21,99.73,180.25,147.23,102.73,181.45,150.0,163.09,146.03,93.03,143.28,127.88,67.5,105.46,122.53,168.76,23.26,115.0,115.99,122.15,116.45,122.77,23.01,96.18,125.54,107.3,148.55,191.51,105.06,61.46,109.92,156.83,45.76,113.27,36.63,196.54,19.26,155.57,74.74,150.59,86.27,52.54,126.85,132.11,183.29,99.79,114.29,140.11,189.86,91.79,137.78,178.83,140.09,109.6,153.22,85.02,152.04,38.87,51.0,116.41,167.94,111.16,44.88,97.04,69.75,154.35,155.57,110.94,56.35,142.0,154.8,106.11,99.65,104.28,154.73,151.65,163.43,150.43,111.76,70.87,119.13,106.88,132.58,108.37,92.05,95.94,116.82,115.45,123.69,120.27,101.39,157.12,85.95,100.86,175.33,142.14,176.68,91.34,115.56,132.65,169.72,114.66,148.13,43.01,163.66,146.74,165.97,38.34,138.16,135.14,113.7,20.78,142.33,142.77,120.12,147.95,133.78,159.44,145.66,150.07,120.83,117.14,108.35,121.9,153.9,129.54,112.32,163.76,77.0,42.54,43.97,99.02,161.31,109.02,37.18,77.4,131.14,125.71,134.38,152.32,122.69,137.78,158.05,85.4,74.07,131.61,111.61,139.49,108.67,70.6,116.89,93.34,29.06,130.41,138.55,110.28,136.99,179.04,134.86,130.68,128.29,142.72,128.69,124.32,118.28,77.63,133.72,137.23,110.18,141.29,124.79,123.0,39.93,132.73,112.44,121.67,127.39,115.31,111.94,191.03,164.58,166.67,143.12,116.56,136.07,170.22,155.97,99.42,119.94,147.64,149.28,168.7,162.28,158.23,166.04,161.41,146.06,160.6,158.45,140.64,135.45,136.78,131.49,167.12,154.27,142.5,146.13,162.55,163.09,132.68,124.23,194.22,170.59,238.36,239.58,229.89,222.07,217.15,205.39,205.63,200.16,118.91,105.74,117.15,117.81,110.56,90.45,86.79,103.92,104.44,90.54,90.02,103.19,70.88,80.21,89.5,115.74,109.14,93.54,83.76,108.9,125.21,104.32,76.19,81.27,66.93,105.15,95.25,119.65,110.43,102.73,111.19,119.15,116.46,125.59,123.72,80.04,73.82,62.88,81.45,64.7,123.56,128.04,122.96,126.48,65.03,78.06,94.21,63.35,44.0,37.15,30.37,35.73,23.85,43.11,67.71,135.14,153.78,11.76,0.0,22.82,10.2,24.1,28.8,12.96,15.63,4.94,49.55,61.57,50.75,122.19,114.34,101.57,106.92,146.29,145.41,145.84,149.16,155.31,170.6,177.34,56.06,60.7,44.94,58.87,55.15,50.83,53.17,53.39,49.98,175.33,160.23,165.67,185.56,170.03,180.04,186.11,187.63,201.89,89.65,143.59,109.67,92.61,97.43,102.31,104.25,104.3,105.48,130.33,131.83,142.1,148.05,153.4,159.59,171.52,195.31,157.02,168.06,176.14,184.44,191.14,201.97,192.3,190.48,65.58,71.99,81.19,82.83,94.86,77.73,235.87
112.7,66.8,138.83,105.53,95.57,150.66,136.0,160.4,100.66,55.27,100.52,96.1,99.8,136.61,133.34,53.06,121.41,146.91,50.89,86.52,98.16,65.83,99.9,132.16,148.5,12.83,76.17,80.82,77.47,88.37,45.21,144.93,51.23,80.93,151.64,128.44,88.74,167.46,131.2,149.1,132.04,74.23,122.88,99.27,53.51,91.47,108.54,154.77,9.94,96.2,97.19,127.34,102.46,94.16,44.02,82.2,118.47,93.31,134.56,177.52,86.26,47.47,95.94,142.84,31.77,95.99,57.64,167.92,7.53,126.95,55.94,131.8,72.28,38.55,112.86,118.12,154.68,85.8,100.3,121.31,161.25,77.8,123.79,164.84,126.1,90.81,134.42,66.22,133.25,24.88,37.01,102.42,139.33,97.17,30.89,83.05,55.77,125.74,126.96,96.95,42.36,128.01,140.81,77.5,80.86,90.29,140.74,132.86,149.44,131.64,92.96,56.88,105.14,92.89,118.59,89.57,63.44,81.95,102.83,96.65,119.55,101.48,82.6,128.51,71.96,82.06,146.72,123.34,148.07,77.35,101.57,104.04,141.11,100.67,127.73,29.02,135.05,132.75,151.98,24.35,124.17,114.75,85.09,6.79,123.54,128.78,91.51,129.15,119.79,139.04,131.67,121.46,106.84,99.63,94.36,107.91,129.14,115.55,93.52,135.15,63.02,28.55,59.84,85.03,147.32,95.04,58.19,93.26,124.08,97.1,116.4,123.71,116.65,123.79,129.44,71.41,60.08,117.62,92.81,119.09,89.88,56.61,98.1,79.35,15.07,116.42,124.56,91.48,118.2,150.43,120.87,112.71,109.49,122.32,114.7,105.52,99.48,63.64,119.73,123.24,91.38,122.5,102.6,104.2,25.94,118.74,93.65,102.88,108.6,96.51,93.15,162.42,135.97,138.05,114.51,87.95,107.45,141.6,127.36,70.81,91.33,128.85,130.48,148.3,141.88,137.83,141.28,136.65,125.66,135.84,133.69,114.45,109.25,108.17,102.88,146.72,133.88,113.89,119.94,133.94,142.69,104.07,105.44,165.61,141.98,209.75,210.97,201.28,193.46,188.54,176.78,177.02,171.55,100.11,86.95,103.16,103.82,81.94,71.66,67.99,85.13,90.45,76.55,71.22,84.39,52.08,61.42,70.71,87.13,80.53,64.93,55.15,80.29,96.6,75.71,47.58,52.66,38.32,91.16,81.26,105.66,96.44,88.74,97.2,105.17,102.47,111.6,109.74,66.05,59.83,44.08,67.46,36.09,109.58,114.05,108.97,112.49,51.04,64.07,80.22,49.36,30.01,4.62,16.38,16.93,9.86,24.31,53.72,121.15,139.79,14.84,22.82,0.0,13.93,45.11,49.81,29.83,36.64,21.81,53.24,47.94,36.62,108.05,100.2,87.43,92.78,132.16,131.27,131.7,135.03,141.17,156.46,163.21,74.63,76.43,65.95,79.88,76.16,71.84,74.18,74.4,70.99,161.2,146.1,151.53,171.42,155.9,165.91,171.98,173.49,187.76,91.2,131.68,111.22,78.48,83.3,103.87,90.12,90.17,91.34,127.27,136.94,147.21,153.15,139.27,145.45,157.39,181.18,142.89,153.93,162.0,170.3,177.0,187.83,178.16,176.34,81.3,87.71,96.91,98.55,110.58,98.74,204.99
122.6,86.52,150.33,110.62,115.29,155.76,141.1,165.49,116.99,60.37,105.61,101.2,109.7,141.7,144.85,40.44,126.51,158.42,55.98,96.42,103.26,70.93,105.0,137.26,153.6,26.82,95.89,85.92,87.37,93.46,50.31,150.03,56.32,90.83,171.36,138.34,93.83,172.56,141.11,154.2,137.14,84.13,134.39,118.98,58.6,96.56,113.64,159.87,14.37,106.11,107.1,132.44,107.55,113.88,31.4,87.29,123.57,98.41,139.65,182.62,96.17,52.57,101.03,147.94,36.87,101.08,45.03,187.64,15.67,146.67,65.85,141.7,77.38,43.64,117.96,123.21,174.4,90.9,105.4,131.21,180.96,82.9,128.89,169.93,131.2,100.71,144.33,76.12,143.15,29.98,42.11,107.52,159.04,102.27,35.98,88.14,60.86,145.46,146.68,102.05,47.46,133.11,145.9,97.22,90.76,95.39,145.84,142.76,154.53,141.54,102.86,61.98,110.24,97.98,123.69,99.47,83.16,87.04,107.92,106.55,124.64,111.38,92.5,148.22,77.05,91.97,166.44,133.24,167.79,82.45,106.67,123.76,160.83,105.77,139.24,34.11,154.77,137.85,157.08,29.45,129.27,126.25,104.8,11.88,133.44,133.88,111.23,139.06,124.88,150.54,136.77,141.17,111.94,108.25,99.46,113.01,145.01,120.64,103.42,154.87,68.11,33.64,52.36,90.13,152.42,100.13,45.57,85.79,129.17,116.82,125.49,143.43,121.75,128.89,149.16,76.51,65.17,122.72,102.71,130.59,99.78,61.71,108.0,84.45,20.17,121.52,129.66,101.39,128.1,170.14,125.97,121.79,119.4,133.83,119.79,115.42,109.38,68.74,124.82,128.33,101.29,132.4,115.9,114.11,31.03,123.84,103.55,112.78,118.5,106.41,103.05,182.14,155.69,157.77,134.23,107.67,127.17,161.32,147.08,90.53,111.05,138.75,140.38,159.8,153.38,149.33,157.15,152.52,137.17,151.71,149.55,131.75,126.55,127.89,122.6,158.23,145.38,133.61,137.24,153.65,154.2,123.79,115.34,185.33,161.7,229.47,230.69,220.99,213.18,208.26,196.49,196.74,191.27,110.02,96.85,108.26,108.92,101.66,81.56,77.89,95.03,95.55,81.65,81.13,94.29,61.99,71.32,80.61,106.84,100.25,84.65,74.87,100.01,116.31,95.43,67.3,72.37,58.03,96.26,86.36,110.76,101.54,93.84,102.3,110.26,107.56,116.7,114.83,71.15,64.92,53.99,72.56,55.8,114.67,119.15,114.07,117.59,56.14,69.17,85.31,54.46,35.1,28.26,21.48,26.83,14.96,34.21,58.82,126.25,144.89,20.15,10.2,13.93,0.0,32.49,37.2,21.35,24.02,13.33,57.94,53.18,41.86,113.3,105.45,92.67,98.03,137.4,136.51,136.94,140.27,146.42,161.71,168.45,64.45,69.1,53.33,67.26,63.54,59.23,61.56,61.78,58.37,166.44,151.34,156.77,176.67,161.14,171.15,177.22,178.73,193.0,98.04,151.98,118.06,83.72,88.54,110.71,95.36,95.41,96.58,132.51,142.18,152.45,158.4,144.51,150.69,162.63,186.42,148.13,159.17,167.24,175.54,182.24,193.07,183.4,181.58,73.97,80.38,89.59,91.23,103.25,86.12,210.23
153.79,117.71,181.52,141.81,146.48,186.94,172.28,196.68,91.97,91.55,136.8,132.38,140.89,172.89,176.03,14.04,157.69,189.6,38.87,127.61,134.44,102.11,136.18,168.44,184.78,58.0,127.07,117.1,118.55,124.65,81.49,181.21,87.51,122.02,202.54,169.52,125.02,162.82,172.29,185.38,168.32,115.32,165.57,150.17,89.79,127.75,144.82,157.18,45.55,137.29,138.28,105.52,112.56,145.06,6.38,118.48,108.91,129.59,170.84,172.88,127.35,83.75,132.22,179.12,68.05,96.65,20.01,218.83,35.44,177.86,97.03,172.88,108.56,45.55,149.14,154.4,205.58,122.08,136.58,162.4,212.15,114.08,120.49,160.19,162.38,131.89,175.51,107.31,174.34,61.16,73.29,138.7,190.23,133.45,67.17,96.86,92.05,176.64,177.86,133.23,78.64,164.29,177.09,128.4,121.94,126.57,177.02,173.94,185.72,172.72,134.05,93.16,141.42,129.17,154.87,130.66,114.34,118.23,139.11,137.74,107.06,142.56,123.68,179.41,108.24,123.15,197.62,164.43,198.97,113.63,137.85,154.94,192.01,136.95,170.42,55.7,185.95,169.03,147.34,60.63,126.5,157.43,135.99,43.07,164.62,123.78,142.41,170.24,156.07,181.73,167.95,172.36,143.12,139.43,130.64,144.19,176.2,151.83,134.61,186.05,99.29,64.83,27.34,121.31,183.6,131.32,19.17,59.9,114.52,148.0,156.67,174.61,106.07,160.07,180.34,107.69,96.36,153.9,133.9,161.78,130.96,92.89,139.19,115.63,51.35,152.7,160.84,132.57,159.28,201.33,157.15,152.97,150.58,165.01,150.98,146.61,140.57,99.92,156.01,159.52,132.47,163.58,147.08,145.29,62.22,155.02,134.73,143.96,149.68,137.6,134.24,213.32,186.87,188.96,165.41,138.86,158.36,192.51,178.26,121.71,142.23,169.93,171.57,190.99,184.57,180.52,188.33,183.7,168.35,182.89,180.74,162.93,157.74,159.07,153.79,189.41,176.56,164.79,168.43,184.84,185.38,154.97,146.52,216.51,192.88,260.65,261.87,252.18,244.36,239.44,227.68,227.92,222.45,141.2,128.03,139.44,140.1,132.85,112.74,109.08,126.21,126.73,112.83,112.31,125.48,93.17,102.5,111.8,138.03,131.43,115.83,106.05,131.19,147.5,126.61,98.48,103.56,89.22,127.44,117.54,141.94,132.72,125.02,133.48,141.45,138.75,147.88,146.02,102.33,96.11,85.17,103.74,86.99,145.86,150.33,145.25,148.77,87.32,100.35,116.5,85.64,66.29,59.44,52.66,58.02,46.14,65.4,90.0,157.43,176.07,27.94,24.1,45.11,32.49,0.0,8.33,13.97,8.98,21.12,32.92,44.94,49.55,109.81,136.63,123.86,129.21,125.79,133.68,168.13,171.45,177.6,192.89,199.63,38.05,43.2,28.31,40.86,37.14,20.85,35.16,35.38,31.97,158.65,182.52,187.96,172.37,192.32,202.33,208.4,209.92,230.85,73.02,124.3,93.04,92.43,97.25,85.69,104.07,106.47,101.15,113.7,115.2,125.47,131.42,132.9,145.99,152.76,176.56,136.52,144.13,157.38,165.68,172.38,183.21,180.89,185.71,48.08,54.49,61.91,63.55,75.57,59.72,216.59
158.49,122.41,186.22,146.51,151.18,191.65,176.98,201.38,96.67,96.26,141.5,137.08,145.59,177.59,180.73,12.18,162.4,194.3,43.57,132.31,139.15,106.81,140.89,173.14,189.48,62.7,131.78,121.8,123.26,129.35,86.19,185.91,92.21,126.72,207.25,174.23,129.72,167.52,176.99,190.09,173.03,120.02,170.27,154.87,94.49,132.45,149.53,161.88,50.26,141.99,142.98,110.23,117.26,149.76,11.08,123.18,113.61,134.29,175.54,177.58,132.05,88.46,136.92,183.83,72.75,101.35,24.71,223.53,40.14,182.56,101.73,177.58,113.27,50.25,153.85,159.1,210.28,126.78,141.29,167.1,216.85,118.78,125.19,164.9,167.08,136.6,180.21,112.01,179.04,65.87,77.99,143.41,194.93,138.15,71.87,101.56,96.75,181.34,182.57,137.93,83.35,168.99,181.79,133.1,126.64,131.27,181.73,178.65,190.42,177.42,138.75,97.86,146.12,133.87,159.57,135.36,119.04,122.93,143.81,142.44,111.76,147.26,128.38,184.11,112.94,127.85,202.32,169.13,203.67,118.34,142.55,159.64,196.72,141.65,175.12,60.4,190.65,173.73,152.04,65.33,131.2,162.14,140.69,47.77,169.33,128.48,147.11,174.94,160.77,186.43,172.65,177.06,147.83,144.13,135.34,148.9,180.9,156.53,139.31,190.75,104.0,69.53,32.04,126.02,188.3,136.02,10.46,51.18,119.22,152.7,161.37,179.31,110.77,164.77,185.04,112.39,101.06,158.6,138.6,166.48,135.66,97.59,143.89,120.33,56.06,157.41,165.54,137.27,163.99,206.03,161.86,157.67,155.28,169.71,155.68,151.31,145.27,104.62,160.71,164.22,137.17,168.29,151.78,149.99,66.92,159.73,139.43,148.67,154.38,142.3,138.94,218.02,191.57,193.66,170.12,143.56,163.06,197.21,182.96,126.41,146.94,174.63,176.27,195.69,189.27,185.22,193.03,188.4,173.05,187.6,185.44,167.63,162.44,163.78,158.49,194.11,181.27,169.49,173.13,189.54,190.08,159.68,151.23,221.21,197.59,259.29,238.86,256.88,249.07,244.14,232.38,232.63,227.16,145.9,132.73,144.14,144.8,137.55,117.45,113.78,130.91,131.43,117.53,117.01,130.18,97.87,107.2,116.5,142.73,136.13,120.54,110.76,135.89,152.2,131.31,103.18,108.26,93.92,132.14,122.24,146.65,137.43,129.72,138.18,146.15,143.45,152.59,150.72,107.03,100.81,89.87,108.44,91.69,150.56,155.04,149.95,153.47,92.03,105.05,121.2,90.35,70.99,64.14,57.37,62.72,50.85,70.1,94.7,162.14,180.77,32.64,28.8,49.81,37.2,8.33,0.0,18.67,13.68,25.82,37.62,49.64,54.25,114.51,141.33,128.56,133.91,130.49,138.38,172.83,176.15,182.3,197.59,204.33,29.34,34.49,26.15,32.15,28.43,20.74,26.45,26.67,23.26,163.35,187.22,192.66,177.07,197.03,207.03,213.1,214.62,222.14,77.72,115.59,97.74,97.13,101.96,90.39,108.77,111.17,105.85,118.4,119.9,130.17,136.12,137.6,150.69,157.46,200.43,141.22,148.83,162.08,170.38,196.26,207.08,185.59,190.41,39.37,45.78,53.19,54.83,66.86,51.0,207.87
142.65,106.57,170.37,130.67,135.34,175.8,161.14,185.53,100.66,80.41,125.66,121.24,129.74,161.75,164.89,24.11,146.55,178.46,47.56,116.47,123.3,90.97,125.04,157.3,173.64,46.86,115.93,105.96,107.41,113.51,70.35,170.07,76.36,110.87,191.4,158.38,113.88,192.6,161.15,174.24,157.18,104.18,154.43,139.03,78.65,116.61,133.68,179.91,34.41,126.15,127.14,114.21,127.6,133.92,15.07,107.33,117.6,118.45,159.7,202.66,116.21,72.61,121.07,167.98,56.91,105.34,28.7,207.69,22.89,166.72,85.89,161.74,97.42,54.24,138.0,143.25,194.44,110.94,125.44,151.26,201.01,102.94,129.18,189.97,151.24,120.75,164.37,96.17,163.19,50.02,62.15,127.56,179.09,122.31,56.03,105.55,80.9,165.5,166.72,122.09,67.5,153.15,165.95,117.26,110.8,115.43,165.88,162.8,174.58,161.58,122.91,82.02,130.28,118.03,143.73,119.52,103.2,107.09,127.97,126.6,115.75,131.42,112.54,168.27,97.1,112.01,186.48,153.29,187.83,102.49,126.71,143.8,180.87,125.81,159.28,54.16,174.81,157.89,177.12,49.49,149.31,146.29,124.85,31.93,153.48,132.47,131.27,159.1,144.92,170.59,156.81,161.22,131.98,128.29,119.5,133.05,165.05,140.69,123.47,174.91,88.15,53.69,36.03,110.17,172.46,120.17,29.24,69.46,123.21,136.86,145.53,163.47,114.76,148.93,169.2,96.55,85.22,142.76,122.76,150.64,119.82,81.75,128.04,104.49,40.21,141.56,149.7,121.43,148.14,190.19,146.01,141.83,139.44,153.87,139.84,135.47,129.43,88.78,144.87,148.38,121.33,152.44,135.94,134.15,51.08,143.88,123.59,132.82,138.54,126.46,123.09,202.18,175.73,177.82,154.27,127.71,147.22,181.36,167.12,110.57,131.09,158.79,160.43,179.84,173.43,169.38,177.19,172.56,157.21,171.75,169.6,151.79,146.6,147.93,142.64,178.27,165.42,153.65,157.28,173.7,174.24,143.83,135.38,205.37,181.74,249.51,250.73,241.04,233.22,228.3,216.54,216.78,211.31,130.06,116.89,128.3,128.96,121.7,101.6,97.94,115.07,115.59,101.69,101.17,114.34,82.03,91.36,100.65,126.89,120.29,104.69,94.91,120.05,136.36,115.47,87.34,92.42,78.08,116.3,106.4,130.8,121.58,113.88,122.34,130.3,127.6,136.74,134.87,91.19,84.97,74.03,92.6,75.85,134.71,139.19,134.11,137.63,76.18,89.21,105.36,74.5,55.15,34.45,41.52,46.88,35.0,54.26,78.86,146.29,164.93,15.39,12.96,29.83,21.35,13.97,18.67,0.0,7.69,8.02,41.61,53.63,58.24,133.34,125.49,112.72,118.07,134.48,156.56,156.99,160.31,166.46,181.75,188.49,48.12,52.77,37.0,50.93,47.21,42.9,45.23,45.45,42.04,186.48,171.38,176.82,196.71,181.18,191.19,197.26,198.78,213.04,81.71,135.65,101.73,101.12,105.94,94.38,112.76,115.16,109.84,122.39,123.89,134.16,140.11,141.59,170.74,182.67,206.46,145.21,152.82,187.29,195.59,202.29,213.12,203.45,201.63,57.64,64.05,73.26,74.89,86.92,69.79,227.93
145.32,109.24,173.04,133.34,138.01,178.47,163.81,188.2,93.48,83.08,128.33,123.91,132.41,164.42,167.56,16.92,149.22,181.13,40.37,119.14,125.97,93.64,127.71,159.97,176.31,49.53,118.6,108.63,110.08,116.18,73.02,172.74,79.03,113.54,194.07,161.05,116.55,164.32,163.82,176.91,159.85,106.85,157.1,141.7,81.32,119.28,136.35,182.58,37.08,128.82,129.81,107.03,130.27,136.59,7.88,110.0,110.41,121.12,162.37,174.38,118.88,75.28,123.74,170.65,59.58,98.15,21.51,210.36,26.97,169.39,88.56,164.41,100.09,47.05,140.67,145.92,197.11,113.61,128.11,153.93,203.68,105.61,121.99,161.7,153.91,123.42,167.04,98.84,165.86,52.69,64.82,130.23,181.76,124.98,58.7,98.36,83.57,168.17,169.39,124.76,70.17,155.82,168.62,119.93,113.47,118.1,168.55,165.47,177.25,164.25,125.58,84.69,132.95,120.7,146.4,122.19,105.87,109.76,130.64,129.27,108.56,134.09,115.21,170.94,99.77,114.68,189.15,155.96,190.5,105.16,129.38,146.47,183.54,128.48,161.95,56.83,177.48,160.56,148.84,52.16,128.0,148.96,127.52,34.6,156.15,125.28,133.94,161.77,147.59,173.26,159.48,163.89,134.65,130.96,122.17,135.72,167.72,143.36,126.14,177.58,90.82,56.36,28.85,112.84,175.13,122.84,22.06,62.27,116.02,139.53,148.2,166.14,107.57,151.6,171.87,99.22,87.88,145.43,125.43,153.31,122.49,84.42,130.71,107.16,42.88,144.23,152.37,124.1,150.81,192.86,148.68,144.5,142.11,156.54,142.51,138.14,132.1,91.45,147.54,151.05,124.0,155.11,138.61,136.82,53.75,146.55,126.26,135.49,141.21,129.13,125.76,204.85,178.4,180.49,156.94,130.38,149.89,184.03,169.79,113.24,133.76,161.46,163.1,182.51,176.09,172.05,179.86,175.23,159.88,174.42,172.27,154.46,149.27,150.6,145.31,180.94,168.09,156.32,159.95,176.37,176.91,146.5,138.05,208.04,184.41,252.18,253.4,243.71,235.89,230.97,219.21,219.45,213.98,132.73,119.56,130.97,131.63,124.37,104.27,100.61,117.74,118.26,104.36,103.84,117.0,84.7,94.03,103.32,129.56,122.96,107.36,97.58,122.72,139.03,118.14,90.01,95.09,80.75,118.97,109.07,133.47,124.25,116.55,125.01,132.97,130.27,139.41,137.54,93.86,87.64,76.7,95.27,78.52,137.38,141.86,136.78,140.3,78.85,91.88,108.02,77.17,57.82,50.97,44.19,49.55,37.67,56.93,81.53,148.96,167.6,19.47,15.63,36.64,24.02,8.98,13.68,7.69,0.0,12.65,34.42,46.45,51.05,111.31,128.16,115.38,120.74,127.29,135.18,159.66,162.98,169.13,184.42,191.16,40.93,45.58,29.81,43.75,40.03,35.71,38.05,38.27,34.86,160.15,174.05,179.49,173.87,183.85,193.86,199.93,201.45,235.01,74.53,128.47,94.54,93.94,98.76,87.19,105.57,107.97,102.65,115.21,116.71,126.97,132.92,134.4,147.49,154.26,178.06,138.02,145.63,158.88,167.18,173.88,184.71,182.4,204.3,50.46,56.87,66.07,67.71,79.73,62.6,220.75
134.63,98.55,162.36,122.65,127.32,167.78,153.12,177.51,105.62,72.39,117.64,113.22,121.73,153.73,156.87,29.07,138.53,170.44,52.51,108.45,115.28,82.95,117.02,149.28,165.62,38.84,107.91,97.94,99.39,105.49,62.33,162.05,68.34,102.86,183.38,150.36,105.86,184.58,153.13,166.22,149.16,96.16,146.41,131.01,70.63,108.59,125.66,171.89,26.39,118.13,119.12,119.17,119.58,125.9,20.03,99.31,122.56,110.43,151.68,194.64,108.19,64.59,113.06,159.96,48.89,110.29,33.65,199.67,14.87,158.7,77.87,153.72,89.4,59.2,129.98,135.24,186.42,102.92,117.42,143.24,192.99,94.92,140.91,181.96,143.22,112.73,156.35,88.15,155.17,42.0,54.13,119.54,171.07,114.29,48.01,100.17,72.88,157.48,158.7,114.07,59.48,145.13,157.93,109.24,102.78,107.41,157.86,154.78,166.56,153.56,114.89,74.0,122.26,110.01,135.71,111.5,95.18,99.07,119.95,118.58,120.7,123.4,104.52,160.25,89.08,103.99,178.46,145.27,179.81,94.47,118.69,135.78,172.85,117.79,151.26,46.14,166.79,149.87,169.1,41.47,141.29,138.27,116.83,23.91,145.46,145.9,123.25,151.08,136.91,162.57,148.79,153.2,123.96,120.27,111.48,125.03,157.03,132.67,115.45,166.89,80.13,45.67,40.99,102.15,164.44,112.16,34.2,74.42,128.16,128.84,137.51,155.45,119.71,140.91,161.18,88.53,77.2,134.74,114.74,142.62,111.8,73.73,120.02,96.47,32.19,133.54,141.68,113.41,140.12,182.17,137.99,133.81,131.42,145.85,131.82,127.45,121.41,80.76,136.85,140.36,113.31,144.42,127.92,126.13,43.06,135.86,115.57,124.8,130.52,118.44,115.07,194.16,167.71,169.8,146.25,119.69,139.2,173.35,159.1,102.55,123.07,150.77,152.41,171.82,165.41,161.36,169.17,164.54,149.19,163.73,161.58,143.77,138.58,139.91,134.62,170.25,157.4,145.63,149.26,165.68,166.22,135.81,127.36,197.35,173.72,241.49,242.71,233.02,225.2,220.28,208.52,208.76,203.29,122.04,108.87,120.28,120.94,113.69,93.58,89.92,107.05,107.57,93.67,93.15,106.32,74.01,83.34,92.63,118.87,112.27,96.67,86.89,112.03,128.34,107.45,79.32,84.4,70.06,108.28,98.38,122.78,113.56,105.86,114.32,122.28,119.59,128.72,126.85,83.17,76.95,66.01,84.58,67.83,126.69,131.17,126.09,129.61,68.16,81.19,97.34,66.48,47.13,26.43,33.5,38.86,26.98,46.24,70.84,138.27,156.91,7.37,4.94,21.81,13.33,21.12,25.82,8.02,12.65,0.0,46.57,58.59,53.88,125.32,117.47,104.7,110.05,149.42,148.54,148.97,152.29,158.44,173.73,180.47,53.08,57.72,41.96,55.89,52.17,47.85,50.19,50.41,47.0,178.46,163.36,168.8,188.69,173.16,183.17,189.24,190.76,205.02,86.67,140.61,106.68,95.74,100.56,99.33,107.38,107.43,114.79,127.35,128.85,139.12,145.06,156.53,162.72,174.65,198.44,160.15,171.19,179.27,187.57,194.27,205.1,195.43,193.61,62.6,69.01,78.21,79.85,91.88,74.74,232.89
154.67,118.59,182.4,91.32,147.36,159.01,144.34,168.74,71.08,63.62,108.86,105.67,141.77,144.95,176.92,40.87,129.76,190.48,5.95,128.49,107.74,75.4,85.7,140.51,156.85,58.89,127.96,91.33,119.44,102.83,55.72,153.28,61.73,122.9,203.43,170.41,98.31,141.93,173.18,157.45,140.39,116.2,166.45,151.05,64.02,101.04,116.89,136.29,44.66,135.16,137.0,84.63,79.64,145.95,26.54,91.77,88.02,101.66,142.9,151.99,128.24,55.82,106.44,151.19,42.28,75.75,12.91,219.71,54.98,178.74,97.91,173.77,82.79,12.63,122.44,126.46,206.46,96.31,108.65,163.28,213.03,88.31,99.6,139.3,134.45,129.77,176.39,108.19,175.22,35.4,45.36,112.93,191.11,106.74,39.23,63.94,64.11,177.53,178.75,106.52,52.87,136.36,149.15,129.28,122.83,100.8,149.09,174.83,157.78,173.61,134.93,67.39,113.49,102.46,126.94,119.0,115.22,91.52,111.17,127.35,86.17,143.45,124.57,180.29,81.53,124.03,198.51,165.31,199.86,86.92,111.14,155.82,192.9,111.18,171.3,22.78,186.83,141.1,126.45,31.78,105.6,158.32,136.87,47.68,165.51,102.88,143.3,171.12,128.13,182.61,140.02,173.24,116.42,140.31,102.71,116.26,177.08,123.89,135.49,186.94,73.52,40.31,6.45,95.54,155.67,104.61,39.12,39.88,93.62,148.89,157.55,175.49,85.17,132.14,181.23,81.92,70.59,125.97,113.24,162.66,131.85,67.12,124.59,88.92,39.58,124.77,132.91,133.46,160.17,202.21,129.22,153.86,151.46,165.9,123.04,147.49,141.45,74.15,128.07,131.58,133.35,164.47,147.96,146.18,34.28,127.09,120.14,144.85,150.57,133.54,130.18,214.21,187.76,189.84,166.3,139.74,159.24,193.39,179.14,122.6,143.12,170.82,172.45,191.87,185.45,181.4,189.22,184.59,169.23,183.78,181.62,163.82,158.62,159.96,154.67,190.3,177.45,165.67,169.31,185.72,186.26,155.86,138.5,217.39,193.77,261.54,262.75,253.06,245.25,240.33,228.56,228.81,223.34,120.55,110.97,113.67,114.33,133.73,113.63,109.96,127.1,100.96,87.06,113.19,119.14,94.05,103.39,112.68,138.91,132.32,116.72,106.94,132.08,148.38,127.5,99.37,104.44,90.1,101.67,90.83,115.24,106.95,98.31,106.77,114.74,112.04,121.18,119.31,76.56,70.34,61.66,77.97,87.87,119.15,123.62,118.54,122.06,61.55,72.42,89.79,59.87,29.37,60.33,53.55,58.9,47.03,66.28,62.07,129.5,148.14,53.38,49.55,53.24,57.94,32.92,37.62,41.61,34.42,46.57,0.0,12.02,16.63,76.88,108.67,95.9,101.25,104.89,112.79,140.17,143.49,149.64,164.93,171.67,21.39,23.18,21.81,62.79,59.07,56.18,41.92,33.56,26.32,137.76,154.56,160.0,151.47,164.36,174.37,180.44,181.96,212.62,52.13,106.07,72.15,59.51,64.33,64.79,71.15,71.2,72.38,92.81,94.31,104.58,110.52,112.0,125.09,131.87,155.66,115.62,123.23,136.48,144.78,151.48,162.31,160.0,164.82,28.06,34.47,43.67,45.31,57.34,50.54,198.35
149.37,113.29,177.1,86.02,142.06,153.71,139.04,163.44,83.1,58.32,103.56,100.37,136.47,139.65,171.62,52.89,124.46,185.18,9.52,123.19,102.44,70.1,80.4,135.21,151.55,53.59,122.66,86.03,114.14,97.53,50.42,147.98,56.43,117.6,198.13,165.11,93.01,135.75,167.88,152.15,135.09,110.9,161.15,145.75,58.72,95.74,111.59,157.82,39.36,129.86,131.7,86.62,74.34,140.65,38.56,86.47,81.84,96.36,137.6,145.81,122.94,50.52,101.14,145.89,36.98,71.58,24.94,214.41,49.68,173.44,92.62,168.47,77.49,7.95,117.14,121.16,201.16,91.01,103.35,157.98,207.73,83.01,93.42,133.12,129.15,124.47,171.09,102.89,169.92,30.1,40.06,107.63,185.81,101.44,33.93,58.64,58.81,172.23,173.45,101.22,47.57,131.06,143.85,123.98,117.53,95.5,143.79,169.53,152.48,168.31,129.63,62.09,108.19,97.16,121.64,113.7,109.92,86.22,105.87,122.05,79.98,138.15,119.27,174.99,76.23,118.73,193.21,160.01,194.56,81.62,105.84,150.52,187.6,105.88,166.0,17.48,181.53,135.8,120.26,26.48,99.42,153.02,131.57,42.38,160.21,96.7,138.0,165.82,122.83,177.31,134.72,167.94,111.12,135.01,97.41,110.96,171.78,118.59,130.19,181.64,68.22,35.01,18.47,90.24,150.37,99.31,51.14,51.9,87.44,143.59,152.25,170.2,78.99,126.84,175.93,76.62,65.29,120.67,107.94,157.36,126.55,61.82,119.29,83.62,34.28,119.47,127.61,128.16,154.87,196.91,123.92,148.56,146.16,160.6,117.74,142.19,136.15,68.85,122.77,126.28,128.05,159.17,142.66,140.88,28.98,121.79,114.84,139.55,145.27,128.24,124.88,208.91,182.46,184.54,161.0,134.44,153.94,188.09,173.84,117.3,137.82,165.52,167.15,186.57,180.15,176.1,183.92,179.29,163.93,178.48,176.32,158.52,153.32,154.66,149.37,185.0,172.15,160.37,164.01,180.42,180.96,150.56,133.2,212.09,188.47,256.24,257.45,247.76,239.95,235.03,223.26,223.51,218.04,115.25,105.67,108.37,109.03,128.43,108.33,104.66,121.8,95.66,81.76,107.9,113.84,88.75,98.09,107.38,133.61,127.02,111.42,101.64,126.78,143.08,122.2,94.07,99.14,84.8,96.37,85.53,109.94,101.65,93.01,101.47,109.44,106.74,115.88,114.01,71.26,65.04,56.36,72.67,82.57,113.85,118.32,113.24,116.76,56.25,67.12,84.49,54.57,24.07,55.03,48.25,53.6,41.73,60.98,56.77,124.2,142.84,56.99,61.57,47.94,53.18,44.94,49.64,53.63,46.45,58.59,12.02,0.0,11.33,71.58,103.37,90.6,95.95,98.71,106.61,134.87,138.19,144.34,159.63,166.37,33.41,35.2,33.83,74.81,71.09,68.21,53.94,45.58,38.34,131.58,149.26,154.7,145.29,159.06,169.07,175.14,176.66,190.92,64.15,118.09,84.17,54.21,59.03,76.81,65.85,65.9,67.08,86.63,96.3,106.57,112.52,105.82,118.91,125.69,149.48,109.44,117.05,130.3,138.6,145.3,156.13,181.33,179.51,40.08,46.49,55.69,57.33,69.36,62.56,210.37
138.05,101.96,165.77,74.7,130.73,142.38,127.72,152.11,64.92,46.99,92.24,89.05,125.14,128.33,160.29,57.49,113.13,173.86,14.13,111.86,91.11,58.78,69.07,123.88,140.22,42.26,111.33,74.7,102.81,86.21,39.09,136.65,45.11,106.27,186.8,153.78,81.68,124.42,156.55,140.82,123.76,99.57,149.83,134.42,47.39,84.41,100.26,146.49,28.03,118.54,120.37,75.29,63.01,129.32,43.17,75.14,70.51,85.03,126.28,134.48,111.61,39.19,89.82,134.56,25.65,60.25,29.54,203.08,38.35,162.11,81.29,157.14,66.17,12.04,105.81,109.83,189.84,79.68,92.02,146.65,196.4,71.68,82.09,121.79,117.82,113.14,159.77,91.56,158.59,18.77,28.73,96.31,174.49,90.12,22.61,47.31,47.48,160.9,162.12,89.9,36.25,119.73,132.53,112.66,106.2,84.17,132.46,158.2,141.16,156.98,118.31,50.77,96.86,85.83,110.31,102.37,98.6,74.89,94.55,110.73,68.66,126.82,107.94,163.66,64.9,107.41,181.88,148.68,183.23,70.3,94.51,139.2,176.27,94.55,154.68,13.21,170.21,124.47,108.94,15.15,88.1,141.69,120.25,31.05,148.88,85.37,126.67,154.5,111.5,165.99,123.39,156.61,99.79,123.69,86.08,99.63,160.45,107.27,118.86,170.31,56.9,23.68,23.08,78.92,139.04,87.98,55.75,56.5,76.12,132.26,140.93,158.87,67.66,115.51,164.6,65.29,53.96,109.34,96.62,146.03,115.22,50.49,107.96,72.29,22.95,108.14,116.28,116.83,143.54,185.58,112.59,137.23,134.84,149.27,106.42,130.86,124.82,57.52,111.45,114.96,116.73,147.84,131.34,129.55,17.66,110.46,103.51,128.22,133.94,116.91,113.55,197.58,171.13,173.21,149.67,123.11,142.61,176.76,162.52,105.97,126.49,154.19,155.83,175.24,168.82,164.78,172.59,167.96,152.61,167.15,165.0,147.19,142.0,143.33,138.04,173.67,160.82,149.05,152.68,169.09,169.64,139.23,121.87,200.77,177.14,244.91,246.13,236.43,228.62,223.7,211.93,212.18,206.71,103.92,94.34,97.04,97.7,117.1,97.0,93.33,110.47,84.33,70.43,96.57,102.51,77.43,86.76,96.05,122.29,115.69,100.09,90.31,115.45,131.76,110.87,82.74,87.82,73.48,85.04,74.2,98.61,90.33,81.68,90.14,98.11,95.41,104.55,102.68,59.93,53.71,45.04,61.34,71.25,102.52,107.0,101.92,105.44,44.93,55.79,73.16,43.25,12.74,43.7,36.92,42.27,30.4,49.66,45.44,112.87,131.51,45.67,50.75,36.62,41.86,49.55,54.25,58.24,51.05,53.88,16.63,11.33,0.0,60.26,92.04,79.27,84.62,87.39,95.28,123.54,126.86,133.01,148.3,155.04,38.02,39.81,38.44,79.42,75.7,72.81,58.55,50.19,42.95,120.25,137.94,143.37,133.97,147.74,157.75,163.81,165.33,179.6,55.61,96.09,75.63,42.88,47.71,68.27,54.52,54.58,55.75,75.3,84.97,95.24,101.19,94.5,107.59,114.36,138.15,98.11,105.73,118.98,127.27,133.98,144.8,170.0,168.18,44.69,51.1,60.3,61.94,73.96,67.16,161.96
170.88,173.4,198.61,17.67,175.29,68.83,54.16,78.56,34.15,52.86,26.03,88.24,140.41,54.77,193.12,117.75,41.35,206.69,74.39,152.36,67.48,73.15,12.05,50.33,66.67,113.7,182.77,88.42,142.37,85.4,91.38,63.1,83.35,146.76,243.98,186.61,66.4,85.63,189.38,67.27,50.21,127.5,182.66,169.72,86.8,79.5,28.48,72.94,103.03,131.15,132.99,37.85,5.98,158.45,103.43,74.63,28.97,21.99,52.72,95.69,150.94,62.02,103.17,61.01,91.1,29.47,89.8,274.13,109.79,218.01,144.62,189.97,99.06,72.3,85.13,38.05,260.88,91.47,18.47,179.49,267.45,94.97,34.9,83.0,44.27,125.76,192.6,136.03,191.43,88.08,72.83,108.92,237.44,60.79,78.2,16.53,58.2,223.74,207.34,73.91,94.4,46.18,58.97,168.59,126.52,96.79,58.91,191.04,67.6,189.81,138.43,80.18,23.31,85.02,38.53,114.99,170.04,87.07,22.76,123.34,30.05,146.36,148.43,210.63,79.28,120.5,244.84,181.52,251.99,87.91,76.06,170.09,239.23,107.17,187.51,72.45,233.17,50.92,70.15,74.39,35.28,174.52,166.34,102.49,181.72,39.89,164.58,187.33,37.95,198.82,49.84,216.7,48.23,156.52,14.2,25.14,193.29,35.48,159.35,233.27,74.33,88.95,83.33,99.32,65.49,63.68,116.01,105.82,34.58,162.68,173.76,204.09,27.15,41.96,227.56,92.59,78.03,37.56,109.24,178.87,147.96,81.77,120.58,87.01,97.04,36.36,42.73,141.7,176.38,256.63,39.04,170.06,167.67,182.1,32.86,163.7,157.66,88.79,37.89,41.4,149.56,180.68,164.17,162.38,82.32,36.91,116.13,161.05,166.77,129.53,126.17,260.42,233.97,229.11,222.27,194.55,230.25,239.72,225.48,176.13,171.7,187.02,188.66,208.08,201.66,197.61,205.42,200.79,185.44,199.99,197.83,180.02,174.83,178.63,178.0,206.5,193.65,189.6,185.52,215.36,202.47,204.0,134.49,271.81,249.17,315.95,317.17,307.48,299.67,294.74,282.98,283.22,277.76,116.54,107.7,110.4,111.06,167.6,144.67,147.5,132.6,104.74,106.33,134.05,115.13,151.98,140.92,131.74,187.06,192.29,171.53,161.75,186.89,203.19,182.31,154.18,159.26,144.91,94.04,76.68,97.8,95.8,76.77,79.64,82.12,71.78,88.56,84.23,100.37,94.14,92.96,101.78,142.68,55.09,59.57,53.3,53.88,88.56,70.16,80.56,86.8,88.27,115.14,108.36,113.71,101.84,121.1,76.18,41.09,57.96,117.11,122.19,108.05,113.3,109.81,114.51,133.34,111.31,125.32,76.88,71.58,60.26,0.0,28.96,24.05,20.99,43.35,42.46,49.95,53.28,59.42,74.71,81.46,98.28,100.07,98.69,139.67,135.95,133.07,125.57,110.44,103.21,79.45,64.35,69.78,89.67,74.15,84.16,90.23,91.74,106.01,53.22,79.16,45.5,20.87,25.69,41.24,8.12,23.8,24.97,37.85,47.52,57.79,63.74,50.46,63.7,75.63,99.43,54.08,61.69,80.25,88.55,95.25,106.08,96.41,94.59,104.94,103.12,103.69,91.91,117.36,111.78,123.24
148.31,169.22,176.03,26.35,152.72,62.87,48.21,72.6,49.15,45.01,5.08,65.66,117.83,48.82,170.55,144.58,18.78,184.12,106.17,129.78,44.91,65.3,20.73,44.37,60.71,105.85,172.12,65.85,119.79,62.82,83.53,57.14,75.5,124.19,221.41,164.04,43.82,79.67,166.81,61.31,44.25,104.92,160.09,147.15,78.95,56.92,16.0,66.98,95.18,108.58,110.41,48.17,23.28,135.87,135.53,52.05,48.74,6.97,46.77,89.73,128.37,54.17,80.6,55.05,83.25,44.48,121.58,251.55,101.94,195.43,122.04,167.4,76.49,101.0,62.55,20.02,238.31,68.9,21.13,156.91,244.87,72.4,37.16,77.04,38.31,103.18,170.03,113.45,168.85,80.23,64.98,86.35,214.87,38.22,70.35,42.26,50.35,201.17,184.77,51.33,86.55,40.22,53.01,146.01,103.94,74.22,52.95,168.46,61.65,167.24,115.86,72.33,20.06,62.45,16.41,92.41,160.33,64.5,11.63,100.77,40.37,123.79,125.86,188.05,63.27,97.92,222.27,158.94,229.41,65.33,53.49,147.52,216.66,84.6,164.94,87.34,210.59,44.96,64.19,84.89,37.54,151.95,143.77,94.64,159.14,42.15,142.01,164.76,31.99,176.25,43.88,194.13,25.66,133.95,15.18,31.15,170.71,17.45,136.78,210.7,66.48,81.1,115.12,76.75,59.53,41.1,149.71,148.55,48.46,140.11,151.19,181.51,37.48,36.0,204.99,70.02,70.18,19.53,86.66,156.29,125.39,73.91,98.01,64.44,89.19,13.77,36.77,119.13,153.8,234.05,26.47,147.49,145.1,159.53,26.91,141.12,135.08,79.64,31.94,35.44,126.99,158.1,141.6,139.81,74.47,30.95,93.55,138.48,144.2,106.96,103.6,237.85,211.4,206.53,199.7,190.37,207.67,217.15,202.9,153.56,149.13,164.45,166.09,185.5,179.08,175.04,182.85,178.22,162.87,177.41,175.26,157.45,152.26,156.05,155.43,183.93,171.08,167.03,162.94,192.79,179.9,181.43,111.92,249.24,226.59,293.38,294.6,284.9,277.09,272.17,260.4,260.65,255.18,93.96,85.12,87.82,88.49,145.03,122.1,124.93,110.02,82.17,83.76,111.48,92.56,129.41,118.35,109.17,164.48,169.72,167.35,153.9,182.71,199.01,178.13,146.33,151.4,137.06,71.47,54.1,75.23,73.22,54.19,57.06,59.55,49.21,65.99,61.66,89.5,83.52,85.11,90.91,134.83,32.51,36.99,30.72,31.31,80.71,62.31,57.99,78.95,80.42,107.29,100.51,105.86,93.99,113.24,68.33,23.06,52.0,109.26,114.34,100.2,105.45,136.63,141.33,125.49,128.16,117.47,108.67,103.37,92.04,28.96,0.0,16.2,13.69,46.1,45.21,44.44,47.76,53.91,69.2,75.94,130.03,131.82,130.44,171.33,167.62,163.3,150.55,142.19,134.95,73.94,58.84,64.27,84.16,68.64,78.65,84.71,86.23,100.5,68.22,89.48,55.82,46.6,51.42,56.24,33.85,49.53,50.7,48.17,57.84,72.2,78.15,53.21,58.19,70.12,93.92,56.82,66.66,74.74,83.04,89.74,100.57,90.9,89.08,136.69,143.1,118.7,106.91,131.71,126.79,117.73
166.86,152.78,194.59,21.44,171.27,66.58,51.92,76.31,44.24,32.24,16.43,84.22,136.39,52.52,189.1,131.8,37.33,202.67,93.4,148.34,63.46,52.53,15.82,48.08,64.42,93.07,162.15,84.4,138.35,81.38,70.76,60.85,62.72,142.74,239.96,182.59,62.38,83.38,185.36,65.02,47.96,123.48,178.64,165.7,66.18,75.48,24.46,70.69,82.4,127.13,128.97,43.26,18.37,154.43,122.76,70.61,34.39,9.23,50.47,93.44,146.92,41.4,99.15,58.76,70.48,39.57,108.81,270.11,89.17,213.99,119.36,185.95,76.82,88.23,81.11,34.03,256.86,87.45,16.22,175.47,263.43,76.54,39.71,80.75,42.02,121.74,188.58,132.01,187.41,67.46,52.21,104.9,233.42,56.78,57.57,37.36,37.57,219.72,203.32,69.89,73.77,43.93,56.72,164.57,122.5,92.77,56.66,187.02,65.35,185.79,134.41,59.55,21.06,81.0,34.51,110.97,149.41,68.64,18.74,119.33,35.46,142.34,144.41,206.61,58.65,116.48,240.82,177.5,247.97,64.05,72.04,166.07,235.21,103.15,183.49,74.57,229.15,48.67,67.9,72.11,40.09,170.51,162.32,81.87,177.7,44.7,160.56,183.31,35.7,194.8,47.59,212.68,44.21,152.5,10.28,23.83,189.27,31.46,155.34,229.25,53.71,68.33,102.34,95.3,63.24,59.66,136.94,135.77,39.99,158.66,169.74,200.07,32.57,39.71,223.54,74.16,57.41,33.54,105.22,174.85,143.94,61.14,116.56,66.05,76.42,32.34,40.48,137.68,172.36,252.61,36.79,166.04,163.65,178.08,30.61,159.68,153.64,68.17,35.64,39.15,145.54,176.66,160.15,158.36,61.69,34.66,112.11,157.04,162.75,125.51,122.15,256.4,229.95,225.09,218.25,173.93,193.43,235.7,221.46,156.78,167.68,183.0,184.64,204.06,197.64,193.59,201.4,196.77,181.42,195.97,193.81,176.0,170.81,174.61,173.98,202.48,189.64,185.58,181.5,211.34,198.45,199.98,130.47,267.79,245.15,311.93,313.15,303.46,295.65,290.72,278.96,279.2,273.74,112.52,103.68,106.38,107.04,163.58,140.65,143.48,128.58,100.72,81.08,130.03,111.11,115.5,136.9,127.72,183.04,166.5,150.91,141.13,166.27,182.57,161.69,133.56,138.63,124.29,90.02,72.66,93.78,91.78,72.75,75.62,78.1,67.76,84.54,80.21,79.74,73.52,72.34,81.15,122.06,51.07,55.55,49.28,49.86,67.94,49.54,66.91,66.18,67.64,94.52,87.74,93.09,81.22,100.47,55.56,37.07,55.71,96.48,101.57,87.43,92.67,123.86,128.56,112.72,115.38,104.7,95.9,90.6,79.27,24.05,16.2,0.0,8.78,48.16,47.27,47.7,51.03,57.17,72.46,79.21,117.25,119.04,117.67,158.56,154.84,150.53,137.78,129.42,122.18,77.2,62.1,67.53,87.42,71.9,81.91,87.98,89.49,103.76,63.31,84.57,50.91,33.36,38.18,51.34,28.94,44.62,45.8,43.27,52.94,63.2,69.15,55.27,61.45,73.38,97.18,58.89,69.92,78.0,86.3,93.0,103.83,94.16,92.34,123.92,130.33,139.53,102.0,126.8,146.4,120.99
163.79,158.13,191.52,18.38,168.21,63.52,48.85,73.25,41.18,37.59,13.92,81.15,133.32,49.46,186.04,137.15,34.27,199.61,98.75,145.27,60.4,57.88,12.76,45.01,61.35,98.43,167.5,81.34,135.28,78.31,76.11,57.78,68.08,139.68,236.9,179.53,59.31,80.31,182.3,61.96,44.9,120.41,175.58,162.64,71.53,72.41,21.4,67.63,87.76,124.07,125.9,40.2,15.31,151.36,128.11,67.54,31.32,6.72,47.41,90.37,143.86,46.75,96.09,55.7,75.83,36.5,114.16,267.04,94.52,210.92,137.53,182.89,82.17,93.58,78.04,30.97,253.8,84.39,13.16,172.4,260.36,87.89,36.65,77.69,38.95,118.67,185.52,128.94,184.34,72.81,57.56,101.84,230.36,53.71,62.93,34.29,42.93,216.66,200.26,66.82,79.13,40.86,53.66,161.5,119.43,89.71,53.6,183.95,62.29,182.73,131.35,64.91,17.99,77.94,31.44,107.9,154.77,79.99,15.68,116.26,32.4,139.28,141.35,203.54,64.01,113.41,237.76,174.43,244.9,69.4,68.98,163.01,232.15,100.09,180.43,79.92,226.08,45.6,64.83,77.47,37.02,167.44,159.26,87.22,174.63,41.64,157.5,180.25,32.64,191.73,44.52,209.61,41.15,149.44,7.21,20.77,186.2,28.4,152.27,226.18,59.06,73.68,107.7,92.24,60.17,56.59,142.29,141.13,36.93,155.6,166.68,197.0,29.5,36.64,220.48,85.51,62.76,30.47,102.15,171.78,140.88,66.49,113.5,71.4,81.77,29.28,37.41,134.62,169.29,249.54,33.73,162.98,160.59,175.02,27.55,156.61,150.57,73.52,32.58,36.09,142.48,173.59,157.09,155.3,67.05,31.6,109.04,153.97,159.69,122.45,119.09,253.34,226.88,222.02,215.19,179.28,198.78,232.64,218.39,162.14,164.62,179.94,181.57,200.99,194.57,190.53,198.34,193.71,178.36,192.9,190.74,172.94,167.74,171.54,170.92,199.42,186.57,182.51,178.43,208.28,195.39,196.92,127.41,264.73,242.08,308.87,310.09,300.39,292.58,287.66,275.89,276.14,270.67,109.45,100.61,103.31,103.97,160.52,137.59,140.41,125.51,97.66,99.25,126.97,108.05,120.85,133.84,124.66,179.97,171.86,156.26,146.48,171.62,187.92,167.04,138.91,143.98,129.64,86.96,69.59,90.72,88.71,69.68,72.55,75.04,64.7,81.48,77.14,85.1,78.87,77.69,86.51,127.41,48.0,52.48,46.21,46.8,73.29,54.89,73.48,71.53,72.99,99.87,93.09,98.44,86.57,105.82,60.91,34.01,52.64,101.84,106.92,92.78,98.03,129.21,133.91,118.07,120.74,110.05,101.25,95.95,84.62,20.99,13.69,8.78,0.0,45.09,44.21,44.64,47.96,54.11,69.4,76.14,122.6,124.4,123.02,163.91,160.2,155.88,143.13,134.77,127.53,74.13,59.03,64.47,84.36,68.83,78.84,84.91,86.43,100.69,60.25,81.51,47.84,38.63,43.45,48.27,25.88,41.56,42.73,40.2,49.87,60.14,66.09,52.21,58.39,70.32,94.12,55.82,66.86,74.94,83.24,89.94,100.77,91.1,89.28,129.27,135.68,110.72,98.94,123.74,118.82,117.93
174.35,195.27,202.08,26.97,178.77,59.55,44.88,55.06,33.81,76.97,41.21,91.71,143.88,45.49,196.6,133.73,44.83,210.17,110.84,155.83,70.96,94.64,31.31,43.18,49.74,137.8,198.17,91.9,145.84,88.87,114.83,53.82,106.8,150.24,247.46,190.09,69.87,41.59,192.86,50.41,10.56,130.97,186.14,173.2,110.25,82.97,32.2,35.95,127.13,134.63,136.46,32.83,37.67,161.92,119.41,78.1,16.88,48.39,35.8,51.65,154.42,86.13,106.65,51.73,115.21,29.14,105.78,277.6,133.9,221.48,148.09,193.45,102.54,99.43,88.6,39.83,264.36,94.95,32.4,182.96,270.92,98.45,14.08,38.96,18.36,129.23,196.08,139.5,194.9,112.19,96.94,112.4,240.92,64.27,102.3,40.08,82.3,227.22,210.82,77.38,117.85,39.04,49.69,172.06,129.99,100.27,49.63,194.51,50.74,193.29,141.91,103.63,27.1,88.5,42.46,118.46,186.38,90.55,42.91,126.82,23.77,149.84,151.91,214.1,89.32,123.97,248.32,184.99,255.46,91.38,79.54,173.57,242.71,110.65,190.99,119.3,236.64,33.19,26.11,116.84,11.5,178.0,169.82,126.6,185.19,6.26,168.06,190.81,24.1,202.3,40.55,220.17,51.71,160.0,38.49,23.61,196.76,37.26,162.83,236.74,97.78,113.05,99.31,102.8,56.2,67.15,137.74,105.49,11.27,166.16,177.24,207.56,22.14,34.81,231.04,96.07,101.48,41.79,112.71,182.34,151.44,105.22,124.06,90.48,121.15,39.84,26.19,145.18,179.85,260.1,31.9,173.54,171.15,185.58,25.72,167.17,161.13,105.68,24.59,33.5,153.04,184.15,167.65,165.86,106.42,29.77,119.6,164.53,170.25,133.01,129.65,263.9,237.45,232.58,225.75,216.42,233.72,243.2,228.95,179.61,175.18,190.5,192.13,211.55,205.13,201.09,208.9,204.27,188.92,203.46,201.3,183.5,178.3,182.1,181.48,209.98,197.13,193.07,188.99,218.84,205.95,207.48,137.97,275.29,252.64,319.43,320.65,310.95,303.14,298.22,286.45,286.7,281.23,120.01,111.17,113.87,114.53,171.08,148.15,150.97,136.07,108.22,109.81,137.53,118.61,155.46,144.4,135.22,190.53,195.77,193.4,199.36,208.76,225.06,204.18,178.28,183.36,169.02,97.52,80.15,101.28,99.27,80.24,83.11,85.6,75.26,92.04,87.7,115.55,109.57,116.42,116.96,166.79,58.56,63.04,56.77,57.36,112.02,87.57,84.04,110.25,112.37,139.24,132.47,137.82,125.95,135.83,100.29,45.32,48.67,141.21,146.29,132.16,137.4,125.79,130.49,134.48,127.29,149.42,104.89,98.71,87.39,43.35,46.1,48.16,45.09,0.0,16.45,27.76,27.3,32.43,55.27,72.16,120.01,114.0,114.68,152.41,148.69,153.02,125.24,132.17,124.94,29.59,51.44,42.07,51.14,57.09,59.55,63.06,67.14,69.4,52.89,74.15,40.48,48.0,52.82,40.91,50.87,36.96,31.64,32.84,30.72,33.75,39.7,14.76,19.6,31.53,55.33,18.38,25.99,36.15,44.45,51.15,61.98,59.66,64.48,108.83,102.79,103.36,91.58,116.38,111.45,79.14
173.47,194.38,201.19,26.08,177.88,58.97,44.31,66.95,41.71,76.08,40.32,90.82,142.99,44.91,195.71,141.63,43.94,209.28,118.73,154.94,70.07,93.76,30.42,41.22,56.81,136.92,197.28,91.01,144.95,87.98,113.95,53.24,105.91,149.35,246.57,189.2,68.99,53.49,191.97,57.41,25.24,130.08,185.25,172.31,109.37,82.08,31.31,47.84,126.24,133.74,135.58,40.73,36.78,161.03,127.3,77.21,24.77,47.5,42.86,63.55,153.53,85.24,105.76,51.15,114.32,37.03,113.67,276.71,133.01,220.6,147.2,192.56,101.65,107.32,87.72,38.94,263.47,94.06,31.51,182.07,270.04,97.56,13.19,50.86,33.24,128.35,195.19,138.62,194.01,111.3,96.05,111.51,240.03,63.38,101.41,47.97,81.41,226.33,209.93,76.5,116.96,37.08,49.11,171.17,129.1,99.38,49.05,193.62,57.74,192.4,141.02,102.74,26.22,87.61,41.57,117.58,185.49,89.66,42.03,125.93,32.93,148.95,151.02,213.22,88.43,123.08,247.43,184.11,254.58,90.5,78.65,172.68,241.82,109.76,190.1,118.41,235.75,41.06,38.0,115.95,9.54,177.11,168.93,125.71,184.3,12.99,167.17,189.92,26.93,201.41,39.98,219.29,50.82,159.11,37.6,22.72,195.87,36.37,161.94,235.86,96.89,112.17,107.21,101.91,55.63,66.26,145.63,113.38,19.45,165.27,176.35,206.67,30.03,32.86,230.15,95.18,100.59,40.9,111.82,181.45,150.55,104.33,123.17,89.6,120.26,38.95,32.87,144.29,178.96,259.22,29.94,172.65,170.26,184.69,23.76,166.28,160.25,104.8,26.87,31.54,152.15,183.26,166.76,164.97,105.53,27.81,118.72,163.64,169.36,132.12,128.76,263.01,236.56,231.7,224.86,215.53,232.84,242.31,228.06,178.72,174.29,189.61,191.25,210.66,204.24,200.2,208.01,203.38,188.03,202.57,200.42,182.61,177.42,181.22,180.59,209.09,196.24,192.19,188.1,217.95,205.06,206.59,137.08,274.4,251.76,318.54,319.76,310.07,302.25,297.33,285.57,285.81,280.34,119.12,110.29,112.98,113.65,170.19,147.26,150.09,135.19,107.33,108.92,136.64,117.72,154.57,143.51,134.33,189.64,194.88,192.51,198.47,207.87,224.17,203.29,177.4,182.47,168.13,96.63,79.26,100.39,98.38,79.35,82.22,84.71,74.37,91.15,86.82,114.66,108.68,115.53,116.07,165.9,57.68,62.15,55.88,56.47,111.13,86.68,83.15,109.36,111.48,138.36,131.58,136.93,125.06,134.94,99.4,44.44,48.1,140.32,145.41,131.27,136.51,133.68,138.38,156.56,135.18,148.54,112.79,106.61,95.28,42.46,45.21,47.27,44.21,16.45,0.0,40.09,42.19,55.33,64.85,71.59,127.9,121.89,122.57,160.3,156.58,160.91,133.13,140.07,132.83,49.32,54.49,53.97,63.03,64.29,71.45,80.36,79.03,81.29,60.78,82.04,48.38,55.89,60.71,48.8,47.36,44.85,39.53,40.73,39.53,42.55,48.5,23.56,36.65,43.43,67.22,27.18,34.79,48.04,56.34,63.04,73.87,71.56,76.38,116.72,110.68,111.25,99.47,124.27,119.35,91.03
172.7,193.62,200.43,33.95,177.11,35.42,20.76,37.52,65.84,76.51,39.55,90.06,142.23,21.37,194.94,176.07,43.17,208.51,137.67,154.18,69.3,92.99,38.29,32.65,25.63,137.35,196.51,90.24,144.19,87.22,113.18,26.58,105.14,148.59,245.8,188.44,68.22,52.61,191.2,26.23,17.2,129.32,184.48,171.54,108.6,81.32,30.54,31.9,126.68,132.98,134.81,64.86,44.27,160.27,151.43,76.45,48.9,46.73,11.68,59.88,152.76,85.67,105.0,27.6,114.75,61.17,137.81,275.95,133.44,219.83,146.44,191.79,100.88,132.5,86.95,27.28,262.7,93.3,31.94,181.31,269.27,96.79,37.32,49.99,9.4,127.58,194.42,137.85,193.25,111.73,96.48,110.75,239.27,62.62,101.85,63.25,81.85,225.56,209.16,75.73,116.19,28.5,25.57,170.41,128.34,98.61,25.5,192.86,26.56,191.63,140.25,101.97,26.65,86.84,40.8,116.81,184.72,88.89,41.26,125.17,57.06,148.18,150.25,212.45,87.66,122.32,246.66,183.34,253.81,89.73,77.88,171.92,241.05,108.99,189.33,118.84,234.99,9.07,37.13,116.39,30.55,176.35,168.16,126.14,183.54,38.59,166.41,189.15,17.0,200.64,16.43,218.52,50.05,158.34,38.04,31.31,195.11,35.61,161.18,235.09,96.13,112.6,131.34,101.14,32.08,65.5,169.76,137.52,48.62,164.5,175.58,205.91,54.17,24.28,229.38,94.41,99.83,40.14,111.06,180.69,149.78,103.56,122.4,88.83,120.69,38.18,7.02,143.52,178.2,258.45,21.76,171.88,169.49,183.92,21.17,165.52,159.48,104.03,16.53,13.55,151.38,182.5,165.99,164.2,105.97,17.58,117.95,162.88,168.59,131.35,127.99,262.24,235.79,230.93,224.1,214.76,232.07,241.54,227.3,177.96,173.52,188.85,190.48,209.9,203.48,199.43,207.25,202.61,187.26,201.81,199.65,181.84,176.65,180.45,179.83,208.32,195.48,191.42,187.34,217.18,204.29,205.82,136.31,273.63,250.99,317.77,318.99,309.3,301.49,296.56,284.8,285.05,279.58,118.36,109.52,112.22,112.88,169.42,146.49,149.32,134.42,106.56,108.15,135.87,116.95,153.8,142.74,133.56,188.88,194.11,191.74,197.71,207.1,223.41,202.52,177.83,182.9,168.56,95.86,78.5,99.62,97.62,78.59,81.46,83.94,73.6,90.38,86.05,113.89,107.91,114.76,115.3,166.33,56.91,61.39,55.12,55.7,110.36,85.91,82.38,108.6,111.91,138.79,132.01,137.36,125.49,134.17,99.83,43.67,24.55,140.76,145.84,131.7,136.94,168.13,172.83,156.99,159.66,148.97,140.17,134.87,123.54,49.95,44.44,47.7,44.64,27.76,40.09,0.0,15.23,21.37,31.44,49.03,151.83,145.83,146.5,184.23,180.51,184.84,157.07,164.0,156.76,38.21,23.11,28.54,48.43,32.91,42.92,43.2,50.5,64.77,84.71,105.97,72.31,67.39,72.21,72.74,54.64,68.79,63.46,64.67,58.55,61.58,64.86,42.59,30.62,42.56,66.35,36.45,39.1,47.17,55.47,62.17,71.76,55.17,53.35,140.66,134.61,135.19,123.4,148.2,143.28,90.16
176.02,196.94,203.75,37.28,180.44,42.06,27.4,40.54,69.17,79.84,42.88,93.38,145.55,28.0,198.27,179.4,46.5,211.84,140.99,157.5,72.63,96.31,41.61,39.28,37.21,140.67,199.84,93.57,147.51,90.54,116.5,36.33,108.47,151.91,249.13,191.76,71.54,36.55,194.53,29.25,16.74,132.64,187.81,174.87,111.92,84.64,33.87,14.79,130.0,136.3,138.13,68.18,47.6,163.59,154.76,79.77,52.23,50.06,23.27,47.83,156.08,88.99,108.32,34.24,118.08,64.49,141.13,279.27,136.77,223.15,149.76,195.12,104.2,135.83,90.27,33.92,266.03,96.62,35.26,184.63,272.59,100.11,40.65,35.14,8.95,130.9,197.75,141.17,196.57,115.05,99.81,114.07,242.59,65.94,105.17,66.58,85.17,228.88,212.49,79.05,119.52,35.14,32.2,173.73,131.66,101.94,32.14,196.18,29.58,194.96,143.58,105.3,29.97,90.17,44.13,120.13,188.05,92.22,44.58,128.49,60.39,151.51,153.57,215.77,90.99,125.64,249.98,186.66,257.13,93.05,81.21,175.24,244.38,112.32,192.66,122.17,238.31,20.65,22.29,119.71,32.65,179.67,171.49,129.47,186.86,40.69,169.73,192.48,16.54,203.96,23.07,221.84,53.38,161.66,41.36,34.64,198.43,38.93,164.5,238.41,99.45,115.92,134.67,104.47,38.72,68.82,173.09,140.84,36.79,167.83,178.91,209.23,57.49,30.92,232.7,97.74,103.15,43.46,114.38,184.01,153.1,106.89,125.72,92.15,124.01,41.51,13.66,146.85,181.52,261.77,28.4,175.21,172.82,187.25,24.5,168.84,162.8,107.35,17.02,20.19,154.71,185.82,169.32,167.53,109.29,24.22,121.27,166.2,171.92,134.68,131.31,265.57,239.11,234.25,227.42,218.09,235.39,244.87,230.62,181.28,176.85,192.17,193.8,213.22,206.8,202.75,210.57,205.94,190.59,205.13,202.97,185.17,179.97,183.77,183.15,211.65,198.8,194.74,190.66,220.51,207.62,209.15,139.64,276.96,254.31,321.1,322.31,312.62,304.81,299.89,288.12,288.37,282.9,121.68,112.84,115.54,116.2,172.74,149.82,152.64,137.74,109.88,111.47,139.2,120.28,157.12,146.07,136.89,192.2,197.44,195.07,201.03,210.43,226.73,205.84,181.15,186.23,171.89,99.19,81.82,102.94,100.94,81.91,84.78,87.27,76.93,93.71,89.37,117.22,111.24,118.08,118.63,169.66,60.23,64.71,58.44,59.03,113.68,89.24,85.71,111.92,115.24,142.11,135.33,140.69,128.81,137.5,103.16,46.99,31.19,144.08,149.16,135.03,140.27,171.45,176.15,160.31,162.98,152.29,143.49,138.19,126.86,53.28,47.76,51.03,47.96,27.3,42.19,15.23,0.0,6.15,34.1,55.67,155.29,149.29,149.96,187.69,183.97,188.3,160.53,167.46,160.22,14.71,30.27,22.7,47.32,35.92,45.93,46.22,53.52,65.57,88.17,109.43,75.77,70.85,75.67,76.19,58.1,72.25,66.92,68.12,52.71,55.74,53.36,36.75,30.16,27.71,54.85,30.61,33.26,35.67,40.6,50.67,59.7,55.84,56.37,144.12,138.07,138.65,126.86,151.66,146.74,78.66
182.17,203.09,209.9,43.42,186.58,46.91,33.54,38.07,72.69,85.98,49.02,99.53,151.7,34.15,204.41,185.54,52.64,217.98,147.14,163.65,78.77,102.46,47.76,45.43,35.71,146.82,205.98,99.71,153.66,96.69,122.65,36.66,114.61,158.06,255.27,197.91,77.69,34.09,200.67,26.78,22.89,138.79,193.95,181.01,118.07,90.79,40.01,12.32,136.15,142.45,144.28,62.03,53.74,169.74,158.28,85.92,55.75,56.2,34.98,45.36,162.23,95.14,114.47,40.39,124.22,68.02,144.66,285.42,142.91,229.3,155.91,201.27,110.35,141.97,96.42,40.06,272.17,102.77,41.41,190.78,278.74,106.26,46.79,32.68,15.09,137.05,203.89,147.32,202.72,121.2,105.95,120.22,248.74,72.09,111.32,78.95,91.32,235.03,218.63,85.2,125.66,41.28,38.35,179.88,137.81,108.08,38.29,202.33,27.11,201.1,149.72,111.44,36.12,96.31,50.27,126.28,194.19,98.36,50.73,134.64,62.64,157.66,159.72,221.92,97.14,131.79,256.13,192.81,263.28,99.2,87.35,181.39,250.52,118.46,198.8,128.31,244.46,26.8,19.82,125.86,38.8,185.82,177.64,135.61,193.01,45.13,175.88,198.62,22.68,210.11,29.22,227.99,59.53,167.81,47.51,40.78,204.58,45.08,170.65,244.56,105.6,122.07,138.19,110.61,43.57,74.97,176.61,144.37,50.15,173.97,185.05,215.38,61.02,37.06,238.85,103.88,109.3,49.61,120.53,190.16,159.25,113.03,131.87,98.3,130.16,47.65,19.81,152.99,187.67,267.92,34.55,181.35,178.96,193.39,30.64,174.99,168.95,113.5,23.17,26.34,160.85,191.97,175.46,173.67,115.44,30.37,127.42,172.35,178.06,140.82,137.46,271.71,245.26,240.4,233.57,224.23,241.54,251.01,236.77,187.43,182.99,198.32,199.95,219.37,212.95,208.9,216.72,212.08,196.73,211.28,209.12,191.31,186.12,189.92,189.3,217.79,204.95,200.89,196.81,226.65,213.76,215.3,145.78,283.1,260.46,327.24,328.46,318.77,310.96,306.03,294.27,294.52,289.05,127.83,118.99,121.69,122.35,178.89,155.96,158.79,143.89,116.03,117.62,145.34,126.42,163.27,152.22,143.03,198.35,203.58,201.21,207.18,216.57,232.88,211.99,187.3,192.37,178.03,105.33,87.97,109.09,107.09,88.06,90.93,93.41,83.07,99.85,95.52,123.36,117.38,124.23,124.77,175.8,66.38,70.86,64.59,65.17,119.83,95.38,91.85,118.07,121.38,148.26,141.48,146.83,134.96,143.64,109.3,53.14,37.34,150.23,155.31,141.17,146.42,177.6,182.3,166.46,169.13,158.44,149.64,144.34,133.01,59.42,53.91,57.17,54.11,32.43,55.33,21.37,6.15,0.0,31.64,37.19,158.88,152.88,153.55,191.28,187.56,191.89,164.12,171.05,163.81,12.25,27.81,20.23,44.85,33.46,43.47,43.75,51.05,63.11,91.76,106.07,72.41,77.0,81.82,79.79,64.25,75.84,70.51,66.5,50.25,53.28,50.89,34.29,22.53,25.24,52.38,28.15,30.79,33.21,38.13,48.21,57.24,53.38,53.9,147.71,141.66,142.24,130.46,148.3,150.33,76.19
197.46,218.38,225.19,58.71,201.87,13.46,34.94,22.04,90.6,101.27,64.31,114.82,166.99,22.04,219.7,200.83,67.93,233.27,162.43,178.94,94.06,117.75,63.05,57.41,5.81,162.11,221.28,115.0,168.95,111.98,137.94,12.52,129.9,173.35,270.56,213.2,92.98,45.92,215.96,5.47,49.1,154.08,209.24,196.3,133.36,106.08,55.3,19.32,151.44,157.74,159.57,73.86,69.03,185.03,176.2,101.21,73.67,71.49,22.2,44.4,177.52,110.43,129.76,23.49,139.51,85.93,162.57,300.71,158.2,244.59,171.2,216.56,125.64,157.26,111.71,52.04,287.46,118.06,56.7,206.07,294.03,121.55,62.08,38.13,37.2,152.34,219.18,162.61,218.01,136.49,121.24,135.51,264.03,87.38,126.61,88.02,106.61,250.32,233.92,100.49,140.96,53.26,18.1,195.17,153.1,123.37,34.24,217.62,11.08,216.39,165.01,126.73,51.41,111.6,65.56,141.57,209.48,113.65,66.02,149.93,81.82,172.95,175.01,237.21,112.43,147.08,271.42,208.1,278.57,114.49,102.64,196.68,265.81,133.76,214.09,143.6,259.75,28.65,31.65,141.15,55.31,201.11,192.93,150.9,208.3,56.97,191.17,213.91,46.77,225.4,30.61,243.28,74.82,183.1,62.8,56.07,219.87,60.37,185.94,259.85,120.89,137.36,156.1,125.9,14.32,90.26,194.52,162.28,61.98,189.26,200.34,230.67,78.93,49.04,254.14,119.17,124.59,64.9,135.82,205.45,174.54,128.32,147.16,113.59,145.45,62.94,29.75,168.28,202.96,283.21,46.52,196.64,194.25,208.68,45.93,190.28,184.24,128.79,41.29,38.79,176.14,207.26,190.75,188.96,130.73,42.34,142.71,187.64,193.36,156.11,152.75,287.0,260.55,255.69,248.86,239.52,256.83,266.3,252.06,202.72,198.28,213.61,215.24,234.66,228.24,224.19,232.01,227.37,212.02,226.57,224.41,206.6,201.41,205.21,204.59,233.08,220.24,216.18,212.1,241.94,229.05,230.59,161.07,298.39,275.75,342.53,343.75,334.06,326.25,321.32,309.56,309.81,304.34,143.12,134.28,136.98,137.64,194.18,171.25,174.08,159.18,131.32,132.91,160.63,141.72,178.56,167.51,158.32,213.64,218.88,216.5,222.47,231.86,248.17,227.28,202.59,207.66,193.32,120.62,103.26,124.38,122.38,103.35,106.22,108.7,98.36,115.14,110.81,138.65,132.67,139.52,140.06,191.09,81.67,86.15,79.88,80.46,135.12,110.67,107.14,133.36,136.68,163.55,156.77,162.12,150.25,158.93,124.59,68.43,32.97,165.52,170.6,156.46,161.71,192.89,197.59,181.75,184.42,173.73,164.93,159.63,148.3,74.71,69.2,72.46,69.4,55.27,64.85,31.44,34.1,31.64,0.0,9.85,175.93,169.93,170.6,208.33,204.61,208.94,181.17,188.1,180.86,25.62,14.67,13.06,32.95,17.42,27.43,17.97,35.02,49.28,108.81,130.07,96.41,91.49,96.31,96.84,78.74,92.89,87.56,88.76,62.08,65.11,62.72,46.12,39.31,37.08,64.22,39.98,42.62,45.04,49.96,60.04,56.27,39.69,37.87,164.76,158.71,159.29,147.5,172.3,167.38,64.08
204.2,225.12,231.93,65.45,208.61,14.63,41.68,16.89,97.34,108.01,71.05,121.56,173.73,28.78,226.45,207.58,74.67,240.01,169.17,185.68,100.81,124.49,69.79,64.15,16.85,168.85,228.02,121.75,175.69,118.72,144.68,23.08,136.64,180.09,277.31,219.94,99.72,38.56,222.71,11.02,61.6,160.82,215.98,203.04,140.1,112.82,62.04,24.87,158.18,164.48,166.31,96.36,75.78,191.77,182.94,107.95,80.41,78.23,33.23,39.26,184.26,117.17,136.5,30.23,146.26,92.67,169.31,307.45,164.94,251.33,177.94,223.3,132.38,164.01,118.45,58.78,294.2,124.8,63.44,212.81,300.77,128.29,68.83,32.99,49.84,159.08,225.92,169.35,224.75,143.23,127.99,142.25,270.77,94.12,133.35,94.76,113.35,257.06,240.66,107.23,147.7,60.0,24.84,201.91,159.84,130.12,40.98,224.36,16.63,223.14,171.75,133.48,58.15,118.35,72.3,148.31,216.23,120.4,72.76,156.67,88.56,179.69,181.75,243.95,119.17,153.82,278.16,214.84,285.31,121.23,109.39,203.42,272.55,140.5,220.83,150.35,266.49,35.39,45.84,147.89,62.06,207.85,199.67,157.64,215.04,70.09,197.91,220.65,53.51,232.14,37.36,250.02,81.56,189.84,69.54,62.81,226.61,67.11,192.68,266.59,127.63,144.1,162.84,132.65,17.69,97.0,201.26,169.02,80.12,196.0,207.08,237.41,85.67,55.78,260.88,125.92,131.33,71.64,142.56,212.19,181.28,135.06,153.9,120.33,152.19,69.68,42.01,175.03,209.7,289.95,53.27,203.39,200.99,215.43,52.68,197.02,190.98,135.53,48.03,45.53,182.88,214.0,197.49,195.71,137.47,49.08,149.45,194.38,200.1,162.86,159.49,293.74,267.29,262.43,255.6,246.27,263.57,273.05,258.8,209.46,205.03,220.35,221.98,241.4,234.98,230.93,238.75,234.12,218.76,233.31,231.15,213.34,208.15,211.95,211.33,239.83,226.98,222.92,218.84,248.68,235.79,237.33,167.82,305.13,282.49,349.27,350.49,340.8,332.99,328.06,316.3,316.55,311.08,149.86,141.02,143.72,144.38,200.92,177.99,180.82,165.92,138.06,139.65,167.37,148.46,185.3,174.25,165.07,220.38,225.62,223.25,229.21,238.6,254.91,234.02,209.33,214.41,200.07,127.36,110.0,131.12,129.12,110.09,112.96,115.45,105.11,121.88,117.55,145.39,139.42,146.26,146.8,197.84,88.41,92.89,86.62,87.2,141.86,117.42,113.88,140.1,143.42,170.29,163.51,168.86,156.99,165.68,131.33,75.17,39.72,172.26,177.34,163.21,168.45,199.63,204.33,188.49,191.16,180.47,171.67,166.37,155.04,81.46,75.94,79.21,76.14,72.16,71.59,49.03,55.67,37.19,9.85,0.0,183.43,177.43,178.1,215.83,212.11,216.44,188.67,195.6,188.36,31.18,20.23,18.61,27.81,19.9,22.29,9.03,29.87,44.14,116.31,137.57,103.91,98.99,103.82,104.34,86.24,100.39,95.06,96.27,67.63,67.46,61.51,51.67,44.86,40.42,51.14,45.53,48.17,45.58,46.07,58.83,51.13,34.54,32.72,172.26,166.21,166.79,155.01,179.8,174.88,58.94
176.06,139.98,203.79,112.72,168.75,170.91,156.25,170.51,86.19,85.01,130.26,127.07,163.16,156.86,198.31,24.01,151.15,211.88,27.34,149.88,129.13,96.8,107.09,152.41,168.75,80.28,149.35,112.72,140.83,124.22,77.11,165.18,83.13,144.29,224.82,191.8,119.7,157.04,194.57,169.35,128.79,137.59,187.85,172.44,85.41,122.43,138.28,151.4,66.05,156.55,158.39,99.74,101.03,167.34,35.91,113.16,103.13,123.05,154.81,167.1,149.63,77.21,127.84,163.09,63.67,90.87,22.28,241.1,67.39,200.13,119.31,195.16,104.19,34.02,143.83,147.85,227.86,117.7,130.04,184.67,234.42,109.7,114.71,154.41,146.35,151.16,197.79,129.58,196.61,56.79,66.75,134.32,212.5,128.14,60.63,85.33,85.5,198.92,200.14,127.92,74.26,148.26,161.05,150.68,144.22,122.19,160.99,196.22,169.68,195.0,156.32,88.78,134.88,123.85,148.33,140.39,136.62,112.91,132.57,148.75,101.28,164.84,145.96,201.68,102.92,145.43,219.9,186.7,221.25,108.32,132.53,177.22,214.29,132.57,192.7,44.17,208.23,153.0,141.56,53.17,120.72,179.71,158.26,69.07,186.9,118.0,164.69,192.52,140.03,204.0,151.92,194.63,137.81,161.71,124.1,129.87,198.47,145.29,156.88,208.33,94.92,61.7,14.94,116.94,167.57,126.0,18.88,22.99,108.74,170.28,178.95,196.89,100.29,144.04,202.62,103.31,91.98,147.36,134.64,184.05,153.24,88.51,145.98,110.31,60.97,146.16,144.81,154.85,181.56,223.6,141.12,175.25,172.86,187.29,134.95,168.88,162.84,95.54,139.98,143.48,154.75,185.86,169.36,167.57,55.68,138.99,141.53,166.24,171.96,154.93,151.57,235.6,209.15,211.23,187.69,161.13,180.63,214.78,200.54,143.99,164.51,192.21,193.84,213.26,206.84,202.8,210.61,205.98,190.63,205.17,203.01,185.21,180.01,181.35,176.06,211.69,198.84,187.07,190.7,207.11,207.66,177.25,159.89,238.79,215.16,269.69,249.26,274.45,266.64,261.72,249.95,250.2,244.73,141.94,132.36,135.06,135.72,155.12,135.02,131.35,148.49,122.35,108.45,134.59,140.53,115.45,124.78,134.07,160.31,153.71,138.11,128.33,153.47,169.77,148.89,120.76,125.84,111.49,123.06,112.22,136.63,128.35,119.7,128.16,136.13,133.43,142.57,140.7,97.95,91.73,83.05,99.36,109.27,140.54,145.02,139.93,143.45,82.94,93.81,111.18,81.27,50.76,81.72,74.94,80.29,68.42,87.68,83.46,150.89,160.04,59.89,56.06,74.63,64.45,38.05,29.34,48.12,40.93,53.08,21.39,33.41,38.02,98.28,130.03,117.25,122.6,120.01,127.9,151.83,155.29,158.88,175.93,183.43,0.0,6.3,15.1,42.55,38.83,35.94,21.68,13.32,6.08,152.87,166.43,157.52,166.59,176.23,175.0,192.31,182.59,195.73,67.24,89.19,87.26,80.9,85.73,79.91,92.54,100.69,95.37,107.92,109.42,119.69,125.64,127.12,140.21,146.98,174.03,130.74,138.35,151.6,159.9,169.85,180.68,175.11,179.93,11.18,17.59,26.79,28.43,40.45,33.65,181.47
177.86,141.77,205.58,114.51,170.54,164.9,150.24,164.5,80.19,86.8,132.05,128.86,164.95,150.85,200.1,29.16,145.08,213.67,29.13,151.67,130.92,98.59,108.88,146.4,162.74,82.07,151.14,114.51,142.62,126.02,78.9,159.17,84.92,146.08,226.61,193.59,121.49,151.03,196.36,163.35,122.79,139.38,189.64,174.23,87.2,124.22,140.07,145.39,67.84,158.35,160.18,93.74,102.82,169.13,37.7,114.95,97.12,124.84,148.8,161.09,151.42,79.0,129.63,157.09,65.46,84.86,24.07,242.89,72.04,201.92,121.1,196.95,105.98,35.81,145.62,140.08,229.65,119.49,131.83,186.46,236.21,111.49,108.7,148.41,140.34,152.95,199.58,131.37,198.4,58.58,68.54,136.12,214.3,129.93,62.42,87.12,87.29,200.71,201.93,129.71,76.06,142.25,155.05,152.47,146.01,123.98,154.99,198.01,163.68,196.79,158.12,90.58,136.67,125.64,150.12,142.18,138.41,114.7,134.36,150.54,95.27,166.63,147.75,203.47,104.71,147.22,221.69,188.49,223.04,110.11,134.32,179.01,216.08,134.36,194.49,45.96,210.02,146.99,135.55,54.96,114.71,181.5,160.06,70.86,188.69,111.99,166.48,194.31,134.03,205.8,145.91,196.42,139.6,163.5,125.89,123.87,200.26,137.52,158.67,210.12,96.71,63.49,16.73,118.73,161.56,127.79,24.03,16.99,102.73,172.07,180.74,198.68,94.28,138.03,204.41,105.1,93.77,149.15,136.43,185.84,155.03,90.3,147.77,112.1,62.76,140.09,138.8,156.64,183.35,225.39,135.11,177.04,174.65,189.08,128.94,170.67,164.63,97.33,133.97,137.48,156.54,187.65,171.15,169.36,57.47,132.98,143.32,168.03,173.75,156.72,153.36,237.39,210.94,213.02,189.48,162.92,182.42,216.57,202.33,145.78,166.3,194.0,195.64,215.05,208.63,204.59,212.4,207.77,192.42,206.96,204.81,187.0,181.81,183.14,177.85,213.48,200.63,188.86,192.49,208.9,209.45,179.04,161.68,240.58,216.95,274.84,254.41,276.24,268.43,263.51,251.74,251.99,246.52,143.73,134.15,136.85,137.51,156.91,136.81,133.14,150.28,124.14,110.24,136.38,142.32,117.24,126.57,135.86,162.1,155.5,139.9,130.12,155.26,171.56,150.68,122.55,127.63,113.29,124.85,114.01,138.42,130.14,121.49,129.95,137.92,135.22,144.36,142.49,99.74,93.52,84.85,101.15,111.06,142.33,146.81,141.73,145.25,84.74,95.6,112.97,83.06,52.55,83.51,76.73,82.08,70.21,89.47,85.25,152.68,154.03,64.54,60.7,76.43,69.1,43.2,34.49,52.77,45.58,57.72,23.18,35.2,39.81,100.07,131.82,119.04,124.4,114.0,121.89,145.83,149.29,152.88,169.93,177.43,6.3,0.0,20.25,47.7,43.98,41.09,41.44,18.47,11.23,146.86,160.42,151.51,160.58,170.22,169.0,186.3,176.58,189.73,61.24,83.18,81.25,82.69,87.52,73.9,94.33,94.68,89.36,101.92,103.41,113.68,119.63,121.11,134.2,140.97,168.02,124.73,132.34,145.59,153.89,163.84,174.67,169.11,173.93,5.17,11.58,20.78,22.42,34.45,27.65,175.46
174.62,138.54,202.35,113.13,167.31,165.58,150.92,165.18,80.86,85.43,130.67,127.48,161.72,151.52,196.87,20.82,151.57,210.44,27.76,148.44,129.54,97.21,107.51,147.08,163.42,78.84,147.91,113.14,139.39,124.64,77.53,159.85,83.54,142.85,223.38,190.36,120.12,151.71,193.13,164.02,123.46,136.15,186.41,171.0,85.83,122.85,138.7,146.07,66.39,158.13,159.12,94.41,101.45,165.9,21.93,113.58,97.8,123.47,149.47,161.77,148.19,77.63,128.25,157.76,64.09,85.54,8.9,239.66,56.27,198.69,117.87,193.72,104.6,34.44,144.25,148.27,226.42,118.12,130.46,183.23,232.98,110.12,109.38,149.08,141.02,152.73,196.35,128.14,195.17,57.21,67.17,134.74,211.06,128.55,61.04,85.75,85.92,197.48,198.7,128.33,74.68,142.93,155.72,149.24,142.78,122.61,155.66,194.78,164.35,193.56,154.88,89.2,135.29,124.27,148.75,140.81,135.18,113.33,132.98,149.16,95.95,163.4,144.52,200.24,103.34,143.99,218.46,185.26,219.81,108.73,132.95,175.78,212.85,132.99,191.26,44.59,206.79,147.67,136.23,53.59,115.39,178.27,156.82,63.9,185.46,112.66,163.25,191.08,134.7,202.56,146.59,193.19,138.23,160.26,124.52,124.54,197.03,145.7,155.44,206.89,95.33,62.12,16.23,117.35,162.24,126.42,15.69,36.94,103.41,168.84,177.51,195.45,94.95,138.71,201.18,103.73,92.39,147.78,135.05,182.61,151.8,88.93,146.4,110.73,61.39,146.58,139.48,153.41,180.12,222.16,135.79,173.81,171.42,185.85,129.61,167.44,161.4,95.96,134.64,138.15,153.31,184.42,167.92,166.13,56.09,133.66,141.95,164.8,170.52,158.43,155.07,234.16,207.71,209.79,186.25,159.69,179.19,213.34,199.1,142.55,163.07,190.77,192.4,211.82,205.4,201.35,209.17,204.54,189.19,203.73,201.57,183.77,178.57,179.91,174.62,210.25,197.4,185.63,189.26,205.67,206.22,175.81,167.36,237.35,213.72,266.5,246.07,273.01,265.2,260.28,248.51,248.76,243.29,142.35,132.78,135.48,136.14,153.68,133.58,129.91,147.05,122.77,108.87,133.15,140.95,114.01,123.34,132.63,158.86,152.27,136.67,126.89,152.03,168.33,147.45,119.32,124.39,110.05,123.48,112.64,137.05,128.76,120.12,128.58,136.55,133.85,142.99,141.12,98.37,92.15,83.47,99.78,107.82,140.96,145.43,140.35,143.87,83.36,94.23,111.6,81.68,51.18,80.28,73.5,78.85,66.98,86.23,83.88,151.31,154.71,48.77,44.94,65.95,53.33,28.31,26.15,37.0,29.81,41.96,21.81,33.83,38.44,98.69,130.44,117.67,123.02,114.68,122.57,146.5,149.96,153.55,170.6,178.1,15.1,20.25,0.0,39.36,35.64,32.75,20.79,12.43,9.02,147.54,161.1,152.19,161.26,170.9,169.67,186.98,177.26,209.68,61.91,103.14,81.93,81.32,86.14,74.58,92.96,95.36,90.04,102.59,104.09,114.36,120.31,121.79,134.88,141.65,187.98,125.41,133.02,146.27,154.57,183.8,194.63,169.78,174.6,25.13,31.54,40.74,42.38,54.4,47.6,195.42
188.55,152.47,216.28,176.58,181.24,203.31,188.65,202.91,118.59,126.32,171.56,167.15,175.65,189.25,210.8,26.82,192.46,224.37,68.74,162.37,169.21,136.88,170.95,184.81,201.15,92.77,161.84,151.87,153.32,159.41,116.26,197.58,122.27,156.78,237.31,204.29,159.78,189.44,207.06,201.75,161.19,150.08,200.34,184.93,124.55,162.52,179.59,183.8,80.32,172.06,173.05,132.14,142.43,179.83,41.15,153.24,135.53,164.36,187.2,199.5,162.12,118.52,166.98,195.49,102.82,123.27,47.6,253.59,70.2,212.62,131.8,207.65,143.33,75.42,183.91,178.49,240.35,156.85,171.35,197.16,246.91,148.85,147.11,186.81,178.75,166.66,210.28,142.07,209.1,95.93,108.06,173.47,224.99,168.22,101.94,126.72,126.81,211.41,212.63,168.0,113.41,180.66,193.45,163.17,156.71,161.34,193.39,208.71,202.08,207.49,168.81,127.93,176.19,163.93,189.64,165.43,149.11,152.99,173.87,172.5,133.68,177.33,158.45,214.17,143.0,157.92,232.39,199.19,233.74,148.4,172.62,189.71,226.78,171.72,205.19,85.57,220.72,185.4,173.96,95.4,153.12,192.2,170.75,77.83,199.39,150.4,177.18,205.01,172.43,216.5,184.32,207.12,177.89,174.2,165.41,162.27,210.96,175.92,169.37,220.82,134.06,99.59,56.34,156.08,199.97,166.08,23.67,60.09,141.14,182.77,191.44,209.38,132.68,176.44,215.11,142.46,131.12,188.67,168.67,196.54,165.73,127.66,173.95,150.4,86.12,187.47,177.21,167.34,194.05,236.09,173.52,187.74,185.35,199.78,167.34,181.37,175.33,134.69,172.37,175.88,167.24,198.35,181.85,180.06,96.99,171.39,169.5,178.73,184.45,172.36,169.0,248.09,221.64,223.72,200.18,173.62,193.12,227.27,213.03,156.48,177.0,204.7,206.34,225.75,219.33,215.29,223.1,218.47,203.12,217.66,215.5,197.7,192.5,193.84,188.55,224.18,211.33,199.56,203.19,219.6,220.15,189.74,181.29,251.28,227.65,253.09,232.66,259.72,268.29,274.21,262.44,262.69,257.22,175.97,162.8,174.21,174.87,167.61,147.51,143.84,160.98,161.5,147.6,147.08,160.24,127.94,137.27,146.56,172.8,166.2,150.6,140.82,165.96,182.26,161.38,133.25,138.33,123.99,162.21,152.31,176.71,167.49,159.79,168.25,176.21,173.51,182.65,180.78,137.1,130.87,119.94,138.51,121.76,180.62,185.1,180.02,183.54,122.09,135.12,151.26,120.41,92.16,94.21,87.43,92.78,80.91,100.17,124.77,192.2,192.44,62.7,58.87,79.88,67.26,40.86,32.15,50.93,43.75,55.89,62.79,74.81,79.42,139.67,171.33,158.56,163.91,152.41,160.3,184.23,187.69,191.28,208.33,215.83,42.55,47.7,39.36,0.0,22.23,38.75,32.44,39.88,36.47,185.27,198.83,189.92,198.99,208.63,207.4,224.71,214.99,228.13,99.64,121.59,119.66,122.3,127.12,112.31,133.94,133.09,127.77,140.32,141.82,152.09,158.04,159.52,172.61,179.38,206.43,163.14,170.75,184.0,192.3,202.25,213.08,207.51,212.33,52.57,57.39,59.19,60.83,72.85,57.0,213.87
184.84,148.75,212.56,172.86,177.52,199.59,184.93,199.19,114.87,122.6,167.85,163.43,171.93,185.54,207.08,23.1,188.74,220.65,65.02,158.65,165.49,133.16,167.23,181.09,197.43,89.05,158.12,148.15,149.6,155.69,112.54,193.86,118.55,153.06,213.72,200.57,156.07,185.72,203.34,198.03,157.47,146.36,196.62,181.22,120.83,158.8,175.87,180.08,76.6,168.34,169.33,128.42,138.71,176.11,37.43,149.52,131.81,160.64,183.49,195.78,158.4,114.8,163.26,191.77,99.1,119.55,43.88,230.0,66.49,208.9,128.08,203.93,139.61,71.7,180.19,174.77,216.75,153.13,167.63,193.44,223.32,145.13,143.39,183.09,175.03,162.94,206.56,138.36,205.38,92.21,104.34,169.75,221.6,164.5,98.22,123.01,123.09,207.69,208.91,164.28,109.69,176.94,189.73,159.45,152.99,157.62,189.67,204.99,198.36,203.77,165.1,124.21,172.47,160.22,185.92,161.71,145.39,149.28,170.16,168.79,129.96,173.61,154.73,210.46,139.29,154.2,217.18,195.48,210.14,144.68,168.9,185.99,216.72,168.0,201.47,81.85,217.0,181.68,170.24,91.68,149.4,188.48,167.04,74.12,195.67,146.68,173.46,201.29,168.71,212.78,180.6,203.4,174.17,170.48,161.69,158.55,207.24,172.2,165.65,224.19,130.34,95.88,52.62,152.36,196.25,162.36,19.95,56.37,137.42,179.05,187.72,205.66,128.97,172.72,211.39,138.74,127.4,184.95,164.95,192.82,162.01,123.94,170.23,146.68,82.4,183.75,173.49,163.62,190.33,212.5,169.8,184.02,181.63,196.06,163.63,177.65,171.62,130.97,168.66,172.16,163.52,194.63,178.13,176.34,93.27,167.67,165.78,175.01,180.73,168.65,165.28,250.1,217.92,220.0,196.46,169.9,189.4,223.85,209.31,152.76,173.28,200.98,202.62,222.03,215.61,211.57,219.38,214.75,199.4,213.94,211.79,193.98,188.79,190.12,184.83,220.46,207.61,195.84,199.47,215.88,216.43,186.02,177.57,227.68,204.06,231.8,211.37,238.43,247.0,250.61,238.85,239.1,233.63,172.25,159.08,170.49,171.15,163.89,143.79,140.13,157.26,157.78,143.88,143.36,156.52,124.22,133.55,142.84,169.08,162.48,146.88,137.1,162.24,178.55,157.66,129.53,134.61,120.27,158.49,148.59,172.99,163.77,156.07,164.53,172.49,169.79,178.93,177.06,133.38,127.15,116.22,134.79,118.04,176.9,181.38,176.3,179.82,118.37,131.4,147.54,116.69,88.44,90.49,83.71,89.06,77.19,96.45,121.05,188.48,188.72,58.99,55.15,76.16,63.54,37.14,28.43,47.21,40.03,52.17,59.07,71.09,75.7,135.95,167.62,154.84,160.2,148.69,156.58,180.51,183.97,187.56,204.61,212.11,38.83,43.98,35.64,22.23,0.0,35.03,28.72,36.16,32.75,181.55,195.11,186.2,195.27,204.91,203.68,220.99,211.27,224.41,95.92,117.87,115.94,118.58,123.4,108.59,130.22,129.37,124.05,136.6,138.1,148.37,154.32,155.8,168.89,175.66,202.71,159.42,167.03,180.28,188.58,198.53,209.36,203.79,208.61,48.85,53.67,55.47,57.11,69.14,53.28,210.15
180.52,144.44,208.25,168.54,173.21,203.92,189.26,203.52,119.2,118.29,163.53,159.12,167.62,189.86,202.77,18.79,184.43,216.33,62.13,154.34,161.18,128.85,162.92,185.42,201.76,84.74,153.81,143.84,145.29,151.38,108.22,198.19,114.24,148.75,192.15,196.26,151.75,190.05,199.02,202.36,161.8,142.05,192.3,176.9,116.52,154.48,171.56,184.41,72.29,164.02,165.01,132.75,135.82,171.8,33.11,145.21,136.14,156.33,187.81,200.11,154.08,110.49,158.95,196.1,94.78,123.88,41.0,208.43,62.17,204.59,123.76,199.62,135.3,68.82,175.88,181.13,195.18,148.81,163.32,189.13,201.75,140.81,147.72,187.42,179.36,158.63,202.24,134.04,201.07,87.9,100.03,165.44,200.03,160.19,93.9,120.12,118.78,203.37,204.6,159.97,105.38,181.27,194.06,155.13,148.68,153.3,194.0,200.68,202.69,199.45,160.78,119.9,168.15,155.9,181.61,157.39,141.07,144.96,165.84,164.47,134.29,169.29,150.41,206.14,134.97,149.88,195.61,191.16,188.57,140.37,164.58,181.67,195.15,163.69,197.15,78.96,207.35,186.01,174.57,87.36,153.73,184.17,162.72,69.8,191.36,151.01,169.15,196.97,173.04,208.46,184.93,199.09,169.86,166.16,157.37,170.93,202.93,178.56,161.34,202.62,126.03,91.56,49.74,148.05,200.58,158.05,17.06,57.79,141.75,174.73,183.4,201.34,133.29,177.05,207.08,134.42,123.09,180.64,160.63,188.51,157.69,119.62,165.92,142.36,78.09,179.44,177.82,159.3,186.02,190.93,174.13,179.7,177.31,191.74,167.96,173.34,167.3,126.65,172.98,176.49,159.2,190.32,173.81,172.02,88.95,172.0,161.47,170.7,176.42,164.33,160.97,228.53,213.6,215.69,192.15,165.59,185.09,202.28,204.99,148.44,168.97,196.67,198.3,217.72,211.3,207.25,215.07,210.44,195.08,209.63,207.47,189.66,184.47,185.81,180.52,216.15,203.3,191.52,195.16,211.57,212.11,181.71,173.26,206.11,182.49,251.99,192.54,241.78,233.97,229.04,217.28,217.52,212.06,167.93,154.77,166.17,166.83,159.58,139.48,135.81,152.95,153.46,139.56,139.04,152.21,119.9,129.24,138.53,164.76,158.17,142.57,132.79,157.93,174.23,153.35,125.22,130.29,115.95,154.17,144.27,168.68,159.46,151.75,160.21,168.18,165.48,174.62,172.75,129.06,122.84,111.9,130.47,113.72,172.59,177.07,171.98,175.5,114.06,127.08,143.23,112.38,85.56,86.18,79.4,84.75,72.88,92.13,116.73,184.17,193.05,54.67,50.83,71.84,59.23,20.85,20.74,42.9,35.71,47.85,56.18,68.21,72.81,133.07,163.3,150.53,155.88,153.02,160.91,184.84,188.3,191.89,208.94,216.44,35.94,41.09,32.75,38.75,35.03,0.0,33.05,33.27,29.86,185.88,199.44,190.53,199.6,209.24,208.01,225.32,215.6,228.74,100.25,122.2,120.27,115.7,120.52,112.92,127.33,133.7,128.38,140.93,142.43,152.7,158.65,160.13,173.22,179.99,207.04,163.75,171.36,184.61,192.91,202.86,213.69,208.12,212.94,45.97,52.38,59.8,61.44,73.46,57.61,214.48
182.86,146.77,210.58,129.28,175.54,176.15,161.48,175.74,91.43,105.54,152.7,161.45,169.95,162.09,205.1,21.12,156.32,218.67,47.87,156.67,163.51,131.18,123.66,157.64,173.98,87.07,156.14,146.17,147.62,153.71,110.56,170.41,116.57,151.08,231.61,198.59,154.08,162.27,201.36,174.59,134.03,144.38,194.64,179.23,118.85,156.82,143.69,156.63,74.62,166.36,167.35,104.98,128.33,174.13,35.45,147.54,108.36,143.58,160.04,172.34,156.42,97.74,161.28,168.33,97.12,96.1,29.04,247.89,64.51,206.92,126.1,201.95,137.63,54.55,178.21,151.32,234.65,151.15,130.08,191.46,241.22,143.15,119.94,159.65,151.58,160.96,204.58,136.38,203.4,90.23,87.28,167.77,219.3,162.52,81.15,109.04,106.03,205.71,206.93,162.3,107.71,153.5,166.29,157.47,151.01,155.64,166.23,203.01,174.92,201.79,163.12,122.23,138.6,158.24,153.95,159.73,143.41,147.3,134.38,166.8,106.51,171.63,152.75,208.47,137.31,152.22,226.69,193.5,228.04,142.7,166.92,184.01,221.08,166.02,199.49,64.7,215.02,158.23,146.79,73.7,125.95,186.5,165.06,72.14,193.69,123.23,171.48,199.31,145.27,210.8,157.15,201.42,163.21,168.5,125.82,135.11,205.26,148.76,163.67,215.12,128.36,93.89,35.47,150.38,172.8,160.38,17.97,32.93,113.97,177.07,185.74,203.68,105.52,149.27,209.41,136.76,125.42,153.29,162.97,190.84,160.03,121.96,168.25,144.7,80.42,151.33,150.04,161.64,188.35,230.39,146.36,182.04,179.65,194.08,140.18,175.67,169.64,128.99,145.21,148.72,161.54,192.65,176.15,174.36,76.2,144.23,163.8,173.03,178.75,166.67,163.3,242.39,215.94,218.02,194.48,167.92,187.42,221.57,207.33,150.78,171.3,199.0,200.64,220.05,213.63,209.59,217.4,212.77,197.42,211.96,209.81,192.0,186.81,188.14,182.85,218.48,205.63,193.86,197.49,213.9,214.45,184.04,175.59,245.58,221.95,259.59,239.16,266.21,273.43,268.51,256.74,256.99,251.52,170.27,157.1,168.51,169.17,161.91,141.81,138.14,155.28,155.8,141.9,141.38,154.54,122.24,131.57,140.86,167.1,160.5,144.9,135.12,160.26,176.57,155.68,127.55,132.63,118.29,156.51,146.61,171.01,161.79,154.09,162.55,170.51,167.81,176.95,175.08,131.4,125.17,114.24,132.81,116.06,170.06,174.54,168.27,168.85,116.39,114.34,145.56,114.71,71.29,88.51,81.73,87.08,75.21,94.47,103.99,156.82,165.27,57.01,53.17,74.18,61.56,35.16,26.45,45.23,38.05,50.19,41.92,53.94,58.55,125.57,150.55,137.78,143.13,125.24,133.13,157.07,160.53,164.12,181.17,188.67,21.68,41.44,20.79,32.44,28.72,33.05,0.0,8.36,15.6,158.1,171.66,162.76,171.82,181.46,180.24,197.54,187.82,200.97,72.48,94.42,92.49,103.29,98.47,85.14,119.84,105.93,100.6,113.16,114.66,124.92,130.87,132.35,145.44,152.21,179.26,135.97,143.58,156.83,165.13,175.09,185.91,180.35,185.17,36.27,30.22,32.02,33.66,45.69,29.83,186.7
183.07,146.99,210.8,124.88,175.76,183.08,168.41,182.68,98.36,97.18,142.42,139.23,170.17,169.02,205.32,21.34,163.32,218.89,39.51,156.89,141.3,108.96,119.26,164.57,180.92,87.29,156.36,124.89,147.84,136.39,89.28,177.35,95.29,151.3,231.83,198.81,131.87,169.21,201.58,181.52,140.96,144.6,194.86,179.45,97.58,134.6,150.45,163.57,74.84,166.58,167.57,111.91,113.2,174.35,35.67,125.33,115.3,135.22,166.97,179.27,156.64,89.38,140.0,175.26,75.84,103.03,20.68,248.11,64.72,207.14,126.32,202.17,116.35,46.19,156.0,160.02,234.87,129.87,142.21,191.68,241.43,121.87,126.88,166.58,158.51,161.18,204.8,136.59,203.62,68.96,78.92,146.49,219.51,140.3,72.79,97.5,97.67,205.93,207.15,140.08,86.43,160.43,173.22,157.69,151.23,134.36,173.16,203.23,181.85,202.01,163.33,100.95,147.05,136.02,160.5,152.56,143.63,125.08,144.73,160.91,113.45,171.85,152.97,208.69,115.09,152.44,226.91,193.71,228.26,120.48,144.7,184.23,221.3,144.74,199.71,56.34,215.24,165.17,153.73,65.34,132.88,186.72,165.28,72.35,193.91,130.16,171.7,199.53,152.2,211.02,164.09,201.64,149.98,168.72,136.27,142.04,205.48,157.45,163.89,215.34,107.08,73.87,27.11,129.1,179.74,138.17,16.21,35.16,120.9,177.29,185.96,203.9,112.45,156.21,209.63,115.48,104.15,159.53,146.8,191.06,160.25,100.68,158.15,122.48,73.14,158.33,156.98,161.86,188.57,230.61,153.29,182.26,179.87,194.3,147.11,175.89,169.85,107.71,152.14,155.65,161.76,192.87,176.37,174.58,67.84,151.16,153.7,173.25,178.97,166.89,163.52,242.61,216.16,218.24,194.7,168.14,187.64,221.79,207.55,151.0,171.52,199.22,200.86,220.27,213.85,209.81,217.62,212.99,197.64,212.18,210.02,192.22,187.02,188.36,183.07,218.7,205.85,194.08,197.71,214.12,214.67,184.26,175.81,245.8,222.17,267.02,246.59,273.65,273.65,268.73,256.96,257.21,251.74,154.1,144.53,147.23,147.89,162.13,142.03,138.36,155.5,134.52,120.62,141.6,152.7,122.46,131.79,141.08,167.32,160.72,145.12,135.34,160.48,176.78,155.9,127.77,132.85,118.51,135.23,124.39,148.8,140.51,131.87,140.33,148.3,145.6,154.74,152.87,110.12,103.9,95.22,111.53,116.28,152.71,157.18,152.1,155.62,95.11,105.98,123.35,93.43,62.93,88.73,81.95,87.3,75.43,94.69,95.63,163.06,172.21,57.22,53.39,74.4,61.78,35.38,26.67,45.45,38.27,50.41,33.56,45.58,50.19,110.44,142.19,129.42,134.77,132.17,140.07,164.0,167.46,171.05,188.1,195.6,13.32,18.47,12.43,39.88,36.16,33.27,8.36,0.0,7.24,165.04,178.6,169.69,178.76,188.4,187.17,204.47,194.75,207.9,79.41,101.36,99.43,93.07,97.89,92.07,104.71,112.86,107.53,120.09,121.59,131.86,137.81,139.28,152.38,159.15,186.2,142.9,150.52,163.76,172.06,182.02,192.85,187.28,192.1,23.34,29.75,38.96,40.6,52.62,45.82,193.64
179.67,143.59,207.4,117.64,172.36,175.84,161.18,175.44,91.12,89.94,135.18,131.99,166.77,161.78,201.91,17.93,156.08,215.48,32.27,153.49,134.06,101.72,112.02,157.34,173.68,83.88,152.95,117.65,144.43,129.15,82.04,170.11,88.06,147.9,228.42,195.4,124.63,161.97,198.17,174.28,133.72,141.2,191.45,176.05,90.34,127.36,143.21,156.33,71.43,161.48,164.16,104.67,105.96,170.94,32.26,118.09,108.06,127.98,159.73,172.03,153.23,82.14,132.77,168.02,68.6,95.79,17.27,244.71,61.32,203.74,122.91,198.76,109.11,38.95,148.76,152.78,231.46,122.63,134.97,188.28,238.03,114.63,119.64,159.34,151.28,156.09,201.39,133.19,200.21,61.72,71.68,139.25,216.11,133.06,65.56,90.26,90.43,202.52,203.74,132.84,79.19,153.19,165.98,154.28,147.82,127.12,165.92,199.82,174.61,198.6,159.93,93.71,139.81,128.78,153.26,145.32,140.22,117.84,137.49,153.67,106.21,168.44,149.56,205.29,107.85,149.03,223.5,190.31,224.85,113.25,137.46,180.82,217.89,137.5,196.3,49.1,211.83,157.93,146.49,58.1,125.65,183.31,161.87,68.95,190.5,122.92,168.29,196.12,144.96,207.61,156.85,198.24,142.74,165.31,129.03,134.8,202.07,150.21,160.49,211.93,99.85,66.63,19.87,121.86,172.5,130.93,12.8,27.92,113.67,173.88,182.55,200.49,105.21,148.97,206.22,108.24,96.91,152.29,139.56,187.66,156.84,93.44,150.91,115.24,65.9,151.09,149.74,158.45,185.16,227.21,146.05,178.85,176.46,190.89,139.87,172.49,166.45,100.47,144.9,148.41,158.35,189.46,172.96,171.17,60.61,143.92,146.46,169.84,175.56,159.86,156.5,239.2,212.75,214.84,191.29,164.73,184.24,218.39,204.14,147.59,168.11,195.81,197.45,216.87,210.45,206.4,214.21,209.58,194.23,208.77,206.62,188.81,183.62,184.95,179.66,215.29,202.44,190.67,194.3,210.72,211.26,180.85,172.4,242.39,218.76,263.61,243.18,270.24,270.24,265.32,253.56,253.8,248.33,146.87,137.29,139.99,140.65,158.73,138.62,134.96,152.09,127.28,113.38,138.19,145.46,119.05,128.38,137.67,163.91,157.31,141.71,131.93,157.07,173.38,152.49,124.36,129.44,115.1,127.99,117.15,141.56,133.27,124.63,133.09,141.06,138.36,147.5,145.63,102.88,96.66,87.98,104.29,112.87,145.47,149.95,144.86,148.38,87.87,98.74,116.11,86.2,55.69,85.32,78.54,83.9,72.02,91.28,88.39,155.82,164.97,53.82,49.98,70.99,58.37,31.97,23.26,42.04,34.86,47.0,26.32,38.34,42.95,103.21,134.95,122.18,127.53,124.94,132.83,156.76,160.22,163.81,180.86,188.36,6.08,11.23,9.02,36.47,32.75,29.86,15.6,7.24,0.0,157.8,171.36,162.45,171.52,181.16,179.93,197.24,187.52,200.66,72.17,94.12,92.19,85.83,90.66,84.84,97.47,105.62,100.3,112.85,114.35,124.62,130.57,132.05,145.14,151.91,178.96,135.66,143.28,156.53,164.82,174.78,185.61,180.04,184.86,16.11,22.52,31.72,33.36,45.38,38.58,186.4
202.19,223.11,229.92,63.45,206.61,40.9,50.25,32.06,66.68,106.01,69.05,119.55,171.72,41.17,224.44,166.6,72.67,238.01,143.71,183.67,98.8,122.48,67.78,62.14,29.7,166.84,226.01,119.74,173.68,116.71,142.67,30.65,134.64,178.08,275.3,217.93,97.71,28.07,220.7,20.77,23.42,158.81,213.98,201.04,138.09,110.81,60.04,6.31,156.17,162.47,164.3,56.02,73.77,189.76,152.27,105.94,49.74,76.23,28.96,39.35,182.26,115.16,134.49,42.63,144.25,62.0,138.64,305.44,162.94,249.32,175.93,221.29,130.38,132.29,116.44,56.77,292.2,122.79,61.44,210.8,298.76,126.29,46.94,26.66,22.12,157.07,223.92,167.34,222.74,141.22,125.98,140.24,268.76,92.11,131.34,72.94,111.34,255.06,238.66,105.22,145.69,57.99,37.23,199.9,157.83,128.11,55.0,222.35,21.1,221.13,169.75,131.47,56.14,116.34,70.3,146.3,214.22,118.39,70.75,154.66,56.63,177.68,179.75,241.94,117.16,151.81,276.15,212.83,283.3,119.22,107.38,201.41,270.55,138.49,218.83,148.34,264.48,35.8,13.81,145.88,44.36,205.84,197.66,155.64,213.03,39.12,195.9,218.65,36.96,230.13,45.93,248.01,79.55,187.84,67.53,60.81,224.6,65.1,190.67,264.58,125.62,142.09,132.18,130.64,37.55,94.99,170.6,138.35,44.13,194.0,205.08,235.4,55.0,53.77,258.88,123.91,129.32,69.63,140.55,210.18,179.28,133.06,151.9,118.32,150.19,67.68,36.52,173.02,207.69,287.94,51.26,201.38,198.99,213.42,50.67,195.01,188.97,133.52,37.44,43.05,180.88,211.99,195.49,193.7,135.46,47.08,147.44,192.37,198.09,160.85,157.48,291.74,265.28,260.42,253.59,244.26,261.56,271.04,256.79,207.45,203.02,218.34,219.97,239.39,232.97,228.93,236.74,232.11,216.76,231.3,229.14,211.34,206.14,209.94,209.32,237.82,224.97,220.91,216.83,246.68,233.79,235.32,165.81,303.13,280.48,347.27,348.49,338.79,330.98,326.06,314.29,314.54,309.07,147.85,139.01,141.71,142.37,198.92,175.99,178.81,163.91,136.06,137.65,165.37,146.45,183.29,172.24,163.06,218.37,223.61,221.24,227.2,236.6,252.9,232.02,207.32,212.4,198.06,125.36,107.99,129.12,127.11,108.08,110.95,113.44,103.1,119.88,115.54,143.39,137.41,144.25,144.8,195.83,86.4,90.88,84.61,85.2,139.86,115.41,111.88,138.09,141.41,168.28,161.5,166.86,154.98,163.67,129.33,73.16,44.96,170.25,175.33,161.2,166.44,158.65,163.35,186.48,160.15,178.46,137.76,131.58,120.25,79.45,73.94,77.2,74.13,29.59,49.32,38.21,14.71,12.25,25.62,31.18,152.87,146.86,147.54,185.27,181.55,185.88,158.1,165.04,157.8,0.0,21.79,14.22,38.84,27.44,37.45,37.74,45.04,57.09,85.75,100.06,66.4,80.86,85.68,73.77,84.14,69.82,64.5,60.49,44.24,47.26,44.88,28.27,21.46,19.23,46.37,22.13,24.78,27.19,32.12,42.19,51.22,47.36,47.89,141.69,135.65,136.23,124.44,142.29,144.32,70.18
187.09,208.01,214.82,48.35,191.51,25.8,35.15,21.11,80.24,90.91,53.95,104.45,156.62,26.07,209.34,190.47,57.57,222.91,152.06,168.57,83.7,107.38,52.68,47.04,14.6,151.74,210.91,104.64,158.58,101.61,127.57,15.55,119.54,162.98,260.2,202.83,82.61,42.09,205.6,9.82,36.66,143.71,198.88,185.94,122.99,95.71,44.94,15.49,141.07,147.37,149.2,70.03,58.67,174.66,165.83,90.84,63.3,61.13,13.86,43.47,167.16,100.06,119.39,27.53,129.15,75.56,152.2,290.34,147.84,234.22,160.83,206.19,115.28,146.9,101.34,41.67,277.1,107.69,46.34,195.7,283.66,111.19,51.72,40.68,28.86,141.97,208.82,152.24,207.64,126.12,110.88,125.14,253.66,77.01,116.24,77.65,96.24,239.96,223.56,90.12,130.59,42.89,22.13,184.8,142.73,113.01,39.9,207.25,10.15,206.03,154.65,116.37,41.04,101.24,55.2,131.2,199.12,103.29,55.65,139.56,71.46,162.58,164.65,226.84,102.06,136.71,261.06,197.73,268.2,104.12,92.28,186.31,255.45,123.39,203.73,133.24,249.38,20.7,27.82,130.78,44.95,190.74,182.56,140.54,197.93,52.99,180.8,203.55,36.4,215.04,30.83,232.91,64.45,172.74,52.43,45.71,209.5,50.0,175.57,249.48,110.52,126.99,145.74,115.54,22.45,79.89,184.16,151.91,63.01,178.9,189.98,220.3,68.56,38.67,243.78,108.81,114.22,54.53,125.45,195.08,164.18,117.96,136.8,103.22,135.09,52.58,21.42,157.92,192.59,272.84,36.16,186.28,183.89,198.32,35.57,179.91,173.87,118.42,30.92,27.95,165.78,196.89,180.39,178.6,120.36,31.98,132.34,177.27,182.99,145.75,142.39,276.64,250.19,245.32,238.49,229.16,246.46,255.94,241.69,192.35,187.92,203.24,204.87,224.29,217.87,213.83,221.64,217.01,201.66,216.2,214.04,196.24,191.04,194.84,194.22,222.72,209.87,205.81,201.73,231.58,218.69,220.22,150.71,288.03,265.38,332.17,333.39,323.69,315.88,310.96,299.19,299.44,293.97,132.75,123.91,126.61,127.27,183.82,160.89,163.71,148.81,120.96,122.55,150.27,131.35,168.19,157.14,147.96,203.27,208.51,206.14,212.1,221.5,237.8,216.92,192.22,197.3,182.96,110.26,92.89,114.02,112.01,92.98,95.85,98.34,88.0,104.78,100.44,128.29,122.31,129.15,129.7,180.73,71.3,75.78,69.51,70.1,124.76,100.31,96.78,122.99,126.31,153.18,146.4,151.76,139.88,148.57,114.23,58.06,29.86,155.15,160.23,146.1,151.34,182.52,187.22,171.38,174.05,163.36,154.56,149.26,137.94,64.35,58.84,62.1,59.03,51.44,54.49,23.11,30.27,27.81,14.67,20.23,166.43,160.42,161.1,198.83,195.11,199.44,171.66,178.6,171.36,21.79,0.0,12.13,32.02,16.49,26.5,26.79,34.09,48.35,99.11,120.37,86.7,81.79,86.61,87.13,69.04,83.18,77.86,79.06,58.25,61.28,58.89,42.29,35.48,33.24,60.38,36.15,38.79,41.21,46.13,56.21,55.34,38.76,36.94,155.05,149.01,149.58,137.8,162.6,157.67,63.15
192.53,213.44,220.26,53.78,196.94,31.23,40.59,16.6,71.33,96.34,59.38,109.89,162.06,31.51,214.77,195.9,63.0,228.34,157.5,174.01,89.13,112.82,58.12,52.47,20.03,157.18,216.34,110.07,164.02,107.05,133.01,20.98,124.97,168.41,265.63,208.26,88.05,32.72,211.03,8.2,35.9,149.15,204.31,191.37,128.43,101.15,50.37,12.75,146.5,152.8,154.64,60.67,64.1,180.1,156.92,96.28,54.39,66.56,19.3,38.96,172.59,105.5,124.82,32.96,134.58,66.66,143.29,295.78,153.27,239.66,166.27,211.62,120.71,152.33,106.78,47.11,282.53,113.12,51.77,201.14,289.1,116.62,57.15,31.31,34.3,147.41,214.25,157.68,213.08,131.56,116.31,130.57,259.09,82.45,121.67,77.59,101.68,245.39,228.99,95.56,136.02,48.33,27.57,190.24,148.17,118.44,45.33,212.69,7.12,211.46,160.08,121.8,46.48,106.67,60.63,136.64,204.55,108.72,61.09,145.0,61.28,168.01,170.08,232.28,107.49,142.15,266.49,203.17,273.64,109.56,97.71,191.74,260.88,128.82,209.16,138.67,254.82,26.14,18.46,136.22,50.38,196.18,187.99,145.97,203.37,43.77,186.23,208.98,41.84,220.47,36.26,238.35,69.88,178.17,57.87,51.14,214.94,55.44,181.01,254.92,115.95,132.43,136.83,120.97,27.89,85.33,175.25,143.01,48.78,184.33,195.41,225.74,59.65,44.11,249.21,114.24,119.65,59.97,130.89,200.52,169.61,123.39,142.23,108.66,140.52,58.01,26.85,163.35,198.03,278.28,41.59,191.71,189.32,203.75,41.0,185.35,179.31,123.86,36.36,33.38,171.21,202.33,185.82,184.03,125.79,37.41,137.78,182.71,188.42,151.18,147.82,282.07,255.62,250.76,243.92,234.59,251.9,261.37,247.13,197.78,193.35,208.67,210.31,229.73,223.31,219.26,227.07,222.44,207.09,221.64,219.48,201.67,196.48,200.28,199.65,228.15,215.31,211.25,207.17,237.01,224.12,225.65,156.14,293.46,270.82,337.6,338.82,329.13,321.32,316.39,304.63,304.87,299.41,138.19,129.35,132.05,132.71,189.25,166.32,169.15,154.25,126.39,127.98,155.7,136.78,173.63,162.57,153.39,208.71,213.94,211.57,217.53,226.93,243.24,222.35,197.66,202.73,188.39,115.69,98.33,119.45,117.45,98.42,101.29,103.77,93.43,110.21,105.88,133.72,127.74,134.59,135.13,186.16,76.74,81.22,74.95,75.53,130.19,105.74,102.21,128.43,131.74,158.62,151.84,157.19,145.32,154.0,119.66,63.5,35.29,160.58,165.67,151.53,156.77,187.96,192.66,176.82,179.49,168.8,160.0,154.7,143.37,69.78,64.27,67.53,64.47,42.07,53.97,28.54,22.7,20.23,13.06,18.61,157.52,151.51,152.19,189.92,186.2,190.53,162.76,169.69,162.45,14.22,12.13,0.0,27.51,11.98,21.99,22.28,29.58,43.84,90.4,104.71,71.05,87.22,92.04,78.42,74.47,74.48,69.15,65.14,48.89,51.92,49.53,32.92,26.12,23.88,51.02,26.79,29.43,31.84,36.77,46.84,50.83,34.25,32.43,146.35,140.3,140.88,129.09,146.94,148.97,58.64
212.42,233.34,240.15,73.67,216.83,42.17,60.48,10.91,80.4,116.23,79.27,129.78,181.95,51.4,234.66,180.31,82.89,248.23,157.42,193.9,109.02,132.71,78.01,72.37,39.92,177.07,236.24,129.96,183.91,126.94,152.9,40.87,144.86,188.31,285.52,228.16,107.94,17.74,230.92,28.09,44.97,169.04,224.2,211.26,148.32,121.04,70.26,37.37,166.4,172.7,174.53,69.73,83.99,199.99,165.99,116.17,63.46,86.45,39.19,18.44,192.48,125.39,144.72,52.85,154.47,75.72,152.36,315.67,173.16,259.55,186.16,231.52,140.6,146.01,126.67,67.0,302.42,133.02,71.66,221.03,308.99,136.51,60.66,12.17,52.76,167.3,234.14,177.57,232.97,151.45,136.2,150.47,278.99,102.34,141.57,86.66,121.57,265.28,248.88,115.45,155.92,68.22,47.46,210.13,168.06,138.33,65.23,232.58,27.01,231.35,179.97,141.69,66.37,126.56,80.52,156.53,224.44,128.62,80.98,164.89,70.35,187.91,189.97,252.17,127.39,162.04,286.38,223.06,293.53,129.45,117.6,211.64,280.77,148.72,229.05,158.56,274.71,46.03,25.03,156.11,58.08,216.07,207.89,165.86,223.26,52.84,206.13,228.87,58.5,240.36,56.15,258.24,89.78,198.06,77.76,71.03,234.83,75.33,200.9,274.81,135.85,152.32,145.9,140.87,45.24,105.22,184.32,152.07,57.85,204.22,215.3,245.63,68.72,64.0,269.1,134.13,139.55,79.86,150.78,220.41,189.5,143.28,162.12,128.55,160.41,77.9,46.75,183.24,217.92,298.17,61.48,211.6,209.21,223.64,60.89,205.24,199.2,143.75,58.99,53.27,191.1,222.22,205.71,203.92,145.69,57.3,157.67,202.6,208.32,171.07,167.71,301.96,275.51,270.65,263.82,254.49,271.79,281.26,267.02,217.68,213.25,228.57,230.2,249.62,243.2,239.15,246.97,242.34,226.98,241.53,239.37,221.56,216.37,220.17,219.55,248.05,235.2,231.14,227.06,256.9,244.01,245.55,176.03,313.35,290.71,357.49,358.71,349.02,341.21,336.28,324.52,324.77,319.3,158.08,149.24,151.94,152.6,209.14,186.21,189.04,174.14,146.28,147.87,175.59,156.68,193.52,182.47,173.28,228.6,233.84,231.46,237.43,246.82,263.13,242.24,217.55,222.62,208.28,135.58,118.22,139.34,137.34,118.31,121.18,123.66,113.33,130.1,125.77,153.61,147.63,154.48,155.02,206.05,96.63,101.11,94.84,95.42,150.08,125.63,122.1,148.32,151.64,178.51,171.73,177.08,165.21,173.89,139.55,83.39,55.18,180.48,185.56,171.42,176.67,172.37,177.07,196.71,173.87,188.69,151.47,145.29,133.97,89.67,84.16,87.42,84.36,51.14,63.03,48.43,47.32,44.85,32.95,27.81,166.59,160.58,161.26,198.99,195.27,199.6,171.82,178.76,171.52,38.84,32.02,27.51,0.0,16.24,15.41,18.91,22.99,36.19,99.47,113.78,80.12,94.58,99.4,87.49,94.36,83.54,78.22,74.2,57.95,46.65,40.7,41.99,35.18,19.61,30.33,35.85,38.49,24.77,25.25,38.02,30.32,26.45,25.84,155.41,149.37,149.94,138.16,159.62,158.03,45.57
196.9,217.81,224.62,58.15,201.31,35.6,44.95,5.33,90.04,100.71,63.75,114.25,166.42,35.87,219.14,200.27,67.37,232.71,161.86,178.37,93.5,117.19,62.48,56.84,24.4,161.54,220.71,114.44,168.38,111.41,137.38,25.35,129.34,172.78,270.0,212.63,92.42,26.99,215.4,12.56,50.91,153.51,208.68,195.74,132.8,105.51,54.74,21.14,150.87,157.17,159.01,75.68,68.47,184.46,175.63,100.64,73.1,70.93,23.66,27.69,176.96,109.87,129.19,37.33,138.95,85.36,162.0,300.14,157.64,244.03,170.63,215.99,125.08,156.7,111.15,51.48,286.9,117.49,56.14,205.5,293.47,120.99,61.52,21.42,38.66,151.77,218.62,162.04,217.44,135.93,120.68,134.94,263.46,86.81,126.04,87.45,106.04,249.76,233.36,99.93,140.39,52.7,31.93,194.6,152.53,122.81,49.7,217.05,11.48,215.83,164.45,126.17,50.84,111.04,65.0,141.0,208.92,113.09,65.46,149.36,81.26,172.38,174.45,236.64,111.86,146.51,270.86,207.54,278.01,113.93,102.08,196.11,265.25,133.19,213.53,143.04,259.18,30.5,33.47,140.58,54.75,200.54,192.36,150.34,207.73,58.79,190.6,213.35,46.2,224.84,40.63,242.72,74.25,182.54,62.23,55.51,219.3,59.8,185.37,259.29,120.32,136.79,155.54,125.34,32.25,89.69,193.96,161.71,63.8,188.7,199.78,230.1,78.36,48.47,253.58,118.61,124.02,64.33,135.25,204.88,173.98,127.76,146.6,113.03,144.89,62.38,31.22,167.72,202.39,282.64,45.96,196.08,193.69,208.12,45.37,189.71,183.68,128.23,40.72,37.75,175.58,206.69,190.19,188.4,130.16,41.78,142.15,187.07,192.79,155.55,152.19,286.44,259.99,255.13,248.29,238.96,256.27,265.74,251.49,202.15,197.72,213.04,214.68,234.09,227.67,223.63,231.44,226.81,211.46,226.0,223.85,206.04,200.85,204.64,204.02,232.52,219.67,215.62,211.53,241.38,228.49,230.02,160.51,297.83,275.19,341.97,343.19,333.5,325.68,320.76,309.0,309.24,303.77,142.55,133.71,136.41,137.08,193.62,170.69,173.52,158.61,130.76,132.35,160.07,141.15,178.0,166.94,157.76,213.07,218.31,215.94,221.9,231.3,247.6,226.72,202.02,207.1,192.76,120.06,102.69,123.82,121.81,102.78,105.65,108.14,97.8,114.58,110.25,138.09,132.11,138.96,139.5,190.53,81.11,85.58,79.31,79.9,134.56,110.11,106.58,132.79,136.11,162.98,156.21,161.56,149.68,158.37,124.03,67.87,39.66,164.95,170.03,155.9,161.14,192.32,197.03,181.18,183.85,173.16,164.36,159.06,147.74,74.15,68.64,71.9,68.83,57.09,64.29,32.91,35.92,33.46,17.42,19.9,176.23,170.22,170.9,208.63,204.91,209.24,181.46,188.4,181.16,27.44,16.49,11.98,16.24,0.0,10.72,11.01,18.31,32.57,108.91,130.17,96.5,91.59,96.41,96.93,78.84,92.98,87.66,88.86,63.9,55.9,49.95,47.94,41.13,28.85,39.58,41.8,44.44,34.01,34.5,47.26,39.56,22.98,21.16,164.85,158.81,159.38,147.6,168.87,167.48,47.37
206.9,227.82,234.63,68.16,211.32,36.66,54.96,5.4,88.81,110.72,73.76,124.26,176.43,45.88,229.15,210.28,77.38,242.72,171.87,188.38,103.51,127.19,72.49,66.85,34.41,171.55,230.72,124.45,178.39,121.42,147.38,35.36,139.35,182.79,280.01,222.64,102.42,26.16,225.41,22.57,53.38,163.52,218.69,205.75,142.8,115.52,64.75,31.15,160.88,167.18,169.01,78.15,78.48,194.47,174.4,110.65,71.87,80.94,33.67,18.02,186.97,119.87,139.2,47.34,148.96,84.14,160.78,310.15,167.65,254.03,180.64,226.0,135.09,166.71,121.15,61.48,296.91,127.5,66.15,215.51,303.47,131.0,71.53,20.59,48.67,161.78,228.63,172.05,227.45,145.93,130.69,144.95,273.47,96.82,136.05,95.07,116.05,259.77,243.37,109.93,150.4,62.7,41.94,204.61,162.54,132.82,59.71,227.06,21.49,225.84,174.46,136.18,60.85,121.05,75.01,151.01,218.93,123.1,75.46,159.37,78.76,182.39,184.46,246.65,121.87,156.52,280.86,217.54,288.01,123.93,112.09,206.12,275.26,143.2,223.54,153.05,269.19,40.51,33.44,150.59,64.76,210.55,202.37,160.35,217.74,61.25,200.61,223.36,56.21,234.84,50.64,252.72,84.26,192.55,72.24,65.52,229.31,69.81,195.38,269.29,130.33,146.8,154.31,135.35,39.72,99.7,192.73,160.49,66.26,198.71,209.79,240.11,77.13,58.48,263.58,128.62,134.03,74.34,145.26,214.89,183.99,137.77,156.61,123.03,154.9,72.39,41.23,177.73,212.4,292.65,55.97,206.09,203.7,218.13,55.38,199.72,193.68,138.23,50.73,47.76,185.59,216.7,200.2,198.41,140.17,51.79,152.15,197.08,202.8,165.56,162.2,296.45,269.99,265.13,258.3,248.97,266.27,275.75,261.5,212.16,207.73,223.05,224.68,244.1,237.68,233.64,241.45,236.82,221.47,236.01,233.85,216.05,210.85,214.65,214.03,242.53,229.68,225.62,221.54,251.39,238.5,240.03,170.52,307.84,285.19,351.98,353.2,343.5,335.69,330.77,319.0,319.25,313.78,152.56,143.72,146.42,147.08,203.63,180.7,183.52,168.62,140.77,142.36,170.08,151.16,188.0,176.95,167.77,223.08,228.32,225.95,231.91,241.31,257.61,236.73,212.03,217.11,202.77,130.07,112.7,133.83,131.82,112.79,115.66,118.15,107.81,124.59,120.25,148.1,142.12,148.96,149.51,200.54,91.11,95.59,89.32,89.91,144.57,120.12,116.59,142.8,146.12,172.99,166.21,171.57,159.69,168.38,134.04,77.87,49.67,174.96,180.04,165.91,171.15,202.33,207.03,191.19,193.86,183.17,174.37,169.07,157.75,84.16,78.65,81.91,78.84,59.55,71.45,42.92,45.93,43.47,27.43,22.29,175.0,169.0,169.67,207.4,203.68,208.01,180.24,187.17,179.93,37.45,26.5,21.99,15.41,10.72,0.0,13.4,7.59,21.85,107.88,122.19,88.53,101.6,106.42,95.9,88.85,91.96,86.63,82.62,66.37,55.06,49.11,50.4,43.6,28.02,28.27,44.27,46.91,33.18,33.67,33.87,28.25,12.25,10.43,163.83,157.78,158.36,146.57,168.03,166.45,36.65
212.97,233.89,240.7,74.22,217.38,23.4,50.45,8.0,106.11,116.78,79.82,130.33,182.5,37.55,235.22,216.35,83.44,248.78,177.94,194.45,109.58,133.26,78.56,72.92,25.62,177.62,236.79,130.52,184.46,127.49,153.45,31.85,145.41,188.86,286.08,228.71,108.49,29.66,231.48,22.86,56.89,169.59,224.75,211.81,148.87,121.59,70.81,31.43,166.95,173.25,175.08,81.65,84.55,200.54,191.71,116.72,89.18,87.0,33.96,30.36,193.03,125.94,145.27,39.0,155.03,101.44,178.08,316.22,173.72,260.1,186.71,232.07,141.15,172.78,127.22,67.55,302.97,133.57,72.21,221.58,309.54,137.06,77.6,24.09,48.96,167.85,234.69,178.12,233.52,152.0,136.76,151.02,279.54,102.89,142.12,103.53,122.12,265.83,249.43,116.0,156.47,68.77,33.61,210.68,168.61,138.89,49.75,233.13,21.78,231.91,180.52,142.25,66.92,127.12,81.07,157.08,225.0,129.17,81.53,165.44,97.33,188.46,190.52,252.72,127.94,162.59,286.93,223.61,294.08,130.0,118.16,212.19,281.32,149.27,229.6,159.12,275.26,44.16,36.95,156.66,70.83,216.62,208.44,166.41,223.81,64.76,206.68,229.42,62.28,240.91,46.13,258.79,90.33,198.61,78.31,71.58,235.38,75.88,201.45,275.36,136.4,152.87,171.61,141.42,26.46,105.77,210.04,177.79,69.77,204.77,215.85,246.18,94.44,64.55,269.65,134.69,140.1,80.41,151.33,220.96,190.05,143.83,162.67,129.1,160.96,78.45,41.52,183.8,218.47,298.72,62.04,212.16,209.76,224.2,61.45,205.79,199.75,144.3,56.8,54.3,191.65,222.77,206.26,204.48,146.24,57.85,158.22,203.15,208.87,171.63,168.26,302.52,276.06,271.2,264.37,255.04,272.34,281.82,267.57,218.23,213.8,229.12,230.75,250.17,243.75,239.7,247.52,242.89,227.53,242.08,239.92,222.12,216.92,220.72,220.1,248.6,235.75,231.69,227.61,257.45,244.56,246.1,176.59,313.9,291.26,358.05,359.26,349.57,341.76,336.84,325.07,325.32,319.85,158.63,149.79,152.49,153.15,209.69,186.76,189.59,174.69,146.83,148.42,176.14,157.23,194.07,183.02,173.84,229.15,234.39,232.02,237.98,247.37,263.68,242.79,218.1,223.18,208.84,136.13,118.77,139.89,137.89,118.86,121.73,124.22,113.88,130.65,126.32,154.16,148.19,155.03,155.57,206.61,97.18,101.66,95.39,95.97,150.63,126.19,122.66,148.87,152.19,179.06,172.28,177.63,165.76,174.45,140.1,83.94,48.49,181.03,186.11,171.98,177.22,208.4,213.1,197.26,199.93,189.24,180.44,175.14,163.81,90.23,84.71,87.98,84.91,63.06,80.36,43.2,46.22,43.75,17.97,9.03,192.31,186.3,186.98,224.71,220.99,225.32,197.54,204.47,197.24,37.74,26.79,22.28,18.91,11.01,13.4,0.0,20.98,35.25,125.09,125.7,92.04,107.76,112.59,113.11,95.01,109.16,103.83,86.12,69.87,58.57,52.62,53.91,47.1,31.53,42.25,47.77,50.41,36.69,37.17,49.94,42.24,25.65,23.83,181.03,174.98,175.56,163.78,171.54,183.65,50.05
214.49,235.4,242.22,75.74,218.9,45.78,72.84,12.98,96.39,118.3,81.34,131.85,184.02,59.93,236.73,217.86,84.96,250.3,179.46,195.97,111.09,134.78,80.08,74.44,48.0,179.14,238.3,132.03,185.98,129.01,154.97,54.24,146.93,190.38,287.59,230.23,110.01,33.74,232.99,30.16,60.97,171.11,226.27,213.33,150.39,123.11,72.33,38.73,168.46,174.77,176.6,85.73,86.06,202.06,181.99,118.24,79.46,88.52,41.26,21.06,194.55,127.46,146.78,61.39,156.54,91.72,168.36,317.74,175.23,261.62,188.23,233.58,142.67,174.29,128.74,69.07,304.49,135.08,73.73,223.1,311.06,138.58,79.11,28.17,56.26,169.37,236.21,179.64,235.04,153.52,138.27,152.54,281.06,104.41,143.64,102.66,123.64,267.35,250.95,117.52,157.98,70.29,55.99,212.2,170.13,140.4,72.13,234.65,29.08,233.42,182.04,143.76,68.44,128.63,82.59,158.6,226.51,130.68,83.05,166.96,86.35,189.97,192.04,254.24,129.45,164.11,288.45,225.13,295.6,131.52,119.67,213.7,282.84,150.78,231.12,160.63,276.78,48.1,41.03,158.18,72.34,218.14,209.95,167.93,225.33,68.84,208.2,230.94,63.8,242.43,68.51,260.31,91.84,200.13,79.83,73.1,236.9,77.4,202.97,276.88,137.92,154.39,161.89,142.93,48.85,107.29,200.32,168.07,73.85,206.29,217.37,247.7,84.72,66.07,271.17,136.2,141.62,81.93,152.85,222.48,191.57,145.35,164.19,130.62,162.48,79.97,48.81,185.31,219.99,300.24,63.55,213.67,211.28,225.71,62.96,207.31,201.27,145.82,58.32,55.34,193.17,224.29,207.78,205.99,147.75,59.37,159.74,204.67,210.38,173.14,169.78,304.03,277.58,272.72,265.89,256.55,273.86,283.33,269.09,219.75,215.31,230.63,232.27,251.69,245.27,241.22,249.03,244.4,229.05,243.6,241.44,223.63,218.44,222.24,221.62,250.11,237.27,233.21,229.13,258.97,246.08,247.61,178.1,315.42,292.78,359.56,360.78,351.09,343.28,338.35,326.59,326.84,321.37,160.15,151.31,154.01,154.67,211.21,188.28,191.11,176.21,148.35,149.94,177.66,158.74,195.59,184.53,175.35,230.67,235.9,233.53,239.5,248.89,265.2,244.31,219.62,224.69,210.35,137.65,120.29,141.41,139.41,120.38,123.25,125.73,115.39,132.17,127.84,155.68,149.7,156.55,157.09,208.12,98.7,103.18,96.91,97.49,152.15,127.7,124.17,150.39,153.7,180.58,173.8,179.15,167.28,175.96,141.62,85.46,70.87,182.55,187.63,173.49,178.73,209.92,214.62,198.78,201.45,190.76,181.96,176.66,165.33,91.74,86.23,89.49,86.43,67.14,79.03,50.5,53.52,51.05,35.02,29.87,182.59,176.58,177.26,214.99,211.27,215.6,187.82,194.75,187.52,45.04,34.09,29.58,22.99,18.31,7.59,20.98,0.0,28.99,115.47,129.78,96.11,109.18,114.0,103.49,96.43,99.54,94.22,90.2,73.95,62.65,56.7,57.99,51.18,35.61,31.31,51.85,54.49,40.77,41.25,36.91,31.29,15.3,7.6,171.41,165.37,165.94,154.16,182.91,174.03,41.8
228.76,249.67,256.48,90.01,233.17,62.4,89.46,27.25,98.65,132.57,95.61,146.11,198.28,76.55,251.0,216.81,99.23,264.57,218.56,210.23,125.36,149.05,94.34,88.7,64.62,193.4,252.57,146.3,200.24,143.27,169.24,57.21,161.2,204.64,301.86,244.49,124.28,36.0,247.26,44.43,63.22,185.37,240.54,227.6,164.66,137.37,86.6,53.0,182.73,189.03,190.87,87.99,100.33,216.32,227.13,132.5,81.71,102.79,55.52,18.37,208.82,141.73,161.05,78.01,170.81,93.98,213.5,332.0,189.5,275.89,202.49,247.85,156.94,188.56,143.01,83.34,318.76,149.35,88.0,237.36,325.33,152.85,78.92,30.43,71.02,183.64,250.48,193.91,249.3,167.79,152.54,166.8,295.32,118.67,157.9,104.91,137.9,281.62,265.22,131.79,172.25,84.56,72.61,226.46,184.39,154.67,88.75,248.91,43.34,247.69,196.31,158.03,82.7,142.9,96.86,172.87,240.78,144.95,97.32,181.22,88.6,204.24,206.31,268.51,143.72,178.37,302.72,239.4,309.87,145.79,133.94,227.97,297.11,165.05,245.39,174.9,291.04,62.36,43.29,172.44,76.33,232.4,224.22,182.2,239.59,71.1,222.46,245.21,76.76,256.7,85.13,274.58,106.11,214.4,94.09,87.37,251.16,91.66,217.23,291.15,152.18,168.65,206.17,157.2,65.47,121.55,213.46,181.22,76.11,220.56,231.64,261.96,86.98,80.33,285.44,150.47,155.88,96.19,167.11,236.74,205.84,159.62,178.46,144.89,176.75,94.24,63.08,199.58,234.25,314.51,77.82,227.94,225.55,239.98,77.23,221.57,215.54,160.09,72.58,69.61,207.44,238.55,222.05,220.26,162.02,73.64,174.01,218.93,224.65,187.41,184.05,318.3,291.85,286.99,280.15,270.82,288.13,297.6,283.35,234.01,229.58,244.9,246.54,265.95,259.53,255.49,263.3,258.67,243.32,257.86,255.71,237.9,232.71,236.5,235.88,264.38,251.53,247.48,243.39,273.24,260.35,261.88,192.37,329.69,307.05,373.83,375.05,365.36,357.54,352.62,340.86,341.1,335.63,174.41,165.58,168.28,168.94,225.48,202.55,205.38,190.48,162.62,164.21,191.93,173.01,209.86,198.8,189.62,244.93,250.17,247.8,253.76,263.16,279.46,258.58,233.88,238.96,224.62,151.92,134.55,155.68,153.67,134.64,137.51,140.0,129.66,146.44,142.11,169.95,163.97,170.82,171.36,222.39,112.97,117.44,111.17,111.76,166.42,141.97,138.44,164.65,167.97,194.84,188.07,193.42,181.54,190.23,155.89,99.73,87.49,196.81,201.89,187.76,193.0,230.85,222.14,213.04,235.01,205.02,212.62,190.92,179.6,106.01,100.5,103.76,100.69,69.4,81.29,64.77,65.57,63.11,49.28,44.14,195.73,189.73,209.68,228.13,224.41,228.74,200.97,207.9,200.66,57.09,48.35,43.84,36.19,32.57,21.85,35.25,28.99,0.0,117.72,104.17,98.37,112.84,117.66,105.75,110.7,101.8,96.47,92.46,76.21,64.91,58.96,60.25,53.44,37.86,28.62,54.11,56.75,43.02,43.51,34.22,28.61,12.61,17.3,184.65,178.6,172.25,180.82,155.37,187.27,14.27
213.5,156.55,241.22,56.93,217.91,103.79,89.13,103.39,19.07,75.52,80.35,130.85,183.03,89.74,235.74,80.97,83.97,249.31,58.08,194.97,110.1,95.81,51.31,85.29,101.63,96.85,165.92,131.04,184.98,128.01,93.68,98.06,99.69,189.38,241.39,229.23,109.02,89.92,232.0,102.23,61.67,170.11,225.28,212.34,101.98,122.11,71.34,84.28,82.62,173.77,175.61,32.63,55.97,201.06,66.64,117.24,36.01,61.25,87.69,99.98,193.56,68.47,145.79,95.97,80.24,23.75,53.02,257.67,92.94,260.63,135.87,232.59,141.68,64.76,127.75,78.97,244.42,134.09,57.73,222.11,250.99,137.59,47.59,87.29,79.23,168.38,235.22,146.15,234.04,73.36,83.32,151.54,229.07,103.41,77.19,36.69,80.85,215.49,249.96,116.53,90.83,81.14,93.93,167.24,169.13,139.41,93.87,233.65,102.56,232.43,181.05,105.35,66.25,127.64,81.6,157.61,153.18,129.69,62.02,165.96,34.16,188.98,191.05,253.25,128.46,163.11,236.47,224.14,237.82,130.53,118.68,212.71,230.86,149.79,230.13,67.8,224.79,85.88,74.44,69.74,53.6,217.14,174.83,85.64,224.33,50.88,207.2,229.95,72.91,241.44,84.8,211.2,90.85,199.14,53.46,62.75,235.9,76.4,201.97,224.9,96.98,78.27,46.55,141.94,100.45,106.3,84.97,52.73,41.62,205.3,216.38,246.7,33.17,76.92,219.19,135.21,108.55,80.94,151.85,221.49,190.58,105.08,163.2,129.63,77.54,78.98,77.69,184.32,218.99,240.17,74.0,212.68,210.29,224.72,67.83,206.32,200.28,112.11,72.86,76.36,192.18,223.29,206.79,205.0,72.24,71.87,158.75,203.67,209.39,172.15,168.79,252.17,225.72,271.73,204.26,177.7,197.2,231.35,217.1,160.56,181.08,229.64,231.28,250.69,244.28,240.23,248.04,243.41,228.06,242.6,240.45,222.64,217.45,221.25,220.62,249.12,236.27,203.63,228.13,257.98,245.09,193.82,177.11,255.35,231.73,299.5,300.71,291.02,283.21,278.29,266.52,266.77,261.3,159.15,150.32,153.02,153.68,171.69,151.59,147.92,175.22,147.36,148.95,176.67,157.75,132.01,141.35,174.36,176.87,170.28,154.68,144.9,170.04,186.34,165.46,137.33,142.4,128.06,136.66,119.29,140.42,138.41,119.38,122.25,124.74,114.4,131.18,126.85,114.52,108.3,99.62,115.93,125.83,97.71,102.18,95.92,96.5,99.51,92.82,123.18,97.83,67.33,98.29,91.51,96.86,84.99,104.24,56.6,84.47,92.92,93.49,89.65,91.2,98.04,73.02,77.72,81.71,74.53,86.67,52.13,64.15,55.61,53.22,68.22,63.31,60.25,52.89,60.78,84.71,88.17,91.76,108.81,116.31,67.24,61.24,61.91,99.64,95.92,100.25,72.48,79.41,72.17,85.75,99.11,90.4,99.47,108.91,107.88,125.09,115.47,117.72,0.0,42.7,20.14,30.94,26.11,12.79,47.48,33.57,28.25,40.8,42.3,52.57,58.52,60.0,73.09,79.86,103.66,63.62,71.23,84.48,92.78,99.48,110.31,107.99,112.81,56.07,50.02,50.6,38.81,64.26,58.69,127.47
234.76,197.03,262.48,78.19,239.17,125.05,110.39,117.7,63.04,113.38,101.61,152.11,204.28,110.99,257.0,110.27,105.23,270.57,112.02,216.23,131.36,133.67,72.57,106.55,122.89,137.33,206.4,152.3,206.24,149.27,134.16,119.32,140.18,210.64,307.86,250.49,130.27,89.74,253.26,123.49,82.93,191.37,246.54,233.6,147.32,143.37,92.6,98.59,123.1,195.03,196.86,46.15,73.48,222.32,120.58,138.5,57.27,82.51,108.94,93.95,214.82,122.54,167.05,117.23,120.72,58.36,106.96,338.0,154.93,281.88,208.49,253.85,162.94,118.7,149.0,100.23,324.76,155.35,78.99,243.36,331.32,158.85,68.85,101.6,100.49,189.63,256.48,199.9,255.3,113.84,123.8,172.8,301.32,124.67,117.68,69.3,118.72,287.62,271.22,137.78,131.31,102.4,115.19,232.46,190.39,160.67,115.13,254.91,123.82,253.69,202.31,140.7,87.5,148.9,102.86,178.86,193.67,150.95,83.28,187.22,55.42,210.24,212.31,274.5,149.72,184.37,308.72,245.4,315.86,151.78,139.94,233.97,303.11,171.05,251.39,128.85,297.04,107.14,88.75,110.22,74.86,238.4,230.22,126.12,245.59,72.13,228.46,251.21,94.17,262.7,106.06,280.58,112.11,220.4,74.72,84.01,257.16,97.66,223.23,297.15,134.85,118.75,99.62,163.2,121.71,127.55,106.92,74.67,62.88,226.56,237.64,267.96,54.42,98.18,291.44,156.47,138.55,102.19,173.11,242.74,211.84,142.28,184.46,150.89,118.02,100.24,98.95,205.58,240.25,320.5,95.26,233.94,231.55,245.98,89.08,227.57,221.54,166.09,94.11,97.62,213.44,244.55,228.05,226.26,112.73,93.13,180.0,224.93,230.65,193.41,190.05,324.3,297.85,292.98,286.15,218.18,237.68,303.6,289.35,201.04,235.58,250.9,252.54,271.95,265.53,261.49,269.3,264.67,249.32,263.86,261.71,243.9,238.71,242.5,241.88,270.38,257.53,253.48,249.39,279.24,266.35,267.88,198.37,335.69,313.04,348.73,328.3,371.35,363.54,358.62,346.85,347.1,341.63,180.41,171.57,174.27,174.94,231.48,208.55,211.38,196.47,168.62,170.21,197.93,179.01,172.49,204.8,195.62,250.93,210.76,195.16,185.38,210.52,226.82,205.94,177.81,182.88,168.54,157.92,140.55,161.68,159.67,140.64,143.51,146.0,135.66,152.44,148.11,175.95,169.97,140.1,177.36,166.31,118.96,123.44,117.17,117.76,139.99,130.68,144.44,138.32,107.81,138.77,131.99,137.34,125.47,144.72,97.08,105.72,114.18,147.43,143.59,131.68,151.98,124.3,115.59,135.65,128.47,140.61,106.07,118.09,96.09,79.16,89.48,84.57,81.51,74.15,82.04,105.97,109.43,106.07,130.07,137.57,89.19,83.18,103.14,121.59,117.87,122.2,94.42,101.36,94.12,100.06,120.37,104.71,113.78,130.17,122.19,125.7,129.78,104.17,42.7,0.0,33.87,77.22,68.69,55.36,80.1,66.18,60.86,47.89,55.83,66.09,72.04,71.79,87.4,94.17,81.44,77.93,85.54,89.72,92.59,77.26,88.09,100.33,105.15,78.01,71.97,65.62,55.83,48.73,80.63,89.91
201.09,176.57,228.82,44.53,205.5,91.39,76.72,84.04,29.37,79.72,67.94,118.45,170.62,77.33,223.34,100.98,71.56,236.9,78.09,182.57,97.69,100.01,38.9,72.88,89.23,116.86,224.91,118.63,172.58,115.61,118.24,85.66,110.2,176.98,274.19,216.83,96.61,61.33,219.59,89.83,49.27,157.71,212.87,199.93,113.66,109.71,58.93,64.93,102.64,161.37,163.2,12.49,39.82,188.66,86.66,104.84,23.61,48.84,75.28,80.63,181.15,88.88,133.39,83.57,100.25,24.7,73.03,304.34,112.96,248.22,174.83,220.19,129.27,84.78,115.34,66.57,291.09,121.69,45.33,209.7,297.66,125.18,35.19,67.94,66.82,155.97,222.81,166.24,221.64,93.37,99.69,139.14,267.66,91.01,105.05,35.64,85.05,253.95,237.55,104.12,110.85,68.74,81.53,198.8,156.73,127.0,81.47,221.25,90.16,220.03,168.64,107.03,53.84,115.24,69.19,145.2,173.2,117.29,49.62,153.56,21.75,176.58,178.64,240.84,116.06,150.71,275.05,211.73,282.2,118.12,106.28,200.31,269.44,137.39,217.72,87.82,263.38,73.47,55.09,89.75,41.19,204.74,196.56,105.66,211.93,38.47,194.8,217.54,60.51,229.03,72.39,246.91,78.45,186.73,41.06,50.35,223.5,64.0,189.57,263.48,101.18,98.29,66.57,129.54,88.04,93.89,104.99,72.74,29.21,192.89,203.97,234.3,20.76,64.51,257.77,122.81,104.88,68.53,139.45,209.08,178.17,108.62,150.79,117.22,97.56,66.57,65.28,171.92,206.59,286.84,61.6,200.28,197.88,212.32,55.42,193.91,187.87,132.42,60.45,63.96,179.77,210.89,194.38,192.59,92.26,59.47,146.34,191.27,196.99,159.74,156.38,290.63,264.18,259.32,252.49,197.72,260.46,269.94,255.69,206.35,201.92,217.24,218.87,238.29,231.87,227.82,235.64,231.01,215.65,230.2,228.04,210.23,205.04,208.84,208.22,236.72,223.87,219.81,215.73,245.57,232.68,234.22,164.71,302.02,279.38,346.16,347.38,337.69,329.88,324.95,313.19,313.44,307.97,146.75,137.91,140.61,141.27,197.81,174.88,177.71,162.81,134.95,136.54,164.26,145.35,182.19,171.14,161.95,217.27,222.51,174.7,164.92,190.05,206.36,185.47,157.34,162.42,148.08,124.25,106.89,128.01,126.01,106.98,109.85,112.33,102.0,118.77,114.44,142.28,136.3,119.82,143.69,145.85,85.3,89.78,83.51,84.09,115.42,97.02,110.77,113.66,87.35,118.3,111.53,116.88,105.0,124.26,103.04,72.06,80.51,113.5,109.67,111.22,118.06,93.04,97.74,101.73,94.54,106.68,72.15,84.17,75.63,45.5,55.82,50.91,47.84,40.48,48.38,72.31,75.77,72.41,96.41,103.91,87.26,81.25,81.93,119.66,115.94,120.27,92.49,99.43,92.19,66.4,86.7,71.05,80.12,96.5,88.53,92.04,96.11,98.37,20.14,33.87,0.0,43.56,48.38,21.61,46.43,32.52,27.2,14.22,22.16,32.43,38.38,38.12,53.74,60.51,75.07,44.26,51.88,56.05,64.19,70.89,81.72,88.64,93.46,76.08,70.04,70.61,58.83,76.1,78.7,98.88
188.52,143.83,216.25,35.31,192.93,86.47,71.8,96.2,25.54,39.61,43.67,105.88,158.05,72.41,210.76,100.38,58.99,224.33,57.01,170.0,85.12,59.9,29.69,67.96,84.31,84.12,153.19,82.31,160.01,103.04,78.13,80.74,70.09,164.4,228.66,204.25,84.04,85.03,207.02,84.91,67.85,145.14,200.3,187.36,73.55,97.14,46.12,79.39,69.89,148.79,150.63,35.91,23.62,176.09,86.05,76.26,31.12,39.63,70.36,95.09,168.58,48.77,120.81,78.65,67.51,20.86,72.43,244.95,80.22,235.65,123.15,207.61,84.19,54.92,102.77,55.69,231.7,109.11,36.11,197.13,238.27,83.91,42.7,82.41,61.9,143.4,210.24,111.68,209.07,60.63,59.58,126.56,216.35,78.43,64.94,7.92,44.94,202.76,224.98,91.55,78.11,63.82,76.61,154.52,144.15,114.43,76.55,208.67,85.24,207.45,156.07,66.92,40.95,102.66,56.17,132.63,140.46,76.01,40.4,140.98,29.27,164.0,166.07,228.27,66.02,138.14,223.74,199.16,225.09,71.42,93.7,187.73,218.13,124.81,205.15,55.07,212.07,68.56,69.55,57.01,48.71,192.16,162.11,72.92,199.36,45.99,182.22,204.97,55.59,216.46,67.48,234.34,65.87,174.16,31.84,42.78,210.93,53.12,176.99,212.17,61.08,65.55,65.96,91.14,83.13,81.32,98.63,83.54,36.73,180.32,191.4,221.73,28.28,59.6,206.46,81.53,64.78,55.2,126.87,196.51,165.6,68.51,138.22,73.42,64.81,54.0,60.37,159.34,194.01,227.45,56.68,187.7,185.31,199.74,50.5,181.34,175.3,75.54,55.53,59.04,167.2,198.32,181.81,180.02,59.52,54.55,133.77,178.69,184.41,147.17,143.81,239.44,212.99,246.75,191.53,164.97,184.48,218.62,204.38,147.83,168.35,204.66,206.3,225.72,219.3,215.25,223.06,218.43,203.08,217.63,215.47,197.66,192.47,196.27,195.64,224.14,211.29,207.24,203.16,233.0,220.11,181.09,152.13,242.63,219.0,286.77,287.99,278.3,270.48,265.56,253.8,254.04,248.57,134.18,125.34,128.04,128.7,158.96,138.86,135.2,150.24,96.56,88.45,111.31,132.77,119.29,128.62,149.38,164.15,157.55,141.95,132.17,157.31,173.62,152.73,124.6,129.68,115.34,111.68,75.33,115.44,113.43,94.41,97.27,99.76,89.42,106.2,101.87,87.12,80.89,79.71,88.53,113.11,72.73,77.21,70.94,71.52,75.31,56.91,74.28,73.55,54.61,85.56,78.78,84.14,72.26,91.52,43.87,58.73,75.6,87.53,92.61,78.48,83.72,92.43,97.13,101.12,93.94,95.74,59.51,54.21,42.88,20.87,46.6,33.36,38.63,48.0,55.89,67.39,70.85,77.0,91.49,98.99,80.9,82.69,81.32,122.3,118.58,115.7,103.29,93.07,85.83,80.86,81.79,87.22,94.58,91.59,101.6,107.76,109.18,112.84,30.94,77.22,43.56,0.0,4.82,32.63,15.14,15.19,16.36,35.91,45.58,55.85,61.8,55.11,68.2,74.97,98.77,58.73,66.34,79.59,87.89,94.59,105.42,103.1,107.92,87.57,80.83,81.41,69.63,95.08,89.5,122.58
193.34,148.65,221.07,40.13,197.75,91.29,76.63,101.02,16.48,44.43,48.49,110.7,162.87,77.24,215.58,105.2,63.81,229.15,61.84,174.82,89.94,64.72,34.51,72.79,89.13,88.94,158.02,87.13,164.83,107.86,82.95,85.56,74.92,169.23,233.49,209.08,88.86,89.85,211.84,89.73,72.67,149.96,205.12,192.18,78.37,101.96,50.94,84.21,74.72,153.62,155.45,40.73,28.45,180.91,90.88,81.08,35.94,44.45,75.19,99.92,173.4,53.59,125.64,83.47,72.34,25.68,77.25,249.77,85.04,240.47,127.97,212.44,89.01,59.75,107.59,60.51,236.52,113.94,40.93,201.95,243.09,88.73,47.52,87.23,66.73,148.22,215.06,116.5,213.89,65.46,64.4,131.39,221.17,83.26,69.77,12.74,49.77,207.58,229.8,96.37,82.93,68.64,81.44,159.34,148.98,119.25,81.37,213.5,90.07,212.27,160.89,71.75,45.77,107.48,60.99,137.45,145.28,80.84,45.23,145.81,34.09,168.83,170.89,233.09,70.85,142.96,228.56,203.98,229.91,76.24,98.52,192.56,222.96,129.64,209.97,59.9,216.89,73.38,74.37,61.84,53.53,196.99,166.93,77.74,204.18,50.81,187.05,209.79,60.41,221.28,72.3,239.16,70.7,178.98,36.67,47.6,215.75,57.95,181.82,216.99,65.9,70.37,70.78,95.97,87.95,86.14,103.46,78.72,41.55,185.14,196.22,226.55,33.1,64.42,211.28,86.36,69.6,60.02,131.7,201.33,170.42,73.34,143.04,78.24,69.64,58.82,65.19,164.16,198.84,232.27,61.5,192.52,190.13,204.56,55.33,186.16,180.12,80.37,60.36,63.86,172.02,203.14,186.63,184.84,64.34,59.37,138.59,183.52,189.24,151.99,148.63,244.26,217.81,251.57,196.36,169.8,189.3,223.45,209.2,152.65,173.18,209.49,211.12,230.54,224.12,220.07,227.89,223.25,207.9,222.45,220.29,202.48,197.29,201.09,200.47,228.96,216.12,212.06,207.98,237.82,224.93,185.92,156.95,247.45,223.83,291.59,292.81,283.12,275.31,270.38,258.62,258.87,253.4,139.0,130.16,132.86,133.52,163.79,143.69,140.02,155.06,101.38,93.27,116.13,137.59,124.11,133.44,154.2,168.97,162.37,146.78,137.0,162.13,178.44,157.55,129.42,134.5,120.16,116.5,80.15,120.26,118.26,99.23,102.1,104.58,94.24,111.02,106.69,91.94,85.71,84.53,93.35,117.93,77.55,82.03,75.76,76.34,80.13,61.73,79.1,78.37,59.43,90.38,83.61,88.96,77.09,96.34,48.69,63.55,80.42,92.35,97.43,83.3,88.54,97.25,101.96,105.94,98.76,100.56,64.33,59.03,47.71,25.69,51.42,38.18,43.45,52.82,60.71,72.21,75.67,81.82,96.31,103.82,85.73,87.52,86.14,127.12,123.4,120.52,98.47,97.89,90.66,85.68,86.61,92.04,99.4,96.41,106.42,112.59,114.0,117.66,26.11,68.69,48.38,4.82,0.0,17.34,19.96,20.01,21.18,40.74,50.41,60.68,66.62,59.93,73.02,79.79,103.59,63.55,71.16,84.41,92.71,99.41,110.24,107.93,112.75,82.06,76.01,76.59,64.81,90.25,84.68,127.4
201.52,169.21,229.25,44.95,205.93,91.81,77.15,91.41,7.1,63.54,68.37,118.88,171.05,77.76,223.76,93.63,71.99,237.33,70.74,183.0,98.12,83.83,39.33,73.31,89.65,109.51,178.58,119.06,173.01,116.04,106.34,86.08,94.02,177.4,274.62,217.25,97.04,77.94,220.02,90.25,49.69,158.14,213.3,200.36,97.48,110.14,59.36,72.3,95.28,161.79,163.63,28.82,43.99,189.09,79.31,105.27,24.03,49.27,75.71,88.0,181.58,72.7,133.81,83.99,92.9,11.77,65.68,304.77,105.61,248.65,175.26,220.61,129.7,77.42,115.77,66.99,291.52,122.11,45.75,210.13,298.09,125.61,35.61,75.32,67.25,156.4,223.24,166.67,222.07,86.02,83.51,139.56,268.08,91.44,89.86,24.71,68.88,254.38,237.98,104.55,103.5,69.16,81.96,199.23,157.16,127.43,81.9,221.68,90.59,220.45,169.07,90.85,54.27,115.66,69.62,145.63,165.85,117.71,50.05,153.99,22.18,177.0,179.07,241.27,116.48,151.14,275.48,212.16,282.63,118.55,106.7,200.73,269.87,137.81,218.15,80.46,263.81,73.9,62.46,82.4,41.62,205.17,196.98,98.31,212.36,38.9,195.22,217.97,60.94,229.46,72.82,247.34,78.87,187.16,41.49,50.78,223.93,64.42,190.0,263.91,85.01,90.93,59.21,129.96,88.47,94.32,97.64,65.39,29.64,193.32,204.4,234.73,21.19,64.94,258.2,123.23,88.71,68.96,139.88,209.51,178.6,92.44,151.22,117.65,90.2,67.0,65.71,172.34,207.02,287.27,62.02,200.7,198.31,212.74,55.85,194.34,188.3,99.47,60.88,64.39,180.2,211.32,194.81,193.02,84.91,59.89,146.77,191.7,197.41,160.17,156.81,291.06,264.61,259.75,252.91,190.36,209.86,270.36,256.12,173.22,202.34,217.66,219.3,238.72,232.3,228.25,236.06,231.43,216.08,230.63,228.47,210.66,205.47,209.27,208.64,237.14,224.3,220.24,216.16,246.0,233.11,234.64,165.13,302.45,279.81,346.59,347.81,338.12,330.31,325.38,313.62,313.86,308.4,147.18,138.34,141.04,141.7,198.24,175.31,178.14,163.24,135.38,136.97,164.69,145.77,144.68,171.56,162.38,217.7,182.94,167.34,157.56,182.7,199.01,178.12,149.99,155.07,140.73,124.68,107.32,128.44,126.44,107.41,110.28,112.76,102.42,119.2,114.87,111.05,104.82,112.29,112.46,138.5,85.73,90.21,83.94,84.52,99.24,80.84,111.2,97.48,79.99,110.95,104.17,109.52,97.65,116.91,69.26,72.49,80.94,106.15,102.31,103.87,110.71,85.69,90.39,94.38,87.19,99.33,64.79,76.81,68.27,41.24,56.24,51.34,48.27,40.91,48.8,72.74,76.19,79.79,96.84,104.34,79.91,73.9,74.58,112.31,108.59,112.92,85.14,92.07,84.84,73.77,87.13,78.42,87.49,96.93,95.9,113.11,103.49,105.75,12.79,55.36,21.61,32.63,17.34,0.0,35.51,21.59,16.27,28.82,38.5,48.76,54.71,48.02,61.11,67.88,91.68,51.64,59.25,72.5,80.8,87.5,98.33,96.01,100.84,68.73,62.68,63.26,51.48,76.93,71.35,115.49
175.77,155.46,203.5,22.56,180.18,73.72,59.06,83.45,28.41,57.75,30.92,93.13,145.3,59.66,198.01,112.02,46.24,211.58,68.65,157.25,72.37,78.04,16.94,55.22,71.56,95.76,164.83,93.31,147.26,90.29,96.27,67.99,88.24,151.65,248.87,191.5,71.29,90.52,194.27,72.16,55.1,132.39,187.55,174.61,91.69,84.39,33.37,77.83,81.53,136.04,137.88,38.78,10.88,163.34,97.69,79.52,34.0,26.88,57.61,100.58,155.83,66.91,108.06,65.9,96.0,23.74,84.06,279.02,91.85,222.9,149.51,194.86,103.95,66.56,90.02,42.94,265.77,96.36,23.36,184.38,272.34,99.86,39.8,87.89,49.16,130.65,197.49,140.92,196.32,72.27,77.73,113.81,242.33,65.69,83.09,10.8,63.09,228.63,212.23,78.8,99.29,51.07,63.86,173.48,131.41,101.68,63.8,195.93,72.49,194.7,143.32,85.07,28.2,89.91,43.42,119.88,152.1,91.96,27.65,128.24,32.15,151.25,153.32,215.52,84.17,125.39,249.73,186.41,256.88,92.8,80.95,174.98,244.12,112.06,192.4,66.71,238.06,55.81,75.04,68.65,40.17,179.42,171.23,84.55,186.61,44.78,169.47,192.22,42.84,203.71,54.73,221.59,53.12,161.41,19.1,30.03,198.18,40.37,164.25,238.16,79.22,93.84,77.6,104.21,70.38,68.57,110.27,100.09,39.6,167.57,178.65,208.98,31.15,46.85,232.45,97.48,82.92,42.45,114.13,183.76,152.85,86.66,125.47,91.9,76.45,41.25,47.62,146.59,181.27,261.52,43.93,174.95,172.56,186.99,37.76,168.59,162.55,93.69,42.78,46.29,154.45,185.57,169.06,167.27,87.21,41.8,121.02,165.95,171.66,134.42,131.06,265.31,238.86,234.0,227.16,176.61,235.14,244.61,230.37,181.02,176.59,191.91,193.55,212.97,206.55,202.5,210.31,205.68,190.33,204.88,202.72,184.91,179.72,183.52,182.89,211.39,198.55,194.49,190.41,220.25,207.36,208.89,139.38,276.7,254.06,320.84,322.06,312.37,304.56,299.63,287.87,288.11,282.65,121.43,112.59,115.29,115.95,172.49,149.56,152.39,137.49,109.63,111.22,138.94,120.02,156.87,145.81,136.63,191.95,197.18,153.59,143.81,168.95,185.25,164.37,136.24,141.32,126.98,98.93,81.57,102.69,100.69,81.66,84.53,87.01,76.67,93.45,89.12,105.26,99.03,97.85,106.67,124.75,59.98,64.46,58.19,58.77,93.46,75.05,85.45,91.69,66.24,97.2,90.42,95.77,83.9,103.16,81.07,45.98,62.85,99.17,104.25,90.12,95.36,104.07,108.77,112.76,105.57,107.38,71.15,65.85,54.52,8.12,33.85,28.94,25.88,50.87,47.36,54.64,58.1,64.25,78.74,86.24,92.54,94.33,92.96,133.94,130.22,127.33,119.84,104.71,97.47,84.14,69.04,74.47,94.36,78.84,88.85,95.01,96.43,110.7,47.48,80.1,46.43,15.14,19.96,35.51,0.0,18.07,19.24,38.79,48.46,58.73,64.68,57.98,68.59,80.53,104.32,61.6,69.22,85.14,93.44,100.14,110.97,101.3,99.48,99.21,97.38,97.96,86.18,111.62,106.05,128.13
197.57,155.52,225.3,38.24,201.98,87.87,73.2,87.46,14.5,46.1,46.6,114.93,167.1,73.81,219.81,114.42,68.04,233.38,68.71,179.05,94.17,66.39,32.62,69.36,85.7,95.81,164.89,115.11,169.06,112.09,84.62,82.13,76.58,173.46,270.67,213.31,93.09,73.99,216.07,86.31,45.75,154.19,209.35,196.41,80.04,106.19,49.05,68.35,81.59,157.85,159.68,24.87,26.55,185.14,100.09,101.32,20.08,42.56,71.76,84.05,177.63,55.26,129.87,80.05,79.21,9.82,86.46,300.82,91.91,244.7,134.84,216.67,90.68,66.62,111.82,63.04,287.57,118.17,39.04,206.18,294.14,90.4,31.66,71.37,63.3,152.45,219.29,162.72,218.12,72.33,66.07,135.62,264.14,87.49,71.43,7.27,51.44,250.43,234.03,100.6,87.64,65.21,78.01,166.21,153.21,123.48,77.95,217.73,86.64,216.5,165.12,73.41,43.88,111.71,59.1,141.68,152.15,82.5,43.33,150.04,18.23,173.06,175.12,237.32,72.51,147.19,271.53,208.21,278.68,77.91,102.75,196.79,265.92,133.86,214.2,66.77,259.86,69.95,58.51,68.71,37.67,201.22,193.04,84.61,208.41,34.95,191.28,214.02,56.99,225.51,68.87,243.39,74.93,183.21,34.78,46.83,219.98,60.48,186.05,259.96,67.57,77.24,80.0,126.01,84.52,90.37,118.42,86.17,25.69,189.37,200.45,230.78,17.24,60.99,254.25,88.02,71.27,58.13,135.93,205.56,174.65,75.0,147.27,79.91,76.51,63.05,61.76,168.39,203.07,283.32,58.08,196.75,194.36,208.79,51.9,190.39,184.35,82.03,56.93,60.44,176.25,207.37,190.86,189.07,75.55,55.95,142.82,187.75,193.46,156.22,152.86,287.11,260.66,255.8,248.97,176.67,196.17,266.41,252.17,159.52,198.39,213.72,215.35,234.77,228.35,224.3,232.12,227.48,212.13,226.68,224.52,206.71,201.52,205.32,204.7,233.19,220.35,216.29,212.21,242.05,229.16,192.79,161.18,298.5,275.86,342.64,343.86,334.17,326.36,321.43,309.67,309.92,304.45,143.23,134.39,137.09,137.75,194.29,171.36,174.19,159.29,131.43,94.94,160.74,141.82,130.98,167.62,158.43,175.84,169.24,153.65,143.87,169.0,185.31,164.42,136.29,141.37,127.03,120.73,103.37,124.49,122.49,103.46,106.33,108.81,98.47,115.25,110.92,93.61,87.38,86.2,95.02,124.8,81.78,86.26,79.99,80.57,81.8,63.4,80.77,80.04,66.3,97.25,90.48,95.83,83.96,103.21,69.42,61.66,76.99,99.22,104.3,90.17,95.41,106.47,111.17,115.16,107.97,107.43,71.2,65.9,54.58,23.8,49.53,44.62,41.56,36.96,44.85,68.79,72.25,75.84,92.89,100.39,100.69,94.68,95.36,133.09,129.37,133.7,105.93,112.86,105.62,69.82,83.18,74.48,83.54,92.98,91.96,109.16,99.54,101.8,33.57,66.18,32.52,15.19,20.01,21.59,18.07,0.0,5.32,24.88,34.55,44.82,50.76,44.07,57.16,63.93,87.73,47.69,55.3,68.55,76.85,83.55,94.38,92.07,96.89,89.51,83.47,84.05,72.26,97.71,92.14,111.54
192.25,156.69,219.97,39.41,196.66,82.54,67.88,82.14,9.17,47.27,47.77,109.6,161.78,68.49,214.49,109.09,62.72,228.06,69.88,173.72,88.85,67.56,33.79,64.04,80.38,96.98,166.06,109.79,163.73,106.76,85.79,76.81,77.75,168.13,265.35,207.98,87.77,68.67,210.75,80.98,40.42,148.86,204.03,191.09,81.21,100.86,50.09,63.03,82.76,152.52,154.36,19.55,27.73,179.81,94.77,95.99,14.76,43.73,66.44,78.73,172.31,56.43,124.54,74.72,80.38,4.5,81.14,295.5,93.08,239.38,165.98,211.34,120.43,67.79,106.5,57.72,282.25,112.84,40.21,200.85,288.82,116.34,26.34,66.04,57.98,147.13,213.97,157.4,212.79,73.5,67.24,130.29,258.81,82.16,72.61,8.44,52.61,245.11,228.71,95.28,88.81,59.89,72.68,189.95,147.88,118.16,72.62,212.4,81.31,211.18,159.8,74.59,45.0,106.39,60.35,136.36,153.32,108.44,44.5,144.71,12.91,167.73,169.8,232.0,73.68,141.86,266.21,202.89,273.36,79.08,97.43,191.46,260.6,128.54,208.88,67.94,254.53,64.63,53.19,69.88,32.35,195.89,187.71,85.78,203.08,29.63,185.95,208.7,51.66,220.19,63.55,238.07,69.6,177.89,35.95,41.5,214.65,55.15,180.72,254.64,68.74,78.41,74.67,120.69,79.2,85.04,113.1,80.85,20.37,184.05,195.13,225.45,11.92,55.67,248.93,113.96,72.44,59.68,130.6,200.23,169.33,76.17,141.95,81.08,77.68,57.73,56.44,163.07,197.74,278.0,52.75,191.43,189.04,203.47,46.58,185.07,179.03,83.2,51.61,55.11,170.93,202.04,185.54,183.75,76.73,50.62,137.5,182.42,188.14,150.9,147.54,281.79,255.34,250.48,243.64,177.84,197.34,261.09,246.84,160.69,193.07,208.39,210.03,229.44,223.02,218.98,226.79,222.16,206.81,221.35,219.2,201.39,196.2,200.0,199.37,227.87,215.02,210.97,206.88,236.73,223.84,225.37,155.86,293.18,270.54,337.32,338.54,328.85,321.03,316.11,304.35,304.59,299.12,137.9,129.07,131.77,132.43,188.97,166.04,168.87,153.97,126.11,127.7,155.42,136.5,132.15,162.29,153.11,208.42,170.41,154.82,145.04,170.18,186.48,165.6,137.46,142.54,128.2,115.41,98.04,119.17,117.16,98.13,101.0,103.49,93.15,109.93,105.6,94.78,88.55,87.37,96.19,125.97,76.46,80.93,74.67,75.25,82.97,64.57,101.93,81.21,67.47,98.42,91.65,97.0,85.13,104.38,70.59,63.22,71.67,100.39,105.48,91.34,96.58,101.15,105.85,109.84,102.65,114.79,72.38,67.08,55.75,24.97,50.7,45.8,42.73,31.64,39.53,63.46,66.92,70.51,87.56,95.06,95.37,89.36,90.04,127.77,124.05,128.38,100.6,107.53,100.3,64.5,77.86,69.15,78.22,87.66,86.63,103.83,94.22,96.47,28.25,60.86,27.2,16.36,21.18,16.27,19.24,5.32,0.0,19.55,29.22,39.49,45.44,38.75,51.84,58.61,82.41,42.37,49.98,63.23,71.53,78.23,89.06,86.74,91.56,84.19,78.14,78.72,66.94,92.39,86.81,106.22
193.45,214.36,221.18,36.88,197.86,83.74,69.08,78.12,21.73,72.07,60.3,110.81,162.98,69.69,215.69,121.65,63.92,229.26,98.76,174.92,90.05,92.36,31.26,65.24,81.58,132.91,217.26,110.99,164.94,107.96,110.6,78.01,102.56,169.33,266.55,209.18,88.97,55.42,211.95,82.18,41.62,150.07,205.23,192.29,106.01,102.07,51.29,59.01,102.31,153.72,155.56,6.57,32.17,181.02,107.32,97.2,15.96,41.2,67.64,74.72,173.51,81.23,125.74,75.92,110.32,17.06,93.7,296.7,129.01,240.58,167.18,212.54,121.63,87.34,107.7,58.92,283.45,114.04,37.68,202.06,290.02,117.54,27.54,62.03,59.18,148.33,215.17,158.6,214.0,107.29,92.05,131.49,260.01,83.36,97.41,27.99,77.41,246.31,229.91,96.48,113.61,61.09,73.89,191.16,149.08,119.36,73.82,213.6,82.52,212.38,161.0,99.39,46.2,107.59,61.55,137.56,205.47,109.64,41.97,145.91,14.11,168.93,171.0,233.2,108.41,143.07,267.41,204.09,274.56,110.48,98.63,192.66,261.8,129.74,210.08,87.49,255.74,65.83,49.17,89.43,33.55,197.09,188.91,121.7,204.28,30.83,187.15,209.9,52.86,221.39,64.75,239.27,70.8,179.09,33.42,42.7,215.86,56.35,181.92,255.84,93.54,108.16,87.23,121.89,80.4,86.25,125.65,93.41,21.57,185.25,196.33,226.66,13.12,56.87,250.13,115.16,97.24,60.89,131.8,201.44,170.53,100.98,143.15,109.58,97.23,58.93,57.64,164.27,198.94,279.2,53.95,192.63,190.24,204.67,47.78,186.27,180.23,124.78,52.81,56.32,172.13,203.25,186.74,184.95,101.53,51.82,138.7,183.62,189.34,152.1,148.74,282.99,256.54,251.68,244.84,235.51,252.82,262.29,248.05,198.7,194.27,209.59,211.23,230.65,224.23,220.18,227.99,223.36,208.01,222.56,220.4,202.59,197.4,201.2,200.57,229.07,216.22,212.17,208.09,237.93,225.04,226.57,157.06,294.38,271.74,338.52,339.74,330.05,322.23,317.31,305.55,305.79,300.32,139.11,130.27,132.97,133.63,190.17,167.24,170.07,155.17,127.31,128.9,156.62,137.7,174.55,163.49,154.31,209.63,214.86,212.49,180.96,227.85,244.15,223.27,173.39,178.47,164.13,116.61,99.24,120.37,118.36,99.34,102.2,104.69,94.35,111.13,106.8,134.64,128.66,112.18,136.05,161.9,77.66,82.14,75.87,76.45,107.78,89.37,103.13,106.01,87.02,134.35,127.57,132.92,121.05,140.31,95.39,64.42,72.87,136.32,130.33,127.27,132.51,113.7,118.4,122.39,115.21,127.35,92.81,86.63,75.3,37.85,48.17,43.27,40.2,32.84,40.73,64.67,68.12,66.5,88.76,96.27,107.92,101.92,102.59,140.32,136.6,140.93,113.16,120.09,112.85,60.49,79.06,65.14,74.2,88.86,82.62,86.12,90.2,92.46,40.8,47.89,14.22,35.91,40.74,28.82,38.79,24.88,19.55,0.0,16.25,26.52,32.47,32.21,47.82,54.59,69.16,38.35,45.96,50.14,58.28,64.98,75.81,82.73,87.55,96.75,90.7,91.28,79.49,90.12,99.37,92.97
203.12,224.03,230.85,46.55,207.53,77.35,75.68,61.87,31.4,81.75,69.97,120.48,172.65,76.28,225.36,123.15,73.59,238.93,100.26,184.6,99.72,102.03,40.93,74.91,66.15,142.58,226.93,120.66,174.61,117.64,120.27,67.1,112.23,179.0,276.22,218.85,98.64,40.65,221.62,57.22,41.36,159.74,214.9,201.96,115.68,111.74,60.96,42.76,111.98,163.39,165.23,11.78,41.84,190.69,108.82,106.87,25.63,50.87,65.42,58.47,183.18,90.9,135.41,79.08,119.99,26.73,95.19,306.37,138.68,250.25,176.86,222.21,131.3,97.01,117.37,68.59,293.12,123.71,47.35,211.73,299.69,127.21,37.21,45.78,49.15,158.0,224.84,168.27,223.67,116.96,101.72,141.16,269.68,93.03,107.08,37.66,87.08,255.98,239.58,106.15,123.28,70.76,73.69,200.83,158.76,129.03,80.42,223.28,57.56,222.05,170.67,109.06,55.87,117.26,71.22,147.23,215.14,119.31,51.65,155.58,23.78,178.6,180.67,242.87,118.08,152.74,277.08,213.76,284.23,120.15,108.3,202.33,271.47,139.41,219.75,97.16,265.41,63.98,32.92,99.1,34.57,206.76,198.58,131.38,213.96,29.33,196.82,219.57,54.9,231.06,71.35,248.94,80.47,188.76,43.09,52.38,225.53,66.02,191.6,265.51,103.21,117.83,88.73,131.56,74.01,95.92,127.15,94.91,31.24,194.92,206.0,236.33,22.79,66.54,259.8,124.83,106.91,70.56,141.48,211.11,180.2,110.65,152.82,119.25,106.9,68.6,56.99,173.94,208.62,288.87,63.62,202.3,199.91,214.34,57.45,195.94,189.9,134.45,55.38,65.99,181.8,212.92,196.41,194.62,111.2,61.49,148.37,193.3,199.01,161.77,158.41,292.66,266.21,261.35,254.51,245.18,262.49,271.96,257.72,208.37,203.94,219.26,220.9,240.32,233.9,229.85,237.66,233.03,217.68,232.23,230.07,212.26,207.07,210.87,210.24,238.74,225.89,221.84,217.76,247.6,234.71,236.24,166.73,304.05,281.41,348.19,349.41,339.72,331.91,326.98,315.22,315.46,310.0,148.78,139.94,142.64,143.3,199.84,176.91,179.74,164.84,136.98,138.57,166.29,147.37,184.22,173.16,163.98,219.3,224.53,222.16,190.63,237.52,253.82,232.94,183.06,188.14,173.8,126.28,108.92,130.04,128.04,109.01,111.88,114.36,104.02,120.8,116.47,144.31,138.33,121.85,145.72,171.57,87.33,91.81,85.54,86.12,117.45,99.05,112.8,115.68,96.69,144.02,137.24,142.6,130.72,149.98,105.07,74.09,79.47,145.99,131.83,136.94,142.18,115.2,119.9,123.89,116.71,128.85,94.31,96.3,84.97,47.52,57.84,52.94,49.87,30.72,39.53,58.55,52.71,50.25,62.08,67.63,109.42,103.41,104.09,141.82,138.1,142.43,114.66,121.59,114.35,44.24,58.25,48.89,57.95,63.9,66.37,69.87,73.95,76.21,42.3,55.83,22.16,45.58,50.41,38.5,48.46,34.55,29.22,16.25,0.0,11.74,17.69,15.96,31.57,38.34,54.38,22.1,29.71,35.36,43.5,50.2,61.03,66.48,71.3,98.24,92.2,92.78,80.99,98.06,100.87,78.19
200.46,221.37,228.18,53.07,204.87,80.38,78.71,50.57,41.67,92.01,67.31,117.81,169.98,79.31,222.7,133.42,70.93,236.27,110.52,181.93,97.06,120.75,51.2,69.28,69.18,152.85,224.27,118.0,171.94,114.97,130.53,70.13,122.5,176.34,273.56,216.19,95.98,28.9,218.96,60.25,44.39,157.07,212.24,199.3,125.95,109.07,58.3,45.79,122.25,160.73,162.57,22.05,52.11,188.02,119.09,104.2,35.9,61.14,68.45,47.16,180.52,101.17,132.75,82.11,130.26,36.99,105.46,303.7,148.94,247.59,174.19,219.55,128.64,107.28,114.71,65.93,290.46,121.05,58.5,209.06,297.03,124.55,47.48,34.47,52.18,155.34,222.18,165.61,221.0,127.23,111.98,138.5,267.02,90.37,117.35,47.93,97.35,253.32,236.92,103.49,133.55,65.14,76.72,198.16,156.09,126.37,83.45,220.61,60.58,219.39,168.01,119.33,53.2,114.6,68.56,144.57,212.48,116.65,61.91,152.92,34.05,175.94,178.01,240.21,115.42,150.07,274.42,211.1,281.57,117.49,105.64,199.67,268.81,136.75,217.09,107.43,262.74,67.01,35.95,109.37,37.6,204.1,195.92,141.64,211.29,32.36,194.16,216.91,57.92,228.4,74.38,246.28,77.81,186.1,53.35,49.71,222.86,63.36,188.93,262.85,113.48,128.1,99.0,128.9,77.04,93.25,137.42,105.17,41.51,192.26,203.34,233.66,33.06,60.92,257.14,122.17,117.18,67.89,138.81,208.44,177.54,120.92,150.16,116.59,117.17,65.94,60.02,171.28,205.95,286.21,58.0,199.64,197.25,211.68,51.82,193.28,187.24,131.79,58.41,59.6,179.14,210.25,193.75,191.96,121.47,55.87,145.71,190.63,196.35,159.11,155.75,290.0,263.55,258.69,251.85,242.52,259.83,269.3,255.05,205.71,201.28,216.6,218.24,237.65,231.23,227.19,235.0,230.37,215.02,229.56,227.41,209.6,204.41,208.21,207.58,236.08,223.23,219.18,215.09,244.94,232.05,233.58,164.07,301.39,278.75,345.53,346.75,337.06,329.24,324.32,312.56,312.8,307.33,146.11,137.28,139.98,140.64,197.18,174.25,177.08,162.18,134.32,135.91,163.63,144.71,181.56,170.5,161.32,216.63,221.87,219.5,200.9,234.86,251.16,230.28,193.33,198.41,184.07,123.62,106.25,127.38,125.37,106.34,109.21,111.7,101.36,118.14,113.81,141.65,135.67,132.11,143.06,181.84,84.67,89.14,82.87,83.46,127.71,109.31,110.14,125.95,106.96,154.29,147.51,152.86,140.99,160.25,115.33,71.43,82.5,156.26,142.1,147.21,152.45,125.47,130.17,134.16,126.97,139.12,104.58,106.57,95.24,57.79,72.2,63.2,60.14,33.75,42.55,61.58,55.74,53.28,65.11,67.46,119.69,113.68,114.36,152.09,148.37,152.7,124.92,131.86,124.62,47.26,61.28,51.92,46.65,55.9,55.06,58.57,62.65,64.91,52.57,66.09,32.43,55.85,60.68,48.76,58.73,44.82,39.49,26.52,11.74,0.0,5.95,18.99,34.6,33.84,42.64,25.13,32.74,23.62,31.76,38.46,49.29,55.17,59.99,108.51,102.47,103.04,91.26,108.32,111.14,66.45
206.4,227.32,234.13,59.02,210.82,77.99,81.98,44.62,47.62,97.96,73.26,123.76,175.93,78.27,228.65,139.36,76.88,242.22,116.47,187.88,103.01,126.69,57.15,75.23,66.79,158.8,230.22,123.95,177.89,120.92,136.48,67.74,128.44,182.29,279.51,222.14,101.92,22.96,224.91,57.86,47.66,163.02,218.19,205.25,131.9,115.02,64.25,43.4,128.2,166.68,168.51,28.0,58.06,193.97,125.04,110.15,41.85,67.09,66.06,41.21,186.47,107.12,138.7,79.72,136.2,42.94,111.41,309.65,154.89,253.53,180.14,225.5,134.59,113.23,120.65,71.88,296.41,127.0,64.45,215.01,302.97,130.5,53.43,28.53,55.45,161.28,228.13,171.55,226.95,133.18,117.93,144.45,272.97,96.32,123.3,53.88,103.3,259.27,242.87,109.43,139.5,71.09,74.33,204.11,162.04,132.32,86.72,226.56,58.2,225.34,173.96,125.28,59.15,120.55,74.51,150.51,218.43,122.6,67.86,158.87,40.0,181.89,183.96,246.15,121.37,156.02,280.37,217.04,287.51,123.43,111.59,205.62,274.76,142.7,223.04,113.38,268.69,72.9,33.56,115.32,43.55,210.05,201.87,147.59,217.24,38.31,200.11,222.86,61.2,234.35,77.65,252.23,83.76,192.05,59.3,55.66,228.81,69.31,194.88,268.8,119.43,134.05,104.95,134.85,74.65,99.2,143.37,111.12,47.46,198.21,209.29,239.61,39.0,66.86,263.09,128.12,123.13,73.84,144.76,214.39,183.49,126.86,156.11,122.54,123.12,71.89,63.29,177.23,211.9,292.15,63.95,205.59,203.2,217.63,57.77,199.22,193.18,137.74,61.68,71.61,185.09,216.2,199.7,197.91,127.42,70.0,151.65,196.58,202.3,165.06,161.7,295.95,269.5,264.63,257.8,248.47,265.77,275.25,261.0,211.66,207.23,222.55,224.19,243.6,237.18,233.14,240.95,236.32,220.97,235.51,233.36,215.55,210.36,214.15,213.53,242.03,229.18,225.13,221.04,250.89,238.0,239.53,170.02,307.34,284.69,351.48,352.7,343.0,335.19,330.27,318.5,318.75,313.28,152.06,143.22,145.92,146.59,203.13,180.2,183.03,168.12,140.27,141.86,169.58,150.66,187.51,176.45,167.27,222.58,227.82,225.45,206.85,240.81,257.11,236.23,199.28,204.35,190.01,129.57,112.2,133.33,131.32,112.29,115.16,117.65,107.31,124.09,119.76,147.6,141.62,138.06,149.01,187.78,90.61,95.09,88.82,89.41,133.66,115.26,116.09,131.9,112.91,160.24,153.46,158.81,146.94,166.19,121.28,77.37,85.77,162.21,148.05,153.15,158.4,131.42,136.12,140.11,132.92,145.06,110.52,112.52,101.19,63.74,78.15,69.15,66.09,39.7,48.5,64.86,53.36,50.89,62.72,61.51,125.64,119.63,120.31,158.04,154.32,158.65,130.87,137.81,130.57,44.88,58.89,49.53,40.7,49.95,49.11,52.62,56.7,58.96,58.52,72.04,38.38,61.8,66.62,54.71,64.68,50.76,45.44,32.47,17.69,5.95,0.0,24.94,37.88,27.89,36.69,31.08,41.19,17.67,25.81,32.51,43.34,49.22,54.04,114.46,108.42,108.99,97.21,114.27,117.08,60.5
181.46,202.38,209.19,34.08,185.88,61.39,59.71,45.91,40.92,84.08,48.32,98.82,150.99,60.32,203.71,140.84,51.94,217.28,117.95,162.94,78.07,101.75,38.42,50.29,50.19,144.91,205.28,99.01,152.95,95.98,121.95,51.14,113.91,157.35,254.57,197.2,76.98,32.44,199.97,41.26,25.4,138.08,193.25,180.31,117.36,90.08,39.31,26.8,134.24,141.74,143.57,27.74,44.78,169.03,126.52,85.21,23.99,55.5,49.46,42.5,161.53,93.24,113.76,63.12,122.32,36.25,112.89,284.71,141.01,228.59,155.2,200.56,109.65,106.54,95.71,46.94,271.47,102.06,39.51,190.07,278.03,105.56,21.19,29.82,33.19,136.34,203.19,146.61,202.01,119.3,104.05,119.51,248.03,71.38,109.41,47.19,89.41,234.33,217.93,84.49,124.96,46.15,57.73,179.17,137.1,107.38,64.46,201.62,41.59,200.4,149.02,110.74,34.21,95.61,49.57,125.57,193.49,97.66,50.02,133.93,30.88,156.95,159.02,221.21,96.43,131.08,255.43,192.1,262.57,98.49,86.65,180.68,249.82,117.76,198.1,126.41,243.75,48.02,16.96,123.95,18.61,185.11,176.93,133.71,192.3,13.37,175.17,197.92,38.93,209.41,55.39,227.29,58.82,167.11,45.6,30.72,203.87,44.37,169.94,243.86,104.89,120.16,106.42,109.91,58.05,74.26,144.85,112.6,18.38,173.27,184.35,214.67,29.25,41.92,238.15,103.18,108.59,48.9,119.82,189.45,158.55,112.33,131.17,97.6,128.26,46.95,41.03,152.29,186.96,267.21,39.01,180.65,178.26,192.69,32.83,174.28,168.24,112.8,39.42,40.61,160.15,191.26,174.76,172.97,113.53,36.88,126.71,171.64,177.36,140.12,136.76,271.01,244.56,239.69,232.86,223.53,240.83,250.31,236.06,186.72,182.29,197.61,199.25,218.66,212.24,208.2,216.01,211.38,196.03,210.57,208.42,190.61,185.42,189.21,188.59,217.09,204.24,200.19,196.1,225.95,213.06,214.59,145.08,282.4,259.75,326.54,327.76,318.06,310.25,305.33,293.56,293.81,288.34,127.12,118.28,120.98,121.65,178.19,155.26,158.09,143.18,115.33,116.92,144.64,125.72,162.57,151.51,142.33,197.64,202.88,200.51,206.47,215.87,232.17,211.29,185.39,190.47,176.13,104.63,87.26,108.39,106.38,87.35,90.22,92.71,82.37,99.15,94.82,122.66,116.68,123.53,124.07,173.9,65.67,70.15,63.88,64.47,119.13,94.68,91.15,117.36,119.48,146.35,139.58,144.93,133.06,142.94,107.4,52.43,63.51,148.32,153.4,139.27,144.51,132.9,137.6,141.59,134.4,156.53,112.0,105.82,94.5,50.46,53.21,55.27,52.21,14.76,23.56,42.59,36.75,34.29,46.12,51.67,127.12,121.11,121.79,159.52,155.8,160.13,132.35,139.28,132.05,28.27,42.29,32.92,41.99,47.94,50.4,53.91,57.99,60.25,60.0,71.79,38.12,55.11,59.93,48.02,57.98,44.07,38.75,32.21,15.96,18.99,24.94,0.0,15.61,22.38,46.18,6.14,13.75,27.0,35.3,42.0,52.83,50.51,55.34,115.94,109.9,110.47,98.69,114.02,118.56,69.99
186.45,207.36,214.18,47.7,190.86,54.58,47.74,39.1,54.02,90.26,53.3,103.81,155.98,48.35,208.69,153.93,56.92,222.26,131.04,167.93,83.05,106.74,52.03,50.83,43.38,151.1,210.26,103.99,157.94,100.97,126.93,44.33,118.89,162.33,259.55,202.18,81.97,25.63,204.95,34.45,13.42,143.07,198.23,185.29,122.35,95.07,44.29,19.99,140.42,146.72,148.56,43.35,58.02,174.02,139.61,90.2,37.08,60.48,42.65,35.69,166.51,99.42,118.74,54.59,128.5,49.34,125.98,289.7,147.19,233.58,160.19,205.54,114.63,119.63,100.7,45.47,276.45,107.04,45.69,195.06,283.02,110.54,34.28,23.01,21.22,141.33,208.17,151.6,207.0,125.48,110.23,124.49,253.01,76.36,115.59,60.28,95.59,239.31,222.91,89.48,129.94,46.69,52.55,184.16,142.08,112.36,52.49,206.6,34.78,205.38,154.0,115.72,40.4,100.59,54.55,130.56,198.47,102.64,55.01,138.91,43.97,161.93,164.0,226.2,101.41,136.07,260.41,197.09,267.56,103.48,91.63,185.66,254.8,122.74,203.08,132.59,248.74,36.05,10.15,130.13,31.7,190.09,181.91,139.89,197.29,26.46,180.15,202.9,26.96,214.39,43.42,232.27,63.8,172.09,51.78,45.06,208.86,49.35,174.92,248.84,109.87,126.35,119.52,114.89,51.24,79.25,157.94,125.69,31.47,178.25,189.33,219.66,42.34,42.46,243.13,108.16,113.57,53.89,124.8,194.44,163.53,117.31,136.15,102.58,134.44,51.93,29.06,157.27,191.94,272.2,39.95,185.63,183.24,197.67,34.92,179.27,173.23,117.78,27.45,37.37,165.13,196.25,179.74,177.95,119.71,35.77,131.7,176.62,182.34,145.1,141.74,275.99,249.54,244.68,237.84,228.51,245.82,255.29,241.05,191.7,187.27,202.59,204.23,223.65,217.23,213.18,220.99,216.36,201.01,215.56,213.4,195.59,190.4,194.2,193.57,222.07,209.22,205.17,201.09,230.93,218.04,219.57,150.06,287.38,264.74,331.52,332.74,323.05,315.23,310.31,298.55,298.79,293.32,132.11,123.27,125.97,126.63,183.17,160.24,163.07,148.17,120.31,121.9,149.62,130.7,167.55,156.49,147.31,202.63,207.86,205.49,211.45,220.85,237.15,216.27,191.58,196.65,182.31,109.61,92.25,113.37,111.36,92.34,95.2,97.69,87.35,104.13,99.8,127.64,121.66,128.51,129.05,180.08,70.66,75.14,68.87,69.45,124.11,99.66,96.13,122.35,125.66,152.54,145.76,151.11,139.24,147.92,113.58,57.42,51.54,154.5,159.59,145.45,150.69,145.99,150.69,170.74,147.49,162.72,125.09,118.91,107.59,63.7,58.19,61.45,58.39,19.6,36.65,30.62,30.16,22.53,39.31,44.86,140.21,134.2,134.88,172.61,168.89,173.22,145.44,152.38,145.14,21.46,35.48,26.12,35.18,41.13,43.6,47.1,51.18,53.44,73.09,87.4,53.74,68.2,73.02,61.11,68.59,57.16,51.84,47.82,31.57,34.6,37.88,15.61,0.0,15.57,39.37,9.47,12.11,20.19,28.49,35.19,46.02,43.71,48.53,129.03,122.99,123.56,111.78,129.63,131.65,63.18
198.38,219.3,226.11,53.94,202.79,52.35,61.7,23.53,60.79,102.19,65.23,115.74,167.91,52.62,220.63,160.71,68.85,234.19,137.81,179.86,94.98,118.67,58.28,62.77,41.15,163.03,222.2,115.92,169.87,112.9,138.86,42.1,130.82,174.27,271.48,214.12,93.9,8.84,216.88,32.22,25.36,155.0,210.16,197.22,134.28,107.0,56.22,17.76,152.36,158.66,160.49,50.12,69.95,185.95,146.38,102.13,43.85,72.41,40.41,20.12,178.44,111.35,130.68,54.08,140.44,56.11,132.75,301.63,159.12,245.51,172.12,217.48,126.56,126.4,112.63,57.4,288.38,118.98,57.62,206.99,294.95,122.47,41.05,7.43,33.15,153.26,220.1,163.53,218.93,137.41,122.16,136.43,264.95,88.3,127.53,67.05,107.53,251.24,234.84,101.41,141.88,58.62,48.68,196.09,154.02,124.29,66.45,218.54,32.55,217.32,165.93,127.66,52.33,112.53,66.48,142.49,210.41,114.58,66.94,150.85,50.74,173.87,175.93,238.13,113.35,148.0,272.34,209.02,279.49,115.41,103.57,197.6,266.73,134.68,215.01,144.52,260.67,47.25,5.42,142.07,38.47,202.03,193.85,151.82,209.22,33.23,192.09,214.83,38.9,226.32,57.38,244.2,75.74,184.02,63.72,50.58,220.79,61.29,186.86,260.77,121.81,138.28,126.29,126.83,49.0,91.18,164.71,132.46,38.24,190.18,201.26,231.59,49.11,54.4,255.06,120.1,125.51,65.82,136.74,206.37,175.46,129.24,148.08,114.51,146.37,63.86,47.97,169.21,203.88,284.13,51.88,197.57,195.17,209.61,46.86,191.2,185.16,129.71,39.38,49.31,177.06,208.18,191.67,189.88,131.65,47.7,143.63,188.56,194.28,157.04,153.67,287.92,261.47,256.61,249.78,240.45,257.75,267.23,252.98,203.64,199.21,214.53,216.16,235.58,229.16,225.11,232.93,228.3,212.94,227.49,225.33,207.52,202.33,206.13,205.51,234.01,221.16,217.1,213.02,242.86,229.97,231.51,162.0,299.31,276.67,343.45,344.67,334.98,327.17,322.24,310.48,310.73,305.26,144.04,135.2,137.9,138.56,195.1,172.17,175.0,160.1,132.24,133.83,161.55,142.64,179.48,168.43,159.24,214.56,219.8,217.43,223.39,232.78,249.09,228.2,203.51,208.59,194.25,121.54,104.18,125.3,123.3,104.27,107.14,109.62,99.29,116.06,111.73,139.57,133.59,140.44,140.98,192.02,82.59,87.07,80.8,81.38,136.04,111.6,108.06,134.28,137.6,164.47,157.69,163.04,151.17,159.86,125.51,69.35,56.41,166.44,171.52,157.39,162.63,152.76,157.46,182.67,154.26,174.65,131.87,125.69,114.36,75.63,70.12,73.38,70.32,31.53,43.43,42.56,27.71,25.24,37.08,40.42,146.98,140.97,141.65,179.38,175.66,179.99,152.21,159.15,151.91,19.23,33.24,23.88,19.61,28.85,28.02,31.53,35.61,37.86,79.86,94.17,60.51,74.97,79.79,67.88,80.53,63.93,58.61,54.59,38.34,33.84,27.89,22.38,15.57,0.0,29.39,16.24,18.89,11.96,12.89,25.21,31.99,28.13,32.95,135.8,129.76,130.34,118.55,136.4,138.43,53.2
222.18,243.09,249.91,77.74,226.59,65.51,83.47,34.25,84.58,125.99,89.03,139.54,191.71,79.76,244.42,195.11,92.65,257.99,161.61,203.65,118.78,142.47,82.07,86.56,68.29,186.82,245.99,139.72,193.67,136.69,162.66,69.24,154.62,198.06,295.28,237.91,117.7,24.45,240.68,59.36,49.15,178.8,233.96,221.02,158.08,130.79,80.02,44.9,176.15,182.45,184.29,64.69,93.75,209.75,170.18,125.92,67.65,96.21,67.55,12.52,202.24,135.15,154.47,81.22,164.23,79.91,156.55,325.43,182.92,269.31,195.91,241.27,150.36,150.19,136.43,81.19,312.18,142.77,81.42,230.79,318.75,146.27,64.85,24.57,56.95,177.06,243.9,187.33,242.72,161.21,145.96,160.22,288.74,112.09,151.32,90.84,131.32,275.04,258.64,125.21,165.67,82.42,75.82,219.88,177.81,148.09,88.22,242.33,50.35,241.11,189.73,151.45,76.12,136.32,90.28,166.29,234.2,138.37,90.74,174.64,74.54,197.66,199.73,261.93,137.14,171.79,296.14,232.82,303.29,139.21,127.36,221.39,290.53,158.47,238.81,168.32,284.46,74.39,35.06,165.86,62.26,225.82,217.64,175.62,233.01,57.03,215.88,238.63,62.69,250.12,79.15,268.0,99.53,207.82,87.51,74.38,244.58,85.08,210.65,284.57,145.6,162.08,150.08,150.62,68.58,114.98,191.76,159.51,62.04,213.98,225.06,255.38,72.91,78.19,278.86,143.89,149.3,89.62,160.53,230.17,199.26,153.04,171.88,138.31,170.17,87.66,64.79,193.0,227.67,307.93,75.68,221.36,218.97,233.4,70.65,215.0,208.96,153.51,63.18,73.1,200.86,231.97,215.47,213.68,155.44,71.5,167.43,212.35,218.07,180.83,177.47,311.72,285.27,280.41,273.57,264.24,281.55,291.02,276.77,227.43,223.0,238.32,239.96,259.38,252.96,248.91,256.72,252.09,236.74,251.28,249.13,231.32,226.13,229.93,229.3,257.8,244.95,240.9,236.81,266.66,253.77,255.3,185.79,323.11,300.47,367.25,368.47,358.78,350.96,346.04,334.28,334.52,329.05,167.84,159.0,161.7,162.36,218.9,195.97,198.8,183.9,156.04,157.63,185.35,166.43,203.28,192.22,183.04,238.36,243.59,241.22,247.18,256.58,272.88,252.0,227.3,232.38,218.04,145.34,127.97,149.1,147.09,128.06,130.93,133.42,123.08,139.86,135.53,163.37,157.39,164.24,164.78,215.81,106.39,110.86,104.6,105.18,159.84,135.39,131.86,158.08,161.39,188.26,181.49,186.84,174.97,183.65,149.31,93.15,87.27,190.23,195.31,181.18,186.42,176.56,200.43,206.46,178.06,198.44,155.66,149.48,138.15,99.43,93.92,97.18,94.12,55.33,67.22,66.35,54.85,52.38,64.22,51.14,174.03,168.02,187.98,206.43,202.71,207.04,179.26,186.2,178.96,46.37,60.38,51.02,30.33,39.58,28.27,42.25,31.31,28.62,103.66,81.44,75.07,98.77,103.59,91.68,104.32,87.73,82.41,69.16,54.38,42.64,36.69,46.18,39.37,29.39,0.0,40.04,42.68,20.76,27.31,5.6,6.65,18.89,23.71,162.85,156.81,150.46,142.35,133.57,165.47,39.96
185.08,206.0,212.81,37.7,189.5,55.25,53.58,39.77,44.54,87.7,51.94,102.44,154.61,54.18,207.33,144.46,55.56,220.9,121.57,166.56,81.69,105.37,42.04,56.66,44.05,148.53,208.9,102.63,156.57,99.6,125.56,45.0,117.53,160.97,258.19,200.82,80.6,26.3,203.59,35.12,19.26,141.7,196.87,183.93,120.98,93.7,42.93,20.66,137.86,145.36,147.19,33.88,48.4,172.65,130.14,88.83,27.61,59.12,43.32,36.36,165.14,96.86,117.38,56.98,125.94,39.87,116.51,288.33,144.63,232.21,158.82,204.18,113.27,110.15,99.33,50.56,275.09,105.68,43.13,193.69,281.65,109.17,24.81,23.68,27.05,139.96,206.81,150.23,205.63,122.92,107.67,123.13,251.65,75.0,113.03,50.81,93.03,237.94,221.55,88.11,128.58,52.52,51.59,182.79,140.72,111.0,58.32,205.24,35.45,204.02,152.64,114.36,37.83,99.23,53.19,129.19,197.11,101.28,53.64,137.55,34.5,160.57,162.64,224.83,100.05,134.7,259.04,195.72,266.19,102.11,90.27,184.3,253.44,121.38,201.72,130.03,247.37,41.88,10.82,127.57,22.23,188.73,180.55,137.33,195.92,16.99,178.79,201.54,32.79,213.02,49.25,230.9,62.44,170.72,49.22,34.34,207.49,47.99,173.56,247.47,108.51,123.78,110.04,113.53,51.91,77.88,148.46,116.22,22.0,176.89,187.97,218.29,32.87,48.3,241.76,106.8,112.21,52.52,123.44,193.07,162.16,115.95,134.79,101.21,131.88,50.57,34.89,155.91,190.58,270.83,45.78,184.27,181.88,196.31,40.75,177.9,171.86,116.41,33.28,43.2,163.77,194.88,178.38,176.59,117.15,41.6,130.33,175.26,180.98,143.74,140.37,274.63,248.17,243.31,236.48,227.15,244.45,253.93,239.68,190.34,185.91,201.23,202.86,222.28,215.86,211.81,219.63,215.0,199.65,214.19,212.03,194.23,189.03,192.83,192.21,220.71,207.86,203.8,199.72,229.57,216.68,218.21,148.7,286.02,263.37,330.16,331.38,321.68,313.87,308.95,297.18,297.43,291.96,130.74,121.9,124.6,125.26,181.8,158.88,161.7,146.8,118.94,120.53,148.26,129.34,166.18,155.13,145.95,201.26,206.5,204.13,210.09,219.49,235.79,214.91,189.01,194.09,179.75,108.25,90.88,112.0,110.0,90.97,93.84,96.33,85.99,102.77,98.43,126.28,120.3,127.14,127.69,177.52,69.29,73.77,67.5,68.09,122.74,98.3,94.77,120.98,123.1,149.97,143.2,148.55,136.67,146.56,111.02,56.05,57.37,151.94,157.02,142.89,148.13,136.52,141.22,145.21,138.02,160.15,115.62,109.44,98.11,54.08,56.82,58.89,55.82,18.38,27.18,36.45,30.61,28.15,39.98,45.53,130.74,124.73,125.41,163.14,159.42,163.75,135.97,142.9,135.66,22.13,36.15,26.79,35.85,41.8,44.27,47.77,51.85,54.11,63.62,77.93,44.26,58.73,63.55,51.64,61.6,47.69,42.37,38.35,22.1,25.13,31.08,6.14,9.47,16.24,40.04,0.0,7.61,20.86,29.16,35.86,46.69,44.38,49.2,119.56,113.51,114.09,102.31,120.16,122.18,63.85
194.92,215.84,222.65,45.31,199.33,57.89,56.22,42.41,52.16,98.73,61.77,112.28,164.45,56.83,217.17,152.07,65.39,230.73,129.18,176.4,91.52,115.21,49.65,59.31,46.69,159.57,218.74,112.47,166.41,109.44,135.4,47.64,127.36,170.81,268.03,210.66,90.44,28.95,213.43,37.76,21.9,151.54,206.7,193.76,130.82,103.54,52.76,23.31,148.9,155.2,157.03,41.49,56.01,182.49,137.75,98.67,35.22,68.95,45.96,39.01,174.98,107.89,127.22,59.62,136.98,47.48,124.12,298.17,155.66,242.05,168.66,214.02,123.1,117.77,109.17,53.94,284.92,115.52,54.16,203.53,291.49,119.01,32.42,26.32,29.69,149.8,216.64,160.07,215.47,133.95,118.71,132.97,261.49,84.84,124.07,58.42,104.07,247.78,231.38,97.95,138.42,55.16,54.23,192.63,150.56,120.83,60.96,215.08,38.1,213.86,162.47,124.2,48.87,109.07,63.02,139.03,206.95,111.12,63.48,147.39,42.11,170.41,172.47,234.67,109.89,144.54,268.88,205.56,276.03,111.95,100.11,194.14,263.27,131.22,211.55,141.06,257.21,44.52,13.46,138.61,29.84,198.57,190.39,148.36,205.76,24.6,188.63,211.37,35.44,222.86,51.89,240.74,72.28,180.56,60.26,41.95,217.33,57.83,183.4,257.31,118.35,134.82,117.66,123.37,54.55,87.72,156.08,123.83,29.61,186.72,197.8,228.13,40.48,50.94,251.6,116.64,122.05,62.36,133.28,202.91,172.0,125.78,144.62,111.05,142.91,60.4,37.53,165.75,200.42,280.67,48.42,194.11,191.71,206.15,43.4,187.74,181.7,126.25,35.92,45.85,173.6,204.72,188.21,186.43,128.19,44.24,140.17,185.1,190.82,153.58,150.21,284.46,258.01,253.15,246.32,236.99,254.29,263.77,249.52,200.18,195.75,211.07,212.7,232.12,225.7,221.65,229.47,224.84,209.48,224.03,221.87,204.06,198.87,202.67,202.05,230.55,217.7,213.64,209.56,239.4,226.51,228.05,158.54,295.85,273.21,339.99,341.21,331.52,323.71,318.78,307.02,307.27,301.8,140.58,131.74,134.44,135.1,191.64,168.71,171.54,156.64,128.78,130.37,158.09,139.18,176.02,164.97,155.78,211.1,216.34,213.97,219.93,229.32,245.63,224.74,200.05,205.13,190.79,118.08,100.72,121.84,119.84,100.81,103.68,106.16,95.83,112.6,108.27,136.11,130.13,136.98,137.52,188.56,79.13,83.61,77.34,77.92,132.58,108.14,104.6,130.82,134.14,161.01,154.23,159.58,147.71,156.4,122.05,65.89,60.01,162.98,168.06,153.93,159.17,144.13,148.83,152.82,145.63,171.19,123.23,117.05,105.73,61.69,66.66,69.92,66.86,25.99,34.79,39.1,33.26,30.79,42.62,48.17,138.35,132.34,133.02,170.75,167.03,171.36,143.58,150.52,143.28,24.78,38.79,29.43,38.49,44.44,46.91,50.41,54.49,56.75,71.23,85.54,51.88,66.34,71.16,59.25,69.22,55.3,49.98,45.96,29.71,32.74,41.19,13.75,12.11,18.89,42.68,7.61,0.0,23.5,31.8,38.5,49.33,47.02,51.84,127.17,121.13,121.7,109.92,127.77,129.79,66.49
203.0,223.91,230.73,58.56,207.41,60.31,64.29,28.69,65.4,106.81,69.85,120.36,172.53,60.58,225.24,165.32,73.47,238.81,142.43,184.48,99.6,123.29,62.9,67.38,49.11,167.65,226.81,120.54,174.49,117.52,143.48,50.06,135.44,178.88,276.1,218.73,98.52,7.02,221.5,40.18,29.98,159.62,214.78,201.84,138.9,111.62,60.84,25.72,156.97,163.27,165.11,45.67,74.57,190.57,151.0,106.75,48.47,77.03,48.38,25.28,183.06,115.97,135.29,62.04,145.05,60.73,137.37,306.25,163.74,250.13,176.74,222.09,131.18,131.02,117.25,62.02,293.0,123.59,62.24,211.61,299.57,127.09,45.67,12.59,37.77,157.88,224.72,168.15,223.55,142.03,126.78,141.04,269.56,92.92,132.14,71.67,112.15,255.86,239.46,106.03,146.49,63.24,56.64,200.71,158.64,128.91,69.04,223.16,40.51,221.93,170.55,132.27,56.95,117.14,71.1,147.11,215.02,119.19,71.56,155.47,55.36,178.48,180.55,242.75,117.96,152.62,276.96,213.64,284.11,120.03,108.18,202.21,271.35,139.29,219.63,149.14,265.29,55.22,15.88,146.69,43.09,206.65,198.46,156.44,213.84,37.85,196.7,219.45,43.51,230.94,59.97,248.82,80.35,188.64,68.34,55.2,225.41,65.9,191.48,265.39,126.42,142.9,130.91,131.44,56.97,95.8,169.33,137.08,42.86,194.8,205.88,236.21,53.73,59.02,259.68,124.71,130.12,70.44,141.36,210.99,180.08,133.86,152.7,119.13,150.99,68.48,45.61,173.82,208.5,288.75,56.5,202.18,199.79,214.22,51.47,195.82,189.78,134.33,44.0,53.92,181.68,212.8,196.29,194.5,136.26,52.32,148.25,193.18,198.89,161.65,158.29,292.54,266.09,261.23,254.39,245.06,262.37,271.84,257.6,208.25,203.82,219.14,220.78,240.2,233.78,229.73,237.54,232.91,217.56,232.11,229.95,212.14,206.95,210.75,210.12,238.62,225.78,221.72,217.64,247.48,234.59,236.12,166.61,303.93,281.29,348.07,349.29,339.6,331.79,326.86,315.1,315.34,309.88,148.66,139.82,142.52,143.18,199.72,176.79,179.62,164.72,136.86,138.45,166.17,147.25,184.1,173.04,163.86,219.18,224.41,222.04,228.0,237.4,253.71,232.82,208.13,213.2,198.86,126.16,108.8,129.92,127.92,108.89,111.76,114.24,103.9,120.68,116.35,144.19,138.21,145.06,145.6,196.63,87.21,91.69,85.42,86.0,140.66,116.21,112.68,138.9,142.21,169.09,162.31,167.66,155.79,164.47,130.13,73.97,68.09,171.05,176.14,162.0,167.24,157.38,162.08,187.29,158.88,179.27,136.48,130.3,118.98,80.25,74.74,78.0,74.94,36.15,48.04,47.17,35.67,33.21,45.04,45.58,151.6,145.59,146.27,184.0,180.28,184.61,156.83,163.76,156.53,27.19,41.21,31.84,24.77,34.01,33.18,36.69,40.77,43.02,84.48,89.72,56.05,79.59,84.41,72.5,85.14,68.55,63.23,50.14,35.36,23.62,17.67,27.0,20.19,11.96,20.76,20.86,23.5,0.0,9.88,16.58,27.41,33.29,38.11,140.42,134.38,134.95,123.17,138.19,143.04,44.57
211.3,232.21,239.03,66.86,215.71,60.44,72.59,29.17,73.7,115.11,78.15,128.66,180.83,65.51,233.54,173.62,81.77,247.11,150.73,192.77,107.9,131.59,71.2,75.68,54.03,175.94,235.11,128.84,182.79,125.81,151.78,54.98,143.74,187.18,284.4,227.03,106.82,7.51,229.8,45.1,38.27,167.92,223.08,210.14,147.2,119.92,69.14,30.65,165.27,171.57,173.41,53.81,82.87,198.87,159.3,115.05,56.77,85.33,53.3,25.77,191.36,124.27,143.59,66.96,153.35,69.03,145.67,314.55,172.04,258.43,185.03,230.39,139.48,139.31,125.55,70.32,301.3,131.89,70.54,219.91,307.87,135.39,53.97,13.08,46.07,166.18,233.02,176.45,231.85,150.33,135.08,149.34,277.86,101.21,140.44,79.97,120.44,264.16,247.76,114.33,154.79,71.54,61.57,209.0,166.93,137.21,77.34,231.45,45.44,230.23,178.85,140.57,65.24,125.44,79.4,155.41,223.32,127.49,79.86,163.76,63.66,186.78,188.85,251.05,126.26,160.92,285.26,221.94,292.41,128.33,116.48,210.51,279.65,147.59,227.93,157.44,273.58,60.14,18.31,154.98,51.39,214.94,206.76,164.74,222.13,46.15,205.0,227.75,51.81,239.24,68.27,257.12,88.65,196.94,76.63,63.5,233.71,74.2,199.77,273.69,134.72,151.2,139.2,139.74,61.89,104.1,177.62,145.38,51.16,203.1,214.18,244.51,62.03,67.31,267.98,133.01,138.42,78.74,149.65,219.29,188.38,142.16,161.0,127.43,159.29,76.78,53.91,182.12,216.79,297.05,64.8,210.48,208.09,222.52,59.77,204.12,198.08,142.63,52.3,62.22,189.98,221.1,204.59,202.8,144.56,60.62,156.55,201.47,207.19,169.95,166.59,300.84,274.39,269.53,262.69,253.36,270.67,280.14,265.9,216.55,212.12,227.44,229.08,248.5,242.08,238.03,245.84,241.21,225.86,240.4,238.25,220.44,215.25,219.05,218.42,246.92,234.07,230.02,225.94,255.78,242.89,244.42,174.91,312.23,289.59,356.37,357.59,347.9,340.08,335.16,323.4,323.64,318.17,156.96,148.12,150.82,151.48,208.02,185.09,187.92,173.02,145.16,146.75,174.47,155.55,192.4,181.34,172.16,227.48,232.71,230.34,236.3,245.7,262.0,241.12,216.43,221.5,207.16,134.46,117.09,138.22,136.21,117.19,120.05,122.54,112.2,128.98,124.65,152.49,146.51,153.36,153.9,204.93,95.51,99.99,93.72,94.3,148.96,124.51,120.98,147.2,150.51,177.39,170.61,175.96,164.09,172.77,138.43,82.27,76.39,179.35,184.44,170.3,175.54,165.68,170.38,195.59,167.18,187.57,144.78,138.6,127.27,88.55,83.04,86.3,83.24,44.45,56.34,55.47,40.6,38.13,49.96,46.07,159.9,153.89,154.57,192.3,188.58,192.91,165.13,172.06,164.82,32.12,46.13,36.77,25.25,34.5,33.67,37.17,41.25,43.51,92.78,92.59,64.19,87.89,92.71,80.8,93.44,76.85,71.53,58.28,43.5,31.76,25.81,35.3,28.49,12.89,27.31,29.16,31.8,9.88,0.0,23.13,21.66,33.78,38.6,148.72,142.67,143.25,131.47,144.73,151.34,51.12
218.0,238.92,245.73,73.56,222.41,75.31,79.3,41.94,80.41,121.81,84.85,135.36,187.53,75.59,240.24,190.93,88.47,253.81,157.43,199.48,114.6,138.29,77.9,82.38,64.11,182.65,241.81,135.54,189.49,132.52,158.48,65.06,150.44,193.89,291.1,233.74,113.52,20.27,236.5,55.18,44.98,174.62,229.78,216.84,153.9,126.62,75.84,40.72,171.98,178.28,180.11,60.51,89.57,205.57,166.0,121.75,63.47,92.03,63.38,18.12,198.06,130.97,150.3,77.04,160.05,75.73,152.37,321.25,178.74,265.13,191.74,237.09,146.18,146.02,132.25,77.02,308.0,138.6,77.24,226.61,314.57,142.09,60.67,25.84,52.77,172.88,239.72,183.15,238.55,157.03,141.78,156.05,284.57,107.92,147.15,86.67,127.15,270.86,254.46,121.03,161.49,78.24,71.65,215.71,173.64,143.91,84.04,238.16,55.51,236.93,185.55,147.27,71.95,132.14,86.1,162.11,230.02,134.19,86.56,170.47,70.36,193.48,195.55,257.75,132.96,167.62,291.96,228.64,299.11,135.03,123.18,217.22,286.35,154.29,234.63,164.14,280.29,70.22,30.88,161.69,58.09,221.65,213.46,171.44,228.84,52.85,211.71,234.45,58.51,245.94,74.97,263.82,95.35,203.64,83.34,70.2,240.41,80.91,206.48,280.39,141.43,157.9,145.91,146.44,71.97,110.8,187.58,155.34,57.86,209.8,220.88,251.21,68.73,74.02,274.68,139.71,145.13,85.44,156.36,225.99,195.08,148.86,167.7,134.13,165.99,83.48,60.61,188.82,223.5,303.75,71.5,217.18,214.79,229.22,66.47,210.82,204.78,149.33,59.0,68.93,196.68,227.8,211.29,209.5,151.27,67.32,163.25,208.18,213.89,176.65,173.29,307.54,281.09,276.23,269.4,260.06,277.37,286.84,272.6,223.26,218.82,234.15,235.78,255.2,248.78,244.73,252.55,247.91,232.56,247.11,244.95,227.14,221.95,225.75,225.13,253.62,240.78,236.72,232.64,262.48,249.59,251.12,181.61,318.93,296.29,363.07,364.29,354.6,346.79,341.86,330.1,330.35,324.88,163.66,154.82,157.52,158.18,214.72,191.79,194.62,179.72,151.86,153.45,181.17,162.25,199.1,188.04,178.86,234.18,239.41,237.04,243.01,252.4,268.71,247.82,223.13,228.2,213.86,141.16,123.8,144.92,142.92,123.89,126.76,129.24,118.9,135.68,131.35,159.19,153.21,160.06,160.6,211.63,102.21,106.69,100.42,101.0,155.66,131.21,127.68,153.9,157.21,184.09,177.31,182.66,170.79,179.47,145.13,88.97,83.09,186.06,191.14,177.0,182.24,172.38,196.26,202.29,173.88,194.27,151.48,145.3,133.98,95.25,89.74,93.0,89.94,51.15,63.04,62.17,50.67,48.21,60.04,58.83,169.85,163.84,183.8,202.25,198.53,202.86,175.09,182.02,174.78,42.19,56.21,46.84,38.02,47.26,33.87,49.94,36.91,34.22,99.48,77.26,70.89,94.59,99.41,87.5,100.14,83.55,78.23,64.98,50.2,38.46,32.51,42.0,35.19,25.21,5.6,35.86,38.5,16.58,23.13,0.0,12.25,24.49,29.31,158.68,152.63,146.28,138.17,129.4,161.3,35.78
228.83,249.74,256.56,84.39,233.24,65.5,83.8,34.24,91.23,132.64,95.68,146.19,198.36,74.72,251.07,201.76,99.3,264.64,168.26,210.3,125.43,149.12,88.73,93.21,63.25,193.47,252.64,146.37,200.32,143.34,169.31,64.2,161.27,204.71,301.93,244.56,124.35,14.85,247.33,51.41,55.8,185.45,240.61,227.67,164.73,137.44,86.67,49.75,182.8,189.1,190.94,71.34,100.4,216.4,176.83,132.58,74.3,102.86,62.51,12.5,208.89,141.8,161.12,76.18,170.88,86.56,163.2,332.08,189.57,275.96,202.56,247.92,157.01,156.84,143.08,87.85,318.83,149.42,88.07,237.44,325.4,152.92,71.5,24.56,63.6,183.71,250.55,193.98,249.38,167.86,152.61,166.87,295.39,118.74,157.97,97.5,137.97,281.69,265.29,131.86,172.32,89.07,70.78,226.53,184.46,154.74,88.55,248.98,50.33,247.76,196.38,158.1,82.77,142.97,96.93,172.94,240.85,145.02,97.39,181.29,81.19,204.31,206.38,268.58,143.79,178.45,302.79,239.47,309.94,145.86,134.01,228.04,297.18,165.12,245.46,174.97,291.11,69.35,37.41,172.51,68.92,232.47,224.29,182.27,239.66,63.68,222.53,245.28,69.34,256.77,79.48,274.65,106.18,214.47,94.16,81.03,251.24,91.73,217.3,291.22,152.25,168.73,156.73,157.27,68.56,121.63,198.41,166.16,68.69,220.63,231.71,262.04,79.56,84.84,285.51,150.54,155.95,96.27,167.18,236.82,205.91,159.69,178.53,144.96,176.82,94.31,70.07,199.65,234.32,314.58,82.33,228.01,225.62,240.05,77.3,221.65,215.61,160.16,69.83,76.6,207.51,238.62,222.12,220.33,162.09,78.15,174.08,219.0,224.72,187.48,184.12,318.37,291.92,287.06,280.22,270.89,288.2,297.67,283.42,234.08,229.65,244.97,246.61,266.03,259.61,255.56,263.37,258.74,243.39,257.93,255.78,237.97,232.78,236.58,235.95,264.45,251.6,247.55,243.47,273.31,260.42,261.95,192.44,329.76,307.12,373.9,375.12,365.43,357.61,352.69,340.93,341.17,335.7,174.49,165.65,168.35,169.01,225.55,202.62,205.45,190.55,162.69,164.28,192.0,173.08,209.93,198.87,189.69,245.01,250.24,247.87,253.83,263.23,279.53,258.65,233.96,239.03,224.69,151.99,134.62,155.75,153.74,134.72,137.58,140.07,129.73,146.51,142.18,170.02,164.04,170.89,171.43,222.46,113.04,117.52,111.25,111.83,166.49,142.04,138.51,164.73,168.04,194.92,188.14,193.49,181.62,190.3,155.96,99.8,78.51,196.88,201.97,187.83,193.07,183.21,207.08,213.12,184.71,205.1,162.31,156.13,144.8,106.08,100.57,103.83,100.77,61.98,73.87,71.76,59.7,57.24,56.27,51.13,180.68,174.67,194.63,213.08,209.36,213.69,185.91,192.85,185.61,51.22,55.34,50.83,30.32,39.56,28.25,42.24,31.29,28.61,110.31,88.09,81.72,105.42,110.24,98.33,110.97,94.38,89.06,75.81,61.03,49.29,43.34,52.83,46.02,31.99,6.65,46.69,49.33,27.41,21.66,12.25,0.0,18.87,23.7,169.5,163.46,157.11,149.0,140.22,172.12,38.0
219.16,240.07,246.89,80.41,223.57,48.91,67.22,17.65,88.92,122.97,86.01,136.52,188.69,58.14,241.4,188.84,89.63,254.97,165.95,200.64,115.76,139.45,84.75,79.11,46.66,183.81,242.97,136.7,190.65,133.68,159.64,47.61,151.6,195.05,292.26,234.9,114.68,26.27,237.66,34.83,53.49,175.78,230.94,218.0,155.06,127.78,77.0,43.4,173.13,179.43,181.27,78.26,90.73,206.73,174.51,122.91,71.98,93.19,45.93,8.64,199.22,132.13,151.45,59.59,161.21,84.25,160.89,322.41,179.9,266.29,192.9,238.25,147.34,178.96,133.41,73.74,309.16,139.75,78.4,227.77,315.73,143.25,69.18,20.7,61.29,174.04,240.88,184.31,239.71,158.19,142.94,157.21,285.73,109.08,148.3,95.18,128.31,272.02,255.62,122.19,162.65,74.96,54.2,216.87,174.8,145.07,71.96,239.32,33.75,238.09,186.71,148.43,73.11,133.3,87.26,163.27,231.18,135.35,87.72,171.63,78.87,194.64,196.71,258.91,134.12,168.78,293.12,229.8,300.27,136.19,124.34,218.37,287.51,155.45,235.79,165.3,281.45,52.77,33.55,162.85,66.6,222.81,214.62,172.6,230.0,61.36,212.86,235.61,67.03,247.1,62.89,264.98,96.51,204.8,84.5,77.77,241.57,82.07,207.64,281.55,142.58,159.06,154.42,147.6,51.98,111.96,192.84,160.6,66.38,210.96,222.04,252.37,77.25,70.74,275.84,140.87,146.28,86.6,157.52,227.15,196.24,150.02,168.86,135.29,167.15,84.64,53.48,189.98,224.66,304.91,68.22,218.34,215.95,230.38,67.63,211.98,205.94,150.49,62.99,60.01,197.84,228.96,212.45,210.66,152.42,64.04,164.41,209.34,215.05,177.81,174.45,308.7,282.25,277.39,270.56,261.22,278.53,288.0,273.76,224.41,219.98,235.3,236.94,256.36,249.94,245.89,253.7,249.07,233.72,248.27,246.11,228.3,223.11,226.91,226.28,254.78,241.94,237.88,233.8,263.64,250.75,252.28,182.77,320.09,297.45,364.23,365.45,355.76,347.95,343.02,331.26,331.5,326.04,164.82,155.98,158.68,159.34,215.88,192.95,195.78,180.88,153.02,154.61,182.33,163.41,200.26,189.2,180.02,235.34,240.57,238.2,244.16,253.56,269.87,248.98,224.29,229.36,215.02,142.32,124.96,146.08,144.08,125.05,127.92,130.4,120.06,136.84,132.51,160.35,154.37,161.22,161.76,212.79,103.37,107.85,101.58,102.16,156.82,132.37,128.84,155.06,158.37,185.25,178.47,183.82,171.95,180.63,146.29,90.13,61.92,187.21,192.3,178.16,183.4,180.89,185.59,203.45,182.4,195.43,160.0,181.33,170.0,96.41,90.9,94.16,91.1,59.66,71.56,55.17,55.84,53.38,39.69,34.54,175.11,169.11,169.78,207.51,203.79,208.12,180.35,187.28,180.04,47.36,38.76,34.25,26.45,22.98,12.25,25.65,15.3,12.61,107.99,100.33,88.64,103.1,107.93,96.01,101.3,92.07,86.74,82.73,66.48,55.17,49.22,50.51,43.71,28.13,18.89,44.38,47.02,33.29,33.78,24.49,18.87,0.0,7.7,162.21,156.16,167.62,144.96,150.73,164.83,27.41
217.34,238.25,245.07,78.59,221.75,47.09,65.4,15.83,93.74,121.15,84.19,134.7,186.87,56.32,239.58,193.66,87.81,253.15,182.31,198.82,113.94,137.63,82.93,77.29,44.84,181.99,241.15,134.88,188.83,131.86,157.82,45.79,149.78,193.23,290.44,233.08,112.86,31.09,235.84,33.01,58.31,173.96,229.12,216.18,153.24,125.96,75.18,41.58,171.31,177.61,179.45,83.08,88.91,204.91,179.33,121.09,76.8,91.37,44.11,13.46,197.4,130.31,149.63,57.77,159.39,89.07,165.71,320.59,178.08,264.47,191.08,236.43,145.52,177.14,131.59,71.92,307.34,137.93,76.58,225.95,313.91,141.43,74.0,25.52,59.11,172.22,239.06,182.49,237.89,156.37,141.12,155.39,283.9,107.26,146.48,100.0,126.49,270.2,253.8,120.37,160.83,73.14,52.38,215.05,172.98,143.25,70.14,237.5,31.93,236.27,184.89,146.61,71.29,131.48,85.44,161.45,229.36,133.53,85.9,169.81,83.69,192.82,194.89,257.09,132.3,166.96,291.3,227.98,298.45,134.37,122.52,216.55,285.69,153.63,233.97,163.48,279.63,50.95,38.37,161.03,71.42,220.99,212.8,170.78,228.18,66.18,211.04,233.79,66.65,245.28,61.07,263.16,94.69,202.98,82.68,75.95,239.75,80.25,205.82,279.73,140.76,157.24,159.24,145.78,50.16,110.14,197.66,165.42,71.2,209.14,220.22,250.55,82.07,68.92,274.02,139.05,144.46,84.78,155.7,225.33,194.42,148.2,167.04,133.47,165.33,82.82,51.66,188.16,222.84,303.09,66.4,216.52,214.13,228.56,65.81,210.16,204.12,148.67,61.17,58.19,196.02,227.14,210.63,208.84,150.6,62.22,162.59,207.52,213.23,175.99,172.63,306.88,280.43,275.57,268.74,259.4,276.71,286.18,271.94,222.59,218.16,233.48,235.12,254.54,248.12,244.07,251.88,247.25,231.9,246.45,244.29,226.48,221.29,225.09,224.46,252.96,240.12,236.06,231.98,261.82,248.93,250.46,180.95,318.27,295.63,362.41,363.63,353.94,346.13,341.2,329.44,329.68,324.22,163.0,154.16,156.86,157.52,214.06,191.13,193.96,179.06,151.2,152.79,180.51,161.59,198.44,187.38,178.2,233.52,238.75,236.38,242.34,251.74,268.05,247.16,222.47,227.54,213.2,140.5,123.14,144.26,142.26,123.23,126.1,128.58,118.24,135.02,130.69,158.53,152.55,159.4,159.94,210.97,101.55,106.03,99.76,100.34,155.0,130.55,127.02,153.24,156.55,183.43,176.65,182.0,170.13,178.81,144.47,88.31,60.1,185.39,190.48,176.34,181.58,185.71,190.41,201.63,204.3,193.61,164.82,179.51,168.18,94.59,89.08,92.34,89.28,64.48,76.38,53.35,56.37,53.9,37.87,32.72,179.93,173.93,174.6,212.33,208.61,212.94,185.17,192.1,184.86,47.89,36.94,32.43,25.84,21.16,10.43,23.83,7.6,17.3,112.81,105.15,93.46,107.92,112.75,100.84,99.48,96.89,91.56,87.55,71.3,59.99,54.04,55.34,48.53,32.95,23.71,49.2,51.84,38.11,38.6,29.31,23.7,7.7,0.0,168.76,162.71,174.17,151.5,157.28,171.38,32.09
182.73,146.65,210.46,112.87,175.42,159.74,145.07,159.33,75.02,91.68,136.92,133.73,169.83,145.68,204.98,34.04,139.91,218.54,34.01,156.55,135.79,103.46,107.25,141.23,157.57,86.95,156.02,119.39,147.5,130.89,83.78,154.0,89.79,150.96,231.49,198.47,126.37,145.86,201.23,158.18,117.62,144.26,194.51,179.11,92.07,129.1,127.28,140.22,72.72,163.22,165.06,88.57,107.7,174.01,42.57,119.82,91.95,129.72,143.63,155.92,156.29,83.88,134.5,151.92,70.34,79.69,28.95,247.77,76.92,206.8,125.97,201.83,110.85,40.69,150.49,134.91,234.52,124.37,136.71,191.34,241.09,116.37,103.53,143.24,135.17,157.82,204.45,136.25,203.28,63.46,73.42,140.99,219.17,134.8,67.29,92.63,92.17,205.58,206.81,134.58,80.93,137.08,149.88,157.34,150.88,128.86,149.82,202.89,158.51,201.66,162.99,95.45,122.19,130.52,137.54,147.05,143.28,119.58,139.23,155.41,90.1,171.5,152.62,208.35,109.59,152.09,226.57,193.37,227.92,114.98,139.2,183.88,220.96,139.24,199.36,50.84,214.89,141.82,130.38,59.84,109.54,186.38,164.93,75.74,193.57,106.82,171.36,199.18,128.86,210.67,140.74,201.3,144.47,168.37,130.76,118.7,205.14,132.35,163.55,215.0,101.58,68.37,21.61,123.6,156.39,132.67,28.9,11.82,97.56,176.94,185.61,203.55,89.11,132.86,209.29,109.98,98.64,136.88,141.3,190.72,159.9,95.18,152.65,116.98,67.64,134.92,133.63,161.51,188.23,230.27,129.94,181.91,179.52,193.95,123.77,175.55,169.51,102.21,128.8,132.31,161.41,192.53,176.02,174.23,62.34,127.81,148.2,172.91,178.63,161.6,158.24,242.27,215.81,217.9,194.36,167.8,187.3,221.45,207.2,150.65,171.18,198.88,200.51,219.93,213.51,209.46,217.28,212.65,197.29,211.84,209.68,191.87,186.68,188.02,182.73,218.36,205.51,193.73,197.37,213.78,214.32,183.92,166.56,245.45,221.83,279.72,259.29,281.12,273.31,268.38,256.62,256.87,251.4,148.6,139.03,141.73,142.39,161.79,141.69,138.02,155.16,129.02,115.12,141.25,147.2,122.11,131.45,140.74,166.97,160.38,144.78,135.0,160.14,176.44,155.56,127.43,132.5,118.16,129.73,118.89,143.29,135.01,126.37,134.83,142.8,140.1,149.23,147.37,104.62,98.39,89.72,106.03,115.93,147.21,151.68,146.6,150.12,89.61,100.47,117.85,87.93,57.43,88.39,81.61,86.96,75.09,94.34,90.13,140.41,148.86,69.42,65.58,81.3,73.97,48.08,39.37,57.64,50.46,62.6,28.06,40.08,44.69,104.94,136.69,123.92,129.27,108.83,116.72,140.66,144.12,147.71,164.76,172.26,11.18,5.17,25.13,52.57,48.85,45.97,36.27,23.34,16.11,141.69,155.05,146.35,155.41,164.85,163.83,181.03,171.41,184.65,56.07,78.01,76.08,87.57,82.06,68.73,99.21,89.51,84.19,96.75,98.24,108.51,114.46,115.94,129.03,135.8,162.85,119.56,127.17,140.42,148.72,158.68,169.5,162.21,168.76,0.0,6.41,15.61,17.25,29.28,22.48,170.29
189.14,153.06,216.87,106.83,181.83,153.69,139.02,153.29,68.97,98.09,130.25,140.14,176.24,139.63,211.39,40.45,133.87,224.95,40.42,162.96,142.2,109.87,101.2,135.18,151.53,93.36,162.43,125.8,153.91,137.3,90.19,147.96,96.2,157.37,237.9,204.88,132.78,139.82,207.64,152.13,111.57,150.67,200.92,185.52,98.48,135.51,121.24,134.18,79.13,169.63,171.47,82.52,105.87,180.42,48.98,126.24,85.91,136.13,137.58,149.88,162.7,90.29,140.91,145.87,76.75,73.64,35.36,254.18,83.33,213.21,132.38,208.24,117.26,47.1,156.9,128.87,240.93,130.78,107.63,197.75,247.5,122.78,97.49,137.19,129.12,164.24,210.86,142.66,209.69,69.87,79.83,147.4,225.58,141.21,73.7,86.58,98.58,212.0,213.22,140.99,87.34,131.04,143.83,163.75,157.3,135.27,143.77,209.3,152.46,208.08,169.4,101.86,116.14,136.93,131.5,153.47,149.69,125.99,111.92,161.82,84.06,177.92,159.04,214.76,116.0,158.5,232.98,199.78,234.33,121.39,145.61,190.29,227.37,145.65,205.77,57.25,221.3,135.78,124.34,66.25,103.5,192.79,171.34,82.15,199.98,100.77,177.77,205.59,122.81,217.08,134.7,207.71,140.75,174.78,103.36,112.65,211.55,126.3,169.96,221.41,107.99,74.78,28.02,130.01,150.35,139.08,35.32,5.77,91.52,183.35,192.02,209.96,83.06,126.82,215.7,116.39,105.05,130.83,147.71,197.13,166.32,101.59,159.06,123.39,74.05,128.88,127.59,167.92,194.64,236.68,123.9,188.33,185.93,200.37,117.72,181.96,175.92,108.62,122.75,126.26,167.82,198.94,182.43,180.64,68.75,121.77,154.61,179.32,185.04,168.01,164.65,248.68,222.22,224.31,200.77,174.21,193.71,227.86,213.61,157.06,177.59,205.29,206.92,226.34,219.92,215.87,223.69,219.06,203.7,218.25,216.09,198.28,193.09,194.43,189.14,224.77,211.92,200.14,203.78,220.19,220.73,190.33,172.97,251.86,228.24,284.53,264.1,287.53,279.72,274.79,263.03,263.28,257.81,155.01,145.44,148.14,148.8,168.2,148.1,144.43,161.57,135.43,121.53,147.66,153.61,128.52,137.86,147.15,173.38,166.79,151.19,141.41,166.55,182.85,161.97,133.84,138.91,124.57,136.14,125.3,149.71,141.42,132.78,141.24,149.21,146.51,155.65,153.78,111.03,104.81,96.13,112.44,122.34,147.6,152.08,145.81,146.4,96.02,106.89,124.26,94.34,63.84,94.8,88.02,93.37,81.5,100.75,96.54,134.36,142.82,75.83,71.99,87.71,80.38,54.49,45.78,64.05,56.87,69.01,34.47,46.49,51.1,103.12,143.1,130.33,135.68,102.79,110.68,134.61,138.07,141.66,158.71,166.21,17.59,11.58,31.54,57.39,53.67,52.38,30.22,29.75,22.52,135.65,149.01,140.3,149.37,158.81,157.78,174.98,165.37,178.6,50.02,71.97,70.04,80.83,76.01,62.68,97.38,83.47,78.14,90.7,92.2,102.47,108.42,109.9,122.99,129.76,156.81,113.51,121.13,134.38,142.67,152.63,163.46,156.16,162.71,6.41,0.0,9.57,11.21,23.23,16.43,164.25
198.34,162.26,226.07,107.41,191.03,154.27,139.6,153.86,69.55,107.29,130.82,149.34,185.44,140.21,220.59,47.87,134.44,234.16,49.62,172.16,151.41,119.08,101.78,135.76,152.11,102.56,171.63,135.0,163.11,146.5,99.39,148.54,105.41,166.57,247.1,214.08,141.98,140.39,216.85,152.71,112.15,159.87,210.13,194.72,107.69,144.71,121.81,134.75,88.33,178.83,180.67,83.1,106.45,189.62,58.19,135.44,86.49,111.72,138.16,150.46,171.91,99.49,150.12,146.45,85.95,74.22,44.56,263.38,92.53,222.41,141.59,217.44,126.47,56.3,166.11,129.45,250.14,139.98,108.21,206.95,256.7,131.98,98.07,137.77,129.7,173.44,220.07,151.86,218.89,79.07,89.03,156.6,234.78,150.41,82.91,87.16,107.78,221.2,222.42,150.19,96.54,131.62,144.41,172.96,166.5,144.47,144.35,218.5,153.04,217.28,178.6,111.06,116.72,146.13,132.07,162.67,158.9,135.19,112.5,171.03,84.63,187.12,168.24,223.96,125.2,167.71,242.18,208.98,243.53,130.6,154.81,199.5,236.57,154.85,214.98,66.45,230.51,136.35,124.91,75.45,104.07,201.99,180.54,91.35,209.18,101.35,186.97,214.8,123.39,226.28,135.27,216.91,141.33,183.99,103.94,113.23,220.75,126.88,179.16,230.61,117.2,83.98,37.22,139.22,150.92,148.28,44.52,12.27,92.09,192.56,201.23,219.17,83.64,127.39,224.9,125.59,114.26,131.41,156.92,206.33,175.52,110.79,168.26,132.59,83.25,129.45,128.16,177.13,203.84,245.88,124.48,197.53,195.14,209.57,118.3,191.16,185.12,117.82,123.33,126.84,177.03,208.14,191.64,189.85,77.96,122.35,163.81,188.52,194.24,177.21,173.85,257.88,231.43,233.51,209.97,183.41,202.91,237.06,222.82,166.27,186.79,214.49,216.12,235.54,229.12,225.08,232.89,228.26,212.91,227.45,225.29,207.49,202.29,203.63,198.34,233.97,221.12,209.35,212.98,229.39,229.94,199.53,182.17,261.07,237.44,286.33,265.9,296.73,288.92,284.0,272.23,272.48,267.01,164.22,154.64,157.34,158.0,177.4,157.3,153.63,170.77,144.63,130.73,156.87,162.81,137.73,147.06,156.35,182.58,175.99,160.39,150.61,175.75,192.05,171.17,143.04,148.11,133.77,145.34,134.5,158.91,150.62,141.98,150.44,158.41,155.71,164.85,162.98,120.23,114.01,105.33,121.64,131.54,148.18,152.66,146.39,146.97,105.22,116.09,133.46,103.55,73.04,104.0,97.22,102.57,90.7,109.95,105.74,134.94,143.39,85.03,81.19,96.91,89.59,61.91,53.19,73.26,66.07,78.21,43.67,55.69,60.3,103.69,118.7,139.53,110.72,103.36,111.25,135.19,138.65,142.24,159.29,166.79,26.79,20.78,40.74,59.19,55.47,59.8,32.02,38.96,31.72,136.23,149.58,140.88,149.94,159.38,158.36,175.56,165.94,172.25,50.6,65.62,70.61,81.41,76.59,63.26,97.96,84.05,78.72,91.28,92.78,103.04,108.99,110.47,123.56,130.34,150.46,114.09,121.7,134.95,143.25,146.28,157.11,167.62,174.17,15.61,9.57,0.0,11.78,16.88,18.24,157.9
199.98,163.9,227.71,95.62,192.67,142.48,127.82,142.08,57.76,108.93,119.04,150.98,187.08,128.43,222.23,49.51,122.66,235.8,51.26,173.8,148.79,120.71,90.0,123.98,140.32,104.2,173.27,136.64,164.75,148.14,101.03,136.75,107.05,168.21,248.74,215.72,147.71,128.61,218.49,140.92,100.36,161.51,211.77,196.36,109.33,146.35,110.03,122.97,89.97,180.47,182.31,71.32,94.66,191.26,59.83,137.08,74.7,99.94,126.38,138.67,173.55,101.13,151.76,134.66,87.59,62.44,46.2,265.02,94.17,224.05,143.23,219.08,128.1,57.94,166.44,117.66,251.78,141.62,96.42,208.59,258.34,133.62,86.28,125.98,117.92,175.08,221.71,153.5,220.53,80.71,90.67,158.24,236.42,142.1,84.55,75.38,109.42,222.84,224.06,155.22,98.18,119.83,132.63,174.6,168.14,146.11,132.56,220.14,141.26,218.92,180.24,112.7,104.94,147.77,120.29,164.31,160.54,136.83,100.71,172.66,72.85,188.76,169.88,225.6,126.84,169.35,243.82,210.62,245.17,132.24,157.37,201.14,238.21,156.49,216.62,68.09,232.14,124.57,113.13,77.09,92.29,203.63,182.18,92.99,210.82,89.57,188.61,216.44,111.6,227.92,123.49,218.55,129.54,185.62,92.16,101.44,222.39,115.09,180.8,232.25,118.84,85.62,38.86,140.85,139.14,144.99,46.16,13.91,80.31,194.2,202.86,220.81,71.86,115.61,226.54,127.23,115.9,119.63,158.56,207.97,177.16,112.43,169.9,134.23,84.89,117.67,116.38,178.77,205.48,247.52,112.69,199.17,196.78,211.21,106.52,192.8,186.76,119.46,111.55,115.05,178.67,209.78,193.28,191.49,79.6,110.56,165.45,190.16,195.88,178.85,175.49,259.52,233.07,235.15,211.61,185.05,204.55,238.7,224.45,167.91,188.43,216.13,217.76,237.18,230.76,226.71,234.53,229.9,214.55,229.09,226.93,209.13,203.93,205.27,199.98,235.61,222.76,210.99,214.62,231.03,231.58,201.17,183.81,262.71,239.08,287.97,267.54,298.37,290.56,285.64,273.87,274.12,268.65,165.86,156.28,158.98,159.64,179.04,158.94,155.27,172.41,146.27,132.37,158.51,164.45,139.36,148.7,157.99,184.22,177.63,162.03,152.25,177.39,193.69,172.81,144.68,149.75,135.41,146.98,136.14,160.55,152.26,143.62,152.08,163.43,153.09,169.87,165.54,121.87,115.65,106.97,123.28,133.18,136.4,140.87,134.61,135.19,106.86,117.73,135.1,105.19,74.68,105.64,98.86,104.21,92.34,111.59,107.38,123.16,131.61,86.67,82.83,98.55,91.23,63.55,54.83,74.89,67.71,79.85,45.31,57.33,61.94,91.91,106.91,102.0,98.94,91.58,99.47,123.4,126.86,130.46,147.5,155.01,28.43,22.42,42.38,60.83,57.11,61.44,33.66,40.6,33.36,124.44,137.8,129.09,138.16,147.6,146.57,163.78,154.16,180.82,38.81,55.83,58.83,69.63,64.81,51.48,86.18,72.26,66.94,79.49,80.99,91.26,97.21,98.69,111.78,118.55,142.35,102.31,109.92,123.17,131.47,138.17,149.0,144.96,151.5,17.25,11.21,11.78,0.0,25.45,19.88,166.46
212.01,175.93,239.74,120.42,204.7,167.28,152.62,163.54,83.21,120.96,143.84,163.01,199.11,153.22,234.25,61.53,147.46,247.82,63.29,185.83,165.07,132.74,114.8,148.78,165.12,116.22,185.3,148.67,176.78,160.17,113.06,161.55,119.07,180.24,260.77,227.75,155.65,141.87,230.51,165.72,125.16,173.54,223.79,208.39,121.35,158.38,134.83,140.82,102.0,192.5,194.33,88.38,115.71,203.28,71.85,149.1,99.5,124.74,151.17,146.09,185.57,113.16,163.78,159.46,99.62,87.89,58.22,277.05,106.19,236.08,155.25,231.1,140.13,69.97,179.77,142.46,263.8,153.65,121.22,220.62,270.37,145.65,111.08,147.44,142.72,187.1,233.73,165.53,232.56,92.74,102.69,170.27,248.45,166.9,96.57,100.83,121.45,234.86,236.09,163.86,110.21,144.63,157.42,186.62,180.16,158.14,157.36,232.17,166.05,230.94,192.27,124.73,129.73,159.8,145.09,176.33,172.56,148.86,125.51,184.69,97.65,200.78,181.9,237.63,138.87,181.37,255.84,222.65,257.19,144.26,168.48,213.16,250.24,168.52,228.64,80.11,244.17,149.37,130.98,89.12,117.09,215.66,194.21,105.02,222.85,114.37,200.63,228.46,136.4,239.95,148.29,230.58,154.34,197.65,116.95,126.24,234.42,139.89,192.83,244.27,130.86,97.65,50.89,152.88,163.94,161.94,58.18,25.94,105.11,206.22,214.89,232.83,96.66,140.41,238.56,139.26,127.92,144.42,170.58,220.0,189.18,124.46,181.93,146.26,96.92,142.47,141.18,190.79,217.51,259.55,137.49,211.19,208.8,223.23,131.32,204.83,198.79,131.49,136.34,139.85,190.69,221.81,205.3,203.51,91.62,135.36,177.47,202.19,207.9,190.88,187.52,271.54,245.09,247.18,223.64,197.08,216.58,250.73,236.48,179.93,200.46,228.15,229.79,249.21,242.79,238.74,246.55,241.92,226.57,241.12,238.96,221.15,215.96,217.3,212.01,247.63,234.79,223.01,226.65,243.06,243.6,213.2,195.84,274.73,251.11,300.0,279.57,310.4,302.59,297.66,285.9,286.15,280.68,177.88,168.31,171.01,171.67,191.07,170.97,167.3,184.43,158.3,144.4,170.53,176.48,151.39,160.72,170.02,196.25,189.65,174.06,164.28,189.41,205.72,184.83,156.7,161.78,147.44,159.01,148.17,172.57,164.29,155.65,164.11,172.07,169.37,178.51,176.64,133.9,127.67,119.0,135.31,145.21,161.2,165.67,159.4,159.99,118.89,129.75,147.12,117.21,86.71,117.66,110.89,116.24,104.37,123.62,119.4,147.96,156.41,98.69,94.86,110.58,103.25,75.57,66.86,86.92,79.73,91.88,57.34,69.36,73.96,117.36,131.71,126.8,123.74,116.38,124.27,148.2,151.66,148.3,172.3,179.8,40.45,34.45,54.4,72.85,69.14,73.46,45.69,52.62,45.38,142.29,162.6,146.94,159.62,168.87,168.03,171.54,182.91,155.37,64.26,48.73,76.1,95.08,90.25,76.93,111.62,97.71,92.39,90.12,98.06,108.32,114.27,114.02,129.63,136.4,133.57,120.16,127.77,138.19,144.73,129.4,140.22,150.73,157.28,29.28,23.23,16.88,25.45,0.0,31.9,141.01
205.21,169.13,232.94,115.5,197.9,162.36,147.69,161.95,77.64,114.16,138.91,156.21,192.31,148.3,227.45,45.68,142.53,241.02,56.49,179.03,158.27,125.94,109.87,143.85,160.2,109.42,178.5,141.87,169.98,153.37,106.26,156.63,112.27,173.44,253.97,220.95,148.85,148.49,223.71,160.8,120.24,166.74,216.99,201.59,114.55,151.58,129.9,142.85,95.2,185.7,187.53,91.19,114.54,196.48,60.0,142.3,94.58,119.81,146.25,158.55,178.77,106.36,156.98,154.54,92.82,82.31,51.42,270.25,89.06,229.28,148.45,224.3,133.33,63.17,172.97,137.54,257.0,146.85,116.3,213.82,263.57,138.85,106.16,145.86,137.79,180.3,226.93,158.73,225.76,85.94,95.89,163.47,241.65,157.28,89.77,95.25,114.65,228.06,229.29,157.06,103.41,139.71,152.5,179.82,173.36,151.34,152.44,225.37,161.13,224.14,185.47,117.93,124.81,153.0,140.16,169.53,165.76,142.06,120.59,177.89,92.72,193.98,175.1,230.83,132.07,174.57,249.04,215.85,250.39,137.46,161.68,206.36,243.44,161.72,221.84,73.31,237.37,144.44,133.0,82.32,112.16,208.86,187.41,96.69,216.05,109.44,193.83,221.66,131.48,233.15,143.37,223.78,149.42,190.85,112.03,121.32,227.62,134.97,186.03,237.47,124.06,90.85,44.09,146.08,159.01,155.14,42.53,19.14,100.18,199.42,208.09,226.03,91.73,135.49,231.76,132.46,121.12,139.5,163.78,213.2,182.38,117.66,175.13,139.46,90.12,137.54,136.26,183.99,210.71,252.75,132.57,204.39,202.0,216.43,126.39,198.03,191.99,124.69,131.42,134.93,183.89,215.01,198.5,196.71,84.82,130.44,170.67,195.39,201.1,184.08,180.71,264.74,238.29,240.38,216.84,190.28,209.78,243.93,229.68,173.13,193.66,221.35,222.99,242.41,235.99,231.94,239.75,235.12,219.77,234.32,232.16,214.35,209.16,210.5,205.21,240.83,227.99,216.21,219.85,236.26,236.8,206.4,189.04,267.93,244.31,284.14,263.71,290.77,295.79,290.86,279.1,279.35,273.88,171.08,161.51,164.21,164.87,184.27,164.17,160.5,177.63,151.5,137.59,163.73,169.68,144.59,153.92,163.22,189.45,182.85,167.26,157.48,182.61,198.92,178.03,149.9,154.98,140.64,152.21,141.37,165.77,157.49,148.85,157.31,165.27,162.57,171.71,169.84,127.1,120.87,112.2,128.51,138.41,156.27,160.75,154.48,155.06,112.09,122.95,140.32,110.41,79.91,110.86,104.09,109.44,97.56,116.82,112.6,143.03,151.49,81.56,77.73,98.74,86.12,59.72,51.0,69.79,62.6,74.74,50.54,62.56,67.16,111.78,126.79,146.4,118.82,111.45,119.35,143.28,146.74,150.33,167.38,174.88,33.65,27.65,47.6,57.0,53.28,57.61,29.83,45.82,38.58,144.32,157.67,148.97,158.03,167.48,166.45,183.65,174.03,187.27,58.69,80.63,78.7,89.5,84.68,71.35,106.05,92.14,86.81,99.37,100.87,111.14,117.08,118.56,131.65,138.43,165.47,122.18,129.79,143.04,151.34,161.3,172.12,164.83,171.38,22.48,16.43,18.24,19.88,31.9,0.0,172.91
245.99,266.9,273.72,101.55,250.4,75.21,102.27,42.05,108.39,149.8,112.84,163.35,215.52,89.36,268.23,202.55,116.46,281.8,204.3,227.46,142.59,166.28,105.88,110.37,77.43,210.63,269.8,163.53,217.48,160.5,186.47,83.67,178.43,221.87,319.09,261.72,141.51,48.26,264.49,59.22,72.96,202.61,257.77,244.83,181.89,154.6,103.83,68.71,199.96,206.26,208.1,88.5,117.56,233.56,212.86,149.74,91.46,120.02,70.32,27.76,226.05,158.96,178.28,90.82,188.04,103.72,199.24,349.24,206.73,293.12,219.72,265.08,174.17,210.98,160.24,105.0,335.99,166.58,105.23,254.6,342.56,170.08,88.66,39.82,80.76,200.87,267.71,211.14,266.54,185.02,169.77,184.03,312.55,135.9,175.13,114.66,155.13,298.85,282.45,149.02,189.48,106.23,85.42,243.69,201.62,171.9,101.56,266.14,58.14,264.92,213.54,175.26,99.93,160.13,114.09,190.1,258.01,162.18,114.55,198.45,98.35,221.47,223.54,285.74,160.95,195.61,319.95,256.63,327.1,163.02,151.17,245.2,314.34,182.28,262.62,192.13,308.27,77.16,58.87,189.67,86.07,249.63,241.45,199.43,256.82,80.84,239.69,262.44,86.5,273.93,97.94,291.81,123.34,231.63,111.32,98.19,268.4,108.89,234.46,308.38,169.41,185.89,191.9,174.43,78.28,138.79,199.2,166.95,85.85,237.79,248.87,279.19,96.72,102.0,302.67,167.7,173.11,113.43,184.34,253.98,223.07,176.85,195.69,162.12,193.98,111.47,77.88,216.81,251.48,331.74,99.49,245.17,242.78,257.21,94.46,238.81,232.77,177.32,86.99,96.91,224.67,255.78,239.28,237.49,179.25,95.31,191.24,236.16,241.88,204.64,201.28,335.53,309.08,304.22,297.38,288.05,305.36,314.83,300.58,251.24,246.81,262.13,263.77,283.19,276.77,272.72,280.53,275.9,260.55,275.09,272.94,255.13,249.94,253.74,253.11,281.61,268.76,264.71,260.62,290.47,277.58,279.11,209.6,346.92,324.28,391.06,392.28,382.59,374.77,369.85,358.09,358.33,352.86,191.65,182.81,185.51,186.17,242.71,219.78,222.61,207.71,179.85,181.44,209.16,190.24,227.09,216.03,206.85,262.17,267.4,265.03,270.99,280.39,296.69,275.81,251.11,256.19,241.85,169.15,151.78,172.91,170.9,151.87,154.74,157.23,146.89,163.67,159.34,187.18,181.2,188.05,188.59,239.62,130.2,134.67,128.41,128.99,183.65,159.2,155.67,181.89,185.2,212.08,205.3,210.65,198.78,207.46,173.12,116.96,100.3,214.04,235.87,204.99,210.23,216.59,207.87,227.93,220.75,232.89,198.35,210.37,161.96,123.24,117.73,120.99,117.93,79.14,91.03,90.16,78.66,76.19,64.08,58.94,181.47,175.46,195.42,213.87,210.15,214.48,186.7,193.64,186.4,70.18,63.15,58.64,45.57,47.37,36.65,50.05,41.8,14.27,127.47,89.91,98.88,122.58,127.4,115.49,128.13,111.54,106.22,92.97,78.19,66.45,60.5,69.99,63.18,53.2,39.96,63.85,66.49,44.57,51.12,35.78,38.0,27.41,32.09,170.29,164.25,157.9,166.46,141.01,172.91,0.0
